side,hmm_state,vol_bucket,zscore,observations,tp,sl,rr,horizon,win_rate,expectancy_r,breakeven_wr,wr_edge_vs_breakeven,wr_ge_50,positive_expectancy,sufficient_sample,candidate,research_score
SHORT,1,20-40,3.5,130,15.0,10.0,1.5,60,0.4769230769230769,0.19230769230769218,0.4,0.07692307692307687,False,True,True,False,0.31730769230769224
SHORT,1,20-40,3.5,130,15.0,10.0,1.5,120,0.4769230769230769,0.19230769230769218,0.4,0.07692307692307687,False,True,True,False,0.31730769230769224
SHORT,1,20-40,3.5,130,15.0,10.0,1.5,30,0.4615384615384615,0.15384615384615374,0.4,0.061538461538461486,False,True,True,False,0.29384615384615376
SHORT,0,20-40,3.0,175,20.0,10.0,2.0,60,0.4057142857142857,0.21714285714285708,0.3333333333333333,0.07238095238095238,False,True,True,False,0.28971428571428565
SHORT,0,20-40,3.0,175,20.0,10.0,2.0,120,0.4057142857142857,0.21714285714285708,0.3333333333333333,0.07238095238095238,False,True,True,False,0.28971428571428565
SHORT,1,20-40,3.5,130,15.0,10.0,1.5,10,0.4538461538461538,0.13461538461538447,0.4,0.053846153846153766,False,True,True,False,0.28211538461538455
SHORT,1,20-40,3.5,130,15.0,10.0,1.5,20,0.4538461538461538,0.13461538461538447,0.4,0.053846153846153766,False,True,True,False,0.28211538461538455
SHORT,0,20-40,3.0,175,20.0,10.0,2.0,30,0.4,0.20000000000000007,0.3333333333333333,0.06666666666666671,False,True,True,False,0.28
LONG,2,60-80,3.5,101,20.0,10.0,2.0,120,0.396039603960396,0.18811881188118795,0.3333333333333333,0.06270627062706269,False,True,True,False,0.2732673267326732
SHORT,0,20-40,3.0,175,30.0,15.0,2.0,120,0.3942857142857143,0.18285714285714294,0.3333333333333333,0.06095238095238098,False,True,True,False,0.27028571428571435
SHORT,0,20-40,3.0,175,15.0,10.0,1.5,120,0.4457142857142857,0.11428571428571421,0.4,0.04571428571428565,False,True,True,False,0.26971428571428563
LONG,2,60-80,3.5,101,15.0,10.0,1.5,120,0.4455445544554455,0.11386138613861374,0.4,0.045544554455445474,False,True,True,False,0.26945544554455436
SHORT,1,20-40,3.5,130,20.0,10.0,2.0,120,0.3923076923076923,0.17692307692307685,0.3333333333333333,0.05897435897435899,False,True,True,False,0.2669230769230769
SHORT,0,20-40,3.0,175,15.0,10.0,1.5,60,0.44,0.09999999999999998,0.4,0.03999999999999998,False,True,True,False,0.261
LONG,1,20-40,3.0,359,15.0,10.0,1.5,120,0.4373259052924791,0.0933147632311978,0.4,0.03732590529247909,False,True,True,False,0.2569220055710306
LONG,2,60-80,3.5,101,20.0,10.0,2.0,60,0.3861386138613861,0.15841584158415822,0.3333333333333333,0.05280528052805278,False,True,True,False,0.25643564356435633
LONG,2,60-80,3.5,101,15.0,10.0,1.5,20,0.4356435643564356,0.08910891089108897,0.4,0.035643564356435564,False,True,True,False,0.25435643564356425
LONG,2,60-80,3.5,101,15.0,10.0,1.5,30,0.4356435643564356,0.08910891089108897,0.4,0.035643564356435564,False,True,True,False,0.25435643564356425
LONG,2,60-80,3.5,101,15.0,10.0,1.5,60,0.4356435643564356,0.08910891089108897,0.4,0.035643564356435564,False,True,True,False,0.25435643564356425
SHORT,1,20-40,3.5,130,30.0,15.0,2.0,30,0.3846153846153846,0.15384615384615374,0.3333333333333333,0.051282051282051266,False,True,True,False,0.2538461538461538
SHORT,1,20-40,3.5,130,30.0,15.0,2.0,60,0.3846153846153846,0.15384615384615374,0.3333333333333333,0.051282051282051266,False,True,True,False,0.2538461538461538
SHORT,1,20-40,3.5,130,30.0,15.0,2.0,120,0.3846153846153846,0.15384615384615374,0.3333333333333333,0.051282051282051266,False,True,True,False,0.2538461538461538
LONG,1,20-40,3.0,359,30.0,15.0,2.0,120,0.3844011142061281,0.1532033426183843,0.3333333333333333,0.05106778087279479,False,True,True,False,0.2534818941504178
LONG,1,20-40,3.0,359,15.0,10.0,1.5,60,0.4345403899721448,0.08635097493036192,0.4,0.03454038997214476,False,True,True,False,0.2526740947075208
SHORT,0,20-40,3.0,175,15.0,10.0,1.5,30,0.4342857142857143,0.08571428571428574,0.4,0.03428571428571425,False,True,True,False,0.2522857142857143
LONG,0,80-100,2.5,922,30.0,15.0,2.0,120,0.3817787418655097,0.14533622559652903,0.3333333333333333,0.04844540853217638,False,True,True,False,0.24902386117136646
LONG,1,20-40,3.0,359,20.0,10.0,2.0,120,0.3816155988857939,0.14484679665738165,0.3333333333333333,0.04828226555246057,False,True,True,False,0.2487465181058496
SHORT,0,20-40,3.0,175,15.0,10.0,1.5,20,0.4285714285714285,0.07142857142857129,0.4,0.02857142857142847,False,True,True,False,0.24357142857142847
SHORT,0,20-40,3.0,175,30.0,15.0,2.0,60,0.3771428571428571,0.13142857142857134,0.3333333333333333,0.0438095238095238,False,True,True,False,0.24114285714285708
SHORT,1,20-40,3.5,130,30.0,15.0,2.0,20,0.3769230769230769,0.13076923076923075,0.3333333333333333,0.0435897435897436,False,True,True,False,0.24076923076923076
SHORT,1,20-40,3.5,130,20.0,10.0,2.0,60,0.3769230769230769,0.13076923076923075,0.3333333333333333,0.0435897435897436,False,True,True,False,0.24076923076923076
LONG,2,60-80,3.5,101,20.0,10.0,2.0,30,0.3762376237623762,0.1287128712871285,0.3333333333333333,0.04290429042904287,False,True,True,False,0.2396039603960395
LONG,1,20-40,3.0,359,20.0,10.0,2.0,60,0.3760445682451253,0.12813370473537578,0.3333333333333333,0.04271123491179196,False,True,True,False,0.23927576601671297
LONG,1,20-40,3.0,359,30.0,15.0,2.0,60,0.3760445682451253,0.12813370473537578,0.3333333333333333,0.04271123491179196,False,True,True,False,0.23927576601671297
SHORT,2,80-100,2.0,2189,15.0,10.0,1.5,120,0.4243947007766103,0.060986751941525696,0.4,0.024394700776610267,False,True,True,False,0.23720191868433066
LONG,1,20-40,3.5,118,15.0,10.0,1.5,60,0.423728813559322,0.05932203389830504,0.4,0.023728813559321993,False,True,True,False,0.23618644067796607
LONG,1,20-40,3.5,118,15.0,10.0,1.5,120,0.423728813559322,0.05932203389830504,0.4,0.023728813559321993,False,True,True,False,0.23618644067796607
LONG,1,20-40,3.0,359,15.0,10.0,1.5,30,0.4233983286908078,0.058495821727019504,0.4,0.023398328690807768,False,True,True,False,0.2356824512534819
LONG,0,40-60,2.0,3057,15.0,10.0,1.5,120,0.4226365718024206,0.05659142950605145,0.4,0.02263657180242057,False,True,True,False,0.23452077199869137
LONG,1,20-40,3.5,118,20.0,10.0,2.0,120,0.3728813559322034,0.11864406779661019,0.3333333333333333,0.03954802259887008,False,True,True,False,0.2338983050847458
LONG,1,20-40,3.0,359,15.0,10.0,1.5,20,0.4206128133704735,0.05153203342618384,0.4,0.020612813370473493,False,True,True,False,0.2314345403899721
LONG,1,20-40,2.5,946,30.0,15.0,2.0,120,0.3710359408033826,0.11310782241014772,0.3333333333333333,0.037702607470049276,False,True,True,False,0.2307610993657504
LONG,1,20-40,3.0,359,20.0,10.0,2.0,30,0.3704735376044568,0.11142061281337035,0.3333333333333333,0.03714020427112347,False,True,True,False,0.22980501392757655
SHORT,1,20-40,3.5,130,20.0,10.0,2.0,20,0.3692307692307692,0.10769230769230764,0.3333333333333333,0.03589743589743588,False,True,True,False,0.22769230769230764
SHORT,1,20-40,3.5,130,20.0,10.0,2.0,30,0.3692307692307692,0.10769230769230764,0.3333333333333333,0.03589743589743588,False,True,True,False,0.22769230769230764
LONG,0,20-40,3.0,236,30.0,15.0,2.0,120,0.3686440677966102,0.10593220338983056,0.3333333333333333,0.03531073446327687,False,True,True,False,0.22669491525423732
LONG,0,40-60,2.0,3057,15.0,10.0,1.5,60,0.4164213280994439,0.04105332024860975,0.4,0.016421328099443855,False,True,True,False,0.22504252535165192
LONG,2,0-20,3.5,233,15.0,10.0,1.5,120,0.4163090128755364,0.040772532188841026,0.4,0.016309012875536377,False,True,True,False,0.22487124463519303
LONG,0,80-100,2.5,922,30.0,15.0,2.0,60,0.3665943600867679,0.09978308026030358,0.3333333333333333,0.033261026753434564,False,True,True,False,0.2232104121475054
LONG,0,20-40,2.0,3191,15.0,10.0,1.5,120,0.4146035725477907,0.03650893136947675,0.4,0.014603572547790655,False,True,True,False,0.2222704481353808
SHORT,0,20-40,3.0,175,20.0,10.0,2.0,20,0.3657142857142857,0.09714285714285709,0.3333333333333333,0.0323809523809524,False,True,True,False,0.2217142857142857
SHORT,2,80-100,2.0,2189,5.0,5.0,1.0,60,0.4787574234810415,-0.042485153037917056,0.5,-0.0212425765189585,False,False,True,False,0.221322521699406
SHORT,2,80-100,2.0,2189,5.0,5.0,1.0,120,0.4787574234810415,-0.042485153037917056,0.5,-0.0212425765189585,False,False,True,False,0.221322521699406
LONG,1,80-100,4.0,104,15.0,10.0,1.5,20,0.4134615384615384,0.03365384615384592,0.4,0.013461538461538358,False,True,True,False,0.22052884615384602
LONG,1,80-100,4.0,104,15.0,10.0,1.5,30,0.4134615384615384,0.03365384615384592,0.4,0.013461538461538358,False,True,True,False,0.22052884615384602
LONG,1,80-100,4.0,104,15.0,10.0,1.5,60,0.4134615384615384,0.03365384615384592,0.4,0.013461538461538358,False,True,True,False,0.22052884615384602
LONG,1,80-100,4.0,104,15.0,10.0,1.5,120,0.4134615384615384,0.03365384615384592,0.4,0.013461538461538358,False,True,True,False,0.22052884615384602
LONG,1,20-40,2.5,946,15.0,10.0,1.5,120,0.4133192389006342,0.0332980972515855,0.4,0.01331923890063419,False,True,True,False,0.22031183932346718
LONG,1,20-40,3.5,118,20.0,10.0,2.0,60,0.3644067796610169,0.09322033898305071,0.3333333333333333,0.031073446327683607,False,True,True,False,0.21949152542372877
LONG,1,20-40,2.5,946,15.0,10.0,1.5,60,0.4122621564482029,0.030655391120507303,0.4,0.012262156448202888,False,True,True,False,0.21869978858350944
LONG,2,0-20,3.5,233,15.0,10.0,1.5,60,0.4120171673819742,0.030042918454935452,0.4,0.01201716738197417,False,True,True,False,0.21832618025751063
LONG,1,20-40,2.5,946,30.0,15.0,2.0,60,0.3625792811839323,0.08773784355179692,0.3333333333333333,0.029245947850598975,False,True,True,False,0.2163847780126849
LONG,0,80-100,2.5,922,20.0,10.0,2.0,120,0.3622559652928416,0.08676789587852485,0.3333333333333333,0.028922631959508283,False,True,True,False,0.21583514099783074
LONG,0,40-60,2.5,792,15.0,10.0,1.5,120,0.4103535353535353,0.02588383838383823,0.4,0.010353535353535281,False,True,True,False,0.21578914141414135
SHORT,2,80-100,2.0,2189,5.0,5.0,1.0,30,0.4746459570580174,-0.05070808588396525,0.5,-0.025354042941982624,False,False,True,False,0.21577204202832345
LONG,1,20-40,3.0,359,20.0,10.0,2.0,20,0.362116991643454,0.08635097493036203,0.3333333333333333,0.028783658310120697,False,True,True,False,0.21559888579387182
SHORT,0,80-100,2.0,3644,5.0,5.0,1.0,60,0.4728320526893523,-0.054335894621295344,0.5,-0.0271679473106477,False,False,True,False,0.21332327113062563
SHORT,0,80-100,2.0,3644,5.0,5.0,1.0,120,0.4728320526893523,-0.054335894621295344,0.5,-0.0271679473106477,False,False,True,False,0.21332327113062563
LONG,0,20-40,2.0,3191,15.0,10.0,1.5,60,0.4086493262300219,0.021623315575054813,0.4,0.008649326230021903,False,True,True,False,0.21319022250078343
LONG,1,20-40,2.5,946,20.0,10.0,2.0,120,0.3604651162790697,0.08139534883720911,0.3333333333333333,0.02713178294573637,False,True,True,False,0.2127906976744185
SHORT,2,80-100,2.0,2189,20.0,10.0,2.0,120,0.3604385564184559,0.0813156692553677,0.3333333333333333,0.027105223085122587,False,True,True,False,0.21274554591137504
LONG,0,20-40,2.5,877,20.0,10.0,2.0,120,0.3603192702394527,0.08095781071835806,0.3333333333333333,0.02698593690611939,False,True,True,False,0.2125427594070696
LONG,0,20-40,2.5,877,15.0,10.0,1.5,120,0.4082098061573546,0.02052451539338651,0.4,0.00820980615735456,False,True,True,False,0.21251995438996574
LONG,0,20-40,3.0,236,20.0,10.0,2.0,120,0.3601694915254237,0.08050847457627108,0.3333333333333333,0.026836158192090398,False,True,True,False,0.2122881355932203
SHORT,0,80-100,2.0,3644,5.0,5.0,1.0,30,0.4720087815587266,-0.05598243688254678,0.5,-0.02799121844127339,False,False,True,False,0.21221185510428092
SHORT,2,80-100,2.0,2189,5.0,5.0,1.0,20,0.4719049794426679,-0.056190041114664135,0.5,-0.028095020557332095,False,False,True,False,0.21207172224760168
SHORT,0,40-60,3.0,179,15.0,10.0,1.5,120,0.4078212290502793,0.019553072625698165,0.4,0.007821229050279266,False,True,True,False,0.21192737430167588
LONG,1,20-40,2.0,2573,15.0,10.0,1.5,120,0.4076952973183055,0.019238243295763735,0.4,0.007695297318305483,False,True,True,False,0.2117353284104159
LONG,0,40-60,2.0,3057,15.0,10.0,1.5,30,0.4075891396794243,0.018972849198560682,0.4,0.007589139679424262,False,True,True,False,0.21157343801112202
LONG,0,20-40,1.5,8519,15.0,10.0,1.5,120,0.4075595727198028,0.01889893179950708,0.4,0.007559572719802787,False,True,True,False,0.2115283483976993
LONG,1,20-40,2.0,2573,15.0,10.0,1.5,60,0.407306645938593,0.01826661484648251,0.4,0.007306645938592982,False,True,True,False,0.21114263505635433
SHORT,0,80-100,2.0,3644,5.0,5.0,1.0,20,0.471185510428101,-0.057628979143798054,0.5,-0.028814489571899027,False,False,True,False,0.2111004390779363
LONG,0,80-100,3.0,256,30.0,15.0,2.0,120,0.359375,0.078125,0.3333333333333333,0.026041666666666685,False,True,True,False,0.2109375
LONG,0,40-60,3.0,199,15.0,10.0,1.5,120,0.4070351758793969,0.01758793969849226,0.4,0.007035175879396893,False,True,True,False,0.21072864321608029
LONG,1,20-40,3.5,118,15.0,10.0,1.5,30,0.4067796610169492,0.016949152542372947,0.4,0.006779661016949157,False,True,True,False,0.2103389830508475
LONG,1,20-40,3.0,359,15.0,10.0,1.5,10,0.4066852367688022,0.01671309192200543,0.4,0.006685236768802172,False,True,True,False,0.21019498607242332
SHORT,2,80-100,2.0,2189,15.0,10.0,1.5,60,0.4065783462768387,0.016445865692096717,0.4,0.006578346276838676,False,True,True,False,0.21003197807217902
LONG,1,20-40,2.5,946,20.0,10.0,2.0,60,0.3583509513742072,0.07505285412262153,0.3333333333333333,0.02501761804087388,False,True,True,False,0.2091966173361522
LONG,1,20-40,2.5,946,15.0,10.0,1.5,30,0.4059196617336152,0.014799154334038,0.4,0.005919661733615189,False,True,True,False,0.2090274841437632
SHORT,2,80-100,3.0,218,20.0,10.0,2.0,60,0.3577981651376147,0.07339449541284415,0.3333333333333333,0.024464831804281384,False,True,True,False,0.208256880733945
SHORT,2,80-100,3.0,218,20.0,10.0,2.0,120,0.3577981651376147,0.07339449541284415,0.3333333333333333,0.024464831804281384,False,True,True,False,0.208256880733945
SHORT,0,20-40,1.5,10677,5.0,5.0,1.0,120,0.4688582935281446,-0.0622834129437107,0.5,-0.03114170647185538,False,False,True,False,0.20795869626299526
SHORT,0,20-40,1.5,10677,5.0,5.0,1.0,60,0.4684836564578065,-0.06303268708438697,0.5,-0.031516343542193515,False,False,True,False,0.20745293621803879
LONG,0,60-80,2.0,3715,15.0,10.0,1.5,120,0.4048452220726783,0.012113055181695809,0.4,0.00484522207267829,False,True,True,False,0.20738896366083442
LONG,0,20-40,2.5,877,15.0,10.0,1.5,60,0.4047890535917902,0.011972633979475455,0.4,0.00478905359179016,False,True,True,False,0.20730330672748
LONG,2,60-80,2.0,2483,15.0,10.0,1.5,120,0.4043495771244462,0.010873942811115422,0.4,0.004349577124446169,False,True,True,False,0.20663310511478042
LONG,0,80-100,2.5,922,20.0,10.0,2.0,60,0.3568329718004338,0.07049891540130127,0.3333333333333333,0.02349963846710046,False,True,True,False,0.2066160520607374
LONG,0,40-60,3.0,199,30.0,15.0,2.0,120,0.3567839195979899,0.0703517587939696,0.3333333333333333,0.02345058626465657,False,True,True,False,0.20653266331658277
SHORT,2,80-100,2.5,730,15.0,10.0,1.5,120,0.4041095890410959,0.010273972602739767,0.4,0.0041095890410958735,False,True,True,False,0.20626712328767124
LONG,1,80-100,4.0,104,15.0,10.0,1.5,10,0.4038461538461538,0.00961538461538447,0.4,0.003846153846153777,False,True,True,False,0.20586538461538453
LONG,0,60-80,1.5,9666,15.0,10.0,1.5,120,0.4037864680322781,0.009466170080695169,0.4,0.0037864680322780564,False,True,True,False,0.20577436374922406
LONG,1,80-100,3.5,213,15.0,10.0,1.5,60,0.4037558685446009,0.00938967136150215,0.4,0.00375586854460086,False,True,True,False,0.2057276995305163
LONG,1,80-100,3.5,213,15.0,10.0,1.5,120,0.4037558685446009,0.00938967136150215,0.4,0.00375586854460086,False,True,True,False,0.2057276995305163
LONG,0,80-100,2.5,922,15.0,10.0,1.5,120,0.403470715835141,0.008676789587852451,0.4,0.0034707158351409695,False,True,True,False,0.20529284164859002
LONG,0,20-40,3.0,236,10.0,5.0,2.0,60,0.3559322033898305,0.06779661016949146,0.3333333333333333,0.02259887005649719,False,True,True,False,0.20508474576271185
LONG,0,20-40,3.0,236,10.0,5.0,2.0,120,0.3559322033898305,0.06779661016949146,0.3333333333333333,0.02259887005649719,False,True,True,False,0.20508474576271185
LONG,1,20-40,2.0,2573,30.0,15.0,2.0,120,0.3556160124368441,0.06684803731053235,0.3333333333333333,0.022282679103510783,False,True,True,False,0.204547221142635
SHORT,0,80-100,1.5,10840,5.0,5.0,1.0,120,0.4662361623616236,-0.06752767527675285,0.5,-0.033763837638376426,False,False,True,False,0.20441881918819182
SHORT,2,80-100,1.5,4737,15.0,10.0,1.5,120,0.4027865737808739,0.006966434452184811,0.4,0.00278657378087388,False,True,True,False,0.2042495250158327
LONG,0,40-60,2.5,792,15.0,10.0,1.5,60,0.4027777777777778,0.006944444444444531,0.4,0.002777777777777768,False,True,True,False,0.20423611111111115
LONG,0,20-40,2.0,3191,20.0,10.0,2.0,120,0.3553744907552491,0.06612347226574722,0.3333333333333333,0.022041157421915758,False,True,True,False,0.20413663428392342
SHORT,0,80-100,1.5,10840,5.0,5.0,1.0,60,0.4658671586715867,-0.06826568265682664,0.5,-0.03413284132841332,False,False,True,False,0.203920664206642
SHORT,0,80-100,2.0,3644,5.0,5.0,1.0,10,0.4656970362239298,-0.06860592755214046,0.5,-0.03430296377607023,False,False,True,False,0.2036909989023052
SHORT,0,40-60,3.0,179,15.0,10.0,1.5,60,0.4022346368715084,0.005586592178770999,0.4,0.0022346368715083775,False,True,True,False,0.2034078212290503
SHORT,0,0-20,1.5,13687,5.0,5.0,1.0,120,0.4653320669248191,-0.0693358661503618,0.5,-0.0346679330751809,False,False,True,False,0.20319829034850578
LONG,0,20-40,1.5,8519,15.0,10.0,1.5,60,0.4019251085808193,0.004812771452048281,0.4,0.0019251085808192903,False,True,True,False,0.20293579058574945
SHORT,0,80-100,1.5,10840,5.0,5.0,1.0,30,0.4651291512915129,-0.06974169741697422,0.5,-0.03487084870848711,False,False,True,False,0.20292435424354238
SHORT,0,20-40,1.5,10677,5.0,5.0,1.0,30,0.4651119228247635,-0.06977615435047296,0.5,-0.03488807717523651,False,False,True,False,0.20290109581343074
LONG,0,40-60,1.5,8453,15.0,10.0,1.5,120,0.4018691588785046,0.004672897196261516,0.4,0.0018691588785045843,False,True,True,False,0.2028504672897195
LONG,1,20-40,1.5,5554,30.0,15.0,2.0,120,0.3543392149801944,0.06301764494058315,0.3333333333333333,0.02100588164686107,False,True,True,False,0.20237666546633046
SHORT,0,20-40,3.0,175,10.0,5.0,2.0,120,0.3542857142857142,0.06285714285714261,0.3333333333333333,0.02095238095238089,False,True,True,False,0.20228571428571415
SHORT,2,80-100,1.5,4737,5.0,5.0,1.0,120,0.4646400675533038,-0.07071986489339244,0.5,-0.03535993244669622,False,False,True,False,0.20226409119696012
LONG,1,0-20,3.5,172,15.0,10.0,1.5,60,0.4011627906976744,0.0029069767441860517,0.4,0.0011627906976743874,False,True,True,False,0.2017732558139535
LONG,1,0-20,3.5,172,15.0,10.0,1.5,120,0.4011627906976744,0.0029069767441860517,0.4,0.0011627906976743874,False,True,True,False,0.2017732558139535
SHORT,1,20-40,3.5,130,20.0,10.0,2.0,10,0.3538461538461538,0.06153846153846143,0.3333333333333333,0.020512820512820495,False,True,True,False,0.2015384615384615
LONG,0,20-40,2.5,877,20.0,10.0,2.0,60,0.3534777651083238,0.06043329532497144,0.3333333333333333,0.02014443177499048,False,True,True,False,0.20091220068415047
SHORT,2,80-100,1.5,4737,5.0,5.0,1.0,60,0.4635845471817606,-0.07283090563647882,0.5,-0.03641545281823938,False,False,True,False,0.2008391386953768
LONG,1,20-40,1.5,5554,15.0,10.0,1.5,120,0.4004321209938782,0.0010803024846954834,0.4,0.00043212099387818226,False,True,True,False,0.20065898451566427
LONG,1,20-40,2.0,2573,15.0,10.0,1.5,30,0.4003109211037699,0.0007773027594247806,0.4,0.0003109211037699011,False,True,True,False,0.20047415468324914
LONG,1,20-40,1.5,5554,15.0,10.0,1.5,60,0.4002520705797623,0.0006301764494057727,0.4,0.00025207057976228686,False,True,True,False,0.2003844076341375
SHORT,0,20-40,2.5,784,5.0,5.0,1.0,60,0.4630102040816326,-0.07397959183673475,0.5,-0.036989795918367374,False,False,True,False,0.20006377551020404
SHORT,0,20-40,2.5,784,5.0,5.0,1.0,120,0.4630102040816326,-0.07397959183673475,0.5,-0.036989795918367374,False,False,True,False,0.20006377551020404
SHORT,0,0-20,1.5,13687,5.0,5.0,1.0,60,0.4625557097976182,-0.07488858040476365,0.5,-0.037444290202381825,False,False,True,False,0.19945020822678455
SHORT,0,80-100,1.5,10840,5.0,5.0,1.0,20,0.4625461254612546,-0.07490774907749076,0.5,-0.03745387453874538,False,False,True,False,0.19943726937269374
LONG,0,80-100,2.0,3477,30.0,15.0,2.0,120,0.3526028185217141,0.05780845556514225,0.3333333333333333,0.019269485188380786,False,True,True,False,0.19942479148691397
LONG,0,0-20,2.0,4136,5.0,5.0,1.0,120,0.4625241779497098,-0.07495164410058042,0.5,-0.03747582205029021,False,False,True,False,0.19940764023210822
SHORT,2,40-60,1.5,4669,15.0,10.0,1.5,120,0.3994431355750696,-0.0013921610623259806,0.4,-0.0005568644249304144,False,False,True,False,0.19915078175198114
LONG,0,80-100,2.5,922,15.0,10.0,1.5,60,0.3991323210412147,-0.002169197396963196,0.4,-0.0008676789587853118,False,False,True,False,0.19867678958785245
SHORT,2,80-100,3.0,218,15.0,10.0,1.5,120,0.3990825688073394,-0.002293577981651529,0.4,-0.0009174311926606338,False,False,True,False,0.19860091743119257
LONG,1,80-100,3.5,213,15.0,10.0,1.5,20,0.3990610328638497,-0.0023474178403757318,0.4,-0.000938967136150326,False,False,True,False,0.1985680751173708
LONG,1,80-100,3.5,213,15.0,10.0,1.5,30,0.3990610328638497,-0.0023474178403757318,0.4,-0.000938967136150326,False,False,True,False,0.1985680751173708
LONG,0,80-100,1.5,9442,15.0,10.0,1.5,120,0.3989620843041728,-0.0025947892395680183,0.4,-0.0010379156958272295,False,False,True,False,0.1984171785638635
LONG,0,40-60,3.0,199,20.0,10.0,2.0,120,0.3517587939698492,0.055276381909547645,0.3333333333333333,0.0184254606365159,False,True,True,False,0.19798994974874365
LONG,0,60-80,2.0,3715,15.0,10.0,1.5,60,0.3986541049798116,-0.003364737550471064,0.4,-0.0013458950201884479,False,False,True,False,0.19794751009421263
LONG,0,0-20,2.0,4136,5.0,5.0,1.0,60,0.4613152804642166,-0.07736943907156674,0.5,-0.038684719535783396,False,False,True,False,0.19777562862669246
SHORT,0,20-40,1.5,10677,5.0,5.0,1.0,20,0.4611782335862133,-0.07764353282757336,0.5,-0.03882176641378671,False,False,True,False,0.19759061534138797
SHORT,0,0-20,1.5,13687,15.0,10.0,1.5,120,0.3983341857236794,-0.004164535690801441,0.4,-0.0016658142763206207,False,False,True,False,0.1974596332286111
LONG,0,20-40,3.0,236,15.0,10.0,1.5,120,0.3983050847457627,-0.004237288135593209,0.4,-0.001694915254237317,False,False,True,False,0.19741525423728815
LONG,1,20-40,3.5,118,15.0,10.0,1.5,20,0.3983050847457627,-0.004237288135593209,0.4,-0.001694915254237317,False,False,True,False,0.19741525423728815
LONG,1,0-20,3.0,452,15.0,10.0,1.5,60,0.3982300884955752,-0.004424778761062065,0.4,-0.0017699115044248481,False,False,True,False,0.19730088495575213
LONG,1,0-20,3.0,452,15.0,10.0,1.5,120,0.3982300884955752,-0.004424778761062065,0.4,-0.0017699115044248481,False,False,True,False,0.19730088495575213
SHORT,2,80-100,1.5,4737,5.0,5.0,1.0,30,0.4608401942157483,-0.07831961156850342,0.5,-0.03915980578425171,False,False,True,False,0.1971342621912602
LONG,0,0-20,2.5,1085,5.0,5.0,1.0,120,0.4608294930875576,-0.07834101382488479,0.5,-0.03917050691244239,False,False,True,False,0.19711981566820277
LONG,1,40-60,1.5,5617,15.0,10.0,1.5,120,0.3980772654441873,-0.004806836389531721,0.4,-0.0019227345558127107,False,False,True,False,0.19706782980238563
LONG,1,40-60,2.0,2570,15.0,10.0,1.5,120,0.3980544747081712,-0.004863813229572078,0.4,-0.0019455252918288424,False,False,True,False,0.19703307392996106
SHORT,0,20-40,2.5,784,15.0,10.0,1.5,120,0.3979591836734694,-0.005102040816326592,0.4,-0.0020408163265306367,False,False,True,False,0.1968877551020408
LONG,0,80-100,1.5,9442,30.0,15.0,2.0,120,0.3510908705782673,0.05327261173480202,0.3333333333333333,0.017757537244934007,False,True,True,False,0.19685447998305447
LONG,1,80-100,2.0,3899,15.0,10.0,1.5,120,0.3977943062323673,-0.0055142344190818315,0.4,-0.0022056937676327437,False,False,True,False,0.1966363170043601
LONG,0,40-60,2.5,792,15.0,10.0,1.5,30,0.3977272727272727,-0.005681818181818232,0.4,-0.002272727272727315,False,False,True,False,0.19653409090909088
LONG,2,0-20,1.5,7797,15.0,10.0,1.5,120,0.3977170706682057,-0.005707323329485647,0.4,-0.0022829293317943034,False,False,True,False,0.19651853276901374
LONG,0,60-80,1.5,9666,15.0,10.0,1.5,60,0.3975791433891992,-0.006052141527001953,0.4,-0.0024208566108008256,False,False,True,False,0.19630819366852878
LONG,2,20-40,3.0,348,30.0,15.0,2.0,120,0.3505747126436782,0.051724137931034586,0.3333333333333333,0.017241379310344862,False,True,True,False,0.19597701149425292
LONG,0,0-20,2.5,1085,5.0,5.0,1.0,60,0.4599078341013825,-0.08018433179723505,0.5,-0.04009216589861753,False,False,True,False,0.19587557603686634
LONG,0,80-100,1.5,9442,15.0,10.0,1.5,60,0.3972675280660876,-0.006831179834780987,0.4,-0.002732471933912406,False,False,True,False,0.1958329803007836
LONG,0,40-60,1.5,8453,15.0,10.0,1.5,60,0.3971371110848219,-0.007157222287945242,0.4,-0.002862888915178108,False,False,True,False,0.19563409440435342
LONG,1,80-100,2.0,3899,15.0,10.0,1.5,60,0.3970248781738907,-0.0074378045652732094,0.4,-0.002975121826109317,False,False,True,False,0.19546293921518335
LONG,1,20-40,2.0,2573,20.0,10.0,2.0,120,0.3501748931208706,0.050524679362611735,0.3333333333333333,0.016841559787537264,False,True,True,False,0.19529731830548
SHORT,2,40-60,2.0,2119,15.0,10.0,1.5,120,0.3968853232656913,-0.007786691835771742,0.4,-0.003114676734308708,False,False,True,False,0.19525011798017924
LONG,1,40-60,1.5,5617,15.0,10.0,1.5,60,0.3968310486024568,-0.007922378493857907,0.4,-0.003168951397543196,False,False,True,False,0.19516734911874667
LONG,1,20-40,2.5,946,20.0,10.0,2.0,30,0.3498942917547569,0.04968287526427073,0.3333333333333333,0.016560958421423577,False,True,True,False,0.19482029598308676
LONG,1,40-60,2.0,2570,15.0,10.0,1.5,60,0.3964980544747081,-0.008754863813229763,0.4,-0.0035019455252919274,False,False,True,False,0.19465953307392983
LONG,1,20-40,2.5,946,15.0,10.0,1.5,20,0.3964059196617336,-0.008985200845666008,0.4,-0.0035940803382664144,False,False,True,False,0.19451902748414374
LONG,0,40-60,2.0,3057,15.0,10.0,1.5,20,0.3961400065423618,-0.009649983644095417,0.4,-0.003859993457638211,False,False,True,False,0.19411350997710178
LONG,2,60-80,3.5,101,15.0,10.0,1.5,10,0.396039603960396,-0.00990099009901002,0.4,-0.003960396039604019,False,False,True,False,0.1939603960396039
LONG,0,40-60,2.0,3057,20.0,10.0,2.0,120,0.3493621197252208,0.048086359175662396,0.3333333333333333,0.016028786391887484,False,True,True,False,0.19391560353287537
LONG,2,60-80,2.0,2483,15.0,10.0,1.5,60,0.3958920660491341,-0.010269834877164818,0.4,-0.00410793395086595,False,False,True,False,0.19373540072492945
LONG,2,0-20,2.5,1584,15.0,10.0,1.5,120,0.3958333333333333,-0.01041666666666674,0.4,-0.004166666666666707,False,False,True,False,0.1936458333333333
SHORT,0,0-20,2.0,4503,5.0,5.0,1.0,120,0.4581390184321563,-0.08372196313568736,0.5,-0.04186098156784368,False,False,True,False,0.19348767488341104
SHORT,1,20-40,3.0,273,15.0,10.0,1.5,60,0.3956043956043956,-0.010989010989011061,0.4,-0.0043956043956044355,False,False,True,False,0.19329670329670326
SHORT,1,20-40,3.0,273,15.0,10.0,1.5,120,0.3956043956043956,-0.010989010989011061,0.4,-0.0043956043956044355,False,False,True,False,0.19329670329670326
SHORT,2,20-40,3.0,341,30.0,15.0,2.0,120,0.3489736070381232,0.04692082111436957,0.3333333333333333,0.015640273704789875,False,True,True,False,0.19325513196480942
SHORT,2,80-100,1.5,4737,5.0,5.0,1.0,20,0.4578847371754275,-0.08423052564914496,0.5,-0.04211526282457251,False,False,True,False,0.19314439518682713
LONG,2,60-80,1.5,5060,15.0,10.0,1.5,120,0.3954545454545454,-0.011363636363636576,0.4,-0.00454545454545463,False,False,True,False,0.1930681818181817
LONG,2,40-60,1.5,5279,15.0,10.0,1.5,120,0.3953400265201742,-0.011649933699564463,0.4,-0.00465997347982583,False,False,True,False,0.19289354044326565
SHORT,0,20-40,3.0,175,30.0,15.0,2.0,30,0.3485714285714286,0.04571428571428571,0.3333333333333333,0.015238095238095273,False,True,True,False,0.19257142857142856
SHORT,0,20-40,3.0,175,10.0,5.0,2.0,60,0.3485714285714286,0.04571428571428571,0.3333333333333333,0.015238095238095273,False,True,True,False,0.19257142857142856
LONG,0,40-60,2.5,792,20.0,10.0,2.0,120,0.3484848484848485,0.045454545454545525,0.3333333333333333,0.015151515151515194,False,True,True,False,0.19242424242424247
SHORT,0,0-20,2.0,4503,15.0,10.0,1.5,120,0.39484787919165,-0.01288030202087509,0.4,-0.005152120808350036,False,False,True,False,0.1921430157672662
LONG,1,20-40,2.0,2573,20.0,10.0,2.0,60,0.3482316362223085,0.044694908666925603,0.3333333333333333,0.014898302888975201,False,True,True,False,0.19199378157792452
SHORT,2,80-100,3.0,218,15.0,10.0,1.5,60,0.3944954128440367,-0.013761467889908174,0.4,-0.005504587155963303,False,False,True,False,0.191605504587156
SHORT,1,20-40,3.0,273,30.0,15.0,2.0,120,0.3479853479853479,0.04395604395604369,0.3333333333333333,0.0146520146520146,False,True,True,False,0.19157509157509145
LONG,2,0-20,2.0,3836,15.0,10.0,1.5,120,0.3944212721584984,-0.01394681960375388,0.4,-0.005578727841501596,False,False,True,False,0.1914924400417101
SHORT,0,20-40,2.5,784,5.0,5.0,1.0,30,0.4566326530612244,-0.08673469387755123,0.5,-0.043367346938775586,False,False,True,False,0.19145408163265296
LONG,1,80-100,3.5,213,15.0,10.0,1.5,10,0.3943661971830985,-0.014084507042253724,0.4,-0.005633802816901512,False,False,True,False,0.1914084507042252
SHORT,0,80-100,1.5,10840,5.0,5.0,1.0,10,0.456549815498155,-0.08690036900369003,0.5,-0.04345018450184501,False,False,True,False,0.19134225092250923
SHORT,0,20-40,2.0,3371,5.0,5.0,1.0,120,0.456541085731237,-0.08691782853752605,0.5,-0.04345891426876303,False,False,True,False,0.1913304657371699
LONG,2,40-60,3.0,322,20.0,10.0,2.0,120,0.3478260869565217,0.04347826086956508,0.3333333333333333,0.01449275362318836,False,True,True,False,0.19130434782608685
LONG,2,40-60,3.5,138,20.0,10.0,2.0,120,0.3478260869565217,0.04347826086956508,0.3333333333333333,0.01449275362318836,False,True,True,False,0.19130434782608685
LONG,0,80-100,3.0,256,30.0,15.0,2.0,60,0.34765625,0.04296875,0.3333333333333333,0.014322916666666685,False,True,True,False,0.19101562500000002
SHORT,0,20-40,2.0,3371,5.0,5.0,1.0,60,0.4562444378522693,-0.08751112429546137,0.5,-0.04375556214773069,False,False,True,False,0.19092999110056358
LONG,0,20-40,3.0,236,10.0,5.0,2.0,30,0.3474576271186441,0.0423728813559322,0.3333333333333333,0.01412429378531077,False,True,True,False,0.1906779661016949
LONG,0,20-40,3.0,236,20.0,10.0,2.0,60,0.3474576271186441,0.0423728813559322,0.3333333333333333,0.01412429378531077,False,True,True,False,0.1906779661016949
LONG,1,20-40,3.5,118,20.0,10.0,2.0,30,0.3474576271186441,0.0423728813559322,0.3333333333333333,0.01412429378531077,False,True,True,False,0.1906779661016949
LONG,1,20-40,3.5,118,30.0,15.0,2.0,120,0.3474576271186441,0.0423728813559322,0.3333333333333333,0.01412429378531077,False,True,True,False,0.1906779661016949
LONG,0,60-80,2.0,3715,15.0,10.0,1.5,30,0.3938088829071332,-0.015477792732167095,0.4,-0.006191117092866849,False,False,True,False,0.19055854643337808
LONG,1,0-20,3.0,452,15.0,10.0,1.5,30,0.3938053097345133,-0.015486725663716783,0.4,-0.006194690265486746,False,False,True,False,0.19055309734513276
LONG,0,80-100,2.5,922,20.0,10.0,2.0,30,0.3470715835140998,0.041214750542299394,0.3333333333333333,0.013738250180766465,False,True,True,False,0.19002169197396965
SHORT,0,20-40,2.5,784,20.0,10.0,2.0,120,0.3469387755102041,0.04081632653061218,0.3333333333333333,0.013605442176870763,False,True,True,False,0.1897959183673469
SHORT,0,0-20,2.0,4503,5.0,5.0,1.0,60,0.4552520541860981,-0.08949589162780386,0.5,-0.0447479458139019,False,False,True,False,0.1895902731512324
LONG,1,80-100,3.0,547,15.0,10.0,1.5,60,0.3930530164533821,-0.017367458866544783,0.4,-0.006946983546617935,False,False,True,False,0.18940585009140767
LONG,1,80-100,3.0,547,15.0,10.0,1.5,120,0.3930530164533821,-0.017367458866544783,0.4,-0.006946983546617935,False,False,True,False,0.18940585009140767
LONG,0,20-40,2.5,877,30.0,15.0,2.0,120,0.346636259977195,0.03990877993158504,0.3333333333333333,0.013302926643861679,False,True,True,False,0.1892816419612315
LONG,1,80-100,2.0,3899,15.0,10.0,1.5,30,0.3929212618620159,-0.017696845344960188,0.4,-0.0070787381379840975,False,False,True,False,0.18920492433957428
LONG,2,60-80,3.5,101,20.0,10.0,2.0,20,0.3465346534653465,0.03960396039603953,0.3333333333333333,0.013201320132013195,False,True,True,False,0.18910891089108908
SHORT,0,20-40,2.5,784,15.0,10.0,1.5,60,0.3928571428571428,-0.017857142857143016,0.4,-0.0071428571428572285,False,False,True,False,0.18910714285714275
LONG,0,20-40,1.5,8519,5.0,5.0,1.0,120,0.4548655945533513,-0.09026881089329741,0.5,-0.04513440544664871,False,False,True,False,0.18906855264702424
SHORT,1,80-100,1.5,8389,15.0,10.0,1.5,120,0.3927762546191441,-0.018059363452139654,0.4,-0.007223745380855906,False,False,True,False,0.1889837882941948
SHORT,0,40-60,3.0,179,20.0,10.0,2.0,120,0.3463687150837989,0.03910614525139666,0.3333333333333333,0.013035381750465591,False,True,True,False,0.18882681564245812
LONG,1,20-40,2.0,2573,15.0,10.0,1.5,20,0.3925378935095219,-0.01865526622619529,0.4,-0.0074621064904781265,False,False,True,False,0.18862028760202088
LONG,0,20-40,1.5,8519,5.0,5.0,1.0,60,0.4542786712055405,-0.09144265758891906,0.5,-0.045721328794459504,False,False,True,False,0.18827620612747964
LONG,0,20-40,2.0,3191,15.0,10.0,1.5,30,0.3920401128172986,-0.019899717956753493,0.4,-0.007959887182701408,False,False,True,False,0.1878611720463804
LONG,0,40-60,1.5,8453,5.0,5.0,1.0,120,0.4539216846090145,-0.092156630781971,0.5,-0.0460783153909855,False,False,True,False,0.18779427422216957
LONG,2,20-40,1.5,5263,15.0,10.0,1.5,120,0.3919817594527836,-0.02004560136804112,0.4,-0.008018240547216449,False,False,True,False,0.18777218316549493
LONG,0,40-60,3.0,199,15.0,10.0,1.5,30,0.3919597989949748,-0.020100502512563012,0.4,-0.008040201005025227,False,False,True,False,0.18773869346733654
LONG,0,40-60,3.0,199,15.0,10.0,1.5,60,0.3919597989949748,-0.020100502512563012,0.4,-0.008040201005025227,False,False,True,False,0.18773869346733654
LONG,2,40-60,2.0,2572,15.0,10.0,1.5,120,0.3919129082426127,-0.02021772939346822,0.4,-0.00808709175738731,False,False,True,False,0.18766718506998437
LONG,0,0-20,1.5,11227,5.0,5.0,1.0,120,0.4537276209138683,-0.09254475817226337,0.5,-0.04627237908613169,False,False,True,False,0.18753228823372223
SHORT,0,0-20,1.5,13687,5.0,5.0,1.0,30,0.4536421421787097,-0.09271571564258063,0.5,-0.046357857821290316,False,False,True,False,0.18741689194125807
LONG,0,40-60,1.5,8453,5.0,5.0,1.0,60,0.4534484798296462,-0.0931030403407076,0.5,-0.0465515201703538,False,False,True,False,0.18715544777002235
SHORT,1,40-60,2.0,2038,15.0,10.0,1.5,120,0.3915603532875368,-0.021099116781157945,0.4,-0.008439646712463222,False,False,True,False,0.1871295387634936
SHORT,2,80-100,2.0,2189,10.0,5.0,2.0,120,0.3453631795340338,0.03608953860210129,0.3333333333333333,0.012029846200700467,False,True,True,False,0.1871174052078574
LONG,1,20-40,1.5,5554,20.0,10.0,2.0,120,0.3453366942743968,0.03601008282319029,0.3333333333333333,0.012003360941063468,False,True,True,False,0.1870723802664745
LONG,0,40-60,2.0,3057,5.0,5.0,1.0,60,0.4533856722276742,-0.0932286555446517,0.5,-0.046614327772325825,False,False,True,False,0.18707065750736013
LONG,0,40-60,2.0,3057,5.0,5.0,1.0,120,0.4533856722276742,-0.0932286555446517,0.5,-0.046614327772325825,False,False,True,False,0.18707065750736013
LONG,1,60-80,2.0,2744,15.0,10.0,1.5,60,0.391399416909621,-0.02150145772594747,0.4,-0.008600583090379033,False,False,True,False,0.18688411078717201
LONG,1,60-80,2.0,2744,15.0,10.0,1.5,120,0.391399416909621,-0.02150145772594747,0.4,-0.008600583090379033,False,False,True,False,0.18688411078717201
LONG,0,40-60,2.0,3057,5.0,5.0,1.0,30,0.4530585541380438,-0.09388289172391234,0.5,-0.0469414458619562,False,False,True,False,0.18662904808635916
LONG,1,80-100,3.0,547,15.0,10.0,1.5,30,0.3912248628884826,-0.021937842778793404,0.4,-0.008775137111517395,False,False,True,False,0.186617915904936
LONG,0,40-60,1.5,8453,5.0,5.0,1.0,30,0.452975275050278,-0.09404944989944397,0.5,-0.047024724949721985,False,False,True,False,0.1865166213178753
LONG,0,20-40,2.5,877,15.0,10.0,1.5,30,0.3911060433295324,-0.02223489167616899,0.4,-0.008893956670467607,False,False,True,False,0.18643671607753692
SHORT,0,40-60,3.0,179,15.0,10.0,1.5,20,0.3910614525139664,-0.022346368715083997,0.4,-0.008938547486033621,False,False,True,False,0.18636871508379876
SHORT,0,40-60,3.0,179,15.0,10.0,1.5,30,0.3910614525139664,-0.022346368715083997,0.4,-0.008938547486033621,False,False,True,False,0.18636871508379876
SHORT,0,20-40,2.5,784,5.0,5.0,1.0,20,0.4528061224489796,-0.09438775510204073,0.5,-0.04719387755102039,False,False,True,False,0.1862882653061225
LONG,2,40-60,3.0,322,30.0,15.0,2.0,120,0.3447204968944099,0.03416149068322982,0.3333333333333333,0.011387163561076608,False,True,True,False,0.1860248447204969
LONG,0,0-20,2.5,1085,5.0,5.0,1.0,30,0.4525345622119816,-0.0949308755760368,0.5,-0.04746543778801843,False,False,True,False,0.18592165898617513
SHORT,2,60-80,2.0,2499,15.0,10.0,1.5,120,0.3905562224889956,-0.023609443777511063,0.4,-0.009443777511004448,False,False,True,False,0.18559823929571825
SHORT,0,80-100,2.0,3644,15.0,10.0,1.5,120,0.3905049396267837,-0.02373765093304081,0.4,-0.009495060373216346,False,False,True,False,0.1855200329308451
LONG,0,20-40,2.0,3191,20.0,10.0,2.0,60,0.3444061422751489,0.03321842682544662,0.3333333333333333,0.01107280894181556,False,True,True,False,0.18549044186775307
LONG,0,80-100,2.5,922,15.0,10.0,1.5,30,0.3904555314533622,-0.02386117136659449,0.4,-0.009544468546637819,False,False,True,False,0.18544468546637735
SHORT,0,80-100,3.0,251,15.0,10.0,1.5,60,0.3904382470119522,-0.02390438247011961,0.4,-0.009561752988047845,False,False,True,False,0.18541832669322705
SHORT,0,80-100,3.0,251,15.0,10.0,1.5,120,0.3904382470119522,-0.02390438247011961,0.4,-0.009561752988047845,False,False,True,False,0.18541832669322705
LONG,0,0-20,2.0,4136,5.0,5.0,1.0,30,0.4521276595744681,-0.0957446808510638,0.5,-0.0478723404255319,False,False,True,False,0.18537234042553194
SHORT,2,60-80,1.5,5420,15.0,10.0,1.5,120,0.3904059040590406,-0.023985239852398532,0.4,-0.009594095940959446,False,False,True,False,0.1853690036900369
SHORT,1,20-40,3.0,273,30.0,15.0,2.0,60,0.3443223443223443,0.03296703296703296,0.3333333333333333,0.010989010989011005,False,True,True,False,0.18534798534798533
LONG,0,0-20,1.5,11227,5.0,5.0,1.0,60,0.4520352721118731,-0.09592945577625378,0.5,-0.04796472788812689,False,False,True,False,0.18524761735102868
LONG,2,20-40,2.5,1030,15.0,10.0,1.5,120,0.3902912621359223,-0.024271844660194275,0.4,-0.009708737864077721,False,False,True,False,0.1851941747572815
SHORT,0,20-40,2.0,3371,5.0,5.0,1.0,30,0.4517947196677543,-0.09641056066449138,0.5,-0.04820528033224569,False,False,True,False,0.18492287155146833
SHORT,1,40-60,1.5,5231,15.0,10.0,1.5,120,0.3899827948766966,-0.02504301280825849,0.4,-0.010017205123303397,False,False,True,False,0.18472376218696232
SHORT,1,0-20,3.5,157,20.0,10.0,2.0,60,0.3439490445859872,0.031847133757961554,0.3333333333333333,0.01061571125265387,False,True,True,False,0.18471337579617822
SHORT,1,0-20,3.5,157,20.0,10.0,2.0,120,0.3439490445859872,0.031847133757961554,0.3333333333333333,0.01061571125265387,False,True,True,False,0.18471337579617822
LONG,0,60-80,1.5,9666,15.0,10.0,1.5,30,0.3899234429960687,-0.02519139250982827,0.4,-0.010076557003931341,False,False,True,False,0.18463325056900476
SHORT,2,80-100,1.5,4737,20.0,10.0,2.0,120,0.343888537048765,0.03166561114629496,0.3333333333333333,0.010555203715431671,False,True,True,False,0.18461051298290046
LONG,0,40-60,1.5,8453,5.0,5.0,1.0,20,0.4515556607121732,-0.0968886785756537,0.5,-0.04844433928782682,False,False,True,False,0.18460014196143376
LONG,1,40-60,2.0,2570,15.0,10.0,1.5,30,0.3898832684824903,-0.02529182879377434,0.4,-0.010116731517509747,False,False,True,False,0.18457198443579767
LONG,0,20-40,3.0,236,15.0,10.0,1.5,60,0.3898305084745763,-0.025423728813559254,0.4,-0.010169491525423735,False,False,True,False,0.18449152542372885
SHORT,0,20-40,3.0,175,5.0,5.0,1.0,60,0.4514285714285714,-0.0971428571428572,0.5,-0.0485714285714286,False,False,True,False,0.1844285714285714
SHORT,0,20-40,3.0,175,5.0,5.0,1.0,120,0.4514285714285714,-0.0971428571428572,0.5,-0.0485714285714286,False,False,True,False,0.1844285714285714
LONG,0,40-60,2.0,3057,5.0,5.0,1.0,20,0.451422963689892,-0.09715407262021603,0.5,-0.04857703631010801,False,False,True,False,0.18442100098135417
LONG,1,20-40,1.5,5554,20.0,10.0,2.0,60,0.3437162405473533,0.03114872164205984,0.3333333333333333,0.010382907214019965,False,True,True,False,0.18431760893050056
LONG,1,20-40,1.5,5554,15.0,10.0,1.5,30,0.3896290961469211,-0.025927259632697264,0.4,-0.010370903853078928,False,False,True,False,0.18418437162405465
LONG,0,80-100,2.5,922,5.0,5.0,1.0,60,0.4511930585683297,-0.0976138828633406,0.5,-0.0488069414316703,False,False,True,False,0.1841106290672451
LONG,0,80-100,2.5,922,5.0,5.0,1.0,120,0.4511930585683297,-0.0976138828633406,0.5,-0.0488069414316703,False,False,True,False,0.1841106290672451
LONG,1,80-100,1.5,8900,15.0,10.0,1.5,120,0.3895505617977528,-0.026123595505617936,0.4,-0.010449438202247197,False,False,True,False,0.18406460674157304
LONG,1,0-20,3.5,172,15.0,10.0,1.5,30,0.3895348837209302,-0.026162790697674465,0.4,-0.01046511627906982,False,False,True,False,0.18404069767441858
LONG,0,0-20,2.0,4136,15.0,10.0,1.5,120,0.3895067698259187,-0.026233075435203257,0.4,-0.010493230174081325,False,False,True,False,0.183997823984526
LONG,1,40-60,2.5,990,30.0,15.0,2.0,120,0.3434343434343434,0.030303030303030276,0.3333333333333333,0.01010101010101011,False,True,True,False,0.18383838383838383
LONG,1,80-100,3.0,547,15.0,10.0,1.5,20,0.3893967093235831,-0.026508226691042247,0.4,-0.01060329067641691,False,False,True,False,0.18382998171846424
LONG,1,0-20,3.0,452,15.0,10.0,1.5,20,0.3893805309734513,-0.026548672566371723,0.4,-0.0106194690265487,False,False,True,False,0.18380530973451326
SHORT,1,80-100,1.5,8389,15.0,10.0,1.5,60,0.389319346763619,-0.026701633090952526,0.4,-0.01068065323638101,False,False,True,False,0.18371200381451896
LONG,1,60-80,2.0,2744,15.0,10.0,1.5,30,0.3892128279883382,-0.02696793002915454,0.4,-0.01078717201166185,False,False,True,False,0.18354956268221573
LONG,1,40-60,1.5,5617,30.0,15.0,2.0,120,0.343243724408047,0.029731173224141094,0.3333333333333333,0.009910391074713698,False,True,True,False,0.18351433149367996
LONG,0,20-40,3.0,236,10.0,5.0,2.0,20,0.3432203389830508,0.029661016949152463,0.3333333333333333,0.009887005649717506,False,True,True,False,0.18347457627118638
LONG,0,40-60,2.0,3057,20.0,10.0,2.0,60,0.343146876022244,0.029440628066731978,0.3333333333333333,0.00981354268891066,False,True,True,False,0.18334968923781478
SHORT,2,80-100,2.5,730,15.0,10.0,1.5,60,0.3890410958904109,-0.027397260273972712,0.4,-0.010958904109589107,False,False,True,False,0.18328767123287665
SHORT,2,40-60,1.5,4669,15.0,10.0,1.5,60,0.3889483829513814,-0.02762904262154653,0.4,-0.011051617048618623,False,False,True,False,0.18314628400085664
LONG,0,80-100,1.5,9442,15.0,10.0,1.5,30,0.3887947468756619,-0.028013132810845276,0.4,-0.011205253124338121,False,False,True,False,0.1829119889853844
SHORT,0,20-40,3.0,175,10.0,5.0,2.0,20,0.3428571428571428,0.02857142857142836,0.3333333333333333,0.00952380952380949,False,True,True,False,0.18285714285714275
SHORT,0,20-40,3.0,175,10.0,5.0,2.0,30,0.3428571428571428,0.02857142857142836,0.3333333333333333,0.00952380952380949,False,True,True,False,0.18285714285714275
LONG,1,80-100,2.5,1492,15.0,10.0,1.5,60,0.388739946380697,-0.028150134048257613,0.4,-0.011260053619303045,False,False,True,False,0.18282841823056287
LONG,1,80-100,2.5,1492,15.0,10.0,1.5,120,0.388739946380697,-0.028150134048257613,0.4,-0.011260053619303045,False,False,True,False,0.18282841823056287
SHORT,0,80-100,2.0,3644,15.0,10.0,1.5,60,0.3885839736553238,-0.028540065861690445,0.4,-0.0114160263446762,False,False,True,False,0.1825905598243688
LONG,1,40-60,1.5,5617,15.0,10.0,1.5,30,0.3884635926651237,-0.02884101833719077,0.4,-0.01153640733487632,False,False,True,False,0.18240697881431364
LONG,0,20-40,1.5,8519,5.0,5.0,1.0,30,0.4498180537621786,-0.10036389247564287,0.5,-0.050181946237821407,False,False,True,False,0.18225437257894112
LONG,1,60-80,1.5,6118,15.0,10.0,1.5,120,0.3883622098725073,-0.02909447531873177,0.4,-0.01163779012749272,False,False,True,False,0.18225237005557363
LONG,2,20-40,2.0,2529,15.0,10.0,1.5,120,0.3882957690786872,-0.02926057730328202,0.4,-0.011704230921312841,False,False,True,False,0.18215104784499797
SHORT,0,80-100,2.5,899,15.0,10.0,1.5,120,0.3882091212458287,-0.02947719688542827,0.4,-0.011790878754171341,False,False,True,False,0.18201890989988875
LONG,1,80-100,2.0,3899,15.0,10.0,1.5,20,0.3880482174916645,-0.029879456270838767,0.4,-0.011951782508335507,False,False,True,False,0.18177353167478835
LONG,2,0-20,1.5,7797,15.0,10.0,1.5,60,0.3878414774913428,-0.030396306271643025,0.4,-0.012158522508657232,False,False,True,False,0.18145825317429776
LONG,2,60-80,3.0,312,15.0,10.0,1.5,120,0.3878205128205128,-0.030448717948718063,0.4,-0.012179487179487247,False,False,True,False,0.18142628205128197
LONG,1,20-40,2.0,2573,30.0,15.0,2.0,60,0.3420132141469102,0.026039642440730648,0.3333333333333333,0.008679880813576901,False,True,True,False,0.18142246404974735
LONG,2,80-100,2.5,944,15.0,10.0,1.5,120,0.3877118644067797,-0.03072033898305082,0.4,-0.01228813559322034,False,False,True,False,0.18126059322033902
LONG,0,80-100,2.5,922,5.0,5.0,1.0,20,0.4490238611713666,-0.10195227765726678,0.5,-0.05097613882863339,False,False,True,False,0.18118221258134493
LONG,0,80-100,2.5,922,5.0,5.0,1.0,30,0.4490238611713666,-0.10195227765726678,0.5,-0.05097613882863339,False,False,True,False,0.18118221258134493
SHORT,0,20-40,2.5,784,20.0,10.0,2.0,60,0.3418367346938775,0.025510204081632515,0.3333333333333333,0.008503401360544172,False,True,True,False,0.18112244897959173
LONG,0,20-40,1.5,8519,15.0,10.0,1.5,30,0.3876041788942364,-0.030989552764409067,0.4,-0.01239582110576365,False,False,True,False,0.18109637281371047
LONG,2,60-80,1.5,5060,15.0,10.0,1.5,60,0.3875494071146245,-0.031126482213438833,0.4,-0.012450592885375533,False,False,True,False,0.18101284584980232
LONG,1,80-100,1.5,8900,15.0,10.0,1.5,60,0.3875280898876404,-0.03117977528089899,0.4,-0.012471910112359597,False,False,True,False,0.18098033707865163
SHORT,0,20-40,2.0,3371,15.0,10.0,1.5,120,0.3871254820528033,-0.03218629486799174,0.4,-0.01287451794719674,False,False,True,False,0.180366360130525
LONG,0,40-60,1.5,8453,15.0,10.0,1.5,30,0.3870815095232461,-0.03229622619188477,0.4,-0.012918490476753919,False,False,True,False,0.1802993020229503
SHORT,0,40-60,2.5,814,15.0,10.0,1.5,120,0.386977886977887,-0.032555282555282505,0.4,-0.013022113022113035,False,False,True,False,0.18014127764127766
SHORT,2,80-100,2.0,2189,10.0,5.0,2.0,60,0.3412517131110096,0.023755139333028752,0.3333333333333333,0.007918379777676288,False,True,True,False,0.1801279122887163
LONG,0,20-40,2.0,3191,5.0,5.0,1.0,60,0.4481353807583829,-0.10372923848323423,0.5,-0.051864619241617116,False,False,True,False,0.1799827640238169
LONG,0,20-40,2.0,3191,5.0,5.0,1.0,120,0.4481353807583829,-0.10372923848323423,0.5,-0.051864619241617116,False,False,True,False,0.1799827640238169
SHORT,2,80-100,2.5,730,20.0,10.0,2.0,120,0.3410958904109589,0.023287671232876672,0.3333333333333333,0.007762557077625576,False,True,True,False,0.17986301369863011
LONG,2,0-20,2.5,1584,20.0,10.0,2.0,120,0.3409090909090909,0.022727272727272596,0.3333333333333333,0.007575757575757569,False,True,True,False,0.17954545454545448
SHORT,0,20-40,1.5,10677,5.0,5.0,1.0,10,0.4477849583216259,-0.1044300833567482,0.5,-0.0522150416783741,False,False,True,False,0.17950969373419495
LONG,1,40-60,2.0,2570,30.0,15.0,2.0,120,0.3408560311284047,0.02256809338521404,0.3333333333333333,0.007522697795071365,False,True,True,False,0.17945525291828796
SHORT,0,40-60,3.0,179,20.0,10.0,2.0,60,0.3407821229050279,0.022346368715083664,0.3333333333333333,0.007448789571694592,False,True,True,False,0.17932960893854744
LONG,2,20-40,2.5,1030,15.0,10.0,1.5,60,0.3864077669902913,-0.03398058252427183,0.4,-0.013592233009708743,False,False,True,False,0.1792718446601942
LONG,1,60-80,1.5,6118,15.0,10.0,1.5,60,0.3864007845701209,-0.03399803857469774,0.4,-0.01359921542987913,False,False,True,False,0.17926119646943436
LONG,0,80-100,1.5,9442,5.0,5.0,1.0,60,0.4475746663842406,-0.10485066723151881,0.5,-0.052425333615759406,False,False,True,False,0.17922579961872478
LONG,0,80-100,1.5,9442,5.0,5.0,1.0,120,0.4475746663842406,-0.10485066723151881,0.5,-0.052425333615759406,False,False,True,False,0.17922579961872478
SHORT,2,0-20,2.5,1276,15.0,10.0,1.5,120,0.3863636363636363,-0.03409090909090928,0.4,-0.013636363636363724,False,False,True,False,0.17920454545454534
LONG,0,40-60,2.5,792,15.0,10.0,1.5,20,0.3863636363636363,-0.03409090909090928,0.4,-0.013636363636363724,False,False,True,False,0.17920454545454534
SHORT,1,40-60,2.5,686,15.0,10.0,1.5,120,0.3862973760932944,-0.034256559766764005,0.4,-0.013702623906705624,False,False,True,False,0.17910349854227395
LONG,0,20-40,1.5,8519,5.0,5.0,1.0,20,0.4473529757013734,-0.10529404859725316,0.5,-0.05264702429862661,False,False,True,False,0.1789265171968541
SHORT,0,20-40,2.0,3371,5.0,5.0,1.0,20,0.4473450014832394,-0.10530999703352117,0.5,-0.05265499851676059,False,False,True,False,0.17891575200237322
SHORT,2,80-100,2.0,2189,5.0,5.0,1.0,10,0.4472361809045226,-0.10552763819095473,0.5,-0.05276381909547739,False,False,True,False,0.17876884422110556
LONG,1,80-100,2.5,1492,15.0,10.0,1.5,30,0.3860589812332439,-0.034852546916890215,0.4,-0.01394101876675613,False,False,True,False,0.17873994638069693
SHORT,0,80-100,2.5,899,15.0,10.0,1.5,60,0.385984427141268,-0.03503893214682996,0.4,-0.014015572858732006,False,False,True,False,0.17862625139043373
LONG,0,80-100,2.0,3477,5.0,5.0,1.0,60,0.4469370146678171,-0.1061259706643658,0.5,-0.0530629853321829,False,False,True,False,0.17836496980155309
LONG,0,80-100,2.0,3477,5.0,5.0,1.0,120,0.4469370146678171,-0.1061259706643658,0.5,-0.0530629853321829,False,False,True,False,0.17836496980155309
SHORT,1,80-100,2.0,3453,15.0,10.0,1.5,120,0.3857515204170286,-0.035621198957428546,0.4,-0.01424847958297143,False,False,True,False,0.1782710686359686
LONG,2,0-20,2.5,1584,15.0,10.0,1.5,60,0.3857323232323232,-0.035669191919191934,0.4,-0.014267676767676818,False,False,True,False,0.1782417929292929
LONG,2,40-60,1.5,5279,15.0,10.0,1.5,60,0.3856791058912673,-0.035802235271831795,0.4,-0.014320894108732718,False,False,True,False,0.17816063648418262
SHORT,1,40-60,2.0,2038,15.0,10.0,1.5,60,0.3856722276741904,-0.03581943081452399,0.4,-0.014327772325809618,False,False,True,False,0.17815014720314035
LONG,0,60-80,2.0,3715,30.0,15.0,2.0,120,0.3399730820995962,0.019919246298788607,0.3333333333333333,0.006639748766262887,False,True,True,False,0.17795423956931353
LONG,2,20-40,1.5,5263,15.0,10.0,1.5,60,0.3855215656469694,-0.03619608588257661,0.4,-0.014478434353030645,False,False,True,False,0.1779203876116283
LONG,2,40-60,2.5,965,15.0,10.0,1.5,120,0.3854922279792746,-0.03626943005181349,0.4,-0.014507772020725396,False,False,True,False,0.17787564766839378
SHORT,2,20-40,3.5,153,30.0,15.0,2.0,120,0.3398692810457516,0.01960784313725472,0.3333333333333333,0.006535947712418277,False,True,True,False,0.1777777777777777
LONG,0,60-80,2.0,3715,20.0,10.0,2.0,120,0.3397039030955585,0.019111709286675382,0.3333333333333333,0.0063705697622251645,False,True,True,False,0.1774966352624494
LONG,0,40-60,2.5,792,20.0,10.0,2.0,60,0.3396464646464646,0.0189393939393937,0.3333333333333333,0.0063131313131312705,False,True,True,False,0.17739898989898978
LONG,0,80-100,1.5,9442,5.0,5.0,1.0,30,0.4461978394407964,-0.10760432111840723,0.5,-0.053802160559203616,False,False,True,False,0.17736708324507514
SHORT,0,0-20,1.5,13687,5.0,5.0,1.0,20,0.4461898151530649,-0.10762036969387023,0.5,-0.053810184846935116,False,False,True,False,0.1773562504566376
LONG,0,40-60,2.0,3057,10.0,5.0,2.0,120,0.3395485770363101,0.018645731108930197,0.3333333333333333,0.006215243702976769,False,True,True,False,0.17723258096172714
SHORT,1,60-80,1.5,6537,15.0,10.0,1.5,120,0.3850390087195961,-0.037402478201009726,0.4,-0.014960991280403901,False,False,True,False,0.1771844882973841
LONG,2,0-20,1.5,7797,20.0,10.0,2.0,120,0.3394895472617673,0.01846864178530183,0.3333333333333333,0.006156213928433962,False,True,True,False,0.1771322303450044
LONG,0,20-40,1.5,8519,20.0,10.0,2.0,120,0.3393590797041906,0.018077239112571752,0.3333333333333333,0.006025746370857288,False,True,True,False,0.17691043549712399
LONG,0,20-40,2.5,877,5.0,5.0,1.0,60,0.4458380843785632,-0.10832383124287359,0.5,-0.054161915621436796,False,False,True,False,0.17688141391106033
LONG,0,20-40,2.5,877,5.0,5.0,1.0,120,0.4458380843785632,-0.10832383124287359,0.5,-0.054161915621436796,False,False,True,False,0.17688141391106033
LONG,0,80-100,2.0,3477,5.0,5.0,1.0,30,0.4457865976416451,-0.10842680471670985,0.5,-0.05421340235835492,False,False,True,False,0.17681190681622086
SHORT,0,20-40,3.0,175,5.0,5.0,1.0,30,0.4457142857142857,-0.1085714285714286,0.5,-0.054285714285714326,False,False,True,False,0.17671428571428568
LONG,0,80-100,1.5,9442,30.0,15.0,2.0,60,0.3392289769116712,0.017686930735013595,0.3333333333333333,0.0058956435783378836,False,True,True,False,0.17668926074984104
SHORT,0,80-100,1.5,10840,15.0,10.0,1.5,120,0.3846863468634686,-0.03828413284132848,0.4,-0.015313653136531435,False,False,True,False,0.1766466789667896
SHORT,2,40-60,2.0,2119,15.0,10.0,1.5,60,0.3846153846153846,-0.03846153846153855,0.4,-0.015384615384615441,False,False,True,False,0.17653846153846148
SHORT,1,20-40,3.0,273,15.0,10.0,1.5,30,0.3846153846153846,-0.03846153846153855,0.4,-0.015384615384615441,False,False,True,False,0.17653846153846148
SHORT,0,0-20,1.5,13687,15.0,10.0,1.5,60,0.3844524000876744,-0.03886899978081404,0.4,-0.015547599912325627,False,False,True,False,0.17628991013370346
LONG,0,20-40,3.0,236,10.0,5.0,2.0,10,0.3389830508474576,0.016949152542372836,0.3333333333333333,0.005649717514124297,False,True,True,False,0.17627118644067796
LONG,1,20-40,3.5,118,20.0,10.0,2.0,20,0.3389830508474576,0.016949152542372836,0.3333333333333333,0.005649717514124297,False,True,True,False,0.17627118644067796
LONG,0,0-20,2.0,4136,5.0,5.0,1.0,20,0.4453578336557059,-0.10928433268858817,0.5,-0.054642166344294085,False,False,True,False,0.176233075435203
LONG,2,20-40,2.0,2529,15.0,10.0,1.5,60,0.3843416370106761,-0.039145907473309816,0.4,-0.015658362989323937,False,False,True,False,0.17612099644128104
LONG,0,80-100,2.0,3477,5.0,5.0,1.0,20,0.4452113891285591,-0.1095772217428817,0.5,-0.05478861087144088,False,False,True,False,0.17603537532355484
LONG,2,0-20,2.0,3836,15.0,10.0,1.5,60,0.3842544316996871,-0.03936392075078221,0.4,-0.01574556830031293,False,False,True,False,0.17598800834202283
LONG,0,80-100,2.0,3477,30.0,15.0,2.0,60,0.3387978142076502,0.016393442622950616,0.3333333333333333,0.0054644808743168904,False,True,True,False,0.17595628415300535
SHORT,1,20-40,1.5,5476,15.0,10.0,1.5,120,0.3842220598977355,-0.039444850255661246,0.4,-0.01577794010226452,False,False,True,False,0.17593864134404663
LONG,0,80-100,1.5,9442,5.0,5.0,1.0,20,0.4451387417919932,-0.1097225164160136,0.5,-0.0548612582080068,False,False,True,False,0.1759373014191908
SHORT,2,60-80,1.5,5420,15.0,10.0,1.5,60,0.3841328413284133,-0.03966789667896675,0.4,-0.015867158671586723,False,False,True,False,0.17580258302583027
LONG,1,60-80,2.0,2744,15.0,10.0,1.5,20,0.3841107871720116,-0.039723032069971076,0.4,-0.01588921282798844,False,False,True,False,0.17576895043731766
LONG,2,80-100,1.5,4658,15.0,10.0,1.5,120,0.3840704164877629,-0.03982395878059275,0.4,-0.01592958351223711,False,False,True,False,0.17570738514383843
LONG,2,0-20,2.0,3836,20.0,10.0,2.0,120,0.3386339937434828,0.015901981230448392,0.3333333333333333,0.0053006604101494825,False,True,True,False,0.17567778936392076
LONG,0,40-60,2.0,3057,10.0,5.0,2.0,60,0.338567222767419,0.015701668302257055,0.3333333333333333,0.005233889434085703,False,True,True,False,0.17556427870461233
LONG,0,80-100,2.5,922,5.0,5.0,1.0,10,0.4446854663774403,-0.1106290672451195,0.5,-0.055314533622559725,False,False,True,False,0.17532537960954436
LONG,0,0-20,1.5,11227,15.0,10.0,1.5,120,0.3838068940945934,-0.04048276476351653,0.4,-0.016193105905406624,False,False,True,False,0.17530551349425494
SHORT,2,60-80,2.0,2499,15.0,10.0,1.5,60,0.3837535014005602,-0.04061624649859952,0.4,-0.01624649859943983,False,False,True,False,0.17522408963585429
LONG,0,80-100,2.0,3477,15.0,10.0,1.5,120,0.3836640782283578,-0.04083980442910551,0.4,-0.016335921771642226,False,False,True,False,0.17508771929824563
LONG,2,80-100,3.0,305,15.0,10.0,1.5,120,0.3836065573770492,-0.040983606557377095,0.4,-0.016393442622950838,False,False,True,False,0.175
LONG,0,20-40,2.0,3191,30.0,15.0,2.0,120,0.3381385145722344,0.014415543716703283,0.3333333333333333,0.004805181238901113,False,True,True,False,0.1748354747727985
SHORT,1,40-60,1.5,5231,15.0,10.0,1.5,60,0.3834830816287516,-0.041292295928121,0.4,-0.016516918371248412,False,False,True,False,0.1748116994838462
LONG,0,0-20,2.5,1085,15.0,10.0,1.5,120,0.3834101382488479,-0.04147465437788023,0.4,-0.016589861751152124,False,False,True,False,0.17470046082949306
LONG,1,40-60,3.0,347,15.0,10.0,1.5,60,0.3832853025936599,-0.04178674351585021,0.4,-0.01671469740634013,False,False,True,False,0.17451008645533134
LONG,1,40-60,3.0,347,15.0,10.0,1.5,120,0.3832853025936599,-0.04178674351585021,0.4,-0.01671469740634013,False,False,True,False,0.17451008645533134
LONG,1,40-60,3.5,145,20.0,10.0,2.0,60,0.3379310344827586,0.013793103448275779,0.3333333333333333,0.0045977011494252595,False,True,True,False,0.1744827586206896
LONG,1,40-60,3.5,145,20.0,10.0,2.0,120,0.3379310344827586,0.013793103448275779,0.3333333333333333,0.0045977011494252595,False,True,True,False,0.1744827586206896
SHORT,0,80-100,1.5,10840,15.0,10.0,1.5,60,0.383210332103321,-0.04197416974169743,0.4,-0.016789667896679017,False,False,True,False,0.17439575645756453
SHORT,0,40-60,1.5,10374,5.0,5.0,1.0,120,0.4439946018893387,-0.1120107962213226,0.5,-0.0560053981106613,False,False,True,False,0.17439271255060723
SHORT,1,80-100,2.0,3453,15.0,10.0,1.5,60,0.3831450912250217,-0.04213727193744565,0.4,-0.016854908774978306,False,False,True,False,0.17429626411815813
LONG,0,40-60,1.5,8453,5.0,5.0,1.0,10,0.4438660830474388,-0.1122678339051224,0.5,-0.0561339169525612,False,False,True,False,0.17421921211404237
LONG,0,0-20,1.5,11227,5.0,5.0,1.0,30,0.4438407410706333,-0.11231851785873337,0.5,-0.056159258929366684,False,False,True,False,0.17418500044535498
LONG,0,80-100,1.5,9442,20.0,10.0,2.0,120,0.3377462402033467,0.013238720610040056,0.3333333333333333,0.004412906870013389,False,True,True,False,0.1741686083456894
SHORT,1,60-80,2.0,2611,15.0,10.0,1.5,120,0.3829950210647261,-0.04251244733818471,0.4,-0.017004978935273918,False,False,True,False,0.17406740712370733
LONG,0,20-40,2.0,3191,5.0,5.0,1.0,30,0.4437480413663428,-0.11250391726731435,0.5,-0.05625195863365717,False,False,True,False,0.17405985584456282
SHORT,0,40-60,1.5,10374,5.0,5.0,1.0,60,0.4437054173896279,-0.11258916522074425,0.5,-0.056294582610372124,False,False,True,False,0.17400231347599765
LONG,1,40-60,2.0,2570,15.0,10.0,1.5,20,0.3828793774319066,-0.04280155642023353,0.4,-0.017120622568093435,False,False,True,False,0.17389105058365753
LONG,0,40-60,2.0,3057,5.0,5.0,1.0,10,0.4435721295387635,-0.11285574092247291,0.5,-0.056427870461236485,False,False,True,False,0.17382237487733077
SHORT,1,20-40,1.5,5476,5.0,5.0,1.0,120,0.4435719503287071,-0.11285609934258578,0.5,-0.05642804967129289,False,False,True,False,0.1738221329437546
SHORT,0,40-60,2.0,3424,5.0,5.0,1.0,60,0.4433411214953271,-0.11331775700934577,0.5,-0.05665887850467288,False,False,True,False,0.1735105140186916
SHORT,0,40-60,2.0,3424,5.0,5.0,1.0,120,0.4433411214953271,-0.11331775700934577,0.5,-0.05665887850467288,False,False,True,False,0.1735105140186916
LONG,1,40-60,2.0,2570,20.0,10.0,2.0,120,0.3373540856031128,0.012062256809338368,0.3333333333333333,0.004020752269779493,False,True,True,False,0.17350194552529177
SHORT,2,80-100,1.5,4737,15.0,10.0,1.5,60,0.3825205826472451,-0.04369854338188728,0.4,-0.017479417352754933,False,False,True,False,0.17334388853704874
SHORT,1,20-40,1.5,5476,5.0,5.0,1.0,60,0.4432067202337472,-0.11358655953250563,0.5,-0.05679327976625281,False,False,True,False,0.17332907231555872
SHORT,0,80-100,3.0,251,15.0,10.0,1.5,30,0.3824701195219123,-0.04382470119521931,0.4,-0.017529880478087734,False,False,True,False,0.17326693227091625
LONG,2,60-80,2.5,910,15.0,10.0,1.5,120,0.3824175824175824,-0.04395604395604402,0.4,-0.01758241758241763,False,False,True,False,0.17318681318681314
SHORT,2,80-100,2.0,2189,20.0,10.0,2.0,60,0.3371402466879853,0.011420740063955992,0.3333333333333333,0.0038069133546519973,False,True,True,False,0.17313841936957505
LONG,1,20-40,1.5,5554,30.0,15.0,2.0,60,0.337054375225063,0.011163125675188956,0.3333333333333333,0.0037210418917296706,False,True,True,False,0.1729924378826071
SHORT,2,40-60,1.5,4669,5.0,5.0,1.0,60,0.4429213964446348,-0.11415720711073041,0.5,-0.057078603555365204,False,False,True,False,0.17294388520025697
SHORT,2,40-60,1.5,4669,5.0,5.0,1.0,120,0.4429213964446348,-0.11415720711073041,0.5,-0.057078603555365204,False,False,True,False,0.17294388520025697
LONG,1,40-60,1.5,5617,20.0,10.0,2.0,120,0.3370126401993947,0.011037920598184092,0.3333333333333333,0.0036793068660613826,False,True,True,False,0.172921488338971
LONG,1,20-40,2.0,2573,20.0,10.0,2.0,30,0.336960746210649,0.010882238631946928,0.3333333333333333,0.003627412877315661,False,True,True,False,0.17283326855810324
LONG,2,80-100,2.0,2308,15.0,10.0,1.5,120,0.3821490467937608,-0.04462738301559799,0.4,-0.017850953206239195,False,False,True,False,0.17277729636048525
SHORT,2,40-60,1.5,4669,5.0,5.0,1.0,30,0.4427072178196616,-0.1145855643606768,0.5,-0.0572927821803384,False,False,True,False,0.17265474405654316
LONG,2,40-60,3.0,322,15.0,10.0,1.5,120,0.3819875776397515,-0.045031055900621286,0.4,-0.018012422360248526,False,False,True,False,0.17253105590062104
LONG,2,0-20,3.5,233,15.0,10.0,1.5,30,0.3819742489270386,-0.04506437768240357,0.4,-0.01802575107296145,False,False,True,False,0.17251072961373382
SHORT,0,0-20,2.0,4503,5.0,5.0,1.0,30,0.4425938263379969,-0.11481234732400619,0.5,-0.057406173662003124,False,False,True,False,0.1725016655562958
SHORT,2,40-60,1.5,4669,20.0,10.0,2.0,120,0.3366887984579139,0.010066395373741654,0.3333333333333333,0.00335546512458057,False,True,True,False,0.17237095737845362
LONG,0,40-60,3.0,199,30.0,15.0,2.0,60,0.3366834170854271,0.01005025125628134,0.3333333333333333,0.00335008375209378,False,True,True,False,0.17236180904522608
SHORT,2,80-100,2.5,730,5.0,5.0,1.0,60,0.4424657534246575,-0.11506849315068507,0.5,-0.05753424657534251,False,False,True,False,0.1723287671232876
SHORT,2,80-100,2.5,730,5.0,5.0,1.0,120,0.4424657534246575,-0.11506849315068507,0.5,-0.05753424657534251,False,False,True,False,0.1723287671232876
SHORT,0,40-60,1.5,10374,5.0,5.0,1.0,30,0.4424522845575477,-0.11509543088490459,0.5,-0.057547715442452296,False,False,True,False,0.1723105841526894
LONG,2,60-80,3.5,101,30.0,15.0,2.0,120,0.3366336633663366,0.009900990099009799,0.3333333333333333,0.0033003300330032848,False,True,True,False,0.17227722772277224
SHORT,0,20-40,2.0,3371,15.0,10.0,1.5,60,0.3817858202313853,-0.045535449421536756,0.4,-0.018214179768614724,False,False,True,False,0.17222337585286257
LONG,2,60-80,3.0,312,15.0,10.0,1.5,60,0.3814102564102564,-0.04647435897435903,0.4,-0.018589743589743635,False,False,True,False,0.17165064102564098
SHORT,1,60-80,1.5,6537,5.0,5.0,1.0,120,0.4419458467186783,-0.11610830656264337,0.5,-0.058054153281321685,False,False,True,False,0.17162689307021572
LONG,0,60-80,1.5,9666,20.0,10.0,2.0,120,0.3362300848334368,0.008690254500310357,0.3333333333333333,0.0028967515001034894,False,True,True,False,0.17159114421684254
LONG,1,80-100,2.5,1492,15.0,10.0,1.5,20,0.381367292225201,-0.046581769436997544,0.4,-0.01863270777479903,False,False,True,False,0.1715851206434315
LONG,0,80-100,2.0,3477,15.0,10.0,1.5,60,0.3813632441760138,-0.046591889559965516,0.4,-0.018636755823986217,False,False,True,False,0.17157894736842105
LONG,1,20-40,3.5,118,15.0,10.0,1.5,10,0.3813559322033898,-0.04661016949152541,0.4,-0.01864406779661021,False,False,True,False,0.17156779661016947
SHORT,0,40-60,2.0,3424,5.0,5.0,1.0,30,0.4418808411214953,-0.11623831775700944,0.5,-0.05811915887850472,False,False,True,False,0.17153913551401861
SHORT,1,60-80,1.5,6537,5.0,5.0,1.0,60,0.441792871347713,-0.11641425730457394,0.5,-0.058207128652287,False,False,True,False,0.1714203763194126
SHORT,1,60-80,1.5,6537,5.0,5.0,1.0,30,0.4416398959767477,-0.11672020804650463,0.5,-0.05836010402325231,False,False,True,False,0.17121385956860938
SHORT,1,60-80,1.5,6537,15.0,10.0,1.5,60,0.381061649074499,-0.047345877313752394,0.4,-0.018938350925501002,False,False,True,False,0.17111901483861103
LONG,0,0-20,2.5,1085,5.0,5.0,1.0,20,0.4414746543778802,-0.11705069124423956,0.5,-0.058525345622119807,False,False,True,False,0.1709907834101383
LONG,0,40-60,2.5,792,30.0,15.0,2.0,120,0.3358585858585858,0.007575757575757458,0.3333333333333333,0.002525252525252486,False,True,True,False,0.17095959595959587
SHORT,0,40-60,1.5,10374,5.0,5.0,1.0,20,0.4413919413919414,-0.11721611721611724,0.5,-0.05860805860805862,False,False,True,False,0.17087912087912085
LONG,1,40-60,2.5,990,15.0,10.0,1.5,120,0.3808080808080808,-0.0479797979797979,0.4,-0.019191919191919204,False,False,True,False,0.1707323232323233
SHORT,0,60-80,1.5,11293,5.0,5.0,1.0,60,0.4412467900469317,-0.11750641990613664,0.5,-0.05875320995306832,False,False,True,False,0.17068316656335777
SHORT,0,60-80,1.5,11293,5.0,5.0,1.0,120,0.4412467900469317,-0.11750641990613664,0.5,-0.05875320995306832,False,False,True,False,0.17068316656335777
LONG,2,40-60,1.5,5279,20.0,10.0,2.0,120,0.3356696344004546,0.007008903201363825,0.3333333333333333,0.0023363010671212936,False,True,True,False,0.17063837848077282
SHORT,2,80-100,3.0,218,15.0,10.0,1.5,30,0.3807339449541284,-0.04816513761467911,0.4,-0.019266055045871644,False,False,True,False,0.17061926605504577
SHORT,2,80-100,2.5,730,5.0,5.0,1.0,30,0.4410958904109589,-0.1178082191780821,0.5,-0.058904109589041076,False,False,True,False,0.1704794520547946
SHORT,2,40-60,2.0,2119,20.0,10.0,2.0,120,0.3355356300141576,0.006606890042472835,0.3333333333333333,0.0022022966808242783,False,True,True,False,0.17041057102406793
SHORT,1,20-40,1.5,5476,5.0,5.0,1.0,30,0.4410153396639883,-0.11796932067202337,0.5,-0.058984660336011685,False,False,True,False,0.17037070854638423
SHORT,0,40-60,2.0,3424,5.0,5.0,1.0,20,0.4410046728971962,-0.11799065420560767,0.5,-0.05899532710280381,False,False,True,False,0.17035630841121485
SHORT,0,80-100,2.5,899,15.0,10.0,1.5,30,0.3804226918798665,-0.04894327030033374,0.4,-0.01957730812013353,False,False,True,False,0.1701446051167964
LONG,0,20-40,2.0,3191,5.0,5.0,1.0,20,0.4406142275148856,-0.11877154497022874,0.5,-0.059385772485114396,False,False,True,False,0.16982920714509558
SHORT,2,0-20,2.5,1276,15.0,10.0,1.5,60,0.3800940438871473,-0.049764890282131824,0.4,-0.01990595611285273,False,False,True,False,0.1696434169278996
LONG,2,0-20,4.0,100,15.0,10.0,1.5,60,0.38,-0.04999999999999993,0.4,-0.020000000000000018,False,False,True,False,0.16950000000000004
LONG,2,0-20,4.0,100,15.0,10.0,1.5,120,0.38,-0.04999999999999993,0.4,-0.020000000000000018,False,False,True,False,0.16950000000000004
SHORT,0,60-80,1.5,11293,5.0,5.0,1.0,30,0.4403612857522359,-0.11927742849552825,0.5,-0.059638714247764124,False,False,True,False,0.16948773576551843
LONG,0,40-60,2.0,3057,10.0,5.0,2.0,30,0.3349689237814851,0.004906771344455163,0.3333333333333333,0.001635590448151758,False,True,True,False,0.16944717042852458
LONG,0,80-100,2.0,3477,5.0,5.0,1.0,10,0.4403221167673281,-0.1193557664653438,0.5,-0.059677883232671924,False,False,True,False,0.16943485763589294
LONG,2,20-40,2.5,1030,30.0,15.0,2.0,120,0.3349514563106796,0.004854368932038722,0.3333333333333333,0.001618122977346259,False,True,True,False,0.1694174757281553
SHORT,1,60-80,2.0,2611,15.0,10.0,1.5,60,0.3799310608962084,-0.0501723477594791,0.4,-0.02006893910379165,False,False,True,False,0.16939486786671776
LONG,0,80-100,1.5,9442,5.0,5.0,1.0,10,0.4402668926074984,-0.11946621478500319,0.5,-0.059733107392501594,False,False,True,False,0.16936030502012286
LONG,1,80-100,1.5,8900,15.0,10.0,1.5,30,0.3798876404494382,-0.05028089887640452,0.4,-0.020112359550561842,False,False,True,False,0.16932865168539324
SHORT,2,80-100,3.0,218,20.0,10.0,2.0,30,0.3348623853211009,0.004587155963302725,0.3333333333333333,0.0015290519877675934,False,True,True,False,0.16926605504587153
LONG,1,40-60,2.5,990,15.0,10.0,1.5,60,0.3797979797979798,-0.0505050505050505,0.4,-0.02020202020202022,False,False,True,False,0.1691919191919192
SHORT,0,20-40,2.5,784,5.0,5.0,1.0,10,0.4400510204081632,-0.11989795918367369,0.5,-0.059948979591836815,False,False,True,False,0.1690688775510203
SHORT,0,20-40,3.0,175,5.0,5.0,1.0,20,0.44,-0.12000000000000005,0.5,-0.06,False,False,True,False,0.16899999999999998
LONG,2,20-40,1.5,5263,20.0,10.0,2.0,120,0.33460003800114,0.003800114003420063,0.3333333333333333,0.0012667046678067062,False,True,True,False,0.16882006460193802
LONG,0,60-80,2.0,3715,15.0,10.0,1.5,20,0.3795423956931359,-0.05114401076716024,0.4,-0.020457604306864108,False,False,True,False,0.16880215343203225
SHORT,1,20-40,2.0,2110,5.0,5.0,1.0,120,0.4398104265402843,-0.12037914691943147,0.5,-0.060189573459715706,False,False,True,False,0.16874407582938378
LONG,1,20-40,2.5,946,15.0,10.0,1.5,10,0.379492600422833,-0.05126849894291752,0.4,-0.020507399577167018,False,False,True,False,0.16872621564482032
SHORT,2,80-100,2.5,730,5.0,5.0,1.0,20,0.4397260273972603,-0.1205479452054794,0.5,-0.0602739726027397,False,False,True,False,0.1686301369863014
LONG,0,80-100,2.0,3477,20.0,10.0,2.0,120,0.3344837503595053,0.003451251078515849,0.3333333333333333,0.0011504170261719682,False,True,True,False,0.168622375611159
LONG,1,0-20,1.5,7283,15.0,10.0,1.5,120,0.3793766305094054,-0.051558423726486446,0.4,-0.020623369490594623,False,False,True,False,0.16854936152684327
LONG,1,40-60,3.5,145,15.0,10.0,1.5,20,0.3793103448275862,-0.051724137931034586,0.4,-0.020689655172413834,False,False,True,False,0.16844827586206892
LONG,1,40-60,3.5,145,15.0,10.0,1.5,30,0.3793103448275862,-0.051724137931034586,0.4,-0.020689655172413834,False,False,True,False,0.16844827586206892
LONG,1,40-60,3.5,145,15.0,10.0,1.5,60,0.3793103448275862,-0.051724137931034586,0.4,-0.020689655172413834,False,False,True,False,0.16844827586206892
LONG,1,40-60,3.5,145,15.0,10.0,1.5,120,0.3793103448275862,-0.051724137931034586,0.4,-0.020689655172413834,False,False,True,False,0.16844827586206892
SHORT,0,80-100,2.0,3644,15.0,10.0,1.5,30,0.3792535675082327,-0.05186608122941827,0.4,-0.02074643249176733,False,False,True,False,0.16836169045005484
SHORT,1,60-80,1.5,6537,5.0,5.0,1.0,20,0.4394982407832339,-0.12100351843353213,0.5,-0.06050175921676609,False,False,True,False,0.16832262505736578
LONG,0,60-80,1.5,9666,30.0,15.0,2.0,120,0.3342644320297951,0.0027932960893853886,0.3333333333333333,0.0009310986964617962,False,True,True,False,0.16824953445065172
SHORT,1,20-40,2.0,2110,15.0,10.0,1.5,120,0.3791469194312796,-0.05213270142180104,0.4,-0.020853080568720428,False,False,True,False,0.16819905213270137
SHORT,1,20-40,2.0,2110,5.0,5.0,1.0,60,0.4393364928909952,-0.12132701421800962,0.5,-0.06066350710900481,False,False,True,False,0.1681042654028435
LONG,0,80-100,1.5,9442,15.0,10.0,1.5,20,0.3790510485066723,-0.052372378733319236,0.4,-0.020948951493327705,False,False,True,False,0.16805284897267528
SHORT,0,40-60,1.5,10374,15.0,10.0,1.5,120,0.3790244842876422,-0.052438789280894516,0.4,-0.02097551571235784,False,False,True,False,0.16801233853865433
SHORT,1,40-60,2.5,686,15.0,10.0,1.5,60,0.3790087463556851,-0.05247813411078728,0.4,-0.020991253644314922,False,False,True,False,0.16798833819241976
LONG,2,80-100,1.5,4658,5.0,5.0,1.0,120,0.4392443108630313,-0.12151137827393743,0.5,-0.060755689136968716,False,False,True,False,0.16797981966509223
LONG,0,80-100,1.5,9442,20.0,10.0,2.0,60,0.3340393984325355,0.0021181952976064844,0.3333333333333333,0.00070606509920218,False,True,True,False,0.16786697733531036
LONG,1,20-40,2.5,946,20.0,10.0,2.0,20,0.3340380549682875,0.002114164904862492,0.3333333333333333,0.0007047216349541641,False,True,True,False,0.16786469344608873
LONG,0,20-40,2.5,877,5.0,5.0,1.0,30,0.4389965792474344,-0.12200684150513119,0.5,-0.061003420752565596,False,False,True,False,0.16764538198403645
SHORT,2,40-60,1.5,4669,5.0,5.0,1.0,20,0.4388520025701435,-0.12229599485971304,0.5,-0.06114799742985649,False,False,True,False,0.16745020346969375
LONG,1,20-40,1.5,5554,15.0,10.0,1.5,20,0.378646020885848,-0.053384947785380055,0.4,-0.021353979114152044,False,False,True,False,0.16743518185091816
LONG,1,40-60,1.5,5617,15.0,10.0,1.5,20,0.37849385793128,-0.05376535517180003,0.4,-0.021506142068720036,False,False,True,False,0.16720313334520198
LONG,2,80-100,1.5,4658,5.0,5.0,1.0,60,0.4386002576212967,-0.12279948475740671,0.5,-0.061399742378703326,False,False,True,False,0.1671103477887505
SHORT,0,0-20,2.0,4503,15.0,10.0,1.5,60,0.3784143904063957,-0.05396402398401079,0.4,-0.021585609593604338,False,False,True,False,0.1670819453697534
LONG,1,60-80,1.5,6118,15.0,10.0,1.5,30,0.3783916312520431,-0.05402092186989227,0.4,-0.021608368747956908,False,False,True,False,0.16704723765936572
SHORT,0,40-60,2.5,814,15.0,10.0,1.5,60,0.3783783783783784,-0.05405405405405406,0.4,-0.021621621621621623,False,False,True,False,0.16702702702702704
SHORT,2,80-100,2.0,2189,30.0,15.0,2.0,120,0.3334856098675194,0.0004568296025582175,0.3333333333333333,0.000152276534186091,False,True,True,False,0.16692553677478297
SHORT,1,20-40,1.5,5476,5.0,5.0,1.0,20,0.4384587289992695,-0.12308254200146096,0.5,-0.06154127100073048,False,False,True,False,0.16691928414901386
LONG,2,40-60,2.0,2572,15.0,10.0,1.5,60,0.3783048211508553,-0.054237947122861785,0.4,-0.021695178849144736,False,False,True,False,0.1669148522550543
LONG,0,20-40,1.5,8519,5.0,5.0,1.0,10,0.4384317408146496,-0.12313651837070078,0.5,-0.061568259185350416,False,False,True,False,0.16688285009977696
LONG,2,80-100,2.5,944,15.0,10.0,1.5,60,0.3781779661016949,-0.05455508474576276,0.4,-0.021822033898305115,False,False,True,False,0.16672139830508473
LONG,1,40-60,2.5,990,20.0,10.0,2.0,120,0.3333333333333333,-1.1102230246251565e-16,0.3333333333333333,0.0,False,False,True,False,0.16666666666666663
LONG,0,40-60,2.5,792,20.0,10.0,2.0,30,0.3333333333333333,-1.1102230246251565e-16,0.3333333333333333,0.0,False,False,True,False,0.16666666666666663
LONG,2,40-60,3.5,138,30.0,15.0,2.0,120,0.3333333333333333,-1.1102230246251565e-16,0.3333333333333333,0.0,False,False,True,False,0.16666666666666663
SHORT,0,60-80,1.5,11293,5.0,5.0,1.0,20,0.4382360754449659,-0.1235278491100682,0.5,-0.0617639245550341,False,False,True,False,0.16661870185070396
LONG,0,60-80,2.0,3715,20.0,10.0,2.0,60,0.3332436069986541,-0.0002691790040377784,0.3333333333333333,-8.972633467924096e-05,False,False,True,False,0.16651413189771194
SHORT,0,0-20,2.5,1034,5.0,5.0,1.0,120,0.4381044487427466,-0.12379110251450681,0.5,-0.06189555125725338,False,False,True,False,0.16644100580270793
LONG,1,0-20,3.5,172,15.0,10.0,1.5,20,0.377906976744186,-0.05523255813953498,0.4,-0.022093023255814026,False,False,True,False,0.16630813953488366
LONG,0,0-20,1.5,11227,5.0,5.0,1.0,20,0.4379620557584395,-0.12407588848312101,0.5,-0.062037944241560505,False,False,True,False,0.1662487752738933
LONG,0,80-100,2.5,922,10.0,5.0,2.0,30,0.3329718004338395,-0.0010845986984814315,0.3333333333333333,-0.0003615328994938105,False,False,True,False,0.16605206073752718
LONG,0,80-100,2.5,922,10.0,5.0,2.0,60,0.3329718004338395,-0.0010845986984814315,0.3333333333333333,-0.0003615328994938105,False,False,True,False,0.16605206073752718
LONG,0,80-100,2.5,922,10.0,5.0,2.0,120,0.3329718004338395,-0.0010845986984814315,0.3333333333333333,-0.0003615328994938105,False,False,True,False,0.16605206073752718
LONG,0,60-80,2.5,1112,15.0,10.0,1.5,120,0.3776978417266187,-0.055755395683453224,0.4,-0.022302158273381334,False,False,True,False,0.16598920863309352
LONG,1,40-60,1.5,5617,20.0,10.0,2.0,60,0.3329179277194232,-0.0012462168417304298,0.3333333333333333,-0.00041540561391012476,False,False,True,False,0.16596047712301942
SHORT,1,20-40,1.5,5476,15.0,10.0,1.5,60,0.3776479181884587,-0.05588020452885323,0.4,-0.022352081811541302,False,False,True,False,0.16591307523739954
LONG,0,20-40,2.0,3191,15.0,10.0,1.5,20,0.3776245691005954,-0.05593857724851159,0.4,-0.022375430899404636,False,False,True,False,0.16587746787840793
LONG,1,40-60,3.0,347,15.0,10.0,1.5,30,0.377521613832853,-0.05619596541786753,0.4,-0.022478386167147035,False,False,True,False,0.1657204610951008
LONG,0,20-40,2.5,877,15.0,10.0,1.5,20,0.3774230330672748,-0.05644241733181299,0.4,-0.022576966932725206,False,False,True,False,0.16557012542759408
SHORT,1,20-40,2.0,2110,5.0,5.0,1.0,30,0.4374407582938389,-0.12511848341232223,0.5,-0.06255924170616112,False,False,True,False,0.16554502369668248
LONG,2,60-80,2.0,2483,20.0,10.0,2.0,120,0.3326621022956101,-0.002013693113169679,0.3333333333333333,-0.0006712310377232078,False,False,True,False,0.16552557390253717
SHORT,1,20-40,3.0,273,15.0,10.0,1.5,20,0.3772893772893773,-0.0567765567765568,0.4,-0.02271062271062274,False,False,True,False,0.16536630036630035
SHORT,1,80-100,1.5,8389,15.0,10.0,1.5,30,0.3772797711288592,-0.05680057217785206,0.4,-0.022720228871140835,False,False,True,False,0.16535165097151025
LONG,0,40-60,1.5,8453,10.0,5.0,2.0,120,0.3325446587010529,-0.002366023896841374,0.3333333333333333,-0.0007886746322804394,False,False,True,False,0.16532591979178987
LONG,0,60-80,1.5,9666,15.0,10.0,1.5,20,0.3771984274777571,-0.057003931305607214,0.4,-0.022801572522242908,False,False,True,False,0.1652276019035796
LONG,2,80-100,3.0,305,15.0,10.0,1.5,60,0.3770491803278688,-0.05737704918032793,0.4,-0.022950819672131195,False,False,True,False,0.16499999999999995
LONG,1,40-60,2.5,990,30.0,15.0,2.0,60,0.3323232323232323,-0.00303030303030305,0.3333333333333333,-0.0010101010101010166,False,False,True,False,0.16494949494949493
LONG,1,40-60,2.0,2570,20.0,10.0,2.0,60,0.3322957198443579,-0.003112840466926281,0.3333333333333333,-0.0010376134889754085,False,False,True,False,0.16490272373540846
SHORT,1,20-40,2.5,703,15.0,10.0,1.5,60,0.3769559032716927,-0.05761024182076824,0.4,-0.023044096728307317,False,False,True,False,0.16485775248933138
SHORT,1,20-40,2.5,703,15.0,10.0,1.5,120,0.3769559032716927,-0.05761024182076824,0.4,-0.023044096728307317,False,False,True,False,0.16485775248933138
LONG,2,60-80,2.5,910,15.0,10.0,1.5,60,0.3769230769230769,-0.05769230769230771,0.4,-0.023076923076923106,False,False,True,False,0.1648076923076923
SHORT,2,80-100,2.0,2189,10.0,5.0,2.0,30,0.3321151210598447,-0.003654636820465851,0.3333333333333333,-0.001218212273488617,False,False,True,False,0.164595705801736
LONG,0,40-60,1.5,8453,20.0,10.0,2.0,120,0.3320714539216846,-0.0037856382349462647,0.3333333333333333,-0.0012618794116487364,False,False,True,False,0.1645214716668638
SHORT,0,0-20,2.0,4503,5.0,5.0,1.0,20,0.4365978236731068,-0.12680435265378648,0.5,-0.06340217632689321,False,False,True,False,0.16440706195869415
SHORT,1,80-100,2.5,1208,15.0,10.0,1.5,120,0.3766556291390728,-0.058360927152318,0.4,-0.02334437086092722,False,False,True,False,0.164399834437086
SHORT,2,40-60,2.0,2119,5.0,5.0,1.0,60,0.4365266635205285,-0.12694667295894302,0.5,-0.06347333647947151,False,False,True,False,0.16431099575271346
SHORT,2,40-60,2.0,2119,5.0,5.0,1.0,120,0.4365266635205285,-0.12694667295894302,0.5,-0.06347333647947151,False,False,True,False,0.16431099575271346
LONG,2,80-100,1.5,4658,5.0,5.0,1.0,30,0.4364534134821812,-0.12709317303563766,0.5,-0.0635465865178188,False,False,True,False,0.1642121082009446
LONG,0,20-40,1.5,8519,20.0,10.0,2.0,60,0.3318464608522127,-0.004460617443361903,0.3333333333333333,-0.0014868724811206158,False,False,True,False,0.16413898344876157
SHORT,1,80-100,2.0,3453,15.0,10.0,1.5,30,0.3764842166232262,-0.058789458441934506,0.4,-0.023515783376773847,False,False,True,False,0.16413843035041994
LONG,0,60-80,2.5,1112,30.0,15.0,2.0,120,0.3318345323741007,-0.004496402877697814,0.3333333333333333,-0.0014988009592326046,False,False,True,False,0.16411870503597123
LONG,0,80-100,2.5,922,15.0,10.0,1.5,20,0.3763557483731019,-0.05911062906724529,0.4,-0.02364425162689815,False,False,True,False,0.16394251626898038
LONG,0,20-40,1.5,8519,10.0,5.0,2.0,120,0.3317290761826506,-0.004812771452048281,0.3333333333333333,-0.0016042571506827419,False,False,True,False,0.163939429510506
LONG,0,40-60,3.0,199,20.0,10.0,2.0,60,0.3316582914572864,-0.005025125628140725,0.3333333333333333,-0.00167504187604689,False,False,True,False,0.1638190954773869
LONG,2,40-60,2.0,2572,20.0,10.0,2.0,120,0.3316485225505443,-0.0050544323483671105,0.3333333333333333,-0.0016848107827890368,False,False,True,False,0.1638024883359253
LONG,2,0-20,3.0,598,15.0,10.0,1.5,120,0.3762541806020067,-0.05936454849498318,0.4,-0.023745819397993306,False,False,True,False,0.16378762541806025
SHORT,0,20-40,2.5,784,30.0,15.0,2.0,120,0.3316326530612244,-0.005102040816326814,0.3333333333333333,-0.001700680272108901,False,False,True,False,0.1637755102040815
LONG,1,80-100,2.0,3899,20.0,10.0,2.0,120,0.3316234932033854,-0.005129520389843711,0.3333333333333333,-0.0017098401299479038,False,False,True,False,0.1637599384457552
SHORT,2,40-60,2.0,2119,5.0,5.0,1.0,30,0.436054742803209,-0.127890514393582,0.5,-0.063945257196791,False,False,True,False,0.16367390278433214
SHORT,0,0-20,1.5,13687,20.0,10.0,2.0,120,0.3315554906115291,-0.00533352816541266,0.3333333333333333,-0.0017778427218042014,False,False,True,False,0.1636443340395995
LONG,0,60-80,1.5,9666,5.0,5.0,1.0,120,0.43596110076557,-0.12807779846886008,0.5,-0.06403889923443001,False,False,True,False,0.16354748603351946
LONG,0,40-60,1.5,8453,10.0,5.0,2.0,60,0.3314799479474742,-0.005560156157577434,0.3333333333333333,-0.0018533853858591076,False,False,True,False,0.16351591151070613
LONG,1,20-40,3.0,359,30.0,15.0,2.0,30,0.3314763231197771,-0.005571030640668773,0.3333333333333333,-0.0018570102135562205,False,False,True,False,0.16350974930362105
SHORT,0,20-40,3.0,175,20.0,10.0,2.0,10,0.3314285714285714,-0.005714285714285783,0.3333333333333333,-0.001904761904761909,False,False,True,False,0.1634285714285714
LONG,1,0-20,3.5,172,20.0,10.0,2.0,60,0.3313953488372093,-0.005813953488372214,0.3333333333333333,-0.0019379844961240345,False,False,True,False,0.16337209302325575
LONG,1,0-20,3.5,172,20.0,10.0,2.0,120,0.3313953488372093,-0.005813953488372214,0.3333333333333333,-0.0019379844961240345,False,False,True,False,0.16337209302325575
LONG,2,60-80,2.0,2483,5.0,5.0,1.0,60,0.4357631896898912,-0.12847362062021755,0.5,-0.0642368103101088,False,False,True,False,0.16328030608135313
LONG,2,60-80,2.0,2483,5.0,5.0,1.0,120,0.4357631896898912,-0.12847362062021755,0.5,-0.0642368103101088,False,False,True,False,0.16328030608135313
SHORT,2,60-80,2.0,2499,20.0,10.0,2.0,120,0.3313325330132052,-0.006002400960384402,0.3333333333333333,-0.0020008003201281155,False,False,True,False,0.16326530612244886
SHORT,1,0-20,3.5,157,15.0,10.0,1.5,60,0.375796178343949,-0.060509554140127486,0.4,-0.024203821656051006,False,False,True,False,0.16308917197452225
SHORT,1,0-20,3.5,157,15.0,10.0,1.5,120,0.375796178343949,-0.060509554140127486,0.4,-0.024203821656051006,False,False,True,False,0.16308917197452225
LONG,0,20-40,2.5,877,5.0,5.0,1.0,20,0.43557582668187,-0.12884834663626,0.5,-0.06442417331813,False,False,True,False,0.1630273660205245
LONG,2,60-80,1.5,5060,5.0,5.0,1.0,60,0.4355731225296442,-0.1288537549407116,0.5,-0.0644268774703558,False,False,True,False,0.16302371541501967
LONG,2,60-80,1.5,5060,5.0,5.0,1.0,120,0.4355731225296442,-0.1288537549407116,0.5,-0.0644268774703558,False,False,True,False,0.16302371541501967
SHORT,0,60-80,1.5,11293,15.0,10.0,1.5,120,0.3757194722394403,-0.06070131940139922,0.4,-0.024280527760559723,False,False,True,False,0.16297219516514647
SHORT,2,0-20,1.5,7338,15.0,10.0,1.5,120,0.3757154538021259,-0.060711365494685254,0.4,-0.024284546197874124,False,False,True,False,0.16296606704824199
LONG,0,40-60,1.5,8453,15.0,10.0,1.5,20,0.3756062936235656,-0.06098426594108597,0.4,-0.0243937063764344,False,False,True,False,0.16279959777593758
LONG,0,40-60,2.0,3057,10.0,5.0,2.0,20,0.3310435067059208,-0.006869479882237628,0.3333333333333333,-0.0022898266274125056,False,False,True,False,0.16277396140006534
LONG,1,40-60,3.5,145,30.0,15.0,2.0,120,0.3310344827586207,-0.006896551724137945,0.3333333333333333,-0.0022988505747126298,False,False,True,False,0.1627586206896552
LONG,0,60-80,1.5,9666,5.0,5.0,1.0,60,0.4353403683012621,-0.1293192633974758,0.5,-0.0646596316987379,False,False,True,False,0.16270949720670386
LONG,0,0-20,3.0,253,15.0,10.0,1.5,120,0.375494071146245,-0.06126482213438755,0.4,-0.02450592885375502,False,False,True,False,0.1626284584980236
SHORT,0,0-20,2.0,4503,20.0,10.0,2.0,120,0.3308905174328225,-0.0073284477015325145,0.3333333333333333,-0.0024428159005108196,False,False,True,False,0.16251387963579825
LONG,0,80-100,2.5,922,10.0,5.0,2.0,20,0.3308026030368763,-0.007592190889371131,0.3333333333333333,-0.0025307302964570066,False,False,True,False,0.1623644251626897
SHORT,1,20-40,2.0,2110,5.0,5.0,1.0,20,0.4350710900473933,-0.1298578199052134,0.5,-0.0649289099526067,False,False,True,False,0.16234597156398098
LONG,1,60-80,2.5,1002,15.0,10.0,1.5,60,0.3752495009980039,-0.06187624750499021,0.4,-0.024750499001996107,False,False,True,False,0.16225548902195597
LONG,1,60-80,2.5,1002,15.0,10.0,1.5,120,0.3752495009980039,-0.06187624750499021,0.4,-0.024750499001996107,False,False,True,False,0.16225548902195597
SHORT,0,80-100,2.5,899,5.0,5.0,1.0,60,0.4349276974416017,-0.13014460511679665,0.5,-0.0650723025583983,False,False,True,False,0.1621523915461623
SHORT,0,80-100,2.5,899,5.0,5.0,1.0,120,0.4349276974416017,-0.13014460511679665,0.5,-0.0650723025583983,False,False,True,False,0.1621523915461623
SHORT,0,20-40,1.5,10677,15.0,10.0,1.5,120,0.3751053666760326,-0.062236583309918436,0.4,-0.024894633323967408,False,False,True,False,0.16203568418094974
SHORT,0,20-40,2.5,784,15.0,10.0,1.5,30,0.375,-0.0625,0.4,-0.025000000000000022,False,False,True,False,0.161875
LONG,2,60-80,3.0,312,15.0,10.0,1.5,30,0.375,-0.0625,0.4,-0.025000000000000022,False,False,True,False,0.161875
LONG,2,80-100,2.5,944,20.0,10.0,2.0,120,0.3305084745762712,-0.008474576271186418,0.3333333333333333,-0.002824858757062121,False,False,True,False,0.16186440677966105
LONG,1,20-40,3.5,118,30.0,15.0,2.0,60,0.3305084745762712,-0.008474576271186418,0.3333333333333333,-0.002824858757062121,False,False,True,False,0.16186440677966105
LONG,0,80-100,2.0,3477,20.0,10.0,2.0,60,0.3304572907679033,-0.008628127696290067,0.3333333333333333,-0.0028760425654300037,False,False,True,False,0.1617773943054356
SHORT,0,20-40,2.0,3371,5.0,5.0,1.0,10,0.4345891426876297,-0.13082171462474057,0.5,-0.06541085731237029,False,False,True,False,0.1616953426283001
SHORT,1,40-60,2.0,2038,15.0,10.0,1.5,30,0.3748773307163886,-0.06280667320902844,0.4,-0.0251226692836114,False,False,True,False,0.16168792934249265
LONG,2,60-80,2.0,2483,5.0,5.0,1.0,30,0.4345549738219895,-0.13089005235602102,0.5,-0.06544502617801051,False,False,True,False,0.1616492146596858
LONG,1,40-60,2.0,2570,30.0,15.0,2.0,60,0.3303501945525292,-0.00894941634241253,0.3333333333333333,-0.00298313878080414,False,False,True,False,0.16159533073929958
LONG,0,80-100,2.0,3477,15.0,10.0,1.5,30,0.3747483462755249,-0.06312913431118783,0.4,-0.02525165372447513,False,False,True,False,0.16149122807017544
LONG,1,40-60,3.0,347,15.0,10.0,1.5,20,0.3746397694524496,-0.06340057636887597,0.4,-0.025360230547550433,False,False,True,False,0.16132564841498565
SHORT,0,20-40,3.0,175,5.0,5.0,1.0,10,0.4342857142857143,-0.13142857142857145,0.5,-0.06571428571428573,False,False,True,False,0.16128571428571425
SHORT,2,80-100,1.5,4737,10.0,5.0,2.0,120,0.3301667722187038,-0.00949968334388862,0.3333333333333333,-0.0031665611146295403,False,False,True,False,0.16128351277179642
LONG,2,80-100,2.0,2308,20.0,10.0,2.0,120,0.3301559792027729,-0.009532062391681362,0.3333333333333333,-0.003177354130560417,False,False,True,False,0.1612651646447139
SHORT,2,80-100,2.5,730,10.0,5.0,2.0,120,0.3301369863013698,-0.009589041095890649,0.3333333333333333,-0.003196347031963531,False,False,True,False,0.16123287671232864
SHORT,0,0-20,2.5,1034,5.0,5.0,1.0,60,0.4342359767891682,-0.13152804642166366,0.5,-0.0657640232108318,False,False,True,False,0.16121856866537704
LONG,2,60-80,1.5,5060,5.0,5.0,1.0,30,0.4341897233201581,-0.13162055335968376,0.5,-0.0658102766798419,False,False,True,False,0.16115612648221345
SHORT,2,60-80,1.5,5420,20.0,10.0,2.0,120,0.3300738007380074,-0.009778597785977783,0.3333333333333333,-0.003259532595325909,False,False,True,False,0.1611254612546126
SHORT,0,40-60,1.5,10374,15.0,10.0,1.5,60,0.374493927125506,-0.06376518218623495,0.4,-0.025506072874494023,False,False,True,False,0.1611032388663967
SHORT,1,20-40,2.0,2110,15.0,10.0,1.5,60,0.3744075829383886,-0.06398104265402849,0.4,-0.025592417061611417,False,False,True,False,0.16097156398104262
LONG,0,20-40,1.5,8519,10.0,5.0,2.0,60,0.329850921469656,-0.010447235591032,0.3333333333333333,-0.003482411863677315,False,False,True,False,0.1607465664984152
LONG,1,60-80,2.5,1002,15.0,10.0,1.5,30,0.374251497005988,-0.06437125748503003,0.4,-0.025748502994012046,False,False,True,False,0.16073353293413167
LONG,2,60-80,1.5,5060,20.0,10.0,2.0,120,0.3298418972332015,-0.010474308300395418,0.3333333333333333,-0.003491436100131806,False,False,True,False,0.16073122529644257
SHORT,2,40-60,2.5,823,15.0,10.0,1.5,120,0.3742405832320777,-0.06439854191980576,0.4,-0.025759416767922316,False,False,True,False,0.16071688942891849
SHORT,2,0-20,3.0,481,15.0,10.0,1.5,120,0.3742203742203742,-0.06444906444906451,0.4,-0.025779625779625837,False,False,True,False,0.16068607068607066
SHORT,0,80-100,2.5,899,5.0,5.0,1.0,30,0.4338153503893214,-0.1323692992213572,0.5,-0.0661846496106786,False,False,True,False,0.1606507230255839
SHORT,1,0-20,2.5,930,15.0,10.0,1.5,120,0.3741935483870968,-0.06451612903225801,0.4,-0.025806451612903236,False,False,True,False,0.1606451612903226
SHORT,1,80-100,2.5,1208,15.0,10.0,1.5,60,0.3741721854304636,-0.064569536423841,0.4,-0.025827814569536423,False,False,True,False,0.160612582781457
SHORT,1,20-40,3.0,273,30.0,15.0,2.0,30,0.3296703296703296,-0.010989010989011172,0.3333333333333333,-0.0036630036630037055,False,False,True,False,0.16043956043956034
SHORT,1,20-40,3.0,273,20.0,10.0,2.0,120,0.3296703296703296,-0.010989010989011172,0.3333333333333333,-0.0036630036630037055,False,False,True,False,0.16043956043956034
LONG,1,0-20,3.0,452,20.0,10.0,2.0,60,0.329646017699115,-0.011061946902655051,0.3333333333333333,-0.0036873156342183133,False,False,True,False,0.16039823008849546
LONG,1,0-20,3.0,452,20.0,10.0,2.0,120,0.329646017699115,-0.011061946902655051,0.3333333333333333,-0.0036873156342183133,False,False,True,False,0.16039823008849546
SHORT,0,40-60,3.0,179,20.0,10.0,2.0,20,0.329608938547486,-0.011173184357541888,0.3333333333333333,-0.003724394785847296,False,False,True,False,0.16033519553072625
SHORT,0,40-60,3.0,179,20.0,10.0,2.0,30,0.329608938547486,-0.011173184357541888,0.3333333333333333,-0.003724394785847296,False,False,True,False,0.16033519553072625
SHORT,0,60-80,1.5,11293,15.0,10.0,1.5,60,0.3739484636500487,-0.06512884087487825,0.4,-0.026051536349951332,False,False,True,False,0.16027140706632426
LONG,0,20-40,2.5,877,20.0,10.0,2.0,30,0.3295324971493729,-0.011402508551881296,0.3333333333333333,-0.003800836183960432,False,False,True,False,0.16020524515393392
LONG,2,20-40,1.5,5263,30.0,15.0,2.0,120,0.3294698840965229,-0.011590347710431326,0.3333333333333333,-0.0038634492368104234,False,False,True,False,0.16009880296408893
LONG,0,40-60,2.0,3057,20.0,10.0,2.0,30,0.329407916257769,-0.011776251226693013,0.3333333333333333,-0.003925417075564319,False,False,True,False,0.1599934576382073
LONG,2,60-80,2.0,2483,15.0,10.0,1.5,30,0.373741441804269,-0.06564639548932749,0.4,-0.02625855819573103,False,False,True,False,0.15995569875151022
SHORT,0,40-60,1.5,10374,5.0,5.0,1.0,10,0.4332947754000386,-0.13341044919992284,0.5,-0.06670522459996142,False,False,True,False,0.1599479467900521
SHORT,2,0-20,2.0,3332,15.0,10.0,1.5,120,0.3736494597839135,-0.06587635054021623,0.4,-0.026350540216086515,False,False,True,False,0.1598154261704681
LONG,0,20-40,1.5,8519,15.0,10.0,1.5,20,0.3736354032163399,-0.06591149195915025,0.4,-0.0263645967836601,False,False,True,False,0.15979398990491836
LONG,2,40-60,3.0,322,20.0,10.0,2.0,60,0.3291925465838509,-0.01242236024844734,0.3333333333333333,-0.004140786749482428,False,False,True,False,0.1596273291925465
SHORT,2,80-100,1.5,4737,5.0,5.0,1.0,10,0.4329744564070086,-0.1340510871859828,0.5,-0.0670255435929914,False,False,True,False,0.1595155161494616
LONG,0,60-80,1.5,9666,20.0,10.0,2.0,60,0.3290916614938961,-0.012725015518311622,0.3333333333333333,-0.004241671839437189,False,False,True,False,0.1594558245396234
LONG,1,80-100,2.0,3899,20.0,10.0,2.0,60,0.3290587330084637,-0.012823800974608779,0.3333333333333333,-0.004274600324869593,False,False,True,False,0.15939984611438834
LONG,0,20-40,2.0,3191,10.0,5.0,2.0,120,0.3290504544030084,-0.01284863679097481,0.3333333333333333,-0.004282878930324918,False,False,True,False,0.1593857724851143
SHORT,1,80-100,1.5,8389,30.0,15.0,2.0,120,0.329002264870664,-0.012993205388008078,0.3333333333333333,-0.004331068462669341,False,False,True,False,0.15930385028012878
LONG,1,40-60,1.5,5617,30.0,15.0,2.0,60,0.3290012462168417,-0.012996261349474958,0.3333333333333333,-0.004332087116491634,False,False,True,False,0.15930211856863086
SHORT,1,40-60,1.5,5231,5.0,5.0,1.0,60,0.4328044350984515,-0.13439112980309703,0.5,-0.06719556490154849,False,False,True,False,0.15928598738290956
SHORT,1,40-60,1.5,5231,5.0,5.0,1.0,120,0.4328044350984515,-0.13439112980309703,0.5,-0.06719556490154849,False,False,True,False,0.15928598738290956
SHORT,0,80-100,2.5,899,5.0,5.0,1.0,20,0.4327030033370411,-0.13459399332591776,0.5,-0.06729699666295891,False,False,True,False,0.1591490545050055
LONG,0,60-80,2.5,1112,15.0,10.0,1.5,60,0.3732014388489209,-0.06699640287769781,0.4,-0.026798561151079148,False,False,True,False,0.1591321942446043
LONG,2,80-100,1.5,4658,5.0,5.0,1.0,20,0.4325890940317733,-0.13482181193645332,0.5,-0.06741090596822669,False,False,True,False,0.158995276942894
LONG,0,40-60,2.0,3057,30.0,15.0,2.0,120,0.3287536800785083,-0.013738959764475145,0.3333333333333333,-0.004579653254825011,False,False,True,False,0.1588812561334641
SHORT,1,60-80,1.5,6537,5.0,5.0,1.0,10,0.4324613737188312,-0.1350772525623376,0.5,-0.0675386262811688,False,False,True,False,0.15882285452042214
LONG,0,60-80,1.5,9666,5.0,5.0,1.0,30,0.4324436168011587,-0.13511276639768255,0.5,-0.06755638319884127,False,False,True,False,0.15879888268156428
LONG,1,20-40,3.0,359,20.0,10.0,2.0,10,0.3286908077994429,-0.013927576601671432,0.3333333333333333,-0.00464252553389044,False,False,True,False,0.1587743732590529
LONG,2,80-100,1.5,4658,20.0,10.0,2.0,120,0.328681837698583,-0.013954486904251051,0.3333333333333333,-0.004651495634750313,False,False,True,False,0.1587591240875911
LONG,1,80-100,3.0,547,15.0,10.0,1.5,10,0.3729433272394881,-0.06764168190127984,0.4,-0.027056672760511935,False,False,True,False,0.15873857404021932
LONG,0,40-60,1.5,8453,10.0,5.0,2.0,30,0.3286407192712646,-0.014077842186206224,0.3333333333333333,-0.004692614062068723,False,False,True,False,0.15868922276114983
LONG,0,20-40,3.0,236,15.0,10.0,1.5,30,0.3728813559322034,-0.06779661016949146,0.4,-0.027118644067796627,False,False,True,False,0.15864406779661022
SHORT,0,40-60,2.0,3424,5.0,5.0,1.0,10,0.4322429906542056,-0.1355140186915888,0.5,-0.06775700934579437,False,False,True,False,0.1585280373831776
SHORT,0,80-100,2.0,3644,30.0,15.0,2.0,120,0.3284851811196487,-0.01454445664105386,0.3333333333333333,-0.00484815221368462,False,False,True,False,0.1584248079034028
LONG,2,60-80,2.0,2483,5.0,5.0,1.0,20,0.4321385420861861,-0.13572291582762785,0.5,-0.06786145791381393,False,False,True,False,0.1583870318163512
LONG,0,60-80,1.5,9666,10.0,5.0,2.0,120,0.3283674736188702,-0.014897579143389406,0.3333333333333333,-0.004965859714463117,False,False,True,False,0.15822470515207934
LONG,1,60-80,2.5,1002,30.0,15.0,2.0,120,0.3283433133732535,-0.014970059880239472,0.3333333333333333,-0.004990019960079806,False,False,True,False,0.15818363273453098
SHORT,1,60-80,2.5,920,30.0,15.0,2.0,120,0.3282608695652174,-0.01521739130434785,0.3333333333333333,-0.005072463768115931,False,False,True,False,0.15804347826086954
LONG,1,60-80,1.5,6118,20.0,10.0,2.0,120,0.3282118339326577,-0.01536449820202701,0.3333333333333333,-0.005121499400675633,False,False,True,False,0.15796011768551804
LONG,1,0-20,1.5,7283,15.0,10.0,1.5,60,0.3723740216943567,-0.06906494576410827,0.4,-0.02762597830564334,False,False,True,False,0.15787038308389395
SHORT,0,40-60,2.0,3424,15.0,10.0,1.5,120,0.3723714953271028,-0.06907126168224298,0.4,-0.027628504672897236,False,False,True,False,0.15786653037383178
LONG,2,20-40,2.5,1030,20.0,10.0,2.0,120,0.3281553398058252,-0.01553398058252442,0.3333333333333333,-0.00517799352750814,False,False,True,False,0.15786407766990282
LONG,0,20-40,1.5,8519,30.0,15.0,2.0,120,0.3280901514262237,-0.015729545721328786,0.3333333333333333,-0.005243181907109595,False,False,True,False,0.15775325742458035
LONG,1,60-80,2.5,1002,15.0,10.0,1.5,20,0.3722554890219561,-0.06936127744510978,0.4,-0.027744510978043924,False,False,True,False,0.15768962075848306
SHORT,1,0-20,2.5,930,15.0,10.0,1.5,60,0.3720430107526882,-0.06989247311827951,0.4,-0.027956989247311825,False,False,True,False,0.1573655913978495
LONG,2,40-60,2.5,965,15.0,10.0,1.5,60,0.372020725388601,-0.06994818652849755,0.4,-0.02797927461139904,False,False,True,False,0.1573316062176165
LONG,0,20-40,2.0,3191,10.0,5.0,2.0,60,0.3277969288624255,-0.016609213412723478,0.3333333333333333,-0.0055364044709078075,False,False,True,False,0.15725477906612337
LONG,1,80-100,1.5,8900,20.0,10.0,2.0,120,0.327752808988764,-0.016741573033707935,0.3333333333333333,-0.005580524344569293,False,False,True,False,0.15717977528089885
SHORT,0,60-80,1.5,11293,5.0,5.0,1.0,10,0.4312405915168688,-0.13751881696626245,0.5,-0.06875940848313122,False,False,True,False,0.15717479854777283
LONG,2,60-80,1.5,5060,5.0,5.0,1.0,20,0.4312252964426877,-0.1375494071146246,0.5,-0.0687747035573123,False,False,True,False,0.15715415019762838
SHORT,0,60-80,3.5,119,30.0,15.0,2.0,20,0.3277310924369748,-0.01680672268907568,0.3333333333333333,-0.0056022408963585235,False,False,True,False,0.15714285714285714
SHORT,0,60-80,3.5,119,30.0,15.0,2.0,30,0.3277310924369748,-0.01680672268907568,0.3333333333333333,-0.0056022408963585235,False,False,True,False,0.15714285714285714
SHORT,0,60-80,3.5,119,30.0,15.0,2.0,60,0.3277310924369748,-0.01680672268907568,0.3333333333333333,-0.0056022408963585235,False,False,True,False,0.15714285714285714
SHORT,0,60-80,3.5,119,30.0,15.0,2.0,120,0.3277310924369748,-0.01680672268907568,0.3333333333333333,-0.0056022408963585235,False,False,True,False,0.15714285714285714
LONG,1,20-40,2.5,946,30.0,15.0,2.0,30,0.3276955602536998,-0.016913319238900715,0.3333333333333333,-0.005637773079633535,False,False,True,False,0.15708245243128963
SHORT,2,40-60,1.5,4669,30.0,15.0,2.0,120,0.3276932962090383,-0.01692011137288507,0.3333333333333333,-0.005640037124295005,False,False,True,False,0.15707860355536513
LONG,2,80-100,2.0,2308,5.0,5.0,1.0,120,0.4311091854419411,-0.1377816291161178,0.5,-0.0688908145580589,False,False,True,False,0.1569974003466205
LONG,0,80-100,3.5,116,30.0,15.0,2.0,120,0.3275862068965517,-0.017241379310344862,0.3333333333333333,-0.005747126436781602,False,False,True,False,0.1568965517241379
LONG,0,80-100,2.5,922,20.0,10.0,2.0,20,0.3275488069414317,-0.017353579175705014,0.3333333333333333,-0.005784526391901634,False,False,True,False,0.15683297180043382
LONG,1,0-20,3.0,452,15.0,10.0,1.5,10,0.3716814159292035,-0.07079646017699126,0.4,-0.028318584070796515,False,False,True,False,0.15681415929203535
LONG,0,40-60,1.5,8453,20.0,10.0,2.0,60,0.3274577073228439,-0.01762687803146823,0.3333333333333333,-0.00587562601048941,False,False,True,False,0.15667810244883468
SHORT,2,40-60,2.0,2119,5.0,5.0,1.0,20,0.4308636149126946,-0.13827277017461087,0.5,-0.06913638508730541,False,False,True,False,0.15666588013213767
SHORT,2,80-100,3.0,218,15.0,10.0,1.5,20,0.3715596330275229,-0.07110091743119284,0.4,-0.02844036697247715,False,False,True,False,0.15662844036697238
LONG,1,60-80,1.5,6118,20.0,10.0,2.0,60,0.3273945733899967,-0.017816279830009774,0.3333333333333333,-0.005938759943336591,False,False,True,False,0.15657077476299447
LONG,1,20-40,1.5,5554,20.0,10.0,2.0,30,0.3273316528628016,-0.018005041411595202,0.3333333333333333,-0.006001680470531734,False,False,True,False,0.15646380986676273
SHORT,0,20-40,3.0,175,15.0,10.0,1.5,10,0.3714285714285714,-0.07142857142857151,0.4,-0.028571428571428636,False,False,True,False,0.15642857142857136
LONG,0,60-80,1.5,9666,5.0,5.0,1.0,20,0.430684874818953,-0.13863025036209398,0.5,-0.06931512518104699,False,False,True,False,0.15642458100558657
LONG,1,40-60,2.5,990,20.0,10.0,2.0,60,0.3272727272727272,-0.01818181818181841,0.3333333333333333,-0.0060606060606061,False,False,True,False,0.15636363636363626
LONG,1,80-100,3.0,547,20.0,10.0,2.0,60,0.3272394881170018,-0.018281535648994596,0.3333333333333333,-0.006093845216331495,False,False,True,False,0.15630712979890307
LONG,1,80-100,3.0,547,20.0,10.0,2.0,120,0.3272394881170018,-0.018281535648994596,0.3333333333333333,-0.006093845216331495,False,False,True,False,0.15630712979890307
LONG,0,20-40,2.0,3191,5.0,5.0,1.0,10,0.4305860231902225,-0.13882795361955497,0.5,-0.06941397680977751,False,False,True,False,0.1562911313068004
SHORT,1,80-100,1.5,8389,20.0,10.0,2.0,120,0.3272142090833234,-0.0183573727500298,0.3333333333333333,-0.006119124250009933,False,False,True,False,0.1562641554416498
SHORT,1,40-60,1.5,5231,5.0,5.0,1.0,30,0.4305104186580004,-0.13897916268399918,0.5,-0.06948958134199962,False,False,True,False,0.15618906518830056
SHORT,1,20-40,2.5,703,30.0,15.0,2.0,120,0.3271692745376955,-0.018492176386913473,0.3333333333333333,-0.006164058795637806,False,False,True,False,0.15618776671408238
LONG,2,0-20,3.0,598,15.0,10.0,1.5,60,0.3712374581939799,-0.07190635451505023,0.4,-0.028762541806020114,False,False,True,False,0.15613712374581934
LONG,0,60-80,2.0,3715,5.0,5.0,1.0,120,0.4304172274562584,-0.1391655450874833,0.5,-0.06958277254374162,False,False,True,False,0.15606325706594878
LONG,0,0-20,2.0,4136,15.0,10.0,1.5,60,0.3711315280464217,-0.07217117988394584,0.4,-0.028868471953578334,False,False,True,False,0.15597558027079306
SHORT,0,20-40,1.5,10677,15.0,10.0,1.5,60,0.3710780181698979,-0.07230495457525532,0.4,-0.02892198183010214,False,False,True,False,0.15589397770909427
LONG,1,80-100,4.0,104,20.0,10.0,2.0,60,0.3269230769230769,-0.019230769230769273,0.3333333333333333,-0.0064102564102563875,False,False,True,False,0.15576923076923077
LONG,1,80-100,4.0,104,20.0,10.0,2.0,120,0.3269230769230769,-0.019230769230769273,0.3333333333333333,-0.0064102564102563875,False,False,True,False,0.15576923076923077
SHORT,0,40-60,2.5,814,20.0,10.0,2.0,120,0.3267813267813267,-0.01965601965601993,0.3333333333333333,-0.006552006552006606,False,False,True,False,0.1555282555282554
SHORT,0,80-100,1.5,10840,15.0,10.0,1.5,30,0.3707564575645756,-0.07310885608856099,0.4,-0.02924354243542443,False,False,True,False,0.1554035977859778
SHORT,1,0-20,3.0,352,20.0,10.0,2.0,60,0.3267045454545454,-0.019886363636363757,0.3333333333333333,-0.006628787878787901,False,False,True,False,0.1553977272727272
SHORT,1,0-20,3.0,352,20.0,10.0,2.0,120,0.3267045454545454,-0.019886363636363757,0.3333333333333333,-0.006628787878787901,False,False,True,False,0.1553977272727272
LONG,0,40-60,3.0,199,20.0,10.0,2.0,30,0.3266331658291457,-0.0201005025125629,0.3333333333333333,-0.006700167504187615,False,False,True,False,0.1552763819095477
LONG,0,40-60,3.0,199,30.0,15.0,2.0,30,0.3266331658291457,-0.0201005025125629,0.3333333333333333,-0.006700167504187615,False,False,True,False,0.1552763819095477
LONG,2,80-100,2.0,2308,5.0,5.0,1.0,60,0.4298093587521663,-0.1403812824956674,0.5,-0.0701906412478337,False,False,True,False,0.1552426343154245
LONG,1,60-80,2.0,2744,20.0,10.0,2.0,120,0.3265306122448979,-0.020408163265306367,0.3333333333333333,-0.006802721088435437,False,False,True,False,0.1551020408163264
LONG,1,60-80,1.5,6118,15.0,10.0,1.5,20,0.3705459300424975,-0.07363517489375637,0.4,-0.02945406995750255,False,False,True,False,0.1550825433148086
LONG,0,60-80,2.0,3715,10.0,5.0,2.0,120,0.326514131897712,-0.02045760430686394,0.3333333333333333,-0.006819201435621314,False,False,True,False,0.15507402422611044
LONG,0,60-80,2.0,3715,5.0,5.0,1.0,60,0.4296096904441454,-0.1407806191117093,0.5,-0.07039030955585462,False,False,True,False,0.15497308209959623
SHORT,1,40-60,2.5,686,15.0,10.0,1.5,30,0.3702623906705539,-0.07434402332361534,0.4,-0.029737609329446135,False,False,True,False,0.15465014577259464
SHORT,0,80-100,2.5,899,5.0,5.0,1.0,10,0.4293659621802002,-0.14126807563959964,0.5,-0.07063403781979982,False,False,True,False,0.15464404894327025
LONG,2,0-20,3.5,233,20.0,10.0,2.0,120,0.3261802575107296,-0.02145922746781126,0.3333333333333333,-0.007153075822603716,False,False,True,False,0.1545064377682403
LONG,1,60-80,2.0,2744,20.0,10.0,2.0,60,0.3261661807580175,-0.02150145772594747,0.3333333333333333,-0.007167152575315805,False,False,True,False,0.15448250728862975
LONG,2,80-100,1.5,4658,15.0,10.0,1.5,60,0.3701159295835122,-0.07471017604121954,0.4,-0.02988407041648783,False,False,True,False,0.1544267926148561
LONG,1,80-100,1.5,8900,15.0,10.0,1.5,20,0.3701123595505618,-0.07471910112359548,0.4,-0.029887640449438202,False,False,True,False,0.15442134831460677
SHORT,2,60-80,1.5,5420,5.0,5.0,1.0,60,0.4291512915129151,-0.14169741697416982,0.5,-0.07084870848708491,False,False,True,False,0.15435424354243538
SHORT,2,60-80,1.5,5420,5.0,5.0,1.0,120,0.4291512915129151,-0.14169741697416982,0.5,-0.07084870848708491,False,False,True,False,0.15435424354243538
LONG,2,40-60,3.5,138,20.0,10.0,2.0,60,0.3260869565217391,-0.021739130434782816,0.3333333333333333,-0.007246376811594235,False,False,True,False,0.15434782608695644
SHORT,2,0-20,3.0,481,15.0,10.0,1.5,60,0.3700623700623701,-0.07484407484407474,0.4,-0.02993762993762994,False,False,True,False,0.15434511434511441
LONG,2,80-100,2.0,2308,15.0,10.0,1.5,60,0.3700173310225303,-0.07495667244367421,0.4,-0.029982668977469706,False,False,True,False,0.1542764298093587
LONG,0,60-80,2.0,3715,30.0,15.0,2.0,60,0.3259757738896366,-0.022072678331090168,0.3333333333333333,-0.007357559443696704,False,False,True,False,0.15415881561238226
SHORT,2,80-100,1.5,4737,10.0,5.0,2.0,60,0.3259446907325311,-0.022165927802406782,0.3333333333333333,-0.007388642600802242,False,False,True,False,0.15410597424530284
SHORT,0,80-100,2.5,899,30.0,15.0,2.0,120,0.3259176863181313,-0.022246941045606206,0.3333333333333333,-0.0074156470152020315,False,False,True,False,0.15406006674082318
LONG,0,80-100,2.0,3477,10.0,5.0,2.0,60,0.3258556226632154,-0.022433132010353796,0.3333333333333333,-0.007477710670117932,False,False,True,False,0.15395455852746617
LONG,0,80-100,2.0,3477,10.0,5.0,2.0,120,0.3258556226632154,-0.022433132010353796,0.3333333333333333,-0.007477710670117932,False,False,True,False,0.15395455852746617
LONG,1,40-60,2.5,990,15.0,10.0,1.5,30,0.3696969696969697,-0.0757575757575758,0.4,-0.03030303030303033,False,False,True,False,0.15378787878787878
LONG,1,0-20,2.0,3468,15.0,10.0,1.5,120,0.3696655132641291,-0.07583621683967723,0.4,-0.030334486735870914,False,False,True,False,0.1537399077277969
SHORT,0,20-40,3.0,175,10.0,5.0,2.0,10,0.3257142857142857,-0.02285714285714302,0.3333333333333333,-0.007619047619047636,False,False,True,False,0.15371428571428564
SHORT,2,80-100,3.0,218,20.0,10.0,2.0,20,0.3256880733944954,-0.022935779816513846,0.3333333333333333,-0.007645259938837912,False,False,True,False,0.15366972477064217
LONG,0,60-80,2.5,1112,15.0,10.0,1.5,30,0.3696043165467625,-0.07598920863309366,0.4,-0.03039568345323751,False,False,True,False,0.15364658273381288
LONG,1,40-60,3.0,347,30.0,15.0,2.0,120,0.3256484149855908,-0.023054755043227737,0.3333333333333333,-0.007684918347742542,False,False,True,False,0.1536023054755043
LONG,2,40-60,3.0,322,15.0,10.0,1.5,60,0.3695652173913043,-0.07608695652173914,0.4,-0.0304347826086957,False,False,True,False,0.15358695652173912
LONG,2,40-60,3.5,138,15.0,10.0,1.5,120,0.3695652173913043,-0.07608695652173914,0.4,-0.0304347826086957,False,False,True,False,0.15358695652173912
LONG,2,80-100,2.0,2308,5.0,5.0,1.0,30,0.4285095320623917,-0.1429809358752166,0.5,-0.07149046793760833,False,False,True,False,0.15348786828422878
SHORT,1,0-20,3.5,157,15.0,10.0,1.5,30,0.3694267515923566,-0.07643312101910849,0.4,-0.030573248407643416,False,False,True,False,0.15337579617834382
SHORT,1,80-100,2.0,3453,30.0,15.0,2.0,120,0.3255140457573124,-0.023457862728062717,0.3333333333333333,-0.007819287576020906,False,False,True,False,0.1533738777874311
LONG,1,80-100,2.0,3899,30.0,15.0,2.0,120,0.3254680687355732,-0.023595793793280362,0.3333333333333333,-0.007865264597760102,False,False,True,False,0.15329571685047447
SHORT,0,80-100,2.0,3644,10.0,5.0,2.0,120,0.3254665203073545,-0.023600439077936408,0.3333333333333333,-0.007866813025978803,False,False,True,False,0.15329308452250268
SHORT,1,40-60,3.0,260,15.0,10.0,1.5,30,0.3692307692307692,-0.07692307692307698,0.4,-0.030769230769230826,False,False,True,False,0.15307692307692303
SHORT,1,40-60,3.0,260,15.0,10.0,1.5,60,0.3692307692307692,-0.07692307692307698,0.4,-0.030769230769230826,False,False,True,False,0.15307692307692303
SHORT,1,40-60,3.0,260,15.0,10.0,1.5,120,0.3692307692307692,-0.07692307692307698,0.4,-0.030769230769230826,False,False,True,False,0.15307692307692303
SHORT,1,80-100,2.5,1208,15.0,10.0,1.5,30,0.369205298013245,-0.07698675496688756,0.4,-0.030794701986755046,False,False,True,False,0.15303807947019857
LONG,0,80-100,2.0,3477,10.0,5.0,2.0,30,0.3252804141501294,-0.02415875754961172,0.3333333333333333,-0.008052919183203888,False,False,True,False,0.15297670405522004
SHORT,2,80-100,2.0,2189,15.0,10.0,1.5,30,0.3691183188670626,-0.07720420283234353,0.4,-0.030881681132937433,False,False,True,False,0.15290543627227043
SHORT,0,80-100,2.0,3644,10.0,5.0,2.0,60,0.325192096597146,-0.024423710208562044,0.3333333333333333,-0.00814123673618733,False,False,True,False,0.15282656421514818
LONG,2,80-100,2.5,944,5.0,5.0,1.0,120,0.4279661016949153,-0.1440677966101695,0.5,-0.07203389830508472,False,False,True,False,0.15275423728813564
SHORT,1,0-20,1.5,7041,5.0,5.0,1.0,120,0.427922170146286,-0.14415565970742805,0.5,-0.07207782985371403,False,False,True,False,0.15269492969748605
LONG,0,20-40,2.5,877,10.0,5.0,2.0,60,0.3249714937286203,-0.02508551881413912,0.3333333333333333,-0.00836183960471304,False,False,True,False,0.1524515393386545
LONG,0,20-40,2.5,877,10.0,5.0,2.0,120,0.3249714937286203,-0.02508551881413912,0.3333333333333333,-0.00836183960471304,False,False,True,False,0.1524515393386545
SHORT,1,0-20,3.5,157,20.0,10.0,2.0,30,0.3248407643312102,-0.025477707006369532,0.3333333333333333,-0.00849256900212314,False,False,True,False,0.1522292993630573
LONG,0,20-40,1.5,8519,10.0,5.0,2.0,30,0.3248033806784834,-0.025589857964549823,0.3333333333333333,-0.008529952654849904,False,False,True,False,0.1521657471534218
LONG,2,60-80,3.0,312,15.0,10.0,1.5,20,0.3685897435897436,-0.07852564102564097,0.4,-0.03141025641025641,False,False,True,False,0.152099358974359
LONG,0,0-20,2.0,4136,5.0,5.0,1.0,10,0.4274661508704062,-0.14506769825918764,0.5,-0.07253384912959382,False,False,True,False,0.15207930367504835
LONG,1,60-80,2.0,2744,30.0,15.0,2.0,120,0.3247084548104956,-0.025874635568513216,0.3333333333333333,-0.00862487852283772,False,False,True,False,0.15200437317784252
SHORT,2,80-100,2.5,730,10.0,5.0,2.0,60,0.3246575342465753,-0.026027397260274143,0.3333333333333333,-0.00867579908675803,False,False,True,False,0.15191780821917797
SHORT,0,80-100,2.0,3644,20.0,10.0,2.0,120,0.3246432491767289,-0.026070252469813426,0.3333333333333333,-0.008690084156604438,False,False,True,False,0.1518935236004391
SHORT,2,40-60,1.5,4669,5.0,5.0,1.0,10,0.4272863568215892,-0.14542728635682156,0.5,-0.07271364317841078,False,False,True,False,0.15183658170914546
LONG,1,80-100,1.5,8900,30.0,15.0,2.0,120,0.3246067415730337,-0.026179775280898876,0.3333333333333333,-0.008726591760299607,False,False,True,False,0.1518314606741573
SHORT,1,40-60,1.5,5231,5.0,5.0,1.0,20,0.4272605620340279,-0.14547887593194414,0.5,-0.0727394379659721,False,False,True,False,0.1518017587459377
SHORT,1,40-60,1.5,5231,15.0,10.0,1.5,30,0.3683808067291149,-0.07904798317721273,0.4,-0.03161919327088514,False,False,True,False,0.15178073026190023
LONG,1,60-80,3.0,342,30.0,15.0,2.0,120,0.3245614035087719,-0.026315789473684403,0.3333333333333333,-0.00877192982456143,False,False,True,False,0.1517543859649122
LONG,0,60-80,1.5,9666,10.0,5.0,2.0,60,0.3245396234223049,-0.026381129733085262,0.3333333333333333,-0.008793709911028402,False,False,True,False,0.15171735981791837
LONG,0,40-60,1.5,8453,10.0,5.0,2.0,20,0.3245001774517922,-0.02649946764462341,0.3333333333333333,-0.0088331558815411,False,False,True,False,0.15165030166804674
LONG,0,40-60,2.5,792,20.0,10.0,2.0,20,0.3244949494949495,-0.02651515151515149,0.3333333333333333,-0.008838383838383812,False,False,True,False,0.15164141414141416
SHORT,0,0-20,1.5,13687,5.0,5.0,1.0,10,0.4271206254109739,-0.14575874917805226,0.5,-0.0728793745890261,False,False,True,False,0.15161284430481475
LONG,0,0-20,2.5,1085,10.0,5.0,2.0,120,0.3244239631336406,-0.026728110599078314,0.3333333333333333,-0.008909370199692734,False,False,True,False,0.151520737327189
LONG,1,0-20,2.5,1369,15.0,10.0,1.5,120,0.3681519357195033,-0.07962016070124178,0.4,-0.031848064280496746,False,False,True,False,0.1514317019722425
SHORT,1,0-20,2.0,2700,15.0,10.0,1.5,120,0.3681481481481481,-0.07962962962962972,0.4,-0.03185185185185191,False,False,True,False,0.15142592592592585
LONG,0,60-80,2.0,3715,20.0,10.0,2.0,30,0.3243606998654105,-0.026917900403768513,0.3333333333333333,-0.00897263346792282,False,False,True,False,0.15141318977119786
SHORT,2,60-80,2.0,2499,5.0,5.0,1.0,60,0.4269707883153261,-0.14605842336934782,0.5,-0.07302921168467391,False,False,True,False,0.15141056422569021
SHORT,2,60-80,2.0,2499,5.0,5.0,1.0,120,0.4269707883153261,-0.14605842336934782,0.5,-0.07302921168467391,False,False,True,False,0.15141056422569021
LONG,2,40-60,2.5,965,20.0,10.0,2.0,120,0.3243523316062176,-0.02694300518134718,0.3333333333333333,-0.00898100172711569,False,False,True,False,0.15139896373056996
SHORT,2,20-40,1.5,5581,15.0,10.0,1.5,120,0.3680344024368392,-0.07991399390790199,0.4,-0.03196559756316081,False,False,True,False,0.15125246371617979
LONG,2,20-40,2.0,2529,20.0,10.0,2.0,120,0.3242388295769078,-0.027283511269276528,0.3333333333333333,-0.00909450375642551,False,False,True,False,0.1512060102807433
SHORT,1,0-20,1.5,7041,5.0,5.0,1.0,60,0.4267859679022866,-0.14642806419542675,0.5,-0.07321403209771338,False,False,True,False,0.15116105666808693
LONG,2,80-100,2.0,2308,5.0,5.0,1.0,20,0.4267764298093587,-0.1464471403812826,0.5,-0.0732235701906413,False,False,True,False,0.15114818024263427
LONG,1,40-60,3.5,145,20.0,10.0,2.0,20,0.3241379310344827,-0.02758620689655189,0.3333333333333333,-0.00919540229885063,False,False,True,False,0.15103448275862058
LONG,1,40-60,3.5,145,20.0,10.0,2.0,30,0.3241379310344827,-0.02758620689655189,0.3333333333333333,-0.00919540229885063,False,False,True,False,0.15103448275862058
LONG,1,40-60,3.5,145,30.0,15.0,2.0,60,0.3241379310344827,-0.02758620689655189,0.3333333333333333,-0.00919540229885063,False,False,True,False,0.15103448275862058
LONG,1,20-40,2.0,2573,20.0,10.0,2.0,20,0.3241352506801399,-0.02759424795958043,0.3333333333333333,-0.00919808265319344,False,False,True,False,0.15102992615623778
LONG,2,60-80,1.5,5060,30.0,15.0,2.0,120,0.3241106719367589,-0.02766798418972327,0.3333333333333333,-0.009222661396574405,False,False,True,False,0.15098814229249016
SHORT,0,40-60,3.0,179,30.0,15.0,2.0,30,0.3240223463687151,-0.027932960893854775,0.3333333333333333,-0.00931098696461824,False,False,True,False,0.15083798882681565
SHORT,0,40-60,3.0,179,30.0,15.0,2.0,60,0.3240223463687151,-0.027932960893854775,0.3333333333333333,-0.00931098696461824,False,False,True,False,0.15083798882681565
SHORT,0,40-60,3.0,179,30.0,15.0,2.0,120,0.3240223463687151,-0.027932960893854775,0.3333333333333333,-0.00931098696461824,False,False,True,False,0.15083798882681565
SHORT,1,60-80,2.0,2611,10.0,5.0,2.0,60,0.3240137878207583,-0.027958636537725123,0.3333333333333333,-0.009319545512575023,False,False,True,False,0.1508234392952891
SHORT,1,60-80,2.0,2611,10.0,5.0,2.0,120,0.3240137878207583,-0.027958636537725123,0.3333333333333333,-0.009319545512575023,False,False,True,False,0.1508234392952891
LONG,0,20-40,2.5,877,5.0,5.0,1.0,10,0.4264538198403649,-0.1470923603192702,0.5,-0.0735461801596351,False,False,True,False,0.1507126567844926
LONG,2,60-80,2.5,910,5.0,5.0,1.0,60,0.4263736263736263,-0.1472527472527474,0.5,-0.0736263736263737,False,False,True,False,0.1506043956043955
LONG,2,60-80,2.5,910,5.0,5.0,1.0,120,0.4263736263736263,-0.1472527472527474,0.5,-0.0736263736263737,False,False,True,False,0.1506043956043955
LONG,2,60-80,3.0,312,20.0,10.0,2.0,120,0.3237179487179487,-0.028846153846153966,0.3333333333333333,-0.009615384615384637,False,False,True,False,0.15032051282051276
LONG,1,0-20,2.5,1369,15.0,10.0,1.5,60,0.3674214755295836,-0.08144631117604095,0.4,-0.032578524470416426,False,False,True,False,0.150317750182615
LONG,0,60-80,2.0,3715,5.0,5.0,1.0,30,0.4261103633916555,-0.1477792732166891,0.5,-0.07388963660834452,False,False,True,False,0.15024899057873486
LONG,0,0-20,1.5,11227,15.0,10.0,1.5,60,0.3672396900329562,-0.0819007749176095,0.4,-0.03276030996704382,False,False,True,False,0.1500405273002582
SHORT,1,80-100,4.0,102,30.0,15.0,2.0,60,0.3235294117647059,-0.02941176470588236,0.3333333333333333,-0.009803921568627416,False,False,True,False,0.15000000000000002
SHORT,1,80-100,4.0,102,30.0,15.0,2.0,120,0.3235294117647059,-0.02941176470588236,0.3333333333333333,-0.009803921568627416,False,False,True,False,0.15000000000000002
SHORT,1,60-80,2.0,2611,5.0,5.0,1.0,60,0.4258904634239754,-0.14821907315204919,0.5,-0.07410953657602459,False,False,True,False,0.14995212562236682
SHORT,1,60-80,2.0,2611,5.0,5.0,1.0,120,0.4258904634239754,-0.14821907315204919,0.5,-0.07410953657602459,False,False,True,False,0.14995212562236682
LONG,1,80-100,1.5,8900,20.0,10.0,2.0,60,0.3234831460674157,-0.02955056179775295,0.3333333333333333,-0.009850187265917631,False,False,True,False,0.14992134831460668
LONG,2,80-100,2.5,944,5.0,5.0,1.0,60,0.4258474576271186,-0.14830508474576276,0.5,-0.07415254237288138,False,False,True,False,0.14989406779661013
LONG,0,80-100,1.5,9442,10.0,5.0,2.0,120,0.3234484219445033,-0.029654734166490115,0.3333333333333333,-0.00988491138883002,False,False,True,False,0.1498623173056556
LONG,1,60-80,1.5,6118,5.0,5.0,1.0,30,0.4257927427263812,-0.14841451454723759,0.5,-0.07420725727361882,False,False,True,False,0.14982020268061463
LONG,1,60-80,1.5,6118,5.0,5.0,1.0,60,0.4257927427263812,-0.14841451454723759,0.5,-0.07420725727361882,False,False,True,False,0.14982020268061463
LONG,1,60-80,1.5,6118,5.0,5.0,1.0,120,0.4257927427263812,-0.14841451454723759,0.5,-0.07420725727361882,False,False,True,False,0.14982020268061463
SHORT,2,80-100,2.5,730,20.0,10.0,2.0,60,0.3232876712328767,-0.03013698630136985,0.3333333333333333,-0.010045662100456598,False,False,True,False,0.14958904109589044
LONG,0,80-100,2.0,3477,10.0,5.0,2.0,20,0.3232671843543284,-0.03019844693701479,0.3333333333333333,-0.01006614897900493,False,False,True,False,0.14955421340235828
SHORT,1,60-80,2.0,2611,5.0,5.0,1.0,30,0.4255074684029107,-0.14898506319417854,0.5,-0.0744925315970893,False,False,True,False,0.1494350823439295
LONG,0,20-40,2.0,3191,10.0,5.0,2.0,30,0.3230962080852397,-0.030711375744280844,0.3333333333333333,-0.010237125248093615,False,False,True,False,0.14926355374490752
LONG,2,40-60,2.0,2572,30.0,15.0,2.0,120,0.3230948678071539,-0.03071539657853828,0.3333333333333333,-0.010238465526179408,False,False,True,False,0.14926127527216163
LONG,1,40-60,2.5,990,15.0,10.0,1.5,20,0.3666666666666666,-0.08333333333333359,0.4,-0.03333333333333344,False,False,True,False,0.14916666666666653
LONG,2,60-80,2.5,910,5.0,5.0,1.0,30,0.4252747252747252,-0.14945054945054959,0.5,-0.07472527472527479,False,False,True,False,0.149120879120879
LONG,1,0-20,3.0,452,20.0,10.0,2.0,30,0.3230088495575221,-0.030973451327433676,0.3333333333333333,-0.010324483775811188,False,False,True,False,0.1491150442477876
LONG,1,20-40,2.0,2573,10.0,5.0,2.0,60,0.3229692965410027,-0.03109211037699189,0.3333333333333333,-0.010364036792330611,False,False,True,False,0.1490478041197046
LONG,1,20-40,2.0,2573,10.0,5.0,2.0,120,0.3229692965410027,-0.03109211037699189,0.3333333333333333,-0.010364036792330611,False,False,True,False,0.1490478041197046
SHORT,1,0-20,1.5,7041,15.0,10.0,1.5,120,0.3665672489703167,-0.08358187757420832,0.4,-0.03343275102968335,False,False,True,False,0.14901505467973292
LONG,0,80-100,1.5,9442,10.0,5.0,2.0,60,0.3229188731201016,-0.03124338063969523,0.3333333333333333,-0.010414460213231724,False,False,True,False,0.1489620843041727
LONG,0,60-80,1.5,9666,5.0,5.0,1.0,10,0.425098282640182,-0.14980343471963598,0.5,-0.07490171735981799,False,False,True,False,0.14888268156424572
LONG,1,20-40,1.5,5554,10.0,5.0,2.0,120,0.3228303925099027,-0.03150882247029185,0.3333333333333333,-0.010502940823430618,False,False,True,False,0.1488116672668346
LONG,0,60-80,2.0,3715,5.0,5.0,1.0,20,0.4250336473755047,-0.14993270524899055,0.5,-0.0749663526244953,False,False,True,False,0.14879542395693135
SHORT,2,40-60,1.5,4669,20.0,10.0,2.0,60,0.3227671878346541,-0.03169843649603776,0.3333333333333333,-0.010566145498679236,False,False,True,False,0.14870421931891195
LONG,1,40-60,3.0,347,20.0,10.0,2.0,60,0.3227665706051873,-0.03170028818443804,0.3333333333333333,-0.010566762728145995,False,False,True,False,0.14870317002881844
LONG,1,40-60,3.0,347,30.0,15.0,2.0,60,0.3227665706051873,-0.03170028818443804,0.3333333333333333,-0.010566762728145995,False,False,True,False,0.14870317002881844
LONG,1,40-60,3.0,347,20.0,10.0,2.0,120,0.3227665706051873,-0.03170028818443804,0.3333333333333333,-0.010566762728145995,False,False,True,False,0.14870317002881844
SHORT,1,20-40,3.0,273,15.0,10.0,1.5,10,0.3663003663003663,-0.08424908424908428,0.4,-0.033699633699633746,False,False,True,False,0.1486080586080586
SHORT,0,80-100,3.0,251,20.0,10.0,2.0,60,0.3227091633466135,-0.031872509960159556,0.3333333333333333,-0.010624169986719834,False,False,True,False,0.1486055776892429
SHORT,0,80-100,3.0,251,20.0,10.0,2.0,120,0.3227091633466135,-0.031872509960159556,0.3333333333333333,-0.010624169986719834,False,False,True,False,0.1486055776892429
SHORT,0,20-40,2.5,784,20.0,10.0,2.0,30,0.3227040816326531,-0.03188775510204078,0.3333333333333333,-0.010629251700680242,False,False,True,False,0.14859693877551022
SHORT,2,0-20,1.5,7338,20.0,10.0,2.0,120,0.3227037339874625,-0.031888798037612465,0.3333333333333333,-0.010629599345870822,False,False,True,False,0.14859634777868624
LONG,1,0-20,3.5,172,15.0,10.0,1.5,10,0.3662790697674418,-0.0843023255813955,0.4,-0.03372093023255823,False,False,True,False,0.14857558139534874
LONG,2,20-40,2.0,2529,30.0,15.0,2.0,120,0.3226571767497034,-0.0320284697508898,0.3333333333333333,-0.010676156583629914,False,False,True,False,0.14851720047449576
LONG,1,60-80,1.5,6118,30.0,15.0,2.0,120,0.3226544622425629,-0.03203661327231133,0.3333333333333333,-0.010678871090770425,False,False,True,False,0.14851258581235693
LONG,1,20-40,1.5,5554,10.0,5.0,2.0,60,0.3226503420957868,-0.032048973712639595,0.3333333333333333,-0.010682991237546513,False,False,True,False,0.14850558156283758
LONG,2,80-100,2.5,944,5.0,5.0,1.0,30,0.4247881355932203,-0.1504237288135593,0.5,-0.07521186440677968,False,False,True,False,0.14846398305084746
SHORT,2,20-40,3.0,341,20.0,10.0,2.0,120,0.3225806451612903,-0.032258064516129115,0.3333333333333333,-0.010752688172043001,False,False,True,False,0.1483870967741935
LONG,0,60-80,1.5,9666,10.0,5.0,2.0,30,0.3225739706186633,-0.03227808814401023,0.3333333333333333,-0.01075936271467004,False,False,True,False,0.14837575005172757
LONG,2,0-20,1.5,7797,30.0,15.0,2.0,120,0.3225599589585738,-0.032320123124278566,0.3333333333333333,-0.010773374374759503,False,False,True,False,0.14835193022957546
LONG,0,0-20,2.0,4136,10.0,5.0,2.0,120,0.3225338491295938,-0.03239845261121854,0.3333333333333333,-0.010799484203739496,False,False,True,False,0.14830754352030948
SHORT,0,40-60,2.5,814,15.0,10.0,1.5,30,0.366093366093366,-0.08476658476658494,0.4,-0.03390663390663401,False,False,True,False,0.14829238329238317
SHORT,0,80-100,2.0,3644,10.0,5.0,2.0,30,0.3224478594950604,-0.032656421514818845,0.3333333333333333,-0.01088547383827293,False,False,True,False,0.14816136114160264
SHORT,1,0-20,1.5,7041,5.0,5.0,1.0,30,0.4245135634142877,-0.1509728731714246,0.5,-0.0754864365857123,False,False,True,False,0.14809331060928838
SHORT,0,80-100,2.5,899,15.0,10.0,1.5,20,0.3659621802002225,-0.08509454949944384,0.4,-0.03403781979977755,False,False,True,False,0.14809232480533926
LONG,1,80-100,2.0,3899,20.0,10.0,2.0,30,0.3223903565016671,-0.0328289304949988,0.3333333333333333,-0.010942976831666229,False,False,True,False,0.14806360605283403
SHORT,1,20-40,3.0,273,20.0,10.0,2.0,60,0.3223443223443223,-0.03296703296703307,0.3333333333333333,-0.010989010989011005,False,False,True,False,0.14798534798534793
LONG,0,20-40,1.5,8519,10.0,5.0,2.0,20,0.3223383026176781,-0.032985092146965767,0.3333333333333333,-0.010995030715655219,False,False,True,False,0.14797511445005276
SHORT,2,40-60,2.0,2119,20.0,10.0,2.0,60,0.3223218499292118,-0.03303445021236462,0.3333333333333333,-0.011011483404121503,False,False,True,False,0.14794714487966004
LONG,2,40-60,2.5,965,30.0,15.0,2.0,120,0.322279792746114,-0.033160621761657905,0.3333333333333333,-0.011053540587219302,False,False,True,False,0.14787564766839384
SHORT,1,20-40,2.0,2110,30.0,15.0,2.0,120,0.3222748815165877,-0.033175355450236976,0.3333333333333333,-0.01105845181674564,False,False,True,False,0.14786729857819905
LONG,1,60-80,1.5,6118,5.0,5.0,1.0,20,0.4243216737495913,-0.15135665250081742,0.5,-0.07567832625040871,False,False,True,False,0.14783425956194823
LONG,1,20-40,2.0,2573,10.0,5.0,2.0,30,0.3221919937815779,-0.03342401865526623,0.3333333333333333,-0.011141339551755391,False,False,True,False,0.1477263894286825
LONG,1,40-60,2.0,2570,20.0,10.0,2.0,30,0.3221789883268482,-0.033463035019455356,0.3333333333333333,-0.0111543450064851,False,False,True,False,0.14770428015564196
SHORT,1,20-40,1.5,5476,5.0,5.0,1.0,10,0.4242147552958363,-0.1515704894083274,0.5,-0.0757852447041637,False,False,True,False,0.147689919649379
LONG,2,60-80,2.5,910,5.0,5.0,1.0,20,0.4241758241758241,-0.15164835164835178,0.5,-0.07582417582417589,False,False,True,False,0.14763736263736255
SHORT,1,20-40,2.0,2110,5.0,5.0,1.0,10,0.424170616113744,-0.15165876777251203,0.5,-0.07582938388625599,False,False,True,False,0.1476303317535544
SHORT,2,60-80,1.5,5420,5.0,5.0,1.0,30,0.4241697416974169,-0.15166051660516627,0.5,-0.07583025830258311,False,False,True,False,0.14762915129151277
SHORT,2,0-20,1.5,7338,15.0,10.0,1.5,60,0.3656309621150177,-0.08592259471245567,0.4,-0.0343690378849823,False,False,True,False,0.14758721722540202
SHORT,2,0-20,2.5,1276,20.0,10.0,2.0,120,0.3221003134796238,-0.03369905956112851,0.3333333333333333,-0.011233019853709503,False,False,True,False,0.14757053291536049
SHORT,1,0-20,2.5,930,15.0,10.0,1.5,30,0.3655913978494624,-0.08602150537634412,0.4,-0.03440860215053765,False,False,True,False,0.1475268817204301
LONG,2,60-80,2.0,2483,5.0,5.0,1.0,10,0.4240837696335078,-0.1518324607329844,0.5,-0.0759162303664922,False,False,True,False,0.14751308900523555
SHORT,2,80-100,2.0,2189,10.0,5.0,2.0,20,0.3220648698035632,-0.033805390589310425,0.3333333333333333,-0.011268463529770123,False,False,True,False,0.14751027866605743
SHORT,1,20-40,2.5,703,15.0,10.0,1.5,30,0.3655761024182077,-0.08605974395448068,0.4,-0.03442389758179232,False,False,True,False,0.14750355618776678
SHORT,0,0-20,2.5,1034,15.0,10.0,1.5,120,0.3655705996131528,-0.08607350096711797,0.4,-0.03442940038684722,False,False,True,False,0.14749516441005803
LONG,0,20-40,3.0,236,20.0,10.0,2.0,30,0.3220338983050847,-0.03389830508474578,0.3333333333333333,-0.011299435028248594,False,False,True,False,0.14745762711864405
LONG,0,20-40,3.0,236,30.0,15.0,2.0,60,0.3220338983050847,-0.03389830508474578,0.3333333333333333,-0.011299435028248594,False,False,True,False,0.14745762711864405
SHORT,1,80-100,2.5,1208,30.0,15.0,2.0,120,0.3220198675496689,-0.03394039735099341,0.3333333333333333,-0.011313465783664434,False,False,True,False,0.1474337748344371
LONG,2,60-80,2.5,910,20.0,10.0,2.0,120,0.321978021978022,-0.034065934065934056,0.3333333333333333,-0.011355311355311315,False,False,True,False,0.14736263736263738
LONG,0,40-60,2.5,792,30.0,15.0,2.0,60,0.3219696969696969,-0.03409090909090928,0.3333333333333333,-0.011363636363636409,False,False,True,False,0.14734848484848476
LONG,0,60-80,2.0,3715,10.0,5.0,2.0,60,0.3219380888290713,-0.03418573351278609,0.3333333333333333,-0.011395244504261992,False,False,True,False,0.14729475100942124
SHORT,0,80-100,2.0,3644,20.0,10.0,2.0,60,0.3218990120746433,-0.03430296377607023,0.3333333333333333,-0.011434321258690039,False,False,True,False,0.14722832052689355
LONG,1,40-60,1.5,5617,20.0,10.0,2.0,30,0.3218800071212391,-0.034359978636282706,0.3333333333333333,-0.011453326212094217,False,False,True,False,0.14719601210610647
SHORT,1,60-80,1.5,6537,30.0,15.0,2.0,120,0.3218601805109377,-0.03441945846718697,0.3333333333333333,-0.011473152822395638,False,False,True,False,0.14716230686859405
LONG,0,80-100,1.5,9442,20.0,10.0,2.0,30,0.3218597754712984,-0.03442067358610479,0.3333333333333333,-0.011473557862034911,False,False,True,False,0.1471616183012073
SHORT,2,40-60,2.0,2119,30.0,15.0,2.0,120,0.3218499292118924,-0.034450212364322774,0.3333333333333333,-0.011483404121440888,False,False,True,False,0.1471448796602171
LONG,1,80-100,2.5,1492,15.0,10.0,1.5,10,0.3652815013404826,-0.08679624664879348,0.4,-0.03471849865951743,False,False,True,False,0.14705428954423597
LONG,2,0-20,1.5,7797,20.0,10.0,2.0,60,0.3217904322175196,-0.03462870334744128,0.3333333333333333,-0.011542901115813742,False,False,True,False,0.14704373476978327
SHORT,1,20-40,1.5,5476,20.0,10.0,2.0,120,0.3217677136596055,-0.03469685902118347,0.3333333333333333,-0.011565619673727823,False,False,True,False,0.14700511322132936
SHORT,2,40-60,3.0,282,15.0,10.0,1.5,120,0.3652482269503546,-0.08687943262411357,0.4,-0.03475177304964544,False,False,True,False,0.14700354609929073
LONG,1,80-100,3.0,547,20.0,10.0,2.0,30,0.3217550274223035,-0.034734917733089454,0.3333333333333333,-0.011578305911029818,False,False,True,False,0.14698354661791596
SHORT,1,80-100,2.0,3453,15.0,10.0,1.5,20,0.3651896901245294,-0.08702577468867656,0.4,-0.034810309875470624,False,False,True,False,0.14691427743990731
LONG,2,0-20,2.0,3836,20.0,10.0,2.0,60,0.321689259645464,-0.03493222106360794,0.3333333333333333,-0.011644073687869294,False,False,True,False,0.14687174139728884
LONG,1,80-100,2.0,3899,15.0,10.0,1.5,10,0.3649653757373685,-0.08758656065657877,0.4,-0.03503462426263154,False,False,True,False,0.14657219799948695
LONG,1,60-80,1.5,6118,10.0,5.0,2.0,120,0.3215102974828375,-0.03546910755148758,0.3333333333333333,-0.011823035850495822,False,False,True,False,0.14656750572082372
SHORT,0,20-40,2.5,784,10.0,5.0,2.0,120,0.3214285714285714,-0.03571428571428581,0.3333333333333333,-0.011904761904761918,False,False,True,False,0.14642857142857138
SHORT,1,80-100,1.5,8389,20.0,10.0,2.0,60,0.3213732268446775,-0.03588031946596748,0.3333333333333333,-0.011960106488655808,False,False,True,False,0.14633448563595178
SHORT,1,60-80,2.0,2611,5.0,5.0,1.0,20,0.4232094982765224,-0.1535810034469552,0.5,-0.07679050172347762,False,False,True,False,0.14633282267330522
SHORT,2,60-80,2.5,869,15.0,10.0,1.5,120,0.3647871116225546,-0.0880322209436134,0.4,-0.035212888377445406,False,False,True,False,0.14630034522439583
SHORT,1,60-80,2.0,2611,10.0,5.0,2.0,30,0.3213328226733052,-0.03600153198008438,0.3333333333333333,-0.012000510660028108,False,False,True,False,0.14626579854461885
LONG,0,80-100,2.0,3477,15.0,10.0,1.5,20,0.3646821972965199,-0.08829450675870021,0.4,-0.03531780270348012,False,False,True,False,0.14614035087719288
LONG,0,20-40,2.0,3191,10.0,5.0,2.0,20,0.3212159197743654,-0.03635224067690379,0.3333333333333333,-0.012117413558967893,False,False,True,False,0.14606706361642122
LONG,1,60-80,1.5,6118,10.0,5.0,2.0,60,0.3211833932657731,-0.03644982020268073,0.3333333333333333,-0.012149940067560205,False,False,True,False,0.14601176855181425
LONG,1,20-40,2.0,2573,15.0,10.0,1.5,10,0.3645549941702293,-0.08861251457442676,0.4,-0.035445005829770726,False,False,True,False,0.14594636610959966
SHORT,2,40-60,2.5,823,15.0,10.0,1.5,60,0.3645200486026732,-0.08869987849331706,0.4,-0.03547995139732685,False,False,True,False,0.1458930741190766
LONG,2,20-40,1.5,5263,20.0,10.0,2.0,60,0.3211096332889986,-0.03667110013300412,0.3333333333333333,-0.012223700044334707,False,False,True,False,0.14588637659129766
LONG,1,0-20,2.0,3468,15.0,10.0,1.5,60,0.3644752018454441,-0.08881199538638984,0.4,-0.03552479815455595,False,False,True,False,0.14582468281430222
LONG,0,60-80,2.5,1112,30.0,15.0,2.0,60,0.3210431654676259,-0.036870503597122295,0.3333333333333333,-0.012290167865707413,False,False,True,False,0.14577338129496403
LONG,2,60-80,2.0,2483,10.0,5.0,2.0,120,0.3209826822392267,-0.037051953282319805,0.3333333333333333,-0.012350651094106602,False,False,True,False,0.14567055980668542
LONG,2,80-100,2.5,944,30.0,15.0,2.0,120,0.3209745762711864,-0.037076271186440746,0.3333333333333333,-0.012358757062146897,False,False,True,False,0.1456567796610169
LONG,2,80-100,2.5,944,5.0,5.0,1.0,20,0.4226694915254237,-0.15466101694915263,0.5,-0.07733050847457629,False,False,True,False,0.145603813559322
LONG,1,20-40,1.5,5554,10.0,5.0,2.0,30,0.3208498379546273,-0.03745048613611812,0.3333333333333333,-0.012483495378706022,False,False,True,False,0.14544472452286641
SHORT,0,40-60,2.0,3424,15.0,10.0,1.5,60,0.3641939252336448,-0.089515186915888,0.4,-0.03580607476635522,False,False,True,False,0.1453957359813083
SHORT,0,80-100,2.0,3644,15.0,10.0,1.5,20,0.3641602634467618,-0.08959934138309555,0.4,-0.035839736553238244,False,False,True,False,0.1453444017563117
LONG,0,40-60,2.5,792,10.0,5.0,2.0,120,0.3207070707070707,-0.037878787878787845,0.3333333333333333,-0.012626262626262597,False,False,True,False,0.14520202020202022
LONG,1,60-80,2.0,2744,20.0,10.0,2.0,30,0.3206997084548105,-0.03790087463556857,0.3333333333333333,-0.01263362487852282,False,False,True,False,0.14518950437317782
LONG,0,80-100,1.5,9442,10.0,5.0,2.0,30,0.3206947680576149,-0.03791569582715537,0.3333333333333333,-0.012638565275718439,False,False,True,False,0.1451811056979453
SHORT,0,20-40,2.0,3371,15.0,10.0,1.5,30,0.3639869474933254,-0.09003263126668648,0.4,-0.03601305250667464,False,False,True,False,0.14508009492732124
SHORT,2,40-60,1.5,4669,10.0,5.0,2.0,120,0.3206254015849218,-0.03812379524523457,0.3333333333333333,-0.012707931748411505,False,False,True,False,0.14506318269436708
LONG,0,40-60,1.5,8453,30.0,15.0,2.0,120,0.320596238022004,-0.03821128593398804,0.3333333333333333,-0.012737095311329327,False,False,True,False,0.14501360463740678
LONG,0,60-80,2.0,3715,10.0,5.0,2.0,30,0.3205921938088829,-0.03822341857335132,0.3333333333333333,-0.01274113952445044,False,False,True,False,0.1450067294751009
LONG,2,80-100,3.0,305,15.0,10.0,1.5,30,0.3639344262295082,-0.09016393442622939,0.4,-0.0360655737704918,False,False,True,False,0.14500000000000007
SHORT,2,60-80,2.0,2499,5.0,5.0,1.0,30,0.4221688675470188,-0.1556622649059624,0.5,-0.07783113245298118,False,False,True,False,0.1449279711884754
SHORT,1,60-80,2.0,2611,15.0,10.0,1.5,30,0.3638452700114898,-0.09038682497127548,0.4,-0.036154729988510215,False,False,True,False,0.14486403676752194
SHORT,1,20-40,1.5,5476,30.0,15.0,2.0,120,0.3204894083272461,-0.03853177501826177,0.3333333333333333,-0.01284392500608722,False,False,True,False,0.14483199415631834
LONG,0,0-20,1.5,11227,10.0,5.0,2.0,120,0.3204774205041418,-0.038567738487574554,0.3333333333333333,-0.012855912829191518,False,False,True,False,0.14481161485704108
SHORT,1,80-100,1.5,8389,15.0,10.0,1.5,20,0.3638097508642269,-0.09047562283943278,0.4,-0.03619024913577312,False,False,True,False,0.14480987006794602
LONG,0,20-40,2.5,877,10.0,5.0,2.0,30,0.3204104903078677,-0.03876852907639683,0.3333333333333333,-0.012922843025465591,False,False,True,False,0.14469783352337515
SHORT,0,20-40,2.0,3371,20.0,10.0,2.0,120,0.3203797092850786,-0.03886087214476419,0.3333333333333333,-0.01295362404825473,False,False,True,False,0.14464550578463362
LONG,1,60-80,2.5,1002,30.0,15.0,2.0,60,0.3203592814371258,-0.03892215568862267,0.3333333333333333,-0.012974051896207539,False,False,True,False,0.14461077844311382
SHORT,1,0-20,3.0,352,15.0,10.0,1.5,60,0.3636363636363636,-0.09090909090909105,0.4,-0.03636363636363643,False,False,True,False,0.14454545454545448
SHORT,1,0-20,3.0,352,15.0,10.0,1.5,120,0.3636363636363636,-0.09090909090909105,0.4,-0.03636363636363643,False,False,True,False,0.14454545454545448
LONG,0,80-100,3.0,256,20.0,10.0,2.0,60,0.3203125,-0.0390625,0.3333333333333333,-0.013020833333333315,False,False,True,False,0.14453125
LONG,0,80-100,3.0,256,20.0,10.0,2.0,120,0.3203125,-0.0390625,0.3333333333333333,-0.013020833333333315,False,False,True,False,0.14453125
SHORT,2,20-40,3.5,153,20.0,10.0,2.0,60,0.3202614379084967,-0.03921568627450989,0.3333333333333333,-0.01307189542483661,False,False,True,False,0.1444444444444444
SHORT,2,20-40,3.5,153,20.0,10.0,2.0,120,0.3202614379084967,-0.03921568627450989,0.3333333333333333,-0.01307189542483661,False,False,True,False,0.1444444444444444
SHORT,1,60-80,2.0,2611,30.0,15.0,2.0,120,0.320183837610111,-0.03944848716966709,0.3333333333333333,-0.013149495723222326,False,False,True,False,0.14431252393718866
LONG,2,0-20,2.5,1584,20.0,10.0,2.0,60,0.3200757575757575,-0.039772727272727404,0.3333333333333333,-0.013257575757575801,False,False,True,False,0.1441287878787878
LONG,2,40-60,3.0,322,15.0,10.0,1.5,30,0.3633540372670807,-0.09161490683229823,0.4,-0.03664596273291931,False,False,True,False,0.14411490683229808
SHORT,2,80-100,1.5,4737,20.0,10.0,2.0,60,0.3200337766518893,-0.03989867004433212,0.3333333333333333,-0.013299556681444002,False,False,True,False,0.1440574203082118
SHORT,2,40-60,1.5,4669,10.0,5.0,2.0,60,0.3199828657100021,-0.040051402869993646,0.3333333333333333,-0.013350467623331197,False,False,True,False,0.14397087170700362
SHORT,2,60-80,1.5,5420,5.0,5.0,1.0,20,0.4214022140221402,-0.15719557195571965,0.5,-0.07859778597785982,False,False,True,False,0.14389298892988922
LONG,1,40-60,2.0,2570,5.0,5.0,1.0,60,0.4214007782101167,-0.15719844357976664,0.5,-0.07859922178988332,False,False,True,False,0.14389105058365753
LONG,1,40-60,2.0,2570,5.0,5.0,1.0,120,0.4214007782101167,-0.15719844357976664,0.5,-0.07859922178988332,False,False,True,False,0.14389105058365753
LONG,0,60-80,1.5,9666,10.0,5.0,2.0,20,0.3198841299399959,-0.04034761018001232,0.3333333333333333,-0.013449203393337439,False,False,True,False,0.14380302089799302
SHORT,0,40-60,3.0,179,15.0,10.0,1.5,10,0.3631284916201117,-0.09217877094972082,0.4,-0.03687150837988834,False,False,True,False,0.1437709497206703
LONG,0,80-100,2.0,3477,20.0,10.0,2.0,30,0.3198159332758125,-0.04055220017256256,0.3333333333333333,-0.013517400057520834,False,False,True,False,0.14368708656888124
SHORT,1,0-20,3.5,157,15.0,10.0,1.5,20,0.3630573248407643,-0.09235668789808926,0.4,-0.036942675159235716,False,False,True,False,0.14366242038216556
LONG,2,60-80,2.0,2483,30.0,15.0,2.0,120,0.319774466371325,-0.04067660088602498,0.3333333333333333,-0.013558866962008309,False,False,True,False,0.14361659283125253
LONG,1,0-20,3.5,172,20.0,10.0,2.0,30,0.3197674418604651,-0.040697674418604834,0.3333333333333333,-0.013565891472868241,False,False,True,False,0.1436046511627906
SHORT,1,60-80,1.5,6537,15.0,10.0,1.5,30,0.3630105553005966,-0.09247361174850843,0.4,-0.036989444699403407,False,False,True,False,0.14359109683340984
SHORT,1,0-20,2.0,2700,15.0,10.0,1.5,60,0.362962962962963,-0.09259259259259256,0.4,-0.037037037037037035,False,False,True,False,0.14351851851851855
LONG,1,80-100,2.5,1492,30.0,15.0,2.0,120,0.3197050938337801,-0.04088471849865971,0.3333333333333333,-0.013628239499553219,False,False,True,False,0.14349865951742619
LONG,0,20-40,2.0,3191,20.0,10.0,2.0,30,0.3196490128486368,-0.041052961454089654,0.3333333333333333,-0.013684320484696533,False,False,True,False,0.14340332184268254
LONG,1,40-60,2.0,2570,5.0,5.0,1.0,30,0.421011673151751,-0.157976653696498,0.5,-0.07898832684824902,False,False,True,False,0.14336575875486385
SHORT,2,40-60,2.0,2119,5.0,5.0,1.0,10,0.4209532798489854,-0.15809344030202915,0.5,-0.0790467201510146,False,False,True,False,0.1432869277961303
LONG,2,60-80,1.5,5060,5.0,5.0,1.0,10,0.4209486166007905,-0.15810276679841895,0.5,-0.07905138339920947,False,False,True,False,0.14328063241106723
SHORT,1,20-40,1.5,5476,10.0,5.0,2.0,120,0.3195763330898466,-0.04127100073046008,0.3333333333333333,-0.013757000243486694,False,False,True,False,0.14327976625273928
LONG,0,60-80,1.5,9666,30.0,15.0,2.0,60,0.3195737637078419,-0.041278708876474224,0.3333333333333333,-0.013759569625491408,False,False,True,False,0.14327539830333125
LONG,1,60-80,1.5,6118,10.0,5.0,2.0,30,0.3195488721804511,-0.0413533834586467,0.3333333333333333,-0.013784461152882233,False,False,True,False,0.14323308270676688
SHORT,0,80-100,1.5,10840,30.0,15.0,2.0,120,0.3194649446494464,-0.04160516605166076,0.3333333333333333,-0.0138683886838869,False,False,True,False,0.1430904059040589
LONG,0,40-60,2.5,792,10.0,5.0,2.0,60,0.3194444444444444,-0.04166666666666674,0.3333333333333333,-0.013888888888888895,False,False,True,False,0.14305555555555552
SHORT,0,80-100,1.5,10840,20.0,10.0,2.0,120,0.3193726937269373,-0.041881918819188235,0.3333333333333333,-0.013960639606396041,False,False,True,False,0.14293357933579334
LONG,1,60-80,3.0,342,15.0,10.0,1.5,20,0.3625730994152046,-0.09356725146198852,0.4,-0.03742690058479542,False,False,True,False,0.142923976608187
LONG,1,60-80,3.0,342,15.0,10.0,1.5,30,0.3625730994152046,-0.09356725146198852,0.4,-0.03742690058479542,False,False,True,False,0.142923976608187
LONG,1,60-80,3.0,342,15.0,10.0,1.5,60,0.3625730994152046,-0.09356725146198852,0.4,-0.03742690058479542,False,False,True,False,0.142923976608187
LONG,1,60-80,3.0,342,15.0,10.0,1.5,120,0.3625730994152046,-0.09356725146198852,0.4,-0.03742690058479542,False,False,True,False,0.142923976608187
LONG,1,60-80,2.5,1002,20.0,10.0,2.0,120,0.3193612774451098,-0.041916167664670656,0.3333333333333333,-0.013972055888223534,False,False,True,False,0.14291417165668663
SHORT,0,80-100,3.0,251,15.0,10.0,1.5,20,0.3625498007968127,-0.09362549800796827,0.4,-0.03745019920318732,False,False,True,False,0.14288844621513938
SHORT,0,60-80,3.5,119,30.0,15.0,2.0,10,0.3193277310924369,-0.04201680672268926,0.3333333333333333,-0.01400560224089642,False,False,True,False,0.14285714285714274
SHORT,0,60-80,1.5,11293,20.0,10.0,2.0,120,0.319312848667316,-0.042061453998051945,0.3333333333333333,-0.014020484666017297,False,False,True,False,0.14283184273443725
LONG,0,40-60,2.0,3057,10.0,5.0,2.0,10,0.319267255479228,-0.042198233562316,0.3333333333333333,-0.014066077854105297,False,False,True,False,0.1427543343146876
SHORT,0,60-80,2.0,3855,5.0,5.0,1.0,60,0.4204928664072633,-0.15901426718547335,0.5,-0.0795071335927367,False,False,True,False,0.14266536964980547
SHORT,0,60-80,2.0,3855,5.0,5.0,1.0,120,0.4204928664072633,-0.15901426718547335,0.5,-0.0795071335927367,False,False,True,False,0.14266536964980547
SHORT,1,20-40,1.5,5476,10.0,5.0,2.0,60,0.3192111029948867,-0.04236669101533985,0.3333333333333333,-0.014122230338446617,False,False,True,False,0.14265887509130742
LONG,2,40-60,1.5,5279,30.0,15.0,2.0,120,0.3191892403864368,-0.04243227884068956,0.3333333333333333,-0.014144092946896503,False,False,True,False,0.1426217086569426
LONG,0,60-80,2.0,3715,5.0,5.0,1.0,10,0.4204576043068641,-0.15908479138627185,0.5,-0.07954239569313593,False,False,True,False,0.1426177658142665
SHORT,2,80-100,2.5,730,10.0,5.0,2.0,30,0.3191780821917808,-0.04246575342465764,0.3333333333333333,-0.014155251141552527,False,False,True,False,0.14260273972602736
SHORT,0,80-100,2.0,3644,10.0,5.0,2.0,20,0.3191547749725576,-0.04253567508232714,0.3333333333333333,-0.014178558360775695,False,False,True,False,0.14256311745334796
LONG,0,80-100,1.5,9442,10.0,5.0,2.0,20,0.3191061215844101,-0.04268163524676971,0.3333333333333333,-0.014227211748923219,False,False,True,False,0.14248040669349718
SHORT,1,60-80,3.0,351,30.0,15.0,2.0,120,0.3190883190883191,-0.042735042735042694,0.3333333333333333,-0.014245014245014231,False,False,True,False,0.14245014245014248
SHORT,0,60-80,2.0,3855,5.0,5.0,1.0,30,0.4202334630350194,-0.1595330739299612,0.5,-0.0797665369649806,False,False,True,False,0.1423151750972762
LONG,2,60-80,1.5,5060,10.0,5.0,2.0,120,0.3189723320158102,-0.043083003952569365,0.3333333333333333,-0.014361001317523103,False,False,True,False,0.14225296442687738
LONG,2,60-80,2.0,2483,10.0,5.0,2.0,60,0.3189689891260572,-0.0430930326218284,0.3333333333333333,-0.014364344207276114,False,False,True,False,0.14224728151429725
LONG,0,80-100,3.5,116,20.0,10.0,2.0,60,0.3189655172413793,-0.04310344827586221,0.3333333333333333,-0.014367816091954033,False,False,True,False,0.14224137931034478
LONG,0,80-100,3.5,116,20.0,10.0,2.0,120,0.3189655172413793,-0.04310344827586221,0.3333333333333333,-0.014367816091954033,False,False,True,False,0.14224137931034478
SHORT,1,40-60,2.0,2038,15.0,10.0,1.5,20,0.3621197252208047,-0.09470068694798817,0.4,-0.03788027477919531,False,False,True,False,0.14223258096172722
LONG,2,20-40,3.0,348,15.0,10.0,1.5,120,0.3620689655172414,-0.09482758620689657,0.4,-0.03793103448275864,False,False,True,False,0.1421551724137931
LONG,0,80-100,3.5,116,15.0,10.0,1.5,60,0.3620689655172414,-0.09482758620689657,0.4,-0.03793103448275864,False,False,True,False,0.1421551724137931
LONG,0,80-100,3.5,116,15.0,10.0,1.5,120,0.3620689655172414,-0.09482758620689657,0.4,-0.03793103448275864,False,False,True,False,0.1421551724137931
LONG,0,80-100,2.5,922,30.0,15.0,2.0,30,0.3188720173535792,-0.04338394793926248,0.3333333333333333,-0.014461315979754141,False,False,True,False,0.1420824295010846
LONG,2,80-100,2.5,944,10.0,5.0,2.0,120,0.3188559322033898,-0.04343220338983056,0.3333333333333333,-0.014477401129943501,False,False,True,False,0.1420550847457627
LONG,2,80-100,1.5,4658,5.0,5.0,1.0,10,0.4199227136109918,-0.16015457277801642,0.5,-0.08007728638900818,False,False,True,False,0.14189566337483894
SHORT,2,0-20,2.0,3332,20.0,10.0,2.0,120,0.3187274909963986,-0.043817527010804214,0.3333333333333333,-0.014605842336934738,False,False,True,False,0.1418367346938776
LONG,1,60-80,3.0,342,20.0,10.0,2.0,60,0.3187134502923976,-0.043859649122807154,0.3333333333333333,-0.0146198830409357,False,False,True,False,0.14181286549707595
LONG,1,60-80,3.0,342,30.0,15.0,2.0,60,0.3187134502923976,-0.043859649122807154,0.3333333333333333,-0.0146198830409357,False,False,True,False,0.14181286549707595
LONG,1,60-80,3.0,342,20.0,10.0,2.0,120,0.3187134502923976,-0.043859649122807154,0.3333333333333333,-0.0146198830409357,False,False,True,False,0.14181286549707595
LONG,0,60-80,2.0,3715,10.0,5.0,2.0,20,0.3187079407806191,-0.04387617765814278,0.3333333333333333,-0.014625392552714223,False,False,True,False,0.14180349932705244
SHORT,0,0-20,1.5,13687,10.0,5.0,2.0,120,0.3186965733908088,-0.04391027982757356,0.3333333333333333,-0.014636759942524502,False,False,True,False,0.14178417476437497
LONG,0,40-60,3.0,199,15.0,10.0,1.5,20,0.3618090452261306,-0.09547738693467345,0.4,-0.03819095477386941,False,False,True,False,0.1417587939698492
SHORT,1,20-40,3.0,273,30.0,15.0,2.0,20,0.3186813186813186,-0.04395604395604413,0.3333333333333333,-0.014652014652014711,False,False,True,False,0.14175824175824164
LONG,2,40-60,1.5,5279,20.0,10.0,2.0,60,0.3186209509376776,-0.04413714718696715,0.3333333333333333,-0.014712382395655699,False,False,True,False,0.14165561659405193
SHORT,0,0-20,2.5,1034,5.0,5.0,1.0,30,0.4197292069632495,-0.16054158607350105,0.5,-0.0802707930367505,False,False,True,False,0.14163442940038684
SHORT,1,0-20,3.5,157,20.0,10.0,2.0,20,0.3184713375796178,-0.0445859872611466,0.3333333333333333,-0.014861995753715496,False,False,True,False,0.1414012738853503
LONG,1,40-60,2.0,2570,5.0,5.0,1.0,20,0.4194552529182879,-0.16108949416342422,0.5,-0.08054474708171211,False,False,True,False,0.14126459143968867
LONG,2,80-100,1.5,4658,30.0,15.0,2.0,120,0.3183769858308287,-0.04486904250751389,0.3333333333333333,-0.01495634750250463,False,False,True,False,0.1412408759124088
LONG,1,60-80,2.5,1002,20.0,10.0,2.0,60,0.3183632734530938,-0.04491017964071864,0.3333333333333333,-0.014970059880239528,False,False,True,False,0.14121756487025944
LONG,1,60-80,1.5,6118,5.0,5.0,1.0,10,0.4194181104936254,-0.1611637790127492,0.5,-0.08058188950637463,False,False,True,False,0.14121444916639428
SHORT,2,60-80,2.0,2499,5.0,5.0,1.0,20,0.4193677470988395,-0.161264505802321,0.5,-0.0806322529011605,False,False,True,False,0.14114645858343333
LONG,1,20-40,2.0,2573,10.0,5.0,2.0,20,0.3183054799844539,-0.04508356004663827,0.3333333333333333,-0.015027853348879405,False,False,True,False,0.14111931597357166
LONG,0,0-20,1.5,11227,5.0,5.0,1.0,10,0.4193462189364924,-0.16130756212701525,0.5,-0.08065378106350762,False,False,True,False,0.14111739556426472
SHORT,1,60-80,2.0,2611,10.0,5.0,2.0,20,0.3182688625047874,-0.045193412485637796,0.3333333333333333,-0.015064470828545895,False,False,True,False,0.14105706625813857
SHORT,2,80-100,2.5,730,5.0,5.0,1.0,10,0.4191780821917808,-0.1616438356164384,0.5,-0.08082191780821918,False,False,True,False,0.1408904109589041
LONG,1,60-80,2.0,2744,10.0,5.0,2.0,120,0.3181486880466472,-0.0455539358600584,0.3333333333333333,-0.015184645286686116,False,False,True,False,0.14085276967930024
SHORT,1,20-40,1.5,5476,15.0,10.0,1.5,30,0.3612125639152666,-0.09696859021183346,0.4,-0.038787436084733395,False,False,True,False,0.1408491599707816
LONG,0,20-40,2.5,877,10.0,5.0,2.0,20,0.3181299885974915,-0.04561003420752552,0.3333333333333333,-0.01520334473584184,False,False,True,False,0.14082098061573553
SHORT,2,20-40,2.0,2575,15.0,10.0,1.5,120,0.3611650485436893,-0.09708737864077677,0.4,-0.03883495145631072,False,False,True,False,0.14077669902912618
SHORT,2,0-20,3.0,481,20.0,10.0,2.0,120,0.3180873180873181,-0.04573804573804574,0.3333333333333333,-0.01524601524601521,False,False,True,False,0.14074844074844076
LONG,0,0-20,3.0,253,5.0,5.0,1.0,60,0.4189723320158103,-0.1620553359683794,0.5,-0.0810276679841897,False,False,True,False,0.14061264822134392
LONG,0,0-20,3.0,253,5.0,5.0,1.0,120,0.4189723320158103,-0.1620553359683794,0.5,-0.0810276679841897,False,False,True,False,0.14061264822134392
SHORT,1,80-100,2.5,1208,15.0,10.0,1.5,20,0.3609271523178808,-0.09768211920529801,0.4,-0.039072847682119216,False,False,True,False,0.1404139072847682
SHORT,1,80-100,2.5,1208,20.0,10.0,2.0,120,0.3178807947019867,-0.04635761589403986,0.3333333333333333,-0.015452538631346602,False,False,True,False,0.1403973509933774
LONG,2,60-80,1.5,5060,15.0,10.0,1.5,30,0.3608695652173913,-0.09782608695652184,0.4,-0.03913043478260875,False,False,True,False,0.14032608695652168
SHORT,2,0-20,4.0,129,30.0,15.0,2.0,120,0.3178294573643411,-0.046511627906976716,0.3333333333333333,-0.01550387596899222,False,False,True,False,0.14031007751937988
LONG,2,80-100,2.5,944,10.0,5.0,2.0,60,0.3177966101694915,-0.04661016949152541,0.3333333333333333,-0.015536723163841804,False,False,True,False,0.14025423728813557
LONG,1,60-80,2.0,2744,10.0,5.0,2.0,20,0.3177842565597668,-0.04664723032069962,0.3333333333333333,-0.01554907677356654,False,False,True,False,0.14023323615160355
LONG,1,60-80,2.0,2744,10.0,5.0,2.0,30,0.3177842565597668,-0.04664723032069962,0.3333333333333333,-0.01554907677356654,False,False,True,False,0.14023323615160355
LONG,1,60-80,2.0,2744,10.0,5.0,2.0,60,0.3177842565597668,-0.04664723032069962,0.3333333333333333,-0.01554907677356654,False,False,True,False,0.14023323615160355
SHORT,1,0-20,3.0,352,15.0,10.0,1.5,30,0.3607954545454545,-0.09801136363636387,0.4,-0.03920454545454555,False,False,True,False,0.14021306818181806
LONG,2,60-80,2.0,2483,10.0,5.0,2.0,30,0.3177607732581554,-0.04671768022553391,0.3333333333333333,-0.015572560075177933,False,False,True,False,0.14019331453886413
LONG,1,20-40,1.5,5554,5.0,5.0,1.0,60,0.4186172128195894,-0.16276557436082117,0.5,-0.08138278718041059,False,False,True,False,0.14013323730644572
LONG,1,20-40,1.5,5554,5.0,5.0,1.0,120,0.4186172128195894,-0.16276557436082117,0.5,-0.08138278718041059,False,False,True,False,0.14013323730644572
SHORT,0,80-100,1.5,10840,10.0,5.0,2.0,120,0.3177121771217712,-0.04686346863468638,0.3333333333333333,-0.015621156211562126,False,False,True,False,0.14011070110701104
SHORT,2,80-100,1.5,4737,10.0,5.0,2.0,30,0.3177116318344944,-0.04686510449651682,0.3333333333333333,-0.015621701498838902,False,False,True,False,0.14010977411864048
LONG,0,60-80,1.5,9666,20.0,10.0,2.0,30,0.3177115663149182,-0.046865301055245445,0.3333333333333333,-0.015621767018415111,False,False,True,False,0.1401096627353609
SHORT,0,40-60,1.5,10374,15.0,10.0,1.5,30,0.3607094659726239,-0.09822633506844036,0.4,-0.039290534027376145,False,False,True,False,0.14008193560825138
SHORT,0,20-40,1.5,10677,10.0,5.0,2.0,120,0.3176922356467172,-0.046923293059848326,0.3333333333333333,-0.01564109768661609,False,False,True,False,0.1400768005994193
SHORT,1,0-20,2.0,2700,5.0,5.0,1.0,120,0.4185185185185185,-0.16296296296296298,0.5,-0.08148148148148149,False,False,True,False,0.13999999999999999
SHORT,0,20-40,2.5,784,10.0,5.0,2.0,60,0.3176020408163265,-0.04719387755102056,0.3333333333333333,-0.015731292517006834,False,False,True,False,0.13992346938775502
LONG,2,0-20,3.5,233,20.0,10.0,2.0,60,0.3175965665236051,-0.047210300429184726,0.3333333333333333,-0.015736766809728242,False,False,True,False,0.13991416309012866
LONG,2,60-80,1.5,5060,10.0,5.0,2.0,60,0.3175889328063241,-0.04723320158102762,0.3333333333333333,-0.015744400527009206,False,False,True,False,0.139901185770751
LONG,1,40-60,2.0,2570,10.0,5.0,2.0,60,0.3175097276264591,-0.04747081712062262,0.3333333333333333,-0.01582360570687419,False,False,True,False,0.13976653696498054
LONG,1,40-60,2.0,2570,10.0,5.0,2.0,120,0.3175097276264591,-0.04747081712062262,0.3333333333333333,-0.01582360570687419,False,False,True,False,0.13976653696498054
SHORT,2,0-20,2.0,3332,15.0,10.0,1.5,60,0.3604441776710684,-0.09888955582232895,0.4,-0.03955582232893162,False,False,True,False,0.13967737094837934
SHORT,1,0-20,1.5,7041,5.0,5.0,1.0,20,0.4182644510722909,-0.1634710978554183,0.5,-0.08173554892770912,False,False,True,False,0.1396570089475927
LONG,1,20-40,1.5,5554,10.0,5.0,2.0,20,0.3174288800864242,-0.047713359740727324,0.3333333333333333,-0.01590445324690909,False,False,True,False,0.1396290961469212
SHORT,1,60-80,2.0,2611,5.0,5.0,1.0,10,0.4182305630026809,-0.16353887399463818,0.5,-0.08176943699731909,False,False,True,False,0.13961126005361923
LONG,0,0-20,2.5,1085,15.0,10.0,1.5,60,0.36036866359447,-0.09907834101382496,0.4,-0.039631336405530015,False,False,True,False,0.13956221198156676
LONG,2,80-100,3.5,111,15.0,10.0,1.5,20,0.3603603603603603,-0.09909909909909931,0.4,-0.039639639639639734,False,False,True,False,0.13954954954954943
LONG,2,80-100,3.5,111,15.0,10.0,1.5,30,0.3603603603603603,-0.09909909909909931,0.4,-0.039639639639639734,False,False,True,False,0.13954954954954943
LONG,2,80-100,3.5,111,15.0,10.0,1.5,60,0.3603603603603603,-0.09909909909909931,0.4,-0.039639639639639734,False,False,True,False,0.13954954954954943
LONG,2,80-100,3.5,111,15.0,10.0,1.5,120,0.3603603603603603,-0.09909909909909931,0.4,-0.039639639639639734,False,False,True,False,0.13954954954954943
LONG,0,60-80,3.5,136,15.0,10.0,1.5,30,0.3602941176470588,-0.09926470588235292,0.4,-0.0397058823529412,False,False,True,False,0.13944852941176472
LONG,0,60-80,3.5,136,15.0,10.0,1.5,60,0.3602941176470588,-0.09926470588235292,0.4,-0.0397058823529412,False,False,True,False,0.13944852941176472
LONG,0,60-80,3.5,136,15.0,10.0,1.5,120,0.3602941176470588,-0.09926470588235292,0.4,-0.0397058823529412,False,False,True,False,0.13944852941176472
LONG,1,80-100,4.0,104,20.0,10.0,2.0,10,0.3173076923076923,-0.04807692307692313,0.3333333333333333,-0.016025641025641024,False,False,True,False,0.1394230769230769
LONG,1,80-100,4.0,104,20.0,10.0,2.0,20,0.3173076923076923,-0.04807692307692313,0.3333333333333333,-0.016025641025641024,False,False,True,False,0.1394230769230769
LONG,1,80-100,4.0,104,20.0,10.0,2.0,30,0.3173076923076923,-0.04807692307692313,0.3333333333333333,-0.016025641025641024,False,False,True,False,0.1394230769230769
SHORT,1,40-60,1.5,5231,5.0,5.0,1.0,10,0.4180844962722232,-0.16383100745555357,0.5,-0.08191550372777678,False,False,True,False,0.13941406996750136
LONG,1,20-40,1.5,5554,5.0,5.0,1.0,30,0.4180770615772416,-0.16384587684551682,0.5,-0.08192293842275838,False,False,True,False,0.13940403312927616
LONG,2,0-20,2.0,3836,30.0,15.0,2.0,120,0.3172575599582898,-0.048227320125130535,0.3333333333333333,-0.01607577337504351,False,False,True,False,0.1393378519290927
LONG,2,20-40,2.5,1030,15.0,10.0,1.5,30,0.3601941747572815,-0.0995145631067963,0.4,-0.03980582524271853,False,False,True,False,0.13929611650485427
SHORT,2,60-80,2.5,869,15.0,10.0,1.5,60,0.3601841196777905,-0.09953970080552377,0.4,-0.03981588032220951,False,False,True,False,0.13928078250863052
LONG,0,0-20,2.0,4136,10.0,5.0,2.0,60,0.3172147001934235,-0.0483558994197294,0.3333333333333333,-0.0161186331399098,False,False,True,False,0.13926499032882
LONG,0,20-40,3.0,236,15.0,10.0,1.5,20,0.3601694915254237,-0.09957627118644075,0.4,-0.03983050847457631,False,False,True,False,0.13925847457627116
SHORT,2,20-40,1.5,5581,15.0,10.0,1.5,60,0.3601505106611718,-0.09962372334707048,0.4,-0.0398494893388282,False,False,True,False,0.13922952875828704
SHORT,0,60-80,2.0,3855,5.0,5.0,1.0,20,0.4178988326848249,-0.1642023346303501,0.5,-0.08210116731517508,False,False,True,False,0.13916342412451366
SHORT,2,40-60,2.0,2119,15.0,10.0,1.5,30,0.3600755073147711,-0.09981123171307227,0.4,-0.03992449268522891,False,False,True,False,0.13911514865502592
SHORT,1,40-60,2.5,686,15.0,10.0,1.5,20,0.3600583090379008,-0.09985422740524796,0.4,-0.03994169096209921,False,False,True,False,0.13908892128279873
LONG,1,40-60,1.5,5617,5.0,5.0,1.0,60,0.4178387039344846,-0.1643225921310308,0.5,-0.08216129606551542,False,False,True,False,0.1390822503115542
LONG,1,40-60,1.5,5617,5.0,5.0,1.0,120,0.4178387039344846,-0.1643225921310308,0.5,-0.08216129606551542,False,False,True,False,0.1390822503115542
SHORT,1,0-20,2.0,2700,5.0,5.0,1.0,60,0.4177777777777778,-0.1644444444444444,0.5,-0.0822222222222222,False,False,True,False,0.13900000000000004
SHORT,0,80-100,2.5,899,20.0,10.0,2.0,120,0.3170189098998888,-0.04894327030033363,0.3333333333333333,-0.016314423433444525,False,False,True,False,0.13893214682981095
SHORT,0,0-20,1.5,13687,20.0,10.0,2.0,60,0.3170161467085555,-0.04895155987433353,0.3333333333333333,-0.016317186624777824,False,False,True,False,0.13892744940454435
LONG,0,20-40,2.5,877,30.0,15.0,2.0,60,0.3169897377423033,-0.04903078677309003,0.3333333333333333,-0.01634359559102999,False,False,True,False,0.13888255416191567
LONG,2,80-100,2.0,2308,5.0,5.0,1.0,10,0.4176776429809358,-0.16464471403812841,0.5,-0.08232235701906421,False,False,True,False,0.13886481802426331
SHORT,0,80-100,1.5,10840,10.0,5.0,2.0,60,0.3169741697416974,-0.04907749077490775,0.3333333333333333,-0.016359163591635917,False,False,True,False,0.1388560885608856
LONG,0,0-20,2.0,4136,20.0,10.0,2.0,120,0.3169729206963249,-0.049081237911025366,0.3333333333333333,-0.016360412637008437,False,False,True,False,0.13885396518375231
LONG,1,40-60,1.5,5617,5.0,5.0,1.0,30,0.4176606729570945,-0.16467865408581095,0.5,-0.08233932704290547,False,False,True,False,0.13884190849207761
SHORT,1,60-80,1.5,6537,10.0,5.0,2.0,120,0.3169649686400489,-0.049105094079853306,0.3333333333333333,-0.0163683646932844,False,False,True,False,0.13884044668808315
SHORT,0,40-60,2.5,814,30.0,15.0,2.0,120,0.3169533169533169,-0.04914004914004921,0.3333333333333333,-0.016380016380016404,False,False,True,False,0.13882063882063878
LONG,2,0-20,2.5,1584,30.0,15.0,2.0,120,0.3169191919191919,-0.04924242424242442,0.3333333333333333,-0.016414141414141437,False,False,True,False,0.13876262626262617
SHORT,0,20-40,1.5,10677,10.0,5.0,2.0,60,0.3168493022384565,-0.04945209328463063,0.3333333333333333,-0.01648403109487684,False,False,True,False,0.138643813805376
LONG,2,60-80,3.5,101,30.0,15.0,2.0,60,0.3168316831683168,-0.04950495049504966,0.3333333333333333,-0.016501650165016535,False,False,True,False,0.13861386138613854
SHORT,1,60-80,1.5,6537,10.0,5.0,2.0,60,0.3168119932690836,-0.04956402019274919,0.3333333333333333,-0.016521340064249712,False,False,True,False,0.13858038855744215
SHORT,1,20-40,2.0,2110,15.0,10.0,1.5,30,0.3597156398104265,-0.10071090047393383,0.4,-0.04028436018957354,False,False,True,False,0.13856635071090037
LONG,1,60-80,1.5,6118,10.0,5.0,2.0,20,0.3167701863354037,-0.0496894409937888,0.3333333333333333,-0.0165631469979296,False,False,True,False,0.13850931677018635
LONG,2,80-100,2.5,944,5.0,5.0,1.0,10,0.4173728813559322,-0.1652542372881356,0.5,-0.0826271186440678,False,False,True,False,0.13845338983050848
LONG,2,80-100,2.0,2308,30.0,15.0,2.0,120,0.3167244367417677,-0.04982668977469695,0.3333333333333333,-0.016608896591565614,False,False,True,False,0.13843154246100509
SHORT,0,0-20,2.0,4503,20.0,10.0,2.0,60,0.3166777703753053,-0.049966688874084064,0.3333333333333333,-0.016655562958028003,False,False,True,False,0.13835220963801903
SHORT,2,40-60,2.0,2119,10.0,5.0,2.0,60,0.316658801321378,-0.050023596035865925,0.3333333333333333,-0.01667453201195529,False,False,True,False,0.13831996224634266
SHORT,2,40-60,2.0,2119,10.0,5.0,2.0,120,0.316658801321378,-0.050023596035865925,0.3333333333333333,-0.01667453201195529,False,False,True,False,0.13831996224634266
LONG,0,40-60,2.0,3057,20.0,10.0,2.0,20,0.3166503107621851,-0.05004906771344475,0.3333333333333333,-0.01668302257114823,False,False,True,False,0.13830552829571466
LONG,0,40-60,3.0,199,20.0,10.0,2.0,20,0.3165829145728643,-0.05025125628140714,0.3333333333333333,-0.01675041876046901,False,False,True,False,0.13819095477386928
SHORT,1,80-100,3.5,199,30.0,15.0,2.0,60,0.3165829145728643,-0.05025125628140714,0.3333333333333333,-0.01675041876046901,False,False,True,False,0.13819095477386928
SHORT,1,80-100,3.5,199,30.0,15.0,2.0,120,0.3165829145728643,-0.05025125628140714,0.3333333333333333,-0.01675041876046901,False,False,True,False,0.13819095477386928
SHORT,1,40-60,1.5,5231,20.0,10.0,2.0,120,0.3165742687822596,-0.05027719365322125,0.3333333333333333,-0.016759064551073732,False,False,True,False,0.1381762569298413
SHORT,1,80-100,2.0,3453,20.0,10.0,2.0,120,0.3165363452070663,-0.050390964378801084,0.3333333333333333,-0.01679698812626701,False,False,True,False,0.13811178685201272
SHORT,2,80-100,3.0,218,30.0,15.0,2.0,120,0.3165137614678899,-0.050458715596330306,0.3333333333333333,-0.016819571865443417,False,False,True,False,0.1380733944954128
LONG,1,0-20,2.5,1369,15.0,10.0,1.5,30,0.3593864134404675,-0.10153396639883117,0.4,-0.04061358655953251,False,False,True,False,0.138064280496713
LONG,2,20-40,2.5,1030,20.0,10.0,2.0,60,0.316504854368932,-0.05048543689320406,0.3333333333333333,-0.016828478964401317,False,False,True,False,0.1380582524271844
LONG,1,80-100,2.0,3899,30.0,15.0,2.0,60,0.316491408053347,-0.050525775839958986,0.3333333333333333,-0.016841925279986292,False,False,True,False,0.1380353936906899
LONG,2,60-80,2.5,910,10.0,5.0,2.0,120,0.3164835164835164,-0.0505494505494507,0.3333333333333333,-0.0168498168498169,False,False,True,False,0.1380219780219779
LONG,2,60-80,2.5,910,15.0,10.0,1.5,30,0.3593406593406593,-0.10164835164835184,0.4,-0.04065934065934074,False,False,True,False,0.1379945054945054
SHORT,2,80-100,1.5,4737,30.0,15.0,2.0,120,0.3164450073886426,-0.05066497783407209,0.3333333333333333,-0.016888325944690696,False,False,True,False,0.13795651256069247
LONG,2,0-20,1.5,7797,15.0,10.0,1.5,30,0.3592407336154931,-0.10189816596126733,0.4,-0.04075926638450694,False,False,True,False,0.13784211876362695
LONG,1,60-80,2.5,1002,20.0,10.0,2.0,30,0.3163672654690618,-0.050898203592814606,0.3333333333333333,-0.016966067864271517,False,False,True,False,0.13782435129740506
LONG,2,20-40,3.0,348,15.0,10.0,1.5,60,0.3591954022988505,-0.1020114942528737,0.4,-0.040804597701149525,False,False,True,False,0.13777298850574704
SHORT,0,80-100,1.5,10840,20.0,10.0,2.0,60,0.3162361623616236,-0.05129151291512912,0.3333333333333333,-0.017097170971709708,False,False,True,False,0.13760147601476014
LONG,0,0-20,3.0,253,10.0,5.0,2.0,120,0.3162055335968379,-0.05138339920948631,0.3333333333333333,-0.01712779973649542,False,False,True,False,0.1375494071146244
SHORT,1,0-20,2.5,930,20.0,10.0,2.0,120,0.3161290322580645,-0.05161290322580647,0.3333333333333333,-0.017204301075268824,False,False,True,False,0.13741935483870965
SHORT,2,40-60,1.5,4669,15.0,10.0,1.5,30,0.3589633754551296,-0.10259156136217606,0.4,-0.04103662454487045,False,False,True,False,0.13741914756907259
LONG,2,20-40,3.0,348,30.0,15.0,2.0,60,0.3160919540229885,-0.051724137931034475,0.3333333333333333,-0.017241379310344807,False,False,True,False,0.13735632183908045
LONG,2,20-40,3.0,348,20.0,10.0,2.0,120,0.3160919540229885,-0.051724137931034475,0.3333333333333333,-0.017241379310344807,False,False,True,False,0.13735632183908045
SHORT,1,60-80,3.5,174,30.0,15.0,2.0,120,0.3160919540229885,-0.051724137931034475,0.3333333333333333,-0.017241379310344807,False,False,True,False,0.13735632183908045
SHORT,0,0-20,1.5,13687,15.0,10.0,1.5,30,0.35888068970556,-0.10279827573610001,0.4,-0.04111931029444005,False,False,True,False,0.137293051800979
LONG,1,60-80,2.0,2744,30.0,15.0,2.0,60,0.3159620991253644,-0.0521137026239068,0.3333333333333333,-0.017371234207968933,False,False,True,False,0.13713556851311948
SHORT,0,20-40,2.0,3371,10.0,5.0,2.0,120,0.3159299911005636,-0.05221002669830932,0.3333333333333333,-0.017403342232769736,False,False,True,False,0.13708098487095804
SHORT,0,40-60,2.5,814,15.0,10.0,1.5,20,0.3587223587223587,-0.10319410319410327,0.4,-0.04127764127764133,False,False,True,False,0.137051597051597
SHORT,1,80-100,1.5,8389,30.0,15.0,2.0,60,0.3158898557634998,-0.05233043270950055,0.3333333333333333,-0.0174434775698335,False,False,True,False,0.1370127547979497
LONG,1,40-60,3.5,145,15.0,10.0,1.5,10,0.3586206896551724,-0.10344827586206895,0.4,-0.04137931034482761,False,False,True,False,0.13689655172413795
LONG,2,0-20,2.5,1584,15.0,10.0,1.5,30,0.3585858585858585,-0.1035353535353537,0.4,-0.041414141414141514,False,False,True,False,0.13684343434343424
LONG,0,40-60,2.5,792,15.0,10.0,1.5,10,0.3585858585858585,-0.1035353535353537,0.4,-0.041414141414141514,False,False,True,False,0.13684343434343424
LONG,1,60-80,3.0,342,20.0,10.0,2.0,30,0.3157894736842105,-0.052631578947368474,0.3333333333333333,-0.017543859649122806,False,False,True,False,0.13684210526315788
LONG,0,0-20,1.5,11227,10.0,5.0,2.0,60,0.315756658056471,-0.052730025830586946,0.3333333333333333,-0.017576675276862297,False,False,True,False,0.13678631869600075
LONG,0,40-60,2.0,3057,15.0,10.0,1.5,10,0.3585214262348707,-0.10369643441282317,0.4,-0.04147857376512931,False,False,True,False,0.13674517500817787
SHORT,0,40-60,2.5,814,20.0,10.0,2.0,60,0.3157248157248157,-0.0528255528255529,0.3333333333333333,-0.017608517608517615,False,False,True,False,0.1367321867321867
LONG,1,80-100,2.0,3899,20.0,10.0,2.0,20,0.3157219799948705,-0.052834060015388484,0.3333333333333333,-0.01761135333846281,False,False,True,False,0.13672736599127988
LONG,1,80-100,2.5,1492,20.0,10.0,2.0,60,0.3156836461126005,-0.05294906166219848,0.3333333333333333,-0.01764968722073279,False,False,True,False,0.13666219839142085
LONG,1,80-100,2.5,1492,20.0,10.0,2.0,120,0.3156836461126005,-0.05294906166219848,0.3333333333333333,-0.01764968722073279,False,False,True,False,0.13666219839142085
SHORT,1,20-40,2.5,703,15.0,10.0,1.5,20,0.3584637268847795,-0.10384068278805125,0.4,-0.04153627311522051,False,False,True,False,0.13665718349928874
LONG,2,80-100,2.5,944,20.0,10.0,2.0,60,0.3156779661016949,-0.052966101694915335,0.3333333333333333,-0.017655367231638408,False,False,True,False,0.13665254237288132
LONG,0,40-60,2.5,792,10.0,5.0,2.0,30,0.3156565656565656,-0.053030303030303316,0.3333333333333333,-0.017676767676767735,False,False,True,False,0.13661616161616147
LONG,0,60-80,2.5,1112,20.0,10.0,2.0,120,0.3156474820143884,-0.05305755395683476,0.3333333333333333,-0.0176858513189449,False,False,True,False,0.1366007194244603
LONG,0,80-100,2.5,922,10.0,5.0,2.0,10,0.3156182212581345,-0.053145336225596584,0.3333333333333333,-0.017715112075198824,False,False,True,False,0.13655097613882863
SHORT,1,0-20,2.0,2700,5.0,5.0,1.0,30,0.4159259259259259,-0.16814814814814816,0.5,-0.08407407407407408,False,False,True,False,0.1365
LONG,1,40-60,2.0,2570,10.0,5.0,2.0,30,0.3155642023346303,-0.05330739299610909,0.3333333333333333,-0.01776913099870303,False,False,True,False,0.1364591439688715
LONG,1,20-40,1.5,5554,5.0,5.0,1.0,20,0.4157364061937342,-0.1685271876125316,0.5,-0.0842635938062658,False,False,True,False,0.13624414836154117
LONG,1,40-60,1.5,5617,5.0,5.0,1.0,20,0.4157023322058038,-0.1685953355883924,0.5,-0.08429766779419617,False,False,True,False,0.13619814847783518
SHORT,1,20-40,3.5,130,30.0,15.0,2.0,10,0.3153846153846154,-0.05384615384615388,0.3333333333333333,-0.01794871794871794,False,False,True,False,0.13615384615384615
LONG,0,0-20,2.5,1085,5.0,5.0,1.0,10,0.4156682027649769,-0.16866359447004614,0.5,-0.0843317972350231,False,False,True,False,0.13615207373271884
SHORT,0,60-80,1.5,11293,15.0,10.0,1.5,30,0.3580979367749933,-0.10475515806251678,0.4,-0.041902063225006725,False,False,True,False,0.13609935358186478
SHORT,1,0-20,3.0,352,20.0,10.0,2.0,30,0.3153409090909091,-0.053977272727272596,0.3333333333333333,-0.0179924242424242,False,False,True,False,0.13607954545454554
SHORT,1,0-20,2.5,930,15.0,10.0,1.5,20,0.3580645161290323,-0.10483870967741926,0.4,-0.04193548387096774,False,False,True,False,0.13604838709677425
LONG,2,80-100,3.5,111,30.0,15.0,2.0,60,0.3153153153153153,-0.05405405405405406,0.3333333333333333,-0.018018018018018,False,False,True,False,0.13603603603603603
LONG,2,80-100,3.5,111,30.0,15.0,2.0,120,0.3153153153153153,-0.05405405405405406,0.3333333333333333,-0.018018018018018,False,False,True,False,0.13603603603603603
LONG,0,0-20,2.5,1085,10.0,5.0,2.0,60,0.3152073732718894,-0.05437788018433176,0.3333333333333333,-0.018125960061443902,False,False,True,False,0.13585253456221202
LONG,0,60-80,2.5,1112,15.0,10.0,1.5,20,0.3579136690647482,-0.10521582733812951,0.4,-0.042086330935251826,False,False,True,False,0.13581834532374099
LONG,0,40-60,2.5,792,5.0,5.0,1.0,30,0.4154040404040404,-0.16919191919191917,0.5,-0.08459595959595961,False,False,True,False,0.13579545454545455
LONG,0,40-60,2.5,792,5.0,5.0,1.0,60,0.4154040404040404,-0.16919191919191917,0.5,-0.08459595959595961,False,False,True,False,0.13579545454545455
LONG,0,40-60,2.5,792,5.0,5.0,1.0,120,0.4154040404040404,-0.16919191919191917,0.5,-0.08459595959595961,False,False,True,False,0.13579545454545455
LONG,2,60-80,2.5,910,5.0,5.0,1.0,10,0.4153846153846154,-0.16923076923076913,0.5,-0.08461538461538459,False,False,True,False,0.1357692307692308
LONG,0,20-40,3.0,236,5.0,5.0,1.0,60,0.4152542372881356,-0.1694915254237288,0.5,-0.0847457627118644,False,False,True,False,0.13559322033898305
LONG,0,20-40,3.0,236,5.0,5.0,1.0,120,0.4152542372881356,-0.1694915254237288,0.5,-0.0847457627118644,False,False,True,False,0.13559322033898305
SHORT,1,20-40,3.0,273,20.0,10.0,2.0,20,0.315018315018315,-0.05494505494505497,0.3333333333333333,-0.018315018315018305,False,False,True,False,0.13553113553113552
SHORT,1,20-40,3.0,273,20.0,10.0,2.0,30,0.315018315018315,-0.05494505494505497,0.3333333333333333,-0.018315018315018305,False,False,True,False,0.13553113553113552
SHORT,1,40-60,2.0,2038,20.0,10.0,2.0,120,0.3150147203140334,-0.0549558390578998,0.3333333333333333,-0.018318613019299934,False,False,True,False,0.13552502453385679
LONG,1,40-60,2.0,2570,5.0,5.0,1.0,10,0.4151750972762646,-0.16964980544747071,0.5,-0.08482490272373538,False,False,True,False,0.13548638132295726
SHORT,1,40-60,3.0,260,15.0,10.0,1.5,20,0.3576923076923077,-0.10576923076923073,0.4,-0.042307692307692324,False,False,True,False,0.13548076923076924
SHORT,0,0-20,2.0,4503,5.0,5.0,1.0,10,0.4150566289140573,-0.16988674217188532,0.5,-0.08494337108594269,False,False,True,False,0.1353264490339774
SHORT,0,60-80,1.5,11293,20.0,10.0,2.0,60,0.3148853271938369,-0.05534401841848935,0.3333333333333333,-0.01844800613949643,False,False,True,False,0.1353050562295227
SHORT,1,40-60,2.5,686,20.0,10.0,2.0,120,0.314868804664723,-0.055393586005831,0.3333333333333333,-0.018464528668610314,False,False,True,False,0.1352769679300291
SHORT,0,60-80,2.0,3855,15.0,10.0,1.5,120,0.3574578469520104,-0.10635538261997401,0.4,-0.04254215304798964,False,False,True,False,0.13512321660181584
LONG,2,20-40,2.0,2529,15.0,10.0,1.5,30,0.3574535389482008,-0.106366152629498,0.4,-0.04254646105179921,False,False,True,False,0.13511664689600622
SHORT,1,60-80,1.5,6537,20.0,10.0,2.0,120,0.3146703380755698,-0.05598898577329059,0.3333333333333333,-0.018662995257763493,False,False,True,False,0.13493957472846868
LONG,2,80-100,2.5,944,10.0,5.0,2.0,30,0.3146186440677966,-0.056144067796610186,0.3333333333333333,-0.01871468926553671,False,False,True,False,0.13485169491525423
LONG,2,80-100,2.0,2308,10.0,5.0,2.0,120,0.3145580589254766,-0.05632582322357016,0.3333333333333333,-0.0187752744078567,False,False,True,False,0.13474870017331023
LONG,1,80-100,3.5,213,20.0,10.0,2.0,60,0.3145539906103286,-0.05633802816901412,0.3333333333333333,-0.01877934272300469,False,False,True,False,0.13474178403755868
LONG,1,80-100,3.5,213,20.0,10.0,2.0,120,0.3145539906103286,-0.05633802816901412,0.3333333333333333,-0.01877934272300469,False,False,True,False,0.13474178403755868
SHORT,1,80-100,2.0,3453,30.0,15.0,2.0,60,0.314509122502172,-0.056472632493484,0.3333333333333333,-0.018824210831161314,False,False,True,False,0.13466550825369242
LONG,2,40-60,3.0,322,15.0,10.0,1.5,20,0.3571428571428571,-0.10714285714285732,0.4,-0.04285714285714293,False,False,True,False,0.13464285714285704
LONG,1,0-20,1.5,7283,15.0,10.0,1.5,30,0.3571330495674859,-0.10716737608128513,0.4,-0.042866950432514095,False,False,True,False,0.13462790059041607
SHORT,0,0-20,2.0,4503,10.0,5.0,2.0,120,0.3144570286475683,-0.05662891405729509,0.3333333333333333,-0.01887630468576501,False,False,True,False,0.13457694870086612
SHORT,0,20-40,2.0,3371,10.0,5.0,2.0,60,0.3144467517057253,-0.056659744882824215,0.3333333333333333,-0.018886581627608034,False,False,True,False,0.13455947789973294
SHORT,2,60-80,1.5,5420,20.0,10.0,2.0,60,0.3143911439114391,-0.056826568265682775,0.3333333333333333,-0.01894218942189424,False,False,True,False,0.13446494464944644
SHORT,1,20-40,2.5,703,30.0,15.0,2.0,60,0.3143669985775248,-0.05689900426742556,0.3333333333333333,-0.0189663347558085,False,False,True,False,0.13442389758179218
LONG,1,60-80,2.0,2744,5.0,5.0,1.0,30,0.4143586005830904,-0.17128279883381925,0.5,-0.08564139941690962,False,False,True,False,0.13438411078717202
LONG,1,60-80,2.0,2744,5.0,5.0,1.0,60,0.4143586005830904,-0.17128279883381925,0.5,-0.08564139941690962,False,False,True,False,0.13438411078717202
LONG,1,60-80,2.0,2744,5.0,5.0,1.0,120,0.4143586005830904,-0.17128279883381925,0.5,-0.08564139941690962,False,False,True,False,0.13438411078717202
SHORT,0,60-80,2.0,3855,15.0,10.0,1.5,60,0.3569390402075227,-0.1076523994811932,0.4,-0.043060959792477316,False,False,True,False,0.13433203631647214
LONG,2,60-80,2.5,910,10.0,5.0,2.0,30,0.3142857142857143,-0.05714285714285716,0.3333333333333333,-0.019047619047619035,False,False,True,False,0.13428571428571426
LONG,2,60-80,2.5,910,10.0,5.0,2.0,60,0.3142857142857143,-0.05714285714285716,0.3333333333333333,-0.019047619047619035,False,False,True,False,0.13428571428571426
LONG,1,80-100,1.5,8900,30.0,15.0,2.0,60,0.3142696629213483,-0.05719101123595516,0.3333333333333333,-0.019063670411985034,False,False,True,False,0.1342584269662921
SHORT,2,20-40,1.5,5581,5.0,5.0,1.0,120,0.4142626769396165,-0.17147464612076702,0.5,-0.08573732306038351,False,False,True,False,0.13425461386848228
SHORT,0,80-100,1.5,10840,10.0,5.0,2.0,30,0.3142066420664207,-0.05738007380073795,0.3333333333333333,-0.019126691266912632,False,False,True,False,0.13415129151291516
LONG,1,40-60,2.5,990,20.0,10.0,2.0,30,0.3141414141414141,-0.057575757575757724,0.3333333333333333,-0.019191919191919204,False,False,True,False,0.134040404040404
SHORT,2,20-40,1.5,5581,5.0,5.0,1.0,60,0.4140834975810786,-0.17183300483784286,0.5,-0.0859165024189214,False,False,True,False,0.13401272173445608
LONG,2,80-100,2.0,2308,10.0,5.0,2.0,60,0.3141247833622184,-0.057625649913344845,0.3333333333333333,-0.01920854997111493,False,False,True,False,0.13401213171577125
LONG,2,60-80,3.0,312,20.0,10.0,2.0,60,0.3141025641025641,-0.05769230769230771,0.3333333333333333,-0.019230769230769218,False,False,True,False,0.13397435897435897
LONG,1,0-20,2.0,3468,15.0,10.0,1.5,30,0.3566897347174164,-0.1082756632064591,0.4,-0.04331026528258364,False,False,True,False,0.13395184544405997
LONG,1,40-60,1.5,5617,10.0,5.0,2.0,120,0.3140466441160762,-0.05786006765177143,0.3333333333333333,-0.019286689217257125,False,False,True,False,0.13387929499732953
LONG,0,40-60,2.0,3057,30.0,15.0,2.0,60,0.3140333660451423,-0.057899901864573056,0.3333333333333333,-0.019299967288191,False,False,True,False,0.13385672227674195
LONG,2,60-80,1.5,5060,10.0,5.0,2.0,30,0.3140316205533597,-0.057905138339920836,0.3333333333333333,-0.019301712779973612,False,False,True,False,0.1338537549407115
SHORT,0,0-20,1.5,13687,10.0,5.0,2.0,60,0.314020603492365,-0.05793818952290508,0.3333333333333333,-0.019312729840968323,False,False,True,False,0.13383502593702049
LONG,1,60-80,1.5,6118,30.0,15.0,2.0,60,0.3139915004903563,-0.05802549852893113,0.3333333333333333,-0.019341832842977025,False,False,True,False,0.13378555083360572
SHORT,1,0-20,2.5,930,20.0,10.0,2.0,60,0.3139784946236559,-0.058064516129032295,0.3333333333333333,-0.019354838709677413,False,False,True,False,0.13376344086021505
SHORT,2,60-80,2.0,2499,15.0,10.0,1.5,30,0.3565426170468187,-0.10864345738295322,0.4,-0.0434573829531813,False,False,True,False,0.13372749099639855
LONG,1,0-20,3.5,172,30.0,15.0,2.0,120,0.313953488372093,-0.05813953488372092,0.3333333333333333,-0.01937984496124029,False,False,True,False,0.13372093023255816
SHORT,1,60-80,1.5,6537,10.0,5.0,2.0,30,0.3139054612207435,-0.05828361633776957,0.3333333333333333,-0.01942787211258984,False,False,True,False,0.13363928407526393
SHORT,2,20-40,2.5,943,30.0,15.0,2.0,120,0.3138918345705196,-0.05832449628844116,0.3333333333333333,-0.019441498762813703,False,False,True,False,0.13361611876988336
LONG,2,20-40,1.5,5263,15.0,10.0,1.5,30,0.3564506935208056,-0.10887326619798599,0.4,-0.043549306479194416,False,False,True,False,0.13358730761922855
LONG,1,40-60,1.5,5617,10.0,5.0,2.0,60,0.3138686131386861,-0.05839416058394176,0.3333333333333333,-0.019464720194647234,False,False,True,False,0.13357664233576635
LONG,2,80-100,1.5,4658,10.0,5.0,2.0,120,0.3138686131386861,-0.05839416058394176,0.3333333333333333,-0.019464720194647234,False,False,True,False,0.13357664233576635
SHORT,0,20-40,2.0,3371,20.0,10.0,2.0,60,0.3138534559477899,-0.05843963215663028,0.3333333333333333,-0.01947987738554341,False,False,True,False,0.13355087511124286
SHORT,2,0-20,1.5,7338,30.0,15.0,2.0,120,0.3138457345325702,-0.05846279640228935,0.3333333333333333,-0.019487598800763117,False,False,True,False,0.13353774870536936
SHORT,2,20-40,3.0,341,20.0,10.0,2.0,60,0.313782991202346,-0.05865102639296205,0.3333333333333333,-0.01955034213098733,False,False,True,False,0.13343108504398818
SHORT,0,20-40,2.5,784,30.0,15.0,2.0,60,0.3137755102040816,-0.058673469387755195,0.3333333333333333,-0.019557823129251695,False,False,True,False,0.13341836734693874
SHORT,2,40-60,1.5,4669,10.0,5.0,2.0,30,0.3137716855857785,-0.05868494324266449,0.3333333333333333,-0.01956164774755481,False,False,True,False,0.13341186549582346
LONG,1,60-80,2.0,2744,5.0,5.0,1.0,20,0.4136297376093295,-0.1727405247813411,0.5,-0.08637026239067053,False,False,True,False,0.13340014577259476
SHORT,1,80-100,2.5,1208,20.0,10.0,2.0,60,0.3137417218543046,-0.0587748344370862,0.3333333333333333,-0.019591611479028714,False,False,True,False,0.13336092715231784
SHORT,2,20-40,3.5,153,30.0,15.0,2.0,60,0.3137254901960784,-0.05882352941176472,0.3333333333333333,-0.019607843137254888,False,False,True,False,0.13333333333333333
SHORT,1,80-100,4.0,102,30.0,15.0,2.0,30,0.3137254901960784,-0.05882352941176472,0.3333333333333333,-0.019607843137254888,False,False,True,False,0.13333333333333333
SHORT,2,80-100,2.5,730,10.0,5.0,2.0,20,0.3136986301369863,-0.05890410958904113,0.3333333333333333,-0.019634703196347025,False,False,True,False,0.13328767123287671
LONG,2,0-20,3.5,233,15.0,10.0,1.5,20,0.3562231759656652,-0.1094420600858369,0.4,-0.043776824034334805,False,False,True,False,0.13324034334763948
LONG,1,60-80,1.5,6118,20.0,10.0,2.0,30,0.3136645962732919,-0.05900621118012428,0.3333333333333333,-0.019668737060041408,False,False,True,False,0.13322981366459624
SHORT,2,60-80,1.5,5420,10.0,5.0,2.0,120,0.3136531365313653,-0.05904059040590415,0.3333333333333333,-0.01968019680196803,False,False,True,False,0.133210332103321
SHORT,2,80-100,2.5,730,15.0,10.0,1.5,30,0.3561643835616438,-0.10958904109589052,0.4,-0.043835616438356206,False,False,True,False,0.1331506849315068
LONG,1,20-40,3.5,118,20.0,10.0,2.0,10,0.3135593220338983,-0.05932203389830504,0.3333333333333333,-0.019774011299435013,False,False,True,False,0.13305084745762713
LONG,1,80-100,1.5,8900,20.0,10.0,2.0,30,0.3134831460674157,-0.05955056179775298,0.3333333333333333,-0.01985018726591764,False,False,True,False,0.13292134831460667
LONG,0,0-20,1.5,11227,20.0,10.0,2.0,120,0.3134408123274249,-0.05967756301772542,0.3333333333333333,-0.019892521005908437,False,False,True,False,0.13284938095662227
LONG,2,40-60,2.0,2572,20.0,10.0,2.0,60,0.3133748055987558,-0.05987558320373265,0.3333333333333333,-0.019958527734577514,False,False,True,False,0.13273716951788486
SHORT,2,60-80,2.0,2499,20.0,10.0,2.0,60,0.3133253301320528,-0.060024009603841466,0.3333333333333333,-0.02000800320128049,False,False,True,False,0.13265306122448983
LONG,2,80-100,2.0,2308,20.0,10.0,2.0,60,0.3132582322357019,-0.06022530329289444,0.3333333333333333,-0.020075101097631443,False,False,True,False,0.13253899480069314
LONG,1,40-60,2.0,2570,10.0,5.0,2.0,20,0.3132295719844358,-0.060311284046692615,0.3333333333333333,-0.02010376134889752,False,False,True,False,0.13249027237354086
SHORT,1,80-100,3.0,431,30.0,15.0,2.0,120,0.3132250580046403,-0.060324825986079134,0.3333333333333333,-0.020108275328693026,False,False,True,False,0.1324825986078885
LONG,0,40-60,1.5,8453,10.0,5.0,2.0,10,0.3131432627469537,-0.0605702117591389,0.3333333333333333,-0.020190070586379616,False,False,True,False,0.1323435466698213
LONG,1,60-80,2.0,2744,10.0,5.0,2.0,10,0.3130466472303207,-0.060860058309037846,0.3333333333333333,-0.020286686103012597,False,False,True,False,0.13217930029154523
SHORT,2,0-20,3.0,481,15.0,10.0,1.5,30,0.3555093555093555,-0.11122661122661126,0.4,-0.04449064449064455,False,False,True,False,0.13215176715176713
LONG,1,80-100,2.5,1492,30.0,15.0,2.0,60,0.3130026809651474,-0.06099195710455785,0.3333333333333333,-0.02033065236818593,False,False,True,False,0.13210455764075058
SHORT,1,60-80,2.0,2611,15.0,10.0,1.5,20,0.3554193795480658,-0.11145155112983551,0.4,-0.04458062045193423,False,False,True,False,0.13201455381080032
SHORT,2,60-80,2.0,2499,10.0,5.0,2.0,120,0.3129251700680272,-0.061224489795918324,0.3333333333333333,-0.02040816326530609,False,False,True,False,0.1319727891156463
LONG,1,0-20,1.5,7283,20.0,10.0,2.0,120,0.3129204997940409,-0.06123850061787728,0.3333333333333333,-0.020412833539292408,False,False,True,False,0.13196484964986954
SHORT,1,80-100,2.5,1208,30.0,15.0,2.0,60,0.3129139072847682,-0.0612582781456954,0.3333333333333333,-0.020419426048565115,False,False,True,False,0.13195364238410592
SHORT,0,0-20,1.5,13687,30.0,15.0,2.0,120,0.312851611017754,-0.06144516694673807,0.3333333333333333,-0.02048172231557932,False,False,True,False,0.13184773873018177
SHORT,1,20-40,2.0,2110,20.0,10.0,2.0,120,0.3127962085308057,-0.06161137440758291,0.3333333333333333,-0.020537124802527618,False,False,True,False,0.1317535545023697
SHORT,1,80-100,2.0,3453,20.0,10.0,2.0,60,0.312771503040834,-0.06168549087749797,0.3333333333333333,-0.020561830292499306,False,False,True,False,0.13171155516941782
LONG,2,0-20,3.0,598,20.0,10.0,2.0,120,0.3127090301003344,-0.061872909698996836,0.3333333333333333,-0.02062430323299891,False,False,True,False,0.13160535117056849
SHORT,1,0-20,3.0,352,15.0,10.0,1.5,20,0.3551136363636363,-0.11221590909090928,0.4,-0.044886363636363724,False,False,True,False,0.13154829545454536
SHORT,1,0-20,2.0,2700,5.0,5.0,1.0,20,0.4122222222222222,-0.17555555555555552,0.5,-0.08777777777777779,False,False,True,False,0.1315
LONG,2,40-60,3.5,138,15.0,10.0,1.5,60,0.3550724637681159,-0.1123188405797102,0.4,-0.04492753623188411,False,False,True,False,0.13148550724637678
LONG,2,0-20,2.0,3836,15.0,10.0,1.5,30,0.3550573514077164,-0.11235662148070902,0.4,-0.04494264859228364,False,False,True,False,0.1314624608967675
LONG,1,80-100,3.0,547,20.0,10.0,2.0,20,0.3126142595978062,-0.0621572212065814,0.3333333333333333,-0.020719073735527116,False,False,True,False,0.13144424131627055
SHORT,0,80-100,2.5,899,20.0,10.0,2.0,60,0.3125695216907675,-0.0622914349276974,0.3333333333333333,-0.0207638116425658,False,False,True,False,0.1313681868743048
LONG,2,60-80,2.0,2483,20.0,10.0,2.0,60,0.3125251711639146,-0.06242448650825627,0.3333333333333333,-0.02080816216941872,False,False,True,False,0.1312927909786548
SHORT,1,0-20,1.5,7041,15.0,10.0,1.5,60,0.3549211759693225,-0.11269706007669378,0.4,-0.04507882403067753,False,False,True,False,0.1312547933532168
LONG,0,80-100,3.0,256,20.0,10.0,2.0,30,0.3125,-0.0625,0.3333333333333333,-0.020833333333333315,False,False,True,False,0.13125
LONG,0,80-100,3.0,256,30.0,15.0,2.0,30,0.3125,-0.0625,0.3333333333333333,-0.020833333333333315,False,False,True,False,0.13125
LONG,2,20-40,3.5,144,30.0,15.0,2.0,120,0.3125,-0.0625,0.3333333333333333,-0.020833333333333315,False,False,True,False,0.13125
SHORT,1,20-40,1.5,5476,20.0,10.0,2.0,60,0.31245434623813,-0.06263696128561003,0.3333333333333333,-0.020878987095203305,False,False,True,False,0.131172388604821
LONG,0,20-40,2.5,877,20.0,10.0,2.0,20,0.3124287343215507,-0.06271379703534785,0.3333333333333333,-0.0209045990117826,False,False,True,False,0.13112884834663624
LONG,2,60-80,2.0,2483,15.0,10.0,1.5,20,0.3548127265404752,-0.112968183648812,0.4,-0.045187273459524835,False,False,True,False,0.13108940797422466
LONG,1,80-100,2.0,3899,10.0,5.0,2.0,60,0.3123877917414722,-0.0628366247755835,0.3333333333333333,-0.020945541591861128,False,False,True,False,0.1310592459605027
LONG,1,80-100,2.0,3899,10.0,5.0,2.0,120,0.3123877917414722,-0.0628366247755835,0.3333333333333333,-0.020945541591861128,False,False,True,False,0.1310592459605027
SHORT,0,20-40,1.5,10677,20.0,10.0,2.0,120,0.3123536573943992,-0.06293902781680238,0.3333333333333333,-0.020979675938934128,False,False,True,False,0.13100121757047864
LONG,0,40-60,1.5,8453,20.0,10.0,2.0,30,0.3123151543830593,-0.06305453685082207,0.3333333333333333,-0.021018178950274025,False,False,True,False,0.1309357624512008
SHORT,2,40-60,3.0,282,15.0,10.0,1.5,60,0.3546099290780142,-0.11347517730496448,0.4,-0.045390070921985826,False,False,True,False,0.13078014184397166
SHORT,1,40-60,2.0,2038,5.0,5.0,1.0,60,0.4116781157998037,-0.1766437684003926,0.5,-0.08832188420019632,False,False,True,False,0.130765456329735
SHORT,1,40-60,2.0,2038,5.0,5.0,1.0,120,0.4116781157998037,-0.1766437684003926,0.5,-0.08832188420019632,False,False,True,False,0.130765456329735
LONG,2,40-60,2.0,2572,15.0,10.0,1.5,30,0.3545878693623639,-0.11353032659409024,0.4,-0.045412130637636106,False,False,True,False,0.13074650077760497
LONG,0,40-60,2.5,792,5.0,5.0,1.0,20,0.4116161616161616,-0.17676767676767685,0.5,-0.0883838383838384,False,False,True,False,0.13068181818181818
LONG,1,20-40,1.5,5554,5.0,5.0,1.0,10,0.4115952466690673,-0.17680950666186535,0.5,-0.08840475333093267,False,False,True,False,0.1306535830032409
SHORT,1,0-20,3.5,157,30.0,15.0,2.0,120,0.3121019108280254,-0.06369426751592377,0.3333333333333333,-0.021231422505307906,False,False,True,False,0.1305732484076432
LONG,1,40-60,3.0,347,15.0,10.0,1.5,10,0.3544668587896253,-0.11383285302593671,0.4,-0.04553314121037472,False,False,True,False,0.1305619596541786
SHORT,1,20-40,1.5,5476,10.0,5.0,2.0,30,0.3120891161431702,-0.06373265157048935,0.3333333333333333,-0.021244217190163117,False,False,True,False,0.13055149744338934
LONG,1,40-60,1.5,5617,10.0,5.0,2.0,30,0.3120883033647855,-0.06373508990564358,0.3333333333333333,-0.021245029968547824,False,False,True,False,0.13055011572013533
SHORT,2,40-60,3.0,282,30.0,15.0,2.0,120,0.3120567375886525,-0.06382978723404253,0.3333333333333333,-0.021276595744680826,False,False,True,False,0.13049645390070921
LONG,2,40-60,1.5,5279,15.0,10.0,1.5,30,0.3544231862095093,-0.11394203447622675,0.4,-0.04557681379049072,False,False,True,False,0.13049535896950168
SHORT,0,40-60,2.5,814,30.0,15.0,2.0,60,0.312039312039312,-0.06388206388206397,0.3333333333333333,-0.021294021294021304,False,False,True,False,0.13046683046683044
SHORT,1,60-80,2.5,920,15.0,10.0,1.5,120,0.3543478260869565,-0.11413043478260876,0.4,-0.04565217391304355,False,False,True,False,0.13038043478260866
SHORT,1,60-80,2.5,920,30.0,15.0,2.0,60,0.3119565217391304,-0.06413043478260871,0.3333333333333333,-0.021376811594202905,False,False,True,False,0.1303260869565217
LONG,1,0-20,3.0,452,20.0,10.0,2.0,20,0.3119469026548672,-0.0641592920353985,0.3333333333333333,-0.02138643067846613,False,False,True,False,0.1303097345132742
LONG,2,80-100,1.5,4658,10.0,5.0,2.0,60,0.3119364534134822,-0.06419063975955341,0.3333333333333333,-0.02139687991985112,False,False,True,False,0.13029197080291974
SHORT,2,80-100,3.0,218,10.0,5.0,2.0,60,0.3119266055045872,-0.06422018348623848,0.3333333333333333,-0.02140672782874614,False,False,True,False,0.1302752293577982
SHORT,2,80-100,3.0,218,10.0,5.0,2.0,120,0.3119266055045872,-0.06422018348623848,0.3333333333333333,-0.02140672782874614,False,False,True,False,0.1302752293577982
LONG,1,0-20,2.5,1369,20.0,10.0,2.0,120,0.3119065010956903,-0.06428049671292912,0.3333333333333333,-0.021426832237643023,False,False,True,False,0.1302410518626735
LONG,0,40-60,2.5,792,10.0,5.0,2.0,20,0.3118686868686868,-0.06439393939393956,0.3333333333333333,-0.02146464646464652,False,False,True,False,0.13017676767676756
LONG,2,60-80,1.5,5060,20.0,10.0,2.0,60,0.3118577075098814,-0.0644268774703558,0.3333333333333333,-0.021475625823451916,False,False,True,False,0.1301581027667984
SHORT,1,40-60,2.0,2038,5.0,5.0,1.0,30,0.4111874386653582,-0.1776251226692836,0.5,-0.08881256133464183,False,False,True,False,0.13010304219823354
SHORT,2,20-40,1.5,5581,5.0,5.0,1.0,30,0.4110374484859344,-0.17792510302813125,0.5,-0.08896255151406562,False,False,True,False,0.12990055545601142
SHORT,0,0-20,2.5,1034,5.0,5.0,1.0,20,0.4110251450676982,-0.1779497098646035,0.5,-0.08897485493230178,False,False,True,False,0.12988394584139262
LONG,0,20-40,3.0,236,5.0,5.0,1.0,30,0.4110169491525424,-0.17796610169491522,0.5,-0.08898305084745761,False,False,True,False,0.12987288135593222
SHORT,0,60-80,2.0,3855,5.0,5.0,1.0,10,0.4108949416342412,-0.1782101167315177,0.5,-0.08910505836575883,False,False,True,False,0.12970817120622558
SHORT,1,80-100,3.5,199,30.0,15.0,2.0,30,0.3115577889447236,-0.0653266331658292,0.3333333333333333,-0.021775544388609736,False,False,True,False,0.1296482412060301
SHORT,1,0-20,2.5,930,5.0,5.0,1.0,60,0.410752688172043,-0.17849462365591395,0.5,-0.08924731182795698,False,False,True,False,0.12951612903225806
SHORT,1,0-20,2.5,930,5.0,5.0,1.0,120,0.410752688172043,-0.17849462365591395,0.5,-0.08924731182795698,False,False,True,False,0.12951612903225806
LONG,2,80-100,3.0,305,20.0,10.0,2.0,120,0.3114754098360656,-0.06557377049180324,0.3333333333333333,-0.02185792349726773,False,False,True,False,0.1295081967213115
LONG,1,40-60,1.5,5617,5.0,5.0,1.0,10,0.4107174648388819,-0.17856507032223629,0.5,-0.08928253516111812,False,False,True,False,0.12946857753249053
LONG,1,60-80,2.0,2744,5.0,5.0,1.0,10,0.4107142857142857,-0.1785714285714286,0.5,-0.0892857142857143,False,False,True,False,0.1294642857142857
SHORT,1,60-80,2.0,2611,20.0,10.0,2.0,120,0.3113749521256224,-0.06587514362313285,0.3333333333333333,-0.02195838120771093,False,False,True,False,0.12933741861355808
LONG,1,80-100,2.0,3899,10.0,5.0,2.0,30,0.3113618876635035,-0.06591433700948957,0.3333333333333333,-0.021971445669829837,False,False,True,False,0.12931520902795593
SHORT,0,20-40,1.5,10677,10.0,5.0,2.0,30,0.3113234054509693,-0.06602978364709211,0.3333333333333333,-0.022009927882364,False,False,True,False,0.12924978926664782
LONG,1,0-20,2.5,1369,15.0,10.0,1.5,20,0.3535427319211103,-0.11614317019722431,0.4,-0.046457268078889724,False,False,True,False,0.12915266617969318
LONG,2,20-40,2.0,2529,20.0,10.0,2.0,60,0.3111901937524713,-0.06642941874258612,0.3333333333333333,-0.022143139580862004,False,False,True,False,0.1290233293792012
LONG,0,80-100,3.5,116,15.0,10.0,1.5,20,0.3534482758620689,-0.11637931034482774,0.4,-0.04655172413793113,False,False,True,False,0.12900862068965507
LONG,0,80-100,3.5,116,15.0,10.0,1.5,30,0.3534482758620689,-0.11637931034482774,0.4,-0.04655172413793113,False,False,True,False,0.12900862068965507
LONG,0,60-80,2.5,1112,20.0,10.0,2.0,60,0.3111510791366906,-0.0665467625899282,0.3333333333333333,-0.022182254196642714,False,False,True,False,0.12895683453237403
SHORT,0,40-60,2.0,3424,15.0,10.0,1.5,30,0.3533878504672897,-0.11653037383177567,0.4,-0.04661214953271031,False,False,True,False,0.12891647196261685
SHORT,0,20-40,2.5,784,15.0,10.0,1.5,20,0.3533163265306122,-0.11670918367346961,0.4,-0.04668367346938784,False,False,True,False,0.12880739795918356
SHORT,0,40-60,2.0,3424,20.0,10.0,2.0,120,0.3110397196261682,-0.06688084112149528,0.3333333333333333,-0.022293613707165094,False,False,True,False,0.128767523364486
SHORT,0,60-80,1.5,11293,30.0,15.0,2.0,120,0.3109891082971752,-0.06703267510847444,0.3333333333333333,-0.022344225036158127,False,False,True,False,0.12868148410519784
LONG,2,60-80,2.5,910,10.0,5.0,2.0,20,0.310989010989011,-0.06703296703296702,0.3333333333333333,-0.02234432234432232,False,False,True,False,0.1286813186813187
LONG,2,60-80,2.5,910,30.0,15.0,2.0,120,0.310989010989011,-0.06703296703296702,0.3333333333333333,-0.02234432234432232,False,False,True,False,0.1286813186813187
LONG,1,20-40,1.5,5554,20.0,10.0,2.0,20,0.3109470651782499,-0.06715880446525035,0.3333333333333333,-0.022386268155083433,False,False,True,False,0.1286100108030248
SHORT,2,60-80,2.0,2499,10.0,5.0,2.0,60,0.3109243697478991,-0.06722689075630262,0.3333333333333333,-0.022408963585434205,False,False,True,False,0.1285714285714285
LONG,2,60-80,3.0,312,30.0,15.0,2.0,120,0.3108974358974359,-0.06730769230769229,0.3333333333333333,-0.02243589743589741,False,False,True,False,0.12852564102564104
SHORT,2,60-80,1.5,5420,10.0,5.0,2.0,60,0.3108856088560885,-0.06734317343173446,0.3333333333333333,-0.0224477244772448,False,False,True,False,0.12850553505535048
LONG,1,80-100,3.0,547,10.0,5.0,2.0,20,0.3107861060329067,-0.06764168190127995,0.3333333333333333,-0.02254722730042663,False,False,True,False,0.12833638025594138
LONG,1,80-100,3.0,547,10.0,5.0,2.0,30,0.3107861060329067,-0.06764168190127995,0.3333333333333333,-0.02254722730042663,False,False,True,False,0.12833638025594138
LONG,1,80-100,3.0,547,10.0,5.0,2.0,60,0.3107861060329067,-0.06764168190127995,0.3333333333333333,-0.02254722730042663,False,False,True,False,0.12833638025594138
LONG,1,80-100,3.0,547,10.0,5.0,2.0,120,0.3107861060329067,-0.06764168190127995,0.3333333333333333,-0.02254722730042663,False,False,True,False,0.12833638025594138
LONG,1,80-100,3.0,547,30.0,15.0,2.0,120,0.3107861060329067,-0.06764168190127995,0.3333333333333333,-0.02254722730042663,False,False,True,False,0.12833638025594138
LONG,1,0-20,1.5,7283,5.0,5.0,1.0,60,0.4098585747631471,-0.1802828504737058,0.5,-0.09014142523685292,False,False,True,False,0.1283090759302486
LONG,1,0-20,1.5,7283,5.0,5.0,1.0,120,0.4098585747631471,-0.1802828504737058,0.5,-0.09014142523685292,False,False,True,False,0.1283090759302486
SHORT,0,80-100,3.0,251,30.0,15.0,2.0,120,0.3107569721115538,-0.0677290836653387,0.3333333333333333,-0.02257636122177953,False,False,True,False,0.1282868525896414
LONG,0,60-80,3.5,136,15.0,10.0,1.5,20,0.3529411764705882,-0.11764705882352955,0.4,-0.04705882352941182,False,False,True,False,0.12823529411764698
SHORT,2,80-100,3.5,103,20.0,10.0,2.0,30,0.3106796116504854,-0.06796116504854377,0.3333333333333333,-0.022653721682847905,False,False,True,False,0.12815533980582522
SHORT,2,80-100,3.5,103,20.0,10.0,2.0,60,0.3106796116504854,-0.06796116504854377,0.3333333333333333,-0.022653721682847905,False,False,True,False,0.12815533980582522
SHORT,2,80-100,3.5,103,20.0,10.0,2.0,120,0.3106796116504854,-0.06796116504854377,0.3333333333333333,-0.022653721682847905,False,False,True,False,0.12815533980582522
SHORT,2,80-100,3.5,103,30.0,15.0,2.0,120,0.3106796116504854,-0.06796116504854377,0.3333333333333333,-0.022653721682847905,False,False,True,False,0.12815533980582522
SHORT,1,0-20,2.5,930,5.0,5.0,1.0,30,0.4096774193548387,-0.1806451612903226,0.5,-0.0903225806451613,False,False,True,False,0.12806451612903225
SHORT,0,40-60,1.5,10374,20.0,10.0,2.0,120,0.3105841526894158,-0.06824754193175264,0.3333333333333333,-0.02274918064391751,False,False,True,False,0.12799305957200685
LONG,2,40-60,3.0,322,20.0,10.0,2.0,30,0.3105590062111801,-0.06832298136645976,0.3333333333333333,-0.022774327122153215,False,False,True,False,0.12795031055900613
LONG,2,80-100,2.5,944,15.0,10.0,1.5,30,0.3527542372881356,-0.11811440677966101,0.4,-0.047245762711864425,False,False,True,False,0.12795021186440678
LONG,1,0-20,1.5,7283,5.0,5.0,1.0,30,0.409583962652753,-0.18083207469449403,0.5,-0.09041603734724701,False,False,True,False,0.12793834958121653
SHORT,2,40-60,2.0,2119,10.0,5.0,2.0,30,0.3105238319962246,-0.06842850401132627,0.3333333333333333,-0.02280950133710874,False,False,True,False,0.1278905143935818
LONG,1,60-80,2.0,2744,20.0,10.0,2.0,20,0.3104956268221574,-0.06851311953352768,0.3333333333333333,-0.022837706511175893,False,False,True,False,0.12784256559766766
LONG,0,80-100,3.5,116,20.0,10.0,2.0,20,0.3103448275862069,-0.06896551724137934,0.3333333333333333,-0.02298850574712641,False,False,True,False,0.1275862068965517
LONG,0,80-100,3.5,116,20.0,10.0,2.0,30,0.3103448275862069,-0.06896551724137934,0.3333333333333333,-0.02298850574712641,False,False,True,False,0.1275862068965517
LONG,0,80-100,3.5,116,30.0,15.0,2.0,60,0.3103448275862069,-0.06896551724137934,0.3333333333333333,-0.02298850574712641,False,False,True,False,0.1275862068965517
LONG,0,80-100,2.0,3477,10.0,5.0,2.0,10,0.3103249928098935,-0.06902502157031953,0.3333333333333333,-0.023008340523439808,False,False,True,False,0.12755248777681896
LONG,1,80-100,2.5,1492,20.0,10.0,2.0,30,0.3103217158176943,-0.0690348525469171,0.3333333333333333,-0.023011617515639016,False,False,True,False,0.12754691689008033
SHORT,1,40-60,1.5,5231,15.0,10.0,1.5,20,0.3523226916459568,-0.119193270885108,0.4,-0.04767730835404321,False,False,True,False,0.12729210476008412
LONG,1,20-40,2.0,2573,10.0,5.0,2.0,10,0.3101438010104936,-0.06956859696851925,0.3333333333333333,-0.023189532322839712,False,False,True,False,0.12724446171783912
LONG,1,40-60,2.0,2570,20.0,10.0,2.0,20,0.3101167315175097,-0.0696498054474709,0.3333333333333333,-0.023216601815823634,False,False,True,False,0.12719844357976648
SHORT,2,0-20,4.0,129,30.0,15.0,2.0,60,0.3100775193798449,-0.06976744186046535,0.3333333333333333,-0.023255813953488413,False,False,True,False,0.1271317829457363
SHORT,1,20-40,2.0,2110,10.0,5.0,2.0,60,0.309952606635071,-0.0701421800947869,0.3333333333333333,-0.0233807266982623,False,False,True,False,0.12691943127962074
SHORT,1,20-40,2.0,2110,10.0,5.0,2.0,120,0.309952606635071,-0.0701421800947869,0.3333333333333333,-0.0233807266982623,False,False,True,False,0.12691943127962074
SHORT,1,40-60,2.0,2038,5.0,5.0,1.0,20,0.4087340529931305,-0.18253189401373904,0.5,-0.09126594700686952,False,False,True,False,0.12679097154072616
LONG,1,80-100,3.5,213,30.0,15.0,2.0,60,0.3098591549295774,-0.07042253521126784,0.3333333333333333,-0.02347417840375593,False,False,True,False,0.12676056338028158
LONG,1,80-100,3.5,213,30.0,15.0,2.0,120,0.3098591549295774,-0.07042253521126784,0.3333333333333333,-0.02347417840375593,False,False,True,False,0.12676056338028158
SHORT,2,60-80,1.5,5420,5.0,5.0,1.0,10,0.4086715867158672,-0.1826568265682656,0.5,-0.09132841328413283,False,False,True,False,0.1267066420664207
SHORT,0,80-100,2.0,3644,10.0,5.0,2.0,10,0.3098243688254665,-0.07052689352360053,0.3333333333333333,-0.023508964507866825,False,False,True,False,0.12670142700329304
LONG,1,80-100,2.0,3899,10.0,5.0,2.0,20,0.3098230315465504,-0.07053090536034878,0.3333333333333333,-0.023510301786782928,False,False,True,False,0.1266991536291357
SHORT,2,20-40,3.0,341,15.0,10.0,1.5,120,0.3519061583577713,-0.12023460410557185,0.4,-0.04809384164222874,False,False,True,False,0.1266568914956012
SHORT,0,0-20,2.0,4503,10.0,5.0,2.0,60,0.3097934710193205,-0.07061958694203863,0.3333333333333333,-0.023539862314012838,False,False,True,False,0.1266489007328448
LONG,0,40-60,3.0,199,15.0,10.0,1.5,10,0.3517587939698492,-0.12060301507537696,0.4,-0.04824120603015081,False,False,True,False,0.12643216080402003
SHORT,1,0-20,3.0,352,30.0,15.0,2.0,120,0.3096590909090909,-0.0710227272727274,0.3333333333333333,-0.02367424242424243,False,False,True,False,0.1264204545454545
LONG,1,40-60,2.0,2570,15.0,10.0,1.5,10,0.3517509727626459,-0.12062256809338534,0.4,-0.048249027237354136,False,False,True,False,0.12642023346303496
LONG,0,60-80,2.0,3715,10.0,5.0,2.0,10,0.3095558546433378,-0.07133243606998663,0.3333333333333333,-0.023777478689995524,False,False,True,False,0.12624495289367427
LONG,0,20-40,1.5,8519,20.0,10.0,2.0,30,0.3095433736354032,-0.07136987909379044,0.3333333333333333,-0.02378995969793013,False,False,True,False,0.1262237351801854
SHORT,0,20-40,1.5,10677,15.0,10.0,1.5,30,0.3515968905123162,-0.12100777371920957,0.4,-0.04840310948768384,False,False,True,False,0.12618525803128217
LONG,0,80-100,3.0,256,15.0,10.0,1.5,60,0.3515625,-0.12109375,0.4,-0.04843750000000002,False,False,True,False,0.1261328125
LONG,0,80-100,3.0,256,15.0,10.0,1.5,120,0.3515625,-0.12109375,0.4,-0.04843750000000002,False,False,True,False,0.1261328125
SHORT,2,80-100,1.5,4737,15.0,10.0,1.5,30,0.3514882837238758,-0.12127929069031052,0.4,-0.04851171627612422,False,False,True,False,0.1260196326789106
SHORT,2,20-40,2.0,2575,5.0,5.0,1.0,60,0.4081553398058252,-0.18368932038834962,0.5,-0.09184466019417481,False,False,True,False,0.12600970873786402
SHORT,2,20-40,2.0,2575,5.0,5.0,1.0,120,0.4081553398058252,-0.18368932038834962,0.5,-0.09184466019417481,False,False,True,False,0.12600970873786402
LONG,1,60-80,1.5,6118,10.0,5.0,2.0,10,0.3094148414514547,-0.07175547564563589,0.3333333333333333,-0.023918491881878612,False,False,True,False,0.126005230467473
LONG,1,0-20,2.0,3468,20.0,10.0,2.0,120,0.3094002306805075,-0.07179930795847755,0.3333333333333333,-0.023933102652825833,False,False,True,False,0.12598039215686274
SHORT,2,20-40,2.0,2575,15.0,10.0,1.5,60,0.3514563106796116,-0.12135922330097104,0.4,-0.04854368932038844,False,False,True,False,0.12597087378640764
SHORT,0,80-100,1.5,10840,10.0,5.0,2.0,20,0.3093173431734317,-0.0720479704797049,0.3333333333333333,-0.024015990159901635,False,False,True,False,0.12583948339483386
LONG,2,60-80,2.0,2483,10.0,5.0,2.0,20,0.3093032621828433,-0.07209021345147004,0.3333333333333333,-0.024030071150489996,False,False,True,False,0.12581554571083364
SHORT,0,80-100,2.0,3644,30.0,15.0,2.0,60,0.3092755214050494,-0.07217343578485191,0.3333333333333333,-0.024057811928283934,False,False,True,False,0.12576838638858392
LONG,1,40-60,1.5,5617,10.0,5.0,2.0,20,0.3092398077265444,-0.07228057682036682,0.3333333333333333,-0.0240935256067889,False,False,True,False,0.1257076731351255
SHORT,0,80-100,2.5,899,10.0,5.0,2.0,60,0.3092324805339266,-0.0723025583982202,0.3333333333333333,-0.024100852799406713,False,False,True,False,0.12569521690767524
SHORT,0,80-100,2.5,899,30.0,15.0,2.0,60,0.3092324805339266,-0.0723025583982202,0.3333333333333333,-0.024100852799406713,False,False,True,False,0.12569521690767524
SHORT,0,80-100,2.5,899,10.0,5.0,2.0,120,0.3092324805339266,-0.0723025583982202,0.3333333333333333,-0.024100852799406713,False,False,True,False,0.12569521690767524
SHORT,0,40-60,2.5,814,5.0,5.0,1.0,30,0.4078624078624078,-0.1842751842751844,0.5,-0.0921375921375922,False,False,True,False,0.12561425061425052
SHORT,0,40-60,2.5,814,5.0,5.0,1.0,60,0.4078624078624078,-0.1842751842751844,0.5,-0.0921375921375922,False,False,True,False,0.12561425061425052
SHORT,0,40-60,2.5,814,5.0,5.0,1.0,120,0.4078624078624078,-0.1842751842751844,0.5,-0.0921375921375922,False,False,True,False,0.12561425061425052
SHORT,2,0-20,2.5,1276,15.0,10.0,1.5,30,0.3510971786833856,-0.12225705329153602,0.4,-0.04890282131661444,False,False,True,False,0.12542319749216302
SHORT,1,60-80,2.5,920,15.0,10.0,1.5,60,0.3510869565217391,-0.12228260869565222,0.4,-0.04891304347826092,False,False,True,False,0.12540760869565215
SHORT,1,60-80,1.5,6537,15.0,10.0,1.5,20,0.3510784763653052,-0.12230380908673699,0.4,-0.04892152363469482,False,False,True,False,0.12539467645709043
LONG,1,0-20,2.5,1369,20.0,10.0,2.0,60,0.3089846603360117,-0.07304601899196494,0.3333333333333333,-0.02434867299732163,False,False,True,False,0.1252739225712199
LONG,1,80-100,3.0,547,10.0,5.0,2.0,10,0.3089579524680073,-0.07312614259597816,0.3333333333333333,-0.024375380865326035,False,False,True,False,0.1252285191956124
SHORT,1,0-20,2.5,930,5.0,5.0,1.0,20,0.4075268817204301,-0.18494623655913983,0.5,-0.09247311827956989,False,False,True,False,0.12516129032258067
SHORT,1,60-80,1.5,6537,20.0,10.0,2.0,60,0.3088572739788894,-0.0734281780633318,0.3333333333333333,-0.024476059354443913,False,False,True,False,0.125057365764112
LONG,0,60-80,3.5,136,20.0,10.0,2.0,30,0.3088235294117647,-0.07352941176470584,0.3333333333333333,-0.024509803921568596,False,False,True,False,0.12500000000000003
LONG,0,60-80,3.5,136,20.0,10.0,2.0,60,0.3088235294117647,-0.07352941176470584,0.3333333333333333,-0.024509803921568596,False,False,True,False,0.12500000000000003
LONG,0,60-80,3.5,136,20.0,10.0,2.0,120,0.3088235294117647,-0.07352941176470584,0.3333333333333333,-0.024509803921568596,False,False,True,False,0.12500000000000003
LONG,0,60-80,3.5,136,30.0,15.0,2.0,120,0.3088235294117647,-0.07352941176470584,0.3333333333333333,-0.024509803921568596,False,False,True,False,0.12500000000000003
LONG,1,0-20,1.5,7283,5.0,5.0,1.0,20,0.4072497597144034,-0.18550048057119323,0.5,-0.09275024028559659,False,False,True,False,0.12478717561444458
SHORT,0,0-20,2.0,4503,15.0,10.0,1.5,30,0.3506551188096824,-0.12336220297579392,0.4,-0.0493448811903176,False,False,True,False,0.1247490561847657
SHORT,0,20-40,2.5,784,10.0,5.0,2.0,30,0.3086734693877551,-0.07397959183673475,0.3333333333333333,-0.02465986394557823,False,False,True,False,0.12474489795918364
SHORT,0,80-100,1.5,10840,15.0,10.0,1.5,20,0.3506457564575646,-0.12338560885608862,0.4,-0.04935424354243545,False,False,True,False,0.12473477859778595
SHORT,0,80-100,3.0,251,15.0,10.0,1.5,10,0.350597609561753,-0.12350597609561753,0.4,-0.04940239043824701,False,False,True,False,0.12466135458167332
LONG,0,0-20,3.0,253,5.0,5.0,1.0,30,0.4071146245059288,-0.1857707509881425,0.5,-0.09288537549407122,False,False,True,False,0.12460474308300383
SHORT,1,80-100,3.0,431,30.0,15.0,2.0,60,0.308584686774942,-0.07424593967517401,0.3333333333333333,-0.02474864655839132,False,False,True,False,0.12459396751740139
SHORT,1,60-80,1.5,6537,10.0,5.0,2.0,20,0.3085513232369588,-0.07434603028912368,0.3333333333333333,-0.02478201009637454,False,False,True,False,0.12453724950282993
SHORT,2,40-60,2.5,823,5.0,5.0,1.0,30,0.4070473876063183,-0.18590522478736338,0.5,-0.09295261239368169,False,False,True,False,0.12451397326852973
SHORT,2,40-60,2.5,823,5.0,5.0,1.0,60,0.4070473876063183,-0.18590522478736338,0.5,-0.09295261239368169,False,False,True,False,0.12451397326852973
SHORT,2,40-60,2.5,823,5.0,5.0,1.0,120,0.4070473876063183,-0.18590522478736338,0.5,-0.09295261239368169,False,False,True,False,0.12451397326852973
SHORT,1,0-20,2.0,2700,20.0,10.0,2.0,120,0.3085185185185185,-0.07444444444444442,0.3333333333333333,-0.02481481481481479,False,False,True,False,0.12448148148148148
SHORT,2,40-60,3.0,282,20.0,10.0,2.0,120,0.3085106382978723,-0.07446808510638314,0.3333333333333333,-0.02482269503546103,False,False,True,False,0.1244680851063829
LONG,2,80-100,1.5,4658,20.0,10.0,2.0,60,0.3085015027908974,-0.07449549162730784,0.3333333333333333,-0.02483183054243593,False,False,True,False,0.12445255474452557
LONG,2,80-100,2.0,2308,10.0,5.0,2.0,30,0.3084922010398613,-0.07452339688041609,0.3333333333333333,-0.024841132293472012,False,False,True,False,0.12443674176776423
SHORT,2,60-80,2.0,2499,5.0,5.0,1.0,10,0.4069627851140456,-0.1860744297719088,0.5,-0.0930372148859544,False,False,True,False,0.12439975990396158
LONG,1,20-40,2.0,2573,5.0,5.0,1.0,60,0.4069179945588806,-0.18616401088223883,0.5,-0.09308200544111939,False,False,True,False,0.12433929265448883
LONG,1,20-40,2.0,2573,5.0,5.0,1.0,120,0.4069179945588806,-0.18616401088223883,0.5,-0.09308200544111939,False,False,True,False,0.12433929265448883
LONG,0,60-80,1.5,9666,10.0,5.0,2.0,10,0.3084005793503,-0.0747982619491,0.3333333333333333,-0.024932753983033296,False,False,True,False,0.12428098489551001
LONG,1,40-60,3.0,347,20.0,10.0,2.0,30,0.30835734870317,-0.07492795389049,0.3333333333333333,-0.024975984630163317,False,False,True,False,0.12420749279538902
LONG,0,20-40,3.0,236,5.0,5.0,1.0,20,0.4067796610169492,-0.18644067796610164,0.5,-0.09322033898305082,False,False,True,False,0.1241525423728814
LONG,1,60-80,2.0,2744,15.0,10.0,1.5,10,0.3502186588921283,-0.12445335276967928,0.4,-0.049781341107871746,False,False,True,False,0.12408345481049564
LONG,2,80-100,3.0,305,10.0,5.0,2.0,120,0.3081967213114754,-0.07540983606557383,0.3333333333333333,-0.025136612021857907,False,False,True,False,0.12393442622950818
LONG,0,0-20,2.0,4136,15.0,10.0,1.5,30,0.3500967117988394,-0.12475822050290153,0.4,-0.049903288201160634,False,False,True,False,0.12389748549323006
LONG,1,0-20,3.5,172,20.0,10.0,2.0,20,0.3081395348837209,-0.07558139534883723,0.3333333333333333,-0.025193798449612392,False,False,True,False,0.12383720930232558
LONG,0,80-100,1.5,9442,10.0,5.0,2.0,10,0.3080915060368566,-0.07572548188943029,0.3333333333333333,-0.025241827296476727,False,False,True,False,0.12375556026265618
LONG,2,0-20,4.0,100,15.0,10.0,1.5,30,0.35,-0.1250000000000001,0.4,-0.050000000000000044,False,False,True,False,0.12374999999999994
SHORT,1,40-60,1.5,5231,20.0,10.0,2.0,60,0.3079717071305677,-0.07608487860829694,0.3333333333333333,-0.025361626202765608,False,False,True,False,0.1235519021219651
SHORT,0,20-40,2.0,3371,30.0,15.0,2.0,120,0.3079204983684366,-0.0762385048946902,0.3333333333333333,-0.025412834964896713,False,False,True,False,0.12346484722634224
SHORT,2,20-40,3.0,341,30.0,15.0,2.0,60,0.3079178885630498,-0.0762463343108506,0.3333333333333333,-0.025415444770283513,False,False,True,False,0.12346041055718468
SHORT,2,20-40,2.0,2575,5.0,5.0,1.0,30,0.4062135922330097,-0.18757281553398064,0.5,-0.09378640776699032,False,False,True,False,0.12338834951456307
SHORT,1,40-60,3.0,260,20.0,10.0,2.0,60,0.3076923076923077,-0.07692307692307687,0.3333333333333333,-0.025641025641025605,False,False,True,False,0.1230769230769231
SHORT,1,40-60,3.0,260,20.0,10.0,2.0,120,0.3076923076923077,-0.07692307692307687,0.3333333333333333,-0.025641025641025605,False,False,True,False,0.1230769230769231
LONG,1,80-100,4.0,104,30.0,15.0,2.0,20,0.3076923076923077,-0.07692307692307687,0.3333333333333333,-0.025641025641025605,False,False,True,False,0.1230769230769231
LONG,1,80-100,4.0,104,30.0,15.0,2.0,30,0.3076923076923077,-0.07692307692307687,0.3333333333333333,-0.025641025641025605,False,False,True,False,0.1230769230769231
LONG,1,80-100,4.0,104,30.0,15.0,2.0,60,0.3076923076923077,-0.07692307692307687,0.3333333333333333,-0.025641025641025605,False,False,True,False,0.1230769230769231
LONG,1,80-100,4.0,104,30.0,15.0,2.0,120,0.3076923076923077,-0.07692307692307687,0.3333333333333333,-0.025641025641025605,False,False,True,False,0.1230769230769231
SHORT,0,20-40,2.0,3371,10.0,5.0,2.0,30,0.307623850489469,-0.07712844853159295,0.3333333333333333,-0.025709482843864317,False,False,True,False,0.12296054583209733
SHORT,1,60-80,2.0,2611,20.0,10.0,2.0,60,0.3075450019149751,-0.07736499425507481,0.3333333333333333,-0.025788331418358235,False,False,True,False,0.12282650325545763
SHORT,0,60-80,1.5,11293,10.0,5.0,2.0,120,0.3075356415478615,-0.07739307535641549,0.3333333333333333,-0.02579769178547181,False,False,True,False,0.12281059063136458
LONG,1,20-40,2.0,2573,5.0,5.0,1.0,30,0.4057520404197435,-0.18849591916051306,0.5,-0.0942479595802565,False,False,True,False,0.12276525456665371
LONG,2,20-40,3.0,348,20.0,10.0,2.0,60,0.3074712643678161,-0.07758620689655171,0.3333333333333333,-0.025862068965517238,False,False,True,False,0.12270114942528737
SHORT,2,60-80,1.5,5420,15.0,10.0,1.5,30,0.3492619926199262,-0.12684501845018448,0.4,-0.050738007380073835,False,False,True,False,0.12262453874538747
SHORT,1,0-20,2.0,2700,15.0,10.0,1.5,30,0.3492592592592592,-0.126851851851852,0.4,-0.05074074074074081,False,False,True,False,0.1226203703703703
LONG,0,0-20,1.5,11227,15.0,10.0,1.5,30,0.34924735013806,-0.12688162465484998,0.4,-0.05075264986194,False,False,True,False,0.12260220896054153
SHORT,2,40-60,2.5,823,20.0,10.0,2.0,120,0.307411907654921,-0.07776427703523703,0.3333333333333333,-0.025921425678412324,False,False,True,False,0.12260024301336571
SHORT,2,40-60,2.5,823,30.0,15.0,2.0,120,0.307411907654921,-0.07776427703523703,0.3333333333333333,-0.025921425678412324,False,False,True,False,0.12260024301336571
LONG,0,60-80,2.0,3715,20.0,10.0,2.0,20,0.3074024226110363,-0.07779273216689109,0.3333333333333333,-0.02593091072229703,False,False,True,False,0.1225841184387617
SHORT,1,40-60,1.5,5231,30.0,15.0,2.0,120,0.307398203020455,-0.07780539093863503,0.3333333333333333,-0.025935130312878307,False,False,True,False,0.12257694513477349
LONG,2,40-60,2.5,965,15.0,10.0,1.5,30,0.3492227979274611,-0.12694300518134727,0.4,-0.05077720207253894,False,False,True,False,0.12256476683937816
SHORT,2,80-100,1.5,4737,10.0,5.0,2.0,20,0.3073675321933713,-0.07789740341988605,0.3333333333333333,-0.025965801139961997,False,False,True,False,0.12252480472873126
SHORT,2,80-100,3.0,218,10.0,5.0,2.0,20,0.3073394495412844,-0.07798165137614677,0.3333333333333333,-0.025993883792048922,False,False,True,False,0.1224770642201835
SHORT,2,80-100,3.0,218,10.0,5.0,2.0,30,0.3073394495412844,-0.07798165137614677,0.3333333333333333,-0.025993883792048922,False,False,True,False,0.1224770642201835
SHORT,1,80-100,1.5,8389,20.0,10.0,2.0,30,0.3073071879842651,-0.07807843604720477,0.3333333333333333,-0.02602614534906822,False,False,True,False,0.12242221957325064
SHORT,0,60-80,1.5,11293,10.0,5.0,2.0,60,0.3072699902594528,-0.07819002922164164,0.3333333333333333,-0.02606334307388053,False,False,True,False,0.12235898344106973
SHORT,0,40-60,3.0,179,20.0,10.0,2.0,10,0.3072625698324022,-0.07821229050279344,0.3333333333333333,-0.026070763500931127,False,False,True,False,0.12234636871508371
SHORT,0,40-60,2.5,814,5.0,5.0,1.0,20,0.4054054054054054,-0.18918918918918926,0.5,-0.09459459459459463,False,False,True,False,0.12229729729729726
LONG,2,60-80,1.5,5060,10.0,5.0,2.0,20,0.3071146245059288,-0.07865612648221354,0.3333333333333333,-0.026218708827404513,False,False,True,False,0.12209486166007898
SHORT,0,80-100,2.0,3644,20.0,10.0,2.0,30,0.3070801317233809,-0.07875960482985733,0.3333333333333333,-0.026253201609952426,False,False,True,False,0.12203622392974753
LONG,1,40-60,2.5,990,20.0,10.0,2.0,20,0.307070707070707,-0.07878787878787896,0.3333333333333333,-0.02626262626262632,False,False,True,False,0.1220202020202019
LONG,1,60-80,3.0,342,10.0,5.0,2.0,20,0.3070175438596491,-0.07894736842105277,0.3333333333333333,-0.026315789473684237,False,False,True,False,0.12192982456140346
LONG,1,60-80,3.0,342,20.0,10.0,2.0,20,0.3070175438596491,-0.07894736842105277,0.3333333333333333,-0.026315789473684237,False,False,True,False,0.12192982456140346
LONG,1,60-80,3.0,342,10.0,5.0,2.0,30,0.3070175438596491,-0.07894736842105277,0.3333333333333333,-0.026315789473684237,False,False,True,False,0.12192982456140346
LONG,1,60-80,3.0,342,10.0,5.0,2.0,60,0.3070175438596491,-0.07894736842105277,0.3333333333333333,-0.026315789473684237,False,False,True,False,0.12192982456140346
LONG,1,60-80,3.0,342,10.0,5.0,2.0,120,0.3070175438596491,-0.07894736842105277,0.3333333333333333,-0.026315789473684237,False,False,True,False,0.12192982456140346
LONG,2,60-80,3.5,101,20.0,10.0,2.0,10,0.3069306930693069,-0.07920792079207917,0.3333333333333333,-0.02640264026402639,False,False,True,False,0.12178217821782178
LONG,0,0-20,2.5,1085,20.0,10.0,2.0,120,0.3069124423963134,-0.07926267281105981,0.3333333333333333,-0.026420890937019936,False,False,True,False,0.12175115207373276
LONG,0,40-60,2.5,792,10.0,5.0,2.0,10,0.3068181818181818,-0.07954545454545447,0.3333333333333333,-0.02651515151515149,False,False,True,False,0.12159090909090914
SHORT,1,0-20,3.0,352,20.0,10.0,2.0,20,0.3068181818181818,-0.07954545454545447,0.3333333333333333,-0.02651515151515149,False,False,True,False,0.12159090909090914
LONG,0,20-40,2.0,3191,30.0,15.0,2.0,60,0.3068003760576622,-0.07959887182701342,0.3333333333333333,-0.02653295727567112,False,False,True,False,0.12156063929802575
SHORT,0,80-100,3.0,251,20.0,10.0,2.0,30,0.3067729083665338,-0.07968127490039856,0.3333333333333333,-0.0265604249667995,False,False,True,False,0.12151394422310748
LONG,0,80-100,1.5,9442,20.0,10.0,2.0,20,0.3067146790934124,-0.07985596271976292,0.3333333333333333,-0.026618654239920936,False,False,True,False,0.12141495445880103
SHORT,1,40-60,2.0,2038,30.0,15.0,2.0,120,0.3066732090284593,-0.07998037291462212,0.3333333333333333,-0.026660124304874022,False,False,True,False,0.12134445534838081
SHORT,1,0-20,2.0,2700,30.0,15.0,2.0,120,0.3066666666666666,-0.08000000000000018,0.3333333333333333,-0.026666666666666727,False,False,True,False,0.12133333333333324
LONG,1,20-40,2.0,2573,30.0,15.0,2.0,30,0.306645938593082,-0.08006218422075406,0.3333333333333333,-0.026687394740251336,False,False,True,False,0.12129809560823936
SHORT,2,0-20,3.5,244,15.0,10.0,1.5,120,0.3483606557377049,-0.12909836065573776,0.4,-0.051639344262295106,False,False,True,False,0.12124999999999997
SHORT,2,40-60,2.5,823,5.0,5.0,1.0,20,0.4046172539489672,-0.19076549210206561,0.5,-0.09538274605103281,False,False,True,False,0.1212332928311057
LONG,1,40-60,1.5,5617,20.0,10.0,2.0,20,0.3065693430656934,-0.08029197080291983,0.3333333333333333,-0.026763990267639926,False,False,True,False,0.12116788321167876
LONG,1,20-40,3.0,359,10.0,5.0,2.0,60,0.3064066852367688,-0.0807799442896936,0.3333333333333333,-0.02692664809656453,False,False,True,False,0.12089136490250695
LONG,1,20-40,3.0,359,10.0,5.0,2.0,120,0.3064066852367688,-0.0807799442896936,0.3333333333333333,-0.02692664809656453,False,False,True,False,0.12089136490250695
SHORT,1,80-100,2.5,1208,20.0,10.0,2.0,30,0.3062913907284768,-0.08112582781456967,0.3333333333333333,-0.02704194260485654,False,False,True,False,0.12069536423841053
SHORT,1,40-60,2.0,2038,20.0,10.0,2.0,60,0.3061825318940137,-0.08145240431795897,0.3333333333333333,-0.02715080143931964,False,False,True,False,0.12051030421982324
SHORT,2,20-40,1.5,5581,5.0,5.0,1.0,20,0.4040494535029564,-0.1919010929940872,0.5,-0.0959505464970436,False,False,True,False,0.12046676222899114
LONG,0,40-60,2.5,792,5.0,5.0,1.0,10,0.404040404040404,-0.19191919191919204,0.5,-0.09595959595959602,False,False,True,False,0.12045454545454537
LONG,2,80-100,2.5,944,10.0,5.0,2.0,20,0.3061440677966102,-0.08156779661016944,0.3333333333333333,-0.02718926553672313,False,False,True,False,0.12044491525423733
LONG,0,0-20,3.0,253,15.0,10.0,1.5,60,0.3478260869565217,-0.1304347826086958,0.4,-0.05217391304347835,False,False,True,False,0.12043478260869557
LONG,2,40-60,3.5,138,15.0,10.0,1.5,20,0.3478260869565217,-0.1304347826086958,0.4,-0.05217391304347835,False,False,True,False,0.12043478260869557
LONG,2,40-60,3.5,138,15.0,10.0,1.5,30,0.3478260869565217,-0.1304347826086958,0.4,-0.05217391304347835,False,False,True,False,0.12043478260869557
SHORT,2,60-80,2.5,869,20.0,10.0,2.0,120,0.3060989643268124,-0.08170310701956285,0.3333333333333333,-0.02723436900652093,False,False,True,False,0.12036823935558105
SHORT,2,60-80,1.5,5420,30.0,15.0,2.0,120,0.3060885608856089,-0.08173431734317338,0.3333333333333333,-0.02724477244772444,False,False,True,False,0.12035055350553509
SHORT,1,20-40,1.5,5476,10.0,5.0,2.0,20,0.3060628195763331,-0.08181154127100077,0.3333333333333333,-0.027270513757000236,False,False,True,False,0.12030679327976623
LONG,2,0-20,3.0,598,30.0,15.0,2.0,120,0.3060200668896321,-0.08193979933110362,0.3333333333333333,-0.02731326644370119,False,False,True,False,0.12023411371237462
SHORT,1,80-100,1.5,8389,5.0,5.0,1.0,60,0.4038622005006556,-0.19227559899868885,0.5,-0.09613779949934442,False,False,True,False,0.12021397067588503
SHORT,1,80-100,1.5,8389,5.0,5.0,1.0,120,0.4038622005006556,-0.19227559899868885,0.5,-0.09613779949934442,False,False,True,False,0.12021397067588503
SHORT,0,20-40,1.5,10677,20.0,10.0,2.0,60,0.3059848271986513,-0.08204551840404617,0.3333333333333333,-0.027348506134682038,False,False,True,False,0.12017420623770718
LONG,1,20-40,2.0,2573,5.0,5.0,1.0,20,0.4038087835211815,-0.19238243295763707,0.5,-0.09619121647881851,False,False,True,False,0.12014185775359498
SHORT,0,80-100,2.5,899,10.0,5.0,2.0,30,0.3058954393770856,-0.08231368186874322,0.3333333333333333,-0.02743789395624774,False,False,True,False,0.1200222469410455
LONG,2,80-100,3.0,305,15.0,10.0,1.5,20,0.3475409836065574,-0.1311475409836066,0.4,-0.05245901639344264,False,False,True,False,0.12
SHORT,1,20-40,2.5,703,20.0,10.0,2.0,120,0.3058321479374111,-0.08250355618776672,0.3333333333333333,-0.027501185395922223,False,False,True,False,0.11991465149359887
SHORT,1,0-20,3.5,157,30.0,15.0,2.0,60,0.3057324840764331,-0.08280254777070073,0.3333333333333333,-0.027600849256900206,False,False,True,False,0.11974522292993627
LONG,2,40-60,2.5,965,20.0,10.0,2.0,60,0.3056994818652849,-0.08290155440414526,0.3333333333333333,-0.02763385146804842,False,False,True,False,0.11968911917098433
SHORT,1,20-40,1.5,5476,15.0,10.0,1.5,20,0.3473338203067933,-0.13166544923301682,0.4,-0.05266617969320675,False,False,True,False,0.11968407596785974
SHORT,1,20-40,2.0,2110,10.0,5.0,2.0,30,0.3056872037914692,-0.08293838862559244,0.3333333333333333,-0.02764612954186413,False,False,True,False,0.11966824644549762
LONG,1,0-20,1.5,7283,20.0,10.0,2.0,60,0.3056432788685981,-0.0830701633942057,0.3333333333333333,-0.027690054464735214,False,False,True,False,0.11959357407661676
LONG,2,60-80,2.5,910,15.0,10.0,1.5,20,0.3472527472527472,-0.13186813186813207,0.4,-0.05274725274725284,False,False,True,False,0.11956043956043945
LONG,0,0-20,2.0,4136,30.0,15.0,2.0,120,0.3056092843326886,-0.08317214700193432,0.3333333333333333,-0.027724049000644735,False,False,True,False,0.11953578336557057
SHORT,0,0-20,2.5,1034,15.0,10.0,1.5,60,0.3471953578336557,-0.13201160541586077,0.4,-0.05280464216634434,False,False,True,False,0.11947292069632492
LONG,1,0-20,2.0,3468,15.0,10.0,1.5,20,0.3471741637831603,-0.1320645905420993,0.4,-0.05282583621683973,False,False,True,False,0.11944059976931945
LONG,1,20-40,1.5,5554,10.0,5.0,2.0,10,0.3055455527547713,-0.08336334173568616,0.3333333333333333,-0.027787780578562016,False,False,True,False,0.11942743968311119
SHORT,1,0-20,2.5,930,5.0,5.0,1.0,10,0.4032258064516129,-0.19354838709677424,0.5,-0.09677419354838712,False,False,True,False,0.11935483870967739
LONG,1,40-60,3.0,347,20.0,10.0,2.0,20,0.3054755043227665,-0.08357348703170053,0.3333333333333333,-0.027857829010566826,False,False,True,False,0.11930835734870304
SHORT,1,80-100,1.5,8389,5.0,5.0,1.0,30,0.4029085707474073,-0.1941828585051853,0.5,-0.09709142925259268,False,False,True,False,0.11892657050899991
SHORT,1,40-60,2.0,2038,5.0,5.0,1.0,10,0.4028459273797841,-0.19430814524043183,0.5,-0.09715407262021591,False,False,True,False,0.11884200196270854
SHORT,2,20-40,2.5,943,15.0,10.0,1.5,120,0.3467656415694591,-0.13308589607635224,0.4,-0.05323435843054092,False,False,True,False,0.11881760339342512
LONG,1,80-100,3.5,213,20.0,10.0,2.0,10,0.3051643192488263,-0.08450704225352113,0.3333333333333333,-0.028169014084507005,False,False,True,False,0.11877934272300471
LONG,1,80-100,3.5,213,20.0,10.0,2.0,20,0.3051643192488263,-0.08450704225352113,0.3333333333333333,-0.028169014084507005,False,False,True,False,0.11877934272300471
LONG,1,80-100,3.5,213,20.0,10.0,2.0,30,0.3051643192488263,-0.08450704225352113,0.3333333333333333,-0.028169014084507005,False,False,True,False,0.11877934272300471
LONG,1,80-100,1.5,8900,15.0,10.0,1.5,10,0.346629213483146,-0.1334269662921349,0.4,-0.05337078651685401,False,False,True,False,0.1186095505617977
LONG,1,20-40,2.0,2573,5.0,5.0,1.0,10,0.4026428293820443,-0.19471434123591136,0.5,-0.09735717061795568,False,False,True,False,0.11856781966575983
LONG,2,80-100,3.0,305,10.0,5.0,2.0,60,0.3049180327868852,-0.08524590163934442,0.3333333333333333,-0.02841530054644814,False,False,True,False,0.11836065573770481
LONG,2,80-100,3.0,305,30.0,15.0,2.0,120,0.3049180327868852,-0.08524590163934442,0.3333333333333333,-0.02841530054644814,False,False,True,False,0.11836065573770481
LONG,1,60-80,3.5,127,15.0,10.0,1.5,20,0.3464566929133858,-0.13385826771653542,0.4,-0.0535433070866142,False,False,True,False,0.1183464566929134
LONG,1,60-80,3.5,127,15.0,10.0,1.5,30,0.3464566929133858,-0.13385826771653542,0.4,-0.0535433070866142,False,False,True,False,0.1183464566929134
LONG,1,60-80,3.5,127,15.0,10.0,1.5,60,0.3464566929133858,-0.13385826771653542,0.4,-0.0535433070866142,False,False,True,False,0.1183464566929134
LONG,1,60-80,3.5,127,15.0,10.0,1.5,120,0.3464566929133858,-0.13385826771653542,0.4,-0.0535433070866142,False,False,True,False,0.1183464566929134
LONG,0,0-20,2.0,4136,10.0,5.0,2.0,30,0.3048839458413926,-0.08534816247582222,0.3333333333333333,-0.028449387491940703,False,False,True,False,0.11830270793036743
SHORT,1,60-80,1.5,6537,30.0,15.0,2.0,60,0.3048799143337922,-0.08536025699862348,0.3333333333333333,-0.028453418999541125,False,False,True,False,0.1182958543674467
SHORT,1,60-80,2.0,2611,10.0,5.0,2.0,10,0.304864036767522,-0.08540788969743407,0.3333333333333333,-0.02846929656581132,False,False,True,False,0.11826886250478738
SHORT,1,60-80,2.0,2611,30.0,15.0,2.0,60,0.304864036767522,-0.08540788969743407,0.3333333333333333,-0.02846929656581132,False,False,True,False,0.11826886250478738
SHORT,2,20-40,3.5,153,15.0,10.0,1.5,60,0.3464052287581699,-0.13398692810457524,0.4,-0.0535947712418301,False,False,True,False,0.11826797385620912
SHORT,2,20-40,3.5,153,15.0,10.0,1.5,120,0.3464052287581699,-0.13398692810457524,0.4,-0.0535947712418301,False,False,True,False,0.11826797385620912
LONG,0,60-80,2.5,1112,20.0,10.0,2.0,30,0.3048561151079136,-0.08543165467625913,0.3333333333333333,-0.02847721822541971,False,False,True,False,0.11825539568345315
LONG,1,0-20,2.0,3468,20.0,10.0,2.0,60,0.3047866205305651,-0.08564013840830464,0.3333333333333333,-0.028546712802768215,False,False,True,False,0.11813725490196068
LONG,2,0-20,3.0,598,15.0,10.0,1.5,30,0.3461538461538461,-0.1346153846153848,0.4,-0.05384615384615393,False,False,True,False,0.11788461538461528
LONG,0,20-40,1.5,8519,10.0,5.0,2.0,10,0.3046132175137927,-0.08616034745862178,0.3333333333333333,-0.028720115819540593,False,False,True,False,0.11784246977344766
SHORT,1,60-80,3.5,174,30.0,15.0,2.0,60,0.3045977011494253,-0.08620689655172409,0.3333333333333333,-0.02873563218390801,False,False,True,False,0.11781609195402303
LONG,1,40-60,1.5,5617,15.0,10.0,1.5,10,0.346092220046288,-0.13476944988428008,0.4,-0.05390777995371204,False,False,True,False,0.11779063557058916
SHORT,2,20-40,3.0,341,15.0,10.0,1.5,60,0.3460410557184751,-0.1348973607038123,0.4,-0.05395894428152492,False,False,True,False,0.11771260997067451
SHORT,2,60-80,2.0,2499,10.0,5.0,2.0,30,0.3045218087234894,-0.0864345738295319,0.3333333333333333,-0.02881152460984393,False,False,True,False,0.11768707482993193
SHORT,1,20-40,2.0,2110,15.0,10.0,1.5,20,0.3459715639810427,-0.13507109004739337,0.4,-0.05402843601895735,False,False,True,False,0.11760663507109005
SHORT,0,60-80,1.5,11293,10.0,5.0,2.0,30,0.3044363765164261,-0.08669087045072177,0.3333333333333333,-0.028896956816907238,False,False,True,False,0.11754184007792434
LONG,2,80-100,1.5,4658,10.0,5.0,2.0,30,0.3044224989265779,-0.08673250322026627,0.3333333333333333,-0.028910834406755404,False,False,True,False,0.11751824817518246
LONG,2,60-80,2.5,910,20.0,10.0,2.0,60,0.3043956043956043,-0.08681318681318706,0.3333333333333333,-0.028937728937729,False,False,True,False,0.11747252747252734
LONG,1,60-80,2.5,1002,20.0,10.0,2.0,20,0.3043912175648702,-0.0868263473053894,0.3333333333333333,-0.028942115768463117,False,False,True,False,0.11746506986027934
LONG,2,40-60,3.0,322,20.0,10.0,2.0,20,0.3043478260869565,-0.08695652173913049,0.3333333333333333,-0.02898550724637683,False,False,True,False,0.11739130434782605
LONG,2,40-60,3.5,138,20.0,10.0,2.0,20,0.3043478260869565,-0.08695652173913049,0.3333333333333333,-0.02898550724637683,False,False,True,False,0.11739130434782605
LONG,2,40-60,3.5,138,20.0,10.0,2.0,30,0.3043478260869565,-0.08695652173913049,0.3333333333333333,-0.02898550724637683,False,False,True,False,0.11739130434782605
LONG,2,40-60,3.5,138,30.0,15.0,2.0,60,0.3043478260869565,-0.08695652173913049,0.3333333333333333,-0.02898550724637683,False,False,True,False,0.11739130434782605
SHORT,1,0-20,2.5,930,30.0,15.0,2.0,120,0.3043010752688172,-0.08709677419354833,0.3333333333333333,-0.029032258064516092,False,False,True,False,0.11731182795698929
LONG,1,80-100,2.5,1492,10.0,5.0,2.0,30,0.3042895442359249,-0.08713136729222526,0.3333333333333333,-0.0290437890974084,False,False,True,False,0.11729222520107235
LONG,1,80-100,2.5,1492,10.0,5.0,2.0,60,0.3042895442359249,-0.08713136729222526,0.3333333333333333,-0.0290437890974084,False,False,True,False,0.11729222520107235
LONG,1,80-100,2.5,1492,10.0,5.0,2.0,120,0.3042895442359249,-0.08713136729222526,0.3333333333333333,-0.0290437890974084,False,False,True,False,0.11729222520107235
LONG,0,80-100,2.0,3477,20.0,10.0,2.0,20,0.3042853034224906,-0.08714408973252818,0.3333333333333333,-0.02904802991084271,False,False,True,False,0.11728501581823403
LONG,0,0-20,1.5,11227,10.0,5.0,2.0,30,0.3042665004008194,-0.08720049879754188,0.3333333333333333,-0.029066832932513942,False,False,True,False,0.11725305068139293
SHORT,1,20-40,2.0,2110,30.0,15.0,2.0,60,0.3042654028436019,-0.08720379146919444,0.3333333333333333,-0.02906793048973144,False,False,True,False,0.11725118483412317
SHORT,1,80-100,3.0,431,15.0,10.0,1.5,60,0.345707656612529,-0.1357308584686775,0.4,-0.05429234338747102,False,False,True,False,0.11720417633410672
SHORT,1,80-100,3.0,431,15.0,10.0,1.5,120,0.345707656612529,-0.1357308584686775,0.4,-0.05429234338747102,False,False,True,False,0.11720417633410672
SHORT,0,40-60,1.5,10374,20.0,10.0,2.0,60,0.3042220936957779,-0.08733371891266628,0.3333333333333333,-0.02911123963755541,False,False,True,False,0.11717755928282243
SHORT,2,20-40,2.0,2575,5.0,5.0,1.0,20,0.4015533980582524,-0.19689320388349518,0.5,-0.09844660194174759,False,False,True,False,0.11709708737864075
LONG,0,60-80,3.5,136,15.0,10.0,1.5,10,0.3455882352941176,-0.13602941176470607,0.4,-0.05441176470588244,False,False,True,False,0.11702205882352931
SHORT,2,80-100,2.5,730,30.0,15.0,2.0,120,0.3041095890410959,-0.0876712328767123,0.3333333333333333,-0.029223744292237397,False,False,True,False,0.11698630136986304
LONG,0,0-20,1.5,11227,30.0,15.0,2.0,120,0.304088358421662,-0.08773492473501399,0.3333333333333333,-0.02924497491167133,False,False,True,False,0.1169502093168254
SHORT,1,80-100,1.5,8389,5.0,5.0,1.0,20,0.4013589223983788,-0.19728215520324244,0.5,-0.09864107760162122,False,False,True,False,0.11683454523781138
SHORT,1,80-100,4.0,102,30.0,15.0,2.0,20,0.3039215686274509,-0.0882352941176473,0.3333333333333333,-0.029411764705882415,False,False,True,False,0.11666666666666653
LONG,0,40-60,1.5,8453,30.0,15.0,2.0,60,0.3039157695492724,-0.08825269135218272,0.3333333333333333,-0.029417563784060907,False,False,True,False,0.1166568082337631
LONG,1,0-20,1.5,7283,10.0,5.0,2.0,120,0.3038583001510366,-0.08842509954689015,0.3333333333333333,-0.029475033182296717,False,False,True,False,0.11655911025676223
SHORT,1,40-60,3.0,260,20.0,10.0,2.0,30,0.3038461538461538,-0.08846153846153848,0.3333333333333333,-0.029487179487179493,False,False,True,False,0.11653846153846152
SHORT,1,20-40,2.0,2110,20.0,10.0,2.0,60,0.3037914691943127,-0.08862559241706192,0.3333333333333333,-0.0295418641390206,False,False,True,False,0.1164454976303316
SHORT,2,0-20,2.0,3332,30.0,15.0,2.0,120,0.3037214885954382,-0.0888355342136854,0.3333333333333333,-0.029611844737895132,False,False,True,False,0.11632653061224493
SHORT,2,20-40,1.5,5581,30.0,15.0,2.0,120,0.3037090127217344,-0.08887296183479687,0.3333333333333333,-0.02962432061159892,False,False,True,False,0.11630532162694845
SHORT,0,0-20,3.0,222,5.0,5.0,1.0,120,0.4009009009009009,-0.19819819819819817,0.5,-0.09909909909909909,False,False,True,False,0.11621621621621624
SHORT,1,0-20,1.5,7041,20.0,10.0,2.0,120,0.3036500497088482,-0.08904985087345552,0.3333333333333333,-0.029683283624485135,False,False,True,False,0.11620508450504188
LONG,1,20-40,3.0,359,10.0,5.0,2.0,20,0.3036211699164345,-0.08913649025069648,0.3333333333333333,-0.029712163416898807,False,False,True,False,0.11615598885793867
LONG,1,20-40,3.0,359,10.0,5.0,2.0,30,0.3036211699164345,-0.08913649025069648,0.3333333333333333,-0.029712163416898807,False,False,True,False,0.11615598885793867
SHORT,0,20-40,1.5,10677,10.0,5.0,2.0,20,0.3035496862414535,-0.08935094127563947,0.3333333333333333,-0.029783647091879806,False,False,True,False,0.11603446661047098
SHORT,2,0-20,3.0,481,20.0,10.0,2.0,60,0.3035343035343035,-0.08939708939708957,0.3333333333333333,-0.02979902979902982,False,False,True,False,0.11600831600831593
LONG,0,80-100,2.5,922,15.0,10.0,1.5,10,0.3449023861171366,-0.13774403470715857,0.4,-0.05509761388286344,False,False,True,False,0.1159761388286333
LONG,2,20-40,1.5,5263,5.0,5.0,1.0,60,0.4007220216606498,-0.19855595667870046,0.5,-0.0992779783393502,False,False,True,False,0.11597472924187723
LONG,2,20-40,1.5,5263,5.0,5.0,1.0,120,0.4007220216606498,-0.19855595667870046,0.5,-0.0992779783393502,False,False,True,False,0.11597472924187723
SHORT,1,20-40,1.5,5476,30.0,15.0,2.0,60,0.3035062089116143,-0.08948137326515715,0.3333333333333333,-0.02982712442171903,False,False,True,False,0.1159605551497443
SHORT,2,0-20,1.5,7338,20.0,10.0,2.0,60,0.3034886890160806,-0.08953393295175816,0.3333333333333333,-0.0298446443172527,False,False,True,False,0.11593077132733706
LONG,1,80-100,3.0,547,30.0,15.0,2.0,60,0.3034734917733089,-0.08957952468007335,0.3333333333333333,-0.029859841560024414,False,False,True,False,0.11590493601462512
LONG,1,40-60,3.5,145,30.0,15.0,2.0,30,0.3034482758620689,-0.08965517241379328,0.3333333333333333,-0.02988505747126441,False,False,True,False,0.11586206896551715
SHORT,0,40-60,2.0,3424,30.0,15.0,2.0,120,0.303446261682243,-0.08966121495327106,0.3333333333333333,-0.029887071651090336,False,False,True,False,0.11585864485981306
LONG,1,20-40,2.5,946,20.0,10.0,2.0,10,0.3033826638477801,-0.08985200845665964,0.3333333333333333,-0.029950669485553194,False,False,True,False,0.11575052854122622
LONG,1,20-40,2.5,946,10.0,5.0,2.0,60,0.3033826638477801,-0.08985200845665964,0.3333333333333333,-0.029950669485553194,False,False,True,False,0.11575052854122622
LONG,1,20-40,2.5,946,10.0,5.0,2.0,120,0.3033826638477801,-0.08985200845665964,0.3333333333333333,-0.029950669485553194,False,False,True,False,0.11575052854122622
SHORT,0,0-20,2.0,4503,30.0,15.0,2.0,120,0.303353320008883,-0.0899400399733511,0.3333333333333333,-0.029980013324450328,False,False,True,False,0.11570064401510106
SHORT,2,0-20,2.5,1276,20.0,10.0,2.0,60,0.3032915360501567,-0.09012539184952995,0.3333333333333333,-0.03004179728317663,False,False,True,False,0.11559561128526638
SHORT,2,40-60,1.5,4669,10.0,5.0,2.0,20,0.3032769329620904,-0.09016920111372884,0.3333333333333333,-0.03005640037124291,False,False,True,False,0.11557078603555368
SHORT,1,60-80,2.5,920,20.0,10.0,2.0,120,0.3032608695652174,-0.0902173913043477,0.3333333333333333,-0.030072463768115898,False,False,True,False,0.11554347826086962
SHORT,1,0-20,2.5,930,20.0,10.0,2.0,30,0.3032258064516129,-0.0903225806451613,0.3333333333333333,-0.030107526881720414,False,False,True,False,0.11548387096774193
SHORT,1,40-60,2.5,686,20.0,10.0,2.0,60,0.3032069970845481,-0.09037900874635563,0.3333333333333333,-0.03012633624878519,False,False,True,False,0.11545189504373182
SHORT,0,60-80,3.5,119,15.0,10.0,1.5,10,0.3445378151260504,-0.138655462184874,0.4,-0.055462184873949605,False,False,True,False,0.11542016806722687
SHORT,0,60-80,3.5,119,15.0,10.0,1.5,20,0.3445378151260504,-0.138655462184874,0.4,-0.055462184873949605,False,False,True,False,0.11542016806722687
SHORT,0,60-80,3.5,119,15.0,10.0,1.5,30,0.3445378151260504,-0.138655462184874,0.4,-0.055462184873949605,False,False,True,False,0.11542016806722687
SHORT,0,60-80,3.5,119,15.0,10.0,1.5,60,0.3445378151260504,-0.138655462184874,0.4,-0.055462184873949605,False,False,True,False,0.11542016806722687
SHORT,0,60-80,3.5,119,15.0,10.0,1.5,120,0.3445378151260504,-0.138655462184874,0.4,-0.055462184873949605,False,False,True,False,0.11542016806722687
SHORT,2,20-40,1.5,5581,20.0,10.0,2.0,120,0.3031714746461207,-0.09048557606163787,0.3333333333333333,-0.030161858687212606,False,False,True,False,0.11539150689840522
LONG,1,80-100,1.5,8900,20.0,10.0,2.0,20,0.3031460674157303,-0.09056179775280915,0.3333333333333333,-0.030187265917603012,False,False,True,False,0.1153483146067415
SHORT,2,60-80,1.5,5420,10.0,5.0,2.0,30,0.3031365313653136,-0.0905904059040592,0.3333333333333333,-0.030196801968019715,False,False,True,False,0.11533210332103314
LONG,1,0-20,3.0,452,10.0,5.0,2.0,20,0.3030973451327434,-0.09070796460176977,0.3333333333333333,-0.030235988200589925,False,False,True,False,0.1152654867256638
LONG,1,0-20,3.0,452,10.0,5.0,2.0,30,0.3030973451327434,-0.09070796460176977,0.3333333333333333,-0.030235988200589925,False,False,True,False,0.1152654867256638
LONG,1,0-20,3.0,452,10.0,5.0,2.0,60,0.3030973451327434,-0.09070796460176977,0.3333333333333333,-0.030235988200589925,False,False,True,False,0.1152654867256638
LONG,1,0-20,3.0,452,10.0,5.0,2.0,120,0.3030973451327434,-0.09070796460176977,0.3333333333333333,-0.030235988200589925,False,False,True,False,0.1152654867256638
LONG,1,0-20,3.0,452,30.0,15.0,2.0,120,0.3030973451327434,-0.09070796460176977,0.3333333333333333,-0.030235988200589925,False,False,True,False,0.1152654867256638
LONG,0,20-40,2.0,3191,10.0,5.0,2.0,10,0.3030397994359135,-0.09088060169225942,0.3333333333333333,-0.03029353389741979,False,False,True,False,0.11516765904105299
LONG,2,40-60,2.0,2572,5.0,5.0,1.0,60,0.4000777604976672,-0.19984447900466562,0.5,-0.09992223950233281,False,False,True,False,0.11510497667185071
LONG,2,40-60,2.0,2572,5.0,5.0,1.0,120,0.4000777604976672,-0.19984447900466562,0.5,-0.09992223950233281,False,False,True,False,0.11510497667185071
SHORT,1,0-20,2.0,2700,20.0,10.0,2.0,60,0.302962962962963,-0.09111111111111103,0.3333333333333333,-0.030370370370370325,False,False,True,False,0.11503703703703709
LONG,0,60-80,2.0,3715,15.0,10.0,1.5,10,0.3442799461641992,-0.13930013458950197,0.4,-0.05572005383580081,False,False,True,False,0.11502691790040379
LONG,1,80-100,2.5,1492,10.0,5.0,2.0,20,0.3029490616621983,-0.091152815013405,0.3333333333333333,-0.030384271671135,False,False,True,False,0.11501340482573716
LONG,1,80-100,2.5,1492,20.0,10.0,2.0,20,0.3029490616621983,-0.091152815013405,0.3333333333333333,-0.030384271671135,False,False,True,False,0.11501340482573716
SHORT,2,0-20,3.5,244,15.0,10.0,1.5,60,0.3442622950819672,-0.139344262295082,0.4,-0.055737704918032815,False,False,True,False,0.11499999999999999
SHORT,2,0-20,1.5,7338,5.0,5.0,1.0,120,0.3999727446170619,-0.20005451076587621,0.5,-0.10002725538293811,False,False,True,False,0.11496320523303355
SHORT,0,40-60,2.0,3424,20.0,10.0,2.0,60,0.3028621495327103,-0.09141355140186913,0.3333333333333333,-0.030471183800623025,False,False,True,False,0.1148656542056075
LONG,2,80-100,2.0,2308,10.0,5.0,2.0,20,0.3028596187175043,-0.09142114384748712,0.3333333333333333,-0.03047371461582904,False,False,True,False,0.11486135181975729
SHORT,0,20-40,3.0,175,30.0,15.0,2.0,20,0.3028571428571429,-0.0914285714285713,0.3333333333333333,-0.030476190476190435,False,False,True,False,0.11485714285714294
SHORT,1,40-60,1.5,5231,10.0,5.0,2.0,120,0.3028101701395527,-0.09156948958134192,0.3333333333333333,-0.030523163193780622,False,False,True,False,0.1147772892372396
SHORT,2,40-60,3.0,282,15.0,10.0,1.5,30,0.3439716312056737,-0.14007092198581572,0.4,-0.05602836879432632,False,False,True,False,0.11455673758865241
LONG,1,0-20,1.5,7283,15.0,10.0,1.5,20,0.3439516682685706,-0.1401208293285735,0.4,-0.056048331731429424,False,False,True,False,0.11452629410957016
SHORT,1,80-100,2.0,3453,20.0,10.0,2.0,30,0.3026353895163626,-0.09209383145091221,0.3333333333333333,-0.03069794381697072,False,False,True,False,0.11448016217781642
LONG,1,40-60,3.0,347,30.0,15.0,2.0,30,0.3025936599423631,-0.09221902017291073,0.3333333333333333,-0.030739673390970224,False,False,True,False,0.11440922190201727
SHORT,2,40-60,2.5,823,15.0,10.0,1.5,30,0.3438639125151883,-0.14034021871202929,0.4,-0.05613608748481175,False,False,True,False,0.11439246658566213
LONG,1,60-80,1.5,6118,20.0,10.0,2.0,20,0.3025498528931023,-0.09235044132069303,0.3333333333333333,-0.030783480440230993,False,False,True,False,0.11433474991827396
SHORT,2,20-40,2.0,2575,30.0,15.0,2.0,120,0.3025242718446602,-0.0924271844660195,0.3333333333333333,-0.03080906148867313,False,False,True,False,0.1142912621359223
SHORT,2,0-20,2.5,1276,10.0,5.0,2.0,120,0.3025078369905956,-0.09247648902821326,0.3333333333333333,-0.030825496342737735,False,False,True,False,0.1142633228840125
SHORT,0,60-80,2.0,3855,15.0,10.0,1.5,30,0.3437094682230869,-0.1407263294422828,0.4,-0.05629053177691312,False,False,True,False,0.1141569390402075
LONG,1,0-20,2.5,1369,20.0,10.0,2.0,30,0.3024105186267348,-0.09276844411979568,0.3333333333333333,-0.030922814706598523,False,False,True,False,0.11409788166544912
SHORT,0,0-20,1.5,13687,10.0,5.0,2.0,30,0.3024037407759187,-0.09278877767224392,0.3333333333333333,-0.03092959255741462,False,False,True,False,0.11408635931906179
SHORT,0,40-60,1.5,10374,10.0,5.0,2.0,120,0.3023905918642761,-0.09282822440717176,0.3333333333333333,-0.030942741469057233,False,False,True,False,0.11406400616926933
SHORT,1,0-20,2.0,2700,5.0,5.0,1.0,10,0.3992592592592592,-0.2014814814814816,0.5,-0.1007407407407408,False,False,True,False,0.11399999999999995
LONG,1,40-60,2.0,2570,10.0,5.0,2.0,10,0.3023346303501945,-0.09299610894941657,0.3333333333333333,-0.030998702983138837,False,False,True,False,0.1139688715953306
LONG,1,20-40,2.5,946,10.0,5.0,2.0,30,0.3023255813953488,-0.09302325581395354,0.3333333333333333,-0.031007751937984496,False,False,True,False,0.113953488372093
LONG,1,0-20,3.5,172,20.0,10.0,2.0,10,0.3023255813953488,-0.09302325581395354,0.3333333333333333,-0.031007751937984496,False,False,True,False,0.113953488372093
LONG,1,0-20,3.5,172,30.0,15.0,2.0,60,0.3023255813953488,-0.09302325581395354,0.3333333333333333,-0.031007751937984496,False,False,True,False,0.113953488372093
SHORT,2,0-20,4.0,129,30.0,15.0,2.0,30,0.3023255813953488,-0.09302325581395354,0.3333333333333333,-0.031007751937984496,False,False,True,False,0.113953488372093
LONG,0,0-20,3.0,253,5.0,5.0,1.0,20,0.3992094861660079,-0.2015810276679843,0.5,-0.10079051383399212,False,False,True,False,0.11393280632411062
SHORT,1,0-20,1.5,7041,5.0,5.0,1.0,10,0.3990910382048004,-0.20181792359039918,0.5,-0.10090896179519959,False,False,True,False,0.11377290157648055
SHORT,0,40-60,2.5,814,20.0,10.0,2.0,30,0.3022113022113022,-0.09336609336609336,0.3333333333333333,-0.031122031122031102,False,False,True,False,0.11375921375921377
LONG,1,0-20,1.5,7283,10.0,5.0,2.0,60,0.3022106274886722,-0.09336811753398333,0.3333333333333333,-0.03112270584466109,False,False,True,False,0.11375806673074279
SHORT,1,80-100,1.5,8389,10.0,5.0,2.0,120,0.3021814280605555,-0.09345571581833356,0.3333333333333333,-0.031151905272777836,False,False,True,False,0.11370842770294431
LONG,0,20-40,2.5,877,10.0,5.0,2.0,10,0.3021664766248574,-0.09350057012542778,0.3333333333333333,-0.03116685670847591,False,False,True,False,0.1136830102622576
LONG,1,20-40,1.5,5554,15.0,10.0,1.5,10,0.3433561397191214,-0.14160965070219655,0.4,-0.056643860280878644,False,False,True,False,0.11361811307166009
LONG,2,20-40,1.5,5263,10.0,5.0,2.0,120,0.3021090632718982,-0.09367281018430551,0.3333333333333333,-0.031224270061435133,False,False,True,False,0.1135854075622269
SHORT,1,60-80,3.0,351,30.0,15.0,2.0,60,0.301994301994302,-0.09401709401709402,0.3333333333333333,-0.03133903133903132,False,False,True,False,0.1133903133903134
SHORT,1,80-100,1.5,8389,10.0,5.0,2.0,60,0.3019430206222434,-0.09417093813326993,0.3333333333333333,-0.03139031271108994,False,False,True,False,0.11330313505781373
LONG,2,20-40,1.5,5263,5.0,5.0,1.0,30,0.3986319589587687,-0.20273608208246263,0.5,-0.10136804104123132,False,False,True,False,0.11315314459433773
SHORT,2,0-20,1.5,7338,5.0,5.0,1.0,60,0.3984736985554647,-0.20305260288907062,0.5,-0.10152630144453528,False,False,True,False,0.11293949304987737
SHORT,2,0-20,2.5,1276,10.0,5.0,2.0,60,0.3017241379310345,-0.09482758620689657,0.3333333333333333,-0.03160919540229884,False,False,True,False,0.11293103448275862
SHORT,0,40-60,1.5,10374,15.0,10.0,1.5,20,0.3428764218237902,-0.14280894544052447,0.4,-0.05712357817620983,False,False,True,False,0.11288654328128006
SHORT,0,60-80,1.5,11293,10.0,5.0,2.0,20,0.301691313202869,-0.09492606039139295,0.3333333333333333,-0.0316420201304643,False,False,True,False,0.11287523244487734
SHORT,0,40-60,3.0,179,30.0,15.0,2.0,20,0.3016759776536313,-0.0949720670391061,0.3333333333333333,-0.031657355679702015,False,False,True,False,0.11284916201117322
LONG,2,80-100,3.0,305,10.0,5.0,2.0,30,0.3016393442622951,-0.09508196721311468,0.3333333333333333,-0.03169398907103821,False,False,True,False,0.11278688524590169
LONG,2,80-100,3.0,305,20.0,10.0,2.0,60,0.3016393442622951,-0.09508196721311468,0.3333333333333333,-0.03169398907103821,False,False,True,False,0.11278688524590169
LONG,0,20-40,3.0,236,5.0,5.0,1.0,10,0.3983050847457627,-0.20338983050847453,0.5,-0.1016949152542373,False,False,True,False,0.1127118644067797
LONG,2,20-40,1.5,5263,10.0,5.0,2.0,60,0.3015390461713851,-0.09538286148584463,0.3333333333333333,-0.03179428716194821,False,False,True,False,0.11261637849135471
SHORT,0,40-60,1.5,10374,10.0,5.0,2.0,60,0.3015230383651436,-0.09543088490456919,0.3333333333333333,-0.03181029496818971,False,False,True,False,0.11258916522074414
LONG,0,40-60,3.0,199,10.0,5.0,2.0,120,0.3015075376884422,-0.09547738693467345,0.3333333333333333,-0.03182579564489113,False,False,True,False,0.11256281407035172
SHORT,1,80-100,3.5,199,30.0,15.0,2.0,20,0.3015075376884422,-0.09547738693467345,0.3333333333333333,-0.03182579564489113,False,False,True,False,0.11256281407035172
SHORT,1,40-60,1.5,5231,10.0,5.0,2.0,60,0.3014719938826228,-0.0955840183521316,0.3333333333333333,-0.03186133945071051,False,False,True,False,0.11250238960045877
LONG,0,60-80,3.5,136,20.0,10.0,2.0,10,0.3014705882352941,-0.09558823529411764,0.3333333333333333,-0.031862745098039214,False,False,True,False,0.1125
LONG,0,60-80,3.5,136,20.0,10.0,2.0,20,0.3014705882352941,-0.09558823529411764,0.3333333333333333,-0.031862745098039214,False,False,True,False,0.1125
LONG,0,60-80,3.5,136,30.0,15.0,2.0,60,0.3014705882352941,-0.09558823529411764,0.3333333333333333,-0.031862745098039214,False,False,True,False,0.1125
SHORT,0,80-100,2.5,899,10.0,5.0,2.0,20,0.3014460511679644,-0.09566184649610676,0.3333333333333333,-0.0318872821653689,False,False,True,False,0.1124582869855395
SHORT,0,80-100,2.5,899,20.0,10.0,2.0,30,0.3014460511679644,-0.09566184649610676,0.3333333333333333,-0.0318872821653689,False,False,True,False,0.1124582869855395
LONG,1,0-20,1.5,7283,5.0,5.0,1.0,10,0.3980502540162021,-0.20389949196759583,0.5,-0.10194974598379791,False,False,True,False,0.11236784292187282
LONG,1,80-100,2.0,3899,10.0,5.0,2.0,10,0.3013593229033085,-0.09592203129007448,0.3333333333333333,-0.03197401043002479,False,False,True,False,0.11231084893562449
LONG,0,60-80,3.0,312,30.0,15.0,2.0,120,0.3012820512820512,-0.09615384615384637,0.3333333333333333,-0.032051282051282104,False,False,True,False,0.11217948717948706
LONG,2,60-80,3.0,312,20.0,10.0,2.0,30,0.3012820512820512,-0.09615384615384637,0.3333333333333333,-0.032051282051282104,False,False,True,False,0.11217948717948706
LONG,1,60-80,2.5,1002,15.0,10.0,1.5,10,0.342315369261477,-0.1442115768463076,0.4,-0.057684630738523035,False,False,True,False,0.11203093812375238
SHORT,1,40-60,3.0,260,15.0,10.0,1.5,10,0.3423076923076923,-0.14423076923076927,0.4,-0.05769230769230771,False,False,True,False,0.11201923076923076
LONG,0,20-40,2.0,3191,20.0,10.0,2.0,20,0.3011595111250392,-0.09652146662488248,0.3333333333333333,-0.03217382220829412,False,False,True,False,0.11197116891256662
LONG,2,40-60,2.0,2572,5.0,5.0,1.0,30,0.3977449455676516,-0.20451010886469678,0.5,-0.10225505443234839,False,False,True,False,0.11195567651632968
SHORT,1,0-20,3.0,352,30.0,15.0,2.0,60,0.3011363636363636,-0.09659090909090928,0.3333333333333333,-0.032196969696969724,False,False,True,False,0.11193181818181809
LONG,2,40-60,1.5,5279,5.0,5.0,1.0,120,0.3976131843152112,-0.2047736313695776,0.5,-0.1023868156847888,False,False,True,False,0.11177779882553512
SHORT,0,20-40,2.5,784,10.0,5.0,2.0,20,0.3010204081632653,-0.09693877551020413,0.3333333333333333,-0.03231292517006801,False,False,True,False,0.111734693877551
LONG,0,20-40,1.5,8519,30.0,15.0,2.0,60,0.3009742927573658,-0.09707712172790262,0.3333333333333333,-0.0323590405759675,False,False,True,False,0.11165629768752186
SHORT,2,80-100,3.5,103,20.0,10.0,2.0,20,0.3009708737864077,-0.09708737864077699,0.3333333333333333,-0.032362459546925626,False,False,True,False,0.11165048543689306
SHORT,2,80-100,3.5,103,30.0,15.0,2.0,60,0.3009708737864077,-0.09708737864077699,0.3333333333333333,-0.032362459546925626,False,False,True,False,0.11165048543689306
SHORT,1,20-40,2.0,2110,10.0,5.0,2.0,20,0.3009478672985782,-0.09715639810426546,0.3333333333333333,-0.03238546603475512,False,False,True,False,0.11161137440758293
LONG,2,40-60,1.5,5279,5.0,5.0,1.0,60,0.3974237544989581,-0.20515249100208383,0.5,-0.10257624550104188,False,False,True,False,0.11152206857359342
LONG,1,20-40,3.0,359,10.0,5.0,2.0,10,0.3008356545961003,-0.09749303621169914,0.3333333333333333,-0.03249767873723303,False,False,True,False,0.1114206128133705
LONG,1,20-40,3.0,359,30.0,15.0,2.0,20,0.3008356545961003,-0.09749303621169914,0.3333333333333333,-0.03249767873723303,False,False,True,False,0.1114206128133705
SHORT,0,40-60,2.0,3424,10.0,5.0,2.0,120,0.3008177570093458,-0.09754672897196259,0.3333333333333333,-0.032515576323987494,False,False,True,False,0.11139018691588788
SHORT,2,60-80,2.5,869,15.0,10.0,1.5,30,0.3417721518987341,-0.14556962025316478,0.4,-0.05822784810126591,False,False,True,False,0.1112025316455695
SHORT,0,60-80,1.5,11293,15.0,10.0,1.5,20,0.3417161073231205,-0.1457097316921987,0.4,-0.0582838926768795,False,False,True,False,0.11111706366775878
SHORT,1,80-100,3.5,199,15.0,10.0,1.5,20,0.3417085427135678,-0.14572864321608048,0.4,-0.0582914572864322,False,False,True,False,0.11110552763819093
SHORT,1,80-100,3.5,199,15.0,10.0,1.5,30,0.3417085427135678,-0.14572864321608048,0.4,-0.0582914572864322,False,False,True,False,0.11110552763819093
SHORT,1,80-100,3.5,199,15.0,10.0,1.5,60,0.3417085427135678,-0.14572864321608048,0.4,-0.0582914572864322,False,False,True,False,0.11110552763819093
SHORT,1,80-100,3.5,199,15.0,10.0,1.5,120,0.3417085427135678,-0.14572864321608048,0.4,-0.0582914572864322,False,False,True,False,0.11110552763819093
LONG,2,40-60,2.5,965,5.0,5.0,1.0,60,0.3968911917098445,-0.20621761658031096,0.5,-0.10310880829015551,False,False,True,False,0.11080310880829009
LONG,2,40-60,2.5,965,5.0,5.0,1.0,120,0.3968911917098445,-0.20621761658031096,0.5,-0.10310880829015551,False,False,True,False,0.11080310880829009
SHORT,0,40-60,2.5,814,5.0,5.0,1.0,10,0.3968058968058968,-0.20638820638820649,0.5,-0.10319410319410321,False,False,True,False,0.11068796068796063
SHORT,0,60-80,2.0,3855,20.0,10.0,2.0,120,0.3003891050583657,-0.09883268482490293,0.3333333333333333,-0.032944228274967624,False,False,True,False,0.11066147859922167
SHORT,2,0-20,2.5,1276,30.0,15.0,2.0,120,0.3001567398119122,-0.09952978056426331,0.3333333333333333,-0.033176593521421105,False,False,True,False,0.11026645768025077
SHORT,1,20-40,2.5,703,20.0,10.0,2.0,60,0.3001422475106685,-0.0995732574679945,0.3333333333333333,-0.033191085822664834,False,False,True,False,0.11024182076813645
SHORT,2,40-60,2.0,2119,10.0,5.0,2.0,20,0.3001415762151958,-0.09957527135441258,0.3333333333333333,-0.03319175711813749,False,False,True,False,0.11024067956583289
SHORT,2,60-80,2.0,2499,30.0,15.0,2.0,120,0.3001200480192076,-0.09963985594237712,0.3333333333333333,-0.03321328531412571,False,False,True,False,0.11020408163265295
SHORT,1,0-20,1.5,7041,30.0,15.0,2.0,120,0.3000994176963499,-0.09970174691095035,0.3333333333333333,-0.03323391563698341,False,False,True,False,0.11016901008379482
SHORT,2,0-20,4.0,129,15.0,10.0,1.5,60,0.3410852713178294,-0.1472868217054265,0.4,-0.058914728682170625,False,False,True,False,0.11015503875968982
SHORT,2,0-20,4.0,129,15.0,10.0,1.5,120,0.3410852713178294,-0.1472868217054265,0.4,-0.058914728682170625,False,False,True,False,0.11015503875968982
SHORT,1,80-100,3.0,431,15.0,10.0,1.5,30,0.3410672853828306,-0.14733178654292345,0.4,-0.058932714617169424,False,False,True,False,0.11012761020881669
SHORT,0,80-100,1.5,10840,30.0,15.0,2.0,60,0.3,-0.09999999999999998,0.3333333333333333,-0.033333333333333326,False,False,True,False,0.11
SHORT,1,20-40,3.5,130,10.0,5.0,2.0,10,0.3,-0.09999999999999998,0.3333333333333333,-0.033333333333333326,False,False,True,False,0.11
SHORT,1,20-40,3.5,130,10.0,5.0,2.0,20,0.3,-0.09999999999999998,0.3333333333333333,-0.033333333333333326,False,False,True,False,0.11
SHORT,1,20-40,3.5,130,10.0,5.0,2.0,30,0.3,-0.09999999999999998,0.3333333333333333,-0.033333333333333326,False,False,True,False,0.11
SHORT,1,20-40,3.5,130,10.0,5.0,2.0,60,0.3,-0.09999999999999998,0.3333333333333333,-0.033333333333333326,False,False,True,False,0.11
SHORT,1,20-40,3.5,130,10.0,5.0,2.0,120,0.3,-0.09999999999999998,0.3333333333333333,-0.033333333333333326,False,False,True,False,0.11
LONG,2,0-20,4.0,100,20.0,10.0,2.0,120,0.3,-0.09999999999999998,0.3333333333333333,-0.033333333333333326,False,False,True,False,0.11
LONG,2,0-20,4.0,100,30.0,15.0,2.0,120,0.3,-0.09999999999999998,0.3333333333333333,-0.033333333333333326,False,False,True,False,0.11
LONG,2,40-60,1.5,5279,5.0,5.0,1.0,30,0.3960977457851866,-0.20780450842962678,0.5,-0.10390225421481342,False,False,True,False,0.10973195681000192
SHORT,0,40-60,2.0,3424,10.0,5.0,2.0,60,0.2996495327102804,-0.10105140186915884,0.3333333333333333,-0.03368380062305293,False,False,True,False,0.10940420560747666
SHORT,0,20-40,2.0,3371,10.0,5.0,2.0,20,0.299614357757342,-0.10115692672797394,0.3333333333333333,-0.033718975575991295,False,False,True,False,0.10934440818748145
SHORT,0,60-80,2.0,3855,30.0,15.0,2.0,120,0.2996108949416342,-0.10116731517509747,0.3333333333333333,-0.03372243839169914,False,False,True,False,0.1093385214007781
LONG,1,80-100,1.5,8900,10.0,5.0,2.0,60,0.2995505617977528,-0.10134831460674165,0.3333333333333333,-0.033782771535580514,False,False,True,False,0.10923595505617975
LONG,1,80-100,1.5,8900,10.0,5.0,2.0,120,0.2995505617977528,-0.10134831460674165,0.3333333333333333,-0.033782771535580514,False,False,True,False,0.10923595505617975
LONG,0,0-20,2.5,1085,30.0,15.0,2.0,120,0.2995391705069124,-0.10138248847926279,0.3333333333333333,-0.03379416282642089,False,False,True,False,0.1092165898617511
SHORT,0,60-80,2.5,1017,15.0,10.0,1.5,120,0.3402163225172074,-0.14945919370698146,0.4,-0.05978367748279262,False,False,True,False,0.1088298918387413
SHORT,1,80-100,3.0,431,30.0,15.0,2.0,30,0.2993039443155452,-0.10208816705336443,0.3333333333333333,-0.034029389017788125,False,False,True,False,0.10881670533642683
SHORT,2,0-20,1.5,7338,5.0,5.0,1.0,30,0.3953393295175797,-0.2093213409648405,0.5,-0.10466067048242028,False,False,True,False,0.10870809484873264
LONG,0,60-80,1.5,9666,20.0,10.0,2.0,20,0.2991930477963997,-0.1024208566108008,0.3333333333333333,-0.0341402855369336,False,False,True,False,0.10862818125387953
SHORT,0,80-100,1.5,10840,20.0,10.0,2.0,30,0.2991697416974169,-0.10249077490774938,0.3333333333333333,-0.034163591635916424,False,False,True,False,0.1085885608856087
SHORT,1,0-20,1.5,7041,10.0,5.0,2.0,120,0.2991052407328504,-0.10268427780144884,0.3333333333333333,-0.03422809260048293,False,False,True,False,0.10847890924584565
LONG,2,20-40,1.5,5263,5.0,5.0,1.0,20,0.3950218506555196,-0.20995629868896076,0.5,-0.10497814934448041,False,False,True,False,0.10827949838495148
LONG,0,80-100,3.0,256,15.0,10.0,1.5,30,0.33984375,-0.150390625,0.4,-0.06015625000000002,False,False,True,False,0.10826171874999999
LONG,1,80-100,2.5,1492,10.0,5.0,2.0,10,0.2989276139410187,-0.10321715817694399,0.3333333333333333,-0.034405719392314627,False,False,True,False,0.10817694369973176
LONG,2,40-60,1.5,5279,10.0,5.0,2.0,120,0.2989202500473574,-0.10323924985792787,0.3333333333333333,-0.03441308328597592,False,False,True,False,0.10816442508050755
SHORT,2,40-60,2.5,823,10.0,5.0,2.0,60,0.2989064398541919,-0.10328068043742433,0.3333333333333333,-0.03442689347914141,False,False,True,False,0.10814094775212624
SHORT,2,40-60,2.5,823,20.0,10.0,2.0,60,0.2989064398541919,-0.10328068043742433,0.3333333333333333,-0.03442689347914141,False,False,True,False,0.10814094775212624
SHORT,2,40-60,2.5,823,10.0,5.0,2.0,120,0.2989064398541919,-0.10328068043742433,0.3333333333333333,-0.03442689347914141,False,False,True,False,0.10814094775212624
SHORT,2,40-60,2.5,823,5.0,5.0,1.0,10,0.3948967193195625,-0.210206561360875,0.5,-0.1051032806804375,False,False,True,False,0.10811057108140937
LONG,2,40-60,2.5,965,5.0,5.0,1.0,30,0.3948186528497409,-0.2103626943005183,0.5,-0.10518134715025912,False,False,True,False,0.10800518134715018
SHORT,0,40-60,2.0,3424,15.0,10.0,1.5,20,0.339661214953271,-0.1508469626168225,0.4,-0.060338785046729015,False,False,True,False,0.10798335280373829
SHORT,0,80-100,3.0,251,20.0,10.0,2.0,20,0.298804780876494,-0.10358565737051806,0.3333333333333333,-0.034528552456839334,False,False,True,False,0.10796812749003978
SHORT,0,80-100,3.0,251,30.0,15.0,2.0,60,0.298804780876494,-0.10358565737051806,0.3333333333333333,-0.034528552456839334,False,False,True,False,0.10796812749003978
LONG,1,0-20,1.5,7283,30.0,15.0,2.0,120,0.2987779761087464,-0.10366607167376085,0.3333333333333333,-0.03455535722458691,False,False,True,False,0.10792255938486886
SHORT,0,40-60,1.5,10374,10.0,5.0,2.0,30,0.2987275882012724,-0.10381723539618293,0.3333333333333333,-0.03460574513206094,False,False,True,False,0.10783689994216303
LONG,1,0-20,3.0,452,10.0,5.0,2.0,10,0.2986725663716814,-0.10398230088495586,0.3333333333333333,-0.034660766961651934,False,False,True,False,0.10774336283185836
SHORT,2,80-100,3.0,218,15.0,10.0,1.5,10,0.3394495412844037,-0.1513761467889908,0.4,-0.060550458715596334,False,False,True,False,0.10766055045871563
LONG,2,20-40,3.5,144,30.0,15.0,2.0,60,0.2986111111111111,-0.10416666666666663,0.3333333333333333,-0.03472222222222221,False,False,True,False,0.10763888888888891
LONG,1,20-40,1.5,5554,30.0,15.0,2.0,30,0.2985235866042492,-0.1044292401872523,0.3333333333333333,-0.0348097467290841,False,False,True,False,0.10749009722722368
SHORT,1,80-100,1.5,8389,10.0,5.0,2.0,30,0.2984861127667183,-0.10454166169984502,0.3333333333333333,-0.03484722056661499,False,False,True,False,0.10742639170342116
SHORT,0,80-100,2.5,899,15.0,10.0,1.5,10,0.339265850945495,-0.15183537263626257,0.4,-0.06073414905450503,False,False,True,False,0.10738042269187985
LONG,2,80-100,2.0,2308,15.0,10.0,1.5,30,0.3392547660311958,-0.1518630849220105,0.4,-0.06074523396880421,False,False,True,False,0.1073635181975736
SHORT,0,60-80,2.5,1017,15.0,10.0,1.5,60,0.3392330383480826,-0.1519174041297935,0.4,-0.06076696165191742,False,False,True,False,0.10733038348082596
LONG,0,80-100,1.5,9442,15.0,10.0,1.5,10,0.3392289769116712,-0.151927557720822,0.4,-0.060771023088328824,False,False,True,False,0.10732418979029856
SHORT,1,60-80,2.5,920,15.0,10.0,1.5,30,0.3391304347826087,-0.15217391304347827,0.4,-0.06086956521739134,False,False,True,False,0.10717391304347824
LONG,1,80-100,1.5,8900,10.0,5.0,2.0,30,0.298314606741573,-0.10505617977528103,0.3333333333333333,-0.03501872659176031,False,False,True,False,0.1071348314606741
SHORT,1,60-80,3.5,174,15.0,10.0,1.5,120,0.3390804597701149,-0.1522988505747127,0.4,-0.060919540229885105,False,False,True,False,0.10709770114942524
LONG,1,60-80,3.0,342,10.0,5.0,2.0,10,0.2982456140350877,-0.10526315789473684,0.3333333333333333,-0.03508771929824561,False,False,True,False,0.10701754385964911
LONG,2,40-60,2.0,2572,10.0,5.0,2.0,120,0.2982115085536547,-0.10536547433903587,0.3333333333333333,-0.03512182477967862,False,False,True,False,0.106959564541213
LONG,2,80-100,1.5,4658,10.0,5.0,2.0,20,0.2981966509231429,-0.10541004723057135,0.3333333333333333,-0.03513668241019041,False,False,True,False,0.10693430656934291
LONG,1,20-40,2.5,946,10.0,5.0,2.0,20,0.2980972515856236,-0.10570824524312916,0.3333333333333333,-0.0352360817477097,False,False,True,False,0.10676532769556016
LONG,1,0-20,1.5,7283,10.0,5.0,2.0,30,0.2980914458327612,-0.10572566250171633,0.3333333333333333,-0.03524188750057211,False,False,True,False,0.10675545791569406
LONG,1,80-100,4.0,104,30.0,15.0,2.0,10,0.2980769230769231,-0.10576923076923073,0.3333333333333333,-0.03525641025641024,False,False,True,False,0.10673076923076925
SHORT,2,60-80,2.5,869,10.0,5.0,2.0,120,0.2980437284234752,-0.10586881472957443,0.3333333333333333,-0.03528960490985811,False,False,True,False,0.10667433831990783
SHORT,1,40-60,1.5,5231,10.0,5.0,2.0,30,0.2980309692219461,-0.10590709233416173,0.3333333333333333,-0.03530236411138721,False,False,True,False,0.10665264767730837
SHORT,1,80-100,2.5,1208,20.0,10.0,2.0,20,0.2980132450331126,-0.10596026490066224,0.3333333333333333,-0.03532008830022071,False,False,True,False,0.10662251655629142
LONG,2,60-80,1.5,5060,15.0,10.0,1.5,20,0.3387351778656126,-0.1531620553359686,0.4,-0.06126482213438744,False,False,True,False,0.10657114624505916
LONG,0,20-40,2.5,877,15.0,10.0,1.5,10,0.338654503990878,-0.15336374002280506,0.4,-0.061345496009122036,False,False,True,False,0.10644811858608892
SHORT,0,0-20,2.5,1034,20.0,10.0,2.0,120,0.2978723404255319,-0.1063829787234043,0.3333333333333333,-0.035460992907801414,False,False,True,False,0.10638297872340424
SHORT,2,40-60,3.0,282,20.0,10.0,2.0,60,0.2978723404255319,-0.1063829787234043,0.3333333333333333,-0.035460992907801414,False,False,True,False,0.10638297872340424
SHORT,1,0-20,2.5,930,10.0,5.0,2.0,60,0.2978494623655914,-0.1064516129032258,0.3333333333333333,-0.035483870967741915,False,False,True,False,0.10634408602150537
SHORT,1,0-20,2.5,930,10.0,5.0,2.0,120,0.2978494623655914,-0.1064516129032258,0.3333333333333333,-0.035483870967741915,False,False,True,False,0.10634408602150537
SHORT,1,60-80,2.5,920,20.0,10.0,2.0,60,0.2978260869565217,-0.10652173913043494,0.3333333333333333,-0.03550724637681163,False,False,True,False,0.10630434782608687
LONG,2,40-60,1.5,5279,10.0,5.0,2.0,60,0.297783671149839,-0.10664898655048305,0.3333333333333333,-0.03554966218349431,False,False,True,False,0.10623224095472629
LONG,2,40-60,2.0,2572,5.0,5.0,1.0,20,0.3934681181959564,-0.2130637636080872,0.5,-0.1065318818040436,False,False,True,False,0.10618195956454114
SHORT,1,80-100,1.5,8389,5.0,5.0,1.0,10,0.3933722732149243,-0.2132554535701514,0.5,-0.1066277267850757,False,False,True,False,0.1060525688401478
LONG,1,40-60,1.5,5617,10.0,5.0,2.0,10,0.2976677941961901,-0.10699661741142974,0.3333333333333333,-0.03566553913714321,False,False,True,False,0.10603525013352316
LONG,2,0-20,3.0,598,20.0,10.0,2.0,60,0.2976588628762542,-0.10702341137123739,0.3333333333333333,-0.03567447045707911,False,False,True,False,0.10602006688963216
LONG,2,0-20,1.5,7797,10.0,5.0,2.0,120,0.2975503398743106,-0.10734898037706808,0.3333333333333333,-0.035782993459022694,False,False,True,False,0.10583557778632809
SHORT,0,60-80,2.0,3855,20.0,10.0,2.0,60,0.2975356679636835,-0.10739299610894937,0.3333333333333333,-0.03579766536964979,False,False,True,False,0.10581063553826203
SHORT,0,20-40,2.0,3371,15.0,10.0,1.5,20,0.3381785820231385,-0.1545535449421538,0.4,-0.061821417976861526,False,False,True,False,0.10572233758528621
SHORT,2,40-60,3.5,139,15.0,10.0,1.5,120,0.3381294964028777,-0.1546762589928058,0.4,-0.06187050359712232,False,False,True,False,0.10564748201438848
SHORT,1,0-20,2.0,2700,10.0,5.0,2.0,120,0.2974074074074074,-0.10777777777777786,0.3333333333333333,-0.03592592592592592,False,False,True,False,0.10559259259259257
LONG,1,0-20,2.0,3468,5.0,5.0,1.0,60,0.3930219146482122,-0.2139561707035757,0.5,-0.10697808535178782,False,False,True,False,0.10557958477508643
LONG,1,0-20,2.0,3468,5.0,5.0,1.0,120,0.3930219146482122,-0.2139561707035757,0.5,-0.10697808535178782,False,False,True,False,0.10557958477508643
SHORT,2,60-80,2.0,2499,10.0,5.0,2.0,20,0.2973189275710284,-0.1080432172869148,0.3333333333333333,-0.03601440576230491,False,False,True,False,0.10544217687074829
LONG,1,0-20,2.5,1369,30.0,15.0,2.0,120,0.2972972972972973,-0.108108108108108,0.3333333333333333,-0.036036036036036,False,False,True,False,0.10540540540540545
LONG,2,80-100,3.5,111,20.0,10.0,2.0,30,0.2972972972972973,-0.108108108108108,0.3333333333333333,-0.036036036036036,False,False,True,False,0.10540540540540545
LONG,2,80-100,3.5,111,20.0,10.0,2.0,60,0.2972972972972973,-0.108108108108108,0.3333333333333333,-0.036036036036036,False,False,True,False,0.10540540540540545
LONG,2,80-100,3.5,111,20.0,10.0,2.0,120,0.2972972972972973,-0.108108108108108,0.3333333333333333,-0.036036036036036,False,False,True,False,0.10540540540540545
SHORT,1,0-20,1.5,7041,10.0,5.0,2.0,60,0.2972589120863513,-0.10822326374094604,0.3333333333333333,-0.036074421246982014,False,False,True,False,0.10534015054679723
LONG,1,0-20,2.0,3468,5.0,5.0,1.0,30,0.3927335640138408,-0.21453287197231846,0.5,-0.1072664359861592,False,False,True,False,0.10519031141868507
LONG,2,0-20,1.5,7797,5.0,5.0,1.0,120,0.392715146851353,-0.214569706297294,0.5,-0.107284853148647,False,False,True,False,0.10516544824932655
LONG,2,40-60,1.5,5279,5.0,5.0,1.0,20,0.3926880090926312,-0.21462398181473757,0.5,-0.10731199090736881,False,False,True,False,0.10512881227505214
SHORT,2,0-20,2.0,3332,20.0,10.0,2.0,60,0.2971188475390156,-0.10864345738295322,0.3333333333333333,-0.03621448579431774,False,False,True,False,0.10510204081632651
LONG,2,20-40,2.0,2529,5.0,5.0,1.0,60,0.3926453143534994,-0.21470937129300122,0.5,-0.10735468564650058,False,False,True,False,0.1050711743772242
LONG,2,20-40,2.0,2529,5.0,5.0,1.0,120,0.3926453143534994,-0.21470937129300122,0.5,-0.10735468564650058,False,False,True,False,0.1050711743772242
LONG,2,60-80,3.5,101,30.0,15.0,2.0,30,0.297029702970297,-0.1089108910891089,0.3333333333333333,-0.0363036303630363,False,False,True,False,0.10495049504950495
SHORT,1,80-100,3.0,431,20.0,10.0,2.0,60,0.296983758700696,-0.10904872389791198,0.3333333333333333,-0.03634957463263733,False,False,True,False,0.1048723897911832
SHORT,1,80-100,3.0,431,20.0,10.0,2.0,120,0.296983758700696,-0.10904872389791198,0.3333333333333333,-0.03634957463263733,False,False,True,False,0.1048723897911832
SHORT,1,0-20,3.5,157,15.0,10.0,1.5,10,0.3375796178343949,-0.15605095541401282,0.4,-0.06242038216560514,False,False,True,False,0.1048089171974522
LONG,1,80-100,2.0,3899,5.0,5.0,1.0,120,0.3924083098230315,-0.21518338035393697,0.5,-0.10759169017696851,False,False,True,False,0.10475121826109254
LONG,0,80-100,3.0,256,20.0,10.0,2.0,20,0.296875,-0.109375,0.3333333333333333,-0.036458333333333315,False,False,True,False,0.10468750000000002
SHORT,1,40-60,2.0,2038,10.0,5.0,2.0,120,0.2968596663395486,-0.10942100098135421,0.3333333333333333,-0.03647366699378474,False,False,True,False,0.1046614327772326
LONG,1,40-60,2.5,990,15.0,10.0,1.5,10,0.3373737373737374,-0.15656565656565657,0.4,-0.06262626262626264,False,False,True,False,0.1044949494949495
LONG,1,80-100,2.0,3899,5.0,5.0,1.0,20,0.3921518338035393,-0.21569633239292146,0.5,-0.1078481661964607,False,False,True,False,0.10440497563477803
LONG,1,80-100,2.0,3899,5.0,5.0,1.0,30,0.3921518338035393,-0.21569633239292146,0.5,-0.1078481661964607,False,False,True,False,0.10440497563477803
LONG,1,80-100,2.0,3899,5.0,5.0,1.0,60,0.3921518338035393,-0.21569633239292146,0.5,-0.1078481661964607,False,False,True,False,0.10440497563477803
SHORT,0,40-60,1.5,10374,30.0,15.0,2.0,120,0.2967032967032967,-0.10989010989010983,0.3333333333333333,-0.03663003663003661,False,False,True,False,0.10439560439560443
SHORT,1,20-40,3.0,273,20.0,10.0,2.0,10,0.2967032967032967,-0.10989010989010983,0.3333333333333333,-0.03663003663003661,False,False,True,False,0.10439560439560443
SHORT,2,20-40,2.0,2575,20.0,10.0,2.0,120,0.2966990291262136,-0.1099029126213592,0.3333333333333333,-0.03663430420711972,False,False,True,False,0.10438834951456313
LONG,2,40-60,2.0,2572,10.0,5.0,2.0,60,0.296656298600311,-0.11003110419906703,0.3333333333333333,-0.03667703473302231,False,False,True,False,0.10431570762052869
SHORT,0,60-80,1.5,11293,30.0,15.0,2.0,60,0.2966439387231028,-0.11006818383069161,0.3333333333333333,-0.03668939461023052,False,False,True,False,0.10429469582927475
LONG,1,40-60,3.5,145,20.0,10.0,2.0,10,0.296551724137931,-0.110344827586207,0.3333333333333333,-0.0367816091954023,False,False,True,False,0.10413793103448271
LONG,1,40-60,2.5,990,5.0,5.0,1.0,30,0.3919191919191919,-0.21616161616161622,0.5,-0.10808080808080811,False,False,True,False,0.10409090909090905
LONG,1,40-60,2.5,990,5.0,5.0,1.0,60,0.3919191919191919,-0.21616161616161622,0.5,-0.10808080808080811,False,False,True,False,0.10409090909090905
LONG,1,40-60,2.5,990,5.0,5.0,1.0,120,0.3919191919191919,-0.21616161616161622,0.5,-0.10808080808080811,False,False,True,False,0.10409090909090905
SHORT,0,0-20,3.0,222,5.0,5.0,1.0,60,0.3918918918918919,-0.21621621621621623,0.5,-0.10810810810810811,False,False,True,False,0.10405405405405405
LONG,0,40-60,3.0,199,20.0,10.0,2.0,10,0.2964824120603015,-0.1105527638190954,0.3333333333333333,-0.0368509212730318,False,False,True,False,0.1040201005025126
LONG,0,40-60,3.0,199,30.0,15.0,2.0,20,0.2964824120603015,-0.1105527638190954,0.3333333333333333,-0.0368509212730318,False,False,True,False,0.1040201005025126
LONG,0,40-60,3.0,199,10.0,5.0,2.0,60,0.2964824120603015,-0.1105527638190954,0.3333333333333333,-0.0368509212730318,False,False,True,False,0.1040201005025126
SHORT,1,80-100,3.5,199,20.0,10.0,2.0,20,0.2964824120603015,-0.1105527638190954,0.3333333333333333,-0.0368509212730318,False,False,True,False,0.1040201005025126
SHORT,1,80-100,3.5,199,20.0,10.0,2.0,30,0.2964824120603015,-0.1105527638190954,0.3333333333333333,-0.0368509212730318,False,False,True,False,0.1040201005025126
SHORT,1,80-100,3.5,199,20.0,10.0,2.0,60,0.2964824120603015,-0.1105527638190954,0.3333333333333333,-0.0368509212730318,False,False,True,False,0.1040201005025126
SHORT,1,80-100,3.5,199,20.0,10.0,2.0,120,0.2964824120603015,-0.1105527638190954,0.3333333333333333,-0.0368509212730318,False,False,True,False,0.1040201005025126
LONG,2,0-20,1.5,7797,5.0,5.0,1.0,60,0.3918173656534565,-0.21636526869308703,0.5,-0.10818263434654352,False,False,True,False,0.10395344363216626
LONG,0,0-20,3.0,253,10.0,5.0,2.0,60,0.2964426877470356,-0.1106719367588932,0.3333333333333333,-0.03689064558629773,False,False,True,False,0.10395256916996051
LONG,2,40-60,2.5,965,5.0,5.0,1.0,20,0.3917098445595855,-0.21658031088082902,0.5,-0.10829015544041448,False,False,True,False,0.10380829015544044
SHORT,1,0-20,2.0,2700,10.0,5.0,2.0,60,0.2962962962962963,-0.11111111111111116,0.3333333333333333,-0.037037037037037035,False,False,True,False,0.10370370370370369
SHORT,1,40-60,3.5,108,20.0,10.0,2.0,30,0.2962962962962963,-0.11111111111111116,0.3333333333333333,-0.037037037037037035,False,False,True,False,0.10370370370370369
SHORT,1,40-60,3.5,108,20.0,10.0,2.0,60,0.2962962962962963,-0.11111111111111116,0.3333333333333333,-0.037037037037037035,False,False,True,False,0.10370370370370369
SHORT,1,40-60,3.5,108,20.0,10.0,2.0,120,0.2962962962962963,-0.11111111111111116,0.3333333333333333,-0.037037037037037035,False,False,True,False,0.10370370370370369
LONG,0,80-100,2.0,3477,30.0,15.0,2.0,30,0.2962323842392867,-0.1113028472821399,0.3333333333333333,-0.0371009490940466,False,False,True,False,0.10359505320678741
SHORT,0,40-60,2.0,3424,10.0,5.0,2.0,30,0.2961448598130841,-0.11156542056074781,0.3333333333333333,-0.03718847352024923,False,False,True,False,0.10344626168224293
SHORT,0,80-100,1.5,10840,10.0,5.0,2.0,10,0.2960332103321033,-0.11190036900369016,0.3333333333333333,-0.037300123001230034,False,False,True,False,0.10325645756457558
LONG,2,20-40,1.5,5263,10.0,5.0,2.0,30,0.296028880866426,-0.11191335740072206,0.3333333333333333,-0.037304452466907334,False,False,True,False,0.10324909747292418
SHORT,1,20-40,1.5,5476,20.0,10.0,2.0,30,0.2960189919649379,-0.1119430241051863,0.3333333333333333,-0.0373143413683954,False,False,True,False,0.10323228634039444
SHORT,0,60-80,2.5,1017,30.0,15.0,2.0,120,0.295968534906588,-0.11209439528023613,0.3333333333333333,-0.03736479842674534,False,False,True,False,0.10314650934119954
SHORT,1,80-100,3.0,431,15.0,10.0,1.5,20,0.3364269141531322,-0.1589327146171695,0.4,-0.06357308584686783,False,False,True,False,0.10305104408352658
SHORT,0,80-100,2.5,899,10.0,5.0,2.0,10,0.2958843159065628,-0.11234705228031172,0.3333333333333333,-0.03744901742677054,False,False,True,False,0.10300333704115672
SHORT,1,40-60,2.0,2038,20.0,10.0,2.0,30,0.2958783120706575,-0.11236506378802746,0.3333333333333333,-0.0374550212626758,False,False,True,False,0.10299313052011777
LONG,2,20-40,2.0,2529,5.0,5.0,1.0,30,0.3910636615262949,-0.2178726769474102,0.5,-0.1089363384737051,False,False,True,False,0.10293594306049812
SHORT,2,60-80,2.5,869,10.0,5.0,2.0,60,0.2957422324510932,-0.11277330264672036,0.3333333333333333,-0.0375911008822401,False,False,True,False,0.10276179516685846
SHORT,2,60-80,2.5,869,20.0,10.0,2.0,60,0.2957422324510932,-0.11277330264672036,0.3333333333333333,-0.0375911008822401,False,False,True,False,0.10276179516685846
LONG,0,0-20,2.0,4136,20.0,10.0,2.0,60,0.2956963249516441,-0.11291102514506768,0.3333333333333333,-0.03763700838168921,False,False,True,False,0.10268375241779498
SHORT,2,0-20,1.5,7338,5.0,5.0,1.0,20,0.3908421913327882,-0.21831561733442362,0.5,-0.10915780866721181,False,False,True,False,0.10263695829926406
LONG,0,40-60,1.5,8453,15.0,10.0,1.5,10,0.3360936945463149,-0.1597657636342128,0.4,-0.06390630545368514,False,False,True,False,0.10254288418313018
SHORT,1,80-100,2.5,1208,15.0,10.0,1.5,10,0.3360927152317881,-0.1597682119205298,0.4,-0.06390728476821195,False,False,True,False,0.1025413907284768
LONG,0,80-100,1.5,9442,30.0,15.0,2.0,30,0.2955941537809786,-0.1132175386570643,0.3333333333333333,-0.03773917955235473,False,False,True,False,0.10251006142766358
SHORT,0,0-20,2.5,1034,5.0,5.0,1.0,10,0.390715667311412,-0.21856866537717595,0.5,-0.109284332688588,False,False,True,False,0.10246615087040621
LONG,1,0-20,2.0,3468,5.0,5.0,1.0,20,0.390715109573241,-0.21856978085351791,0.5,-0.10928489042675898,False,False,True,False,0.1024653979238754
SHORT,1,80-100,2.5,1208,30.0,15.0,2.0,30,0.2955298013245033,-0.11341059602649006,0.3333333333333333,-0.03780353200883002,False,False,True,False,0.10240066225165563
LONG,2,80-100,1.5,4658,15.0,10.0,1.5,30,0.3359811077715758,-0.16004723057106052,0.4,-0.06401889222842422,False,False,True,False,0.1023711893516531
SHORT,1,60-80,2.5,920,15.0,10.0,1.5,20,0.3358695652173913,-0.16032608695652173,0.4,-0.06413043478260871,False,False,True,False,0.10220108695652173
SHORT,2,60-80,1.5,5420,10.0,5.0,2.0,20,0.2953874538745387,-0.11383763837638394,0.3333333333333333,-0.03794587945879463,False,False,True,False,0.10215867158671577
SHORT,0,0-20,2.0,4503,10.0,5.0,2.0,30,0.2953586497890295,-0.11392405063291156,0.3333333333333333,-0.03797468354430383,False,False,True,False,0.10210970464135014
LONG,1,60-80,1.5,6118,15.0,10.0,1.5,10,0.3357306309251389,-0.1606734226871528,0.4,-0.06426936907486114,False,False,True,False,0.10198921216083678
SHORT,2,0-20,2.5,1276,5.0,5.0,1.0,120,0.390282131661442,-0.21943573667711602,0.5,-0.10971786833855801,False,False,True,False,0.10188087774294668
SHORT,1,80-100,2.0,3453,15.0,10.0,1.5,10,0.3356501592817839,-0.16087460179554036,0.4,-0.06434984071821614,False,False,True,False,0.10186649290472038
LONG,1,80-100,2.0,3899,30.0,15.0,2.0,30,0.2952038984354962,-0.11438830469351136,0.3333333333333333,-0.0381294348978371,False,False,True,False,0.10184662734034358
LONG,0,0-20,2.0,4136,15.0,10.0,1.5,20,0.3355899419729207,-0.16102514506769827,0.4,-0.06441005802707933,False,False,True,False,0.10177466150870404
SHORT,1,0-20,2.0,2700,15.0,10.0,1.5,20,0.3355555555555555,-0.16111111111111132,0.4,-0.06444444444444453,False,False,True,False,0.1017222222222221
SHORT,2,0-20,2.0,3332,5.0,5.0,1.0,120,0.39015606242497,-0.21968787515006,0.5,-0.10984393757503003,False,False,True,False,0.10171068427370948
LONG,2,0-20,1.5,7797,5.0,5.0,1.0,30,0.3901500577145055,-0.219699884570989,0.5,-0.1098499422854945,False,False,True,False,0.10170257791458244
SHORT,1,60-80,1.5,6537,10.0,5.0,2.0,10,0.2950894905920146,-0.11473152822395616,0.3333333333333333,-0.0382438427413187,False,False,True,False,0.10165213400642485
LONG,2,80-100,3.0,305,10.0,5.0,2.0,20,0.2950819672131147,-0.11475409836065598,0.3333333333333333,-0.03825136612021862,False,False,True,False,0.10163934426229496
SHORT,2,0-20,3.5,244,20.0,10.0,2.0,120,0.2950819672131147,-0.11475409836065598,0.3333333333333333,-0.03825136612021862,False,False,True,False,0.10163934426229496
LONG,1,80-100,2.0,3899,5.0,5.0,1.0,10,0.3901000256476019,-0.2197999487047962,0.5,-0.10989997435239812,False,False,True,False,0.10163503462426257
SHORT,0,40-60,1.5,10374,10.0,5.0,2.0,20,0.2950645845382687,-0.11480624638519388,0.3333333333333333,-0.03826874879506459,False,False,True,False,0.10160979371505682
LONG,1,0-20,2.0,3468,20.0,10.0,2.0,30,0.2949826989619377,-0.1150519031141869,0.3333333333333333,-0.03835063437139563,False,False,True,False,0.10147058823529408
LONG,2,20-40,2.0,2529,10.0,5.0,2.0,120,0.2949782522736259,-0.11506524317912226,0.3333333333333333,-0.03835508105970742,False,False,True,False,0.10146302886516406
LONG,0,60-80,2.5,1112,30.0,15.0,2.0,30,0.2949640287769784,-0.11510791366906481,0.3333333333333333,-0.0383693045563549,False,False,True,False,0.1014388489208633
LONG,1,40-60,2.5,990,30.0,15.0,2.0,30,0.2949494949494949,-0.11515151515151534,0.3333333333333333,-0.03838383838383841,False,False,True,False,0.10141414141414132
LONG,1,40-60,2.5,990,10.0,5.0,2.0,60,0.2949494949494949,-0.11515151515151534,0.3333333333333333,-0.03838383838383841,False,False,True,False,0.10141414141414132
LONG,1,40-60,2.5,990,10.0,5.0,2.0,120,0.2949494949494949,-0.11515151515151534,0.3333333333333333,-0.03838383838383841,False,False,True,False,0.10141414141414132
LONG,0,0-20,2.5,1085,10.0,5.0,2.0,30,0.2949308755760368,-0.11520737327188957,0.3333333333333333,-0.038402457757296504,False,False,True,False,0.1013824884792626
LONG,1,20-40,2.5,946,10.0,5.0,2.0,10,0.2949260042283298,-0.11522198731501054,0.3333333333333333,-0.038407329105003496,False,False,True,False,0.1013742071881607
LONG,1,40-60,2.5,990,5.0,5.0,1.0,20,0.3898989898989899,-0.22020202020202012,0.5,-0.11010101010101009,False,False,True,False,0.1013636363636364
LONG,0,0-20,1.5,11227,20.0,10.0,2.0,60,0.2949140464950565,-0.11525786051483056,0.3333333333333333,-0.038419286838276834,False,False,True,False,0.10135387904159603
SHORT,1,40-60,2.0,2038,10.0,5.0,2.0,60,0.2948969578017664,-0.11530912659470083,0.3333333333333333,-0.038436375531566924,False,False,True,False,0.10132482826300288
SHORT,0,80-100,3.0,251,10.0,5.0,2.0,60,0.2948207171314741,-0.1155378486055777,0.3333333333333333,-0.038512616201859196,False,False,True,False,0.10119521912350599
SHORT,0,80-100,3.0,251,10.0,5.0,2.0,120,0.2948207171314741,-0.1155378486055777,0.3333333333333333,-0.038512616201859196,False,False,True,False,0.10119521912350599
SHORT,1,20-40,2.5,703,5.0,5.0,1.0,20,0.3897581792318634,-0.2204836415362732,0.5,-0.1102418207681366,False,False,True,False,0.10117354196301559
SHORT,1,20-40,2.5,703,5.0,5.0,1.0,30,0.3897581792318634,-0.2204836415362732,0.5,-0.1102418207681366,False,False,True,False,0.10117354196301559
SHORT,1,20-40,2.5,703,5.0,5.0,1.0,60,0.3897581792318634,-0.2204836415362732,0.5,-0.1102418207681366,False,False,True,False,0.10117354196301559
SHORT,1,20-40,2.5,703,5.0,5.0,1.0,120,0.3897581792318634,-0.2204836415362732,0.5,-0.1102418207681366,False,False,True,False,0.10117354196301559
SHORT,0,60-80,1.5,11293,20.0,10.0,2.0,30,0.2947843797042415,-0.1156468608872755,0.3333333333333333,-0.03854895362909183,False,False,True,False,0.10113344549721055
LONG,1,80-100,1.5,8900,10.0,5.0,2.0,20,0.2947191011235955,-0.11584269662921354,0.3333333333333333,-0.03861423220973781,False,False,True,False,0.10102247191011235
SHORT,2,0-20,2.5,1276,10.0,5.0,2.0,30,0.2946708463949843,-0.11598746081504707,0.3333333333333333,-0.038662486938349006,False,False,True,False,0.10094043887147332
SHORT,0,0-20,1.5,13687,10.0,5.0,2.0,20,0.2946591656316212,-0.1160225031051364,0.3333333333333333,-0.038674167701712114,False,False,True,False,0.10092058157375605
LONG,0,0-20,1.5,11227,10.0,5.0,2.0,20,0.2946468335263205,-0.11605949942103855,0.3333333333333333,-0.03868649980701283,False,False,True,False,0.10089961699474484
SHORT,0,20-40,2.5,784,20.0,10.0,2.0,20,0.2946428571428571,-0.11607142857142871,0.3333333333333333,-0.03869047619047622,False,False,True,False,0.10089285714285706
SHORT,1,0-20,2.5,930,10.0,5.0,2.0,20,0.2946236559139785,-0.11612903225806448,0.3333333333333333,-0.03870967741935483,False,False,True,False,0.10086021505376347
SHORT,1,0-20,2.5,930,10.0,5.0,2.0,30,0.2946236559139785,-0.11612903225806448,0.3333333333333333,-0.03870967741935483,False,False,True,False,0.10086021505376347
SHORT,2,0-20,2.5,1276,5.0,5.0,1.0,60,0.3894984326018809,-0.22100313479623823,0.5,-0.11050156739811912,False,False,True,False,0.1008228840125392
LONG,2,20-40,2.0,2529,10.0,5.0,2.0,60,0.2945828390668248,-0.11625148279952557,0.3333333333333333,-0.038750494266508506,False,False,True,False,0.10079082641360217
LONG,0,60-80,2.5,1112,5.0,5.0,1.0,60,0.3893884892086331,-0.22122302158273377,0.5,-0.11061151079136688,False,False,True,False,0.1006744604316547
LONG,0,60-80,2.5,1112,5.0,5.0,1.0,120,0.3893884892086331,-0.22122302158273377,0.5,-0.11061151079136688,False,False,True,False,0.1006744604316547
LONG,2,60-80,2.5,910,10.0,5.0,2.0,10,0.2945054945054945,-0.1164835164835164,0.3333333333333333,-0.0388278388278388,False,False,True,False,0.1006593406593407
SHORT,1,40-60,2.5,686,30.0,15.0,2.0,120,0.2944606413994169,-0.11661807580174932,0.3333333333333333,-0.0388726919339164,False,False,True,False,0.10058309037900873
LONG,0,40-60,1.5,8453,20.0,10.0,2.0,20,0.294451673961907,-0.11664497811427899,0.3333333333333333,-0.03888165937142629,False,False,True,False,0.10056784573524193
LONG,0,60-80,1.5,9666,15.0,10.0,1.5,10,0.334781709083385,-0.16304572729153743,0.4,-0.06521829091661502,False,False,True,False,0.10054210635216215
SHORT,1,80-100,1.5,8389,10.0,5.0,2.0,20,0.294433186315413,-0.11670044105376098,0.3333333333333333,-0.03890014701792033,False,False,True,False,0.10053641673620212
LONG,1,60-80,2.5,1002,10.0,5.0,2.0,20,0.2944111776447106,-0.11676646706586824,0.3333333333333333,-0.03892215568862273,False,False,True,False,0.10049900199600799
LONG,1,60-80,2.5,1002,10.0,5.0,2.0,30,0.2944111776447106,-0.11676646706586824,0.3333333333333333,-0.03892215568862273,False,False,True,False,0.10049900199600799
LONG,1,60-80,2.5,1002,10.0,5.0,2.0,60,0.2944111776447106,-0.11676646706586824,0.3333333333333333,-0.03892215568862273,False,False,True,False,0.10049900199600799
LONG,1,60-80,2.5,1002,10.0,5.0,2.0,120,0.2944111776447106,-0.11676646706586824,0.3333333333333333,-0.03892215568862273,False,False,True,False,0.10049900199600799
LONG,1,80-100,3.0,547,20.0,10.0,2.0,10,0.2943327239488117,-0.11700182815356486,0.3333333333333333,-0.0390006093845216,False,False,True,False,0.10036563071297992
SHORT,0,20-40,2.0,3371,20.0,10.0,2.0,30,0.294274695935924,-0.11717591219222812,0.3333333333333333,-0.039058637397409335,False,False,True,False,0.10026698309107075
LONG,1,0-20,3.0,452,30.0,15.0,2.0,60,0.2942477876106195,-0.1172566371681415,0.3333333333333333,-0.03908554572271383,False,False,True,False,0.10022123893805314
LONG,2,0-20,1.5,7797,10.0,5.0,2.0,60,0.2942157239964089,-0.11735282801077329,0.3333333333333333,-0.03911760933692443,False,False,True,False,0.10016673079389513
LONG,0,40-60,2.5,792,30.0,15.0,2.0,30,0.2941919191919191,-0.11742424242424265,0.3333333333333333,-0.0391414141414142,False,False,True,False,0.10012626262626251
SHORT,2,20-40,3.5,153,20.0,10.0,2.0,20,0.2941176470588235,-0.11764705882352955,0.3333333333333333,-0.03921568627450983,False,False,True,False,0.09999999999999992
SHORT,2,20-40,3.5,153,20.0,10.0,2.0,30,0.2941176470588235,-0.11764705882352955,0.3333333333333333,-0.03921568627450983,False,False,True,False,0.09999999999999992
LONG,0,60-80,3.5,136,30.0,15.0,2.0,30,0.2941176470588235,-0.11764705882352955,0.3333333333333333,-0.03921568627450983,False,False,True,False,0.09999999999999992
SHORT,2,80-100,2.0,2189,15.0,10.0,1.5,20,0.3343992690726359,-0.1640018273184103,0.4,-0.06560073092736413,False,False,True,False,0.09995888533576974
SHORT,0,20-40,1.5,10677,30.0,15.0,2.0,120,0.2940901002154163,-0.117729699353751,0.3333333333333333,-0.039243233117917,False,False,True,False,0.09995317036620775
SHORT,2,20-40,1.5,5581,20.0,10.0,2.0,60,0.294033327360688,-0.11790001791793603,0.3333333333333333,-0.039300005972645324,False,False,True,False,0.09985665651316959
LONG,0,0-20,1.5,11227,15.0,10.0,1.5,20,0.3342834238888394,-0.16429144027790143,0.4,-0.06571657611116061,False,False,True,False,0.09978222143048011
SHORT,0,0-20,1.5,13687,15.0,10.0,1.5,20,0.334258785709067,-0.1643530357273325,0.4,-0.06574121429093305,False,False,True,False,0.09974464820632716
LONG,2,40-60,2.5,965,5.0,5.0,1.0,10,0.38860103626943,-0.22279792746114002,0.5,-0.11139896373057001,False,False,True,False,0.09961139896373049
SHORT,2,20-40,2.5,943,15.0,10.0,1.5,60,0.3340402969247084,-0.164899257688229,0.4,-0.06595970307529164,False,False,True,False,0.0994114528101803
SHORT,2,80-100,3.0,218,30.0,15.0,2.0,60,0.2935779816513761,-0.11926605504587162,0.3333333333333333,-0.03975535168195721,False,False,True,False,0.09908256880733941
SHORT,1,0-20,2.5,930,30.0,15.0,2.0,60,0.2935483870967741,-0.11935483870967767,0.3333333333333333,-0.039784946236559204,False,False,True,False,0.09903225806451599
LONG,1,0-20,2.0,3468,5.0,5.0,1.0,10,0.3881199538638985,-0.22376009227220295,0.5,-0.11188004613610147,False,False,True,False,0.09896193771626302
SHORT,1,60-80,2.5,920,10.0,5.0,2.0,60,0.2934782608695652,-0.11956521739130443,0.3333333333333333,-0.039855072463768126,False,False,True,False,0.09891304347826081
SHORT,1,60-80,2.5,920,10.0,5.0,2.0,120,0.2934782608695652,-0.11956521739130443,0.3333333333333333,-0.039855072463768126,False,False,True,False,0.09891304347826081
LONG,2,40-60,2.0,2572,5.0,5.0,1.0,10,0.3880248833592535,-0.22395023328149305,0.5,-0.1119751166407465,False,False,True,False,0.09883359253499222
LONG,0,0-20,2.5,1085,15.0,10.0,1.5,30,0.3336405529953917,-0.1658986175115208,0.4,-0.06635944700460833,False,False,True,False,0.09880184331797233
SHORT,2,0-20,2.5,1276,5.0,5.0,1.0,30,0.3879310344827586,-0.2241379310344827,0.5,-0.11206896551724138,False,False,True,False,0.09870689655172415
LONG,1,40-60,2.5,990,5.0,5.0,1.0,10,0.3878787878787879,-0.2242424242424242,0.5,-0.11212121212121212,False,False,True,False,0.09863636363636366
SHORT,2,0-20,2.0,3332,5.0,5.0,1.0,60,0.3877551020408163,-0.22448979591836737,0.5,-0.11224489795918369,False,False,True,False,0.09846938775510203
SHORT,1,40-60,2.5,686,5.0,5.0,1.0,30,0.3877551020408163,-0.22448979591836737,0.5,-0.11224489795918369,False,False,True,False,0.09846938775510203
SHORT,1,40-60,2.5,686,5.0,5.0,1.0,60,0.3877551020408163,-0.22448979591836737,0.5,-0.11224489795918369,False,False,True,False,0.09846938775510203
SHORT,1,40-60,2.5,686,5.0,5.0,1.0,120,0.3877551020408163,-0.22448979591836737,0.5,-0.11224489795918369,False,False,True,False,0.09846938775510203
SHORT,0,60-80,2.5,1017,15.0,10.0,1.5,30,0.3333333333333333,-0.16666666666666674,0.4,-0.06666666666666671,False,False,True,False,0.0983333333333333
LONG,1,60-80,3.0,342,15.0,10.0,1.5,10,0.3333333333333333,-0.16666666666666674,0.4,-0.06666666666666671,False,False,True,False,0.0983333333333333
SHORT,1,60-80,3.5,174,15.0,10.0,1.5,20,0.3333333333333333,-0.16666666666666674,0.4,-0.06666666666666671,False,False,True,False,0.0983333333333333
SHORT,1,60-80,3.5,174,15.0,10.0,1.5,30,0.3333333333333333,-0.16666666666666674,0.4,-0.06666666666666671,False,False,True,False,0.0983333333333333
SHORT,1,60-80,3.5,174,15.0,10.0,1.5,60,0.3333333333333333,-0.16666666666666674,0.4,-0.06666666666666671,False,False,True,False,0.0983333333333333
LONG,2,80-100,3.5,111,15.0,10.0,1.5,10,0.3333333333333333,-0.16666666666666674,0.4,-0.06666666666666671,False,False,True,False,0.0983333333333333
SHORT,1,40-60,3.5,108,15.0,10.0,1.5,30,0.3333333333333333,-0.16666666666666674,0.4,-0.06666666666666671,False,False,True,False,0.0983333333333333
SHORT,1,40-60,3.5,108,15.0,10.0,1.5,60,0.3333333333333333,-0.16666666666666674,0.4,-0.06666666666666671,False,False,True,False,0.0983333333333333
SHORT,1,40-60,3.5,108,15.0,10.0,1.5,120,0.3333333333333333,-0.16666666666666674,0.4,-0.06666666666666671,False,False,True,False,0.0983333333333333
SHORT,1,60-80,3.5,174,30.0,15.0,2.0,30,0.293103448275862,-0.12068965517241403,0.3333333333333333,-0.040229885057471326,False,False,True,False,0.09827586206896538
LONG,2,0-20,1.5,7797,5.0,5.0,1.0,20,0.387584968577658,-0.224830062844684,0.5,-0.112415031422342,False,False,True,False,0.09823970757983831
SHORT,1,20-40,2.5,703,10.0,5.0,2.0,30,0.2930298719772404,-0.12091038406827881,0.3333333333333333,-0.04030346135609292,False,False,True,False,0.09815078236130868
SHORT,1,20-40,2.5,703,10.0,5.0,2.0,60,0.2930298719772404,-0.12091038406827881,0.3333333333333333,-0.04030346135609292,False,False,True,False,0.09815078236130868
SHORT,1,20-40,2.5,703,10.0,5.0,2.0,120,0.2930298719772404,-0.12091038406827881,0.3333333333333333,-0.04030346135609292,False,False,True,False,0.09815078236130868
LONG,2,20-40,2.0,2529,5.0,5.0,1.0,20,0.387504942665085,-0.22499011466983004,0.5,-0.112495057334915,False,False,True,False,0.09813167259786475
SHORT,1,40-60,2.5,686,20.0,10.0,2.0,30,0.293002915451895,-0.12099125364431507,0.3333333333333333,-0.04033041788143832,False,False,True,False,0.09810495626822148
SHORT,1,0-20,3.5,157,20.0,10.0,2.0,10,0.2929936305732484,-0.12101910828025486,0.3333333333333333,-0.04033970276008492,False,False,True,False,0.09808917197452227
LONG,1,0-20,2.0,3468,30.0,15.0,2.0,120,0.2929642445213379,-0.12110726643598635,0.3333333333333333,-0.04036908881199541,False,False,True,False,0.09803921568627441
SHORT,0,40-60,2.0,3424,10.0,5.0,2.0,20,0.2929322429906542,-0.12120327102803741,0.3333333333333333,-0.040401090342679136,False,False,True,False,0.09798481308411212
SHORT,0,40-60,2.0,3424,30.0,15.0,2.0,60,0.2929322429906542,-0.12120327102803741,0.3333333333333333,-0.040401090342679136,False,False,True,False,0.09798481308411212
LONG,1,40-60,2.5,990,10.0,5.0,2.0,30,0.2929292929292929,-0.12121212121212144,0.3333333333333333,-0.04040404040404044,False,False,True,False,0.09797979797979786
SHORT,1,40-60,1.5,5231,20.0,10.0,2.0,30,0.2926782641942267,-0.12196520741731987,0.3333333333333333,-0.0406550691391066,False,False,True,False,0.09755304913018542
SHORT,0,60-80,2.0,3855,10.0,5.0,2.0,120,0.2926070038910506,-0.12217898832684815,0.3333333333333333,-0.040726329442282716,False,False,True,False,0.09743190661478604
LONG,0,60-80,2.5,1112,15.0,10.0,1.5,10,0.3327338129496403,-0.16816546762589935,0.4,-0.06726618705035975,False,False,True,False,0.09741906474820142
SHORT,1,0-20,1.5,7041,20.0,10.0,2.0,60,0.2925720778298537,-0.12228376651043882,0.3333333333333333,-0.04076125550347959,False,False,True,False,0.09737253231075135
LONG,2,40-60,2.5,965,15.0,10.0,1.5,20,0.3326424870466321,-0.16839378238341984,0.4,-0.06735751295336795,False,False,True,False,0.09727979274611391
SHORT,2,0-20,3.0,481,15.0,10.0,1.5,20,0.3326403326403326,-0.16839916839916846,0.4,-0.06735966735966742,False,False,True,False,0.09727650727650723
SHORT,1,40-60,1.5,5231,10.0,5.0,2.0,20,0.2924870961575224,-0.1225387115274329,0.3333333333333333,-0.04084623717581093,False,False,True,False,0.09722806346778803
SHORT,1,40-60,2.0,2038,10.0,5.0,2.0,30,0.2924435721295387,-0.12266928361138396,0.3333333333333333,-0.04088976120379462,False,False,True,False,0.09715407262021578
SHORT,0,40-60,2.5,814,20.0,10.0,2.0,20,0.2923832923832923,-0.12285012285012309,0.3333333333333333,-0.04095004095004101,False,False,True,False,0.09705159705159692
LONG,0,20-40,3.0,236,20.0,10.0,2.0,20,0.2923728813559322,-0.1228813559322034,0.3333333333333333,-0.04096045197740111,False,False,True,False,0.09703389830508474
LONG,0,60-80,2.5,1112,5.0,5.0,1.0,20,0.3866906474820143,-0.22661870503597137,0.5,-0.11330935251798568,False,False,True,False,0.09703237410071933
LONG,0,60-80,2.5,1112,5.0,5.0,1.0,30,0.3866906474820143,-0.22661870503597137,0.5,-0.11330935251798568,False,False,True,False,0.09703237410071933
SHORT,0,60-80,2.0,3855,10.0,5.0,2.0,60,0.2923476005188067,-0.12295719844357988,0.3333333333333333,-0.04098573281452661,False,False,True,False,0.0969909208819714
LONG,2,40-60,2.0,2572,15.0,10.0,1.5,20,0.3324261275272162,-0.16893468118195953,0.4,-0.06757387247278385,False,False,True,False,0.09694984447900468
LONG,1,0-20,2.0,3468,10.0,5.0,2.0,120,0.2920991926182237,-0.1237024221453289,0.3333333333333333,-0.04123414071510961,False,False,True,False,0.09656862745098028
LONG,0,0-20,2.0,4136,10.0,5.0,2.0,20,0.2920696324951644,-0.12379110251450687,0.3333333333333333,-0.04126370083816894,False,False,True,False,0.09651837524177943
SHORT,0,0-20,2.5,1034,10.0,5.0,2.0,120,0.2920696324951644,-0.12379110251450687,0.3333333333333333,-0.04126370083816894,False,False,True,False,0.09651837524177943
LONG,2,40-60,1.5,5279,15.0,10.0,1.5,20,0.3320704678916461,-0.16982383027088466,0.4,-0.0679295321083539,False,False,True,False,0.09640746353476036
SHORT,1,0-20,1.5,7041,15.0,10.0,1.5,30,0.3320551058088339,-0.16986223547791524,0.4,-0.06794489419116612,False,False,True,False,0.0963840363584717
LONG,0,80-100,3.0,256,15.0,10.0,1.5,20,0.33203125,-0.169921875,0.4,-0.06796875000000002,False,False,True,False,0.09634765625
SHORT,1,80-100,1.5,8389,20.0,10.0,2.0,20,0.2919299082131362,-0.12421027536059148,0.3333333333333333,-0.041403425120197124,False,False,True,False,0.09628084396233151
LONG,2,40-60,3.0,322,30.0,15.0,2.0,60,0.2919254658385093,-0.12422360248447206,0.3333333333333333,-0.041407867494824,False,False,True,False,0.09627329192546584
SHORT,1,80-100,2.0,3453,30.0,15.0,2.0,30,0.2919200695047784,-0.12423979148566489,0.3333333333333333,-0.041413263828554925,False,False,True,False,0.09626411815812325
SHORT,1,40-60,1.5,5231,30.0,15.0,2.0,60,0.2919135920474097,-0.124259223857771,0.3333333333333333,-0.04141974128592363,False,False,True,False,0.09625310648059646
LONG,2,20-40,1.5,5263,5.0,5.0,1.0,10,0.3860915827474824,-0.22781683450503515,0.5,-0.1139084172525176,False,False,True,False,0.09622363670910127
LONG,2,80-100,3.0,305,10.0,5.0,2.0,10,0.2918032786885245,-0.12459016393442646,0.3333333333333333,-0.0415300546448088,False,False,True,False,0.09606557377049169
LONG,2,20-40,1.5,5263,15.0,10.0,1.5,20,0.331749952498575,-0.17062511875356257,0.4,-0.06825004750142505,False,False,True,False,0.09591867756032682
SHORT,2,20-40,1.5,5581,10.0,5.0,2.0,120,0.2917039956996954,-0.12488801290091378,0.3333333333333333,-0.04162933763363791,False,False,True,False,0.0958967926894822
LONG,2,60-80,3.0,312,30.0,15.0,2.0,60,0.2916666666666667,-0.12499999999999989,0.3333333333333333,-0.04166666666666663,False,False,True,False,0.0958333333333334
SHORT,1,80-100,3.5,199,15.0,10.0,1.5,10,0.3316582914572864,-0.17085427135678394,0.4,-0.0683417085427136,False,False,True,False,0.0957788944723618
LONG,0,60-80,2.0,3715,30.0,15.0,2.0,30,0.2915208613728129,-0.12543741588156132,0.3333333333333333,-0.0418124719605204,False,False,True,False,0.09558546433378193
LONG,0,40-60,3.0,199,10.0,5.0,2.0,10,0.2914572864321608,-0.1256281407035177,0.3333333333333333,-0.041876046901172526,False,False,True,False,0.09547738693467334
LONG,0,40-60,3.0,199,10.0,5.0,2.0,20,0.2914572864321608,-0.1256281407035177,0.3333333333333333,-0.041876046901172526,False,False,True,False,0.09547738693467334
LONG,0,40-60,3.0,199,10.0,5.0,2.0,30,0.2914572864321608,-0.1256281407035177,0.3333333333333333,-0.041876046901172526,False,False,True,False,0.09547738693467334
LONG,1,0-20,2.5,1369,20.0,10.0,2.0,20,0.2914536157779401,-0.12563915266617964,0.3333333333333333,-0.041879717555393214,False,False,True,False,0.0954711468224982
SHORT,1,20-40,2.5,703,15.0,10.0,1.5,10,0.3314366998577525,-0.1714082503556188,0.4,-0.06856330014224754,False,False,True,False,0.09544096728307253
SHORT,2,60-80,2.5,869,5.0,5.0,1.0,60,0.385500575373993,-0.22899884925201391,0.5,-0.11449942462600698,False,False,True,False,0.0954257767548906
SHORT,2,60-80,2.5,869,5.0,5.0,1.0,120,0.385500575373993,-0.22899884925201391,0.5,-0.11449942462600698,False,False,True,False,0.0954257767548906
LONG,2,20-40,2.0,2529,15.0,10.0,1.5,20,0.3313562672993278,-0.17160933175168047,0.4,-0.0686437327006722,False,False,True,False,0.09531830763147493
LONG,1,60-80,3.5,127,20.0,10.0,2.0,20,0.2913385826771653,-0.12598425196850416,0.3333333333333333,-0.041994750656168034,False,False,True,False,0.09527559055118097
LONG,1,60-80,3.5,127,20.0,10.0,2.0,30,0.2913385826771653,-0.12598425196850416,0.3333333333333333,-0.041994750656168034,False,False,True,False,0.09527559055118097
LONG,1,60-80,3.5,127,20.0,10.0,2.0,60,0.2913385826771653,-0.12598425196850416,0.3333333333333333,-0.041994750656168034,False,False,True,False,0.09527559055118097
LONG,1,60-80,3.5,127,30.0,15.0,2.0,60,0.2913385826771653,-0.12598425196850416,0.3333333333333333,-0.041994750656168034,False,False,True,False,0.09527559055118097
LONG,1,60-80,3.5,127,20.0,10.0,2.0,120,0.2913385826771653,-0.12598425196850416,0.3333333333333333,-0.041994750656168034,False,False,True,False,0.09527559055118097
LONG,1,60-80,3.5,127,30.0,15.0,2.0,120,0.2913385826771653,-0.12598425196850416,0.3333333333333333,-0.041994750656168034,False,False,True,False,0.09527559055118097
SHORT,1,60-80,2.5,920,10.0,5.0,2.0,30,0.2913043478260869,-0.1260869565217394,0.3333333333333333,-0.04202898550724643,False,False,True,False,0.0952173913043477
LONG,2,20-40,2.5,1030,30.0,15.0,2.0,60,0.2912621359223301,-0.12621359223300976,0.3333333333333333,-0.042071197411003236,False,False,True,False,0.09514563106796114
SHORT,2,80-100,3.5,103,20.0,10.0,2.0,10,0.2912621359223301,-0.12621359223300976,0.3333333333333333,-0.042071197411003236,False,False,True,False,0.09514563106796114
LONG,1,0-20,1.5,7283,10.0,5.0,2.0,20,0.2912261430729095,-0.12632157078127149,0.3333333333333333,-0.04210719026042381,False,False,True,False,0.09508444322394616
LONG,2,40-60,2.5,965,10.0,5.0,2.0,120,0.2911917098445596,-0.12642487046632123,0.3333333333333333,-0.042141623488773705,False,False,True,False,0.09502590673575131
SHORT,1,80-100,2.0,3453,5.0,5.0,1.0,30,0.385172313929916,-0.22965537214016796,0.5,-0.11482768607008398,False,False,True,False,0.09498262380538663
SHORT,1,80-100,2.0,3453,5.0,5.0,1.0,60,0.385172313929916,-0.22965537214016796,0.5,-0.11482768607008398,False,False,True,False,0.09498262380538663
SHORT,1,80-100,2.0,3453,5.0,5.0,1.0,120,0.385172313929916,-0.22965537214016796,0.5,-0.11482768607008398,False,False,True,False,0.09498262380538663
SHORT,0,40-60,2.5,814,10.0,5.0,2.0,120,0.2911547911547911,-0.12653562653562667,0.3333333333333333,-0.04217854217854222,False,False,True,False,0.0949631449631449
SHORT,2,60-80,2.5,869,10.0,5.0,2.0,30,0.2911392405063291,-0.12658227848101267,0.3333333333333333,-0.042194092827004204,False,False,True,False,0.0949367088607595
LONG,1,80-100,3.5,213,30.0,15.0,2.0,30,0.2910798122065727,-0.12676056338028185,0.3333333333333333,-0.04225352112676062,False,False,True,False,0.09483568075117361
SHORT,2,40-60,3.5,139,15.0,10.0,1.5,30,0.3309352517985611,-0.17266187050359727,0.4,-0.06906474820143893,False,False,True,False,0.09467625899280566
SHORT,2,40-60,3.5,139,15.0,10.0,1.5,60,0.3309352517985611,-0.17266187050359727,0.4,-0.06906474820143893,False,False,True,False,0.09467625899280566
SHORT,2,0-20,3.5,244,30.0,15.0,2.0,120,0.290983606557377,-0.12704918032786905,0.3333333333333333,-0.04234972677595633,False,False,True,False,0.09467213114754089
LONG,1,0-20,2.0,3468,10.0,5.0,2.0,60,0.2909457900807382,-0.12716262975778547,0.3333333333333333,-0.04238754325259514,False,False,True,False,0.0946078431372549
LONG,1,40-60,1.5,5617,30.0,15.0,2.0,30,0.2909026170553676,-0.12729214883389728,0.3333333333333333,-0.04243071627796574,False,False,True,False,0.09453444899412489
SHORT,0,80-100,3.0,251,10.0,5.0,2.0,30,0.2908366533864542,-0.12749003984063745,0.3333333333333333,-0.04249667994687911,False,False,True,False,0.09442231075697213
LONG,1,60-80,3.5,127,15.0,10.0,1.5,10,0.3307086614173228,-0.173228346456693,0.4,-0.06929133858267722,False,False,True,False,0.09433070866141728
SHORT,2,40-60,3.0,282,30.0,15.0,2.0,60,0.2907801418439716,-0.12765957446808518,0.3333333333333333,-0.04255319148936171,False,False,True,False,0.09432624113475174
LONG,1,0-20,2.5,1369,30.0,15.0,2.0,60,0.2907231555880205,-0.12783053323593851,0.3333333333333333,-0.04261017774531284,False,False,True,False,0.09422936449963483
LONG,1,0-20,3.5,172,10.0,5.0,2.0,20,0.2906976744186046,-0.12790697674418616,0.3333333333333333,-0.0426356589147287,False,False,True,False,0.09418604651162783
LONG,1,0-20,3.5,172,10.0,5.0,2.0,30,0.2906976744186046,-0.12790697674418616,0.3333333333333333,-0.0426356589147287,False,False,True,False,0.09418604651162783
LONG,1,0-20,3.5,172,10.0,5.0,2.0,60,0.2906976744186046,-0.12790697674418616,0.3333333333333333,-0.0426356589147287,False,False,True,False,0.09418604651162783
LONG,1,0-20,3.5,172,10.0,5.0,2.0,120,0.2906976744186046,-0.12790697674418616,0.3333333333333333,-0.0426356589147287,False,False,True,False,0.09418604651162783
LONG,1,0-20,1.5,7283,20.0,10.0,2.0,30,0.2906769188521214,-0.1279692434436358,0.3333333333333333,-0.042656414481211935,False,False,True,False,0.09415076204860637
LONG,2,0-20,1.5,7797,15.0,10.0,1.5,20,0.3305117352828011,-0.17372066179299728,0.4,-0.06948826471719893,False,False,True,False,0.09403039630627165
LONG,2,80-100,2.5,944,15.0,10.0,1.5,20,0.3305084745762712,-0.17372881355932202,0.4,-0.06949152542372883,False,False,True,False,0.09402542372881356
SHORT,1,60-80,3.0,351,15.0,10.0,1.5,120,0.3304843304843304,-0.17378917378917402,0.4,-0.06951566951566962,False,False,True,False,0.09398860398860386
SHORT,2,20-40,2.5,943,20.0,10.0,2.0,120,0.2905620360551431,-0.12831389183457076,0.3333333333333333,-0.042771297278190235,False,False,True,False,0.09395546129374323
SHORT,2,0-20,1.5,7338,10.0,5.0,2.0,120,0.2905423821204688,-0.12837285363859363,0.3333333333333333,-0.042790951212864525,False,False,True,False,0.09392204960479694
SHORT,0,60-80,2.0,3855,10.0,5.0,2.0,30,0.2905317769130999,-0.12840466926070027,0.3333333333333333,-0.04280155642023342,False,False,True,False,0.09390402075226985
SHORT,1,80-100,2.0,3453,5.0,5.0,1.0,20,0.384303504199247,-0.2313929916015059,0.5,-0.11569649580075297,False,False,True,False,0.0938097306689835
LONG,2,40-60,2.0,2572,10.0,5.0,2.0,30,0.2904354587869362,-0.12869362363919135,0.3333333333333333,-0.0428978745463971,False,False,True,False,0.09374027993779156
LONG,1,60-80,2.5,1002,10.0,5.0,2.0,10,0.2904191616766467,-0.12874251497005984,0.3333333333333333,-0.042914171656686595,False,False,True,False,0.09371257485029943
SHORT,2,40-60,2.5,823,10.0,5.0,2.0,30,0.2904009720534629,-0.12879708383961141,0.3333333333333333,-0.042932361279870435,False,False,True,False,0.09368165249088689
SHORT,1,0-20,2.0,2700,10.0,5.0,2.0,30,0.2903703703703704,-0.12888888888888883,0.3333333333333333,-0.042962962962962925,False,False,True,False,0.09362962962962967
SHORT,2,20-40,1.5,5581,5.0,5.0,1.0,10,0.3841605447052499,-0.23167891058950024,0.5,-0.1158394552947501,False,False,True,False,0.09361673535208737
SHORT,2,0-20,2.0,3332,5.0,5.0,1.0,30,0.3841536614645858,-0.23169267707082847,0.5,-0.1158463385354142,False,False,True,False,0.09360744297719081
LONG,1,80-100,1.5,8900,30.0,15.0,2.0,30,0.2903370786516854,-0.12898876404494375,0.3333333333333333,-0.042996254681647916,False,False,True,False,0.0935730337078652
SHORT,2,0-20,1.5,7338,15.0,10.0,1.5,30,0.3301989642954483,-0.17450258926137918,0.4,-0.0698010357045517,False,False,True,False,0.0935534205505587
LONG,1,0-20,2.5,1369,15.0,10.0,1.5,10,0.3301680058436815,-0.17457998539079622,0.4,-0.06983199415631852,False,False,True,False,0.0935062089116143
LONG,1,40-60,2.0,2570,30.0,15.0,2.0,30,0.290272373540856,-0.129182879377432,0.3333333333333333,-0.043060959792477316,False,False,True,False,0.09346303501945522
SHORT,2,20-40,1.5,5581,10.0,5.0,2.0,60,0.2902705608313922,-0.12918831750582338,0.3333333333333333,-0.04306277250194113,False,False,True,False,0.09345995341336674
SHORT,2,80-100,2.5,730,15.0,10.0,1.5,20,0.3301369863013698,-0.17465753424657554,0.4,-0.06986301369863024,False,False,True,False,0.09345890410958893
LONG,0,60-80,3.0,312,15.0,10.0,1.5,30,0.3301282051282051,-0.17467948717948723,0.4,-0.0698717948717949,False,False,True,False,0.0934455128205128
LONG,0,60-80,3.0,312,15.0,10.0,1.5,60,0.3301282051282051,-0.17467948717948723,0.4,-0.0698717948717949,False,False,True,False,0.0934455128205128
LONG,0,60-80,3.0,312,15.0,10.0,1.5,120,0.3301282051282051,-0.17467948717948723,0.4,-0.0698717948717949,False,False,True,False,0.0934455128205128
SHORT,2,80-100,3.5,103,15.0,10.0,1.5,30,0.3300970873786408,-0.17475728155339798,0.4,-0.06990291262135923,False,False,True,False,0.09339805825242722
SHORT,2,80-100,3.5,103,15.0,10.0,1.5,60,0.3300970873786408,-0.17475728155339798,0.4,-0.06990291262135923,False,False,True,False,0.09339805825242722
SHORT,2,80-100,3.5,103,15.0,10.0,1.5,120,0.3300970873786408,-0.17475728155339798,0.4,-0.06990291262135923,False,False,True,False,0.09339805825242722
LONG,2,20-40,3.0,348,30.0,15.0,2.0,30,0.2902298850574712,-0.1293103448275864,0.3333333333333333,-0.0431034482758621,False,False,True,False,0.09339080459770105
SHORT,1,60-80,2.5,920,10.0,5.0,2.0,20,0.2902173913043478,-0.1293478260869566,0.3333333333333333,-0.0431159420289855,False,False,True,False,0.09336956521739127
LONG,2,40-60,1.5,5279,5.0,5.0,1.0,10,0.3839742375449896,-0.2320515249100208,0.5,-0.1160257624550104,False,False,True,False,0.09336522068573597
LONG,1,80-100,2.5,1492,30.0,15.0,2.0,30,0.2902144772117963,-0.12935656836461118,0.3333333333333333,-0.04311885612153704,False,False,True,False,0.09336461126005367
SHORT,1,20-40,2.5,703,20.0,10.0,2.0,30,0.2901849217638691,-0.12944523470839264,0.3333333333333333,-0.043148411569464196,False,False,True,False,0.0933143669985775
LONG,2,0-20,4.0,100,15.0,10.0,1.5,20,0.33,-0.17499999999999993,0.4,-0.07,False,False,True,False,0.09325000000000004
SHORT,2,80-100,2.0,2189,20.0,10.0,2.0,30,0.2900867976244861,-0.12973960712654176,0.3333333333333333,-0.043246535708847234,False,False,True,False,0.09314755596162635
SHORT,1,20-40,2.0,2110,20.0,10.0,2.0,30,0.2900473933649289,-0.12985781990521328,0.3333333333333333,-0.04328593996840441,False,False,True,False,0.09308056872037913
SHORT,1,80-100,3.0,431,30.0,15.0,2.0,20,0.2900232018561485,-0.12993039443155452,0.3333333333333333,-0.04331013147718482,False,False,True,False,0.09303944315545246
LONG,2,40-60,1.5,5279,10.0,5.0,2.0,30,0.2900170486834628,-0.12994885394961164,0.3333333333333333,-0.04331628464987053,False,False,True,False,0.09302898276188674
LONG,2,0-20,4.0,100,20.0,10.0,2.0,60,0.29,-0.13,0.3333333333333333,-0.043333333333333335,False,False,True,False,0.09299999999999999
SHORT,1,40-60,2.0,2038,30.0,15.0,2.0,60,0.2899901864573111,-0.13002944062806665,0.3333333333333333,-0.0433431468760222,False,False,True,False,0.0929833169774289
LONG,2,60-80,2.0,2483,10.0,5.0,2.0,10,0.2899718082964156,-0.13008457511075322,0.3333333333333333,-0.0433615250369177,False,False,True,False,0.09295207410390652
LONG,0,20-40,1.5,8519,20.0,10.0,2.0,20,0.2899401338185233,-0.13017959854443018,0.3333333333333333,-0.04339319951481002,False,False,True,False,0.09289822749148959
SHORT,2,60-80,2.0,2499,15.0,10.0,1.5,20,0.3297318927571028,-0.175670268107243,0.4,-0.07026810724289723,False,False,True,False,0.09284113645458177
LONG,2,40-60,3.5,138,20.0,10.0,2.0,10,0.2898550724637681,-0.13043478260869568,0.3333333333333333,-0.04347826086956519,False,False,True,False,0.0927536231884058
SHORT,1,0-20,3.0,352,10.0,5.0,2.0,20,0.2897727272727273,-0.13068181818181812,0.3333333333333333,-0.04356060606060602,False,False,True,False,0.0926136363636364
SHORT,1,0-20,3.0,352,10.0,5.0,2.0,30,0.2897727272727273,-0.13068181818181812,0.3333333333333333,-0.04356060606060602,False,False,True,False,0.0926136363636364
SHORT,1,0-20,3.0,352,10.0,5.0,2.0,60,0.2897727272727273,-0.13068181818181812,0.3333333333333333,-0.04356060606060602,False,False,True,False,0.0926136363636364
SHORT,1,0-20,3.0,352,10.0,5.0,2.0,120,0.2897727272727273,-0.13068181818181812,0.3333333333333333,-0.04356060606060602,False,False,True,False,0.0926136363636364
SHORT,1,40-60,2.5,686,5.0,5.0,1.0,20,0.3833819241982507,-0.23323615160349864,0.5,-0.11661807580174932,False,False,True,False,0.09256559766763842
LONG,2,0-20,2.5,1584,15.0,10.0,1.5,20,0.3295454545454545,-0.1761363636363638,0.4,-0.07045454545454555,False,False,True,False,0.09255681818181807
LONG,1,40-60,3.5,145,30.0,15.0,2.0,20,0.2896551724137931,-0.13103448275862062,0.3333333333333333,-0.04367816091954019,False,False,True,False,0.09241379310344833
SHORT,0,60-80,2.0,3855,15.0,10.0,1.5,20,0.3294422827496757,-0.17639429312581079,0.4,-0.07055771725032434,False,False,True,False,0.09239948119325542
SHORT,1,80-100,2.0,3453,20.0,10.0,2.0,20,0.2896032435563278,-0.13119026933101652,0.3333333333333333,-0.04373008977700549,False,False,True,False,0.0923255140457573
LONG,0,60-80,2.5,1112,20.0,10.0,2.0,20,0.289568345323741,-0.13129496402877705,0.3333333333333333,-0.04376498800959233,False,False,True,False,0.09226618705035969
LONG,1,20-40,2.0,2573,20.0,10.0,2.0,10,0.2895452778857365,-0.13136416634279058,0.3333333333333333,-0.04378805544759684,False,False,True,False,0.092226972405752
LONG,1,60-80,3.0,342,30.0,15.0,2.0,30,0.2894736842105263,-0.13157894736842102,0.3333333333333333,-0.04385964912280699,False,False,True,False,0.09210526315789477
LONG,1,60-80,2.5,1002,30.0,15.0,2.0,30,0.2894211576846307,-0.13173652694610782,0.3333333333333333,-0.04391217564870259,False,False,True,False,0.09201596806387224
LONG,2,20-40,2.5,1030,15.0,10.0,1.5,20,0.329126213592233,-0.1771844660194175,0.4,-0.07087378640776704,False,False,True,False,0.09191747572815531
SHORT,1,0-20,2.5,930,20.0,10.0,2.0,20,0.289247311827957,-0.13225806451612898,0.3333333333333333,-0.04408602150537633,False,False,True,False,0.09172043010752691
SHORT,2,20-40,1.5,5581,15.0,10.0,1.5,30,0.3289733022755778,-0.17756674431105546,0.4,-0.07102669772442222,False,False,True,False,0.09168428597025617
LONG,2,80-100,2.5,944,10.0,5.0,2.0,10,0.2891949152542373,-0.13241525423728817,0.3333333333333333,-0.04413841807909602,False,False,True,False,0.0916313559322034
LONG,0,40-60,2.5,792,20.0,10.0,2.0,10,0.2891414141414141,-0.13257575757575768,0.3333333333333333,-0.04419191919191923,False,False,True,False,0.09154040404040396
LONG,2,40-60,2.5,965,10.0,5.0,2.0,60,0.2891191709844559,-0.1326424870466324,0.3333333333333333,-0.04421416234887743,False,False,True,False,0.091502590673575
SHORT,0,0-20,3.0,222,15.0,10.0,1.5,120,0.3288288288288288,-0.177927927927928,0.4,-0.07117117117117122,False,False,True,False,0.09146396396396392
SHORT,0,60-80,2.5,1017,5.0,5.0,1.0,30,0.3824975417895772,-0.23500491642084564,0.5,-0.11750245821042282,False,False,True,False,0.09137168141592919
SHORT,0,60-80,2.5,1017,5.0,5.0,1.0,60,0.3824975417895772,-0.23500491642084564,0.5,-0.11750245821042282,False,False,True,False,0.09137168141592919
SHORT,0,60-80,2.5,1017,5.0,5.0,1.0,120,0.3824975417895772,-0.23500491642084564,0.5,-0.11750245821042282,False,False,True,False,0.09137168141592919
SHORT,0,80-100,3.0,251,5.0,5.0,1.0,20,0.3824701195219123,-0.23505976095617548,0.5,-0.11752988047808771,False,False,True,False,0.09133466135458158
SHORT,0,80-100,3.0,251,5.0,5.0,1.0,30,0.3824701195219123,-0.23505976095617548,0.5,-0.11752988047808771,False,False,True,False,0.09133466135458158
SHORT,0,80-100,3.0,251,5.0,5.0,1.0,60,0.3824701195219123,-0.23505976095617548,0.5,-0.11752988047808771,False,False,True,False,0.09133466135458158
SHORT,0,80-100,3.0,251,5.0,5.0,1.0,120,0.3824701195219123,-0.23505976095617548,0.5,-0.11752988047808771,False,False,True,False,0.09133466135458158
SHORT,1,40-60,2.0,2038,10.0,5.0,2.0,20,0.28900883218842,-0.13297350343474001,0.3333333333333333,-0.04432450114491332,False,False,True,False,0.091315014720314
SHORT,2,80-100,3.0,218,10.0,5.0,2.0,10,0.2889908256880734,-0.1330275229357799,0.3333333333333333,-0.04434250764525993,False,False,True,False,0.09128440366972473
LONG,2,0-20,2.0,3836,5.0,5.0,1.0,120,0.382429614181439,-0.23514077163712205,0.5,-0.117570385818561,False,False,True,False,0.09127997914494264
LONG,1,40-60,2.5,990,10.0,5.0,2.0,20,0.2888888888888888,-0.13333333333333364,0.3333333333333333,-0.04444444444444451,False,False,True,False,0.09111111111111095
SHORT,2,60-80,2.5,869,30.0,15.0,2.0,120,0.288837744533947,-0.13348676639815904,0.3333333333333333,-0.04449558879938631,False,False,True,False,0.0910241657077099
SHORT,1,20-40,2.5,703,30.0,15.0,2.0,30,0.2887624466571835,-0.13371266002844961,0.3333333333333333,-0.044570886676149835,False,False,True,False,0.0908961593172119
SHORT,2,20-40,2.0,2575,5.0,5.0,1.0,10,0.3821359223300971,-0.23572815533980584,0.5,-0.11786407766990292,False,False,True,False,0.09088349514563106
SHORT,0,40-60,2.5,814,10.0,5.0,2.0,60,0.2886977886977886,-0.13390663390663415,0.3333333333333333,-0.0446355446355447,False,False,True,False,0.09078624078624065
LONG,2,20-40,2.0,2529,10.0,5.0,2.0,30,0.2886516409648082,-0.13404507710557534,0.3333333333333333,-0.044681692368525094,False,False,True,False,0.09070778964017397
SHORT,1,80-100,1.5,8389,15.0,10.0,1.5,10,0.3282870425557277,-0.1792823936106807,0.4,-0.07171295744427231,False,False,True,False,0.09063773989748478
SHORT,1,0-20,1.5,7041,10.0,5.0,2.0,30,0.2885953699758557,-0.1342138900724329,0.3333333333333333,-0.044737963357477595,False,False,True,False,0.09061212895895471
LONG,2,0-20,2.0,3836,10.0,5.0,2.0,120,0.2885818561001043,-0.1342544316996871,0.3333333333333333,-0.04475147723322903,False,False,True,False,0.0905891553701773
LONG,2,0-20,2.0,3836,5.0,5.0,1.0,60,0.3819082377476538,-0.23618352450469238,0.5,-0.11809176225234619,False,False,True,False,0.09057612095933265
LONG,0,0-20,3.0,253,20.0,10.0,2.0,120,0.2885375494071146,-0.13438735177865613,0.3333333333333333,-0.04479578392621869,False,False,True,False,0.09051383399209485
LONG,0,0-20,3.0,253,30.0,15.0,2.0,120,0.2885375494071146,-0.13438735177865613,0.3333333333333333,-0.04479578392621869,False,False,True,False,0.09051383399209485
LONG,2,80-100,3.0,305,30.0,15.0,2.0,60,0.2885245901639344,-0.13442622950819683,0.3333333333333333,-0.044808743169398924,False,False,True,False,0.09049180327868846
LONG,0,60-80,3.0,312,30.0,15.0,2.0,60,0.2884615384615384,-0.13461538461538491,0.3333333333333333,-0.044871794871794934,False,False,True,False,0.09038461538461523
SHORT,1,40-60,3.0,260,20.0,10.0,2.0,20,0.2884615384615384,-0.13461538461538491,0.3333333333333333,-0.044871794871794934,False,False,True,False,0.09038461538461523
SHORT,0,60-80,2.0,3855,10.0,5.0,2.0,20,0.2884565499351491,-0.13463035019455283,0.3333333333333333,-0.04487678339818424,False,False,True,False,0.0903761348897534
SHORT,0,60-80,2.0,3855,30.0,15.0,2.0,60,0.2884565499351491,-0.13463035019455283,0.3333333333333333,-0.04487678339818424,False,False,True,False,0.0903761348897534
SHORT,2,0-20,2.5,1276,5.0,5.0,1.0,20,0.3816614420062696,-0.23667711598746077,0.5,-0.11833855799373039,False,False,True,False,0.09024294670846399
LONG,2,20-40,2.0,2529,5.0,5.0,1.0,10,0.3815737445630684,-0.2368525108738631,0.5,-0.11842625543693158,False,False,True,False,0.09012455516014238
LONG,2,80-100,3.5,111,10.0,5.0,2.0,10,0.2882882882882883,-0.1351351351351352,0.3333333333333333,-0.04504504504504503,False,False,True,False,0.09009009009009007
LONG,2,80-100,3.5,111,30.0,15.0,2.0,10,0.2882882882882883,-0.1351351351351352,0.3333333333333333,-0.04504504504504503,False,False,True,False,0.09009009009009007
LONG,2,80-100,3.5,111,10.0,5.0,2.0,20,0.2882882882882883,-0.1351351351351352,0.3333333333333333,-0.04504504504504503,False,False,True,False,0.09009009009009007
LONG,2,80-100,3.5,111,20.0,10.0,2.0,20,0.2882882882882883,-0.1351351351351352,0.3333333333333333,-0.04504504504504503,False,False,True,False,0.09009009009009007
LONG,2,80-100,3.5,111,30.0,15.0,2.0,20,0.2882882882882883,-0.1351351351351352,0.3333333333333333,-0.04504504504504503,False,False,True,False,0.09009009009009007
LONG,2,80-100,3.5,111,10.0,5.0,2.0,30,0.2882882882882883,-0.1351351351351352,0.3333333333333333,-0.04504504504504503,False,False,True,False,0.09009009009009007
LONG,2,80-100,3.5,111,30.0,15.0,2.0,30,0.2882882882882883,-0.1351351351351352,0.3333333333333333,-0.04504504504504503,False,False,True,False,0.09009009009009007
LONG,2,80-100,3.5,111,10.0,5.0,2.0,60,0.2882882882882883,-0.1351351351351352,0.3333333333333333,-0.04504504504504503,False,False,True,False,0.09009009009009007
LONG,2,80-100,3.5,111,10.0,5.0,2.0,120,0.2882882882882883,-0.1351351351351352,0.3333333333333333,-0.04504504504504503,False,False,True,False,0.09009009009009007
SHORT,2,0-20,3.5,244,15.0,10.0,1.5,30,0.3278688524590163,-0.18032786885245922,0.4,-0.07213114754098371,False,False,True,False,0.08999999999999989
SHORT,0,0-20,2.5,1034,30.0,15.0,2.0,120,0.288201160541586,-0.13539651837524203,0.3333333333333333,-0.045132172791747305,False,False,True,False,0.0899419729206962
LONG,2,0-20,1.5,7797,10.0,5.0,2.0,30,0.2881877645248172,-0.1354367064255484,0.3333333333333333,-0.04514556880851611,False,False,True,False,0.08991919969218926
LONG,1,40-60,3.0,347,30.0,15.0,2.0,20,0.2881844380403458,-0.13544668587896258,0.3333333333333333,-0.04514889529298749,False,False,True,False,0.08991354466858789
LONG,0,20-40,2.0,3191,15.0,10.0,1.5,10,0.3277969288624255,-0.18050767784393623,0.4,-0.07220307113757451,False,False,True,False,0.08989031651519891
LONG,0,20-40,3.0,236,30.0,15.0,2.0,30,0.288135593220339,-0.13559322033898302,0.3333333333333333,-0.04519774011299432,False,False,True,False,0.0898305084745763
LONG,1,20-40,3.5,118,30.0,15.0,2.0,30,0.288135593220339,-0.13559322033898302,0.3333333333333333,-0.04519774011299432,False,False,True,False,0.0898305084745763
LONG,1,80-100,1.5,8900,5.0,5.0,1.0,120,0.3813483146067415,-0.23730337078651692,0.5,-0.11865168539325849,False,False,True,False,0.08982022471910106
SHORT,2,0-20,1.5,7338,10.0,5.0,2.0,60,0.2880893976560371,-0.1357318070318888,0.3333333333333333,-0.04524393567729623,False,False,True,False,0.08975197601526302
LONG,0,60-80,2.5,1112,5.0,5.0,1.0,10,0.381294964028777,-0.23741007194244595,0.5,-0.118705035971223,False,False,True,False,0.08974820143884897
LONG,1,0-20,2.0,3468,10.0,5.0,2.0,30,0.2880622837370242,-0.13581314878892747,0.3333333333333333,-0.04527104959630912,False,False,True,False,0.08970588235294111
LONG,1,80-100,1.5,8900,5.0,5.0,1.0,60,0.3812359550561798,-0.2375280898876404,0.5,-0.1187640449438202,False,False,True,False,0.08966853932584273
LONG,2,20-40,3.0,348,15.0,10.0,1.5,30,0.3275862068965517,-0.18103448275862072,0.4,-0.07241379310344831,False,False,True,False,0.08956896551724136
SHORT,1,60-80,3.5,174,15.0,10.0,1.5,10,0.3275862068965517,-0.18103448275862072,0.4,-0.07241379310344831,False,False,True,False,0.08956896551724136
SHORT,0,60-80,1.5,11293,10.0,5.0,2.0,10,0.2879659966350836,-0.1361020100947492,0.3333333333333333,-0.045367336698249716,False,False,True,False,0.08954219427964213
LONG,1,80-100,1.5,8900,5.0,5.0,1.0,30,0.381123595505618,-0.237752808988764,0.5,-0.11887640449438203,False,False,True,False,0.08951685393258428
SHORT,1,80-100,2.0,3453,10.0,5.0,2.0,60,0.2878656240949899,-0.13640312771503027,0.3333333333333333,-0.04546770923834342,False,False,True,False,0.08937156096148285
SHORT,1,80-100,2.0,3453,10.0,5.0,2.0,120,0.2878656240949899,-0.13640312771503027,0.3333333333333333,-0.04546770923834342,False,False,True,False,0.08937156096148285
LONG,2,20-40,1.5,5263,10.0,5.0,2.0,20,0.2878586357590728,-0.13642409272278166,0.3333333333333333,-0.045474697574260536,False,False,True,False,0.08935968079042372
SHORT,2,0-20,2.0,3332,10.0,5.0,2.0,120,0.2878151260504201,-0.1365546218487398,0.3333333333333333,-0.045518207282913226,False,False,True,False,0.08928571428571414
SHORT,2,60-80,2.5,869,5.0,5.0,1.0,30,0.380897583429229,-0.238204833141542,0.5,-0.11910241657077097,False,False,True,False,0.08921173762945918
SHORT,1,60-80,3.0,351,30.0,15.0,2.0,30,0.2877492877492877,-0.13675213675213682,0.3333333333333333,-0.04558404558404561,False,False,True,False,0.08917378917378913
SHORT,1,60-80,3.0,351,20.0,10.0,2.0,120,0.2877492877492877,-0.13675213675213682,0.3333333333333333,-0.04558404558404561,False,False,True,False,0.08917378917378913
LONG,2,60-80,1.5,5060,10.0,5.0,2.0,10,0.2877470355731225,-0.13675889328063262,0.3333333333333333,-0.04558629776021084,False,False,True,False,0.0891699604743082
SHORT,1,80-100,3.0,431,20.0,10.0,2.0,20,0.2877030162412993,-0.13689095127610218,0.3333333333333333,-0.04563031709203402,False,False,True,False,0.08909512761020878
SHORT,1,80-100,3.0,431,20.0,10.0,2.0,30,0.2877030162412993,-0.13689095127610218,0.3333333333333333,-0.04563031709203402,False,False,True,False,0.08909512761020878
SHORT,2,80-100,3.0,218,5.0,5.0,1.0,20,0.3807339449541284,-0.23853211009174324,0.5,-0.11926605504587162,False,False,True,False,0.08899082568807332
SHORT,2,80-100,3.0,218,5.0,5.0,1.0,30,0.3807339449541284,-0.23853211009174324,0.5,-0.11926605504587162,False,False,True,False,0.08899082568807332
SHORT,2,80-100,3.0,218,5.0,5.0,1.0,60,0.3807339449541284,-0.23853211009174324,0.5,-0.11926605504587162,False,False,True,False,0.08899082568807332
SHORT,2,80-100,3.0,218,5.0,5.0,1.0,120,0.3807339449541284,-0.23853211009174324,0.5,-0.11926605504587162,False,False,True,False,0.08899082568807332
SHORT,2,0-20,2.5,1276,10.0,5.0,2.0,20,0.2876175548589341,-0.13714733542319768,0.3333333333333333,-0.04571577847439923,False,False,True,False,0.08894984326018797
SHORT,2,20-40,2.5,943,5.0,5.0,1.0,60,0.3806998939554613,-0.2386002120890774,0.5,-0.11930010604453872,False,False,True,False,0.08894485683987274
SHORT,2,20-40,2.5,943,5.0,5.0,1.0,120,0.3806998939554613,-0.2386002120890774,0.5,-0.11930010604453872,False,False,True,False,0.08894485683987274
LONG,2,0-20,2.0,3836,15.0,10.0,1.5,20,0.3271637122002085,-0.18209071949947875,0.4,-0.07283628779979151,False,False,True,False,0.08892466110531796
SHORT,2,20-40,3.5,153,30.0,15.0,2.0,20,0.2875816993464052,-0.13725490196078438,0.3333333333333333,-0.04575163398692811,False,False,True,False,0.08888888888888885
SHORT,2,20-40,3.5,153,30.0,15.0,2.0,30,0.2875816993464052,-0.13725490196078438,0.3333333333333333,-0.04575163398692811,False,False,True,False,0.08888888888888885
LONG,2,0-20,3.5,233,20.0,10.0,2.0,30,0.2875536480686695,-0.13733905579399142,0.3333333333333333,-0.045779685264663805,False,False,True,False,0.0888412017167382
LONG,1,20-40,2.5,946,30.0,15.0,2.0,20,0.2875264270613107,-0.13742071881606788,0.3333333333333333,-0.04580690627202261,False,False,True,False,0.08879492600422821
LONG,1,0-20,2.5,1369,5.0,5.0,1.0,30,0.3805697589481373,-0.2388604821037253,0.5,-0.11943024105186267,False,False,True,False,0.08876917457998543
LONG,1,0-20,2.5,1369,5.0,5.0,1.0,60,0.3805697589481373,-0.2388604821037253,0.5,-0.11943024105186267,False,False,True,False,0.08876917457998543
LONG,1,0-20,2.5,1369,5.0,5.0,1.0,120,0.3805697589481373,-0.2388604821037253,0.5,-0.11943024105186267,False,False,True,False,0.08876917457998543
LONG,1,80-100,2.0,3899,20.0,10.0,2.0,10,0.287509617850731,-0.137471146447807,0.3333333333333333,-0.045823715482602334,False,False,True,False,0.08876635034624268
LONG,2,20-40,2.5,1030,20.0,10.0,2.0,30,0.287378640776699,-0.13786407766990305,0.3333333333333333,-0.04595469255663431,False,False,True,False,0.08854368932038828
SHORT,1,20-40,2.5,703,10.0,5.0,2.0,20,0.2873399715504978,-0.1379800853485066,0.3333333333333333,-0.04599336178283553,False,False,True,False,0.08847795163584625
LONG,2,0-20,2.0,3836,5.0,5.0,1.0,30,0.3803441084462982,-0.23931178310740364,0.5,-0.11965589155370182,False,False,True,False,0.08846454640250255
SHORT,2,0-20,2.5,1276,15.0,10.0,1.5,20,0.3268025078369906,-0.18299373040752348,0.4,-0.07319749216300941,False,False,True,False,0.08837382445141068
SHORT,2,20-40,3.5,153,15.0,10.0,1.5,30,0.326797385620915,-0.18300653594771255,0.4,-0.07320261437908504,False,False,True,False,0.08836601307189536
SHORT,0,0-20,2.5,1034,10.0,5.0,2.0,60,0.2872340425531915,-0.13829787234042545,0.3333333333333333,-0.0460992907801418,False,False,True,False,0.08829787234042558
LONG,0,80-100,2.0,3477,15.0,10.0,1.5,10,0.3267184354328444,-0.183203911417889,0.4,-0.07328156456715562,False,False,True,False,0.08824561403508771
SHORT,1,60-80,1.5,6537,20.0,10.0,2.0,30,0.2871347713018204,-0.13859568609453876,0.3333333333333333,-0.0461985620315129,False,False,True,False,0.08812911121309472
SHORT,1,40-60,3.5,108,20.0,10.0,2.0,10,0.287037037037037,-0.13888888888888906,0.3333333333333333,-0.046296296296296335,False,False,True,False,0.08796296296296288
SHORT,1,40-60,3.5,108,20.0,10.0,2.0,20,0.287037037037037,-0.13888888888888906,0.3333333333333333,-0.046296296296296335,False,False,True,False,0.08796296296296288
SHORT,1,80-100,2.0,3453,5.0,5.0,1.0,10,0.3799594555459021,-0.24008108890819585,0.5,-0.1200405444540979,False,False,True,False,0.08794526498696782
LONG,1,80-100,1.5,8900,5.0,5.0,1.0,20,0.3798876404494382,-0.24022471910112358,0.5,-0.12011235955056182,False,False,True,False,0.08784831460674157
SHORT,1,0-20,3.0,352,10.0,5.0,2.0,10,0.2869318181818182,-0.13920454545454553,0.3333333333333333,-0.04640151515151514,False,False,True,False,0.0877840909090909
LONG,1,0-20,2.5,1369,5.0,5.0,1.0,20,0.3798392987582177,-0.24032140248356454,0.5,-0.1201607012417823,False,False,True,False,0.08778305332359392
SHORT,1,20-40,2.5,703,5.0,5.0,1.0,10,0.379800853485064,-0.24039829302987203,0.5,-0.12019914651493602,False,False,True,False,0.08773115220483638
SHORT,2,60-80,2.5,869,5.0,5.0,1.0,20,0.379746835443038,-0.240506329113924,0.5,-0.120253164556962,False,False,True,False,0.0876582278481013
SHORT,0,80-100,3.0,251,10.0,5.0,2.0,20,0.2868525896414343,-0.1394422310756972,0.3333333333333333,-0.04648074369189903,False,False,True,False,0.08764940239043828
SHORT,2,0-20,4.0,129,30.0,15.0,2.0,20,0.2868217054263566,-0.13953488372093015,0.3333333333333333,-0.046511627906976716,False,False,True,False,0.08759689922480625
SHORT,2,20-40,2.5,943,5.0,5.0,1.0,30,0.3796394485683987,-0.24072110286320259,0.5,-0.12036055143160129,False,False,True,False,0.08751325556733826
SHORT,1,80-100,2.0,3453,10.0,5.0,2.0,30,0.2867072111207645,-0.13987836663770647,0.3333333333333333,-0.04662612221256879,False,False,True,False,0.08740225890529968
LONG,2,40-60,3.5,138,15.0,10.0,1.5,10,0.3260869565217391,-0.18478260869565233,0.4,-0.07391304347826094,False,False,True,False,0.08728260869565208
SHORT,1,0-20,3.5,157,10.0,5.0,2.0,10,0.286624203821656,-0.14012738853503204,0.3333333333333333,-0.04670912951167733,False,False,True,False,0.08726114649681517
SHORT,1,0-20,3.5,157,10.0,5.0,2.0,20,0.286624203821656,-0.14012738853503204,0.3333333333333333,-0.04670912951167733,False,False,True,False,0.08726114649681517
SHORT,1,0-20,3.5,157,10.0,5.0,2.0,30,0.286624203821656,-0.14012738853503204,0.3333333333333333,-0.04670912951167733,False,False,True,False,0.08726114649681517
SHORT,1,0-20,3.5,157,10.0,5.0,2.0,60,0.286624203821656,-0.14012738853503204,0.3333333333333333,-0.04670912951167733,False,False,True,False,0.08726114649681517
SHORT,1,0-20,3.5,157,10.0,5.0,2.0,120,0.286624203821656,-0.14012738853503204,0.3333333333333333,-0.04670912951167733,False,False,True,False,0.08726114649681517
SHORT,0,20-40,2.0,3371,30.0,15.0,2.0,60,0.2865618510827648,-0.14031444675170568,0.3333333333333333,-0.04677148225056854,False,False,True,False,0.08715514684070012
SHORT,0,0-20,1.5,13687,20.0,10.0,2.0,30,0.2865492803390078,-0.1403521589829767,0.3333333333333333,-0.04678405299432553,False,False,True,False,0.08713377657631322
SHORT,2,60-80,2.5,869,10.0,5.0,2.0,20,0.286536248561565,-0.14039125431530497,0.3333333333333333,-0.046797084771768305,False,False,True,False,0.08711162255466053
SHORT,0,0-20,2.0,4503,10.0,5.0,2.0,20,0.2864756828780813,-0.1405729513657562,0.3333333333333333,-0.04685765045525203,False,False,True,False,0.08700866089273818
SHORT,1,80-100,3.5,199,20.0,10.0,2.0,10,0.2864321608040201,-0.14070351758793964,0.3333333333333333,-0.046901172529313195,False,False,True,False,0.08693467336683422
SHORT,1,20-40,1.5,5476,10.0,5.0,2.0,10,0.2863403944485025,-0.1409788166544924,0.3333333333333333,-0.046992938884830804,False,False,True,False,0.08677867056245431
LONG,1,0-20,2.5,1369,10.0,5.0,2.0,60,0.2863403944485025,-0.1409788166544924,0.3333333333333333,-0.046992938884830804,False,False,True,False,0.08677867056245431
LONG,1,0-20,2.5,1369,10.0,5.0,2.0,120,0.2863403944485025,-0.1409788166544924,0.3333333333333333,-0.046992938884830804,False,False,True,False,0.08677867056245431
SHORT,2,0-20,2.0,3332,5.0,5.0,1.0,20,0.3790516206482593,-0.24189675870348143,0.5,-0.12094837935174069,False,False,True,False,0.08671968787515007
SHORT,1,0-20,2.0,2700,30.0,15.0,2.0,60,0.2862962962962962,-0.1411111111111113,0.3333333333333333,-0.0470370370370371,False,False,True,False,0.08670370370370359
SHORT,2,0-20,2.0,3332,15.0,10.0,1.5,30,0.3256302521008403,-0.18592436974789928,0.4,-0.07436974789915973,False,False,True,False,0.08658613445378145
SHORT,0,0-20,2.0,4503,15.0,10.0,1.5,20,0.3255607372862536,-0.18609815678436592,0.4,-0.0744392627137464,False,False,True,False,0.08648012436153678
LONG,2,20-40,1.5,5263,30.0,15.0,2.0,60,0.2861485844575337,-0.1415542466273988,0.3333333333333333,-0.0471847488757996,False,False,True,False,0.08645259357780734
SHORT,0,60-80,2.5,1017,30.0,15.0,2.0,60,0.2861356932153392,-0.1415929203539824,0.3333333333333333,-0.0471976401179941,False,False,True,False,0.08643067846607666
SHORT,0,60-80,2.5,1017,15.0,10.0,1.5,20,0.3254670599803343,-0.1863323500491642,0.4,-0.0745329400196657,False,False,True,False,0.08633726647000983
SHORT,1,0-20,2.5,930,10.0,5.0,2.0,10,0.2860215053763441,-0.14193548387096777,0.3333333333333333,-0.04731182795698924,False,False,True,False,0.08623655913978494
SHORT,0,60-80,3.0,292,15.0,10.0,1.5,60,0.3253424657534247,-0.18664383561643827,0.4,-0.07465753424657534,False,False,True,False,0.08614726027397265
SHORT,0,60-80,3.0,292,15.0,10.0,1.5,120,0.3253424657534247,-0.18664383561643827,0.4,-0.07465753424657534,False,False,True,False,0.08614726027397265
SHORT,0,60-80,2.5,1017,5.0,5.0,1.0,20,0.3785644051130777,-0.24287118977384464,0.5,-0.1214355948869223,False,False,True,False,0.0860619469026549
SHORT,1,60-80,2.5,920,10.0,5.0,2.0,10,0.2858695652173913,-0.1423913043478261,0.3333333333333333,-0.047463768115941996,False,False,True,False,0.08597826086956523
SHORT,2,20-40,2.0,2575,20.0,10.0,2.0,60,0.2858252427184466,-0.1425242718446601,0.3333333333333333,-0.0475080906148867,False,False,True,False,0.08590291262135927
SHORT,2,20-40,2.0,2575,10.0,5.0,2.0,120,0.2858252427184466,-0.1425242718446601,0.3333333333333333,-0.0475080906148867,False,False,True,False,0.08590291262135927
SHORT,0,0-20,3.0,222,5.0,5.0,1.0,20,0.3783783783783784,-0.2432432432432432,0.5,-0.1216216216216216,False,False,True,False,0.08581081081081085
SHORT,0,0-20,3.0,222,5.0,5.0,1.0,30,0.3783783783783784,-0.2432432432432432,0.5,-0.1216216216216216,False,False,True,False,0.08581081081081085
LONG,1,80-100,1.5,8900,10.0,5.0,2.0,10,0.2857303370786517,-0.1428089887640449,0.3333333333333333,-0.04760299625468162,False,False,True,False,0.08574157303370789
SHORT,0,60-80,3.5,119,20.0,10.0,2.0,10,0.2857142857142857,-0.1428571428571429,0.3333333333333333,-0.047619047619047616,False,False,True,False,0.08571428571428569
SHORT,0,60-80,3.5,119,20.0,10.0,2.0,20,0.2857142857142857,-0.1428571428571429,0.3333333333333333,-0.047619047619047616,False,False,True,False,0.08571428571428569
SHORT,0,60-80,3.5,119,20.0,10.0,2.0,30,0.2857142857142857,-0.1428571428571429,0.3333333333333333,-0.047619047619047616,False,False,True,False,0.08571428571428569
SHORT,0,60-80,3.5,119,20.0,10.0,2.0,60,0.2857142857142857,-0.1428571428571429,0.3333333333333333,-0.047619047619047616,False,False,True,False,0.08571428571428569
SHORT,0,60-80,3.5,119,20.0,10.0,2.0,120,0.2857142857142857,-0.1428571428571429,0.3333333333333333,-0.047619047619047616,False,False,True,False,0.08571428571428569
LONG,2,0-20,2.0,3836,5.0,5.0,1.0,20,0.3782586027111574,-0.24348279457768518,0.5,-0.12174139728884259,False,False,True,False,0.0856491136600625
SHORT,0,20-40,1.5,10677,15.0,10.0,1.5,20,0.3249039992507259,-0.1877400018731853,0.4,-0.07509600074927414,False,False,True,False,0.08547859885735698
SHORT,1,60-80,3.0,351,15.0,10.0,1.5,60,0.3247863247863248,-0.18803418803418803,0.4,-0.07521367521367522,False,False,True,False,0.08529914529914531
LONG,1,0-20,2.0,3468,10.0,5.0,2.0,20,0.2854671280276816,-0.14359861591695522,0.3333333333333333,-0.04786620530565172,False,False,True,False,0.0852941176470587
SHORT,2,0-20,2.0,3332,10.0,5.0,2.0,60,0.2854141656662665,-0.1437575030012005,0.3333333333333333,-0.04791916766706683,False,False,True,False,0.08520408163265304
LONG,1,0-20,3.0,452,20.0,10.0,2.0,10,0.2853982300884956,-0.14380530973451322,0.3333333333333333,-0.04793510324483774,False,False,True,False,0.0851769911504425
SHORT,1,80-100,1.5,8389,30.0,15.0,2.0,30,0.2853737036595541,-0.14387888902133772,0.3333333333333333,-0.0479596296737792,False,False,True,False,0.08513529622124197
SHORT,2,0-20,2.5,1276,5.0,5.0,1.0,10,0.3777429467084639,-0.2445141065830722,0.5,-0.12225705329153608,False,False,True,False,0.08495297805642628
LONG,2,20-40,1.5,5263,20.0,10.0,2.0,30,0.2851985559566787,-0.14440433212996384,0.3333333333333333,-0.048134777376654614,False,False,True,False,0.08483754512635383
LONG,2,0-20,2.0,3836,10.0,5.0,2.0,60,0.2851929092805005,-0.14442127215849843,0.3333333333333333,-0.04814042405283281,False,False,True,False,0.08482794577685089
LONG,1,0-20,2.5,1369,5.0,5.0,1.0,10,0.3776479181884587,-0.24470416362308262,0.5,-0.12235208181154128,False,False,True,False,0.08482468955441926
SHORT,1,0-20,2.0,2700,20.0,10.0,2.0,30,0.2851851851851852,-0.14444444444444438,0.3333333333333333,-0.04814814814814811,False,False,True,False,0.08481481481481487
SHORT,0,60-80,2.5,1017,20.0,10.0,2.0,120,0.2851524090462143,-0.14454277286135708,0.3333333333333333,-0.04818092428711901,False,False,True,False,0.08475909537856431
SHORT,2,20-40,2.5,943,5.0,5.0,1.0,20,0.3775185577942735,-0.24496288441145303,0.5,-0.12248144220572649,False,False,True,False,0.08465005302226923
LONG,0,60-80,2.5,1112,10.0,5.0,2.0,120,0.2850719424460431,-0.1447841726618707,0.3333333333333333,-0.0482613908872902,False,False,True,False,0.08462230215827328
SHORT,1,60-80,2.0,2611,20.0,10.0,2.0,30,0.2849482956721562,-0.14515511298353145,0.3333333333333333,-0.04838503766117713,False,False,True,False,0.08441210264266552
SHORT,2,80-100,2.5,730,10.0,5.0,2.0,10,0.284931506849315,-0.14520547945205498,0.3333333333333333,-0.04840182648401831,False,False,True,False,0.08438356164383552
LONG,1,0-20,3.5,172,10.0,5.0,2.0,10,0.2848837209302325,-0.14534883720930247,0.3333333333333333,-0.048449612403100806,False,False,True,False,0.08430232558139528
LONG,1,80-100,2.5,1492,20.0,10.0,2.0,10,0.2848525469168901,-0.1454423592493297,0.3333333333333333,-0.04848078641644321,False,False,True,False,0.08424932975871319
SHORT,0,80-100,2.0,3644,20.0,10.0,2.0,20,0.2848518111964874,-0.14544456641053782,0.3333333333333333,-0.04848152213684592,False,False,True,False,0.08424807903402858
SHORT,1,40-60,3.5,108,15.0,10.0,1.5,20,0.324074074074074,-0.189814814814815,0.4,-0.07592592592592601,False,False,True,False,0.08421296296296286
SHORT,1,0-20,2.0,2700,10.0,5.0,2.0,20,0.2848148148148148,-0.14555555555555555,0.3333333333333333,-0.048518518518518516,False,False,True,False,0.0841851851851852
SHORT,0,80-100,2.5,899,20.0,10.0,2.0,20,0.2847608453837597,-0.14571746384872097,0.3333333333333333,-0.04857248794957364,False,False,True,False,0.08409343715239144
SHORT,2,0-20,1.5,7338,5.0,5.0,1.0,10,0.3770782229490324,-0.2458435541019352,0.5,-0.12292177705096757,False,False,True,False,0.08405560098119376
SHORT,1,0-20,3.0,352,15.0,10.0,1.5,10,0.3238636363636363,-0.19034090909090928,0.4,-0.07613636363636372,False,False,True,False,0.08389204545454536
SHORT,2,40-60,1.5,4669,15.0,10.0,1.5,20,0.3238380809595202,-0.19040479760119944,0.4,-0.07616191904047981,False,False,True,False,0.08385307346326834
LONG,2,40-60,2.0,2572,10.0,5.0,2.0,20,0.2846034214618974,-0.14618973561430793,0.3333333333333333,-0.04872991187143594,False,False,True,False,0.08382581648522552
LONG,0,40-60,3.0,199,5.0,5.0,1.0,30,0.3768844221105528,-0.24623115577889448,0.5,-0.12311557788944721,False,False,True,False,0.08379396984924625
LONG,0,40-60,3.0,199,5.0,5.0,1.0,60,0.3768844221105528,-0.24623115577889448,0.5,-0.12311557788944721,False,False,True,False,0.08379396984924625
LONG,0,40-60,3.0,199,5.0,5.0,1.0,120,0.3768844221105528,-0.24623115577889448,0.5,-0.12311557788944721,False,False,True,False,0.08379396984924625
SHORT,2,40-60,3.5,139,15.0,10.0,1.5,10,0.3237410071942446,-0.19064748201438853,0.4,-0.07625899280575543,False,False,True,False,0.083705035971223
SHORT,2,40-60,3.5,139,15.0,10.0,1.5,20,0.3237410071942446,-0.19064748201438853,0.4,-0.07625899280575543,False,False,True,False,0.083705035971223
LONG,0,80-100,3.5,116,30.0,15.0,2.0,30,0.2844827586206896,-0.14655172413793116,0.3333333333333333,-0.0488505747126437,False,False,True,False,0.08362068965517236
SHORT,1,20-40,2.0,2110,10.0,5.0,2.0,10,0.2843601895734597,-0.14691943127962082,0.3333333333333333,-0.048973143759873605,False,False,True,False,0.08341232227488155
SHORT,0,0-20,1.5,13687,30.0,15.0,2.0,60,0.2843574194491123,-0.1469277416526631,0.3333333333333333,-0.04897591388422101,False,False,True,False,0.08340761306349093
SHORT,0,0-20,2.5,1034,20.0,10.0,2.0,60,0.2843326885880077,-0.14700193423597685,0.3333333333333333,-0.04900064474532562,False,False,True,False,0.08336557059961311
SHORT,2,40-60,2.5,823,10.0,5.0,2.0,20,0.284325637910085,-0.14702308626974492,0.3333333333333333,-0.04900769542324829,False,False,True,False,0.08335358444714454
LONG,0,0-20,2.5,1085,15.0,10.0,1.5,20,0.3235023041474654,-0.19124423963133652,0.4,-0.07649769585253463,False,False,True,False,0.08334101382488472
SHORT,1,80-100,4.0,102,30.0,15.0,2.0,10,0.284313725490196,-0.14705882352941202,0.3333333333333333,-0.0490196078431373,False,False,True,False,0.0833333333333332
LONG,2,20-40,2.0,2529,30.0,15.0,2.0,60,0.284302095689996,-0.14709371293001205,0.3333333333333333,-0.04903123764333733,False,False,True,False,0.08331356267299317
SHORT,2,60-80,3.0,285,30.0,15.0,2.0,120,0.2842105263157894,-0.1473684210526317,0.3333333333333333,-0.0491228070175439,False,False,True,False,0.08315789473684204
SHORT,2,60-80,2.5,869,15.0,10.0,1.5,20,0.3233601841196778,-0.19159953970080545,0.4,-0.0766398158803222,False,False,True,False,0.08312428078250868
SHORT,0,40-60,2.0,3424,20.0,10.0,2.0,30,0.2841705607476635,-0.14748831775700955,0.3333333333333333,-0.04916277258566981,False,False,True,False,0.08308995327102794
LONG,1,0-20,2.5,1369,10.0,5.0,2.0,30,0.2841490138787436,-0.14755295836376925,0.3333333333333333,-0.04918431945458973,False,False,True,False,0.08305332359386411
SHORT,1,80-100,2.0,3453,10.0,5.0,2.0,20,0.2841007819287576,-0.14769765421372727,0.3333333333333333,-0.04923255140457572,False,False,True,False,0.0829713292788879
LONG,2,0-20,2.5,1584,20.0,10.0,2.0,30,0.2840909090909091,-0.1477272727272726,0.3333333333333333,-0.0492424242424242,False,False,True,False,0.08295454545454552
LONG,2,0-20,2.5,1584,10.0,5.0,2.0,120,0.2840909090909091,-0.1477272727272726,0.3333333333333333,-0.0492424242424242,False,False,True,False,0.08295454545454552
SHORT,0,40-60,1.5,10374,20.0,10.0,2.0,30,0.2840755735492578,-0.14777327935222673,0.3333333333333333,-0.04925775978407554,False,False,True,False,0.08292847503373821
SHORT,2,80-100,3.0,218,5.0,5.0,1.0,10,0.3761467889908257,-0.24770642201834864,0.5,-0.12385321100917429,False,False,True,False,0.08279816513761469
SHORT,1,40-60,2.5,686,5.0,5.0,1.0,10,0.3760932944606414,-0.24781341107871718,0.5,-0.12390670553935862,False,False,True,False,0.08272594752186589
LONG,2,40-60,2.5,965,10.0,5.0,2.0,30,0.2839378238341969,-0.1481865284974092,0.3333333333333333,-0.0493955094991364,False,False,True,False,0.08269430051813477
LONG,1,80-100,1.5,8900,5.0,5.0,1.0,10,0.3760674157303371,-0.24786516853932583,0.5,-0.12393258426966292,False,False,True,False,0.08269101123595507
SHORT,2,20-40,2.0,2575,10.0,5.0,2.0,60,0.283883495145631,-0.14834951456310697,0.3333333333333333,-0.04944983818770232,False,False,True,False,0.08260194174757271
LONG,2,40-60,2.0,2572,20.0,10.0,2.0,30,0.2838258164852255,-0.14852255054432362,0.3333333333333333,-0.049507516848107835,False,False,True,False,0.0825038880248833
SHORT,0,0-20,3.0,222,30.0,15.0,2.0,120,0.2837837837837837,-0.1486486486486488,0.3333333333333333,-0.0495495495495496,False,False,True,False,0.08243243243243234
LONG,2,20-40,2.5,1030,5.0,5.0,1.0,60,0.3757281553398058,-0.24854368932038845,0.5,-0.1242718446601942,False,False,True,False,0.08223300970873783
LONG,2,20-40,2.5,1030,5.0,5.0,1.0,120,0.3757281553398058,-0.24854368932038845,0.5,-0.1242718446601942,False,False,True,False,0.08223300970873783
SHORT,0,20-40,1.5,10677,20.0,10.0,2.0,30,0.2836002622459492,-0.14919921326215235,0.3333333333333333,-0.04973307108738412,False,False,True,False,0.08212044581811367
SHORT,0,40-60,1.5,10374,30.0,15.0,2.0,60,0.283593599383073,-0.14921920185078108,0.3333333333333333,-0.04973973395026032,False,False,True,False,0.08210911895122408
LONG,2,0-20,1.5,7797,5.0,5.0,1.0,10,0.3755290496344748,-0.24894190073105044,0.5,-0.12447095036552519,False,False,True,False,0.08196421700654098
LONG,2,20-40,2.5,1030,10.0,5.0,2.0,60,0.283495145631068,-0.14951456310679612,0.3333333333333333,-0.049838187702265335,False,False,True,False,0.08194174757281555
LONG,2,20-40,2.5,1030,10.0,5.0,2.0,120,0.283495145631068,-0.14951456310679612,0.3333333333333333,-0.049838187702265335,False,False,True,False,0.08194174757281555
SHORT,1,0-20,2.5,930,15.0,10.0,1.5,10,0.3225806451612903,-0.19354838709677424,0.4,-0.07741935483870971,False,False,True,False,0.08193548387096773
SHORT,2,20-40,3.0,341,15.0,10.0,1.5,30,0.3225806451612903,-0.19354838709677424,0.4,-0.07741935483870971,False,False,True,False,0.08193548387096773
LONG,0,0-20,3.0,253,5.0,5.0,1.0,10,0.375494071146245,-0.24901185770751,0.5,-0.124505928853755,False,False,True,False,0.08191699604743076
LONG,1,60-80,3.5,127,10.0,5.0,2.0,20,0.2834645669291338,-0.1496062992125986,0.3333333333333333,-0.049868766404199516,False,False,True,False,0.08188976377952747
LONG,1,60-80,3.5,127,10.0,5.0,2.0,30,0.2834645669291338,-0.1496062992125986,0.3333333333333333,-0.049868766404199516,False,False,True,False,0.08188976377952747
LONG,1,60-80,3.5,127,30.0,15.0,2.0,30,0.2834645669291338,-0.1496062992125986,0.3333333333333333,-0.049868766404199516,False,False,True,False,0.08188976377952747
LONG,1,60-80,3.5,127,10.0,5.0,2.0,60,0.2834645669291338,-0.1496062992125986,0.3333333333333333,-0.049868766404199516,False,False,True,False,0.08188976377952747
LONG,1,60-80,3.5,127,10.0,5.0,2.0,120,0.2834645669291338,-0.1496062992125986,0.3333333333333333,-0.049868766404199516,False,False,True,False,0.08188976377952747
SHORT,2,60-80,1.5,5420,15.0,10.0,1.5,20,0.3225092250922509,-0.1937269372693728,0.4,-0.07749077490774914,False,False,True,False,0.0818265682656826
LONG,2,40-60,1.5,5279,10.0,5.0,2.0,20,0.283387005114605,-0.14983898465618495,0.3333333333333333,-0.0499463282187283,False,False,True,False,0.08175790869482855
SHORT,1,40-60,2.0,2038,15.0,10.0,1.5,10,0.3223748773307164,-0.19406280667320897,0.4,-0.07762512266928362,False,False,True,False,0.08162168792934253
LONG,2,0-20,3.5,233,30.0,15.0,2.0,120,0.2832618025751073,-0.15021459227467815,0.3333333333333333,-0.05007153075822601,False,False,True,False,0.0815450643776824
SHORT,2,80-100,2.0,2189,10.0,5.0,2.0,10,0.2832343535861124,-0.15029693924166287,0.3333333333333333,-0.05009897974722094,False,False,True,False,0.08149840109639105
LONG,2,40-60,2.5,965,20.0,10.0,2.0,30,0.282901554404145,-0.15129533678756502,0.3333333333333333,-0.05043177892918832,False,False,True,False,0.0809326424870465
SHORT,0,60-80,3.0,292,15.0,10.0,1.5,30,0.3219178082191781,-0.1952054794520548,0.4,-0.07808219178082193,False,False,True,False,0.08092465753424659
LONG,2,0-20,3.5,233,15.0,10.0,1.5,10,0.3218884120171674,-0.1952789699570815,0.4,-0.07811158798283263,False,False,True,False,0.08087982832618028
SHORT,0,80-100,3.0,251,10.0,5.0,2.0,10,0.2828685258964143,-0.15139442231075706,0.3333333333333333,-0.050464807436919,False,False,True,False,0.08087649402390434
LONG,2,80-100,2.5,944,30.0,15.0,2.0,60,0.2828389830508475,-0.1514830508474575,0.3333333333333333,-0.050494350282485834,False,False,True,False,0.08082627118644076
SHORT,2,40-60,2.0,2119,15.0,10.0,1.5,20,0.3218499292118924,-0.19537517697026896,0.4,-0.0781500707881076,False,False,True,False,0.08082114204813595
SHORT,1,40-60,2.5,686,20.0,10.0,2.0,20,0.282798833819242,-0.15160349854227406,0.3333333333333333,-0.050534499514091336,False,False,True,False,0.08075801749271137
SHORT,2,0-20,3.5,244,30.0,15.0,2.0,60,0.2827868852459016,-0.15163934426229508,0.3333333333333333,-0.050546448087431695,False,False,True,False,0.08073770491803277
SHORT,2,0-20,3.0,481,30.0,15.0,2.0,120,0.2827442827442827,-0.15176715176715183,0.3333333333333333,-0.05058905058905061,False,False,True,False,0.08066528066528063
SHORT,0,80-100,3.0,251,5.0,5.0,1.0,10,0.3745019920318725,-0.250996015936255,0.5,-0.1254980079681275,False,False,True,False,0.0805776892430279
LONG,1,0-20,2.5,1369,10.0,5.0,2.0,20,0.2826880934989043,-0.15193571950328721,0.3333333333333333,-0.050645239834429034,False,False,True,False,0.08056975894813725
LONG,2,40-60,3.5,138,30.0,15.0,2.0,30,0.2826086956521739,-0.15217391304347838,0.3333333333333333,-0.050724637681159424,False,False,True,False,0.0804347826086956
LONG,1,0-20,2.0,3468,20.0,10.0,2.0,20,0.2825836216839677,-0.1522491349480969,0.3333333333333333,-0.05074971164936559,False,False,True,False,0.08039215686274512
SHORT,0,40-60,2.5,814,10.0,5.0,2.0,30,0.2825552825552825,-0.15233415233415248,0.3333333333333333,-0.05077805077805081,False,False,True,False,0.08034398034398027
SHORT,0,40-60,2.5,814,30.0,15.0,2.0,30,0.2825552825552825,-0.15233415233415248,0.3333333333333333,-0.05077805077805081,False,False,True,False,0.08034398034398027
LONG,1,40-60,3.0,347,10.0,5.0,2.0,60,0.2824207492795389,-0.1527377521613832,0.3333333333333333,-0.050912584053794396,False,False,True,False,0.08011527377521618
LONG,1,40-60,3.0,347,10.0,5.0,2.0,120,0.2824207492795389,-0.1527377521613832,0.3333333333333333,-0.050912584053794396,False,False,True,False,0.08011527377521618
LONG,0,60-80,2.5,1112,10.0,5.0,2.0,60,0.2823741007194245,-0.15287769784172656,0.3333333333333333,-0.050959232613908834,False,False,True,False,0.08003597122302163
LONG,2,40-60,1.5,5279,20.0,10.0,2.0,30,0.2822504262170865,-0.15324872134874046,0.3333333333333333,-0.0510829071162468,False,False,True,False,0.07982572456904707
SHORT,0,60-80,2.5,1017,20.0,10.0,2.0,60,0.2822025565388397,-0.15339233038348088,0.3333333333333333,-0.051130776794493626,False,False,True,False,0.0797443461160275
SHORT,1,80-100,1.5,8389,10.0,5.0,2.0,10,0.2821552032423411,-0.15353439027297666,0.3333333333333333,-0.0511781300909922,False,False,True,False,0.0796638455119799
LONG,0,0-20,2.5,1085,20.0,10.0,2.0,60,0.2820276497695853,-0.15391705069124417,0.3333333333333333,-0.05130568356374804,False,False,True,False,0.07944700460829499
LONG,1,0-20,2.0,3468,15.0,10.0,1.5,10,0.3209342560553633,-0.19766435986159175,0.4,-0.07906574394463672,False,False,True,False,0.07942474048442903
LONG,1,0-20,2.0,3468,30.0,15.0,2.0,60,0.2820069204152249,-0.1539792387543253,0.3333333333333333,-0.05132641291810841,False,False,True,False,0.07941176470588235
LONG,0,80-100,2.5,922,20.0,10.0,2.0,10,0.281995661605206,-0.15401301518438204,0.3333333333333333,-0.05133767172812731,False,False,True,False,0.0793926247288502
SHORT,0,20-40,2.5,784,10.0,5.0,2.0,10,0.2818877551020408,-0.15433673469387765,0.3333333333333333,-0.05144557823129253,False,False,True,False,0.07920918367346934
SHORT,2,20-40,2.0,2575,15.0,10.0,1.5,30,0.3207766990291262,-0.1980582524271845,0.4,-0.07922330097087382,False,False,True,False,0.07918446601941746
SHORT,1,40-60,2.5,686,15.0,10.0,1.5,10,0.3206997084548105,-0.1982507288629738,0.4,-0.07930029154518953,False,False,True,False,0.07906705539358601
LONG,0,20-40,1.5,8519,15.0,10.0,1.5,10,0.3205775325742458,-0.19855616856438546,0.4,-0.0794224674257542,False,False,True,False,0.07888073717572487
LONG,1,80-100,3.5,213,30.0,15.0,2.0,20,0.2816901408450704,-0.15492957746478886,0.3333333333333333,-0.051643192488262935,False,False,True,False,0.07887323943661965
SHORT,1,20-40,2.5,703,20.0,10.0,2.0,20,0.2816500711237553,-0.15504978662873414,0.3333333333333333,-0.05168326220957803,False,False,True,False,0.078805120910384
SHORT,2,40-60,1.5,4669,30.0,15.0,2.0,60,0.2816448918397944,-0.15506532448061672,0.3333333333333333,-0.051688441493538906,False,False,True,False,0.07879631612765053
LONG,0,20-40,2.5,877,30.0,15.0,2.0,30,0.2816419612314709,-0.15507411630558732,0.3333333333333333,-0.05169137210186242,False,False,True,False,0.07879133409350053
LONG,0,60-80,3.0,312,15.0,10.0,1.5,20,0.3205128205128205,-0.1987179487179488,0.4,-0.07948717948717954,False,False,True,False,0.07878205128205125
LONG,1,20-40,2.5,946,5.0,5.0,1.0,60,0.3731501057082452,-0.25369978858350967,0.5,-0.1268498942917548,False,False,True,False,0.078752642706131
LONG,1,20-40,2.5,946,5.0,5.0,1.0,120,0.3731501057082452,-0.25369978858350967,0.5,-0.1268498942917548,False,False,True,False,0.078752642706131
SHORT,1,60-80,3.5,174,20.0,10.0,2.0,120,0.2816091954022988,-0.15517241379310365,0.3333333333333333,-0.05172413793103453,False,False,True,False,0.07873563218390794
SHORT,0,0-20,2.0,4503,20.0,10.0,2.0,30,0.2815900510770597,-0.1552298467688209,0.3333333333333333,-0.051743282256273615,False,False,True,False,0.07870308683100148
LONG,2,0-20,2.5,1584,10.0,5.0,2.0,60,0.2815656565656566,-0.15530303030303028,0.3333333333333333,-0.05176767676767674,False,False,True,False,0.07866161616161617
SHORT,2,80-100,3.5,103,30.0,15.0,2.0,30,0.2815533980582524,-0.15533980582524276,0.3333333333333333,-0.0517799352750809,False,False,True,False,0.0786407766990291
LONG,1,80-100,3.0,547,30.0,15.0,2.0,30,0.2815356489945155,-0.15539305301645345,0.3333333333333333,-0.05179768433881782,False,False,True,False,0.07861060329067636
SHORT,2,80-100,3.5,103,15.0,10.0,1.5,20,0.3203883495145631,-0.1990291262135923,0.4,-0.07961165048543695,False,False,True,False,0.07859223300970869
SHORT,2,20-40,3.5,153,15.0,10.0,1.5,20,0.3202614379084967,-0.19934640522875824,0.4,-0.07973856209150332,False,False,True,False,0.07839869281045748
SHORT,1,80-100,3.5,199,30.0,15.0,2.0,10,0.2814070351758794,-0.15577889447236182,0.3333333333333333,-0.05192629815745392,False,False,True,False,0.07839195979899498
SHORT,2,80-100,1.5,4737,15.0,10.0,1.5,20,0.320244880726198,-0.19938779818450503,0.4,-0.07975511927380202,False,False,True,False,0.07837344310745195
SHORT,1,60-80,2.5,920,5.0,5.0,1.0,60,0.3728260869565217,-0.25434782608695666,0.5,-0.1271739130434783,False,False,True,False,0.07831521739130427
SHORT,1,60-80,2.5,920,5.0,5.0,1.0,120,0.3728260869565217,-0.25434782608695666,0.5,-0.1271739130434783,False,False,True,False,0.07831521739130427
LONG,2,20-40,2.5,1030,5.0,5.0,1.0,30,0.3728155339805825,-0.254368932038835,0.5,-0.12718446601941752,False,False,True,False,0.07830097087378637
SHORT,1,80-100,3.0,431,15.0,10.0,1.5,10,0.3201856148491879,-0.19953596287703024,0.4,-0.07981438515081213,False,False,True,False,0.07828306264501154
SHORT,0,40-60,2.5,814,10.0,5.0,2.0,20,0.2813267813267813,-0.15601965601965617,0.3333333333333333,-0.05200655200655202,False,False,True,False,0.07825552825552819
LONG,0,0-20,3.0,253,15.0,10.0,1.5,30,0.3201581027667984,-0.19960474308300402,0.4,-0.07984189723320162,False,False,True,False,0.07824110671936756
SHORT,2,40-60,2.0,2119,20.0,10.0,2.0,30,0.2812647475224162,-0.15620575743275145,0.3333333333333333,-0.05206858581091711,False,False,True,False,0.07815007078810754
LONG,0,80-100,3.0,256,30.0,15.0,2.0,20,0.28125,-0.15625,0.3333333333333333,-0.052083333333333315,False,False,True,False,0.078125
SHORT,0,60-80,2.5,1017,5.0,5.0,1.0,10,0.3726647000983284,-0.25467059980334317,0.5,-0.12733529990167158,False,False,True,False,0.07809734513274337
SHORT,2,40-60,1.5,4669,20.0,10.0,2.0,30,0.2812165345898479,-0.15635039623045632,0.3333333333333333,-0.052116798743485404,False,False,True,False,0.07806810880274143
SHORT,1,40-60,2.0,2038,20.0,10.0,2.0,20,0.2811579980372914,-0.15652600588812582,0.3333333333333333,-0.0521753352960419,False,False,True,False,0.0779685966633954
SHORT,0,20-40,1.5,10677,10.0,5.0,2.0,10,0.281071462021167,-0.15678561393649904,0.3333333333333333,-0.05226187131216631,False,False,True,False,0.0778214854359839
LONG,1,0-20,1.5,7283,30.0,15.0,2.0,60,0.281065494988329,-0.156803515035013,0.3333333333333333,-0.052267838345004314,False,False,True,False,0.0778113414801593
LONG,2,0-20,2.0,3836,20.0,10.0,2.0,30,0.2810218978102189,-0.15693430656934326,0.3333333333333333,-0.0523114355231144,False,False,True,False,0.07773722627737216
SHORT,2,80-100,1.5,4737,20.0,10.0,2.0,30,0.280979522904792,-0.157061431285624,0.3333333333333333,-0.052353810428541314,False,False,True,False,0.07766518893814642
LONG,0,80-100,2.5,922,30.0,15.0,2.0,20,0.2809110629067245,-0.15726681127982645,0.3333333333333333,-0.0524222704266088,False,False,True,False,0.07754880694143168
SHORT,1,0-20,3.0,352,5.0,5.0,1.0,20,0.3721590909090909,-0.2556818181818183,0.5,-0.12784090909090912,False,False,True,False,0.07741477272727268
SHORT,1,0-20,3.0,352,5.0,5.0,1.0,30,0.3721590909090909,-0.2556818181818183,0.5,-0.12784090909090912,False,False,True,False,0.07741477272727268
SHORT,1,0-20,3.0,352,5.0,5.0,1.0,60,0.3721590909090909,-0.2556818181818183,0.5,-0.12784090909090912,False,False,True,False,0.07741477272727268
SHORT,1,0-20,3.0,352,5.0,5.0,1.0,120,0.3721590909090909,-0.2556818181818183,0.5,-0.12784090909090912,False,False,True,False,0.07741477272727268
LONG,2,40-60,2.5,965,10.0,5.0,2.0,20,0.2808290155440414,-0.15751295336787585,0.3333333333333333,-0.05250431778929193,False,False,True,False,0.07740932642487036
SHORT,2,80-100,2.5,730,20.0,10.0,2.0,30,0.2808219178082192,-0.15753424657534243,0.3333333333333333,-0.052511415525114125,False,False,True,False,0.07739726027397263
SHORT,0,60-80,3.0,292,30.0,15.0,2.0,60,0.2808219178082192,-0.15753424657534243,0.3333333333333333,-0.052511415525114125,False,False,True,False,0.07739726027397263
SHORT,0,60-80,3.0,292,30.0,15.0,2.0,120,0.2808219178082192,-0.15753424657534243,0.3333333333333333,-0.052511415525114125,False,False,True,False,0.07739726027397263
LONG,1,40-60,2.5,990,10.0,5.0,2.0,10,0.2808080808080808,-0.1575757575757576,0.3333333333333333,-0.05252525252525253,False,False,True,False,0.07737373737373737
LONG,1,20-40,2.5,946,5.0,5.0,1.0,30,0.3720930232558139,-0.25581395348837216,0.5,-0.1279069767441861,False,False,True,False,0.07732558139534877
LONG,2,20-40,2.0,2529,10.0,5.0,2.0,20,0.2807433768287861,-0.1577698695136417,0.3333333333333333,-0.05258995650454723,False,False,True,False,0.07726374060893636
LONG,2,0-20,3.0,598,15.0,10.0,1.5,20,0.3193979933110368,-0.201505016722408,0.4,-0.08060200668896322,False,False,True,False,0.07708193979933112
SHORT,0,40-60,1.5,10374,10.0,5.0,2.0,10,0.280605359552728,-0.15818392134181603,0.3333333333333333,-0.05272797378060534,False,False,True,False,0.07702911123963758
LONG,0,40-60,3.0,199,5.0,5.0,1.0,10,0.371859296482412,-0.256281407035176,0.5,-0.128140703517588,False,False,True,False,0.0770100502512562
LONG,0,40-60,3.0,199,5.0,5.0,1.0,20,0.371859296482412,-0.256281407035176,0.5,-0.128140703517588,False,False,True,False,0.0770100502512562
LONG,0,60-80,2.5,1112,10.0,5.0,2.0,20,0.2805755395683453,-0.15827338129496404,0.3333333333333333,-0.052757793764988015,False,False,True,False,0.07697841726618702
LONG,0,60-80,2.5,1112,10.0,5.0,2.0,30,0.2805755395683453,-0.15827338129496404,0.3333333333333333,-0.052757793764988015,False,False,True,False,0.07697841726618702
LONG,2,60-80,3.0,312,5.0,5.0,1.0,20,0.3717948717948718,-0.2564102564102564,0.5,-0.1282051282051282,False,False,True,False,0.07692307692307694
LONG,2,60-80,3.0,312,5.0,5.0,1.0,30,0.3717948717948718,-0.2564102564102564,0.5,-0.1282051282051282,False,False,True,False,0.07692307692307694
LONG,2,60-80,3.0,312,5.0,5.0,1.0,60,0.3717948717948718,-0.2564102564102564,0.5,-0.1282051282051282,False,False,True,False,0.07692307692307694
LONG,2,60-80,3.0,312,5.0,5.0,1.0,120,0.3717948717948718,-0.2564102564102564,0.5,-0.1282051282051282,False,False,True,False,0.07692307692307694
SHORT,1,60-80,2.5,920,5.0,5.0,1.0,20,0.3717391304347826,-0.2565217391304348,0.5,-0.12826086956521737,False,False,True,False,0.07684782608695653
SHORT,1,60-80,2.5,920,5.0,5.0,1.0,30,0.3717391304347826,-0.2565217391304348,0.5,-0.12826086956521737,False,False,True,False,0.07684782608695653
SHORT,2,60-80,2.5,869,5.0,5.0,1.0,10,0.3716915995397008,-0.2566168009205984,0.5,-0.12830840046029918,False,False,True,False,0.0767836593785961
SHORT,1,60-80,2.5,920,30.0,15.0,2.0,30,0.2804347826086956,-0.15869565217391324,0.3333333333333333,-0.05289855072463773,False,False,True,False,0.07673913043478249
SHORT,0,60-80,2.0,3855,20.0,10.0,2.0,30,0.2804150453955901,-0.15875486381322979,0.3333333333333333,-0.052918287937743225,False,False,True,False,0.07670557717250315
SHORT,1,60-80,3.0,351,15.0,10.0,1.5,20,0.3190883190883191,-0.20227920227920226,0.4,-0.08091168091168094,False,False,True,False,0.07660968660968662
SHORT,1,60-80,3.0,351,15.0,10.0,1.5,30,0.3190883190883191,-0.20227920227920226,0.4,-0.08091168091168094,False,False,True,False,0.07660968660968662
SHORT,1,20-40,1.5,5476,20.0,10.0,2.0,20,0.2803140978816654,-0.15905770635500383,0.3333333333333333,-0.05301923545166792,False,False,True,False,0.07653396639883116
LONG,1,60-80,2.0,2744,30.0,15.0,2.0,30,0.2802478134110787,-0.159256559766764,0.3333333333333333,-0.05308551992225463,False,False,True,False,0.07642128279883376
LONG,2,0-20,2.0,3836,10.0,5.0,2.0,30,0.2802398331595412,-0.15928050052137632,0.3333333333333333,-0.05309350017379211,False,False,True,False,0.07640771637122008
LONG,0,80-100,3.0,256,5.0,5.0,1.0,60,0.37109375,-0.2578125,0.5,-0.12890625,False,False,True,False,0.07597656250000001
LONG,0,80-100,3.0,256,5.0,5.0,1.0,120,0.37109375,-0.2578125,0.5,-0.12890625,False,False,True,False,0.07597656250000001
LONG,2,0-20,1.5,7797,20.0,10.0,2.0,30,0.2798512248300628,-0.16044632550981153,0.3333333333333333,-0.05348210850327051,False,False,True,False,0.07574708221110679
SHORT,0,60-80,3.0,292,15.0,10.0,1.5,20,0.3184931506849315,-0.20376712328767121,0.4,-0.08150684931506852,False,False,True,False,0.07570205479452055
SHORT,0,0-20,2.5,1034,15.0,10.0,1.5,30,0.3181818181818182,-0.20454545454545459,0.4,-0.08181818181818185,False,False,True,False,0.07522727272727271
LONG,1,40-60,3.0,347,10.0,5.0,2.0,30,0.2795389048991354,-0.16138328530259372,0.3333333333333333,-0.053794428434197905,False,False,True,False,0.07521613832853022
LONG,2,60-80,2.0,2483,20.0,10.0,2.0,30,0.2795006041079339,-0.16149818767619817,0.3333333333333333,-0.05383272922539939,False,False,True,False,0.0751510269834877
SHORT,2,0-20,2.0,3332,5.0,5.0,1.0,10,0.3703481392557022,-0.2593037214885956,0.5,-0.1296518607442978,False,False,True,False,0.07496998799519798
SHORT,2,20-40,1.5,5581,10.0,5.0,2.0,30,0.2793406199605805,-0.1619781401182584,0.3333333333333333,-0.0539927133727528,False,False,True,False,0.0748790539329869
SHORT,0,0-20,3.0,222,10.0,5.0,2.0,60,0.2792792792792792,-0.1621621621621624,0.3333333333333333,-0.05405405405405411,False,False,True,False,0.07477477477477464
SHORT,0,0-20,3.0,222,10.0,5.0,2.0,120,0.2792792792792792,-0.1621621621621624,0.3333333333333333,-0.05405405405405411,False,False,True,False,0.07477477477477464
LONG,2,80-100,3.5,111,20.0,10.0,2.0,10,0.2792792792792792,-0.1621621621621624,0.3333333333333333,-0.05405405405405411,False,False,True,False,0.07477477477477464
SHORT,2,0-20,1.5,7338,10.0,5.0,2.0,30,0.2792313982011447,-0.16230580539656592,0.3333333333333333,-0.05410193513218864,False,False,True,False,0.07469337694194597
SHORT,2,0-20,4.0,129,15.0,10.0,1.5,20,0.3178294573643411,-0.20542635658914726,0.4,-0.08217054263565893,False,False,True,False,0.07468992248062017
SHORT,2,0-20,4.0,129,15.0,10.0,1.5,30,0.3178294573643411,-0.20542635658914726,0.4,-0.08217054263565893,False,False,True,False,0.07468992248062017
LONG,2,0-20,1.5,7797,10.0,5.0,2.0,20,0.2792099525458509,-0.1623701423624473,0.3333333333333333,-0.05412338078748241,False,False,True,False,0.07465691932794655
SHORT,0,40-60,2.0,3424,10.0,5.0,2.0,10,0.2792056074766355,-0.16238317757009357,0.3333333333333333,-0.05412772585669784,False,False,True,False,0.07464953271028033
SHORT,1,60-80,3.0,351,20.0,10.0,2.0,60,0.2792022792022792,-0.16239316239316237,0.3333333333333333,-0.054131054131054124,False,False,True,False,0.07464387464387465
SHORT,0,80-100,2.5,899,30.0,15.0,2.0,30,0.2791991101223581,-0.1624026696329257,0.3333333333333333,-0.05413422321097522,False,False,True,False,0.07463848720800878
LONG,2,60-80,2.5,910,20.0,10.0,2.0,30,0.2791208791208791,-0.16263736263736284,0.3333333333333333,-0.05421245421245424,False,False,True,False,0.0745054945054944
LONG,1,20-40,2.5,946,5.0,5.0,1.0,10,0.3699788583509514,-0.26004228329809725,0.5,-0.1300211416490486,False,False,True,False,0.07447145877378437
LONG,1,20-40,2.5,946,5.0,5.0,1.0,20,0.3699788583509514,-0.26004228329809725,0.5,-0.1300211416490486,False,False,True,False,0.07447145877378437
LONG,1,0-20,3.5,172,30.0,15.0,2.0,20,0.2790697674418604,-0.16279069767441878,0.3333333333333333,-0.05426356589147291,False,False,True,False,0.0744186046511627
LONG,1,0-20,3.5,172,30.0,15.0,2.0,30,0.2790697674418604,-0.16279069767441878,0.3333333333333333,-0.05426356589147291,False,False,True,False,0.0744186046511627
LONG,0,0-20,2.0,4136,20.0,10.0,2.0,30,0.2790135396518375,-0.16295938104448748,0.3333333333333333,-0.05431979368149581,False,False,True,False,0.07432301740812378
SHORT,1,0-20,1.5,7041,10.0,5.0,2.0,20,0.2789376509018605,-0.16318704729441846,0.3333333333333333,-0.0543956824314728,False,False,True,False,0.07419400653316288
SHORT,2,20-40,2.5,943,20.0,10.0,2.0,60,0.2788971367974549,-0.16330858960763528,0.3333333333333333,-0.05443619653587839,False,False,True,False,0.07412513255567335
SHORT,0,80-100,3.0,251,30.0,15.0,2.0,30,0.2788844621513944,-0.1633466135458168,0.3333333333333333,-0.05444887118193892,False,False,True,False,0.07410358565737049
LONG,2,60-80,3.0,312,10.0,5.0,2.0,20,0.2788461538461538,-0.16346153846153866,0.3333333333333333,-0.054487179487179516,False,False,True,False,0.07403846153846144
LONG,2,60-80,3.0,312,20.0,10.0,2.0,20,0.2788461538461538,-0.16346153846153866,0.3333333333333333,-0.054487179487179516,False,False,True,False,0.07403846153846144
LONG,2,60-80,3.0,312,10.0,5.0,2.0,30,0.2788461538461538,-0.16346153846153866,0.3333333333333333,-0.054487179487179516,False,False,True,False,0.07403846153846144
LONG,2,60-80,3.0,312,10.0,5.0,2.0,60,0.2788461538461538,-0.16346153846153866,0.3333333333333333,-0.054487179487179516,False,False,True,False,0.07403846153846144
LONG,2,60-80,3.0,312,10.0,5.0,2.0,120,0.2788461538461538,-0.16346153846153866,0.3333333333333333,-0.054487179487179516,False,False,True,False,0.07403846153846144
LONG,2,80-100,3.0,305,20.0,10.0,2.0,30,0.2786885245901639,-0.16393442622950827,0.3333333333333333,-0.054644808743169404,False,False,True,False,0.07377049180327866
SHORT,2,0-20,3.5,244,20.0,10.0,2.0,60,0.2786885245901639,-0.16393442622950827,0.3333333333333333,-0.054644808743169404,False,False,True,False,0.07377049180327866
LONG,2,20-40,2.5,1030,10.0,5.0,2.0,30,0.2786407766990291,-0.16407766990291273,0.3333333333333333,-0.054692556634304224,False,False,True,False,0.07368932038834947
SHORT,2,20-40,3.0,341,20.0,10.0,2.0,30,0.2785923753665689,-0.16422287390029333,0.3333333333333333,-0.054740957966764425,False,False,True,False,0.07360703812316713
SHORT,1,0-20,3.0,352,5.0,5.0,1.0,10,0.3693181818181818,-0.2613636363636363,0.5,-0.13068181818181818,False,False,True,False,0.07357954545454548
LONG,1,60-80,2.5,1002,5.0,5.0,1.0,20,0.3692614770459081,-0.2614770459081837,0.5,-0.13073852295409188,False,False,True,False,0.07350299401197599
LONG,1,60-80,2.5,1002,5.0,5.0,1.0,30,0.3692614770459081,-0.2614770459081837,0.5,-0.13073852295409188,False,False,True,False,0.07350299401197599
LONG,1,60-80,2.5,1002,5.0,5.0,1.0,60,0.3692614770459081,-0.2614770459081837,0.5,-0.13073852295409188,False,False,True,False,0.07350299401197599
LONG,1,60-80,2.5,1002,5.0,5.0,1.0,120,0.3692614770459081,-0.2614770459081837,0.5,-0.13073852295409188,False,False,True,False,0.07350299401197599
SHORT,2,0-20,2.0,3332,10.0,5.0,2.0,30,0.2785114045618247,-0.1644657863145259,0.3333333333333333,-0.0548219287715086,False,False,True,False,0.073469387755102
SHORT,1,40-60,2.5,686,30.0,15.0,2.0,60,0.2784256559766764,-0.16472303206997074,0.3333333333333333,-0.054907677356656914,False,False,True,False,0.0733236151603499
LONG,0,0-20,2.5,1085,10.0,5.0,2.0,20,0.2783410138248848,-0.16497695852534566,0.3333333333333333,-0.05499231950844852,False,False,True,False,0.07317972350230414
LONG,2,20-40,2.5,1030,5.0,5.0,1.0,20,0.3689320388349514,-0.2621359223300972,0.5,-0.1310679611650486,False,False,True,False,0.0730582524271844
LONG,1,40-60,3.0,347,5.0,5.0,1.0,30,0.3688760806916426,-0.2622478386167147,0.5,-0.13112391930835737,False,False,True,False,0.07298270893371758
LONG,1,40-60,3.0,347,5.0,5.0,1.0,60,0.3688760806916426,-0.2622478386167147,0.5,-0.13112391930835737,False,False,True,False,0.07298270893371758
LONG,1,40-60,3.0,347,5.0,5.0,1.0,120,0.3688760806916426,-0.2622478386167147,0.5,-0.13112391930835737,False,False,True,False,0.07298270893371758
SHORT,2,60-80,3.5,133,30.0,15.0,2.0,60,0.2781954887218045,-0.16541353383458646,0.3333333333333333,-0.05513784461152882,False,False,True,False,0.07293233082706768
SHORT,2,60-80,3.5,133,30.0,15.0,2.0,120,0.2781954887218045,-0.16541353383458646,0.3333333333333333,-0.05513784461152882,False,False,True,False,0.07293233082706768
LONG,1,80-100,2.5,1492,5.0,5.0,1.0,120,0.3686327077747989,-0.26273458445040226,0.5,-0.1313672922252011,False,False,True,False,0.07265415549597849
SHORT,1,40-60,1.5,5231,10.0,5.0,2.0,10,0.2779583253679984,-0.1661250238960047,0.3333333333333333,-0.0553750079653349,False,False,True,False,0.07252915312559734
SHORT,1,60-80,2.5,920,5.0,5.0,1.0,10,0.3684782608695652,-0.26304347826086966,0.5,-0.1315217391304348,False,False,True,False,0.07244565217391301
LONG,2,0-20,2.5,1584,30.0,15.0,2.0,60,0.2777777777777778,-0.16666666666666663,0.3333333333333333,-0.055555555555555525,False,False,True,False,0.07222222222222224
LONG,0,0-20,3.0,253,15.0,10.0,1.5,20,0.3162055335968379,-0.20948616600790526,0.4,-0.08379446640316213,False,False,True,False,0.0722134387351778
SHORT,0,20-40,2.0,3371,10.0,5.0,2.0,10,0.2776624147137348,-0.1670127558587956,0.3333333333333333,-0.0556709186195985,False,False,True,False,0.07202610501334918
LONG,1,80-100,2.5,1492,5.0,5.0,1.0,20,0.3679624664879357,-0.2640750670241286,0.5,-0.13203753351206432,False,False,True,False,0.0717493297587132
LONG,1,80-100,2.5,1492,5.0,5.0,1.0,30,0.3679624664879357,-0.2640750670241286,0.5,-0.13203753351206432,False,False,True,False,0.0717493297587132
LONG,1,80-100,2.5,1492,5.0,5.0,1.0,60,0.3679624664879357,-0.2640750670241286,0.5,-0.13203753351206432,False,False,True,False,0.0717493297587132
SHORT,0,60-80,3.0,292,10.0,5.0,2.0,20,0.2773972602739726,-0.1678082191780822,0.3333333333333333,-0.055936073059360714,False,False,True,False,0.07157534246575342
SHORT,0,60-80,3.0,292,10.0,5.0,2.0,30,0.2773972602739726,-0.1678082191780822,0.3333333333333333,-0.055936073059360714,False,False,True,False,0.07157534246575342
SHORT,0,60-80,3.0,292,10.0,5.0,2.0,60,0.2773972602739726,-0.1678082191780822,0.3333333333333333,-0.055936073059360714,False,False,True,False,0.07157534246575342
SHORT,0,60-80,3.0,292,10.0,5.0,2.0,120,0.2773972602739726,-0.1678082191780822,0.3333333333333333,-0.055936073059360714,False,False,True,False,0.07157534246575342
SHORT,0,60-80,2.5,1017,20.0,10.0,2.0,30,0.2772861356932153,-0.16814159292035413,0.3333333333333333,-0.05604719764011801,False,False,True,False,0.071386430678466
SHORT,1,40-60,2.0,2038,10.0,5.0,2.0,10,0.2772325809617272,-0.1683022571148184,0.3333333333333333,-0.05610075237160611,False,False,True,False,0.07129538763493626
SHORT,2,40-60,3.0,282,15.0,10.0,1.5,20,0.3156028368794326,-0.21099290780141855,0.4,-0.08439716312056744,False,False,True,False,0.07129432624113469
SHORT,2,0-20,3.5,244,15.0,10.0,1.5,20,0.3155737704918033,-0.21106557377049173,0.4,-0.08442622950819673,False,False,True,False,0.07125000000000004
LONG,2,0-20,2.0,3836,5.0,5.0,1.0,10,0.367570385818561,-0.26485922836287795,0.5,-0.132429614181439,False,False,True,False,0.07122002085505738
SHORT,1,60-80,2.5,920,20.0,10.0,2.0,30,0.2771739130434782,-0.1684782608695653,0.3333333333333333,-0.0561594202898551,False,False,True,False,0.07119565217391298
LONG,0,60-80,1.5,9666,30.0,15.0,2.0,30,0.2771570453134699,-0.16852886405959022,0.3333333333333333,-0.05617628801986341,False,False,True,False,0.07116697703289886
LONG,2,60-80,1.5,5060,20.0,10.0,2.0,30,0.2770750988142292,-0.1687747035573124,0.3333333333333333,-0.05625823451910411,False,False,True,False,0.07102766798418966
LONG,0,0-20,1.5,11227,10.0,5.0,2.0,10,0.277010777589739,-0.16896766723078294,0.3333333333333333,-0.056322555743594294,False,False,True,False,0.07091832190255633
SHORT,0,0-20,3.0,222,15.0,10.0,1.5,60,0.3153153153153153,-0.21171171171171171,0.4,-0.08468468468468471,False,False,True,False,0.07085585585585585
LONG,1,80-100,2.5,1492,5.0,5.0,1.0,10,0.3672922252010724,-0.2654155495978552,0.5,-0.1327077747989276,False,False,True,False,0.07084450402144776
LONG,1,0-20,3.0,452,5.0,5.0,1.0,30,0.3672566371681416,-0.2654867256637168,0.5,-0.1327433628318584,False,False,True,False,0.07079646017699118
LONG,1,0-20,3.0,452,5.0,5.0,1.0,60,0.3672566371681416,-0.2654867256637168,0.5,-0.1327433628318584,False,False,True,False,0.07079646017699118
LONG,1,0-20,3.0,452,5.0,5.0,1.0,120,0.3672566371681416,-0.2654867256637168,0.5,-0.1327433628318584,False,False,True,False,0.07079646017699118
LONG,2,60-80,2.5,910,30.0,15.0,2.0,60,0.2769230769230769,-0.1692307692307694,0.3333333333333333,-0.05641025641025643,False,False,True,False,0.0707692307692307
SHORT,1,40-60,3.0,260,20.0,10.0,2.0,10,0.2769230769230769,-0.1692307692307694,0.3333333333333333,-0.05641025641025643,False,False,True,False,0.0707692307692307
SHORT,2,60-80,2.0,2499,20.0,10.0,2.0,30,0.2769107643057223,-0.16926770708283312,0.3333333333333333,-0.056422569027611,False,False,True,False,0.07074829931972793
LONG,2,80-100,3.0,305,5.0,5.0,1.0,60,0.3672131147540983,-0.2655737704918035,0.5,-0.1327868852459017,False,False,True,False,0.07073770491803268
LONG,2,80-100,3.0,305,5.0,5.0,1.0,120,0.3672131147540983,-0.2655737704918035,0.5,-0.1327868852459017,False,False,True,False,0.07073770491803268
LONG,1,60-80,1.5,6118,30.0,15.0,2.0,30,0.2768878718535469,-0.16933638443935928,0.3333333333333333,-0.05644546147978641,False,False,True,False,0.07070938215102976
LONG,0,80-100,3.0,256,5.0,5.0,1.0,20,0.3671875,-0.265625,0.5,-0.1328125,False,False,True,False,0.070703125
LONG,0,80-100,3.0,256,5.0,5.0,1.0,30,0.3671875,-0.265625,0.5,-0.1328125,False,False,True,False,0.070703125
LONG,2,20-40,2.0,2529,20.0,10.0,2.0,30,0.276789244760775,-0.1696322657176751,0.3333333333333333,-0.056544088572558326,False,False,True,False,0.07054171609331747
SHORT,0,60-80,2.0,3855,10.0,5.0,2.0,10,0.2767833981841764,-0.16964980544747077,0.3333333333333333,-0.056549935149156905,False,False,True,False,0.0705317769130999
LONG,1,40-60,3.0,347,20.0,10.0,2.0,10,0.276657060518732,-0.17002881844380402,0.3333333333333333,-0.0566762728146013,False,False,True,False,0.0703170028818444
LONG,0,0-20,2.0,4136,30.0,15.0,2.0,60,0.2765957446808511,-0.17021276595744672,0.3333333333333333,-0.05673758865248224,False,False,True,False,0.07021276595744684
LONG,1,0-20,3.0,452,30.0,15.0,2.0,30,0.2765486725663716,-0.17035398230088517,0.3333333333333333,-0.0567846607669617,False,False,True,False,0.07013274336283175
SHORT,1,40-60,3.5,108,15.0,10.0,1.5,10,0.3148148148148148,-0.2129629629629629,0.4,-0.0851851851851852,False,False,True,False,0.07009259259259262
LONG,2,0-20,2.5,1584,10.0,5.0,2.0,30,0.2765151515151515,-0.17045454545454553,0.3333333333333333,-0.05681818181818182,False,False,True,False,0.07007575757575753
SHORT,2,40-60,1.5,4669,10.0,5.0,2.0,10,0.2765046048404369,-0.17048618547868932,0.3333333333333333,-0.05682872849289644,False,False,True,False,0.07005782822874271
LONG,2,80-100,2.5,944,20.0,10.0,2.0,30,0.2764830508474576,-0.17055084745762716,0.3333333333333333,-0.0568502824858757,False,False,True,False,0.07002118644067795
LONG,2,80-100,2.0,2308,15.0,10.0,1.5,20,0.3145580589254766,-0.21360485268630847,0.4,-0.08544194107452341,False,False,True,False,0.06970103986135184
SHORT,1,80-100,2.0,3453,10.0,5.0,2.0,10,0.2762814943527367,-0.17115551694178988,0.3333333333333333,-0.057051838980596625,False,False,True,False,0.06967854039965239
LONG,0,0-20,1.5,11227,20.0,10.0,2.0,30,0.2762091386835307,-0.1713725839494079,0.3333333333333333,-0.05712419464980262,False,False,True,False,0.06955553576200219
LONG,1,60-80,2.5,1002,5.0,5.0,1.0,10,0.3662674650698603,-0.2674650698602794,0.5,-0.1337325349301397,False,False,True,False,0.06946107784431141
LONG,1,0-20,2.5,1369,10.0,5.0,2.0,10,0.2761139517896274,-0.17165814463111784,0.3333333333333333,-0.05721938154370593,False,False,True,False,0.06939371804236658
LONG,0,60-80,2.5,1112,10.0,5.0,2.0,10,0.2760791366906475,-0.1717625899280576,0.3333333333333333,-0.05725419664268583,False,False,True,False,0.06933453237410071
LONG,1,20-40,2.0,2573,30.0,15.0,2.0,20,0.2759424795958026,-0.17217256121259228,0.3333333333333333,-0.05739085373753072,False,False,True,False,0.0691022153128644
LONG,1,40-60,3.0,347,5.0,5.0,1.0,20,0.3659942363112392,-0.26801152737752165,0.5,-0.13400576368876083,False,False,True,False,0.06909221902017289
LONG,2,60-80,3.0,312,15.0,10.0,1.5,10,0.3141025641025641,-0.21474358974358976,0.4,-0.08589743589743593,False,False,True,False,0.06900641025641026
LONG,2,20-40,3.0,348,20.0,10.0,2.0,30,0.2758620689655172,-0.1724137931034485,0.3333333333333333,-0.05747126436781613,False,False,True,False,0.0689655172413792
SHORT,1,60-80,3.5,174,20.0,10.0,2.0,60,0.2758620689655172,-0.1724137931034485,0.3333333333333333,-0.05747126436781613,False,False,True,False,0.0689655172413792
SHORT,1,80-100,2.5,1208,5.0,5.0,1.0,20,0.3658940397350993,-0.2682119205298013,0.5,-0.13410596026490068,False,False,True,False,0.0689569536423841
SHORT,1,80-100,2.5,1208,5.0,5.0,1.0,30,0.3658940397350993,-0.2682119205298013,0.5,-0.13410596026490068,False,False,True,False,0.0689569536423841
SHORT,1,80-100,2.5,1208,5.0,5.0,1.0,60,0.3658940397350993,-0.2682119205298013,0.5,-0.13410596026490068,False,False,True,False,0.0689569536423841
SHORT,1,80-100,2.5,1208,5.0,5.0,1.0,120,0.3658940397350993,-0.2682119205298013,0.5,-0.13410596026490068,False,False,True,False,0.0689569536423841
LONG,1,0-20,1.5,7283,20.0,10.0,2.0,20,0.2758478648908417,-0.17245640532747497,0.3333333333333333,-0.05748546844249164,False,False,True,False,0.06894137031443086
SHORT,2,20-40,2.5,943,30.0,15.0,2.0,60,0.2757158006362672,-0.17285259809119835,0.3333333333333333,-0.0576175326970661,False,False,True,False,0.06871686108165428
LONG,2,60-80,1.5,5060,30.0,15.0,2.0,60,0.2756916996047431,-0.17292490118577064,0.3333333333333333,-0.057641633728590214,False,False,True,False,0.0686758893280633
LONG,0,0-20,2.0,4136,10.0,5.0,2.0,10,0.2756286266924564,-0.17311411992263082,0.3333333333333333,-0.0577047066408769,False,False,True,False,0.06856866537717589
LONG,1,60-80,3.5,127,30.0,15.0,2.0,20,0.2755905511811024,-0.17322834645669294,0.3333333333333333,-0.05774278215223094,False,False,True,False,0.06850393700787402
SHORT,1,0-20,3.0,352,30.0,15.0,2.0,30,0.2755681818181818,-0.17329545454545447,0.3333333333333333,-0.05776515151515149,False,False,True,False,0.06846590909090912
SHORT,1,20-40,2.0,2110,15.0,10.0,1.5,10,0.3137440758293839,-0.21563981042654023,0.4,-0.08625592417061612,False,False,True,False,0.06845971563981046
SHORT,1,80-100,4.0,102,15.0,10.0,1.5,10,0.3137254901960784,-0.21568627450980393,0.4,-0.0862745098039216,False,False,True,False,0.06843137254901961
SHORT,1,80-100,4.0,102,15.0,10.0,1.5,20,0.3137254901960784,-0.21568627450980393,0.4,-0.0862745098039216,False,False,True,False,0.06843137254901961
SHORT,1,80-100,4.0,102,15.0,10.0,1.5,30,0.3137254901960784,-0.21568627450980393,0.4,-0.0862745098039216,False,False,True,False,0.06843137254901961
SHORT,1,80-100,4.0,102,15.0,10.0,1.5,60,0.3137254901960784,-0.21568627450980393,0.4,-0.0862745098039216,False,False,True,False,0.06843137254901961
SHORT,1,80-100,4.0,102,15.0,10.0,1.5,120,0.3137254901960784,-0.21568627450980393,0.4,-0.0862745098039216,False,False,True,False,0.06843137254901961
SHORT,1,40-60,2.5,686,10.0,5.0,2.0,120,0.2755102040816326,-0.17346938775510212,0.3333333333333333,-0.05782312925170069,False,False,True,False,0.06836734693877546
SHORT,1,60-80,2.0,2611,15.0,10.0,1.5,10,0.3136729222520107,-0.21581769436997322,0.4,-0.08632707774798931,False,False,True,False,0.06835120643431634
SHORT,0,80-100,2.0,3644,15.0,10.0,1.5,10,0.3136663007683863,-0.21583424807903423,0.4,-0.08633369923161371,False,False,True,False,0.06834110867178912
SHORT,0,80-100,1.5,10840,20.0,10.0,2.0,20,0.2754612546125461,-0.17361623616236166,0.3333333333333333,-0.0578720787207872,False,False,True,False,0.0682841328413284
LONG,2,60-80,3.0,312,5.0,5.0,1.0,10,0.3653846153846153,-0.2692307692307694,0.5,-0.1346153846153847,False,False,True,False,0.06826923076923067
LONG,0,20-40,3.0,236,30.0,15.0,2.0,20,0.2754237288135593,-0.17372881355932213,0.3333333333333333,-0.057909604519774005,False,False,True,False,0.06822033898305081
LONG,0,20-40,3.0,236,15.0,10.0,1.5,10,0.3135593220338983,-0.21610169491525422,0.4,-0.08644067796610172,False,False,True,False,0.06817796610169492
SHORT,1,20-40,2.0,2110,20.0,10.0,2.0,20,0.2753554502369668,-0.1739336492890996,0.3333333333333333,-0.057977883096366534,False,False,True,False,0.06810426540284355
SHORT,2,80-100,3.0,218,20.0,10.0,2.0,10,0.2752293577981651,-0.17431192660550476,0.3333333333333333,-0.05810397553516822,False,False,True,False,0.06788990825688065
LONG,1,0-20,3.0,452,5.0,5.0,1.0,10,0.3650442477876106,-0.26991150442477885,0.5,-0.13495575221238942,False,False,True,False,0.06780973451327428
LONG,1,0-20,3.0,452,5.0,5.0,1.0,20,0.3650442477876106,-0.26991150442477885,0.5,-0.13495575221238942,False,False,True,False,0.06780973451327428
LONG,0,0-20,1.5,11227,30.0,15.0,2.0,60,0.2751402868085864,-0.17457913957424087,0.3333333333333333,-0.05819304652474694,False,False,True,False,0.06773848757459686
LONG,1,0-20,2.0,3468,10.0,5.0,2.0,10,0.2750865051903114,-0.17474048442906576,0.3333333333333333,-0.0582468281430219,False,False,True,False,0.06764705882352942
LONG,2,0-20,2.5,1584,5.0,5.0,1.0,120,0.3648989898989899,-0.2702020202020203,0.5,-0.1351010101010101,False,False,True,False,0.06761363636363633
SHORT,1,80-100,2.5,1208,30.0,15.0,2.0,20,0.2748344370860927,-0.17549668874172197,0.3333333333333333,-0.05849889624724064,False,False,True,False,0.06721854304635755
SHORT,2,0-20,1.5,7338,30.0,15.0,2.0,60,0.2747342600163532,-0.17579721995094044,0.3333333333333333,-0.05859907331698011,False,False,True,False,0.06704824202780044
SHORT,1,40-60,1.5,5231,20.0,10.0,2.0,20,0.274708468744026,-0.17587459376792203,0.3333333333333333,-0.058624864589307324,False,False,True,False,0.06700439686484418
SHORT,0,0-20,2.0,4503,30.0,15.0,2.0,60,0.2747057517210748,-0.17588274483677557,0.3333333333333333,-0.058627581612258506,False,False,True,False,0.06699977792582718
LONG,2,0-20,2.5,1584,5.0,5.0,1.0,60,0.3642676767676767,-0.27146464646464663,0.5,-0.13573232323232332,False,False,True,False,0.06676136363636354
SHORT,1,0-20,1.5,7041,30.0,15.0,2.0,60,0.2745348672063627,-0.17639539838091178,0.3333333333333333,-0.058798466126970594,False,False,True,False,0.06670927425081664
SHORT,2,0-20,3.0,481,20.0,10.0,2.0,30,0.2744282744282744,-0.17671517671517678,0.3333333333333333,-0.05890505890505893,False,False,True,False,0.06652806652806649
LONG,2,20-40,2.5,1030,5.0,5.0,1.0,10,0.3640776699029126,-0.2718446601941747,0.5,-0.13592233009708737,False,False,True,False,0.06650485436893208
LONG,2,80-100,3.0,305,5.0,5.0,1.0,20,0.3639344262295082,-0.27213114754098355,0.5,-0.13606557377049178,False,False,True,False,0.0663114754098361
LONG,2,80-100,3.0,305,5.0,5.0,1.0,30,0.3639344262295082,-0.27213114754098355,0.5,-0.13606557377049178,False,False,True,False,0.0663114754098361
SHORT,2,40-60,2.5,823,15.0,10.0,1.5,20,0.3122721749696233,-0.21931956257594176,0.4,-0.08772782503037674,False,False,True,False,0.06621506682867552
SHORT,2,40-60,2.0,2119,30.0,15.0,2.0,60,0.2741859367626238,-0.17744218971212855,0.3333333333333333,-0.0591473965707095,False,False,True,False,0.0661160924964605
LONG,0,40-60,2.0,3057,30.0,15.0,2.0,30,0.2741249591102388,-0.17762512266928354,0.3333333333333333,-0.059208374223094495,False,False,True,False,0.066012430487406
SHORT,0,20-40,1.5,10677,30.0,15.0,2.0,60,0.2739533576847429,-0.1781399269457714,0.3333333333333333,-0.05937997564859043,False,False,True,False,0.06572070806406288
SHORT,1,0-20,3.5,157,30.0,15.0,2.0,30,0.2738853503184713,-0.17834394904458617,0.3333333333333333,-0.05944798301486204,False,False,True,False,0.06560509554140116
SHORT,1,80-100,2.5,1208,5.0,5.0,1.0,10,0.36341059602649,-0.27317880794702004,0.5,-0.13658940397351,False,False,True,False,0.0656043046357615
LONG,2,80-100,2.0,2308,30.0,15.0,2.0,60,0.2738301559792028,-0.17850953206239162,0.3333333333333333,-0.05950317735413052,False,False,True,False,0.06551126516464474
LONG,1,40-60,3.0,347,10.0,5.0,2.0,20,0.2737752161383285,-0.17867435158501455,0.3333333333333333,-0.05955811719500481,False,False,True,False,0.06541786743515844
SHORT,1,20-40,1.5,5476,15.0,10.0,1.5,10,0.3117238860482104,-0.22069028487947406,0.4,-0.08827611395178964,False,False,True,False,0.06537892622352083
SHORT,0,40-60,3.0,179,30.0,15.0,2.0,10,0.2737430167597765,-0.17877094972067042,0.3333333333333333,-0.05959031657355679,False,False,True,False,0.0653631284916201
SHORT,0,40-60,3.0,179,10.0,5.0,2.0,60,0.2737430167597765,-0.17877094972067042,0.3333333333333333,-0.05959031657355679,False,False,True,False,0.0653631284916201
SHORT,0,40-60,3.0,179,10.0,5.0,2.0,120,0.2737430167597765,-0.17877094972067042,0.3333333333333333,-0.05959031657355679,False,False,True,False,0.0653631284916201
SHORT,2,40-60,2.0,2119,10.0,5.0,2.0,10,0.2737140160453044,-0.17885795186408682,0.3333333333333333,-0.05961931728802894,False,False,True,False,0.06531382727701747
SHORT,2,60-80,3.0,285,30.0,15.0,2.0,60,0.2736842105263158,-0.17894736842105263,0.3333333333333333,-0.05964912280701751,False,False,True,False,0.06526315789473687
SHORT,0,60-80,3.0,292,15.0,10.0,1.5,10,0.3116438356164384,-0.22089041095890405,0.4,-0.08835616438356164,False,False,True,False,0.06525684931506853
LONG,1,0-20,1.5,7283,10.0,5.0,2.0,10,0.2736509680076891,-0.1790470959769327,0.3333333333333333,-0.05968236532564419,False,False,True,False,0.0652066456130715
LONG,1,40-60,3.0,347,5.0,5.0,1.0,10,0.3631123919308357,-0.2737752161383286,0.5,-0.13688760806916428,False,False,True,False,0.0652017291066282
LONG,1,80-100,1.5,8900,20.0,10.0,2.0,10,0.2735955056179775,-0.17921348314606744,0.3333333333333333,-0.059737827715355796,False,False,True,False,0.06511235955056179
LONG,2,0-20,1.5,7797,30.0,15.0,2.0,60,0.2735667564447864,-0.17929973066564087,0.3333333333333333,-0.05976657688854692,False,False,True,False,0.06506348595613685
LONG,1,80-100,2.0,3899,30.0,15.0,2.0,20,0.2734034367786612,-0.17978968966401643,0.3333333333333333,-0.059929896554672124,False,False,True,False,0.06478584252372403
SHORT,2,20-40,2.0,2575,10.0,5.0,2.0,30,0.2733980582524272,-0.1798058252427185,0.3333333333333333,-0.059935275080906125,False,False,True,False,0.06477669902912621
LONG,2,80-100,2.0,2308,10.0,5.0,2.0,10,0.2733968804159445,-0.17980935875216641,0.3333333333333333,-0.059936452917388805,False,False,True,False,0.06477469670710569
SHORT,1,0-20,1.5,7041,15.0,10.0,1.5,20,0.3113194148558443,-0.22170146286038928,0.4,-0.08868058514415572,False,False,True,False,0.06476210765516256
LONG,2,80-100,1.5,4658,30.0,15.0,2.0,60,0.2732932589094032,-0.18012022327179034,0.3333333333333333,-0.06004007442393011,False,False,True,False,0.06459854014598547
SHORT,1,20-40,2.5,703,10.0,5.0,2.0,10,0.2731152204836415,-0.18065433854907542,0.3333333333333333,-0.06021811284969181,False,False,True,False,0.06429587482219058
SHORT,2,40-60,3.0,282,20.0,10.0,2.0,30,0.2730496453900709,-0.18085106382978722,0.3333333333333333,-0.06028368794326239,False,False,True,False,0.06418439716312058
LONG,0,60-80,3.0,312,15.0,10.0,1.5,10,0.3108974358974359,-0.22275641025641024,0.4,-0.08910256410256412,False,False,True,False,0.06411858974358976
SHORT,2,20-40,3.0,341,15.0,10.0,1.5,20,0.3108504398826979,-0.22287390029325527,0.4,-0.08914956011730213,False,False,True,False,0.0640469208211143
SHORT,2,80-100,3.5,103,15.0,10.0,1.5,10,0.3106796116504854,-0.22330097087378648,0.4,-0.08932038834951461,False,False,True,False,0.06378640776699025
LONG,1,40-60,2.0,2570,20.0,10.0,2.0,10,0.2727626459143968,-0.18171206225680958,0.3333333333333333,-0.06057068741893651,False,False,True,False,0.06369649805447458
SHORT,0,0-20,2.5,1034,10.0,5.0,2.0,30,0.2727272727272727,-0.18181818181818188,0.3333333333333333,-0.06060606060606061,False,False,True,False,0.0636363636363636
SHORT,1,0-20,3.0,352,20.0,10.0,2.0,10,0.2727272727272727,-0.18181818181818188,0.3333333333333333,-0.06060606060606061,False,False,True,False,0.0636363636363636
SHORT,2,20-40,3.0,341,30.0,15.0,2.0,30,0.2727272727272727,-0.18181818181818188,0.3333333333333333,-0.06060606060606061,False,False,True,False,0.0636363636363636
LONG,2,40-60,3.0,322,15.0,10.0,1.5,10,0.3105590062111801,-0.22360248447204978,0.4,-0.08944099378881992,False,False,True,False,0.06360248447204965
LONG,0,80-100,3.5,116,15.0,10.0,1.5,10,0.3103448275862069,-0.22413793103448276,0.4,-0.08965517241379312,False,False,True,False,0.06327586206896553
SHORT,2,60-80,1.5,5420,20.0,10.0,2.0,30,0.2725092250922509,-0.18247232472324726,0.3333333333333333,-0.06082410824108242,False,False,True,False,0.06326568265682654
LONG,0,60-80,3.0,312,30.0,15.0,2.0,30,0.2724358974358974,-0.18269230769230782,0.3333333333333333,-0.0608974358974359,False,False,True,False,0.0631410256410256
LONG,0,60-80,3.0,312,20.0,10.0,2.0,60,0.2724358974358974,-0.18269230769230782,0.3333333333333333,-0.0608974358974359,False,False,True,False,0.0631410256410256
LONG,0,60-80,3.0,312,20.0,10.0,2.0,120,0.2724358974358974,-0.18269230769230782,0.3333333333333333,-0.0608974358974359,False,False,True,False,0.0631410256410256
LONG,1,80-100,3.5,213,10.0,5.0,2.0,10,0.272300469483568,-0.18309859154929597,0.3333333333333333,-0.061032863849765306,False,False,True,False,0.06291079812206563
LONG,1,80-100,3.5,213,30.0,15.0,2.0,10,0.272300469483568,-0.18309859154929597,0.3333333333333333,-0.061032863849765306,False,False,True,False,0.06291079812206563
LONG,1,80-100,3.5,213,10.0,5.0,2.0,20,0.272300469483568,-0.18309859154929597,0.3333333333333333,-0.061032863849765306,False,False,True,False,0.06291079812206563
LONG,1,80-100,3.5,213,10.0,5.0,2.0,30,0.272300469483568,-0.18309859154929597,0.3333333333333333,-0.061032863849765306,False,False,True,False,0.06291079812206563
LONG,1,80-100,3.5,213,10.0,5.0,2.0,60,0.272300469483568,-0.18309859154929597,0.3333333333333333,-0.061032863849765306,False,False,True,False,0.06291079812206563
LONG,1,80-100,3.5,213,10.0,5.0,2.0,120,0.272300469483568,-0.18309859154929597,0.3333333333333333,-0.061032863849765306,False,False,True,False,0.06291079812206563
SHORT,2,80-100,2.0,2189,30.0,15.0,2.0,60,0.2722704431247145,-0.18318867062585653,0.3333333333333333,-0.061062890208618825,False,False,True,False,0.06285975331201464
LONG,2,0-20,2.5,1584,5.0,5.0,1.0,30,0.3611111111111111,-0.27777777777777773,0.5,-0.1388888888888889,False,False,True,False,0.06250000000000003
LONG,1,60-80,3.0,342,30.0,15.0,2.0,20,0.2719298245614035,-0.1842105263157895,0.3333333333333333,-0.06140350877192979,False,False,True,False,0.06228070175438597
LONG,2,0-20,2.0,3836,30.0,15.0,2.0,60,0.2718978102189781,-0.18430656934306577,0.3333333333333333,-0.06143552311435524,False,False,True,False,0.06222627737226273
LONG,2,20-40,2.5,1030,10.0,5.0,2.0,20,0.2718446601941747,-0.18446601941747598,0.3333333333333333,-0.06148867313915862,False,False,True,False,0.06213592233009697
SHORT,2,80-100,3.5,103,30.0,15.0,2.0,20,0.2718446601941747,-0.18446601941747598,0.3333333333333333,-0.06148867313915862,False,False,True,False,0.06213592233009697
LONG,1,40-60,2.5,990,20.0,10.0,2.0,10,0.2717171717171717,-0.18484848484848493,0.3333333333333333,-0.061616161616161624,False,False,True,False,0.061919191919191874
LONG,2,80-100,3.0,305,5.0,5.0,1.0,10,0.360655737704918,-0.278688524590164,0.5,-0.139344262295082,False,False,True,False,0.061885245901639296
SHORT,1,20-40,2.5,703,30.0,15.0,2.0,20,0.2716927453769559,-0.18492176386913217,0.3333333333333333,-0.06164058795637739,False,False,True,False,0.0618776671408251
SHORT,0,20-40,2.5,784,30.0,15.0,2.0,30,0.2716836734693877,-0.18494897959183687,0.3333333333333333,-0.061649659863945605,False,False,True,False,0.06186224489795911
LONG,1,0-20,1.5,7283,15.0,10.0,1.5,10,0.309213236303721,-0.2269669092406975,0.4,-0.09078676369627903,False,False,True,False,0.061550185363174525
LONG,0,40-60,2.5,792,30.0,15.0,2.0,20,0.2714646464646464,-0.18560606060606077,0.3333333333333333,-0.061868686868686906,False,False,True,False,0.06148989898989891
SHORT,0,0-20,3.0,222,5.0,5.0,1.0,10,0.3603603603603603,-0.2792792792792795,0.5,-0.1396396396396397,False,False,True,False,0.06148648648648637
LONG,2,0-20,2.0,3836,10.0,5.0,2.0,20,0.2713764337851929,-0.1858706986444213,0.3333333333333333,-0.06195689954814043,False,False,True,False,0.06133993743482793
SHORT,2,0-20,4.0,129,30.0,15.0,2.0,10,0.2713178294573643,-0.18604651162790697,0.3333333333333333,-0.06201550387596899,False,False,True,False,0.06124031007751937
SHORT,2,0-20,4.0,129,20.0,10.0,2.0,120,0.2713178294573643,-0.18604651162790697,0.3333333333333333,-0.06201550387596899,False,False,True,False,0.06124031007751937
SHORT,2,0-20,1.5,7338,10.0,5.0,2.0,20,0.2711910602343963,-0.18642681929681104,0.3333333333333333,-0.062142273098936995,False,False,True,False,0.06102480239847374
SHORT,1,60-80,2.0,2611,20.0,10.0,2.0,20,0.2711604749138261,-0.18651857525852167,0.3333333333333333,-0.062172858419507204,False,False,True,False,0.060972807353504396
SHORT,2,0-20,2.5,1276,20.0,10.0,2.0,30,0.2711598746081505,-0.1865203761755485,0.3333333333333333,-0.06217345872518282,False,False,True,False,0.060971786833855846
SHORT,2,0-20,2.5,1276,30.0,15.0,2.0,60,0.2711598746081505,-0.1865203761755485,0.3333333333333333,-0.06217345872518282,False,False,True,False,0.060971786833855846
SHORT,1,40-60,2.5,686,10.0,5.0,2.0,60,0.271137026239067,-0.18658892128279903,0.3333333333333333,-0.06219630709426632,False,False,True,False,0.060932944606413894
SHORT,1,20-40,3.0,273,10.0,5.0,2.0,20,0.271062271062271,-0.18681318681318704,0.3333333333333333,-0.06227106227106233,False,False,True,False,0.06080586080586069
SHORT,1,20-40,3.0,273,10.0,5.0,2.0,30,0.271062271062271,-0.18681318681318704,0.3333333333333333,-0.06227106227106233,False,False,True,False,0.06080586080586069
SHORT,1,20-40,3.0,273,10.0,5.0,2.0,60,0.271062271062271,-0.18681318681318704,0.3333333333333333,-0.06227106227106233,False,False,True,False,0.06080586080586069
SHORT,1,20-40,3.0,273,10.0,5.0,2.0,120,0.271062271062271,-0.18681318681318704,0.3333333333333333,-0.06227106227106233,False,False,True,False,0.06080586080586069
SHORT,0,60-80,1.5,11293,20.0,10.0,2.0,20,0.2710528646063933,-0.18684140618082024,0.3333333333333333,-0.06228046872694004,False,False,True,False,0.06078986983086855
SHORT,2,60-80,1.5,5420,30.0,15.0,2.0,60,0.2710332103321033,-0.18690036900369,0.3333333333333333,-0.06230012300123,False,False,True,False,0.060756457564575664
SHORT,0,20-40,2.5,784,15.0,10.0,1.5,10,0.3086734693877551,-0.2283163265306123,0.4,-0.09132653061224494,False,False,True,False,0.06072704081632651
SHORT,2,0-20,2.0,3332,10.0,5.0,2.0,20,0.2710084033613445,-0.1869747899159665,0.3333333333333333,-0.062324929971988796,False,False,True,False,0.06071428571428567
SHORT,2,40-60,2.5,823,30.0,15.0,2.0,60,0.2709599027946537,-0.18712029161603894,0.3333333333333333,-0.06237343053867961,False,False,True,False,0.06063183475091129
SHORT,0,80-100,3.0,251,20.0,10.0,2.0,10,0.2709163346613545,-0.18725099601593642,0.3333333333333333,-0.06241699867197881,False,False,True,False,0.06055776892430268
LONG,2,20-40,3.5,144,30.0,15.0,2.0,30,0.2708333333333333,-0.1875000000000001,0.3333333333333333,-0.0625,False,False,True,False,0.060416666666666625
LONG,1,60-80,2.0,2744,20.0,10.0,2.0,10,0.2707725947521865,-0.18768221574344046,0.3333333333333333,-0.0625607385811468,False,False,True,False,0.06031341107871707
SHORT,2,0-20,2.0,3332,30.0,15.0,2.0,60,0.2707082833133253,-0.1878751500600241,0.3333333333333333,-0.06262505002000801,False,False,True,False,0.060204081632653034
SHORT,1,80-100,2.5,1208,10.0,5.0,2.0,30,0.2706953642384106,-0.1879139072847681,0.3333333333333333,-0.0626379690949227,False,False,True,False,0.06018211920529808
SHORT,1,80-100,2.5,1208,10.0,5.0,2.0,60,0.2706953642384106,-0.1879139072847681,0.3333333333333333,-0.0626379690949227,False,False,True,False,0.06018211920529808
SHORT,1,80-100,2.5,1208,10.0,5.0,2.0,120,0.2706953642384106,-0.1879139072847681,0.3333333333333333,-0.0626379690949227,False,False,True,False,0.06018211920529808
SHORT,1,60-80,2.5,920,20.0,10.0,2.0,20,0.2706521739130434,-0.18804347826086976,0.3333333333333333,-0.0626811594202899,False,False,True,False,0.060108695652173805
LONG,2,0-20,2.5,1584,5.0,5.0,1.0,20,0.3592171717171717,-0.2815656565656566,0.5,-0.1407828282828283,False,False,True,False,0.05994318181818181
SHORT,0,60-80,3.0,292,30.0,15.0,2.0,30,0.2705479452054795,-0.1883561643835615,0.3333333333333333,-0.06278538812785384,False,False,True,False,0.05993150684931514
SHORT,2,60-80,2.0,2499,30.0,15.0,2.0,60,0.2705082032813125,-0.18847539015606263,0.3333333333333333,-0.06282513005202084,False,False,True,False,0.059863945578231194
SHORT,2,0-20,3.5,244,30.0,15.0,2.0,30,0.2704918032786885,-0.18852459016393452,0.3333333333333333,-0.06284153005464482,False,False,True,False,0.05983606557377045
LONG,1,60-80,2.5,1002,20.0,10.0,2.0,10,0.2704590818363273,-0.18862275449101817,0.3333333333333333,-0.06287425149700604,False,False,True,False,0.05978043912175638
SHORT,2,80-100,1.5,4737,10.0,5.0,2.0,10,0.2704243191893603,-0.18872704243191918,0.3333333333333333,-0.06290901414397304,False,False,True,False,0.05972134262191247
SHORT,2,0-20,3.0,481,30.0,15.0,2.0,60,0.2702702702702703,-0.18918918918918914,0.3333333333333333,-0.06306306306306303,False,False,True,False,0.0594594594594595
SHORT,0,0-20,3.0,222,20.0,10.0,2.0,120,0.2702702702702703,-0.18918918918918914,0.3333333333333333,-0.06306306306306303,False,False,True,False,0.0594594594594595
SHORT,1,60-80,3.5,174,30.0,15.0,2.0,20,0.2701149425287356,-0.18965517241379326,0.3333333333333333,-0.06321839080459773,False,False,True,False,0.059195402298850494
LONG,2,80-100,1.5,4658,15.0,10.0,1.5,20,0.3076427651352512,-0.23089308716187207,0.4,-0.09235723486474884,False,False,True,False,0.05915521683125805
LONG,2,0-20,4.0,100,20.0,10.0,2.0,30,0.27,-0.18999999999999995,0.3333333333333333,-0.0633333333333333,False,False,True,False,0.05900000000000004
SHORT,0,0-20,1.5,13687,10.0,5.0,2.0,10,0.269964199605465,-0.19010740118360492,0.3333333333333333,-0.06336913372786829,False,False,True,False,0.058939139329290555
SHORT,2,20-40,2.5,943,5.0,5.0,1.0,10,0.3584305408271474,-0.28313891834570515,0.5,-0.14156945917285257,False,False,True,False,0.05888123011664904
SHORT,1,20-40,1.5,5476,30.0,15.0,2.0,30,0.2699050401753105,-0.19028487947406858,0.3333333333333333,-0.06342829315802284,False,False,True,False,0.058838568298027805
SHORT,1,80-100,2.5,1208,10.0,5.0,2.0,20,0.2698675496688741,-0.19039735099337773,0.3333333333333333,-0.06346578366445921,False,False,True,False,0.05877483443708598
LONG,1,80-100,3.0,547,5.0,5.0,1.0,20,0.3583180987202925,-0.28336380255941496,0.5,-0.14168190127970748,False,False,True,False,0.05872943327239492
LONG,1,80-100,3.0,547,5.0,5.0,1.0,30,0.3583180987202925,-0.28336380255941496,0.5,-0.14168190127970748,False,False,True,False,0.05872943327239492
LONG,1,80-100,3.0,547,5.0,5.0,1.0,60,0.3583180987202925,-0.28336380255941496,0.5,-0.14168190127970748,False,False,True,False,0.05872943327239492
LONG,1,80-100,3.0,547,5.0,5.0,1.0,120,0.3583180987202925,-0.28336380255941496,0.5,-0.14168190127970748,False,False,True,False,0.05872943327239492
SHORT,1,0-20,2.0,2700,10.0,5.0,2.0,10,0.2696296296296296,-0.19111111111111112,0.3333333333333333,-0.0637037037037037,False,False,True,False,0.058370370370370364
LONG,2,0-20,3.0,598,30.0,15.0,2.0,60,0.2692307692307692,-0.1923076923076924,0.3333333333333333,-0.0641025641025641,False,False,True,False,0.05769230769230766
LONG,1,80-100,4.0,104,10.0,5.0,2.0,10,0.2692307692307692,-0.1923076923076924,0.3333333333333333,-0.0641025641025641,False,False,True,False,0.05769230769230766
LONG,1,80-100,4.0,104,10.0,5.0,2.0,20,0.2692307692307692,-0.1923076923076924,0.3333333333333333,-0.0641025641025641,False,False,True,False,0.05769230769230766
LONG,1,80-100,4.0,104,10.0,5.0,2.0,30,0.2692307692307692,-0.1923076923076924,0.3333333333333333,-0.0641025641025641,False,False,True,False,0.05769230769230766
LONG,1,80-100,4.0,104,10.0,5.0,2.0,60,0.2692307692307692,-0.1923076923076924,0.3333333333333333,-0.0641025641025641,False,False,True,False,0.05769230769230766
LONG,1,80-100,4.0,104,10.0,5.0,2.0,120,0.2692307692307692,-0.1923076923076924,0.3333333333333333,-0.0641025641025641,False,False,True,False,0.05769230769230766
SHORT,1,80-100,3.0,431,20.0,10.0,2.0,10,0.2691415313225058,-0.19257540603248258,0.3333333333333333,-0.06419180201082753,False,False,True,False,0.057540603248259874
LONG,2,80-100,2.0,2308,20.0,10.0,2.0,30,0.2690641247833622,-0.19280762564991327,0.3333333333333333,-0.06426920854997109,False,False,True,False,0.05740901213171581
LONG,2,40-60,2.0,2572,30.0,15.0,2.0,60,0.2690513219284603,-0.1928460342146191,0.3333333333333333,-0.064282011404873,False,False,True,False,0.05738724727838253
SHORT,1,80-100,2.5,1208,20.0,10.0,2.0,10,0.2690397350993377,-0.19288079470198694,0.3333333333333333,-0.06429359823399561,False,False,True,False,0.05736754966887409
SHORT,2,20-40,2.5,943,15.0,10.0,1.5,30,0.3064687168610817,-0.2338282078472958,0.4,-0.09353128313891834,False,False,True,False,0.057364793213149565
LONG,2,60-80,2.0,2483,30.0,15.0,2.0,60,0.2690293999194523,-0.19291180024164312,0.3333333333333333,-0.06430393341388102,False,False,True,False,0.05734997986306892
LONG,1,60-80,3.0,342,20.0,10.0,2.0,10,0.2690058479532163,-0.19298245614035114,0.3333333333333333,-0.06432748538011701,False,False,True,False,0.05730994152046771
LONG,1,20-40,1.5,5554,20.0,10.0,2.0,10,0.268995318689233,-0.19301404393230104,0.3333333333333333,-0.06433801464410033,False,False,True,False,0.05729204177169609
LONG,1,40-60,3.5,145,30.0,15.0,2.0,10,0.2689655172413793,-0.19310344827586212,0.3333333333333333,-0.06436781609195402,False,False,True,False,0.057241379310344814
SHORT,2,0-20,2.5,1276,10.0,5.0,2.0,10,0.268808777429467,-0.193573667711599,0.3333333333333333,-0.0645245559038663,False,False,True,False,0.05697492163009391
LONG,0,0-20,3.0,253,10.0,5.0,2.0,30,0.2687747035573122,-0.19367588932806334,0.3333333333333333,-0.06455862977602111,False,False,True,False,0.05691699604743077
SHORT,1,20-40,2.0,2110,30.0,15.0,2.0,30,0.2687203791469194,-0.19383886255924188,0.3333333333333333,-0.06461295418641394,False,False,True,False,0.05682464454976294
LONG,2,40-60,2.0,2572,10.0,5.0,2.0,10,0.2686625194401244,-0.19401244167962672,0.3333333333333333,-0.06467081389320889,False,False,True,False,0.05672628304821153
SHORT,0,20-40,3.0,175,30.0,15.0,2.0,10,0.2685714285714285,-0.1942857142857145,0.3333333333333333,-0.0647619047619048,False,False,True,False,0.05657142857142847
LONG,1,80-100,3.0,547,5.0,5.0,1.0,10,0.356489945155393,-0.287020109689214,0.5,-0.143510054844607,False,False,True,False,0.05626142595978057
LONG,1,80-100,1.5,8900,30.0,15.0,2.0,20,0.268314606741573,-0.1950561797752811,0.3333333333333333,-0.06501872659176033,False,False,True,False,0.05613483146067406
SHORT,1,40-60,2.5,686,10.0,5.0,2.0,30,0.2682215743440233,-0.19533527696793018,0.3333333333333333,-0.06511175898931004,False,False,True,False,0.05597667638483958
SHORT,0,40-60,3.0,179,10.0,5.0,2.0,30,0.2681564245810056,-0.1955307262569833,0.3333333333333333,-0.06517690875232773,False,False,True,False,0.05586592178770947
SHORT,1,0-20,2.0,2700,20.0,10.0,2.0,20,0.2681481481481481,-0.19555555555555582,0.3333333333333333,-0.06518518518518523,False,False,True,False,0.05585185185185172
SHORT,2,60-80,2.5,869,30.0,15.0,2.0,60,0.2681242807825086,-0.19562715765247418,0.3333333333333333,-0.06520905255082471,False,False,True,False,0.055811277330264634
LONG,2,40-60,3.5,138,30.0,15.0,2.0,20,0.2681159420289855,-0.19565217391304357,0.3333333333333333,-0.06521739130434784,False,False,True,False,0.05579710144927533
LONG,1,40-60,3.0,347,10.0,5.0,2.0,10,0.2680115273775216,-0.19596541786743515,0.3333333333333333,-0.06532180595581172,False,False,True,False,0.05561959654178674
SHORT,2,60-80,3.0,285,15.0,10.0,1.5,60,0.3052631578947368,-0.23684210526315802,0.4,-0.09473684210526323,False,False,True,False,0.05552631578947361
SHORT,2,60-80,3.0,285,15.0,10.0,1.5,120,0.3052631578947368,-0.23684210526315802,0.4,-0.09473684210526323,False,False,True,False,0.05552631578947361
SHORT,1,60-80,3.0,351,20.0,10.0,2.0,30,0.2678062678062678,-0.19658119658119655,0.3333333333333333,-0.0655270655270655,False,False,True,False,0.055270655270655306
LONG,1,60-80,3.5,127,10.0,5.0,2.0,10,0.2677165354330709,-0.19685039370078738,0.3333333333333333,-0.06561679790026242,False,False,True,False,0.0551181102362205
LONG,1,60-80,3.5,127,20.0,10.0,2.0,10,0.2677165354330709,-0.19685039370078738,0.3333333333333333,-0.06561679790026242,False,False,True,False,0.0551181102362205
LONG,2,80-100,1.5,4658,10.0,5.0,2.0,10,0.2677114641477028,-0.19686560755689164,0.3333333333333333,-0.06562186918563051,False,False,True,False,0.05510948905109476
SHORT,1,60-80,1.5,6537,20.0,10.0,2.0,20,0.2677068991892305,-0.19687930243230845,0.3333333333333333,-0.0656264341441028,False,False,True,False,0.05510172862169188
SHORT,1,60-80,3.0,351,15.0,10.0,1.5,10,0.3048433048433048,-0.237891737891738,0.4,-0.09515669515669523,False,False,True,False,0.05488603988603982
LONG,2,0-20,3.0,598,20.0,10.0,2.0,30,0.2675585284280936,-0.19732441471571927,0.3333333333333333,-0.06577480490523974,False,False,True,False,0.05484949832775909
LONG,0,80-100,3.0,256,15.0,10.0,1.5,10,0.3046875,-0.23828125,0.4,-0.09531250000000002,False,False,True,False,0.05464843750000001
LONG,2,20-40,3.0,348,15.0,10.0,1.5,20,0.3045977011494253,-0.23850574712643674,0.4,-0.09540229885057472,False,False,True,False,0.05451149425287359
LONG,2,60-80,3.5,101,10.0,5.0,2.0,10,0.2673267326732673,-0.19801980198019808,0.3333333333333333,-0.06600660066006603,False,False,True,False,0.054455445544554414
LONG,2,60-80,3.5,101,10.0,5.0,2.0,20,0.2673267326732673,-0.19801980198019808,0.3333333333333333,-0.06600660066006603,False,False,True,False,0.054455445544554414
LONG,2,60-80,3.5,101,30.0,15.0,2.0,20,0.2673267326732673,-0.19801980198019808,0.3333333333333333,-0.06600660066006603,False,False,True,False,0.054455445544554414
LONG,2,60-80,3.5,101,10.0,5.0,2.0,30,0.2673267326732673,-0.19801980198019808,0.3333333333333333,-0.06600660066006603,False,False,True,False,0.054455445544554414
LONG,2,60-80,3.5,101,10.0,5.0,2.0,60,0.2673267326732673,-0.19801980198019808,0.3333333333333333,-0.06600660066006603,False,False,True,False,0.054455445544554414
LONG,2,60-80,3.5,101,10.0,5.0,2.0,120,0.2673267326732673,-0.19801980198019808,0.3333333333333333,-0.06600660066006603,False,False,True,False,0.054455445544554414
LONG,0,80-100,3.5,116,20.0,10.0,2.0,10,0.2672413793103448,-0.19827586206896564,0.3333333333333333,-0.06609195402298851,False,False,True,False,0.054310344827586156
LONG,0,80-100,3.5,116,30.0,15.0,2.0,20,0.2672413793103448,-0.19827586206896564,0.3333333333333333,-0.06609195402298851,False,False,True,False,0.054310344827586156
SHORT,1,60-80,2.5,920,15.0,10.0,1.5,10,0.3043478260869565,-0.23913043478260876,0.4,-0.09565217391304354,False,False,True,False,0.05413043478260865
SHORT,0,60-80,3.0,292,10.0,5.0,2.0,10,0.2671232876712329,-0.1986301369863014,0.3333333333333333,-0.06621004566210043,False,False,True,False,0.0541095890410959
SHORT,0,60-80,3.0,292,30.0,15.0,2.0,20,0.2671232876712329,-0.1986301369863014,0.3333333333333333,-0.06621004566210043,False,False,True,False,0.0541095890410959
SHORT,0,80-100,3.0,251,30.0,15.0,2.0,20,0.2669322709163346,-0.19920318725099617,0.3333333333333333,-0.06640106241699872,False,False,True,False,0.053784860557768835
SHORT,1,60-80,1.5,6537,15.0,10.0,1.5,10,0.3041150374789659,-0.23971240630258528,0.4,-0.09588496252103412,False,False,True,False,0.05377543215542299
SHORT,2,20-40,3.0,341,30.0,15.0,2.0,20,0.2668621700879765,-0.19941348973607043,0.3333333333333333,-0.06647116324535679,False,False,True,False,0.053665689149560096
SHORT,2,60-80,3.0,285,20.0,10.0,2.0,120,0.2666666666666666,-0.20000000000000018,0.3333333333333333,-0.06666666666666671,False,False,True,False,0.05333333333333323
SHORT,0,40-60,2.5,814,10.0,5.0,2.0,10,0.2665847665847666,-0.2002457002457002,0.3333333333333333,-0.06674856674856672,False,False,True,False,0.05319410319410322
SHORT,2,60-80,2.0,2499,10.0,5.0,2.0,10,0.2665066026410564,-0.20048019207683077,0.3333333333333333,-0.0668267306922769,False,False,True,False,0.053061224489795916
SHORT,0,60-80,2.5,1017,10.0,5.0,2.0,60,0.2664700098328417,-0.20058997050147498,0.3333333333333333,-0.06686332350049162,False,False,True,False,0.05299901671583086
SHORT,0,60-80,2.5,1017,10.0,5.0,2.0,120,0.2664700098328417,-0.20058997050147498,0.3333333333333333,-0.06686332350049162,False,False,True,False,0.05299901671583086
LONG,2,40-60,1.5,5279,30.0,15.0,2.0,60,0.266338321651828,-0.20098503504451593,0.3333333333333333,-0.06699501168150529,False,False,True,False,0.05277514680810766
LONG,2,40-60,2.5,965,10.0,5.0,2.0,10,0.266321243523316,-0.20103626943005204,0.3333333333333333,-0.06701208981001733,False,False,True,False,0.05274611398963718
SHORT,0,40-60,2.5,814,15.0,10.0,1.5,10,0.3034398034398034,-0.24140049140049147,0.4,-0.0965601965601966,False,False,True,False,0.05274570024570022
SHORT,1,20-40,3.5,130,5.0,5.0,1.0,10,0.3538461538461538,-0.2923076923076924,0.5,-0.1461538461538462,False,False,True,False,0.052692307692307656
SHORT,1,20-40,3.5,130,5.0,5.0,1.0,20,0.3538461538461538,-0.2923076923076924,0.5,-0.1461538461538462,False,False,True,False,0.052692307692307656
SHORT,1,20-40,3.5,130,5.0,5.0,1.0,30,0.3538461538461538,-0.2923076923076924,0.5,-0.1461538461538462,False,False,True,False,0.052692307692307656
SHORT,1,20-40,3.5,130,5.0,5.0,1.0,60,0.3538461538461538,-0.2923076923076924,0.5,-0.1461538461538462,False,False,True,False,0.052692307692307656
SHORT,1,20-40,3.5,130,5.0,5.0,1.0,120,0.3538461538461538,-0.2923076923076924,0.5,-0.1461538461538462,False,False,True,False,0.052692307692307656
SHORT,1,40-60,1.5,5231,15.0,10.0,1.5,10,0.3033836742496654,-0.24154081437583652,0.4,-0.09661632575033463,False,False,True,False,0.052660103230739726
SHORT,2,40-60,3.5,139,20.0,10.0,2.0,120,0.2661870503597122,-0.2014388489208635,0.3333333333333333,-0.06714628297362113,False,False,True,False,0.0525179856115107
SHORT,2,40-60,3.5,139,30.0,15.0,2.0,120,0.2661870503597122,-0.2014388489208635,0.3333333333333333,-0.06714628297362113,False,False,True,False,0.0525179856115107
SHORT,2,20-40,2.5,943,10.0,5.0,2.0,120,0.2661717921527041,-0.2014846235418878,0.3333333333333333,-0.06716154118062923,False,False,True,False,0.05249204665959695
LONG,1,20-40,1.5,5554,30.0,15.0,2.0,20,0.2661145120633778,-0.20165646380986668,0.3333333333333333,-0.06721882126995554,False,False,True,False,0.052394670507742214
SHORT,2,40-60,2.5,823,20.0,10.0,2.0,30,0.2660996354799514,-0.20170109356014576,0.3333333333333333,-0.0672336978533819,False,False,True,False,0.05236938031591741
LONG,2,60-80,3.0,312,10.0,5.0,2.0,10,0.266025641025641,-0.20192307692307698,0.3333333333333333,-0.06730769230769229,False,False,True,False,0.05224358974358973
SHORT,0,40-60,2.0,3424,20.0,10.0,2.0,20,0.2657710280373832,-0.20268691588785048,0.3333333333333333,-0.06756230529595014,False,False,True,False,0.051810747663551406
LONG,0,40-60,2.0,3057,20.0,10.0,2.0,10,0.2656198887798495,-0.20314033366045148,0.3333333333333333,-0.06771344455348383,False,False,True,False,0.051553810925744153
SHORT,0,60-80,2.5,1017,10.0,5.0,2.0,30,0.2654867256637168,-0.20353982300884965,0.3333333333333333,-0.06784660766961653,False,False,True,False,0.051327433628318535
LONG,1,60-80,2.5,1002,30.0,15.0,2.0,20,0.2654690618762475,-0.20359281437125742,0.3333333333333333,-0.06786427145708579,False,False,True,False,0.05129740518962081
LONG,0,0-20,2.5,1085,20.0,10.0,2.0,30,0.2654377880184332,-0.20368663594470038,0.3333333333333333,-0.06789554531490011,False,False,True,False,0.05124423963133645
LONG,1,80-100,2.5,1492,30.0,15.0,2.0,20,0.2654155495978552,-0.20375335120643445,0.3333333333333333,-0.06791778373547813,False,False,True,False,0.05120643431635383
SHORT,1,40-60,2.5,686,10.0,5.0,2.0,20,0.2653061224489796,-0.20408163265306112,0.3333333333333333,-0.0680272108843537,False,False,True,False,0.05102040816326536
LONG,2,40-60,2.5,965,30.0,15.0,2.0,60,0.2652849740932642,-0.2041450777202075,0.3333333333333333,-0.06804835924006913,False,False,True,False,0.05098445595854909
LONG,1,40-60,1.5,5617,20.0,10.0,2.0,10,0.2652661563111981,-0.2042015310664057,0.3333333333333333,-0.06806717702213522,False,False,True,False,0.05095246572903677
LONG,2,20-40,1.5,5263,10.0,5.0,2.0,10,0.2650579517385522,-0.20482614478434347,0.3333333333333333,-0.06827538159478114,False,False,True,False,0.050598517955538706
SHORT,1,0-20,1.5,7041,20.0,10.0,2.0,30,0.2650191734128675,-0.20494247976139746,0.3333333333333333,-0.0683141599204658,False,False,True,False,0.050532594801874775
SHORT,1,60-80,3.0,351,20.0,10.0,2.0,20,0.2649572649572649,-0.2051282051282053,0.3333333333333333,-0.06837606837606841,False,False,True,False,0.050427350427350345
SHORT,1,60-80,3.0,351,30.0,15.0,2.0,20,0.2649572649572649,-0.2051282051282053,0.3333333333333333,-0.06837606837606841,False,False,True,False,0.050427350427350345
SHORT,1,80-100,2.5,1208,10.0,5.0,2.0,10,0.2649006622516556,-0.20529801324503316,0.3333333333333333,-0.06843267108167772,False,False,True,False,0.05033112582781454
LONG,0,0-20,3.0,253,20.0,10.0,2.0,60,0.2648221343873518,-0.2055335968379446,0.3333333333333333,-0.06851119894598151,False,False,True,False,0.05019762845849807
SHORT,0,0-20,2.5,1034,15.0,10.0,1.5,20,0.3017408123791102,-0.24564796905222447,0.4,-0.09825918762088981,False,False,True,False,0.050154738878143076
LONG,2,80-100,3.0,305,15.0,10.0,1.5,10,0.3016393442622951,-0.24590163934426224,0.4,-0.09836065573770492,False,False,True,False,0.050000000000000044
LONG,0,60-80,3.5,136,30.0,15.0,2.0,20,0.2647058823529412,-0.20588235294117652,0.3333333333333333,-0.06862745098039214,False,False,True,False,0.049999999999999996
LONG,2,0-20,2.5,1584,10.0,5.0,2.0,20,0.264520202020202,-0.20643939393939403,0.3333333333333333,-0.06881313131313133,False,False,True,False,0.04968434343434339
SHORT,0,60-80,2.5,1017,30.0,15.0,2.0,30,0.2645034414945919,-0.20648967551622432,0.3333333333333333,-0.06882989183874144,False,False,True,False,0.04965585054080621
LONG,0,80-100,3.0,256,5.0,5.0,1.0,10,0.3515625,-0.296875,0.5,-0.1484375,False,False,True,False,0.04960937500000001
LONG,2,40-60,1.5,5279,10.0,5.0,2.0,10,0.2644440234892972,-0.20666792953210844,0.3333333333333333,-0.06888930984403613,False,False,True,False,0.049554839931805233
SHORT,1,80-100,2.0,3453,30.0,15.0,2.0,20,0.2644077613669273,-0.2067767158992181,0.3333333333333333,-0.06892557196640603,False,False,True,False,0.04949319432377641
SHORT,1,60-80,3.5,174,20.0,10.0,2.0,20,0.264367816091954,-0.206896551724138,0.3333333333333333,-0.06896551724137934,False,False,True,False,0.04942528735632179
SHORT,1,60-80,3.5,174,20.0,10.0,2.0,30,0.264367816091954,-0.206896551724138,0.3333333333333333,-0.06896551724137934,False,False,True,False,0.04942528735632179
SHORT,2,20-40,1.5,5581,10.0,5.0,2.0,20,0.2642895538433972,-0.20713133846980847,0.3333333333333333,-0.06904377948993612,False,False,True,False,0.04929224153377522
SHORT,2,0-20,1.5,7338,20.0,10.0,2.0,30,0.2642409375851731,-0.20727718724448074,0.3333333333333333,-0.06909239574816023,False,False,True,False,0.04920959389479426
LONG,0,0-20,2.0,4136,15.0,10.0,1.5,10,0.3010154738878143,-0.24746131528046422,0.4,-0.09898452611218572,False,False,True,False,0.04904859767891682
SHORT,2,20-40,1.5,5581,30.0,15.0,2.0,60,0.2639311951263214,-0.20820641462103573,0.3333333333333333,-0.06940213820701191,False,False,True,False,0.048683031714746416
SHORT,2,20-40,3.0,341,20.0,10.0,2.0,20,0.2639296187683284,-0.2082111436950148,0.3333333333333333,-0.06940371456500494,False,False,True,False,0.04868035190615827
LONG,2,20-40,3.5,144,30.0,15.0,2.0,20,0.2638888888888889,-0.20833333333333337,0.3333333333333333,-0.06944444444444442,False,False,True,False,0.04861111111111111
SHORT,2,60-80,1.5,5420,10.0,5.0,2.0,10,0.2638376383763837,-0.208487084870849,0.3333333333333333,-0.06949569495694963,False,False,True,False,0.048523985239852255
SHORT,1,20-40,3.0,273,10.0,5.0,2.0,10,0.2637362637362637,-0.20879120879120894,0.3333333333333333,-0.06959706959706963,False,False,True,False,0.04835164835164828
LONG,0,0-20,2.5,1085,30.0,15.0,2.0,60,0.2635944700460829,-0.2092165898617514,0.3333333333333333,-0.06973886328725043,False,False,True,False,0.04811059907834089
SHORT,2,0-20,4.0,129,20.0,10.0,2.0,60,0.2635658914728682,-0.2093023255813954,0.3333333333333333,-0.06976744186046513,False,False,True,False,0.04806201550387595
SHORT,2,60-80,2.5,869,20.0,10.0,2.0,30,0.2635212888377445,-0.20943613348676648,0.3333333333333333,-0.06981204449558881,False,False,True,False,0.04798619102416567
SHORT,0,60-80,2.5,1017,20.0,10.0,2.0,20,0.2635201573254671,-0.20943952802359878,0.3333333333333333,-0.06981317600786624,False,False,True,False,0.04798426745329403
SHORT,0,0-20,2.0,4503,10.0,5.0,2.0,10,0.2633799689096158,-0.20986009327115263,0.3333333333333333,-0.06995336442371752,False,False,True,False,0.04774594714634686
LONG,2,0-20,4.0,100,15.0,10.0,1.5,10,0.3,-0.25,0.4,-0.10000000000000003,False,False,True,False,0.047499999999999994
SHORT,2,0-20,1.5,7338,15.0,10.0,1.5,20,0.2999454892341237,-0.2501362769146908,0.4,-0.10005451076587635,False,False,True,False,0.04741687108203861
SHORT,2,60-80,3.0,285,20.0,10.0,2.0,60,0.2631578947368421,-0.21052631578947378,0.3333333333333333,-0.07017543859649122,False,False,True,False,0.04736842105263154
SHORT,2,60-80,3.5,133,30.0,15.0,2.0,20,0.2631578947368421,-0.21052631578947378,0.3333333333333333,-0.07017543859649122,False,False,True,False,0.04736842105263154
SHORT,2,60-80,3.5,133,30.0,15.0,2.0,30,0.2631578947368421,-0.21052631578947378,0.3333333333333333,-0.07017543859649122,False,False,True,False,0.04736842105263154
LONG,0,0-20,2.0,4136,20.0,10.0,2.0,20,0.2630560928433268,-0.2108317214700196,0.3333333333333333,-0.0702772404900065,False,False,True,False,0.04719535783365558
SHORT,2,20-40,2.5,943,10.0,5.0,2.0,60,0.2629904559915164,-0.21102863202545086,0.3333333333333333,-0.07034287734181693,False,False,True,False,0.04708377518557786
LONG,0,60-80,3.0,312,20.0,10.0,2.0,30,0.2628205128205128,-0.21153846153846168,0.3333333333333333,-0.07051282051282054,False,False,True,False,0.046794871794871726
LONG,2,80-100,1.5,4658,20.0,10.0,2.0,30,0.2627737226277372,-0.2116788321167885,0.3333333333333333,-0.07055961070559613,False,False,True,False,0.046715328467153205
LONG,1,40-60,2.5,990,30.0,15.0,2.0,20,0.2626262626262626,-0.21212121212121227,0.3333333333333333,-0.07070707070707072,False,False,True,False,0.0464646464646464
SHORT,0,40-60,3.0,179,10.0,5.0,2.0,20,0.2625698324022346,-0.2122905027932963,0.3333333333333333,-0.07076350093109873,False,False,True,False,0.04636871508379878
SHORT,0,60-80,2.5,1017,10.0,5.0,2.0,20,0.2625368731563421,-0.21238938053097367,0.3333333333333333,-0.0707964601769912,False,False,True,False,0.0463126843657816
LONG,2,80-100,3.0,305,20.0,10.0,2.0,20,0.2622950819672131,-0.21311475409836078,0.3333333333333333,-0.07103825136612024,False,False,True,False,0.045901639344262224
SHORT,0,20-40,2.0,3371,20.0,10.0,2.0,20,0.2622367250074162,-0.2132898249777514,0.3333333333333333,-0.07109660832591713,False,False,True,False,0.04580243251260754
SHORT,0,40-60,1.5,10374,20.0,10.0,2.0,20,0.2621939464044727,-0.21341816078658193,0.3333333333333333,-0.07113938692886063,False,False,True,False,0.045729708887603575
LONG,2,40-60,2.5,965,20.0,10.0,2.0,20,0.2621761658031088,-0.2134715025906736,0.3333333333333333,-0.0711571675302245,False,False,True,False,0.045699481865284976
LONG,2,20-40,2.0,2529,10.0,5.0,2.0,10,0.262158956109134,-0.21352313167259807,0.3333333333333333,-0.07117437722419934,False,False,True,False,0.04567022538552777
SHORT,0,0-20,2.5,1034,10.0,5.0,2.0,20,0.2620889748549323,-0.21373307543520303,0.3333333333333333,-0.071244358478401,False,False,True,False,0.045551257253384964
LONG,2,0-20,3.5,233,20.0,10.0,2.0,20,0.2618025751072961,-0.2145922746781117,0.3333333333333333,-0.07153075822603722,False,False,True,False,0.04506437768240338
LONG,1,20-40,3.0,359,5.0,5.0,1.0,60,0.3481894150417827,-0.3036211699164346,0.5,-0.1518105849582173,False,False,True,False,0.045055710306406635
LONG,1,20-40,3.0,359,5.0,5.0,1.0,120,0.3481894150417827,-0.3036211699164346,0.5,-0.1518105849582173,False,False,True,False,0.045055710306406635
LONG,0,0-20,2.5,1085,10.0,5.0,2.0,10,0.2617511520737327,-0.21474654377880198,0.3333333333333333,-0.07158218125960064,False,False,True,False,0.04497695852534555
SHORT,2,20-40,1.5,5581,15.0,10.0,1.5,20,0.2983336319655976,-0.254165920086006,0.4,-0.10166636803440243,False,False,True,False,0.04495878874753633
SHORT,1,40-60,3.0,260,30.0,15.0,2.0,60,0.2615384615384615,-0.2153846153846155,0.3333333333333333,-0.07179487179487182,False,False,True,False,0.04461538461538455
SHORT,1,40-60,3.0,260,30.0,15.0,2.0,120,0.2615384615384615,-0.2153846153846155,0.3333333333333333,-0.07179487179487182,False,False,True,False,0.04461538461538455
LONG,2,40-60,3.0,322,5.0,5.0,1.0,60,0.3478260869565217,-0.3043478260869566,0.5,-0.15217391304347833,False,False,True,False,0.044565217391304285
LONG,2,40-60,3.0,322,5.0,5.0,1.0,120,0.3478260869565217,-0.3043478260869566,0.5,-0.15217391304347833,False,False,True,False,0.044565217391304285
LONG,1,0-20,2.5,1369,30.0,15.0,2.0,30,0.2615047479912344,-0.21548575602629672,0.3333333333333333,-0.0718285853420989,False,False,True,False,0.04455807158509852
SHORT,2,80-100,3.0,218,30.0,15.0,2.0,30,0.2614678899082568,-0.21559633027522962,0.3333333333333333,-0.0718654434250765,False,False,True,False,0.044495412844036575
SHORT,2,20-40,3.5,153,20.0,10.0,2.0,10,0.261437908496732,-0.21568627450980404,0.3333333333333333,-0.07189542483660133,False,False,True,False,0.044444444444444384
SHORT,2,20-40,2.0,2575,30.0,15.0,2.0,60,0.2613592233009709,-0.21592233009708728,0.3333333333333333,-0.07197411003236243,False,False,True,False,0.04431067961165054
SHORT,1,0-20,2.5,930,30.0,15.0,2.0,30,0.2612903225806451,-0.21612903225806468,0.3333333333333333,-0.07204301075268821,False,False,True,False,0.044193548387096694
SHORT,0,0-20,3.0,222,10.0,5.0,2.0,20,0.2612612612612612,-0.21621621621621634,0.3333333333333333,-0.07207207207207211,False,False,True,False,0.044144144144144075
SHORT,0,0-20,3.0,222,10.0,5.0,2.0,30,0.2612612612612612,-0.21621621621621634,0.3333333333333333,-0.07207207207207211,False,False,True,False,0.044144144144144075
SHORT,0,80-100,1.5,10840,15.0,10.0,1.5,10,0.2977859778597786,-0.25553505535055343,0.4,-0.1022140221402214,False,False,True,False,0.0441236162361624
SHORT,2,0-20,2.0,3332,15.0,10.0,1.5,20,0.297719087635054,-0.255702280912365,0.4,-0.10228091236494602,False,False,True,False,0.044021608643457354
SHORT,1,0-20,3.5,157,30.0,15.0,2.0,20,0.2611464968152866,-0.2165605095541402,0.3333333333333333,-0.0721868365180467,False,False,True,False,0.04394904458598725
LONG,1,0-20,3.0,452,30.0,15.0,2.0,20,0.2610619469026549,-0.2168141592920353,0.3333333333333333,-0.07227138643067843,False,False,True,False,0.043805309734513326
LONG,2,0-20,2.5,1584,5.0,5.0,1.0,10,0.3472222222222222,-0.3055555555555556,0.5,-0.1527777777777778,False,False,True,False,0.04374999999999998
SHORT,0,80-100,2.0,3644,30.0,15.0,2.0,30,0.2609769484083424,-0.2170691547749728,0.3333333333333333,-0.07235638492499091,False,False,True,False,0.043660812294182096
LONG,2,40-60,3.0,322,20.0,10.0,2.0,10,0.2608695652173913,-0.21739130434782605,0.3333333333333333,-0.07246376811594202,False,False,True,False,0.04347826086956524
SHORT,2,0-20,3.0,481,15.0,10.0,1.5,10,0.2972972972972973,-0.2567567567567567,0.4,-0.10270270270270271,False,False,True,False,0.043378378378378414
SHORT,0,60-80,2.0,3855,20.0,10.0,2.0,20,0.2604409857328145,-0.21867704280155653,0.3333333333333333,-0.07289234760051883,False,False,True,False,0.042749675745784636
LONG,2,60-80,2.5,910,20.0,10.0,2.0,20,0.2604395604395604,-0.2186813186813188,0.3333333333333333,-0.07289377289377291,False,False,True,False,0.0427472527472527
SHORT,0,60-80,3.0,292,20.0,10.0,2.0,30,0.2602739726027397,-0.21917808219178092,0.3333333333333333,-0.0730593607305936,False,False,True,False,0.0424657534246575
SHORT,0,60-80,3.0,292,20.0,10.0,2.0,60,0.2602739726027397,-0.21917808219178092,0.3333333333333333,-0.0730593607305936,False,False,True,False,0.0424657534246575
SHORT,0,60-80,3.0,292,20.0,10.0,2.0,120,0.2602739726027397,-0.21917808219178092,0.3333333333333333,-0.0730593607305936,False,False,True,False,0.0424657534246575
SHORT,1,0-20,2.0,2700,15.0,10.0,1.5,10,0.2966666666666667,-0.2583333333333333,0.4,-0.10333333333333333,False,False,True,False,0.0424166666666667
LONG,2,60-80,2.0,2483,20.0,10.0,2.0,20,0.2601691502215062,-0.21949254933548135,0.3333333333333333,-0.0731641831118271,False,False,True,False,0.04228755537656058
SHORT,1,20-40,3.0,273,30.0,15.0,2.0,10,0.2600732600732601,-0.21978021978021978,0.3333333333333333,-0.07326007326007322,False,False,True,False,0.04212454212454215
SHORT,2,60-80,2.5,869,10.0,5.0,2.0,10,0.2600690448791715,-0.21979286536248555,0.3333333333333333,-0.07326428845416183,False,False,True,False,0.04211737629459154
SHORT,1,60-80,2.0,2611,30.0,15.0,2.0,30,0.260053619302949,-0.21983914209115296,0.3333333333333333,-0.0732797140303843,False,False,True,False,0.042091152815013334
LONG,0,0-20,3.0,253,15.0,10.0,1.5,10,0.2964426877470356,-0.258893280632411,0.4,-0.10355731225296444,False,False,True,False,0.04207509881422927
LONG,2,0-20,4.0,100,30.0,15.0,2.0,30,0.26,-0.21999999999999997,0.3333333333333333,-0.0733333333333333,False,False,True,False,0.04200000000000002
LONG,2,0-20,4.0,100,30.0,15.0,2.0,60,0.26,-0.21999999999999997,0.3333333333333333,-0.0733333333333333,False,False,True,False,0.04200000000000002
SHORT,2,0-20,3.0,481,20.0,10.0,2.0,20,0.2598752598752599,-0.2203742203742204,0.3333333333333333,-0.07345807345807343,False,False,True,False,0.0417879417879418
SHORT,2,20-40,2.0,2575,10.0,5.0,2.0,20,0.2598058252427184,-0.22058252427184477,0.3333333333333333,-0.07352750809061492,False,False,True,False,0.04166990291262129
LONG,1,60-80,1.5,6118,20.0,10.0,2.0,10,0.2597254004576659,-0.2208237986270023,0.3333333333333333,-0.07360793287566741,False,False,True,False,0.04153318077803203
SHORT,2,80-100,1.5,4737,30.0,15.0,2.0,60,0.25965801139962,-0.22102596580113987,0.3333333333333333,-0.07367532193371329,False,False,True,False,0.041418619379354066
LONG,1,80-100,3.0,547,30.0,15.0,2.0,20,0.2595978062157221,-0.22120658135283378,0.3333333333333333,-0.07373552711761122,False,False,True,False,0.04131627056672755
LONG,1,20-40,3.0,359,5.0,5.0,1.0,10,0.3454038997214484,-0.3091922005571032,0.5,-0.15459610027855158,False,False,True,False,0.041295264623955344
LONG,1,20-40,3.0,359,5.0,5.0,1.0,20,0.3454038997214484,-0.3091922005571032,0.5,-0.15459610027855158,False,False,True,False,0.041295264623955344
LONG,1,20-40,3.0,359,5.0,5.0,1.0,30,0.3454038997214484,-0.3091922005571032,0.5,-0.15459610027855158,False,False,True,False,0.041295264623955344
LONG,0,60-80,2.0,3715,20.0,10.0,2.0,10,0.2594885598923284,-0.2215343203230148,0.3333333333333333,-0.07384477344100493,False,False,True,False,0.04113055181695829
LONG,1,0-20,2.5,1369,20.0,10.0,2.0,10,0.2593133674214755,-0.22205989773557355,0.3333333333333333,-0.07401996591185783,False,False,True,False,0.040832724616508324
LONG,1,60-80,3.0,342,5.0,5.0,1.0,10,0.3450292397660818,-0.3099415204678364,0.5,-0.1549707602339182,False,False,True,False,0.04078947368421044
LONG,1,60-80,3.0,342,5.0,5.0,1.0,20,0.3450292397660818,-0.3099415204678364,0.5,-0.1549707602339182,False,False,True,False,0.04078947368421044
LONG,1,60-80,3.0,342,5.0,5.0,1.0,30,0.3450292397660818,-0.3099415204678364,0.5,-0.1549707602339182,False,False,True,False,0.04078947368421044
LONG,1,60-80,3.0,342,5.0,5.0,1.0,60,0.3450292397660818,-0.3099415204678364,0.5,-0.1549707602339182,False,False,True,False,0.04078947368421044
LONG,1,60-80,3.0,342,5.0,5.0,1.0,120,0.3450292397660818,-0.3099415204678364,0.5,-0.1549707602339182,False,False,True,False,0.04078947368421044
SHORT,2,40-60,3.5,139,20.0,10.0,2.0,20,0.2589928057553957,-0.223021582733813,0.3333333333333333,-0.07434052757793763,False,False,True,False,0.04028776978417265
SHORT,2,40-60,3.5,139,20.0,10.0,2.0,30,0.2589928057553957,-0.223021582733813,0.3333333333333333,-0.07434052757793763,False,False,True,False,0.04028776978417265
SHORT,2,40-60,3.5,139,20.0,10.0,2.0,60,0.2589928057553957,-0.223021582733813,0.3333333333333333,-0.07434052757793763,False,False,True,False,0.04028776978417265
SHORT,2,40-60,3.5,139,30.0,15.0,2.0,60,0.2589928057553957,-0.223021582733813,0.3333333333333333,-0.07434052757793763,False,False,True,False,0.04028776978417265
LONG,2,60-80,2.0,2483,15.0,10.0,1.5,10,0.2952074103906564,-0.26198147402335903,0.4,-0.10479258960934362,False,False,True,False,0.04019130084575101
SHORT,2,40-60,3.0,282,20.0,10.0,2.0,20,0.2588652482269503,-0.2234042553191492,0.3333333333333333,-0.07446808510638303,False,False,True,False,0.04007092198581547
LONG,0,20-40,2.5,877,20.0,10.0,2.0,10,0.2588369441277081,-0.22348916761687576,0.3333333333333333,-0.07449638920562524,False,False,True,False,0.040022805017103744
SHORT,2,0-20,3.5,244,15.0,10.0,1.5,10,0.2950819672131147,-0.2622950819672133,0.4,-0.10491803278688533,False,False,True,False,0.03999999999999991
SHORT,2,40-60,2.5,823,10.0,5.0,2.0,10,0.2588092345078979,-0.2235722964763064,0.3333333333333333,-0.07452409882543543,False,False,True,False,0.0399756986634264
SHORT,1,60-80,3.5,174,20.0,10.0,2.0,10,0.2586206896551724,-0.22413793103448287,0.3333333333333333,-0.07471264367816094,False,False,True,False,0.03965517241379305
SHORT,1,0-20,3.0,352,30.0,15.0,2.0,20,0.2585227272727273,-0.22443181818181812,0.3333333333333333,-0.07481060606060602,False,False,True,False,0.039488636363636406
SHORT,2,0-20,4.0,129,15.0,10.0,1.5,10,0.2945736434108527,-0.2635658914728683,0.4,-0.10542635658914734,False,False,True,False,0.03922480620155035
LONG,1,40-60,2.0,2570,30.0,15.0,2.0,20,0.2583657587548638,-0.22490272373540865,0.3333333333333333,-0.07496757457846953,False,False,True,False,0.039221789883268444
SHORT,2,20-40,1.5,5581,20.0,10.0,2.0,30,0.2581974556531087,-0.2254076330406739,0.3333333333333333,-0.07513587768022462,False,False,True,False,0.03893567461028479
SHORT,2,0-20,3.5,244,20.0,10.0,2.0,30,0.2581967213114754,-0.22540983606557374,0.3333333333333333,-0.0751366120218579,False,False,True,False,0.03893442622950821
SHORT,1,40-60,2.5,686,10.0,5.0,2.0,10,0.2580174927113702,-0.2259475218658894,0.3333333333333333,-0.07531584062196311,False,False,True,False,0.03862973760932935
SHORT,1,40-60,2.5,686,30.0,15.0,2.0,30,0.2580174927113702,-0.2259475218658894,0.3333333333333333,-0.07531584062196311,False,False,True,False,0.03862973760932935
SHORT,2,20-40,3.5,153,15.0,10.0,1.5,10,0.2941176470588235,-0.2647058823529413,0.4,-0.10588235294117654,False,False,True,False,0.03852941176470582
SHORT,1,80-100,1.5,8389,30.0,15.0,2.0,20,0.2579568482536655,-0.22612945523900352,0.3333333333333333,-0.07537648507966782,False,False,True,False,0.038526642031231344
LONG,0,80-100,3.0,256,20.0,10.0,2.0,10,0.2578125,-0.2265625,0.3333333333333333,-0.07552083333333331,False,False,True,False,0.03828125000000002
LONG,2,60-80,2.5,910,15.0,10.0,1.5,10,0.2934065934065934,-0.2664835164835164,0.4,-0.1065934065934066,False,False,True,False,0.03744505494505498
LONG,0,80-100,2.0,3477,30.0,15.0,2.0,20,0.2571182053494392,-0.22864538395168243,0.3333333333333333,-0.07621512798389413,False,False,True,False,0.03710094909404663
LONG,0,40-60,1.5,8453,30.0,15.0,2.0,30,0.2570684963918135,-0.22879451082455948,0.3333333333333333,-0.07626483694151981,False,False,True,False,0.03701644386608297
SHORT,0,40-60,3.0,179,10.0,5.0,2.0,10,0.2569832402234637,-0.22905027932960886,0.3333333333333333,-0.07635009310986962,False,False,True,False,0.036871508379888306
LONG,0,20-40,2.0,3191,30.0,15.0,2.0,30,0.2569727358194923,-0.22908179254152305,0.3333333333333333,-0.076360597513841,False,False,True,False,0.03685365089313695
LONG,0,0-20,3.0,253,20.0,10.0,2.0,30,0.2569169960474308,-0.22924901185770763,0.3333333333333333,-0.07641633728590252,False,False,True,False,0.03675889328063235
SHORT,0,0-20,1.5,13687,20.0,10.0,2.0,20,0.2568130342660919,-0.22956089720172423,0.3333333333333333,-0.07652029906724139,False,False,True,False,0.03658215825235627
SHORT,0,0-20,3.0,222,15.0,10.0,1.5,30,0.2927927927927928,-0.268018018018018,0.4,-0.10720720720720722,False,False,True,False,0.036509009009009025
SHORT,1,40-60,2.0,2038,30.0,15.0,2.0,30,0.2566241413150147,-0.23012757605495582,0.3333333333333333,-0.0767091920183186,False,False,True,False,0.03626104023552503
LONG,0,0-20,1.5,11227,15.0,10.0,1.5,10,0.2925982007660105,-0.26850449808497373,0.4,-0.10740179923398951,False,False,True,False,0.036212256168166035
LONG,2,40-60,3.0,322,5.0,5.0,1.0,20,0.3416149068322981,-0.31677018633540377,0.5,-0.15838509316770188,False,False,True,False,0.036180124223602464
LONG,2,40-60,3.0,322,5.0,5.0,1.0,30,0.3416149068322981,-0.31677018633540377,0.5,-0.15838509316770188,False,False,True,False,0.036180124223602464
LONG,0,0-20,1.5,11227,20.0,10.0,2.0,20,0.2565244499866393,-0.23042665004008211,0.3333333333333333,-0.076808883346694,False,False,True,False,0.03609156497728683
LONG,2,60-80,3.0,312,30.0,15.0,2.0,30,0.2564102564102564,-0.23076923076923084,0.3333333333333333,-0.07692307692307693,False,False,True,False,0.03589743589743587
LONG,2,20-40,2.5,1030,10.0,5.0,2.0,10,0.2563106796116505,-0.23106796116504846,0.3333333333333333,-0.07702265372168282,False,False,True,False,0.03572815533980586
LONG,0,60-80,2.5,1112,20.0,10.0,2.0,10,0.256294964028777,-0.23111510791366896,0.3333333333333333,-0.07703836930455632,False,False,True,False,0.03570143884892092
SHORT,2,80-100,2.5,730,30.0,15.0,2.0,60,0.2561643835616438,-0.2315068493150686,0.3333333333333333,-0.07716894977168953,False,False,True,False,0.03547945205479446
SHORT,2,0-20,2.0,3332,20.0,10.0,2.0,30,0.2560024009603842,-0.23199279711884746,0.3333333333333333,-0.07733093237294913,False,False,True,False,0.03520408163265312
LONG,2,0-20,3.0,598,10.0,5.0,2.0,120,0.2558528428093645,-0.23244147157190653,0.3333333333333333,-0.07748049052396883,False,False,True,False,0.03494983277591965
LONG,1,60-80,2.0,2744,30.0,15.0,2.0,20,0.2558309037900874,-0.2325072886297378,0.3333333333333333,-0.07750242954324593,False,False,True,False,0.03491253644314858
SHORT,1,20-40,3.0,273,5.0,5.0,1.0,10,0.3406593406593406,-0.3186813186813188,0.5,-0.15934065934065939,False,False,True,False,0.034890109890109815
SHORT,1,20-40,3.0,273,5.0,5.0,1.0,20,0.3406593406593406,-0.3186813186813188,0.5,-0.15934065934065939,False,False,True,False,0.034890109890109815
SHORT,1,20-40,3.0,273,5.0,5.0,1.0,30,0.3406593406593406,-0.3186813186813188,0.5,-0.15934065934065939,False,False,True,False,0.034890109890109815
SHORT,1,20-40,3.0,273,5.0,5.0,1.0,60,0.3406593406593406,-0.3186813186813188,0.5,-0.15934065934065939,False,False,True,False,0.034890109890109815
SHORT,1,20-40,3.0,273,5.0,5.0,1.0,120,0.3406593406593406,-0.3186813186813188,0.5,-0.15934065934065939,False,False,True,False,0.034890109890109815
SHORT,2,20-40,2.5,943,10.0,5.0,2.0,30,0.2555673382820784,-0.23329798515376476,0.3333333333333333,-0.07776599505125492,False,False,True,False,0.03446447507953329
SHORT,0,60-80,1.5,11293,15.0,10.0,1.5,10,0.2914194633843974,-0.2714513415390065,0.4,-0.10858053661560263,False,False,True,False,0.03441468166120603
LONG,0,60-80,2.5,1112,30.0,15.0,2.0,20,0.2553956834532374,-0.23381294964028787,0.3333333333333333,-0.07793764988009594,False,False,True,False,0.034172661870503544
SHORT,0,0-20,2.0,4503,20.0,10.0,2.0,20,0.2553852986897624,-0.23384410393071275,0.3333333333333333,-0.07794803464357092,False,False,True,False,0.034155007772596106
LONG,0,0-20,2.5,1085,15.0,10.0,1.5,10,0.2912442396313364,-0.27188940092165903,0.4,-0.10875576036866363,False,False,True,False,0.034147465437788
SHORT,2,60-80,3.0,285,15.0,10.0,1.5,30,0.2912280701754386,-0.27192982456140347,0.4,-0.10877192982456141,False,False,True,False,0.03412280701754389
LONG,0,0-20,2.5,1085,20.0,10.0,2.0,20,0.2552995391705069,-0.23410138248847934,0.3333333333333333,-0.07803379416282641,False,False,True,False,0.03400921658986173
LONG,1,40-60,3.5,145,10.0,5.0,2.0,10,0.2551724137931034,-0.2344827586206898,0.3333333333333333,-0.07816091954022991,False,False,True,False,0.03379310344827579
LONG,1,40-60,3.5,145,10.0,5.0,2.0,20,0.2551724137931034,-0.2344827586206898,0.3333333333333333,-0.07816091954022991,False,False,True,False,0.03379310344827579
LONG,1,40-60,3.5,145,10.0,5.0,2.0,30,0.2551724137931034,-0.2344827586206898,0.3333333333333333,-0.07816091954022991,False,False,True,False,0.03379310344827579
LONG,1,40-60,3.5,145,10.0,5.0,2.0,60,0.2551724137931034,-0.2344827586206898,0.3333333333333333,-0.07816091954022991,False,False,True,False,0.03379310344827579
LONG,1,40-60,3.5,145,10.0,5.0,2.0,120,0.2551724137931034,-0.2344827586206898,0.3333333333333333,-0.07816091954022991,False,False,True,False,0.03379310344827579
SHORT,1,80-100,4.0,102,20.0,10.0,2.0,10,0.2549019607843137,-0.23529411764705888,0.3333333333333333,-0.0784313725490196,False,False,True,False,0.03333333333333331
SHORT,1,80-100,4.0,102,20.0,10.0,2.0,20,0.2549019607843137,-0.23529411764705888,0.3333333333333333,-0.0784313725490196,False,False,True,False,0.03333333333333331
SHORT,1,80-100,4.0,102,20.0,10.0,2.0,30,0.2549019607843137,-0.23529411764705888,0.3333333333333333,-0.0784313725490196,False,False,True,False,0.03333333333333331
SHORT,1,80-100,4.0,102,20.0,10.0,2.0,60,0.2549019607843137,-0.23529411764705888,0.3333333333333333,-0.0784313725490196,False,False,True,False,0.03333333333333331
SHORT,1,80-100,4.0,102,20.0,10.0,2.0,120,0.2549019607843137,-0.23529411764705888,0.3333333333333333,-0.0784313725490196,False,False,True,False,0.03333333333333331
LONG,2,20-40,1.5,5263,20.0,10.0,2.0,20,0.2547976439293178,-0.23560706821204658,0.3333333333333333,-0.07853568940401551,False,False,True,False,0.03315599467984029
SHORT,1,0-20,1.5,7041,10.0,5.0,2.0,10,0.2547933532168726,-0.23561994034938227,0.3333333333333333,-0.07853998011646074,False,False,True,False,0.03314870046868339
LONG,2,40-60,3.0,322,30.0,15.0,2.0,30,0.2546583850931677,-0.236024844720497,0.3333333333333333,-0.07867494824016563,False,False,True,False,0.03291925465838505
LONG,2,40-60,3.0,322,10.0,5.0,2.0,120,0.2546583850931677,-0.236024844720497,0.3333333333333333,-0.07867494824016563,False,False,True,False,0.03291925465838505
LONG,0,80-100,2.0,3477,20.0,10.0,2.0,10,0.2545297670405522,-0.23641069887834343,0.3333333333333333,-0.07880356629278112,False,False,True,False,0.032700603968938736
SHORT,0,0-20,2.5,1034,20.0,10.0,2.0,30,0.2543520309477756,-0.23694390715667324,0.3333333333333333,-0.07898130238555773,False,False,True,False,0.032398452611218514
SHORT,2,20-40,2.0,2575,15.0,10.0,1.5,20,0.2900970873786407,-0.27475728155339824,0.4,-0.10990291262135932,False,False,True,False,0.03239805825242709
LONG,0,20-40,2.5,877,30.0,15.0,2.0,20,0.2542759407069555,-0.23717217787913347,0.3333333333333333,-0.07905739262637779,False,False,True,False,0.032269099201824386
LONG,1,20-40,3.5,118,30.0,15.0,2.0,20,0.2542372881355932,-0.23728813559322037,0.3333333333333333,-0.0790960451977401,False,False,True,False,0.03220338983050846
LONG,2,40-60,3.0,322,5.0,5.0,1.0,10,0.3385093167701863,-0.32298136645962744,0.5,-0.1614906832298137,False,False,True,False,0.031987577639751505
SHORT,2,0-20,3.5,244,30.0,15.0,2.0,20,0.2540983606557377,-0.23770491803278693,0.3333333333333333,-0.0792349726775956,False,False,True,False,0.031967213114754096
SHORT,1,40-60,3.0,260,5.0,5.0,1.0,30,0.3384615384615385,-0.32307692307692304,0.5,-0.16153846153846152,False,False,True,False,0.03192307692307696
SHORT,1,40-60,3.0,260,5.0,5.0,1.0,60,0.3384615384615385,-0.32307692307692304,0.5,-0.16153846153846152,False,False,True,False,0.03192307692307696
SHORT,1,40-60,3.0,260,5.0,5.0,1.0,120,0.3384615384615385,-0.32307692307692304,0.5,-0.16153846153846152,False,False,True,False,0.03192307692307696
LONG,1,40-60,1.5,5617,30.0,15.0,2.0,20,0.254050204735624,-0.23784938579312798,0.3333333333333333,-0.07928312859770931,False,False,True,False,0.03188534805056081
SHORT,1,80-100,2.0,3453,20.0,10.0,2.0,10,0.2539820445988995,-0.2380538662033015,0.3333333333333333,-0.07935128873443381,False,False,True,False,0.03176947581812916
LONG,0,80-100,1.5,9442,30.0,15.0,2.0,20,0.253971616183012,-0.23808515145096398,0.3333333333333333,-0.07936171715032131,False,False,True,False,0.031751747511120414
SHORT,1,40-60,1.5,5231,30.0,15.0,2.0,30,0.2538711527432613,-0.23838654177021612,0.3333333333333333,-0.07946218059007204,False,False,True,False,0.0315809596635442
LONG,0,80-100,1.5,9442,20.0,10.0,2.0,10,0.2537597966532514,-0.2387206100402458,0.3333333333333333,-0.07957353668008194,False,False,True,False,0.03139165431052737
LONG,1,0-20,2.0,3468,30.0,15.0,2.0,30,0.2537485582468281,-0.23875432525951557,0.3333333333333333,-0.07958477508650519,False,False,True,False,0.03137254901960784
LONG,1,40-60,3.0,347,30.0,15.0,2.0,10,0.2536023054755043,-0.23919308357348712,0.3333333333333333,-0.07973102785782904,False,False,True,False,0.031123919308357298
SHORT,0,60-80,3.0,292,20.0,10.0,2.0,20,0.2534246575342466,-0.23972602739726023,0.3333333333333333,-0.07990867579908673,False,False,True,False,0.030821917808219218
SHORT,1,0-20,3.5,157,5.0,5.0,1.0,10,0.3375796178343949,-0.3248407643312103,0.5,-0.16242038216560511,False,False,True,False,0.03073248407643308
SHORT,1,0-20,3.5,157,5.0,5.0,1.0,20,0.3375796178343949,-0.3248407643312103,0.5,-0.16242038216560511,False,False,True,False,0.03073248407643308
SHORT,1,0-20,3.5,157,5.0,5.0,1.0,30,0.3375796178343949,-0.3248407643312103,0.5,-0.16242038216560511,False,False,True,False,0.03073248407643308
SHORT,1,0-20,3.5,157,5.0,5.0,1.0,60,0.3375796178343949,-0.3248407643312103,0.5,-0.16242038216560511,False,False,True,False,0.03073248407643308
SHORT,1,0-20,3.5,157,5.0,5.0,1.0,120,0.3375796178343949,-0.3248407643312103,0.5,-0.16242038216560511,False,False,True,False,0.03073248407643308
LONG,2,0-20,1.5,7797,10.0,5.0,2.0,10,0.2533025522636911,-0.2400923432089267,0.3333333333333333,-0.08003078106964223,False,False,True,False,0.030614338848274872
LONG,2,0-20,3.5,233,10.0,5.0,2.0,60,0.2532188841201717,-0.24034334763948495,0.3333333333333333,-0.08011444921316163,False,False,True,False,0.030472103004291866
LONG,2,0-20,3.5,233,10.0,5.0,2.0,120,0.2532188841201717,-0.24034334763948495,0.3333333333333333,-0.08011444921316163,False,False,True,False,0.030472103004291866
LONG,0,60-80,3.0,312,20.0,10.0,2.0,20,0.2532051282051282,-0.24038461538461542,0.3333333333333333,-0.08012820512820512,False,False,True,False,0.030448717948717938
SHORT,1,60-80,1.5,6537,30.0,15.0,2.0,30,0.2531742389475294,-0.2404772831574119,0.3333333333333333,-0.08015909438580393,False,False,True,False,0.030396206210799942
SHORT,2,20-40,3.0,341,5.0,5.0,1.0,20,0.3372434017595307,-0.32551319648093857,0.5,-0.16275659824046929,False,False,True,False,0.03027859237536647
SHORT,2,20-40,3.0,341,5.0,5.0,1.0,30,0.3372434017595307,-0.32551319648093857,0.5,-0.16275659824046929,False,False,True,False,0.03027859237536647
SHORT,2,20-40,3.0,341,5.0,5.0,1.0,60,0.3372434017595307,-0.32551319648093857,0.5,-0.16275659824046929,False,False,True,False,0.03027859237536647
SHORT,2,20-40,3.0,341,5.0,5.0,1.0,120,0.3372434017595307,-0.32551319648093857,0.5,-0.16275659824046929,False,False,True,False,0.03027859237536647
SHORT,1,80-100,3.0,431,30.0,15.0,2.0,10,0.2529002320185615,-0.24129930394431554,0.3333333333333333,-0.08043310131477183,False,False,True,False,0.029930394431554534
SHORT,1,60-80,3.5,174,30.0,15.0,2.0,10,0.2528735632183908,-0.24137931034482774,0.3333333333333333,-0.08045977011494254,False,False,True,False,0.029885057471264305
SHORT,0,60-80,2.5,1017,10.0,5.0,2.0,10,0.2527040314650934,-0.24188790560471973,0.3333333333333333,-0.08062930186823991,False,False,True,False,0.02959685349065882
SHORT,2,60-80,3.0,285,30.0,15.0,2.0,30,0.2526315789473684,-0.24210526315789493,0.3333333333333333,-0.08070175438596494,False,False,True,False,0.029473684210526225
SHORT,2,60-80,3.0,285,10.0,5.0,2.0,60,0.2526315789473684,-0.24210526315789493,0.3333333333333333,-0.08070175438596494,False,False,True,False,0.029473684210526225
SHORT,2,60-80,3.0,285,10.0,5.0,2.0,120,0.2526315789473684,-0.24210526315789493,0.3333333333333333,-0.08070175438596494,False,False,True,False,0.029473684210526225
LONG,2,60-80,3.5,101,5.0,5.0,1.0,10,0.3366336633663366,-0.3267326732673268,0.5,-0.1633663366336634,False,False,True,False,0.029455445544554416
LONG,2,60-80,3.5,101,5.0,5.0,1.0,20,0.3366336633663366,-0.3267326732673268,0.5,-0.1633663366336634,False,False,True,False,0.029455445544554416
LONG,2,60-80,3.5,101,5.0,5.0,1.0,30,0.3366336633663366,-0.3267326732673268,0.5,-0.1633663366336634,False,False,True,False,0.029455445544554416
LONG,2,60-80,3.5,101,5.0,5.0,1.0,60,0.3366336633663366,-0.3267326732673268,0.5,-0.1633663366336634,False,False,True,False,0.029455445544554416
LONG,2,60-80,3.5,101,5.0,5.0,1.0,120,0.3366336633663366,-0.3267326732673268,0.5,-0.1633663366336634,False,False,True,False,0.029455445544554416
LONG,2,0-20,3.0,598,10.0,5.0,2.0,60,0.2525083612040134,-0.24247491638795993,0.3333333333333333,-0.08082497212931994,False,False,True,False,0.02926421404682273
SHORT,2,80-100,3.5,103,10.0,5.0,2.0,10,0.2524271844660194,-0.24271844660194175,0.3333333333333333,-0.0809061488673139,False,False,True,False,0.029126213592233025
SHORT,2,80-100,3.5,103,10.0,5.0,2.0,20,0.2524271844660194,-0.24271844660194175,0.3333333333333333,-0.0809061488673139,False,False,True,False,0.029126213592233025
SHORT,2,80-100,3.5,103,10.0,5.0,2.0,30,0.2524271844660194,-0.24271844660194175,0.3333333333333333,-0.0809061488673139,False,False,True,False,0.029126213592233025
SHORT,2,80-100,3.5,103,10.0,5.0,2.0,60,0.2524271844660194,-0.24271844660194175,0.3333333333333333,-0.0809061488673139,False,False,True,False,0.029126213592233025
SHORT,2,80-100,3.5,103,10.0,5.0,2.0,120,0.2524271844660194,-0.24271844660194175,0.3333333333333333,-0.0809061488673139,False,False,True,False,0.029126213592233025
SHORT,0,0-20,2.5,1034,30.0,15.0,2.0,60,0.2524177949709865,-0.24274661508704054,0.3333333333333333,-0.08091553836234683,False,False,True,False,0.02911025145067703
SHORT,0,0-20,3.0,222,20.0,10.0,2.0,60,0.2522522522522522,-0.24324324324324353,0.3333333333333333,-0.08108108108108114,False,False,True,False,0.02882882882882868
SHORT,2,60-80,3.0,285,15.0,10.0,1.5,20,0.287719298245614,-0.280701754385965,0.4,-0.11228070175438604,False,False,True,False,0.02877192982456134
LONG,2,40-60,1.5,5279,20.0,10.0,2.0,20,0.2521310854328471,-0.24360674370145863,0.3333333333333333,-0.08120224790048619,False,False,True,False,0.02862284523584012
SHORT,0,20-40,1.5,10677,20.0,10.0,2.0,20,0.252130748337548,-0.24360775498735598,0.3333333333333333,-0.08120258499578531,False,False,True,False,0.028622272173831613
LONG,2,40-60,2.0,2572,20.0,10.0,2.0,20,0.2519440124416796,-0.24416796267496121,0.3333333333333333,-0.08138932089165374,False,False,True,False,0.02830482115085531
SHORT,0,60-80,3.0,292,5.0,5.0,1.0,20,0.3356164383561644,-0.3287671232876712,0.5,-0.1643835616438356,False,False,True,False,0.028082191780821938
SHORT,0,60-80,3.0,292,5.0,5.0,1.0,30,0.3356164383561644,-0.3287671232876712,0.5,-0.1643835616438356,False,False,True,False,0.028082191780821938
SHORT,0,60-80,3.0,292,5.0,5.0,1.0,60,0.3356164383561644,-0.3287671232876712,0.5,-0.1643835616438356,False,False,True,False,0.028082191780821938
SHORT,0,60-80,3.0,292,5.0,5.0,1.0,120,0.3356164383561644,-0.3287671232876712,0.5,-0.1643835616438356,False,False,True,False,0.028082191780821938
SHORT,2,40-60,3.5,139,20.0,10.0,2.0,10,0.2517985611510791,-0.24460431654676262,0.3333333333333333,-0.08153477218225419,False,False,True,False,0.028057553956834517
SHORT,2,40-60,3.0,282,15.0,10.0,1.5,10,0.2872340425531915,-0.2819148936170212,0.4,-0.1127659574468085,False,False,True,False,0.028031914893617067
SHORT,1,20-40,2.5,703,20.0,10.0,2.0,10,0.251778093883357,-0.24466571834992912,0.3333333333333333,-0.08155523944997634,False,False,True,False,0.02802275960170686
SHORT,2,40-60,3.0,282,30.0,15.0,2.0,30,0.25177304964539,-0.24468085106382997,0.3333333333333333,-0.08156028368794332,False,False,True,False,0.028014184397163015
LONG,2,60-80,1.5,5060,20.0,10.0,2.0,20,0.2515810276679842,-0.24525691699604746,0.3333333333333333,-0.08175230566534913,False,False,True,False,0.02768774703557312
LONG,2,40-60,3.0,322,10.0,5.0,2.0,60,0.2515527950310559,-0.24534161490683237,0.3333333333333333,-0.08178053830227744,False,False,True,False,0.027639751552795
SHORT,0,40-60,3.0,179,5.0,5.0,1.0,10,0.3351955307262569,-0.32960893854748624,0.5,-0.1648044692737431,False,False,True,False,0.02751396648044682
SHORT,0,40-60,3.0,179,5.0,5.0,1.0,20,0.3351955307262569,-0.32960893854748624,0.5,-0.1648044692737431,False,False,True,False,0.02751396648044682
SHORT,0,40-60,3.0,179,5.0,5.0,1.0,30,0.3351955307262569,-0.32960893854748624,0.5,-0.1648044692737431,False,False,True,False,0.02751396648044682
SHORT,0,40-60,3.0,179,5.0,5.0,1.0,60,0.3351955307262569,-0.32960893854748624,0.5,-0.1648044692737431,False,False,True,False,0.02751396648044682
SHORT,0,40-60,3.0,179,5.0,5.0,1.0,120,0.3351955307262569,-0.32960893854748624,0.5,-0.1648044692737431,False,False,True,False,0.02751396648044682
LONG,0,60-80,2.0,3715,30.0,15.0,2.0,20,0.2514131897711978,-0.24576043068640663,0.3333333333333333,-0.0819201435621355,False,False,True,False,0.027402422611036266
LONG,2,80-100,2.5,944,20.0,10.0,2.0,20,0.2510593220338983,-0.24682203389830504,0.3333333333333333,-0.08227401129943501,False,False,True,False,0.02680084745762714
SHORT,1,40-60,3.0,260,5.0,5.0,1.0,20,0.3346153846153846,-0.33076923076923087,0.5,-0.1653846153846154,False,False,True,False,0.026730769230769193
SHORT,0,40-60,1.5,10374,15.0,10.0,1.5,10,0.2861962598804704,-0.28450935029882396,0.4,-0.1138037401195296,False,False,True,False,0.0264492963177174
SHORT,0,60-80,2.5,1017,15.0,10.0,1.5,10,0.2861356932153392,-0.284660766961652,0.4,-0.11386430678466081,False,False,True,False,0.026356932153392302
SHORT,2,80-100,2.5,730,20.0,10.0,2.0,20,0.2506849315068493,-0.2479452054794521,0.3333333333333333,-0.08264840182648403,False,False,True,False,0.026164383561643814
LONG,1,0-20,1.5,7283,30.0,15.0,2.0,30,0.2505835507345874,-0.24824934779623786,0.3333333333333333,-0.08274978259874594,False,False,True,False,0.02599203624879856
SHORT,2,60-80,3.5,133,15.0,10.0,1.5,30,0.2857142857142857,-0.28571428571428575,0.4,-0.11428571428571432,False,False,True,False,0.025714285714285696
SHORT,2,60-80,3.5,133,15.0,10.0,1.5,60,0.2857142857142857,-0.28571428571428575,0.4,-0.11428571428571432,False,False,True,False,0.025714285714285696
SHORT,2,60-80,3.5,133,15.0,10.0,1.5,120,0.2857142857142857,-0.28571428571428575,0.4,-0.11428571428571432,False,False,True,False,0.025714285714285696
SHORT,1,80-100,1.5,8389,20.0,10.0,2.0,10,0.2503278102276791,-0.2490165693169627,0.3333333333333333,-0.08300552310565423,False,False,True,False,0.02555727738705446
LONG,2,20-40,2.5,1030,15.0,10.0,1.5,10,0.2854368932038835,-0.28640776699029125,0.4,-0.11456310679611653,False,False,True,False,0.025291262135922334
LONG,2,20-40,3.0,348,20.0,10.0,2.0,20,0.25,-0.25,0.3333333333333333,-0.08333333333333331,False,False,True,False,0.02500000000000001
LONG,2,20-40,3.0,348,10.0,5.0,2.0,60,0.25,-0.25,0.3333333333333333,-0.08333333333333331,False,False,True,False,0.02500000000000001
LONG,2,20-40,3.0,348,10.0,5.0,2.0,120,0.25,-0.25,0.3333333333333333,-0.08333333333333331,False,False,True,False,0.02500000000000001
LONG,0,60-80,3.0,312,30.0,15.0,2.0,20,0.25,-0.25,0.3333333333333333,-0.08333333333333331,False,False,True,False,0.02500000000000001
SHORT,1,40-60,3.0,260,30.0,15.0,2.0,30,0.25,-0.25,0.3333333333333333,-0.08333333333333331,False,False,True,False,0.02500000000000001
SHORT,2,0-20,3.5,244,20.0,10.0,2.0,20,0.25,-0.25,0.3333333333333333,-0.08333333333333331,False,False,True,False,0.02500000000000001
LONG,0,20-40,3.0,236,20.0,10.0,2.0,10,0.25,-0.25,0.3333333333333333,-0.08333333333333331,False,False,True,False,0.02500000000000001
LONG,1,0-20,3.5,172,30.0,15.0,2.0,10,0.25,-0.25,0.3333333333333333,-0.08333333333333331,False,False,True,False,0.02500000000000001
LONG,0,80-100,3.5,116,30.0,15.0,2.0,10,0.25,-0.25,0.3333333333333333,-0.08333333333333331,False,False,True,False,0.02500000000000001
LONG,0,80-100,3.5,116,10.0,5.0,2.0,20,0.25,-0.25,0.3333333333333333,-0.08333333333333331,False,False,True,False,0.02500000000000001
LONG,0,80-100,3.5,116,10.0,5.0,2.0,30,0.25,-0.25,0.3333333333333333,-0.08333333333333331,False,False,True,False,0.02500000000000001
LONG,0,80-100,3.5,116,10.0,5.0,2.0,60,0.25,-0.25,0.3333333333333333,-0.08333333333333331,False,False,True,False,0.02500000000000001
LONG,0,80-100,3.5,116,10.0,5.0,2.0,120,0.25,-0.25,0.3333333333333333,-0.08333333333333331,False,False,True,False,0.02500000000000001
LONG,2,0-20,4.0,100,20.0,10.0,2.0,20,0.25,-0.25,0.3333333333333333,-0.08333333333333331,False,False,True,False,0.02500000000000001
SHORT,0,40-60,2.0,3424,15.0,10.0,1.5,10,0.2850467289719626,-0.2873831775700935,0.4,-0.11495327102803743,False,False,True,False,0.02469626168224296
LONG,1,0-20,2.0,3468,20.0,10.0,2.0,10,0.2497116493656286,-0.2508650519031142,0.3333333333333333,-0.08362168396770472,False,False,True,False,0.024509803921568624
SHORT,0,60-80,2.0,3855,15.0,10.0,1.5,10,0.2848249027237354,-0.2879377431906615,0.4,-0.11517509727626463,False,False,True,False,0.024357976653696486
LONG,2,20-40,2.5,1030,20.0,10.0,2.0,20,0.2495145631067961,-0.2514563106796117,0.3333333333333333,-0.08381877022653722,False,False,True,False,0.02417475728155337
SHORT,0,80-100,1.5,10840,30.0,15.0,2.0,30,0.2494464944649446,-0.2516605166051662,0.3333333333333333,-0.08388683886838871,False,False,True,False,0.02405904059040584
LONG,2,0-20,2.5,1584,20.0,10.0,2.0,20,0.2493686868686868,-0.25189393939393956,0.3333333333333333,-0.08396464646464652,False,False,True,False,0.023926767676767574
SHORT,2,20-40,3.0,341,10.0,5.0,2.0,60,0.2492668621700879,-0.25219941348973635,0.3333333333333333,-0.08406647116324542,False,False,True,False,0.023753665689149425
SHORT,2,20-40,3.0,341,10.0,5.0,2.0,120,0.2492668621700879,-0.25219941348973635,0.3333333333333333,-0.08406647116324542,False,False,True,False,0.023753665689149425
SHORT,2,0-20,2.5,1276,20.0,10.0,2.0,20,0.2492163009404388,-0.2523510971786836,0.3333333333333333,-0.0841170323928945,False,False,True,False,0.023667711598745977
SHORT,0,80-100,2.5,899,20.0,10.0,2.0,10,0.2491657397107897,-0.2525027808676309,0.3333333333333333,-0.08416759362254361,False,False,True,False,0.023581757508342502
SHORT,2,60-80,3.0,285,10.0,5.0,2.0,20,0.2491228070175438,-0.25263157894736865,0.3333333333333333,-0.08421052631578951,False,False,True,False,0.02350877192982445
SHORT,2,60-80,3.0,285,10.0,5.0,2.0,30,0.2491228070175438,-0.25263157894736865,0.3333333333333333,-0.08421052631578951,False,False,True,False,0.02350877192982445
SHORT,0,60-80,3.0,292,5.0,5.0,1.0,10,0.3321917808219178,-0.3356164383561644,0.5,-0.1678082191780822,False,False,True,False,0.02345890410958905
LONG,0,0-20,3.0,253,10.0,5.0,2.0,20,0.2490118577075099,-0.25296442687747034,0.3333333333333333,-0.08432147562582343,False,False,True,False,0.023320158102766816
LONG,0,0-20,3.0,253,20.0,10.0,2.0,20,0.2490118577075099,-0.25296442687747034,0.3333333333333333,-0.08432147562582343,False,False,True,False,0.023320158102766816
LONG,0,0-20,3.0,253,30.0,15.0,2.0,60,0.2490118577075099,-0.25296442687747034,0.3333333333333333,-0.08432147562582343,False,False,True,False,0.023320158102766816
SHORT,2,60-80,2.0,2499,20.0,10.0,2.0,20,0.2488995598239295,-0.25330132052821147,0.3333333333333333,-0.08443377350940381,False,False,True,False,0.02312925170068017
SHORT,0,60-80,2.0,3855,30.0,15.0,2.0,30,0.2487678339818417,-0.2536964980544748,0.3333333333333333,-0.0845654993514916,False,False,True,False,0.022905317769130934
LONG,1,0-20,3.5,172,5.0,5.0,1.0,30,0.3313953488372093,-0.3372093023255815,0.5,-0.16860465116279072,False,False,True,False,0.022383720930232522
LONG,1,0-20,3.5,172,5.0,5.0,1.0,60,0.3313953488372093,-0.3372093023255815,0.5,-0.16860465116279072,False,False,True,False,0.022383720930232522
LONG,1,0-20,3.5,172,5.0,5.0,1.0,120,0.3313953488372093,-0.3372093023255815,0.5,-0.16860465116279072,False,False,True,False,0.022383720930232522
LONG,2,40-60,3.0,322,10.0,5.0,2.0,20,0.2484472049689441,-0.2546583850931677,0.3333333333333333,-0.08488612836438922,False,False,True,False,0.022360248447204988
LONG,2,40-60,3.0,322,10.0,5.0,2.0,30,0.2484472049689441,-0.2546583850931677,0.3333333333333333,-0.08488612836438922,False,False,True,False,0.022360248447204988
SHORT,1,0-20,2.5,930,20.0,10.0,2.0,10,0.2483870967741935,-0.25483870967741956,0.3333333333333333,-0.08494623655913983,False,False,True,False,0.022258064516128932
SHORT,0,60-80,1.5,11293,30.0,15.0,2.0,30,0.2482954042327105,-0.25511378730186857,0.3333333333333333,-0.08503792910062283,False,False,True,False,0.022102187195607824
SHORT,2,40-60,1.5,4669,20.0,10.0,2.0,20,0.2482330263439708,-0.2553009209680876,0.3333333333333333,-0.08510030698936252,False,False,True,False,0.021996144784750357
SHORT,2,40-60,3.0,282,30.0,15.0,2.0,20,0.2482269503546099,-0.25531914893617025,0.3333333333333333,-0.08510638297872342,False,False,True,False,0.02198581560283686
LONG,1,40-60,3.5,145,5.0,5.0,1.0,10,0.3310344827586207,-0.33793103448275863,0.5,-0.16896551724137931,False,False,True,False,0.021896551724137937
LONG,1,40-60,3.5,145,5.0,5.0,1.0,20,0.3310344827586207,-0.33793103448275863,0.5,-0.16896551724137931,False,False,True,False,0.021896551724137937
LONG,1,40-60,3.5,145,5.0,5.0,1.0,30,0.3310344827586207,-0.33793103448275863,0.5,-0.16896551724137931,False,False,True,False,0.021896551724137937
LONG,1,40-60,3.5,145,5.0,5.0,1.0,60,0.3310344827586207,-0.33793103448275863,0.5,-0.16896551724137931,False,False,True,False,0.021896551724137937
LONG,1,40-60,3.5,145,5.0,5.0,1.0,120,0.3310344827586207,-0.33793103448275863,0.5,-0.16896551724137931,False,False,True,False,0.021896551724137937
SHORT,2,20-40,2.0,2575,20.0,10.0,2.0,30,0.2481553398058252,-0.25553398058252447,0.3333333333333333,-0.08517799352750813,False,False,True,False,0.021864077669902823
SHORT,2,60-80,3.5,133,20.0,10.0,2.0,60,0.2481203007518796,-0.25563909774436117,0.3333333333333333,-0.08521303258145371,False,False,True,False,0.021804511278195347
SHORT,2,60-80,3.5,133,20.0,10.0,2.0,120,0.2481203007518796,-0.25563909774436117,0.3333333333333333,-0.08521303258145371,False,False,True,False,0.021804511278195347
SHORT,1,40-60,3.0,260,5.0,5.0,1.0,10,0.3307692307692307,-0.3384615384615386,0.5,-0.1692307692307693,False,False,True,False,0.021538461538461465
LONG,2,0-20,2.0,3836,20.0,10.0,2.0,20,0.2479144942648592,-0.25625651720542236,0.3333333333333333,-0.08541883906847411,False,False,True,False,0.021454640250260656
LONG,2,40-60,2.5,965,15.0,10.0,1.5,10,0.282901554404145,-0.2927461139896375,0.4,-0.11709844559585503,False,False,True,False,0.021424870466321123
SHORT,1,60-80,3.0,351,20.0,10.0,2.0,10,0.2478632478632478,-0.25641025641025667,0.3333333333333333,-0.08547008547008553,False,False,True,False,0.021367521367521236
LONG,2,20-40,2.0,2529,15.0,10.0,1.5,10,0.2827204428627916,-0.29319889284302103,0.4,-0.11727955713720845,False,False,True,False,0.021148675365757166
LONG,0,20-40,1.5,8519,30.0,15.0,2.0,30,0.2476816527761474,-0.2569550416715578,0.3333333333333333,-0.08565168055718592,False,False,True,False,0.021058809719450594
LONG,1,60-80,1.5,6118,30.0,15.0,2.0,20,0.2476299444262831,-0.2571101667211507,0.3333333333333333,-0.0857033889070502,False,False,True,False,0.020970905524681283
SHORT,2,40-60,3.0,282,5.0,5.0,1.0,10,0.3297872340425531,-0.3404255319148937,0.5,-0.1702127659574469,False,False,True,False,0.020212765957446723
SHORT,2,40-60,3.0,282,5.0,5.0,1.0,20,0.3297872340425531,-0.3404255319148937,0.5,-0.1702127659574469,False,False,True,False,0.020212765957446723
SHORT,2,40-60,3.0,282,5.0,5.0,1.0,30,0.3297872340425531,-0.3404255319148937,0.5,-0.1702127659574469,False,False,True,False,0.020212765957446723
SHORT,2,40-60,3.0,282,5.0,5.0,1.0,60,0.3297872340425531,-0.3404255319148937,0.5,-0.1702127659574469,False,False,True,False,0.020212765957446723
SHORT,2,40-60,3.0,282,5.0,5.0,1.0,120,0.3297872340425531,-0.3404255319148937,0.5,-0.1702127659574469,False,False,True,False,0.020212765957446723
LONG,2,20-40,3.0,348,30.0,15.0,2.0,20,0.2471264367816092,-0.25862068965517243,0.3333333333333333,-0.08620689655172412,False,False,True,False,0.020114942528735635
LONG,2,20-40,3.0,348,10.0,5.0,2.0,30,0.2471264367816092,-0.25862068965517243,0.3333333333333333,-0.08620689655172412,False,False,True,False,0.020114942528735635
SHORT,1,0-20,2.0,2700,30.0,15.0,2.0,30,0.247037037037037,-0.25888888888888906,0.3333333333333333,-0.08629629629629632,False,False,True,False,0.019962962962962884
SHORT,0,40-60,2.5,814,30.0,15.0,2.0,20,0.2469287469287469,-0.25921375921375933,0.3333333333333333,-0.08640458640458643,False,False,True,False,0.019778869778869716
LONG,2,0-20,2.0,3836,10.0,5.0,2.0,10,0.2468717413972888,-0.2593847758081337,0.3333333333333333,-0.08646159193604452,False,False,True,False,0.01968196037539094
LONG,2,20-40,2.0,2529,20.0,10.0,2.0,20,0.2467378410438908,-0.2597864768683277,0.3333333333333333,-0.08659549228944252,False,False,True,False,0.019454329774614337
SHORT,2,80-100,2.0,2189,20.0,10.0,2.0,20,0.2466879853814527,-0.25993604385564184,0.3333333333333333,-0.08664534795188061,False,False,True,False,0.01936957514846962
SHORT,2,20-40,3.0,341,15.0,10.0,1.5,10,0.281524926686217,-0.29618768328445755,0.4,-0.11847507331378304,False,False,True,False,0.0193255131964809
LONG,2,40-60,3.5,138,30.0,15.0,2.0,10,0.2463768115942029,-0.2608695652173913,0.3333333333333333,-0.0869565217391304,False,False,True,False,0.018840579710144953
SHORT,2,20-40,3.0,341,10.0,5.0,2.0,30,0.2463343108504398,-0.2609970674486806,0.3333333333333333,-0.08699902248289351,False,False,True,False,0.018768328445747662
SHORT,2,20-40,2.5,943,15.0,10.0,1.5,20,0.28101802757158,-0.29745493107105,0.4,-0.11898197242842001,False,False,True,False,0.01855249204665952
SHORT,1,40-60,3.0,260,10.0,5.0,2.0,30,0.2461538461538461,-0.2615384615384616,0.3333333333333333,-0.0871794871794872,False,False,True,False,0.01846153846153842
SHORT,1,40-60,3.0,260,10.0,5.0,2.0,60,0.2461538461538461,-0.2615384615384616,0.3333333333333333,-0.0871794871794872,False,False,True,False,0.01846153846153842
SHORT,1,40-60,3.0,260,10.0,5.0,2.0,120,0.2461538461538461,-0.2615384615384616,0.3333333333333333,-0.0871794871794872,False,False,True,False,0.01846153846153842
LONG,2,0-20,1.5,7797,20.0,10.0,2.0,20,0.2458637937668334,-0.2624086186994998,0.3333333333333333,-0.08746953956649992,False,False,True,False,0.01796844940361679
LONG,1,20-40,3.5,118,10.0,5.0,2.0,60,0.2457627118644068,-0.2627118644067796,0.3333333333333333,-0.08757062146892652,False,False,True,False,0.017796610169491557
LONG,1,20-40,3.5,118,10.0,5.0,2.0,120,0.2457627118644068,-0.2627118644067796,0.3333333333333333,-0.08757062146892652,False,False,True,False,0.017796610169491557
SHORT,0,40-60,2.0,3424,30.0,15.0,2.0,30,0.2456191588785046,-0.2631425233644862,0.3333333333333333,-0.08771417445482871,False,False,True,False,0.017552570093457835
SHORT,1,20-40,2.0,2110,30.0,15.0,2.0,20,0.2454976303317535,-0.26350710900473945,0.3333333333333333,-0.0878357030015798,False,False,True,False,0.017345971563980975
LONG,0,80-100,3.5,116,5.0,5.0,1.0,60,0.3275862068965517,-0.3448275862068966,0.5,-0.1724137931034483,False,False,True,False,0.017241379310344817
LONG,0,80-100,3.5,116,5.0,5.0,1.0,120,0.3275862068965517,-0.3448275862068966,0.5,-0.1724137931034483,False,False,True,False,0.017241379310344817
LONG,2,60-80,1.5,5060,15.0,10.0,1.5,10,0.2798418972332016,-0.3003952569169961,0.4,-0.12015810276679845,False,False,True,False,0.0167588932806324
LONG,0,0-20,3.0,253,30.0,15.0,2.0,30,0.2450592885375494,-0.26482213438735175,0.3333333333333333,-0.08827404479578391,False,False,True,False,0.016600790513834018
SHORT,1,80-100,2.5,1208,30.0,15.0,2.0,10,0.2450331125827814,-0.2649006622516558,0.3333333333333333,-0.08830022075055191,False,False,True,False,0.016556291390728388
SHORT,1,60-80,3.0,351,10.0,5.0,2.0,20,0.245014245014245,-0.264957264957265,0.3333333333333333,-0.0883190883190883,False,False,True,False,0.016524216524216512
SHORT,1,60-80,3.0,351,10.0,5.0,2.0,30,0.245014245014245,-0.264957264957265,0.3333333333333333,-0.0883190883190883,False,False,True,False,0.016524216524216512
SHORT,1,60-80,3.0,351,10.0,5.0,2.0,60,0.245014245014245,-0.264957264957265,0.3333333333333333,-0.0883190883190883,False,False,True,False,0.016524216524216512
SHORT,1,60-80,3.0,351,10.0,5.0,2.0,120,0.245014245014245,-0.264957264957265,0.3333333333333333,-0.0883190883190883,False,False,True,False,0.016524216524216512
SHORT,2,0-20,2.0,3332,10.0,5.0,2.0,10,0.2448979591836734,-0.2653061224489798,0.3333333333333333,-0.0884353741496599,False,False,True,False,0.016326530612244802
SHORT,1,40-60,2.5,686,20.0,10.0,2.0,10,0.2448979591836734,-0.2653061224489798,0.3333333333333333,-0.0884353741496599,False,False,True,False,0.016326530612244802
SHORT,0,80-100,2.5,899,30.0,15.0,2.0,20,0.2447163515016685,-0.2658509454949945,0.3333333333333333,-0.0886169818316648,False,False,True,False,0.016017797552836464
LONG,2,0-20,3.5,233,30.0,15.0,2.0,60,0.2446351931330472,-0.2660944206008583,0.3333333333333333,-0.0886981402002861,False,False,True,False,0.015879828326180293
LONG,0,60-80,1.5,9666,20.0,10.0,2.0,10,0.244568590937306,-0.266294227188082,0.3333333333333333,-0.0887647423960273,False,False,True,False,0.01576660459342022
SHORT,1,60-80,2.5,920,30.0,15.0,2.0,20,0.2445652173913043,-0.2663043478260871,0.3333333333333333,-0.08876811594202902,False,False,True,False,0.015760869565217314
LONG,2,20-40,1.5,5263,15.0,10.0,1.5,10,0.2791183735512065,-0.30220406612198375,0.4,-0.12088162644879352,False,False,True,False,0.01565551966558992
SHORT,2,60-80,1.5,5420,20.0,10.0,2.0,20,0.2444649446494465,-0.26660516605166057,0.3333333333333333,-0.08886838868388683,False,False,True,False,0.015590405904059025
LONG,2,0-20,2.5,1584,15.0,10.0,1.5,10,0.279040404040404,-0.30239898989899006,0.4,-0.12095959595959604,False,False,True,False,0.01553661616161607
SHORT,2,60-80,3.0,285,5.0,5.0,1.0,60,0.3263157894736842,-0.34736842105263155,0.5,-0.17368421052631577,False,False,True,False,0.015526315789473711
SHORT,2,60-80,3.0,285,5.0,5.0,1.0,120,0.3263157894736842,-0.34736842105263155,0.5,-0.17368421052631577,False,False,True,False,0.015526315789473711
SHORT,2,0-20,1.5,7338,10.0,5.0,2.0,10,0.2442082311256473,-0.26737530662305814,0.3333333333333333,-0.08912510220768602,False,False,True,False,0.015153992913600407
LONG,2,20-40,3.0,348,15.0,10.0,1.5,10,0.278735632183908,-0.30316091954022995,0.4,-0.12126436781609201,False,False,True,False,0.01507183908045973
LONG,2,0-20,3.0,598,10.0,5.0,2.0,30,0.2441471571906354,-0.2675585284280938,0.3333333333333333,-0.08918617614269791,False,False,True,False,0.015050167224080188
LONG,2,80-100,2.5,944,15.0,10.0,1.5,10,0.2786016949152542,-0.30349576271186446,0.4,-0.1213983050847458,False,False,True,False,0.014867584745762687
SHORT,0,20-40,2.0,3371,15.0,10.0,1.5,10,0.2785523583506378,-0.30361910412340554,0.4,-0.12144764164936223,False,False,True,False,0.014792346484722638
SHORT,2,60-80,2.5,869,20.0,10.0,2.0,20,0.2439585730724971,-0.26812428078250866,0.3333333333333333,-0.08937476026083621,False,False,True,False,0.014729574223245091
LONG,1,0-20,3.5,172,5.0,5.0,1.0,10,0.3255813953488372,-0.3488372093023257,0.5,-0.17441860465116282,False,False,True,False,0.014534883720930175
LONG,1,0-20,3.5,172,5.0,5.0,1.0,20,0.3255813953488372,-0.3488372093023257,0.5,-0.17441860465116282,False,False,True,False,0.014534883720930175
SHORT,2,60-80,3.5,133,15.0,10.0,1.5,20,0.2781954887218045,-0.30451127819548873,0.4,-0.12180451127819553,False,False,True,False,0.014248120300751867
SHORT,1,80-100,3.0,431,10.0,5.0,2.0,20,0.2436194895591647,-0.2691415313225059,0.3333333333333333,-0.0897138437741686,False,False,True,False,0.014153132250580007
SHORT,1,80-100,3.0,431,10.0,5.0,2.0,30,0.2436194895591647,-0.2691415313225059,0.3333333333333333,-0.0897138437741686,False,False,True,False,0.014153132250580007
SHORT,1,80-100,3.0,431,10.0,5.0,2.0,60,0.2436194895591647,-0.2691415313225059,0.3333333333333333,-0.0897138437741686,False,False,True,False,0.014153132250580007
SHORT,1,80-100,3.0,431,10.0,5.0,2.0,120,0.2436194895591647,-0.2691415313225059,0.3333333333333333,-0.0897138437741686,False,False,True,False,0.014153132250580007
LONG,0,60-80,3.0,312,20.0,10.0,2.0,10,0.2435897435897435,-0.2692307692307695,0.3333333333333333,-0.08974358974358981,False,False,True,False,0.014102564102563967
SHORT,2,80-100,2.5,730,15.0,10.0,1.5,10,0.2780821917808219,-0.3047945205479453,0.4,-0.12191780821917814,False,False,True,False,0.014075342465753374
SHORT,0,0-20,3.0,222,10.0,5.0,2.0,10,0.2432432432432432,-0.2702702702702704,0.3333333333333333,-0.09009009009009011,False,False,True,False,0.013513513513513457
SHORT,0,0-20,3.0,222,30.0,15.0,2.0,60,0.2432432432432432,-0.2702702702702704,0.3333333333333333,-0.09009009009009011,False,False,True,False,0.013513513513513457
SHORT,1,0-20,1.5,7041,20.0,10.0,2.0,20,0.2431472802158784,-0.2705581593523648,0.3333333333333333,-0.09018605311745492,False,False,True,False,0.01335037636699327
LONG,2,20-40,3.5,144,30.0,15.0,2.0,10,0.2430555555555555,-0.27083333333333354,0.3333333333333333,-0.09027777777777782,False,False,True,False,0.013194444444444344
SHORT,2,40-60,2.0,2119,20.0,10.0,2.0,20,0.2430391694195375,-0.2708824917413875,0.3333333333333333,-0.09029416391379583,False,False,True,False,0.013166588013213753
SHORT,2,80-100,1.5,4737,20.0,10.0,2.0,20,0.2429807895292379,-0.2710576314122862,0.3333333333333333,-0.09035254380409541,False,False,True,False,0.013067342199704469
LONG,2,0-20,3.0,598,5.0,5.0,1.0,60,0.3244147157190635,-0.35117056856187295,0.5,-0.1755852842809365,False,False,True,False,0.012959866220735753
LONG,2,0-20,3.0,598,5.0,5.0,1.0,120,0.3244147157190635,-0.35117056856187295,0.5,-0.1755852842809365,False,False,True,False,0.012959866220735753
SHORT,2,20-40,2.5,943,10.0,5.0,2.0,20,0.2428419936373276,-0.27147401908801716,0.3333333333333333,-0.0904913396960057,False,False,True,False,0.012831389183456946
SHORT,0,0-20,2.5,1034,10.0,5.0,2.0,10,0.2427466150870406,-0.27176015473887827,0.3333333333333333,-0.09058671824629272,False,False,True,False,0.012669245647969007
LONG,2,40-60,2.0,2572,15.0,10.0,1.5,10,0.2768273716951788,-0.307931570762053,0.4,-0.12317262830482123,False,False,True,False,0.012161741835147663
SHORT,1,40-60,3.0,260,10.0,5.0,2.0,20,0.2423076923076923,-0.27307692307692305,0.3333333333333333,-0.09102564102564101,False,False,True,False,0.011923076923076944
LONG,0,80-100,3.0,256,30.0,15.0,2.0,10,0.2421875,-0.2734375,0.3333333333333333,-0.09114583333333331,False,False,True,False,0.011718750000000003
SHORT,1,60-80,3.0,351,30.0,15.0,2.0,10,0.2421652421652421,-0.27350427350427375,0.3333333333333333,-0.09116809116809121,False,False,True,False,0.011680911680911565
SHORT,2,60-80,3.0,285,30.0,15.0,2.0,20,0.2421052631578947,-0.27368421052631586,0.3333333333333333,-0.0912280701754386,False,False,True,False,0.011578947368421017
SHORT,0,40-60,2.5,814,20.0,10.0,2.0,10,0.242014742014742,-0.273955773955774,0.3333333333333333,-0.09131859131859132,False,False,True,False,0.011425061425061408
SHORT,0,60-80,2.5,1017,30.0,15.0,2.0,20,0.2418879056047197,-0.27433628318584086,0.3333333333333333,-0.09144542772861361,False,False,True,False,0.01120943952802352
SHORT,2,60-80,3.0,285,5.0,5.0,1.0,20,0.3228070175438596,-0.35438596491228086,0.5,-0.1771929824561404,False,False,True,False,0.01078947368421045
SHORT,2,60-80,3.0,285,5.0,5.0,1.0,30,0.3228070175438596,-0.35438596491228086,0.5,-0.1771929824561404,False,False,True,False,0.01078947368421045
SHORT,1,20-40,1.5,5476,30.0,15.0,2.0,20,0.2414170927684441,-0.27574872169466763,0.3333333333333333,-0.0919162405648892,False,False,True,False,0.010409057706355009
SHORT,1,80-100,3.0,431,10.0,5.0,2.0,10,0.2412993039443155,-0.27610208816705345,0.3333333333333333,-0.09203402938901781,False,False,True,False,0.01020881670533638
SHORT,2,40-60,3.0,282,10.0,5.0,2.0,20,0.2411347517730496,-0.27659574468085124,0.3333333333333333,-0.09219858156028371,False,False,True,False,0.009929078014184318
SHORT,2,40-60,3.0,282,10.0,5.0,2.0,30,0.2411347517730496,-0.27659574468085124,0.3333333333333333,-0.09219858156028371,False,False,True,False,0.009929078014184318
SHORT,2,40-60,3.0,282,10.0,5.0,2.0,60,0.2411347517730496,-0.27659574468085124,0.3333333333333333,-0.09219858156028371,False,False,True,False,0.009929078014184318
SHORT,2,40-60,3.0,282,10.0,5.0,2.0,120,0.2411347517730496,-0.27659574468085124,0.3333333333333333,-0.09219858156028371,False,False,True,False,0.009929078014184318
SHORT,0,20-40,2.5,784,20.0,10.0,2.0,10,0.2410714285714285,-0.2767857142857145,0.3333333333333333,-0.09226190476190482,False,False,True,False,0.009821428571428452
SHORT,2,0-20,2.5,1276,15.0,10.0,1.5,10,0.2750783699059561,-0.31230407523510983,0.4,-0.12492163009404395,False,False,True,False,0.009494514106583016
SHORT,0,20-40,2.0,3371,30.0,15.0,2.0,30,0.2408780777217443,-0.2773657668347671,0.3333333333333333,-0.09245525561158902,False,False,True,False,0.009492732126965317
LONG,2,40-60,1.5,5279,15.0,10.0,1.5,10,0.2750520931994696,-0.312369767001326,0.4,-0.12494790680053042,False,False,True,False,0.009454442129191148
SHORT,2,20-40,2.5,943,20.0,10.0,2.0,30,0.2407211028632025,-0.2778366914103925,0.3333333333333333,-0.09261223047013081,False,False,True,False,0.009225874867444252
SHORT,2,60-80,3.5,133,30.0,15.0,2.0,10,0.2406015037593984,-0.27819548872180483,0.3333333333333333,-0.09273182957393492,False,False,True,False,0.009022556390977276
LONG,2,0-20,2.5,1584,10.0,5.0,2.0,10,0.240530303030303,-0.278409090909091,0.3333333333333333,-0.0928030303030303,False,False,True,False,0.008901515151515115
LONG,2,0-20,3.5,233,20.0,10.0,2.0,10,0.2403433476394849,-0.27896995708154526,0.3333333333333333,-0.09298998569384842,False,False,True,False,0.008583690987124354
LONG,2,0-20,3.5,233,10.0,5.0,2.0,30,0.2403433476394849,-0.27896995708154526,0.3333333333333333,-0.09298998569384842,False,False,True,False,0.008583690987124354
SHORT,2,0-20,4.0,129,20.0,10.0,2.0,30,0.2403100775193798,-0.2790697674418606,0.3333333333333333,-0.09302325581395351,False,False,True,False,0.008527131782945684
LONG,2,0-20,4.0,100,20.0,10.0,2.0,10,0.24,-0.28,0.3333333333333333,-0.09333333333333332,False,False,True,False,0.007999999999999993
LONG,2,0-20,4.0,100,30.0,15.0,2.0,20,0.24,-0.28,0.3333333333333333,-0.09333333333333332,False,False,True,False,0.007999999999999993
SHORT,0,60-80,3.0,292,30.0,15.0,2.0,10,0.2397260273972602,-0.28082191780821936,0.3333333333333333,-0.09360730593607311,False,False,True,False,0.007534246575342371
SHORT,2,40-60,2.5,823,20.0,10.0,2.0,20,0.2393681652490887,-0.28189550425273396,0.3333333333333333,-0.09396516808424463,False,False,True,False,0.006925880923450766
LONG,2,80-100,3.0,305,30.0,15.0,2.0,30,0.2393442622950819,-0.2819672131147543,0.3333333333333333,-0.09398907103825141,False,False,True,False,0.006885245901639241
SHORT,1,60-80,3.0,351,10.0,5.0,2.0,10,0.2393162393162393,-0.28205128205128205,0.3333333333333333,-0.09401709401709402,False,False,True,False,0.006837606837606834
SHORT,2,20-40,3.0,341,5.0,5.0,1.0,10,0.3196480938416422,-0.3607038123167156,0.5,-0.18035190615835778,False,False,True,False,0.006524926686217
LONG,0,40-60,2.0,3057,30.0,15.0,2.0,20,0.2391233235197906,-0.2826300294406282,0.3333333333333333,-0.09421000981354272,False,False,True,False,0.006509649983644032
SHORT,2,0-20,3.0,481,30.0,15.0,2.0,30,0.2390852390852391,-0.28274428274428265,0.3333333333333333,-0.09424809424809422,False,False,True,False,0.006444906444906494
LONG,2,0-20,3.0,598,5.0,5.0,1.0,30,0.3193979933110368,-0.3612040133779264,0.5,-0.1806020066889632,False,False,True,False,0.006187290969899697
LONG,2,20-40,2.5,1030,30.0,15.0,2.0,30,0.2388349514563106,-0.2834951456310682,0.3333333333333333,-0.09449838187702272,False,False,True,False,0.006019417475728019
LONG,0,0-20,2.5,1085,30.0,15.0,2.0,30,0.2387096774193548,-0.2838709677419356,0.3333333333333333,-0.0946236559139785,False,False,True,False,0.005806451612903173
SHORT,1,20-40,1.5,5476,20.0,10.0,2.0,10,0.2386778670562454,-0.2839663988312638,0.3333333333333333,-0.0946554662770879,False,False,True,False,0.005752373995617196
LONG,0,80-100,3.5,116,5.0,5.0,1.0,20,0.3189655172413793,-0.3620689655172415,0.5,-0.18103448275862072,False,False,True,False,0.005603448275862021
LONG,0,80-100,3.5,116,5.0,5.0,1.0,30,0.3189655172413793,-0.3620689655172415,0.5,-0.18103448275862072,False,False,True,False,0.005603448275862021
LONG,2,20-40,3.0,348,10.0,5.0,2.0,20,0.2385057471264367,-0.2844827586206899,0.3333333333333333,-0.0948275862068966,False,False,True,False,0.005459770114942412
SHORT,1,40-60,3.0,260,10.0,5.0,2.0,10,0.2384615384615384,-0.2846153846153848,0.3333333333333333,-0.09487179487179492,False,False,True,False,0.005384615384615269
SHORT,1,20-40,2.0,2110,20.0,10.0,2.0,10,0.238388625592417,-0.284834123222749,0.3333333333333333,-0.09494470774091632,False,False,True,False,0.00526066350710892
LONG,0,80-100,3.0,256,10.0,5.0,2.0,20,0.23828125,-0.28515625,0.3333333333333333,-0.09505208333333331,False,False,True,False,0.005078125000000015
LONG,0,80-100,3.0,256,10.0,5.0,2.0,30,0.23828125,-0.28515625,0.3333333333333333,-0.09505208333333331,False,False,True,False,0.005078125000000015
LONG,0,80-100,3.0,256,10.0,5.0,2.0,60,0.23828125,-0.28515625,0.3333333333333333,-0.09505208333333331,False,False,True,False,0.005078125000000015
LONG,0,80-100,3.0,256,10.0,5.0,2.0,120,0.23828125,-0.28515625,0.3333333333333333,-0.09505208333333331,False,False,True,False,0.005078125000000015
LONG,0,0-20,2.0,4136,30.0,15.0,2.0,30,0.2379110251450677,-0.2862669245647969,0.3333333333333333,-0.09542230818826561,False,False,True,False,0.004448742746615102
LONG,0,20-40,2.0,3191,20.0,10.0,2.0,10,0.2378564713256032,-0.28643058602319044,0.3333333333333333,-0.09547686200773012,False,False,True,False,0.0043560012535254315
SHORT,1,0-20,2.5,930,30.0,15.0,2.0,20,0.2376344086021505,-0.28709677419354857,0.3333333333333333,-0.09569892473118283,False,False,True,False,0.003978494623655834
LONG,2,60-80,3.5,101,30.0,15.0,2.0,10,0.2376237623762376,-0.28712871287128716,0.3333333333333333,-0.0957095709570957,False,False,True,False,0.00396039603960395
LONG,2,0-20,3.0,598,5.0,5.0,1.0,20,0.3177257525083612,-0.36454849498327757,0.5,-0.18227424749163879,False,False,True,False,0.003929765886287646
SHORT,2,40-60,3.0,282,20.0,10.0,2.0,10,0.2375886524822695,-0.2872340425531915,0.3333333333333333,-0.0957446808510638,False,False,True,False,0.00390070921985816
SHORT,2,20-40,3.0,341,20.0,10.0,2.0,10,0.2375366568914956,-0.28739002932551316,0.3333333333333333,-0.0957966764418377,False,False,True,False,0.0038123167155425467
LONG,2,0-20,3.0,598,20.0,10.0,2.0,20,0.2374581939799331,-0.28762541806020075,0.3333333333333333,-0.09587513935340022,False,False,True,False,0.003678929765886251
SHORT,2,40-60,3.5,139,30.0,15.0,2.0,20,0.237410071942446,-0.28776978417266197,0.3333333333333333,-0.0959232613908873,False,False,True,False,0.00359712230215823
SHORT,2,40-60,3.5,139,30.0,15.0,2.0,30,0.237410071942446,-0.28776978417266197,0.3333333333333333,-0.0959232613908873,False,False,True,False,0.00359712230215823
LONG,0,40-60,1.5,8453,20.0,10.0,2.0,10,0.2373121968531882,-0.28806340944043546,0.3333333333333333,-0.09602113648014513,False,False,True,False,0.003430734650419924
LONG,1,20-40,3.5,118,10.0,5.0,2.0,10,0.2372881355932203,-0.28813559322033916,0.3333333333333333,-0.09604519774011303,False,False,True,False,0.0033898305084744864
LONG,1,20-40,3.5,118,10.0,5.0,2.0,20,0.2372881355932203,-0.28813559322033916,0.3333333333333333,-0.09604519774011303,False,False,True,False,0.0033898305084744864
LONG,1,20-40,3.5,118,10.0,5.0,2.0,30,0.2372881355932203,-0.28813559322033916,0.3333333333333333,-0.09604519774011303,False,False,True,False,0.0033898305084744864
LONG,2,20-40,3.5,144,15.0,10.0,1.5,120,0.2708333333333333,-0.32291666666666674,0.4,-0.1291666666666667,False,False,True,False,0.0030208333333333025
SHORT,1,80-100,3.5,199,5.0,5.0,1.0,10,0.3165829145728643,-0.36683417085427145,0.5,-0.1834170854271357,False,False,True,False,0.0023869346733667897
SHORT,1,80-100,3.5,199,5.0,5.0,1.0,20,0.3165829145728643,-0.36683417085427145,0.5,-0.1834170854271357,False,False,True,False,0.0023869346733667897
SHORT,1,80-100,3.5,199,5.0,5.0,1.0,30,0.3165829145728643,-0.36683417085427145,0.5,-0.1834170854271357,False,False,True,False,0.0023869346733667897
SHORT,1,80-100,3.5,199,5.0,5.0,1.0,60,0.3165829145728643,-0.36683417085427145,0.5,-0.1834170854271357,False,False,True,False,0.0023869346733667897
SHORT,1,80-100,3.5,199,5.0,5.0,1.0,120,0.3165829145728643,-0.36683417085427145,0.5,-0.1834170854271357,False,False,True,False,0.0023869346733667897
SHORT,0,0-20,3.0,222,15.0,10.0,1.5,20,0.2702702702702703,-0.3243243243243243,0.4,-0.12972972972972974,False,False,True,False,0.002162162162162192
SHORT,1,40-60,2.0,2038,20.0,10.0,2.0,10,0.2365063788027478,-0.29048086359175657,0.3333333333333333,-0.09682695453058551,False,False,True,False,0.0020608439646712853
SHORT,2,20-40,1.5,5581,10.0,5.0,2.0,10,0.2363375739114854,-0.2909872782655437,0.3333333333333333,-0.0969957594218479,False,False,True,False,0.0017738756495252195
LONG,2,20-40,3.0,348,5.0,5.0,1.0,60,0.3160919540229885,-0.367816091954023,0.5,-0.1839080459770115,False,False,True,False,0.0017241379310344862
LONG,2,20-40,3.0,348,5.0,5.0,1.0,120,0.3160919540229885,-0.367816091954023,0.5,-0.1839080459770115,False,False,True,False,0.0017241379310344862
SHORT,0,60-80,3.0,292,20.0,10.0,2.0,10,0.2363013698630137,-0.29109589041095896,0.3333333333333333,-0.09703196347031962,False,False,True,False,0.0017123287671232737
LONG,1,60-80,3.5,127,30.0,15.0,2.0,10,0.2362204724409448,-0.2913385826771656,0.3333333333333333,-0.09711286089238852,False,False,True,False,0.0015748031496061604
SHORT,1,80-100,3.5,199,10.0,5.0,2.0,10,0.236180904522613,-0.291457286432161,0.3333333333333333,-0.09715242881072031,False,False,True,False,0.0015075376884421034
SHORT,1,80-100,3.5,199,10.0,5.0,2.0,20,0.236180904522613,-0.291457286432161,0.3333333333333333,-0.09715242881072031,False,False,True,False,0.0015075376884421034
SHORT,1,80-100,3.5,199,10.0,5.0,2.0,30,0.236180904522613,-0.291457286432161,0.3333333333333333,-0.09715242881072031,False,False,True,False,0.0015075376884421034
SHORT,1,80-100,3.5,199,10.0,5.0,2.0,60,0.236180904522613,-0.291457286432161,0.3333333333333333,-0.09715242881072031,False,False,True,False,0.0015075376884421034
SHORT,1,80-100,3.5,199,10.0,5.0,2.0,120,0.236180904522613,-0.291457286432161,0.3333333333333333,-0.09715242881072031,False,False,True,False,0.0015075376884421034
LONG,2,0-20,3.5,233,10.0,5.0,2.0,20,0.2360515021459227,-0.291845493562232,0.3333333333333333,-0.09728183118741063,False,False,True,False,0.0012875536480685575
LONG,2,40-60,3.0,322,10.0,5.0,2.0,10,0.2360248447204969,-0.2919254658385093,0.3333333333333333,-0.09730848861283642,False,False,True,False,0.0012422360248447312
SHORT,1,80-100,3.0,431,5.0,5.0,1.0,20,0.3155452436194895,-0.3689095127610211,0.5,-0.1844547563805105,False,False,True,False,0.000986078886310797
SHORT,1,80-100,3.0,431,5.0,5.0,1.0,30,0.3155452436194895,-0.3689095127610211,0.5,-0.1844547563805105,False,False,True,False,0.000986078886310797
SHORT,1,80-100,3.0,431,5.0,5.0,1.0,60,0.3155452436194895,-0.3689095127610211,0.5,-0.1844547563805105,False,False,True,False,0.000986078886310797
SHORT,1,80-100,3.0,431,5.0,5.0,1.0,120,0.3155452436194895,-0.3689095127610211,0.5,-0.1844547563805105,False,False,True,False,0.000986078886310797
LONG,1,80-100,3.0,547,30.0,15.0,2.0,10,0.2358318098720292,-0.29250457038391237,0.3333333333333333,-0.09750152346130411,False,False,True,False,0.0009140767824496656
LONG,2,0-20,3.0,598,10.0,5.0,2.0,20,0.2357859531772575,-0.2926421404682275,0.3333333333333333,-0.09754738015607581,False,False,True,False,0.0008361204013377557
LONG,2,80-100,2.0,2308,20.0,10.0,2.0,20,0.2357019064124783,-0.2928942807625651,0.3333333333333333,-0.09763142692085502,False,False,True,False,0.0006932409012131158
LONG,2,80-100,3.5,111,5.0,5.0,1.0,10,0.3153153153153153,-0.36936936936936937,0.5,-0.18468468468468469,False,False,True,False,0.0006756756756756931
LONG,2,80-100,3.5,111,5.0,5.0,1.0,20,0.3153153153153153,-0.36936936936936937,0.5,-0.18468468468468469,False,False,True,False,0.0006756756756756931
LONG,2,80-100,3.5,111,5.0,5.0,1.0,30,0.3153153153153153,-0.36936936936936937,0.5,-0.18468468468468469,False,False,True,False,0.0006756756756756931
LONG,2,80-100,3.5,111,5.0,5.0,1.0,60,0.3153153153153153,-0.36936936936936937,0.5,-0.18468468468468469,False,False,True,False,0.0006756756756756931
LONG,2,80-100,3.5,111,5.0,5.0,1.0,120,0.3153153153153153,-0.36936936936936937,0.5,-0.18468468468468469,False,False,True,False,0.0006756756756756931
LONG,2,0-20,3.0,598,15.0,10.0,1.5,10,0.2692307692307692,-0.326923076923077,0.4,-0.1307692307692308,False,False,True,False,0.0005769230769230548
SHORT,2,20-40,3.5,153,30.0,15.0,2.0,10,0.2352941176470588,-0.29411764705882365,0.3333333333333333,-0.09803921568627452,False,False,True,False,-5.377642775528102e-17
SHORT,0,0-20,1.5,13687,15.0,10.0,1.5,10,0.2687221451011909,-0.3281946372470227,0.4,-0.1312778548988091,False,False,True,False,-0.00019872872068384465
SHORT,2,60-80,3.0,285,20.0,10.0,2.0,30,0.2350877192982456,-0.29473684210526324,0.3333333333333333,-0.09824561403508772,False,False,True,False,-0.0003508771929824888
SHORT,2,0-20,3.0,481,10.0,5.0,2.0,60,0.2349272349272349,-0.2952182952182953,0.3333333333333333,-0.0984060984060984,False,False,True,False,-0.0006237006237006498
SHORT,2,0-20,3.0,481,10.0,5.0,2.0,120,0.2349272349272349,-0.2952182952182953,0.3333333333333333,-0.0984060984060984,False,False,True,False,-0.0006237006237006498
SHORT,2,20-40,3.0,341,10.0,5.0,2.0,20,0.2346041055718475,-0.2961876832844575,0.3333333333333333,-0.09872922776148582,False,False,True,False,-0.0011730205278592462
LONG,1,0-20,1.5,7283,20.0,10.0,2.0,10,0.2345187422765344,-0.2964437731703967,0.3333333333333333,-0.0988145910567989,False,False,True,False,-0.001318138129891483
SHORT,0,40-60,1.5,10374,30.0,15.0,2.0,30,0.2344322344322344,-0.2967032967032968,0.3333333333333333,-0.09890109890109891,False,False,True,False,-0.0014652014652015138
LONG,0,60-80,1.5,9666,30.0,15.0,2.0,20,0.2342230498655079,-0.2973308504034763,0.3333333333333333,-0.09911028346782541,False,False,True,False,-0.0018208152286365506
SHORT,1,0-20,1.5,7041,15.0,10.0,1.5,10,0.2675756284618662,-0.33106092884533445,0.4,-0.1324243715381338,False,False,True,False,-0.0019471665956540055
SHORT,1,80-100,3.0,431,5.0,5.0,1.0,10,0.3132250580046403,-0.3735498839907194,0.5,-0.1867749419953597,False,False,True,False,-0.0021461716937356164
SHORT,2,80-100,3.0,218,30.0,15.0,2.0,20,0.2339449541284403,-0.2981651376146791,0.3333333333333333,-0.09938837920489302,False,False,True,False,-0.0022935779816514873
LONG,2,0-20,2.0,3836,15.0,10.0,1.5,10,0.2672054223149113,-0.3319864442127218,0.4,-0.13279457768508873,False,False,True,False,-0.0025117309697602792
SHORT,1,60-80,2.5,920,20.0,10.0,2.0,10,0.233695652173913,-0.29891304347826103,0.3333333333333333,-0.09963768115942032,False,False,True,False,-0.0027173913043479006
SHORT,2,0-20,3.5,244,30.0,15.0,2.0,10,0.2336065573770492,-0.29918032786885246,0.3333333333333333,-0.09972677595628412,False,False,True,False,-0.0028688524590163716
LONG,2,0-20,1.5,7797,15.0,10.0,1.5,10,0.2666410157752982,-0.3333974605617545,0.4,-0.13335898422470183,False,False,True,False,-0.0033724509426702465
LONG,0,0-20,3.0,253,10.0,5.0,2.0,10,0.233201581027668,-0.30039525691699603,0.3333333333333333,-0.10013175230566532,False,False,True,False,-0.0035573122529644046
SHORT,2,60-80,3.5,133,20.0,10.0,2.0,30,0.2330827067669172,-0.3007518796992484,0.3333333333333333,-0.10025062656641612,False,False,True,False,-0.003759398496240752
LONG,1,0-20,2.5,1369,30.0,15.0,2.0,20,0.2330168005843681,-0.30094959824689566,0.3333333333333333,-0.10031653274896521,False,False,True,False,-0.0038714390065741986
SHORT,2,0-20,3.0,481,10.0,5.0,2.0,30,0.2328482328482328,-0.3014553014553015,0.3333333333333333,-0.10048510048510051,False,False,True,False,-0.004158004158004202
LONG,0,80-100,3.5,116,10.0,5.0,2.0,10,0.2327586206896551,-0.30172413793103464,0.3333333333333333,-0.1005747126436782,False,False,True,False,-0.004310344827586288
SHORT,2,0-20,1.5,7338,20.0,10.0,2.0,20,0.2326246933769419,-0.3021259198691743,0.3333333333333333,-0.10070863995639143,False,False,True,False,-0.004538021259198766
SHORT,2,0-20,4.0,129,20.0,10.0,2.0,20,0.2325581395348837,-0.30232558139534893,0.3333333333333333,-0.10077519379844962,False,False,True,False,-0.004651162790697721
SHORT,2,80-100,3.5,103,5.0,5.0,1.0,10,0.3106796116504854,-0.3786407766990292,0.5,-0.1893203883495146,False,False,True,False,-0.005582524271844684
SHORT,2,80-100,3.5,103,5.0,5.0,1.0,20,0.3106796116504854,-0.3786407766990292,0.5,-0.1893203883495146,False,False,True,False,-0.005582524271844684
SHORT,2,80-100,3.5,103,5.0,5.0,1.0,30,0.3106796116504854,-0.3786407766990292,0.5,-0.1893203883495146,False,False,True,False,-0.005582524271844684
SHORT,2,80-100,3.5,103,5.0,5.0,1.0,60,0.3106796116504854,-0.3786407766990292,0.5,-0.1893203883495146,False,False,True,False,-0.005582524271844684
SHORT,2,80-100,3.5,103,5.0,5.0,1.0,120,0.3106796116504854,-0.3786407766990292,0.5,-0.1893203883495146,False,False,True,False,-0.005582524271844684
SHORT,1,40-60,2.5,686,30.0,15.0,2.0,20,0.2317784256559766,-0.3046647230320702,0.3333333333333333,-0.10155490767735673,False,False,True,False,-0.005976676384839775
LONG,2,20-40,3.0,348,5.0,5.0,1.0,30,0.3103448275862069,-0.37931034482758624,0.5,-0.1896551724137931,False,False,True,False,-0.006034482758620698
SHORT,1,40-60,3.5,108,10.0,5.0,2.0,30,0.2314814814814814,-0.3055555555555558,0.3333333333333333,-0.10185185185185192,False,False,True,False,-0.006481481481481609
SHORT,1,40-60,3.5,108,30.0,15.0,2.0,30,0.2314814814814814,-0.3055555555555558,0.3333333333333333,-0.10185185185185192,False,False,True,False,-0.006481481481481609
SHORT,1,40-60,3.5,108,10.0,5.0,2.0,60,0.2314814814814814,-0.3055555555555558,0.3333333333333333,-0.10185185185185192,False,False,True,False,-0.006481481481481609
SHORT,1,40-60,3.5,108,30.0,15.0,2.0,60,0.2314814814814814,-0.3055555555555558,0.3333333333333333,-0.10185185185185192,False,False,True,False,-0.006481481481481609
SHORT,1,40-60,3.5,108,10.0,5.0,2.0,120,0.2314814814814814,-0.3055555555555558,0.3333333333333333,-0.10185185185185192,False,False,True,False,-0.006481481481481609
SHORT,1,40-60,3.5,108,30.0,15.0,2.0,120,0.2314814814814814,-0.3055555555555558,0.3333333333333333,-0.10185185185185192,False,False,True,False,-0.006481481481481609
SHORT,2,0-20,2.5,1276,30.0,15.0,2.0,30,0.2311912225705329,-0.30642633228840127,0.3333333333333333,-0.10214211076280041,False,False,True,False,-0.006974921630094045
SHORT,0,0-20,2.0,4503,15.0,10.0,1.5,10,0.2642682656007106,-0.3393293359982235,0.4,-0.13573173439928943,False,False,True,False,-0.006990894958916336
SHORT,0,0-20,2.5,1034,20.0,10.0,2.0,20,0.2311411992263056,-0.3065764023210832,0.3333333333333333,-0.10219213410702771,False,False,True,False,-0.007059961315280468
LONG,0,0-20,1.5,11227,30.0,15.0,2.0,30,0.2308720049879754,-0.3073839850360739,0.3333333333333333,-0.10246132834535793,False,False,True,False,-0.007517591520441846
LONG,2,20-40,3.5,144,15.0,10.0,1.5,60,0.2638888888888889,-0.3402777777777778,0.4,-0.13611111111111113,False,False,True,False,-0.007569444444444438
SHORT,2,0-20,2.0,3332,20.0,10.0,2.0,20,0.2307923169267707,-0.30762304921968786,0.3333333333333333,-0.1025410164065626,False,False,True,False,-0.007653061224489782
SHORT,2,0-20,3.0,481,10.0,5.0,2.0,20,0.2307692307692307,-0.3076923076923079,0.3333333333333333,-0.10256410256410262,False,False,True,False,-0.007692307692307797
SHORT,0,20-40,1.5,10677,15.0,10.0,1.5,10,0.2637444975180294,-0.34063875620492645,0.4,-0.1362555024819706,False,False,True,False,-0.0077896412850051305
SHORT,2,60-80,3.0,285,5.0,5.0,1.0,10,0.3087719298245614,-0.3824561403508771,0.5,-0.19122807017543858,False,False,True,False,-0.008157894736842058
LONG,0,80-100,3.0,256,10.0,5.0,2.0,10,0.23046875,-0.30859375,0.3333333333333333,-0.10286458333333331,False,False,True,False,-0.008203124999999992
SHORT,1,0-20,1.5,7041,30.0,15.0,2.0,30,0.2303650049708848,-0.30890498508734565,0.3333333333333333,-0.10296832836244851,False,False,True,False,-0.008379491549495846
SHORT,2,20-40,2.5,943,30.0,15.0,2.0,30,0.2301166489925769,-0.30965005302226933,0.3333333333333333,-0.10321668434075643,False,False,True,False,-0.00880169671261928
SHORT,2,20-40,1.5,5581,20.0,10.0,2.0,20,0.230066296362659,-0.30980111091202306,0.3333333333333333,-0.10326703697067433,False,False,True,False,-0.008887296183479719
LONG,2,0-20,4.0,100,30.0,15.0,2.0,10,0.23,-0.31,0.3333333333333333,-0.1033333333333333,False,False,True,False,-0.008999999999999989
LONG,2,0-20,4.0,100,10.0,5.0,2.0,60,0.23,-0.31,0.3333333333333333,-0.1033333333333333,False,False,True,False,-0.008999999999999989
LONG,2,0-20,4.0,100,10.0,5.0,2.0,120,0.23,-0.31,0.3333333333333333,-0.1033333333333333,False,False,True,False,-0.008999999999999989
SHORT,2,20-40,2.0,2575,10.0,5.0,2.0,10,0.2299029126213592,-0.3102912621359224,0.3333333333333333,-0.10343042071197411,False,False,True,False,-0.009165048543689346
SHORT,0,0-20,3.0,222,20.0,10.0,2.0,30,0.2297297297297297,-0.3108108108108109,0.3333333333333333,-0.10360360360360363,False,False,True,False,-0.00945945945945951
LONG,2,80-100,1.5,4658,20.0,10.0,2.0,20,0.2297123228853585,-0.3108630313439245,0.3333333333333333,-0.10362101044797481,False,False,True,False,-0.009489051094890547
LONG,2,60-80,2.5,910,30.0,15.0,2.0,30,0.2296703296703296,-0.31098901098901116,0.3333333333333333,-0.10366300366300371,False,False,True,False,-0.009560439560439652
LONG,2,0-20,2.5,1584,30.0,15.0,2.0,30,0.2291666666666666,-0.31250000000000017,0.3333333333333333,-0.10416666666666671,False,False,True,False,-0.010416666666666761
LONG,2,20-40,3.5,144,20.0,10.0,2.0,120,0.2291666666666666,-0.31250000000000017,0.3333333333333333,-0.10416666666666671,False,False,True,False,-0.010416666666666761
SHORT,1,40-60,2.0,2038,30.0,15.0,2.0,20,0.2291462217860647,-0.3125613346418059,0.3333333333333333,-0.10418711154726862,False,False,True,False,-0.010451422963690008
LONG,1,20-40,3.0,359,30.0,15.0,2.0,10,0.2284122562674094,-0.31476323119777183,0.3333333333333333,-0.1049210770659239,False,False,True,False,-0.011699164345404012
LONG,2,0-20,3.0,598,5.0,5.0,1.0,10,0.3060200668896321,-0.38795986622073575,0.5,-0.19397993311036787,False,False,True,False,-0.011872909698996618
SHORT,0,0-20,1.5,13687,30.0,15.0,2.0,30,0.2282457806677869,-0.31526265799663933,0.3333333333333333,-0.10508755266554642,False,False,True,False,-0.011982172864762278
LONG,0,60-80,3.5,136,30.0,15.0,2.0,10,0.2279411764705882,-0.3161764705882354,0.3333333333333333,-0.10539215686274511,False,False,True,False,-0.012500000000000042
LONG,2,20-40,2.0,2529,30.0,15.0,2.0,30,0.2277580071174377,-0.3167259786476869,0.3333333333333333,-0.1055753262158956,False,False,True,False,-0.012811387900355898
LONG,2,0-20,3.5,233,30.0,15.0,2.0,30,0.2274678111587982,-0.3175965665236054,0.3333333333333333,-0.10586552217453513,False,False,True,False,-0.013304721030043064
SHORT,0,0-20,2.0,4503,30.0,15.0,2.0,30,0.2274039529202753,-0.31778814123917415,0.3333333333333333,-0.10592938041305802,False,False,True,False,-0.013413280035532
SHORT,2,40-60,2.5,823,15.0,10.0,1.5,10,0.2600243013365735,-0.34993924665856624,0.4,-0.13997569866342652,False,False,True,False,-0.0134629404617254
LONG,2,20-40,3.0,348,5.0,5.0,1.0,20,0.3045977011494253,-0.3908045977011494,0.5,-0.1954022988505747,False,False,True,False,-0.013793103448275827
SHORT,0,80-100,3.0,251,30.0,15.0,2.0,10,0.2270916334661354,-0.31872509960159384,0.3333333333333333,-0.10624169986719792,False,False,True,False,-0.013944223107569827
SHORT,0,20-40,2.5,784,30.0,15.0,2.0,20,0.2270408163265306,-0.3188775510204082,0.3333333333333333,-0.10629251700680273,False,False,True,False,-0.014030612244897978
LONG,2,20-40,3.0,348,10.0,5.0,2.0,10,0.2270114942528735,-0.3189655172413795,0.3333333333333333,-0.1063218390804598,False,False,True,False,-0.01408045977011503
SHORT,1,40-60,3.0,260,30.0,15.0,2.0,20,0.2269230769230769,-0.3192307692307693,0.3333333333333333,-0.10641025641025642,False,False,True,False,-0.014230769230769272
SHORT,2,60-80,2.5,869,30.0,15.0,2.0,30,0.2266973532796317,-0.3199079401611049,0.3333333333333333,-0.10663598005370162,False,False,True,False,-0.014614499424626098
LONG,2,20-40,1.5,5263,30.0,15.0,2.0,30,0.2261067832034961,-0.32167965038951174,0.3333333333333333,-0.10722655012983723,False,False,True,False,-0.015618468554056644
SHORT,2,60-80,2.0,2499,15.0,10.0,1.5,10,0.2585034013605442,-0.3537414965986394,0.4,-0.1414965986394558,False,False,True,False,-0.01578231292517004
SHORT,2,20-40,3.0,341,30.0,15.0,2.0,10,0.2258064516129032,-0.32258064516129037,0.3333333333333333,-0.10752688172043012,False,False,True,False,-0.016129032258064547
LONG,2,0-20,3.0,598,30.0,15.0,2.0,30,0.225752508361204,-0.322742474916388,0.3333333333333333,-0.10758082497212931,False,False,True,False,-0.01622073578595319
LONG,0,20-40,1.5,8519,20.0,10.0,2.0,10,0.2256133348984622,-0.3231599953046135,0.3333333333333333,-0.10771999843487112,False,False,True,False,-0.01645733067261428
SHORT,2,60-80,3.5,133,20.0,10.0,2.0,20,0.225563909774436,-0.32330827067669204,0.3333333333333333,-0.10776942355889732,False,False,True,False,-0.016541353383458808
SHORT,1,80-100,4.0,102,10.0,5.0,2.0,10,0.2254901960784313,-0.3235294117647062,0.3333333333333333,-0.10784313725490202,False,False,True,False,-0.016666666666666812
SHORT,1,80-100,4.0,102,10.0,5.0,2.0,20,0.2254901960784313,-0.3235294117647062,0.3333333333333333,-0.10784313725490202,False,False,True,False,-0.016666666666666812
SHORT,1,80-100,4.0,102,10.0,5.0,2.0,30,0.2254901960784313,-0.3235294117647062,0.3333333333333333,-0.10784313725490202,False,False,True,False,-0.016666666666666812
SHORT,1,80-100,4.0,102,10.0,5.0,2.0,60,0.2254901960784313,-0.3235294117647062,0.3333333333333333,-0.10784313725490202,False,False,True,False,-0.016666666666666812
SHORT,1,80-100,4.0,102,10.0,5.0,2.0,120,0.2254901960784313,-0.3235294117647062,0.3333333333333333,-0.10784313725490202,False,False,True,False,-0.016666666666666812
SHORT,2,0-20,3.5,244,20.0,10.0,2.0,10,0.2254098360655737,-0.323770491803279,0.3333333333333333,-0.10792349726775963,False,False,True,False,-0.016803278688524746
SHORT,0,80-100,2.0,3644,20.0,10.0,2.0,10,0.2253018660812294,-0.3240944017563118,0.3333333333333333,-0.10803146725210391,False,False,True,False,-0.016986827661910016
SHORT,0,20-40,1.5,10677,30.0,15.0,2.0,30,0.225156879273204,-0.3245293621803881,0.3333333333333333,-0.10817645406012932,False,False,True,False,-0.01723330523555322
LONG,2,20-40,3.0,348,5.0,5.0,1.0,10,0.3017241379310345,-0.39655172413793105,0.5,-0.19827586206896552,False,False,True,False,-0.017672413793103452
LONG,0,80-100,3.5,116,5.0,5.0,1.0,10,0.3017241379310345,-0.39655172413793105,0.5,-0.19827586206896552,False,False,True,False,-0.017672413793103452
LONG,0,20-40,3.0,236,30.0,15.0,2.0,10,0.2245762711864407,-0.3262711864406779,0.3333333333333333,-0.10875706214689262,False,False,True,False,-0.0182203389830508
SHORT,2,60-80,3.0,285,10.0,5.0,2.0,10,0.2245614035087719,-0.3263157894736842,0.3333333333333333,-0.10877192982456141,False,False,True,False,-0.018245614035087728
LONG,2,60-80,3.0,312,20.0,10.0,2.0,10,0.2243589743589743,-0.32692307692307704,0.3333333333333333,-0.108974358974359,False,False,True,False,-0.018589743589743656
SHORT,1,60-80,3.5,174,10.0,5.0,2.0,10,0.2241379310344827,-0.32758620689655193,0.3333333333333333,-0.10919540229885061,False,False,True,False,-0.018965517241379404
SHORT,1,60-80,3.5,174,10.0,5.0,2.0,20,0.2241379310344827,-0.32758620689655193,0.3333333333333333,-0.10919540229885061,False,False,True,False,-0.018965517241379404
SHORT,1,60-80,3.5,174,10.0,5.0,2.0,30,0.2241379310344827,-0.32758620689655193,0.3333333333333333,-0.10919540229885061,False,False,True,False,-0.018965517241379404
SHORT,1,60-80,3.5,174,10.0,5.0,2.0,60,0.2241379310344827,-0.32758620689655193,0.3333333333333333,-0.10919540229885061,False,False,True,False,-0.018965517241379404
SHORT,1,60-80,3.5,174,10.0,5.0,2.0,120,0.2241379310344827,-0.32758620689655193,0.3333333333333333,-0.10919540229885061,False,False,True,False,-0.018965517241379404
SHORT,1,0-20,2.0,2700,20.0,10.0,2.0,10,0.224074074074074,-0.327777777777778,0.3333333333333333,-0.1092592592592593,False,False,True,False,-0.019074074074074184
LONG,1,0-20,2.0,3468,30.0,15.0,2.0,20,0.2240484429065743,-0.32785467128027707,0.3333333333333333,-0.10928489042675901,False,False,True,False,-0.019117647058823666
LONG,2,0-20,3.5,233,5.0,5.0,1.0,60,0.3004291845493562,-0.3991416309012876,0.5,-0.1995708154506438,False,False,True,False,-0.019420600858369122
LONG,2,0-20,3.5,233,5.0,5.0,1.0,120,0.3004291845493562,-0.3991416309012876,0.5,-0.1995708154506438,False,False,True,False,-0.019420600858369122
SHORT,1,40-60,1.5,5231,30.0,15.0,2.0,20,0.2234754349072835,-0.3295736952781495,0.3333333333333333,-0.10985789842604982,False,False,True,False,-0.020091760657618044
LONG,2,80-100,2.0,2308,15.0,10.0,1.5,10,0.255632582322357,-0.3609185441941074,0.4,-0.144367417677643,False,False,True,False,-0.020160311958405522
SHORT,2,40-60,3.0,282,10.0,5.0,2.0,10,0.2234042553191489,-0.32978723404255333,0.3333333333333333,-0.10992907801418442,False,False,True,False,-0.020212765957446872
LONG,1,20-40,2.5,946,30.0,15.0,2.0,10,0.2230443974630021,-0.33086680761099374,0.3333333333333333,-0.11028893587033123,False,False,True,False,-0.020824524312896445
SHORT,2,0-20,3.0,481,5.0,5.0,1.0,60,0.2993762993762994,-0.4012474012474012,0.5,-0.2006237006237006,False,False,True,False,-0.020841995841995795
SHORT,2,0-20,3.0,481,5.0,5.0,1.0,120,0.2993762993762994,-0.4012474012474012,0.5,-0.2006237006237006,False,False,True,False,-0.020841995841995795
SHORT,2,40-60,3.5,139,30.0,15.0,2.0,10,0.2230215827338129,-0.3309352517985613,0.3333333333333333,-0.11031175059952042,False,False,True,False,-0.02086330935251807
SHORT,2,40-60,1.5,4669,15.0,10.0,1.5,10,0.2550867423431142,-0.3622831441422145,0.4,-0.14491325765688584,False,False,True,False,-0.02099271792675086
SHORT,1,60-80,2.0,2611,30.0,15.0,2.0,20,0.2229031022596706,-0.3312906932209882,0.3333333333333333,-0.1104302310736627,False,False,True,False,-0.021064726158559966
SHORT,1,60-80,3.0,351,5.0,5.0,1.0,20,0.2991452991452991,-0.40170940170940184,0.5,-0.20085470085470092,False,False,True,False,-0.02115384615384622
SHORT,1,60-80,3.0,351,5.0,5.0,1.0,30,0.2991452991452991,-0.40170940170940184,0.5,-0.20085470085470092,False,False,True,False,-0.02115384615384622
SHORT,1,60-80,3.0,351,5.0,5.0,1.0,60,0.2991452991452991,-0.40170940170940184,0.5,-0.20085470085470092,False,False,True,False,-0.02115384615384622
SHORT,1,60-80,3.0,351,5.0,5.0,1.0,120,0.2991452991452991,-0.40170940170940184,0.5,-0.20085470085470092,False,False,True,False,-0.02115384615384622
SHORT,2,0-20,3.0,481,10.0,5.0,2.0,10,0.2224532224532224,-0.33264033264033277,0.3333333333333333,-0.1108801108801109,False,False,True,False,-0.02182952182952189
SHORT,2,0-20,3.0,481,30.0,15.0,2.0,20,0.2224532224532224,-0.33264033264033277,0.3333333333333333,-0.1108801108801109,False,False,True,False,-0.02182952182952189
LONG,2,20-40,3.5,144,20.0,10.0,2.0,60,0.2222222222222222,-0.33333333333333337,0.3333333333333333,-0.1111111111111111,False,False,True,False,-0.02222222222222223
SHORT,1,40-60,3.5,108,10.0,5.0,2.0,10,0.2222222222222222,-0.33333333333333337,0.3333333333333333,-0.1111111111111111,False,False,True,False,-0.02222222222222223
SHORT,1,40-60,3.5,108,10.0,5.0,2.0,20,0.2222222222222222,-0.33333333333333337,0.3333333333333333,-0.1111111111111111,False,False,True,False,-0.02222222222222223
SHORT,1,40-60,3.5,108,30.0,15.0,2.0,20,0.2222222222222222,-0.33333333333333337,0.3333333333333333,-0.1111111111111111,False,False,True,False,-0.02222222222222223
SHORT,2,40-60,2.0,2119,15.0,10.0,1.5,10,0.2538933459178858,-0.36526663520528546,0.4,-0.1461066540821142,False,False,True,False,-0.02281264747522414
LONG,1,80-100,2.5,1492,30.0,15.0,2.0,10,0.2218498659517426,-0.3344504021447722,0.3333333333333333,-0.1114834673815907,False,False,True,False,-0.022855227882037553
SHORT,2,20-40,2.5,943,20.0,10.0,2.0,20,0.2216330858960763,-0.33510074231177106,0.3333333333333333,-0.11170024743725701,False,False,True,False,-0.023223753976670255
LONG,0,20-40,2.0,3191,30.0,15.0,2.0,20,0.2215606392980257,-0.3353180821059229,0.3333333333333333,-0.11177269403530762,False,False,True,False,-0.023346913193356297
SHORT,2,0-20,3.0,481,5.0,5.0,1.0,30,0.2972972972972973,-0.4054054054054053,0.5,-0.2027027027027027,False,False,True,False,-0.0236486486486486
SHORT,2,60-80,3.0,285,20.0,10.0,2.0,20,0.2210526315789473,-0.3368421052631581,0.3333333333333333,-0.11228070175438601,False,False,True,False,-0.024210526315789578
LONG,1,0-20,1.5,7283,30.0,15.0,2.0,20,0.220925442812028,-0.337223671563916,0.3333333333333333,-0.11240789052130531,False,False,True,False,-0.0244267472195524
LONG,2,40-60,2.5,965,30.0,15.0,2.0,30,0.2207253886010362,-0.33782383419689144,0.3333333333333333,-0.11260794473229713,False,False,True,False,-0.024766839378238464
LONG,2,40-60,3.0,322,30.0,15.0,2.0,20,0.2204968944099379,-0.3385093167701863,0.3333333333333333,-0.11283643892339543,False,False,True,False,-0.02515527950310557
LONG,2,0-20,3.5,233,5.0,5.0,1.0,20,0.296137339055794,-0.40772532188841204,0.5,-0.20386266094420602,False,False,True,False,-0.025214592274678115
LONG,2,0-20,3.5,233,5.0,5.0,1.0,30,0.296137339055794,-0.40772532188841204,0.5,-0.20386266094420602,False,False,True,False,-0.025214592274678115
SHORT,2,80-100,2.0,2189,15.0,10.0,1.5,10,0.2521699406121516,-0.36957514846962103,0.4,-0.14783005938784843,False,False,True,False,-0.025440840566468836
SHORT,1,40-60,1.5,5231,20.0,10.0,2.0,10,0.220225578283311,-0.339323265150067,0.3333333333333333,-0.11310775505002232,False,False,True,False,-0.02561651691837129
LONG,1,40-60,2.5,990,30.0,15.0,2.0,10,0.2202020202020202,-0.3393939393939394,0.3333333333333333,-0.11313131313131311,False,False,True,False,-0.025656565656565652
LONG,1,80-100,3.5,213,5.0,5.0,1.0,10,0.2957746478873239,-0.40845070422535223,0.5,-0.20422535211267612,False,False,True,False,-0.025704225352112746
LONG,1,80-100,3.5,213,5.0,5.0,1.0,20,0.2957746478873239,-0.40845070422535223,0.5,-0.20422535211267612,False,False,True,False,-0.025704225352112746
LONG,1,80-100,3.5,213,5.0,5.0,1.0,30,0.2957746478873239,-0.40845070422535223,0.5,-0.20422535211267612,False,False,True,False,-0.025704225352112746
LONG,1,80-100,3.5,213,5.0,5.0,1.0,60,0.2957746478873239,-0.40845070422535223,0.5,-0.20422535211267612,False,False,True,False,-0.025704225352112746
LONG,1,80-100,3.5,213,5.0,5.0,1.0,120,0.2957746478873239,-0.40845070422535223,0.5,-0.20422535211267612,False,False,True,False,-0.025704225352112746
LONG,1,80-100,2.0,3899,30.0,15.0,2.0,10,0.2200564247242882,-0.33983072582713536,0.3333333333333333,-0.1132769086090451,False,False,True,False,-0.02590407796871003
LONG,0,40-60,1.5,8453,30.0,15.0,2.0,20,0.2200402224062463,-0.3398793327812611,0.3333333333333333,-0.11329311092708702,False,False,True,False,-0.02593162190938128
SHORT,2,60-80,1.5,5420,15.0,10.0,1.5,10,0.2518450184501845,-0.3703874538745388,0.4,-0.14815498154981555,False,False,True,False,-0.025936346863468667
LONG,2,0-20,4.0,100,10.0,5.0,2.0,30,0.22,-0.34,0.3333333333333333,-0.11333333333333331,False,False,True,False,-0.025999999999999992
SHORT,1,60-80,2.0,2611,20.0,10.0,2.0,10,0.2198391420911528,-0.34048257372654167,0.3333333333333333,-0.11349419124218052,False,False,True,False,-0.026273458445040254
SHORT,0,80-100,2.0,3644,30.0,15.0,2.0,20,0.2195389681668496,-0.34138309549945123,0.3333333333333333,-0.11379436516648372,False,False,True,False,-0.02678375411635568
SHORT,2,60-80,2.0,2499,30.0,15.0,2.0,30,0.2192877150860344,-0.3421368547418968,0.3333333333333333,-0.11404561824729892,False,False,True,False,-0.02721088435374151
LONG,2,40-60,2.0,2572,30.0,15.0,2.0,30,0.2192846034214619,-0.3421461897356143,0.3333333333333333,-0.11404872991187143,False,False,True,False,-0.027216174183514755
SHORT,0,60-80,2.5,1017,20.0,10.0,2.0,10,0.2192723697148476,-0.3421828908554573,0.3333333333333333,-0.11406096361848572,False,False,True,False,-0.027236971484759103
LONG,2,60-80,1.5,5060,30.0,15.0,2.0,30,0.2191699604743083,-0.3424901185770751,0.3333333333333333,-0.114163372859025,False,False,True,False,-0.02741106719367587
SHORT,2,60-80,2.5,869,15.0,10.0,1.5,10,0.2508630609896433,-0.3728423475258918,0.4,-0.14913693901035674,False,False,True,False,-0.027433831990793987
SHORT,2,20-40,2.0,2575,20.0,10.0,2.0,20,0.2190291262135922,-0.34291262135922346,0.3333333333333333,-0.11430420711974112,False,False,True,False,-0.02765048543689327
LONG,2,0-20,2.0,3836,30.0,15.0,2.0,30,0.218978102189781,-0.343065693430657,0.3333333333333333,-0.11435523114355231,False,False,True,False,-0.027737226277372292
SHORT,1,0-20,2.0,2700,30.0,15.0,2.0,20,0.2188888888888888,-0.3433333333333336,0.3333333333333333,-0.11444444444444452,False,False,True,False,-0.027888888888889032
SHORT,1,80-100,4.0,102,5.0,5.0,1.0,10,0.2941176470588235,-0.41176470588235303,0.5,-0.20588235294117652,False,False,True,False,-0.02794117647058828
SHORT,1,80-100,4.0,102,5.0,5.0,1.0,20,0.2941176470588235,-0.41176470588235303,0.5,-0.20588235294117652,False,False,True,False,-0.02794117647058828
SHORT,1,80-100,4.0,102,5.0,5.0,1.0,30,0.2941176470588235,-0.41176470588235303,0.5,-0.20588235294117652,False,False,True,False,-0.02794117647058828
SHORT,1,80-100,4.0,102,5.0,5.0,1.0,60,0.2941176470588235,-0.41176470588235303,0.5,-0.20588235294117652,False,False,True,False,-0.02794117647058828
SHORT,1,80-100,4.0,102,5.0,5.0,1.0,120,0.2941176470588235,-0.41176470588235303,0.5,-0.20588235294117652,False,False,True,False,-0.02794117647058828
SHORT,0,0-20,2.5,1034,15.0,10.0,1.5,10,0.2504835589941973,-0.3737911025145068,0.4,-0.14951644100580275,False,False,True,False,-0.02801257253384915
SHORT,2,40-60,2.5,823,30.0,15.0,2.0,30,0.2187120291616039,-0.3438639125151883,0.3333333333333333,-0.11462130417172942,False,False,True,False,-0.028189550425273352
SHORT,0,60-80,3.5,119,10.0,5.0,2.0,10,0.2184873949579832,-0.3445378151260504,0.3333333333333333,-0.11484593837535012,False,False,True,False,-0.028571428571428557
SHORT,0,60-80,3.5,119,10.0,5.0,2.0,20,0.2184873949579832,-0.3445378151260504,0.3333333333333333,-0.11484593837535012,False,False,True,False,-0.028571428571428557
SHORT,0,60-80,3.5,119,10.0,5.0,2.0,30,0.2184873949579832,-0.3445378151260504,0.3333333333333333,-0.11484593837535012,False,False,True,False,-0.028571428571428557
SHORT,0,60-80,3.5,119,10.0,5.0,2.0,60,0.2184873949579832,-0.3445378151260504,0.3333333333333333,-0.11484593837535012,False,False,True,False,-0.028571428571428557
SHORT,0,60-80,3.5,119,10.0,5.0,2.0,120,0.2184873949579832,-0.3445378151260504,0.3333333333333333,-0.11484593837535012,False,False,True,False,-0.028571428571428557
SHORT,2,20-40,2.5,943,10.0,5.0,2.0,10,0.2184517497348886,-0.34464475079533424,0.3333333333333333,-0.11488158359844472,False,False,True,False,-0.028632025450689387
SHORT,1,60-80,3.0,351,5.0,5.0,1.0,10,0.2934472934472934,-0.4131054131054132,0.5,-0.20655270655270658,False,False,True,False,-0.028846153846153882
SHORT,2,0-20,1.5,7338,30.0,15.0,2.0,30,0.2183156173344235,-0.3450531479967295,0.3333333333333333,-0.11501771599890981,False,False,True,False,-0.028863450531480022
SHORT,2,0-20,3.0,481,5.0,5.0,1.0,10,0.2931392931392931,-0.4137214137214138,0.5,-0.2068607068607069,False,False,True,False,-0.02926195426195431
SHORT,2,0-20,3.0,481,5.0,5.0,1.0,20,0.2931392931392931,-0.4137214137214138,0.5,-0.2068607068607069,False,False,True,False,-0.02926195426195431
SHORT,2,0-20,2.0,3332,30.0,15.0,2.0,30,0.2178871548619447,-0.3463385354141658,0.3333333333333333,-0.1154461784713886,False,False,True,False,-0.02959183673469396
LONG,0,0-20,2.5,1085,20.0,10.0,2.0,10,0.2175115207373271,-0.34746543778801875,0.3333333333333333,-0.11582181259600621,False,False,True,False,-0.030230414746543928
LONG,0,0-20,3.0,253,20.0,10.0,2.0,10,0.217391304347826,-0.34782608695652206,0.3333333333333333,-0.11594202898550732,False,False,True,False,-0.03043478260869581
LONG,0,0-20,3.0,253,30.0,15.0,2.0,20,0.217391304347826,-0.34782608695652206,0.3333333333333333,-0.11594202898550732,False,False,True,False,-0.03043478260869581
LONG,2,80-100,2.5,944,30.0,15.0,2.0,30,0.2171610169491525,-0.34851694915254255,0.3333333333333333,-0.11617231638418082,False,False,True,False,-0.030826271186440764
LONG,0,0-20,2.0,4136,20.0,10.0,2.0,10,0.2168762088974855,-0.34937137330754353,0.3333333333333333,-0.11645712443584783,False,False,True,False,-0.03131044487427466
SHORT,2,60-80,3.5,133,15.0,10.0,1.5,10,0.2481203007518796,-0.379699248120301,0.4,-0.15187969924812042,False,False,True,False,-0.031616541353383605
LONG,1,60-80,3.5,127,5.0,5.0,1.0,10,0.2913385826771653,-0.41732283464566944,0.5,-0.20866141732283472,False,False,True,False,-0.031692913385826846
LONG,1,60-80,3.5,127,5.0,5.0,1.0,20,0.2913385826771653,-0.41732283464566944,0.5,-0.20866141732283472,False,False,True,False,-0.031692913385826846
LONG,1,60-80,3.5,127,5.0,5.0,1.0,30,0.2913385826771653,-0.41732283464566944,0.5,-0.20866141732283472,False,False,True,False,-0.031692913385826846
LONG,1,60-80,3.5,127,5.0,5.0,1.0,60,0.2913385826771653,-0.41732283464566944,0.5,-0.20866141732283472,False,False,True,False,-0.031692913385826846
LONG,1,60-80,3.5,127,5.0,5.0,1.0,120,0.2913385826771653,-0.41732283464566944,0.5,-0.20866141732283472,False,False,True,False,-0.031692913385826846
SHORT,2,20-40,1.5,5581,30.0,15.0,2.0,30,0.2164486651137789,-0.3506540046586633,0.3333333333333333,-0.11688466821955443,False,False,True,False,-0.032037269306575876
SHORT,2,0-20,2.0,3332,15.0,10.0,1.5,10,0.2475990396158463,-0.38100240096038424,0.4,-0.1524009603841537,False,False,True,False,-0.03241146458583438
SHORT,2,0-20,3.0,481,20.0,10.0,2.0,10,0.2162162162162162,-0.35135135135135137,0.3333333333333333,-0.11711711711711711,False,False,True,False,-0.032432432432432434
SHORT,2,40-60,1.5,4669,30.0,15.0,2.0,30,0.2161062325979867,-0.35168130220603994,0.3333333333333333,-0.11722710073534662,False,False,True,False,-0.03261940458342261
SHORT,0,60-80,2.0,3855,30.0,15.0,2.0,20,0.216083009079118,-0.35175097276264594,0.3333333333333333,-0.1172503242542153,False,False,True,False,-0.032658884565499355
LONG,1,80-100,1.5,8900,30.0,15.0,2.0,10,0.216067415730337,-0.35179775280898895,0.3333333333333333,-0.11726591760299632,False,False,True,False,-0.032685393258427065
LONG,2,0-20,2.5,1584,20.0,10.0,2.0,10,0.2159090909090909,-0.35227272727272724,0.3333333333333333,-0.1174242424242424,False,False,True,False,-0.03295454545454543
SHORT,2,40-60,3.5,139,10.0,5.0,2.0,20,0.2158273381294964,-0.3525179856115108,0.3333333333333333,-0.11750599520383692,False,False,True,False,-0.033093525179856115
SHORT,2,40-60,3.5,139,10.0,5.0,2.0,30,0.2158273381294964,-0.3525179856115108,0.3333333333333333,-0.11750599520383692,False,False,True,False,-0.033093525179856115
SHORT,2,40-60,3.5,139,10.0,5.0,2.0,60,0.2158273381294964,-0.3525179856115108,0.3333333333333333,-0.11750599520383692,False,False,True,False,-0.033093525179856115
SHORT,2,40-60,3.5,139,10.0,5.0,2.0,120,0.2158273381294964,-0.3525179856115108,0.3333333333333333,-0.11750599520383692,False,False,True,False,-0.033093525179856115
LONG,2,80-100,1.5,4658,15.0,10.0,1.5,10,0.2471017604121941,-0.38224559896951477,0.4,-0.15289823958780593,False,False,True,False,-0.033169815371403996
LONG,2,0-20,1.5,7797,30.0,15.0,2.0,30,0.2157239964088752,-0.3528280107733744,0.3333333333333333,-0.1176093369244581,False,False,True,False,-0.03326920610491214
SHORT,2,20-40,3.5,153,10.0,5.0,2.0,60,0.2156862745098039,-0.35294117647058826,0.3333333333333333,-0.11764705882352941,False,False,True,False,-0.03333333333333335
SHORT,2,20-40,3.5,153,10.0,5.0,2.0,120,0.2156862745098039,-0.35294117647058826,0.3333333333333333,-0.11764705882352941,False,False,True,False,-0.03333333333333335
SHORT,2,60-80,1.5,5420,30.0,15.0,2.0,30,0.2156826568265682,-0.3529520295202954,0.3333333333333333,-0.11765067650676511,False,False,True,False,-0.03333948339483406
LONG,2,20-40,3.0,348,20.0,10.0,2.0,10,0.2155172413793103,-0.3534482758620691,0.3333333333333333,-0.11781609195402301,False,False,True,False,-0.03362068965517248
SHORT,1,80-100,2.0,3453,30.0,15.0,2.0,10,0.2151752099623515,-0.35447437011294547,0.3333333333333333,-0.1181581233709818,False,False,True,False,-0.03420214306400242
SHORT,2,0-20,1.5,7338,15.0,10.0,1.5,10,0.2462523848460071,-0.3843690378849823,0.4,-0.15374761515399293,False,False,True,False,-0.034465113109839185
LONG,0,80-100,2.5,922,30.0,15.0,2.0,10,0.2147505422993492,-0.3557483731019524,0.3333333333333333,-0.11858279103398411,False,False,True,False,-0.03492407809110634
LONG,2,0-20,3.5,233,10.0,5.0,2.0,10,0.2145922746781116,-0.3562231759656652,0.3333333333333333,-0.11874105865522172,False,False,True,False,-0.03519313304721028
LONG,1,20-40,3.5,118,5.0,5.0,1.0,60,0.288135593220339,-0.423728813559322,0.5,-0.211864406779661,False,False,True,False,-0.03601694915254236
LONG,1,20-40,3.5,118,5.0,5.0,1.0,120,0.288135593220339,-0.423728813559322,0.5,-0.211864406779661,False,False,True,False,-0.03601694915254236
SHORT,2,80-100,3.5,103,30.0,15.0,2.0,10,0.2135922330097087,-0.35922330097087396,0.3333333333333333,-0.11974110032362462,False,False,True,False,-0.03689320388349523
LONG,2,40-60,1.5,5279,30.0,15.0,2.0,30,0.2134874029172191,-0.3595377912483427,0.3333333333333333,-0.11984593041611422,False,False,True,False,-0.037071415040727515
LONG,2,60-80,2.0,2483,30.0,15.0,2.0,30,0.2134514699959726,-0.3596455900120822,0.3333333333333333,-0.11988186333736073,False,False,True,False,-0.03713250100684656
LONG,0,60-80,3.5,136,10.0,5.0,2.0,10,0.213235294117647,-0.36029411764705904,0.3333333333333333,-0.12009803921568632,False,False,True,False,-0.03750000000000012
LONG,0,60-80,3.5,136,10.0,5.0,2.0,20,0.213235294117647,-0.36029411764705904,0.3333333333333333,-0.12009803921568632,False,False,True,False,-0.03750000000000012
LONG,0,60-80,3.5,136,10.0,5.0,2.0,30,0.213235294117647,-0.36029411764705904,0.3333333333333333,-0.12009803921568632,False,False,True,False,-0.03750000000000012
LONG,0,60-80,3.5,136,10.0,5.0,2.0,60,0.213235294117647,-0.36029411764705904,0.3333333333333333,-0.12009803921568632,False,False,True,False,-0.03750000000000012
LONG,0,60-80,3.5,136,10.0,5.0,2.0,120,0.213235294117647,-0.36029411764705904,0.3333333333333333,-0.12009803921568632,False,False,True,False,-0.03750000000000012
SHORT,2,20-40,2.0,2575,30.0,15.0,2.0,30,0.2132038834951456,-0.36038834951456317,0.3333333333333333,-0.12012944983818771,False,False,True,False,-0.03755339805825246
SHORT,1,60-80,1.5,6537,30.0,15.0,2.0,20,0.2129417163836622,-0.3611748508490134,0.3333333333333333,-0.12039161694967113,False,False,True,False,-0.037999082147774255
LONG,0,0-20,2.5,1085,30.0,15.0,2.0,20,0.2129032258064516,-0.3612903225806452,0.3333333333333333,-0.12043010752688171,False,False,True,False,-0.03806451612903228
SHORT,2,80-100,2.0,2189,30.0,15.0,2.0,30,0.2128825947921425,-0.36135221562357256,0.3333333333333333,-0.12045073854119082,False,False,True,False,-0.03809958885335775
SHORT,2,40-60,2.0,2119,30.0,15.0,2.0,30,0.2128362435110901,-0.3614912694667297,0.3333333333333333,-0.12049708982224322,False,False,True,False,-0.03817838603114683
SHORT,2,40-60,3.0,282,30.0,15.0,2.0,10,0.2127659574468085,-0.3617021276595745,0.3333333333333333,-0.1205673758865248,False,False,True,False,-0.03829787234042552
LONG,2,20-40,3.0,348,30.0,15.0,2.0,10,0.2126436781609195,-0.36206896551724144,0.3333333333333333,-0.12068965517241381,False,False,True,False,-0.038505747126436805
SHORT,0,60-80,1.5,11293,30.0,15.0,2.0,20,0.2121668290091207,-0.36349951297263783,0.3333333333333333,-0.12116650432421261,False,False,True,False,-0.03931639068449479
LONG,2,20-40,3.5,144,15.0,10.0,1.5,30,0.2430555555555555,-0.39236111111111127,0.4,-0.15694444444444453,False,False,True,False,-0.03934027777777786
LONG,1,20-40,3.5,118,30.0,15.0,2.0,10,0.211864406779661,-0.364406779661017,0.3333333333333333,-0.12146892655367231,False,False,True,False,-0.03983050847457629
SHORT,0,80-100,1.5,10840,20.0,10.0,2.0,10,0.2116236162361623,-0.3651291512915131,0.3333333333333333,-0.12170971709717102,False,False,True,False,-0.04023985239852407
SHORT,1,60-80,1.5,6537,20.0,10.0,2.0,10,0.2114119626740095,-0.3657641119779715,0.3333333333333333,-0.12192137065932382,False,False,True,False,-0.040599663454183824
SHORT,2,60-80,3.0,285,15.0,10.0,1.5,10,0.2421052631578947,-0.3947368421052632,0.4,-0.1578947368421053,False,False,True,False,-0.040789473684210556
LONG,2,0-20,3.0,598,10.0,5.0,2.0,10,0.2107023411371237,-0.3678929765886289,0.3333333333333333,-0.12263099219620963,False,False,True,False,-0.041806020066889715
SHORT,0,60-80,2.0,3855,20.0,10.0,2.0,10,0.2106355382619974,-0.36809338521400775,0.3333333333333333,-0.12269779507133591,False,False,True,False,-0.04191958495460439
LONG,1,60-80,2.5,1002,30.0,15.0,2.0,10,0.2105788423153692,-0.36826347305389245,0.3333333333333333,-0.12275449101796412,False,False,True,False,-0.04201596806387237
LONG,1,60-80,3.0,342,30.0,15.0,2.0,10,0.2105263157894736,-0.36842105263157926,0.3333333333333333,-0.12280701754385973,False,False,True,False,-0.042105263157894895
SHORT,2,60-80,3.5,133,20.0,10.0,2.0,10,0.2105263157894736,-0.36842105263157926,0.3333333333333333,-0.12280701754385973,False,False,True,False,-0.042105263157894895
LONG,2,0-20,3.5,233,5.0,5.0,1.0,10,0.2832618025751073,-0.43347639484978545,0.5,-0.2167381974248927,False,False,True,False,-0.042596566523605155
LONG,1,0-20,3.0,452,30.0,15.0,2.0,10,0.2101769911504424,-0.3694690265486728,0.3333333333333333,-0.12315634218289093,False,False,True,False,-0.04269911504424791
LONG,2,0-20,4.0,100,10.0,5.0,2.0,20,0.21,-0.37000000000000005,0.3333333333333333,-0.12333333333333332,False,False,True,False,-0.04300000000000001
SHORT,0,0-20,2.5,1034,30.0,15.0,2.0,30,0.2098646034816247,-0.3704061895551259,0.3333333333333333,-0.12346872985170862,False,False,True,False,-0.043230174081237985
LONG,2,80-100,3.0,305,20.0,10.0,2.0,10,0.2098360655737705,-0.37049180327868847,0.3333333333333333,-0.12349726775956282,False,False,True,False,-0.043278688524590124
LONG,0,20-40,1.5,8519,30.0,15.0,2.0,20,0.2097664045075713,-0.37070078647728605,0.3333333333333333,-0.123566928825762,False,False,True,False,-0.04339711233712874
SHORT,2,80-100,1.5,4737,15.0,10.0,1.5,10,0.240025332488917,-0.3999366687777075,0.4,-0.15997466751108302,False,False,True,False,-0.04396136795440156
SHORT,0,40-60,2.0,3424,30.0,15.0,2.0,20,0.2094042056074766,-0.37178738317757015,0.3333333333333333,-0.12392912772585671,False,False,True,False,-0.044012850467289755
SHORT,2,0-20,4.0,129,20.0,10.0,2.0,10,0.2093023255813953,-0.3720930232558141,0.3333333333333333,-0.12403100775193801,False,False,True,False,-0.04418604651162798
SHORT,0,60-80,1.5,11293,20.0,10.0,2.0,10,0.2092446648366244,-0.3722660054901268,0.3333333333333333,-0.12408866849670891,False,False,True,False,-0.044284069777738494
SHORT,2,20-40,3.5,153,10.0,5.0,2.0,30,0.2091503267973856,-0.37254901960784326,0.3333333333333333,-0.12418300653594772,False,False,True,False,-0.044444444444444495
SHORT,2,20-40,2.5,943,15.0,10.0,1.5,10,0.23966065747614,-0.40084835630965004,0.4,-0.16033934252386003,False,False,True,False,-0.04451749734888652
SHORT,2,20-40,2.5,943,30.0,15.0,2.0,20,0.2089077412513255,-0.3732767762460235,0.3333333333333333,-0.12442559208200782,False,False,True,False,-0.04485683987274665
LONG,2,60-80,2.5,910,20.0,10.0,2.0,10,0.2087912087912088,-0.3736263736263736,0.3333333333333333,-0.12454212454212452,False,False,True,False,-0.04505494505494503
SHORT,0,80-100,1.5,10840,30.0,15.0,2.0,20,0.2086715867158671,-0.37398523985239873,0.3333333333333333,-0.12466174661746621,False,False,True,False,-0.04525830258302593
SHORT,2,40-60,3.5,139,10.0,5.0,2.0,10,0.2086330935251798,-0.3741007194244606,0.3333333333333333,-0.1247002398081535,False,False,True,False,-0.045323741007194315
LONG,0,60-80,3.0,312,10.0,5.0,2.0,10,0.2083333333333333,-0.37500000000000017,0.3333333333333333,-0.12500000000000003,False,False,True,False,-0.04583333333333342
LONG,0,60-80,3.0,312,10.0,5.0,2.0,20,0.2083333333333333,-0.37500000000000017,0.3333333333333333,-0.12500000000000003,False,False,True,False,-0.04583333333333342
LONG,0,60-80,3.0,312,10.0,5.0,2.0,30,0.2083333333333333,-0.37500000000000017,0.3333333333333333,-0.12500000000000003,False,False,True,False,-0.04583333333333342
LONG,0,60-80,3.0,312,10.0,5.0,2.0,60,0.2083333333333333,-0.37500000000000017,0.3333333333333333,-0.12500000000000003,False,False,True,False,-0.04583333333333342
LONG,0,60-80,3.0,312,10.0,5.0,2.0,120,0.2083333333333333,-0.37500000000000017,0.3333333333333333,-0.12500000000000003,False,False,True,False,-0.04583333333333342
LONG,2,60-80,3.0,312,30.0,15.0,2.0,20,0.2083333333333333,-0.37500000000000017,0.3333333333333333,-0.12500000000000003,False,False,True,False,-0.04583333333333342
SHORT,2,80-100,2.5,730,30.0,15.0,2.0,30,0.2082191780821917,-0.3753424657534249,0.3333333333333333,-0.1251141552511416,False,False,True,False,-0.046027397260274105
SHORT,2,20-40,3.0,341,10.0,5.0,2.0,10,0.2082111436950146,-0.37536656891495623,0.3333333333333333,-0.12512218963831873,False,False,True,False,-0.04604105571847517
SHORT,2,40-60,3.5,139,5.0,5.0,1.0,10,0.2805755395683453,-0.43884892086330934,0.5,-0.2194244604316547,False,False,True,False,-0.04622302158273383
SHORT,2,40-60,3.5,139,5.0,5.0,1.0,20,0.2805755395683453,-0.43884892086330934,0.5,-0.2194244604316547,False,False,True,False,-0.04622302158273383
SHORT,2,40-60,3.5,139,5.0,5.0,1.0,30,0.2805755395683453,-0.43884892086330934,0.5,-0.2194244604316547,False,False,True,False,-0.04622302158273383
SHORT,2,40-60,3.5,139,5.0,5.0,1.0,60,0.2805755395683453,-0.43884892086330934,0.5,-0.2194244604316547,False,False,True,False,-0.04622302158273383
SHORT,2,40-60,3.5,139,5.0,5.0,1.0,120,0.2805755395683453,-0.43884892086330934,0.5,-0.2194244604316547,False,False,True,False,-0.04622302158273383
SHORT,2,20-40,1.5,5581,15.0,10.0,1.5,10,0.2379501881383264,-0.405124529654184,0.4,-0.1620498118616736,False,False,True,False,-0.04712596308905222
LONG,1,20-40,3.5,118,5.0,5.0,1.0,10,0.2796610169491525,-0.440677966101695,0.5,-0.22033898305084748,False,False,True,False,-0.04745762711864412
LONG,1,20-40,3.5,118,5.0,5.0,1.0,20,0.2796610169491525,-0.440677966101695,0.5,-0.22033898305084748,False,False,True,False,-0.04745762711864412
LONG,1,20-40,3.5,118,5.0,5.0,1.0,30,0.2796610169491525,-0.440677966101695,0.5,-0.22033898305084748,False,False,True,False,-0.04745762711864412
LONG,1,20-40,2.0,2573,30.0,15.0,2.0,10,0.2067625340069957,-0.37971239797901285,0.3333333333333333,-0.1265707993263376,False,False,True,False,-0.04850369218810728
LONG,0,60-80,3.0,312,5.0,5.0,1.0,20,0.2788461538461538,-0.44230769230769246,0.5,-0.2211538461538462,False,False,True,False,-0.04855769230769237
LONG,0,60-80,3.0,312,5.0,5.0,1.0,30,0.2788461538461538,-0.44230769230769246,0.5,-0.2211538461538462,False,False,True,False,-0.04855769230769237
LONG,0,60-80,3.0,312,5.0,5.0,1.0,60,0.2788461538461538,-0.44230769230769246,0.5,-0.2211538461538462,False,False,True,False,-0.04855769230769237
LONG,0,60-80,3.0,312,5.0,5.0,1.0,120,0.2788461538461538,-0.44230769230769246,0.5,-0.2211538461538462,False,False,True,False,-0.04855769230769237
LONG,1,80-100,4.0,104,5.0,5.0,1.0,10,0.2788461538461538,-0.44230769230769246,0.5,-0.2211538461538462,False,False,True,False,-0.04855769230769237
LONG,1,80-100,4.0,104,5.0,5.0,1.0,20,0.2788461538461538,-0.44230769230769246,0.5,-0.2211538461538462,False,False,True,False,-0.04855769230769237
LONG,1,80-100,4.0,104,5.0,5.0,1.0,30,0.2788461538461538,-0.44230769230769246,0.5,-0.2211538461538462,False,False,True,False,-0.04855769230769237
LONG,1,80-100,4.0,104,5.0,5.0,1.0,60,0.2788461538461538,-0.44230769230769246,0.5,-0.2211538461538462,False,False,True,False,-0.04855769230769237
LONG,1,80-100,4.0,104,5.0,5.0,1.0,120,0.2788461538461538,-0.44230769230769246,0.5,-0.2211538461538462,False,False,True,False,-0.04855769230769237
LONG,0,0-20,1.5,11227,20.0,10.0,2.0,10,0.2066446958225705,-0.3800659125322885,0.3333333333333333,-0.1266886375107628,False,False,True,False,-0.04870401710163012
LONG,2,80-100,3.0,305,30.0,15.0,2.0,20,0.2065573770491803,-0.38032786885245906,0.3333333333333333,-0.126775956284153,False,False,True,False,-0.04885245901639344
LONG,0,0-20,2.0,4136,30.0,15.0,2.0,20,0.206237911025145,-0.381286266924565,0.3333333333333333,-0.12709542230818832,False,False,True,False,-0.049395551257253485
LONG,2,20-40,3.5,144,15.0,10.0,1.5,20,0.2361111111111111,-0.4097222222222222,0.4,-0.16388888888888892,False,False,True,False,-0.04993055555555555
LONG,2,0-20,2.5,1584,30.0,15.0,2.0,20,0.2051767676767676,-0.3844696969696972,0.3333333333333333,-0.12815656565656572,False,False,True,False,-0.05119949494949507
SHORT,2,0-20,3.5,244,10.0,5.0,2.0,30,0.2049180327868852,-0.38524590163934447,0.3333333333333333,-0.12841530054644812,False,False,True,False,-0.05163934426229518
SHORT,2,0-20,3.5,244,10.0,5.0,2.0,60,0.2049180327868852,-0.38524590163934447,0.3333333333333333,-0.12841530054644812,False,False,True,False,-0.05163934426229518
SHORT,2,0-20,3.5,244,10.0,5.0,2.0,120,0.2049180327868852,-0.38524590163934447,0.3333333333333333,-0.12841530054644812,False,False,True,False,-0.05163934426229518
LONG,2,20-40,2.5,1030,30.0,15.0,2.0,20,0.2048543689320388,-0.38543689320388363,0.3333333333333333,-0.12847896440129453,False,False,True,False,-0.051747572815534035
SHORT,0,0-20,3.0,222,20.0,10.0,2.0,20,0.2027027027027027,-0.391891891891892,0.3333333333333333,-0.13063063063063063,False,False,True,False,-0.05540540540540542
SHORT,0,0-20,3.0,222,30.0,15.0,2.0,30,0.2027027027027027,-0.391891891891892,0.3333333333333333,-0.13063063063063063,False,False,True,False,-0.05540540540540542
SHORT,2,20-40,3.5,153,10.0,5.0,2.0,20,0.2026143790849673,-0.39215686274509814,0.3333333333333333,-0.13071895424836602,False,False,True,False,-0.05555555555555561
LONG,2,0-20,3.0,598,20.0,10.0,2.0,10,0.2023411371237458,-0.3929765886287626,0.3333333333333333,-0.13099219620958752,False,False,True,False,-0.05602006688963214
SHORT,2,0-20,2.5,1276,30.0,15.0,2.0,20,0.2021943573667711,-0.39341692789968674,0.3333333333333333,-0.1311389759665622,False,False,True,False,-0.05626959247648912
SHORT,0,40-60,2.0,3424,20.0,10.0,2.0,10,0.2021028037383177,-0.3936915887850469,0.3333333333333333,-0.1312305295950156,False,False,True,False,-0.05642523364485989
LONG,2,40-60,2.5,965,20.0,10.0,2.0,10,0.2020725388601036,-0.39378238341968924,0.3333333333333333,-0.13126079447322972,False,False,True,False,-0.05647668393782389
LONG,2,0-20,2.0,3836,20.0,10.0,2.0,10,0.2020333680917622,-0.3938998957247134,0.3333333333333333,-0.13129996524157111,False,False,True,False,-0.05654327424400425
SHORT,0,20-40,2.0,3371,20.0,10.0,2.0,10,0.2020172055769801,-0.3939483832690597,0.3333333333333333,-0.1313161277563532,False,False,True,False,-0.05657075051913381
LONG,2,0-20,3.5,233,30.0,15.0,2.0,20,0.2017167381974249,-0.39484978540772536,0.3333333333333333,-0.13161659513590843,False,False,True,False,-0.05708154506437769
SHORT,2,40-60,2.5,823,20.0,10.0,2.0,10,0.2017010935601458,-0.39489671931956266,0.3333333333333333,-0.13163223977318753,False,False,True,False,-0.057108140947752156
LONG,0,60-80,3.0,312,5.0,5.0,1.0,10,0.2724358974358974,-0.45512820512820523,0.5,-0.2275641025641026,False,False,True,False,-0.057211538461538494
SHORT,2,0-20,4.0,129,10.0,5.0,2.0,20,0.2015503875968992,-0.3953488372093025,0.3333333333333333,-0.13178294573643412,False,False,True,False,-0.05736434108527136
SHORT,2,0-20,4.0,129,10.0,5.0,2.0,30,0.2015503875968992,-0.3953488372093025,0.3333333333333333,-0.13178294573643412,False,False,True,False,-0.05736434108527136
SHORT,2,0-20,4.0,129,10.0,5.0,2.0,60,0.2015503875968992,-0.3953488372093025,0.3333333333333333,-0.13178294573643412,False,False,True,False,-0.05736434108527136
SHORT,2,0-20,4.0,129,10.0,5.0,2.0,120,0.2015503875968992,-0.3953488372093025,0.3333333333333333,-0.13178294573643412,False,False,True,False,-0.05736434108527136
LONG,2,20-40,3.5,144,20.0,10.0,2.0,30,0.2013888888888889,-0.39583333333333337,0.3333333333333333,-0.13194444444444442,False,False,True,False,-0.05763888888888889
LONG,2,20-40,3.5,144,10.0,5.0,2.0,60,0.2013888888888889,-0.39583333333333337,0.3333333333333333,-0.13194444444444442,False,False,True,False,-0.05763888888888889
LONG,2,20-40,3.5,144,10.0,5.0,2.0,120,0.2013888888888889,-0.39583333333333337,0.3333333333333333,-0.13194444444444442,False,False,True,False,-0.05763888888888889
SHORT,1,60-80,2.5,920,30.0,15.0,2.0,10,0.2010869565217391,-0.39673913043478265,0.3333333333333333,-0.1322463768115942,False,False,True,False,-0.0581521739130435
SHORT,2,20-40,2.0,2575,15.0,10.0,1.5,10,0.2306796116504854,-0.4233009708737865,0.4,-0.16932038834951463,False,False,True,False,-0.05821359223300976
LONG,0,40-60,3.0,199,30.0,15.0,2.0,10,0.2010050251256281,-0.3969849246231157,0.3333333333333333,-0.13232830820770522,False,False,True,False,-0.05829145728643222
SHORT,1,80-100,1.5,8389,30.0,15.0,2.0,10,0.2009774704970795,-0.3970675885087615,0.3333333333333333,-0.1323558628362538,False,False,True,False,-0.058338300154964835
SHORT,2,0-20,3.5,244,10.0,5.0,2.0,20,0.2008196721311475,-0.39754098360655754,0.3333333333333333,-0.13251366120218583,False,False,True,False,-0.058606557377049256
SHORT,0,0-20,3.0,222,15.0,10.0,1.5,10,0.2297297297297297,-0.42567567567567577,0.4,-0.17027027027027034,False,False,True,False,-0.059662162162162226
SHORT,1,40-60,3.0,260,30.0,15.0,2.0,10,0.2,-0.4,0.3333333333333333,-0.1333333333333333,False,False,True,False,-0.05999999999999997
LONG,2,60-80,2.0,2483,20.0,10.0,2.0,10,0.1997583568264196,-0.4007249295207412,0.3333333333333333,-0.13357497650691372,False,False,True,False,-0.06041079339508667
LONG,2,20-40,3.5,144,15.0,10.0,1.5,10,0.2291666666666666,-0.4270833333333335,0.4,-0.17083333333333342,False,False,True,False,-0.060520833333333426
LONG,1,40-60,2.0,2570,30.0,15.0,2.0,10,0.1992217898832685,-0.40233463035019457,0.3333333333333333,-0.13411154345006482,False,False,True,False,-0.06132295719844357
SHORT,1,20-40,2.5,703,30.0,15.0,2.0,10,0.1991465149359886,-0.40256045519203426,0.3333333333333333,-0.13418681839734473,False,False,True,False,-0.06145092460881939
LONG,2,0-20,3.0,598,30.0,15.0,2.0,20,0.1989966555183946,-0.4030100334448162,0.3333333333333333,-0.13433667781493872,False,False,True,False,-0.06170568561872915
SHORT,1,0-20,1.5,7041,30.0,15.0,2.0,20,0.1989774179804005,-0.4030677460587985,0.3333333333333333,-0.13435591535293281,False,False,True,False,-0.06173838943331915
LONG,2,60-80,2.5,910,30.0,15.0,2.0,20,0.1989010989010989,-0.40329670329670336,0.3333333333333333,-0.13443223443223443,False,False,True,False,-0.06186813186813188
LONG,0,60-80,3.0,312,30.0,15.0,2.0,10,0.1987179487179487,-0.4038461538461539,0.3333333333333333,-0.1346153846153846,False,False,True,False,-0.06217948717948721
SHORT,2,80-100,1.5,4737,30.0,15.0,2.0,30,0.1986489339244247,-0.40405319822672586,0.3333333333333333,-0.1346843994089086,False,False,True,False,-0.06229681232847799
SHORT,2,80-100,2.5,730,20.0,10.0,2.0,10,0.1986301369863013,-0.4041095890410961,0.3333333333333333,-0.134703196347032,False,False,True,False,-0.06232876712328778
LONG,2,40-60,3.5,138,5.0,5.0,1.0,60,0.2681159420289855,-0.46376811594202905,0.5,-0.23188405797101452,False,False,True,False,-0.06304347826086959
LONG,2,40-60,3.5,138,5.0,5.0,1.0,120,0.2681159420289855,-0.46376811594202905,0.5,-0.23188405797101452,False,False,True,False,-0.06304347826086959
SHORT,2,20-40,3.5,153,5.0,5.0,1.0,20,0.2679738562091503,-0.4640522875816994,0.5,-0.23202614379084968,False,False,True,False,-0.06323529411764707
SHORT,2,20-40,3.5,153,5.0,5.0,1.0,30,0.2679738562091503,-0.4640522875816994,0.5,-0.23202614379084968,False,False,True,False,-0.06323529411764707
SHORT,2,20-40,3.5,153,5.0,5.0,1.0,60,0.2679738562091503,-0.4640522875816994,0.5,-0.23202614379084968,False,False,True,False,-0.06323529411764707
SHORT,2,20-40,3.5,153,5.0,5.0,1.0,120,0.2679738562091503,-0.4640522875816994,0.5,-0.23202614379084968,False,False,True,False,-0.06323529411764707
SHORT,2,40-60,2.5,823,30.0,15.0,2.0,20,0.198055893074119,-0.40583232077764303,0.3333333333333333,-0.13527744025921432,False,False,True,False,-0.06330498177399771
LONG,2,80-100,2.0,2308,30.0,15.0,2.0,30,0.1980069324090121,-0.4059792027729637,0.3333333333333333,-0.13532640092432122,False,False,True,False,-0.0633882149046794
SHORT,2,60-80,2.5,869,30.0,15.0,2.0,20,0.1979286536248561,-0.4062140391254317,0.3333333333333333,-0.13540467970847722,False,False,True,False,-0.06352128883774463
LONG,1,60-80,2.0,2744,30.0,15.0,2.0,10,0.1975218658892128,-0.40743440233236156,0.3333333333333333,-0.1358114674441205,False,False,True,False,-0.06421282798833822
SHORT,1,0-20,3.5,157,30.0,15.0,2.0,10,0.197452229299363,-0.40764331210191096,0.3333333333333333,-0.1358811040339703,False,False,True,False,-0.06433121019108284
LONG,1,20-40,1.5,5554,30.0,15.0,2.0,10,0.1973352538710839,-0.40799423838674836,0.3333333333333333,-0.13599807946224943,False,False,True,False,-0.0645300684191574
LONG,2,20-40,1.5,5263,20.0,10.0,2.0,10,0.1972259167775033,-0.40832224966749003,0.3333333333333333,-0.13610741655583,False,False,True,False,-0.06471594147824436
LONG,2,80-100,2.5,944,20.0,10.0,2.0,10,0.1970338983050847,-0.40889830508474595,0.3333333333333333,-0.13629943502824862,False,False,True,False,-0.06504237288135603
SHORT,0,20-40,2.0,3371,30.0,15.0,2.0,20,0.1966775437555621,-0.4099673687333137,0.3333333333333333,-0.13665578957777122,False,False,True,False,-0.06564817561554442
LONG,2,0-20,1.5,7797,20.0,10.0,2.0,10,0.1966140823393612,-0.4101577529819164,0.3333333333333333,-0.1367192509939721,False,False,True,False,-0.06575606002308595
SHORT,2,60-80,3.0,285,30.0,15.0,2.0,10,0.1964912280701754,-0.4105263157894738,0.3333333333333333,-0.1368421052631579,False,False,True,False,-0.06596491228070181
SHORT,1,0-20,1.5,7041,20.0,10.0,2.0,10,0.1964209629314018,-0.41073711120579465,0.3333333333333333,-0.13691237040193152,False,False,True,False,-0.06608436301661695
LONG,0,0-20,1.5,11227,30.0,15.0,2.0,20,0.196312461031442,-0.411062616905674,0.3333333333333333,-0.1370208723018913,False,False,True,False,-0.06626881624654858
SHORT,0,40-60,1.5,10374,20.0,10.0,2.0,10,0.1961634856371698,-0.41150954308849064,0.3333333333333333,-0.13716984769616353,False,False,True,False,-0.06652207441681134
SHORT,2,20-40,3.5,153,10.0,5.0,2.0,10,0.196078431372549,-0.41176470588235303,0.3333333333333333,-0.13725490196078433,False,False,True,False,-0.0666666666666667
LONG,2,80-100,1.5,4658,30.0,15.0,2.0,30,0.195577501073422,-0.413267496779734,0.3333333333333333,-0.1377558322599113,False,False,True,False,-0.06751824817518258
SHORT,2,0-20,2.5,1276,20.0,10.0,2.0,10,0.195141065830721,-0.414576802507837,0.3333333333333333,-0.13819226750261232,False,False,True,False,-0.0682601880877743
LONG,2,20-40,1.5,5263,30.0,15.0,2.0,20,0.1949458483754512,-0.41516245487364645,0.3333333333333333,-0.1383874849578821,False,False,True,False,-0.06859205776173295
SHORT,0,40-60,1.5,10374,30.0,15.0,2.0,20,0.1948139579718527,-0.415558126084442,0.3333333333333333,-0.13851937536148062,False,False,True,False,-0.06881627144785042
LONG,2,40-60,2.0,2572,20.0,10.0,2.0,10,0.1947900466562986,-0.4156298600311042,0.3333333333333333,-0.13854328667703472,False,False,True,False,-0.06885692068429237
LONG,2,20-40,3.5,144,10.0,5.0,2.0,10,0.1944444444444444,-0.4166666666666668,0.3333333333333333,-0.13888888888888892,False,False,True,False,-0.06944444444444452
LONG,2,20-40,3.5,144,10.0,5.0,2.0,20,0.1944444444444444,-0.4166666666666668,0.3333333333333333,-0.13888888888888892,False,False,True,False,-0.06944444444444452
LONG,2,20-40,3.5,144,10.0,5.0,2.0,30,0.1944444444444444,-0.4166666666666668,0.3333333333333333,-0.13888888888888892,False,False,True,False,-0.06944444444444452
SHORT,1,40-60,3.5,108,30.0,15.0,2.0,10,0.1944444444444444,-0.4166666666666668,0.3333333333333333,-0.13888888888888892,False,False,True,False,-0.06944444444444452
LONG,2,20-40,2.5,1030,20.0,10.0,2.0,10,0.1941747572815534,-0.4174757281553398,0.3333333333333333,-0.13915857605177992,False,False,True,False,-0.06990291262135921
SHORT,2,0-20,4.0,129,10.0,5.0,2.0,10,0.1937984496124031,-0.41860465116279066,0.3333333333333333,-0.1395348837209302,False,False,True,False,-0.07054263565891469
LONG,2,60-80,1.5,5060,20.0,10.0,2.0,10,0.1934782608695652,-0.41956521739130437,0.3333333333333333,-0.1398550724637681,False,False,True,False,-0.07108695652173912
LONG,2,0-20,2.0,3836,30.0,15.0,2.0,20,0.1934306569343065,-0.4197080291970805,0.3333333333333333,-0.13990267639902682,False,False,True,False,-0.07116788321167893
SHORT,1,0-20,3.0,352,30.0,15.0,2.0,10,0.1931818181818181,-0.4204545454545457,0.3333333333333333,-0.14015151515151522,False,False,True,False,-0.07159090909090923
SHORT,2,60-80,3.0,285,20.0,10.0,2.0,10,0.1929824561403508,-0.42105263157894757,0.3333333333333333,-0.1403508771929825,False,False,True,False,-0.07192982456140362
SHORT,2,20-40,3.5,153,5.0,5.0,1.0,10,0.261437908496732,-0.47712418300653603,0.5,-0.23856209150326801,False,False,True,False,-0.07205882352941181
SHORT,2,0-20,3.5,244,10.0,5.0,2.0,10,0.1926229508196721,-0.42213114754098374,0.3333333333333333,-0.14071038251366122,False,False,True,False,-0.07254098360655745
LONG,2,20-40,2.0,2529,30.0,15.0,2.0,20,0.1925662317121391,-0.42230130486358275,0.3333333333333333,-0.1407671016211942,False,False,True,False,-0.07263740608936353
LONG,2,40-60,3.5,138,5.0,5.0,1.0,10,0.2608695652173913,-0.47826086956521735,0.5,-0.2391304347826087,False,False,True,False,-0.07282608695652172
LONG,2,40-60,3.5,138,5.0,5.0,1.0,20,0.2608695652173913,-0.47826086956521735,0.5,-0.2391304347826087,False,False,True,False,-0.07282608695652172
LONG,2,40-60,3.5,138,5.0,5.0,1.0,30,0.2608695652173913,-0.47826086956521735,0.5,-0.2391304347826087,False,False,True,False,-0.07282608695652172
LONG,2,0-20,4.0,100,5.0,5.0,1.0,20,0.26,-0.48,0.5,-0.24,False,False,True,False,-0.07399999999999998
LONG,2,0-20,4.0,100,5.0,5.0,1.0,30,0.26,-0.48,0.5,-0.24,False,False,True,False,-0.07399999999999998
LONG,2,0-20,4.0,100,5.0,5.0,1.0,60,0.26,-0.48,0.5,-0.24,False,False,True,False,-0.07399999999999998
LONG,2,0-20,4.0,100,5.0,5.0,1.0,120,0.26,-0.48,0.5,-0.24,False,False,True,False,-0.07399999999999998
LONG,2,40-60,1.5,5279,20.0,10.0,2.0,10,0.1917029740481151,-0.4248910778556547,0.3333333333333333,-0.14163035928521822,False,False,True,False,-0.07410494411820434
SHORT,1,40-60,3.5,108,5.0,5.0,1.0,30,0.2592592592592592,-0.4814814814814816,0.5,-0.2407407407407408,False,False,True,False,-0.0750000000000001
SHORT,1,40-60,3.5,108,5.0,5.0,1.0,60,0.2592592592592592,-0.4814814814814816,0.5,-0.2407407407407408,False,False,True,False,-0.0750000000000001
SHORT,1,40-60,3.5,108,5.0,5.0,1.0,120,0.2592592592592592,-0.4814814814814816,0.5,-0.2407407407407408,False,False,True,False,-0.0750000000000001
SHORT,2,0-20,2.0,3332,30.0,15.0,2.0,20,0.1905762304921968,-0.42827130852340967,0.3333333333333333,-0.14275710284113652,False,False,True,False,-0.07602040816326547
LONG,2,0-20,1.5,7797,30.0,15.0,2.0,20,0.1904578684109272,-0.4286263947672183,0.3333333333333333,-0.1428754649224061,False,False,True,False,-0.0762216237014237
LONG,2,0-20,4.0,100,10.0,5.0,2.0,10,0.19,-0.43000000000000005,0.3333333333333333,-0.1433333333333333,False,False,True,False,-0.07699999999999999
LONG,0,60-80,3.5,136,5.0,5.0,1.0,10,0.2573529411764705,-0.48529411764705893,0.5,-0.2426470588235295,False,False,True,False,-0.07757352941176479
LONG,0,60-80,3.5,136,5.0,5.0,1.0,20,0.2573529411764705,-0.48529411764705893,0.5,-0.2426470588235295,False,False,True,False,-0.07757352941176479
LONG,0,60-80,3.5,136,5.0,5.0,1.0,30,0.2573529411764705,-0.48529411764705893,0.5,-0.2426470588235295,False,False,True,False,-0.07757352941176479
LONG,0,60-80,3.5,136,5.0,5.0,1.0,60,0.2573529411764705,-0.48529411764705893,0.5,-0.2426470588235295,False,False,True,False,-0.07757352941176479
LONG,0,60-80,3.5,136,5.0,5.0,1.0,120,0.2573529411764705,-0.48529411764705893,0.5,-0.2426470588235295,False,False,True,False,-0.07757352941176479
LONG,2,20-40,2.0,2529,20.0,10.0,2.0,10,0.1894029260577303,-0.43179122182680907,0.3333333333333333,-0.14393040727560302,False,False,True,False,-0.07801502570185846
LONG,0,40-60,2.5,792,30.0,15.0,2.0,10,0.1893939393939394,-0.43181818181818177,0.3333333333333333,-0.14393939393939392,False,False,True,False,-0.07803030303030299
SHORT,0,20-40,1.5,10677,20.0,10.0,2.0,10,0.18928537978833,-0.43214386063501,0.3333333333333333,-0.14404795354500333,False,False,True,False,-0.07821485435983898
SHORT,2,0-20,3.0,481,30.0,15.0,2.0,10,0.1891891891891892,-0.43243243243243235,0.3333333333333333,-0.14414414414414412,False,False,True,False,-0.07837837837837833
LONG,2,0-20,3.5,233,30.0,15.0,2.0,10,0.1888412017167382,-0.43347639484978534,0.3333333333333333,-0.1444921316165951,False,False,True,False,-0.07896995708154503
SHORT,0,0-20,1.5,13687,20.0,10.0,2.0,10,0.1885000365310148,-0.43449989040695564,0.3333333333333333,-0.14483329680231852,False,False,True,False,-0.07954993789727485
SHORT,2,0-20,1.5,7338,30.0,15.0,2.0,20,0.1880621422730989,-0.4358135731807033,0.3333333333333333,-0.14527119106023442,False,False,True,False,-0.08029435813573187
SHORT,0,80-100,2.5,899,30.0,15.0,2.0,10,0.1879866518353726,-0.43604004449388223,0.3333333333333333,-0.1453466814979607,False,False,True,False,-0.08042269187986659
SHORT,0,0-20,2.0,4503,30.0,15.0,2.0,20,0.1878747501665556,-0.43637574950033314,0.3333333333333333,-0.1454585831667777,False,False,True,False,-0.08061292471685544
LONG,2,20-40,3.5,144,20.0,10.0,2.0,10,0.1875,-0.4375,0.3333333333333333,-0.14583333333333331,False,False,True,False,-0.08124999999999998
LONG,2,20-40,3.5,144,20.0,10.0,2.0,20,0.1875,-0.4375,0.3333333333333333,-0.14583333333333331,False,False,True,False,-0.08124999999999998
LONG,1,60-80,1.5,6118,30.0,15.0,2.0,10,0.187152664269369,-0.43854200719189296,0.3333333333333333,-0.14618066906396432,False,False,True,False,-0.08184047074207267
LONG,2,40-60,2.5,965,30.0,15.0,2.0,20,0.1865284974093264,-0.4404145077720208,0.3333333333333333,-0.14680483592400692,False,False,True,False,-0.08290155440414512
LONG,2,40-60,3.0,322,30.0,15.0,2.0,10,0.186335403726708,-0.440993788819876,0.3333333333333333,-0.1469979296066253,False,False,True,False,-0.08322981366459639
SHORT,2,20-40,1.5,5581,30.0,15.0,2.0,20,0.1861673535208744,-0.44149793943737675,0.3333333333333333,-0.1471659798124589,False,False,True,False,-0.0835154990145135
LONG,0,60-80,2.5,1112,30.0,15.0,2.0,10,0.1861510791366906,-0.4415467625899282,0.3333333333333333,-0.14718225419664271,False,False,True,False,-0.08354316546762595
SHORT,2,60-80,2.0,2499,20.0,10.0,2.0,10,0.1860744297719087,-0.44177671068427393,0.3333333333333333,-0.14725890356142463,False,False,True,False,-0.0836734693877552
SHORT,2,0-20,1.5,7338,20.0,10.0,2.0,10,0.1860179885527391,-0.4419460343417827,0.3333333333333333,-0.14731534478059422,False,False,True,False,-0.0837694194603435
LONG,1,40-60,1.5,5617,30.0,15.0,2.0,10,0.1856863094178387,-0.4429410717464839,0.3333333333333333,-0.1476470239154946,False,False,True,False,-0.08433327398967419
SHORT,2,40-60,2.0,2119,30.0,15.0,2.0,20,0.1854648419065597,-0.44360547428032093,0.3333333333333333,-0.1478684914267736,False,False,True,False,-0.0847097687588485
SHORT,0,0-20,2.0,4503,20.0,10.0,2.0,10,0.1854319342660448,-0.44370419720186566,0.3333333333333333,-0.14790139906728852,False,False,True,False,-0.08476571174772385
SHORT,2,0-20,2.0,3332,20.0,10.0,2.0,10,0.1851740696278511,-0.4444777911164467,0.3333333333333333,-0.1481592637054822,False,False,True,False,-0.08520408163265311
SHORT,2,40-60,2.0,2119,20.0,10.0,2.0,10,0.1849929211892402,-0.4450212364322793,0.3333333333333333,-0.1483404121440931,False,False,True,False,-0.0855120339782916
LONG,0,20-40,2.5,877,30.0,15.0,2.0,10,0.1847206385404789,-0.44583808437856326,0.3333333333333333,-0.1486126947928544,False,False,True,False,-0.08597491448118585
SHORT,0,0-20,3.0,222,30.0,15.0,2.0,20,0.1846846846846846,-0.4459459459459462,0.3333333333333333,-0.1486486486486487,False,False,True,False,-0.08603603603603618
SHORT,2,40-60,1.5,4669,20.0,10.0,2.0,10,0.184407796101949,-0.446776611694153,0.3333333333333333,-0.14892553723138433,False,False,True,False,-0.08650674662668668
SHORT,2,60-80,1.5,5420,20.0,10.0,2.0,10,0.1839483394833948,-0.44815498154981553,0.3333333333333333,-0.1493849938499385,False,False,True,False,-0.08728782287822881
SHORT,1,40-60,3.5,108,5.0,5.0,1.0,10,0.25,-0.5,0.5,-0.25,False,False,True,False,-0.0875
SHORT,1,40-60,3.5,108,5.0,5.0,1.0,20,0.25,-0.5,0.5,-0.25,False,False,True,False,-0.0875
LONG,2,0-20,4.0,100,5.0,5.0,1.0,10,0.25,-0.5,0.5,-0.25,False,False,True,False,-0.0875
SHORT,2,40-60,1.5,4669,30.0,15.0,2.0,20,0.1835510816020561,-0.44934675519383166,0.3333333333333333,-0.1497822517312772,False,False,True,False,-0.08796316127650461
LONG,2,60-80,1.5,5060,30.0,15.0,2.0,20,0.183399209486166,-0.44980237154150193,0.3333333333333333,-0.1499341238471673,False,False,True,False,-0.08822134387351775
SHORT,0,0-20,1.5,13687,30.0,15.0,2.0,20,0.1833856944545919,-0.4498429166362242,0.3333333333333333,-0.1499476388787414,False,False,True,False,-0.08824431942719373
SHORT,2,20-40,2.0,2575,30.0,15.0,2.0,20,0.1833009708737864,-0.4500970873786408,0.3333333333333333,-0.1500323624595469,False,False,True,False,-0.08838834951456309
SHORT,2,60-80,2.0,2499,30.0,15.0,2.0,20,0.1832733093237294,-0.4501800720288118,0.3333333333333333,-0.15006002400960392,False,False,True,False,-0.08843537414966
SHORT,0,20-40,1.5,10677,30.0,15.0,2.0,20,0.1828228903249976,-0.45153132902500726,0.3333333333333333,-0.15051044300833571,False,False,True,False,-0.0892010864475041
LONG,2,60-80,2.0,2483,30.0,15.0,2.0,20,0.1820378574305275,-0.45388642770841753,0.3333333333333333,-0.15129547590280581,False,False,True,False,-0.09053564236810324
SHORT,0,40-60,2.5,814,30.0,15.0,2.0,10,0.1818181818181818,-0.45454545454545464,0.3333333333333333,-0.15151515151515152,False,False,True,False,-0.09090909090909094
SHORT,1,60-80,3.5,174,5.0,5.0,1.0,10,0.2471264367816092,-0.5057471264367817,0.5,-0.25287356321839083,False,False,True,False,-0.0913793103448276
SHORT,1,60-80,3.5,174,5.0,5.0,1.0,20,0.2471264367816092,-0.5057471264367817,0.5,-0.25287356321839083,False,False,True,False,-0.0913793103448276
SHORT,1,60-80,3.5,174,5.0,5.0,1.0,30,0.2471264367816092,-0.5057471264367817,0.5,-0.25287356321839083,False,False,True,False,-0.0913793103448276
SHORT,1,60-80,3.5,174,5.0,5.0,1.0,60,0.2471264367816092,-0.5057471264367817,0.5,-0.25287356321839083,False,False,True,False,-0.0913793103448276
SHORT,1,60-80,3.5,174,5.0,5.0,1.0,120,0.2471264367816092,-0.5057471264367817,0.5,-0.25287356321839083,False,False,True,False,-0.0913793103448276
SHORT,2,80-100,2.0,2189,20.0,10.0,2.0,10,0.1813613522156235,-0.45591594335312957,0.3333333333333333,-0.15197198111770982,False,False,True,False,-0.09168570123344008
LONG,2,40-60,3.5,138,10.0,5.0,2.0,120,0.181159420289855,-0.45652173913043503,0.3333333333333333,-0.15217391304347833,False,False,True,False,-0.0920289855072465
SHORT,0,0-20,2.5,1034,20.0,10.0,2.0,10,0.1808510638297872,-0.4574468085106384,0.3333333333333333,-0.15248226950354613,False,False,True,False,-0.09255319148936175
SHORT,2,60-80,1.5,5420,30.0,15.0,2.0,20,0.1808118081180811,-0.45756457564575675,0.3333333333333333,-0.15252152521525222,False,False,True,False,-0.09261992619926215
SHORT,2,60-80,3.5,133,10.0,5.0,2.0,10,0.1804511278195488,-0.4586466165413535,0.3333333333333333,-0.1528822055137845,False,False,True,False,-0.09323308270676699
SHORT,2,60-80,3.5,133,10.0,5.0,2.0,20,0.1804511278195488,-0.4586466165413535,0.3333333333333333,-0.1528822055137845,False,False,True,False,-0.09323308270676699
SHORT,2,60-80,3.5,133,10.0,5.0,2.0,30,0.1804511278195488,-0.4586466165413535,0.3333333333333333,-0.1528822055137845,False,False,True,False,-0.09323308270676699
SHORT,2,60-80,3.5,133,10.0,5.0,2.0,60,0.1804511278195488,-0.4586466165413535,0.3333333333333333,-0.1528822055137845,False,False,True,False,-0.09323308270676699
SHORT,2,60-80,3.5,133,10.0,5.0,2.0,120,0.1804511278195488,-0.4586466165413535,0.3333333333333333,-0.1528822055137845,False,False,True,False,-0.09323308270676699
LONG,2,40-60,2.0,2572,30.0,15.0,2.0,20,0.1804043545878693,-0.4587869362363921,0.3333333333333333,-0.15292897874546402,False,False,True,False,-0.09331259720062217
SHORT,0,0-20,2.5,1034,30.0,15.0,2.0,20,0.1798839458413926,-0.4603481624758222,0.3333333333333333,-0.1534493874919407,False,False,True,False,-0.09419729206963257
SHORT,2,60-80,2.5,869,20.0,10.0,2.0,10,0.1795166858457997,-0.4614499424626009,0.3333333333333333,-0.15381664748753363,False,False,True,False,-0.0948216340621405
LONG,2,80-100,2.0,2308,20.0,10.0,2.0,10,0.1789428076256499,-0.46317157712305035,0.3333333333333333,-0.1543905257076834,False,False,True,False,-0.09579722703639516
SHORT,1,0-20,2.5,930,30.0,15.0,2.0,10,0.1784946236559139,-0.46451612903225825,0.3333333333333333,-0.15483870967741942,False,False,True,False,-0.09655913978494633
LONG,2,40-60,1.5,5279,30.0,15.0,2.0,20,0.1780640272778935,-0.4658079181663195,0.3333333333333333,-0.15526930605543982,False,False,True,False,-0.09729115362758103
LONG,1,0-20,2.5,1369,30.0,15.0,2.0,10,0.1775018261504748,-0.46749452154857557,0.3333333333333333,-0.15583150718285851,False,False,True,False,-0.09824689554419283
SHORT,2,0-20,3.5,244,5.0,5.0,1.0,10,0.2418032786885245,-0.5163934426229511,0.5,-0.25819672131147553,False,False,True,False,-0.09856557377049195
SHORT,2,0-20,3.5,244,5.0,5.0,1.0,20,0.2418032786885245,-0.5163934426229511,0.5,-0.25819672131147553,False,False,True,False,-0.09856557377049195
SHORT,2,0-20,3.5,244,5.0,5.0,1.0,30,0.2418032786885245,-0.5163934426229511,0.5,-0.25819672131147553,False,False,True,False,-0.09856557377049195
SHORT,2,0-20,3.5,244,5.0,5.0,1.0,60,0.2418032786885245,-0.5163934426229511,0.5,-0.25819672131147553,False,False,True,False,-0.09856557377049195
SHORT,2,0-20,3.5,244,5.0,5.0,1.0,120,0.2418032786885245,-0.5163934426229511,0.5,-0.25819672131147553,False,False,True,False,-0.09856557377049195
SHORT,2,20-40,2.5,943,20.0,10.0,2.0,10,0.176033934252386,-0.471898197242842,0.3333333333333333,-0.1572993990809473,False,False,True,False,-0.10074231177094377
SHORT,0,60-80,2.5,1017,30.0,15.0,2.0,10,0.1750245821042281,-0.47492625368731567,0.3333333333333333,-0.1583087512291052,False,False,True,False,-0.1024582104228122
SHORT,1,20-40,2.0,2110,30.0,15.0,2.0,10,0.1748815165876777,-0.4753554502369669,0.3333333333333333,-0.15845181674565562,False,False,True,False,-0.10270142180094788
LONG,2,80-100,2.5,944,30.0,15.0,2.0,20,0.1747881355932203,-0.47563559322033916,0.3333333333333333,-0.15854519774011303,False,False,True,False,-0.10286016949152552
SHORT,1,20-40,1.5,5476,30.0,15.0,2.0,10,0.1742147552958363,-0.4773557341124911,0.3333333333333333,-0.15911857803749702,False,False,True,False,-0.10383491599707827
SHORT,2,20-40,1.5,5581,20.0,10.0,2.0,10,0.1739831571402974,-0.47805052857910774,0.3333333333333333,-0.1593501761930359,False,False,True,False,-0.10422863286149439
LONG,2,40-60,3.5,138,10.0,5.0,2.0,10,0.1739130434782608,-0.47826086956521763,0.3333333333333333,-0.1594202898550725,False,False,True,False,-0.10434782608695661
LONG,2,40-60,3.5,138,10.0,5.0,2.0,20,0.1739130434782608,-0.47826086956521763,0.3333333333333333,-0.1594202898550725,False,False,True,False,-0.10434782608695661
LONG,2,40-60,3.5,138,10.0,5.0,2.0,30,0.1739130434782608,-0.47826086956521763,0.3333333333333333,-0.1594202898550725,False,False,True,False,-0.10434782608695661
LONG,2,40-60,3.5,138,10.0,5.0,2.0,60,0.1739130434782608,-0.47826086956521763,0.3333333333333333,-0.1594202898550725,False,False,True,False,-0.10434782608695661
LONG,2,80-100,3.0,305,30.0,15.0,2.0,10,0.1737704918032787,-0.47868852459016387,0.3333333333333333,-0.15956284153005462,False,False,True,False,-0.10459016393442619
LONG,2,80-100,1.5,4658,20.0,10.0,2.0,10,0.1721768999570631,-0.48346930012881073,0.3333333333333333,-0.16115643337627023,False,False,True,False,-0.10729927007299274
SHORT,2,80-100,1.5,4737,20.0,10.0,2.0,10,0.1716276124129195,-0.48511716276124156,0.3333333333333333,-0.16170572092041383,False,False,True,False,-0.10823305889803686
LONG,0,80-100,2.0,3477,30.0,15.0,2.0,10,0.1714121368996261,-0.48576358930112173,0.3333333333333333,-0.16192119643370723,False,False,True,False,-0.10859936727063564
SHORT,2,80-100,2.5,730,30.0,15.0,2.0,20,0.1712328767123287,-0.4863013698630139,0.3333333333333333,-0.1621004566210046,False,False,True,False,-0.1089041095890412
SHORT,2,0-20,4.0,129,5.0,5.0,1.0,10,0.2325581395348837,-0.5348837209302326,0.5,-0.2674418604651163,False,False,True,False,-0.11104651162790702
SHORT,2,0-20,4.0,129,5.0,5.0,1.0,20,0.2325581395348837,-0.5348837209302326,0.5,-0.2674418604651163,False,False,True,False,-0.11104651162790702
SHORT,2,0-20,4.0,129,5.0,5.0,1.0,30,0.2325581395348837,-0.5348837209302326,0.5,-0.2674418604651163,False,False,True,False,-0.11104651162790702
SHORT,2,0-20,4.0,129,5.0,5.0,1.0,60,0.2325581395348837,-0.5348837209302326,0.5,-0.2674418604651163,False,False,True,False,-0.11104651162790702
SHORT,2,0-20,4.0,129,5.0,5.0,1.0,120,0.2325581395348837,-0.5348837209302326,0.5,-0.2674418604651163,False,False,True,False,-0.11104651162790702
LONG,2,60-80,3.0,312,30.0,15.0,2.0,10,0.1698717948717948,-0.4903846153846156,0.3333333333333333,-0.16346153846153852,False,False,True,False,-0.11121794871794882
SHORT,2,80-100,3.0,218,30.0,15.0,2.0,10,0.1697247706422018,-0.4908256880733946,0.3333333333333333,-0.16360856269113153,False,False,True,False,-0.11146788990825694
SHORT,1,40-60,2.5,686,30.0,15.0,2.0,10,0.1690962099125364,-0.4927113702623908,0.3333333333333333,-0.1642371234207969,False,False,True,False,-0.1125364431486881
SHORT,2,80-100,2.0,2189,30.0,15.0,2.0,20,0.1685701233439926,-0.4942896299680222,0.3333333333333333,-0.16476320998934071,False,False,True,False,-0.11343079031521257
LONG,1,0-20,2.0,3468,30.0,15.0,2.0,10,0.1678200692041522,-0.4965397923875433,0.3333333333333333,-0.1655132641291811,False,False,True,False,-0.1147058823529412
SHORT,0,0-20,3.0,222,20.0,10.0,2.0,10,0.1666666666666666,-0.5000000000000002,0.3333333333333333,-0.1666666666666667,False,False,True,False,-0.11666666666666678
SHORT,0,0-20,3.0,222,30.0,15.0,2.0,10,0.1666666666666666,-0.5000000000000002,0.3333333333333333,-0.1666666666666667,False,False,True,False,-0.11666666666666678
LONG,0,60-80,2.0,3715,30.0,15.0,2.0,10,0.166621803499327,-0.5001345895020191,0.3333333333333333,-0.1667115298340063,False,False,True,False,-0.11674293405114411
LONG,2,80-100,2.0,2308,30.0,15.0,2.0,20,0.1655112651646447,-0.5034662045060659,0.3333333333333333,-0.1678220681686886,False,False,True,False,-0.11863084922010401
SHORT,0,60-80,3.5,119,5.0,5.0,1.0,10,0.226890756302521,-0.546218487394958,0.5,-0.273109243697479,False,False,True,False,-0.11869747899159666
SHORT,0,60-80,3.5,119,5.0,5.0,1.0,20,0.226890756302521,-0.546218487394958,0.5,-0.273109243697479,False,False,True,False,-0.11869747899159666
SHORT,0,60-80,3.5,119,5.0,5.0,1.0,30,0.226890756302521,-0.546218487394958,0.5,-0.273109243697479,False,False,True,False,-0.11869747899159666
SHORT,0,60-80,3.5,119,5.0,5.0,1.0,60,0.226890756302521,-0.546218487394958,0.5,-0.273109243697479,False,False,True,False,-0.11869747899159666
SHORT,0,60-80,3.5,119,5.0,5.0,1.0,120,0.226890756302521,-0.546218487394958,0.5,-0.273109243697479,False,False,True,False,-0.11869747899159666
SHORT,2,60-80,3.5,133,5.0,5.0,1.0,20,0.225563909774436,-0.5488721804511281,0.5,-0.27443609022556403,False,False,True,False,-0.12048872180451142
SHORT,2,60-80,3.5,133,5.0,5.0,1.0,30,0.225563909774436,-0.5488721804511281,0.5,-0.27443609022556403,False,False,True,False,-0.12048872180451142
SHORT,2,60-80,3.5,133,5.0,5.0,1.0,60,0.225563909774436,-0.5488721804511281,0.5,-0.27443609022556403,False,False,True,False,-0.12048872180451142
SHORT,2,60-80,3.5,133,5.0,5.0,1.0,120,0.225563909774436,-0.5488721804511281,0.5,-0.27443609022556403,False,False,True,False,-0.12048872180451142
SHORT,2,20-40,2.5,943,30.0,15.0,2.0,10,0.1633085896076352,-0.5100742311770945,0.3333333333333333,-0.17002474372569812,False,False,True,False,-0.12237539766702019
SHORT,2,20-40,2.0,2575,20.0,10.0,2.0,10,0.1631067961165048,-0.5106796116504856,0.3333333333333333,-0.1702265372168285,False,False,True,False,-0.12271844660194182
LONG,2,80-100,1.5,4658,30.0,15.0,2.0,20,0.1627307857449549,-0.5118076427651352,0.3333333333333333,-0.17060254758837842,False,False,True,False,-0.12335766423357665
LONG,1,0-20,1.5,7283,30.0,15.0,2.0,10,0.1622957572428944,-0.5131127282713167,0.3333333333333333,-0.1710375760904389,False,False,True,False,-0.12409721268707946
LONG,2,20-40,3.5,144,5.0,5.0,1.0,60,0.2222222222222222,-0.5555555555555556,0.5,-0.2777777777777778,False,False,True,False,-0.125
LONG,2,20-40,3.5,144,5.0,5.0,1.0,120,0.2222222222222222,-0.5555555555555556,0.5,-0.2777777777777778,False,False,True,False,-0.125
LONG,2,0-20,2.5,1584,30.0,15.0,2.0,10,0.1609848484848484,-0.5170454545454548,0.3333333333333333,-0.17234848484848492,False,False,True,False,-0.1263257575757577
SHORT,0,20-40,2.5,784,30.0,15.0,2.0,10,0.1607142857142857,-0.5178571428571429,0.3333333333333333,-0.17261904761904762,False,False,True,False,-0.12678571428571428
SHORT,1,60-80,2.0,2611,30.0,15.0,2.0,10,0.1600919188050555,-0.5197242435848335,0.3333333333333333,-0.17324141452827782,False,False,True,False,-0.12784373803140564
SHORT,2,80-100,1.5,4737,30.0,15.0,2.0,20,0.159805784251636,-0.520582647245092,0.3333333333333333,-0.17352754908169732,False,False,True,False,-0.12833016677221878
SHORT,2,40-60,2.5,823,30.0,15.0,2.0,10,0.1591737545565006,-0.5224787363304981,0.3333333333333333,-0.17415957877683272,False,False,True,False,-0.12940461725394894
LONG,2,0-20,3.0,598,30.0,15.0,2.0,10,0.1588628762541806,-0.5234113712374582,0.3333333333333333,-0.1744704570791527,False,False,True,False,-0.12993311036789296
SHORT,2,60-80,3.5,133,5.0,5.0,1.0,10,0.2180451127819548,-0.5639097744360904,0.5,-0.2819548872180452,False,False,True,False,-0.130639097744361
LONG,0,40-60,2.0,3057,30.0,15.0,2.0,10,0.1579980372914622,-0.5260058881256133,0.3333333333333333,-0.17533529604187112,False,False,True,False,-0.13140333660451423
LONG,0,80-100,1.5,9442,30.0,15.0,2.0,10,0.1576996399067994,-0.5269010802796019,0.3333333333333333,-0.17563369342653393,False,False,True,False,-0.13191061215844105
SHORT,2,0-20,2.5,1276,30.0,15.0,2.0,10,0.1575235109717868,-0.5274294670846397,0.3333333333333333,-0.17580982236154652,False,False,True,False,-0.13221003134796247
SHORT,1,0-20,2.0,2700,30.0,15.0,2.0,10,0.1566666666666666,-0.5300000000000002,0.3333333333333333,-0.17666666666666672,False,False,True,False,-0.1336666666666668
LONG,2,20-40,2.5,1030,30.0,15.0,2.0,10,0.1563106796116505,-0.5310679611650486,0.3333333333333333,-0.17702265372168283,False,False,True,False,-0.13427184466019418
LONG,2,20-40,3.5,144,5.0,5.0,1.0,30,0.2152777777777778,-0.5694444444444444,0.5,-0.2847222222222222,False,False,True,False,-0.13437499999999997
LONG,0,0-20,2.5,1085,30.0,15.0,2.0,10,0.1548387096774193,-0.5354838709677421,0.3333333333333333,-0.178494623655914,False,False,True,False,-0.13677419354838716
LONG,0,0-20,3.0,253,30.0,15.0,2.0,10,0.1541501976284585,-0.5375494071146245,0.3333333333333333,-0.17918313570487482,False,False,True,False,-0.13794466403162053
LONG,2,0-20,1.5,7797,30.0,15.0,2.0,10,0.1539053482108503,-0.538283955367449,0.3333333333333333,-0.179427985122483,False,False,True,False,-0.13836090804155443
SHORT,1,40-60,2.0,2038,30.0,15.0,2.0,10,0.1530912659470068,-0.5407262021589796,0.3333333333333333,-0.1802420673863265,False,False,True,False,-0.13974484789008843
LONG,0,60-80,1.5,9666,30.0,15.0,2.0,10,0.1513552658804055,-0.5459342023587835,0.3333333333333333,-0.18197806745292783,False,False,True,False,-0.14269604800331065
LONG,2,20-40,3.5,144,5.0,5.0,1.0,10,0.2083333333333333,-0.5833333333333335,0.5,-0.29166666666666674,False,False,True,False,-0.1437500000000001
LONG,2,20-40,3.5,144,5.0,5.0,1.0,20,0.2083333333333333,-0.5833333333333335,0.5,-0.29166666666666674,False,False,True,False,-0.1437500000000001
LONG,2,0-20,2.0,3836,30.0,15.0,2.0,10,0.1504171011470281,-0.5487486965589157,0.3333333333333333,-0.1829162321863052,False,False,True,False,-0.1442909280500522
LONG,2,60-80,2.5,910,30.0,15.0,2.0,10,0.1494505494505494,-0.5516483516483519,0.3333333333333333,-0.18388278388278392,False,False,True,False,-0.14593406593406605
LONG,0,20-40,2.0,3191,30.0,15.0,2.0,10,0.1488561579442181,-0.5534315261673457,0.3333333333333333,-0.1844771753891152,False,False,True,False,-0.14694453149482922
SHORT,2,0-20,2.0,3332,30.0,15.0,2.0,10,0.1479591836734693,-0.5561224489795922,0.3333333333333333,-0.185374149659864,False,False,True,False,-0.1484693877551022
LONG,2,20-40,1.5,5263,30.0,15.0,2.0,10,0.147634429032871,-0.557096712901387,0.3333333333333333,-0.18569890430046232,False,False,True,False,-0.14902147064411927
SHORT,0,80-100,2.0,3644,30.0,15.0,2.0,10,0.1473655323819978,-0.5579034028540066,0.3333333333333333,-0.18596780095133553,False,False,True,False,-0.14947859495060373
SHORT,2,0-20,1.5,7338,30.0,15.0,2.0,10,0.1466339602071409,-0.5600981193785772,0.3333333333333333,-0.18669937312619242,False,False,True,False,-0.15072226764786043
LONG,2,20-40,2.0,2529,30.0,15.0,2.0,10,0.1455120601028074,-0.5634638196915778,0.3333333333333333,-0.18782127323052591,False,False,True,False,-0.1526294978252274
SHORT,1,40-60,1.5,5231,30.0,15.0,2.0,10,0.1449053718218313,-0.5652838845345061,0.3333333333333333,-0.188427961511502,False,False,True,False,-0.15366086790288677
SHORT,1,60-80,1.5,6537,30.0,15.0,2.0,10,0.1442557748202539,-0.5672326755392383,0.3333333333333333,-0.18907755851307942,False,False,True,False,-0.15476518280556836
LONG,2,40-60,2.5,965,30.0,15.0,2.0,10,0.1430051813471502,-0.5709844559585493,0.3333333333333333,-0.1903281519861831,False,False,True,False,-0.15689119170984459
LONG,0,0-20,2.0,4136,30.0,15.0,2.0,10,0.1414410058027079,-0.5756769825918763,0.3333333333333333,-0.1918923275306254,False,False,True,False,-0.15955029013539654
SHORT,2,40-60,2.0,2119,30.0,15.0,2.0,10,0.1392166116092496,-0.5823501651722511,0.3333333333333333,-0.1941167217240837,False,False,True,False,-0.16333176026427562
LONG,0,40-60,1.5,8453,30.0,15.0,2.0,10,0.1379391931858511,-0.5861824204424466,0.3333333333333333,-0.19539414014748221,False,False,True,False,-0.16550337158405307
SHORT,0,60-80,2.0,3855,30.0,15.0,2.0,10,0.1377431906614786,-0.5867704280155642,0.3333333333333333,-0.1955901426718547,False,False,True,False,-0.16583657587548636
SHORT,1,0-20,1.5,7041,30.0,15.0,2.0,10,0.1374804715239312,-0.5875585854282064,0.3333333333333333,-0.19585286180940212,False,False,True,False,-0.16628319840931693
SHORT,2,60-80,2.5,869,30.0,15.0,2.0,10,0.1369390103567318,-0.5891829689298045,0.3333333333333333,-0.1963943229766015,False,False,True,False,-0.16720368239355587
SHORT,0,40-60,2.0,3424,30.0,15.0,2.0,10,0.1366822429906542,-0.5899532710280373,0.3333333333333333,-0.1966510903426791,False,False,True,False,-0.16764018691588783
LONG,0,20-40,1.5,8519,30.0,15.0,2.0,10,0.1356966780138513,-0.592909965958446,0.3333333333333333,-0.19763665531948202,False,False,True,False,-0.16931564737645272
SHORT,2,20-40,1.5,5581,30.0,15.0,2.0,10,0.1345636982619602,-0.5963089052141193,0.3333333333333333,-0.1987696350713731,False,False,True,False,-0.17124171295466756
SHORT,0,0-20,2.5,1034,30.0,15.0,2.0,10,0.132495164410058,-0.602514506769826,0.3333333333333333,-0.20083816892327533,False,False,True,False,-0.1747582205029014
SHORT,0,20-40,2.0,3371,30.0,15.0,2.0,10,0.1317116582616434,-0.6048650252150698,0.3333333333333333,-0.2016216750716899,False,False,True,False,-0.1760901809552062
LONG,2,40-60,2.0,2572,30.0,15.0,2.0,10,0.1306376360808709,-0.6080870917573873,0.3333333333333333,-0.20269569725246242,False,False,True,False,-0.17791601866251947
SHORT,0,80-100,1.5,10840,30.0,15.0,2.0,10,0.1306273062730627,-0.6081180811808118,0.3333333333333333,-0.2027060270602706,False,False,True,False,-0.17793357933579335
LONG,2,60-80,2.0,2483,30.0,15.0,2.0,10,0.1300845751107531,-0.6097462746677407,0.3333333333333333,-0.2032487582225802,False,False,True,False,-0.17885622231171971
SHORT,2,40-60,1.5,4669,30.0,15.0,2.0,10,0.1297922467337759,-0.6106232597986723,0.3333333333333333,-0.2035410865995574,False,False,True,False,-0.17935318055258095
LONG,2,40-60,1.5,5279,30.0,15.0,2.0,10,0.1290017048683462,-0.6129948853949614,0.3333333333333333,-0.20433162846498712,False,False,True,False,-0.18069710172381145
LONG,2,80-100,2.5,944,30.0,15.0,2.0,10,0.1281779661016949,-0.6154661016949153,0.3333333333333333,-0.2051553672316384,False,False,True,False,-0.18209745762711868
SHORT,2,20-40,2.0,2575,30.0,15.0,2.0,10,0.1281553398058252,-0.6155339805825244,0.3333333333333333,-0.20517799352750812,False,False,True,False,-0.18213592233009718
LONG,0,0-20,1.5,11227,30.0,15.0,2.0,10,0.1276387280662688,-0.6170838158011936,0.3333333333333333,-0.2056946052670645,False,False,True,False,-0.18301416228734302
LONG,2,60-80,1.5,5060,30.0,15.0,2.0,10,0.1274703557312253,-0.617588932806324,0.3333333333333333,-0.205862977602108,False,False,True,False,-0.1833003952569169
SHORT,0,60-80,1.5,11293,30.0,15.0,2.0,10,0.1252103072699902,-0.6243690781900295,0.3333333333333333,-0.20812302606334313,False,False,True,False,-0.18714247764101666
SHORT,2,60-80,1.5,5420,30.0,15.0,2.0,10,0.1239852398523985,-0.6280442804428045,0.3333333333333333,-0.2093480934809348,False,False,True,False,-0.18922509225092252
SHORT,2,60-80,2.0,2499,30.0,15.0,2.0,10,0.1216486594637855,-0.6350540216086434,0.3333333333333333,-0.2116846738695478,False,False,True,False,-0.19319727891156463
SHORT,2,80-100,2.5,730,30.0,15.0,2.0,10,0.1191780821917808,-0.6424657534246576,0.3333333333333333,-0.2141552511415525,False,False,True,False,-0.1973972602739726
SHORT,0,0-20,2.0,4503,30.0,15.0,2.0,10,0.1181434599156118,-0.6455696202531646,0.3333333333333333,-0.2151898734177215,False,False,True,False,-0.1991561181434599
SHORT,0,40-60,1.5,10374,30.0,15.0,2.0,10,0.1173125120493541,-0.6480624638519377,0.3333333333333333,-0.2160208212839792,False,False,True,False,-0.200568729516098
LONG,2,80-100,2.0,2308,30.0,15.0,2.0,10,0.1130849220103986,-0.6607452339688041,0.3333333333333333,-0.2202484113229347,False,False,True,False,-0.20775563258232232
SHORT,0,0-20,1.5,13687,30.0,15.0,2.0,10,0.1130269598889457,-0.6609191203331628,0.3333333333333333,-0.2203063734443876,False,False,True,False,-0.20785416818879224
LONG,2,80-100,1.5,4658,30.0,15.0,2.0,10,0.1120652640618291,-0.6638042078145127,0.3333333333333333,-0.22126806927150422,False,False,True,False,-0.20948905109489052
SHORT,0,20-40,1.5,10677,30.0,15.0,2.0,10,0.1113608691580031,-0.6659173925259907,0.3333333333333333,-0.22197246417533023,False,False,True,False,-0.21068652243139474
SHORT,2,80-100,2.0,2189,30.0,15.0,2.0,10,0.1100959342165372,-0.6697121973503884,0.3333333333333333,-0.22323739911679613,False,False,True,False,-0.21283691183188677
SHORT,2,80-100,1.5,4737,30.0,15.0,2.0,10,0.1042854127084652,-0.6871437618746045,0.3333333333333333,-0.22904792062486812,False,False,True,False,-0.22271479839560915
