feature,condition,threshold,horizon_bars,observations,mean_return,median_return,win_rate_positive,window,validation_start,validation_end
normalized_vwap_distance,bottom_10pct,-5.585745568458536,1,2868,1.4133163042414734e-05,1.671290570581796e-05,0.5017433751743375,1,2021-05-06 09:30:00-04:00,2021-08-06 09:30:00-04:00
normalized_vwap_distance,bottom_10pct,-5.585745568458536,3,2868,3.7666271672912365e-05,1.809758216309021e-05,0.5125523012552301,1,2021-05-06 09:30:00-04:00,2021-08-06 09:30:00-04:00
normalized_vwap_distance,bottom_10pct,-5.585745568458536,5,2868,5.673275926328616e-05,4.434530483243826e-05,0.5247559274755927,1,2021-05-06 09:30:00-04:00,2021-08-06 09:30:00-04:00
normalized_vwap_distance,bottom_10pct,-5.585745568458536,10,2868,0.00013611531028688152,9.633823857901902e-05,0.5453277545327755,1,2021-05-06 09:30:00-04:00,2021-08-06 09:30:00-04:00
normalized_vwap_distance,bottom_10pct,-5.585745568458536,20,2868,0.00030157488932097665,0.0001790309091407316,0.544281729428173,1,2021-05-06 09:30:00-04:00,2021-08-06 09:30:00-04:00
normalized_vwap_distance,bottom_10pct,-5.585745568458536,30,2868,0.0004296061757953197,0.0003017156146293276,0.5679916317991632,1,2021-05-06 09:30:00-04:00,2021-08-06 09:30:00-04:00
normalized_vwap_distance,bottom_10pct,-5.585745568458536,60,2868,0.0005806002861293289,0.0007110269953711779,0.5878661087866108,1,2021-05-06 09:30:00-04:00,2021-08-06 09:30:00-04:00
normalized_vwap_distance,top_10pct,12.644094339761137,1,2867,-2.767671291294323e-06,0.0,0.4771538193233345,1,2021-05-06 09:30:00-04:00,2021-08-06 09:30:00-04:00
normalized_vwap_distance,top_10pct,12.644094339761137,3,2865,-1.3357918374202375e-05,1.6544786737737738e-05,0.5008726003490401,1,2021-05-06 09:30:00-04:00,2021-08-06 09:30:00-04:00
normalized_vwap_distance,top_10pct,12.644094339761137,5,2863,-2.0381545270516385e-05,0.0,0.4952846664338107,1,2021-05-06 09:30:00-04:00,2021-08-06 09:30:00-04:00
normalized_vwap_distance,top_10pct,12.644094339761137,10,2858,-2.4580205396540886e-05,0.0,0.4926522043386984,1,2021-05-06 09:30:00-04:00,2021-08-06 09:30:00-04:00
normalized_vwap_distance,top_10pct,12.644094339761137,20,2848,5.354373923754711e-05,-3.3524513445071236e-05,0.48103932584269665,1,2021-05-06 09:30:00-04:00,2021-08-06 09:30:00-04:00
normalized_vwap_distance,top_10pct,12.644094339761137,30,2838,0.00011114873718844653,3.3239984563171454e-05,0.507399577167019,1,2021-05-06 09:30:00-04:00,2021-08-06 09:30:00-04:00
normalized_vwap_distance,top_10pct,12.644094339761137,60,2837,0.0001999458063292084,0.00022123517298888729,0.5629185759605216,1,2021-05-06 09:30:00-04:00,2021-08-06 09:30:00-04:00
half_life_30,bottom_10pct,0.17611612123115686,1,1217,1.7067688704612493e-06,0.0,0.48726376335250615,1,2021-05-06 09:30:00-04:00,2021-08-06 09:30:00-04:00
half_life_30,bottom_10pct,0.17611612123115686,3,1217,3.2849840772445092e-06,1.7006224278137694e-05,0.5094494658997535,1,2021-05-06 09:30:00-04:00,2021-08-06 09:30:00-04:00
half_life_30,bottom_10pct,0.17611612123115686,5,1217,2.0597169207562546e-05,3.305894409733057e-05,0.5135579293344289,1,2021-05-06 09:30:00-04:00,2021-08-06 09:30:00-04:00
half_life_30,bottom_10pct,0.17611612123115686,10,1217,5.891653576245405e-05,3.374502260911072e-05,0.5135579293344289,1,2021-05-06 09:30:00-04:00,2021-08-06 09:30:00-04:00
half_life_30,bottom_10pct,0.17611612123115686,20,1217,8.14540498027407e-05,1.657797450316245e-05,0.5004108463434676,1,2021-05-06 09:30:00-04:00,2021-08-06 09:30:00-04:00
half_life_30,bottom_10pct,0.17611612123115686,30,1217,8.013546872075191e-05,3.352105122012006e-05,0.5094494658997535,1,2021-05-06 09:30:00-04:00,2021-08-06 09:30:00-04:00
half_life_30,bottom_10pct,0.17611612123115686,60,1214,0.0001478139325085982,0.00015072494389400948,0.5321252059308073,1,2021-05-06 09:30:00-04:00,2021-08-06 09:30:00-04:00
half_life_30,top_10pct,0.5471790939377479,1,1217,-1.0521889871364929e-05,0.0,0.4930156121610518,1,2021-05-06 09:30:00-04:00,2021-08-06 09:30:00-04:00
half_life_30,top_10pct,0.5471790939377479,3,1217,-5.6823629870492165e-06,-1.707708596609958e-05,0.485620377978636,1,2021-05-06 09:30:00-04:00,2021-08-06 09:30:00-04:00
half_life_30,top_10pct,0.5471790939377479,5,1217,-1.216500530690668e-05,-1.8304960644366375e-05,0.48315529991783074,1,2021-05-06 09:30:00-04:00,2021-08-06 09:30:00-04:00
half_life_30,top_10pct,0.5471790939377479,10,1217,-6.220866660954964e-05,-3.397777853286765e-05,0.48726376335250615,1,2021-05-06 09:30:00-04:00,2021-08-06 09:30:00-04:00
half_life_30,top_10pct,0.5471790939377479,20,1217,-0.00021234084325592263,-8.894739650966432e-05,0.4732949876746097,1,2021-05-06 09:30:00-04:00,2021-08-06 09:30:00-04:00
half_life_30,top_10pct,0.5471790939377479,30,1217,-0.0002219522980476045,-5.010689470874574e-05,0.485620377978636,1,2021-05-06 09:30:00-04:00,2021-08-06 09:30:00-04:00
half_life_30,top_10pct,0.5471790939377479,60,1217,7.092419634856277e-06,0.00018155110663653495,0.5439605587510271,1,2021-05-06 09:30:00-04:00,2021-08-06 09:30:00-04:00
half_life_60,bottom_10pct,0.166204270737569,1,1329,1.796758900989847e-05,1.6708158593781164e-05,0.5056433408577878,1,2021-05-06 09:30:00-04:00,2021-08-06 09:30:00-04:00
half_life_60,bottom_10pct,0.166204270737569,3,1329,3.381904538428885e-05,1.778093883353371e-05,0.5184349134687735,1,2021-05-06 09:30:00-04:00,2021-08-06 09:30:00-04:00
half_life_60,bottom_10pct,0.166204270737569,5,1329,5.0922972278904514e-05,3.70940519687224e-05,0.5289691497366441,1,2021-05-06 09:30:00-04:00,2021-08-06 09:30:00-04:00
half_life_60,bottom_10pct,0.166204270737569,10,1329,0.00011512525290085807,9.018596345655716e-05,0.5673438675696012,1,2021-05-06 09:30:00-04:00,2021-08-06 09:30:00-04:00
half_life_60,bottom_10pct,0.166204270737569,20,1329,0.000247531529058172,0.0002493599760613474,0.5989465763732129,1,2021-05-06 09:30:00-04:00,2021-08-06 09:30:00-04:00
half_life_60,bottom_10pct,0.166204270737569,30,1329,0.0002731074785336582,0.0002552279185312756,0.5718585402558315,1,2021-05-06 09:30:00-04:00,2021-08-06 09:30:00-04:00
half_life_60,bottom_10pct,0.166204270737569,60,1329,0.0004146875291500771,0.0002519822604487576,0.5583145221971407,1,2021-05-06 09:30:00-04:00,2021-08-06 09:30:00-04:00
half_life_60,top_10pct,0.4514530241933122,1,1329,-2.5852422139654e-06,0.0,0.4815650865312265,1,2021-05-06 09:30:00-04:00,2021-08-06 09:30:00-04:00
half_life_60,top_10pct,0.4514530241933122,3,1329,-1.0834532517707286e-05,-1.6997841274180026e-05,0.4815650865312265,1,2021-05-06 09:30:00-04:00,2021-08-06 09:30:00-04:00
half_life_60,top_10pct,0.4514530241933122,5,1329,-1.1021234645368504e-05,1.6974470396613484e-05,0.5011286681715575,1,2021-05-06 09:30:00-04:00,2021-08-06 09:30:00-04:00
half_life_60,top_10pct,0.4514530241933122,10,1329,-6.083697171493616e-05,-3.560112499556567e-05,0.47404063205417607,1,2021-05-06 09:30:00-04:00,2021-08-06 09:30:00-04:00
half_life_60,top_10pct,0.4514530241933122,20,1329,-0.00011433377666929563,-1.8313676653725075e-05,0.48758465011286684,1,2021-05-06 09:30:00-04:00,2021-08-06 09:30:00-04:00
half_life_60,top_10pct,0.4514530241933122,30,1329,7.741070555924144e-05,0.00012485285199592688,0.5289691497366441,1,2021-05-06 09:30:00-04:00,2021-08-06 09:30:00-04:00
half_life_60,top_10pct,0.4514530241933122,60,1329,0.0005978658946614475,0.00048226739872392343,0.582392776523702,1,2021-05-06 09:30:00-04:00,2021-08-06 09:30:00-04:00
normalized_ou_residual_30,bottom_10pct,-1.6990123511168802,1,2868,1.1880594609725733e-05,1.698560173013508e-05,0.5062761506276151,1,2021-05-06 09:30:00-04:00,2021-08-06 09:30:00-04:00
normalized_ou_residual_30,bottom_10pct,-1.6990123511168802,3,2868,3.227454125137566e-05,3.5347431599719314e-05,0.5219665271966527,1,2021-05-06 09:30:00-04:00,2021-08-06 09:30:00-04:00
normalized_ou_residual_30,bottom_10pct,-1.6990123511168802,5,2868,5.558452035687425e-05,5.103950494589338e-05,0.5282426778242678,1,2021-05-06 09:30:00-04:00,2021-08-06 09:30:00-04:00
normalized_ou_residual_30,bottom_10pct,-1.6990123511168802,10,2868,9.331959326192951e-05,9.986725906863114e-05,0.5536959553695955,1,2021-05-06 09:30:00-04:00,2021-08-06 09:30:00-04:00
normalized_ou_residual_30,bottom_10pct,-1.6990123511168802,20,2868,0.0002119115874883785,0.0002015350319861664,0.5665969316596932,1,2021-05-06 09:30:00-04:00,2021-08-06 09:30:00-04:00
normalized_ou_residual_30,bottom_10pct,-1.6990123511168802,30,2868,0.0001768955230912149,0.00020451600477366938,0.5571827057182706,1,2021-05-06 09:30:00-04:00,2021-08-06 09:30:00-04:00
normalized_ou_residual_30,bottom_10pct,-1.6990123511168802,60,2868,0.0003356959376618634,0.0004414355346004095,0.5864714086471409,1,2021-05-06 09:30:00-04:00,2021-08-06 09:30:00-04:00
normalized_ou_residual_30,top_10pct,1.7359767475741785,1,2867,1.5895881758222193e-05,0.0,0.48378095570282525,1,2021-05-06 09:30:00-04:00,2021-08-06 09:30:00-04:00
normalized_ou_residual_30,top_10pct,1.7359767475741785,3,2867,4.4330106987350705e-05,1.6545607968376785e-05,0.5008719916288804,1,2021-05-06 09:30:00-04:00,2021-08-06 09:30:00-04:00
normalized_ou_residual_30,top_10pct,1.7359767475741785,5,2867,6.181513056442565e-05,1.6957200027034602e-05,0.504708754795954,1,2021-05-06 09:30:00-04:00,2021-08-06 09:30:00-04:00
normalized_ou_residual_30,top_10pct,1.7359767475741785,10,2865,0.00010958968332219346,5.486968449930352e-05,0.5298429319371728,1,2021-05-06 09:30:00-04:00,2021-08-06 09:30:00-04:00
normalized_ou_residual_30,top_10pct,1.7359767475741785,20,2863,0.00015019831689287833,7.561722560400774e-05,0.5347537548026545,1,2021-05-06 09:30:00-04:00,2021-08-06 09:30:00-04:00
normalized_ou_residual_30,top_10pct,1.7359767475741785,30,2857,0.00011787508688798654,0.00011694929412753297,0.5309765488274414,1,2021-05-06 09:30:00-04:00,2021-08-06 09:30:00-04:00
normalized_ou_residual_30,top_10pct,1.7359767475741785,60,2857,0.0003306837576276953,0.000220089051416128,0.5477773888694435,1,2021-05-06 09:30:00-04:00,2021-08-06 09:30:00-04:00
realized_vol_30,bottom_10pct,0.0007466928132426909,1,2867,1.6601904515685017e-05,0.0,0.47540983606557374,1,2021-05-06 09:30:00-04:00,2021-08-06 09:30:00-04:00
realized_vol_30,bottom_10pct,0.0007466928132426909,3,2865,4.21688282565302e-05,1.687991627563612e-05,0.5130890052356021,1,2021-05-06 09:30:00-04:00,2021-08-06 09:30:00-04:00
realized_vol_30,bottom_10pct,0.0007466928132426909,5,2863,6.989176621603178e-05,1.828521274838124e-05,0.5260216556060077,1,2021-05-06 09:30:00-04:00,2021-08-06 09:30:00-04:00
realized_vol_30,bottom_10pct,0.0007466928132426909,10,2858,0.00018721713666086795,5.103863624755789e-05,0.5475857242827152,1,2021-05-06 09:30:00-04:00,2021-08-06 09:30:00-04:00
realized_vol_30,bottom_10pct,0.0007466928132426909,20,2848,0.0003812586612412751,0.0001226037538870628,0.5751404494382022,1,2021-05-06 09:30:00-04:00,2021-08-06 09:30:00-04:00
realized_vol_30,bottom_10pct,0.0007466928132426909,30,2838,0.0004076033469399178,0.00018703032275291243,0.5909090909090909,1,2021-05-06 09:30:00-04:00,2021-08-06 09:30:00-04:00
realized_vol_30,bottom_10pct,0.0007466928132426909,60,2828,0.00046943972725875126,0.000323225449774589,0.5869872701555869,1,2021-05-06 09:30:00-04:00,2021-08-06 09:30:00-04:00
realized_vol_30,top_10pct,0.003233283373079565,1,2868,1.78906707797433e-05,0.0,0.4989539748953975,1,2021-05-06 09:30:00-04:00,2021-08-06 09:30:00-04:00
realized_vol_30,top_10pct,0.003233283373079565,3,2868,4.421664936974877e-05,3.557136506238123e-05,0.5118549511854951,1,2021-05-06 09:30:00-04:00,2021-08-06 09:30:00-04:00
realized_vol_30,top_10pct,0.003233283373079565,5,2868,7.61745454370289e-05,6.8643004383806e-05,0.5170850767085077,1,2021-05-06 09:30:00-04:00,2021-08-06 09:30:00-04:00
realized_vol_30,top_10pct,0.003233283373079565,10,2868,0.00014019360815823497,0.0001015469313667694,0.5223152022315202,1,2021-05-06 09:30:00-04:00,2021-08-06 09:30:00-04:00
realized_vol_30,top_10pct,0.003233283373079565,20,2868,0.00023172360662369656,0.00011602602574989351,0.5167364016736402,1,2021-05-06 09:30:00-04:00,2021-08-06 09:30:00-04:00
realized_vol_30,top_10pct,0.003233283373079565,30,2868,0.0003283791103771997,0.00032956324469879394,0.5376569037656904,1,2021-05-06 09:30:00-04:00,2021-08-06 09:30:00-04:00
realized_vol_30,top_10pct,0.003233283373079565,60,2868,0.0005634424282700175,0.0004299027096511532,0.5299860529986054,1,2021-05-06 09:30:00-04:00,2021-08-06 09:30:00-04:00
realized_vol_60,bottom_10pct,0.0011715481451045307,1,2867,1.0588101686134628e-05,0.0,0.4771538193233345,1,2021-05-06 09:30:00-04:00,2021-08-06 09:30:00-04:00
realized_vol_60,bottom_10pct,0.0011715481451045307,3,2865,2.6770990975097953e-05,1.687763713076329e-05,0.5106457242582897,1,2021-05-06 09:30:00-04:00,2021-08-06 09:30:00-04:00
realized_vol_60,bottom_10pct,0.0011715481451045307,5,2863,4.669777673387822e-05,1.701201047943357e-05,0.514146000698568,1,2021-05-06 09:30:00-04:00,2021-08-06 09:30:00-04:00
realized_vol_60,bottom_10pct,0.0011715481451045307,10,2858,0.00011251797837249925,3.372710671001311e-05,0.5237928621413576,1,2021-05-06 09:30:00-04:00,2021-08-06 09:30:00-04:00
realized_vol_60,bottom_10pct,0.0011715481451045307,20,2848,0.00023104033903080523,7.783099046376751e-05,0.5512640449438202,1,2021-05-06 09:30:00-04:00,2021-08-06 09:30:00-04:00
realized_vol_60,bottom_10pct,0.0011715481451045307,30,2838,0.0003146774870645514,0.00014949967646071816,0.5697674418604651,1,2021-05-06 09:30:00-04:00,2021-08-06 09:30:00-04:00
realized_vol_60,bottom_10pct,0.0011715481451045307,60,2808,0.0004349174779405191,0.0002531773864558051,0.5797720797720798,1,2021-05-06 09:30:00-04:00,2021-08-06 09:30:00-04:00
realized_vol_60,top_10pct,0.004870623228125448,1,2868,1.3353042936046244e-05,0.0,0.4930264993026499,1,2021-05-06 09:30:00-04:00,2021-08-06 09:30:00-04:00
realized_vol_60,top_10pct,0.004870623228125448,3,2868,3.9522198463230386e-05,3.399326449948781e-05,0.5111576011157601,1,2021-05-06 09:30:00-04:00,2021-08-06 09:30:00-04:00
realized_vol_60,top_10pct,0.004870623228125448,5,2868,6.169473008508689e-05,3.456261100442948e-05,0.5087168758716876,1,2021-05-06 09:30:00-04:00,2021-08-06 09:30:00-04:00
realized_vol_60,top_10pct,0.004870623228125448,10,2868,8.495886208163616e-05,7.523960454958178e-05,0.5160390516039052,1,2021-05-06 09:30:00-04:00,2021-08-06 09:30:00-04:00
realized_vol_60,top_10pct,0.004870623228125448,20,2868,0.00014869620866608436,5.4632386533248756e-05,0.50697350069735,1,2021-05-06 09:30:00-04:00,2021-08-06 09:30:00-04:00
realized_vol_60,top_10pct,0.004870623228125448,30,2868,0.00021291801783454535,0.00022792650706782158,0.5306834030683403,1,2021-05-06 09:30:00-04:00,2021-08-06 09:30:00-04:00
realized_vol_60,top_10pct,0.004870623228125448,60,2868,0.00037411670391171225,0.00016988758467906262,0.5132496513249651,1,2021-05-06 09:30:00-04:00,2021-08-06 09:30:00-04:00
vol_ratio_5_30,bottom_10pct,0.1896880500345014,1,2868,-4.143422080847065e-06,0.0,0.4675732217573222,1,2021-05-06 09:30:00-04:00,2021-08-06 09:30:00-04:00
vol_ratio_5_30,bottom_10pct,0.1896880500345014,3,2868,8.925733275584035e-06,1.6732764239857367e-05,0.504881450488145,1,2021-05-06 09:30:00-04:00,2021-08-06 09:30:00-04:00
vol_ratio_5_30,bottom_10pct,0.1896880500345014,5,2868,1.6332018542508382e-05,1.7257027633887922e-05,0.5111576011157601,1,2021-05-06 09:30:00-04:00,2021-08-06 09:30:00-04:00
vol_ratio_5_30,bottom_10pct,0.1896880500345014,10,2868,3.5607337191051956e-05,3.368154829219705e-05,0.5153417015341701,1,2021-05-06 09:30:00-04:00,2021-08-06 09:30:00-04:00
vol_ratio_5_30,bottom_10pct,0.1896880500345014,20,2868,6.91390925565529e-05,6.135569812182329e-05,0.5230125523012552,1,2021-05-06 09:30:00-04:00,2021-08-06 09:30:00-04:00
vol_ratio_5_30,bottom_10pct,0.1896880500345014,30,2865,0.00019998403839377135,0.00010757507844005865,0.5343804537521815,1,2021-05-06 09:30:00-04:00,2021-08-06 09:30:00-04:00
vol_ratio_5_30,bottom_10pct,0.1896880500345014,60,2853,0.00037238212723287364,0.0003147779986745203,0.5453908166841921,1,2021-05-06 09:30:00-04:00,2021-08-06 09:30:00-04:00
vol_ratio_5_30,top_10pct,0.5602166169793604,1,2868,1.5524414121006803e-05,1.7192026339429844e-05,0.5149930264993027,1,2021-05-06 09:30:00-04:00,2021-08-06 09:30:00-04:00
vol_ratio_5_30,top_10pct,0.5602166169793604,3,2868,3.110297382774531e-05,3.54805321615137e-05,0.5254532775453278,1,2021-05-06 09:30:00-04:00,2021-08-06 09:30:00-04:00
vol_ratio_5_30,top_10pct,0.5602166169793604,5,2868,5.645620711370699e-05,5.492557647324148e-05,0.5369595536959554,1,2021-05-06 09:30:00-04:00,2021-08-06 09:30:00-04:00
vol_ratio_5_30,top_10pct,0.5602166169793604,10,2863,0.00010507816361913185,8.635727732775322e-05,0.5368494586098498,1,2021-05-06 09:30:00-04:00,2021-08-06 09:30:00-04:00
vol_ratio_5_30,top_10pct,0.5602166169793604,20,2862,0.00013538653562152902,7.219149513637557e-05,0.5202655485674353,1,2021-05-06 09:30:00-04:00,2021-08-06 09:30:00-04:00
vol_ratio_5_30,top_10pct,0.5602166169793604,30,2862,0.0001026994499540554,8.348432536064987e-05,0.5195667365478687,1,2021-05-06 09:30:00-04:00,2021-08-06 09:30:00-04:00
vol_ratio_5_30,top_10pct,0.5602166169793604,60,2862,0.00020475703523979203,0.0002905767361670586,0.5562543675751223,1,2021-05-06 09:30:00-04:00,2021-08-06 09:30:00-04:00
vol_ratio_5_60,bottom_10pct,0.11533368682414978,1,2868,3.5099369877299875e-06,0.0,0.4787308228730823,1,2021-05-06 09:30:00-04:00,2021-08-06 09:30:00-04:00
vol_ratio_5_60,bottom_10pct,0.11533368682414978,3,2868,2.527259123377817e-05,1.685772107096195e-05,0.5076708507670851,1,2021-05-06 09:30:00-04:00,2021-08-06 09:30:00-04:00
vol_ratio_5_60,bottom_10pct,0.11533368682414978,5,2868,3.439717758922905e-05,1.8261504967198583e-05,0.5188284518828452,1,2021-05-06 09:30:00-04:00,2021-08-06 09:30:00-04:00
vol_ratio_5_60,bottom_10pct,0.11533368682414978,10,2868,0.00012434301164712796,5.1536212621772215e-05,0.5341701534170153,1,2021-05-06 09:30:00-04:00,2021-08-06 09:30:00-04:00
vol_ratio_5_60,bottom_10pct,0.11533368682414978,20,2868,0.00021479735797659126,9.105018297750345e-05,0.5362622036262203,1,2021-05-06 09:30:00-04:00,2021-08-06 09:30:00-04:00
vol_ratio_5_60,bottom_10pct,0.11533368682414978,30,2865,0.0003006393847647257,0.00015139281388787396,0.5427574171029669,1,2021-05-06 09:30:00-04:00,2021-08-06 09:30:00-04:00
vol_ratio_5_60,bottom_10pct,0.11533368682414978,60,2858,0.0005249382160302254,0.00040039549112780293,0.5591322603219034,1,2021-05-06 09:30:00-04:00,2021-08-06 09:30:00-04:00
vol_ratio_5_60,top_10pct,0.39738955082214994,1,2868,9.852522120683692e-06,1.678965148510514e-05,0.5076708507670851,1,2021-05-06 09:30:00-04:00,2021-08-06 09:30:00-04:00
vol_ratio_5_60,top_10pct,0.39738955082214994,3,2868,3.601714843448588e-05,4.968463162613457e-05,0.5258019525801952,1,2021-05-06 09:30:00-04:00,2021-08-06 09:30:00-04:00
vol_ratio_5_60,top_10pct,0.39738955082214994,5,2868,7.977464100716265e-05,6.887291344892521e-05,0.5421896792189679,1,2021-05-06 09:30:00-04:00,2021-08-06 09:30:00-04:00
vol_ratio_5_60,top_10pct,0.39738955082214994,10,2868,0.00011056333309474564,9.818844780939973e-05,0.5387029288702929,1,2021-05-06 09:30:00-04:00,2021-08-06 09:30:00-04:00
vol_ratio_5_60,top_10pct,0.39738955082214994,20,2868,0.00010400013982812853,9.915671865023956e-05,0.5292887029288703,1,2021-05-06 09:30:00-04:00,2021-08-06 09:30:00-04:00
vol_ratio_5_60,top_10pct,0.39738955082214994,30,2868,9.411920755437538e-05,0.0001248898040969726,0.5310320781032078,1,2021-05-06 09:30:00-04:00,2021-08-06 09:30:00-04:00
vol_ratio_5_60,top_10pct,0.39738955082214994,60,2867,0.00027018192563853905,0.0003452285776581743,0.5667945587722358,1,2021-05-06 09:30:00-04:00,2021-08-06 09:30:00-04:00
vol_ratio_30_60,bottom_10pct,0.49868251901860333,1,2868,2.1138190989880588e-05,0.0,0.4895397489539749,1,2021-05-06 09:30:00-04:00,2021-08-06 09:30:00-04:00
vol_ratio_30_60,bottom_10pct,0.49868251901860333,3,2868,5.993736186574308e-05,1.6878064424741268e-05,0.5080195258019525,1,2021-05-06 09:30:00-04:00,2021-08-06 09:30:00-04:00
vol_ratio_30_60,bottom_10pct,0.49868251901860333,5,2868,7.591586750800392e-05,3.3392339186755216e-05,0.5198744769874477,1,2021-05-06 09:30:00-04:00,2021-08-06 09:30:00-04:00
vol_ratio_30_60,bottom_10pct,0.49868251901860333,10,2864,0.0001496244797360391,6.769335007850152e-05,0.5425977653631285,1,2021-05-06 09:30:00-04:00,2021-08-06 09:30:00-04:00
vol_ratio_30_60,bottom_10pct,0.49868251901860333,20,2854,0.00019897678768485244,0.00012235989609565845,0.5329362298528382,1,2021-05-06 09:30:00-04:00,2021-08-06 09:30:00-04:00
vol_ratio_30_60,bottom_10pct,0.49868251901860333,30,2844,0.0002499956340207092,0.00023864924528904652,0.5467651195499297,1,2021-05-06 09:30:00-04:00,2021-08-06 09:30:00-04:00
vol_ratio_30_60,bottom_10pct,0.49868251901860333,60,2844,0.00048656741947763934,0.00034862400111734804,0.549929676511955,1,2021-05-06 09:30:00-04:00,2021-08-06 09:30:00-04:00
vol_ratio_30_60,top_10pct,0.851286854853139,1,2868,1.100173290942955e-05,1.6695469372218774e-05,0.50278940027894,1,2021-05-06 09:30:00-04:00,2021-08-06 09:30:00-04:00
vol_ratio_30_60,top_10pct,0.851286854853139,3,2868,2.2659025536940873e-05,3.384276866313929e-05,0.5149930264993027,1,2021-05-06 09:30:00-04:00,2021-08-06 09:30:00-04:00
vol_ratio_30_60,top_10pct,0.851286854853139,5,2868,3.567245107470873e-05,3.687102470795178e-05,0.5163877266387726,1,2021-05-06 09:30:00-04:00,2021-08-06 09:30:00-04:00
vol_ratio_30_60,top_10pct,0.851286854853139,10,2868,5.383435319313293e-05,5.380341418326218e-05,0.5149930264993027,1,2021-05-06 09:30:00-04:00,2021-08-06 09:30:00-04:00
vol_ratio_30_60,top_10pct,0.851286854853139,20,2868,8.997933851538846e-05,0.0001006044932269079,0.5209205020920502,1,2021-05-06 09:30:00-04:00,2021-08-06 09:30:00-04:00
vol_ratio_30_60,top_10pct,0.851286854853139,30,2868,0.00018412387173590735,0.0002377316984354394,0.5425383542538355,1,2021-05-06 09:30:00-04:00,2021-08-06 09:30:00-04:00
vol_ratio_30_60,top_10pct,0.851286854853139,60,2868,0.00048266690908220603,0.0005318189901560855,0.5760111576011158,1,2021-05-06 09:30:00-04:00,2021-08-06 09:30:00-04:00
normalized_vwap_distance,bottom_10pct,-6.367533375215504,1,2945,2.5497823739503583e-05,0.0,0.48590831918505945,2,2021-08-06 09:30:00-04:00,2021-11-06 09:30:00-04:00
normalized_vwap_distance,bottom_10pct,-6.367533375215504,3,2943,7.997150398271056e-05,1.6618749272945266e-05,0.5124023105674482,2,2021-08-06 09:30:00-04:00,2021-11-06 09:30:00-04:00
normalized_vwap_distance,bottom_10pct,-6.367533375215504,5,2941,0.00012833890205477216,3.356943838328519e-05,0.532471948316899,2,2021-08-06 09:30:00-04:00,2021-11-06 09:30:00-04:00
normalized_vwap_distance,bottom_10pct,-6.367533375215504,10,2936,0.00023457919505430485,8.876358700093956e-05,0.5483651226158038,2,2021-08-06 09:30:00-04:00,2021-11-06 09:30:00-04:00
normalized_vwap_distance,bottom_10pct,-6.367533375215504,20,2926,0.0004017558116215951,0.00022715651461979736,0.595352016404648,2,2021-08-06 09:30:00-04:00,2021-11-06 09:30:00-04:00
normalized_vwap_distance,bottom_10pct,-6.367533375215504,30,2916,0.0005876139447002857,0.000448943961832704,0.6059670781893004,2,2021-08-06 09:30:00-04:00,2021-11-06 09:30:00-04:00
normalized_vwap_distance,bottom_10pct,-6.367533375215504,60,2900,0.0009427726660642663,0.0009014850493714865,0.6437931034482759,2,2021-08-06 09:30:00-04:00,2021-11-06 09:30:00-04:00
normalized_vwap_distance,top_10pct,14.934789229528377,1,2946,8.98237272045587e-06,0.0,0.4908350305498982,2,2021-08-06 09:30:00-04:00,2021-11-06 09:30:00-04:00
normalized_vwap_distance,top_10pct,14.934789229528377,3,2946,2.9628086724797586e-05,1.6060569391296298e-05,0.5098438560760353,2,2021-08-06 09:30:00-04:00,2021-11-06 09:30:00-04:00
normalized_vwap_distance,top_10pct,14.934789229528377,5,2946,4.60911232180782e-05,1.631840484417335e-05,0.5176510522742702,2,2021-08-06 09:30:00-04:00,2021-11-06 09:30:00-04:00
normalized_vwap_distance,top_10pct,14.934789229528377,10,2946,9.259149993307247e-05,3.238814000694479e-05,0.5288526816021725,2,2021-08-06 09:30:00-04:00,2021-11-06 09:30:00-04:00
normalized_vwap_distance,top_10pct,14.934789229528377,20,2946,0.0002233390449165231,9.813303144212693e-05,0.5607603530210454,2,2021-08-06 09:30:00-04:00,2021-11-06 09:30:00-04:00
normalized_vwap_distance,top_10pct,14.934789229528377,30,2946,0.00029442790583969367,0.00020900420976333045,0.5967413441955194,2,2021-08-06 09:30:00-04:00,2021-11-06 09:30:00-04:00
normalized_vwap_distance,top_10pct,14.934789229528377,60,2946,0.0004229615916960797,0.0003240230705277014,0.588255261371351,2,2021-08-06 09:30:00-04:00,2021-11-06 09:30:00-04:00
half_life_30,bottom_10pct,0.1781643792836046,1,1189,1.0100429411202317e-05,0.0,0.49957947855340623,2,2021-08-06 09:30:00-04:00,2021-11-06 09:30:00-04:00
half_life_30,bottom_10pct,0.1781643792836046,3,1189,6.096692189460091e-07,1.597188947455308e-05,0.503784693019344,2,2021-08-06 09:30:00-04:00,2021-11-06 09:30:00-04:00
half_life_30,bottom_10pct,0.1781643792836046,5,1189,2.6651832143945986e-06,0.0,0.49957947855340623,2,2021-08-06 09:30:00-04:00,2021-11-06 09:30:00-04:00
half_life_30,bottom_10pct,0.1781643792836046,10,1189,1.9535135440060875e-05,3.286014721348707e-05,0.5147182506307821,2,2021-08-06 09:30:00-04:00,2021-11-06 09:30:00-04:00
half_life_30,bottom_10pct,0.1781643792836046,20,1189,2.935175851748343e-05,3.226743248041508e-05,0.5147182506307821,2,2021-08-06 09:30:00-04:00,2021-11-06 09:30:00-04:00
half_life_30,bottom_10pct,0.1781643792836046,30,1189,6.342392588876116e-05,0.00014597593019116673,0.5449957947855341,2,2021-08-06 09:30:00-04:00,2021-11-06 09:30:00-04:00
half_life_30,bottom_10pct,0.1781643792836046,60,1180,6.360300272719006e-06,0.00018487043521964175,0.538135593220339,2,2021-08-06 09:30:00-04:00,2021-11-06 09:30:00-04:00
half_life_30,top_10pct,0.5399904102988616,1,1189,7.203969021619291e-06,0.0,0.4852817493692178,2,2021-08-06 09:30:00-04:00,2021-11-06 09:30:00-04:00
half_life_30,top_10pct,0.5399904102988616,3,1189,4.045563189734072e-06,0.0,0.488645920941968,2,2021-08-06 09:30:00-04:00,2021-11-06 09:30:00-04:00
half_life_30,top_10pct,0.5399904102988616,5,1189,1.1464066344490034e-05,0.0,0.4928511354079058,2,2021-08-06 09:30:00-04:00,2021-11-06 09:30:00-04:00
half_life_30,top_10pct,0.5399904102988616,10,1189,5.583004305727493e-05,0.0,0.4987384356602187,2,2021-08-06 09:30:00-04:00,2021-11-06 09:30:00-04:00
half_life_30,top_10pct,0.5399904102988616,20,1189,0.00016127718465766818,3.1824836102201104e-05,0.5046257359125316,2,2021-08-06 09:30:00-04:00,2021-11-06 09:30:00-04:00
half_life_30,top_10pct,0.5399904102988616,30,1189,0.00021320830101076907,5.2031843488231644e-05,0.5189234650967199,2,2021-08-06 09:30:00-04:00,2021-11-06 09:30:00-04:00
half_life_30,top_10pct,0.5399904102988616,60,1189,0.00010828365256484971,0.000250609817221914,0.5500420521446594,2,2021-08-06 09:30:00-04:00,2021-11-06 09:30:00-04:00
half_life_60,bottom_10pct,0.17000994161263772,1,1220,-1.3592534966196272e-05,0.0,0.47622950819672133,2,2021-08-06 09:30:00-04:00,2021-11-06 09:30:00-04:00
half_life_60,bottom_10pct,0.17000994161263772,3,1220,-2.2841774979522488e-05,0.0,0.49754098360655735,2,2021-08-06 09:30:00-04:00,2021-11-06 09:30:00-04:00
half_life_60,bottom_10pct,0.17000994161263772,5,1220,-1.5901261381873108e-05,1.6545471282269908e-05,0.5122950819672131,2,2021-08-06 09:30:00-04:00,2021-11-06 09:30:00-04:00
half_life_60,bottom_10pct,0.17000994161263772,10,1219,-4.0377508478678606e-05,1.6930786942870313e-05,0.5086136177194421,2,2021-08-06 09:30:00-04:00,2021-11-06 09:30:00-04:00
half_life_60,bottom_10pct,0.17000994161263772,20,1218,-4.0719208092990614e-05,0.00011208152852193454,0.5451559934318555,2,2021-08-06 09:30:00-04:00,2021-11-06 09:30:00-04:00
half_life_60,bottom_10pct,0.17000994161263772,30,1216,-7.32470014776325e-05,8.016750389350236e-05,0.5197368421052632,2,2021-08-06 09:30:00-04:00,2021-11-06 09:30:00-04:00
half_life_60,bottom_10pct,0.17000994161263772,60,1215,0.00015506714360394826,0.00021501108134036606,0.5506172839506173,2,2021-08-06 09:30:00-04:00,2021-11-06 09:30:00-04:00
half_life_60,top_10pct,0.4571358285532511,1,1220,9.264982637806e-06,0.0,0.49508196721311476,2,2021-08-06 09:30:00-04:00,2021-11-06 09:30:00-04:00
half_life_60,top_10pct,0.4571358285532511,3,1220,3.5976928016369434e-05,1.6446390403435096e-05,0.5131147540983606,2,2021-08-06 09:30:00-04:00,2021-11-06 09:30:00-04:00
half_life_60,top_10pct,0.4571358285532511,5,1220,2.356061477435271e-05,1.6008021492486257e-05,0.5016393442622951,2,2021-08-06 09:30:00-04:00,2021-11-06 09:30:00-04:00
half_life_60,top_10pct,0.4571358285532511,10,1220,-1.4217258538260175e-05,-3.320715739213442e-05,0.4672131147540984,2,2021-08-06 09:30:00-04:00,2021-11-06 09:30:00-04:00
half_life_60,top_10pct,0.4571358285532511,20,1220,2.6182047119477994e-06,3.217881955785984e-05,0.5131147540983606,2,2021-08-06 09:30:00-04:00,2021-11-06 09:30:00-04:00
half_life_60,top_10pct,0.4571358285532511,30,1220,0.00012071707549275636,9.940300918009903e-05,0.5311475409836065,2,2021-08-06 09:30:00-04:00,2021-11-06 09:30:00-04:00
half_life_60,top_10pct,0.4571358285532511,60,1219,0.00014393308908264326,0.0003083014214317892,0.5767022149302707,2,2021-08-06 09:30:00-04:00,2021-11-06 09:30:00-04:00
normalized_ou_residual_30,bottom_10pct,-1.6939084935656057,1,2946,1.0847704283895285e-05,1.6555883421531803e-05,0.5186693822131704,2,2021-08-06 09:30:00-04:00,2021-11-06 09:30:00-04:00
normalized_ou_residual_30,bottom_10pct,-1.6939084935656057,3,2946,6.754349837461448e-06,1.6622202690164123e-05,0.5122199592668024,2,2021-08-06 09:30:00-04:00,2021-11-06 09:30:00-04:00
normalized_ou_residual_30,bottom_10pct,-1.6939084935656057,5,2946,1.5446800460687524e-05,3.2432258564196736e-05,0.5200271554650373,2,2021-08-06 09:30:00-04:00,2021-11-06 09:30:00-04:00
normalized_ou_residual_30,bottom_10pct,-1.6939084935656057,10,2946,5.097130630995317e-05,9.660837716252146e-05,0.544806517311609,2,2021-08-06 09:30:00-04:00,2021-11-06 09:30:00-04:00
normalized_ou_residual_30,bottom_10pct,-1.6939084935656057,20,2946,-6.476204387077676e-06,8.431513494266962e-05,0.5329260013577732,2,2021-08-06 09:30:00-04:00,2021-11-06 09:30:00-04:00
normalized_ou_residual_30,bottom_10pct,-1.6939084935656057,30,2945,-7.02135041643194e-05,9.562514941419131e-05,0.5219015280135824,2,2021-08-06 09:30:00-04:00,2021-11-06 09:30:00-04:00
normalized_ou_residual_30,bottom_10pct,-1.6939084935656057,60,2945,-0.00017035557708213473,0.00015926356527407037,0.5324278438030561,2,2021-08-06 09:30:00-04:00,2021-11-06 09:30:00-04:00
normalized_ou_residual_30,top_10pct,1.7331228717394287,1,2946,2.2583675505617066e-06,-1.593143258016294e-05,0.46673455532926,2,2021-08-06 09:30:00-04:00,2021-11-06 09:30:00-04:00
normalized_ou_residual_30,top_10pct,1.7331228717394287,3,2946,-4.760880058339745e-06,0.0,0.4847250509164969,2,2021-08-06 09:30:00-04:00,2021-11-06 09:30:00-04:00
normalized_ou_residual_30,top_10pct,1.7331228717394287,5,2944,-1.1985210966261279e-05,0.0,0.48811141304347827,2,2021-08-06 09:30:00-04:00,2021-11-06 09:30:00-04:00
normalized_ou_residual_30,top_10pct,1.7331228717394287,10,2940,-1.2898483104161702e-05,-3.269077534334697e-05,0.46904761904761905,2,2021-08-06 09:30:00-04:00,2021-11-06 09:30:00-04:00
normalized_ou_residual_30,top_10pct,1.7331228717394287,20,2936,6.176526243837552e-05,1.6516231732932596e-05,0.5034059945504087,2,2021-08-06 09:30:00-04:00,2021-11-06 09:30:00-04:00
normalized_ou_residual_30,top_10pct,1.7331228717394287,30,2936,0.00013390146742247078,9.04329788669056e-05,0.5296321525885559,2,2021-08-06 09:30:00-04:00,2021-11-06 09:30:00-04:00
normalized_ou_residual_30,top_10pct,1.7331228717394287,60,2936,0.00028832217719142997,0.000239929472735545,0.5534741144414169,2,2021-08-06 09:30:00-04:00,2021-11-06 09:30:00-04:00
realized_vol_30,bottom_10pct,0.0006433099548621699,1,2945,8.505957780385922e-06,0.0,0.47062818336162987,2,2021-08-06 09:30:00-04:00,2021-11-06 09:30:00-04:00
realized_vol_30,bottom_10pct,0.0006433099548621699,3,2943,2.492987161494643e-05,0.0,0.4869181107713218,2,2021-08-06 09:30:00-04:00,2021-11-06 09:30:00-04:00
realized_vol_30,bottom_10pct,0.0006433099548621699,5,2941,3.57261305482941e-05,0.0,0.4937096225773546,2,2021-08-06 09:30:00-04:00,2021-11-06 09:30:00-04:00
realized_vol_30,bottom_10pct,0.0006433099548621699,10,2936,4.030254893829756e-05,1.62081121697355e-05,0.510558583106267,2,2021-08-06 09:30:00-04:00,2021-11-06 09:30:00-04:00
realized_vol_30,bottom_10pct,0.0006433099548621699,20,2926,9.682755730347407e-05,6.397655369771993e-05,0.5348598769651401,2,2021-08-06 09:30:00-04:00,2021-11-06 09:30:00-04:00
realized_vol_30,bottom_10pct,0.0006433099548621699,30,2916,0.0001312853404211016,0.00011211391153376216,0.5435528120713305,2,2021-08-06 09:30:00-04:00,2021-11-06 09:30:00-04:00
realized_vol_30,bottom_10pct,0.0006433099548621699,60,2916,0.00013006139624241654,6.390583494897406e-05,0.5195473251028807,2,2021-08-06 09:30:00-04:00,2021-11-06 09:30:00-04:00
realized_vol_30,top_10pct,0.003208652240980309,1,2946,-1.6137777919450085e-06,-1.6900599272284822e-05,0.47963340122199594,2,2021-08-06 09:30:00-04:00,2021-11-06 09:30:00-04:00
realized_vol_30,top_10pct,0.003208652240980309,3,2946,-1.278219564724127e-05,0.0,0.49049558723693143,2,2021-08-06 09:30:00-04:00,2021-11-06 09:30:00-04:00
realized_vol_30,top_10pct,0.003208652240980309,5,2946,-9.656528639306087e-06,-3.225961592384641e-05,0.4874405974202308,2,2021-08-06 09:30:00-04:00,2021-11-06 09:30:00-04:00
realized_vol_30,top_10pct,0.003208652240980309,10,2946,2.7239069335553156e-06,-1.705341642915803e-05,0.49321113374066533,2,2021-08-06 09:30:00-04:00,2021-11-06 09:30:00-04:00
realized_vol_30,top_10pct,0.003208652240980309,20,2946,3.00098641218786e-05,-3.376839033553125e-05,0.49287169042769857,2,2021-08-06 09:30:00-04:00,2021-11-06 09:30:00-04:00
realized_vol_30,top_10pct,0.003208652240980309,30,2946,9.829033569659545e-05,8.335415673854651e-05,0.5078071961982349,2,2021-08-06 09:30:00-04:00,2021-11-06 09:30:00-04:00
realized_vol_30,top_10pct,0.003208652240980309,60,2946,0.00015222601465675749,8.075192878531645e-05,0.5105227427019687,2,2021-08-06 09:30:00-04:00,2021-11-06 09:30:00-04:00
realized_vol_60,bottom_10pct,0.0010819176042475066,1,2946,1.5063080160915213e-05,0.0,0.48336727766463,2,2021-08-06 09:30:00-04:00,2021-11-06 09:30:00-04:00
realized_vol_60,bottom_10pct,0.0010819176042475066,3,2946,2.9767686556567272e-05,0.0,0.4969450101832994,2,2021-08-06 09:30:00-04:00,2021-11-06 09:30:00-04:00
realized_vol_60,bottom_10pct,0.0010819176042475066,5,2946,3.0390031939079313e-05,1.5921285202447066e-05,0.5010183299389002,2,2021-08-06 09:30:00-04:00,2021-11-06 09:30:00-04:00
realized_vol_60,bottom_10pct,0.0010819176042475066,10,2946,1.5937450842207273e-05,3.190479682124714e-05,0.5251188051595383,2,2021-08-06 09:30:00-04:00,2021-11-06 09:30:00-04:00
realized_vol_60,bottom_10pct,0.0010819176042475066,20,2946,5.0363080189382755e-05,4.791796464043152e-05,0.5257976917854719,2,2021-08-06 09:30:00-04:00,2021-11-06 09:30:00-04:00
realized_vol_60,bottom_10pct,0.0010819176042475066,30,2946,5.102560673060651e-05,6.377805241419843e-05,0.5319076714188731,2,2021-08-06 09:30:00-04:00,2021-11-06 09:30:00-04:00
realized_vol_60,bottom_10pct,0.0010819176042475066,60,2946,0.00013538649082595487,9.66526451178229e-05,0.5393754243041412,2,2021-08-06 09:30:00-04:00,2021-11-06 09:30:00-04:00
realized_vol_60,top_10pct,0.004644390395910311,1,2946,3.1276680279154697e-06,-1.7039261068496625e-05,0.4786150712830957,2,2021-08-06 09:30:00-04:00,2021-11-06 09:30:00-04:00
realized_vol_60,top_10pct,0.004644390395910311,3,2946,7.911311225558106e-07,0.0,0.49490835030549896,2,2021-08-06 09:30:00-04:00,2021-11-06 09:30:00-04:00
realized_vol_60,top_10pct,0.004644390395910311,5,2946,2.2239939290689024e-06,1.59504955398182e-05,0.5010183299389002,2,2021-08-06 09:30:00-04:00,2021-11-06 09:30:00-04:00
realized_vol_60,top_10pct,0.004644390395910311,10,2946,8.85798106941806e-06,1.6228546174446024e-05,0.5003394433129668,2,2021-08-06 09:30:00-04:00,2021-11-06 09:30:00-04:00
realized_vol_60,top_10pct,0.004644390395910311,20,2946,-2.3100889697282324e-05,1.6530038188355967e-05,0.5010183299389002,2,2021-08-06 09:30:00-04:00,2021-11-06 09:30:00-04:00
realized_vol_60,top_10pct,0.004644390395910311,30,2946,-2.324955052724556e-05,1.6944893928116933e-05,0.5016972165648337,2,2021-08-06 09:30:00-04:00,2021-11-06 09:30:00-04:00
realized_vol_60,top_10pct,0.004644390395910311,60,2946,8.748730176511017e-06,-8.159873267610251e-05,0.4894772572980312,2,2021-08-06 09:30:00-04:00,2021-11-06 09:30:00-04:00
vol_ratio_5_30,bottom_10pct,0.18416319579322504,1,2946,-8.072260863857018e-06,0.0,0.4786150712830957,2,2021-08-06 09:30:00-04:00,2021-11-06 09:30:00-04:00
vol_ratio_5_30,bottom_10pct,0.18416319579322504,3,2946,-1.3915308946722856e-06,0.0,0.48710115410726407,2,2021-08-06 09:30:00-04:00,2021-11-06 09:30:00-04:00
vol_ratio_5_30,bottom_10pct,0.18416319579322504,5,2946,2.438283891401205e-06,0.0,0.49966055668703324,2,2021-08-06 09:30:00-04:00,2021-11-06 09:30:00-04:00
vol_ratio_5_30,bottom_10pct,0.18416319579322504,10,2946,1.53139336886631e-05,3.4279053593322395e-05,0.5291921249151391,2,2021-08-06 09:30:00-04:00,2021-11-06 09:30:00-04:00
vol_ratio_5_30,bottom_10pct,0.18416319579322504,20,2943,5.2396028574524946e-05,4.965983016336217e-05,0.526673462453279,2,2021-08-06 09:30:00-04:00,2021-11-06 09:30:00-04:00
vol_ratio_5_30,bottom_10pct,0.18416319579322504,30,2943,0.00010584335427796254,6.622626202412718e-05,0.5327896704043493,2,2021-08-06 09:30:00-04:00,2021-11-06 09:30:00-04:00
vol_ratio_5_30,bottom_10pct,0.18416319579322504,60,2923,0.0003516472787945169,0.00042471168610536125,0.5651727677044133,2,2021-08-06 09:30:00-04:00,2021-11-06 09:30:00-04:00
vol_ratio_5_30,top_10pct,0.5642157078655037,1,2946,-1.5150130033578176e-05,-1.6009096735547512e-05,0.4680923285811269,2,2021-08-06 09:30:00-04:00,2021-11-06 09:30:00-04:00
vol_ratio_5_30,top_10pct,0.5642157078655037,3,2946,-1.0755048989558574e-05,0.0,0.4911744738628649,2,2021-08-06 09:30:00-04:00,2021-11-06 09:30:00-04:00
vol_ratio_5_30,top_10pct,0.5642157078655037,5,2946,6.207241952542845e-07,0.0,0.48879837067209775,2,2021-08-06 09:30:00-04:00,2021-11-06 09:30:00-04:00
vol_ratio_5_30,top_10pct,0.5642157078655037,10,2946,2.5692866891991728e-05,3.243357670079661e-05,0.5132382892057027,2,2021-08-06 09:30:00-04:00,2021-11-06 09:30:00-04:00
vol_ratio_5_30,top_10pct,0.5642157078655037,20,2946,2.967544545372041e-05,9.856509624994736e-05,0.5322471147318398,2,2021-08-06 09:30:00-04:00,2021-11-06 09:30:00-04:00
vol_ratio_5_30,top_10pct,0.5642157078655037,30,2941,9.025640549655853e-06,7.979317608763914e-05,0.5202312138728323,2,2021-08-06 09:30:00-04:00,2021-11-06 09:30:00-04:00
vol_ratio_5_30,top_10pct,0.5642157078655037,60,2941,0.00020237199182860464,0.000277773238999357,0.5589935396123767,2,2021-08-06 09:30:00-04:00,2021-11-06 09:30:00-04:00
vol_ratio_5_60,bottom_10pct,0.10935730394779487,1,2946,7.00893391077102e-06,0.0,0.4789545145960625,2,2021-08-06 09:30:00-04:00,2021-11-06 09:30:00-04:00
vol_ratio_5_60,bottom_10pct,0.10935730394779487,3,2946,2.8434804302451198e-05,0.0,0.4942294636795655,2,2021-08-06 09:30:00-04:00,2021-11-06 09:30:00-04:00
vol_ratio_5_60,bottom_10pct,0.10935730394779487,5,2946,5.285116837864024e-05,1.613384641585558e-05,0.5105227427019687,2,2021-08-06 09:30:00-04:00,2021-11-06 09:30:00-04:00
vol_ratio_5_60,bottom_10pct,0.10935730394779487,10,2944,9.150078007745227e-05,3.193587335581505e-05,0.5217391304347826,2,2021-08-06 09:30:00-04:00,2021-11-06 09:30:00-04:00
vol_ratio_5_60,bottom_10pct,0.10935730394779487,20,2934,0.00027141433161642756,8.286448728789253e-05,0.5524880708929789,2,2021-08-06 09:30:00-04:00,2021-11-06 09:30:00-04:00
vol_ratio_5_60,bottom_10pct,0.10935730394779487,30,2931,0.00034129410256924267,0.0001601640079440525,0.5704537700443535,2,2021-08-06 09:30:00-04:00,2021-11-06 09:30:00-04:00
vol_ratio_5_60,bottom_10pct,0.10935730394779487,60,2910,0.0005172496848639426,0.0006013417230190665,0.5756013745704467,2,2021-08-06 09:30:00-04:00,2021-11-06 09:30:00-04:00
vol_ratio_5_60,top_10pct,0.4005663938063735,1,2946,-7.215500123117426e-06,-1.5863220085732266e-05,0.47793618465716226,2,2021-08-06 09:30:00-04:00,2021-11-06 09:30:00-04:00
vol_ratio_5_60,top_10pct,0.4005663938063735,3,2946,-1.1222263695784291e-05,0.0,0.49660556687033264,2,2021-08-06 09:30:00-04:00,2021-11-06 09:30:00-04:00
vol_ratio_5_60,top_10pct,0.4005663938063735,5,2946,4.995403447898817e-07,1.6179815264916186e-05,0.5027155465037338,2,2021-08-06 09:30:00-04:00,2021-11-06 09:30:00-04:00
vol_ratio_5_60,top_10pct,0.4005663938063735,10,2946,3.5334799647746955e-05,3.2640804278116775e-05,0.5149355057705364,2,2021-08-06 09:30:00-04:00,2021-11-06 09:30:00-04:00
vol_ratio_5_60,top_10pct,0.4005663938063735,20,2946,8.450445130464568e-05,9.867769812754723e-05,0.5339443312966734,2,2021-08-06 09:30:00-04:00,2021-11-06 09:30:00-04:00
vol_ratio_5_60,top_10pct,0.4005663938063735,30,2946,9.311520710477946e-05,9.951488885651116e-05,0.5271554650373388,2,2021-08-06 09:30:00-04:00,2021-11-06 09:30:00-04:00
vol_ratio_5_60,top_10pct,0.4005663938063735,60,2946,0.00024325683593407133,0.00028851788711004023,0.560081466395112,2,2021-08-06 09:30:00-04:00,2021-11-06 09:30:00-04:00
vol_ratio_30_60,bottom_10pct,0.4788921645062074,1,2946,2.1713159201381912e-05,0.0,0.47352342158859473,2,2021-08-06 09:30:00-04:00,2021-11-06 09:30:00-04:00
vol_ratio_30_60,bottom_10pct,0.4788921645062074,3,2944,6.795448561794068e-05,0.0,0.49320652173913043,2,2021-08-06 09:30:00-04:00,2021-11-06 09:30:00-04:00
vol_ratio_30_60,bottom_10pct,0.4788921645062074,5,2942,0.0001201444532912741,1.6276836451334376e-05,0.5159755268524813,2,2021-08-06 09:30:00-04:00,2021-11-06 09:30:00-04:00
vol_ratio_30_60,bottom_10pct,0.4788921645062074,10,2937,0.0002273826506126637,3.264133698910321e-05,0.5277494041538985,2,2021-08-06 09:30:00-04:00,2021-11-06 09:30:00-04:00
vol_ratio_30_60,bottom_10pct,0.4788921645062074,20,2927,0.00040537623679484414,0.0001301786702248009,0.5606422958660745,2,2021-08-06 09:30:00-04:00,2021-11-06 09:30:00-04:00
vol_ratio_30_60,bottom_10pct,0.4788921645062074,30,2917,0.0005628201721042672,0.0003971734489549572,0.594446348988687,2,2021-08-06 09:30:00-04:00,2021-11-06 09:30:00-04:00
vol_ratio_30_60,bottom_10pct,0.4788921645062074,60,2914,0.0006159006697487152,0.0007134865534975665,0.579958819492107,2,2021-08-06 09:30:00-04:00,2021-11-06 09:30:00-04:00
vol_ratio_30_60,top_10pct,0.854030868293411,1,2946,4.786445244840511e-07,0.0,0.4986422267481331,2,2021-08-06 09:30:00-04:00,2021-11-06 09:30:00-04:00
vol_ratio_30_60,top_10pct,0.854030868293411,3,2946,-9.505873215655835e-06,1.66623852156933e-05,0.5081466395112016,2,2021-08-06 09:30:00-04:00,2021-11-06 09:30:00-04:00
vol_ratio_30_60,top_10pct,0.854030868293411,5,2946,-1.3767956923436558e-05,1.594274663607731e-05,0.5010183299389002,2,2021-08-06 09:30:00-04:00,2021-11-06 09:30:00-04:00
vol_ratio_30_60,top_10pct,0.854030868293411,10,2946,-3.1820879936092733e-06,6.613264837829202e-05,0.5230821452817379,2,2021-08-06 09:30:00-04:00,2021-11-06 09:30:00-04:00
vol_ratio_30_60,top_10pct,0.854030868293411,20,2946,-1.0118556881182689e-06,8.123345288746364e-05,0.5186693822131704,2,2021-08-06 09:30:00-04:00,2021-11-06 09:30:00-04:00
vol_ratio_30_60,top_10pct,0.854030868293411,30,2946,6.39042563709393e-05,9.711725495942236e-05,0.515274949083503,2,2021-08-06 09:30:00-04:00,2021-11-06 09:30:00-04:00
vol_ratio_30_60,top_10pct,0.854030868293411,60,2946,0.00021801268379232166,0.0003098884863140805,0.5458248472505092,2,2021-08-06 09:30:00-04:00,2021-11-06 09:30:00-04:00
normalized_vwap_distance,bottom_10pct,-8.175320470073085,1,2810,-1.12273268078526e-06,-1.5421040008622988e-05,0.4718861209964413,3,2021-11-06 09:30:00-04:00,2022-02-06 09:30:00-05:00
normalized_vwap_distance,bottom_10pct,-8.175320470073085,3,2810,1.5031021622300459e-05,0.0,0.4903914590747331,3,2021-11-06 09:30:00-04:00,2022-02-06 09:30:00-05:00
normalized_vwap_distance,bottom_10pct,-8.175320470073085,5,2810,1.336930709135425e-05,0.0,0.49323843416370106,3,2021-11-06 09:30:00-04:00,2022-02-06 09:30:00-05:00
normalized_vwap_distance,bottom_10pct,-8.175320470073085,10,2810,1.4523767820702011e-05,1.7988710361294125e-05,0.503202846975089,3,2021-11-06 09:30:00-04:00,2022-02-06 09:30:00-05:00
normalized_vwap_distance,bottom_10pct,-8.175320470073085,20,2810,-8.325705174151587e-07,0.0,0.496797153024911,3,2021-11-06 09:30:00-04:00,2022-02-06 09:30:00-05:00
normalized_vwap_distance,bottom_10pct,-8.175320470073085,30,2810,1.2826110562906778e-05,-6.694646207494603e-05,0.49110320284697506,3,2021-11-06 09:30:00-04:00,2022-02-06 09:30:00-05:00
normalized_vwap_distance,bottom_10pct,-8.175320470073085,60,2810,-0.0006409621238288713,-0.0003169095388518839,0.4782918149466192,3,2021-11-06 09:30:00-04:00,2022-02-06 09:30:00-05:00
normalized_vwap_distance,top_10pct,12.060491129779498,1,2810,-2.75013438531134e-06,0.0,0.4832740213523132,3,2021-11-06 09:30:00-04:00,2022-02-06 09:30:00-05:00
normalized_vwap_distance,top_10pct,12.060491129779498,3,2810,-1.4874615616790474e-05,0.0,0.4935943060498221,3,2021-11-06 09:30:00-04:00,2022-02-06 09:30:00-05:00
normalized_vwap_distance,top_10pct,12.060491129779498,5,2810,-8.446858206832875e-06,0.0,0.499288256227758,3,2021-11-06 09:30:00-04:00,2022-02-06 09:30:00-05:00
normalized_vwap_distance,top_10pct,12.060491129779498,10,2810,3.4536475094090794e-06,1.5116700962214402e-05,0.501423487544484,3,2021-11-06 09:30:00-04:00,2022-02-06 09:30:00-05:00
normalized_vwap_distance,top_10pct,12.060491129779498,20,2810,-5.004764343277823e-05,1.533978776679934e-05,0.5049822064056939,3,2021-11-06 09:30:00-04:00,2022-02-06 09:30:00-05:00
normalized_vwap_distance,top_10pct,12.060491129779498,30,2810,-0.00010781794914232339,4.632991745212589e-05,0.5145907473309609,3,2021-11-06 09:30:00-04:00,2022-02-06 09:30:00-05:00
normalized_vwap_distance,top_10pct,12.060491129779498,60,2810,-5.2192325712217076e-05,0.00013607885026778455,0.5291814946619217,3,2021-11-06 09:30:00-04:00,2022-02-06 09:30:00-05:00
half_life_30,bottom_10pct,0.1770084628150888,1,1283,-3.607441892627857e-05,-1.5464316090674224e-05,0.4692127825409197,3,2021-11-06 09:30:00-04:00,2022-02-06 09:30:00-05:00
half_life_30,bottom_10pct,0.1770084628150888,3,1283,-5.420761954333854e-05,1.6038749619085024e-05,0.5035074045206547,3,2021-11-06 09:30:00-04:00,2022-02-06 09:30:00-05:00
half_life_30,bottom_10pct,0.1770084628150888,5,1283,-9.606800969878485e-05,4.5940399987731695e-05,0.5214341387373344,3,2021-11-06 09:30:00-04:00,2022-02-06 09:30:00-05:00
half_life_30,bottom_10pct,0.1770084628150888,10,1283,-0.0001434305244088738,-1.5777350036327853e-05,0.49103663289166016,3,2021-11-06 09:30:00-04:00,2022-02-06 09:30:00-05:00
half_life_30,bottom_10pct,0.1770084628150888,20,1283,-0.00020838415776207363,4.716313729180577e-05,0.5027279812938426,3,2021-11-06 09:30:00-04:00,2022-02-06 09:30:00-05:00
half_life_30,bottom_10pct,0.1770084628150888,30,1283,-0.00029059169571476394,3.057122330751838e-05,0.5058456742010912,3,2021-11-06 09:30:00-04:00,2022-02-06 09:30:00-05:00
half_life_30,bottom_10pct,0.1770084628150888,60,1281,-0.0005175577244517337,9.184423218222548e-05,0.5120999219359875,3,2021-11-06 09:30:00-04:00,2022-02-06 09:30:00-05:00
half_life_30,top_10pct,0.5461333131291266,1,1283,-4.917211644938913e-05,-1.571388164300913e-05,0.4731098986749805,3,2021-11-06 09:30:00-04:00,2022-02-06 09:30:00-05:00
half_life_30,top_10pct,0.5461333131291266,3,1283,-0.00010804208411547619,-3.1368612566251564e-05,0.4770070148090413,3,2021-11-06 09:30:00-04:00,2022-02-06 09:30:00-05:00
half_life_30,top_10pct,0.5461333131291266,5,1283,-0.00014362466232770453,-7.540340823408709e-05,0.4598597038191738,3,2021-11-06 09:30:00-04:00,2022-02-06 09:30:00-05:00
half_life_30,top_10pct,0.5461333131291266,10,1283,-0.0002148462063858762,-3.314331167969531e-05,0.48636009353078724,3,2021-11-06 09:30:00-04:00,2022-02-06 09:30:00-05:00
half_life_30,top_10pct,0.5461333131291266,20,1283,-0.0003549552748365009,-0.0001917606826680185,0.4512860483242401,3,2021-11-06 09:30:00-04:00,2022-02-06 09:30:00-05:00
half_life_30,top_10pct,0.5461333131291266,30,1283,-0.0003183774746026489,-0.00010845986984819866,0.47466874512860485,3,2021-11-06 09:30:00-04:00,2022-02-06 09:30:00-05:00
half_life_30,top_10pct,0.5461333131291266,60,1283,-0.0007871189458852853,-0.00025702276919359335,0.46531566640685895,3,2021-11-06 09:30:00-04:00,2022-02-06 09:30:00-05:00
half_life_60,bottom_10pct,0.17631613658450215,1,1384,-1.599712145102146e-05,0.0,0.476878612716763,3,2021-11-06 09:30:00-04:00,2022-02-06 09:30:00-05:00
half_life_60,bottom_10pct,0.17631613658450215,3,1384,-3.865865385192694e-05,1.516541854940101e-05,0.5007225433526011,3,2021-11-06 09:30:00-04:00,2022-02-06 09:30:00-05:00
half_life_60,bottom_10pct,0.17631613658450215,5,1383,-9.70822169937689e-05,1.5167141903749126e-05,0.502530730296457,3,2021-11-06 09:30:00-04:00,2022-02-06 09:30:00-05:00
half_life_60,bottom_10pct,0.17631613658450215,10,1383,-0.00025616957634379695,-4.7346990309615755e-05,0.4765003615328995,3,2021-11-06 09:30:00-04:00,2022-02-06 09:30:00-05:00
half_life_60,bottom_10pct,0.17631613658450215,20,1383,-0.0004164638451908651,-3.104625892580426e-05,0.485177151120752,3,2021-11-06 09:30:00-04:00,2022-02-06 09:30:00-05:00
half_life_60,bottom_10pct,0.17631613658450215,30,1383,-0.0005031657562217974,-7.537953596359337e-05,0.4793926247288503,3,2021-11-06 09:30:00-04:00,2022-02-06 09:30:00-05:00
half_life_60,bottom_10pct,0.17631613658450215,60,1383,-0.0003737564847183716,4.739111890428305e-05,0.5097613882863341,3,2021-11-06 09:30:00-04:00,2022-02-06 09:30:00-05:00
half_life_60,top_10pct,0.4615680378533389,1,1385,1.0715420900226234e-05,0.0,0.4924187725631769,3,2021-11-06 09:30:00-04:00,2022-02-06 09:30:00-05:00
half_life_60,top_10pct,0.4615680378533389,3,1385,2.836227472697321e-06,0.0,0.49747292418772565,3,2021-11-06 09:30:00-04:00,2022-02-06 09:30:00-05:00
half_life_60,top_10pct,0.4615680378533389,5,1385,-8.135527190433916e-06,0.0,0.49386281588447656,3,2021-11-06 09:30:00-04:00,2022-02-06 09:30:00-05:00
half_life_60,top_10pct,0.4615680378533389,10,1385,-6.975925107271501e-05,8.43085016692946e-05,0.511913357400722,3,2021-11-06 09:30:00-04:00,2022-02-06 09:30:00-05:00
half_life_60,top_10pct,0.4615680378533389,20,1385,-0.0002522571790017867,-0.00015557664483412115,0.4693140794223827,3,2021-11-06 09:30:00-04:00,2022-02-06 09:30:00-05:00
half_life_60,top_10pct,0.4615680378533389,30,1385,-0.0004828658431369121,-6.04375679922331e-05,0.4888086642599278,3,2021-11-06 09:30:00-04:00,2022-02-06 09:30:00-05:00
half_life_60,top_10pct,0.4615680378533389,60,1385,-0.0010702276207124955,-0.00045853530721862157,0.4411552346570397,3,2021-11-06 09:30:00-04:00,2022-02-06 09:30:00-05:00
normalized_ou_residual_30,bottom_10pct,-1.737410588726481,1,2810,-1.0279347948942166e-05,1.595220312200496e-05,0.5085409252669039,3,2021-11-06 09:30:00-04:00,2022-02-06 09:30:00-05:00
normalized_ou_residual_30,bottom_10pct,-1.737410588726481,3,2810,1.1995858582289325e-05,6.207422408366359e-05,0.5316725978647687,3,2021-11-06 09:30:00-04:00,2022-02-06 09:30:00-05:00
normalized_ou_residual_30,bottom_10pct,-1.737410588726481,5,2810,2.0605459052144767e-05,7.63062918416324e-05,0.5291814946619217,3,2021-11-06 09:30:00-04:00,2022-02-06 09:30:00-05:00
normalized_ou_residual_30,bottom_10pct,-1.737410588726481,10,2809,7.107551800435848e-05,0.0001242274604802418,0.5382698469206123,3,2021-11-06 09:30:00-04:00,2022-02-06 09:30:00-05:00
normalized_ou_residual_30,bottom_10pct,-1.737410588726481,20,2809,-4.154538172260916e-05,9.19779866017656e-05,0.5194019223923104,3,2021-11-06 09:30:00-04:00,2022-02-06 09:30:00-05:00
normalized_ou_residual_30,bottom_10pct,-1.737410588726481,30,2809,-5.781488457635282e-05,7.908764492814413e-05,0.5112139551441794,3,2021-11-06 09:30:00-04:00,2022-02-06 09:30:00-05:00
normalized_ou_residual_30,bottom_10pct,-1.737410588726481,60,2806,-0.0001659752535981852,0.0001559322488632331,0.5142551674982181,3,2021-11-06 09:30:00-04:00,2022-02-06 09:30:00-05:00
normalized_ou_residual_30,top_10pct,1.7068260105704531,1,2810,-1.1148280233017307e-05,-1.5387818209255943e-05,0.46832740213523133,3,2021-11-06 09:30:00-04:00,2022-02-06 09:30:00-05:00
normalized_ou_residual_30,top_10pct,1.7068260105704531,3,2810,-6.018700558494338e-05,-4.546177859743317e-05,0.4608540925266904,3,2021-11-06 09:30:00-04:00,2022-02-06 09:30:00-05:00
normalized_ou_residual_30,top_10pct,1.7068260105704531,5,2810,-8.147397945790272e-05,-3.070051473669233e-05,0.47686832740213525,3,2021-11-06 09:30:00-04:00,2022-02-06 09:30:00-05:00
normalized_ou_residual_30,top_10pct,1.7068260105704531,10,2810,-0.00014172871248737084,-4.530912797862108e-05,0.4814946619217082,3,2021-11-06 09:30:00-04:00,2022-02-06 09:30:00-05:00
normalized_ou_residual_30,top_10pct,1.7068260105704531,20,2810,-2.4427671818569832e-05,0.0,0.498220640569395,3,2021-11-06 09:30:00-04:00,2022-02-06 09:30:00-05:00
normalized_ou_residual_30,top_10pct,1.7068260105704531,30,2810,7.590200829868192e-05,4.581037707473978e-05,0.5060498220640569,3,2021-11-06 09:30:00-04:00,2022-02-06 09:30:00-05:00
normalized_ou_residual_30,top_10pct,1.7068260105704531,60,2810,0.00020726169790695164,0.0001264842045148873,0.5195729537366548,3,2021-11-06 09:30:00-04:00,2022-02-06 09:30:00-05:00
realized_vol_30,bottom_10pct,0.0010620253853053305,1,2809,-1.0124662781095706e-05,0.0,0.4766820932716269,3,2021-11-06 09:30:00-04:00,2022-02-06 09:30:00-05:00
realized_vol_30,bottom_10pct,0.0010620253853053305,3,2807,-2.5687938124765933e-05,0.0,0.4980406127538297,3,2021-11-06 09:30:00-04:00,2022-02-06 09:30:00-05:00
realized_vol_30,bottom_10pct,0.0010620253853053305,5,2805,-3.478166876351196e-05,1.5186720731419356e-05,0.506951871657754,3,2021-11-06 09:30:00-04:00,2022-02-06 09:30:00-05:00
realized_vol_30,bottom_10pct,0.0010620253853053305,10,2800,-7.958284272753841e-05,1.532132662918073e-05,0.5078571428571429,3,2021-11-06 09:30:00-04:00,2022-02-06 09:30:00-05:00
realized_vol_30,bottom_10pct,0.0010620253853053305,20,2795,-0.0001944613721510875,-1.537680869712066e-05,0.48407871198568875,3,2021-11-06 09:30:00-04:00,2022-02-06 09:30:00-05:00
realized_vol_30,bottom_10pct,0.0010620253853053305,30,2795,-0.0003192494591182922,-0.00010559980690316717,0.4697674418604651,3,2021-11-06 09:30:00-04:00,2022-02-06 09:30:00-05:00
realized_vol_30,bottom_10pct,0.0010620253853053305,60,2795,-0.0008801361108923423,-0.0002719854941070077,0.453309481216458,3,2021-11-06 09:30:00-04:00,2022-02-06 09:30:00-05:00
realized_vol_30,top_10pct,0.005772040906279356,1,2810,3.709771646387061e-06,-1.6964314642042844e-05,0.4914590747330961,3,2021-11-06 09:30:00-04:00,2022-02-06 09:30:00-05:00
realized_vol_30,top_10pct,0.005772040906279356,3,2810,1.47246146262113e-06,3.1248123115501514e-05,0.503202846975089,3,2021-11-06 09:30:00-04:00,2022-02-06 09:30:00-05:00
realized_vol_30,top_10pct,0.005772040906279356,5,2810,-3.4463418479062395e-06,0.0,0.497864768683274,3,2021-11-06 09:30:00-04:00,2022-02-06 09:30:00-05:00
realized_vol_30,top_10pct,0.005772040906279356,10,2810,-4.737591662074861e-06,7.105473825885777e-05,0.5078291814946619,3,2021-11-06 09:30:00-04:00,2022-02-06 09:30:00-05:00
realized_vol_30,top_10pct,0.005772040906279356,20,2810,7.470234241182432e-05,9.083803125053969e-05,0.5071174377224199,3,2021-11-06 09:30:00-04:00,2022-02-06 09:30:00-05:00
realized_vol_30,top_10pct,0.005772040906279356,30,2810,0.00011428398697612795,4.931110877215428e-05,0.501779359430605,3,2021-11-06 09:30:00-04:00,2022-02-06 09:30:00-05:00
realized_vol_30,top_10pct,0.005772040906279356,60,2810,0.0003121264312994295,-0.00012359618900464886,0.4925266903914591,3,2021-11-06 09:30:00-04:00,2022-02-06 09:30:00-05:00
realized_vol_60,bottom_10pct,0.0017199177850102474,1,2810,-1.3348668509816758e-05,0.0,0.4786476868327402,3,2021-11-06 09:30:00-04:00,2022-02-06 09:30:00-05:00
realized_vol_60,bottom_10pct,0.0017199177850102474,3,2810,-2.7614861469941217e-05,0.0,0.49395017793594304,3,2021-11-06 09:30:00-04:00,2022-02-06 09:30:00-05:00
realized_vol_60,bottom_10pct,0.0017199177850102474,5,2810,-4.239465452697427e-05,1.5083070015742273e-05,0.501423487544484,3,2021-11-06 09:30:00-04:00,2022-02-06 09:30:00-05:00
realized_vol_60,bottom_10pct,0.0017199177850102474,10,2810,-0.00010738743563871967,0.0,0.499644128113879,3,2021-11-06 09:30:00-04:00,2022-02-06 09:30:00-05:00
realized_vol_60,bottom_10pct,0.0017199177850102474,20,2810,-0.0002082811969852578,0.0,0.4918149466192171,3,2021-11-06 09:30:00-04:00,2022-02-06 09:30:00-05:00
realized_vol_60,bottom_10pct,0.0017199177850102474,30,2810,-0.00025464663170000234,0.0,0.497153024911032,3,2021-11-06 09:30:00-04:00,2022-02-06 09:30:00-05:00
realized_vol_60,bottom_10pct,0.0017199177850102474,60,2810,-0.0004765393447902222,1.544009029308402e-05,0.502135231316726,3,2021-11-06 09:30:00-04:00,2022-02-06 09:30:00-05:00
realized_vol_60,top_10pct,0.00852168017040944,1,2810,1.3777892047202722e-07,-1.7433297925972813e-05,0.4879003558718861,3,2021-11-06 09:30:00-04:00,2022-02-06 09:30:00-05:00
realized_vol_60,top_10pct,0.00852168017040944,3,2810,7.511173387635588e-06,3.545911375146815e-05,0.5071174377224199,3,2021-11-06 09:30:00-04:00,2022-02-06 09:30:00-05:00
realized_vol_60,top_10pct,0.00852168017040944,5,2810,1.1440990793818052e-05,-1.685090506864384e-05,0.49430604982206405,3,2021-11-06 09:30:00-04:00,2022-02-06 09:30:00-05:00
realized_vol_60,top_10pct,0.00852168017040944,10,2810,2.343859545002039e-05,5.2367661763308426e-05,0.5060498220640569,3,2021-11-06 09:30:00-04:00,2022-02-06 09:30:00-05:00
realized_vol_60,top_10pct,0.00852168017040944,20,2810,7.219294643352181e-05,-1.6493072981127455e-05,0.49857651245551604,3,2021-11-06 09:30:00-04:00,2022-02-06 09:30:00-05:00
realized_vol_60,top_10pct,0.00852168017040944,30,2810,0.00010990035149752945,-0.00021607932683659348,0.48185053380782916,3,2021-11-06 09:30:00-04:00,2022-02-06 09:30:00-05:00
realized_vol_60,top_10pct,0.00852168017040944,60,2810,0.0003506588626198338,-0.00034779844646237734,0.4825622775800712,3,2021-11-06 09:30:00-04:00,2022-02-06 09:30:00-05:00
vol_ratio_5_30,bottom_10pct,0.1901413143397241,1,2810,2.3644094129058727e-05,1.5159095047234672e-05,0.50355871886121,3,2021-11-06 09:30:00-04:00,2022-02-06 09:30:00-05:00
vol_ratio_5_30,bottom_10pct,0.1901413143397241,3,2810,5.67650462792395e-05,4.637036153087859e-05,0.5359430604982206,3,2021-11-06 09:30:00-04:00,2022-02-06 09:30:00-05:00
vol_ratio_5_30,bottom_10pct,0.1901413143397241,5,2810,8.426528706539788e-05,6.284370243059278e-05,0.5526690391459075,3,2021-11-06 09:30:00-04:00,2022-02-06 09:30:00-05:00
vol_ratio_5_30,bottom_10pct,0.1901413143397241,10,2810,6.830988458609537e-05,7.672890648857678e-05,0.5395017793594306,3,2021-11-06 09:30:00-04:00,2022-02-06 09:30:00-05:00
vol_ratio_5_30,bottom_10pct,0.1901413143397241,20,2805,-8.390705694965987e-05,8.410853365181659e-05,0.538680926916221,3,2021-11-06 09:30:00-04:00,2022-02-06 09:30:00-05:00
vol_ratio_5_30,bottom_10pct,0.1901413143397241,30,2800,-5.3812633054913475e-05,0.00010969314909858863,0.5289285714285714,3,2021-11-06 09:30:00-04:00,2022-02-06 09:30:00-05:00
vol_ratio_5_30,bottom_10pct,0.1901413143397241,60,2789,-0.0004131501153280935,-0.0002835002835003264,0.4693438508425959,3,2021-11-06 09:30:00-04:00,2022-02-06 09:30:00-05:00
vol_ratio_5_30,top_10pct,0.5608169645003342,1,2810,-1.500196810566848e-05,0.0,0.497153024911032,3,2021-11-06 09:30:00-04:00,2022-02-06 09:30:00-05:00
vol_ratio_5_30,top_10pct,0.5608169645003342,3,2810,-4.129786832227455e-06,0.0,0.497153024911032,3,2021-11-06 09:30:00-04:00,2022-02-06 09:30:00-05:00
vol_ratio_5_30,top_10pct,0.5608169645003342,5,2810,4.371256196974822e-05,1.531956822087288e-05,0.503202846975089,3,2021-11-06 09:30:00-04:00,2022-02-06 09:30:00-05:00
vol_ratio_5_30,top_10pct,0.5608169645003342,10,2810,4.055966164954488e-06,3.065134125534996e-05,0.504270462633452,3,2021-11-06 09:30:00-04:00,2022-02-06 09:30:00-05:00
vol_ratio_5_30,top_10pct,0.5608169645003342,20,2810,-4.07918632055275e-06,3.083134768888662e-05,0.5060498220640569,3,2021-11-06 09:30:00-04:00,2022-02-06 09:30:00-05:00
vol_ratio_5_30,top_10pct,0.5608169645003342,30,2810,-9.450136526665387e-05,3.07097722862526e-05,0.503202846975089,3,2021-11-06 09:30:00-04:00,2022-02-06 09:30:00-05:00
vol_ratio_5_30,top_10pct,0.5608169645003342,60,2810,-0.00021212560672229227,0.00015837619506775535,0.5227758007117438,3,2021-11-06 09:30:00-04:00,2022-02-06 09:30:00-05:00
vol_ratio_5_60,bottom_10pct,0.10750397925569716,1,2809,3.8529722030451837e-07,0.0,0.4927020291918832,3,2021-11-06 09:30:00-04:00,2022-02-06 09:30:00-05:00
vol_ratio_5_60,bottom_10pct,0.10750397925569716,3,2808,-3.2112426914696906e-05,1.608959108456709e-05,0.5156695156695157,3,2021-11-06 09:30:00-04:00,2022-02-06 09:30:00-05:00
vol_ratio_5_60,bottom_10pct,0.10750397925569716,5,2808,-5.399752613408015e-05,3.0472475849530056e-05,0.5227920227920227,3,2021-11-06 09:30:00-04:00,2022-02-06 09:30:00-05:00
vol_ratio_5_60,bottom_10pct,0.10750397925569716,10,2807,-9.264488695835472e-05,4.62434873755857e-05,0.5301033131457071,3,2021-11-06 09:30:00-04:00,2022-02-06 09:30:00-05:00
vol_ratio_5_60,bottom_10pct,0.10750397925569716,20,2800,-0.0002195547107396027,6.230729509937305e-05,0.5225,3,2021-11-06 09:30:00-04:00,2022-02-06 09:30:00-05:00
vol_ratio_5_60,bottom_10pct,0.10750397925569716,30,2794,-0.0004064715889605593,2.3390732318606666e-05,0.5035790980672871,3,2021-11-06 09:30:00-04:00,2022-02-06 09:30:00-05:00
vol_ratio_5_60,bottom_10pct,0.10750397925569716,60,2785,-0.0008657002890554568,-0.0006086890359887631,0.4488330341113106,3,2021-11-06 09:30:00-04:00,2022-02-06 09:30:00-05:00
vol_ratio_5_60,top_10pct,0.4038405623359115,1,2810,-3.44843098068379e-05,0.0,0.4903914590747331,3,2021-11-06 09:30:00-04:00,2022-02-06 09:30:00-05:00
vol_ratio_5_60,top_10pct,0.4038405623359115,3,2810,-9.749582658097593e-05,0.0,0.4900355871886121,3,2021-11-06 09:30:00-04:00,2022-02-06 09:30:00-05:00
vol_ratio_5_60,top_10pct,0.4038405623359115,5,2810,-0.00012633455593632497,-7.542046911557243e-06,0.49537366548042705,3,2021-11-06 09:30:00-04:00,2022-02-06 09:30:00-05:00
vol_ratio_5_60,top_10pct,0.4038405623359115,10,2810,-0.00021451106032858606,-3.124425289829924e-05,0.4900355871886121,3,2021-11-06 09:30:00-04:00,2022-02-06 09:30:00-05:00
vol_ratio_5_60,top_10pct,0.4038405623359115,20,2810,-0.00032363237983475276,-6.071890623682297e-05,0.48540925266903917,3,2021-11-06 09:30:00-04:00,2022-02-06 09:30:00-05:00
vol_ratio_5_60,top_10pct,0.4038405623359115,30,2810,-0.00044921589198740515,-0.00010829180077198686,0.48078291814946617,3,2021-11-06 09:30:00-04:00,2022-02-06 09:30:00-05:00
vol_ratio_5_60,top_10pct,0.4038405623359115,60,2810,-0.0006831927146917815,-9.967457706866467e-05,0.48718861209964415,3,2021-11-06 09:30:00-04:00,2022-02-06 09:30:00-05:00
vol_ratio_30_60,bottom_10pct,0.48209104671406483,1,2809,-2.6800426288720412e-05,0.0,0.4809540761836953,3,2021-11-06 09:30:00-04:00,2022-02-06 09:30:00-05:00
vol_ratio_30_60,bottom_10pct,0.48209104671406483,3,2807,-7.22944441068799e-05,0.0,0.4955468471677948,3,2021-11-06 09:30:00-04:00,2022-02-06 09:30:00-05:00
vol_ratio_30_60,bottom_10pct,0.48209104671406483,5,2805,-0.00010405658269518512,1.53200355423877e-05,0.5044563279857398,3,2021-11-06 09:30:00-04:00,2022-02-06 09:30:00-05:00
vol_ratio_30_60,bottom_10pct,0.48209104671406483,10,2800,-0.00011141503534812188,3.0246716483439684e-05,0.5114285714285715,3,2021-11-06 09:30:00-04:00,2022-02-06 09:30:00-05:00
vol_ratio_30_60,bottom_10pct,0.48209104671406483,20,2790,-0.00021354739893506255,4.600724241765608e-05,0.5118279569892473,3,2021-11-06 09:30:00-04:00,2022-02-06 09:30:00-05:00
vol_ratio_30_60,bottom_10pct,0.48209104671406483,30,2784,-0.0003704378897652091,-0.00012351089445006291,0.48060344827586204,3,2021-11-06 09:30:00-04:00,2022-02-06 09:30:00-05:00
vol_ratio_30_60,bottom_10pct,0.48209104671406483,60,2784,-0.000863934613781213,-0.0006747052546837162,0.44396551724137934,3,2021-11-06 09:30:00-04:00,2022-02-06 09:30:00-05:00
vol_ratio_30_60,top_10pct,0.8527972641204541,1,2810,-9.192462483649338e-07,0.0,0.49750889679715304,3,2021-11-06 09:30:00-04:00,2022-02-06 09:30:00-05:00
vol_ratio_30_60,top_10pct,0.8527972641204541,3,2810,-8.72167807621786e-06,3.0288836817549125e-05,0.504626334519573,3,2021-11-06 09:30:00-04:00,2022-02-06 09:30:00-05:00
vol_ratio_30_60,top_10pct,0.8527972641204541,5,2810,-2.688364070145271e-05,7.541307522618279e-05,0.5192170818505338,3,2021-11-06 09:30:00-04:00,2022-02-06 09:30:00-05:00
vol_ratio_30_60,top_10pct,0.8527972641204541,10,2810,-5.2933417944710595e-05,0.0001073430845668355,0.5274021352313167,3,2021-11-06 09:30:00-04:00,2022-02-06 09:30:00-05:00
vol_ratio_30_60,top_10pct,0.8527972641204541,20,2810,-0.00019486175415373843,0.00013106343218172167,0.5241992882562277,3,2021-11-06 09:30:00-04:00,2022-02-06 09:30:00-05:00
vol_ratio_30_60,top_10pct,0.8527972641204541,30,2810,-0.0003941299336215552,3.836092507758515e-05,0.5028469750889679,3,2021-11-06 09:30:00-04:00,2022-02-06 09:30:00-05:00
vol_ratio_30_60,top_10pct,0.8527972641204541,60,2810,-0.001291525897962084,-0.0006664245398376178,0.43309608540925265,3,2021-11-06 09:30:00-04:00,2022-02-06 09:30:00-05:00
normalized_vwap_distance,bottom_10pct,-9.831571162949643,1,2811,-9.98461364027583e-06,-1.8001152073732207e-05,0.4663820704375667,4,2022-02-06 09:30:00-05:00,2022-05-06 09:30:00-04:00
normalized_vwap_distance,bottom_10pct,-9.831571162949643,3,2811,-2.033444290470156e-05,-3.600943447179539e-05,0.46389185343294204,4,2022-02-06 09:30:00-05:00,2022-05-06 09:30:00-04:00
normalized_vwap_distance,bottom_10pct,-9.831571162949643,5,2811,-5.4665420876566955e-05,-7.061648188688707e-05,0.4606901458555674,4,2022-02-06 09:30:00-05:00,2022-05-06 09:30:00-04:00
normalized_vwap_distance,bottom_10pct,-9.831571162949643,10,2811,-0.00014439946130559694,-0.0001407731967832948,0.4535752401280683,4,2022-02-06 09:30:00-05:00,2022-05-06 09:30:00-04:00
normalized_vwap_distance,bottom_10pct,-9.831571162949643,20,2811,-0.0002571935304058779,-0.0002635442942660049,0.4418356456776948,4,2022-02-06 09:30:00-05:00,2022-05-06 09:30:00-04:00
normalized_vwap_distance,bottom_10pct,-9.831571162949643,30,2811,-0.00030876481699980743,-0.0004079210858117799,0.4425471362504447,4,2022-02-06 09:30:00-05:00,2022-05-06 09:30:00-04:00
normalized_vwap_distance,bottom_10pct,-9.831571162949643,60,2811,-0.0009657541626325464,-0.001840083144497684,0.36428317324795445,4,2022-02-06 09:30:00-05:00,2022-05-06 09:30:00-04:00
normalized_vwap_distance,top_10pct,10.683509497536836,1,2811,-1.4074055878623375e-05,0.0,0.48096762717893987,4,2022-02-06 09:30:00-05:00,2022-05-06 09:30:00-04:00
normalized_vwap_distance,top_10pct,10.683509497536836,3,2811,-5.1742000339234534e-05,0.0,0.4919957310565635,4,2022-02-06 09:30:00-05:00,2022-05-06 09:30:00-04:00
normalized_vwap_distance,top_10pct,10.683509497536836,5,2811,-8.759819275508701e-05,0.0,0.48843827819281393,4,2022-02-06 09:30:00-05:00,2022-05-06 09:30:00-04:00
normalized_vwap_distance,top_10pct,10.683509497536836,10,2811,-0.0002327982361228607,-1.713120792146139e-05,0.4838135894699395,4,2022-02-06 09:30:00-05:00,2022-05-06 09:30:00-04:00
normalized_vwap_distance,top_10pct,10.683509497536836,20,2811,-0.0005820271619528062,0.0,0.49484169334756317,4,2022-02-06 09:30:00-05:00,2022-05-06 09:30:00-04:00
normalized_vwap_distance,top_10pct,10.683509497536836,30,2811,-0.0008774689409912479,-0.00014759663479668728,0.4631803628601921,4,2022-02-06 09:30:00-05:00,2022-05-06 09:30:00-04:00
normalized_vwap_distance,top_10pct,10.683509497536836,60,2811,-0.0013081199905254825,-0.000699591904722241,0.4386339381003202,4,2022-02-06 09:30:00-05:00,2022-05-06 09:30:00-04:00
half_life_30,bottom_10pct,0.18328019531632883,1,1407,-2.2657966547905995e-05,-3.342525277849617e-05,0.47121535181236673,4,2022-02-06 09:30:00-05:00,2022-05-06 09:30:00-04:00
half_life_30,bottom_10pct,0.18328019531632883,3,1407,-6.166630809896565e-05,-3.459728757260194e-05,0.48187633262260127,4,2022-02-06 09:30:00-05:00,2022-05-06 09:30:00-04:00
half_life_30,bottom_10pct,0.18328019531632883,5,1407,-6.563270240805384e-05,-1.9021170562849576e-05,0.48685145700071075,4,2022-02-06 09:30:00-05:00,2022-05-06 09:30:00-04:00
half_life_30,bottom_10pct,0.18328019531632883,10,1404,-3.588339038144378e-05,1.714552611109532e-05,0.5007122507122507,4,2022-02-06 09:30:00-05:00,2022-05-06 09:30:00-04:00
half_life_30,bottom_10pct,0.18328019531632883,20,1404,-0.0001188016015892196,-0.0001432816432896944,0.4757834757834758,4,2022-02-06 09:30:00-05:00,2022-05-06 09:30:00-04:00
half_life_30,bottom_10pct,0.18328019531632883,30,1404,-0.00017075158207595787,-0.00015163258813322145,0.48646723646723644,4,2022-02-06 09:30:00-05:00,2022-05-06 09:30:00-04:00
half_life_30,bottom_10pct,0.18328019531632883,60,1404,8.803834258383246e-05,-0.00040927876600194146,0.47507122507122507,4,2022-02-06 09:30:00-05:00,2022-05-06 09:30:00-04:00
half_life_30,top_10pct,0.5562661513570653,1,1407,-2.8513677905869094e-05,-1.793818501438782e-05,0.4662402274342573,4,2022-02-06 09:30:00-05:00,2022-05-06 09:30:00-04:00
half_life_30,top_10pct,0.5562661513570653,3,1407,-0.0001390842112083107,-0.00010278724752876833,0.4484719260838664,4,2022-02-06 09:30:00-05:00,2022-05-06 09:30:00-04:00
half_life_30,top_10pct,0.5562661513570653,5,1407,-0.0002109253518346109,-0.00015166068449523618,0.43283582089552236,4,2022-02-06 09:30:00-05:00,2022-05-06 09:30:00-04:00
half_life_30,top_10pct,0.5562661513570653,10,1407,-0.00030935072348943515,-0.00014947186607316976,0.4562899786780384,4,2022-02-06 09:30:00-05:00,2022-05-06 09:30:00-04:00
half_life_30,top_10pct,0.5562661513570653,20,1407,-0.00038136147204241496,-0.0003233382117695527,0.4427860696517413,4,2022-02-06 09:30:00-05:00,2022-05-06 09:30:00-04:00
half_life_30,top_10pct,0.5562661513570653,30,1407,-0.0004482642093959708,-0.0004399472063352228,0.42857142857142855,4,2022-02-06 09:30:00-05:00,2022-05-06 09:30:00-04:00
half_life_30,top_10pct,0.5562661513570653,60,1407,-0.000982083458488957,-0.0010340469533912655,0.43638948116560056,4,2022-02-06 09:30:00-05:00,2022-05-06 09:30:00-04:00
half_life_60,bottom_10pct,0.17550002360009045,1,1563,-2.426163851314895e-05,-1.9164430816398514e-05,0.47024952015355087,4,2022-02-06 09:30:00-05:00,2022-05-06 09:30:00-04:00
half_life_60,bottom_10pct,0.17550002360009045,3,1563,-1.5084470849072675e-06,-1.767221574244804e-05,0.49008317338451696,4,2022-02-06 09:30:00-05:00,2022-05-06 09:30:00-04:00
half_life_60,bottom_10pct,0.17550002360009045,5,1563,3.0101818226856406e-05,0.0,0.49776071657069737,4,2022-02-06 09:30:00-05:00,2022-05-06 09:30:00-04:00
half_life_60,bottom_10pct,0.17550002360009045,10,1563,6.298210585063991e-05,-1.791793585381729e-05,0.491362763915547,4,2022-02-06 09:30:00-05:00,2022-05-06 09:30:00-04:00
half_life_60,bottom_10pct,0.17550002360009045,20,1563,8.28896538702238e-05,0.0,0.4996801023672425,4,2022-02-06 09:30:00-05:00,2022-05-06 09:30:00-04:00
half_life_60,bottom_10pct,0.17550002360009045,30,1563,0.00027607495187384414,5.170363476558748e-05,0.509277031349968,4,2022-02-06 09:30:00-05:00,2022-05-06 09:30:00-04:00
half_life_60,bottom_10pct,0.17550002360009045,60,1563,0.0007447255340661035,0.00035162394744148173,0.527831094049904,4,2022-02-06 09:30:00-05:00,2022-05-06 09:30:00-04:00
half_life_60,top_10pct,0.4562065612801277,1,1563,-5.8769895766555545e-06,0.0,0.4964811260396673,4,2022-02-06 09:30:00-05:00,2022-05-06 09:30:00-04:00
half_life_60,top_10pct,0.4562065612801277,3,1563,-3.7275886350076415e-05,0.0,0.49584133077415227,4,2022-02-06 09:30:00-05:00,2022-05-06 09:30:00-04:00
half_life_60,top_10pct,0.4562065612801277,5,1563,-2.3975263185633585e-05,1.712299446920973e-05,0.5035188739603327,4,2022-02-06 09:30:00-05:00,2022-05-06 09:30:00-04:00
half_life_60,top_10pct,0.4562065612801277,10,1563,-0.00010161317471987158,-1.708437975156407e-05,0.4926423544465771,4,2022-02-06 09:30:00-05:00,2022-05-06 09:30:00-04:00
half_life_60,top_10pct,0.4562065612801277,20,1563,-0.00040139410525425763,-0.00017424031223867154,0.46833013435700577,4,2022-02-06 09:30:00-05:00,2022-05-06 09:30:00-04:00
half_life_60,top_10pct,0.4562065612801277,30,1563,-0.0005057677993801782,-0.0002924278391303048,0.4619321817018554,4,2022-02-06 09:30:00-05:00,2022-05-06 09:30:00-04:00
half_life_60,top_10pct,0.4562065612801277,60,1563,-0.000829502775627829,-0.0007234099259456617,0.44977607165706973,4,2022-02-06 09:30:00-05:00,2022-05-06 09:30:00-04:00
normalized_ou_residual_30,bottom_10pct,-1.7525246878413865,1,2811,-8.56220693873301e-06,-1.6686133822774174e-05,0.4887940234791889,4,2022-02-06 09:30:00-05:00,2022-05-06 09:30:00-04:00
normalized_ou_residual_30,bottom_10pct,-1.7525246878413865,3,2811,-9.744752011239572e-06,-3.5077257659943406e-05,0.48310209889718964,4,2022-02-06 09:30:00-05:00,2022-05-06 09:30:00-04:00
normalized_ou_residual_30,bottom_10pct,-1.7525246878413865,5,2811,1.4574328982983345e-06,-1.8756447528800457e-05,0.4891497687655639,4,2022-02-06 09:30:00-05:00,2022-05-06 09:30:00-04:00
normalized_ou_residual_30,bottom_10pct,-1.7525246878413865,10,2811,2.164269881035798e-06,-5.064573309698783e-05,0.4863038064745642,4,2022-02-06 09:30:00-05:00,2022-05-06 09:30:00-04:00
normalized_ou_residual_30,bottom_10pct,-1.7525246878413865,20,2811,-9.406728357507234e-05,-0.00028295046598403317,0.46282461757381715,4,2022-02-06 09:30:00-05:00,2022-05-06 09:30:00-04:00
normalized_ou_residual_30,bottom_10pct,-1.7525246878413865,30,2811,-0.00022634481155760322,-0.00023736055067646866,0.46922803272856634,4,2022-02-06 09:30:00-05:00,2022-05-06 09:30:00-04:00
normalized_ou_residual_30,bottom_10pct,-1.7525246878413865,60,2811,5.799012070564596e-05,-0.00030505889331411407,0.47491995731056563,4,2022-02-06 09:30:00-05:00,2022-05-06 09:30:00-04:00
normalized_ou_residual_30,top_10pct,1.7283626277477633,1,2811,1.5047871011978755e-05,0.0,0.48523657061543934,4,2022-02-06 09:30:00-05:00,2022-05-06 09:30:00-04:00
normalized_ou_residual_30,top_10pct,1.7283626277477633,3,2811,-4.561668671329964e-05,0.0,0.4927072216293134,4,2022-02-06 09:30:00-05:00,2022-05-06 09:30:00-04:00
normalized_ou_residual_30,top_10pct,1.7283626277477633,5,2811,-0.0001011645873364881,-1.7192469698223967e-05,0.49235147634293847,4,2022-02-06 09:30:00-05:00,2022-05-06 09:30:00-04:00
normalized_ou_residual_30,top_10pct,1.7283626277477633,10,2811,-0.0002410059338056617,-0.00013469600794702163,0.46282461757381715,4,2022-02-06 09:30:00-05:00,2022-05-06 09:30:00-04:00
normalized_ou_residual_30,top_10pct,1.7283626277477633,20,2807,-0.00032470596060522124,-5.131801775604128e-05,0.4873530459565372,4,2022-02-06 09:30:00-05:00,2022-05-06 09:30:00-04:00
normalized_ou_residual_30,top_10pct,1.7283626277477633,30,2807,-0.00032551454365462333,0.0,0.4998218738867118,4,2022-02-06 09:30:00-05:00,2022-05-06 09:30:00-04:00
normalized_ou_residual_30,top_10pct,1.7283626277477633,60,2803,-0.00046537578365894917,-0.00028825193218873224,0.4741348555119515,4,2022-02-06 09:30:00-05:00,2022-05-06 09:30:00-04:00
realized_vol_30,bottom_10pct,0.0017576934699283227,1,2810,4.193424729503153e-06,0.0,0.4740213523131673,4,2022-02-06 09:30:00-05:00,2022-05-06 09:30:00-04:00
realized_vol_30,bottom_10pct,0.0017576934699283227,3,2810,3.386570736203615e-06,0.0,0.4925266903914591,4,2022-02-06 09:30:00-05:00,2022-05-06 09:30:00-04:00
realized_vol_30,bottom_10pct,0.0017576934699283227,5,2808,-1.6181569635265797e-06,1.658460598741307e-05,0.5039173789173789,4,2022-02-06 09:30:00-05:00,2022-05-06 09:30:00-04:00
realized_vol_30,bottom_10pct,0.0017576934699283227,10,2808,-1.5481362932672955e-05,0.0,0.4982193732193732,4,2022-02-06 09:30:00-05:00,2022-05-06 09:30:00-04:00
realized_vol_30,bottom_10pct,0.0017576934699283227,20,2808,-0.000131754016643709,0.0,0.4960826210826211,4,2022-02-06 09:30:00-05:00,2022-05-06 09:30:00-04:00
realized_vol_30,bottom_10pct,0.0017576934699283227,30,2808,-0.0003578989359146274,-3.4533404807191026e-05,0.4918091168091168,4,2022-02-06 09:30:00-05:00,2022-05-06 09:30:00-04:00
realized_vol_30,bottom_10pct,0.0017576934699283227,60,2808,-0.0007893399334197443,-0.0003172828232493874,0.4700854700854701,4,2022-02-06 09:30:00-05:00,2022-05-06 09:30:00-04:00
realized_vol_30,top_10pct,0.006547875336690989,1,2811,2.4916122422164515e-05,0.0,0.4983991462113127,4,2022-02-06 09:30:00-05:00,2022-05-06 09:30:00-04:00
realized_vol_30,top_10pct,0.006547875336690989,3,2811,6.430756878268761e-05,0.0,0.49804340092493776,4,2022-02-06 09:30:00-05:00,2022-05-06 09:30:00-04:00
realized_vol_30,top_10pct,0.006547875336690989,5,2811,0.000106929292856534,1.7532171534773155e-05,0.5008893632159374,4,2022-02-06 09:30:00-05:00,2022-05-06 09:30:00-04:00
realized_vol_30,top_10pct,0.006547875336690989,10,2811,0.00016333535718045277,-8.952551477170445e-05,0.49235147634293847,4,2022-02-06 09:30:00-05:00,2022-05-06 09:30:00-04:00
realized_vol_30,top_10pct,0.006547875336690989,20,2811,0.0003453763405021056,0.00015259021896696368,0.5090715048025614,4,2022-02-06 09:30:00-05:00,2022-05-06 09:30:00-04:00
realized_vol_30,top_10pct,0.006547875336690989,30,2811,0.0005057975379600153,0.0002203007104697452,0.5136961935254358,4,2022-02-06 09:30:00-05:00,2022-05-06 09:30:00-04:00
realized_vol_30,top_10pct,0.006547875336690989,60,2791,0.0011368563196305882,0.00038515608450317984,0.5145109279828018,4,2022-02-06 09:30:00-05:00,2022-05-06 09:30:00-04:00
realized_vol_60,bottom_10pct,0.002870069804108443,1,2811,-3.348738286481495e-06,0.0,0.4895055140519388,4,2022-02-06 09:30:00-05:00,2022-05-06 09:30:00-04:00
realized_vol_60,bottom_10pct,0.002870069804108443,3,2811,-1.4938336052778151e-05,0.0,0.4994663820704376,4,2022-02-06 09:30:00-05:00,2022-05-06 09:30:00-04:00
realized_vol_60,bottom_10pct,0.002870069804108443,5,2811,-3.0640101750425425e-05,1.6607985119154733e-05,0.504446816079687,4,2022-02-06 09:30:00-05:00,2022-05-06 09:30:00-04:00
realized_vol_60,bottom_10pct,0.002870069804108443,10,2811,-7.69403209689915e-05,1.8005365598927625e-05,0.5065812877979367,4,2022-02-06 09:30:00-05:00,2022-05-06 09:30:00-04:00
realized_vol_60,bottom_10pct,0.002870069804108443,20,2811,-0.0002121839320480805,0.00011589403973499834,0.5240128068303095,4,2022-02-06 09:30:00-05:00,2022-05-06 09:30:00-04:00
realized_vol_60,bottom_10pct,0.002870069804108443,30,2811,-0.00018496640583141692,0.00013352026169966003,0.5215225898256848,4,2022-02-06 09:30:00-05:00,2022-05-06 09:30:00-04:00
realized_vol_60,bottom_10pct,0.002870069804108443,60,2811,4.899073780676802e-05,0.00012129613585165622,0.5062255425115617,4,2022-02-06 09:30:00-05:00,2022-05-06 09:30:00-04:00
realized_vol_60,top_10pct,0.009721567629982284,1,2811,2.7646760448030615e-05,1.729445539755403e-05,0.5012451085023123,4,2022-02-06 09:30:00-05:00,2022-05-06 09:30:00-04:00
realized_vol_60,top_10pct,0.009721567629982284,3,2811,8.510336271210318e-05,0.0,0.4983991462113127,4,2022-02-06 09:30:00-05:00,2022-05-06 09:30:00-04:00
realized_vol_60,top_10pct,0.009721567629982284,5,2811,0.0001417727322392123,-1.782372337577609e-05,0.4969761650658129,4,2022-02-06 09:30:00-05:00,2022-05-06 09:30:00-04:00
realized_vol_60,top_10pct,0.009721567629982284,10,2811,0.0002629835577539292,-7.312213224142106e-05,0.49306296691568835,4,2022-02-06 09:30:00-05:00,2022-05-06 09:30:00-04:00
realized_vol_60,top_10pct,0.009721567629982284,20,2801,0.0005248266304610005,0.00035855821853170156,0.5255265976436987,4,2022-02-06 09:30:00-05:00,2022-05-06 09:30:00-04:00
realized_vol_60,top_10pct,0.009721567629982284,30,2791,0.0007412452864002888,0.0003874896208138079,0.5220351128627732,4,2022-02-06 09:30:00-05:00,2022-05-06 09:30:00-04:00
realized_vol_60,top_10pct,0.009721567629982284,60,2761,0.0007320621297904347,-0.00027750541135551643,0.4875045273451648,4,2022-02-06 09:30:00-05:00,2022-05-06 09:30:00-04:00
vol_ratio_5_30,bottom_10pct,0.18309185001578082,1,2811,-1.816738327218143e-06,0.0,0.47171824973319104,4,2022-02-06 09:30:00-05:00,2022-05-06 09:30:00-04:00
vol_ratio_5_30,bottom_10pct,0.18309185001578082,3,2811,-3.533400940740212e-05,-1.6955187439604558e-05,0.48096762717893987,4,2022-02-06 09:30:00-05:00,2022-05-06 09:30:00-04:00
vol_ratio_5_30,bottom_10pct,0.18309185001578082,5,2811,-6.608515677174382e-05,-3.3910949845727956e-05,0.4724297403059409,4,2022-02-06 09:30:00-05:00,2022-05-06 09:30:00-04:00
vol_ratio_5_30,bottom_10pct,0.18309185001578082,10,2811,-0.00014935757767802345,-5.084401057553478e-05,0.47491995731056563,4,2022-02-06 09:30:00-05:00,2022-05-06 09:30:00-04:00
vol_ratio_5_30,bottom_10pct,0.18309185001578082,20,2811,-0.0002934805706337554,-3.7560096153854694e-05,0.48665955176093917,4,2022-02-06 09:30:00-05:00,2022-05-06 09:30:00-04:00
vol_ratio_5_30,bottom_10pct,0.18309185001578082,30,2807,-0.00030599940118508244,-9.238728750926573e-05,0.47488421802636266,4,2022-02-06 09:30:00-05:00,2022-05-06 09:30:00-04:00
vol_ratio_5_30,bottom_10pct,0.18309185001578082,60,2792,-0.0008099147790438103,-0.0006706948991089812,0.45343839541547276,4,2022-02-06 09:30:00-05:00,2022-05-06 09:30:00-04:00
vol_ratio_5_30,top_10pct,0.5647072359045534,1,2811,-2.8124029441386934e-05,-3.434596692486469e-05,0.4702952685876912,4,2022-02-06 09:30:00-05:00,2022-05-06 09:30:00-04:00
vol_ratio_5_30,top_10pct,0.5647072359045534,3,2811,-9.601521536553025e-05,-0.0001009557140934092,0.45393098541444327,4,2022-02-06 09:30:00-05:00,2022-05-06 09:30:00-04:00
vol_ratio_5_30,top_10pct,0.5647072359045534,5,2811,-0.00014268827763017674,-0.0001357167784714619,0.45926716471006757,4,2022-02-06 09:30:00-05:00,2022-05-06 09:30:00-04:00
vol_ratio_5_30,top_10pct,0.5647072359045534,10,2811,-0.0002782854763302334,-0.00019112053972436538,0.45464247598719315,4,2022-02-06 09:30:00-05:00,2022-05-06 09:30:00-04:00
vol_ratio_5_30,top_10pct,0.5647072359045534,20,2811,-0.00037297434699795265,-0.0002831206978924916,0.4624688722874422,4,2022-02-06 09:30:00-05:00,2022-05-06 09:30:00-04:00
vol_ratio_5_30,top_10pct,0.5647072359045534,30,2811,-0.0004571560827220842,-0.0002081562559628214,0.47954464603344005,4,2022-02-06 09:30:00-05:00,2022-05-06 09:30:00-04:00
vol_ratio_5_30,top_10pct,0.5647072359045534,60,2811,-0.00026418146179629033,-0.00025290418303514084,0.48061188189256493,4,2022-02-06 09:30:00-05:00,2022-05-06 09:30:00-04:00
vol_ratio_5_60,bottom_10pct,0.10543519921713755,1,2811,1.2245246791886701e-05,0.0,0.4745642120241907,4,2022-02-06 09:30:00-05:00,2022-05-06 09:30:00-04:00
vol_ratio_5_60,bottom_10pct,0.10543519921713755,3,2811,4.5854269240277824e-05,0.0,0.4912842404838136,4,2022-02-06 09:30:00-05:00,2022-05-06 09:30:00-04:00
vol_ratio_5_60,bottom_10pct,0.10543519921713755,5,2811,6.220071439513892e-05,0.0,0.49413020277481323,4,2022-02-06 09:30:00-05:00,2022-05-06 09:30:00-04:00
vol_ratio_5_60,bottom_10pct,0.10543519921713755,10,2811,6.426176078327987e-05,0.0,0.4973319103521878,4,2022-02-06 09:30:00-05:00,2022-05-06 09:30:00-04:00
vol_ratio_5_60,bottom_10pct,0.10543519921713755,20,2801,0.00012535903306760694,6.779661016942384e-05,0.5208853980721171,4,2022-02-06 09:30:00-05:00,2022-05-06 09:30:00-04:00
vol_ratio_5_60,bottom_10pct,0.10543519921713755,30,2791,-9.546964421953556e-05,-3.2976636053394515e-05,0.48978860623432463,4,2022-02-06 09:30:00-05:00,2022-05-06 09:30:00-04:00
vol_ratio_5_60,bottom_10pct,0.10543519921713755,60,2776,-0.0010060558881216622,-0.001142244699746775,0.43371757925072046,4,2022-02-06 09:30:00-05:00,2022-05-06 09:30:00-04:00
vol_ratio_5_60,top_10pct,0.4004941376418349,1,2811,-1.4607522390897103e-05,-1.8104462750079264e-05,0.4834578441835646,4,2022-02-06 09:30:00-05:00,2022-05-06 09:30:00-04:00
vol_ratio_5_60,top_10pct,0.4004941376418349,3,2811,-6.1018868733655865e-05,-8.857082122870619e-05,0.4667378157239417,4,2022-02-06 09:30:00-05:00,2022-05-06 09:30:00-04:00
vol_ratio_5_60,top_10pct,0.4004941376418349,5,2811,-9.015557468046265e-05,-0.0001356093095791211,0.4667378157239417,4,2022-02-06 09:30:00-05:00,2022-05-06 09:30:00-04:00
vol_ratio_5_60,top_10pct,0.4004941376418349,10,2811,-0.00012473235150597156,-0.00011208668036610803,0.4759871931696905,4,2022-02-06 09:30:00-05:00,2022-05-06 09:30:00-04:00
vol_ratio_5_60,top_10pct,0.4004941376418349,20,2811,-0.00022561909218159592,-0.0003023727366511242,0.46816079686944145,4,2022-02-06 09:30:00-05:00,2022-05-06 09:30:00-04:00
vol_ratio_5_60,top_10pct,0.4004941376418349,30,2811,-0.00027404346064654035,-0.00011153660259510811,0.488082532906439,4,2022-02-06 09:30:00-05:00,2022-05-06 09:30:00-04:00
vol_ratio_5_60,top_10pct,0.4004941376418349,60,2811,0.00021734789371055904,5.464879044003723e-05,0.5030238349341871,4,2022-02-06 09:30:00-05:00,2022-05-06 09:30:00-04:00
vol_ratio_30_60,bottom_10pct,0.48349563054801437,1,2810,1.4162765040951434e-05,0.0,0.4900355871886121,4,2022-02-06 09:30:00-05:00,2022-05-06 09:30:00-04:00
vol_ratio_30_60,bottom_10pct,0.48349563054801437,3,2808,2.3880455410914805e-05,0.0,0.49537037037037035,4,2022-02-06 09:30:00-05:00,2022-05-06 09:30:00-04:00
vol_ratio_30_60,bottom_10pct,0.48349563054801437,5,2806,2.941426239189684e-05,0.0,0.48930862437633643,4,2022-02-06 09:30:00-05:00,2022-05-06 09:30:00-04:00
vol_ratio_30_60,bottom_10pct,0.48349563054801437,10,2801,6.654328851208983e-05,-1.668724760539586e-05,0.4869689396644056,4,2022-02-06 09:30:00-05:00,2022-05-06 09:30:00-04:00
vol_ratio_30_60,bottom_10pct,0.48349563054801437,20,2791,-5.564533322655446e-05,0.0,0.49587961304192046,4,2022-02-06 09:30:00-05:00,2022-05-06 09:30:00-04:00
vol_ratio_30_60,bottom_10pct,0.48349563054801437,30,2781,-0.00022589240139557506,-0.00014434440575217256,0.4811218985976268,4,2022-02-06 09:30:00-05:00,2022-05-06 09:30:00-04:00
vol_ratio_30_60,bottom_10pct,0.48349563054801437,60,2771,-0.0010425021386365103,-0.0013320259745065455,0.4345001804402743,4,2022-02-06 09:30:00-05:00,2022-05-06 09:30:00-04:00
vol_ratio_30_60,top_10pct,0.8513132703556295,1,2811,-3.321458232100773e-05,-1.913655848129192e-05,0.4863038064745642,4,2022-02-06 09:30:00-05:00,2022-05-06 09:30:00-04:00
vol_ratio_30_60,top_10pct,0.8513132703556295,3,2811,-6.56052327453514e-05,-5.6308419985717784e-05,0.48310209889718964,4,2022-02-06 09:30:00-05:00,2022-05-06 09:30:00-04:00
vol_ratio_30_60,top_10pct,0.8513132703556295,5,2811,-8.240239799083377e-05,-6.917423259833466e-05,0.4848808253290644,4,2022-02-06 09:30:00-05:00,2022-05-06 09:30:00-04:00
vol_ratio_30_60,top_10pct,0.8513132703556295,10,2811,-0.00012311938582785042,-0.0001927862876371922,0.4734969761650658,4,2022-02-06 09:30:00-05:00,2022-05-06 09:30:00-04:00
vol_ratio_30_60,top_10pct,0.8513132703556295,20,2811,-0.00020363508212957094,-0.00025914344453470406,0.47385272145144075,4,2022-02-06 09:30:00-05:00,2022-05-06 09:30:00-04:00
vol_ratio_30_60,top_10pct,0.8513132703556295,30,2811,-0.00014278573441120157,-9.482088335133199e-05,0.4902170046246887,4,2022-02-06 09:30:00-05:00,2022-05-06 09:30:00-04:00
vol_ratio_30_60,top_10pct,0.8513132703556295,60,2795,0.000617644668265011,0.00024236968301516448,0.5152057245080501,4,2022-02-06 09:30:00-05:00,2022-05-06 09:30:00-04:00
normalized_vwap_distance,bottom_10pct,-7.773420809309504,1,2898,3.725323657057188e-06,0.0,0.4917184265010352,5,2022-05-06 09:30:00-04:00,2022-08-06 09:30:00-04:00
normalized_vwap_distance,bottom_10pct,-7.773420809309504,3,2898,-1.557462609045782e-05,0.0,0.49240855762594893,5,2022-05-06 09:30:00-04:00,2022-08-06 09:30:00-04:00
normalized_vwap_distance,bottom_10pct,-7.773420809309504,5,2898,-5.668321773551677e-05,9.905109055297068e-06,0.5,5,2022-05-06 09:30:00-04:00,2022-08-06 09:30:00-04:00
normalized_vwap_distance,bottom_10pct,-7.773420809309504,10,2898,-0.00018839276259012484,4.03080795473576e-05,0.5041407867494824,5,2022-05-06 09:30:00-04:00,2022-08-06 09:30:00-04:00
normalized_vwap_distance,bottom_10pct,-7.773420809309504,20,2898,-0.0003965423092773392,-8.396130582921657e-05,0.47895100069013113,5,2022-05-06 09:30:00-04:00,2022-08-06 09:30:00-04:00
normalized_vwap_distance,bottom_10pct,-7.773420809309504,30,2898,-0.0005001608165821539,-0.0002644168986729034,0.46859903381642515,5,2022-05-06 09:30:00-04:00,2022-08-06 09:30:00-04:00
normalized_vwap_distance,bottom_10pct,-7.773420809309504,60,2898,-0.0008594384062980209,-0.0008985065630927602,0.4420289855072464,5,2022-05-06 09:30:00-04:00,2022-08-06 09:30:00-04:00
normalized_vwap_distance,top_10pct,11.569731662602154,1,2898,-2.049227219665266e-05,0.0,0.49861973775017254,5,2022-05-06 09:30:00-04:00,2022-08-06 09:30:00-04:00
normalized_vwap_distance,top_10pct,11.569731662602154,3,2896,-5.8719160260553185e-05,3.870513821835342e-05,0.5293508287292817,5,2022-05-06 09:30:00-04:00,2022-08-06 09:30:00-04:00
normalized_vwap_distance,top_10pct,11.569731662602154,5,2895,-9.475257768682709e-05,5.8914789575981175e-05,0.5298791018998273,5,2022-05-06 09:30:00-04:00,2022-08-06 09:30:00-04:00
normalized_vwap_distance,top_10pct,11.569731662602154,10,2895,-0.00021041581483472396,7.503845720924218e-05,0.5271157167530225,5,2022-05-06 09:30:00-04:00,2022-08-06 09:30:00-04:00
normalized_vwap_distance,top_10pct,11.569731662602154,20,2895,-0.00040313316531719306,0.00011294117647064894,0.5264248704663212,5,2022-05-06 09:30:00-04:00,2022-08-06 09:30:00-04:00
normalized_vwap_distance,top_10pct,11.569731662602154,30,2895,-0.0005629651025901598,0.00015414852210104968,0.5267702936096719,5,2022-05-06 09:30:00-04:00,2022-08-06 09:30:00-04:00
normalized_vwap_distance,top_10pct,11.569731662602154,60,2895,-0.0003382490537443179,0.0006730435846709071,0.572020725388601,5,2022-05-06 09:30:00-04:00,2022-08-06 09:30:00-04:00
half_life_30,bottom_10pct,0.17374162298478937,1,1228,2.2246609648641032e-05,4.015354443254182e-05,0.5203583061889251,5,2022-05-06 09:30:00-04:00,2022-08-06 09:30:00-04:00
half_life_30,bottom_10pct,0.17374162298478937,3,1228,0.00011611279987214862,6.563341973142567e-05,0.5325732899022801,5,2022-05-06 09:30:00-04:00,2022-08-06 09:30:00-04:00
half_life_30,bottom_10pct,0.17374162298478937,5,1228,0.0001389131860961745,9.51720253121735e-05,0.5350162866449512,5,2022-05-06 09:30:00-04:00,2022-08-06 09:30:00-04:00
half_life_30,bottom_10pct,0.17374162298478937,10,1228,0.00013052721015323953,0.00017634446240666346,0.5358306188925082,5,2022-05-06 09:30:00-04:00,2022-08-06 09:30:00-04:00
half_life_30,bottom_10pct,0.17374162298478937,20,1228,9.559690397703718e-05,0.00023502317334045397,0.5439739413680782,5,2022-05-06 09:30:00-04:00,2022-08-06 09:30:00-04:00
half_life_30,bottom_10pct,0.17374162298478937,30,1227,4.414464368050794e-05,0.00018760670131134916,0.5240423797881011,5,2022-05-06 09:30:00-04:00,2022-08-06 09:30:00-04:00
half_life_30,bottom_10pct,0.17374162298478937,60,1226,0.00010909787793839644,0.000452897884873682,0.5309951060358891,5,2022-05-06 09:30:00-04:00,2022-08-06 09:30:00-04:00
half_life_30,top_10pct,0.5310447311652214,1,1228,2.476490296383088e-05,0.0,0.495928338762215,5,2022-05-06 09:30:00-04:00,2022-08-06 09:30:00-04:00
half_life_30,top_10pct,0.5310447311652214,3,1228,9.060213203386761e-05,4.022068170106419e-05,0.5195439739413681,5,2022-05-06 09:30:00-04:00,2022-08-06 09:30:00-04:00
half_life_30,top_10pct,0.5310447311652214,5,1228,0.00016379708023262564,7.708837665632018e-05,0.5252442996742671,5,2022-05-06 09:30:00-04:00,2022-08-06 09:30:00-04:00
half_life_30,top_10pct,0.5310447311652214,10,1228,0.00031063630586073326,0.00017097088965012386,0.5447882736156352,5,2022-05-06 09:30:00-04:00,2022-08-06 09:30:00-04:00
half_life_30,top_10pct,0.5310447311652214,20,1228,0.0005053802890943503,0.00042921926870775895,0.5773615635179153,5,2022-05-06 09:30:00-04:00,2022-08-06 09:30:00-04:00
half_life_30,top_10pct,0.5310447311652214,30,1228,0.0002582288533261667,0.00017303555071535026,0.5366449511400652,5,2022-05-06 09:30:00-04:00,2022-08-06 09:30:00-04:00
half_life_30,top_10pct,0.5310447311652214,60,1228,0.0005818307911737787,0.0014086021930426185,0.5912052117263844,5,2022-05-06 09:30:00-04:00,2022-08-06 09:30:00-04:00
half_life_60,bottom_10pct,0.1643298482684402,1,1349,-4.0663312679428356e-05,-1.9859789883391876e-05,0.48183839881393625,5,2022-05-06 09:30:00-04:00,2022-08-06 09:30:00-04:00
half_life_60,bottom_10pct,0.1643298482684402,3,1349,-0.00010528067912878092,-5.658989304513362e-05,0.46849518161601184,5,2022-05-06 09:30:00-04:00,2022-08-06 09:30:00-04:00
half_life_60,bottom_10pct,0.1643298482684402,5,1349,-0.00011910840959670909,-0.00011387360030368221,0.45663454410674575,5,2022-05-06 09:30:00-04:00,2022-08-06 09:30:00-04:00
half_life_60,bottom_10pct,0.1643298482684402,10,1349,-0.00012827713111007515,-6.0808756460972724e-05,0.4714603409933284,5,2022-05-06 09:30:00-04:00,2022-08-06 09:30:00-04:00
half_life_60,bottom_10pct,0.1643298482684402,20,1349,-5.108797563871522e-05,6.498570314539265e-05,0.5122312824314307,5,2022-05-06 09:30:00-04:00,2022-08-06 09:30:00-04:00
half_life_60,bottom_10pct,0.1643298482684402,30,1349,3.0333018004702586e-05,0.00025242432529082315,0.5240919199406968,5,2022-05-06 09:30:00-04:00,2022-08-06 09:30:00-04:00
half_life_60,bottom_10pct,0.1643298482684402,60,1347,0.00013638744147014087,0.0006538019574433562,0.5441722345953972,5,2022-05-06 09:30:00-04:00,2022-08-06 09:30:00-04:00
half_life_60,top_10pct,0.44554299366193484,1,1349,-9.741158921832635e-06,1.9398265795000924e-05,0.502594514455152,5,2022-05-06 09:30:00-04:00,2022-08-06 09:30:00-04:00
half_life_60,top_10pct,0.44554299366193484,3,1349,5.107727840719893e-05,2.0270407232514387e-05,0.5040770941438102,5,2022-05-06 09:30:00-04:00,2022-08-06 09:30:00-04:00
half_life_60,top_10pct,0.44554299366193484,5,1349,0.00012376620661296814,8.661008141341853e-05,0.530763528539659,5,2022-05-06 09:30:00-04:00,2022-08-06 09:30:00-04:00
half_life_60,top_10pct,0.44554299366193484,10,1349,0.00041021274881489634,0.0003107133979616261,0.5670867309117865,5,2022-05-06 09:30:00-04:00,2022-08-06 09:30:00-04:00
half_life_60,top_10pct,0.44554299366193484,20,1348,0.0007412541446951454,0.0004365237013714829,0.5615727002967359,5,2022-05-06 09:30:00-04:00,2022-08-06 09:30:00-04:00
half_life_60,top_10pct,0.44554299366193484,30,1348,0.000855237241310428,0.00040390228085840363,0.5452522255192879,5,2022-05-06 09:30:00-04:00,2022-08-06 09:30:00-04:00
half_life_60,top_10pct,0.44554299366193484,60,1348,0.0005154031607508108,0.0005375057799652527,0.5333827893175074,5,2022-05-06 09:30:00-04:00,2022-08-06 09:30:00-04:00
normalized_ou_residual_30,bottom_10pct,-1.7025800532856654,1,2898,-2.6136319708718672e-05,2.028089033312419e-05,0.5044858523119393,5,2022-05-06 09:30:00-04:00,2022-08-06 09:30:00-04:00
normalized_ou_residual_30,bottom_10pct,-1.7025800532856654,3,2898,-2.5026203712402667e-05,2.0335377519331566e-05,0.5027605244996549,5,2022-05-06 09:30:00-04:00,2022-08-06 09:30:00-04:00
normalized_ou_residual_30,bottom_10pct,-1.7025800532856654,5,2898,5.481006019756424e-06,0.0,0.4979296066252588,5,2022-05-06 09:30:00-04:00,2022-08-06 09:30:00-04:00
normalized_ou_residual_30,bottom_10pct,-1.7025800532856654,10,2898,9.159553071519871e-05,4.149416188048427e-05,0.5058661145617668,5,2022-05-06 09:30:00-04:00,2022-08-06 09:30:00-04:00
normalized_ou_residual_30,bottom_10pct,-1.7025800532856654,20,2898,5.51308086072229e-05,-6.018277193287069e-05,0.48826777087646656,5,2022-05-06 09:30:00-04:00,2022-08-06 09:30:00-04:00
normalized_ou_residual_30,bottom_10pct,-1.7025800532856654,30,2898,0.00011100901895856013,-2.0774783784482942e-05,0.49654934437543136,5,2022-05-06 09:30:00-04:00,2022-08-06 09:30:00-04:00
normalized_ou_residual_30,bottom_10pct,-1.7025800532856654,60,2898,0.000563708102514184,0.00048780096695655306,0.5324361628709455,5,2022-05-06 09:30:00-04:00,2022-08-06 09:30:00-04:00
normalized_ou_residual_30,top_10pct,1.7490983678290393,1,2898,2.54669313835499e-05,0.0,0.48757763975155277,5,2022-05-06 09:30:00-04:00,2022-08-06 09:30:00-04:00
normalized_ou_residual_30,top_10pct,1.7490983678290393,3,2898,1.0180531489077767e-05,3.93116570917007e-05,0.5113871635610766,5,2022-05-06 09:30:00-04:00,2022-08-06 09:30:00-04:00
normalized_ou_residual_30,top_10pct,1.7490983678290393,5,2898,-5.208704995283922e-05,0.0,0.49585921325051757,5,2022-05-06 09:30:00-04:00,2022-08-06 09:30:00-04:00
normalized_ou_residual_30,top_10pct,1.7490983678290393,10,2898,-2.125466572889766e-05,6.150723236464373e-05,0.5169082125603864,5,2022-05-06 09:30:00-04:00,2022-08-06 09:30:00-04:00
normalized_ou_residual_30,top_10pct,1.7490983678290393,20,2898,-6.845466570314104e-05,8.577264919473748e-05,0.510351966873706,5,2022-05-06 09:30:00-04:00,2022-08-06 09:30:00-04:00
normalized_ou_residual_30,top_10pct,1.7490983678290393,30,2898,-0.00011253289741377903,0.00012086847655545796,0.5124223602484472,5,2022-05-06 09:30:00-04:00,2022-08-06 09:30:00-04:00
normalized_ou_residual_30,top_10pct,1.7490983678290393,60,2898,-0.0002166287869830647,0.0002875952666151482,0.5289855072463768,5,2022-05-06 09:30:00-04:00,2022-08-06 09:30:00-04:00
realized_vol_30,bottom_10pct,0.0017228711136037707,1,2897,-1.6300796835429196e-05,0.0,0.4894718674490853,5,2022-05-06 09:30:00-04:00,2022-08-06 09:30:00-04:00
realized_vol_30,bottom_10pct,0.0017228711136037707,3,2895,-6.109229816198809e-05,2.16356555604591e-05,0.5291882556131261,5,2022-05-06 09:30:00-04:00,2022-08-06 09:30:00-04:00
realized_vol_30,bottom_10pct,0.0017228711136037707,5,2893,-0.00011655632755210362,2.16468958351701e-05,0.5212582094711372,5,2022-05-06 09:30:00-04:00,2022-08-06 09:30:00-04:00
realized_vol_30,bottom_10pct,0.0017228711136037707,10,2888,-0.0002873021186618957,4.070186583038371e-05,0.518005540166205,5,2022-05-06 09:30:00-04:00,2022-08-06 09:30:00-04:00
realized_vol_30,bottom_10pct,0.0017228711136037707,20,2878,-0.0005816400608013621,4.2002692914655526e-05,0.5107713690062543,5,2022-05-06 09:30:00-04:00,2022-08-06 09:30:00-04:00
realized_vol_30,bottom_10pct,0.0017228711136037707,30,2868,-0.0006297494929973618,8.542827126045704e-05,0.5149930264993027,5,2022-05-06 09:30:00-04:00,2022-08-06 09:30:00-04:00
realized_vol_30,bottom_10pct,0.0017228711136037707,60,2857,-0.0007448565361640605,0.00046684393204365904,0.543927196359818,5,2022-05-06 09:30:00-04:00,2022-08-06 09:30:00-04:00
realized_vol_30,top_10pct,0.007098656175835044,1,2898,2.0019800637170263e-05,-4.2380652554352416e-05,0.47929606625258797,5,2022-05-06 09:30:00-04:00,2022-08-06 09:30:00-04:00
realized_vol_30,top_10pct,0.007098656175835044,3,2898,5.452617183553008e-05,2.013472280038009e-05,0.5010351966873706,5,2022-05-06 09:30:00-04:00,2022-08-06 09:30:00-04:00
realized_vol_30,top_10pct,0.007098656175835044,5,2898,0.00010479918676804588,2.032161301657176e-05,0.5010351966873706,5,2022-05-06 09:30:00-04:00,2022-08-06 09:30:00-04:00
realized_vol_30,top_10pct,0.007098656175835044,10,2898,0.00022945687468767549,-5.0415444332707615e-05,0.4968944099378882,5,2022-05-06 09:30:00-04:00,2022-08-06 09:30:00-04:00
realized_vol_30,top_10pct,0.007098656175835044,20,2898,0.00041706013179956515,0.0005644745998908407,0.538647342995169,5,2022-05-06 09:30:00-04:00,2022-08-06 09:30:00-04:00
realized_vol_30,top_10pct,0.007098656175835044,30,2898,0.0007256548997078197,0.0007920526283732299,0.5527950310559007,5,2022-05-06 09:30:00-04:00,2022-08-06 09:30:00-04:00
realized_vol_30,top_10pct,0.007098656175835044,60,2898,0.0011624044955148535,0.0018147095888695342,0.577639751552795,5,2022-05-06 09:30:00-04:00,2022-08-06 09:30:00-04:00
realized_vol_60,bottom_10pct,0.0028656091751108593,1,2897,-4.434607361890135e-05,0.0,0.4905074214704867,5,2022-05-06 09:30:00-04:00,2022-08-06 09:30:00-04:00
realized_vol_60,bottom_10pct,0.0028656091751108593,3,2895,-0.00013818277154741194,2.16356555604591e-05,0.5184801381692573,5,2022-05-06 09:30:00-04:00,2022-08-06 09:30:00-04:00
realized_vol_60,bottom_10pct,0.0028656091751108593,5,2893,-0.00022883068251433264,2.041607970437731e-05,0.5077773937089527,5,2022-05-06 09:30:00-04:00,2022-08-06 09:30:00-04:00
realized_vol_60,bottom_10pct,0.0028656091751108593,10,2888,-0.000358946043190367,2.0613674181602093e-05,0.5072714681440443,5,2022-05-06 09:30:00-04:00,2022-08-06 09:30:00-04:00
realized_vol_60,bottom_10pct,0.0028656091751108593,20,2878,-0.0005514821775386247,3.930280759723015e-05,0.5069492703266157,5,2022-05-06 09:30:00-04:00,2022-08-06 09:30:00-04:00
realized_vol_60,bottom_10pct,0.0028656091751108593,30,2868,-0.0006101085495988966,0.00011564036196454186,0.5226638772663877,5,2022-05-06 09:30:00-04:00,2022-08-06 09:30:00-04:00
realized_vol_60,bottom_10pct,0.0028656091751108593,60,2865,-0.0005643161337195919,0.0006348265865374625,0.5661431064572425,5,2022-05-06 09:30:00-04:00,2022-08-06 09:30:00-04:00
realized_vol_60,top_10pct,0.010675467200613019,1,2898,8.900142974723748e-06,-4.2090211898826446e-05,0.48171152518978605,5,2022-05-06 09:30:00-04:00,2022-08-06 09:30:00-04:00
realized_vol_60,top_10pct,0.010675467200613019,3,2898,3.4567865491755436e-05,2.053132012369563e-05,0.5034506556245687,5,2022-05-06 09:30:00-04:00,2022-08-06 09:30:00-04:00
realized_vol_60,top_10pct,0.010675467200613019,5,2898,8.943676657439091e-05,3.047619278451208e-05,0.5041407867494824,5,2022-05-06 09:30:00-04:00,2022-08-06 09:30:00-04:00
realized_vol_60,top_10pct,0.010675467200613019,10,2898,0.0002687748859513504,5.095344805017277e-05,0.5044858523119393,5,2022-05-06 09:30:00-04:00,2022-08-06 09:30:00-04:00
realized_vol_60,top_10pct,0.010675467200613019,20,2898,0.0005126051176446429,0.0007829696739422021,0.546583850931677,5,2022-05-06 09:30:00-04:00,2022-08-06 09:30:00-04:00
realized_vol_60,top_10pct,0.010675467200613019,30,2898,0.0007104112785022509,0.000921983295753992,0.5548654244306418,5,2022-05-06 09:30:00-04:00,2022-08-06 09:30:00-04:00
realized_vol_60,top_10pct,0.010675467200613019,60,2898,0.0008035162528331042,0.0009688152497393521,0.5414078674948241,5,2022-05-06 09:30:00-04:00,2022-08-06 09:30:00-04:00
vol_ratio_5_30,bottom_10pct,0.19289912632188252,1,2898,9.132039505721094e-06,0.0,0.4937888198757764,5,2022-05-06 09:30:00-04:00,2022-08-06 09:30:00-04:00
vol_ratio_5_30,bottom_10pct,0.19289912632188252,3,2896,1.6906641971149125e-06,1.9106751328212823e-05,0.50103591160221,5,2022-05-06 09:30:00-04:00,2022-08-06 09:30:00-04:00
vol_ratio_5_30,bottom_10pct,0.19289912632188252,5,2894,-3.1730220728311953e-05,2.1645961985616857e-05,0.5148583275742916,5,2022-05-06 09:30:00-04:00,2022-08-06 09:30:00-04:00
vol_ratio_5_30,bottom_10pct,0.19289912632188252,10,2894,3.1509842675558814e-05,8.321267830380119e-05,0.5279889426399447,5,2022-05-06 09:30:00-04:00,2022-08-06 09:30:00-04:00
vol_ratio_5_30,bottom_10pct,0.19289912632188252,20,2894,0.00010563668369921479,0.00018795748640354493,0.5483759502418798,5,2022-05-06 09:30:00-04:00,2022-08-06 09:30:00-04:00
vol_ratio_5_30,bottom_10pct,0.19289912632188252,30,2893,0.00015614373067063676,0.00025054445236771805,0.55858969927411,5,2022-05-06 09:30:00-04:00,2022-08-06 09:30:00-04:00
vol_ratio_5_30,bottom_10pct,0.19289912632188252,60,2881,-0.00020819903111188244,0.0004873913964822396,0.5241235682054842,5,2022-05-06 09:30:00-04:00,2022-08-06 09:30:00-04:00
vol_ratio_5_30,top_10pct,0.5523742127871744,1,2898,1.755597714225475e-06,0.0,0.489648033126294,5,2022-05-06 09:30:00-04:00,2022-08-06 09:30:00-04:00
vol_ratio_5_30,top_10pct,0.5523742127871744,3,2898,-3.103466160872872e-05,2.1409616326240055e-05,0.5069013112491373,5,2022-05-06 09:30:00-04:00,2022-08-06 09:30:00-04:00
vol_ratio_5_30,top_10pct,0.5523742127871744,5,2898,-7.408675043659364e-07,3.0001800279899626e-05,0.5065562456866805,5,2022-05-06 09:30:00-04:00,2022-08-06 09:30:00-04:00
vol_ratio_5_30,top_10pct,0.5523742127871744,10,2898,0.00013121226506157047,0.00012516038793475293,0.5227743271221532,5,2022-05-06 09:30:00-04:00,2022-08-06 09:30:00-04:00
vol_ratio_5_30,top_10pct,0.5523742127871744,20,2898,0.00023305256808755693,0.00020206717828596954,0.525879917184265,5,2022-05-06 09:30:00-04:00,2022-08-06 09:30:00-04:00
vol_ratio_5_30,top_10pct,0.5523742127871744,30,2896,0.0001054854059848195,0.0002574015289881215,0.5300414364640884,5,2022-05-06 09:30:00-04:00,2022-08-06 09:30:00-04:00
vol_ratio_5_30,top_10pct,0.5523742127871744,60,2896,0.00028147539903642695,0.0006731024708270805,0.549378453038674,5,2022-05-06 09:30:00-04:00,2022-08-06 09:30:00-04:00
vol_ratio_5_60,bottom_10pct,0.10845872788857636,1,2898,-5.41505935222307e-06,0.0,0.484472049689441,5,2022-05-06 09:30:00-04:00,2022-08-06 09:30:00-04:00
vol_ratio_5_60,bottom_10pct,0.10845872788857636,3,2896,-1.5754991525337087e-05,0.0,0.4955110497237569,5,2022-05-06 09:30:00-04:00,2022-08-06 09:30:00-04:00
vol_ratio_5_60,bottom_10pct,0.10845872788857636,5,2894,-8.098299957284686e-06,2.028315302182726e-05,0.5089841050449205,5,2022-05-06 09:30:00-04:00,2022-08-06 09:30:00-04:00
vol_ratio_5_60,bottom_10pct,0.10845872788857636,10,2889,-3.836935804708854e-05,6.402185279252848e-05,0.5299411561093804,5,2022-05-06 09:30:00-04:00,2022-08-06 09:30:00-04:00
vol_ratio_5_60,bottom_10pct,0.10845872788857636,20,2886,-0.0001991602520300781,8.746110444246558e-05,0.5263340263340264,5,2022-05-06 09:30:00-04:00,2022-08-06 09:30:00-04:00
vol_ratio_5_60,bottom_10pct,0.10845872788857636,30,2880,-0.0003729193106799723,8.114907835787832e-05,0.5138888888888888,5,2022-05-06 09:30:00-04:00,2022-08-06 09:30:00-04:00
vol_ratio_5_60,bottom_10pct,0.10845872788857636,60,2864,-0.0010371603493442463,-0.00026462665512955175,0.48498603351955305,5,2022-05-06 09:30:00-04:00,2022-08-06 09:30:00-04:00
vol_ratio_5_60,top_10pct,0.39169594967905447,1,2898,2.8509221626544857e-06,0.0,0.4893029675638371,5,2022-05-06 09:30:00-04:00,2022-08-06 09:30:00-04:00
vol_ratio_5_60,top_10pct,0.39169594967905447,3,2898,3.257186059319113e-05,4.0657439159597075e-05,0.5100069013112492,5,2022-05-06 09:30:00-04:00,2022-08-06 09:30:00-04:00
vol_ratio_5_60,top_10pct,0.39169594967905447,5,2898,6.370880965880422e-05,3.8842209516887216e-05,0.5041407867494824,5,2022-05-06 09:30:00-04:00,2022-08-06 09:30:00-04:00
vol_ratio_5_60,top_10pct,0.39169594967905447,10,2898,0.00023611344533029066,0.00015904701111513209,0.5238095238095238,5,2022-05-06 09:30:00-04:00,2022-08-06 09:30:00-04:00
vol_ratio_5_60,top_10pct,0.39169594967905447,20,2898,0.0002779491128834099,0.0002525705542586465,0.5320910973084886,5,2022-05-06 09:30:00-04:00,2022-08-06 09:30:00-04:00
vol_ratio_5_60,top_10pct,0.39169594967905447,30,2898,0.00016656929497578234,0.00021444913610635385,0.5227743271221532,5,2022-05-06 09:30:00-04:00,2022-08-06 09:30:00-04:00
vol_ratio_5_60,top_10pct,0.39169594967905447,60,2898,0.0004770585786024502,0.0005578275683378875,0.5455486542443064,5,2022-05-06 09:30:00-04:00,2022-08-06 09:30:00-04:00
vol_ratio_30_60,bottom_10pct,0.4719051190134088,1,2898,8.1960926813599e-06,0.0,0.48826777087646656,5,2022-05-06 09:30:00-04:00,2022-08-06 09:30:00-04:00
vol_ratio_30_60,bottom_10pct,0.4719051190134088,3,2896,1.0689049882859965e-05,2.9913588899033172e-05,0.5262430939226519,5,2022-05-06 09:30:00-04:00,2022-08-06 09:30:00-04:00
vol_ratio_30_60,bottom_10pct,0.4719051190134088,5,2894,-3.5808069791296783e-06,5.779122035942663e-05,0.5411195577055978,5,2022-05-06 09:30:00-04:00,2022-08-06 09:30:00-04:00
vol_ratio_30_60,bottom_10pct,0.4719051190134088,10,2889,-6.324784112015696e-05,8.780209407999173e-05,0.5441329179646937,5,2022-05-06 09:30:00-04:00,2022-08-06 09:30:00-04:00
vol_ratio_30_60,bottom_10pct,0.4719051190134088,20,2879,-0.000222552385908196,0.00014706500273131695,0.5373393539423411,5,2022-05-06 09:30:00-04:00,2022-08-06 09:30:00-04:00
vol_ratio_30_60,bottom_10pct,0.4719051190134088,30,2869,-0.0004752692142610273,0.0001647209010233741,0.5169048448936912,5,2022-05-06 09:30:00-04:00,2022-08-06 09:30:00-04:00
vol_ratio_30_60,bottom_10pct,0.4719051190134088,60,2861,-0.0011620887624259975,-0.00013918991469641373,0.49248514505417684,5,2022-05-06 09:30:00-04:00,2022-08-06 09:30:00-04:00
vol_ratio_30_60,top_10pct,0.8382909575379013,1,2898,5.762808120237801e-07,-2.1637059966439498e-05,0.4803312629399586,5,2022-05-06 09:30:00-04:00,2022-08-06 09:30:00-04:00
vol_ratio_30_60,top_10pct,0.8382909575379013,3,2898,1.4944750949882926e-05,0.0,0.49585921325051757,5,2022-05-06 09:30:00-04:00,2022-08-06 09:30:00-04:00
vol_ratio_30_60,top_10pct,0.8382909575379013,5,2898,3.4038297894308195e-05,4.076418891718614e-05,0.5062111801242236,5,2022-05-06 09:30:00-04:00,2022-08-06 09:30:00-04:00
vol_ratio_30_60,top_10pct,0.8382909575379013,10,2898,9.757474733248664e-05,4.132985242533138e-05,0.5055210489993098,5,2022-05-06 09:30:00-04:00,2022-08-06 09:30:00-04:00
vol_ratio_30_60,top_10pct,0.8382909575379013,20,2898,0.00026897933956477563,0.00022710045665375045,0.5217391304347826,5,2022-05-06 09:30:00-04:00,2022-08-06 09:30:00-04:00
vol_ratio_30_60,top_10pct,0.8382909575379013,30,2898,0.0004232469034049419,0.00030004798105831565,0.5293305728088337,5,2022-05-06 09:30:00-04:00,2022-08-06 09:30:00-04:00
vol_ratio_30_60,top_10pct,0.8382909575379013,60,2898,0.0013772691781304036,0.0015569188343136364,0.5800552104899931,5,2022-05-06 09:30:00-04:00,2022-08-06 09:30:00-04:00
normalized_vwap_distance,bottom_10pct,-9.703208391827022,1,2901,7.1883607049126046e-06,0.0,0.48948638400551536,6,2022-08-06 09:30:00-04:00,2022-11-06 09:30:00-05:00
normalized_vwap_distance,bottom_10pct,-9.703208391827022,3,2901,1.0759547173541302e-05,0.0,0.4984488107549121,6,2022-08-06 09:30:00-04:00,2022-11-06 09:30:00-05:00
normalized_vwap_distance,bottom_10pct,-9.703208391827022,5,2901,4.876237222314424e-06,1.984678283650787e-05,0.504308859014133,6,2022-08-06 09:30:00-04:00,2022-11-06 09:30:00-05:00
normalized_vwap_distance,bottom_10pct,-9.703208391827022,10,2901,2.1053621552251615e-06,3.8680978628802265e-05,0.5125818683212685,6,2022-08-06 09:30:00-04:00,2022-11-06 09:30:00-05:00
normalized_vwap_distance,bottom_10pct,-9.703208391827022,20,2901,-2.8142702526761695e-05,1.951143370004793e-05,0.5015511892450879,6,2022-08-06 09:30:00-04:00,2022-11-06 09:30:00-05:00
normalized_vwap_distance,bottom_10pct,-9.703208391827022,30,2901,-0.00012394806987439926,-1.9365208466459727e-05,0.49431230610134436,6,2022-08-06 09:30:00-04:00,2022-11-06 09:30:00-05:00
normalized_vwap_distance,bottom_10pct,-9.703208391827022,60,2901,0.00010316173131366804,-0.00016021147915246114,0.48500517063081694,6,2022-08-06 09:30:00-04:00,2022-11-06 09:30:00-05:00
normalized_vwap_distance,top_10pct,10.217675025938355,1,2900,-1.2351141814731322e-06,0.0,0.49517241379310345,6,2022-08-06 09:30:00-04:00,2022-11-06 09:30:00-05:00
normalized_vwap_distance,top_10pct,10.217675025938355,3,2898,-5.513493838795645e-06,2.040753856391575e-05,0.5110420979986198,6,2022-08-06 09:30:00-04:00,2022-11-06 09:30:00-05:00
normalized_vwap_distance,top_10pct,10.217675025938355,5,2896,-5.3622658775884085e-06,3.687322131573634e-05,0.5196823204419889,6,2022-08-06 09:30:00-04:00,2022-11-06 09:30:00-05:00
normalized_vwap_distance,top_10pct,10.217675025938355,10,2891,1.4101019357106486e-05,9.135924281467034e-05,0.5399515738498789,6,2022-08-06 09:30:00-04:00,2022-11-06 09:30:00-05:00
normalized_vwap_distance,top_10pct,10.217675025938355,20,2881,1.2572167334985799e-05,0.00020251523927172776,0.5567511280805276,6,2022-08-06 09:30:00-04:00,2022-11-06 09:30:00-05:00
normalized_vwap_distance,top_10pct,10.217675025938355,30,2871,-4.056381332308592e-06,0.0003686092373473837,0.5680947405085336,6,2022-08-06 09:30:00-04:00,2022-11-06 09:30:00-05:00
normalized_vwap_distance,top_10pct,10.217675025938355,60,2866,-0.0005028513332587699,0.00034262931626138915,0.5212840195394278,6,2022-08-06 09:30:00-04:00,2022-11-06 09:30:00-05:00
half_life_30,bottom_10pct,0.1791517951352519,1,1249,-1.575768187383039e-05,0.0,0.4875900720576461,6,2022-08-06 09:30:00-04:00,2022-11-06 09:30:00-05:00
half_life_30,bottom_10pct,0.1791517951352519,3,1249,-4.974666146003732e-05,-4.5479352373978266e-05,0.4699759807846277,6,2022-08-06 09:30:00-04:00,2022-11-06 09:30:00-05:00
half_life_30,bottom_10pct,0.1791517951352519,5,1249,-7.216126503921853e-05,0.0,0.49959967974379504,6,2022-08-06 09:30:00-04:00,2022-11-06 09:30:00-05:00
half_life_30,bottom_10pct,0.1791517951352519,10,1249,-6.295666667282869e-05,-1.9868470723771736e-05,0.49399519615692555,6,2022-08-06 09:30:00-04:00,2022-11-06 09:30:00-05:00
half_life_30,bottom_10pct,0.1791517951352519,20,1249,-0.00014595805653729298,-1.8770530267442354e-05,0.4955964771817454,6,2022-08-06 09:30:00-04:00,2022-11-06 09:30:00-05:00
half_life_30,bottom_10pct,0.1791517951352519,30,1249,-0.0002579092913206328,0.00010823447917562845,0.5156124899919936,6,2022-08-06 09:30:00-04:00,2022-11-06 09:30:00-05:00
half_life_30,bottom_10pct,0.1791517951352519,60,1249,-0.0006207462558239028,-0.00020729207453307197,0.477982385908727,6,2022-08-06 09:30:00-04:00,2022-11-06 09:30:00-05:00
half_life_30,top_10pct,0.5473115364346344,1,1249,1.0968922767922655e-06,2.2573872999309685e-05,0.5148118494795837,6,2022-08-06 09:30:00-04:00,2022-11-06 09:30:00-05:00
half_life_30,top_10pct,0.5473115364346344,3,1249,-3.761207289460269e-05,4.514672686228849e-05,0.522017614091273,6,2022-08-06 09:30:00-04:00,2022-11-06 09:30:00-05:00
half_life_30,top_10pct,0.5473115364346344,5,1249,-5.062050552805752e-05,7.50243829243935e-05,0.5300240192153723,6,2022-08-06 09:30:00-04:00,2022-11-06 09:30:00-05:00
half_life_30,top_10pct,0.5473115364346344,10,1249,-5.766647025677866e-05,8.637443316783511e-05,0.5284227381905524,6,2022-08-06 09:30:00-04:00,2022-11-06 09:30:00-05:00
half_life_30,top_10pct,0.5473115364346344,20,1249,-0.0004290192686121509,-2.2363860002205804e-05,0.49479583666933546,6,2022-08-06 09:30:00-04:00,2022-11-06 09:30:00-05:00
half_life_30,top_10pct,0.5473115364346344,30,1249,-0.0007887392168516798,2.2979525243105314e-05,0.5028022417934348,6,2022-08-06 09:30:00-04:00,2022-11-06 09:30:00-05:00
half_life_30,top_10pct,0.5473115364346344,60,1245,-0.0008519365125434841,4.295809437904197e-05,0.5036144578313253,6,2022-08-06 09:30:00-04:00,2022-11-06 09:30:00-05:00
half_life_60,bottom_10pct,0.16628741714181788,1,1298,1.800653595757994e-05,-2.057107247138701e-05,0.4768875192604006,6,2022-08-06 09:30:00-04:00,2022-11-06 09:30:00-05:00
half_life_60,bottom_10pct,0.16628741714181788,3,1298,3.0100103509539698e-05,0.0,0.49614791987673346,6,2022-08-06 09:30:00-04:00,2022-11-06 09:30:00-05:00
half_life_60,bottom_10pct,0.16628741714181788,5,1298,2.3696944770119984e-05,-9.358564021955118e-06,0.4899845916795069,6,2022-08-06 09:30:00-04:00,2022-11-06 09:30:00-05:00
half_life_60,bottom_10pct,0.16628741714181788,10,1298,6.956895516533562e-06,2.2895358190777593e-05,0.5061633281972265,6,2022-08-06 09:30:00-04:00,2022-11-06 09:30:00-05:00
half_life_60,bottom_10pct,0.16628741714181788,20,1298,-3.0407393312443533e-06,-9.359001956849022e-05,0.4830508474576271,6,2022-08-06 09:30:00-04:00,2022-11-06 09:30:00-05:00
half_life_60,bottom_10pct,0.16628741714181788,30,1298,-2.6742216790102125e-05,0.0,0.4984591679506934,6,2022-08-06 09:30:00-04:00,2022-11-06 09:30:00-05:00
half_life_60,bottom_10pct,0.16628741714181788,60,1298,-3.0659516202026246e-05,7.733877809612544e-05,0.5077041602465331,6,2022-08-06 09:30:00-04:00,2022-11-06 09:30:00-05:00
half_life_60,top_10pct,0.46306925566109025,1,1298,-2.4932525241163887e-05,0.0,0.48536209553158705,6,2022-08-06 09:30:00-04:00,2022-11-06 09:30:00-05:00
half_life_60,top_10pct,0.46306925566109025,3,1297,-5.3477910759309925e-05,0.0,0.4919043947571318,6,2022-08-06 09:30:00-04:00,2022-11-06 09:30:00-05:00
half_life_60,top_10pct,0.46306925566109025,5,1297,-2.856772852999542e-05,1.9141686765422605e-05,0.5019275250578258,6,2022-08-06 09:30:00-04:00,2022-11-06 09:30:00-05:00
half_life_60,top_10pct,0.46306925566109025,10,1297,6.411482600695e-06,4.456923831175352e-05,0.5134926754047803,6,2022-08-06 09:30:00-04:00,2022-11-06 09:30:00-05:00
half_life_60,top_10pct,0.46306925566109025,20,1292,3.989754011739426e-05,-6.467202100657321e-05,0.49226006191950467,6,2022-08-06 09:30:00-04:00,2022-11-06 09:30:00-05:00
half_life_60,top_10pct,0.46306925566109025,30,1292,4.903549616804953e-05,-5.4808687178609095e-05,0.49458204334365324,6,2022-08-06 09:30:00-04:00,2022-11-06 09:30:00-05:00
half_life_60,top_10pct,0.46306925566109025,60,1292,0.0003405654323392742,0.00017949704755704232,0.5131578947368421,6,2022-08-06 09:30:00-04:00,2022-11-06 09:30:00-05:00
normalized_ou_residual_30,bottom_10pct,-1.7410377902999368,1,2901,-6.208302228402079e-06,0.0,0.49396759738021373,6,2022-08-06 09:30:00-04:00,2022-11-06 09:30:00-05:00
normalized_ou_residual_30,bottom_10pct,-1.7410377902999368,3,2899,7.546914659468331e-06,0.0,0.49844774060020697,6,2022-08-06 09:30:00-04:00,2022-11-06 09:30:00-05:00
normalized_ou_residual_30,bottom_10pct,-1.7410377902999368,5,2897,3.4742755265014845e-06,-1.8331805682891833e-05,0.4925785295132896,6,2022-08-06 09:30:00-04:00,2022-11-06 09:30:00-05:00
normalized_ou_residual_30,bottom_10pct,-1.7410377902999368,10,2895,-9.46375870491635e-05,-2.0928821079513327e-05,0.4936096718480138,6,2022-08-06 09:30:00-04:00,2022-11-06 09:30:00-05:00
normalized_ou_residual_30,bottom_10pct,-1.7410377902999368,20,2894,-0.0002557088850363871,-4.0852565036220145e-05,0.4906703524533518,6,2022-08-06 09:30:00-04:00,2022-11-06 09:30:00-05:00
normalized_ou_residual_30,bottom_10pct,-1.7410377902999368,30,2894,-0.00043543971339871394,0.0,0.49930891499654456,6,2022-08-06 09:30:00-04:00,2022-11-06 09:30:00-05:00
normalized_ou_residual_30,bottom_10pct,-1.7410377902999368,60,2894,-0.0006640514382383547,-0.00028836924165098754,0.4730476848652384,6,2022-08-06 09:30:00-04:00,2022-11-06 09:30:00-05:00
normalized_ou_residual_30,top_10pct,1.7092259617864491,1,2901,-4.42260812413771e-05,-1.8942981625302835e-05,0.48017924853498795,6,2022-08-06 09:30:00-04:00,2022-11-06 09:30:00-05:00
normalized_ou_residual_30,top_10pct,1.7092259617864491,3,2901,-0.00012137440602821178,-3.970380958051578e-05,0.4677697345742847,6,2022-08-06 09:30:00-04:00,2022-11-06 09:30:00-05:00
normalized_ou_residual_30,top_10pct,1.7092259617864491,5,2901,-0.00020290888210160797,-6.241677762985898e-05,0.4705274043433299,6,2022-08-06 09:30:00-04:00,2022-11-06 09:30:00-05:00
normalized_ou_residual_30,top_10pct,1.7092259617864491,10,2901,-0.00022559194160660785,-6.597466572833e-05,0.47397449155463633,6,2022-08-06 09:30:00-04:00,2022-11-06 09:30:00-05:00
normalized_ou_residual_30,top_10pct,1.7092259617864491,20,2901,-0.00010003332234670343,2.307497057940644e-05,0.5049982764563944,6,2022-08-06 09:30:00-04:00,2022-11-06 09:30:00-05:00
normalized_ou_residual_30,top_10pct,1.7092259617864491,30,2901,-0.0002775621660294479,-3.657109420718285e-05,0.49500172354360567,6,2022-08-06 09:30:00-04:00,2022-11-06 09:30:00-05:00
normalized_ou_residual_30,top_10pct,1.7092259617864491,60,2897,-0.00065473003196756,-0.00016298922233770607,0.48187780462547464,6,2022-08-06 09:30:00-04:00,2022-11-06 09:30:00-05:00
realized_vol_30,bottom_10pct,0.0015835440716882197,1,2900,-3.7802873749532684e-06,0.0,0.49344827586206896,6,2022-08-06 09:30:00-04:00,2022-11-06 09:30:00-05:00
realized_vol_30,bottom_10pct,0.0015835440716882197,3,2898,-1.9660758964167777e-05,1.9129437943687932e-05,0.5120772946859904,6,2022-08-06 09:30:00-04:00,2022-11-06 09:30:00-05:00
realized_vol_30,bottom_10pct,0.0015835440716882197,5,2896,-4.2167560877909985e-05,3.6931715730381676e-05,0.5272790055248618,6,2022-08-06 09:30:00-04:00,2022-11-06 09:30:00-05:00
realized_vol_30,bottom_10pct,0.0015835440716882197,10,2891,-0.00011170163796632615,6.123823715520338e-05,0.5399515738498789,6,2022-08-06 09:30:00-04:00,2022-11-06 09:30:00-05:00
realized_vol_30,bottom_10pct,0.0015835440716882197,20,2881,-0.00020812322641990678,0.00020285347217519067,0.5574453314821243,6,2022-08-06 09:30:00-04:00,2022-11-06 09:30:00-05:00
realized_vol_30,bottom_10pct,0.0015835440716882197,30,2877,-0.0003463984605542373,0.00022663589912652604,0.5481404240528328,6,2022-08-06 09:30:00-04:00,2022-11-06 09:30:00-05:00
realized_vol_30,bottom_10pct,0.0015835440716882197,60,2877,-0.0009863708269206492,-9.664823906907483e-05,0.4904414320472715,6,2022-08-06 09:30:00-04:00,2022-11-06 09:30:00-05:00
realized_vol_30,top_10pct,0.00594435472116911,1,2901,-1.963763456072282e-05,-6.937699458864355e-05,0.47466390899689764,6,2022-08-06 09:30:00-04:00,2022-11-06 09:30:00-05:00
realized_vol_30,top_10pct,0.00594435472116911,3,2901,-4.471734507684374e-05,-0.00011061946902657382,0.47121682178559116,6,2022-08-06 09:30:00-04:00,2022-11-06 09:30:00-05:00
realized_vol_30,top_10pct,0.00594435472116911,5,2901,-5.1972748804274056e-05,-9.096904778149728e-05,0.4822475008617718,6,2022-08-06 09:30:00-04:00,2022-11-06 09:30:00-05:00
realized_vol_30,top_10pct,0.00594435472116911,10,2901,-8.653120192781849e-05,-2.2941567826784137e-05,0.494657014822475,6,2022-08-06 09:30:00-04:00,2022-11-06 09:30:00-05:00
realized_vol_30,top_10pct,0.00594435472116911,20,2901,-2.1444834964972814e-06,2.1161781821987802e-05,0.500517063081696,6,2022-08-06 09:30:00-04:00,2022-11-06 09:30:00-05:00
realized_vol_30,top_10pct,0.00594435472116911,30,2901,7.632300750238635e-05,0.0001316511245199603,0.5070665287831783,6,2022-08-06 09:30:00-04:00,2022-11-06 09:30:00-05:00
realized_vol_30,top_10pct,0.00594435472116911,60,2901,8.488869033463457e-05,0.00033760259954007665,0.5091347811099621,6,2022-08-06 09:30:00-04:00,2022-11-06 09:30:00-05:00
realized_vol_60,bottom_10pct,0.0026625327592643853,1,2900,-1.287678384639926e-06,1.8236547470129594e-05,0.5003448275862069,6,2022-08-06 09:30:00-04:00,2022-11-06 09:30:00-05:00
realized_vol_60,bottom_10pct,0.0026625327592643853,3,2900,-5.481853487401343e-06,1.8673090860787944e-05,0.5082758620689655,6,2022-08-06 09:30:00-04:00,2022-11-06 09:30:00-05:00
realized_vol_60,bottom_10pct,0.0026625327592643853,5,2900,-1.855090444993913e-05,2.0884457747283314e-05,0.513448275862069,6,2022-08-06 09:30:00-04:00,2022-11-06 09:30:00-05:00
realized_vol_60,bottom_10pct,0.0026625327592643853,10,2900,-0.00017586961812205383,3.865257280610823e-05,0.5220689655172414,6,2022-08-06 09:30:00-04:00,2022-11-06 09:30:00-05:00
realized_vol_60,bottom_10pct,0.0026625327592643853,20,2900,-0.0005094575839963592,0.0001105328953939777,0.526896551724138,6,2022-08-06 09:30:00-04:00,2022-11-06 09:30:00-05:00
realized_vol_60,bottom_10pct,0.0026625327592643853,30,2900,-0.0007393653378714367,7.692477451903823e-05,0.5141379310344828,6,2022-08-06 09:30:00-04:00,2022-11-06 09:30:00-05:00
realized_vol_60,bottom_10pct,0.0026625327592643853,60,2900,-0.00045429418472441117,0.0003555257440256421,0.5310344827586206,6,2022-08-06 09:30:00-04:00,2022-11-06 09:30:00-05:00
realized_vol_60,top_10pct,0.009293477898191856,1,2901,-2.8412135063280227e-05,-5.547029565666772e-05,0.47707687004481214,6,2022-08-06 09:30:00-04:00,2022-11-06 09:30:00-05:00
realized_vol_60,top_10pct,0.009293477898191856,3,2901,-8.55843811216357e-05,-0.00011006427753812442,0.4725956566701138,6,2022-08-06 09:30:00-04:00,2022-11-06 09:30:00-05:00
realized_vol_60,top_10pct,0.009293477898191856,5,2901,-0.00013141385350892406,-0.00012895460797801572,0.4788004136504654,6,2022-08-06 09:30:00-04:00,2022-11-06 09:30:00-05:00
realized_vol_60,top_10pct,0.009293477898191856,10,2901,-0.00022776090982081545,-0.0001771479185119773,0.473285074112375,6,2022-08-06 09:30:00-04:00,2022-11-06 09:30:00-05:00
realized_vol_60,top_10pct,0.009293477898191856,20,2901,-0.0002877830699414502,-0.000311651306709404,0.4725956566701138,6,2022-08-06 09:30:00-04:00,2022-11-06 09:30:00-05:00
realized_vol_60,top_10pct,0.009293477898191856,30,2901,-0.00031389689572198316,-0.0004046632623566637,0.47638745260255083,6,2022-08-06 09:30:00-04:00,2022-11-06 09:30:00-05:00
realized_vol_60,top_10pct,0.009293477898191856,60,2901,-0.0004381314591985497,-0.0004051316677919914,0.4846604619096863,6,2022-08-06 09:30:00-04:00,2022-11-06 09:30:00-05:00
vol_ratio_5_30,bottom_10pct,0.18835323627952288,1,2901,2.1040131732126602e-06,0.0,0.4874181316787315,6,2022-08-06 09:30:00-04:00,2022-11-06 09:30:00-05:00
vol_ratio_5_30,bottom_10pct,0.18835323627952288,3,2901,-2.052540393166443e-05,0.0,0.48328162702516375,6,2022-08-06 09:30:00-04:00,2022-11-06 09:30:00-05:00
vol_ratio_5_30,bottom_10pct,0.18835323627952288,5,2901,-3.8361538369422665e-05,0.0,0.4877628403998621,6,2022-08-06 09:30:00-04:00,2022-11-06 09:30:00-05:00
vol_ratio_5_30,bottom_10pct,0.18835323627952288,10,2901,-2.540832552940228e-05,3.728630287658241e-05,0.5129265770423992,6,2022-08-06 09:30:00-04:00,2022-11-06 09:30:00-05:00
vol_ratio_5_30,bottom_10pct,0.18835323627952288,20,2901,1.7603275449690913e-05,6.608511763150915e-05,0.5143054119269217,6,2022-08-06 09:30:00-04:00,2022-11-06 09:30:00-05:00
vol_ratio_5_30,bottom_10pct,0.18835323627952288,30,2894,1.022290876319718e-05,6.992355085955193e-05,0.5172771250863857,6,2022-08-06 09:30:00-04:00,2022-11-06 09:30:00-05:00
vol_ratio_5_30,bottom_10pct,0.18835323627952288,60,2879,-0.0007500563406383729,-0.00026603409670344913,0.4789857589440778,6,2022-08-06 09:30:00-04:00,2022-11-06 09:30:00-05:00
vol_ratio_5_30,top_10pct,0.5519571788784546,1,2901,-2.290552312438058e-05,-1.933712340951299e-05,0.4836263357462944,6,2022-08-06 09:30:00-04:00,2022-11-06 09:30:00-05:00
vol_ratio_5_30,top_10pct,0.5519571788784546,3,2901,-6.513567395062105e-05,-4.382601073738002e-05,0.4722509479489831,6,2022-08-06 09:30:00-04:00,2022-11-06 09:30:00-05:00
vol_ratio_5_30,top_10pct,0.5519571788784546,5,2901,-8.703863279725184e-05,-6.736879926338979e-05,0.473285074112375,6,2022-08-06 09:30:00-04:00,2022-11-06 09:30:00-05:00
vol_ratio_5_30,top_10pct,0.5519571788784546,10,2901,-3.7317180847912426e-05,-2.032768223769743e-05,0.49362288865908305,6,2022-08-06 09:30:00-04:00,2022-11-06 09:30:00-05:00
vol_ratio_5_30,top_10pct,0.5519571788784546,20,2901,-0.00020606690933265906,0.0,0.49706997587038954,6,2022-08-06 09:30:00-04:00,2022-11-06 09:30:00-05:00
vol_ratio_5_30,top_10pct,0.5519571788784546,30,2901,-0.00037302749716526995,-5.601717860148625e-05,0.49155463633229923,6,2022-08-06 09:30:00-04:00,2022-11-06 09:30:00-05:00
vol_ratio_5_30,top_10pct,0.5519571788784546,60,2901,-0.0005885116579408331,-0.00018515851626310642,0.4815580834195105,6,2022-08-06 09:30:00-04:00,2022-11-06 09:30:00-05:00
vol_ratio_5_60,bottom_10pct,0.10671114059715547,1,2901,5.466579392531203e-06,0.0,0.48638400551533956,6,2022-08-06 09:30:00-04:00,2022-11-06 09:30:00-05:00
vol_ratio_5_60,bottom_10pct,0.10671114059715547,3,2901,-2.186079781533553e-05,0.0,0.4991382281971734,6,2022-08-06 09:30:00-04:00,2022-11-06 09:30:00-05:00
vol_ratio_5_60,bottom_10pct,0.10671114059715547,5,2901,-3.117867012545152e-05,0.0,0.4963805584281282,6,2022-08-06 09:30:00-04:00,2022-11-06 09:30:00-05:00
vol_ratio_5_60,bottom_10pct,0.10671114059715547,10,2901,-6.658913700397077e-05,3.6932395250488526e-05,0.5143054119269217,6,2022-08-06 09:30:00-04:00,2022-11-06 09:30:00-05:00
vol_ratio_5_60,bottom_10pct,0.10671114059715547,20,2895,-0.00022860038526070938,1.9852693017741174e-05,0.5032815198618308,6,2022-08-06 09:30:00-04:00,2022-11-06 09:30:00-05:00
vol_ratio_5_60,bottom_10pct,0.10671114059715547,30,2886,-0.0003965537032500455,2.21075999966569e-05,0.5058905058905059,6,2022-08-06 09:30:00-04:00,2022-11-06 09:30:00-05:00
vol_ratio_5_60,bottom_10pct,0.10671114059715547,60,2876,-0.0013867665215252284,-0.0013277470688731197,0.4381084840055633,6,2022-08-06 09:30:00-04:00,2022-11-06 09:30:00-05:00
vol_ratio_5_60,top_10pct,0.3905073917555802,1,2901,-2.6988622712234506e-05,-1.9402782359012605e-05,0.4846604619096863,6,2022-08-06 09:30:00-04:00,2022-11-06 09:30:00-05:00
vol_ratio_5_60,top_10pct,0.3905073917555802,3,2901,-7.793277014606886e-05,-6.74870087508106e-05,0.463633229920717,6,2022-08-06 09:30:00-04:00,2022-11-06 09:30:00-05:00
vol_ratio_5_60,top_10pct,0.3905073917555802,5,2901,-7.745317557436075e-05,-8.228928799192126e-05,0.47500861771802827,6,2022-08-06 09:30:00-04:00,2022-11-06 09:30:00-05:00
vol_ratio_5_60,top_10pct,0.3905073917555802,10,2901,-8.426265912586221e-05,-2.1956789039156988e-05,0.49362288865908305,6,2022-08-06 09:30:00-04:00,2022-11-06 09:30:00-05:00
vol_ratio_5_60,top_10pct,0.3905073917555802,20,2901,-0.00015229632949809264,5.714938850154283e-05,0.505342985177525,6,2022-08-06 09:30:00-04:00,2022-11-06 09:30:00-05:00
vol_ratio_5_60,top_10pct,0.3905073917555802,30,2901,-0.0002631425449628826,2.2490104354178087e-05,0.5018958979662186,6,2022-08-06 09:30:00-04:00,2022-11-06 09:30:00-05:00
vol_ratio_5_60,top_10pct,0.3905073917555802,60,2901,-0.0005973396647727393,-0.00017861750054581904,0.4853498793519476,6,2022-08-06 09:30:00-04:00,2022-11-06 09:30:00-05:00
vol_ratio_30_60,bottom_10pct,0.4726070483755353,1,2900,-4.1567192471827115e-05,0.0,0.47344827586206895,6,2022-08-06 09:30:00-04:00,2022-11-06 09:30:00-05:00
vol_ratio_30_60,bottom_10pct,0.4726070483755353,3,2898,-7.063751099760773e-05,0.0,0.49309868875086266,6,2022-08-06 09:30:00-04:00,2022-11-06 09:30:00-05:00
vol_ratio_30_60,bottom_10pct,0.4726070483755353,5,2896,-9.950594901656664e-05,9.136925972597076e-06,0.5,6,2022-08-06 09:30:00-04:00,2022-11-06 09:30:00-05:00
vol_ratio_30_60,bottom_10pct,0.4726070483755353,10,2891,-0.00023317106329216546,2.1953896816695462e-05,0.5070909719820131,6,2022-08-06 09:30:00-04:00,2022-11-06 09:30:00-05:00
vol_ratio_30_60,bottom_10pct,0.4726070483755353,20,2881,-0.0004774502651055363,4.188481675382327e-05,0.5064213814647692,6,2022-08-06 09:30:00-04:00,2022-11-06 09:30:00-05:00
vol_ratio_30_60,bottom_10pct,0.4726070483755353,30,2871,-0.000752856283789025,4.122691292884895e-05,0.5040055729710902,6,2022-08-06 09:30:00-04:00,2022-11-06 09:30:00-05:00
vol_ratio_30_60,bottom_10pct,0.4726070483755353,60,2870,-0.001363036251712525,-0.0012411274333584132,0.445993031358885,6,2022-08-06 09:30:00-04:00,2022-11-06 09:30:00-05:00
vol_ratio_30_60,top_10pct,0.8367361216761295,1,2901,-4.524771066412249e-05,-6.651737212037823e-05,0.4736297828335057,6,2022-08-06 09:30:00-04:00,2022-11-06 09:30:00-05:00
vol_ratio_30_60,top_10pct,0.8367361216761295,3,2901,-0.0001055400991981263,-9.603011504411008e-05,0.46949327817993797,6,2022-08-06 09:30:00-04:00,2022-11-06 09:30:00-05:00
vol_ratio_30_60,top_10pct,0.8367361216761295,5,2901,-0.00012588699902398463,-0.0001236119409134817,0.4705274043433299,6,2022-08-06 09:30:00-04:00,2022-11-06 09:30:00-05:00
vol_ratio_30_60,top_10pct,0.8367361216761295,10,2901,-0.00018514060767005976,-0.00015769672666654522,0.47742157876594277,6,2022-08-06 09:30:00-04:00,2022-11-06 09:30:00-05:00
vol_ratio_30_60,top_10pct,0.8367361216761295,20,2901,-0.0002093893958076075,2.1161781821987802e-05,0.5015511892450879,6,2022-08-06 09:30:00-04:00,2022-11-06 09:30:00-05:00
vol_ratio_30_60,top_10pct,0.8367361216761295,30,2901,-0.00036469234637823134,0.0,0.49948293691830403,6,2022-08-06 09:30:00-04:00,2022-11-06 09:30:00-05:00
vol_ratio_30_60,top_10pct,0.8367361216761295,60,2901,-0.0007433431364792468,0.0,0.4991382281971734,6,2022-08-06 09:30:00-04:00,2022-11-06 09:30:00-05:00
normalized_vwap_distance,bottom_10pct,-8.540705047608524,1,2764,2.783261452086588e-05,0.0,0.4793777134587554,7,2022-11-06 09:30:00-05:00,2023-02-06 09:30:00-05:00
normalized_vwap_distance,bottom_10pct,-8.540705047608524,3,2762,8.668906528999853e-05,3.140642274890304e-05,0.5217233888486604,7,2022-11-06 09:30:00-05:00,2023-02-06 09:30:00-05:00
normalized_vwap_distance,bottom_10pct,-8.540705047608524,5,2760,0.00016434891326155002,4.362297475724031e-05,0.527536231884058,7,2022-11-06 09:30:00-05:00,2023-02-06 09:30:00-05:00
normalized_vwap_distance,bottom_10pct,-8.540705047608524,10,2755,0.000327100511937529,8.945343948485451e-05,0.5295825771324864,7,2022-11-06 09:30:00-05:00,2023-02-06 09:30:00-05:00
normalized_vwap_distance,bottom_10pct,-8.540705047608524,20,2745,0.0005128303880912133,0.00017259606049502274,0.5460837887067396,7,2022-11-06 09:30:00-05:00,2023-02-06 09:30:00-05:00
normalized_vwap_distance,bottom_10pct,-8.540705047608524,30,2735,0.0007372327566486373,0.00019819641264495758,0.5341864716636198,7,2022-11-06 09:30:00-05:00,2023-02-06 09:30:00-05:00
normalized_vwap_distance,bottom_10pct,-8.540705047608524,60,2706,0.0016407008063842174,0.0005272665559338252,0.5480413895048042,7,2022-11-06 09:30:00-05:00,2023-02-06 09:30:00-05:00
normalized_vwap_distance,top_10pct,11.818501516260662,1,2765,1.5133565631793267e-05,0.0,0.49403254972875227,7,2022-11-06 09:30:00-05:00,2023-02-06 09:30:00-05:00
normalized_vwap_distance,top_10pct,11.818501516260662,3,2765,3.7978867163663834e-05,2.1115756577483324e-05,0.5074141048824593,7,2022-11-06 09:30:00-05:00,2023-02-06 09:30:00-05:00
normalized_vwap_distance,top_10pct,11.818501516260662,5,2765,5.181851007540584e-05,4.3081164914804404e-05,0.5265822784810127,7,2022-11-06 09:30:00-05:00,2023-02-06 09:30:00-05:00
normalized_vwap_distance,top_10pct,11.818501516260662,10,2765,8.075331773613667e-05,9.051412020277816e-05,0.5399638336347197,7,2022-11-06 09:30:00-05:00,2023-02-06 09:30:00-05:00
normalized_vwap_distance,top_10pct,11.818501516260662,20,2765,0.00019889330497630661,0.0002316862546862808,0.5605786618444847,7,2022-11-06 09:30:00-05:00,2023-02-06 09:30:00-05:00
normalized_vwap_distance,top_10pct,11.818501516260662,30,2765,0.0005131560416740793,0.0004734950390632431,0.58625678119349,7,2022-11-06 09:30:00-05:00,2023-02-06 09:30:00-05:00
normalized_vwap_distance,top_10pct,11.818501516260662,60,2765,0.001408911722665607,0.0010723170627091605,0.5942133815551537,7,2022-11-06 09:30:00-05:00,2023-02-06 09:30:00-05:00
half_life_30,bottom_10pct,0.1777281183923767,1,1163,-5.4714701909820785e-05,-2.0445716622408128e-05,0.46775580395528804,7,2022-11-06 09:30:00-05:00,2023-02-06 09:30:00-05:00
half_life_30,bottom_10pct,0.1777281183923767,3,1163,-9.293536179507677e-05,2.073097414845293e-05,0.5012897678417885,7,2022-11-06 09:30:00-05:00,2023-02-06 09:30:00-05:00
half_life_30,bottom_10pct,0.1777281183923767,5,1163,-0.0001246742716652327,2.2677793904302135e-05,0.5090283748925194,7,2022-11-06 09:30:00-05:00,2023-02-06 09:30:00-05:00
half_life_30,bottom_10pct,0.1777281183923767,10,1163,-7.948625475288447e-05,2.203322610494496e-05,0.5055889939810834,7,2022-11-06 09:30:00-05:00,2023-02-06 09:30:00-05:00
half_life_30,bottom_10pct,0.1777281183923767,20,1162,-9.371797454388711e-05,0.0001280696559423644,0.5266781411359724,7,2022-11-06 09:30:00-05:00,2023-02-06 09:30:00-05:00
half_life_30,bottom_10pct,0.1777281183923767,30,1162,-0.00014732429523549176,7.163624367700905e-05,0.5060240963855421,7,2022-11-06 09:30:00-05:00,2023-02-06 09:30:00-05:00
half_life_30,bottom_10pct,0.1777281183923767,60,1162,0.00011922516716388734,0.0001581787642986887,0.5146299483648882,7,2022-11-06 09:30:00-05:00,2023-02-06 09:30:00-05:00
half_life_30,top_10pct,0.5149007742864393,1,1163,5.865118661284483e-06,-2.1512778590526693e-05,0.46775580395528804,7,2022-11-06 09:30:00-05:00,2023-02-06 09:30:00-05:00
half_life_30,top_10pct,0.5149007742864393,3,1163,5.1954175828047154e-05,-4.222527182518032e-05,0.470335339638865,7,2022-11-06 09:30:00-05:00,2023-02-06 09:30:00-05:00
half_life_30,top_10pct,0.5149007742864393,5,1163,9.49575650436868e-05,-2.1148355715316924e-05,0.4832330180567498,7,2022-11-06 09:30:00-05:00,2023-02-06 09:30:00-05:00
half_life_30,top_10pct,0.5149007742864393,10,1163,0.00019329619057766023,4.277983358647042e-05,0.5107480653482374,7,2022-11-06 09:30:00-05:00,2023-02-06 09:30:00-05:00
half_life_30,top_10pct,0.5149007742864393,20,1163,0.00011288215339807667,0.0,0.49785038693035255,7,2022-11-06 09:30:00-05:00,2023-02-06 09:30:00-05:00
half_life_30,top_10pct,0.5149007742864393,30,1163,-0.00011441844915725639,-0.00010677372512168937,0.4763542562338779,7,2022-11-06 09:30:00-05:00,2023-02-06 09:30:00-05:00
half_life_30,top_10pct,0.5149007742864393,60,1161,0.000386163613893616,8.281402041365737e-05,0.5012919896640827,7,2022-11-06 09:30:00-05:00,2023-02-06 09:30:00-05:00
half_life_60,bottom_10pct,0.16868043561019805,1,1240,-5.0073827082578e-06,0.0,0.4830645161290323,7,2022-11-06 09:30:00-05:00,2023-02-06 09:30:00-05:00
half_life_60,bottom_10pct,0.16868043561019805,3,1240,-3.495226797113974e-05,-2.100498526724781e-05,0.4806451612903226,7,2022-11-06 09:30:00-05:00,2023-02-06 09:30:00-05:00
half_life_60,bottom_10pct,0.16868043561019805,5,1240,-2.9137441269133557e-05,-2.2639332824647695e-05,0.4806451612903226,7,2022-11-06 09:30:00-05:00,2023-02-06 09:30:00-05:00
half_life_60,bottom_10pct,0.16868043561019805,10,1240,-9.402346075894387e-05,-9.141916975863307e-05,0.47258064516129034,7,2022-11-06 09:30:00-05:00,2023-02-06 09:30:00-05:00
half_life_60,bottom_10pct,0.16868043561019805,20,1240,-2.014307712483991e-06,2.2404097824835212e-05,0.5032258064516129,7,2022-11-06 09:30:00-05:00,2023-02-06 09:30:00-05:00
half_life_60,bottom_10pct,0.16868043561019805,30,1240,3.965388311496733e-05,-1.0748989594966396e-05,0.4959677419354839,7,2022-11-06 09:30:00-05:00,2023-02-06 09:30:00-05:00
half_life_60,bottom_10pct,0.16868043561019805,60,1240,0.00027762023107043537,0.0003518048880887248,0.5370967741935484,7,2022-11-06 09:30:00-05:00,2023-02-06 09:30:00-05:00
half_life_60,top_10pct,0.42561072194316485,1,1240,-4.2554665146273746e-05,-2.1341816047459883e-05,0.4653225806451613,7,2022-11-06 09:30:00-05:00,2023-02-06 09:30:00-05:00
half_life_60,top_10pct,0.42561072194316485,3,1240,-0.00011168422003880418,-4.348455567582121e-05,0.4637096774193548,7,2022-11-06 09:30:00-05:00,2023-02-06 09:30:00-05:00
half_life_60,top_10pct,0.42561072194316485,5,1240,-0.00015239542084303682,-4.340419092502268e-05,0.4612903225806452,7,2022-11-06 09:30:00-05:00,2023-02-06 09:30:00-05:00
half_life_60,top_10pct,0.42561072194316485,10,1236,-0.00024544291841089514,-0.00010022734331693872,0.46682847896440127,7,2022-11-06 09:30:00-05:00,2023-02-06 09:30:00-05:00
half_life_60,top_10pct,0.42561072194316485,20,1235,-0.0002610953903160121,-0.0002320077954619526,0.45668016194331984,7,2022-11-06 09:30:00-05:00,2023-02-06 09:30:00-05:00
half_life_60,top_10pct,0.42561072194316485,30,1235,-0.00034095542455318817,-0.0004408102091644217,0.43238866396761133,7,2022-11-06 09:30:00-05:00,2023-02-06 09:30:00-05:00
half_life_60,top_10pct,0.42561072194316485,60,1235,0.0001946252810409027,-0.00023197012224829283,0.4785425101214575,7,2022-11-06 09:30:00-05:00,2023-02-06 09:30:00-05:00
normalized_ou_residual_30,bottom_10pct,-1.6740372907849057,1,2765,-1.0306225220442086e-05,2.2241498187414166e-05,0.5095840867992767,7,2022-11-06 09:30:00-05:00,2023-02-06 09:30:00-05:00
normalized_ou_residual_30,bottom_10pct,-1.6740372907849057,3,2765,-1.1033885266804764e-05,4.201062868913752e-05,0.5106690777576853,7,2022-11-06 09:30:00-05:00,2023-02-06 09:30:00-05:00
normalized_ou_residual_30,bottom_10pct,-1.6740372907849057,5,2765,-1.7112257763754383e-05,6.301726673108021e-05,0.5236889692585895,7,2022-11-06 09:30:00-05:00,2023-02-06 09:30:00-05:00
normalized_ou_residual_30,bottom_10pct,-1.6740372907849057,10,2765,-3.980506350823754e-05,6.810288075187465e-05,0.5182640144665461,7,2022-11-06 09:30:00-05:00,2023-02-06 09:30:00-05:00
normalized_ou_residual_30,bottom_10pct,-1.6740372907849057,20,2765,2.3442447074468544e-05,0.0002087813432991581,0.5406871609403255,7,2022-11-06 09:30:00-05:00,2023-02-06 09:30:00-05:00
normalized_ou_residual_30,bottom_10pct,-1.6740372907849057,30,2765,6.852767207585523e-05,0.00031869462680855776,0.5439421338155516,7,2022-11-06 09:30:00-05:00,2023-02-06 09:30:00-05:00
normalized_ou_residual_30,bottom_10pct,-1.6740372907849057,60,2765,0.0002910676132452856,0.0005470919956231945,0.5518987341772152,7,2022-11-06 09:30:00-05:00,2023-02-06 09:30:00-05:00
normalized_ou_residual_30,top_10pct,1.755401337286322,1,2765,-8.522826402216617e-06,-2.1834061135317384e-05,0.4603978300180832,7,2022-11-06 09:30:00-05:00,2023-02-06 09:30:00-05:00
normalized_ou_residual_30,top_10pct,1.755401337286322,3,2765,-1.2197956835362446e-05,-2.067610875633452e-05,0.48535262206148283,7,2022-11-06 09:30:00-05:00,2023-02-06 09:30:00-05:00
normalized_ou_residual_30,top_10pct,1.755401337286322,5,2765,-1.4075871728181634e-05,0.0,0.48969258589511755,7,2022-11-06 09:30:00-05:00,2023-02-06 09:30:00-05:00
normalized_ou_residual_30,top_10pct,1.755401337286322,10,2765,8.136915786574375e-05,-2.1468441391170323e-05,0.49077757685352624,7,2022-11-06 09:30:00-05:00,2023-02-06 09:30:00-05:00
normalized_ou_residual_30,top_10pct,1.755401337286322,20,2764,0.0001588366276204484,2.251089233562542e-05,0.5028943560057887,7,2022-11-06 09:30:00-05:00,2023-02-06 09:30:00-05:00
normalized_ou_residual_30,top_10pct,1.755401337286322,30,2759,0.00025440255160689924,0.00010726851454556652,0.5125045306270388,7,2022-11-06 09:30:00-05:00,2023-02-06 09:30:00-05:00
normalized_ou_residual_30,top_10pct,1.755401337286322,60,2759,0.0004865740891791438,0.000245590533601181,0.5248278361725263,7,2022-11-06 09:30:00-05:00,2023-02-06 09:30:00-05:00
realized_vol_30,bottom_10pct,0.0015026117891296037,1,2764,3.155006046273269e-05,0.0,0.4714182344428365,7,2022-11-06 09:30:00-05:00,2023-02-06 09:30:00-05:00
realized_vol_30,bottom_10pct,0.0015026117891296037,3,2762,6.0212106712911726e-05,2.0137424717292518e-05,0.501810282404055,7,2022-11-06 09:30:00-05:00,2023-02-06 09:30:00-05:00
realized_vol_30,bottom_10pct,0.0015026117891296037,5,2760,0.00010995759145640058,2.1619753027946054e-05,0.5181159420289855,7,2022-11-06 09:30:00-05:00,2023-02-06 09:30:00-05:00
realized_vol_30,bottom_10pct,0.0015026117891296037,10,2755,0.0001785973570695655,4.359673024523225e-05,0.52994555353902,7,2022-11-06 09:30:00-05:00,2023-02-06 09:30:00-05:00
realized_vol_30,bottom_10pct,0.0015026117891296037,20,2745,0.0002444541113166588,0.00010485917412905721,0.5311475409836065,7,2022-11-06 09:30:00-05:00,2023-02-06 09:30:00-05:00
realized_vol_30,bottom_10pct,0.0015026117891296037,30,2735,0.00035363128724261373,0.00012582309273168057,0.526508226691042,7,2022-11-06 09:30:00-05:00,2023-02-06 09:30:00-05:00
realized_vol_30,bottom_10pct,0.0015026117891296037,60,2729,0.0007594853570874824,0.00027273108714798155,0.5331623305240014,7,2022-11-06 09:30:00-05:00,2023-02-06 09:30:00-05:00
realized_vol_30,top_10pct,0.00538684287587712,1,2765,9.790835140008582e-06,2.067824648466221e-05,0.5009041591320073,7,2022-11-06 09:30:00-05:00,2023-02-06 09:30:00-05:00
realized_vol_30,top_10pct,0.00538684287587712,3,2765,5.3476645179091366e-05,8.339588024353084e-05,0.5175406871609404,7,2022-11-06 09:30:00-05:00,2023-02-06 09:30:00-05:00
realized_vol_30,top_10pct,0.00538684287587712,5,2765,0.00010483419759720763,9.179996787000988e-05,0.5236889692585895,7,2022-11-06 09:30:00-05:00,2023-02-06 09:30:00-05:00
realized_vol_30,top_10pct,0.00538684287587712,10,2765,0.00031521191114160355,0.00031277367696724845,0.5446654611211573,7,2022-11-06 09:30:00-05:00,2023-02-06 09:30:00-05:00
realized_vol_30,top_10pct,0.00538684287587712,20,2765,0.0008328912003275254,0.0008287997279836645,0.5779385171790236,7,2022-11-06 09:30:00-05:00,2023-02-06 09:30:00-05:00
realized_vol_30,top_10pct,0.00538684287587712,30,2765,0.0013523602147381,0.001537036257211355,0.6253164556962025,7,2022-11-06 09:30:00-05:00,2023-02-06 09:30:00-05:00
realized_vol_30,top_10pct,0.00538684287587712,60,2765,0.0014945524322389748,0.0017188171412945152,0.5978300180831826,7,2022-11-06 09:30:00-05:00,2023-02-06 09:30:00-05:00
realized_vol_60,bottom_10pct,0.0024982556373473967,1,2764,1.8103958396245645e-05,0.0,0.47395079594790157,7,2022-11-06 09:30:00-05:00,2023-02-06 09:30:00-05:00
realized_vol_60,bottom_10pct,0.0024982556373473967,3,2762,5.0223057429832045e-05,2.096897640169182e-05,0.503258508327299,7,2022-11-06 09:30:00-05:00,2023-02-06 09:30:00-05:00
realized_vol_60,bottom_10pct,0.0024982556373473967,5,2760,8.973042234413935e-05,2.1697621950811374e-05,0.5228260869565218,7,2022-11-06 09:30:00-05:00,2023-02-06 09:30:00-05:00
realized_vol_60,bottom_10pct,0.0024982556373473967,10,2755,0.000157520307327956,6.454388984500348e-05,0.5328493647912885,7,2022-11-06 09:30:00-05:00,2023-02-06 09:30:00-05:00
realized_vol_60,bottom_10pct,0.0024982556373473967,20,2748,0.00018624117176634008,0.00010774933800883346,0.5382096069868996,7,2022-11-06 09:30:00-05:00,2023-02-06 09:30:00-05:00
realized_vol_60,bottom_10pct,0.0024982556373473967,30,2748,0.00033597477353553636,0.00023493683237829632,0.5549490538573508,7,2022-11-06 09:30:00-05:00,2023-02-06 09:30:00-05:00
realized_vol_60,bottom_10pct,0.0024982556373473967,60,2748,0.0008991297114648736,0.0006255730717551478,0.5760553129548762,7,2022-11-06 09:30:00-05:00,2023-02-06 09:30:00-05:00
realized_vol_60,top_10pct,0.008082319267202551,1,2765,1.8990460529798164e-05,2.100752069233991e-05,0.5019891500904159,7,2022-11-06 09:30:00-05:00,2023-02-06 09:30:00-05:00
realized_vol_60,top_10pct,0.008082319267202551,3,2765,7.491163609190909e-05,8.34184897082757e-05,0.5179023508137433,7,2022-11-06 09:30:00-05:00,2023-02-06 09:30:00-05:00
realized_vol_60,top_10pct,0.008082319267202551,5,2765,0.00014926159326176296,0.00010431662181042967,0.5240506329113924,7,2022-11-06 09:30:00-05:00,2023-02-06 09:30:00-05:00
realized_vol_60,top_10pct,0.008082319267202551,10,2765,0.0003408130814562401,0.00022884247316312667,0.535623869801085,7,2022-11-06 09:30:00-05:00,2023-02-06 09:30:00-05:00
realized_vol_60,top_10pct,0.008082319267202551,20,2765,0.0006190991974295724,0.0005472375448734024,0.5634719710669078,7,2022-11-06 09:30:00-05:00,2023-02-06 09:30:00-05:00
realized_vol_60,top_10pct,0.008082319267202551,30,2765,0.0007445166123536584,0.0008179701755490765,0.5793851717902351,7,2022-11-06 09:30:00-05:00,2023-02-06 09:30:00-05:00
realized_vol_60,top_10pct,0.008082319267202551,60,2765,0.0007716492849338776,0.0007219756651730691,0.5490054249547921,7,2022-11-06 09:30:00-05:00,2023-02-06 09:30:00-05:00
vol_ratio_5_30,bottom_10pct,0.1893377388624269,1,2765,7.304781338049916e-06,0.0,0.4969258589511754,7,2022-11-06 09:30:00-05:00,2023-02-06 09:30:00-05:00
vol_ratio_5_30,bottom_10pct,0.1893377388624269,3,2763,3.728159470901228e-05,4.1505831569255136e-05,0.5229822656532754,7,2022-11-06 09:30:00-05:00,2023-02-06 09:30:00-05:00
vol_ratio_5_30,bottom_10pct,0.1893377388624269,5,2762,3.147224601992802e-05,2.209416393839092e-05,0.5148443157132513,7,2022-11-06 09:30:00-05:00,2023-02-06 09:30:00-05:00
vol_ratio_5_30,bottom_10pct,0.1893377388624269,10,2762,1.3059270494514866e-06,4.126093421785715e-05,0.5148443157132513,7,2022-11-06 09:30:00-05:00,2023-02-06 09:30:00-05:00
vol_ratio_5_30,bottom_10pct,0.1893377388624269,20,2761,3.803746235772585e-05,0.00010228714046078835,0.5345889170590366,7,2022-11-06 09:30:00-05:00,2023-02-06 09:30:00-05:00
vol_ratio_5_30,bottom_10pct,0.1893377388624269,30,2761,0.0002048152227548588,0.0001882569498190545,0.555595798623687,7,2022-11-06 09:30:00-05:00,2023-02-06 09:30:00-05:00
vol_ratio_5_30,bottom_10pct,0.1893377388624269,60,2740,0.00043042759144630674,0.0002366983164491243,0.5255474452554745,7,2022-11-06 09:30:00-05:00,2023-02-06 09:30:00-05:00
vol_ratio_5_30,top_10pct,0.552347734916231,1,2765,-2.147368226750452e-05,-2.0589688683902985e-05,0.48535262206148283,7,2022-11-06 09:30:00-05:00,2023-02-06 09:30:00-05:00
vol_ratio_5_30,top_10pct,0.552347734916231,3,2765,-2.7085875634987735e-05,0.0,0.4958408679927667,7,2022-11-06 09:30:00-05:00,2023-02-06 09:30:00-05:00
vol_ratio_5_30,top_10pct,0.552347734916231,5,2765,-2.9498878439491125e-05,-2.1423368610440363e-05,0.4925858951175407,7,2022-11-06 09:30:00-05:00,2023-02-06 09:30:00-05:00
vol_ratio_5_30,top_10pct,0.552347734916231,10,2765,3.0572273801289636e-05,2.2349864783333118e-05,0.5045207956600362,7,2022-11-06 09:30:00-05:00,2023-02-06 09:30:00-05:00
vol_ratio_5_30,top_10pct,0.552347734916231,20,2765,-4.434999872345068e-05,6.45202916316201e-05,0.5146473779385172,7,2022-11-06 09:30:00-05:00,2023-02-06 09:30:00-05:00
vol_ratio_5_30,top_10pct,0.552347734916231,30,2765,-3.708571905520804e-05,8.757909487000504e-05,0.5110307414104882,7,2022-11-06 09:30:00-05:00,2023-02-06 09:30:00-05:00
vol_ratio_5_30,top_10pct,0.552347734916231,60,2765,0.0005885410482834113,0.00039274726713367514,0.5414104882459313,7,2022-11-06 09:30:00-05:00,2023-02-06 09:30:00-05:00
vol_ratio_5_60,bottom_10pct,0.1059243987578092,1,2765,-2.1572904796595976e-05,0.0,0.4705244122965642,7,2022-11-06 09:30:00-05:00,2023-02-06 09:30:00-05:00
vol_ratio_5_60,bottom_10pct,0.1059243987578092,3,2763,-1.1716659613955722e-05,0.0,0.4925805284111473,7,2022-11-06 09:30:00-05:00,2023-02-06 09:30:00-05:00
vol_ratio_5_60,bottom_10pct,0.1059243987578092,5,2761,4.831941981023147e-06,0.0,0.4972835929011228,7,2022-11-06 09:30:00-05:00,2023-02-06 09:30:00-05:00
vol_ratio_5_60,bottom_10pct,0.1059243987578092,10,2756,9.828157083792097e-06,2.270811880145107e-05,0.5163280116110305,7,2022-11-06 09:30:00-05:00,2023-02-06 09:30:00-05:00
vol_ratio_5_60,bottom_10pct,0.1059243987578092,20,2751,-0.00010631666942533114,6.523015372583707e-05,0.5259905488913122,7,2022-11-06 09:30:00-05:00,2023-02-06 09:30:00-05:00
vol_ratio_5_60,bottom_10pct,0.1059243987578092,30,2744,-3.932005001334652e-05,0.00012789861182616047,0.5313411078717201,7,2022-11-06 09:30:00-05:00,2023-02-06 09:30:00-05:00
vol_ratio_5_60,bottom_10pct,0.1059243987578092,60,2718,0.00016401699806679106,6.913173538491968e-05,0.5055187637969095,7,2022-11-06 09:30:00-05:00,2023-02-06 09:30:00-05:00
vol_ratio_5_60,top_10pct,0.3926401184612595,1,2765,-1.7074295614834365e-05,0.0,0.4904159132007233,7,2022-11-06 09:30:00-05:00,2023-02-06 09:30:00-05:00
vol_ratio_5_60,top_10pct,0.3926401184612595,3,2765,-3.303444326626147e-05,2.0874211998478387e-05,0.5012658227848101,7,2022-11-06 09:30:00-05:00,2023-02-06 09:30:00-05:00
vol_ratio_5_60,top_10pct,0.3926401184612595,5,2765,-4.9386165104066775e-05,-2.2011886418704663e-05,0.4904159132007233,7,2022-11-06 09:30:00-05:00,2023-02-06 09:30:00-05:00
vol_ratio_5_60,top_10pct,0.3926401184612595,10,2765,-3.6811710590181095e-05,2.166096261313477e-05,0.5030741410488246,7,2022-11-06 09:30:00-05:00,2023-02-06 09:30:00-05:00
vol_ratio_5_60,top_10pct,0.3926401184612595,20,2765,-1.789938282965502e-05,8.690362388108497e-05,0.5179023508137433,7,2022-11-06 09:30:00-05:00,2023-02-06 09:30:00-05:00
vol_ratio_5_60,top_10pct,0.3926401184612595,30,2765,6.59949422913796e-05,0.00016653829339885462,0.5211573236889693,7,2022-11-06 09:30:00-05:00,2023-02-06 09:30:00-05:00
vol_ratio_5_60,top_10pct,0.3926401184612595,60,2765,0.0006975333552613356,0.0005825494088202987,0.5594936708860759,7,2022-11-06 09:30:00-05:00,2023-02-06 09:30:00-05:00
vol_ratio_30_60,bottom_10pct,0.4814183627753007,1,2765,1.0672819017085955e-05,0.0,0.4701627486437613,7,2022-11-06 09:30:00-05:00,2023-02-06 09:30:00-05:00
vol_ratio_30_60,bottom_10pct,0.4814183627753007,3,2763,1.9536183565579066e-06,0.0,0.4893231994209193,7,2022-11-06 09:30:00-05:00,2023-02-06 09:30:00-05:00
vol_ratio_30_60,bottom_10pct,0.4814183627753007,5,2761,-1.5094237245731205e-06,0.0,0.492212966316552,7,2022-11-06 09:30:00-05:00,2023-02-06 09:30:00-05:00
vol_ratio_30_60,bottom_10pct,0.4814183627753007,10,2756,-7.737159482164836e-05,0.0,0.49818577648766327,7,2022-11-06 09:30:00-05:00,2023-02-06 09:30:00-05:00
vol_ratio_30_60,bottom_10pct,0.4814183627753007,20,2746,-6.127308141973762e-05,2.2557596583760997e-05,0.5058266569555717,7,2022-11-06 09:30:00-05:00,2023-02-06 09:30:00-05:00
vol_ratio_30_60,bottom_10pct,0.4814183627753007,30,2736,-0.0001446947026893263,-4.271231618241389e-05,0.4919590643274854,7,2022-11-06 09:30:00-05:00,2023-02-06 09:30:00-05:00
vol_ratio_30_60,bottom_10pct,0.4814183627753007,60,2729,3.707544390143984e-05,-0.0005383468610237196,0.47453279589593256,7,2022-11-06 09:30:00-05:00,2023-02-06 09:30:00-05:00
vol_ratio_30_60,top_10pct,0.8465860829882838,1,2765,-1.0217100612492044e-05,2.110684283840314e-05,0.5034358047016275,7,2022-11-06 09:30:00-05:00,2023-02-06 09:30:00-05:00
vol_ratio_30_60,top_10pct,0.8465860829882838,3,2765,-1.4267779711098555e-05,0.0,0.4969258589511754,7,2022-11-06 09:30:00-05:00,2023-02-06 09:30:00-05:00
vol_ratio_30_60,top_10pct,0.8465860829882838,5,2765,1.870196465959473e-06,4.317230065198352e-05,0.5124773960216998,7,2022-11-06 09:30:00-05:00,2023-02-06 09:30:00-05:00
vol_ratio_30_60,top_10pct,0.8465860829882838,10,2765,5.129865056183234e-05,0.00012972972972979946,0.5247739602169982,7,2022-11-06 09:30:00-05:00,2023-02-06 09:30:00-05:00
vol_ratio_30_60,top_10pct,0.8465860829882838,20,2765,0.0003014200236992847,0.0004025253167239118,0.5529837251356239,7,2022-11-06 09:30:00-05:00,2023-02-06 09:30:00-05:00
vol_ratio_30_60,top_10pct,0.8465860829882838,30,2765,0.0006101168187508653,0.0006368167943959779,0.5613019891500904,7,2022-11-06 09:30:00-05:00,2023-02-06 09:30:00-05:00
vol_ratio_30_60,top_10pct,0.8465860829882838,60,2765,0.0007276571687387315,0.0007051409180054424,0.549367088607595,7,2022-11-06 09:30:00-05:00,2023-02-06 09:30:00-05:00
normalized_vwap_distance,bottom_10pct,-7.343319006996516,1,2856,1.464858601572039e-05,0.0,0.49054621848739494,8,2023-02-06 09:30:00-05:00,2023-05-06 09:30:00-04:00
normalized_vwap_distance,bottom_10pct,-7.343319006996516,3,2856,4.581557335556496e-05,3.794060475981187e-05,0.5203081232492998,8,2023-02-06 09:30:00-05:00,2023-05-06 09:30:00-04:00
normalized_vwap_distance,bottom_10pct,-7.343319006996516,5,2856,6.097932781694433e-05,3.827655755062054e-05,0.5175070028011205,8,2023-02-06 09:30:00-05:00,2023-05-06 09:30:00-04:00
normalized_vwap_distance,bottom_10pct,-7.343319006996516,10,2856,5.8354405545768765e-05,7.68425614764423e-05,0.5269607843137255,8,2023-02-06 09:30:00-05:00,2023-05-06 09:30:00-04:00
normalized_vwap_distance,bottom_10pct,-7.343319006996516,20,2856,4.108042393752073e-05,0.00012243537274958527,0.5392156862745098,8,2023-02-06 09:30:00-05:00,2023-05-06 09:30:00-04:00
normalized_vwap_distance,bottom_10pct,-7.343319006996516,30,2856,4.683228136834264e-05,0.00013551814772239101,0.5234593837535014,8,2023-02-06 09:30:00-05:00,2023-05-06 09:30:00-04:00
normalized_vwap_distance,bottom_10pct,-7.343319006996516,60,2856,0.00022717056852264447,-1.9252800611380128e-05,0.49754901960784315,8,2023-02-06 09:30:00-05:00,2023-05-06 09:30:00-04:00
normalized_vwap_distance,top_10pct,12.399410543483755,1,2855,-1.9708323244175025e-07,0.0,0.48126094570928196,8,2023-02-06 09:30:00-05:00,2023-05-06 09:30:00-04:00
normalized_vwap_distance,top_10pct,12.399410543483755,3,2853,-5.011546353302017e-06,0.0,0.49246407290571326,8,2023-02-06 09:30:00-05:00,2023-05-06 09:30:00-04:00
normalized_vwap_distance,top_10pct,12.399410543483755,5,2851,-5.074324455806056e-06,0.0,0.49736934408979305,8,2023-02-06 09:30:00-05:00,2023-05-06 09:30:00-04:00
normalized_vwap_distance,top_10pct,12.399410543483755,10,2846,8.219179413150091e-06,3.792156340509667e-05,0.5196767392832045,8,2023-02-06 09:30:00-05:00,2023-05-06 09:30:00-04:00
normalized_vwap_distance,top_10pct,12.399410543483755,20,2836,7.172034867442299e-05,5.696221893025655e-05,0.5179830747531735,8,2023-02-06 09:30:00-05:00,2023-05-06 09:30:00-04:00
normalized_vwap_distance,top_10pct,12.399410543483755,30,2826,0.0001756076376847408,0.0002641886079703948,0.5654635527246992,8,2023-02-06 09:30:00-05:00,2023-05-06 09:30:00-04:00
normalized_vwap_distance,top_10pct,12.399410543483755,60,2821,0.00045835992538556275,0.0007729140745766916,0.6121942573555477,8,2023-02-06 09:30:00-05:00,2023-05-06 09:30:00-04:00
half_life_30,bottom_10pct,0.17698553387568858,1,1209,-2.8191147319846645e-05,0.0,0.48056244830438377,8,2023-02-06 09:30:00-05:00,2023-05-06 09:30:00-04:00
half_life_30,bottom_10pct,0.17698553387568858,3,1209,-4.047480070264326e-05,0.0,0.49627791563275436,8,2023-02-06 09:30:00-05:00,2023-05-06 09:30:00-04:00
half_life_30,bottom_10pct,0.17698553387568858,5,1209,-5.882302029597078e-05,0.0,0.49958643507030603,8,2023-02-06 09:30:00-05:00,2023-05-06 09:30:00-04:00
half_life_30,bottom_10pct,0.17698553387568858,10,1209,-0.000179493377597208,-2.06287647496195e-05,0.47808105872622003,8,2023-02-06 09:30:00-05:00,2023-05-06 09:30:00-04:00
half_life_30,bottom_10pct,0.17698553387568858,20,1209,-0.00011168264314827648,-1.9098183762777943e-05,0.49296939619520264,8,2023-02-06 09:30:00-05:00,2023-05-06 09:30:00-04:00
half_life_30,bottom_10pct,0.17698553387568858,30,1209,-0.0001283902732679662,1.9015383445175615e-05,0.5020678246484698,8,2023-02-06 09:30:00-05:00,2023-05-06 09:30:00-04:00
half_life_30,bottom_10pct,0.17698553387568858,60,1209,-0.00011972550967436731,0.00026269373663079243,0.522746071133168,8,2023-02-06 09:30:00-05:00,2023-05-06 09:30:00-04:00
half_life_30,top_10pct,0.533089269642584,1,1209,3.6019926552687383e-06,0.0,0.49793217535153017,8,2023-02-06 09:30:00-05:00,2023-05-06 09:30:00-04:00
half_life_30,top_10pct,0.533089269642584,3,1209,1.2119102063288328e-05,1.893544905406941e-05,0.5012406947890818,8,2023-02-06 09:30:00-05:00,2023-05-06 09:30:00-04:00
half_life_30,top_10pct,0.533089269642584,5,1209,6.224125321190435e-05,5.768897948188467e-05,0.5359801488833746,8,2023-02-06 09:30:00-05:00,2023-05-06 09:30:00-04:00
half_life_30,top_10pct,0.533089269642584,10,1209,0.00017159785836945427,0.00013363879343253338,0.555004135649297,8,2023-02-06 09:30:00-05:00,2023-05-06 09:30:00-04:00
half_life_30,top_10pct,0.533089269642584,20,1209,0.00025098496802747594,0.00033071356314673395,0.5814722911497106,8,2023-02-06 09:30:00-05:00,2023-05-06 09:30:00-04:00
half_life_30,top_10pct,0.533089269642584,30,1209,0.00016107362327604874,0.00028251247763444454,0.5616211745244003,8,2023-02-06 09:30:00-05:00,2023-05-06 09:30:00-04:00
half_life_30,top_10pct,0.533089269642584,60,1209,2.4554551146810244e-05,9.959762559264007e-05,0.5086848635235732,8,2023-02-06 09:30:00-05:00,2023-05-06 09:30:00-04:00
half_life_60,bottom_10pct,0.16851383648874196,1,1350,1.657246639893993e-05,0.0,0.49333333333333335,8,2023-02-06 09:30:00-05:00,2023-05-06 09:30:00-04:00
half_life_60,bottom_10pct,0.16851383648874196,3,1350,2.216420080833135e-05,1.9508429263459526e-05,0.5066666666666667,8,2023-02-06 09:30:00-05:00,2023-05-06 09:30:00-04:00
half_life_60,bottom_10pct,0.16851383648874196,5,1350,8.871310033853247e-06,2.02317648154704e-05,0.5096296296296297,8,2023-02-06 09:30:00-05:00,2023-05-06 09:30:00-04:00
half_life_60,bottom_10pct,0.16851383648874196,10,1350,6.671089842458882e-05,6.831569496723588e-05,0.5244444444444445,8,2023-02-06 09:30:00-05:00,2023-05-06 09:30:00-04:00
half_life_60,bottom_10pct,0.16851383648874196,20,1350,0.00010024830656421021,0.00014147114748819245,0.534074074074074,8,2023-02-06 09:30:00-05:00,2023-05-06 09:30:00-04:00
half_life_60,bottom_10pct,0.16851383648874196,30,1350,2.253681925690766e-05,0.00011224524635400357,0.5214814814814814,8,2023-02-06 09:30:00-05:00,2023-05-06 09:30:00-04:00
half_life_60,bottom_10pct,0.16851383648874196,60,1348,-0.00019584965788700082,3.085803721558644e-05,0.5022255192878339,8,2023-02-06 09:30:00-05:00,2023-05-06 09:30:00-04:00
half_life_60,top_10pct,0.4425373035405432,1,1350,2.0720608849720184e-05,1.9816302889941184e-05,0.5185185185185185,8,2023-02-06 09:30:00-05:00,2023-05-06 09:30:00-04:00
half_life_60,top_10pct,0.4425373035405432,3,1350,4.1097931111445375e-05,3.917247973539428e-05,0.5214814814814814,8,2023-02-06 09:30:00-05:00,2023-05-06 09:30:00-04:00
half_life_60,top_10pct,0.4425373035405432,5,1350,2.149125103016232e-05,5.748140757155795e-05,0.5296296296296297,8,2023-02-06 09:30:00-05:00,2023-05-06 09:30:00-04:00
half_life_60,top_10pct,0.4425373035405432,10,1350,6.066877468269365e-06,0.00016630778772230848,0.5622222222222222,8,2023-02-06 09:30:00-05:00,2023-05-06 09:30:00-04:00
half_life_60,top_10pct,0.4425373035405432,20,1350,3.372033618555714e-05,0.00023058096741324086,0.5511111111111111,8,2023-02-06 09:30:00-05:00,2023-05-06 09:30:00-04:00
half_life_60,top_10pct,0.4425373035405432,30,1350,-7.766260604443668e-05,0.00016388237344366896,0.5385185185185185,8,2023-02-06 09:30:00-05:00,2023-05-06 09:30:00-04:00
half_life_60,top_10pct,0.4425373035405432,60,1350,-0.0003526628282597869,-0.0001708991897230172,0.4792592592592593,8,2023-02-06 09:30:00-05:00,2023-05-06 09:30:00-04:00
normalized_ou_residual_30,bottom_10pct,-1.685103474953004,1,2856,-2.9274370835220997e-06,1.887059489724674e-05,0.501750700280112,8,2023-02-06 09:30:00-05:00,2023-05-06 09:30:00-04:00
normalized_ou_residual_30,bottom_10pct,-1.685103474953004,3,2856,-6.251127339685939e-06,1.9898770472925875e-05,0.5084033613445378,8,2023-02-06 09:30:00-05:00,2023-05-06 09:30:00-04:00
normalized_ou_residual_30,bottom_10pct,-1.685103474953004,5,2856,-5.441644776885998e-06,3.887658120005355e-05,0.5136554621848739,8,2023-02-06 09:30:00-05:00,2023-05-06 09:30:00-04:00
normalized_ou_residual_30,bottom_10pct,-1.685103474953004,10,2855,-2.9932516094890444e-05,3.985969387754196e-05,0.512784588441331,8,2023-02-06 09:30:00-05:00,2023-05-06 09:30:00-04:00
normalized_ou_residual_30,bottom_10pct,-1.685103474953004,20,2847,5.8301750727310215e-05,0.0001146394589017774,0.5261678960309097,8,2023-02-06 09:30:00-05:00,2023-05-06 09:30:00-04:00
normalized_ou_residual_30,bottom_10pct,-1.685103474953004,30,2847,0.00016140235671151216,0.00011951238945107079,0.525465402177731,8,2023-02-06 09:30:00-05:00,2023-05-06 09:30:00-04:00
normalized_ou_residual_30,bottom_10pct,-1.685103474953004,60,2840,-0.0002278788907632931,-1.9601237105260072e-05,0.49683098591549296,8,2023-02-06 09:30:00-05:00,2023-05-06 09:30:00-04:00
normalized_ou_residual_30,top_10pct,1.7543749450044264,1,2856,-8.316436633439802e-06,-1.973067711574794e-05,0.45938375350140054,8,2023-02-06 09:30:00-05:00,2023-05-06 09:30:00-04:00
normalized_ou_residual_30,top_10pct,1.7543749450044264,3,2856,-4.050371852465871e-06,-1.893975564298822e-05,0.48564425770308123,8,2023-02-06 09:30:00-05:00,2023-05-06 09:30:00-04:00
normalized_ou_residual_30,top_10pct,1.7543749450044264,5,2856,9.494704433251018e-07,-1.89648959775246e-05,0.48284313725490197,8,2023-02-06 09:30:00-05:00,2023-05-06 09:30:00-04:00
normalized_ou_residual_30,top_10pct,1.7543749450044264,10,2856,-1.7780021831209613e-05,9.454476694759073e-06,0.5,8,2023-02-06 09:30:00-05:00,2023-05-06 09:30:00-04:00
normalized_ou_residual_30,top_10pct,1.7543749450044264,20,2856,-5.8111279425806806e-05,5.679667039204528e-05,0.5098039215686274,8,2023-02-06 09:30:00-05:00,2023-05-06 09:30:00-04:00
normalized_ou_residual_30,top_10pct,1.7543749450044264,30,2856,-3.070434205989105e-06,0.00018683091113047556,0.5304621848739496,8,2023-02-06 09:30:00-05:00,2023-05-06 09:30:00-04:00
normalized_ou_residual_30,top_10pct,1.7543749450044264,60,2856,0.0001328634342771884,0.0004967833650388886,0.5612745098039216,8,2023-02-06 09:30:00-05:00,2023-05-06 09:30:00-04:00
realized_vol_30,bottom_10pct,0.001221306950914503,1,2855,-1.2692431469239555e-05,0.0,0.4711033274956217,8,2023-02-06 09:30:00-05:00,2023-05-06 09:30:00-04:00
realized_vol_30,bottom_10pct,0.001221306950914503,3,2853,-3.439482299703079e-05,0.0,0.4840518752190677,8,2023-02-06 09:30:00-05:00,2023-05-06 09:30:00-04:00
realized_vol_30,bottom_10pct,0.001221306950914503,5,2851,-4.978262443815081e-05,0.0,0.4970185899684321,8,2023-02-06 09:30:00-05:00,2023-05-06 09:30:00-04:00
realized_vol_30,bottom_10pct,0.001221306950914503,10,2846,-9.697301966785434e-05,2.0285415802345774e-05,0.5158116654954322,8,2023-02-06 09:30:00-05:00,2023-05-06 09:30:00-04:00
realized_vol_30,bottom_10pct,0.001221306950914503,20,2836,-0.0001636553073470881,2.0231489506805644e-05,0.5059943582510579,8,2023-02-06 09:30:00-05:00,2023-05-06 09:30:00-04:00
realized_vol_30,bottom_10pct,0.001221306950914503,30,2826,-0.00019767937157104577,0.00011448895622145905,0.5222929936305732,8,2023-02-06 09:30:00-05:00,2023-05-06 09:30:00-04:00
realized_vol_30,bottom_10pct,0.001221306950914503,60,2796,-0.00017925250916725333,0.00018823120519684267,0.5175250357653791,8,2023-02-06 09:30:00-05:00,2023-05-06 09:30:00-04:00
realized_vol_30,top_10pct,0.00450464380466001,1,2856,1.066941454628653e-05,1.930322374121829e-05,0.5028011204481793,8,2023-02-06 09:30:00-05:00,2023-05-06 09:30:00-04:00
realized_vol_30,top_10pct,0.00450464380466001,3,2856,3.373781212663511e-05,0.0,0.4964985994397759,8,2023-02-06 09:30:00-05:00,2023-05-06 09:30:00-04:00
realized_vol_30,top_10pct,0.00450464380466001,5,2856,4.5248164145031664e-05,7.598351774706913e-05,0.511204481792717,8,2023-02-06 09:30:00-05:00,2023-05-06 09:30:00-04:00
realized_vol_30,top_10pct,0.00450464380466001,10,2856,8.517345256208882e-05,0.00012395084654059918,0.5210084033613446,8,2023-02-06 09:30:00-05:00,2023-05-06 09:30:00-04:00
realized_vol_30,top_10pct,0.00450464380466001,20,2856,0.00020461424843216787,0.00032897335627291024,0.5535714285714286,8,2023-02-06 09:30:00-05:00,2023-05-06 09:30:00-04:00
realized_vol_30,top_10pct,0.00450464380466001,30,2856,0.00020320921128207228,0.0005242599404812198,0.5553221288515406,8,2023-02-06 09:30:00-05:00,2023-05-06 09:30:00-04:00
realized_vol_30,top_10pct,0.00450464380466001,60,2856,0.00016328840620121322,0.00011819402234536369,0.5059523809523809,8,2023-02-06 09:30:00-05:00,2023-05-06 09:30:00-04:00
realized_vol_60,bottom_10pct,0.001970613016114362,1,2855,-6.227630142689458e-09,0.0,0.482661996497373,8,2023-02-06 09:30:00-05:00,2023-05-06 09:30:00-04:00
realized_vol_60,bottom_10pct,0.001970613016114362,3,2853,6.451050809381966e-06,1.8951238463404962e-05,0.5075359270942867,8,2023-02-06 09:30:00-05:00,2023-05-06 09:30:00-04:00
realized_vol_60,bottom_10pct,0.001970613016114362,5,2851,1.7812844363559193e-05,3.755233857183349e-05,0.5247281655559453,8,2023-02-06 09:30:00-05:00,2023-05-06 09:30:00-04:00
realized_vol_60,bottom_10pct,0.001970613016114362,10,2846,4.9618284308844295e-05,7.645990633653454e-05,0.5527055516514406,8,2023-02-06 09:30:00-05:00,2023-05-06 09:30:00-04:00
realized_vol_60,bottom_10pct,0.001970613016114362,20,2836,0.00011849275843598309,0.00020778845703595117,0.5677009873060649,8,2023-02-06 09:30:00-05:00,2023-05-06 09:30:00-04:00
realized_vol_60,bottom_10pct,0.001970613016114362,30,2826,0.00018232602020860068,0.00033943532164748547,0.5895258315640481,8,2023-02-06 09:30:00-05:00,2023-05-06 09:30:00-04:00
realized_vol_60,bottom_10pct,0.001970613016114362,60,2796,7.799682331160775e-05,0.0005921115463911608,0.5926323319027181,8,2023-02-06 09:30:00-05:00,2023-05-06 09:30:00-04:00
realized_vol_60,top_10pct,0.0068082263352624494,1,2856,8.118708309638768e-06,2.0500684624225052e-05,0.5108543417366946,8,2023-02-06 09:30:00-05:00,2023-05-06 09:30:00-04:00
realized_vol_60,top_10pct,0.0068082263352624494,3,2856,3.149331523470537e-05,3.7926112718245086e-05,0.5066526610644257,8,2023-02-06 09:30:00-05:00,2023-05-06 09:30:00-04:00
realized_vol_60,top_10pct,0.0068082263352624494,5,2856,4.7429050202763844e-05,0.00011426830462557547,0.5255602240896359,8,2023-02-06 09:30:00-05:00,2023-05-06 09:30:00-04:00
realized_vol_60,top_10pct,0.0068082263352624494,10,2856,9.571481354013397e-05,0.00016697064379567195,0.5318627450980392,8,2023-02-06 09:30:00-05:00,2023-05-06 09:30:00-04:00
realized_vol_60,top_10pct,0.0068082263352624494,20,2856,0.00012400258893964267,0.0004156474310640368,0.5623249299719888,8,2023-02-06 09:30:00-05:00,2023-05-06 09:30:00-04:00
realized_vol_60,top_10pct,0.0068082263352624494,30,2856,9.596298044052753e-05,0.0004520862956765015,0.5462184873949579,8,2023-02-06 09:30:00-05:00,2023-05-06 09:30:00-04:00
realized_vol_60,top_10pct,0.0068082263352624494,60,2856,9.428065944367129e-05,7.62485705887439e-05,0.5024509803921569,8,2023-02-06 09:30:00-05:00,2023-05-06 09:30:00-04:00
vol_ratio_5_30,bottom_10pct,0.19369814734342258,1,2856,1.7063539599952268e-05,0.0,0.49754901960784315,8,2023-02-06 09:30:00-05:00,2023-05-06 09:30:00-04:00
vol_ratio_5_30,bottom_10pct,0.19369814734342258,3,2856,5.3292676123612e-05,1.936277200020875e-05,0.5101540616246498,8,2023-02-06 09:30:00-05:00,2023-05-06 09:30:00-04:00
vol_ratio_5_30,bottom_10pct,0.19369814734342258,5,2856,9.151615657463029e-05,4.143085245655875e-05,0.5339635854341737,8,2023-02-06 09:30:00-05:00,2023-05-06 09:30:00-04:00
vol_ratio_5_30,bottom_10pct,0.19369814734342258,10,2856,0.0001440171536688792,9.543808420420241e-05,0.5584733893557423,8,2023-02-06 09:30:00-05:00,2023-05-06 09:30:00-04:00
vol_ratio_5_30,bottom_10pct,0.19369814734342258,20,2855,0.00024167410777297782,0.00012389782559307783,0.553415061295972,8,2023-02-06 09:30:00-05:00,2023-05-06 09:30:00-04:00
vol_ratio_5_30,bottom_10pct,0.19369814734342258,30,2848,0.0001929171332665305,0.00017717582186405068,0.5642556179775281,8,2023-02-06 09:30:00-05:00,2023-05-06 09:30:00-04:00
vol_ratio_5_30,bottom_10pct,0.19369814734342258,60,2843,0.00015013491993857444,8.445767614695399e-05,0.5036932817446359,8,2023-02-06 09:30:00-05:00,2023-05-06 09:30:00-04:00
vol_ratio_5_30,top_10pct,0.5543893315642092,1,2856,-7.849193142029385e-06,0.0,0.4943977591036415,8,2023-02-06 09:30:00-05:00,2023-05-06 09:30:00-04:00
vol_ratio_5_30,top_10pct,0.5543893315642092,3,2856,-1.1226423185384217e-05,0.0,0.49054621848739494,8,2023-02-06 09:30:00-05:00,2023-05-06 09:30:00-04:00
vol_ratio_5_30,top_10pct,0.5543893315642092,5,2855,4.429711549153724e-06,1.8918970051240436e-05,0.500875656742557,8,2023-02-06 09:30:00-05:00,2023-05-06 09:30:00-04:00
vol_ratio_5_30,top_10pct,0.5543893315642092,10,2851,6.432527540769389e-05,0.00010130480589998214,0.5275341985268327,8,2023-02-06 09:30:00-05:00,2023-05-06 09:30:00-04:00
vol_ratio_5_30,top_10pct,0.5543893315642092,20,2851,5.567799484845329e-05,0.00017820017820024958,0.5331462644686075,8,2023-02-06 09:30:00-05:00,2023-05-06 09:30:00-04:00
vol_ratio_5_30,top_10pct,0.5543893315642092,30,2851,9.962246953264597e-05,0.00022426553038790153,0.5303402314977201,8,2023-02-06 09:30:00-05:00,2023-05-06 09:30:00-04:00
vol_ratio_5_30,top_10pct,0.5543893315642092,60,2847,-0.0001049823982578002,0.00013587483986188253,0.5135230066736916,8,2023-02-06 09:30:00-05:00,2023-05-06 09:30:00-04:00
vol_ratio_5_60,bottom_10pct,0.1112128644494373,1,2856,1.2886325629925647e-05,0.0,0.4947478991596639,8,2023-02-06 09:30:00-05:00,2023-05-06 09:30:00-04:00
vol_ratio_5_60,bottom_10pct,0.1112128644494373,3,2856,3.7703082492438534e-05,1.9618037655488862e-05,0.5147058823529411,8,2023-02-06 09:30:00-05:00,2023-05-06 09:30:00-04:00
vol_ratio_5_60,bottom_10pct,0.1112128644494373,5,2856,7.03294377478926e-05,3.7546726707304856e-05,0.5238095238095238,8,2023-02-06 09:30:00-05:00,2023-05-06 09:30:00-04:00
vol_ratio_5_60,bottom_10pct,0.1112128644494373,10,2855,0.000103386676826724,5.729783414176737e-05,0.5401050788091069,8,2023-02-06 09:30:00-05:00,2023-05-06 09:30:00-04:00
vol_ratio_5_60,bottom_10pct,0.1112128644494373,20,2854,0.00017592066774258034,6.071007555030761e-05,0.5276804484933427,8,2023-02-06 09:30:00-05:00,2023-05-06 09:30:00-04:00
vol_ratio_5_60,bottom_10pct,0.1112128644494373,30,2845,0.0001807668720976433,0.00014702484719908426,0.5451669595782074,8,2023-02-06 09:30:00-05:00,2023-05-06 09:30:00-04:00
vol_ratio_5_60,bottom_10pct,0.1112128644494373,60,2842,0.0004188106346275398,-1.8927137070468003e-05,0.49859254046446166,8,2023-02-06 09:30:00-05:00,2023-05-06 09:30:00-04:00
vol_ratio_5_60,top_10pct,0.3943560232433615,1,2856,7.053789364563539e-06,1.88791451539716e-05,0.5014005602240896,8,2023-02-06 09:30:00-05:00,2023-05-06 09:30:00-04:00
vol_ratio_5_60,top_10pct,0.3943560232433615,3,2856,4.0986859427502335e-06,0.0,0.49159663865546216,8,2023-02-06 09:30:00-05:00,2023-05-06 09:30:00-04:00
vol_ratio_5_60,top_10pct,0.3943560232433615,5,2855,1.1898183294869873e-05,0.0,0.49702276707530646,8,2023-02-06 09:30:00-05:00,2023-05-06 09:30:00-04:00
vol_ratio_5_60,top_10pct,0.3943560232433615,10,2853,6.929212599699821e-05,7.574753347094898e-05,0.5205047318611987,8,2023-02-06 09:30:00-05:00,2023-05-06 09:30:00-04:00
vol_ratio_5_60,top_10pct,0.3943560232433615,20,2853,1.2782942569455306e-05,2.0916126333370144e-05,0.5050823694356817,8,2023-02-06 09:30:00-05:00,2023-05-06 09:30:00-04:00
vol_ratio_5_60,top_10pct,0.3943560232433615,30,2853,-6.552703017933956e-05,5.702879954383455e-05,0.5061338941465124,8,2023-02-06 09:30:00-05:00,2023-05-06 09:30:00-04:00
vol_ratio_5_60,top_10pct,0.3943560232433615,60,2851,-0.00039988459702703397,3.831637833595636e-05,0.502630655910207,8,2023-02-06 09:30:00-05:00,2023-05-06 09:30:00-04:00
vol_ratio_30_60,bottom_10pct,0.4981273094764747,1,2856,-6.744354633314715e-06,0.0,0.47619047619047616,8,2023-02-06 09:30:00-05:00,2023-05-06 09:30:00-04:00
vol_ratio_30_60,bottom_10pct,0.4981273094764747,3,2856,-1.5981728434298522e-05,0.0,0.48564425770308123,8,2023-02-06 09:30:00-05:00,2023-05-06 09:30:00-04:00
vol_ratio_30_60,bottom_10pct,0.4981273094764747,5,2856,-2.5650622677113884e-05,0.0,0.4831932773109244,8,2023-02-06 09:30:00-05:00,2023-05-06 09:30:00-04:00
vol_ratio_30_60,bottom_10pct,0.4981273094764747,10,2853,-7.118258001783016e-05,0.0,0.49246407290571326,8,2023-02-06 09:30:00-05:00,2023-05-06 09:30:00-04:00
vol_ratio_30_60,bottom_10pct,0.4981273094764747,20,2843,-0.00011528553560278553,1.9623618987774094e-05,0.5015828350334154,8,2023-02-06 09:30:00-05:00,2023-05-06 09:30:00-04:00
vol_ratio_30_60,bottom_10pct,0.4981273094764747,30,2833,-0.00013081480235211727,3.7571385632650944e-05,0.5022943875750088,8,2023-02-06 09:30:00-05:00,2023-05-06 09:30:00-04:00
vol_ratio_30_60,bottom_10pct,0.4981273094764747,60,2833,0.00010354062572576165,-0.00016147588963122406,0.4860571831980233,8,2023-02-06 09:30:00-05:00,2023-05-06 09:30:00-04:00
vol_ratio_30_60,top_10pct,0.8365641672813428,1,2856,2.053651354948818e-05,1.926466793833459e-05,0.5052521008403361,8,2023-02-06 09:30:00-05:00,2023-05-06 09:30:00-04:00
vol_ratio_30_60,top_10pct,0.8365641672813428,3,2856,5.859890669696494e-05,3.845795577328559e-05,0.5119047619047619,8,2023-02-06 09:30:00-05:00,2023-05-06 09:30:00-04:00
vol_ratio_30_60,top_10pct,0.8365641672813428,5,2856,6.681472766889663e-05,7.825854284959632e-05,0.5220588235294118,8,2023-02-06 09:30:00-05:00,2023-05-06 09:30:00-04:00
vol_ratio_30_60,top_10pct,0.8365641672813428,10,2856,0.0001200042590720435,0.00015451938140331745,0.5353641456582633,8,2023-02-06 09:30:00-05:00,2023-05-06 09:30:00-04:00
vol_ratio_30_60,top_10pct,0.8365641672813428,20,2856,0.00010184284299544327,0.00011624302559298805,0.5241596638655462,8,2023-02-06 09:30:00-05:00,2023-05-06 09:30:00-04:00
vol_ratio_30_60,top_10pct,0.8365641672813428,30,2856,3.082657496436804e-07,5.97847748343705e-05,0.5073529411764706,8,2023-02-06 09:30:00-05:00,2023-05-06 09:30:00-04:00
vol_ratio_30_60,top_10pct,0.8365641672813428,60,2856,-0.0006921906819844215,-0.0006436409370293994,0.45133053221288516,8,2023-02-06 09:30:00-05:00,2023-05-06 09:30:00-04:00
normalized_vwap_distance,bottom_10pct,-6.505246035890014,1,2830,-4.306668864116561e-06,0.0,0.47809187279151943,9,2023-05-06 09:30:00-04:00,2023-08-06 09:30:00-04:00
normalized_vwap_distance,bottom_10pct,-6.505246035890014,3,2828,-1.475208318005059e-05,0.0,0.49222065063649223,9,2023-05-06 09:30:00-04:00,2023-08-06 09:30:00-04:00
normalized_vwap_distance,bottom_10pct,-6.505246035890014,5,2826,-1.7476397973599927e-05,1.5929020456439957e-05,0.5007077140835102,9,2023-05-06 09:30:00-04:00,2023-08-06 09:30:00-04:00
normalized_vwap_distance,bottom_10pct,-6.505246035890014,10,2821,-3.0821606341094834e-05,1.672912205563648e-05,0.5047855370436015,9,2023-05-06 09:30:00-04:00,2023-08-06 09:30:00-04:00
normalized_vwap_distance,bottom_10pct,-6.505246035890014,20,2811,-1.9980463174135827e-05,0.0,0.4973319103521878,9,2023-05-06 09:30:00-04:00,2023-08-06 09:30:00-04:00
normalized_vwap_distance,bottom_10pct,-6.505246035890014,30,2801,-4.972018379292346e-06,0.0,0.4991074616208497,9,2023-05-06 09:30:00-04:00,2023-08-06 09:30:00-04:00
normalized_vwap_distance,bottom_10pct,-6.505246035890014,60,2771,8.959489751844671e-05,5.4597073596784895e-05,0.5052327679538073,9,2023-05-06 09:30:00-04:00,2023-08-06 09:30:00-04:00
normalized_vwap_distance,top_10pct,11.674897712910258,1,2831,1.4914670271627656e-05,0.0,0.4969975273754857,9,2023-05-06 09:30:00-04:00,2023-08-06 09:30:00-04:00
normalized_vwap_distance,top_10pct,11.674897712910258,3,2831,4.7049582228601895e-05,1.799823617276708e-05,0.5188979159307665,9,2023-05-06 09:30:00-04:00,2023-08-06 09:30:00-04:00
normalized_vwap_distance,top_10pct,11.674897712910258,5,2831,7.61200437122415e-05,3.159158400212192e-05,0.5174849876368774,9,2023-05-06 09:30:00-04:00,2023-08-06 09:30:00-04:00
normalized_vwap_distance,top_10pct,11.674897712910258,10,2831,0.00016637041061466547,8.499643014991953e-05,0.5499823383963264,9,2023-05-06 09:30:00-04:00,2023-08-06 09:30:00-04:00
normalized_vwap_distance,top_10pct,11.674897712910258,20,2831,0.00038438021778761013,0.00022740789980058018,0.5697633345107735,9,2023-05-06 09:30:00-04:00,2023-08-06 09:30:00-04:00
normalized_vwap_distance,top_10pct,11.674897712910258,30,2831,0.0005820101531682947,0.00045393438902174843,0.5951960438007771,9,2023-05-06 09:30:00-04:00,2023-08-06 09:30:00-04:00
normalized_vwap_distance,top_10pct,11.674897712910258,60,2831,0.0008843285410045043,0.000751424958305158,0.5895443306252208,9,2023-05-06 09:30:00-04:00,2023-08-06 09:30:00-04:00
half_life_30,bottom_10pct,0.17153429701025477,1,1062,-4.301962163984524e-06,-1.713575849721094e-05,0.4632768361581921,9,2023-05-06 09:30:00-04:00,2023-08-06 09:30:00-04:00
half_life_30,bottom_10pct,0.17153429701025477,3,1062,-2.9485529416367983e-05,0.0,0.4858757062146893,9,2023-05-06 09:30:00-04:00,2023-08-06 09:30:00-04:00
half_life_30,bottom_10pct,0.17153429701025477,5,1062,-5.645050654949998e-05,0.0,0.4915254237288136,9,2023-05-06 09:30:00-04:00,2023-08-06 09:30:00-04:00
half_life_30,bottom_10pct,0.17153429701025477,10,1062,-0.00012192604814807025,-4.884588380266175e-05,0.4717514124293785,9,2023-05-06 09:30:00-04:00,2023-08-06 09:30:00-04:00
half_life_30,bottom_10pct,0.17153429701025477,20,1062,-0.0001455216347358484,-4.7721992663340984e-05,0.4858757062146893,9,2023-05-06 09:30:00-04:00,2023-08-06 09:30:00-04:00
half_life_30,bottom_10pct,0.17153429701025477,30,1062,-6.995670531856273e-05,-5.9447001988899295e-05,0.4811676082862524,9,2023-05-06 09:30:00-04:00,2023-08-06 09:30:00-04:00
half_life_30,bottom_10pct,0.17153429701025477,60,1062,-4.2575938912305846e-05,1.6219170106079872e-05,0.5009416195856874,9,2023-05-06 09:30:00-04:00,2023-08-06 09:30:00-04:00
half_life_30,top_10pct,0.5267053435532177,1,1062,2.6098574258024928e-05,3.17235409802441e-05,0.5357815442561206,9,2023-05-06 09:30:00-04:00,2023-08-06 09:30:00-04:00
half_life_30,top_10pct,0.5267053435532177,3,1062,7.651222213982832e-05,7.467871380728575e-05,0.5602636534839924,9,2023-05-06 09:30:00-04:00,2023-08-06 09:30:00-04:00
half_life_30,top_10pct,0.5267053435532177,5,1062,9.474598881104013e-05,0.00011733572862804298,0.5819209039548022,9,2023-05-06 09:30:00-04:00,2023-08-06 09:30:00-04:00
half_life_30,top_10pct,0.5267053435532177,10,1062,7.221972836103916e-05,0.0001662329224850767,0.5706214689265536,9,2023-05-06 09:30:00-04:00,2023-08-06 09:30:00-04:00
half_life_30,top_10pct,0.5267053435532177,20,1062,-1.2238594052750649e-05,0.00011405520499385702,0.5423728813559322,9,2023-05-06 09:30:00-04:00,2023-08-06 09:30:00-04:00
half_life_30,top_10pct,0.5267053435532177,30,1062,-5.484345085002238e-05,0.00015696350372906842,0.5376647834274952,9,2023-05-06 09:30:00-04:00,2023-08-06 09:30:00-04:00
half_life_30,top_10pct,0.5267053435532177,60,1062,-0.0004169264462102388,-9.048523921056928e-05,0.4896421845574388,9,2023-05-06 09:30:00-04:00,2023-08-06 09:30:00-04:00
half_life_60,bottom_10pct,0.16291085071259614,1,1109,-1.183919189531405e-05,0.0,0.47971145175834085,9,2023-05-06 09:30:00-04:00,2023-08-06 09:30:00-04:00
half_life_60,bottom_10pct,0.16291085071259614,3,1109,3.4656366692807273e-06,3.4712579839002444e-05,0.5320108205590622,9,2023-05-06 09:30:00-04:00,2023-08-06 09:30:00-04:00
half_life_60,bottom_10pct,0.16291085071259614,5,1109,-6.952539364986103e-06,1.7264299155828056e-05,0.5085662759242561,9,2023-05-06 09:30:00-04:00,2023-08-06 09:30:00-04:00
half_life_60,bottom_10pct,0.16291085071259614,10,1109,-2.2851581612323093e-06,1.7001598150212516e-05,0.5067628494138864,9,2023-05-06 09:30:00-04:00,2023-08-06 09:30:00-04:00
half_life_60,bottom_10pct,0.16291085071259614,20,1109,6.109623613168197e-05,7.842768183463633e-05,0.521190261496844,9,2023-05-06 09:30:00-04:00,2023-08-06 09:30:00-04:00
half_life_60,bottom_10pct,0.16291085071259614,30,1109,3.880805169491614e-05,3.427944604417199e-05,0.5103697024346258,9,2023-05-06 09:30:00-04:00,2023-08-06 09:30:00-04:00
half_life_60,bottom_10pct,0.16291085071259614,60,1109,0.00015972060808357242,0.00013050206006814946,0.5202885482416592,9,2023-05-06 09:30:00-04:00,2023-08-06 09:30:00-04:00
half_life_60,top_10pct,0.4442675540655586,1,1109,2.6464076055448546e-05,3.149953538184036e-05,0.527502254283138,9,2023-05-06 09:30:00-04:00,2023-08-06 09:30:00-04:00
half_life_60,top_10pct,0.4442675540655586,3,1109,3.784357916469164e-05,4.7261957275113176e-05,0.5374211000901713,9,2023-05-06 09:30:00-04:00,2023-08-06 09:30:00-04:00
half_life_60,top_10pct,0.4442675540655586,5,1109,1.9151306856067645e-05,3.304365066258974e-05,0.5311091073038774,9,2023-05-06 09:30:00-04:00,2023-08-06 09:30:00-04:00
half_life_60,top_10pct,0.4442675540655586,10,1109,-3.539364551604597e-05,4.7264191073370654e-05,0.5202885482416592,9,2023-05-06 09:30:00-04:00,2023-08-06 09:30:00-04:00
half_life_60,top_10pct,0.4442675540655586,20,1109,3.722031868426765e-05,9.754352879975947e-05,0.5229936880072137,9,2023-05-06 09:30:00-04:00,2023-08-06 09:30:00-04:00
half_life_60,top_10pct,0.4442675540655586,30,1109,7.072952718873908e-05,9.496074955683831e-05,0.5175834084761046,9,2023-05-06 09:30:00-04:00,2023-08-06 09:30:00-04:00
half_life_60,top_10pct,0.4442675540655586,60,1109,-0.00019357409582237696,0.0001969796454366346,0.5238954012623985,9,2023-05-06 09:30:00-04:00,2023-08-06 09:30:00-04:00
normalized_ou_residual_30,bottom_10pct,-1.6916367848375018,1,2831,8.763366300774396e-06,1.8724838498185292e-05,0.5234899328859061,9,2023-05-06 09:30:00-04:00,2023-08-06 09:30:00-04:00
normalized_ou_residual_30,bottom_10pct,-1.6916367848375018,3,2829,3.219911615453058e-05,3.165107851055282e-05,0.5139625309296572,9,2023-05-06 09:30:00-04:00,2023-08-06 09:30:00-04:00
normalized_ou_residual_30,bottom_10pct,-1.6916367848375018,5,2828,7.244304500172397e-05,5.472067292122684e-05,0.5272277227722773,9,2023-05-06 09:30:00-04:00,2023-08-06 09:30:00-04:00
normalized_ou_residual_30,bottom_10pct,-1.6916367848375018,10,2828,0.00013054620164593491,0.0001297423743304993,0.5502121640735502,9,2023-05-06 09:30:00-04:00,2023-08-06 09:30:00-04:00
normalized_ou_residual_30,bottom_10pct,-1.6916367848375018,20,2828,0.00024098379528619167,0.0002441744698393755,0.5654172560113154,9,2023-05-06 09:30:00-04:00,2023-08-06 09:30:00-04:00
normalized_ou_residual_30,bottom_10pct,-1.6916367848375018,30,2828,0.00027545605599221725,0.0002810226274938543,0.5583451202263083,9,2023-05-06 09:30:00-04:00,2023-08-06 09:30:00-04:00
normalized_ou_residual_30,bottom_10pct,-1.6916367848375018,60,2828,0.00025215962062350995,0.0003295320991226758,0.5473833097595474,9,2023-05-06 09:30:00-04:00,2023-08-06 09:30:00-04:00
normalized_ou_residual_30,top_10pct,1.732721364761049,1,2831,9.369982880655662e-06,0.0,0.4864005651713176,9,2023-05-06 09:30:00-04:00,2023-08-06 09:30:00-04:00
normalized_ou_residual_30,top_10pct,1.732721364761049,3,2831,3.1683887279631476e-05,1.7029102736598745e-05,0.5128929706817379,9,2023-05-06 09:30:00-04:00,2023-08-06 09:30:00-04:00
normalized_ou_residual_30,top_10pct,1.732721364761049,5,2831,4.356059630751217e-05,3.282994090603175e-05,0.5125397386082656,9,2023-05-06 09:30:00-04:00,2023-08-06 09:30:00-04:00
normalized_ou_residual_30,top_10pct,1.732721364761049,10,2831,7.308305432986774e-05,6.947459835004999e-05,0.5337336630166019,9,2023-05-06 09:30:00-04:00,2023-08-06 09:30:00-04:00
normalized_ou_residual_30,top_10pct,1.732721364761049,20,2831,4.977023677886102e-05,0.00010475957677136272,0.5305545743553515,9,2023-05-06 09:30:00-04:00,2023-08-06 09:30:00-04:00
normalized_ou_residual_30,top_10pct,1.732721364761049,30,2831,-7.675449351258382e-06,8.52893013101319e-05,0.522077004592017,9,2023-05-06 09:30:00-04:00,2023-08-06 09:30:00-04:00
normalized_ou_residual_30,top_10pct,1.732721364761049,60,2827,0.0002488904516483514,0.00017370980986664009,0.5256455606650159,9,2023-05-06 09:30:00-04:00,2023-08-06 09:30:00-04:00
realized_vol_30,bottom_10pct,0.0009823818342531002,1,2830,9.422978523030486e-06,0.0,0.46466431095406363,9,2023-05-06 09:30:00-04:00,2023-08-06 09:30:00-04:00
realized_vol_30,bottom_10pct,0.0009823818342531002,3,2828,3.369128100513328e-05,0.0,0.48833097595473834,9,2023-05-06 09:30:00-04:00,2023-08-06 09:30:00-04:00
realized_vol_30,bottom_10pct,0.0009823818342531002,5,2826,6.600986753882619e-05,0.0,0.4996461429582449,9,2023-05-06 09:30:00-04:00,2023-08-06 09:30:00-04:00
realized_vol_30,bottom_10pct,0.0009823818342531002,10,2821,0.00015248588501120706,1.6866819592564752e-05,0.5129386742289969,9,2023-05-06 09:30:00-04:00,2023-08-06 09:30:00-04:00
realized_vol_30,bottom_10pct,0.0009823818342531002,20,2811,0.0004531432665109389,8.162065982131317e-05,0.5457132692991817,9,2023-05-06 09:30:00-04:00,2023-08-06 09:30:00-04:00
realized_vol_30,bottom_10pct,0.0009823818342531002,30,2810,0.0007019266267976356,0.00024389705333205391,0.5750889679715302,9,2023-05-06 09:30:00-04:00,2023-08-06 09:30:00-04:00
realized_vol_30,bottom_10pct,0.0009823818342531002,60,2810,0.0008955645316645633,0.00042355624888978927,0.5893238434163701,9,2023-05-06 09:30:00-04:00,2023-08-06 09:30:00-04:00
realized_vol_30,top_10pct,0.0033096510955068965,1,2831,7.85526888204881e-06,3.1903523744158946e-05,0.5135994348286824,9,2023-05-06 09:30:00-04:00,2023-08-06 09:30:00-04:00
realized_vol_30,top_10pct,0.0033096510955068965,3,2831,2.0842759734162914e-05,4.9504133595057453e-05,0.5139526669021547,9,2023-05-06 09:30:00-04:00,2023-08-06 09:30:00-04:00
realized_vol_30,top_10pct,0.0033096510955068965,5,2831,2.1069736052848816e-05,8.012435299575849e-05,0.519604380077711,9,2023-05-06 09:30:00-04:00,2023-08-06 09:30:00-04:00
realized_vol_30,top_10pct,0.0033096510955068965,10,2831,9.270714405304053e-06,0.00011483504765652519,0.531261038502296,9,2023-05-06 09:30:00-04:00,2023-08-06 09:30:00-04:00
realized_vol_30,top_10pct,0.0033096510955068965,20,2831,2.79844107295357e-05,0.00014652968854300674,0.5249028611797951,9,2023-05-06 09:30:00-04:00,2023-08-06 09:30:00-04:00
realized_vol_30,top_10pct,0.0033096510955068965,30,2831,0.00016219810722301848,0.0002055141014292161,0.5316142705757683,9,2023-05-06 09:30:00-04:00,2023-08-06 09:30:00-04:00
realized_vol_30,top_10pct,0.0033096510955068965,60,2831,0.0006645298254176329,0.0005948553054662131,0.5750618156128576,9,2023-05-06 09:30:00-04:00,2023-08-06 09:30:00-04:00
realized_vol_60,bottom_10pct,0.0016804542901315618,1,2830,1.7203876616730077e-05,0.0,0.47314487632508834,9,2023-05-06 09:30:00-04:00,2023-08-06 09:30:00-04:00
realized_vol_60,bottom_10pct,0.0016804542901315618,3,2828,4.931423235402472e-05,7.889048422971001e-06,0.5,9,2023-05-06 09:30:00-04:00,2023-08-06 09:30:00-04:00
realized_vol_60,bottom_10pct,0.0016804542901315618,5,2826,9.532233660575639e-05,1.6425755584803525e-05,0.5099079971691437,9,2023-05-06 09:30:00-04:00,2023-08-06 09:30:00-04:00
realized_vol_60,bottom_10pct,0.0016804542901315618,10,2825,0.0002375346164365163,4.8872670402655416e-05,0.5366371681415929,9,2023-05-06 09:30:00-04:00,2023-08-06 09:30:00-04:00
realized_vol_60,bottom_10pct,0.0016804542901315618,20,2825,0.0004616241145592691,0.00015787562558222668,0.5815929203539822,9,2023-05-06 09:30:00-04:00,2023-08-06 09:30:00-04:00
realized_vol_60,bottom_10pct,0.0016804542901315618,30,2825,0.000581638730606584,0.00026046753923303356,0.592212389380531,9,2023-05-06 09:30:00-04:00,2023-08-06 09:30:00-04:00
realized_vol_60,bottom_10pct,0.0016804542901315618,60,2825,0.0007339980022981784,0.00043082127299709505,0.6180530973451327,9,2023-05-06 09:30:00-04:00,2023-08-06 09:30:00-04:00
realized_vol_60,top_10pct,0.004817758595834013,1,2831,9.648262586912532e-06,1.7363824208693757e-05,0.5100671140939598,9,2023-05-06 09:30:00-04:00,2023-08-06 09:30:00-04:00
realized_vol_60,top_10pct,0.004817758595834013,3,2831,3.198908028509883e-05,4.9504133595057453e-05,0.5178382197103497,9,2023-05-06 09:30:00-04:00,2023-08-06 09:30:00-04:00
realized_vol_60,top_10pct,0.004817758595834013,5,2831,4.743250453481542e-05,8.26050322986216e-05,0.5224302366654893,9,2023-05-06 09:30:00-04:00,2023-08-06 09:30:00-04:00
realized_vol_60,top_10pct,0.004817758595834013,10,2831,0.00010903471781233411,0.00014431402732340004,0.5347933592370188,9,2023-05-06 09:30:00-04:00,2023-08-06 09:30:00-04:00
realized_vol_60,top_10pct,0.004817758595834013,20,2831,0.00023544181216792224,0.0002518393265096286,0.5390321441186859,9,2023-05-06 09:30:00-04:00,2023-08-06 09:30:00-04:00
realized_vol_60,top_10pct,0.004817758595834013,30,2831,0.0003559094596079818,0.00033025644412876254,0.5439773931472978,9,2023-05-06 09:30:00-04:00,2023-08-06 09:30:00-04:00
realized_vol_60,top_10pct,0.004817758595834013,60,2831,0.0007712240245036769,0.000672236627292877,0.5835393853761922,9,2023-05-06 09:30:00-04:00,2023-08-06 09:30:00-04:00
vol_ratio_5_30,bottom_10pct,0.19229961008410318,1,2831,1.2092434424698114e-05,0.0,0.48922642175909575,9,2023-05-06 09:30:00-04:00,2023-08-06 09:30:00-04:00
vol_ratio_5_30,bottom_10pct,0.19229961008410318,3,2831,3.173215517429196e-05,1.5682338550426778e-05,0.5005298481102084,9,2023-05-06 09:30:00-04:00,2023-08-06 09:30:00-04:00
vol_ratio_5_30,bottom_10pct,0.19229961008410318,5,2831,3.649617866152409e-05,1.628001627995701e-05,0.5068880254327093,9,2023-05-06 09:30:00-04:00,2023-08-06 09:30:00-04:00
vol_ratio_5_30,bottom_10pct,0.19229961008410318,10,2828,4.808785357464764e-05,0.0,0.4985855728429986,9,2023-05-06 09:30:00-04:00,2023-08-06 09:30:00-04:00
vol_ratio_5_30,bottom_10pct,0.19229961008410318,20,2827,3.15088001353194e-05,-1.5683322355020124e-05,0.48744251857092324,9,2023-05-06 09:30:00-04:00,2023-08-06 09:30:00-04:00
vol_ratio_5_30,bottom_10pct,0.19229961008410318,30,2821,2.1427024999436894e-05,-1.6483969339842197e-05,0.4902516838000709,9,2023-05-06 09:30:00-04:00,2023-08-06 09:30:00-04:00
vol_ratio_5_30,bottom_10pct,0.19229961008410318,60,2813,0.00048923203639611,0.00036747978861173536,0.5463917525773195,9,2023-05-06 09:30:00-04:00,2023-08-06 09:30:00-04:00
vol_ratio_5_30,top_10pct,0.5541242622151117,1,2831,1.008046882226496e-05,1.797591227759021e-05,0.5132462027552102,9,2023-05-06 09:30:00-04:00,2023-08-06 09:30:00-04:00
vol_ratio_5_30,top_10pct,0.5541242622151117,3,2831,2.0035703613790923e-05,3.2563213337999386e-05,0.5224302366654893,9,2023-05-06 09:30:00-04:00,2023-08-06 09:30:00-04:00
vol_ratio_5_30,top_10pct,0.5541242622151117,5,2831,2.5135876138390264e-05,5.066626133665153e-05,0.5280819498410456,9,2023-05-06 09:30:00-04:00,2023-08-06 09:30:00-04:00
vol_ratio_5_30,top_10pct,0.5541242622151117,10,2831,7.891997417451011e-05,9.68663728386776e-05,0.5397386082656305,9,2023-05-06 09:30:00-04:00,2023-08-06 09:30:00-04:00
vol_ratio_5_30,top_10pct,0.5541242622151117,20,2831,3.09761750077158e-05,8.713989438646763e-05,0.527375485694101,9,2023-05-06 09:30:00-04:00,2023-08-06 09:30:00-04:00
vol_ratio_5_30,top_10pct,0.5541242622151117,30,2831,-4.559965774240113e-05,8.934953538242141e-05,0.5213705404450724,9,2023-05-06 09:30:00-04:00,2023-08-06 09:30:00-04:00
vol_ratio_5_30,top_10pct,0.5541242622151117,60,2831,9.38711083073053e-05,0.000143412582063851,0.5203108442246556,9,2023-05-06 09:30:00-04:00,2023-08-06 09:30:00-04:00
vol_ratio_5_60,bottom_10pct,0.11057225464654491,1,2831,8.686406894968961e-06,0.0,0.47792299540798305,9,2023-05-06 09:30:00-04:00,2023-08-06 09:30:00-04:00
vol_ratio_5_60,bottom_10pct,0.11057225464654491,3,2831,1.5955360439729626e-05,0.0,0.4931119745672907,9,2023-05-06 09:30:00-04:00,2023-08-06 09:30:00-04:00
vol_ratio_5_60,bottom_10pct,0.11057225464654491,5,2830,1.629666323058221e-05,0.0,0.4886925795053004,9,2023-05-06 09:30:00-04:00,2023-08-06 09:30:00-04:00
vol_ratio_5_60,bottom_10pct,0.11057225464654491,10,2825,0.00010313466728274142,0.0,0.4863716814159292,9,2023-05-06 09:30:00-04:00,2023-08-06 09:30:00-04:00
vol_ratio_5_60,bottom_10pct,0.11057225464654491,20,2820,0.00026892038837288227,0.0,0.49361702127659574,9,2023-05-06 09:30:00-04:00,2023-08-06 09:30:00-04:00
vol_ratio_5_60,bottom_10pct,0.11057225464654491,30,2812,0.00030571832918918927,3.2314773003916386e-05,0.5081792318634424,9,2023-05-06 09:30:00-04:00,2023-08-06 09:30:00-04:00
vol_ratio_5_60,bottom_10pct,0.11057225464654491,60,2805,0.0006722645378868612,0.00034282383996986354,0.5365418894830659,9,2023-05-06 09:30:00-04:00,2023-08-06 09:30:00-04:00
vol_ratio_5_60,top_10pct,0.3937010634447438,1,2831,1.0698041854988357e-05,1.6601092351908875e-05,0.5090074178735429,9,2023-05-06 09:30:00-04:00,2023-08-06 09:30:00-04:00
vol_ratio_5_60,top_10pct,0.3937010634447438,3,2831,1.8008200134296872e-05,1.867343890049611e-05,0.5121865065347934,9,2023-05-06 09:30:00-04:00,2023-08-06 09:30:00-04:00
vol_ratio_5_60,top_10pct,0.3937010634447438,5,2831,2.10954039293296e-05,3.322369513947265e-05,0.514305898975627,9,2023-05-06 09:30:00-04:00,2023-08-06 09:30:00-04:00
vol_ratio_5_60,top_10pct,0.3937010634447438,10,2831,7.266942393144802e-05,6.507980410974668e-05,0.5256093253267397,9,2023-05-06 09:30:00-04:00,2023-08-06 09:30:00-04:00
vol_ratio_5_60,top_10pct,0.3937010634447438,20,2831,1.4961725813336294e-05,4.8219107624980495e-05,0.5146591310490992,9,2023-05-06 09:30:00-04:00,2023-08-06 09:30:00-04:00
vol_ratio_5_60,top_10pct,0.3937010634447438,30,2831,1.2649208747470565e-05,9.872642906505469e-05,0.5245496291063229,9,2023-05-06 09:30:00-04:00,2023-08-06 09:30:00-04:00
vol_ratio_5_60,top_10pct,0.3937010634447438,60,2831,0.00016607282260822453,0.0001830898238674994,0.5252560932532674,9,2023-05-06 09:30:00-04:00,2023-08-06 09:30:00-04:00
vol_ratio_30_60,bottom_10pct,0.49158214899152997,1,2830,1.1541540743101526e-05,0.0,0.46925795053003533,9,2023-05-06 09:30:00-04:00,2023-08-06 09:30:00-04:00
vol_ratio_30_60,bottom_10pct,0.49158214899152997,3,2828,3.3715072780438216e-05,0.0,0.4833804809052334,9,2023-05-06 09:30:00-04:00,2023-08-06 09:30:00-04:00
vol_ratio_30_60,bottom_10pct,0.49158214899152997,5,2826,4.9444994362415015e-05,0.0,0.48230714791224344,9,2023-05-06 09:30:00-04:00,2023-08-06 09:30:00-04:00
vol_ratio_30_60,bottom_10pct,0.49158214899152997,10,2821,0.00010467105123837354,0.0,0.4955689471818504,9,2023-05-06 09:30:00-04:00,2023-08-06 09:30:00-04:00
vol_ratio_30_60,bottom_10pct,0.49158214899152997,20,2811,0.0003579251091518898,4.9341293728799585e-05,0.5161864105300604,9,2023-05-06 09:30:00-04:00,2023-08-06 09:30:00-04:00
vol_ratio_30_60,bottom_10pct,0.49158214899152997,30,2801,0.000603091996215664,0.00029537734455775677,0.5544448411281685,9,2023-05-06 09:30:00-04:00,2023-08-06 09:30:00-04:00
vol_ratio_30_60,bottom_10pct,0.49158214899152997,60,2795,0.0006437687956979798,0.00026022607139952747,0.5273703041144902,9,2023-05-06 09:30:00-04:00,2023-08-06 09:30:00-04:00
vol_ratio_30_60,top_10pct,0.8468543729227165,1,2831,1.025008296647919e-05,1.6926774772274555e-05,0.5075944895796538,9,2023-05-06 09:30:00-04:00,2023-08-06 09:30:00-04:00
vol_ratio_30_60,top_10pct,0.8468543729227165,3,2831,1.2558117450222364e-05,3.195602850469825e-05,0.5114800423878488,9,2023-05-06 09:30:00-04:00,2023-08-06 09:30:00-04:00
vol_ratio_30_60,top_10pct,0.8468543729227165,5,2831,5.033000528413084e-06,5.389770216135403e-05,0.5203108442246556,9,2023-05-06 09:30:00-04:00,2023-08-06 09:30:00-04:00
vol_ratio_30_60,top_10pct,0.8468543729227165,10,2831,-3.918246352693231e-05,1.5657783484224197e-05,0.5001766160367361,9,2023-05-06 09:30:00-04:00,2023-08-06 09:30:00-04:00
vol_ratio_30_60,top_10pct,0.8468543729227165,20,2831,-0.00014131335513766397,-3.594148725871715e-05,0.49028611797951255,9,2023-05-06 09:30:00-04:00,2023-08-06 09:30:00-04:00
vol_ratio_30_60,top_10pct,0.8468543729227165,30,2831,-0.00016560416497414496,-6.594892255951113e-05,0.48675379724478984,9,2023-05-06 09:30:00-04:00,2023-08-06 09:30:00-04:00
vol_ratio_30_60,top_10pct,0.8468543729227165,60,2831,-0.00010555919921003751,0.0,0.49911691981631934,9,2023-05-06 09:30:00-04:00,2023-08-06 09:30:00-04:00
normalized_vwap_distance,bottom_10pct,-8.537446236262879,1,2901,1.4486535757389258e-05,0.0,0.489831092726646,10,2023-08-06 09:30:00-04:00,2023-11-06 09:30:00-05:00
normalized_vwap_distance,bottom_10pct,-8.537446236262879,3,2901,2.796646281051123e-05,0.0,0.4812133746983799,10,2023-08-06 09:30:00-04:00,2023-11-06 09:30:00-05:00
normalized_vwap_distance,bottom_10pct,-8.537446236262879,5,2901,4.7332189937333385e-05,0.0,0.49948293691830403,10,2023-08-06 09:30:00-04:00,2023-11-06 09:30:00-05:00
normalized_vwap_distance,bottom_10pct,-8.537446236262879,10,2901,0.00010708602457640903,0.0,0.4963805584281282,10,2023-08-06 09:30:00-04:00,2023-11-06 09:30:00-05:00
normalized_vwap_distance,bottom_10pct,-8.537446236262879,20,2901,0.0002892315618333646,3.503608716970419e-05,0.5136159944846604,10,2023-08-06 09:30:00-04:00,2023-11-06 09:30:00-05:00
normalized_vwap_distance,bottom_10pct,-8.537446236262879,30,2901,0.00048466604523150276,0.000162514423154958,0.5380903136849362,10,2023-08-06 09:30:00-04:00,2023-11-06 09:30:00-05:00
normalized_vwap_distance,bottom_10pct,-8.537446236262879,60,2901,0.0008557945396246206,0.0005180005180005498,0.5670458462599104,10,2023-08-06 09:30:00-04:00,2023-11-06 09:30:00-05:00
normalized_vwap_distance,top_10pct,11.160683403051564,1,2900,-1.3205178909029127e-05,0.0,0.4844827586206897,10,2023-08-06 09:30:00-04:00,2023-11-06 09:30:00-05:00
normalized_vwap_distance,top_10pct,11.160683403051564,3,2898,-3.373646155521513e-05,0.0,0.4913733609385783,10,2023-08-06 09:30:00-04:00,2023-11-06 09:30:00-05:00
normalized_vwap_distance,top_10pct,11.160683403051564,5,2896,-4.641535121975249e-05,1.592635992486713e-05,0.5003453038674033,10,2023-08-06 09:30:00-04:00,2023-11-06 09:30:00-05:00
normalized_vwap_distance,top_10pct,11.160683403051564,10,2891,-8.893542915494388e-05,1.6221126394988516e-05,0.5036319612590799,10,2023-08-06 09:30:00-04:00,2023-11-06 09:30:00-05:00
normalized_vwap_distance,top_10pct,11.160683403051564,20,2881,-0.00021273358326709863,1.6253027126378328e-05,0.5029503644567859,10,2023-08-06 09:30:00-04:00,2023-11-06 09:30:00-05:00
normalized_vwap_distance,top_10pct,11.160683403051564,30,2871,-0.000354251793461221,1.636554071748897e-05,0.5022640195053988,10,2023-08-06 09:30:00-04:00,2023-11-06 09:30:00-05:00
normalized_vwap_distance,top_10pct,11.160683403051564,60,2861,-0.0005423354401812192,-0.00022612010207712085,0.47256204124432016,10,2023-08-06 09:30:00-04:00,2023-11-06 09:30:00-05:00
half_life_30,bottom_10pct,0.17076266698619183,1,999,-9.181508245166865e-06,0.0,0.4854854854854855,10,2023-08-06 09:30:00-04:00,2023-11-06 09:30:00-05:00
half_life_30,bottom_10pct,0.17076266698619183,3,999,-2.805846540859441e-06,1.594438598173653e-05,0.5005005005005005,10,2023-08-06 09:30:00-04:00,2023-11-06 09:30:00-05:00
half_life_30,bottom_10pct,0.17076266698619183,5,999,1.7911113688126843e-05,3.229765519030536e-05,0.5165165165165165,10,2023-08-06 09:30:00-04:00,2023-11-06 09:30:00-05:00
half_life_30,bottom_10pct,0.17076266698619183,10,999,2.7381416112980015e-05,8.113590263691961e-05,0.5225225225225225,10,2023-08-06 09:30:00-04:00,2023-11-06 09:30:00-05:00
half_life_30,bottom_10pct,0.17076266698619183,20,997,6.164666615752991e-05,8.121629523749618e-05,0.5195586760280843,10,2023-08-06 09:30:00-04:00,2023-11-06 09:30:00-05:00
half_life_30,bottom_10pct,0.17076266698619183,30,996,2.3526575118206024e-05,0.00014030601465275794,0.5271084337349398,10,2023-08-06 09:30:00-04:00,2023-11-06 09:30:00-05:00
half_life_30,bottom_10pct,0.17076266698619183,60,995,-5.048809262609603e-05,-6.823376889220079e-05,0.49246231155778897,10,2023-08-06 09:30:00-04:00,2023-11-06 09:30:00-05:00
half_life_30,top_10pct,0.5368454489384602,1,999,-2.3226279569224996e-05,0.0,0.4914914914914915,10,2023-08-06 09:30:00-04:00,2023-11-06 09:30:00-05:00
half_life_30,top_10pct,0.5368454489384602,3,999,-5.272662406249792e-05,0.0,0.4824824824824825,10,2023-08-06 09:30:00-04:00,2023-11-06 09:30:00-05:00
half_life_30,top_10pct,0.5368454489384602,5,999,-6.402909405171979e-05,-1.706164371872987e-05,0.4744744744744745,10,2023-08-06 09:30:00-04:00,2023-11-06 09:30:00-05:00
half_life_30,top_10pct,0.5368454489384602,10,999,-5.7624141263615784e-05,-3.214038922005891e-05,0.4914914914914915,10,2023-08-06 09:30:00-04:00,2023-11-06 09:30:00-05:00
half_life_30,top_10pct,0.5368454489384602,20,999,1.1913415774578963e-05,-4.9074134659377044e-05,0.48348348348348347,10,2023-08-06 09:30:00-04:00,2023-11-06 09:30:00-05:00
half_life_30,top_10pct,0.5368454489384602,30,999,-2.3927133652876385e-06,5.1347881899976855e-05,0.5145145145145145,10,2023-08-06 09:30:00-04:00,2023-11-06 09:30:00-05:00
half_life_30,top_10pct,0.5368454489384602,60,999,-0.00019156057363428953,0.00015156873642196977,0.5215215215215215,10,2023-08-06 09:30:00-04:00,2023-11-06 09:30:00-05:00
half_life_60,bottom_10pct,0.1605733978903367,1,1034,-1.9978119904364765e-05,-1.652832431670026e-05,0.46518375241779497,10,2023-08-06 09:30:00-04:00,2023-11-06 09:30:00-05:00
half_life_60,bottom_10pct,0.1605733978903367,3,1034,-4.952951290501699e-05,0.0,0.4922630560928433,10,2023-08-06 09:30:00-04:00,2023-11-06 09:30:00-05:00
half_life_60,bottom_10pct,0.1605733978903367,5,1034,-7.919124737852842e-05,-1.63560493992021e-05,0.4835589941972921,10,2023-08-06 09:30:00-04:00,2023-11-06 09:30:00-05:00
half_life_60,bottom_10pct,0.1605733978903367,10,1034,-0.00011004313478389619,-3.335415259925201e-05,0.4758220502901354,10,2023-08-06 09:30:00-04:00,2023-11-06 09:30:00-05:00
half_life_60,bottom_10pct,0.1605733978903367,20,1032,-5.2679527438339045e-05,-9.859494742514574e-05,0.46511627906976744,10,2023-08-06 09:30:00-04:00,2023-11-06 09:30:00-05:00
half_life_60,bottom_10pct,0.1605733978903367,30,1032,-4.417684137092942e-05,-8.305746918613188e-05,0.47674418604651164,10,2023-08-06 09:30:00-04:00,2023-11-06 09:30:00-05:00
half_life_60,bottom_10pct,0.1605733978903367,60,1032,-0.00011854196494816509,1.625910509883699e-05,0.5,10,2023-08-06 09:30:00-04:00,2023-11-06 09:30:00-05:00
half_life_60,top_10pct,0.4414241488300735,1,1034,3.18055715568072e-06,0.0,0.48065764023210833,10,2023-08-06 09:30:00-04:00,2023-11-06 09:30:00-05:00
half_life_60,top_10pct,0.4414241488300735,3,1034,-4.456332808917096e-06,0.0,0.49806576402321084,10,2023-08-06 09:30:00-04:00,2023-11-06 09:30:00-05:00
half_life_60,top_10pct,0.4414241488300735,5,1034,-2.4708557413308376e-05,4.915133578398123e-05,0.534816247582205,10,2023-08-06 09:30:00-04:00,2023-11-06 09:30:00-05:00
half_life_60,top_10pct,0.4414241488300735,10,1034,-2.4250229234281676e-05,9.076383983963598e-05,0.5444874274661509,10,2023-08-06 09:30:00-04:00,2023-11-06 09:30:00-05:00
half_life_60,top_10pct,0.4414241488300735,20,1034,-5.125958174425897e-05,8.199087856652909e-05,0.5222437137330754,10,2023-08-06 09:30:00-04:00,2023-11-06 09:30:00-05:00
half_life_60,top_10pct,0.4414241488300735,30,1034,-9.1180398534657e-05,0.00039517980853798207,0.5589941972920697,10,2023-08-06 09:30:00-04:00,2023-11-06 09:30:00-05:00
half_life_60,top_10pct,0.4414241488300735,60,1034,-0.00022725648045140022,7.49993472721755e-05,0.5087040618955513,10,2023-08-06 09:30:00-04:00,2023-11-06 09:30:00-05:00
normalized_ou_residual_30,bottom_10pct,-1.7091320595172281,1,2901,6.163730545040246e-06,3.288446044824589e-05,0.524646673560841,10,2023-08-06 09:30:00-04:00,2023-11-06 09:30:00-05:00
normalized_ou_residual_30,bottom_10pct,-1.7091320595172281,3,2901,4.12684752575095e-06,3.2661593232452546e-05,0.5115477421578766,10,2023-08-06 09:30:00-04:00,2023-11-06 09:30:00-05:00
normalized_ou_residual_30,bottom_10pct,-1.7091320595172281,5,2901,-3.261590430404143e-06,3.488514067440107e-05,0.5177524991382282,10,2023-08-06 09:30:00-04:00,2023-11-06 09:30:00-05:00
normalized_ou_residual_30,bottom_10pct,-1.7091320595172281,10,2901,-6.414604911531736e-05,-1.682991686025037e-05,0.4877628403998621,10,2023-08-06 09:30:00-04:00,2023-11-06 09:30:00-05:00
normalized_ou_residual_30,bottom_10pct,-1.7091320595172281,20,2901,-0.00012341847817423974,-3.291097581048508e-05,0.4901758014477766,10,2023-08-06 09:30:00-04:00,2023-11-06 09:30:00-05:00
normalized_ou_residual_30,bottom_10pct,-1.7091320595172281,30,2901,-0.00012885434208008748,-1.6852323092786392e-05,0.49258876249569117,10,2023-08-06 09:30:00-04:00,2023-11-06 09:30:00-05:00
normalized_ou_residual_30,bottom_10pct,-1.7091320595172281,60,2901,-0.00016903816396884156,0.00014373323112293335,0.5163736642537056,10,2023-08-06 09:30:00-04:00,2023-11-06 09:30:00-05:00
normalized_ou_residual_30,top_10pct,1.7161669589839283,1,2901,-9.190515594787278e-06,-1.605316809272228e-05,0.4781109962082041,10,2023-08-06 09:30:00-04:00,2023-11-06 09:30:00-05:00
normalized_ou_residual_30,top_10pct,1.7161669589839283,3,2901,-2.7343989970779376e-05,-3.2502356420827105e-05,0.473285074112375,10,2023-08-06 09:30:00-04:00,2023-11-06 09:30:00-05:00
normalized_ou_residual_30,top_10pct,1.7161669589839283,5,2900,-5.7577490831242086e-05,-1.6443564280821388e-05,0.48482758620689653,10,2023-08-06 09:30:00-04:00,2023-11-06 09:30:00-05:00
normalized_ou_residual_30,top_10pct,1.7161669589839283,10,2898,-6.58718745005958e-05,1.6538255656062262e-05,0.5062111801242236,10,2023-08-06 09:30:00-04:00,2023-11-06 09:30:00-05:00
normalized_ou_residual_30,top_10pct,1.7161669589839283,20,2898,-2.3079115595187895e-05,5.155510569443411e-05,0.5148378191856453,10,2023-08-06 09:30:00-04:00,2023-11-06 09:30:00-05:00
normalized_ou_residual_30,top_10pct,1.7161669589839283,30,2898,6.028890890007457e-06,4.880311589172681e-05,0.510351966873706,10,2023-08-06 09:30:00-04:00,2023-11-06 09:30:00-05:00
normalized_ou_residual_30,top_10pct,1.7161669589839283,60,2897,5.137121083413178e-05,0.0001186139117173024,0.5177770107007249,10,2023-08-06 09:30:00-04:00,2023-11-06 09:30:00-05:00
realized_vol_30,bottom_10pct,0.0011889175496853832,1,2900,-1.0068704228838895e-05,0.0,0.45241379310344826,10,2023-08-06 09:30:00-04:00,2023-11-06 09:30:00-05:00
realized_vol_30,bottom_10pct,0.0011889175496853832,3,2898,-3.0739213746562366e-05,0.0,0.45169082125603865,10,2023-08-06 09:30:00-04:00,2023-11-06 09:30:00-05:00
realized_vol_30,bottom_10pct,0.0011889175496853832,5,2896,-4.334237267808756e-05,0.0,0.46650552486187846,10,2023-08-06 09:30:00-04:00,2023-11-06 09:30:00-05:00
realized_vol_30,bottom_10pct,0.0011889175496853832,10,2891,-7.573727065347635e-05,-1.6141789478729685e-05,0.47146316153580076,10,2023-08-06 09:30:00-04:00,2023-11-06 09:30:00-05:00
realized_vol_30,bottom_10pct,0.0011889175496853832,20,2881,-0.0001426214815249684,-3.4701136462200743e-05,0.46719888927455744,10,2023-08-06 09:30:00-04:00,2023-11-06 09:30:00-05:00
realized_vol_30,bottom_10pct,0.0011889175496853832,30,2871,-0.0001714477278280949,-4.877097151778642e-05,0.48066875653082547,10,2023-08-06 09:30:00-04:00,2023-11-06 09:30:00-05:00
realized_vol_30,bottom_10pct,0.0011889175496853832,60,2848,-0.0002473122092828264,-0.00027883741612877433,0.4705056179775281,10,2023-08-06 09:30:00-04:00,2023-11-06 09:30:00-05:00
realized_vol_30,top_10pct,0.0037084307443468758,1,2901,-7.040261354627187e-06,0.0,0.4929334712168218,10,2023-08-06 09:30:00-04:00,2023-11-06 09:30:00-05:00
realized_vol_30,top_10pct,0.0037084307443468758,3,2901,-2.1480118416775305e-05,-1.688276607236805e-05,0.4905205101689073,10,2023-08-06 09:30:00-04:00,2023-11-06 09:30:00-05:00
realized_vol_30,top_10pct,0.0037084307443468758,5,2901,-4.255168493707527e-05,-3.387533875343074e-05,0.4884522578421234,10,2023-08-06 09:30:00-04:00,2023-11-06 09:30:00-05:00
realized_vol_30,top_10pct,0.0037084307443468758,10,2901,-0.00011825947127911914,-0.00010087424344318308,0.47776628748707345,10,2023-08-06 09:30:00-04:00,2023-11-06 09:30:00-05:00
realized_vol_30,top_10pct,0.0037084307443468758,20,2901,-0.0002246135973246835,-0.00030711537839844816,0.4660461909686315,10,2023-08-06 09:30:00-04:00,2023-11-06 09:30:00-05:00
realized_vol_30,top_10pct,0.0037084307443468758,30,2901,-0.00035452322065920546,-0.00024317883371427484,0.46880386073767666,10,2023-08-06 09:30:00-04:00,2023-11-06 09:30:00-05:00
realized_vol_30,top_10pct,0.0037084307443468758,60,2901,-0.00069520621335825,-0.00032426528313478364,0.4725956566701138,10,2023-08-06 09:30:00-04:00,2023-11-06 09:30:00-05:00
realized_vol_60,bottom_10pct,0.001924876975268517,1,2900,-1.2385172531292898e-05,0.0,0.46206896551724136,10,2023-08-06 09:30:00-04:00,2023-11-06 09:30:00-05:00
realized_vol_60,bottom_10pct,0.001924876975268517,3,2898,-3.8054287501346635e-05,0.0,0.46514837819185645,10,2023-08-06 09:30:00-04:00,2023-11-06 09:30:00-05:00
realized_vol_60,bottom_10pct,0.001924876975268517,5,2896,-6.0743867018127565e-05,0.0,0.4723756906077348,10,2023-08-06 09:30:00-04:00,2023-11-06 09:30:00-05:00
realized_vol_60,bottom_10pct,0.001924876975268517,10,2891,-8.128147594504124e-05,0.0,0.4804565894154272,10,2023-08-06 09:30:00-04:00,2023-11-06 09:30:00-05:00
realized_vol_60,bottom_10pct,0.001924876975268517,20,2881,-0.00024525087667579573,-4.963271788760437e-05,0.4585213467545991,10,2023-08-06 09:30:00-04:00,2023-11-06 09:30:00-05:00
realized_vol_60,bottom_10pct,0.001924876975268517,30,2871,-0.00040755178337127055,-0.00011270145384878472,0.4618599791013584,10,2023-08-06 09:30:00-04:00,2023-11-06 09:30:00-05:00
realized_vol_60,bottom_10pct,0.001924876975268517,60,2850,-0.0006104094573152874,-0.000536598459615234,0.43157894736842106,10,2023-08-06 09:30:00-04:00,2023-11-06 09:30:00-05:00
realized_vol_60,top_10pct,0.005595591539328677,1,2901,-2.1868791528613034e-05,-1.604595561688349e-05,0.49258876249569117,10,2023-08-06 09:30:00-04:00,2023-11-06 09:30:00-05:00
realized_vol_60,top_10pct,0.005595591539328677,3,2901,-5.864778833226606e-05,-5.114566284780686e-05,0.4753533264391589,10,2023-08-06 09:30:00-04:00,2023-11-06 09:30:00-05:00
realized_vol_60,top_10pct,0.005595591539328677,5,2901,-9.834790421307181e-05,-9.931637230398138e-05,0.4674250258531541,10,2023-08-06 09:30:00-04:00,2023-11-06 09:30:00-05:00
realized_vol_60,top_10pct,0.005595591539328677,10,2901,-0.00016815783379015465,-0.00011938669350020081,0.47156153050672184,10,2023-08-06 09:30:00-04:00,2023-11-06 09:30:00-05:00
realized_vol_60,top_10pct,0.005595591539328677,20,2901,-0.00022998251936296208,-0.00023470636557187952,0.47121682178559116,10,2023-08-06 09:30:00-04:00,2023-11-06 09:30:00-05:00
realized_vol_60,top_10pct,0.005595591539328677,30,2901,-0.000385829748996023,-0.00021925016443757883,0.4667356084108928,10,2023-08-06 09:30:00-04:00,2023-11-06 09:30:00-05:00
realized_vol_60,top_10pct,0.005595591539328677,60,2901,-0.0010531359265548968,-0.000698205102006022,0.4505342985177525,10,2023-08-06 09:30:00-04:00,2023-11-06 09:30:00-05:00
vol_ratio_5_30,bottom_10pct,0.18896883309181853,1,2901,6.658400052946835e-06,0.0,0.4853498793519476,10,2023-08-06 09:30:00-04:00,2023-11-06 09:30:00-05:00
vol_ratio_5_30,bottom_10pct,0.18896883309181853,3,2901,2.774947330666092e-06,0.0,0.4929334712168218,10,2023-08-06 09:30:00-04:00,2023-11-06 09:30:00-05:00
vol_ratio_5_30,bottom_10pct,0.18896883309181853,5,2900,-1.1837106427495879e-05,1.6129978726686645e-05,0.5017241379310344,10,2023-08-06 09:30:00-04:00,2023-11-06 09:30:00-05:00
vol_ratio_5_30,bottom_10pct,0.18896883309181853,10,2900,-2.4009470515104932e-05,1.6180228328610546e-05,0.5020689655172413,10,2023-08-06 09:30:00-04:00,2023-11-06 09:30:00-05:00
vol_ratio_5_30,bottom_10pct,0.18896883309181853,20,2900,-0.00011421912163605077,0.0,0.49310344827586206,10,2023-08-06 09:30:00-04:00,2023-11-06 09:30:00-05:00
vol_ratio_5_30,bottom_10pct,0.18896883309181853,30,2898,-0.000139577185318433,1.636647823310966e-05,0.5044858523119393,10,2023-08-06 09:30:00-04:00,2023-11-06 09:30:00-05:00
vol_ratio_5_30,bottom_10pct,0.18896883309181853,60,2883,-0.0003389801441837734,0.0,0.4984391259105099,10,2023-08-06 09:30:00-04:00,2023-11-06 09:30:00-05:00
vol_ratio_5_30,top_10pct,0.5483277079113847,1,2900,-8.447128767622207e-06,0.0,0.4996551724137931,10,2023-08-06 09:30:00-04:00,2023-11-06 09:30:00-05:00
vol_ratio_5_30,top_10pct,0.5483277079113847,3,2898,-1.660675223928308e-05,0.0,0.4996549344375431,10,2023-08-06 09:30:00-04:00,2023-11-06 09:30:00-05:00
vol_ratio_5_30,top_10pct,0.5483277079113847,5,2898,-5.2557209671453734e-05,1.6938689046841482e-05,0.5082815734989649,10,2023-08-06 09:30:00-04:00,2023-11-06 09:30:00-05:00
vol_ratio_5_30,top_10pct,0.5483277079113847,10,2898,-9.78626370920758e-05,1.6297794841579893e-05,0.5006901311249138,10,2023-08-06 09:30:00-04:00,2023-11-06 09:30:00-05:00
vol_ratio_5_30,top_10pct,0.5483277079113847,20,2898,-9.156837289580767e-05,9.919288877069388e-05,0.5200138026224983,10,2023-08-06 09:30:00-04:00,2023-11-06 09:30:00-05:00
vol_ratio_5_30,top_10pct,0.5483277079113847,30,2898,-7.929436727564282e-05,4.837897720177953e-05,0.5048309178743962,10,2023-08-06 09:30:00-04:00,2023-11-06 09:30:00-05:00
vol_ratio_5_30,top_10pct,0.5483277079113847,60,2898,-0.00011563342047052164,0.00017804685207567506,0.520703933747412,10,2023-08-06 09:30:00-04:00,2023-11-06 09:30:00-05:00
vol_ratio_5_60,bottom_10pct,0.1095837454483546,1,2901,3.1662951498835656e-06,0.0,0.4653567735263702,10,2023-08-06 09:30:00-04:00,2023-11-06 09:30:00-05:00
vol_ratio_5_60,bottom_10pct,0.1095837454483546,3,2901,4.868080617713026e-06,0.0,0.4846604619096863,10,2023-08-06 09:30:00-04:00,2023-11-06 09:30:00-05:00
vol_ratio_5_60,bottom_10pct,0.1095837454483546,5,2899,-4.613953141718499e-06,0.0,0.49844774060020697,10,2023-08-06 09:30:00-04:00,2023-11-06 09:30:00-05:00
vol_ratio_5_60,bottom_10pct,0.1095837454483546,10,2896,-3.3030473186087305e-05,7.966096294165226e-06,0.5,10,2023-08-06 09:30:00-04:00,2023-11-06 09:30:00-05:00
vol_ratio_5_60,bottom_10pct,0.1095837454483546,20,2891,-0.00019783476475231058,-1.6325730984645404e-05,0.4863369076444137,10,2023-08-06 09:30:00-04:00,2023-11-06 09:30:00-05:00
vol_ratio_5_60,bottom_10pct,0.1095837454483546,30,2881,-0.0002948409786869268,0.0,0.4949670253384242,10,2023-08-06 09:30:00-04:00,2023-11-06 09:30:00-05:00
vol_ratio_5_60,bottom_10pct,0.1095837454483546,60,2866,-0.00048773684224112765,0.0,0.49930216329378924,10,2023-08-06 09:30:00-04:00,2023-11-06 09:30:00-05:00
vol_ratio_5_60,top_10pct,0.3867701870280195,1,2901,-1.6726617506571805e-06,0.0,0.4977593933126508,10,2023-08-06 09:30:00-04:00,2023-11-06 09:30:00-05:00
vol_ratio_5_60,top_10pct,0.3867701870280195,3,2901,-4.662091365659079e-06,1.6453592641907377e-05,0.5063771113409169,10,2023-08-06 09:30:00-04:00,2023-11-06 09:30:00-05:00
vol_ratio_5_60,top_10pct,0.3867701870280195,5,2901,-2.7793099359691352e-05,3.346832223294349e-05,0.5143054119269217,10,2023-08-06 09:30:00-04:00,2023-11-06 09:30:00-05:00
vol_ratio_5_60,top_10pct,0.3867701870280195,10,2901,-3.7150576157845766e-05,3.357676487869554e-05,0.5074112375043088,10,2023-08-06 09:30:00-04:00,2023-11-06 09:30:00-05:00
vol_ratio_5_60,top_10pct,0.3867701870280195,20,2901,-4.037651151342991e-05,0.000138403515449248,0.5277490520510169,10,2023-08-06 09:30:00-04:00,2023-11-06 09:30:00-05:00
vol_ratio_5_60,top_10pct,0.3867701870280195,30,2901,-1.5693710572724725e-05,8.556662217196198e-05,0.5115477421578766,10,2023-08-06 09:30:00-04:00,2023-11-06 09:30:00-05:00
vol_ratio_5_60,top_10pct,0.3867701870280195,60,2901,-0.00014036223885231276,0.00014806528033695088,0.5139607032057911,10,2023-08-06 09:30:00-04:00,2023-11-06 09:30:00-05:00
vol_ratio_30_60,bottom_10pct,0.49196646873676825,1,2900,-8.573284444269627e-06,0.0,0.4627586206896552,10,2023-08-06 09:30:00-04:00,2023-11-06 09:30:00-05:00
vol_ratio_30_60,bottom_10pct,0.49196646873676825,3,2898,-2.6212141990427773e-05,0.0,0.46790890269151136,10,2023-08-06 09:30:00-04:00,2023-11-06 09:30:00-05:00
vol_ratio_30_60,bottom_10pct,0.49196646873676825,5,2896,-4.6634849344384315e-05,0.0,0.474792817679558,10,2023-08-06 09:30:00-04:00,2023-11-06 09:30:00-05:00
vol_ratio_30_60,bottom_10pct,0.49196646873676825,10,2891,-8.805795020190869e-05,0.0,0.49290902801798686,10,2023-08-06 09:30:00-04:00,2023-11-06 09:30:00-05:00
vol_ratio_30_60,bottom_10pct,0.49196646873676825,20,2881,-0.00015216031583732781,-1.605626113898584e-05,0.4925373134328358,10,2023-08-06 09:30:00-04:00,2023-11-06 09:30:00-05:00
vol_ratio_30_60,bottom_10pct,0.49196646873676825,30,2871,-0.0002178475810221401,3.3286731908610534e-05,0.5033089515848137,10,2023-08-06 09:30:00-04:00,2023-11-06 09:30:00-05:00
vol_ratio_30_60,bottom_10pct,0.49196646873676825,60,2865,-0.00042173930245565733,-0.00011850146433955988,0.4886561954624782,10,2023-08-06 09:30:00-04:00,2023-11-06 09:30:00-05:00
vol_ratio_30_60,top_10pct,0.8292025022021551,1,2901,3.7997486460520513e-06,0.0,0.4922440537745605,10,2023-08-06 09:30:00-04:00,2023-11-06 09:30:00-05:00
vol_ratio_30_60,top_10pct,0.8292025022021551,3,2901,1.4834601065954156e-05,0.0,0.4984488107549121,10,2023-08-06 09:30:00-04:00,2023-11-06 09:30:00-05:00
vol_ratio_30_60,top_10pct,0.8292025022021551,5,2901,1.0425085693138643e-05,1.6599714484977213e-05,0.5039641502930025,10,2023-08-06 09:30:00-04:00,2023-11-06 09:30:00-05:00
vol_ratio_30_60,top_10pct,0.8292025022021551,10,2901,7.73802051461605e-06,1.7122408095371355e-05,0.505342985177525,10,2023-08-06 09:30:00-04:00,2023-11-06 09:30:00-05:00
vol_ratio_30_60,top_10pct,0.8292025022021551,20,2901,1.099384870584482e-06,0.0,0.4984488107549121,10,2023-08-06 09:30:00-04:00,2023-11-06 09:30:00-05:00
vol_ratio_30_60,top_10pct,0.8292025022021551,30,2901,-1.2518935572771221e-05,1.6821423765245314e-05,0.5012064805239572,10,2023-08-06 09:30:00-04:00,2023-11-06 09:30:00-05:00
vol_ratio_30_60,top_10pct,0.8292025022021551,60,2901,-0.00035971504875883284,-0.00018574492156497868,0.4815580834195105,10,2023-08-06 09:30:00-04:00,2023-11-06 09:30:00-05:00
normalized_vwap_distance,bottom_10pct,-6.052486616360797,1,2810,1.6978039312338316e-05,1.4320697998004839e-05,0.504270462633452,11,2023-11-06 09:30:00-05:00,2024-02-06 09:30:00-05:00
normalized_vwap_distance,bottom_10pct,-6.052486616360797,3,2810,4.626910822390336e-05,1.519525907922592e-05,0.5113879003558719,11,2023-11-06 09:30:00-05:00,2024-02-06 09:30:00-05:00
normalized_vwap_distance,bottom_10pct,-6.052486616360797,5,2810,8.097014449416031e-05,4.421941674825902e-05,0.5359430604982206,11,2023-11-06 09:30:00-05:00,2024-02-06 09:30:00-05:00
normalized_vwap_distance,bottom_10pct,-6.052486616360797,10,2810,0.0001890215332086848,9.445028962773439e-05,0.5551601423487544,11,2023-11-06 09:30:00-05:00,2024-02-06 09:30:00-05:00
normalized_vwap_distance,bottom_10pct,-6.052486616360797,20,2810,0.0004469636242138037,0.00024196426024802875,0.59644128113879,11,2023-11-06 09:30:00-05:00,2024-02-06 09:30:00-05:00
normalized_vwap_distance,bottom_10pct,-6.052486616360797,30,2810,0.000689154101123289,0.00042525045573671427,0.6298932384341637,11,2023-11-06 09:30:00-05:00,2024-02-06 09:30:00-05:00
normalized_vwap_distance,bottom_10pct,-6.052486616360797,60,2810,0.0014118559391139201,0.0011514620354273752,0.6669039145907474,11,2023-11-06 09:30:00-05:00,2024-02-06 09:30:00-05:00
normalized_vwap_distance,top_10pct,12.35008531705143,1,2809,1.2831329101916918e-05,0.0,0.49021003915984335,11,2023-11-06 09:30:00-05:00,2024-02-06 09:30:00-05:00
normalized_vwap_distance,top_10pct,12.35008531705143,3,2807,3.083424322101071e-05,1.4340412717084305e-05,0.5030281439258996,11,2023-11-06 09:30:00-05:00,2024-02-06 09:30:00-05:00
normalized_vwap_distance,top_10pct,12.35008531705143,5,2805,5.4886160210722445e-05,2.8241407551643505e-05,0.526916221033868,11,2023-11-06 09:30:00-05:00,2024-02-06 09:30:00-05:00
normalized_vwap_distance,top_10pct,12.35008531705143,10,2803,0.00011262628261702787,4.46721067366429e-05,0.5412058508740635,11,2023-11-06 09:30:00-05:00,2024-02-06 09:30:00-05:00
normalized_vwap_distance,top_10pct,12.35008531705143,20,2803,0.0002436023265620118,0.0001459662234160053,0.5833036032821977,11,2023-11-06 09:30:00-05:00,2024-02-06 09:30:00-05:00
normalized_vwap_distance,top_10pct,12.35008531705143,30,2803,0.00039668846136841084,0.00030978477334087096,0.5990010702818409,11,2023-11-06 09:30:00-05:00,2024-02-06 09:30:00-05:00
normalized_vwap_distance,top_10pct,12.35008531705143,60,2803,0.000472268004757905,0.0007183503295959959,0.6118444523724581,11,2023-11-06 09:30:00-05:00,2024-02-06 09:30:00-05:00
half_life_30,bottom_10pct,0.17640658003180296,1,1149,9.831369883468875e-06,1.4109347442614606e-05,0.5004351610095735,11,2023-11-06 09:30:00-05:00,2024-02-06 09:30:00-05:00
half_life_30,bottom_10pct,0.17640658003180296,3,1149,2.2637787644120987e-05,2.9202622395585465e-05,0.5143603133159269,11,2023-11-06 09:30:00-05:00,2024-02-06 09:30:00-05:00
half_life_30,bottom_10pct,0.17640658003180296,5,1149,4.010385542685121e-05,3.207132663041179e-05,0.5282854656222803,11,2023-11-06 09:30:00-05:00,2024-02-06 09:30:00-05:00
half_life_30,bottom_10pct,0.17640658003180296,10,1149,4.4462543207509554e-05,4.382184957418822e-05,0.5282854656222803,11,2023-11-06 09:30:00-05:00,2024-02-06 09:30:00-05:00
half_life_30,bottom_10pct,0.17640658003180296,20,1149,-5.502486390050362e-06,7.307377528342762e-05,0.5230635335073978,11,2023-11-06 09:30:00-05:00,2024-02-06 09:30:00-05:00
half_life_30,bottom_10pct,0.17640658003180296,30,1149,-9.496616871634567e-06,6.221904213776774e-05,0.515230635335074,11,2023-11-06 09:30:00-05:00,2024-02-06 09:30:00-05:00
half_life_30,bottom_10pct,0.17640658003180296,60,1149,7.085723701663622e-06,0.0001168121951931056,0.5221932114882507,11,2023-11-06 09:30:00-05:00,2024-02-06 09:30:00-05:00
half_life_30,top_10pct,0.5469158222057078,1,1149,2.345170598121607e-06,1.557268550955726e-05,0.5134899912967799,11,2023-11-06 09:30:00-05:00,2024-02-06 09:30:00-05:00
half_life_30,top_10pct,0.5469158222057078,3,1149,2.5375581164422406e-05,3.2520325203178047e-05,0.5335073977371627,11,2023-11-06 09:30:00-05:00,2024-02-06 09:30:00-05:00
half_life_30,top_10pct,0.5469158222057078,5,1149,5.360356583738413e-05,5.9908938413677504e-05,0.5413402959094865,11,2023-11-06 09:30:00-05:00,2024-02-06 09:30:00-05:00
half_life_30,top_10pct,0.5469158222057078,10,1149,6.319582473723333e-05,8.129816916513377e-05,0.5404699738903395,11,2023-11-06 09:30:00-05:00,2024-02-06 09:30:00-05:00
half_life_30,top_10pct,0.5469158222057078,20,1149,-3.065218725463461e-05,8.965661516402434e-05,0.5413402959094865,11,2023-11-06 09:30:00-05:00,2024-02-06 09:30:00-05:00
half_life_30,top_10pct,0.5469158222057078,30,1149,-5.228291522530455e-05,7.806279371136426e-05,0.5187119234116623,11,2023-11-06 09:30:00-05:00,2024-02-06 09:30:00-05:00
half_life_30,top_10pct,0.5469158222057078,60,1148,-9.657860921665118e-05,0.00031935802892757437,0.5409407665505227,11,2023-11-06 09:30:00-05:00,2024-02-06 09:30:00-05:00
half_life_60,bottom_10pct,0.16452526128748884,1,1216,-5.003250599417266e-07,1.487763757002103e-05,0.5115131578947368,11,2023-11-06 09:30:00-05:00,2024-02-06 09:30:00-05:00
half_life_60,bottom_10pct,0.16452526128748884,3,1216,1.5082865765117909e-05,0.0,0.4901315789473684,11,2023-11-06 09:30:00-05:00,2024-02-06 09:30:00-05:00
half_life_60,bottom_10pct,0.16452526128748884,5,1216,3.688939857279166e-05,1.5212572936351698e-05,0.5032894736842105,11,2023-11-06 09:30:00-05:00,2024-02-06 09:30:00-05:00
half_life_60,bottom_10pct,0.16452526128748884,10,1216,4.3891959307170556e-05,2.922846356046005e-05,0.5139802631578947,11,2023-11-06 09:30:00-05:00,2024-02-06 09:30:00-05:00
half_life_60,bottom_10pct,0.16452526128748884,20,1216,-3.971781991707408e-05,6.056062005443952e-05,0.5205592105263158,11,2023-11-06 09:30:00-05:00,2024-02-06 09:30:00-05:00
half_life_60,bottom_10pct,0.16452526128748884,30,1216,-9.234885554716304e-05,7.219062617691563e-05,0.5197368421052632,11,2023-11-06 09:30:00-05:00,2024-02-06 09:30:00-05:00
half_life_60,bottom_10pct,0.16452526128748884,60,1216,-0.0002810138416446572,-7.389245707994929e-05,0.48355263157894735,11,2023-11-06 09:30:00-05:00,2024-02-06 09:30:00-05:00
half_life_60,top_10pct,0.46008591420262096,1,1215,1.4586156945902428e-05,1.5726979633479132e-05,0.5251028806584362,11,2023-11-06 09:30:00-05:00,2024-02-06 09:30:00-05:00
half_life_60,top_10pct,0.46008591420262096,3,1213,2.9817623238823237e-05,1.5726979633479132e-05,0.5218466611706513,11,2023-11-06 09:30:00-05:00,2024-02-06 09:30:00-05:00
half_life_60,top_10pct,0.46008591420262096,5,1212,5.6363181013773695e-05,3.251503828261004e-05,0.5222772277227723,11,2023-11-06 09:30:00-05:00,2024-02-06 09:30:00-05:00
half_life_60,top_10pct,0.46008591420262096,10,1209,6.721221141718605e-05,7.548081277741758e-05,0.5417700578990902,11,2023-11-06 09:30:00-05:00,2024-02-06 09:30:00-05:00
half_life_60,top_10pct,0.46008591420262096,20,1209,0.00017859851764383055,0.0002870140493376194,0.5740281224152192,11,2023-11-06 09:30:00-05:00,2024-02-06 09:30:00-05:00
half_life_60,top_10pct,0.46008591420262096,30,1209,0.0001814352319364517,0.0002830856334041787,0.5723738626964433,11,2023-11-06 09:30:00-05:00,2024-02-06 09:30:00-05:00
half_life_60,top_10pct,0.46008591420262096,60,1209,0.0007804109435008405,0.000859683948919221,0.6335814722911497,11,2023-11-06 09:30:00-05:00,2024-02-06 09:30:00-05:00
normalized_ou_residual_30,bottom_10pct,-1.655884728387017,1,2810,6.401048016939068e-06,1.540613151673753e-05,0.5135231316725979,11,2023-11-06 09:30:00-05:00,2024-02-06 09:30:00-05:00
normalized_ou_residual_30,bottom_10pct,-1.655884728387017,3,2810,1.799330245759639e-05,3.0516423481286026e-05,0.5245551601423487,11,2023-11-06 09:30:00-05:00,2024-02-06 09:30:00-05:00
normalized_ou_residual_30,bottom_10pct,-1.655884728387017,5,2810,4.710386013034933e-05,6.147746308793334e-05,0.5391459074733096,11,2023-11-06 09:30:00-05:00,2024-02-06 09:30:00-05:00
normalized_ou_residual_30,bottom_10pct,-1.655884728387017,10,2810,8.769532461485695e-05,7.884578697958666e-05,0.5380782918149466,11,2023-11-06 09:30:00-05:00,2024-02-06 09:30:00-05:00
normalized_ou_residual_30,bottom_10pct,-1.655884728387017,20,2810,0.00015643051077469093,0.00016224907610440376,0.5487544483985766,11,2023-11-06 09:30:00-05:00,2024-02-06 09:30:00-05:00
normalized_ou_residual_30,bottom_10pct,-1.655884728387017,30,2806,0.000273895826122563,0.00022413728978254444,0.5623663578047042,11,2023-11-06 09:30:00-05:00,2024-02-06 09:30:00-05:00
normalized_ou_residual_30,bottom_10pct,-1.655884728387017,60,2802,0.0002769335780589023,0.0003316664131713942,0.5603140613847252,11,2023-11-06 09:30:00-05:00,2024-02-06 09:30:00-05:00
normalized_ou_residual_30,top_10pct,1.7658485483542725,1,2809,1.0988809589104466e-05,0.0,0.49021003915984335,11,2023-11-06 09:30:00-05:00,2024-02-06 09:30:00-05:00
normalized_ou_residual_30,top_10pct,1.7658485483542725,3,2807,3.984911624928808e-05,1.558676372015455e-05,0.5108656929105807,11,2023-11-06 09:30:00-05:00,2024-02-06 09:30:00-05:00
normalized_ou_residual_30,top_10pct,1.7658485483542725,5,2807,5.482393869083457e-05,3.135238513274352e-05,0.5215532597078731,11,2023-11-06 09:30:00-05:00,2024-02-06 09:30:00-05:00
normalized_ou_residual_30,top_10pct,1.7658485483542725,10,2807,3.814060712055303e-05,5.6957338953056436e-05,0.5286783042394015,11,2023-11-06 09:30:00-05:00,2024-02-06 09:30:00-05:00
normalized_ou_residual_30,top_10pct,1.7658485483542725,20,2807,2.741305684558702e-05,0.0001172264228357367,0.5439971499821874,11,2023-11-06 09:30:00-05:00,2024-02-06 09:30:00-05:00
normalized_ou_residual_30,top_10pct,1.7658485483542725,30,2807,7.474899199098368e-05,0.00010777521170135529,0.5229782686141788,11,2023-11-06 09:30:00-05:00,2024-02-06 09:30:00-05:00
normalized_ou_residual_30,top_10pct,1.7658485483542725,60,2807,0.0003240335539168041,0.00036901458345628413,0.5728535803348771,11,2023-11-06 09:30:00-05:00,2024-02-06 09:30:00-05:00
realized_vol_30,bottom_10pct,0.0007809592614724384,1,2809,2.412288421735572e-05,0.0,0.4574581701673193,11,2023-11-06 09:30:00-05:00,2024-02-06 09:30:00-05:00
realized_vol_30,bottom_10pct,0.0007809592614724384,3,2807,7.462459391749099e-05,0.0,0.4848592803705023,11,2023-11-06 09:30:00-05:00,2024-02-06 09:30:00-05:00
realized_vol_30,bottom_10pct,0.0007809592614724384,5,2805,0.00012730756311218522,1.4731228731745816e-05,0.5098039215686274,11,2023-11-06 09:30:00-05:00,2024-02-06 09:30:00-05:00
realized_vol_30,bottom_10pct,0.0007809592614724384,10,2800,0.0002594349451375127,2.8916121810995676e-05,0.5189285714285714,11,2023-11-06 09:30:00-05:00,2024-02-06 09:30:00-05:00
realized_vol_30,bottom_10pct,0.0007809592614724384,20,2790,0.0005266251688598425,0.00010412886760113871,0.5670250896057347,11,2023-11-06 09:30:00-05:00,2024-02-06 09:30:00-05:00
realized_vol_30,bottom_10pct,0.0007809592614724384,30,2784,0.0007263112964856523,0.00026222472225301274,0.5826149425287356,11,2023-11-06 09:30:00-05:00,2024-02-06 09:30:00-05:00
realized_vol_30,bottom_10pct,0.0007809592614724384,60,2784,0.0007306487381055249,0.0004373664686291301,0.5811781609195402,11,2023-11-06 09:30:00-05:00,2024-02-06 09:30:00-05:00
realized_vol_30,top_10pct,0.002864641978674908,1,2810,1.1113511346720641e-05,1.5776354435281803e-05,0.5110320284697509,11,2023-11-06 09:30:00-05:00,2024-02-06 09:30:00-05:00
realized_vol_30,top_10pct,0.002864641978674908,3,2810,3.288313790820633e-05,4.522125271144706e-05,0.5199288256227758,11,2023-11-06 09:30:00-05:00,2024-02-06 09:30:00-05:00
realized_vol_30,top_10pct,0.002864641978674908,5,2810,5.0174634867742386e-05,8.802881727132394e-05,0.5323843416370106,11,2023-11-06 09:30:00-05:00,2024-02-06 09:30:00-05:00
realized_vol_30,top_10pct,0.002864641978674908,10,2810,6.380687961180824e-05,0.0001357450837765617,0.5402135231316726,11,2023-11-06 09:30:00-05:00,2024-02-06 09:30:00-05:00
realized_vol_30,top_10pct,0.002864641978674908,20,2810,9.154003289403752e-05,0.0001761144803354986,0.5355871886120996,11,2023-11-06 09:30:00-05:00,2024-02-06 09:30:00-05:00
realized_vol_30,top_10pct,0.002864641978674908,30,2810,5.6410059394945366e-05,0.0001096266160982573,0.5156583629893239,11,2023-11-06 09:30:00-05:00,2024-02-06 09:30:00-05:00
realized_vol_30,top_10pct,0.002864641978674908,60,2810,-2.0706478141182786e-05,0.0003137396358219302,0.5295373665480427,11,2023-11-06 09:30:00-05:00,2024-02-06 09:30:00-05:00
realized_vol_60,bottom_10pct,0.0013321812155882432,1,2809,2.475590099685961e-05,0.0,0.4795300818796725,11,2023-11-06 09:30:00-05:00,2024-02-06 09:30:00-05:00
realized_vol_60,bottom_10pct,0.0013321812155882432,3,2809,5.126805914357288e-05,1.4191241165972812e-05,0.5008899964400142,11,2023-11-06 09:30:00-05:00,2024-02-06 09:30:00-05:00
realized_vol_60,bottom_10pct,0.0013321812155882432,5,2809,7.988534604224698e-05,1.5618410982964903e-05,0.5233179067283731,11,2023-11-06 09:30:00-05:00,2024-02-06 09:30:00-05:00
realized_vol_60,bottom_10pct,0.0013321812155882432,10,2809,0.00016137020380893287,3.116478379427967e-05,0.530437878248487,11,2023-11-06 09:30:00-05:00,2024-02-06 09:30:00-05:00
realized_vol_60,bottom_10pct,0.0013321812155882432,20,2809,0.000270280245078054,9.343902325076314e-05,0.55749377002492,11,2023-11-06 09:30:00-05:00,2024-02-06 09:30:00-05:00
realized_vol_60,bottom_10pct,0.0013321812155882432,30,2809,0.00034354591350704524,0.0001386983926396912,0.5510857956568174,11,2023-11-06 09:30:00-05:00,2024-02-06 09:30:00-05:00
realized_vol_60,bottom_10pct,0.0013321812155882432,60,2809,0.0004512557605866543,0.0003423858065521035,0.5795656817372731,11,2023-11-06 09:30:00-05:00,2024-02-06 09:30:00-05:00
realized_vol_60,top_10pct,0.004150267518351992,1,2810,-5.000139295068326e-06,1.4685481940390765e-05,0.503202846975089,11,2023-11-06 09:30:00-05:00,2024-02-06 09:30:00-05:00
realized_vol_60,top_10pct,0.004150267518351992,3,2810,-1.810384794291359e-05,1.631314367900316e-05,0.5067615658362989,11,2023-11-06 09:30:00-05:00,2024-02-06 09:30:00-05:00
realized_vol_60,top_10pct,0.004150267518351992,5,2810,-3.890079019807565e-05,0.0,0.498932384341637,11,2023-11-06 09:30:00-05:00,2024-02-06 09:30:00-05:00
realized_vol_60,top_10pct,0.004150267518351992,10,2810,-9.316769473173538e-05,4.37726512253489e-05,0.5113879003558719,11,2023-11-06 09:30:00-05:00,2024-02-06 09:30:00-05:00
realized_vol_60,top_10pct,0.004150267518351992,20,2810,-0.00017181669300399385,5.885263431215648e-05,0.5120996441281139,11,2023-11-06 09:30:00-05:00,2024-02-06 09:30:00-05:00
realized_vol_60,top_10pct,0.004150267518351992,30,2810,-0.0002357102662193355,-5.959911820052621e-05,0.4864768683274021,11,2023-11-06 09:30:00-05:00,2024-02-06 09:30:00-05:00
realized_vol_60,top_10pct,0.004150267518351992,60,2810,-8.251424694619276e-05,0.00018713225096389507,0.5167259786476869,11,2023-11-06 09:30:00-05:00,2024-02-06 09:30:00-05:00
vol_ratio_5_30,bottom_10pct,0.18583121043418863,1,2810,2.7527027556615457e-06,0.0,0.48612099644128115,11,2023-11-06 09:30:00-05:00,2024-02-06 09:30:00-05:00
vol_ratio_5_30,bottom_10pct,0.18583121043418863,3,2810,9.69281290151642e-06,0.0,0.498220640569395,11,2023-11-06 09:30:00-05:00,2024-02-06 09:30:00-05:00
vol_ratio_5_30,bottom_10pct,0.18583121043418863,5,2810,1.395122380757831e-05,1.4799286708222503e-05,0.505693950177936,11,2023-11-06 09:30:00-05:00,2024-02-06 09:30:00-05:00
vol_ratio_5_30,bottom_10pct,0.18583121043418863,10,2810,2.4367048950046933e-05,2.239946049109598e-05,0.5131672597864768,11,2023-11-06 09:30:00-05:00,2024-02-06 09:30:00-05:00
vol_ratio_5_30,bottom_10pct,0.18583121043418863,20,2810,6.531083320860333e-05,4.7317498447552175e-05,0.5323843416370106,11,2023-11-06 09:30:00-05:00,2024-02-06 09:30:00-05:00
vol_ratio_5_30,bottom_10pct,0.18583121043418863,30,2809,0.00010551217299952406,6.290890790139336e-05,0.5325738697045211,11,2023-11-06 09:30:00-05:00,2024-02-06 09:30:00-05:00
vol_ratio_5_30,bottom_10pct,0.18583121043418863,60,2788,0.00047562818621700766,0.000583290206806919,0.5796269727403156,11,2023-11-06 09:30:00-05:00,2024-02-06 09:30:00-05:00
vol_ratio_5_30,top_10pct,0.557756568100678,1,2810,1.527368567926385e-05,1.6453457283849282e-05,0.5252669039145907,11,2023-11-06 09:30:00-05:00,2024-02-06 09:30:00-05:00
vol_ratio_5_30,top_10pct,0.557756568100678,3,2810,5.3849630399426886e-05,5.737767110969294e-05,0.5473309608540925,11,2023-11-06 09:30:00-05:00,2024-02-06 09:30:00-05:00
vol_ratio_5_30,top_10pct,0.557756568100678,5,2810,8.214211481693804e-05,0.00010667615079129611,0.5597864768683274,11,2023-11-06 09:30:00-05:00,2024-02-06 09:30:00-05:00
vol_ratio_5_30,top_10pct,0.557756568100678,10,2810,7.898855742439451e-05,0.00012175906189926256,0.5658362989323843,11,2023-11-06 09:30:00-05:00,2024-02-06 09:30:00-05:00
vol_ratio_5_30,top_10pct,0.557756568100678,20,2810,0.00014386231155982395,0.000147999063309312,0.5469750889679715,11,2023-11-06 09:30:00-05:00,2024-02-06 09:30:00-05:00
vol_ratio_5_30,top_10pct,0.557756568100678,30,2810,0.00013920361954702267,0.00013158857274486735,0.5348754448398576,11,2023-11-06 09:30:00-05:00,2024-02-06 09:30:00-05:00
vol_ratio_5_30,top_10pct,0.557756568100678,60,2806,0.00017808130101297848,0.00018673124965062904,0.5395580898075553,11,2023-11-06 09:30:00-05:00,2024-02-06 09:30:00-05:00
vol_ratio_5_60,bottom_10pct,0.10668028954552491,1,2809,-3.739900747221493e-06,0.0,0.47312210751156997,11,2023-11-06 09:30:00-05:00,2024-02-06 09:30:00-05:00
vol_ratio_5_60,bottom_10pct,0.10668028954552491,3,2807,9.577442497775541e-06,0.0,0.4848592803705023,11,2023-11-06 09:30:00-05:00,2024-02-06 09:30:00-05:00
vol_ratio_5_60,bottom_10pct,0.10668028954552491,5,2805,3.049007004142597e-05,0.0,0.4966131907308378,11,2023-11-06 09:30:00-05:00,2024-02-06 09:30:00-05:00
vol_ratio_5_60,bottom_10pct,0.10668028954552491,10,2800,5.040789111554613e-05,0.0,0.49785714285714283,11,2023-11-06 09:30:00-05:00,2024-02-06 09:30:00-05:00
vol_ratio_5_60,bottom_10pct,0.10668028954552491,20,2790,0.00013910890203829422,5.8748366073779756e-05,0.5351254480286738,11,2023-11-06 09:30:00-05:00,2024-02-06 09:30:00-05:00
vol_ratio_5_60,bottom_10pct,0.10668028954552491,30,2785,0.0003289002010560291,0.00013143291080086605,0.5587073608617594,11,2023-11-06 09:30:00-05:00,2024-02-06 09:30:00-05:00
vol_ratio_5_60,bottom_10pct,0.10668028954552491,60,2770,0.0007026541407740084,0.0007755359785509564,0.591696750902527,11,2023-11-06 09:30:00-05:00,2024-02-06 09:30:00-05:00
vol_ratio_5_60,top_10pct,0.3885323052428143,1,2810,5.732522916034168e-06,1.5754855662186706e-05,0.5185053380782918,11,2023-11-06 09:30:00-05:00,2024-02-06 09:30:00-05:00
vol_ratio_5_60,top_10pct,0.3885323052428143,3,2810,3.186655727713346e-05,4.470512926024739e-05,0.5309608540925267,11,2023-11-06 09:30:00-05:00,2024-02-06 09:30:00-05:00
vol_ratio_5_60,top_10pct,0.3885323052428143,5,2810,6.475466780498806e-05,8.34236750312245e-05,0.5455516014234876,11,2023-11-06 09:30:00-05:00,2024-02-06 09:30:00-05:00
vol_ratio_5_60,top_10pct,0.3885323052428143,10,2810,6.558490024068159e-05,9.436966914455613e-05,0.5423487544483986,11,2023-11-06 09:30:00-05:00,2024-02-06 09:30:00-05:00
vol_ratio_5_60,top_10pct,0.3885323052428143,20,2810,7.326471263613951e-05,7.888685197909862e-05,0.5234875444839857,11,2023-11-06 09:30:00-05:00,2024-02-06 09:30:00-05:00
vol_ratio_5_60,top_10pct,0.3885323052428143,30,2810,8.628731877084792e-05,7.73045896212965e-05,0.5241992882562277,11,2023-11-06 09:30:00-05:00,2024-02-06 09:30:00-05:00
vol_ratio_5_60,top_10pct,0.3885323052428143,60,2806,0.00012137209005175623,0.0002626388736484131,0.5491803278688525,11,2023-11-06 09:30:00-05:00,2024-02-06 09:30:00-05:00
vol_ratio_30_60,bottom_10pct,0.4784128160921613,1,2809,5.756709593267645e-06,0.0,0.46529013883944464,11,2023-11-06 09:30:00-05:00,2024-02-06 09:30:00-05:00
vol_ratio_30_60,bottom_10pct,0.4784128160921613,3,2807,3.033356642956176e-05,0.0,0.4720342002137513,11,2023-11-06 09:30:00-05:00,2024-02-06 09:30:00-05:00
vol_ratio_30_60,bottom_10pct,0.4784128160921613,5,2805,6.391003710911683e-05,0.0,0.47950089126559714,11,2023-11-06 09:30:00-05:00,2024-02-06 09:30:00-05:00
vol_ratio_30_60,bottom_10pct,0.4784128160921613,10,2800,0.00016230984609859984,0.0,0.49357142857142855,11,2023-11-06 09:30:00-05:00,2024-02-06 09:30:00-05:00
vol_ratio_30_60,bottom_10pct,0.4784128160921613,20,2790,0.0004702604442396162,0.00011862572104803792,0.5559139784946237,11,2023-11-06 09:30:00-05:00,2024-02-06 09:30:00-05:00
vol_ratio_30_60,bottom_10pct,0.4784128160921613,30,2780,0.0007472097995196397,0.0005594947396807548,0.6010791366906475,11,2023-11-06 09:30:00-05:00,2024-02-06 09:30:00-05:00
vol_ratio_30_60,bottom_10pct,0.4784128160921613,60,2779,0.0008906279697743933,0.0006774534053850534,0.5915797049298309,11,2023-11-06 09:30:00-05:00,2024-02-06 09:30:00-05:00
vol_ratio_30_60,top_10pct,0.8651770315317704,1,2810,6.1777815987238345e-06,1.5525378241676435e-05,0.5085409252669039,11,2023-11-06 09:30:00-05:00,2024-02-06 09:30:00-05:00
vol_ratio_30_60,top_10pct,0.8651770315317704,3,2810,2.156396824372917e-05,2.9355650933426958e-05,0.5160142348754448,11,2023-11-06 09:30:00-05:00,2024-02-06 09:30:00-05:00
vol_ratio_30_60,top_10pct,0.8651770315317704,5,2810,3.0262776081717316e-05,4.381739164860399e-05,0.5227758007117438,11,2023-11-06 09:30:00-05:00,2024-02-06 09:30:00-05:00
vol_ratio_30_60,top_10pct,0.8651770315317704,10,2810,2.7407652652741117e-05,7.430635127103624e-05,0.5313167259786477,11,2023-11-06 09:30:00-05:00,2024-02-06 09:30:00-05:00
vol_ratio_30_60,top_10pct,0.8651770315317704,20,2810,9.409542879029399e-05,9.340992956607952e-05,0.5302491103202847,11,2023-11-06 09:30:00-05:00,2024-02-06 09:30:00-05:00
vol_ratio_30_60,top_10pct,0.8651770315317704,30,2810,0.00012614179685207963,7.628928898384402e-05,0.5160142348754448,11,2023-11-06 09:30:00-05:00,2024-02-06 09:30:00-05:00
vol_ratio_30_60,top_10pct,0.8651770315317704,60,2810,-2.052671224892045e-05,0.0003388351001953893,0.5480427046263345,11,2023-11-06 09:30:00-05:00,2024-02-06 09:30:00-05:00
normalized_vwap_distance,bottom_10pct,-7.324485128601933,1,2811,3.4007148587086305e-06,0.0,0.48061188189256493,12,2024-02-06 09:30:00-05:00,2024-05-06 09:30:00-04:00
normalized_vwap_distance,bottom_10pct,-7.324485128601933,3,2811,1.2251548300544955e-06,0.0,0.4895055140519388,12,2024-02-06 09:30:00-05:00,2024-05-06 09:30:00-04:00
normalized_vwap_distance,bottom_10pct,-7.324485128601933,5,2811,-1.9967397417845854e-06,0.0,0.4983991462113127,12,2024-02-06 09:30:00-05:00,2024-05-06 09:30:00-04:00
normalized_vwap_distance,bottom_10pct,-7.324485128601933,10,2811,-3.4569153708854436e-05,0.0,0.49306296691568835,12,2024-02-06 09:30:00-05:00,2024-05-06 09:30:00-04:00
normalized_vwap_distance,bottom_10pct,-7.324485128601933,20,2811,-9.801971285807355e-05,-2.7900228781851943e-05,0.48665955176093917,12,2024-02-06 09:30:00-05:00,2024-05-06 09:30:00-04:00
normalized_vwap_distance,bottom_10pct,-7.324485128601933,30,2811,-0.00014312763184514573,-2.6915726859200184e-05,0.4927072216293134,12,2024-02-06 09:30:00-05:00,2024-05-06 09:30:00-04:00
normalized_vwap_distance,bottom_10pct,-7.324485128601933,60,2811,-0.0005515455926902437,-6.997215108384136e-05,0.4902170046246887,12,2024-02-06 09:30:00-05:00,2024-05-06 09:30:00-04:00
normalized_vwap_distance,top_10pct,10.293710841050256,1,2810,8.129713197421145e-06,0.0,0.49857651245551604,12,2024-02-06 09:30:00-05:00,2024-05-06 09:30:00-04:00
normalized_vwap_distance,top_10pct,10.293710841050256,3,2808,2.6910476199987962e-05,1.3716386281448223e-05,0.5092592592592593,12,2024-02-06 09:30:00-05:00,2024-05-06 09:30:00-04:00
normalized_vwap_distance,top_10pct,10.293710841050256,5,2806,5.1113981339308334e-05,1.3628898717477078e-05,0.5049893086243763,12,2024-02-06 09:30:00-05:00,2024-05-06 09:30:00-04:00
normalized_vwap_distance,top_10pct,10.293710841050256,10,2801,9.154678264335734e-05,2.6971625849636638e-05,0.5148161370938951,12,2024-02-06 09:30:00-05:00,2024-05-06 09:30:00-04:00
normalized_vwap_distance,top_10pct,10.293710841050256,20,2791,0.00013095027020486034,1.3985231595459169e-05,0.5066284485847367,12,2024-02-06 09:30:00-05:00,2024-05-06 09:30:00-04:00
normalized_vwap_distance,top_10pct,10.293710841050256,30,2781,0.00011073520112561401,-5.457696033617232e-05,0.47500898957209636,12,2024-02-06 09:30:00-05:00,2024-05-06 09:30:00-04:00
normalized_vwap_distance,top_10pct,10.293710841050256,60,2775,7.959783353498218e-05,-0.0002599712663337028,0.4418018018018018,12,2024-02-06 09:30:00-05:00,2024-05-06 09:30:00-04:00
half_life_30,bottom_10pct,0.17540414461683299,1,1180,2.3864079321123675e-06,0.0,0.49830508474576274,12,2024-02-06 09:30:00-05:00,2024-05-06 09:30:00-04:00
half_life_30,bottom_10pct,0.17540414461683299,3,1180,-2.4976014906509644e-05,1.3854829167159188e-05,0.5067796610169492,12,2024-02-06 09:30:00-05:00,2024-05-06 09:30:00-04:00
half_life_30,bottom_10pct,0.17540414461683299,5,1180,-4.990758586299444e-05,1.3928770926541212e-05,0.5084745762711864,12,2024-02-06 09:30:00-05:00,2024-05-06 09:30:00-04:00
half_life_30,bottom_10pct,0.17540414461683299,10,1180,-0.00010635848763877097,1.352274817745247e-05,0.5016949152542373,12,2024-02-06 09:30:00-05:00,2024-05-06 09:30:00-04:00
half_life_30,bottom_10pct,0.17540414461683299,20,1180,-7.428446828836145e-05,-1.3903147600413668e-05,0.4872881355932203,12,2024-02-06 09:30:00-05:00,2024-05-06 09:30:00-04:00
half_life_30,bottom_10pct,0.17540414461683299,30,1180,-6.68383264170203e-05,2.728457141065732e-05,0.5067796610169492,12,2024-02-06 09:30:00-05:00,2024-05-06 09:30:00-04:00
half_life_30,bottom_10pct,0.17540414461683299,60,1179,9.116131086427825e-05,0.00010767015248780432,0.5216284987277354,12,2024-02-06 09:30:00-05:00,2024-05-06 09:30:00-04:00
half_life_30,top_10pct,0.5619022688116279,1,1180,4.16332689437007e-05,1.3966285607791562e-05,0.5127118644067796,12,2024-02-06 09:30:00-05:00,2024-05-06 09:30:00-04:00
half_life_30,top_10pct,0.5619022688116279,3,1180,0.0001009400415560366,2.7039687052088368e-05,0.511864406779661,12,2024-02-06 09:30:00-05:00,2024-05-06 09:30:00-04:00
half_life_30,top_10pct,0.5619022688116279,5,1180,0.00016204408481334116,2.779286132525982e-05,0.5177966101694915,12,2024-02-06 09:30:00-05:00,2024-05-06 09:30:00-04:00
half_life_30,top_10pct,0.5619022688116279,10,1180,0.00023898563548954352,1.415902358015142e-05,0.5067796610169492,12,2024-02-06 09:30:00-05:00,2024-05-06 09:30:00-04:00
half_life_30,top_10pct,0.5619022688116279,20,1180,0.00034169781100167187,5.5141031607752744e-05,0.514406779661017,12,2024-02-06 09:30:00-05:00,2024-05-06 09:30:00-04:00
half_life_30,top_10pct,0.5619022688116279,30,1180,0.00042267149796401633,6.720791440373297e-06,0.5,12,2024-02-06 09:30:00-05:00,2024-05-06 09:30:00-04:00
half_life_30,top_10pct,0.5619022688116279,60,1180,0.0007494346228942462,0.00025788762915601726,0.5449152542372881,12,2024-02-06 09:30:00-05:00,2024-05-06 09:30:00-04:00
half_life_60,bottom_10pct,0.16636942264667134,1,1286,-8.425840788305833e-06,0.0,0.4984447900466563,12,2024-02-06 09:30:00-05:00,2024-05-06 09:30:00-04:00
half_life_60,bottom_10pct,0.16636942264667134,3,1286,-2.0654437946806372e-05,0.0,0.4867807153965785,12,2024-02-06 09:30:00-05:00,2024-05-06 09:30:00-04:00
half_life_60,bottom_10pct,0.16636942264667134,5,1286,-4.245684704943088e-05,0.0,0.49222395023328147,12,2024-02-06 09:30:00-05:00,2024-05-06 09:30:00-04:00
half_life_60,bottom_10pct,0.16636942264667134,10,1285,-7.131677222122492e-05,1.405738223425601e-05,0.5050583657587548,12,2024-02-06 09:30:00-05:00,2024-05-06 09:30:00-04:00
half_life_60,bottom_10pct,0.16636942264667134,20,1285,-4.9106613731252175e-06,5.496166423912818e-05,0.5190661478599222,12,2024-02-06 09:30:00-05:00,2024-05-06 09:30:00-04:00
half_life_60,bottom_10pct,0.16636942264667134,30,1285,4.689949088406883e-05,0.00010968670734223807,0.5252918287937743,12,2024-02-06 09:30:00-05:00,2024-05-06 09:30:00-04:00
half_life_60,bottom_10pct,0.16636942264667134,60,1285,0.00017086935172651562,0.0002328966521105702,0.5486381322957199,12,2024-02-06 09:30:00-05:00,2024-05-06 09:30:00-04:00
half_life_60,top_10pct,0.46361310563291824,1,1286,-2.2921964123346313e-06,1.3592866463740805e-05,0.505443234836703,12,2024-02-06 09:30:00-05:00,2024-05-06 09:30:00-04:00
half_life_60,top_10pct,0.46361310563291824,3,1286,-9.3683656532383e-06,0.0,0.49455676516329705,12,2024-02-06 09:30:00-05:00,2024-05-06 09:30:00-04:00
half_life_60,top_10pct,0.46361310563291824,5,1286,1.362645991223793e-06,2.731158520674626e-05,0.5194401244167963,12,2024-02-06 09:30:00-05:00,2024-05-06 09:30:00-04:00
half_life_60,top_10pct,0.46361310563291824,10,1286,-4.643138622937798e-05,-1.4131645766912726e-05,0.4906687402799378,12,2024-02-06 09:30:00-05:00,2024-05-06 09:30:00-04:00
half_life_60,top_10pct,0.46361310563291824,20,1286,-0.00021856358099590513,-5.5856658847053264e-05,0.47900466562986005,12,2024-02-06 09:30:00-05:00,2024-05-06 09:30:00-04:00
half_life_60,top_10pct,0.46361310563291824,30,1286,-0.00032433743789904,-0.0001222654092409292,0.4681181959564541,12,2024-02-06 09:30:00-05:00,2024-05-06 09:30:00-04:00
half_life_60,top_10pct,0.46361310563291824,60,1286,-0.00022802319073048045,8.904961785183296e-05,0.5108864696734059,12,2024-02-06 09:30:00-05:00,2024-05-06 09:30:00-04:00
normalized_ou_residual_30,bottom_10pct,-1.7117873133735273,1,2811,6.025600733329262e-06,1.4058765640312387e-05,0.5147634293845607,12,2024-02-06 09:30:00-05:00,2024-05-06 09:30:00-04:00
normalized_ou_residual_30,bottom_10pct,-1.7117873133735273,3,2811,9.783327161898404e-06,4.1106026143378216e-05,0.5254357879758094,12,2024-02-06 09:30:00-05:00,2024-05-06 09:30:00-04:00
normalized_ou_residual_30,bottom_10pct,-1.7117873133735273,5,2811,-3.5261058266737907e-06,5.587294492315209e-05,0.5353966559943081,12,2024-02-06 09:30:00-05:00,2024-05-06 09:30:00-04:00
normalized_ou_residual_30,bottom_10pct,-1.7117873133735273,10,2809,-6.43494507158268e-05,4.1874877865000215e-05,0.5144179423282307,12,2024-02-06 09:30:00-05:00,2024-05-06 09:30:00-04:00
normalized_ou_residual_30,bottom_10pct,-1.7117873133735273,20,2807,-0.00010420372629711242,5.8335399378828257e-05,0.5147844674029213,12,2024-02-06 09:30:00-05:00,2024-05-06 09:30:00-04:00
normalized_ou_residual_30,bottom_10pct,-1.7117873133735273,30,2807,-0.00012511373906111203,2.799630448779844e-05,0.5048094050587816,12,2024-02-06 09:30:00-05:00,2024-05-06 09:30:00-04:00
normalized_ou_residual_30,bottom_10pct,-1.7117873133735273,60,2807,-0.0001966629198066546,0.0001265342275085235,0.5211970074812967,12,2024-02-06 09:30:00-05:00,2024-05-06 09:30:00-04:00
normalized_ou_residual_30,top_10pct,1.7038642841492129,1,2810,-8.556047244699744e-06,0.0,0.4907473309608541,12,2024-02-06 09:30:00-05:00,2024-05-06 09:30:00-04:00
normalized_ou_residual_30,top_10pct,1.7038642841492129,3,2810,-2.5396563627081573e-05,0.0,0.4935943060498221,12,2024-02-06 09:30:00-05:00,2024-05-06 09:30:00-04:00
normalized_ou_residual_30,top_10pct,1.7038642841492129,5,2810,-3.797197271302996e-05,0.0,0.4903914590747331,12,2024-02-06 09:30:00-05:00,2024-05-06 09:30:00-04:00
normalized_ou_residual_30,top_10pct,1.7038642841492129,10,2810,-2.8354837452941463e-05,1.3682512746027164e-05,0.501067615658363,12,2024-02-06 09:30:00-05:00,2024-05-06 09:30:00-04:00
normalized_ou_residual_30,top_10pct,1.7038642841492129,20,2810,2.1562873295204558e-05,1.391064060785041e-05,0.502135231316726,12,2024-02-06 09:30:00-05:00,2024-05-06 09:30:00-04:00
normalized_ou_residual_30,top_10pct,1.7038642841492129,30,2810,6.60100475049453e-05,5.6897278572831667e-05,0.5124555160142349,12,2024-02-06 09:30:00-05:00,2024-05-06 09:30:00-04:00
normalized_ou_residual_30,top_10pct,1.7038642841492129,60,2807,0.00010126091996017658,-6.843221788821463e-05,0.4859280370502316,12,2024-02-06 09:30:00-05:00,2024-05-06 09:30:00-04:00
realized_vol_30,bottom_10pct,0.0009550888460373017,1,2810,1.0906778682436373e-05,0.0,0.47544483985765124,12,2024-02-06 09:30:00-05:00,2024-05-06 09:30:00-04:00
realized_vol_30,bottom_10pct,0.0009550888460373017,3,2808,3.679109781801632e-05,0.0,0.48646723646723644,12,2024-02-06 09:30:00-05:00,2024-05-06 09:30:00-04:00
realized_vol_30,bottom_10pct,0.0009550888460373017,5,2806,5.3828778854462594e-05,0.0,0.49109052031361367,12,2024-02-06 09:30:00-05:00,2024-05-06 09:30:00-04:00
realized_vol_30,bottom_10pct,0.0009550888460373017,10,2801,9.35417468329013e-05,1.3543345477096125e-05,0.5041056765440914,12,2024-02-06 09:30:00-05:00,2024-05-06 09:30:00-04:00
realized_vol_30,bottom_10pct,0.0009550888460373017,20,2791,8.92901358157537e-05,2.7742714069800556e-05,0.5109279828018631,12,2024-02-06 09:30:00-05:00,2024-05-06 09:30:00-04:00
realized_vol_30,bottom_10pct,0.0009550888460373017,30,2781,2.217116426642803e-05,-1.3653554702952597e-05,0.49658396260338006,12,2024-02-06 09:30:00-05:00,2024-05-06 09:30:00-04:00
realized_vol_30,bottom_10pct,0.0009550888460373017,60,2780,-0.000528559738254461,-9.632091371902796e-05,0.48597122302158274,12,2024-02-06 09:30:00-05:00,2024-05-06 09:30:00-04:00
realized_vol_30,top_10pct,0.0035021004757116716,1,2811,-6.437337136507051e-06,0.0,0.4951974386339381,12,2024-02-06 09:30:00-05:00,2024-05-06 09:30:00-04:00
realized_vol_30,top_10pct,0.0035021004757116716,3,2811,-1.539526514638509e-05,-1.3777330779896069e-05,0.4912842404838136,12,2024-02-06 09:30:00-05:00,2024-05-06 09:30:00-04:00
realized_vol_30,top_10pct,0.0035021004757116716,5,2811,-1.875603200762226e-05,-2.82206857626921e-05,0.48737104233368905,12,2024-02-06 09:30:00-05:00,2024-05-06 09:30:00-04:00
realized_vol_30,top_10pct,0.0035021004757116716,10,2811,-8.093780975349745e-06,-6.814867314530737e-05,0.48203486303806475,12,2024-02-06 09:30:00-05:00,2024-05-06 09:30:00-04:00
realized_vol_30,top_10pct,0.0035021004757116716,20,2811,0.00013423002272864898,9.54719039825136e-05,0.5101387406616862,12,2024-02-06 09:30:00-05:00,2024-05-06 09:30:00-04:00
realized_vol_30,top_10pct,0.0035021004757116716,30,2811,0.0002499182891362223,6.99447436525169e-05,0.5094272500889363,12,2024-02-06 09:30:00-05:00,2024-05-06 09:30:00-04:00
realized_vol_30,top_10pct,0.0035021004757116716,60,2811,0.00022339831249823647,4.114266906207753e-05,0.5019565990750623,12,2024-02-06 09:30:00-05:00,2024-05-06 09:30:00-04:00
realized_vol_60,bottom_10pct,0.0015750389108291191,1,2810,6.605390560501316e-06,0.0,0.48291814946619216,12,2024-02-06 09:30:00-05:00,2024-05-06 09:30:00-04:00
realized_vol_60,bottom_10pct,0.0015750389108291191,3,2808,3.206950156217003e-05,0.0,0.4878917378917379,12,2024-02-06 09:30:00-05:00,2024-05-06 09:30:00-04:00
realized_vol_60,bottom_10pct,0.0015750389108291191,5,2806,3.8419016517213466e-05,0.0,0.48610121168923737,12,2024-02-06 09:30:00-05:00,2024-05-06 09:30:00-04:00
realized_vol_60,bottom_10pct,0.0015750389108291191,10,2801,1.451100686391085e-05,-1.3653927552259582e-05,0.48339878614780435,12,2024-02-06 09:30:00-05:00,2024-05-06 09:30:00-04:00
realized_vol_60,bottom_10pct,0.0015750389108291191,20,2801,-0.0001833917079667656,-2.7743483749231856e-05,0.4812566940378436,12,2024-02-06 09:30:00-05:00,2024-05-06 09:30:00-04:00
realized_vol_60,bottom_10pct,0.0015750389108291191,30,2801,-0.0003548479517599768,-6.733553296078831e-05,0.47161727954302035,12,2024-02-06 09:30:00-05:00,2024-05-06 09:30:00-04:00
realized_vol_60,bottom_10pct,0.0015750389108291191,60,2801,-0.0007319010287372281,-9.55892393827984e-05,0.47625847911460195,12,2024-02-06 09:30:00-05:00,2024-05-06 09:30:00-04:00
realized_vol_60,top_10pct,0.005419286634282132,1,2811,1.0159750083037442e-06,1.3630663540764587e-05,0.5023123443614372,12,2024-02-06 09:30:00-05:00,2024-05-06 09:30:00-04:00
realized_vol_60,top_10pct,0.005419286634282132,3,2811,-1.7934312636770513e-06,1.3723633469187035e-05,0.5030238349341871,12,2024-02-06 09:30:00-05:00,2024-05-06 09:30:00-04:00
realized_vol_60,top_10pct,0.005419286634282132,5,2811,-6.325444084875534e-06,0.0,0.49804340092493776,12,2024-02-06 09:30:00-05:00,2024-05-06 09:30:00-04:00
realized_vol_60,top_10pct,0.005419286634282132,10,2811,-2.197626891827353e-05,1.356778465222419e-05,0.5005336179295624,12,2024-02-06 09:30:00-05:00,2024-05-06 09:30:00-04:00
realized_vol_60,top_10pct,0.005419286634282132,20,2811,4.568875799225761e-05,9.987729361071729e-05,0.5136961935254358,12,2024-02-06 09:30:00-05:00,2024-05-06 09:30:00-04:00
realized_vol_60,top_10pct,0.005419286634282132,30,2811,2.2354596095398597e-05,-5.41543127140498e-05,0.4919957310565635,12,2024-02-06 09:30:00-05:00,2024-05-06 09:30:00-04:00
realized_vol_60,top_10pct,0.005419286634282132,60,2811,-8.210939929565368e-05,-5.815897756522581e-05,0.49484169334756317,12,2024-02-06 09:30:00-05:00,2024-05-06 09:30:00-04:00
vol_ratio_5_30,bottom_10pct,0.18167934732428645,1,2811,3.3055120583400654e-06,0.0,0.48452508004268946,12,2024-02-06 09:30:00-05:00,2024-05-06 09:30:00-04:00
vol_ratio_5_30,bottom_10pct,0.18167934732428645,3,2811,4.465240244541779e-06,1.365355470306362e-05,0.5062255425115617,12,2024-02-06 09:30:00-05:00,2024-05-06 09:30:00-04:00
vol_ratio_5_30,bottom_10pct,0.18167934732428645,5,2811,1.760905880880033e-05,1.398347153669377e-05,0.5140519388118108,12,2024-02-06 09:30:00-05:00,2024-05-06 09:30:00-04:00
vol_ratio_5_30,bottom_10pct,0.18167934732428645,10,2811,8.270183119090222e-07,2.801512816930085e-05,0.5218783351120597,12,2024-02-06 09:30:00-05:00,2024-05-06 09:30:00-04:00
vol_ratio_5_30,bottom_10pct,0.18167934732428645,20,2807,3.19518948865635e-05,8.31266711924794e-05,0.5411471321695761,12,2024-02-06 09:30:00-05:00,2024-05-06 09:30:00-04:00
vol_ratio_5_30,bottom_10pct,0.18167934732428645,30,2797,0.00014899223661390403,9.687106461298001e-05,0.5359313550232392,12,2024-02-06 09:30:00-05:00,2024-05-06 09:30:00-04:00
vol_ratio_5_30,bottom_10pct,0.18167934732428645,60,2783,0.0003497921450630595,0.00021011346126909025,0.5242544017247575,12,2024-02-06 09:30:00-05:00,2024-05-06 09:30:00-04:00
vol_ratio_5_30,top_10pct,0.5575998405421457,1,2810,-5.9008955027579536e-06,0.0,0.4925266903914591,12,2024-02-06 09:30:00-05:00,2024-05-06 09:30:00-04:00
vol_ratio_5_30,top_10pct,0.5575998405421457,3,2808,-2.191076848633118e-05,0.0,0.49394586894586895,12,2024-02-06 09:30:00-05:00,2024-05-06 09:30:00-04:00
vol_ratio_5_30,top_10pct,0.5575998405421457,5,2806,-4.305907232499932e-05,0.0,0.4978617248752673,12,2024-02-06 09:30:00-05:00,2024-05-06 09:30:00-04:00
vol_ratio_5_30,top_10pct,0.5575998405421457,10,2806,-9.218336070141554e-05,-2.7800576243464103e-05,0.48752672843905914,12,2024-02-06 09:30:00-05:00,2024-05-06 09:30:00-04:00
vol_ratio_5_30,top_10pct,0.5575998405421457,20,2806,-0.0001101392826663313,2.052039335753708e-05,0.5032074126870991,12,2024-02-06 09:30:00-05:00,2024-05-06 09:30:00-04:00
vol_ratio_5_30,top_10pct,0.5575998405421457,30,2806,-7.564706471150536e-05,7.094663973850057e-05,0.5167498218104063,12,2024-02-06 09:30:00-05:00,2024-05-06 09:30:00-04:00
vol_ratio_5_30,top_10pct,0.5575998405421457,60,2806,4.789787857063574e-05,5.6002413660882766e-05,0.5081967213114754,12,2024-02-06 09:30:00-05:00,2024-05-06 09:30:00-04:00
vol_ratio_5_60,bottom_10pct,0.10397703383177828,1,2811,-2.6902803262610406e-06,0.0,0.4734969761650658,12,2024-02-06 09:30:00-05:00,2024-05-06 09:30:00-04:00
vol_ratio_5_60,bottom_10pct,0.10397703383177828,3,2811,2.277172318783521e-05,0.0,0.49306296691568835,12,2024-02-06 09:30:00-05:00,2024-05-06 09:30:00-04:00
vol_ratio_5_60,bottom_10pct,0.10397703383177828,5,2811,4.1700109319983835e-05,1.3628805844101421e-05,0.5083600142298115,12,2024-02-06 09:30:00-05:00,2024-05-06 09:30:00-04:00
vol_ratio_5_60,bottom_10pct,0.10397703383177828,10,2807,5.861117137553426e-05,2.7900228781962966e-05,0.5254720342002137,12,2024-02-06 09:30:00-05:00,2024-05-06 09:30:00-04:00
vol_ratio_5_60,bottom_10pct,0.10397703383177828,20,2797,0.000146907369518922,8.397480755784059e-05,0.5477297104040043,12,2024-02-06 09:30:00-05:00,2024-05-06 09:30:00-04:00
vol_ratio_5_60,bottom_10pct,0.10397703383177828,30,2787,0.00016521692309055529,0.0001090378770325362,0.5339074273412271,12,2024-02-06 09:30:00-05:00,2024-05-06 09:30:00-04:00
vol_ratio_5_60,bottom_10pct,0.10397703383177828,60,2774,0.00025972878945750293,0.0002096512740863421,0.5227108868060563,12,2024-02-06 09:30:00-05:00,2024-05-06 09:30:00-04:00
vol_ratio_5_60,top_10pct,0.3910743337010652,1,2811,-1.41203214997478e-06,1.3522467579907271e-05,0.5019565990750623,12,2024-02-06 09:30:00-05:00,2024-05-06 09:30:00-04:00
vol_ratio_5_60,top_10pct,0.3910743337010652,3,2811,-6.365595914687782e-06,1.4001092085269562e-05,0.5058697972251868,12,2024-02-06 09:30:00-05:00,2024-05-06 09:30:00-04:00
vol_ratio_5_60,top_10pct,0.3910743337010652,5,2811,-3.532981578320873e-05,1.4330959171138247e-05,0.5069370330843116,12,2024-02-06 09:30:00-05:00,2024-05-06 09:30:00-04:00
vol_ratio_5_60,top_10pct,0.3910743337010652,10,2811,-0.00010779496992892589,-4.175539688500152e-05,0.4834578441835646,12,2024-02-06 09:30:00-05:00,2024-05-06 09:30:00-04:00
vol_ratio_5_60,top_10pct,0.3910743337010652,20,2811,-0.0001633448405796292,4.1764697693125186e-05,0.5076485236570616,12,2024-02-06 09:30:00-05:00,2024-05-06 09:30:00-04:00
vol_ratio_5_60,top_10pct,0.3910743337010652,30,2811,-9.311497894280874e-05,0.0001080847384349326,0.5233013162575596,12,2024-02-06 09:30:00-05:00,2024-05-06 09:30:00-04:00
vol_ratio_5_60,top_10pct,0.3910743337010652,60,2808,-4.325923788629224e-06,5.3995197087486346e-05,0.5067663817663818,12,2024-02-06 09:30:00-05:00,2024-05-06 09:30:00-04:00
vol_ratio_30_60,bottom_10pct,0.4627994330280009,1,2810,8.141166527185618e-06,0.0,0.4800711743772242,12,2024-02-06 09:30:00-05:00,2024-05-06 09:30:00-04:00
vol_ratio_30_60,bottom_10pct,0.4627994330280009,3,2808,2.298719741854269e-05,0.0,0.4932336182336182,12,2024-02-06 09:30:00-05:00,2024-05-06 09:30:00-04:00
vol_ratio_30_60,bottom_10pct,0.4627994330280009,5,2806,3.749576334373554e-05,1.3551352220586566e-05,0.5021382751247327,12,2024-02-06 09:30:00-05:00,2024-05-06 09:30:00-04:00
vol_ratio_30_60,bottom_10pct,0.4627994330280009,10,2801,7.54125473893494e-05,2.6970898400646703e-05,0.5141021063905747,12,2024-02-06 09:30:00-05:00,2024-05-06 09:30:00-04:00
vol_ratio_30_60,bottom_10pct,0.4627994330280009,20,2791,0.00012514945393340193,6.935005131913918e-05,0.5274095306341813,12,2024-02-06 09:30:00-05:00,2024-05-06 09:30:00-04:00
vol_ratio_30_60,bottom_10pct,0.4627994330280009,30,2781,7.8473701126366e-05,8.100773623875845e-05,0.5124056094929881,12,2024-02-06 09:30:00-05:00,2024-05-06 09:30:00-04:00
vol_ratio_30_60,bottom_10pct,0.4627994330280009,60,2781,-0.0001119358168679288,7.02997581687459e-05,0.5077310320028766,12,2024-02-06 09:30:00-05:00,2024-05-06 09:30:00-04:00
vol_ratio_30_60,top_10pct,0.85744016906667,1,2811,-1.597550198814867e-05,0.0,0.4891497687655639,12,2024-02-06 09:30:00-05:00,2024-05-06 09:30:00-04:00
vol_ratio_30_60,top_10pct,0.85744016906667,3,2811,-5.9706048293223364e-05,-2.7315687399220856e-05,0.48061188189256493,12,2024-02-06 09:30:00-05:00,2024-05-06 09:30:00-04:00
vol_ratio_30_60,top_10pct,0.85744016906667,5,2811,-9.026931393612926e-05,-4.09338372743262e-05,0.48061188189256493,12,2024-02-06 09:30:00-05:00,2024-05-06 09:30:00-04:00
vol_ratio_30_60,top_10pct,0.85744016906667,10,2811,-0.00014564668723797858,-0.00010930305638667814,0.47065101387406616,12,2024-02-06 09:30:00-05:00,2024-05-06 09:30:00-04:00
vol_ratio_30_60,top_10pct,0.85744016906667,20,2811,-9.027687733003992e-05,5.463659832538603e-05,0.5076485236570616,12,2024-02-06 09:30:00-05:00,2024-05-06 09:30:00-04:00
vol_ratio_30_60,top_10pct,0.85744016906667,30,2811,1.1067687188827468e-05,5.449220080366857e-05,0.5076485236570616,12,2024-02-06 09:30:00-05:00,2024-05-06 09:30:00-04:00
vol_ratio_30_60,top_10pct,0.85744016906667,60,2811,0.00011824042260222247,-2.7370264944148737e-05,0.4969761650658129,12,2024-02-06 09:30:00-05:00,2024-05-06 09:30:00-04:00
normalized_vwap_distance,bottom_10pct,-7.777634741766974,1,2876,1.2096194880670553e-05,0.0,0.48956884561891517,13,2024-05-06 09:30:00-04:00,2024-08-06 09:30:00-04:00
normalized_vwap_distance,bottom_10pct,-7.777634741766974,3,2876,3.5109370604610306e-05,-1.2171891462353646e-05,0.49130737134909597,13,2024-05-06 09:30:00-04:00,2024-08-06 09:30:00-04:00
normalized_vwap_distance,bottom_10pct,-7.777634741766974,5,2876,4.927159354582411e-05,0.0,0.4975660639777469,13,2024-05-06 09:30:00-04:00,2024-08-06 09:30:00-04:00
normalized_vwap_distance,bottom_10pct,-7.777634741766974,10,2876,0.00010803681438110274,1.248938402365063e-05,0.5006954102920723,13,2024-05-06 09:30:00-04:00,2024-08-06 09:30:00-04:00
normalized_vwap_distance,bottom_10pct,-7.777634741766974,20,2876,0.00019949687777801248,8.964354064999736e-05,0.5205146036161336,13,2024-05-06 09:30:00-04:00,2024-08-06 09:30:00-04:00
normalized_vwap_distance,bottom_10pct,-7.777634741766974,30,2876,0.00015770852971532472,-4.0442679753338595e-05,0.48713490959666206,13,2024-05-06 09:30:00-04:00,2024-08-06 09:30:00-04:00
normalized_vwap_distance,bottom_10pct,-7.777634741766974,60,2876,2.1707923367478833e-05,-1.2964349504984707e-05,0.49687065368567457,13,2024-05-06 09:30:00-04:00,2024-08-06 09:30:00-04:00
normalized_vwap_distance,top_10pct,10.952843877524792,1,2875,6.690694677329899e-06,0.0,0.488,13,2024-05-06 09:30:00-04:00,2024-08-06 09:30:00-04:00
normalized_vwap_distance,top_10pct,10.952843877524792,3,2873,2.3727537216367066e-05,1.2472249245387701e-05,0.5050469892098851,13,2024-05-06 09:30:00-04:00,2024-08-06 09:30:00-04:00
normalized_vwap_distance,top_10pct,10.952843877524792,5,2871,4.264774813766088e-05,1.3097576948339906e-05,0.5102751654475792,13,2024-05-06 09:30:00-04:00,2024-08-06 09:30:00-04:00
normalized_vwap_distance,top_10pct,10.952843877524792,10,2866,8.097269347703237e-05,2.6189839109624913e-05,0.5181437543614794,13,2024-05-06 09:30:00-04:00,2024-08-06 09:30:00-04:00
normalized_vwap_distance,top_10pct,10.952843877524792,20,2866,0.00018989268458769455,8.419726009900597e-05,0.54675505931612,13,2024-05-06 09:30:00-04:00,2024-08-06 09:30:00-04:00
normalized_vwap_distance,top_10pct,10.952843877524792,30,2866,0.000295020347382537,0.00017064778538711245,0.5624563852058618,13,2024-05-06 09:30:00-04:00,2024-08-06 09:30:00-04:00
normalized_vwap_distance,top_10pct,10.952843877524792,60,2866,0.00046621095290131314,0.0005033872991999644,0.619678995115143,13,2024-05-06 09:30:00-04:00,2024-08-06 09:30:00-04:00
half_life_30,bottom_10pct,0.17948641005142416,1,1214,2.8898391463390688e-05,0.0,0.4942339373970346,13,2024-05-06 09:30:00-04:00,2024-08-06 09:30:00-04:00
half_life_30,bottom_10pct,0.17948641005142416,3,1214,5.964282939680665e-05,2.7045889877008733e-05,0.5271828665568369,13,2024-05-06 09:30:00-04:00,2024-08-06 09:30:00-04:00
half_life_30,bottom_10pct,0.17948641005142416,5,1214,8.928889460136482e-05,3.17509901326396e-05,0.5214168039538715,13,2024-05-06 09:30:00-04:00,2024-08-06 09:30:00-04:00
half_life_30,bottom_10pct,0.17948641005142416,10,1214,5.003682649363782e-05,2.415942028755058e-05,0.5098846787479407,13,2024-05-06 09:30:00-04:00,2024-08-06 09:30:00-04:00
half_life_30,bottom_10pct,0.17948641005142416,20,1213,-7.337006342128742e-05,0.0,0.4962901896125309,13,2024-05-06 09:30:00-04:00,2024-08-06 09:30:00-04:00
half_life_30,bottom_10pct,0.17948641005142416,30,1213,-0.00015428525891561415,1.323276432452225e-05,0.5045342126957956,13,2024-05-06 09:30:00-04:00,2024-08-06 09:30:00-04:00
half_life_30,bottom_10pct,0.17948641005142416,60,1213,-0.0003029761239245315,0.00012384071332260937,0.5259686727122836,13,2024-05-06 09:30:00-04:00,2024-08-06 09:30:00-04:00
half_life_30,top_10pct,0.5618903485222533,1,1214,7.68526837347702e-06,1.8963629689117134e-05,0.5189456342668863,13,2024-05-06 09:30:00-04:00,2024-08-06 09:30:00-04:00
half_life_30,top_10pct,0.5618903485222533,3,1213,1.9120781371844963e-05,2.7405519471557227e-05,0.528441879637263,13,2024-05-06 09:30:00-04:00,2024-08-06 09:30:00-04:00
half_life_30,top_10pct,0.5618903485222533,5,1213,8.241611987574954e-07,2.6675558519428932e-05,0.5136026380873866,13,2024-05-06 09:30:00-04:00,2024-08-06 09:30:00-04:00
half_life_30,top_10pct,0.5618903485222533,10,1213,-0.00010679439230220803,8.14763514889183e-05,0.5350370981038747,13,2024-05-06 09:30:00-04:00,2024-08-06 09:30:00-04:00
half_life_30,top_10pct,0.5618903485222533,20,1213,-0.00015796042839256113,0.00029534562150113075,0.5779060181368508,13,2024-05-06 09:30:00-04:00,2024-08-06 09:30:00-04:00
half_life_30,top_10pct,0.5618903485222533,30,1213,9.146407918674242e-07,0.00028513238289207266,0.5671887881286067,13,2024-05-06 09:30:00-04:00,2024-08-06 09:30:00-04:00
half_life_30,top_10pct,0.5618903485222533,60,1191,0.0004963220529786958,0.00035044681969509384,0.5524769101595298,13,2024-05-06 09:30:00-04:00,2024-08-06 09:30:00-04:00
half_life_60,bottom_10pct,0.1667232717129819,1,1283,7.181303736583077e-06,0.0,0.49571317225253314,13,2024-05-06 09:30:00-04:00,2024-08-06 09:30:00-04:00
half_life_60,bottom_10pct,0.1667232717129819,3,1283,1.3907081789803884e-06,1.3443209162966596e-05,0.5105222135619641,13,2024-05-06 09:30:00-04:00,2024-08-06 09:30:00-04:00
half_life_60,bottom_10pct,0.1667232717129819,5,1283,3.6798085153645856e-05,1.3698817792118234e-05,0.5066250974279034,13,2024-05-06 09:30:00-04:00,2024-08-06 09:30:00-04:00
half_life_60,bottom_10pct,0.1667232717129819,10,1283,3.260908884225846e-05,3.629632318236098e-05,0.5190958690568979,13,2024-05-06 09:30:00-04:00,2024-08-06 09:30:00-04:00
half_life_60,bottom_10pct,0.1667232717129819,20,1283,-5.851105626985319e-05,1.3375600230070006e-05,0.505066250974279,13,2024-05-06 09:30:00-04:00,2024-08-06 09:30:00-04:00
half_life_60,bottom_10pct,0.1667232717129819,30,1283,-0.00012676357704125468,0.0,0.49883086515978176,13,2024-05-06 09:30:00-04:00,2024-08-06 09:30:00-04:00
half_life_60,bottom_10pct,0.1667232717129819,60,1283,-0.0001624191700246721,0.000137725525548138,0.5198752922837101,13,2024-05-06 09:30:00-04:00,2024-08-06 09:30:00-04:00
half_life_60,top_10pct,0.48338761872155667,1,1282,2.871855826630382e-05,1.357978015992245e-05,0.5241809672386896,13,2024-05-06 09:30:00-04:00,2024-08-06 09:30:00-04:00
half_life_60,top_10pct,0.48338761872155667,3,1280,9.189161990658095e-05,4.925023374513504e-05,0.5359375,13,2024-05-06 09:30:00-04:00,2024-08-06 09:30:00-04:00
half_life_60,top_10pct,0.48338761872155667,5,1278,0.00015876857230381794,5.437515672934712e-05,0.5320813771517997,13,2024-05-06 09:30:00-04:00,2024-08-06 09:30:00-04:00
half_life_60,top_10pct,0.48338761872155667,10,1273,0.0002540015110837662,9.394207799884313e-05,0.5420267085624509,13,2024-05-06 09:30:00-04:00,2024-08-06 09:30:00-04:00
half_life_60,top_10pct,0.48338761872155667,20,1263,0.00047676981097198915,0.00021188965846041796,0.5661124307205068,13,2024-05-06 09:30:00-04:00,2024-08-06 09:30:00-04:00
half_life_60,top_10pct,0.48338761872155667,30,1257,0.0006507419137417301,0.00023072433870341413,0.5497215592680986,13,2024-05-06 09:30:00-04:00,2024-08-06 09:30:00-04:00
half_life_60,top_10pct,0.48338761872155667,60,1256,0.0007632073419977069,-6.670224119542656e-06,0.49522292993630573,13,2024-05-06 09:30:00-04:00,2024-08-06 09:30:00-04:00
normalized_ou_residual_30,bottom_10pct,-1.6926817731508819,1,2876,-1.0032991606822876e-05,1.2539424199875526e-05,0.5045201668984701,13,2024-05-06 09:30:00-04:00,2024-08-06 09:30:00-04:00
normalized_ou_residual_30,bottom_10pct,-1.6926817731508819,3,2876,-2.8957965038580054e-05,2.7501070785973525e-05,0.5198191933240612,13,2024-05-06 09:30:00-04:00,2024-08-06 09:30:00-04:00
normalized_ou_residual_30,bottom_10pct,-1.6926817731508819,5,2876,-4.110303257920505e-05,5.395572150468375e-05,0.5271210013908206,13,2024-05-06 09:30:00-04:00,2024-08-06 09:30:00-04:00
normalized_ou_residual_30,bottom_10pct,-1.6926817731508819,10,2876,-4.549634938531533e-05,6.784960200090229e-05,0.5236439499304589,13,2024-05-06 09:30:00-04:00,2024-08-06 09:30:00-04:00
normalized_ou_residual_30,bottom_10pct,-1.6926817731508819,20,2876,6.07150143447345e-05,0.0001294853413754682,0.5330319888734353,13,2024-05-06 09:30:00-04:00,2024-08-06 09:30:00-04:00
normalized_ou_residual_30,bottom_10pct,-1.6926817731508819,30,2876,-0.00011203702409467059,0.00012491496176159078,0.5243393602225312,13,2024-05-06 09:30:00-04:00,2024-08-06 09:30:00-04:00
normalized_ou_residual_30,bottom_10pct,-1.6926817731508819,60,2876,-0.00016887752651405954,0.00019843249338646896,0.5330319888734353,13,2024-05-06 09:30:00-04:00,2024-08-06 09:30:00-04:00
normalized_ou_residual_30,top_10pct,1.7537573979118901,1,2875,1.4692982314611793e-05,1.2367207113728185e-05,0.5043478260869565,13,2024-05-06 09:30:00-04:00,2024-08-06 09:30:00-04:00
normalized_ou_residual_30,top_10pct,1.7537573979118901,3,2873,7.169422735146912e-06,2.6630094670077042e-05,0.5248868778280543,13,2024-05-06 09:30:00-04:00,2024-08-06 09:30:00-04:00
normalized_ou_residual_30,top_10pct,1.7537573979118901,5,2872,1.2522226226178916e-05,3.632778347051335e-05,0.5181058495821727,13,2024-05-06 09:30:00-04:00,2024-08-06 09:30:00-04:00
normalized_ou_residual_30,top_10pct,1.7537573979118901,10,2872,8.561164735351881e-07,4.984113448891492e-05,0.5229805013927576,13,2024-05-06 09:30:00-04:00,2024-08-06 09:30:00-04:00
normalized_ou_residual_30,top_10pct,1.7537573979118901,20,2872,4.388292148163048e-05,0.00012468176645308304,0.536908077994429,13,2024-05-06 09:30:00-04:00,2024-08-06 09:30:00-04:00
normalized_ou_residual_30,top_10pct,1.7537573979118901,30,2872,9.76967381709849e-05,0.00014756170350493925,0.54491643454039,13,2024-05-06 09:30:00-04:00,2024-08-06 09:30:00-04:00
normalized_ou_residual_30,top_10pct,1.7537573979118901,60,2862,8.226799983654696e-05,0.00010970927634312844,0.5230607966457023,13,2024-05-06 09:30:00-04:00,2024-08-06 09:30:00-04:00
realized_vol_30,bottom_10pct,0.0008162624359788495,1,2876,1.4176506538840232e-05,0.0,0.4812239221140473,13,2024-05-06 09:30:00-04:00,2024-08-06 09:30:00-04:00
realized_vol_30,bottom_10pct,0.0008162624359788495,3,2876,4.4625827100762514e-05,0.0,0.4958275382475661,13,2024-05-06 09:30:00-04:00,2024-08-06 09:30:00-04:00
realized_vol_30,bottom_10pct,0.0008162624359788495,5,2876,8.35215192409941e-05,1.2351397263632435e-05,0.5073018080667594,13,2024-05-06 09:30:00-04:00,2024-08-06 09:30:00-04:00
realized_vol_30,bottom_10pct,0.0008162624359788495,10,2876,0.0002027485071262233,2.504304273065472e-05,0.5198191933240612,13,2024-05-06 09:30:00-04:00,2024-08-06 09:30:00-04:00
realized_vol_30,bottom_10pct,0.0008162624359788495,20,2876,0.0003874492694974345,0.00011116875525440939,0.5625869262865091,13,2024-05-06 09:30:00-04:00,2024-08-06 09:30:00-04:00
realized_vol_30,bottom_10pct,0.0008162624359788495,30,2876,0.0005401831042291805,0.00024929445735222266,0.5897079276773296,13,2024-05-06 09:30:00-04:00,2024-08-06 09:30:00-04:00
realized_vol_30,bottom_10pct,0.0008162624359788495,60,2876,0.0007241353844227935,0.00042656873376856197,0.6018776077885952,13,2024-05-06 09:30:00-04:00,2024-08-06 09:30:00-04:00
realized_vol_30,top_10pct,0.003672333927905565,1,2876,-6.824721614491315e-07,0.0,0.49860917941585536,13,2024-05-06 09:30:00-04:00,2024-08-06 09:30:00-04:00
realized_vol_30,top_10pct,0.003672333927905565,3,2876,3.409481752531777e-06,4.545161131819242e-05,0.5156467315716272,13,2024-05-06 09:30:00-04:00,2024-08-06 09:30:00-04:00
realized_vol_30,top_10pct,0.003672333927905565,5,2876,6.211229206637036e-06,5.4632390110165296e-05,0.5156467315716272,13,2024-05-06 09:30:00-04:00,2024-08-06 09:30:00-04:00
realized_vol_30,top_10pct,0.003672333927905565,10,2876,-7.406386269954884e-06,6.703896517123997e-05,0.5180806675938804,13,2024-05-06 09:30:00-04:00,2024-08-06 09:30:00-04:00
realized_vol_30,top_10pct,0.003672333927905565,20,2876,-9.081161470949165e-05,0.00016217094130865917,0.5333796940194715,13,2024-05-06 09:30:00-04:00,2024-08-06 09:30:00-04:00
realized_vol_30,top_10pct,0.003672333927905565,30,2869,-0.00019567553460785988,0.00017665392234800237,0.5214360404322064,13,2024-05-06 09:30:00-04:00,2024-08-06 09:30:00-04:00
realized_vol_30,top_10pct,0.003672333927905565,60,2839,-0.0007120715890571555,-0.0001120852844475051,0.4903134906657274,13,2024-05-06 09:30:00-04:00,2024-08-06 09:30:00-04:00
realized_vol_60,bottom_10pct,0.0013677428522640652,1,2876,8.812485676880438e-06,0.0,0.4937413073713491,13,2024-05-06 09:30:00-04:00,2024-08-06 09:30:00-04:00
realized_vol_60,bottom_10pct,0.0013677428522640652,3,2876,3.35245246433846e-05,1.3397750599608571e-05,0.5163421418636995,13,2024-05-06 09:30:00-04:00,2024-08-06 09:30:00-04:00
realized_vol_60,bottom_10pct,0.0013677428522640652,5,2876,6.160428753880368e-05,1.3740897886527215e-05,0.5201668984700973,13,2024-05-06 09:30:00-04:00,2024-08-06 09:30:00-04:00
realized_vol_60,bottom_10pct,0.0013677428522640652,10,2876,0.00011699321099850447,3.638458507615461e-05,0.5285118219749653,13,2024-05-06 09:30:00-04:00,2024-08-06 09:30:00-04:00
realized_vol_60,bottom_10pct,0.0013677428522640652,20,2876,0.00021024716634279628,9.652931748271865e-05,0.547287899860918,13,2024-05-06 09:30:00-04:00,2024-08-06 09:30:00-04:00
realized_vol_60,bottom_10pct,0.0013677428522640652,30,2876,0.0003308955132975033,0.0001583729900174191,0.5664116828929068,13,2024-05-06 09:30:00-04:00,2024-08-06 09:30:00-04:00
realized_vol_60,bottom_10pct,0.0013677428522640652,60,2876,0.00045926327016540454,0.0003762773353620519,0.5931849791376912,13,2024-05-06 09:30:00-04:00,2024-08-06 09:30:00-04:00
realized_vol_60,top_10pct,0.005232377974119901,1,2876,1.0098351129196296e-05,0.0,0.49860917941585536,13,2024-05-06 09:30:00-04:00,2024-08-06 09:30:00-04:00
realized_vol_60,top_10pct,0.005232377974119901,3,2876,3.3307657099356384e-05,3.8060641432635656e-05,0.5163421418636995,13,2024-05-06 09:30:00-04:00,2024-08-06 09:30:00-04:00
realized_vol_60,top_10pct,0.005232377974119901,5,2876,6.12964811556637e-05,6.664242133558318e-05,0.5250347705146036,13,2024-05-06 09:30:00-04:00,2024-08-06 09:30:00-04:00
realized_vol_60,top_10pct,0.005232377974119901,10,2876,0.00011505035403759106,0.00011491391606610613,0.5299026425591099,13,2024-05-06 09:30:00-04:00,2024-08-06 09:30:00-04:00
realized_vol_60,top_10pct,0.005232377974119901,20,2866,0.0001462242757155722,0.00022850231050441927,0.5432658757850662,13,2024-05-06 09:30:00-04:00,2024-08-06 09:30:00-04:00
realized_vol_60,top_10pct,0.005232377974119901,30,2856,-2.448245393055149e-05,0.00017893066059271323,0.5192577030812325,13,2024-05-06 09:30:00-04:00,2024-08-06 09:30:00-04:00
realized_vol_60,top_10pct,0.005232377974119901,60,2826,-0.0004339143671598631,-3.77261766708048e-05,0.4975230007077141,13,2024-05-06 09:30:00-04:00,2024-08-06 09:30:00-04:00
vol_ratio_5_30,bottom_10pct,0.18657146518864887,1,2876,1.971154223247329e-05,0.0,0.49408901251738524,13,2024-05-06 09:30:00-04:00,2024-08-06 09:30:00-04:00
vol_ratio_5_30,bottom_10pct,0.18657146518864887,3,2876,5.403927294114767e-05,1.3739287718750326e-05,0.5205146036161336,13,2024-05-06 09:30:00-04:00,2024-08-06 09:30:00-04:00
vol_ratio_5_30,bottom_10pct,0.18657146518864887,5,2876,8.424283811836815e-05,2.6255202914660103e-05,0.5271210013908206,13,2024-05-06 09:30:00-04:00,2024-08-06 09:30:00-04:00
vol_ratio_5_30,bottom_10pct,0.18657146518864887,10,2875,0.00010943048656148726,5.115874558758726e-05,0.5419130434782609,13,2024-05-06 09:30:00-04:00,2024-08-06 09:30:00-04:00
vol_ratio_5_30,bottom_10pct,0.18657146518864887,20,2872,0.00014552681464582775,4.873690222295668e-05,0.5264623955431755,13,2024-05-06 09:30:00-04:00,2024-08-06 09:30:00-04:00
vol_ratio_5_30,bottom_10pct,0.18657146518864887,30,2864,0.0001705880313971878,7.565283500365894e-05,0.5279329608938548,13,2024-05-06 09:30:00-04:00,2024-08-06 09:30:00-04:00
vol_ratio_5_30,bottom_10pct,0.18657146518864887,60,2862,0.00032834886004914676,0.00043251954649980995,0.5667365478686234,13,2024-05-06 09:30:00-04:00,2024-08-06 09:30:00-04:00
vol_ratio_5_30,top_10pct,0.5651963597435959,1,2875,-4.563547008879292e-06,1.3701820972045198e-05,0.5123478260869565,13,2024-05-06 09:30:00-04:00,2024-08-06 09:30:00-04:00
vol_ratio_5_30,top_10pct,0.5651963597435959,3,2873,-2.1295108072391807e-05,4.827128461948327e-05,0.5318482422554821,13,2024-05-06 09:30:00-04:00,2024-08-06 09:30:00-04:00
vol_ratio_5_30,top_10pct,0.5651963597435959,5,2873,1.7969604957056694e-06,6.509738568905021e-05,0.5381134702401671,13,2024-05-06 09:30:00-04:00,2024-08-06 09:30:00-04:00
vol_ratio_5_30,top_10pct,0.5651963597435959,10,2873,-2.972048899448047e-05,4.968512054848162e-05,0.5259310824921685,13,2024-05-06 09:30:00-04:00,2024-08-06 09:30:00-04:00
vol_ratio_5_30,top_10pct,0.5651963597435959,20,2873,-2.3318004960817502e-05,9.68628543061012e-05,0.5297598329272537,13,2024-05-06 09:30:00-04:00,2024-08-06 09:30:00-04:00
vol_ratio_5_30,top_10pct,0.5651963597435959,30,2873,-2.876323776932622e-05,0.00012871172435091616,0.5342847198050817,13,2024-05-06 09:30:00-04:00,2024-08-06 09:30:00-04:00
vol_ratio_5_30,top_10pct,0.5651963597435959,60,2873,-0.00015193796803169993,0.00015518311607687352,0.5241907413853115,13,2024-05-06 09:30:00-04:00,2024-08-06 09:30:00-04:00
vol_ratio_5_60,bottom_10pct,0.10560173588377668,1,2876,1.0205035074335141e-05,0.0,0.47774687065368565,13,2024-05-06 09:30:00-04:00,2024-08-06 09:30:00-04:00
vol_ratio_5_60,bottom_10pct,0.10560173588377668,3,2876,4.182370628563145e-05,1.2535884606146297e-05,0.5083449235048678,13,2024-05-06 09:30:00-04:00,2024-08-06 09:30:00-04:00
vol_ratio_5_60,bottom_10pct,0.10560173588377668,5,2874,8.052239927340111e-05,1.3625504837300184e-05,0.5173973556019485,13,2024-05-06 09:30:00-04:00,2024-08-06 09:30:00-04:00
vol_ratio_5_60,bottom_10pct,0.10560173588377668,10,2869,8.149084594047081e-05,2.564201187227333e-05,0.520738933426281,13,2024-05-06 09:30:00-04:00,2024-08-06 09:30:00-04:00
vol_ratio_5_60,bottom_10pct,0.10560173588377668,20,2859,0.00022888879652061705,5.4676180321955314e-05,0.5260580622595313,13,2024-05-06 09:30:00-04:00,2024-08-06 09:30:00-04:00
vol_ratio_5_60,bottom_10pct,0.10560173588377668,30,2852,0.00026531813315781774,0.00012616734291592824,0.5417251051893408,13,2024-05-06 09:30:00-04:00,2024-08-06 09:30:00-04:00
vol_ratio_5_60,bottom_10pct,0.10560173588377668,60,2852,0.0004897813222735908,0.0004608762260245314,0.5683730715287517,13,2024-05-06 09:30:00-04:00,2024-08-06 09:30:00-04:00
vol_ratio_5_60,top_10pct,0.4056388061120906,1,2876,-1.5051463931115484e-05,1.3119389720817054e-05,0.5041724617524339,13,2024-05-06 09:30:00-04:00,2024-08-06 09:30:00-04:00
vol_ratio_5_60,top_10pct,0.4056388061120906,3,2876,-3.35925840648989e-05,6.05777921462991e-05,0.5372044506258693,13,2024-05-06 09:30:00-04:00,2024-08-06 09:30:00-04:00
vol_ratio_5_60,top_10pct,0.4056388061120906,5,2876,-1.4664260727573822e-05,6.522081527970958e-05,0.5309457579972183,13,2024-05-06 09:30:00-04:00,2024-08-06 09:30:00-04:00
vol_ratio_5_60,top_10pct,0.4056388061120906,10,2876,-4.327756875210881e-05,6.27175819025716e-05,0.5239916550764951,13,2024-05-06 09:30:00-04:00,2024-08-06 09:30:00-04:00
vol_ratio_5_60,top_10pct,0.4056388061120906,20,2876,-0.00010666080988510142,0.00010231720099707076,0.5319888734353269,13,2024-05-06 09:30:00-04:00,2024-08-06 09:30:00-04:00
vol_ratio_5_60,top_10pct,0.4056388061120906,30,2876,-0.00010729987120012398,0.00012679810310256556,0.5361613351877608,13,2024-05-06 09:30:00-04:00,2024-08-06 09:30:00-04:00
vol_ratio_5_60,top_10pct,0.4056388061120906,60,2876,-0.00020877230260713577,0.0002133654791984796,0.5316411682892906,13,2024-05-06 09:30:00-04:00,2024-08-06 09:30:00-04:00
vol_ratio_30_60,bottom_10pct,0.4891673987352182,1,2875,1.2614029873271788e-05,0.0,0.48034782608695653,13,2024-05-06 09:30:00-04:00,2024-08-06 09:30:00-04:00
vol_ratio_30_60,bottom_10pct,0.4891673987352182,3,2873,4.9987838468241616e-05,1.2523795210883648e-05,0.5060911938739993,13,2024-05-06 09:30:00-04:00,2024-08-06 09:30:00-04:00
vol_ratio_30_60,bottom_10pct,0.4891673987352182,5,2871,9.702478434974056e-05,1.3668858240167836e-05,0.5158481365377917,13,2024-05-06 09:30:00-04:00,2024-08-06 09:30:00-04:00
vol_ratio_30_60,bottom_10pct,0.4891673987352182,10,2866,0.0001866117301787106,5.277880403231627e-05,0.5429169574319609,13,2024-05-06 09:30:00-04:00,2024-08-06 09:30:00-04:00
vol_ratio_30_60,bottom_10pct,0.4891673987352182,20,2859,0.0003907664417797322,0.00019277373870907333,0.5820216859041623,13,2024-05-06 09:30:00-04:00,2024-08-06 09:30:00-04:00
vol_ratio_30_60,bottom_10pct,0.4891673987352182,30,2859,0.0005229395682472682,0.0005656544879542036,0.6019587268275621,13,2024-05-06 09:30:00-04:00,2024-08-06 09:30:00-04:00
vol_ratio_30_60,bottom_10pct,0.4891673987352182,60,2859,0.0004984467143983709,0.0005033979360684615,0.5827212311997202,13,2024-05-06 09:30:00-04:00,2024-08-06 09:30:00-04:00
vol_ratio_30_60,top_10pct,0.8661075098017205,1,2876,1.253542695041912e-05,1.227339930476301e-05,0.5024339360222532,13,2024-05-06 09:30:00-04:00,2024-08-06 09:30:00-04:00
vol_ratio_30_60,top_10pct,0.8661075098017205,3,2876,3.9453828357385916e-05,3.974655754424017e-05,0.5219054242002782,13,2024-05-06 09:30:00-04:00,2024-08-06 09:30:00-04:00
vol_ratio_30_60,top_10pct,0.8661075098017205,5,2876,5.484340392082221e-05,5.146216894968969e-05,0.521557719054242,13,2024-05-06 09:30:00-04:00,2024-08-06 09:30:00-04:00
vol_ratio_30_60,top_10pct,0.8661075098017205,10,2876,4.550178395154584e-05,9.838193491984448e-05,0.5340751043115438,13,2024-05-06 09:30:00-04:00,2024-08-06 09:30:00-04:00
vol_ratio_30_60,top_10pct,0.8661075098017205,20,2876,-3.095973501158336e-05,7.147640660332133e-05,0.5250347705146036,13,2024-05-06 09:30:00-04:00,2024-08-06 09:30:00-04:00
vol_ratio_30_60,top_10pct,0.8661075098017205,30,2876,-5.816450636059008e-05,0.00015352204980290107,0.5305980528511822,13,2024-05-06 09:30:00-04:00,2024-08-06 09:30:00-04:00
vol_ratio_30_60,top_10pct,0.8661075098017205,60,2876,0.0001482760036512417,0.0003146349814561189,0.5406815020862309,13,2024-05-06 09:30:00-04:00,2024-08-06 09:30:00-04:00
normalized_vwap_distance,bottom_10pct,-6.962804710344477,1,2946,3.4136498564993346e-05,0.0,0.4860828241683639,14,2024-08-06 09:30:00-04:00,2024-11-06 09:30:00-05:00
normalized_vwap_distance,bottom_10pct,-6.962804710344477,3,2946,9.30857619313386e-05,-1.3207111022206508e-05,0.47793618465716226,14,2024-08-06 09:30:00-04:00,2024-11-06 09:30:00-05:00
normalized_vwap_distance,bottom_10pct,-6.962804710344477,5,2946,0.00014870910852764254,-1.2784862723103085e-05,0.4874405974202308,14,2024-08-06 09:30:00-04:00,2024-11-06 09:30:00-05:00
normalized_vwap_distance,bottom_10pct,-6.962804710344477,10,2946,0.0002871440456049795,-2.6176629688845487e-05,0.48540393754243044,14,2024-08-06 09:30:00-04:00,2024-11-06 09:30:00-05:00
normalized_vwap_distance,bottom_10pct,-6.962804710344477,20,2946,0.0005530904808166474,4.429338382538894e-05,0.5105227427019687,14,2024-08-06 09:30:00-04:00,2024-11-06 09:30:00-05:00
normalized_vwap_distance,bottom_10pct,-6.962804710344477,30,2946,0.0007060872920244108,0.00014574708456704943,0.5210454854039376,14,2024-08-06 09:30:00-04:00,2024-11-06 09:30:00-05:00
normalized_vwap_distance,bottom_10pct,-6.962804710344477,60,2946,0.0012540443256568081,0.0007894957760771204,0.5699253224711474,14,2024-08-06 09:30:00-04:00,2024-11-06 09:30:00-05:00
normalized_vwap_distance,top_10pct,9.691206076815163,1,2945,3.3640674985651257e-06,1.2078461687048403e-05,0.500509337860781,14,2024-08-06 09:30:00-04:00,2024-11-06 09:30:00-05:00
normalized_vwap_distance,top_10pct,9.691206076815163,3,2943,4.944034020775499e-06,0.0,0.48521916411824667,14,2024-08-06 09:30:00-04:00,2024-11-06 09:30:00-05:00
normalized_vwap_distance,top_10pct,9.691206076815163,5,2941,1.053878447598032e-05,-1.2380987755244988e-05,0.48316899013940834,14,2024-08-06 09:30:00-04:00,2024-11-06 09:30:00-05:00
normalized_vwap_distance,top_10pct,9.691206076815163,10,2936,3.958860897921998e-05,-2.4768722057810777e-05,0.4833106267029973,14,2024-08-06 09:30:00-04:00,2024-11-06 09:30:00-05:00
normalized_vwap_distance,top_10pct,9.691206076815163,20,2933,1.2814700321887863e-05,-2.693421318433753e-05,0.4851687691783157,14,2024-08-06 09:30:00-04:00,2024-11-06 09:30:00-05:00
normalized_vwap_distance,top_10pct,9.691206076815163,30,2933,-1.2553712135400584e-05,-0.00010212939794718157,0.4722127514490283,14,2024-08-06 09:30:00-04:00,2024-11-06 09:30:00-05:00
normalized_vwap_distance,top_10pct,9.691206076815163,60,2933,2.173664161743868e-05,-0.0002442536123823391,0.4531196726900784,14,2024-08-06 09:30:00-04:00,2024-11-06 09:30:00-05:00
half_life_30,bottom_10pct,0.17666192557812868,1,1194,5.765478692789884e-06,-1.2277173291552756e-05,0.4765494137353434,14,2024-08-06 09:30:00-04:00,2024-11-06 09:30:00-05:00
half_life_30,bottom_10pct,0.17666192557812868,3,1194,4.548785725218086e-06,1.2718520299825897e-05,0.509212730318258,14,2024-08-06 09:30:00-04:00,2024-11-06 09:30:00-05:00
half_life_30,bottom_10pct,0.17666192557812868,5,1194,2.949408402140969e-06,1.2132710041301564e-05,0.5008375209380235,14,2024-08-06 09:30:00-04:00,2024-11-06 09:30:00-05:00
half_life_30,bottom_10pct,0.17666192557812868,10,1194,6.69218102411086e-05,6.275968190616599e-05,0.5226130653266332,14,2024-08-06 09:30:00-04:00,2024-11-06 09:30:00-05:00
half_life_30,bottom_10pct,0.17666192557812868,20,1194,0.0001553550479036315,7.517682303337381e-05,0.5226130653266332,14,2024-08-06 09:30:00-04:00,2024-11-06 09:30:00-05:00
half_life_30,bottom_10pct,0.17666192557812868,30,1194,0.0001996022556376988,0.00014373657152855213,0.5376884422110553,14,2024-08-06 09:30:00-04:00,2024-11-06 09:30:00-05:00
half_life_30,bottom_10pct,0.17666192557812868,60,1190,0.0003875039161227627,0.0002710423649273652,0.534453781512605,14,2024-08-06 09:30:00-04:00,2024-11-06 09:30:00-05:00
half_life_30,top_10pct,0.5494983018752978,1,1194,1.348536406346292e-05,0.0,0.48911222780569513,14,2024-08-06 09:30:00-04:00,2024-11-06 09:30:00-05:00
half_life_30,top_10pct,0.5494983018752978,3,1194,6.370101192627482e-05,6.04777744184215e-06,0.5,14,2024-08-06 09:30:00-04:00,2024-11-06 09:30:00-05:00
half_life_30,top_10pct,0.5494983018752978,5,1194,7.700646676379789e-05,1.3050033619177448e-05,0.5108877721943048,14,2024-08-06 09:30:00-04:00,2024-11-06 09:30:00-05:00
half_life_30,top_10pct,0.5494983018752978,10,1194,0.00020184174000035043,7.476911491199889e-05,0.5268006700167505,14,2024-08-06 09:30:00-04:00,2024-11-06 09:30:00-05:00
half_life_30,top_10pct,0.5494983018752978,20,1194,0.0006145806044490225,0.0002539978672726484,0.576214405360134,14,2024-08-06 09:30:00-04:00,2024-11-06 09:30:00-05:00
half_life_30,top_10pct,0.5494983018752978,30,1194,0.0009369035558724426,0.0003565774356563134,0.5804020100502513,14,2024-08-06 09:30:00-04:00,2024-11-06 09:30:00-05:00
half_life_30,top_10pct,0.5494983018752978,60,1194,0.0007566424144670021,0.00019581399458978854,0.5217755443886097,14,2024-08-06 09:30:00-04:00,2024-11-06 09:30:00-05:00
half_life_60,bottom_10pct,0.16449334066217425,1,1284,3.6268155921257384e-05,2.4702339588178468e-05,0.5272585669781932,14,2024-08-06 09:30:00-04:00,2024-11-06 09:30:00-05:00
half_life_60,bottom_10pct,0.16449334066217425,3,1284,7.199121957332747e-05,4.95587064669456e-05,0.5295950155763239,14,2024-08-06 09:30:00-04:00,2024-11-06 09:30:00-05:00
half_life_60,bottom_10pct,0.16449334066217425,5,1284,8.672371501671342e-05,7.452120169559873e-05,0.543613707165109,14,2024-08-06 09:30:00-04:00,2024-11-06 09:30:00-05:00
half_life_60,bottom_10pct,0.16449334066217425,10,1284,8.056366778936534e-05,2.722043872582791e-05,0.514018691588785,14,2024-08-06 09:30:00-04:00,2024-11-06 09:30:00-05:00
half_life_60,bottom_10pct,0.16449334066217425,20,1284,7.564200589742467e-05,4.9499761750171345e-05,0.5116822429906542,14,2024-08-06 09:30:00-04:00,2024-11-06 09:30:00-05:00
half_life_60,bottom_10pct,0.16449334066217425,30,1282,0.0001798674501997368,0.00015460515841436706,0.5288611544461779,14,2024-08-06 09:30:00-04:00,2024-11-06 09:30:00-05:00
half_life_60,bottom_10pct,0.16449334066217425,60,1281,0.000487095874296854,0.00046092389634333486,0.5683060109289617,14,2024-08-06 09:30:00-04:00,2024-11-06 09:30:00-05:00
half_life_60,top_10pct,0.4590535489338382,1,1284,5.7254785774462375e-05,2.436676863348808e-05,0.5241433021806854,14,2024-08-06 09:30:00-04:00,2024-11-06 09:30:00-05:00
half_life_60,top_10pct,0.4590535489338382,3,1284,0.00013543375623740287,4.9082635801278585e-05,0.5319314641744548,14,2024-08-06 09:30:00-04:00,2024-11-06 09:30:00-05:00
half_life_60,top_10pct,0.4590535489338382,5,1284,0.000185718789903148,1.2897942459066947e-05,0.5077881619937694,14,2024-08-06 09:30:00-04:00,2024-11-06 09:30:00-05:00
half_life_60,top_10pct,0.4590535489338382,10,1284,0.0003818794874177515,7.801784105032628e-05,0.5334890965732088,14,2024-08-06 09:30:00-04:00,2024-11-06 09:30:00-05:00
half_life_60,top_10pct,0.4590535489338382,20,1284,0.0005919579803829154,0.00031694767139067714,0.5887850467289719,14,2024-08-06 09:30:00-04:00,2024-11-06 09:30:00-05:00
half_life_60,top_10pct,0.4590535489338382,30,1284,0.0006213499230266431,0.0003191516409849493,0.5778816199376947,14,2024-08-06 09:30:00-04:00,2024-11-06 09:30:00-05:00
half_life_60,top_10pct,0.4590535489338382,60,1284,0.0002611332501465202,0.00019001875720836559,0.5210280373831776,14,2024-08-06 09:30:00-04:00,2024-11-06 09:30:00-05:00
normalized_ou_residual_30,bottom_10pct,-1.710284026074772,1,2946,1.6007231656612402e-05,2.499422325730194e-05,0.521724372029871,14,2024-08-06 09:30:00-04:00,2024-11-06 09:30:00-05:00
normalized_ou_residual_30,bottom_10pct,-1.710284026074772,3,2946,5.197789882719592e-05,6.14925701041269e-05,0.5315682281059063,14,2024-08-06 09:30:00-04:00,2024-11-06 09:30:00-05:00
normalized_ou_residual_30,bottom_10pct,-1.710284026074772,5,2946,7.974887915214154e-05,8.493548364940651e-05,0.5390359809911744,14,2024-08-06 09:30:00-04:00,2024-11-06 09:30:00-05:00
normalized_ou_residual_30,bottom_10pct,-1.710284026074772,10,2946,0.00018262190663546253,0.00014827075126000455,0.5471826205023761,14,2024-08-06 09:30:00-04:00,2024-11-06 09:30:00-05:00
normalized_ou_residual_30,bottom_10pct,-1.710284026074772,20,2942,0.00020094428821474143,7.375312115731614e-05,0.518354860639021,14,2024-08-06 09:30:00-04:00,2024-11-06 09:30:00-05:00
normalized_ou_residual_30,bottom_10pct,-1.710284026074772,30,2942,0.0002442739306626558,0.0001594058885131533,0.5384092454112849,14,2024-08-06 09:30:00-04:00,2024-11-06 09:30:00-05:00
normalized_ou_residual_30,bottom_10pct,-1.710284026074772,60,2942,0.0005620603850423707,0.0004982373056499068,0.5642420122365738,14,2024-08-06 09:30:00-04:00,2024-11-06 09:30:00-05:00
normalized_ou_residual_30,top_10pct,1.7126537846597596,1,2946,2.0320491859255345e-06,0.0,0.4938900203665988,14,2024-08-06 09:30:00-04:00,2024-11-06 09:30:00-05:00
normalized_ou_residual_30,top_10pct,1.7126537846597596,3,2946,-5.06007204215817e-06,-1.2251974099763974e-05,0.48676171079429736,14,2024-08-06 09:30:00-04:00,2024-11-06 09:30:00-05:00
normalized_ou_residual_30,top_10pct,1.7126537846597596,5,2946,8.619639007513993e-06,2.513102250134569e-05,0.5118805159538357,14,2024-08-06 09:30:00-04:00,2024-11-06 09:30:00-05:00
normalized_ou_residual_30,top_10pct,1.7126537846597596,10,2946,1.6776087802884345e-05,8.291870979393323e-05,0.5308893414799728,14,2024-08-06 09:30:00-04:00,2024-11-06 09:30:00-05:00
normalized_ou_residual_30,top_10pct,1.7126537846597596,20,2946,5.431772526606536e-06,9.490945835677334e-05,0.526816021724372,14,2024-08-06 09:30:00-04:00,2024-11-06 09:30:00-05:00
normalized_ou_residual_30,top_10pct,1.7126537846597596,30,2946,2.2622924303862248e-06,8.946140615928577e-05,0.5193482688391039,14,2024-08-06 09:30:00-04:00,2024-11-06 09:30:00-05:00
normalized_ou_residual_30,top_10pct,1.7126537846597596,60,2940,0.00014471073051749628,0.0001667859511309544,0.5285714285714286,14,2024-08-06 09:30:00-04:00,2024-11-06 09:30:00-05:00
realized_vol_30,bottom_10pct,0.0010181840915931375,1,2945,2.612072906521046e-05,0.0,0.47640067911714773,14,2024-08-06 09:30:00-04:00,2024-11-06 09:30:00-05:00
realized_vol_30,bottom_10pct,0.0010181840915931375,3,2943,7.962984154785396e-05,0.0,0.4892966360856269,14,2024-08-06 09:30:00-04:00,2024-11-06 09:30:00-05:00
realized_vol_30,bottom_10pct,0.0010181840915931375,5,2941,0.00013092214305456104,0.0,0.4957497449846991,14,2024-08-06 09:30:00-04:00,2024-11-06 09:30:00-05:00
realized_vol_30,bottom_10pct,0.0010181840915931375,10,2940,0.0002470732855882486,-6.064428488272711e-06,0.49081632653061225,14,2024-08-06 09:30:00-04:00,2024-11-06 09:30:00-05:00
realized_vol_30,bottom_10pct,0.0010181840915931375,20,2940,0.00045740231934397535,4.8931459265766364e-05,0.5156462585034014,14,2024-08-06 09:30:00-04:00,2024-11-06 09:30:00-05:00
realized_vol_30,bottom_10pct,0.0010181840915931375,30,2940,0.0005803135280003732,9.8142273626034e-05,0.5261904761904762,14,2024-08-06 09:30:00-04:00,2024-11-06 09:30:00-05:00
realized_vol_30,bottom_10pct,0.0010181840915931375,60,2940,0.0007570880436661258,0.00029326635894422193,0.5479591836734694,14,2024-08-06 09:30:00-04:00,2024-11-06 09:30:00-05:00
realized_vol_30,top_10pct,0.004000880304992055,1,2946,4.7929840847344716e-06,2.6569259612752028e-05,0.5128988458927359,14,2024-08-06 09:30:00-04:00,2024-11-06 09:30:00-05:00
realized_vol_30,top_10pct,0.004000880304992055,3,2946,2.3891095423414015e-05,7.51707458611639e-05,0.5224032586558045,14,2024-08-06 09:30:00-04:00,2024-11-06 09:30:00-05:00
realized_vol_30,top_10pct,0.004000880304992055,5,2946,4.5225022231202456e-05,8.709773740456228e-05,0.5244399185336049,14,2024-08-06 09:30:00-04:00,2024-11-06 09:30:00-05:00
realized_vol_30,top_10pct,0.004000880304992055,10,2946,0.0001267210374355524,0.00016365122831973888,0.5342837746096402,14,2024-08-06 09:30:00-04:00,2024-11-06 09:30:00-05:00
realized_vol_30,top_10pct,0.004000880304992055,20,2946,0.00024878779265871995,0.0003268977931897288,0.5403937542430414,14,2024-08-06 09:30:00-04:00,2024-11-06 09:30:00-05:00
realized_vol_30,top_10pct,0.004000880304992055,30,2946,0.0003212384850614887,0.0004215347360987387,0.5386965376782077,14,2024-08-06 09:30:00-04:00,2024-11-06 09:30:00-05:00
realized_vol_30,top_10pct,0.004000880304992055,60,2946,-3.781212598519479e-05,0.00029750355857161015,0.5264765784114053,14,2024-08-06 09:30:00-04:00,2024-11-06 09:30:00-05:00
realized_vol_60,bottom_10pct,0.0016836119773779076,1,2946,1.653643847988325e-05,0.0,0.48370672097759676,14,2024-08-06 09:30:00-04:00,2024-11-06 09:30:00-05:00
realized_vol_60,bottom_10pct,0.0016836119773779076,3,2946,4.352273842445875e-05,0.0,0.49490835030549896,14,2024-08-06 09:30:00-04:00,2024-11-06 09:30:00-05:00
realized_vol_60,bottom_10pct,0.0016836119773779076,5,2946,4.9763044070451916e-05,0.0,0.4989816700610998,14,2024-08-06 09:30:00-04:00,2024-11-06 09:30:00-05:00
realized_vol_60,bottom_10pct,0.0016836119773779076,10,2946,7.020803693319911e-05,0.0,0.4983027834351663,14,2024-08-06 09:30:00-04:00,2024-11-06 09:30:00-05:00
realized_vol_60,bottom_10pct,0.0016836119773779076,20,2946,0.00016150074883379464,1.2078461688935782e-05,0.5003394433129668,14,2024-08-06 09:30:00-04:00,2024-11-06 09:30:00-05:00
realized_vol_60,bottom_10pct,0.0016836119773779076,30,2946,0.0002445454518937287,4.9117667697440304e-05,0.5169721656483367,14,2024-08-06 09:30:00-04:00,2024-11-06 09:30:00-05:00
realized_vol_60,bottom_10pct,0.0016836119773779076,60,2946,0.0004227609587449214,0.00023963378508273792,0.5417515274949084,14,2024-08-06 09:30:00-04:00,2024-11-06 09:30:00-05:00
realized_vol_60,top_10pct,0.0058391419701722316,1,2946,1.225966558444471e-05,2.4447787745907057e-05,0.5105227427019687,14,2024-08-06 09:30:00-04:00,2024-11-06 09:30:00-05:00
realized_vol_60,top_10pct,0.0058391419701722316,3,2946,3.795130870002418e-05,5.2518749433128065e-05,0.5159538357094365,14,2024-08-06 09:30:00-04:00,2024-11-06 09:30:00-05:00
realized_vol_60,top_10pct,0.0058391419701722316,5,2946,5.183383655487206e-05,6.271086858433694e-05,0.5166327223353699,14,2024-08-06 09:30:00-04:00,2024-11-06 09:30:00-05:00
realized_vol_60,top_10pct,0.0058391419701722316,10,2946,9.492623058144415e-05,9.106553781423887e-05,0.5125594025797692,14,2024-08-06 09:30:00-04:00,2024-11-06 09:30:00-05:00
realized_vol_60,top_10pct,0.0058391419701722316,20,2946,0.00012043269089105986,3.163846886566901e-05,0.5044127630685675,14,2024-08-06 09:30:00-04:00,2024-11-06 09:30:00-05:00
realized_vol_60,top_10pct,0.0058391419701722316,30,2946,7.253132331256487e-05,-7.438405461174247e-05,0.4894772572980312,14,2024-08-06 09:30:00-04:00,2024-11-06 09:30:00-05:00
realized_vol_60,top_10pct,0.0058391419701722316,60,2946,-0.0001263243766043638,-0.00036475892695914114,0.47318397827562797,14,2024-08-06 09:30:00-04:00,2024-11-06 09:30:00-05:00
vol_ratio_5_30,bottom_10pct,0.1853295864912209,1,2946,4.107906274055695e-06,0.0,0.49049558723693143,14,2024-08-06 09:30:00-04:00,2024-11-06 09:30:00-05:00
vol_ratio_5_30,bottom_10pct,0.1853295864912209,3,2946,-5.297731918974644e-06,0.0,0.4972844534962661,14,2024-08-06 09:30:00-04:00,2024-11-06 09:30:00-05:00
vol_ratio_5_30,bottom_10pct,0.1853295864912209,5,2946,-2.7086993624870766e-06,0.0,0.4959266802443992,14,2024-08-06 09:30:00-04:00,2024-11-06 09:30:00-05:00
vol_ratio_5_30,bottom_10pct,0.1853295864912209,10,2946,6.856602204573818e-05,3.684192363218042e-05,0.5132382892057027,14,2024-08-06 09:30:00-04:00,2024-11-06 09:30:00-05:00
vol_ratio_5_30,bottom_10pct,0.1853295864912209,20,2945,0.0002090160615354207,4.880131763562723e-05,0.5188455008488965,14,2024-08-06 09:30:00-04:00,2024-11-06 09:30:00-05:00
vol_ratio_5_30,bottom_10pct,0.1853295864912209,30,2935,0.0003319902873511118,3.662377615554213e-05,0.5066439522998296,14,2024-08-06 09:30:00-04:00,2024-11-06 09:30:00-05:00
vol_ratio_5_30,bottom_10pct,0.1853295864912209,60,2933,0.0006184421494718501,0.00024253301480658962,0.5322195704057279,14,2024-08-06 09:30:00-04:00,2024-11-06 09:30:00-05:00
vol_ratio_5_30,top_10pct,0.5693092979174122,1,2946,8.125695679048423e-06,1.2860666808278687e-05,0.5145960624575696,14,2024-08-06 09:30:00-04:00,2024-11-06 09:30:00-05:00
vol_ratio_5_30,top_10pct,0.5693092979174122,3,2946,2.4224428734124926e-06,4.8810548615385585e-05,0.5207060420909708,14,2024-08-06 09:30:00-04:00,2024-11-06 09:30:00-05:00
vol_ratio_5_30,top_10pct,0.5693092979174122,5,2946,1.7070512851039412e-06,5.738458217896536e-05,0.5271554650373388,14,2024-08-06 09:30:00-04:00,2024-11-06 09:30:00-05:00
vol_ratio_5_30,top_10pct,0.5693092979174122,10,2946,-4.1612899940656305e-05,6.247270569748054e-05,0.5183299389002036,14,2024-08-06 09:30:00-04:00,2024-11-06 09:30:00-05:00
vol_ratio_5_30,top_10pct,0.5693092979174122,20,2946,-4.276016841264585e-05,3.6749170646888096e-05,0.5078071961982349,14,2024-08-06 09:30:00-04:00,2024-11-06 09:30:00-05:00
vol_ratio_5_30,top_10pct,0.5693092979174122,30,2946,2.631961362382099e-05,0.00011906807165040778,0.5247793618465716,14,2024-08-06 09:30:00-04:00,2024-11-06 09:30:00-05:00
vol_ratio_5_30,top_10pct,0.5693092979174122,60,2946,0.0001326229348197275,0.00025380769440597195,0.5369993211133741,14,2024-08-06 09:30:00-04:00,2024-11-06 09:30:00-05:00
vol_ratio_5_60,bottom_10pct,0.11162199434745239,1,2946,1.7983177261766048e-06,0.0,0.4745417515274949,14,2024-08-06 09:30:00-04:00,2024-11-06 09:30:00-05:00
vol_ratio_5_60,bottom_10pct,0.11162199434745239,3,2946,9.707015844849577e-06,0.0,0.4850644942294637,14,2024-08-06 09:30:00-04:00,2024-11-06 09:30:00-05:00
vol_ratio_5_60,bottom_10pct,0.11162199434745239,5,2946,3.076108606578676e-05,0.0,0.4921928038017651,14,2024-08-06 09:30:00-04:00,2024-11-06 09:30:00-05:00
vol_ratio_5_60,bottom_10pct,0.11162199434745239,10,2946,5.882007197374424e-05,-1.2349186053361993e-05,0.49049558723693143,14,2024-08-06 09:30:00-04:00,2024-11-06 09:30:00-05:00
vol_ratio_5_60,bottom_10pct,0.11162199434745239,20,2945,0.00017541250713981032,0.0,0.4977928692699491,14,2024-08-06 09:30:00-04:00,2024-11-06 09:30:00-05:00
vol_ratio_5_60,bottom_10pct,0.11162199434745239,30,2935,0.00027911642722574023,-1.2563761087491798e-05,0.49505962521294716,14,2024-08-06 09:30:00-04:00,2024-11-06 09:30:00-05:00
vol_ratio_5_60,bottom_10pct,0.11162199434745239,60,2934,0.0005144867330397551,9.92926034357744e-05,0.5115882753919564,14,2024-08-06 09:30:00-04:00,2024-11-06 09:30:00-05:00
vol_ratio_5_60,top_10pct,0.40599159000783697,1,2946,-4.331084933248094e-06,1.3509315303639191e-05,0.5156143923964698,14,2024-08-06 09:30:00-04:00,2024-11-06 09:30:00-05:00
vol_ratio_5_60,top_10pct,0.40599159000783697,3,2946,-1.005206005358883e-05,3.796450421145181e-05,0.5128988458927359,14,2024-08-06 09:30:00-04:00,2024-11-06 09:30:00-05:00
vol_ratio_5_60,top_10pct,0.40599159000783697,5,2946,-1.4654179951028097e-05,4.966707452858099e-05,0.5183299389002036,14,2024-08-06 09:30:00-04:00,2024-11-06 09:30:00-05:00
vol_ratio_5_60,top_10pct,0.40599159000783697,10,2946,-5.9933368870533555e-05,6.566769003990558e-05,0.5183299389002036,14,2024-08-06 09:30:00-04:00,2024-11-06 09:30:00-05:00
vol_ratio_5_60,top_10pct,0.40599159000783697,20,2946,-1.745204411194347e-05,8.298100053116819e-05,0.5210454854039376,14,2024-08-06 09:30:00-04:00,2024-11-06 09:30:00-05:00
vol_ratio_5_60,top_10pct,0.40599159000783697,30,2946,3.4927864053425454e-05,0.00012318540570088743,0.5285132382892057,14,2024-08-06 09:30:00-04:00,2024-11-06 09:30:00-05:00
vol_ratio_5_60,top_10pct,0.40599159000783697,60,2941,2.0642517571086778e-05,0.0002754613978412923,0.5355321319279157,14,2024-08-06 09:30:00-04:00,2024-11-06 09:30:00-05:00
vol_ratio_30_60,bottom_10pct,0.4849967468520983,1,2945,1.6858386774424198e-05,0.0,0.47877758913412566,14,2024-08-06 09:30:00-04:00,2024-11-06 09:30:00-05:00
vol_ratio_30_60,bottom_10pct,0.4849967468520983,3,2943,3.868319119645848e-05,-1.2172410015498514e-05,0.4818212708120965,14,2024-08-06 09:30:00-04:00,2024-11-06 09:30:00-05:00
vol_ratio_30_60,bottom_10pct,0.4849967468520983,5,2941,7.790495029977587e-05,-1.2733662710706639e-05,0.4801088065283917,14,2024-08-06 09:30:00-04:00,2024-11-06 09:30:00-05:00
vol_ratio_30_60,bottom_10pct,0.4849967468520983,10,2937,0.00013324440691419266,-2.611545643294022e-05,0.4776983316309159,14,2024-08-06 09:30:00-04:00,2024-11-06 09:30:00-05:00
vol_ratio_30_60,bottom_10pct,0.4849967468520983,20,2933,0.00026991822553335736,-1.2463388795458386e-05,0.49471530855779067,14,2024-08-06 09:30:00-04:00,2024-11-06 09:30:00-05:00
vol_ratio_30_60,bottom_10pct,0.4849967468520983,30,2933,0.0003578414678087764,-1.2411721629912442e-05,0.4974428912376406,14,2024-08-06 09:30:00-04:00,2024-11-06 09:30:00-05:00
vol_ratio_30_60,bottom_10pct,0.4849967468520983,60,2933,0.0006048346243693739,3.706632400901633e-05,0.5022161609273781,14,2024-08-06 09:30:00-04:00,2024-11-06 09:30:00-05:00
vol_ratio_30_60,top_10pct,0.8632857602175635,1,2946,9.529163610932688e-06,2.436676863348808e-05,0.5112016293279023,14,2024-08-06 09:30:00-04:00,2024-11-06 09:30:00-05:00
vol_ratio_30_60,top_10pct,0.8632857602175635,3,2946,3.908892538376077e-05,6.257749787319522e-05,0.528173794976239,14,2024-08-06 09:30:00-04:00,2024-11-06 09:30:00-05:00
vol_ratio_30_60,top_10pct,0.8632857602175635,5,2946,7.119476786066205e-05,0.00011038678933705803,0.5386965376782077,14,2024-08-06 09:30:00-04:00,2024-11-06 09:30:00-05:00
vol_ratio_30_60,top_10pct,0.8632857602175635,10,2946,0.00015261371415232743,0.0001713506604418269,0.5519348268839104,14,2024-08-06 09:30:00-04:00,2024-11-06 09:30:00-05:00
vol_ratio_30_60,top_10pct,0.8632857602175635,20,2946,0.00032389928660911334,0.0002964287255347031,0.5733197556008147,14,2024-08-06 09:30:00-04:00,2024-11-06 09:30:00-05:00
vol_ratio_30_60,top_10pct,0.8632857602175635,30,2946,0.0004289907389375924,0.00040790346182961734,0.570264765784114,14,2024-08-06 09:30:00-04:00,2024-11-06 09:30:00-05:00
vol_ratio_30_60,top_10pct,0.8632857602175635,60,2943,9.341481274527147e-06,0.00043522594444023177,0.5507985049269453,14,2024-08-06 09:30:00-04:00,2024-11-06 09:30:00-05:00
normalized_vwap_distance,bottom_10pct,-6.554473931043524,1,2742,-1.6351599462234117e-06,0.0,0.49781181619256015,15,2024-11-06 09:30:00-05:00,2025-02-06 09:30:00-05:00
normalized_vwap_distance,bottom_10pct,-6.554473931043524,3,2742,4.309856094331472e-06,2.32828871915558e-05,0.5171407731582787,15,2024-11-06 09:30:00-05:00,2025-02-06 09:30:00-05:00
normalized_vwap_distance,bottom_10pct,-6.554473931043524,5,2742,5.300153710000966e-06,4.551195258239993e-05,0.5226112326768781,15,2024-11-06 09:30:00-05:00,2025-02-06 09:30:00-05:00
normalized_vwap_distance,bottom_10pct,-6.554473931043524,10,2742,-1.7390458243467422e-06,9.381653845930149e-05,0.5470459518599562,15,2024-11-06 09:30:00-05:00,2025-02-06 09:30:00-05:00
normalized_vwap_distance,bottom_10pct,-6.554473931043524,20,2742,8.614695122597166e-06,0.00018943835649698482,0.5649161196207148,15,2024-11-06 09:30:00-05:00,2025-02-06 09:30:00-05:00
normalized_vwap_distance,bottom_10pct,-6.554473931043524,30,2742,1.1407709931914123e-05,0.00031947390957987043,0.5776805251641138,15,2024-11-06 09:30:00-05:00,2025-02-06 09:30:00-05:00
normalized_vwap_distance,bottom_10pct,-6.554473931043524,60,2742,0.00033129301971145206,0.0009772782832971894,0.6123267687819111,15,2024-11-06 09:30:00-05:00,2025-02-06 09:30:00-05:00
normalized_vwap_distance,top_10pct,11.25681038264126,1,2741,-3.831993058908978e-06,0.0,0.4925209777453484,15,2024-11-06 09:30:00-05:00,2025-02-06 09:30:00-05:00
normalized_vwap_distance,top_10pct,11.25681038264126,3,2739,-1.1727414167096824e-05,0.0,0.49872216137276376,15,2024-11-06 09:30:00-05:00,2025-02-06 09:30:00-05:00
normalized_vwap_distance,top_10pct,11.25681038264126,5,2737,-1.0280274378623656e-05,1.1300967362792846e-05,0.5009134088417976,15,2024-11-06 09:30:00-05:00,2025-02-06 09:30:00-05:00
normalized_vwap_distance,top_10pct,11.25681038264126,10,2732,-2.102554085848046e-05,-2.29436926066362e-05,0.48096632503660325,15,2024-11-06 09:30:00-05:00,2025-02-06 09:30:00-05:00
normalized_vwap_distance,top_10pct,11.25681038264126,20,2722,2.0382538246022113e-05,-3.4543907323436596e-05,0.4838354151359295,15,2024-11-06 09:30:00-05:00,2025-02-06 09:30:00-05:00
normalized_vwap_distance,top_10pct,11.25681038264126,30,2712,3.758134972026576e-05,-8.025958327551042e-05,0.47382005899705015,15,2024-11-06 09:30:00-05:00,2025-02-06 09:30:00-05:00
normalized_vwap_distance,top_10pct,11.25681038264126,60,2691,-0.00025685581339104425,-0.0002900602165009092,0.4396135265700483,15,2024-11-06 09:30:00-05:00,2025-02-06 09:30:00-05:00
half_life_30,bottom_10pct,0.17528304035978198,1,1020,-4.739375333638798e-06,-1.1444659706483229e-05,0.47941176470588237,15,2024-11-06 09:30:00-05:00,2025-02-06 09:30:00-05:00
half_life_30,bottom_10pct,0.17528304035978198,3,1020,-1.3088783790281687e-05,-1.1493404010354258e-05,0.48627450980392156,15,2024-11-06 09:30:00-05:00,2025-02-06 09:30:00-05:00
half_life_30,bottom_10pct,0.17528304035978198,5,1018,-6.4221596624074285e-06,0.0,0.49214145383104124,15,2024-11-06 09:30:00-05:00,2025-02-06 09:30:00-05:00
half_life_30,bottom_10pct,0.17528304035978198,10,1018,-8.65595926717878e-05,3.459292027463423e-05,0.5098231827111984,15,2024-11-06 09:30:00-05:00,2025-02-06 09:30:00-05:00
half_life_30,bottom_10pct,0.17528304035978198,20,1018,-8.870971188880621e-05,7.067033705765446e-05,0.5206286836935167,15,2024-11-06 09:30:00-05:00,2025-02-06 09:30:00-05:00
half_life_30,bottom_10pct,0.17528304035978198,30,1018,-0.0001131933008294037,4.595765720438738e-05,0.5127701375245579,15,2024-11-06 09:30:00-05:00,2025-02-06 09:30:00-05:00
half_life_30,bottom_10pct,0.17528304035978198,60,1018,2.183904508381883e-05,0.00031913114234727313,0.537328094302554,15,2024-11-06 09:30:00-05:00,2025-02-06 09:30:00-05:00
half_life_30,top_10pct,0.5195768234919997,1,1020,-6.444672772671998e-06,0.0,0.4980392156862745,15,2024-11-06 09:30:00-05:00,2025-02-06 09:30:00-05:00
half_life_30,top_10pct,0.5195768234919997,3,1020,-1.944517591014382e-05,1.2123124034979504e-05,0.5068627450980392,15,2024-11-06 09:30:00-05:00,2025-02-06 09:30:00-05:00
half_life_30,top_10pct,0.5195768234919997,5,1020,-3.418565276130642e-05,0.0,0.492156862745098,15,2024-11-06 09:30:00-05:00,2025-02-06 09:30:00-05:00
half_life_30,top_10pct,0.5195768234919997,10,1020,-6.725717894978167e-05,5.70825690708876e-05,0.5264705882352941,15,2024-11-06 09:30:00-05:00,2025-02-06 09:30:00-05:00
half_life_30,top_10pct,0.5195768234919997,20,1020,-0.0002618816725583049,-6.447862398084592e-05,0.47941176470588237,15,2024-11-06 09:30:00-05:00,2025-02-06 09:30:00-05:00
half_life_30,top_10pct,0.5195768234919997,30,1020,-0.0003234597385081049,-9.115378933310936e-05,0.4764705882352941,15,2024-11-06 09:30:00-05:00,2025-02-06 09:30:00-05:00
half_life_30,top_10pct,0.5195768234919997,60,1014,-0.00021689469108950846,-0.00036028330331916436,0.4428007889546351,15,2024-11-06 09:30:00-05:00,2025-02-06 09:30:00-05:00
half_life_60,bottom_10pct,0.1569762383705738,1,1090,1.843451794269403e-05,1.1556420015268465e-05,0.5064220183486239,15,2024-11-06 09:30:00-05:00,2025-02-06 09:30:00-05:00
half_life_60,bottom_10pct,0.1569762383705738,3,1090,3.7156987602157506e-05,4.564128807282852e-05,0.536697247706422,15,2024-11-06 09:30:00-05:00,2025-02-06 09:30:00-05:00
half_life_60,bottom_10pct,0.1569762383705738,5,1090,5.2780877249794595e-05,6.909226295503945e-05,0.5394495412844037,15,2024-11-06 09:30:00-05:00,2025-02-06 09:30:00-05:00
half_life_60,bottom_10pct,0.1569762383705738,10,1090,-1.0122181543800149e-05,4.8600530518250196e-05,0.5174311926605505,15,2024-11-06 09:30:00-05:00,2025-02-06 09:30:00-05:00
half_life_60,bottom_10pct,0.1569762383705738,20,1090,0.00012745618383292563,9.362025602044355e-05,0.5321100917431193,15,2024-11-06 09:30:00-05:00,2025-02-06 09:30:00-05:00
half_life_60,bottom_10pct,0.1569762383705738,30,1090,0.00024286826443516323,0.00010507691099792549,0.5266055045871559,15,2024-11-06 09:30:00-05:00,2025-02-06 09:30:00-05:00
half_life_60,bottom_10pct,0.1569762383705738,60,1090,0.0006074992672216178,0.0004055751224929516,0.5440366972477064,15,2024-11-06 09:30:00-05:00,2025-02-06 09:30:00-05:00
half_life_60,top_10pct,0.42937961593778506,1,1090,3.490063289790013e-05,1.1770452636339357e-05,0.5128440366972477,15,2024-11-06 09:30:00-05:00,2025-02-06 09:30:00-05:00
half_life_60,top_10pct,0.42937961593778506,3,1090,7.589997518955426e-05,0.0,0.4981651376146789,15,2024-11-06 09:30:00-05:00,2025-02-06 09:30:00-05:00
half_life_60,top_10pct,0.42937961593778506,5,1089,0.00013330413868545353,3.407232418672912e-05,0.5179063360881543,15,2024-11-06 09:30:00-05:00,2025-02-06 09:30:00-05:00
half_life_60,top_10pct,0.42937961593778506,10,1085,0.00020613435668613255,8.477449983046448e-05,0.5327188940092166,15,2024-11-06 09:30:00-05:00,2025-02-06 09:30:00-05:00
half_life_60,top_10pct,0.42937961593778506,20,1078,0.00028338605193334575,0.00013626608309758037,0.5398886827458256,15,2024-11-06 09:30:00-05:00,2025-02-06 09:30:00-05:00
half_life_60,top_10pct,0.42937961593778506,30,1068,0.0002961165480868155,0.00013795733207078165,0.5411985018726592,15,2024-11-06 09:30:00-05:00,2025-02-06 09:30:00-05:00
half_life_60,top_10pct,0.42937961593778506,60,1038,0.0003377588709638964,0.00014285392356727655,0.523121387283237,15,2024-11-06 09:30:00-05:00,2025-02-06 09:30:00-05:00
normalized_ou_residual_30,bottom_10pct,-1.6919342951011271,1,2742,8.853654642612274e-06,1.1651684684976793e-05,0.5080233406272794,15,2024-11-06 09:30:00-05:00,2025-02-06 09:30:00-05:00
normalized_ou_residual_30,bottom_10pct,-1.6919342951011271,3,2742,2.364805207723092e-05,4.608667263783506e-05,0.5295404814004376,15,2024-11-06 09:30:00-05:00,2025-02-06 09:30:00-05:00
normalized_ou_residual_30,bottom_10pct,-1.6919342951011271,5,2742,5.3322153125849533e-05,9.312454631149603e-05,0.5485047410649161,15,2024-11-06 09:30:00-05:00,2025-02-06 09:30:00-05:00
normalized_ou_residual_30,bottom_10pct,-1.6919342951011271,10,2742,4.287253082012185e-05,8.186416631628113e-05,0.537563822027717,15,2024-11-06 09:30:00-05:00,2025-02-06 09:30:00-05:00
normalized_ou_residual_30,bottom_10pct,-1.6919342951011271,20,2740,0.00010137870740056086,9.2656500671362e-05,0.5255474452554745,15,2024-11-06 09:30:00-05:00,2025-02-06 09:30:00-05:00
normalized_ou_residual_30,bottom_10pct,-1.6919342951011271,30,2740,-4.289444529477997e-05,4.632957226902157e-05,0.5109489051094891,15,2024-11-06 09:30:00-05:00,2025-02-06 09:30:00-05:00
normalized_ou_residual_30,bottom_10pct,-1.6919342951011271,60,2740,1.0747828196881596e-05,0.00017444295694613032,0.5273722627737226,15,2024-11-06 09:30:00-05:00,2025-02-06 09:30:00-05:00
normalized_ou_residual_30,top_10pct,1.7158092616771854,1,2742,-4.535865738258349e-06,1.1355532366419396e-05,0.5010940919037199,15,2024-11-06 09:30:00-05:00,2025-02-06 09:30:00-05:00
normalized_ou_residual_30,top_10pct,1.7158092616771854,3,2741,-1.2757612398864351e-05,4.559651642610518e-05,0.5315578256110909,15,2024-11-06 09:30:00-05:00,2025-02-06 09:30:00-05:00
normalized_ou_residual_30,top_10pct,1.7158092616771854,5,2741,-2.1834723034358007e-05,3.487804310919884e-05,0.5235315578256111,15,2024-11-06 09:30:00-05:00,2025-02-06 09:30:00-05:00
normalized_ou_residual_30,top_10pct,1.7158092616771854,10,2741,-1.0000446286985007e-05,5.666621333699773e-05,0.5206129149945276,15,2024-11-06 09:30:00-05:00,2025-02-06 09:30:00-05:00
normalized_ou_residual_30,top_10pct,1.7158092616771854,20,2741,-4.062382524744523e-06,1.1552546758997195e-05,0.501276906238599,15,2024-11-06 09:30:00-05:00,2025-02-06 09:30:00-05:00
normalized_ou_residual_30,top_10pct,1.7158092616771854,30,2741,8.320069122562229e-05,0.00012937371361365635,0.5293688434877781,15,2024-11-06 09:30:00-05:00,2025-02-06 09:30:00-05:00
normalized_ou_residual_30,top_10pct,1.7158092616771854,60,2740,0.00023363711052770434,0.00027091492953923435,0.5467153284671533,15,2024-11-06 09:30:00-05:00,2025-02-06 09:30:00-05:00
realized_vol_30,bottom_10pct,0.0009021637580185338,1,2741,-1.4794305603931256e-05,0.0,0.4837650492520978,15,2024-11-06 09:30:00-05:00,2025-02-06 09:30:00-05:00
realized_vol_30,bottom_10pct,0.0009021637580185338,3,2739,-3.589615445501147e-05,1.1569253551835246e-05,0.5071193866374589,15,2024-11-06 09:30:00-05:00,2025-02-06 09:30:00-05:00
realized_vol_30,bottom_10pct,0.0009021637580185338,5,2737,-5.9365835940805955e-05,1.1616695514859998e-05,0.5104128607964925,15,2024-11-06 09:30:00-05:00,2025-02-06 09:30:00-05:00
realized_vol_30,bottom_10pct,0.0009021637580185338,10,2732,-0.00013298356174703274,0.0,0.49633967789165445,15,2024-11-06 09:30:00-05:00,2025-02-06 09:30:00-05:00
realized_vol_30,bottom_10pct,0.0009021637580185338,20,2723,-0.00020124679514447173,1.1378894426705699e-05,0.5009181050312156,15,2024-11-06 09:30:00-05:00,2025-02-06 09:30:00-05:00
realized_vol_30,bottom_10pct,0.0009021637580185338,30,2723,-0.00019631565028312622,-1.161710037178576e-05,0.49467499081894967,15,2024-11-06 09:30:00-05:00,2025-02-06 09:30:00-05:00
realized_vol_30,bottom_10pct,0.0009021637580185338,60,2723,-0.00047910576221931193,-6.982102543817703e-05,0.48733015056922513,15,2024-11-06 09:30:00-05:00,2025-02-06 09:30:00-05:00
realized_vol_30,top_10pct,0.003985720624734535,1,2742,-3.216700223228887e-06,1.2081088610060853e-05,0.5040116703136397,15,2024-11-06 09:30:00-05:00,2025-02-06 09:30:00-05:00
realized_vol_30,top_10pct,0.003985720624734535,3,2742,-5.988157902003985e-06,4.6260840172673845e-05,0.5116703136396791,15,2024-11-06 09:30:00-05:00,2025-02-06 09:30:00-05:00
realized_vol_30,top_10pct,0.003985720624734535,5,2742,-3.890474604466546e-06,4.650382110837903e-05,0.5145878920495989,15,2024-11-06 09:30:00-05:00,2025-02-06 09:30:00-05:00
realized_vol_30,top_10pct,0.003985720624734535,10,2742,4.86459032580784e-05,0.00016783066155612314,0.5364697301239971,15,2024-11-06 09:30:00-05:00,2025-02-06 09:30:00-05:00
realized_vol_30,top_10pct,0.003985720624734535,20,2742,0.00016370687681200523,0.0001167343146009081,0.5200583515681984,15,2024-11-06 09:30:00-05:00,2025-02-06 09:30:00-05:00
realized_vol_30,top_10pct,0.003985720624734535,30,2742,0.00023343674207663374,0.0002108806695862997,0.5269876002917578,15,2024-11-06 09:30:00-05:00,2025-02-06 09:30:00-05:00
realized_vol_30,top_10pct,0.003985720624734535,60,2742,0.0005132074754945659,0.0005736499609784174,0.5572574762946754,15,2024-11-06 09:30:00-05:00,2025-02-06 09:30:00-05:00
realized_vol_60,bottom_10pct,0.0014407058981814366,1,2741,-1.1843155513469659e-05,0.0,0.4731849689894199,15,2024-11-06 09:30:00-05:00,2025-02-06 09:30:00-05:00
realized_vol_60,bottom_10pct,0.0014407058981814366,3,2739,-2.5197723909803087e-05,1.1302372368016123e-05,0.5005476451259584,15,2024-11-06 09:30:00-05:00,2025-02-06 09:30:00-05:00
realized_vol_60,bottom_10pct,0.0014407058981814366,5,2737,-3.399860713021272e-05,0.0,0.4968944099378882,15,2024-11-06 09:30:00-05:00,2025-02-06 09:30:00-05:00
realized_vol_60,bottom_10pct,0.0014407058981814366,10,2737,-4.9291038721196937e-05,-1.138329842453878e-05,0.48520277676287904,15,2024-11-06 09:30:00-05:00,2025-02-06 09:30:00-05:00
realized_vol_60,bottom_10pct,0.0014407058981814366,20,2737,-4.753936627565677e-05,-1.1797878741393042e-05,0.4884910485933504,15,2024-11-06 09:30:00-05:00,2025-02-06 09:30:00-05:00
realized_vol_60,bottom_10pct,0.0014407058981814366,30,2737,-6.566341085358932e-05,-5.983867493242201e-05,0.474241870661308,15,2024-11-06 09:30:00-05:00,2025-02-06 09:30:00-05:00
realized_vol_60,bottom_10pct,0.0014407058981814366,60,2737,-0.0003151348384911742,-0.00019219680953297402,0.453781512605042,15,2024-11-06 09:30:00-05:00,2025-02-06 09:30:00-05:00
realized_vol_60,top_10pct,0.005770153018502741,1,2742,1.8558420316284237e-05,2.314575146800113e-05,0.5094821298322393,15,2024-11-06 09:30:00-05:00,2025-02-06 09:30:00-05:00
realized_vol_60,top_10pct,0.005770153018502741,3,2742,4.82749855641511e-05,6.014269223375557e-05,0.5189642596644785,15,2024-11-06 09:30:00-05:00,2025-02-06 09:30:00-05:00
realized_vol_60,top_10pct,0.005770153018502741,5,2742,7.532652916531178e-05,5.956631262571399e-05,0.5142231947483589,15,2024-11-06 09:30:00-05:00,2025-02-06 09:30:00-05:00
realized_vol_60,top_10pct,0.005770153018502741,10,2742,0.00015613421303209052,0.00021996851271954831,0.5437636761487965,15,2024-11-06 09:30:00-05:00,2025-02-06 09:30:00-05:00
realized_vol_60,top_10pct,0.005770153018502741,20,2742,0.00029714189472025265,0.00028016790844154205,0.5419401896425966,15,2024-11-06 09:30:00-05:00,2025-02-06 09:30:00-05:00
realized_vol_60,top_10pct,0.005770153018502741,30,2742,0.00038905913078925787,0.000454344951354102,0.5561633843909555,15,2024-11-06 09:30:00-05:00,2025-02-06 09:30:00-05:00
realized_vol_60,top_10pct,0.005770153018502741,60,2742,0.0006403962952232722,0.0007850847101515956,0.5689277899343544,15,2024-11-06 09:30:00-05:00,2025-02-06 09:30:00-05:00
vol_ratio_5_30,bottom_10pct,0.1894370108039792,1,2742,-1.9296768700415738e-07,0.0,0.49671772428884026,15,2024-11-06 09:30:00-05:00,2025-02-06 09:30:00-05:00
vol_ratio_5_30,bottom_10pct,0.1894370108039792,3,2742,2.2773930859459457e-05,2.2735540857521386e-05,0.5120350109409191,15,2024-11-06 09:30:00-05:00,2025-02-06 09:30:00-05:00
vol_ratio_5_30,bottom_10pct,0.1894370108039792,5,2742,4.2779319345884085e-05,3.423719657769109e-05,0.5189642596644785,15,2024-11-06 09:30:00-05:00,2025-02-06 09:30:00-05:00
vol_ratio_5_30,bottom_10pct,0.1894370108039792,10,2742,0.00011633651903702174,4.76204649774159e-05,0.526258205689278,15,2024-11-06 09:30:00-05:00,2025-02-06 09:30:00-05:00
vol_ratio_5_30,bottom_10pct,0.1894370108039792,20,2739,0.00018533026534857806,8.132348157441349e-05,0.5323110624315444,15,2024-11-06 09:30:00-05:00,2025-02-06 09:30:00-05:00
vol_ratio_5_30,bottom_10pct,0.1894370108039792,30,2733,0.0001742995992076555,8.108045497712268e-05,0.5184778631540432,15,2024-11-06 09:30:00-05:00,2025-02-06 09:30:00-05:00
vol_ratio_5_30,bottom_10pct,0.1894370108039792,60,2727,0.00017462586445199968,0.00026154196042749156,0.5328199486615328,15,2024-11-06 09:30:00-05:00,2025-02-06 09:30:00-05:00
vol_ratio_5_30,top_10pct,0.5622009060228403,1,2742,6.144945736172463e-06,1.1558422068902452e-05,0.5032822757111597,15,2024-11-06 09:30:00-05:00,2025-02-06 09:30:00-05:00
vol_ratio_5_30,top_10pct,0.5622009060228403,3,2742,-7.43716526188445e-06,4.7784065391742736e-05,0.5353756382202771,15,2024-11-06 09:30:00-05:00,2025-02-06 09:30:00-05:00
vol_ratio_5_30,top_10pct,0.5622009060228403,5,2742,-1.883265723310653e-05,6.079556808291642e-05,0.536834427425237,15,2024-11-06 09:30:00-05:00,2025-02-06 09:30:00-05:00
vol_ratio_5_30,top_10pct,0.5622009060228403,10,2739,-3.146050141928481e-05,8.152142266526496e-05,0.5366922234392114,15,2024-11-06 09:30:00-05:00,2025-02-06 09:30:00-05:00
vol_ratio_5_30,top_10pct,0.5622009060228403,20,2739,5.547434478787318e-05,7.202621754309746e-05,0.5184373859072654,15,2024-11-06 09:30:00-05:00,2025-02-06 09:30:00-05:00
vol_ratio_5_30,top_10pct,0.5622009060228403,30,2739,4.7216796882208674e-05,0.0001324327903589051,0.5315808689302666,15,2024-11-06 09:30:00-05:00,2025-02-06 09:30:00-05:00
vol_ratio_5_30,top_10pct,0.5622009060228403,60,2739,8.141306224247288e-05,0.00021414040472533813,0.5337714494341,15,2024-11-06 09:30:00-05:00,2025-02-06 09:30:00-05:00
vol_ratio_5_60,bottom_10pct,0.11163969188905461,1,2742,1.2759865629397161e-05,1.1333926991929921e-05,0.5021881838074398,15,2024-11-06 09:30:00-05:00,2025-02-06 09:30:00-05:00
vol_ratio_5_60,bottom_10pct,0.11163969188905461,3,2742,4.122666163872372e-05,1.1963941042858472e-05,0.5156819839533188,15,2024-11-06 09:30:00-05:00,2025-02-06 09:30:00-05:00
vol_ratio_5_60,bottom_10pct,0.11163969188905461,5,2742,7.067781043882698e-05,1.208698188737145e-05,0.5102115244347192,15,2024-11-06 09:30:00-05:00,2025-02-06 09:30:00-05:00
vol_ratio_5_60,bottom_10pct,0.11163969188905461,10,2742,0.0001421955334806591,2.2821167356190664e-05,0.5087527352297593,15,2024-11-06 09:30:00-05:00,2025-02-06 09:30:00-05:00
vol_ratio_5_60,bottom_10pct,0.11163969188905461,20,2738,0.00016926101343804712,9.631645865759708e-05,0.5430971512052594,15,2024-11-06 09:30:00-05:00,2025-02-06 09:30:00-05:00
vol_ratio_5_60,bottom_10pct,0.11163969188905461,30,2732,0.00011986746355268659,0.0001030891009919932,0.5263543191800878,15,2024-11-06 09:30:00-05:00,2025-02-06 09:30:00-05:00
vol_ratio_5_60,bottom_10pct,0.11163969188905461,60,2730,6.374400624213978e-06,0.0003019166469862,0.5344322344322344,15,2024-11-06 09:30:00-05:00,2025-02-06 09:30:00-05:00
vol_ratio_5_60,top_10pct,0.40114129620419564,1,2742,-5.127147222312529e-06,0.0,0.49307075127644057,15,2024-11-06 09:30:00-05:00,2025-02-06 09:30:00-05:00
vol_ratio_5_60,top_10pct,0.40114129620419564,3,2742,-3.68661050261453e-05,3.466471340507482e-05,0.5182348650619986,15,2024-11-06 09:30:00-05:00,2025-02-06 09:30:00-05:00
vol_ratio_5_60,top_10pct,0.40114129620419564,5,2742,-5.8269762955527756e-05,3.586254951315482e-05,0.5207877461706784,15,2024-11-06 09:30:00-05:00,2025-02-06 09:30:00-05:00
vol_ratio_5_60,top_10pct,0.40114129620419564,10,2742,-5.7530412777627806e-05,7.236672406896183e-05,0.5309992706053975,15,2024-11-06 09:30:00-05:00,2025-02-06 09:30:00-05:00
vol_ratio_5_60,top_10pct,0.40114129620419564,20,2742,-8.21655147598497e-05,2.3381497394336925e-05,0.5043763676148797,15,2024-11-06 09:30:00-05:00,2025-02-06 09:30:00-05:00
vol_ratio_5_60,top_10pct,0.40114129620419564,30,2742,-0.00018381696318925562,0.0,0.4985412107950401,15,2024-11-06 09:30:00-05:00,2025-02-06 09:30:00-05:00
vol_ratio_5_60,top_10pct,0.40114129620419564,60,2742,-9.139719856407869e-05,-2.3621941981133432e-05,0.4938001458789205,15,2024-11-06 09:30:00-05:00,2025-02-06 09:30:00-05:00
vol_ratio_30_60,bottom_10pct,0.489095959533928,1,2742,3.2965932039309743e-06,0.0,0.4865061998541211,15,2024-11-06 09:30:00-05:00,2025-02-06 09:30:00-05:00
vol_ratio_30_60,bottom_10pct,0.489095959533928,3,2742,4.471981945201696e-05,1.166207096647831e-05,0.5105762217359592,15,2024-11-06 09:30:00-05:00,2025-02-06 09:30:00-05:00
vol_ratio_30_60,bottom_10pct,0.489095959533928,5,2742,4.8073388158073275e-05,1.1534466776708108e-05,0.5036469730123997,15,2024-11-06 09:30:00-05:00,2025-02-06 09:30:00-05:00
vol_ratio_30_60,bottom_10pct,0.489095959533928,10,2737,5.425418469980915e-05,1.1813069980659563e-05,0.505663134819145,15,2024-11-06 09:30:00-05:00,2025-02-06 09:30:00-05:00
vol_ratio_30_60,bottom_10pct,0.489095959533928,20,2728,0.0001078097088589006,5.93027175623817e-05,0.5223607038123167,15,2024-11-06 09:30:00-05:00,2025-02-06 09:30:00-05:00
vol_ratio_30_60,bottom_10pct,0.489095959533928,30,2728,0.00018234732176565692,0.00022041700026476096,0.5417888563049853,15,2024-11-06 09:30:00-05:00,2025-02-06 09:30:00-05:00
vol_ratio_30_60,bottom_10pct,0.489095959533928,60,2728,8.029840462776953e-05,0.0005421970771518625,0.5608504398826979,15,2024-11-06 09:30:00-05:00,2025-02-06 09:30:00-05:00
vol_ratio_30_60,top_10pct,0.8626479145117321,1,2742,7.036331042649424e-06,1.181970803032506e-05,0.5047410649161196,15,2024-11-06 09:30:00-05:00,2025-02-06 09:30:00-05:00
vol_ratio_30_60,top_10pct,0.8626479145117321,3,2742,7.439549319523088e-06,3.619014302325141e-05,0.5178701677607586,15,2024-11-06 09:30:00-05:00,2025-02-06 09:30:00-05:00
vol_ratio_30_60,top_10pct,0.8626479145117321,5,2742,-4.559294971306899e-06,4.701108696947287e-05,0.5207877461706784,15,2024-11-06 09:30:00-05:00,2025-02-06 09:30:00-05:00
vol_ratio_30_60,top_10pct,0.8626479145117321,10,2742,-4.0520513910128005e-06,0.00010360845973023114,0.5277169948942377,15,2024-11-06 09:30:00-05:00,2025-02-06 09:30:00-05:00
vol_ratio_30_60,top_10pct,0.8626479145117321,20,2742,-0.00011145728112937583,-5.804549919374846e-05,0.48614150255288113,15,2024-11-06 09:30:00-05:00,2025-02-06 09:30:00-05:00
vol_ratio_30_60,top_10pct,0.8626479145117321,30,2742,-0.00021625720386247313,-0.0001387841194204209,0.4733770970094821,15,2024-11-06 09:30:00-05:00,2025-02-06 09:30:00-05:00
vol_ratio_30_60,top_10pct,0.8626479145117321,60,2742,5.4097355390710554e-05,-5.863942015471579e-05,0.4912472647702407,15,2024-11-06 09:30:00-05:00,2025-02-06 09:30:00-05:00
normalized_vwap_distance,bottom_10pct,-8.21350302600267,1,2766,-3.742953913159191e-05,-2.3252169868870354e-05,0.470354302241504,16,2025-02-06 09:30:00-05:00,2025-05-06 09:30:00-04:00
normalized_vwap_distance,bottom_10pct,-8.21350302600267,3,2765,-0.00011131172309701155,-3.724441023478242e-05,0.4719710669077758,16,2025-02-06 09:30:00-05:00,2025-05-06 09:30:00-04:00
normalized_vwap_distance,bottom_10pct,-8.21350302600267,5,2763,-0.00018331131486145906,-5.4443249717595066e-05,0.47267462902642055,16,2025-02-06 09:30:00-05:00,2025-05-06 09:30:00-04:00
normalized_vwap_distance,bottom_10pct,-8.21350302600267,10,2760,-0.00034987502515005563,-0.00010583538507263901,0.45869565217391306,16,2025-02-06 09:30:00-05:00,2025-05-06 09:30:00-04:00
normalized_vwap_distance,bottom_10pct,-8.21350302600267,20,2752,-0.0007441959671410195,-0.0002566630308253881,0.43931686046511625,16,2025-02-06 09:30:00-05:00,2025-05-06 09:30:00-04:00
normalized_vwap_distance,bottom_10pct,-8.21350302600267,30,2746,-0.0009840932166792315,-0.0004167752092629762,0.4319009468317553,16,2025-02-06 09:30:00-05:00,2025-05-06 09:30:00-04:00
normalized_vwap_distance,bottom_10pct,-8.21350302600267,60,2746,-0.0016058821460392737,-0.0007360209158366882,0.4064093226511289,16,2025-02-06 09:30:00-05:00,2025-05-06 09:30:00-04:00
normalized_vwap_distance,top_10pct,8.673479520516208,1,2766,-1.3748616003209856e-05,0.0,0.485177151120752,16,2025-02-06 09:30:00-05:00,2025-05-06 09:30:00-04:00
normalized_vwap_distance,top_10pct,8.673479520516208,3,2766,-3.7048903215620475e-05,0.0,0.4981923355025307,16,2025-02-06 09:30:00-05:00,2025-05-06 09:30:00-04:00
normalized_vwap_distance,top_10pct,8.673479520516208,5,2766,-5.2218013630337595e-05,-1.290100818379658e-05,0.48626174981923354,16,2025-02-06 09:30:00-05:00,2025-05-06 09:30:00-04:00
normalized_vwap_distance,top_10pct,8.673479520516208,10,2766,-9.53950156699604e-05,-6.792939892930061e-05,0.47071583514099785,16,2025-02-06 09:30:00-05:00,2025-05-06 09:30:00-04:00
normalized_vwap_distance,top_10pct,8.673479520516208,20,2766,-0.00026024822910760483,-7.585885516075974e-05,0.47396963123644253,16,2025-02-06 09:30:00-05:00,2025-05-06 09:30:00-04:00
normalized_vwap_distance,top_10pct,8.673479520516208,30,2766,-0.00044386799406235974,-0.00016905292355723356,0.4692697035430224,16,2025-02-06 09:30:00-05:00,2025-05-06 09:30:00-04:00
normalized_vwap_distance,top_10pct,8.673479520516208,60,2766,-0.00044129155323213405,-0.00041689158211039024,0.45336225596529284,16,2025-02-06 09:30:00-05:00,2025-05-06 09:30:00-04:00
half_life_30,bottom_10pct,0.17272272073926123,1,1055,3.274759511309378e-05,3.6555051908138125e-05,0.5270142180094787,16,2025-02-06 09:30:00-05:00,2025-05-06 09:30:00-04:00
half_life_30,bottom_10pct,0.17272272073926123,3,1055,0.00012156921264550089,0.0,0.4938388625592417,16,2025-02-06 09:30:00-05:00,2025-05-06 09:30:00-04:00
half_life_30,bottom_10pct,0.17272272073926123,5,1055,0.00018446898899908052,-1.240787155376566e-05,0.4900473933649289,16,2025-02-06 09:30:00-05:00,2025-05-06 09:30:00-04:00
half_life_30,bottom_10pct,0.17272272073926123,10,1055,0.00035361634365741905,4.5504704048848765e-05,0.5137440758293839,16,2025-02-06 09:30:00-05:00,2025-05-06 09:30:00-04:00
half_life_30,bottom_10pct,0.17272272073926123,20,1055,0.0001621749916011517,7.94362297296125e-05,0.5175355450236967,16,2025-02-06 09:30:00-05:00,2025-05-06 09:30:00-04:00
half_life_30,bottom_10pct,0.17272272073926123,30,1055,0.00014478825480804502,9.897192908669972e-05,0.5109004739336492,16,2025-02-06 09:30:00-05:00,2025-05-06 09:30:00-04:00
half_life_30,bottom_10pct,0.17272272073926123,60,1055,0.00037220455478365977,0.00019429459632447355,0.5184834123222749,16,2025-02-06 09:30:00-05:00,2025-05-06 09:30:00-04:00
half_life_30,top_10pct,0.5413901791437944,1,1055,-3.6955193304855454e-05,-1.1661535590956618e-05,0.48625592417061614,16,2025-02-06 09:30:00-05:00,2025-05-06 09:30:00-04:00
half_life_30,top_10pct,0.5413901791437944,3,1055,-0.00010063355752827857,0.0,0.4976303317535545,16,2025-02-06 09:30:00-05:00,2025-05-06 09:30:00-04:00
half_life_30,top_10pct,0.5413901791437944,5,1055,-0.00018190565311825284,-3.6547036035394775e-05,0.48056872037914694,16,2025-02-06 09:30:00-05:00,2025-05-06 09:30:00-04:00
half_life_30,top_10pct,0.5413901791437944,10,1055,-0.0003114665568373328,-7.911750079114821e-05,0.4824644549763033,16,2025-02-06 09:30:00-05:00,2025-05-06 09:30:00-04:00
half_life_30,top_10pct,0.5413901791437944,20,1055,-0.0007436107049119562,-0.00023628691983124117,0.45023696682464454,16,2025-02-06 09:30:00-05:00,2025-05-06 09:30:00-04:00
half_life_30,top_10pct,0.5413901791437944,30,1055,-0.001289804540238679,-0.0003476101800123921,0.44170616113744077,16,2025-02-06 09:30:00-05:00,2025-05-06 09:30:00-04:00
half_life_30,top_10pct,0.5413901791437944,60,1055,-0.0015207472865854553,-0.00023648648648644244,0.4824644549763033,16,2025-02-06 09:30:00-05:00,2025-05-06 09:30:00-04:00
half_life_60,bottom_10pct,0.1621032028613524,1,1100,-1.5391601616532304e-05,1.26893096574765e-05,0.5109090909090909,16,2025-02-06 09:30:00-05:00,2025-05-06 09:30:00-04:00
half_life_60,bottom_10pct,0.1621032028613524,3,1100,-7.141921639953035e-05,0.0,0.49454545454545457,16,2025-02-06 09:30:00-05:00,2025-05-06 09:30:00-04:00
half_life_60,bottom_10pct,0.1621032028613524,5,1100,-8.499513113540418e-05,3.43857547635551e-05,0.5127272727272727,16,2025-02-06 09:30:00-05:00,2025-05-06 09:30:00-04:00
half_life_60,bottom_10pct,0.1621032028613524,10,1100,1.4128642573147741e-05,3.412987066520046e-05,0.51,16,2025-02-06 09:30:00-05:00,2025-05-06 09:30:00-04:00
half_life_60,bottom_10pct,0.1621032028613524,20,1100,3.386668040381902e-05,2.4559508631560867e-05,0.5027272727272727,16,2025-02-06 09:30:00-05:00,2025-05-06 09:30:00-04:00
half_life_60,bottom_10pct,0.1621032028613524,30,1100,6.146190986321813e-05,0.00011989781079035922,0.5154545454545455,16,2025-02-06 09:30:00-05:00,2025-05-06 09:30:00-04:00
half_life_60,bottom_10pct,0.1621032028613524,60,1100,0.00023928180773150165,0.00033844791103132543,0.5381818181818182,16,2025-02-06 09:30:00-05:00,2025-05-06 09:30:00-04:00
half_life_60,top_10pct,0.45434367781145907,1,1100,-4.065666601304464e-05,0.0,0.48727272727272725,16,2025-02-06 09:30:00-05:00,2025-05-06 09:30:00-04:00
half_life_60,top_10pct,0.45434367781145907,3,1100,-8.821217602313822e-05,-5.625435971268189e-06,0.49272727272727274,16,2025-02-06 09:30:00-05:00,2025-05-06 09:30:00-04:00
half_life_60,top_10pct,0.45434367781145907,5,1100,-0.0001233177479310634,-2.8840507168947926e-05,0.4863636363636364,16,2025-02-06 09:30:00-05:00,2025-05-06 09:30:00-04:00
half_life_60,top_10pct,0.45434367781145907,10,1100,-0.0001423993605852624,-3.7939084013338675e-05,0.48363636363636364,16,2025-02-06 09:30:00-05:00,2025-05-06 09:30:00-04:00
half_life_60,top_10pct,0.45434367781145907,20,1100,-0.00023613068867801658,-0.0001242869421249626,0.4727272727272727,16,2025-02-06 09:30:00-05:00,2025-05-06 09:30:00-04:00
half_life_60,top_10pct,0.45434367781145907,30,1100,-0.00041468270208764365,-0.00018152938901822013,0.4672727272727273,16,2025-02-06 09:30:00-05:00,2025-05-06 09:30:00-04:00
half_life_60,top_10pct,0.45434367781145907,60,1100,-0.0014152266149469216,-0.001400045258372784,0.4027272727272727,16,2025-02-06 09:30:00-05:00,2025-05-06 09:30:00-04:00
normalized_ou_residual_30,bottom_10pct,-1.7443251120131302,1,2766,-1.1353148391502788e-05,0.0,0.49638467100506145,16,2025-02-06 09:30:00-05:00,2025-05-06 09:30:00-04:00
normalized_ou_residual_30,bottom_10pct,-1.7443251120131302,3,2766,-1.067756973008932e-05,1.1925990678007814e-05,0.5039768618944324,16,2025-02-06 09:30:00-05:00,2025-05-06 09:30:00-04:00
normalized_ou_residual_30,bottom_10pct,-1.7443251120131302,5,2766,-1.937625079474675e-05,1.2471077911468953e-05,0.5039768618944324,16,2025-02-06 09:30:00-05:00,2025-05-06 09:30:00-04:00
normalized_ou_residual_30,bottom_10pct,-1.7443251120131302,10,2766,-9.930853400525972e-05,5.629933228945561e-06,0.5,16,2025-02-06 09:30:00-05:00,2025-05-06 09:30:00-04:00
normalized_ou_residual_30,bottom_10pct,-1.7443251120131302,20,2766,-4.214646695646461e-05,-4.6068555108691456e-05,0.48879248011569054,16,2025-02-06 09:30:00-05:00,2025-05-06 09:30:00-04:00
normalized_ou_residual_30,bottom_10pct,-1.7443251120131302,30,2764,-0.00012915829691955403,3.832060478603516e-05,0.5025325615050651,16,2025-02-06 09:30:00-05:00,2025-05-06 09:30:00-04:00
normalized_ou_residual_30,bottom_10pct,-1.7443251120131302,60,2763,-0.0004337457541088247,-0.00011421392267718655,0.48425624321389793,16,2025-02-06 09:30:00-05:00,2025-05-06 09:30:00-04:00
normalized_ou_residual_30,top_10pct,1.699053867162573,1,2766,-1.5545422943956907e-05,-1.1456006239585204e-05,0.4822848879248012,16,2025-02-06 09:30:00-05:00,2025-05-06 09:30:00-04:00
normalized_ou_residual_30,top_10pct,1.699053867162573,3,2766,-9.600589112978231e-05,0.0,0.4985538684020246,16,2025-02-06 09:30:00-05:00,2025-05-06 09:30:00-04:00
normalized_ou_residual_30,top_10pct,1.699053867162573,5,2766,-0.00016128312611320958,-3.375398478344671e-05,0.485177151120752,16,2025-02-06 09:30:00-05:00,2025-05-06 09:30:00-04:00
normalized_ou_residual_30,top_10pct,1.699053867162573,10,2765,-0.00023374779787416512,-2.2885913720127604e-05,0.491500904159132,16,2025-02-06 09:30:00-05:00,2025-05-06 09:30:00-04:00
normalized_ou_residual_30,top_10pct,1.699053867162573,20,2763,-0.00019363106350529173,3.7344088430701916e-05,0.50814332247557,16,2025-02-06 09:30:00-05:00,2025-05-06 09:30:00-04:00
normalized_ou_residual_30,top_10pct,1.699053867162573,30,2763,-9.537043917399818e-05,6.0832430985646724e-05,0.5106768005790807,16,2025-02-06 09:30:00-05:00,2025-05-06 09:30:00-04:00
normalized_ou_residual_30,top_10pct,1.699053867162573,60,2763,8.135212690457744e-05,-5.0303708640897504e-05,0.49294245385450597,16,2025-02-06 09:30:00-05:00,2025-05-06 09:30:00-04:00
realized_vol_30,bottom_10pct,0.0011815184845954919,1,2766,-1.071290674728075e-06,0.0,0.49349240780911063,16,2025-02-06 09:30:00-05:00,2025-05-06 09:30:00-04:00
realized_vol_30,bottom_10pct,0.0011815184845954919,3,2766,-3.7636578217470655e-07,1.1268877432635271e-05,0.5072306579898771,16,2025-02-06 09:30:00-05:00,2025-05-06 09:30:00-04:00
realized_vol_30,bottom_10pct,0.0011815184845954919,5,2766,-1.638404708029656e-05,1.2245964619128635e-05,0.5133767172812725,16,2025-02-06 09:30:00-05:00,2025-05-06 09:30:00-04:00
realized_vol_30,bottom_10pct,0.0011815184845954919,10,2766,-6.710973646202015e-05,1.2441215306080444e-05,0.5068691250903832,16,2025-02-06 09:30:00-05:00,2025-05-06 09:30:00-04:00
realized_vol_30,bottom_10pct,0.0011815184845954919,20,2766,-0.00018420681436618356,1.1258032314387378e-05,0.5018076644974693,16,2025-02-06 09:30:00-05:00,2025-05-06 09:30:00-04:00
realized_vol_30,bottom_10pct,0.0011815184845954919,30,2766,-0.0003687273512474109,1.7374076429876872e-05,0.5032537960954447,16,2025-02-06 09:30:00-05:00,2025-05-06 09:30:00-04:00
realized_vol_30,bottom_10pct,0.0011815184845954919,60,2766,-0.0008019996309489749,-0.0002827362230478081,0.44685466377440347,16,2025-02-06 09:30:00-05:00,2025-05-06 09:30:00-04:00
realized_vol_30,top_10pct,0.006984019398564244,1,2766,-5.479888121596879e-06,-1.3495115276318526e-05,0.4953000723065799,16,2025-02-06 09:30:00-05:00,2025-05-06 09:30:00-04:00
realized_vol_30,top_10pct,0.006984019398564244,3,2766,-3.2291334389856076e-06,-2.8624775497587684e-05,0.48879248011569054,16,2025-02-06 09:30:00-05:00,2025-05-06 09:30:00-04:00
realized_vol_30,top_10pct,0.006984019398564244,5,2766,1.38162117806069e-06,-0.00010929439062962176,0.4880694143167028,16,2025-02-06 09:30:00-05:00,2025-05-06 09:30:00-04:00
realized_vol_30,top_10pct,0.006984019398564244,10,2766,8.719351975563251e-05,-3.792107735273165e-05,0.49638467100506145,16,2025-02-06 09:30:00-05:00,2025-05-06 09:30:00-04:00
realized_vol_30,top_10pct,0.006984019398564244,20,2766,0.00025244927105072887,-0.00028442201164485814,0.48011569052783803,16,2025-02-06 09:30:00-05:00,2025-05-06 09:30:00-04:00
realized_vol_30,top_10pct,0.006984019398564244,30,2766,0.00025608183992835914,-0.0001602605545809599,0.4906001446131598,16,2025-02-06 09:30:00-05:00,2025-05-06 09:30:00-04:00
realized_vol_30,top_10pct,0.006984019398564244,60,2766,0.00012526589534165834,0.0007319628810761314,0.5227765726681128,16,2025-02-06 09:30:00-05:00,2025-05-06 09:30:00-04:00
realized_vol_60,bottom_10pct,0.001936609128415028,1,2766,-1.7777008898090963e-05,0.0,0.4945770065075922,16,2025-02-06 09:30:00-05:00,2025-05-06 09:30:00-04:00
realized_vol_60,bottom_10pct,0.001936609128415028,3,2766,-5.4855706069942364e-05,1.1250871943979668e-05,0.5039768618944324,16,2025-02-06 09:30:00-05:00,2025-05-06 09:30:00-04:00
realized_vol_60,bottom_10pct,0.001936609128415028,5,2766,-9.015735372345601e-05,2.2500604704434046e-05,0.5191612436731743,16,2025-02-06 09:30:00-05:00,2025-05-06 09:30:00-04:00
realized_vol_60,bottom_10pct,0.001936609128415028,10,2766,-0.00013866848430798715,2.289757343043597e-05,0.5144613159797542,16,2025-02-06 09:30:00-05:00,2025-05-06 09:30:00-04:00
realized_vol_60,bottom_10pct,0.001936609128415028,20,2766,-0.00018949414077449383,1.1278679259874025e-05,0.502530730296457,16,2025-02-06 09:30:00-05:00,2025-05-06 09:30:00-04:00
realized_vol_60,bottom_10pct,0.001936609128415028,30,2766,-0.000265728050071224,1.138582475079808e-05,0.502530730296457,16,2025-02-06 09:30:00-05:00,2025-05-06 09:30:00-04:00
realized_vol_60,bottom_10pct,0.001936609128415028,60,2766,-0.0004893119255333641,4.5732840194379065e-05,0.5068691250903832,16,2025-02-06 09:30:00-05:00,2025-05-06 09:30:00-04:00
realized_vol_60,top_10pct,0.011013643159606101,1,2766,2.650875753438844e-05,1.3197947848708758e-05,0.5028922631959508,16,2025-02-06 09:30:00-05:00,2025-05-06 09:30:00-04:00
realized_vol_60,top_10pct,0.011013643159606101,3,2766,5.251960384686691e-05,5.236038361244866e-05,0.5093998553868402,16,2025-02-06 09:30:00-05:00,2025-05-06 09:30:00-04:00
realized_vol_60,top_10pct,0.011013643159606101,5,2766,7.570770619250314e-05,0.00010466124380825725,0.5104844540853217,16,2025-02-06 09:30:00-05:00,2025-05-06 09:30:00-04:00
realized_vol_60,top_10pct,0.011013643159606101,10,2766,0.00013108598015827992,6.901301947492833e-05,0.5086767895878525,16,2025-02-06 09:30:00-05:00,2025-05-06 09:30:00-04:00
realized_vol_60,top_10pct,0.011013643159606101,20,2766,0.00025146396375103715,8.401086667897406e-05,0.5079537237888648,16,2025-02-06 09:30:00-05:00,2025-05-06 09:30:00-04:00
realized_vol_60,top_10pct,0.011013643159606101,30,2766,0.00043924855133722766,0.0004887776156570212,0.5281995661605207,16,2025-02-06 09:30:00-05:00,2025-05-06 09:30:00-04:00
realized_vol_60,top_10pct,0.011013643159606101,60,2766,0.00025774296938230185,0.0014137273783827453,0.5560375994215474,16,2025-02-06 09:30:00-05:00,2025-05-06 09:30:00-04:00
vol_ratio_5_30,bottom_10pct,0.19341919738104227,1,2766,1.38031249980446e-05,0.0,0.4924078091106291,16,2025-02-06 09:30:00-05:00,2025-05-06 09:30:00-04:00
vol_ratio_5_30,bottom_10pct,0.19341919738104227,3,2766,5.4537509335126575e-05,2.481567568746179e-05,0.5187997107736804,16,2025-02-06 09:30:00-05:00,2025-05-06 09:30:00-04:00
vol_ratio_5_30,bottom_10pct,0.19341919738104227,5,2766,2.1462314666366445e-05,2.29004574974212e-05,0.5101229211858279,16,2025-02-06 09:30:00-05:00,2025-05-06 09:30:00-04:00
vol_ratio_5_30,bottom_10pct,0.19341919738104227,10,2766,-5.867304093356698e-05,3.416390164634464e-05,0.5137382501807665,16,2025-02-06 09:30:00-05:00,2025-05-06 09:30:00-04:00
vol_ratio_5_30,bottom_10pct,0.19341919738104227,20,2765,-0.00016255277495883592,2.2866812251942648e-05,0.504882459312839,16,2025-02-06 09:30:00-05:00,2025-05-06 09:30:00-04:00
vol_ratio_5_30,bottom_10pct,0.19341919738104227,30,2763,-0.0001623296849135924,1.1790367269837176e-05,0.5012667390517553,16,2025-02-06 09:30:00-05:00,2025-05-06 09:30:00-04:00
vol_ratio_5_30,bottom_10pct,0.19341919738104227,60,2754,-0.0003184511505067034,0.0002679603545125975,0.5279593318809005,16,2025-02-06 09:30:00-05:00,2025-05-06 09:30:00-04:00
vol_ratio_5_30,top_10pct,0.5558080227562698,1,2766,1.7062902147248808e-05,2.2499976661927157e-05,0.5108459869848156,16,2025-02-06 09:30:00-05:00,2025-05-06 09:30:00-04:00
vol_ratio_5_30,top_10pct,0.5558080227562698,3,2766,5.081937932253969e-05,2.5519654980765694e-05,0.5097613882863341,16,2025-02-06 09:30:00-05:00,2025-05-06 09:30:00-04:00
vol_ratio_5_30,top_10pct,0.5558080227562698,5,2766,-1.2833003003547515e-05,5.6207563289278895e-06,0.5,16,2025-02-06 09:30:00-05:00,2025-05-06 09:30:00-04:00
vol_ratio_5_30,top_10pct,0.5558080227562698,10,2764,-0.00016228621538219378,1.1893229218018497e-05,0.5032561505065123,16,2025-02-06 09:30:00-05:00,2025-05-06 09:30:00-04:00
vol_ratio_5_30,top_10pct,0.5558080227562698,20,2764,-0.00012574770134908086,-1.1408479663244098e-05,0.49529667149059337,16,2025-02-06 09:30:00-05:00,2025-05-06 09:30:00-04:00
vol_ratio_5_30,top_10pct,0.5558080227562698,30,2764,-0.0002658263611241579,-6.01237614307748e-05,0.48878437047756873,16,2025-02-06 09:30:00-05:00,2025-05-06 09:30:00-04:00
vol_ratio_5_30,top_10pct,0.5558080227562698,60,2762,-0.0002763612736959368,-8.185447972891557e-05,0.49022447501810285,16,2025-02-06 09:30:00-05:00,2025-05-06 09:30:00-04:00
vol_ratio_5_60,bottom_10pct,0.11120140051106482,1,2766,1.803253181459657e-05,0.0,0.48626174981923354,16,2025-02-06 09:30:00-05:00,2025-05-06 09:30:00-04:00
vol_ratio_5_60,bottom_10pct,0.11120140051106482,3,2766,4.990596324663302e-05,2.3203589983422646e-05,0.5187997107736804,16,2025-02-06 09:30:00-05:00,2025-05-06 09:30:00-04:00
vol_ratio_5_60,bottom_10pct,0.11120140051106482,5,2764,-1.884395406288483e-05,1.4228462350218685e-05,0.507959479015919,16,2025-02-06 09:30:00-05:00,2025-05-06 09:30:00-04:00
vol_ratio_5_60,bottom_10pct,0.11120140051106482,10,2764,-0.0001435939182354132,-1.1876402607413628e-05,0.492040520984081,16,2025-02-06 09:30:00-05:00,2025-05-06 09:30:00-04:00
vol_ratio_5_60,bottom_10pct,0.11120140051106482,20,2763,-0.00022185723715229138,-2.258661968645992e-05,0.4911328266377126,16,2025-02-06 09:30:00-05:00,2025-05-06 09:30:00-04:00
vol_ratio_5_60,bottom_10pct,0.11120140051106482,30,2761,-0.00017326705377013256,9.183052676275949e-05,0.5139442231075697,16,2025-02-06 09:30:00-05:00,2025-05-06 09:30:00-04:00
vol_ratio_5_60,bottom_10pct,0.11120140051106482,60,2757,-0.00047662385712294756,8.696516423989387e-05,0.508886470801596,16,2025-02-06 09:30:00-05:00,2025-05-06 09:30:00-04:00
vol_ratio_5_60,top_10pct,0.39540167341137894,1,2766,2.447857835789976e-05,1.3140095011632269e-05,0.5086767895878525,16,2025-02-06 09:30:00-05:00,2025-05-06 09:30:00-04:00
vol_ratio_5_60,top_10pct,0.39540167341137894,3,2766,5.371218196378742e-05,2.2737442349596293e-05,0.5072306579898771,16,2025-02-06 09:30:00-05:00,2025-05-06 09:30:00-04:00
vol_ratio_5_60,top_10pct,0.39540167341137894,5,2766,4.429585952758092e-06,1.1321755313487003e-05,0.5014461315979755,16,2025-02-06 09:30:00-05:00,2025-05-06 09:30:00-04:00
vol_ratio_5_60,top_10pct,0.39540167341137894,10,2766,-6.5124954449432e-05,5.370081094402401e-05,0.5126536514822849,16,2025-02-06 09:30:00-05:00,2025-05-06 09:30:00-04:00
vol_ratio_5_60,top_10pct,0.39540167341137894,20,2766,3.566661933771725e-05,3.814046034700258e-05,0.5079537237888648,16,2025-02-06 09:30:00-05:00,2025-05-06 09:30:00-04:00
vol_ratio_5_60,top_10pct,0.39540167341137894,30,2766,-3.434358921517142e-05,0.0,0.49927693420101227,16,2025-02-06 09:30:00-05:00,2025-05-06 09:30:00-04:00
vol_ratio_5_60,top_10pct,0.39540167341137894,60,2760,3.287412777589957e-05,-7.945403837589238e-05,0.4920289855072464,16,2025-02-06 09:30:00-05:00,2025-05-06 09:30:00-04:00
vol_ratio_30_60,bottom_10pct,0.4843110301454267,1,2766,-9.846310107905316e-06,0.0,0.4837310195227766,16,2025-02-06 09:30:00-05:00,2025-05-06 09:30:00-04:00
vol_ratio_30_60,bottom_10pct,0.4843110301454267,3,2764,-4.4755043120817295e-06,1.125144160840641e-05,0.5007235890014472,16,2025-02-06 09:30:00-05:00,2025-05-06 09:30:00-04:00
vol_ratio_30_60,bottom_10pct,0.4843110301454267,5,2762,6.047669955419218e-06,2.3209778599486697e-05,0.5152063721940623,16,2025-02-06 09:30:00-05:00,2025-05-06 09:30:00-04:00
vol_ratio_30_60,bottom_10pct,0.4843110301454267,10,2757,9.006532639251467e-05,0.0,0.4961915125136017,16,2025-02-06 09:30:00-05:00,2025-05-06 09:30:00-04:00
vol_ratio_30_60,bottom_10pct,0.4843110301454267,20,2747,1.3477921653944381e-05,0.0,0.49908991627229704,16,2025-02-06 09:30:00-05:00,2025-05-06 09:30:00-04:00
vol_ratio_30_60,bottom_10pct,0.4843110301454267,30,2746,0.00012020660855453841,0.0002467566443116187,0.5302257829570284,16,2025-02-06 09:30:00-05:00,2025-05-06 09:30:00-04:00
vol_ratio_30_60,bottom_10pct,0.4843110301454267,60,2746,-0.00020485805083558754,0.00010864089798579002,0.5069191551347414,16,2025-02-06 09:30:00-05:00,2025-05-06 09:30:00-04:00
vol_ratio_30_60,top_10pct,0.8555312755004054,1,2766,-1.3934597171676547e-05,0.0,0.49746926970354305,16,2025-02-06 09:30:00-05:00,2025-05-06 09:30:00-04:00
vol_ratio_30_60,top_10pct,0.8555312755004054,3,2766,-3.7351429393044865e-05,-3.377446576474652e-05,0.4837310195227766,16,2025-02-06 09:30:00-05:00,2025-05-06 09:30:00-04:00
vol_ratio_30_60,top_10pct,0.8555312755004054,5,2766,-3.19797003851888e-05,-3.4219501033216915e-05,0.4880694143167028,16,2025-02-06 09:30:00-05:00,2025-05-06 09:30:00-04:00
vol_ratio_30_60,top_10pct,0.8555312755004054,10,2766,7.428996146327781e-05,8.113431450507136e-05,0.5202458423716558,16,2025-02-06 09:30:00-05:00,2025-05-06 09:30:00-04:00
vol_ratio_30_60,top_10pct,0.8555312755004054,20,2766,0.00028548243706091094,5.9875503226058946e-05,0.5093998553868402,16,2025-02-06 09:30:00-05:00,2025-05-06 09:30:00-04:00
vol_ratio_30_60,top_10pct,0.8555312755004054,30,2766,0.0002845298878153448,0.00012631738635104917,0.5140997830802603,16,2025-02-06 09:30:00-05:00,2025-05-06 09:30:00-04:00
vol_ratio_30_60,top_10pct,0.8555312755004054,60,2760,0.0006130737194604658,0.0007038000681978129,0.533695652173913,16,2025-02-06 09:30:00-05:00,2025-05-06 09:30:00-04:00
normalized_vwap_distance,bottom_10pct,-5.172993271125498,1,2875,7.53462422441266e-06,1.0899895360960699e-05,0.5081739130434783,17,2025-05-06 09:30:00-04:00,2025-08-06 09:30:00-04:00
normalized_vwap_distance,bottom_10pct,-5.172993271125498,3,2873,2.67279610315191e-05,3.4369379174448156e-05,0.5297598329272537,17,2025-05-06 09:30:00-04:00,2025-08-06 09:30:00-04:00
normalized_vwap_distance,bottom_10pct,-5.172993271125498,5,2871,4.755861799758554e-05,6.610841780529952e-05,0.5444096133751306,17,2025-05-06 09:30:00-04:00,2025-08-06 09:30:00-04:00
normalized_vwap_distance,bottom_10pct,-5.172993271125498,10,2866,0.00013930086143082153,9.713296270397187e-05,0.557920446615492,17,2025-05-06 09:30:00-04:00,2025-08-06 09:30:00-04:00
normalized_vwap_distance,bottom_10pct,-5.172993271125498,20,2856,0.0002886070005391568,0.0001816229764144417,0.5665266106442577,17,2025-05-06 09:30:00-04:00,2025-08-06 09:30:00-04:00
normalized_vwap_distance,bottom_10pct,-5.172993271125498,30,2846,0.00047482969330471807,0.00037534664799998563,0.5927617709065355,17,2025-05-06 09:30:00-04:00,2025-08-06 09:30:00-04:00
normalized_vwap_distance,bottom_10pct,-5.172993271125498,60,2817,0.0008211747283275073,0.0008835351360767518,0.6066737664181754,17,2025-05-06 09:30:00-04:00,2025-08-06 09:30:00-04:00
normalized_vwap_distance,top_10pct,9.909554372946593,1,2876,8.671738229243078e-06,0.0,0.4812239221140473,17,2025-05-06 09:30:00-04:00,2025-08-06 09:30:00-04:00
normalized_vwap_distance,top_10pct,9.909554372946593,3,2876,2.7836846195343226e-05,0.0,0.49061196105702365,17,2025-05-06 09:30:00-04:00,2025-08-06 09:30:00-04:00
normalized_vwap_distance,top_10pct,9.909554372946593,5,2876,4.767361291108142e-05,0.0,0.4902642559109875,17,2025-05-06 09:30:00-04:00,2025-08-06 09:30:00-04:00
normalized_vwap_distance,top_10pct,9.909554372946593,10,2876,9.81804489739611e-05,0.0,0.49061196105702365,17,2025-05-06 09:30:00-04:00,2025-08-06 09:30:00-04:00
normalized_vwap_distance,top_10pct,9.909554372946593,20,2876,0.00013174203610883956,-2.3250003659602836e-05,0.48504867872044505,17,2025-05-06 09:30:00-04:00,2025-08-06 09:30:00-04:00
normalized_vwap_distance,top_10pct,9.909554372946593,30,2876,0.0001273574836062455,-2.247785095188526e-05,0.48887343532684285,17,2025-05-06 09:30:00-04:00,2025-08-06 09:30:00-04:00
normalized_vwap_distance,top_10pct,9.909554372946593,60,2876,6.286759920953973e-05,-0.00010593081419446593,0.46453407510431155,17,2025-05-06 09:30:00-04:00,2025-08-06 09:30:00-04:00
half_life_30,bottom_10pct,0.17340225884052887,1,1061,3.065538374865289e-07,2.141832123192522e-05,0.5249764373232799,17,2025-05-06 09:30:00-04:00,2025-08-06 09:30:00-04:00
half_life_30,bottom_10pct,0.17340225884052887,3,1061,-2.3595229868838787e-05,0.0,0.4948162111215834,17,2025-05-06 09:30:00-04:00,2025-08-06 09:30:00-04:00
half_life_30,bottom_10pct,0.17340225884052887,5,1061,-7.428392440018248e-06,2.2304003568729414e-05,0.5098963242224317,17,2025-05-06 09:30:00-04:00,2025-08-06 09:30:00-04:00
half_life_30,bottom_10pct,0.17340225884052887,10,1061,1.810531319785252e-05,3.450735006560457e-05,0.5117813383600377,17,2025-05-06 09:30:00-04:00,2025-08-06 09:30:00-04:00
half_life_30,bottom_10pct,0.17340225884052887,20,1061,8.994480814446165e-05,8.06089429863377e-05,0.5315739868049011,17,2025-05-06 09:30:00-04:00,2025-08-06 09:30:00-04:00
half_life_30,bottom_10pct,0.17340225884052887,30,1061,0.00010299210537113839,0.00012265287007706682,0.530631479736098,17,2025-05-06 09:30:00-04:00,2025-08-06 09:30:00-04:00
half_life_30,bottom_10pct,0.17340225884052887,60,1060,0.00024384281697811564,0.0002030017408135576,0.5462264150943397,17,2025-05-06 09:30:00-04:00,2025-08-06 09:30:00-04:00
half_life_30,top_10pct,0.5352381948523792,1,1061,-7.609391645650565e-06,1.0822042335822957e-05,0.5070688030160226,17,2025-05-06 09:30:00-04:00,2025-08-06 09:30:00-04:00
half_life_30,top_10pct,0.5352381948523792,3,1061,-4.946695428740007e-05,1.0702856592326171e-05,0.5014137606032045,17,2025-05-06 09:30:00-04:00,2025-08-06 09:30:00-04:00
half_life_30,top_10pct,0.5352381948523792,5,1061,-7.292594979282361e-05,0.0,0.4938737040527804,17,2025-05-06 09:30:00-04:00,2025-08-06 09:30:00-04:00
half_life_30,top_10pct,0.5352381948523792,10,1057,-5.788591593990899e-05,4.964811895691312e-05,0.5156102175969726,17,2025-05-06 09:30:00-04:00,2025-08-06 09:30:00-04:00
half_life_30,top_10pct,0.5352381948523792,20,1047,-5.4551163300994234e-05,8.12008444888157e-05,0.5214899713467048,17,2025-05-06 09:30:00-04:00,2025-08-06 09:30:00-04:00
half_life_30,top_10pct,0.5352381948523792,30,1037,5.783994022642881e-05,9.32629198289181e-05,0.5159112825458052,17,2025-05-06 09:30:00-04:00,2025-08-06 09:30:00-04:00
half_life_30,top_10pct,0.5352381948523792,60,1033,0.00019526357412576043,0.00017954838300848763,0.5314617618586641,17,2025-05-06 09:30:00-04:00,2025-08-06 09:30:00-04:00
half_life_60,bottom_10pct,0.16276793079660384,1,1134,6.745525233553344e-06,1.1650265102192137e-05,0.5149911816578483,17,2025-05-06 09:30:00-04:00,2025-08-06 09:30:00-04:00
half_life_60,bottom_10pct,0.16276793079660384,3,1134,2.7998767690207287e-05,2.1608693506869336e-05,0.5097001763668431,17,2025-05-06 09:30:00-04:00,2025-08-06 09:30:00-04:00
half_life_60,bottom_10pct,0.16276793079660384,5,1134,3.705159030583564e-05,1.1024802983872206e-05,0.5035273368606702,17,2025-05-06 09:30:00-04:00,2025-08-06 09:30:00-04:00
half_life_60,bottom_10pct,0.16276793079660384,10,1134,9.485232321811478e-05,4.667393225987748e-05,0.5229276895943563,17,2025-05-06 09:30:00-04:00,2025-08-06 09:30:00-04:00
half_life_60,bottom_10pct,0.16276793079660384,20,1134,0.00010422781483316179,5.647501863526028e-05,0.5149911816578483,17,2025-05-06 09:30:00-04:00,2025-08-06 09:30:00-04:00
half_life_60,bottom_10pct,0.16276793079660384,30,1134,0.0002424144139712795,0.00011714305528387481,0.5396825396825397,17,2025-05-06 09:30:00-04:00,2025-08-06 09:30:00-04:00
half_life_60,bottom_10pct,0.16276793079660384,60,1134,0.0005113027377011294,0.0002800116133049313,0.5617283950617284,17,2025-05-06 09:30:00-04:00,2025-08-06 09:30:00-04:00
half_life_60,top_10pct,0.4262220091022918,1,1133,1.67271942032e-06,1.1428702042293182e-05,0.5092674315975286,17,2025-05-06 09:30:00-04:00,2025-08-06 09:30:00-04:00
half_life_60,top_10pct,0.4262220091022918,3,1131,-1.7086850823166054e-06,2.17684705472454e-05,0.5092838196286472,17,2025-05-06 09:30:00-04:00,2025-08-06 09:30:00-04:00
half_life_60,top_10pct,0.4262220091022918,5,1129,1.0111785022518235e-05,4.555134205630473e-05,0.5323294951284322,17,2025-05-06 09:30:00-04:00,2025-08-06 09:30:00-04:00
half_life_60,top_10pct,0.4262220091022918,10,1125,4.792539516927688e-05,8.132820578365951e-05,0.5404444444444444,17,2025-05-06 09:30:00-04:00,2025-08-06 09:30:00-04:00
half_life_60,top_10pct,0.4262220091022918,20,1125,0.00020459623295674166,0.0001702562356347137,0.5591111111111111,17,2025-05-06 09:30:00-04:00,2025-08-06 09:30:00-04:00
half_life_60,top_10pct,0.4262220091022918,30,1125,0.0003533307278978375,0.00024352343623168515,0.5768888888888889,17,2025-05-06 09:30:00-04:00,2025-08-06 09:30:00-04:00
half_life_60,top_10pct,0.4262220091022918,60,1125,0.0003377123455382252,0.0002987056090275608,0.552,17,2025-05-06 09:30:00-04:00,2025-08-06 09:30:00-04:00
normalized_ou_residual_30,bottom_10pct,-1.696446490761593,1,2876,1.4924024784879984e-05,3.2177244977837915e-05,0.532336578581363,17,2025-05-06 09:30:00-04:00,2025-08-06 09:30:00-04:00
normalized_ou_residual_30,bottom_10pct,-1.696446490761593,3,2875,3.597625980502497e-05,5.3329351408448744e-05,0.5328695652173913,17,2025-05-06 09:30:00-04:00,2025-08-06 09:30:00-04:00
normalized_ou_residual_30,bottom_10pct,-1.696446490761593,5,2874,2.773593966235972e-05,4.6246440258856936e-05,0.5295755045233125,17,2025-05-06 09:30:00-04:00,2025-08-06 09:30:00-04:00
normalized_ou_residual_30,bottom_10pct,-1.696446490761593,10,2874,2.9582592751387415e-05,0.00010485355489131543,0.5455810716771051,17,2025-05-06 09:30:00-04:00,2025-08-06 09:30:00-04:00
normalized_ou_residual_30,bottom_10pct,-1.696446490761593,20,2874,5.689239602600912e-05,0.0001708635191244312,0.5532359081419624,17,2025-05-06 09:30:00-04:00,2025-08-06 09:30:00-04:00
normalized_ou_residual_30,bottom_10pct,-1.696446490761593,30,2871,0.00016670363591210735,0.00020598215544054277,0.5545106234761407,17,2025-05-06 09:30:00-04:00,2025-08-06 09:30:00-04:00
normalized_ou_residual_30,bottom_10pct,-1.696446490761593,60,2866,0.0005327311690045018,0.0004508668544381811,0.581297976273552,17,2025-05-06 09:30:00-04:00,2025-08-06 09:30:00-04:00
normalized_ou_residual_30,top_10pct,1.6972218817752363,1,2876,1.2915915092495204e-05,-1.0862540059830561e-05,0.46974965229485394,17,2025-05-06 09:30:00-04:00,2025-08-06 09:30:00-04:00
normalized_ou_residual_30,top_10pct,1.6972218817752363,3,2876,5.297042053451673e-05,0.0,0.49304589707927676,17,2025-05-06 09:30:00-04:00,2025-08-06 09:30:00-04:00
normalized_ou_residual_30,top_10pct,1.6972218817752363,5,2876,8.12750528935647e-05,0.0,0.4989568845618915,17,2025-05-06 09:30:00-04:00,2025-08-06 09:30:00-04:00
normalized_ou_residual_30,top_10pct,1.6972218817752363,10,2876,9.23743043747284e-05,0.0,0.4965229485396384,17,2025-05-06 09:30:00-04:00,2025-08-06 09:30:00-04:00
normalized_ou_residual_30,top_10pct,1.6972218817752363,20,2876,9.666665480637923e-05,2.1394390375073513e-05,0.5038247566063978,17,2025-05-06 09:30:00-04:00,2025-08-06 09:30:00-04:00
normalized_ou_residual_30,top_10pct,1.6972218817752363,30,2876,8.441784850559805e-05,1.1521863571450908e-05,0.5024339360222532,17,2025-05-06 09:30:00-04:00,2025-08-06 09:30:00-04:00
normalized_ou_residual_30,top_10pct,1.6972218817752363,60,2873,-6.484616203242212e-06,-5.381262444170698e-05,0.48625130525583016,17,2025-05-06 09:30:00-04:00,2025-08-06 09:30:00-04:00
realized_vol_30,bottom_10pct,0.0007568322784146898,1,2876,1.7652717244284456e-05,0.0,0.48331015299026425,17,2025-05-06 09:30:00-04:00,2025-08-06 09:30:00-04:00
realized_vol_30,bottom_10pct,0.0007568322784146898,3,2876,7.585530979004125e-05,1.064305666564902e-05,0.5006954102920723,17,2025-05-06 09:30:00-04:00,2025-08-06 09:30:00-04:00
realized_vol_30,bottom_10pct,0.0007568322784146898,5,2876,0.0001367612251808249,1.0654904023521539e-05,0.5013908205841446,17,2025-05-06 09:30:00-04:00,2025-08-06 09:30:00-04:00
realized_vol_30,bottom_10pct,0.0007568322784146898,10,2876,0.0002315894175072878,2.1454221729055867e-05,0.5146036161335188,17,2025-05-06 09:30:00-04:00,2025-08-06 09:30:00-04:00
realized_vol_30,bottom_10pct,0.0007568322784146898,20,2876,0.00032134900330841617,5.4865863090336475e-05,0.5392906815020863,17,2025-05-06 09:30:00-04:00,2025-08-06 09:30:00-04:00
realized_vol_30,bottom_10pct,0.0007568322784146898,30,2876,0.0004587831399507544,7.452286263631702e-05,0.5274687065368567,17,2025-05-06 09:30:00-04:00,2025-08-06 09:30:00-04:00
realized_vol_30,bottom_10pct,0.0007568322784146898,60,2876,0.0007542486452745124,0.00010828550048547214,0.5295549374130737,17,2025-05-06 09:30:00-04:00,2025-08-06 09:30:00-04:00
realized_vol_30,top_10pct,0.0032013329432623947,1,2876,2.7180902830960363e-05,3.531666712486281e-05,0.5232962447844228,17,2025-05-06 09:30:00-04:00,2025-08-06 09:30:00-04:00
realized_vol_30,top_10pct,0.0032013329432623947,3,2876,8.283725639907296e-05,0.00010651744514256212,0.5518080667593881,17,2025-05-06 09:30:00-04:00,2025-08-06 09:30:00-04:00
realized_vol_30,top_10pct,0.0032013329432623947,5,2876,0.00013504375605601177,0.0001750018796552455,0.5639777468706537,17,2025-05-06 09:30:00-04:00,2025-08-06 09:30:00-04:00
realized_vol_30,top_10pct,0.0032013329432623947,10,2876,0.00025903913081245703,0.00026890533739531985,0.5705841446453408,17,2025-05-06 09:30:00-04:00,2025-08-06 09:30:00-04:00
realized_vol_30,top_10pct,0.0032013329432623947,20,2876,0.0005013151859447704,0.000428257788559705,0.5733657858136301,17,2025-05-06 09:30:00-04:00,2025-08-06 09:30:00-04:00
realized_vol_30,top_10pct,0.0032013329432623947,30,2876,0.0006952599616839209,0.0005491179412293601,0.5865785813630042,17,2025-05-06 09:30:00-04:00,2025-08-06 09:30:00-04:00
realized_vol_30,top_10pct,0.0032013329432623947,60,2876,0.0011285544300840133,0.0009767978466611593,0.6171766342141863,17,2025-05-06 09:30:00-04:00,2025-08-06 09:30:00-04:00
realized_vol_60,bottom_10pct,0.0012326113360310743,1,2876,2.3864905268470145e-05,0.0,0.4756606397774687,17,2025-05-06 09:30:00-04:00,2025-08-06 09:30:00-04:00
realized_vol_60,bottom_10pct,0.0012326113360310743,3,2876,5.742562931304673e-05,0.0,0.4853963838664812,17,2025-05-06 09:30:00-04:00,2025-08-06 09:30:00-04:00
realized_vol_60,bottom_10pct,0.0012326113360310743,5,2876,9.497809531101376e-05,0.0,0.4864394993045897,17,2025-05-06 09:30:00-04:00,2025-08-06 09:30:00-04:00
realized_vol_60,bottom_10pct,0.0012326113360310743,10,2876,0.00012424397188061492,-5.3092646668528864e-06,0.4916550764951321,17,2025-05-06 09:30:00-04:00,2025-08-06 09:30:00-04:00
realized_vol_60,bottom_10pct,0.0012326113360310743,20,2876,0.00021566623263209853,0.0,0.4989568845618915,17,2025-05-06 09:30:00-04:00,2025-08-06 09:30:00-04:00
realized_vol_60,bottom_10pct,0.0012326113360310743,30,2876,0.00025978985855641635,-1.6521425619975272e-05,0.48435326842837273,17,2025-05-06 09:30:00-04:00,2025-08-06 09:30:00-04:00
realized_vol_60,bottom_10pct,0.0012326113360310743,60,2876,0.0004093990903033554,-3.24165755677952e-05,0.48435326842837273,17,2025-05-06 09:30:00-04:00,2025-08-06 09:30:00-04:00
realized_vol_60,top_10pct,0.004753238711547995,1,2876,2.1999394969333726e-05,2.232434299365149e-05,0.5125173852573018,17,2025-05-06 09:30:00-04:00,2025-08-06 09:30:00-04:00
realized_vol_60,top_10pct,0.004753238711547995,3,2876,6.020713007897633e-05,8.384600351707405e-05,0.5382475660639777,17,2025-05-06 09:30:00-04:00,2025-08-06 09:30:00-04:00
realized_vol_60,top_10pct,0.004753238711547995,5,2876,0.00010114342967191329,0.00012652361160347958,0.5441585535465925,17,2025-05-06 09:30:00-04:00,2025-08-06 09:30:00-04:00
realized_vol_60,top_10pct,0.004753238711547995,10,2876,0.0001955917888880298,0.00018797934839853703,0.5563282336578581,17,2025-05-06 09:30:00-04:00,2025-08-06 09:30:00-04:00
realized_vol_60,top_10pct,0.004753238711547995,20,2876,0.0003670273388177053,0.0002455020573660649,0.5483310152990264,17,2025-05-06 09:30:00-04:00,2025-08-06 09:30:00-04:00
realized_vol_60,top_10pct,0.004753238711547995,30,2876,0.0004885053299237849,0.0003209494085871789,0.5618915159944368,17,2025-05-06 09:30:00-04:00,2025-08-06 09:30:00-04:00
realized_vol_60,top_10pct,0.004753238711547995,60,2876,0.0008760179890983066,0.0006790051091210003,0.5959666203059806,17,2025-05-06 09:30:00-04:00,2025-08-06 09:30:00-04:00
vol_ratio_5_30,bottom_10pct,0.18477206842089805,1,2876,8.33940929179046e-06,1.0704460671417948e-05,0.5034770514603616,17,2025-05-06 09:30:00-04:00,2025-08-06 09:30:00-04:00
vol_ratio_5_30,bottom_10pct,0.18477206842089805,3,2876,9.44645671442682e-06,3.219246805863385e-05,0.5295549374130737,17,2025-05-06 09:30:00-04:00,2025-08-06 09:30:00-04:00
vol_ratio_5_30,bottom_10pct,0.18477206842089805,5,2876,1.9938204928767763e-05,5.3688199872947706e-05,0.5375521557719054,17,2025-05-06 09:30:00-04:00,2025-08-06 09:30:00-04:00
vol_ratio_5_30,bottom_10pct,0.18477206842089805,10,2876,5.070518204064039e-05,7.531341040267758e-05,0.5385952712100139,17,2025-05-06 09:30:00-04:00,2025-08-06 09:30:00-04:00
vol_ratio_5_30,bottom_10pct,0.18477206842089805,20,2870,0.0002070553502610354,9.029110722846845e-05,0.537979094076655,17,2025-05-06 09:30:00-04:00,2025-08-06 09:30:00-04:00
vol_ratio_5_30,bottom_10pct,0.18477206842089805,30,2869,0.0002873393432523918,0.00012048588672142202,0.5493203206692228,17,2025-05-06 09:30:00-04:00,2025-08-06 09:30:00-04:00
vol_ratio_5_30,bottom_10pct,0.18477206842089805,60,2869,0.0009072280397082543,0.0005258526324827262,0.5859184384803068,17,2025-05-06 09:30:00-04:00,2025-08-06 09:30:00-04:00
vol_ratio_5_30,top_10pct,0.5677360076689696,1,2876,-6.023706917738063e-06,0.0,0.4972183588317107,17,2025-05-06 09:30:00-04:00,2025-08-06 09:30:00-04:00
vol_ratio_5_30,top_10pct,0.5677360076689696,3,2876,2.978131403310914e-06,1.0722401409091198e-05,0.5027816411682893,17,2025-05-06 09:30:00-04:00,2025-08-06 09:30:00-04:00
vol_ratio_5_30,top_10pct,0.5677360076689696,5,2876,2.109967113150859e-05,1.1188913244586374e-05,0.5041724617524339,17,2025-05-06 09:30:00-04:00,2025-08-06 09:30:00-04:00
vol_ratio_5_30,top_10pct,0.5677360076689696,10,2876,9.288689923834886e-06,0.0,0.49860917941585536,17,2025-05-06 09:30:00-04:00,2025-08-06 09:30:00-04:00
vol_ratio_5_30,top_10pct,0.5677360076689696,20,2876,-7.902673957298928e-06,1.1152129903324592e-05,0.5017385257301809,17,2025-05-06 09:30:00-04:00,2025-08-06 09:30:00-04:00
vol_ratio_5_30,top_10pct,0.5677360076689696,30,2876,5.807577871811657e-05,1.176909675415505e-05,0.5034770514603616,17,2025-05-06 09:30:00-04:00,2025-08-06 09:30:00-04:00
vol_ratio_5_30,top_10pct,0.5677360076689696,60,2872,0.000282922917622554,0.00019243661048662375,0.5389972144846796,17,2025-05-06 09:30:00-04:00,2025-08-06 09:30:00-04:00
vol_ratio_5_60,bottom_10pct,0.10685774188354466,1,2876,9.746127152212781e-06,1.0834828495398519e-05,0.5073018080667594,17,2025-05-06 09:30:00-04:00,2025-08-06 09:30:00-04:00
vol_ratio_5_60,bottom_10pct,0.10685774188354466,3,2876,5.870336224786306e-07,1.1875580602560554e-05,0.5166898470097357,17,2025-05-06 09:30:00-04:00,2025-08-06 09:30:00-04:00
vol_ratio_5_60,bottom_10pct,0.10685774188354466,5,2876,1.938589181252727e-05,3.1982090030524546e-05,0.5208623087621697,17,2025-05-06 09:30:00-04:00,2025-08-06 09:30:00-04:00
vol_ratio_5_60,bottom_10pct,0.10685774188354466,10,2876,7.895935613258779e-05,5.7308561505653444e-05,0.5392906815020863,17,2025-05-06 09:30:00-04:00,2025-08-06 09:30:00-04:00
vol_ratio_5_60,bottom_10pct,0.10685774188354466,20,2873,0.00032448605170504863,0.0001045478306325176,0.5457709711103377,17,2025-05-06 09:30:00-04:00,2025-08-06 09:30:00-04:00
vol_ratio_5_60,bottom_10pct,0.10685774188354466,30,2873,0.00046627680964389295,0.0001496299536147827,0.5527323355377654,17,2025-05-06 09:30:00-04:00,2025-08-06 09:30:00-04:00
vol_ratio_5_60,bottom_10pct,0.10685774188354466,60,2873,0.0008710412504871153,0.0004564767021313365,0.5690915419422207,17,2025-05-06 09:30:00-04:00,2025-08-06 09:30:00-04:00
vol_ratio_5_60,top_10pct,0.40764115917955823,1,2876,-4.074948104851568e-06,0.0,0.49687065368567457,17,2025-05-06 09:30:00-04:00,2025-08-06 09:30:00-04:00
vol_ratio_5_60,top_10pct,0.40764115917955823,3,2876,-3.84637222530422e-06,0.0,0.49791376912378305,17,2025-05-06 09:30:00-04:00,2025-08-06 09:30:00-04:00
vol_ratio_5_60,top_10pct,0.40764115917955823,5,2876,1.723253471748448e-06,2.1788865912752975e-05,0.5083449235048678,17,2025-05-06 09:30:00-04:00,2025-08-06 09:30:00-04:00
vol_ratio_5_60,top_10pct,0.40764115917955823,10,2876,-3.097634512242659e-05,1.0915403950706448e-05,0.5024339360222532,17,2025-05-06 09:30:00-04:00,2025-08-06 09:30:00-04:00
vol_ratio_5_60,top_10pct,0.40764115917955823,20,2876,-3.333478826864649e-05,4.604089932336297e-05,0.5128650904033379,17,2025-05-06 09:30:00-04:00,2025-08-06 09:30:00-04:00
vol_ratio_5_60,top_10pct,0.40764115917955823,30,2876,1.2657149374513787e-05,1.651605693664404e-05,0.5034770514603616,17,2025-05-06 09:30:00-04:00,2025-08-06 09:30:00-04:00
vol_ratio_5_60,top_10pct,0.40764115917955823,60,2871,0.0002792516182045377,0.00021744330165907044,0.539881574364333,17,2025-05-06 09:30:00-04:00,2025-08-06 09:30:00-04:00
vol_ratio_30_60,bottom_10pct,0.46466143255233683,1,2876,2.328122954756896e-05,0.0,0.4989568845618915,17,2025-05-06 09:30:00-04:00,2025-08-06 09:30:00-04:00
vol_ratio_30_60,bottom_10pct,0.46466143255233683,3,2876,6.941693530434782e-05,1.6785560552956547e-05,0.5219054242002782,17,2025-05-06 09:30:00-04:00,2025-08-06 09:30:00-04:00
vol_ratio_30_60,bottom_10pct,0.46466143255233683,5,2876,0.00011649045197423438,3.2407904870801474e-05,0.5271210013908206,17,2025-05-06 09:30:00-04:00,2025-08-06 09:30:00-04:00
vol_ratio_30_60,bottom_10pct,0.46466143255233683,10,2876,0.00031640860108157943,8.229389150471444e-05,0.5601529902642559,17,2025-05-06 09:30:00-04:00,2025-08-06 09:30:00-04:00
vol_ratio_30_60,bottom_10pct,0.46466143255233683,20,2876,0.0006505005412910647,0.00016350008527032944,0.5632823365785814,17,2025-05-06 09:30:00-04:00,2025-08-06 09:30:00-04:00
vol_ratio_30_60,bottom_10pct,0.46466143255233683,30,2876,0.0010064377435949074,0.0003308840343412278,0.5778859527121002,17,2025-05-06 09:30:00-04:00,2025-08-06 09:30:00-04:00
vol_ratio_30_60,bottom_10pct,0.46466143255233683,60,2876,0.0013039941967132468,0.0004523539952333566,0.555980528511822,17,2025-05-06 09:30:00-04:00,2025-08-06 09:30:00-04:00
vol_ratio_30_60,top_10pct,0.878366091440717,1,2876,-2.7367440804201493e-06,1.1641106552717773e-05,0.5090403337969402,17,2025-05-06 09:30:00-04:00,2025-08-06 09:30:00-04:00
vol_ratio_30_60,top_10pct,0.878366091440717,3,2876,5.245271802845295e-06,4.434804345188059e-05,0.5257301808066759,17,2025-05-06 09:30:00-04:00,2025-08-06 09:30:00-04:00
vol_ratio_30_60,top_10pct,0.878366091440717,5,2876,1.646094548488025e-05,8.027761942186462e-05,0.5326842837273992,17,2025-05-06 09:30:00-04:00,2025-08-06 09:30:00-04:00
vol_ratio_30_60,top_10pct,0.878366091440717,10,2876,5.1545789535549714e-05,0.00011959055237020788,0.5344228094575799,17,2025-05-06 09:30:00-04:00,2025-08-06 09:30:00-04:00
vol_ratio_30_60,top_10pct,0.878366091440717,20,2876,0.00019179949821820612,0.00019182548697194157,0.5465924895688457,17,2025-05-06 09:30:00-04:00,2025-08-06 09:30:00-04:00
vol_ratio_30_60,top_10pct,0.878366091440717,30,2876,0.00036616439635209176,0.0003048963279976835,0.5570236439499304,17,2025-05-06 09:30:00-04:00,2025-08-06 09:30:00-04:00
vol_ratio_30_60,top_10pct,0.878366091440717,60,2876,0.0004044033451164075,0.0003924020806680417,0.5549374130737135,17,2025-05-06 09:30:00-04:00,2025-08-06 09:30:00-04:00
normalized_vwap_distance,bottom_10pct,-6.678649123501095,1,2946,1.9737046041885305e-05,1.0068668317986251e-05,0.505091649694501,18,2025-08-06 09:30:00-04:00,2025-11-06 09:30:00-05:00
normalized_vwap_distance,bottom_10pct,-6.678649123501095,3,2946,5.838566001486706e-05,0.0,0.4989816700610998,18,2025-08-06 09:30:00-04:00,2025-11-06 09:30:00-05:00
normalized_vwap_distance,bottom_10pct,-6.678649123501095,5,2946,9.509541654676714e-05,2.1307652146917988e-05,0.5149355057705364,18,2025-08-06 09:30:00-04:00,2025-11-06 09:30:00-05:00
normalized_vwap_distance,bottom_10pct,-6.678649123501095,10,2946,0.000174574717537682,7.004728195914023e-05,0.5376782077393075,18,2025-08-06 09:30:00-04:00,2025-11-06 09:30:00-05:00
normalized_vwap_distance,bottom_10pct,-6.678649123501095,20,2946,0.00035560443509612485,0.00017034245383928948,0.5651731160896131,18,2025-08-06 09:30:00-04:00,2025-11-06 09:30:00-05:00
normalized_vwap_distance,bottom_10pct,-6.678649123501095,30,2946,0.0005490603386816926,0.00030226398284372014,0.5821452817379498,18,2025-08-06 09:30:00-04:00,2025-11-06 09:30:00-05:00
normalized_vwap_distance,bottom_10pct,-6.678649123501095,60,2946,0.0010466192551384101,0.0007777831087897313,0.648336727766463,18,2025-08-06 09:30:00-04:00,2025-11-06 09:30:00-05:00
normalized_vwap_distance,top_10pct,12.439613164370625,1,2946,1.1483225923116523e-05,0.0,0.48710115410726407,18,2025-08-06 09:30:00-04:00,2025-11-06 09:30:00-05:00
normalized_vwap_distance,top_10pct,12.439613164370625,3,2946,4.239679839721293e-05,0.0,0.49185336048879835,18,2025-08-06 09:30:00-04:00,2025-11-06 09:30:00-05:00
normalized_vwap_distance,top_10pct,12.439613164370625,5,2946,7.860989260941504e-05,1.9542259491078795e-05,0.5149355057705364,18,2025-08-06 09:30:00-04:00,2025-11-06 09:30:00-05:00
normalized_vwap_distance,top_10pct,12.439613164370625,10,2946,0.0001459317605711561,3.189957468396898e-05,0.5312287847929396,18,2025-08-06 09:30:00-04:00,2025-11-06 09:30:00-05:00
normalized_vwap_distance,top_10pct,12.439613164370625,20,2946,0.00024519247421705135,9.437729597361333e-05,0.5638153428377461,18,2025-08-06 09:30:00-04:00,2025-11-06 09:30:00-05:00
normalized_vwap_distance,top_10pct,12.439613164370625,30,2946,0.0003577490426241686,0.00016991929190723898,0.5892735913102511,18,2025-08-06 09:30:00-04:00,2025-11-06 09:30:00-05:00
normalized_vwap_distance,top_10pct,12.439613164370625,60,2946,0.000641666984198108,0.00038561094635602977,0.5841819416157502,18,2025-08-06 09:30:00-04:00,2025-11-06 09:30:00-05:00
half_life_30,bottom_10pct,0.17137906426187832,1,1083,-7.28786146230712e-08,0.0,0.48753462603878117,18,2025-08-06 09:30:00-04:00,2025-11-06 09:30:00-05:00
half_life_30,bottom_10pct,0.17137906426187832,3,1083,-3.124930963752496e-05,-1.0148678134647149e-05,0.4792243767313019,18,2025-08-06 09:30:00-04:00,2025-11-06 09:30:00-05:00
half_life_30,bottom_10pct,0.17137906426187832,5,1083,-4.0872186237671834e-05,0.0,0.49584487534626037,18,2025-08-06 09:30:00-04:00,2025-11-06 09:30:00-05:00
half_life_30,bottom_10pct,0.17137906426187832,10,1083,-6.587164985138236e-05,1.956793988733274e-05,0.5106186518928901,18,2025-08-06 09:30:00-04:00,2025-11-06 09:30:00-05:00
half_life_30,bottom_10pct,0.17137906426187832,20,1083,-7.035666478628866e-05,6.0697413278631984e-05,0.5235457063711911,18,2025-08-06 09:30:00-04:00,2025-11-06 09:30:00-05:00
half_life_30,bottom_10pct,0.17137906426187832,30,1083,-0.0001242714520599884,2.1000020999917268e-05,0.5124653739612188,18,2025-08-06 09:30:00-04:00,2025-11-06 09:30:00-05:00
half_life_30,bottom_10pct,0.17137906426187832,60,1081,-0.0001945334973760318,-9.551098376303635e-06,0.4976873265494912,18,2025-08-06 09:30:00-04:00,2025-11-06 09:30:00-05:00
half_life_30,top_10pct,0.5286875781187573,1,1083,2.5400728200186397e-05,1.0648606629803936e-05,0.5198522622345337,18,2025-08-06 09:30:00-04:00,2025-11-06 09:30:00-05:00
half_life_30,top_10pct,0.5286875781187573,3,1083,4.1802531768046376e-05,3.100999555516459e-05,0.5300092336103417,18,2025-08-06 09:30:00-04:00,2025-11-06 09:30:00-05:00
half_life_30,top_10pct,0.5286875781187573,5,1083,5.86239740832493e-05,4.06149097333941e-05,0.5263157894736842,18,2025-08-06 09:30:00-04:00,2025-11-06 09:30:00-05:00
half_life_30,top_10pct,0.5286875781187573,10,1083,0.00016861479083191496,9.061892727335596e-05,0.5558633425669437,18,2025-08-06 09:30:00-04:00,2025-11-06 09:30:00-05:00
half_life_30,top_10pct,0.5286875781187573,20,1083,0.00026276905232021683,0.00015875871849968526,0.5595567867036011,18,2025-08-06 09:30:00-04:00,2025-11-06 09:30:00-05:00
half_life_30,top_10pct,0.5286875781187573,30,1083,0.00033600704669603515,0.00021932343940922472,0.5743305632502308,18,2025-08-06 09:30:00-04:00,2025-11-06 09:30:00-05:00
half_life_30,top_10pct,0.5286875781187573,60,1083,0.0007915182056828506,0.000680822092676836,0.641735918744229,18,2025-08-06 09:30:00-04:00,2025-11-06 09:30:00-05:00
half_life_60,bottom_10pct,0.1623947447737712,1,1116,1.2401825795926061e-05,1.0030393324145237e-05,0.5089605734767025,18,2025-08-06 09:30:00-04:00,2025-11-06 09:30:00-05:00
half_life_60,bottom_10pct,0.1623947447737712,3,1116,-7.309745896630548e-06,0.0,0.49551971326164873,18,2025-08-06 09:30:00-04:00,2025-11-06 09:30:00-05:00
half_life_60,bottom_10pct,0.1623947447737712,5,1116,-3.484998745599588e-05,-1.9834626538928202e-05,0.48655913978494625,18,2025-08-06 09:30:00-04:00,2025-11-06 09:30:00-05:00
half_life_60,bottom_10pct,0.1623947447737712,10,1116,-5.7014961542083504e-05,-3.178254102692568e-05,0.4731182795698925,18,2025-08-06 09:30:00-04:00,2025-11-06 09:30:00-05:00
half_life_60,bottom_10pct,0.1623947447737712,20,1116,-0.0001165642477652667,-4.285265483106038e-05,0.47491039426523296,18,2025-08-06 09:30:00-04:00,2025-11-06 09:30:00-05:00
half_life_60,bottom_10pct,0.1623947447737712,30,1115,-0.00016484564035784205,-6.061218304875826e-05,0.4717488789237668,18,2025-08-06 09:30:00-04:00,2025-11-06 09:30:00-05:00
half_life_60,bottom_10pct,0.1623947447737712,60,1112,-0.0004035354964081917,-0.00010050024567576088,0.4739208633093525,18,2025-08-06 09:30:00-04:00,2025-11-06 09:30:00-05:00
half_life_60,top_10pct,0.4503900281386357,1,1116,1.45049258170643e-05,0.0,0.49372759856630827,18,2025-08-06 09:30:00-04:00,2025-11-06 09:30:00-05:00
half_life_60,top_10pct,0.4503900281386357,3,1116,4.342308397526245e-05,0.0,0.49372759856630827,18,2025-08-06 09:30:00-04:00,2025-11-06 09:30:00-05:00
half_life_60,top_10pct,0.4503900281386357,5,1116,5.174278136334129e-05,1.0094661778370373e-05,0.5044802867383512,18,2025-08-06 09:30:00-04:00,2025-11-06 09:30:00-05:00
half_life_60,top_10pct,0.4503900281386357,10,1116,0.00014040401150608401,7.20360153012578e-05,0.53584229390681,18,2025-08-06 09:30:00-04:00,2025-11-06 09:30:00-05:00
half_life_60,top_10pct,0.4503900281386357,20,1116,0.00024341395209518063,0.0001287414174023782,0.5483870967741935,18,2025-08-06 09:30:00-04:00,2025-11-06 09:30:00-05:00
half_life_60,top_10pct,0.4503900281386357,30,1116,0.000359618845490594,0.0002809186809153985,0.5645161290322581,18,2025-08-06 09:30:00-04:00,2025-11-06 09:30:00-05:00
half_life_60,top_10pct,0.4503900281386357,60,1116,0.0003725785570158187,0.0002619247241382183,0.5528673835125448,18,2025-08-06 09:30:00-04:00,2025-11-06 09:30:00-05:00
normalized_ou_residual_30,bottom_10pct,-1.6648340401838797,1,2946,2.4565494115736712e-05,2.9032786676652655e-05,0.5322471147318398,18,2025-08-06 09:30:00-04:00,2025-11-06 09:30:00-05:00
normalized_ou_residual_30,bottom_10pct,-1.6648340401838797,3,2946,5.3002788256180027e-05,4.036327106882176e-05,0.5339443312966734,18,2025-08-06 09:30:00-04:00,2025-11-06 09:30:00-05:00
normalized_ou_residual_30,bottom_10pct,-1.6648340401838797,5,2946,7.503876870851432e-05,6.961206744615644e-05,0.543448744059742,18,2025-08-06 09:30:00-04:00,2025-11-06 09:30:00-05:00
normalized_ou_residual_30,bottom_10pct,-1.6648340401838797,10,2946,0.00013688976891578115,0.00010582463489905436,0.5400543109300747,18,2025-08-06 09:30:00-04:00,2025-11-06 09:30:00-05:00
normalized_ou_residual_30,bottom_10pct,-1.6648340401838797,20,2946,0.0001520087419316006,0.00013738558467490947,0.5492192803801765,18,2025-08-06 09:30:00-04:00,2025-11-06 09:30:00-05:00
normalized_ou_residual_30,bottom_10pct,-1.6648340401838797,30,2946,0.00021542484868189345,0.00020948591349156942,0.5563475899524779,18,2025-08-06 09:30:00-04:00,2025-11-06 09:30:00-05:00
normalized_ou_residual_30,bottom_10pct,-1.6648340401838797,60,2941,0.00014990469288678234,0.00026574259109657383,0.5521931315878953,18,2025-08-06 09:30:00-04:00,2025-11-06 09:30:00-05:00
normalized_ou_residual_30,top_10pct,1.7063478669352952,1,2946,-7.054077506133368e-06,-1.0009911496744461e-05,0.4728445349626612,18,2025-08-06 09:30:00-04:00,2025-11-06 09:30:00-05:00
normalized_ou_residual_30,top_10pct,1.7063478669352952,3,2946,-1.2509877301906717e-05,-9.929748892356649e-06,0.48268839103869654,18,2025-08-06 09:30:00-04:00,2025-11-06 09:30:00-05:00
normalized_ou_residual_30,top_10pct,1.7063478669352952,5,2946,-2.7447799324568036e-06,0.0,0.4942294636795655,18,2025-08-06 09:30:00-04:00,2025-11-06 09:30:00-05:00
normalized_ou_residual_30,top_10pct,1.7063478669352952,10,2946,4.023561527981076e-05,4.786200426876164e-06,0.5,18,2025-08-06 09:30:00-04:00,2025-11-06 09:30:00-05:00
normalized_ou_residual_30,top_10pct,1.7063478669352952,20,2946,9.404766668376984e-05,5.9914785305537066e-05,0.5285132382892057,18,2025-08-06 09:30:00-04:00,2025-11-06 09:30:00-05:00
normalized_ou_residual_30,top_10pct,1.7063478669352952,30,2946,0.00017092986268027057,0.0001679474925539992,0.5553292600135777,18,2025-08-06 09:30:00-04:00,2025-11-06 09:30:00-05:00
normalized_ou_residual_30,top_10pct,1.7063478669352952,60,2946,0.00024335303903612955,0.00026687239295508647,0.561439239646979,18,2025-08-06 09:30:00-04:00,2025-11-06 09:30:00-05:00
realized_vol_30,bottom_10pct,0.0006654177566789204,1,2945,4.874102695971577e-06,0.0,0.4869269949066214,18,2025-08-06 09:30:00-04:00,2025-11-06 09:30:00-05:00
realized_vol_30,bottom_10pct,0.0006654177566789204,3,2943,1.730856242827381e-05,0.0,0.4923547400611621,18,2025-08-06 09:30:00-04:00,2025-11-06 09:30:00-05:00
realized_vol_30,bottom_10pct,0.0006654177566789204,5,2941,2.0744533831829287e-05,9.920339672397915e-06,0.5039102346140768,18,2025-08-06 09:30:00-04:00,2025-11-06 09:30:00-05:00
realized_vol_30,bottom_10pct,0.0006654177566789204,10,2936,2.080379517863731e-05,1.0131279873260013e-05,0.5051089918256131,18,2025-08-06 09:30:00-04:00,2025-11-06 09:30:00-05:00
realized_vol_30,bottom_10pct,0.0006654177566789204,20,2936,5.399878779866732e-05,8.409014645605062e-05,0.5653950953678474,18,2025-08-06 09:30:00-04:00,2025-11-06 09:30:00-05:00
realized_vol_30,bottom_10pct,0.0006654177566789204,30,2936,6.303806413872034e-05,0.00017073512417753456,0.5745912806539509,18,2025-08-06 09:30:00-04:00,2025-11-06 09:30:00-05:00
realized_vol_30,bottom_10pct,0.0006654177566789204,60,2936,6.695355136064667e-05,0.00016977775559856578,0.5524523160762943,18,2025-08-06 09:30:00-04:00,2025-11-06 09:30:00-05:00
realized_vol_30,top_10pct,0.003156017186047497,1,2946,2.4095558254407154e-05,2.9936993205414986e-05,0.5186693822131704,18,2025-08-06 09:30:00-04:00,2025-11-06 09:30:00-05:00
realized_vol_30,top_10pct,0.003156017186047497,3,2946,6.258709729137591e-05,7.791100859777522e-05,0.5261371350984385,18,2025-08-06 09:30:00-04:00,2025-11-06 09:30:00-05:00
realized_vol_30,top_10pct,0.003156017186047497,5,2946,9.301320282461002e-05,8.6221141478382e-05,0.528173794976239,18,2025-08-06 09:30:00-04:00,2025-11-06 09:30:00-05:00
realized_vol_30,top_10pct,0.003156017186047497,10,2946,0.00019962426906341329,0.00022816130380853838,0.5471826205023761,18,2025-08-06 09:30:00-04:00,2025-11-06 09:30:00-05:00
realized_vol_30,top_10pct,0.003156017186047497,20,2946,0.0002872349463287715,0.00033342669506475353,0.5604209097080788,18,2025-08-06 09:30:00-04:00,2025-11-06 09:30:00-05:00
realized_vol_30,top_10pct,0.003156017186047497,30,2946,0.00035981348461680096,0.0004184501639412641,0.5610997963340122,18,2025-08-06 09:30:00-04:00,2025-11-06 09:30:00-05:00
realized_vol_30,top_10pct,0.003156017186047497,60,2946,0.00041374809820246913,0.0008545124391311498,0.5763747454175153,18,2025-08-06 09:30:00-04:00,2025-11-06 09:30:00-05:00
realized_vol_60,bottom_10pct,0.0010977537880748492,1,2946,1.4300142233466553e-06,0.0,0.4850644942294637,18,2025-08-06 09:30:00-04:00,2025-11-06 09:30:00-05:00
realized_vol_60,bottom_10pct,0.0010977537880748492,3,2946,-2.4120095291040157e-06,0.0,0.4955872369314325,18,2025-08-06 09:30:00-04:00,2025-11-06 09:30:00-05:00
realized_vol_60,bottom_10pct,0.0010977537880748492,5,2946,-1.5329267980725374e-05,9.87737249102949e-06,0.5040733197556008,18,2025-08-06 09:30:00-04:00,2025-11-06 09:30:00-05:00
realized_vol_60,bottom_10pct,0.0010977537880748492,10,2946,-3.7008662217441014e-05,1.950934751571154e-05,0.5105227427019687,18,2025-08-06 09:30:00-04:00,2025-11-06 09:30:00-05:00
realized_vol_60,bottom_10pct,0.0010977537880748492,20,2946,-0.00010090151811153173,5.070786126981641e-05,0.5369993211133741,18,2025-08-06 09:30:00-04:00,2025-11-06 09:30:00-05:00
realized_vol_60,bottom_10pct,0.0010977537880748492,30,2946,-0.00013714026960042383,6.345578035715782e-05,0.5322471147318398,18,2025-08-06 09:30:00-04:00,2025-11-06 09:30:00-05:00
realized_vol_60,bottom_10pct,0.0010977537880748492,60,2946,-0.00022534657027927464,4.1749629144605116e-05,0.5159538357094365,18,2025-08-06 09:30:00-04:00,2025-11-06 09:30:00-05:00
realized_vol_60,top_10pct,0.004804940589041329,1,2946,2.055743434876487e-05,3.0362376009396286e-05,0.5186693822131704,18,2025-08-06 09:30:00-04:00,2025-11-06 09:30:00-05:00
realized_vol_60,top_10pct,0.004804940589041329,3,2946,5.854479695104782e-05,5.9322934305550135e-05,0.5230821452817379,18,2025-08-06 09:30:00-04:00,2025-11-06 09:30:00-05:00
realized_vol_60,top_10pct,0.004804940589041329,5,2946,9.522429063038642e-05,6.734271172059714e-05,0.5244399185336049,18,2025-08-06 09:30:00-04:00,2025-11-06 09:30:00-05:00
realized_vol_60,top_10pct,0.004804940589041329,10,2946,0.00020975567322489483,0.00023928695779340536,0.5519348268839104,18,2025-08-06 09:30:00-04:00,2025-11-06 09:30:00-05:00
realized_vol_60,top_10pct,0.004804940589041329,20,2946,0.00033407862846812636,0.000373599933643054,0.5723014256619144,18,2025-08-06 09:30:00-04:00,2025-11-06 09:30:00-05:00
realized_vol_60,top_10pct,0.004804940589041329,30,2946,0.00044161913045726167,0.0004392204548069323,0.571622539035981,18,2025-08-06 09:30:00-04:00,2025-11-06 09:30:00-05:00
realized_vol_60,top_10pct,0.004804940589041329,60,2946,0.0004998530838090929,0.0007869484075857525,0.5845213849287169,18,2025-08-06 09:30:00-04:00,2025-11-06 09:30:00-05:00
vol_ratio_5_30,bottom_10pct,0.1910813082468427,1,2946,1.0867395872243809e-05,9.58261026506868e-06,0.5010183299389002,18,2025-08-06 09:30:00-04:00,2025-11-06 09:30:00-05:00
vol_ratio_5_30,bottom_10pct,0.1910813082468427,3,2946,4.3369462612553805e-05,1.974782033431488e-05,0.517990495587237,18,2025-08-06 09:30:00-04:00,2025-11-06 09:30:00-05:00
vol_ratio_5_30,bottom_10pct,0.1910813082468427,5,2946,6.896868646188359e-05,1.0016383288236064e-05,0.5044127630685675,18,2025-08-06 09:30:00-04:00,2025-11-06 09:30:00-05:00
vol_ratio_5_30,bottom_10pct,0.1910813082468427,10,2946,0.00014310286579594783,5.0529294421619575e-05,0.5417515274949084,18,2025-08-06 09:30:00-04:00,2025-11-06 09:30:00-05:00
vol_ratio_5_30,bottom_10pct,0.1910813082468427,20,2942,0.00025307285718258486,7.38868451085617e-05,0.5448674371176071,18,2025-08-06 09:30:00-04:00,2025-11-06 09:30:00-05:00
vol_ratio_5_30,bottom_10pct,0.1910813082468427,30,2940,0.0003269108777745575,0.00012875773281606495,0.5697278911564626,18,2025-08-06 09:30:00-04:00,2025-11-06 09:30:00-05:00
vol_ratio_5_30,bottom_10pct,0.1910813082468427,60,2936,0.000745809613405988,0.0004763009360920778,0.5776566757493188,18,2025-08-06 09:30:00-04:00,2025-11-06 09:30:00-05:00
vol_ratio_5_30,top_10pct,0.5606735226712144,1,2946,1.1700904359927013e-05,0.0,0.4911744738628649,18,2025-08-06 09:30:00-04:00,2025-11-06 09:30:00-05:00
vol_ratio_5_30,top_10pct,0.5606735226712144,3,2946,5.208958861270653e-06,0.0,0.4938900203665988,18,2025-08-06 09:30:00-04:00,2025-11-06 09:30:00-05:00
vol_ratio_5_30,top_10pct,0.5606735226712144,5,2946,3.112658027283911e-05,1.0575801636547588e-05,0.5054310930074678,18,2025-08-06 09:30:00-04:00,2025-11-06 09:30:00-05:00
vol_ratio_5_30,top_10pct,0.5606735226712144,10,2946,0.0001354998462650899,4.853596955012307e-05,0.5207060420909708,18,2025-08-06 09:30:00-04:00,2025-11-06 09:30:00-05:00
vol_ratio_5_30,top_10pct,0.5606735226712144,20,2946,0.00017691832146487675,5.8522800791438456e-05,0.5241004752206382,18,2025-08-06 09:30:00-04:00,2025-11-06 09:30:00-05:00
vol_ratio_5_30,top_10pct,0.5606735226712144,30,2946,0.0002465355301272448,0.00016135085512547498,0.5478615071283096,18,2025-08-06 09:30:00-04:00,2025-11-06 09:30:00-05:00
vol_ratio_5_30,top_10pct,0.5606735226712144,60,2944,0.000211183866804646,0.00023024136176352794,0.5563858695652174,18,2025-08-06 09:30:00-04:00,2025-11-06 09:30:00-05:00
vol_ratio_5_60,bottom_10pct,0.11225189711235826,1,2945,1.3856364146632088e-05,0.0,0.49541595925297116,18,2025-08-06 09:30:00-04:00,2025-11-06 09:30:00-05:00
vol_ratio_5_60,bottom_10pct,0.11225189711235826,3,2943,3.7663101498428255e-05,1.0506298526058444e-05,0.5117227319062182,18,2025-08-06 09:30:00-04:00,2025-11-06 09:30:00-05:00
vol_ratio_5_60,bottom_10pct,0.11225189711235826,5,2941,7.336402235693703e-05,1.0105092966838924e-05,0.5076504590275417,18,2025-08-06 09:30:00-04:00,2025-11-06 09:30:00-05:00
vol_ratio_5_60,bottom_10pct,0.11225189711235826,10,2936,0.00014891740150584196,4.146599010124152e-05,0.5374659400544959,18,2025-08-06 09:30:00-04:00,2025-11-06 09:30:00-05:00
vol_ratio_5_60,bottom_10pct,0.11225189711235826,20,2926,0.00027133635794053047,6.322761252575138e-05,0.5427204374572796,18,2025-08-06 09:30:00-04:00,2025-11-06 09:30:00-05:00
vol_ratio_5_60,bottom_10pct,0.11225189711235826,30,2924,0.00037247945593808996,0.00013768415261583566,0.5560875512995896,18,2025-08-06 09:30:00-04:00,2025-11-06 09:30:00-05:00
vol_ratio_5_60,bottom_10pct,0.11225189711235826,60,2924,0.0007966281909688306,0.0004700330223904592,0.5707934336525308,18,2025-08-06 09:30:00-04:00,2025-11-06 09:30:00-05:00
vol_ratio_5_60,top_10pct,0.39967716542905996,1,2946,6.545882090855052e-06,9.922900203740426e-06,0.5037338764426341,18,2025-08-06 09:30:00-04:00,2025-11-06 09:30:00-05:00
vol_ratio_5_60,top_10pct,0.39967716542905996,3,2946,2.7590860947580726e-06,0.0,0.49932111337406654,18,2025-08-06 09:30:00-04:00,2025-11-06 09:30:00-05:00
vol_ratio_5_60,top_10pct,0.39967716542905996,5,2946,1.6499400636115916e-05,9.902668420269656e-06,0.5016972165648337,18,2025-08-06 09:30:00-04:00,2025-11-06 09:30:00-05:00
vol_ratio_5_60,top_10pct,0.39967716542905996,10,2946,6.52228409966635e-05,3.961147548814381e-05,0.5135777325186693,18,2025-08-06 09:30:00-04:00,2025-11-06 09:30:00-05:00
vol_ratio_5_60,top_10pct,0.39967716542905996,20,2946,0.00012693561499681522,6.177225840597877e-05,0.5237610319076714,18,2025-08-06 09:30:00-04:00,2025-11-06 09:30:00-05:00
vol_ratio_5_60,top_10pct,0.39967716542905996,30,2946,0.00021480938097494766,0.00015954476690616115,0.544806517311609,18,2025-08-06 09:30:00-04:00,2025-11-06 09:30:00-05:00
vol_ratio_5_60,top_10pct,0.39967716542905996,60,2939,0.00019483241856227401,0.00020593303924654194,0.542021095610752,18,2025-08-06 09:30:00-04:00,2025-11-06 09:30:00-05:00
vol_ratio_30_60,bottom_10pct,0.48606921164781414,1,2945,1.036268560390532e-06,0.0,0.48896434634974534,18,2025-08-06 09:30:00-04:00,2025-11-06 09:30:00-05:00
vol_ratio_30_60,bottom_10pct,0.48606921164781414,3,2943,2.242854410615021e-05,0.0,0.48250084947332655,18,2025-08-06 09:30:00-04:00,2025-11-06 09:30:00-05:00
vol_ratio_30_60,bottom_10pct,0.48606921164781414,5,2941,3.9882109180893786e-05,0.0,0.4937096225773546,18,2025-08-06 09:30:00-04:00,2025-11-06 09:30:00-05:00
vol_ratio_30_60,bottom_10pct,0.48606921164781414,10,2936,0.00013358483221870304,3.175645461783727e-05,0.5255449591280654,18,2025-08-06 09:30:00-04:00,2025-11-06 09:30:00-05:00
vol_ratio_30_60,bottom_10pct,0.48606921164781414,20,2926,0.0003609020037833334,0.00012036830617778715,0.5598086124401914,18,2025-08-06 09:30:00-04:00,2025-11-06 09:30:00-05:00
vol_ratio_30_60,bottom_10pct,0.48606921164781414,30,2926,0.0005508880207154289,0.00032092895874413774,0.5686944634313056,18,2025-08-06 09:30:00-04:00,2025-11-06 09:30:00-05:00
vol_ratio_30_60,bottom_10pct,0.48606921164781414,60,2926,0.0008162836443458293,0.0004225684839757049,0.5659603554340397,18,2025-08-06 09:30:00-04:00,2025-11-06 09:30:00-05:00
vol_ratio_30_60,top_10pct,0.870201025805501,1,2946,1.919668053299313e-05,1.978963926763111e-05,0.508825526137135,18,2025-08-06 09:30:00-04:00,2025-11-06 09:30:00-05:00
vol_ratio_30_60,top_10pct,0.870201025805501,3,2946,5.485969247672369e-05,4.225271737468006e-05,0.5251188051595383,18,2025-08-06 09:30:00-04:00,2025-11-06 09:30:00-05:00
vol_ratio_30_60,top_10pct,0.870201025805501,5,2946,9.322485139046228e-05,5.2923505732938025e-05,0.5339443312966734,18,2025-08-06 09:30:00-04:00,2025-11-06 09:30:00-05:00
vol_ratio_30_60,top_10pct,0.870201025805501,10,2946,0.000188343445757678,0.00011296514490000131,0.5488798370672098,18,2025-08-06 09:30:00-04:00,2025-11-06 09:30:00-05:00
vol_ratio_30_60,top_10pct,0.870201025805501,20,2946,0.00035221197225275867,0.00022866739381299794,0.5746775288526816,18,2025-08-06 09:30:00-04:00,2025-11-06 09:30:00-05:00
vol_ratio_30_60,top_10pct,0.870201025805501,30,2946,0.0004883455291529766,0.0003079431838832747,0.5994568906992532,18,2025-08-06 09:30:00-04:00,2025-11-06 09:30:00-05:00
vol_ratio_30_60,top_10pct,0.870201025805501,60,2943,0.0005258854494196227,0.000543398750182833,0.5756031260618416,18,2025-08-06 09:30:00-04:00,2025-11-06 09:30:00-05:00
normalized_vwap_distance,bottom_10pct,-7.378232879254256,1,2786,1.1691026371853733e-05,0.0,0.4949748743718593,19,2025-11-06 09:30:00-05:00,2026-02-06 09:30:00-05:00
normalized_vwap_distance,bottom_10pct,-7.378232879254256,3,2784,2.936995430787948e-05,9.728572910483457e-06,0.5028735632183908,19,2025-11-06 09:30:00-05:00,2026-02-06 09:30:00-05:00
normalized_vwap_distance,bottom_10pct,-7.378232879254256,5,2782,4.0665294566094374e-05,0.0,0.4931703810208483,19,2025-11-06 09:30:00-05:00,2026-02-06 09:30:00-05:00
normalized_vwap_distance,bottom_10pct,-7.378232879254256,10,2777,7.160364646076473e-05,1.9858409539885713e-05,0.511343176089305,19,2025-11-06 09:30:00-05:00,2026-02-06 09:30:00-05:00
normalized_vwap_distance,bottom_10pct,-7.378232879254256,20,2767,0.0001469380322257668,9.078437701748321e-05,0.5290928803758583,19,2025-11-06 09:30:00-05:00,2026-02-06 09:30:00-05:00
normalized_vwap_distance,bottom_10pct,-7.378232879254256,30,2758,0.00028111744721658576,0.000234416206331578,0.5543872371283539,19,2025-11-06 09:30:00-05:00,2026-02-06 09:30:00-05:00
normalized_vwap_distance,bottom_10pct,-7.378232879254256,60,2758,0.000675608228160053,0.0004778813313155439,0.5656272661348803,19,2025-11-06 09:30:00-05:00,2026-02-06 09:30:00-05:00
normalized_vwap_distance,top_10pct,11.254432982631439,1,2787,-3.307850661532558e-06,0.0,0.47434517402224613,19,2025-11-06 09:30:00-05:00,2026-02-06 09:30:00-05:00
normalized_vwap_distance,top_10pct,11.254432982631439,3,2787,-4.601097060308066e-06,-9.635860819590114e-06,0.48152134912091854,19,2025-11-06 09:30:00-05:00,2026-02-06 09:30:00-05:00
normalized_vwap_distance,top_10pct,11.254432982631439,5,2787,-5.684939780445167e-06,-1.9366146040145082e-05,0.4718335127377108,19,2025-11-06 09:30:00-05:00,2026-02-06 09:30:00-05:00
normalized_vwap_distance,top_10pct,11.254432982631439,10,2787,8.070972207916349e-06,-2.9056252905612645e-05,0.4682454251883746,19,2025-11-06 09:30:00-05:00,2026-02-06 09:30:00-05:00
normalized_vwap_distance,top_10pct,11.254432982631439,20,2787,-2.4831902780982057e-05,-3.877885389091951e-05,0.4721923214926444,19,2025-11-06 09:30:00-05:00,2026-02-06 09:30:00-05:00
normalized_vwap_distance,top_10pct,11.254432982631439,30,2787,-8.085398974999451e-05,-2.887363932979614e-05,0.48475062791532114,19,2025-11-06 09:30:00-05:00,2026-02-06 09:30:00-05:00
normalized_vwap_distance,top_10pct,11.254432982631439,60,2787,-0.0002182654074747075,2.885586495460224e-05,0.5059203444564048,19,2025-11-06 09:30:00-05:00,2026-02-06 09:30:00-05:00
half_life_30,bottom_10pct,0.1763761060052533,1,1117,2.629852998861427e-05,0.0,0.4959713518352731,19,2025-11-06 09:30:00-05:00,2026-02-06 09:30:00-05:00
half_life_30,bottom_10pct,0.1763761060052533,3,1117,7.721880280819563e-05,1.9763431722275016e-05,0.5165622202327663,19,2025-11-06 09:30:00-05:00,2026-02-06 09:30:00-05:00
half_life_30,bottom_10pct,0.1763761060052533,5,1117,6.863566060501093e-05,3.894156817696448e-05,0.5255147717099373,19,2025-11-06 09:30:00-05:00,2026-02-06 09:30:00-05:00
half_life_30,bottom_10pct,0.1763761060052533,10,1117,0.00010841588334187455,2.9212432811398514e-05,0.5076096687555953,19,2025-11-06 09:30:00-05:00,2026-02-06 09:30:00-05:00
half_life_30,bottom_10pct,0.1763761060052533,20,1117,7.209685043896356e-05,-3.832959619765042e-05,0.4843330349149508,19,2025-11-06 09:30:00-05:00,2026-02-06 09:30:00-05:00
half_life_30,bottom_10pct,0.1763761060052533,30,1115,0.00019210120480623054,1.9432568985511267e-05,0.5076233183856502,19,2025-11-06 09:30:00-05:00,2026-02-06 09:30:00-05:00
half_life_30,bottom_10pct,0.1763761060052533,60,1113,0.00037262829191022354,4.855028838868236e-05,0.5076370170709793,19,2025-11-06 09:30:00-05:00,2026-02-06 09:30:00-05:00
half_life_30,top_10pct,0.5347618906057718,1,1117,1.704367646768231e-05,1.9247981367875866e-05,0.5201432408236347,19,2025-11-06 09:30:00-05:00,2026-02-06 09:30:00-05:00
half_life_30,top_10pct,0.5347618906057718,3,1117,4.9600140700735445e-05,4.885866166359776e-05,0.5416293643688451,19,2025-11-06 09:30:00-05:00,2026-02-06 09:30:00-05:00
half_life_30,top_10pct,0.5347618906057718,5,1117,0.0001393683026954488,0.00012543298501555,0.5747538048343778,19,2025-11-06 09:30:00-05:00,2026-02-06 09:30:00-05:00
half_life_30,top_10pct,0.5347618906057718,10,1117,0.0003112515247075429,0.00019449955265105068,0.5810205908683975,19,2025-11-06 09:30:00-05:00,2026-02-06 09:30:00-05:00
half_life_30,top_10pct,0.5347618906057718,20,1117,0.0005762696715371971,0.0003430254847758274,0.6078782452999105,19,2025-11-06 09:30:00-05:00,2026-02-06 09:30:00-05:00
half_life_30,top_10pct,0.5347618906057718,30,1117,0.0009571986053713554,0.0006507924354950401,0.6427931960608774,19,2025-11-06 09:30:00-05:00,2026-02-06 09:30:00-05:00
half_life_30,top_10pct,0.5347618906057718,60,1117,0.0015754611309804934,0.0010223555070882906,0.6517457475380484,19,2025-11-06 09:30:00-05:00,2026-02-06 09:30:00-05:00
half_life_60,bottom_10pct,0.1662643258856624,1,1209,-2.3773475576928747e-05,0.0,0.49793217535153017,19,2025-11-06 09:30:00-05:00,2026-02-06 09:30:00-05:00
half_life_60,bottom_10pct,0.1662643258856624,3,1209,-1.061294498455146e-06,0.0,0.49710504549214224,19,2025-11-06 09:30:00-05:00,2026-02-06 09:30:00-05:00
half_life_60,bottom_10pct,0.1662643258856624,5,1209,-3.5854151955067813e-06,-9.664450286051007e-06,0.48883374689826303,19,2025-11-06 09:30:00-05:00,2026-02-06 09:30:00-05:00
half_life_60,bottom_10pct,0.1662643258856624,10,1209,1.491112149121581e-05,0.0,0.49958643507030603,19,2025-11-06 09:30:00-05:00,2026-02-06 09:30:00-05:00
half_life_60,bottom_10pct,0.1662643258856624,20,1207,-1.569556388904611e-05,-3.901868019318133e-05,0.48218724109362054,19,2025-11-06 09:30:00-05:00,2026-02-06 09:30:00-05:00
half_life_60,bottom_10pct,0.1662643258856624,30,1207,-5.008288864753275e-05,1.9445416715280217e-05,0.5053852526926264,19,2025-11-06 09:30:00-05:00,2026-02-06 09:30:00-05:00
half_life_60,bottom_10pct,0.1662643258856624,60,1203,8.522572515236568e-05,8.12859436281066e-05,0.5187032418952618,19,2025-11-06 09:30:00-05:00,2026-02-06 09:30:00-05:00
half_life_60,top_10pct,0.4446931071160575,1,1209,5.874328812448509e-05,2.9580256164951635e-05,0.532671629445823,19,2025-11-06 09:30:00-05:00,2026-02-06 09:30:00-05:00
half_life_60,top_10pct,0.4446931071160575,3,1209,0.00016319471347700474,7.971065033918201e-05,0.5698924731182796,19,2025-11-06 09:30:00-05:00,2026-02-06 09:30:00-05:00
half_life_60,top_10pct,0.4446931071160575,5,1209,0.00027191928710956705,0.00013484098395388777,0.5814722911497106,19,2025-11-06 09:30:00-05:00,2026-02-06 09:30:00-05:00
half_life_60,top_10pct,0.4446931071160575,10,1209,0.0004926404447632706,0.0002321689415998307,0.5955334987593052,19,2025-11-06 09:30:00-05:00,2026-02-06 09:30:00-05:00
half_life_60,top_10pct,0.4446931071160575,20,1209,0.0008854738262344449,0.00044826521362328897,0.6360628618693135,19,2025-11-06 09:30:00-05:00,2026-02-06 09:30:00-05:00
half_life_60,top_10pct,0.4446931071160575,30,1209,0.001301632724934546,0.0005447518809358343,0.6286186931348222,19,2025-11-06 09:30:00-05:00,2026-02-06 09:30:00-05:00
half_life_60,top_10pct,0.4446931071160575,60,1209,0.0016242280361678362,0.0005581024516643218,0.5773366418527709,19,2025-11-06 09:30:00-05:00,2026-02-06 09:30:00-05:00
normalized_ou_residual_30,bottom_10pct,-1.7229410181443485,1,2787,2.1526661616847077e-05,1.9891590830045658e-05,0.5270900609974883,19,2025-11-06 09:30:00-05:00,2026-02-06 09:30:00-05:00
normalized_ou_residual_30,bottom_10pct,-1.7229410181443485,3,2787,4.1585450248959856e-05,1.9989605405168476e-05,0.5174022246142805,19,2025-11-06 09:30:00-05:00,2026-02-06 09:30:00-05:00
normalized_ou_residual_30,bottom_10pct,-1.7229410181443485,5,2786,4.9939867759329695e-05,2.9206602656595138e-05,0.5183058147882269,19,2025-11-06 09:30:00-05:00,2026-02-06 09:30:00-05:00
normalized_ou_residual_30,bottom_10pct,-1.7229410181443485,10,2786,2.177327124888508e-06,3.9791294881075245e-05,0.5129217516152189,19,2025-11-06 09:30:00-05:00,2026-02-06 09:30:00-05:00
normalized_ou_residual_30,bottom_10pct,-1.7229410181443485,20,2784,-6.15844706598634e-05,7.941415154033571e-05,0.5179597701149425,19,2025-11-06 09:30:00-05:00,2026-02-06 09:30:00-05:00
normalized_ou_residual_30,bottom_10pct,-1.7229410181443485,30,2777,-0.00014351083503100513,7.782706825443242e-05,0.5199855959668708,19,2025-11-06 09:30:00-05:00,2026-02-06 09:30:00-05:00
normalized_ou_residual_30,bottom_10pct,-1.7229410181443485,60,2773,-0.0003053032024012563,-7.770385119709733e-05,0.4857554994590696,19,2025-11-06 09:30:00-05:00,2026-02-06 09:30:00-05:00
normalized_ou_residual_30,top_10pct,1.6687845324360526,1,2787,-1.900399271204546e-06,9.716001282411568e-06,0.5055615357014711,19,2025-11-06 09:30:00-05:00,2026-02-06 09:30:00-05:00
normalized_ou_residual_30,top_10pct,1.6687845324360526,3,2787,-1.1466696869910921e-05,9.710246251737331e-06,0.5030498744169358,19,2025-11-06 09:30:00-05:00,2026-02-06 09:30:00-05:00
normalized_ou_residual_30,top_10pct,1.6687845324360526,5,2787,-8.058012423767234e-06,0.0,0.4987441693577323,19,2025-11-06 09:30:00-05:00,2026-02-06 09:30:00-05:00
normalized_ou_residual_30,top_10pct,1.6687845324360526,10,2787,1.754781252831484e-05,-3.8992435467566366e-05,0.47649802655184786,19,2025-11-06 09:30:00-05:00,2026-02-06 09:30:00-05:00
normalized_ou_residual_30,top_10pct,1.6687845324360526,20,2787,3.2783031961056585e-05,-4.8824787368006994e-05,0.48080373161105133,19,2025-11-06 09:30:00-05:00,2026-02-06 09:30:00-05:00
normalized_ou_residual_30,top_10pct,1.6687845324360526,30,2787,6.12511459578093e-05,9.655771737504537e-06,0.5012558306422676,19,2025-11-06 09:30:00-05:00,2026-02-06 09:30:00-05:00
normalized_ou_residual_30,top_10pct,1.6687845324360526,60,2787,0.00017398923135882532,0.00013773156118723762,0.5371367061356297,19,2025-11-06 09:30:00-05:00,2026-02-06 09:30:00-05:00
realized_vol_30,bottom_10pct,0.000694562158977318,1,2787,1.561597408383343e-05,0.0,0.46932185145317545,19,2025-11-06 09:30:00-05:00,2026-02-06 09:30:00-05:00
realized_vol_30,bottom_10pct,0.000694562158977318,3,2787,5.231546193044414e-05,0.0,0.47685683530678147,19,2025-11-06 09:30:00-05:00,2026-02-06 09:30:00-05:00
realized_vol_30,bottom_10pct,0.000694562158977318,5,2787,8.53601675075433e-05,0.0,0.48152134912091854,19,2025-11-06 09:30:00-05:00,2026-02-06 09:30:00-05:00
realized_vol_30,bottom_10pct,0.000694562158977318,10,2787,0.00016409068443023296,-9.698850686246097e-06,0.4786508790814496,19,2025-11-06 09:30:00-05:00,2026-02-06 09:30:00-05:00
realized_vol_30,bottom_10pct,0.000694562158977318,20,2787,0.000193774499237526,-1.931247585940099e-05,0.48331539289558667,19,2025-11-06 09:30:00-05:00,2026-02-06 09:30:00-05:00
realized_vol_30,bottom_10pct,0.000694562158977318,30,2787,0.0002211300699480303,9.689546916824554e-06,0.501973448152135,19,2025-11-06 09:30:00-05:00,2026-02-06 09:30:00-05:00
realized_vol_30,bottom_10pct,0.000694562158977318,60,2787,0.00014462669701575907,0.0,0.4980265518478651,19,2025-11-06 09:30:00-05:00,2026-02-06 09:30:00-05:00
realized_vol_30,top_10pct,0.004236800295256964,1,2787,2.463178835203783e-06,0.0,0.4980265518478651,19,2025-11-06 09:30:00-05:00,2026-02-06 09:30:00-05:00
realized_vol_30,top_10pct,0.004236800295256964,3,2787,-5.876723823263558e-06,1.0362694300436459e-05,0.503767491926803,19,2025-11-06 09:30:00-05:00,2026-02-06 09:30:00-05:00
realized_vol_30,top_10pct,0.004236800295256964,5,2787,-2.2623831908671152e-05,-5.161450161039749e-05,0.4861858629350556,19,2025-11-06 09:30:00-05:00,2026-02-06 09:30:00-05:00
realized_vol_30,top_10pct,0.004236800295256964,10,2787,-7.682061066665978e-05,-7.143075808446753e-05,0.48797990670972374,19,2025-11-06 09:30:00-05:00,2026-02-06 09:30:00-05:00
realized_vol_30,top_10pct,0.004236800295256964,20,2787,-0.00018461625728271255,3.943217665614007e-05,0.5041263006817366,19,2025-11-06 09:30:00-05:00,2026-02-06 09:30:00-05:00
realized_vol_30,top_10pct,0.004236800295256964,30,2787,-0.0003478364964547374,2.9769878836516384e-05,0.5026910656620022,19,2025-11-06 09:30:00-05:00,2026-02-06 09:30:00-05:00
realized_vol_30,top_10pct,0.004236800295256964,60,2783,-0.0008207848969624796,-0.0008641109315116191,0.44017247574559826,19,2025-11-06 09:30:00-05:00,2026-02-06 09:30:00-05:00
realized_vol_60,bottom_10pct,0.0011662733154439644,1,2787,9.374385229638862e-07,0.0,0.47793326157158234,19,2025-11-06 09:30:00-05:00,2026-02-06 09:30:00-05:00
realized_vol_60,bottom_10pct,0.0011662733154439644,3,2787,-1.945009841492493e-05,0.0,0.47972730534625047,19,2025-11-06 09:30:00-05:00,2026-02-06 09:30:00-05:00
realized_vol_60,bottom_10pct,0.0011662733154439644,5,2787,-2.664549051791202e-05,0.0,0.47972730534625047,19,2025-11-06 09:30:00-05:00,2026-02-06 09:30:00-05:00
realized_vol_60,bottom_10pct,0.0011662733154439644,10,2787,-5.415621560369118e-05,-1.942992597203652e-05,0.46214567635450304,19,2025-11-06 09:30:00-05:00,2026-02-06 09:30:00-05:00
realized_vol_60,bottom_10pct,0.0011662733154439644,20,2787,-8.462166320817704e-05,-2.9192818566614598e-05,0.4686042339433082,19,2025-11-06 09:30:00-05:00,2026-02-06 09:30:00-05:00
realized_vol_60,bottom_10pct,0.0011662733154439644,30,2787,-5.2743109668255535e-05,-1.9428604734805788e-05,0.48152134912091854,19,2025-11-06 09:30:00-05:00,2026-02-06 09:30:00-05:00
realized_vol_60,bottom_10pct,0.0011662733154439644,60,2787,-0.00012850068315664316,-7.817080320504655e-05,0.4664513814137065,19,2025-11-06 09:30:00-05:00,2026-02-06 09:30:00-05:00
realized_vol_60,top_10pct,0.00647515375518966,1,2787,-1.8353700904569222e-05,-1.946472019465073e-05,0.48510943667025475,19,2025-11-06 09:30:00-05:00,2026-02-06 09:30:00-05:00
realized_vol_60,top_10pct,0.00647515375518966,3,2787,-5.643322909120456e-05,-7.780890133834983e-05,0.4721923214926444,19,2025-11-06 09:30:00-05:00,2026-02-06 09:30:00-05:00
realized_vol_60,top_10pct,0.00647515375518966,5,2787,-9.303990080012568e-05,-0.00015041665413195737,0.4639397201291712,19,2025-11-06 09:30:00-05:00,2026-02-06 09:30:00-05:00
realized_vol_60,top_10pct,0.00647515375518966,10,2787,-0.0001834384129631362,-0.0001927974916031694,0.4671689989235737,19,2025-11-06 09:30:00-05:00,2026-02-06 09:30:00-05:00
realized_vol_60,top_10pct,0.00647515375518966,20,2787,-0.00031503287764074445,-0.0002054632683041735,0.4793684965913168,19,2025-11-06 09:30:00-05:00,2026-02-06 09:30:00-05:00
realized_vol_60,top_10pct,0.00647515375518966,30,2787,-0.0005207998753045182,-0.000244140625,0.47434517402224613,19,2025-11-06 09:30:00-05:00,2026-02-06 09:30:00-05:00
realized_vol_60,top_10pct,0.00647515375518966,60,2787,-0.0009534572272071513,-0.0007681387705890108,0.4438464298528884,19,2025-11-06 09:30:00-05:00,2026-02-06 09:30:00-05:00
vol_ratio_5_30,bottom_10pct,0.18739970177788978,1,2787,-1.9002527715168512e-05,0.0,0.4865446716899892,19,2025-11-06 09:30:00-05:00,2026-02-06 09:30:00-05:00
vol_ratio_5_30,bottom_10pct,0.18739970177788978,3,2787,-4.775552795490138e-05,0.0,0.4947972730534625,19,2025-11-06 09:30:00-05:00,2026-02-06 09:30:00-05:00
vol_ratio_5_30,bottom_10pct,0.18739970177788978,5,2786,-7.26462109451807e-05,-9.739662025165519e-06,0.4852835606604451,19,2025-11-06 09:30:00-05:00,2026-02-06 09:30:00-05:00
vol_ratio_5_30,bottom_10pct,0.18739970177788978,10,2786,-0.00011273433436996578,-2.444185080924255e-05,0.4809763101220388,19,2025-11-06 09:30:00-05:00,2026-02-06 09:30:00-05:00
vol_ratio_5_30,bottom_10pct,0.18739970177788978,20,2786,-0.00019178297472173138,-5.7925422156768214e-05,0.4752333094041637,19,2025-11-06 09:30:00-05:00,2026-02-06 09:30:00-05:00
vol_ratio_5_30,bottom_10pct,0.18739970177788978,30,2783,-0.00024018468433684143,-8.680639280855829e-05,0.4599353215954006,19,2025-11-06 09:30:00-05:00,2026-02-06 09:30:00-05:00
vol_ratio_5_30,bottom_10pct,0.18739970177788978,60,2777,-0.0003718464450234481,-1.931117054665421e-05,0.49549873964710117,19,2025-11-06 09:30:00-05:00,2026-02-06 09:30:00-05:00
vol_ratio_5_30,top_10pct,0.5598799134044048,1,2787,1.5188572626487381e-05,0.0,0.49228561176892716,19,2025-11-06 09:30:00-05:00,2026-02-06 09:30:00-05:00
vol_ratio_5_30,top_10pct,0.5598799134044048,3,2787,4.093925019648845e-05,9.77278279989946e-06,0.5059203444564048,19,2025-11-06 09:30:00-05:00,2026-02-06 09:30:00-05:00
vol_ratio_5_30,top_10pct,0.5598799134044048,5,2787,3.641845231655813e-05,9.99420336200707e-06,0.5073555794761392,19,2025-11-06 09:30:00-05:00,2026-02-06 09:30:00-05:00
vol_ratio_5_30,top_10pct,0.5598799134044048,10,2787,1.2545180971122166e-05,0.0,0.4980265518478651,19,2025-11-06 09:30:00-05:00,2026-02-06 09:30:00-05:00
vol_ratio_5_30,top_10pct,0.5598799134044048,20,2787,5.705283358568087e-05,5.849093390519755e-05,0.5191962683889487,19,2025-11-06 09:30:00-05:00,2026-02-06 09:30:00-05:00
vol_ratio_5_30,top_10pct,0.5598799134044048,30,2785,-4.961024992733559e-05,5.828638041571743e-05,0.5152603231597845,19,2025-11-06 09:30:00-05:00,2026-02-06 09:30:00-05:00
vol_ratio_5_30,top_10pct,0.5598799134044048,60,2780,-0.00019795233521207293,4.863245535502436e-06,0.5,19,2025-11-06 09:30:00-05:00,2026-02-06 09:30:00-05:00
vol_ratio_5_60,bottom_10pct,0.11181749962995438,1,2787,-2.517483630927327e-05,0.0,0.478292070326516,19,2025-11-06 09:30:00-05:00,2026-02-06 09:30:00-05:00
vol_ratio_5_60,bottom_10pct,0.11181749962995438,3,2787,-4.93028116825109e-05,-9.67885557212611e-06,0.48152134912091854,19,2025-11-06 09:30:00-05:00,2026-02-06 09:30:00-05:00
vol_ratio_5_60,bottom_10pct,0.11181749962995438,5,2786,-5.466236117406996e-05,-9.841308934332993e-06,0.4798994974874372,19,2025-11-06 09:30:00-05:00,2026-02-06 09:30:00-05:00
vol_ratio_5_60,bottom_10pct,0.11181749962995438,10,2786,-5.2797794257934267e-05,-2.913569051132825e-05,0.4748743718592965,19,2025-11-06 09:30:00-05:00,2026-02-06 09:30:00-05:00
vol_ratio_5_60,bottom_10pct,0.11181749962995438,20,2786,1.8758395925405e-05,-1.9834678779029336e-05,0.49030868628858576,19,2025-11-06 09:30:00-05:00,2026-02-06 09:30:00-05:00
vol_ratio_5_60,bottom_10pct,0.11181749962995438,30,2784,9.759480184755968e-05,-9.979659914560735e-06,0.4949712643678161,19,2025-11-06 09:30:00-05:00,2026-02-06 09:30:00-05:00
vol_ratio_5_60,bottom_10pct,0.11181749962995438,60,2780,7.922757745871743e-05,0.00035827717311598395,0.5327338129496403,19,2025-11-06 09:30:00-05:00,2026-02-06 09:30:00-05:00
vol_ratio_5_60,top_10pct,0.3923430954028451,1,2787,1.2445657148204954e-05,0.0,0.49156799425905995,19,2025-11-06 09:30:00-05:00,2026-02-06 09:30:00-05:00
vol_ratio_5_60,top_10pct,0.3923430954028451,3,2787,3.278080268032424e-05,1.9616305072744922e-05,0.5134553283100107,19,2025-11-06 09:30:00-05:00,2026-02-06 09:30:00-05:00
vol_ratio_5_60,top_10pct,0.3923430954028451,5,2787,4.824427771883657e-05,1.9497358108022667e-05,0.5091496232508074,19,2025-11-06 09:30:00-05:00,2026-02-06 09:30:00-05:00
vol_ratio_5_60,top_10pct,0.3923430954028451,10,2787,1.8566684655285192e-05,1.9115159276994476e-05,0.5048439181916039,19,2025-11-06 09:30:00-05:00,2026-02-06 09:30:00-05:00
vol_ratio_5_60,top_10pct,0.3923430954028451,20,2787,-1.7222427369206832e-05,3.804885472957764e-05,0.511302475780409,19,2025-11-06 09:30:00-05:00,2026-02-06 09:30:00-05:00
vol_ratio_5_60,top_10pct,0.3923430954028451,30,2787,-0.00011877270478045667,6.783537323995503e-05,0.5181198421241479,19,2025-11-06 09:30:00-05:00,2026-02-06 09:30:00-05:00
vol_ratio_5_60,top_10pct,0.3923430954028451,60,2782,-0.000252231419773698,-2.445584480792462e-05,0.4931703810208483,19,2025-11-06 09:30:00-05:00,2026-02-06 09:30:00-05:00
vol_ratio_30_60,bottom_10pct,0.4798980364027972,1,2787,6.599124874962988e-06,0.0,0.478292070326516,19,2025-11-06 09:30:00-05:00,2026-02-06 09:30:00-05:00
vol_ratio_30_60,bottom_10pct,0.4798980364027972,3,2787,1.2972203174382436e-05,-9.763813354934925e-06,0.4757804090419806,19,2025-11-06 09:30:00-05:00,2026-02-06 09:30:00-05:00
vol_ratio_30_60,bottom_10pct,0.4798980364027972,5,2787,2.1205799848568733e-05,-9.752482006630814e-06,0.4804449228561177,19,2025-11-06 09:30:00-05:00,2026-02-06 09:30:00-05:00
vol_ratio_30_60,bottom_10pct,0.4798980364027972,10,2787,6.379325333178059e-05,-1.9465856887057598e-05,0.4772156440617151,19,2025-11-06 09:30:00-05:00,2026-02-06 09:30:00-05:00
vol_ratio_30_60,bottom_10pct,0.4798980364027972,20,2787,0.00016549922745922514,-2.9057378637009634e-05,0.4901327592393254,19,2025-11-06 09:30:00-05:00,2026-02-06 09:30:00-05:00
vol_ratio_30_60,bottom_10pct,0.4798980364027972,30,2787,0.00027563885222030716,-4.7904191616821024e-05,0.49156799425905995,19,2025-11-06 09:30:00-05:00,2026-02-06 09:30:00-05:00
vol_ratio_30_60,bottom_10pct,0.4798980364027972,60,2787,3.068374538766523e-05,-3.9788326105072436e-05,0.4951560818083961,19,2025-11-06 09:30:00-05:00,2026-02-06 09:30:00-05:00
vol_ratio_30_60,top_10pct,0.8549967749625339,1,2787,7.247402367492277e-06,9.71647330882952e-06,0.5030498744169358,19,2025-11-06 09:30:00-05:00,2026-02-06 09:30:00-05:00
vol_ratio_30_60,top_10pct,0.8549967749625339,3,2787,2.7355285804099965e-05,2.8975428836286454e-05,0.5102260495156081,19,2025-11-06 09:30:00-05:00,2026-02-06 09:30:00-05:00
vol_ratio_30_60,top_10pct,0.8549967749625339,5,2787,4.198851893908233e-05,9.68429207826027e-06,0.5016146393972013,19,2025-11-06 09:30:00-05:00,2026-02-06 09:30:00-05:00
vol_ratio_30_60,top_10pct,0.8549967749625339,10,2787,2.7354930167259175e-05,1.938097176190645e-05,0.5052027269465375,19,2025-11-06 09:30:00-05:00,2026-02-06 09:30:00-05:00
vol_ratio_30_60,top_10pct,0.8549967749625339,20,2787,-4.143738105567875e-05,5.836973334760742e-05,0.517043415859347,19,2025-11-06 09:30:00-05:00,2026-02-06 09:30:00-05:00
vol_ratio_30_60,top_10pct,0.8549967749625339,30,2787,-0.00014732469691582022,7.749009579716137e-05,0.5159669895945461,19,2025-11-06 09:30:00-05:00,2026-02-06 09:30:00-05:00
vol_ratio_30_60,top_10pct,0.8549967749625339,60,2782,-0.0008154052018968434,-0.0003885192589546116,0.4547088425593098,19,2025-11-06 09:30:00-05:00,2026-02-06 09:30:00-05:00
normalized_vwap_distance,bottom_10pct,-6.4037644806067355,1,2766,1.7060074574177243e-05,0.0,0.4880694143167028,20,2026-02-06 09:30:00-05:00,2026-05-06 09:30:00-04:00
normalized_vwap_distance,bottom_10pct,-6.4037644806067355,3,2766,3.650532868414988e-05,0.0,0.4942154736080983,20,2026-02-06 09:30:00-05:00,2026-05-06 09:30:00-04:00
normalized_vwap_distance,bottom_10pct,-6.4037644806067355,5,2766,6.472747872080183e-05,0.0,0.4953000723065799,20,2026-02-06 09:30:00-05:00,2026-05-06 09:30:00-04:00
normalized_vwap_distance,bottom_10pct,-6.4037644806067355,10,2766,9.106296894769086e-05,0.0,0.4981923355025307,20,2026-02-06 09:30:00-05:00,2026-05-06 09:30:00-04:00
normalized_vwap_distance,bottom_10pct,-6.4037644806067355,20,2766,0.00020684106004036022,6.059566358262991e-05,0.5126536514822849,20,2026-02-06 09:30:00-05:00,2026-05-06 09:30:00-04:00
normalized_vwap_distance,bottom_10pct,-6.4037644806067355,30,2766,0.00035257395435295264,5.0509417400812495e-05,0.5057845263919016,20,2026-02-06 09:30:00-05:00,2026-05-06 09:30:00-04:00
normalized_vwap_distance,bottom_10pct,-6.4037644806067355,60,2766,0.0007398351004740327,0.00024652739723662886,0.5169920462762111,20,2026-02-06 09:30:00-05:00,2026-05-06 09:30:00-04:00
normalized_vwap_distance,top_10pct,11.508260058240934,1,2766,1.4877092184833668e-05,0.0,0.49313087490961677,20,2026-02-06 09:30:00-05:00,2026-05-06 09:30:00-04:00
normalized_vwap_distance,top_10pct,11.508260058240934,3,2766,4.743602284889266e-05,0.0,0.4895155459146782,20,2026-02-06 09:30:00-05:00,2026-05-06 09:30:00-04:00
normalized_vwap_distance,top_10pct,11.508260058240934,5,2766,9.016624994850793e-05,-9.561480588893279e-06,0.48770788141720894,20,2026-02-06 09:30:00-05:00,2026-05-06 09:30:00-04:00
normalized_vwap_distance,top_10pct,11.508260058240934,10,2766,0.00017913825980610184,-9.853138963955566e-06,0.49168474331164136,20,2026-02-06 09:30:00-05:00,2026-05-06 09:30:00-04:00
normalized_vwap_distance,top_10pct,11.508260058240934,20,2766,0.00035252223117025717,3.635230686938051e-05,0.5133767172812725,20,2026-02-06 09:30:00-05:00,2026-05-06 09:30:00-04:00
normalized_vwap_distance,top_10pct,11.508260058240934,30,2766,0.0005629566092744348,8.312066186377809e-05,0.5289226319595083,20,2026-02-06 09:30:00-05:00,2026-05-06 09:30:00-04:00
normalized_vwap_distance,top_10pct,11.508260058240934,60,2766,0.0010697443735789634,0.00036458051092946864,0.5650759219088937,20,2026-02-06 09:30:00-05:00,2026-05-06 09:30:00-04:00
half_life_30,bottom_10pct,0.17334669963190777,1,1145,-8.463894003310042e-07,9.984324610412543e-06,0.509170305676856,20,2026-02-06 09:30:00-05:00,2026-05-06 09:30:00-04:00
half_life_30,bottom_10pct,0.17334669963190777,3,1145,4.5785825611966745e-06,-1.0710422311932533e-05,0.48384279475982533,20,2026-02-06 09:30:00-05:00,2026-05-06 09:30:00-04:00
half_life_30,bottom_10pct,0.17334669963190777,5,1145,5.029442161737156e-05,1.889876874527907e-05,0.5039301310043668,20,2026-02-06 09:30:00-05:00,2026-05-06 09:30:00-04:00
half_life_30,bottom_10pct,0.17334669963190777,10,1145,0.00010561393607905787,5.737070078315476e-05,0.5213973799126638,20,2026-02-06 09:30:00-05:00,2026-05-06 09:30:00-04:00
half_life_30,bottom_10pct,0.17334669963190777,20,1145,0.0002748350061016444,0.00011221665295124694,0.5310043668122271,20,2026-02-06 09:30:00-05:00,2026-05-06 09:30:00-04:00
half_life_30,bottom_10pct,0.17334669963190777,30,1145,0.0002967155895814609,0.00013310616547768106,0.5275109170305677,20,2026-02-06 09:30:00-05:00,2026-05-06 09:30:00-04:00
half_life_30,bottom_10pct,0.17334669963190777,60,1145,0.0006841341086956427,0.0002782608695652833,0.5441048034934498,20,2026-02-06 09:30:00-05:00,2026-05-06 09:30:00-04:00
half_life_30,top_10pct,0.555867279061208,1,1145,-3.0968379350200374e-05,-3.0431210249259877e-05,0.4646288209606987,20,2026-02-06 09:30:00-05:00,2026-05-06 09:30:00-04:00
half_life_30,top_10pct,0.555867279061208,3,1145,-6.734491550583673e-05,-7.083012911324182e-05,0.44454148471615723,20,2026-02-06 09:30:00-05:00,2026-05-06 09:30:00-04:00
half_life_30,top_10pct,0.555867279061208,5,1145,-8.220332786703052e-05,-5.982471358922936e-05,0.4637554585152838,20,2026-02-06 09:30:00-05:00,2026-05-06 09:30:00-04:00
half_life_30,top_10pct,0.555867279061208,10,1145,-4.659270430676888e-05,-4.010185872116434e-05,0.4759825327510917,20,2026-02-06 09:30:00-05:00,2026-05-06 09:30:00-04:00
half_life_30,top_10pct,0.555867279061208,20,1145,0.00017651958531047027,-2.0534935058269532e-05,0.4873362445414847,20,2026-02-06 09:30:00-05:00,2026-05-06 09:30:00-04:00
half_life_30,top_10pct,0.555867279061208,30,1145,0.000351014469412289,4.1934875138816e-05,0.509170305676856,20,2026-02-06 09:30:00-05:00,2026-05-06 09:30:00-04:00
half_life_30,top_10pct,0.555867279061208,60,1141,0.00022432210274353078,0.00016352059848534495,0.5223488168273445,20,2026-02-06 09:30:00-05:00,2026-05-06 09:30:00-04:00
half_life_60,bottom_10pct,0.16825785090434436,1,1178,7.993075597761354e-06,1.9548472965924546e-05,0.5161290322580645,20,2026-02-06 09:30:00-05:00,2026-05-06 09:30:00-04:00
half_life_60,bottom_10pct,0.16825785090434436,3,1178,2.3538605533558392e-05,2.4415136823718875e-05,0.5229202037351444,20,2026-02-06 09:30:00-05:00,2026-05-06 09:30:00-04:00
half_life_60,bottom_10pct,0.16825785090434436,5,1178,5.27517873513555e-05,6.612885524981404e-05,0.5246179966044142,20,2026-02-06 09:30:00-05:00,2026-05-06 09:30:00-04:00
half_life_60,bottom_10pct,0.16825785090434436,10,1178,9.680332177810694e-05,8.538657806134164e-05,0.533955857385399,20,2026-02-06 09:30:00-05:00,2026-05-06 09:30:00-04:00
half_life_60,bottom_10pct,0.16825785090434436,20,1178,0.00025306483447654483,0.00016130458998420139,0.5492359932088285,20,2026-02-06 09:30:00-05:00,2026-05-06 09:30:00-04:00
half_life_60,bottom_10pct,0.16825785090434436,30,1178,0.0004136170611589817,0.00025999880364857564,0.5636672325976231,20,2026-02-06 09:30:00-05:00,2026-05-06 09:30:00-04:00
half_life_60,bottom_10pct,0.16825785090434436,60,1178,0.0006589264199938718,0.0003188788329422376,0.5551782682512734,20,2026-02-06 09:30:00-05:00,2026-05-06 09:30:00-04:00
half_life_60,top_10pct,0.47247957860681894,1,1178,-6.8135996557712425e-06,-9.752613526925469e-06,0.4830220713073005,20,2026-02-06 09:30:00-05:00,2026-05-06 09:30:00-04:00
half_life_60,top_10pct,0.47247957860681894,3,1178,-2.0493020562699853e-05,-4.255601394220765e-05,0.46774193548387094,20,2026-02-06 09:30:00-05:00,2026-05-06 09:30:00-04:00
half_life_60,top_10pct,0.47247957860681894,5,1178,-3.5170936377366653e-05,-6.526721459881868e-05,0.4694397283531409,20,2026-02-06 09:30:00-05:00,2026-05-06 09:30:00-04:00
half_life_60,top_10pct,0.47247957860681894,10,1178,-3.466381848326857e-05,-4.102288501783846e-05,0.4864176570458404,20,2026-02-06 09:30:00-05:00,2026-05-06 09:30:00-04:00
half_life_60,top_10pct,0.47247957860681894,20,1175,-3.3357780086580916e-05,1.0109587933238018e-05,0.5004255319148936,20,2026-02-06 09:30:00-05:00,2026-05-06 09:30:00-04:00
half_life_60,top_10pct,0.47247957860681894,30,1172,-5.0265474313229136e-05,3.9666073396560364e-05,0.5110921501706485,20,2026-02-06 09:30:00-05:00,2026-05-06 09:30:00-04:00
half_life_60,top_10pct,0.47247957860681894,60,1167,0.0001089348577497353,0.0001499430216518327,0.5124250214224507,20,2026-02-06 09:30:00-05:00,2026-05-06 09:30:00-04:00
normalized_ou_residual_30,bottom_10pct,-1.6969131525762298,1,2766,4.0991949448530985e-06,1.0006270710460896e-05,0.5043383947939263,20,2026-02-06 09:30:00-05:00,2026-05-06 09:30:00-04:00
normalized_ou_residual_30,bottom_10pct,-1.6969131525762298,3,2766,-4.304969799406167e-06,1.0107802864589566e-05,0.502530730296457,20,2026-02-06 09:30:00-05:00,2026-05-06 09:30:00-04:00
normalized_ou_residual_30,bottom_10pct,-1.6969131525762298,5,2766,-3.1494044785851086e-06,2.913243343138916e-05,0.5115690527838034,20,2026-02-06 09:30:00-05:00,2026-05-06 09:30:00-04:00
normalized_ou_residual_30,bottom_10pct,-1.6969131525762298,10,2766,3.849078761157932e-05,5.0356747592794626e-05,0.5184381778741866,20,2026-02-06 09:30:00-05:00,2026-05-06 09:30:00-04:00
normalized_ou_residual_30,bottom_10pct,-1.6969131525762298,20,2766,0.00023271861815901842,0.00025128588885470204,0.556760665220535,20,2026-02-06 09:30:00-05:00,2026-05-06 09:30:00-04:00
normalized_ou_residual_30,bottom_10pct,-1.6969131525762298,30,2766,0.00031377582761649495,0.0003578447780163696,0.56941431670282,20,2026-02-06 09:30:00-05:00,2026-05-06 09:30:00-04:00
normalized_ou_residual_30,bottom_10pct,-1.6969131525762298,60,2766,0.0005381859019343265,0.0005196975898349443,0.5607375271149675,20,2026-02-06 09:30:00-05:00,2026-05-06 09:30:00-04:00
normalized_ou_residual_30,top_10pct,1.7009963013347957,1,2766,-1.1662938221453664e-05,-9.949564829581092e-06,0.4765003615328995,20,2026-02-06 09:30:00-05:00,2026-05-06 09:30:00-04:00
normalized_ou_residual_30,top_10pct,1.7009963013347957,3,2766,-1.9897688079137314e-05,-1.8295991805805656e-05,0.4833694866232827,20,2026-02-06 09:30:00-05:00,2026-05-06 09:30:00-04:00
normalized_ou_residual_30,top_10pct,1.7009963013347957,5,2766,-2.248658198681834e-05,-1.9807927862436348e-05,0.4822848879248012,20,2026-02-06 09:30:00-05:00,2026-05-06 09:30:00-04:00
normalized_ou_residual_30,top_10pct,1.7009963013347957,10,2766,-1.3410269704464869e-05,9.996956181423933e-06,0.5046999276934201,20,2026-02-06 09:30:00-05:00,2026-05-06 09:30:00-04:00
normalized_ou_residual_30,top_10pct,1.7009963013347957,20,2766,0.00014929522900039593,5.859979153421957e-05,0.5195227765726681,20,2026-02-06 09:30:00-05:00,2026-05-06 09:30:00-04:00
normalized_ou_residual_30,top_10pct,1.7009963013347957,30,2764,0.00015153450939446337,0.00012705953978153772,0.5278581765557163,20,2026-02-06 09:30:00-05:00,2026-05-06 09:30:00-04:00
normalized_ou_residual_30,top_10pct,1.7009963013347957,60,2754,0.0002252094594998362,0.00011995796876151932,0.5203340595497459,20,2026-02-06 09:30:00-05:00,2026-05-06 09:30:00-04:00
realized_vol_30,bottom_10pct,0.0009459770430864048,1,2766,-1.2531144167640554e-05,0.0,0.49168474331164136,20,2026-02-06 09:30:00-05:00,2026-05-06 09:30:00-04:00
realized_vol_30,bottom_10pct,0.0009459770430864048,3,2766,-2.506560046120725e-05,0.0,0.49638467100506145,20,2026-02-06 09:30:00-05:00,2026-05-06 09:30:00-04:00
realized_vol_30,bottom_10pct,0.0009459770430864048,5,2766,-3.299223268985913e-05,0.0,0.48698481561822127,20,2026-02-06 09:30:00-05:00,2026-05-06 09:30:00-04:00
realized_vol_30,bottom_10pct,0.0009459770430864048,10,2766,-2.7241744563196764e-05,-9.931232691495762e-06,0.48626174981923354,20,2026-02-06 09:30:00-05:00,2026-05-06 09:30:00-04:00
realized_vol_30,bottom_10pct,0.0009459770430864048,20,2766,1.4724167340030985e-05,6.16218909611499e-05,0.5300072306579898,20,2026-02-06 09:30:00-05:00,2026-05-06 09:30:00-04:00
realized_vol_30,bottom_10pct,0.0009459770430864048,30,2766,0.0001342569333905294,0.00016629254040445574,0.5455531453362256,20,2026-02-06 09:30:00-05:00,2026-05-06 09:30:00-04:00
realized_vol_30,bottom_10pct,0.0009459770430864048,60,2766,0.00033463719098075935,0.0004030452905582349,0.5885755603759942,20,2026-02-06 09:30:00-05:00,2026-05-06 09:30:00-04:00
realized_vol_30,top_10pct,0.004335138693491972,1,2766,3.1638097381404634e-05,2.0614500812032865e-05,0.5119305856832972,20,2026-02-06 09:30:00-05:00,2026-05-06 09:30:00-04:00
realized_vol_30,top_10pct,0.004335138693491972,3,2766,7.829335379604422e-05,7.076872342115514e-05,0.5245842371655821,20,2026-02-06 09:30:00-05:00,2026-05-06 09:30:00-04:00
realized_vol_30,top_10pct,0.004335138693491972,5,2766,0.00010442535178366934,0.00012860983579654484,0.527114967462039,20,2026-02-06 09:30:00-05:00,2026-05-06 09:30:00-04:00
realized_vol_30,top_10pct,0.004335138693491972,10,2766,0.00017694572882724372,0.00020170113238937581,0.5422993492407809,20,2026-02-06 09:30:00-05:00,2026-05-06 09:30:00-04:00
realized_vol_30,top_10pct,0.004335138693491972,20,2766,0.0002679494905540517,0.00027553407164093713,0.5397686189443239,20,2026-02-06 09:30:00-05:00,2026-05-06 09:30:00-04:00
realized_vol_30,top_10pct,0.004335138693491972,30,2766,0.00044471336809002884,0.0004429749942742589,0.5527838033261027,20,2026-02-06 09:30:00-05:00,2026-05-06 09:30:00-04:00
realized_vol_30,top_10pct,0.004335138693491972,60,2766,0.0009672743339829595,0.0009710579576024392,0.5788141720896601,20,2026-02-06 09:30:00-05:00,2026-05-06 09:30:00-04:00
realized_vol_60,bottom_10pct,0.001578891324068426,1,2766,-2.5936252166210226e-06,9.115230565792665e-06,0.5021691973969631,20,2026-02-06 09:30:00-05:00,2026-05-06 09:30:00-04:00
realized_vol_60,bottom_10pct,0.001578891324068426,3,2766,-3.0739457952678633e-06,1.8231873301188806e-05,0.5151843817787418,20,2026-02-06 09:30:00-05:00,2026-05-06 09:30:00-04:00
realized_vol_60,bottom_10pct,0.001578891324068426,5,2766,1.667291455923317e-05,1.9798648964952648e-05,0.5195227765726681,20,2026-02-06 09:30:00-05:00,2026-05-06 09:30:00-04:00
realized_vol_60,bottom_10pct,0.001578891324068426,10,2766,2.313524141956301e-05,4.923324219630043e-05,0.5314533622559653,20,2026-02-06 09:30:00-05:00,2026-05-06 09:30:00-04:00
realized_vol_60,bottom_10pct,0.001578891324068426,20,2766,6.725739500612339e-05,7.88158012996476e-05,0.5386840202458424,20,2026-02-06 09:30:00-05:00,2026-05-06 09:30:00-04:00
realized_vol_60,bottom_10pct,0.001578891324068426,30,2766,6.597142122946171e-05,0.00015576431164143756,0.5585683297180043,20,2026-02-06 09:30:00-05:00,2026-05-06 09:30:00-04:00
realized_vol_60,bottom_10pct,0.001578891324068426,60,2751,-4.3913603708645024e-05,0.00033984706881895477,0.5917848055252636,20,2026-02-06 09:30:00-05:00,2026-05-06 09:30:00-04:00
realized_vol_60,top_10pct,0.0064501695772100015,1,2766,1.3240231401312756e-05,1.9934913513375285e-05,0.5072306579898771,20,2026-02-06 09:30:00-05:00,2026-05-06 09:30:00-04:00
realized_vol_60,top_10pct,0.0064501695772100015,3,2766,2.496610796612372e-05,2.973641247128178e-05,0.5104844540853217,20,2026-02-06 09:30:00-05:00,2026-05-06 09:30:00-04:00
realized_vol_60,top_10pct,0.0064501695772100015,5,2766,3.133270723917167e-05,6.502162278687607e-05,0.5144613159797542,20,2026-02-06 09:30:00-05:00,2026-05-06 09:30:00-04:00
realized_vol_60,top_10pct,0.0064501695772100015,10,2766,8.626038542751597e-05,0.00016031410831163218,0.5318148951554591,20,2026-02-06 09:30:00-05:00,2026-05-06 09:30:00-04:00
realized_vol_60,top_10pct,0.0064501695772100015,20,2766,0.00022427992918004546,0.0003723742206912517,0.5538684020245842,20,2026-02-06 09:30:00-05:00,2026-05-06 09:30:00-04:00
realized_vol_60,top_10pct,0.0064501695772100015,30,2766,0.00036960697027217865,0.0005718095554516633,0.564352856109906,20,2026-02-06 09:30:00-05:00,2026-05-06 09:30:00-04:00
realized_vol_60,top_10pct,0.0064501695772100015,60,2766,0.000878974793386567,0.001000440755160481,0.5788141720896601,20,2026-02-06 09:30:00-05:00,2026-05-06 09:30:00-04:00
vol_ratio_5_30,bottom_10pct,0.18937600134263505,1,2766,6.984615721535809e-06,9.270499765956508e-06,0.5018076644974693,20,2026-02-06 09:30:00-05:00,2026-05-06 09:30:00-04:00
vol_ratio_5_30,bottom_10pct,0.18937600134263505,3,2766,3.382333155771957e-05,2.052450370537695e-05,0.5209689081706436,20,2026-02-06 09:30:00-05:00,2026-05-06 09:30:00-04:00
vol_ratio_5_30,bottom_10pct,0.18937600134263505,5,2766,3.0678320519846165e-05,3.004251015858994e-05,0.5195227765726681,20,2026-02-06 09:30:00-05:00,2026-05-06 09:30:00-04:00
vol_ratio_5_30,bottom_10pct,0.18937600134263505,10,2766,4.357163745522593e-05,0.0,0.49783080260303686,20,2026-02-06 09:30:00-05:00,2026-05-06 09:30:00-04:00
vol_ratio_5_30,bottom_10pct,0.18937600134263505,20,2766,-0.00010727139265508858,-1.0050479824164071e-05,0.49493853940708604,20,2026-02-06 09:30:00-05:00,2026-05-06 09:30:00-04:00
vol_ratio_5_30,bottom_10pct,0.18937600134263505,30,2766,2.8372916046280062e-05,9.965077767015718e-05,0.5278380332610267,20,2026-02-06 09:30:00-05:00,2026-05-06 09:30:00-04:00
vol_ratio_5_30,bottom_10pct,0.18937600134263505,60,2766,0.00029142152896277683,0.00019654694731696676,0.5231381055676066,20,2026-02-06 09:30:00-05:00,2026-05-06 09:30:00-04:00
vol_ratio_5_30,top_10pct,0.560057494923986,1,2766,1.8434544042957555e-05,9.973371241978057e-06,0.5068691250903832,20,2026-02-06 09:30:00-05:00,2026-05-06 09:30:00-04:00
vol_ratio_5_30,top_10pct,0.560057494923986,3,2766,4.021664460374233e-05,1.808134719794019e-05,0.5072306579898771,20,2026-02-06 09:30:00-05:00,2026-05-06 09:30:00-04:00
vol_ratio_5_30,top_10pct,0.560057494923986,5,2766,5.730125109594672e-05,2.9597214716514664e-05,0.514822848879248,20,2026-02-06 09:30:00-05:00,2026-05-06 09:30:00-04:00
vol_ratio_5_30,top_10pct,0.560057494923986,10,2766,7.077240910565526e-05,5.9396668546374265e-05,0.5209689081706436,20,2026-02-06 09:30:00-05:00,2026-05-06 09:30:00-04:00
vol_ratio_5_30,top_10pct,0.560057494923986,20,2766,0.00024698547571595444,0.00014167460328828874,0.5383224873463485,20,2026-02-06 09:30:00-05:00,2026-05-06 09:30:00-04:00
vol_ratio_5_30,top_10pct,0.560057494923986,30,2766,0.0003720587958807546,0.0001987212783962633,0.5397686189443239,20,2026-02-06 09:30:00-05:00,2026-05-06 09:30:00-04:00
vol_ratio_5_30,top_10pct,0.560057494923986,60,2756,0.0006218797510928109,0.0004620461249752461,0.5714804063860668,20,2026-02-06 09:30:00-05:00,2026-05-06 09:30:00-04:00
vol_ratio_5_60,bottom_10pct,0.11331889896586442,1,2766,1.2041788429171465e-06,0.0,0.4898770788141721,20,2026-02-06 09:30:00-05:00,2026-05-06 09:30:00-04:00
vol_ratio_5_60,bottom_10pct,0.11331889896586442,3,2766,1.488244945554415e-05,1.4327408545677933e-05,0.5140997830802603,20,2026-02-06 09:30:00-05:00,2026-05-06 09:30:00-04:00
vol_ratio_5_60,bottom_10pct,0.11331889896586442,5,2766,6.9629367918443555e-06,1.0083341108302335e-05,0.5054229934924078,20,2026-02-06 09:30:00-05:00,2026-05-06 09:30:00-04:00
vol_ratio_5_60,bottom_10pct,0.11331889896586442,10,2766,-2.501799177006147e-05,-2.0007624545848035e-05,0.48445408532176426,20,2026-02-06 09:30:00-05:00,2026-05-06 09:30:00-04:00
vol_ratio_5_60,bottom_10pct,0.11331889896586442,20,2766,-0.00013157483471060337,-3.998101589991476e-05,0.48698481561822127,20,2026-02-06 09:30:00-05:00,2026-05-06 09:30:00-04:00
vol_ratio_5_60,bottom_10pct,0.11331889896586442,30,2766,-6.082633625841756e-05,1.038982510337405e-05,0.5018076644974693,20,2026-02-06 09:30:00-05:00,2026-05-06 09:30:00-04:00
vol_ratio_5_60,bottom_10pct,0.11331889896586442,60,2766,0.0004934270596162203,0.00016911858889745446,0.517353579175705,20,2026-02-06 09:30:00-05:00,2026-05-06 09:30:00-04:00
vol_ratio_5_60,top_10pct,0.39436013714716717,1,2766,1.162790661771281e-05,9.230524514070026e-06,0.5014461315979755,20,2026-02-06 09:30:00-05:00,2026-05-06 09:30:00-04:00
vol_ratio_5_60,top_10pct,0.39436013714716717,3,2766,5.273992499662839e-05,1.9248619754885787e-05,0.5072306579898771,20,2026-02-06 09:30:00-05:00,2026-05-06 09:30:00-04:00
vol_ratio_5_60,top_10pct,0.39436013714716717,5,2766,8.609289210779871e-05,4.980280383481972e-05,0.5209689081706436,20,2026-02-06 09:30:00-05:00,2026-05-06 09:30:00-04:00
vol_ratio_5_60,top_10pct,0.39436013714716717,10,2766,0.00010947164143884606,7.02257571589815e-05,0.5245842371655821,20,2026-02-06 09:30:00-05:00,2026-05-06 09:30:00-04:00
vol_ratio_5_60,top_10pct,0.39436013714716717,20,2766,0.0002867189182029276,0.0001847089059963114,0.5466377440347071,20,2026-02-06 09:30:00-05:00,2026-05-06 09:30:00-04:00
vol_ratio_5_60,top_10pct,0.39436013714716717,30,2766,0.000322999035540997,0.00024311200025561863,0.5502530730296457,20,2026-02-06 09:30:00-05:00,2026-05-06 09:30:00-04:00
vol_ratio_5_60,top_10pct,0.39436013714716717,60,2751,0.0005039195324145695,0.0005312336953944286,0.5757906215921483,20,2026-02-06 09:30:00-05:00,2026-05-06 09:30:00-04:00
vol_ratio_30_60,bottom_10pct,0.4686267536086991,1,2766,-6.399729373680866e-06,-8.928773583882776e-06,0.47830802603036876,20,2026-02-06 09:30:00-05:00,2026-05-06 09:30:00-04:00
vol_ratio_30_60,bottom_10pct,0.4686267536086991,3,2766,-8.221180336395802e-06,0.0,0.4906001446131598,20,2026-02-06 09:30:00-05:00,2026-05-06 09:30:00-04:00
vol_ratio_30_60,bottom_10pct,0.4686267536086991,5,2766,-4.300357633160316e-07,-9.736302130858299e-06,0.48734634851771513,20,2026-02-06 09:30:00-05:00,2026-05-06 09:30:00-04:00
vol_ratio_30_60,bottom_10pct,0.4686267536086991,10,2766,2.1709481193320255e-05,1.0039958232344048e-05,0.502530730296457,20,2026-02-06 09:30:00-05:00,2026-05-06 09:30:00-04:00
vol_ratio_30_60,bottom_10pct,0.4686267536086991,20,2766,0.00013857641538992025,0.00013261674887554697,0.5354302241503976,20,2026-02-06 09:30:00-05:00,2026-05-06 09:30:00-04:00
vol_ratio_30_60,bottom_10pct,0.4686267536086991,30,2766,0.0004269710998522478,0.00024150214355156407,0.532176428054953,20,2026-02-06 09:30:00-05:00,2026-05-06 09:30:00-04:00
vol_ratio_30_60,bottom_10pct,0.4686267536086991,60,2766,0.0010028227476934126,0.0005226477661558482,0.5516992046276211,20,2026-02-06 09:30:00-05:00,2026-05-06 09:30:00-04:00
vol_ratio_30_60,top_10pct,0.8771467798088534,1,2766,1.6854346636544512e-05,1.0103154317153695e-05,0.5039768618944324,20,2026-02-06 09:30:00-05:00,2026-05-06 09:30:00-04:00
vol_ratio_30_60,top_10pct,0.8771467798088534,3,2766,3.83846689523552e-05,9.568092068312772e-06,0.5014461315979755,20,2026-02-06 09:30:00-05:00,2026-05-06 09:30:00-04:00
vol_ratio_30_60,top_10pct,0.8771467798088534,5,2766,4.213435946628646e-05,2.7657817526116624e-05,0.5057845263919016,20,2026-02-06 09:30:00-05:00,2026-05-06 09:30:00-04:00
vol_ratio_30_60,top_10pct,0.8771467798088534,10,2766,6.250648881829697e-05,8.222058061357895e-05,0.5191612436731743,20,2026-02-06 09:30:00-05:00,2026-05-06 09:30:00-04:00
vol_ratio_30_60,top_10pct,0.8771467798088534,20,2761,4.9041401683632835e-05,3.6736680657289966e-05,0.5063382832307135,20,2026-02-06 09:30:00-05:00,2026-05-06 09:30:00-04:00
vol_ratio_30_60,top_10pct,0.8771467798088534,30,2757,4.1060662659927626e-05,0.0001870452462451322,0.5350018135654697,20,2026-02-06 09:30:00-05:00,2026-05-06 09:30:00-04:00
vol_ratio_30_60,top_10pct,0.8771467798088534,60,2744,0.0003237452028812941,0.000554456329926345,0.5608600583090378,20,2026-02-06 09:30:00-05:00,2026-05-06 09:30:00-04:00
normalized_vwap_distance,bottom_10pct,-7.419768996803753,1,2897,5.226159652607538e-05,8.47982226281907e-06,0.5060407317915084,21,2026-05-06 09:30:00-04:00,2026-08-06 09:30:00-04:00
normalized_vwap_distance,bottom_10pct,-7.419768996803753,3,2895,0.00014477305596892633,1.6931646941387157e-05,0.507426597582038,21,2026-05-06 09:30:00-04:00,2026-08-06 09:30:00-04:00
normalized_vwap_distance,bottom_10pct,-7.419768996803753,5,2893,0.00021671707364467532,2.5672403022536372e-05,0.5115796750777739,21,2026-05-06 09:30:00-04:00,2026-08-06 09:30:00-04:00
normalized_vwap_distance,bottom_10pct,-7.419768996803753,10,2888,0.00038307180756401335,6.898242549913114e-05,0.5270083102493075,21,2026-05-06 09:30:00-04:00,2026-08-06 09:30:00-04:00
normalized_vwap_distance,bottom_10pct,-7.419768996803753,20,2878,0.0008842515994832191,0.00023242865089656561,0.5559416261292565,21,2026-05-06 09:30:00-04:00,2026-08-06 09:30:00-04:00
normalized_vwap_distance,bottom_10pct,-7.419768996803753,30,2868,0.0014085602717282299,0.0004325334532081504,0.5679916317991632,21,2026-05-06 09:30:00-04:00,2026-08-06 09:30:00-04:00
normalized_vwap_distance,bottom_10pct,-7.419768996803753,60,2838,0.002567984220704076,0.0011184906345185208,0.5849189570119803,21,2026-05-06 09:30:00-04:00,2026-08-06 09:30:00-04:00
normalized_vwap_distance,top_10pct,13.008381280042505,1,2898,3.017504319732848e-06,0.0,0.49585921325051757,21,2026-05-06 09:30:00-04:00,2026-08-06 09:30:00-04:00
normalized_vwap_distance,top_10pct,13.008381280042505,3,2898,3.3546168082238923e-05,0.0,0.4941338854382333,21,2026-05-06 09:30:00-04:00,2026-08-06 09:30:00-04:00
normalized_vwap_distance,top_10pct,13.008381280042505,5,2898,4.368993135577017e-05,8.246946976875336e-06,0.5010351966873706,21,2026-05-06 09:30:00-04:00,2026-08-06 09:30:00-04:00
normalized_vwap_distance,top_10pct,13.008381280042505,10,2898,6.789880448787746e-05,1.649416606863685e-05,0.5058661145617668,21,2026-05-06 09:30:00-04:00,2026-08-06 09:30:00-04:00
normalized_vwap_distance,top_10pct,13.008381280042505,20,2898,0.00013249263329910018,3.332368477526604e-05,0.515527950310559,21,2026-05-06 09:30:00-04:00,2026-08-06 09:30:00-04:00
normalized_vwap_distance,top_10pct,13.008381280042505,30,2898,0.0001825150444501922,0.00011555161936194214,0.5414078674948241,21,2026-05-06 09:30:00-04:00,2026-08-06 09:30:00-04:00
normalized_vwap_distance,top_10pct,13.008381280042505,60,2898,0.0005646314042367483,0.00033395535120928077,0.5772946859903382,21,2026-05-06 09:30:00-04:00,2026-08-06 09:30:00-04:00
half_life_30,bottom_10pct,0.17547717995659778,1,1188,-2.5449182093640826e-06,1.696472836176799e-05,0.5218855218855218,21,2026-05-06 09:30:00-04:00,2026-08-06 09:30:00-04:00
half_life_30,bottom_10pct,0.17547717995659778,3,1188,4.984929608998143e-06,3.317977031169761e-05,0.5151515151515151,21,2026-05-06 09:30:00-04:00,2026-08-06 09:30:00-04:00
half_life_30,bottom_10pct,0.17547717995659778,5,1187,2.0627504430287966e-05,2.564628641765765e-05,0.5164279696714406,21,2026-05-06 09:30:00-04:00,2026-08-06 09:30:00-04:00
half_life_30,bottom_10pct,0.17547717995659778,10,1185,4.5997599967210475e-05,4.9891071161267675e-05,0.5215189873417722,21,2026-05-06 09:30:00-04:00,2026-08-06 09:30:00-04:00
half_life_30,bottom_10pct,0.17547717995659778,20,1184,0.00012121399140417956,0.00013468195844723585,0.5295608108108109,21,2026-05-06 09:30:00-04:00,2026-08-06 09:30:00-04:00
half_life_30,bottom_10pct,0.17547717995659778,30,1183,0.0001442831533703997,0.000136450080590933,0.5274725274725275,21,2026-05-06 09:30:00-04:00,2026-08-06 09:30:00-04:00
half_life_30,bottom_10pct,0.17547717995659778,60,1183,-4.441489677121157e-05,0.0002092907659170251,0.5384615384615384,21,2026-05-06 09:30:00-04:00,2026-08-06 09:30:00-04:00
half_life_30,top_10pct,0.5224645451160803,1,1188,-2.2946834314947123e-05,-8.259515094144465e-06,0.48737373737373735,21,2026-05-06 09:30:00-04:00,2026-08-06 09:30:00-04:00
half_life_30,top_10pct,0.5224645451160803,3,1188,-5.456928696953036e-05,8.68936413866983e-06,0.5067340067340067,21,2026-05-06 09:30:00-04:00,2026-08-06 09:30:00-04:00
half_life_30,top_10pct,0.5224645451160803,5,1188,-9.532978242291458e-05,4.1786747753569387e-05,0.515993265993266,21,2026-05-06 09:30:00-04:00,2026-08-06 09:30:00-04:00
half_life_30,top_10pct,0.5224645451160803,10,1188,-0.00010186605192442887,3.279914282350305e-05,0.5143097643097643,21,2026-05-06 09:30:00-04:00,2026-08-06 09:30:00-04:00
half_life_30,top_10pct,0.5224645451160803,20,1188,0.00014619358753586764,-4.2106681488185416e-06,0.49663299663299665,21,2026-05-06 09:30:00-04:00,2026-08-06 09:30:00-04:00
half_life_30,top_10pct,0.5224645451160803,30,1188,0.00017718252471938877,-0.00013973198990802072,0.4663299663299663,21,2026-05-06 09:30:00-04:00,2026-08-06 09:30:00-04:00
half_life_30,top_10pct,0.5224645451160803,60,1188,-0.0004368873765747865,-0.0006807396929088827,0.4351851851851852,21,2026-05-06 09:30:00-04:00,2026-08-06 09:30:00-04:00
half_life_60,bottom_10pct,0.16096250882831628,1,1229,2.6218046891261113e-06,8.561937052675717e-06,0.5077298616761595,21,2026-05-06 09:30:00-04:00,2026-08-06 09:30:00-04:00
half_life_60,bottom_10pct,0.16096250882831628,3,1229,2.290293710423472e-05,8.663334170710968e-06,0.5028478437754271,21,2026-05-06 09:30:00-04:00,2026-08-06 09:30:00-04:00
half_life_60,bottom_10pct,0.16096250882831628,5,1229,-1.2000733150063744e-05,8.681912104346878e-06,0.5061025223759154,21,2026-05-06 09:30:00-04:00,2026-08-06 09:30:00-04:00
half_life_60,bottom_10pct,0.16096250882831628,10,1229,-2.4469761391865e-05,8.725927348018914e-06,0.5052888527257934,21,2026-05-06 09:30:00-04:00,2026-08-06 09:30:00-04:00
half_life_60,bottom_10pct,0.16096250882831628,20,1229,-1.6596754719283492e-06,5.706413193218296e-05,0.5117982099267697,21,2026-05-06 09:30:00-04:00,2026-08-06 09:30:00-04:00
half_life_60,bottom_10pct,0.16096250882831628,30,1229,0.00010649884870460237,9.814987485889937e-05,0.5240032546786005,21,2026-05-06 09:30:00-04:00,2026-08-06 09:30:00-04:00
half_life_60,bottom_10pct,0.16096250882831628,60,1229,0.00046199604431494613,0.0003455774514926624,0.5516680227827502,21,2026-05-06 09:30:00-04:00,2026-08-06 09:30:00-04:00
half_life_60,top_10pct,0.4426745464244473,1,1229,1.0194887381105613e-05,0.0,0.4947111472742067,21,2026-05-06 09:30:00-04:00,2026-08-06 09:30:00-04:00
half_life_60,top_10pct,0.4426745464244473,3,1229,-2.8841153570651222e-05,3.273429572159259e-05,0.5142392188771359,21,2026-05-06 09:30:00-04:00,2026-08-06 09:30:00-04:00
half_life_60,top_10pct,0.4426745464244473,5,1229,-3.3447144896639514e-05,1.6927920912790384e-05,0.5061025223759154,21,2026-05-06 09:30:00-04:00,2026-08-06 09:30:00-04:00
half_life_60,top_10pct,0.4426745464244473,10,1229,-9.954464766939394e-05,1.693680876657666e-05,0.5069161920260374,21,2026-05-06 09:30:00-04:00,2026-08-06 09:30:00-04:00
half_life_60,top_10pct,0.4426745464244473,20,1229,-0.0002697375217964114,9.256064826113075e-05,0.5142392188771359,21,2026-05-06 09:30:00-04:00,2026-08-06 09:30:00-04:00
half_life_60,top_10pct,0.4426745464244473,30,1229,-0.0004508298705468442,0.0,0.49877949552481693,21,2026-05-06 09:30:00-04:00,2026-08-06 09:30:00-04:00
half_life_60,top_10pct,0.4426745464244473,60,1229,-0.0009609971487130202,-0.0007302530971322607,0.4401952807160293,21,2026-05-06 09:30:00-04:00,2026-08-06 09:30:00-04:00
normalized_ou_residual_30,bottom_10pct,-1.7165405442947799,1,2898,2.1010974835435147e-06,1.6860278888253255e-05,0.5134575569358178,21,2026-05-06 09:30:00-04:00,2026-08-06 09:30:00-04:00
normalized_ou_residual_30,bottom_10pct,-1.7165405442947799,3,2898,-4.35281182834813e-06,2.702572471846576e-05,0.5172532781228434,21,2026-05-06 09:30:00-04:00,2026-08-06 09:30:00-04:00
normalized_ou_residual_30,bottom_10pct,-1.7165405442947799,5,2898,2.8543927855930114e-05,6.836480447880433e-05,0.5314009661835749,21,2026-05-06 09:30:00-04:00,2026-08-06 09:30:00-04:00
normalized_ou_residual_30,bottom_10pct,-1.7165405442947799,10,2898,6.0856049607446495e-06,5.4740418071963504e-05,0.5148378191856453,21,2026-05-06 09:30:00-04:00,2026-08-06 09:30:00-04:00
normalized_ou_residual_30,bottom_10pct,-1.7165405442947799,20,2898,3.527626282480506e-06,0.00011225820466043146,0.5248447204968945,21,2026-05-06 09:30:00-04:00,2026-08-06 09:30:00-04:00
normalized_ou_residual_30,bottom_10pct,-1.7165405442947799,30,2898,6.819044617476896e-05,4.3188977498664904e-05,0.5075914423740511,21,2026-05-06 09:30:00-04:00,2026-08-06 09:30:00-04:00
normalized_ou_residual_30,bottom_10pct,-1.7165405442947799,60,2891,0.00030167217516274104,0.0001814272884783641,0.5271532341750259,21,2026-05-06 09:30:00-04:00,2026-08-06 09:30:00-04:00
normalized_ou_residual_30,top_10pct,1.6806042658786362,1,2898,-2.0384537356390277e-05,0.0,0.49309868875086266,21,2026-05-06 09:30:00-04:00,2026-08-06 09:30:00-04:00
normalized_ou_residual_30,top_10pct,1.6806042658786362,3,2897,-3.9376226224604856e-05,0.0,0.49534000690369345,21,2026-05-06 09:30:00-04:00,2026-08-06 09:30:00-04:00
normalized_ou_residual_30,top_10pct,1.6806042658786362,5,2897,-2.8434789882538364e-05,4.1580733151524996e-05,0.5181221953745254,21,2026-05-06 09:30:00-04:00,2026-08-06 09:30:00-04:00
normalized_ou_residual_30,top_10pct,1.6806042658786362,10,2897,2.5988831811288197e-05,6.516409132739653e-05,0.5267518122195375,21,2026-05-06 09:30:00-04:00,2026-08-06 09:30:00-04:00
normalized_ou_residual_30,top_10pct,1.6806042658786362,20,2895,2.6441844525421346e-05,1.6646274979770226e-05,0.5015544041450777,21,2026-05-06 09:30:00-04:00,2026-08-06 09:30:00-04:00
normalized_ou_residual_30,top_10pct,1.6806042658786362,30,2895,-4.189912385627986e-05,3.3411572097907793e-05,0.5060449050086355,21,2026-05-06 09:30:00-04:00,2026-08-06 09:30:00-04:00
normalized_ou_residual_30,top_10pct,1.6806042658786362,60,2895,-0.00014329801310023485,0.0001222683219079812,0.5157167530224525,21,2026-05-06 09:30:00-04:00,2026-08-06 09:30:00-04:00
realized_vol_30,bottom_10pct,0.001037565661462739,1,2897,1.109842350338372e-06,0.0,0.4984466689678978,21,2026-05-06 09:30:00-04:00,2026-08-06 09:30:00-04:00
realized_vol_30,bottom_10pct,0.001037565661462739,3,2895,-3.95346499377757e-06,0.0,0.49568221070811747,21,2026-05-06 09:30:00-04:00,2026-08-06 09:30:00-04:00
realized_vol_30,bottom_10pct,0.001037565661462739,5,2893,-1.4723825938762102e-05,8.486658972017835e-06,0.506049083995852,21,2026-05-06 09:30:00-04:00,2026-08-06 09:30:00-04:00
realized_vol_30,bottom_10pct,0.001037565661462739,10,2888,-3.1053660931790246e-08,-8.153448299186294e-06,0.49549861495844877,21,2026-05-06 09:30:00-04:00,2026-08-06 09:30:00-04:00
realized_vol_30,bottom_10pct,0.001037565661462739,20,2881,-6.624093886703993e-05,-2.4570628270992323e-05,0.4862894828184658,21,2026-05-06 09:30:00-04:00,2026-08-06 09:30:00-04:00
realized_vol_30,bottom_10pct,0.001037565661462739,30,2881,-6.435030676765192e-05,8.15780457164017e-06,0.5015619576535925,21,2026-05-06 09:30:00-04:00,2026-08-06 09:30:00-04:00
realized_vol_30,bottom_10pct,0.001037565661462739,60,2881,-4.273255781465902e-05,-5.18640815303506e-05,0.48663658451926417,21,2026-05-06 09:30:00-04:00,2026-08-06 09:30:00-04:00
realized_vol_30,top_10pct,0.005279962123108296,1,2898,-1.1204186753566748e-05,-1.640951659653833e-05,0.49033816425120774,21,2026-05-06 09:30:00-04:00,2026-08-06 09:30:00-04:00
realized_vol_30,top_10pct,0.005279962123108296,3,2898,-5.020085901600316e-05,-8.49609748354574e-06,0.494824016563147,21,2026-05-06 09:30:00-04:00,2026-08-06 09:30:00-04:00
realized_vol_30,top_10pct,0.005279962123108296,5,2898,-7.784964803820103e-05,5.30462151173694e-05,0.5100069013112492,21,2026-05-06 09:30:00-04:00,2026-08-06 09:30:00-04:00
realized_vol_30,top_10pct,0.005279962123108296,10,2898,-0.00013771041208970528,1.697713459458683e-05,0.5027605244996549,21,2026-05-06 09:30:00-04:00,2026-08-06 09:30:00-04:00
realized_vol_30,top_10pct,0.005279962123108296,20,2898,-0.0002321983512112151,-0.00012372066060589715,0.4886128364389234,21,2026-05-06 09:30:00-04:00,2026-08-06 09:30:00-04:00
realized_vol_30,top_10pct,0.005279962123108296,30,2898,-0.0003036001509038905,-0.0001569413479999282,0.4886128364389234,21,2026-05-06 09:30:00-04:00,2026-08-06 09:30:00-04:00
realized_vol_30,top_10pct,0.005279962123108296,60,2898,-7.139192746707972e-05,0.00028647546970450577,0.5148378191856453,21,2026-05-06 09:30:00-04:00,2026-08-06 09:30:00-04:00
realized_vol_60,bottom_10pct,0.0016481947113248978,1,2898,4.079093619521441e-07,0.0,0.4944789510006901,21,2026-05-06 09:30:00-04:00,2026-08-06 09:30:00-04:00
realized_vol_60,bottom_10pct,0.0016481947113248978,3,2898,-2.1941351127360317e-05,0.0,0.494824016563147,21,2026-05-06 09:30:00-04:00,2026-08-06 09:30:00-04:00
realized_vol_60,bottom_10pct,0.0016481947113248978,5,2898,-5.6309835639172224e-05,8.275147089675805e-06,0.5020703933747412,21,2026-05-06 09:30:00-04:00,2026-08-06 09:30:00-04:00
realized_vol_60,bottom_10pct,0.0016481947113248978,10,2898,-0.00012905129290994015,-8.138820103975597e-06,0.4944789510006901,21,2026-05-06 09:30:00-04:00,2026-08-06 09:30:00-04:00
realized_vol_60,bottom_10pct,0.0016481947113248978,20,2898,-0.00015648072080181078,-2.4651246815332595e-05,0.48412698412698413,21,2026-05-06 09:30:00-04:00,2026-08-06 09:30:00-04:00
realized_vol_60,bottom_10pct,0.0016481947113248978,30,2898,-0.0002110080995877697,-8.341342336404267e-06,0.49309868875086266,21,2026-05-06 09:30:00-04:00,2026-08-06 09:30:00-04:00
realized_vol_60,bottom_10pct,0.0016481947113248978,60,2898,-0.00021314726621450051,-3.3278288244287246e-05,0.4893029675638371,21,2026-05-06 09:30:00-04:00,2026-08-06 09:30:00-04:00
realized_vol_60,top_10pct,0.008319194686058547,1,2898,-1.1485072300955099e-05,-1.6735427097847033e-05,0.48757763975155277,21,2026-05-06 09:30:00-04:00,2026-08-06 09:30:00-04:00
realized_vol_60,top_10pct,0.008319194686058547,3,2898,-4.4188835626343814e-05,-4.224935570940058e-05,0.48516218081435475,21,2026-05-06 09:30:00-04:00,2026-08-06 09:30:00-04:00
realized_vol_60,top_10pct,0.008319194686058547,5,2898,-6.357712614999448e-05,3.005170096093135e-05,0.5058661145617668,21,2026-05-06 09:30:00-04:00,2026-08-06 09:30:00-04:00
realized_vol_60,top_10pct,0.008319194686058547,10,2898,-0.00010908770470966223,1.6939884906030933e-05,0.5013802622498275,21,2026-05-06 09:30:00-04:00,2026-08-06 09:30:00-04:00
realized_vol_60,top_10pct,0.008319194686058547,20,2898,-0.00025328083020303613,-6.380160485963682e-05,0.4906832298136646,21,2026-05-06 09:30:00-04:00,2026-08-06 09:30:00-04:00
realized_vol_60,top_10pct,0.008319194686058547,30,2898,-0.0003770595864441635,-7.23533904383733e-05,0.49206349206349204,21,2026-05-06 09:30:00-04:00,2026-08-06 09:30:00-04:00
realized_vol_60,top_10pct,0.008319194686058547,60,2898,-0.00020932890397465267,0.0002462032862500241,0.5131124913733609,21,2026-05-06 09:30:00-04:00,2026-08-06 09:30:00-04:00
vol_ratio_5_30,bottom_10pct,0.194399244341633,1,2898,-6.80535412740886e-06,-4.075012836279868e-06,0.48757763975155277,21,2026-05-06 09:30:00-04:00,2026-08-06 09:30:00-04:00
vol_ratio_5_30,bottom_10pct,0.194399244341633,3,2898,-3.9308850830205e-05,-1.6651209280516e-05,0.4830917874396135,21,2026-05-06 09:30:00-04:00,2026-08-06 09:30:00-04:00
vol_ratio_5_30,bottom_10pct,0.194399244341633,5,2898,-4.501511538225588e-05,-8.400231620853127e-06,0.4886128364389234,21,2026-05-06 09:30:00-04:00,2026-08-06 09:30:00-04:00
vol_ratio_5_30,bottom_10pct,0.194399244341633,10,2898,-2.648164141948491e-05,-8.187755459576618e-06,0.4979296066252588,21,2026-05-06 09:30:00-04:00,2026-08-06 09:30:00-04:00
vol_ratio_5_30,bottom_10pct,0.194399244341633,20,2898,-0.00010166562887036606,-1.6549853542824344e-05,0.4944789510006901,21,2026-05-06 09:30:00-04:00,2026-08-06 09:30:00-04:00
vol_ratio_5_30,bottom_10pct,0.194399244341633,30,2894,-7.486762257336862e-05,-8.584077246576172e-06,0.4941257774706289,21,2026-05-06 09:30:00-04:00,2026-08-06 09:30:00-04:00
vol_ratio_5_30,bottom_10pct,0.194399244341633,60,2882,7.76481482548814e-05,0.0001429451001114801,0.5156141568355309,21,2026-05-06 09:30:00-04:00,2026-08-06 09:30:00-04:00
vol_ratio_5_30,top_10pct,0.5508737990462448,1,2898,-5.63980358141156e-06,4.088675187419177e-06,0.5,21,2026-05-06 09:30:00-04:00,2026-08-06 09:30:00-04:00
vol_ratio_5_30,top_10pct,0.5508737990462448,3,2898,-3.306000448791972e-06,2.681622082856272e-05,0.5151828847481021,21,2026-05-06 09:30:00-04:00,2026-08-06 09:30:00-04:00
vol_ratio_5_30,top_10pct,0.5508737990462448,5,2898,7.124691859429097e-06,2.583648827114704e-05,0.5141476880607315,21,2026-05-06 09:30:00-04:00,2026-08-06 09:30:00-04:00
vol_ratio_5_30,top_10pct,0.5508737990462448,10,2898,1.942041574378768e-05,8.659280333667141e-06,0.5034506556245687,21,2026-05-06 09:30:00-04:00,2026-08-06 09:30:00-04:00
vol_ratio_5_30,top_10pct,0.5508737990462448,20,2898,0.00010767991700178554,5.947760184488171e-05,0.5131124913733609,21,2026-05-06 09:30:00-04:00,2026-08-06 09:30:00-04:00
vol_ratio_5_30,top_10pct,0.5508737990462448,30,2898,0.0002841261890467533,0.00011600768151076579,0.52311939268461,21,2026-05-06 09:30:00-04:00,2026-08-06 09:30:00-04:00
vol_ratio_5_30,top_10pct,0.5508737990462448,60,2893,0.000209013709523152,0.00018743663363807173,0.5226408572416177,21,2026-05-06 09:30:00-04:00,2026-08-06 09:30:00-04:00
vol_ratio_5_60,bottom_10pct,0.11390900524867219,1,2898,9.259191728431821e-07,0.0,0.4937888198757764,21,2026-05-06 09:30:00-04:00,2026-08-06 09:30:00-04:00
vol_ratio_5_60,bottom_10pct,0.11390900524867219,3,2897,-3.63511105537632e-05,-8.370652492373232e-06,0.48740075940628236,21,2026-05-06 09:30:00-04:00,2026-08-06 09:30:00-04:00
vol_ratio_5_60,bottom_10pct,0.11390900524867219,5,2897,-7.151456042690308e-05,-2.4567408875353358e-05,0.47359337245426303,21,2026-05-06 09:30:00-04:00,2026-08-06 09:30:00-04:00
vol_ratio_5_60,bottom_10pct,0.11390900524867219,10,2896,-1.1561400157783616e-05,-1.6632570560948245e-05,0.4906767955801105,21,2026-05-06 09:30:00-04:00,2026-08-06 09:30:00-04:00
vol_ratio_5_60,bottom_10pct,0.11390900524867219,20,2890,3.281075783351466e-05,-1.6996107892519596e-05,0.4930795847750865,21,2026-05-06 09:30:00-04:00,2026-08-06 09:30:00-04:00
vol_ratio_5_60,bottom_10pct,0.11390900524867219,30,2885,0.0001102197921772101,3.343307534153794e-05,0.5032928942807625,21,2026-05-06 09:30:00-04:00,2026-08-06 09:30:00-04:00
vol_ratio_5_60,bottom_10pct,0.11390900524867219,60,2879,0.0003247415314654012,0.00024236346161887745,0.5234456408475165,21,2026-05-06 09:30:00-04:00,2026-08-06 09:30:00-04:00
vol_ratio_5_60,top_10pct,0.38639222598894385,1,2898,1.7124545994823373e-05,1.664087335451203e-05,0.5093167701863354,21,2026-05-06 09:30:00-04:00,2026-08-06 09:30:00-04:00
vol_ratio_5_60,top_10pct,0.38639222598894385,3,2898,2.7800773446197007e-05,4.249261703748175e-05,0.5244996549344375,21,2026-05-06 09:30:00-04:00,2026-08-06 09:30:00-04:00
vol_ratio_5_60,top_10pct,0.38639222598894385,5,2898,1.6451093844645293e-05,5.066807907061488e-05,0.5241545893719807,21,2026-05-06 09:30:00-04:00,2026-08-06 09:30:00-04:00
vol_ratio_5_60,top_10pct,0.38639222598894385,10,2898,4.5412647989032976e-06,6.815691939021651e-05,0.5193236714975845,21,2026-05-06 09:30:00-04:00,2026-08-06 09:30:00-04:00
vol_ratio_5_60,top_10pct,0.38639222598894385,20,2898,5.590649797111988e-05,0.00011321361448368705,0.5234644582470669,21,2026-05-06 09:30:00-04:00,2026-08-06 09:30:00-04:00
vol_ratio_5_60,top_10pct,0.38639222598894385,30,2898,0.0001592881318614698,0.00011794809209042523,0.5248447204968945,21,2026-05-06 09:30:00-04:00,2026-08-06 09:30:00-04:00
vol_ratio_5_60,top_10pct,0.38639222598894385,60,2888,0.0002000502898186661,0.00029255367532310395,0.5384349030470914,21,2026-05-06 09:30:00-04:00,2026-08-06 09:30:00-04:00
vol_ratio_30_60,bottom_10pct,0.4805903984597614,1,2897,2.6554181170627403e-05,8.317460845619351e-06,0.5036244390749051,21,2026-05-06 09:30:00-04:00,2026-08-06 09:30:00-04:00
vol_ratio_30_60,bottom_10pct,0.4805903984597614,3,2895,8.262632551314449e-05,1.6931503602268805e-05,0.5146804835924007,21,2026-05-06 09:30:00-04:00,2026-08-06 09:30:00-04:00
vol_ratio_30_60,bottom_10pct,0.4805903984597614,5,2893,0.00011719858617896085,1.7139282378231258e-05,0.5139993086761148,21,2026-05-06 09:30:00-04:00,2026-08-06 09:30:00-04:00
vol_ratio_30_60,bottom_10pct,0.4805903984597614,10,2888,0.00020642539566051497,2.5603850838717968e-05,0.5135041551246537,21,2026-05-06 09:30:00-04:00,2026-08-06 09:30:00-04:00
vol_ratio_30_60,bottom_10pct,0.4805903984597614,20,2878,0.00035057074091737636,0.00012503648816231117,0.5312717164697707,21,2026-05-06 09:30:00-04:00,2026-08-06 09:30:00-04:00
vol_ratio_30_60,bottom_10pct,0.4805903984597614,30,2875,0.00046454962677494263,0.00035824377239013216,0.5575652173913044,21,2026-05-06 09:30:00-04:00,2026-08-06 09:30:00-04:00
vol_ratio_30_60,bottom_10pct,0.4805903984597614,60,2875,0.0007178255509084823,0.0006780010127103164,0.5572173913043478,21,2026-05-06 09:30:00-04:00,2026-08-06 09:30:00-04:00
vol_ratio_30_60,top_10pct,0.8647054590390397,1,2898,7.892591729017434e-06,8.167465200270563e-06,0.5006901311249138,21,2026-05-06 09:30:00-04:00,2026-08-06 09:30:00-04:00
vol_ratio_30_60,top_10pct,0.8647054590390397,3,2898,1.6095923593936432e-06,8.438593615323065e-06,0.5020703933747412,21,2026-05-06 09:30:00-04:00,2026-08-06 09:30:00-04:00
vol_ratio_30_60,top_10pct,0.8647054590390397,5,2898,3.451235777634815e-07,3.489951637924982e-05,0.5131124913733609,21,2026-05-06 09:30:00-04:00,2026-08-06 09:30:00-04:00
vol_ratio_30_60,top_10pct,0.8647054590390397,10,2898,4.028260056314104e-05,7.531434086149869e-05,0.5151828847481021,21,2026-05-06 09:30:00-04:00,2026-08-06 09:30:00-04:00
vol_ratio_30_60,top_10pct,0.8647054590390397,20,2898,6.772761233809249e-05,-3.300931205668656e-05,0.49585921325051757,21,2026-05-06 09:30:00-04:00,2026-08-06 09:30:00-04:00
vol_ratio_30_60,top_10pct,0.8647054590390397,30,2898,-8.943656868664173e-07,-5.0341186602520516e-05,0.49033816425120774,21,2026-05-06 09:30:00-04:00,2026-08-06 09:30:00-04:00
vol_ratio_30_60,top_10pct,0.8647054590390397,60,2869,-0.0005418225805480792,0.00016306430440837794,0.512373649355176,21,2026-05-06 09:30:00-04:00,2026-08-06 09:30:00-04:00
normalized_vwap_distance,bottom_10pct,-8.002131541262303,1,675,1.0348518299741669e-05,8.316976612743332e-06,0.5125925925925926,22,2026-08-06 09:30:00-04:00,2026-08-26 16:59:00-04:00
normalized_vwap_distance,bottom_10pct,-8.002131541262303,3,675,1.6690929484457905e-05,1.6887042572300004e-05,0.5244444444444445,22,2026-08-06 09:30:00-04:00,2026-08-26 16:59:00-04:00
normalized_vwap_distance,bottom_10pct,-8.002131541262303,5,675,2.7747764398295056e-06,2.4935583077034806e-05,0.5303703703703704,22,2026-08-06 09:30:00-04:00,2026-08-26 16:59:00-04:00
normalized_vwap_distance,bottom_10pct,-8.002131541262303,10,675,1.1272033978765922e-05,4.981650919111402e-05,0.5451851851851852,22,2026-08-06 09:30:00-04:00,2026-08-26 16:59:00-04:00
normalized_vwap_distance,bottom_10pct,-8.002131541262303,20,675,5.289670564743856e-05,0.00020774472328399796,0.5792592592592593,22,2026-08-06 09:30:00-04:00,2026-08-26 16:59:00-04:00
normalized_vwap_distance,bottom_10pct,-8.002131541262303,30,675,-1.2244013768223125e-05,0.0002789023081279929,0.5985185185185186,22,2026-08-06 09:30:00-04:00,2026-08-26 16:59:00-04:00
normalized_vwap_distance,bottom_10pct,-8.002131541262303,60,675,-0.0005303564972109394,0.0003161312371837699,0.5837037037037037,22,2026-08-06 09:30:00-04:00,2026-08-26 16:59:00-04:00
normalized_vwap_distance,top_10pct,6.170342010067296,1,674,-9.816886237026508e-06,-8.270306792734772e-06,0.4762611275964392,22,2026-08-06 09:30:00-04:00,2026-08-26 16:59:00-04:00
normalized_vwap_distance,top_10pct,6.170342010067296,3,672,-3.615729044309727e-05,-5.7880901702389576e-05,0.43005952380952384,22,2026-08-06 09:30:00-04:00,2026-08-26 16:59:00-04:00
normalized_vwap_distance,top_10pct,6.170342010067296,5,670,-7.070884269423023e-05,-6.781045663734053e-05,0.42388059701492536,22,2026-08-06 09:30:00-04:00,2026-08-26 16:59:00-04:00
normalized_vwap_distance,top_10pct,6.170342010067296,10,665,-0.00015642553497325872,-0.00017003477211086082,0.3954887218045113,22,2026-08-06 09:30:00-04:00,2026-08-26 16:59:00-04:00
normalized_vwap_distance,top_10pct,6.170342010067296,20,665,-0.0003370098770882898,-0.00043559844524865277,0.3263157894736842,22,2026-08-06 09:30:00-04:00,2026-08-26 16:59:00-04:00
normalized_vwap_distance,top_10pct,6.170342010067296,30,665,-0.0005336376999516072,-0.0006621739421980299,0.3022556390977444,22,2026-08-06 09:30:00-04:00,2026-08-26 16:59:00-04:00
normalized_vwap_distance,top_10pct,6.170342010067296,60,653,-0.0009191623022127529,-0.0008764821644148268,0.2649310872894334,22,2026-08-06 09:30:00-04:00,2026-08-26 16:59:00-04:00
half_life_30,bottom_10pct,0.16393471664928153,1,254,-2.7769258216895258e-05,-8.377609824639087e-06,0.47244094488188976,22,2026-08-06 09:30:00-04:00,2026-08-26 16:59:00-04:00
half_life_30,bottom_10pct,0.16393471664928153,3,254,-3.167258823498705e-05,-2.938296911186855e-05,0.4763779527559055,22,2026-08-06 09:30:00-04:00,2026-08-26 16:59:00-04:00
half_life_30,bottom_10pct,0.16393471664928153,5,254,-8.659279965135296e-05,-5.9498512541500403e-05,0.4409448818897638,22,2026-08-06 09:30:00-04:00,2026-08-26 16:59:00-04:00
half_life_30,bottom_10pct,0.16393471664928153,10,254,-2.19031997897843e-05,-6.36742667150525e-05,0.4409448818897638,22,2026-08-06 09:30:00-04:00,2026-08-26 16:59:00-04:00
half_life_30,bottom_10pct,0.16393471664928153,20,254,0.00013162901476518045,-0.0001985724799299926,0.452755905511811,22,2026-08-06 09:30:00-04:00,2026-08-26 16:59:00-04:00
half_life_30,bottom_10pct,0.16393471664928153,30,254,0.00010389832733656939,-9.784775986915184e-05,0.48031496062992124,22,2026-08-06 09:30:00-04:00,2026-08-26 16:59:00-04:00
half_life_30,bottom_10pct,0.16393471664928153,60,254,-0.00023251949731039687,-0.000275452289714484,0.4448818897637795,22,2026-08-06 09:30:00-04:00,2026-08-26 16:59:00-04:00
half_life_30,top_10pct,0.4655440532456169,1,254,4.10961702836698e-05,3.3924562081955045e-05,0.5669291338582677,22,2026-08-06 09:30:00-04:00,2026-08-26 16:59:00-04:00
half_life_30,top_10pct,0.4655440532456169,3,254,0.0001039383635384883,5.966950462377163e-05,0.5393700787401575,22,2026-08-06 09:30:00-04:00,2026-08-26 16:59:00-04:00
half_life_30,top_10pct,0.4655440532456169,5,254,0.00013078669997038258,5.895023868152105e-05,0.562992125984252,22,2026-08-06 09:30:00-04:00,2026-08-26 16:59:00-04:00
half_life_30,top_10pct,0.4655440532456169,10,252,0.00016094249344803806,5.9363300358827864e-05,0.5436507936507936,22,2026-08-06 09:30:00-04:00,2026-08-26 16:59:00-04:00
half_life_30,top_10pct,0.4655440532456169,20,252,0.0003509799291907547,0.000280657091274894,0.6071428571428571,22,2026-08-06 09:30:00-04:00,2026-08-26 16:59:00-04:00
half_life_30,top_10pct,0.4655440532456169,30,252,0.00036491856957155945,0.0003455026517698023,0.6111111111111112,22,2026-08-06 09:30:00-04:00,2026-08-26 16:59:00-04:00
half_life_30,top_10pct,0.4655440532456169,60,231,0.0002107751176820274,0.0002493703398918079,0.5714285714285714,22,2026-08-06 09:30:00-04:00,2026-08-26 16:59:00-04:00
half_life_60,bottom_10pct,0.1557741510785884,1,247,1.3589804651538018e-05,1.7133115742806737e-05,0.5303643724696356,22,2026-08-06 09:30:00-04:00,2026-08-26 16:59:00-04:00
half_life_60,bottom_10pct,0.1557741510785884,3,247,1.7597409605903728e-05,4.152789428668591e-05,0.5384615384615384,22,2026-08-06 09:30:00-04:00,2026-08-26 16:59:00-04:00
half_life_60,bottom_10pct,0.1557741510785884,5,247,3.233261151026996e-05,4.155101633784852e-05,0.5384615384615384,22,2026-08-06 09:30:00-04:00,2026-08-26 16:59:00-04:00
half_life_60,bottom_10pct,0.1557741510785884,10,247,1.0267334381112468e-05,-1.708350416840254e-05,0.4898785425101215,22,2026-08-06 09:30:00-04:00,2026-08-26 16:59:00-04:00
half_life_60,bottom_10pct,0.1557741510785884,20,247,-2.335563630566873e-05,-6.699886939409705e-05,0.4493927125506073,22,2026-08-06 09:30:00-04:00,2026-08-26 16:59:00-04:00
half_life_60,bottom_10pct,0.1557741510785884,30,247,-0.0001238171216834076,-5.978971104492192e-05,0.4817813765182186,22,2026-08-06 09:30:00-04:00,2026-08-26 16:59:00-04:00
half_life_60,bottom_10pct,0.1557741510785884,60,246,0.00014189542524205054,2.1258253118716652e-05,0.5040650406504065,22,2026-08-06 09:30:00-04:00,2026-08-26 16:59:00-04:00
half_life_60,top_10pct,0.42278910226895655,1,247,1.8694369445432123e-05,8.470986869957287e-06,0.5101214574898786,22,2026-08-06 09:30:00-04:00,2026-08-26 16:59:00-04:00
half_life_60,top_10pct,0.42278910226895655,3,247,5.964271907889999e-05,5.1189734751933e-05,0.5506072874493927,22,2026-08-06 09:30:00-04:00,2026-08-26 16:59:00-04:00
half_life_60,top_10pct,0.42278910226895655,5,247,0.00010967248897797613,5.968164107450491e-05,0.5789473684210527,22,2026-08-06 09:30:00-04:00,2026-08-26 16:59:00-04:00
half_life_60,top_10pct,0.42278910226895655,10,244,0.00018179400412108887,0.00010150738884584509,0.5778688524590164,22,2026-08-06 09:30:00-04:00,2026-08-26 16:59:00-04:00
half_life_60,top_10pct,0.42278910226895655,20,234,0.0003570911254091477,0.00045860256924312726,0.6196581196581197,22,2026-08-06 09:30:00-04:00,2026-08-26 16:59:00-04:00
half_life_60,top_10pct,0.42278910226895655,30,228,0.0004626982148827594,0.0005799524585535787,0.706140350877193,22,2026-08-06 09:30:00-04:00,2026-08-26 16:59:00-04:00
half_life_60,top_10pct,0.42278910226895655,60,213,0.0002677855490816519,0.00017914267434426812,0.5539906103286385,22,2026-08-06 09:30:00-04:00,2026-08-26 16:59:00-04:00
normalized_ou_residual_30,bottom_10pct,-1.741720795053291,1,675,3.530440444015729e-05,1.6814635458661797e-05,0.5274074074074074,22,2026-08-06 09:30:00-04:00,2026-08-26 16:59:00-04:00
normalized_ou_residual_30,bottom_10pct,-1.741720795053291,3,675,0.00010587771963877818,1.6563146997938816e-05,0.5125925925925926,22,2026-08-06 09:30:00-04:00,2026-08-26 16:59:00-04:00
normalized_ou_residual_30,bottom_10pct,-1.741720795053291,5,675,0.00015264076956605108,2.4848836246205153e-05,0.5244444444444445,22,2026-08-06 09:30:00-04:00,2026-08-26 16:59:00-04:00
normalized_ou_residual_30,bottom_10pct,-1.741720795053291,10,675,0.00022268265038617312,3.382721060818383e-05,0.5259259259259259,22,2026-08-06 09:30:00-04:00,2026-08-26 16:59:00-04:00
normalized_ou_residual_30,bottom_10pct,-1.741720795053291,20,675,0.00020400642684703126,-8.55300295932171e-06,0.4918518518518519,22,2026-08-06 09:30:00-04:00,2026-08-26 16:59:00-04:00
normalized_ou_residual_30,bottom_10pct,-1.741720795053291,30,675,0.00022234323685438475,4.1795885612927464e-05,0.5111111111111111,22,2026-08-06 09:30:00-04:00,2026-08-26 16:59:00-04:00
normalized_ou_residual_30,bottom_10pct,-1.741720795053291,60,675,0.0003189145167457776,0.00020104880459737018,0.5422222222222223,22,2026-08-06 09:30:00-04:00,2026-08-26 16:59:00-04:00
normalized_ou_residual_30,top_10pct,1.7232679039053884,1,674,-2.3219845637740483e-06,8.363881146888907e-06,0.5014836795252225,22,2026-08-06 09:30:00-04:00,2026-08-26 16:59:00-04:00
normalized_ou_residual_30,top_10pct,1.7232679039053884,3,672,3.296525212298655e-05,8.480762542451004e-06,0.5074404761904762,22,2026-08-06 09:30:00-04:00,2026-08-26 16:59:00-04:00
normalized_ou_residual_30,top_10pct,1.7232679039053884,5,670,2.3693118439239927e-05,-4.149446463819206e-06,0.49402985074626865,22,2026-08-06 09:30:00-04:00,2026-08-26 16:59:00-04:00
normalized_ou_residual_30,top_10pct,1.7232679039053884,10,665,-6.394531316856636e-06,-8.300477277400908e-06,0.49624060150375937,22,2026-08-06 09:30:00-04:00,2026-08-26 16:59:00-04:00
normalized_ou_residual_30,top_10pct,1.7232679039053884,20,664,-6.075134205611448e-05,-0.00010043653261837537,0.4608433734939759,22,2026-08-06 09:30:00-04:00,2026-08-26 16:59:00-04:00
normalized_ou_residual_30,top_10pct,1.7232679039053884,30,664,-0.0003517133868227671,-0.00041820680885862327,0.4036144578313253,22,2026-08-06 09:30:00-04:00,2026-08-26 16:59:00-04:00
normalized_ou_residual_30,top_10pct,1.7232679039053884,60,661,-0.0002665567233294043,-0.0003225086209035499,0.4175491679273828,22,2026-08-06 09:30:00-04:00,2026-08-26 16:59:00-04:00
realized_vol_30,bottom_10pct,0.0007868988046643531,1,675,2.2246331339866412e-05,0.0,0.49037037037037035,22,2026-08-06 09:30:00-04:00,2026-08-26 16:59:00-04:00
realized_vol_30,bottom_10pct,0.0007868988046643531,3,675,4.7441665743829776e-05,1.7188480280427854e-05,0.5348148148148149,22,2026-08-06 09:30:00-04:00,2026-08-26 16:59:00-04:00
realized_vol_30,bottom_10pct,0.0007868988046643531,5,675,4.56365859738469e-05,2.4898125171146646e-05,0.5288888888888889,22,2026-08-06 09:30:00-04:00,2026-08-26 16:59:00-04:00
realized_vol_30,bottom_10pct,0.0007868988046643531,10,675,3.8950050093068275e-05,4.147106149332558e-05,0.5377777777777778,22,2026-08-06 09:30:00-04:00,2026-08-26 16:59:00-04:00
realized_vol_30,bottom_10pct,0.0007868988046643531,20,675,-2.679325006275258e-05,5.106774135898995e-05,0.5244444444444445,22,2026-08-06 09:30:00-04:00,2026-08-26 16:59:00-04:00
realized_vol_30,bottom_10pct,0.0007868988046643531,30,675,-0.00027324479189221057,6.649323015794906e-05,0.5081481481481481,22,2026-08-06 09:30:00-04:00,2026-08-26 16:59:00-04:00
realized_vol_30,bottom_10pct,0.0007868988046643531,60,675,-0.0007092209353497305,-1.6803192606551498e-05,0.4948148148148148,22,2026-08-06 09:30:00-04:00,2026-08-26 16:59:00-04:00
realized_vol_30,top_10pct,0.0032671796982621294,1,675,6.502027395774537e-06,3.369811543296741e-05,0.5140740740740741,22,2026-08-06 09:30:00-04:00,2026-08-26 16:59:00-04:00
realized_vol_30,top_10pct,0.0032671796982621294,3,675,5.445121194086261e-07,0.0,0.49925925925925924,22,2026-08-06 09:30:00-04:00,2026-08-26 16:59:00-04:00
realized_vol_30,top_10pct,0.0032671796982621294,5,675,-7.28216373275474e-06,-2.525677723519415e-05,0.4888888888888889,22,2026-08-06 09:30:00-04:00,2026-08-26 16:59:00-04:00
realized_vol_30,top_10pct,0.0032671796982621294,10,675,-3.959699687450016e-05,-8.627308883513152e-06,0.49777777777777776,22,2026-08-06 09:30:00-04:00,2026-08-26 16:59:00-04:00
realized_vol_30,top_10pct,0.0032671796982621294,20,675,-0.00015356005558919448,-0.0003509944843723689,0.43703703703703706,22,2026-08-06 09:30:00-04:00,2026-08-26 16:59:00-04:00
realized_vol_30,top_10pct,0.0032671796982621294,30,675,-0.00019155785791647833,-0.0003032728191735279,0.45925925925925926,22,2026-08-06 09:30:00-04:00,2026-08-26 16:59:00-04:00
realized_vol_30,top_10pct,0.0032671796982621294,60,675,0.00020030799727724933,-0.00032982367119116507,0.46074074074074073,22,2026-08-06 09:30:00-04:00,2026-08-26 16:59:00-04:00
realized_vol_60,bottom_10pct,0.0012506504239577056,1,675,-6.32936410002953e-06,0.0,0.4874074074074074,22,2026-08-06 09:30:00-04:00,2026-08-26 16:59:00-04:00
realized_vol_60,bottom_10pct,0.0012506504239577056,3,675,-3.380045305382939e-05,0.0,0.49037037037037035,22,2026-08-06 09:30:00-04:00,2026-08-26 16:59:00-04:00
realized_vol_60,bottom_10pct,0.0012506504239577056,5,675,-5.99349575554898e-05,-8.505860537910692e-06,0.4740740740740741,22,2026-08-06 09:30:00-04:00,2026-08-26 16:59:00-04:00
realized_vol_60,bottom_10pct,0.0012506504239577056,10,675,-0.00022568790480043574,0.0,0.49777777777777776,22,2026-08-06 09:30:00-04:00,2026-08-26 16:59:00-04:00
realized_vol_60,bottom_10pct,0.0012506504239577056,20,675,-0.00035838580530746803,-2.507250131633665e-05,0.4874074074074074,22,2026-08-06 09:30:00-04:00,2026-08-26 16:59:00-04:00
realized_vol_60,bottom_10pct,0.0012506504239577056,30,675,-0.0004498809538238207,1.6786832408577368e-05,0.5051851851851852,22,2026-08-06 09:30:00-04:00,2026-08-26 16:59:00-04:00
realized_vol_60,bottom_10pct,0.0012506504239577056,60,675,-0.0007323341647137865,-0.00030237871253868676,0.4162962962962963,22,2026-08-06 09:30:00-04:00,2026-08-26 16:59:00-04:00
realized_vol_60,top_10pct,0.0048783520935922545,1,675,7.4574313387523015e-06,3.369811543296741e-05,0.5140740740740741,22,2026-08-06 09:30:00-04:00,2026-08-26 16:59:00-04:00
realized_vol_60,top_10pct,0.0048783520935922545,3,675,2.3032627312538983e-05,4.272372277425163e-05,0.52,22,2026-08-06 09:30:00-04:00,2026-08-26 16:59:00-04:00
realized_vol_60,top_10pct,0.0048783520935922545,5,675,3.531108156156549e-05,6.739623086571278e-05,0.522962962962963,22,2026-08-06 09:30:00-04:00,2026-08-26 16:59:00-04:00
realized_vol_60,top_10pct,0.0048783520935922545,10,675,5.731561275753476e-05,0.00012072191706402613,0.5303703703703704,22,2026-08-06 09:30:00-04:00,2026-08-26 16:59:00-04:00
realized_vol_60,top_10pct,0.0048783520935922545,20,675,8.90187367790139e-05,-1.682821755522035e-05,0.49925925925925924,22,2026-08-06 09:30:00-04:00,2026-08-26 16:59:00-04:00
realized_vol_60,top_10pct,0.0048783520935922545,30,675,0.00019167963348016683,0.00022197937299361925,0.5288888888888889,22,2026-08-06 09:30:00-04:00,2026-08-26 16:59:00-04:00
realized_vol_60,top_10pct,0.0048783520935922545,60,675,0.000543409590472465,0.0004901202084299783,0.5466666666666666,22,2026-08-06 09:30:00-04:00,2026-08-26 16:59:00-04:00
vol_ratio_5_30,bottom_10pct,0.19624405852932056,1,675,-3.0961396076826614e-05,0.0,0.48592592592592593,22,2026-08-06 09:30:00-04:00,2026-08-26 16:59:00-04:00
vol_ratio_5_30,bottom_10pct,0.19624405852932056,3,675,-8.337431326054698e-05,-3.381777293054444e-05,0.44296296296296295,22,2026-08-06 09:30:00-04:00,2026-08-26 16:59:00-04:00
vol_ratio_5_30,bottom_10pct,0.19624405852932056,5,675,-0.0001392124423584904,-4.1557578024375985e-05,0.45185185185185184,22,2026-08-06 09:30:00-04:00,2026-08-26 16:59:00-04:00
vol_ratio_5_30,bottom_10pct,0.19624405852932056,10,675,-0.00011618641986156669,-7.619241123579812e-05,0.4488888888888889,22,2026-08-06 09:30:00-04:00,2026-08-26 16:59:00-04:00
vol_ratio_5_30,bottom_10pct,0.19624405852932056,20,671,-2.539707188867239e-05,-0.00015927704985374547,0.42921013412816694,22,2026-08-06 09:30:00-04:00,2026-08-26 16:59:00-04:00
vol_ratio_5_30,bottom_10pct,0.19624405852932056,30,662,0.00024599805778768256,-7.143463232578418e-05,0.4697885196374622,22,2026-08-06 09:30:00-04:00,2026-08-26 16:59:00-04:00
vol_ratio_5_30,bottom_10pct,0.19624405852932056,60,656,0.0003476935652183141,-0.00012733191617070316,0.4847560975609756,22,2026-08-06 09:30:00-04:00,2026-08-26 16:59:00-04:00
vol_ratio_5_30,top_10pct,0.5471315851692836,1,675,-3.6868464604481825e-06,8.404915194493157e-06,0.5066666666666667,22,2026-08-06 09:30:00-04:00,2026-08-26 16:59:00-04:00
vol_ratio_5_30,top_10pct,0.5471315851692836,3,675,3.627133685526408e-05,8.548104457828387e-06,0.5051851851851852,22,2026-08-06 09:30:00-04:00,2026-08-26 16:59:00-04:00
vol_ratio_5_30,top_10pct,0.5471315851692836,5,675,5.4440720243573225e-05,1.6850477289720445e-05,0.5155555555555555,22,2026-08-06 09:30:00-04:00,2026-08-26 16:59:00-04:00
vol_ratio_5_30,top_10pct,0.5471315851692836,10,672,-6.203640562996457e-05,-9.925316818026886e-05,0.44494047619047616,22,2026-08-06 09:30:00-04:00,2026-08-26 16:59:00-04:00
vol_ratio_5_30,top_10pct,0.5471315851692836,20,672,-0.00012494011813430456,-0.0001511117576447618,0.4494047619047619,22,2026-08-06 09:30:00-04:00,2026-08-26 16:59:00-04:00
vol_ratio_5_30,top_10pct,0.5471315851692836,30,672,-0.0002686695928499061,-0.0002825399067162282,0.41964285714285715,22,2026-08-06 09:30:00-04:00,2026-08-26 16:59:00-04:00
vol_ratio_5_30,top_10pct,0.5471315851692836,60,662,-0.0002811936257762189,-0.0004191520279828165,0.40634441087613293,22,2026-08-06 09:30:00-04:00,2026-08-26 16:59:00-04:00
vol_ratio_5_60,bottom_10pct,0.11902021576556568,1,675,-8.99569469698919e-06,0.0,0.48444444444444446,22,2026-08-06 09:30:00-04:00,2026-08-26 16:59:00-04:00
vol_ratio_5_60,bottom_10pct,0.11902021576556568,3,674,-5.301929095162416e-06,0.0,0.48813056379821956,22,2026-08-06 09:30:00-04:00,2026-08-26 16:59:00-04:00
vol_ratio_5_60,bottom_10pct,0.11902021576556568,5,674,3.807976848839833e-05,1.6591865666271133e-05,0.5133531157270029,22,2026-08-06 09:30:00-04:00,2026-08-26 16:59:00-04:00
vol_ratio_5_60,bottom_10pct,0.11902021576556568,10,674,0.00023538048825930176,4.251980680780587e-05,0.5296735905044511,22,2026-08-06 09:30:00-04:00,2026-08-26 16:59:00-04:00
vol_ratio_5_60,bottom_10pct,0.11902021576556568,20,673,0.0005075338642387046,6.707920376980425e-05,0.524517087667162,22,2026-08-06 09:30:00-04:00,2026-08-26 16:59:00-04:00
vol_ratio_5_60,bottom_10pct,0.11902021576556568,30,671,0.0006715023296939843,0.00016240287880475712,0.5365126676602087,22,2026-08-06 09:30:00-04:00,2026-08-26 16:59:00-04:00
vol_ratio_5_60,bottom_10pct,0.11902021576556568,60,669,0.0003259524736848079,-0.00012803988015464007,0.484304932735426,22,2026-08-06 09:30:00-04:00,2026-08-26 16:59:00-04:00
vol_ratio_5_60,top_10pct,0.3844890428076209,1,675,-1.9505419667570643e-05,-8.447515585707777e-06,0.48148148148148145,22,2026-08-06 09:30:00-04:00,2026-08-26 16:59:00-04:00
vol_ratio_5_60,top_10pct,0.3844890428076209,3,675,-1.1232752318254064e-05,-3.3552261841873765e-05,0.4711111111111111,22,2026-08-06 09:30:00-04:00,2026-08-26 16:59:00-04:00
vol_ratio_5_60,top_10pct,0.3844890428076209,5,675,-1.0936933748424086e-05,-8.268699664304435e-06,0.49333333333333335,22,2026-08-06 09:30:00-04:00,2026-08-26 16:59:00-04:00
vol_ratio_5_60,top_10pct,0.3844890428076209,10,675,2.5701669199687218e-05,-8.441739335973697e-05,0.45481481481481484,22,2026-08-06 09:30:00-04:00,2026-08-26 16:59:00-04:00
vol_ratio_5_60,top_10pct,0.3844890428076209,20,675,-3.3569277520456285e-05,-0.0001900920706812137,0.42518518518518517,22,2026-08-06 09:30:00-04:00,2026-08-26 16:59:00-04:00
vol_ratio_5_60,top_10pct,0.3844890428076209,30,675,-0.0001972801333290149,-0.00038208201473510783,0.38666666666666666,22,2026-08-06 09:30:00-04:00,2026-08-26 16:59:00-04:00
vol_ratio_5_60,top_10pct,0.3844890428076209,60,662,2.1797834128548344e-06,-0.00037790529597392375,0.4259818731117825,22,2026-08-06 09:30:00-04:00,2026-08-26 16:59:00-04:00
vol_ratio_30_60,bottom_10pct,0.4800651003554162,1,675,2.7136887405003175e-05,0.0,0.49333333333333335,22,2026-08-06 09:30:00-04:00,2026-08-26 16:59:00-04:00
vol_ratio_30_60,bottom_10pct,0.4800651003554162,3,673,7.518700352504653e-05,1.6939534332127693e-05,0.5200594353640416,22,2026-08-06 09:30:00-04:00,2026-08-26 16:59:00-04:00
vol_ratio_30_60,bottom_10pct,0.4800651003554162,5,671,0.00015138745422474932,5.9947417550887394e-05,0.5573770491803278,22,2026-08-06 09:30:00-04:00,2026-08-26 16:59:00-04:00
vol_ratio_30_60,bottom_10pct,0.4800651003554162,10,670,0.00041610077987017146,0.00011598635929788159,0.5880597014925373,22,2026-08-06 09:30:00-04:00,2026-08-26 16:59:00-04:00
vol_ratio_30_60,bottom_10pct,0.4800651003554162,20,670,0.0006442985982195436,0.000371139796704556,0.6074626865671642,22,2026-08-06 09:30:00-04:00,2026-08-26 16:59:00-04:00
vol_ratio_30_60,bottom_10pct,0.4800651003554162,30,670,0.0005296963580924504,0.000593068733632629,0.6134328358208955,22,2026-08-06 09:30:00-04:00,2026-08-26 16:59:00-04:00
vol_ratio_30_60,bottom_10pct,0.4800651003554162,60,670,-4.1959268308561644e-05,0.00029211495307890356,0.5358208955223881,22,2026-08-06 09:30:00-04:00,2026-08-26 16:59:00-04:00
vol_ratio_30_60,top_10pct,0.8382096851886427,1,675,5.6562010933283004e-06,2.562109812020985e-05,0.5333333333333333,22,2026-08-06 09:30:00-04:00,2026-08-26 16:59:00-04:00
vol_ratio_30_60,top_10pct,0.8382096851886427,3,675,1.1430018393153595e-05,2.560426054887266e-05,0.5170370370370371,22,2026-08-06 09:30:00-04:00,2026-08-26 16:59:00-04:00
vol_ratio_30_60,top_10pct,0.8382096851886427,5,675,-2.3620717367953845e-06,8.35296279588782e-06,0.5022222222222222,22,2026-08-06 09:30:00-04:00,2026-08-26 16:59:00-04:00
vol_ratio_30_60,top_10pct,0.8382096851886427,10,675,-3.821760915405335e-05,8.47105862811226e-06,0.5022222222222222,22,2026-08-06 09:30:00-04:00,2026-08-26 16:59:00-04:00
vol_ratio_30_60,top_10pct,0.8382096851886427,20,675,-0.00021672631873346934,-0.00020447981187854403,0.4059259259259259,22,2026-08-06 09:30:00-04:00,2026-08-26 16:59:00-04:00
vol_ratio_30_60,top_10pct,0.8382096851886427,30,669,-0.0002786826833644763,-0.0003687346535151681,0.42152466367713004,22,2026-08-06 09:30:00-04:00,2026-08-26 16:59:00-04:00
vol_ratio_30_60,top_10pct,0.8382096851886427,60,660,0.0002985411727914165,-0.00010623385761449056,0.47878787878787876,22,2026-08-06 09:30:00-04:00,2026-08-26 16:59:00-04:00
