target_points,horizon_bars,feature,gain_normalized
5.0,5,atr_15,0.07995517875644423
5.0,5,atr_5,0.050967397390022165
5.0,5,atr_30,0.029409002423996015
5.0,5,ou_residual_30,0.01307616267530691
5.0,5,mean_distance_15,0.011795428448489733
5.0,5,variance_60,0.01118475149962164
5.0,5,realized_vol_30,0.01013636595702597
5.0,5,true_range,0.010022972688256275
5.0,5,rth_progress,0.009717957892765602
5.0,5,atr_60,0.009672789147034996
5.0,5,minutes_until_rth_close,0.009606621449901945
5.0,5,variance_30,0.00950695283799654
5.0,5,realized_vol_60,0.009257380030162278
5.0,5,realized_vol_15,0.009145475680097229
5.0,5,rolling_range_30,0.00888452171126292
5.0,5,rolling_mean_60,0.008863087433079878
5.0,5,minutes_since_rth_open,0.008851581873993078
5.0,5,vwap,0.008780078696353095
5.0,5,mean_distance_5,0.008773441337758587
5.0,5,rolling_mean_30,0.00870520073831791
5.0,5,typical_price,0.008607322704933938
5.0,5,close,0.008581211945662895
5.0,5,low,0.008524640551989987
5.0,5,mean_distance_30,0.008439858732301565
5.0,5,rolling_mean_5,0.008428486751481182
5.0,5,vwap_distance_pct,0.008382213568048818
5.0,5,log_return_1,0.008267093649400132
5.0,5,vwap_distance,0.008240531597818648
5.0,5,rolling_range_15,0.00820371373334811
5.0,5,rolling_std_30,0.008178082937818198
5.0,5,abs_zscore_15,0.008123167369159915
5.0,5,ou_residual_60,0.008117757538067443
5.0,5,rolling_std_60,0.008093636682523149
5.0,5,log_zscore_5,0.008076704062876246
5.0,5,rolling_mean_15,0.008059157014247916
5.0,5,high,0.008043615613132715
5.0,5,mean_distance_60,0.007981643368977876
5.0,5,ar1_coefficient_120,0.007962901189568498
5.0,5,rolling_range_60,0.007933177652635745
5.0,5,log_zscore_15,0.00790761566410462
5.0,5,half_life_60,0.007879476927753006
5.0,5,vol_ratio_15_60,0.007871410255098627
5.0,5,displacement_60,0.007839216429385402
5.0,5,normalized_vwap_distance,0.007801938225470838
5.0,5,displacement_15,0.007752400667717059
5.0,5,half_life_30,0.00774838642350265
5.0,5,log_return_60,0.007698183590989737
5.0,5,rolling_range_5,0.007613563422291051
5.0,5,mean_reversion_speed_120,0.007592943430479083
5.0,5,ou_residual_120,0.007584700006104651
5.0,5,displacement_30,0.007513737017732291
5.0,5,mean_reversion_speed_60,0.007512128091461602
5.0,5,log_return_15,0.007501832919106597
5.0,5,return_30,0.007501406794680017
5.0,5,vol_ratio_15_30,0.007492371346978914
5.0,5,return_60,0.007481682801707869
5.0,5,mean_reversion_speed_30,0.007480857672081107
5.0,5,log_price,0.007477093155362776
5.0,5,normalized_ou_residual_120,0.007462842589510339
5.0,5,variance_5,0.007448687484221799
5.0,5,rolling_std_5,0.007433187793053332
5.0,5,zscore_60,0.0074246168092247985
5.0,5,volume,0.00739521850343971
5.0,5,vol_ratio_30_60,0.007390468869180907
5.0,5,displacement_10,0.007381648423948458
5.0,5,abs_zscore_5,0.007345706002698058
5.0,5,return_15,0.007324682216026953
5.0,5,log_zscore_30,0.007302453852302972
5.0,5,log_return_5,0.00729451365103679
5.0,5,past_return_30,0.00727900762909225
5.0,5,log_zscore_60,0.0072762178966686835
5.0,5,half_life_120,0.0072409771382808685
5.0,5,normalized_range_15,0.007233091785262029
5.0,5,ar1_coefficient_30,0.0071816227975345795
5.0,5,log_return_30,0.007178902448642822
5.0,5,rolling_std_15,0.007165537348815373
5.0,5,ar1_coefficient_60,0.007134218389789264
5.0,5,realized_vol_5,0.007129546565314134
5.0,5,short_return,0.007120972964912653
5.0,5,variance_ratio_5_60,0.007120360221181597
5.0,5,vol_ratio_5_60,0.0071200173392537095
5.0,5,variance_ratio_5_30,0.0071068197444436095
5.0,5,normalized_range_60,0.007093684570420356
5.0,5,open,0.007077300189329045
5.0,5,past_return_3,0.007045150645786808
5.0,5,autocorrelation_120,0.00703256470816476
5.0,5,vol_ratio_5_30,0.00701436943685015
5.0,5,normalized_range_30,0.006954593273500602
5.0,5,return_10,0.006944199935311363
5.0,5,normalized_ou_residual_60,0.006931303423785028
5.0,5,zscore_15,0.006930941316698279
5.0,5,return_1,0.006903466369424548
5.0,5,abs_zscore_60,0.00687378350024422
5.0,5,zscore_5,0.006847311055199022
5.0,5,log_return_10,0.006826471315608138
5.0,5,past_return_15,0.006821688996361834
5.0,5,displacement_5,0.0068177967554047
5.0,5,return_5,0.006793849170207977
5.0,5,vol_ratio_5_15,0.006769238017676841
5.0,5,normalized_range_5,0.006726482794398353
5.0,5,zscore_30,0.006719136632801522
5.0,5,autocorrelation_60,0.006712805590636674
5.0,5,autocorrelation_30,0.006569449900693837
5.0,5,displacement_1,0.0065291025675833225
5.0,5,abs_zscore_30,0.006278611719608307
5.0,5,past_return_10,0.00610257230610365
5.0,5,past_return_5,0.006096413558615106
5.0,5,return,0.006069447933917954
5.0,5,log_return,0.0060372865714487575
5.0,5,long_return,0.005355512429516585
5.0,5,normalized_ou_residual_30,0.005099109091263797
5.0,5,direction_30,0.002903786510051716
5.0,5,zscore_direction_60,0.0010317527852575516
5.0,5,direction_60,0.0009705849391009126
5.0,5,zscore_direction_5,0.0008207147142716817
5.0,5,direction_1,0.0
5.0,5,direction_10,0.0
5.0,5,direction_15,0.0
5.0,5,direction_5,0.0
5.0,5,past_return_1,0.0
5.0,5,vwap_side,0.0
5.0,5,zscore_direction_15,0.0
5.0,5,zscore_direction_30,0.0
5.0,10,atr_15,0.07198971913506587
5.0,10,atr_5,0.0343161876357737
5.0,10,atr_30,0.026244885022086755
5.0,10,variance_60,0.013664228265129384
5.0,10,atr_60,0.012398672911028067
5.0,10,true_range,0.012103194703481026
5.0,10,minutes_until_rth_close,0.010700601729608718
5.0,10,rolling_mean_60,0.010579683019646577
5.0,10,typical_price,0.010232513460020224
5.0,10,ou_residual_30,0.010220779815600031
5.0,10,rth_progress,0.010099178313144616
5.0,10,vwap,0.010087013555069765
5.0,10,mean_distance_15,0.009949359754543929
5.0,10,realized_vol_60,0.009944412702073654
5.0,10,close,0.009881525610884031
5.0,10,realized_vol_30,0.009621893144434407
5.0,10,rolling_mean_30,0.00948088766918296
5.0,10,rolling_mean_15,0.009440060372331313
5.0,10,realized_vol_15,0.009429987298236006
5.0,10,minutes_since_rth_open,0.009389770172891162
5.0,10,log_price,0.009209360506030776
5.0,10,low,0.009118216755312113
5.0,10,rolling_range_30,0.00906440762004682
5.0,10,rolling_mean_5,0.009058558359919559
5.0,10,vwap_distance_pct,0.008897585417365744
5.0,10,variance_30,0.00887119805529004
5.0,10,rolling_range_60,0.008710992899501608
5.0,10,rolling_range_5,0.00867658152821518
5.0,10,high,0.008612258337615501
5.0,10,rolling_std_60,0.00859570758239854
5.0,10,vwap_distance,0.008519771531046856
5.0,10,ou_residual_60,0.008471330672147729
5.0,10,vol_ratio_15_60,0.008336049770670277
5.0,10,log_zscore_15,0.008334302365602482
5.0,10,mean_distance_30,0.008304781613073178
5.0,10,normalized_vwap_distance,0.008249912100533644
5.0,10,mean_distance_60,0.008197692688554525
5.0,10,rolling_range_15,0.008168667222240142
5.0,10,volume,0.008161971168149085
5.0,10,displacement_60,0.008145555587751525
5.0,10,ou_residual_120,0.008129165463504336
5.0,10,rolling_std_30,0.008115273479017474
5.0,10,ar1_coefficient_120,0.008013056081143163
5.0,10,vol_ratio_30_60,0.008012989513753425
5.0,10,normalized_ou_residual_120,0.007984556080329986
5.0,10,half_life_60,0.007960839485306116
5.0,10,log_return_1,0.007945063833696102
5.0,10,abs_zscore_15,0.007921411988458462
5.0,10,log_return_60,0.007914526853710413
5.0,10,vol_ratio_15_30,0.007851346262863703
5.0,10,displacement_15,0.00780326442881709
5.0,10,log_zscore_60,0.0077899089304819
5.0,10,mean_reversion_speed_60,0.007756346415373541
5.0,10,normalized_range_60,0.007744897201302506
5.0,10,ar1_coefficient_60,0.007698607276238147
5.0,10,displacement_30,0.007679319386148737
5.0,10,mean_reversion_speed_120,0.007662368716583366
5.0,10,return_60,0.007617533007370574
5.0,10,return_15,0.0076131149239483335
5.0,10,mean_reversion_speed_30,0.007589941511728934
5.0,10,variance_ratio_5_60,0.0075897604803599064
5.0,10,mean_distance_5,0.007582188761305241
5.0,10,return_10,0.007515257734450556
5.0,10,variance_5,0.007489358341055257
5.0,10,variance_ratio_5_30,0.007473370925124202
5.0,10,log_zscore_30,0.00744842163597544
5.0,10,return_30,0.00744621262752584
5.0,10,ar1_coefficient_30,0.0074095661929320725
5.0,10,zscore_60,0.007400798234379008
5.0,10,normalized_range_15,0.0073784319018679
5.0,10,half_life_30,0.00737805910674589
5.0,10,log_return_30,0.007350494929899772
5.0,10,open,0.0073447684713062785
5.0,10,past_return_30,0.007315546473754304
5.0,10,short_return,0.007309567227604843
5.0,10,rolling_std_15,0.007289678944895665
5.0,10,normalized_range_30,0.00728753377639112
5.0,10,log_return_15,0.0072671812293784955
5.0,10,displacement_10,0.007190996381853308
5.0,10,return_1,0.007189887065795206
5.0,10,log_return_10,0.007184273873766263
5.0,10,half_life_120,0.007163047258343015
5.0,10,vol_ratio_5_15,0.007157912477850914
5.0,10,realized_vol_5,0.00714230803506715
5.0,10,autocorrelation_120,0.007097594484332062
5.0,10,abs_zscore_5,0.007077895725766818
5.0,10,abs_zscore_60,0.007031315627197425
5.0,10,past_return_15,0.006996747727195422
5.0,10,log_zscore_5,0.006982726532788504
5.0,10,vol_ratio_5_60,0.0069799637200222125
5.0,10,zscore_15,0.006975686798493068
5.0,10,autocorrelation_60,0.006971230597368309
5.0,10,zscore_30,0.006916801245617015
5.0,10,rolling_std_5,0.006870811339467764
5.0,10,log_return_5,0.00686065557723244
5.0,10,normalized_ou_residual_60,0.006843807220104195
5.0,10,autocorrelation_30,0.006772399503028109
5.0,10,abs_zscore_30,0.006770643693882795
5.0,10,vol_ratio_5_30,0.006674481356250388
5.0,10,past_return_10,0.0066049168374212016
5.0,10,past_return_3,0.006587755955046131
5.0,10,normalized_ou_residual_30,0.006581181261156287
5.0,10,return_5,0.0065707870803418614
5.0,10,normalized_range_5,0.006447066198147479
5.0,10,displacement_5,0.006440579026405301
5.0,10,displacement_1,0.00633003870912251
5.0,10,zscore_5,0.006285823659882659
5.0,10,past_return_5,0.005972783502546095
5.0,10,return,0.0058050040333043965
5.0,10,log_return,0.005747123820973294
5.0,10,long_return,0.00556931206457583
5.0,10,zscore_direction_60,0.002326152841782286
5.0,10,direction_60,0.0017201935074159078
5.0,10,direction_30,0.0008240065182603541
5.0,10,zscore_direction_5,0.0008172038942575455
5.0,10,vwap_side,0.0003752888934243293
5.0,10,direction_10,0.0002957862535757678
5.0,10,past_return_1,0.0002886241390591576
5.0,10,direction_1,0.0
5.0,10,direction_15,0.0
5.0,10,direction_5,0.0
5.0,10,zscore_direction_15,0.0
5.0,10,zscore_direction_30,0.0
5.0,20,atr_15,0.038097776960404145
5.0,20,atr_30,0.03116562958097174
5.0,20,atr_5,0.026669800370222048
5.0,20,atr_60,0.022467759171766893
5.0,20,variance_60,0.014189483597874641
5.0,20,true_range,0.013017197516525076
5.0,20,rolling_range_60,0.011642998882702418
5.0,20,minutes_until_rth_close,0.011543046017842633
5.0,20,vwap,0.01137835763040043
5.0,20,rolling_mean_60,0.01094527267629192
5.0,20,rolling_mean_30,0.010704256328088897
5.0,20,rolling_mean_15,0.010699582574445577
5.0,20,ou_residual_30,0.01044716646096536
5.0,20,low,0.010352934976773602
5.0,20,typical_price,0.010184370069986298
5.0,20,minutes_since_rth_open,0.010119398523654257
5.0,20,realized_vol_15,0.010063881719751018
5.0,20,rth_progress,0.010036414710893518
5.0,20,variance_30,0.009967488635863577
5.0,20,realized_vol_30,0.009956389377337126
5.0,20,log_return_1,0.009648130530314077
5.0,20,rolling_mean_5,0.009512814981419416
5.0,20,vwap_distance_pct,0.009487492387138662
5.0,20,close,0.009402398663085131
5.0,20,rolling_std_60,0.009318618503000056
5.0,20,volume,0.009287290829455569
5.0,20,vwap_distance,0.009074979772170385
5.0,20,rolling_range_30,0.009035442201864152
5.0,20,high,0.00895381388476207
5.0,20,rolling_range_15,0.008898250248637937
5.0,20,half_life_60,0.008825248085139762
5.0,20,half_life_30,0.008788380062296278
5.0,20,ar1_coefficient_60,0.008760897708790643
5.0,20,log_price,0.00869356794282794
5.0,20,displacement_60,0.008683700757544665
5.0,20,mean_reversion_speed_60,0.008676349407150633
5.0,20,vol_ratio_15_60,0.00864633112879736
5.0,20,normalized_vwap_distance,0.00864392492387976
5.0,20,mean_distance_30,0.008593182190365735
5.0,20,ar1_coefficient_120,0.008565525036482583
5.0,20,rolling_std_30,0.008542719607551893
5.0,20,vol_ratio_30_60,0.0085378075905499
5.0,20,ou_residual_120,0.00852401712022367
5.0,20,rolling_range_5,0.00850658163073517
5.0,20,vol_ratio_5_60,0.008498873849887224
5.0,20,realized_vol_60,0.008429947442242078
5.0,20,mean_distance_60,0.008362282777116412
5.0,20,mean_reversion_speed_30,0.008255662773514078
5.0,20,normalized_range_60,0.008232093238759609
5.0,20,return_60,0.00820075481065682
5.0,20,displacement_30,0.008130440599329415
5.0,20,return_15,0.008108965963834808
5.0,20,vol_ratio_15_30,0.00807387392879242
5.0,20,half_life_120,0.008052088519824403
5.0,20,ar1_coefficient_30,0.008047960343815032
5.0,20,variance_ratio_5_60,0.008039913583724271
5.0,20,variance_5,0.0080371469126216
5.0,20,log_return_30,0.007986641710712797
5.0,20,log_zscore_60,0.007967003665509679
5.0,20,normalized_ou_residual_120,0.007960163921649967
5.0,20,ou_residual_60,0.007952128758742696
5.0,20,open,0.007860903605996143
5.0,20,return_30,0.007819714800765118
5.0,20,mean_distance_5,0.007814947404854354
5.0,20,mean_distance_15,0.007814880549198105
5.0,20,rolling_std_15,0.007795741293756734
5.0,20,log_zscore_15,0.007770452404483443
5.0,20,realized_vol_5,0.007740372681014594
5.0,20,mean_reversion_speed_120,0.007731116088550715
5.0,20,displacement_15,0.007702140359296685
5.0,20,log_return_60,0.007698274394940762
5.0,20,log_return_15,0.007689762189762578
5.0,20,normalized_range_30,0.007684326708494197
5.0,20,normalized_range_15,0.007587779468546311
5.0,20,zscore_60,0.007519082144080173
5.0,20,log_zscore_30,0.0074365535928379925
5.0,20,variance_ratio_5_30,0.007405317831961881
5.0,20,autocorrelation_120,0.007372119707898015
5.0,20,return_10,0.007350170585725989
5.0,20,autocorrelation_60,0.007341491679350535
5.0,20,displacement_10,0.007335252328110593
5.0,20,rolling_std_5,0.007242471145998154
5.0,20,normalized_ou_residual_60,0.007215378961215417
5.0,20,past_return_15,0.007188599268417983
5.0,20,vol_ratio_5_30,0.007186831219033117
5.0,20,abs_zscore_15,0.007184478742558332
5.0,20,log_return_10,0.00715368895214938
5.0,20,past_return_30,0.007150271419613134
5.0,20,autocorrelation_30,0.0071004100055212065
5.0,20,abs_zscore_60,0.00708723979602967
5.0,20,log_return_5,0.007039239918369623
5.0,20,past_return_10,0.006979252677410841
5.0,20,return_5,0.006945676103766475
5.0,20,vol_ratio_5_15,0.006836211419708672
5.0,20,return_1,0.006749771091909636
5.0,20,abs_zscore_5,0.006738803748573575
5.0,20,zscore_15,0.006680138054348174
5.0,20,log_zscore_5,0.006562846068326118
5.0,20,normalized_range_5,0.006527209321835211
5.0,20,zscore_30,0.006515069798167262
5.0,20,displacement_5,0.0065118927242500445
5.0,20,abs_zscore_30,0.00648915594709771
5.0,20,displacement_1,0.006304932270376455
5.0,20,past_return_3,0.006304417537259204
5.0,20,past_return_5,0.006191127445726167
5.0,20,zscore_5,0.005990902826722179
5.0,20,short_return,0.005849492226150774
5.0,20,log_return,0.005535104090259189
5.0,20,normalized_ou_residual_30,0.00549162943692257
5.0,20,return,0.005313234037852713
5.0,20,long_return,0.004611958698314126
5.0,20,zscore_direction_60,0.0022509025099376836
5.0,20,direction_10,0.0009141244282502504
5.0,20,direction_30,0.0005596675577440432
5.0,20,direction_60,0.0003826103749729338
5.0,20,vwap_side,0.000354598875024489
5.0,20,past_return_1,0.0003311179267863433
5.0,20,zscore_direction_5,0.00026962460417832645
5.0,20,direction_15,0.00019691241461606253
5.0,20,direction_1,0.0
5.0,20,direction_5,0.0
5.0,20,zscore_direction_15,0.0
5.0,20,zscore_direction_30,0.0
5.0,30,atr_60,0.03406886867291871
5.0,30,atr_30,0.0250826378219894
5.0,30,atr_15,0.019814526130046164
5.0,30,atr_5,0.01649936634515013
5.0,30,rolling_range_60,0.0134547727980784
5.0,30,variance_60,0.012601789663590136
5.0,30,rolling_mean_30,0.012073544164498648
5.0,30,minutes_until_rth_close,0.01192888320379314
5.0,30,rolling_mean_60,0.011872588701191403
5.0,30,vwap,0.01174330631537097
5.0,30,typical_price,0.011548083807740892
5.0,30,rth_progress,0.01138490537137148
5.0,30,rolling_mean_15,0.011155516574425357
5.0,30,low,0.010978534108116514
5.0,30,close,0.010923621422123341
5.0,30,minutes_since_rth_open,0.010920296822275435
5.0,30,realized_vol_15,0.010551566479816324
5.0,30,rolling_mean_5,0.010342247584568602
5.0,30,true_range,0.010224706072005488
5.0,30,vwap_distance_pct,0.010202595831028052
5.0,30,rolling_std_60,0.010180849803700334
5.0,30,variance_30,0.01006679804552169
5.0,30,rolling_range_5,0.009902820634167819
5.0,30,high,0.009839594253294524
5.0,30,realized_vol_30,0.00982114796837171
5.0,30,vwap_distance,0.0095600521280652
5.0,30,rolling_range_15,0.009545347808549801
5.0,30,ou_residual_30,0.009505810925648325
5.0,30,rolling_range_30,0.009467348012895812
5.0,30,half_life_60,0.009422073983365581
5.0,30,displacement_60,0.009405392532547316
5.0,30,realized_vol_60,0.009228996954680909
5.0,30,vol_ratio_30_60,0.009206760652540695
5.0,30,open,0.009172052255876008
5.0,30,mean_distance_30,0.009094524019885631
5.0,30,vol_ratio_15_60,0.00903635225923998
5.0,30,normalized_vwap_distance,0.008949250781110354
5.0,30,mean_reversion_speed_60,0.008932647539214009
5.0,30,half_life_120,0.008914586067909286
5.0,30,return_60,0.008913503006278049
5.0,30,mean_distance_60,0.008802360234161219
5.0,30,vol_ratio_15_30,0.00876216177961656
5.0,30,rolling_std_30,0.008731765672564507
5.0,30,mean_reversion_speed_120,0.008673133661172219
5.0,30,ar1_coefficient_60,0.008630166029823678
5.0,30,return_15,0.00862987559022648
5.0,30,ar1_coefficient_120,0.008600179349914902
5.0,30,log_return_60,0.008598534900340297
5.0,30,ou_residual_120,0.008592848244699695
5.0,30,rolling_std_15,0.008558112396193402
5.0,30,normalized_range_60,0.00850577395231951
5.0,30,log_zscore_60,0.008484792718220325
5.0,30,normalized_range_30,0.008410822334034103
5.0,30,variance_5,0.00840459613218194
5.0,30,realized_vol_5,0.0083744171785102
5.0,30,log_price,0.008317659609019756
5.0,30,displacement_30,0.008256610061618545
5.0,30,volume,0.008225690684325639
5.0,30,vol_ratio_5_60,0.008205408385644356
5.0,30,mean_reversion_speed_30,0.008196045888499134
5.0,30,ou_residual_60,0.00818874001769083
5.0,30,return_30,0.008172585385008937
5.0,30,normalized_ou_residual_120,0.008084497569749752
5.0,30,normalized_range_15,0.008039889923696007
5.0,30,ar1_coefficient_30,0.007977469292070185
5.0,30,mean_distance_5,0.007974558243794101
5.0,30,log_zscore_15,0.007954387859042202
5.0,30,log_return_30,0.00794013427747857
5.0,30,zscore_60,0.007907294734780277
5.0,30,variance_ratio_5_60,0.007876679922143618
5.0,30,abs_zscore_60,0.007866979776216405
5.0,30,autocorrelation_120,0.007851664553440753
5.0,30,rolling_std_5,0.007848743526708512
5.0,30,mean_distance_15,0.007704049747969423
5.0,30,past_return_30,0.007621441125160172
5.0,30,abs_zscore_15,0.0076066126736501856
5.0,30,displacement_15,0.007562604378021899
5.0,30,normalized_ou_residual_60,0.007529328821138257
5.0,30,log_return_15,0.00752279793267094
5.0,30,autocorrelation_60,0.007400201722269966
5.0,30,autocorrelation_30,0.007399808659794785
5.0,30,log_return_5,0.0073687271436765085
5.0,30,past_return_15,0.007337548570441348
5.0,30,past_return_10,0.007294810754025266
5.0,30,return_10,0.007273436745717412
5.0,30,zscore_15,0.007205625086845387
5.0,30,log_return_10,0.007150160037868079
5.0,30,displacement_10,0.00714038239259805
5.0,30,return_5,0.007034532171452329
5.0,30,vol_ratio_5_30,0.006979421379842928
5.0,30,log_return_1,0.006942813140561893
5.0,30,vol_ratio_5_15,0.006921396036410616
5.0,30,log_zscore_30,0.006868207295026098
5.0,30,abs_zscore_5,0.006857452648026603
5.0,30,variance_ratio_5_30,0.006826920989191248
5.0,30,half_life_30,0.006764455277117945
5.0,30,normalized_range_5,0.006710520169387261
5.0,30,log_zscore_5,0.006673381597335849
5.0,30,zscore_30,0.006650855387782767
5.0,30,past_return_3,0.006614534295208398
5.0,30,return_1,0.0065647017964649765
5.0,30,past_return_5,0.006538738319206806
5.0,30,short_return,0.006437347093153568
5.0,30,displacement_5,0.006371514871716499
5.0,30,abs_zscore_30,0.006365934630767221
5.0,30,return,0.005998713806981132
5.0,30,zscore_5,0.005994380673482304
5.0,30,displacement_1,0.005935169312925566
5.0,30,log_return,0.005411908407473848
5.0,30,normalized_ou_residual_30,0.005402397874387957
5.0,30,long_return,0.0037499345184880354
5.0,30,direction_30,0.0018614931919035457
5.0,30,vwap_side,0.0006152824720456486
5.0,30,zscore_direction_60,0.0004309509282133409
5.0,30,past_return_1,0.00017666641534084366
5.0,30,direction_1,0.0
5.0,30,direction_10,0.0
5.0,30,direction_15,0.0
5.0,30,direction_5,0.0
5.0,30,direction_60,0.0
5.0,30,zscore_direction_15,0.0
5.0,30,zscore_direction_30,0.0
5.0,30,zscore_direction_5,0.0
5.0,60,atr_30,0.031736278418628944
5.0,60,atr_60,0.0238122446462512
5.0,60,atr_15,0.015303031319663637
5.0,60,rolling_mean_30,0.012243838049471378
5.0,60,close,0.012207737236860253
5.0,60,rolling_mean_60,0.011996535451284476
5.0,60,vwap,0.011876456173402923
5.0,60,minutes_until_rth_close,0.01161055847825039
5.0,60,rolling_mean_15,0.011468227597929183
5.0,60,typical_price,0.011391009403658765
5.0,60,low,0.01134608466444271
5.0,60,rolling_mean_5,0.011291663051538524
5.0,60,variance_30,0.011254393140829745
5.0,60,vwap_distance,0.01102160294318483
5.0,60,high,0.011012595302114883
5.0,60,rolling_range_60,0.010802497599451314
5.0,60,realized_vol_30,0.010598509040262018
5.0,60,minutes_since_rth_open,0.010541243922142755
5.0,60,half_life_60,0.010521443649416878
5.0,60,rolling_std_60,0.01030464567953632
5.0,60,rth_progress,0.010296851174817198
5.0,60,variance_60,0.010243752039968967
5.0,60,realized_vol_15,0.010187435762158461
5.0,60,rolling_range_30,0.010185260680459794
5.0,60,ou_residual_30,0.010110550981369756
5.0,60,realized_vol_60,0.010043522564782983
5.0,60,vwap_distance_pct,0.010019291280990555
5.0,60,mean_reversion_speed_120,0.009803729065294777
5.0,60,vol_ratio_15_60,0.009793447463640146
5.0,60,displacement_60,0.009788500056380317
5.0,60,mean_distance_60,0.009658311892833029
5.0,60,ar1_coefficient_120,0.009646110325342133
5.0,60,ou_residual_120,0.009618753301245826
5.0,60,log_return_60,0.009558766769866148
5.0,60,mean_distance_30,0.009515607463462012
5.0,60,ar1_coefficient_60,0.009508562673415457
5.0,60,vol_ratio_30_60,0.009506161812515486
5.0,60,return_60,0.0094348777617727
5.0,60,variance_5,0.009314088239556267
5.0,60,open,0.009295331535949594
5.0,60,mean_reversion_speed_60,0.009243498667187634
5.0,60,log_price,0.009216434921004943
5.0,60,ou_residual_60,0.009156720757129647
5.0,60,atr_5,0.009118006365107638
5.0,60,normalized_vwap_distance,0.009042996092743817
5.0,60,log_zscore_15,0.00903653564108979
5.0,60,rolling_std_15,0.009001650670099826
5.0,60,rolling_range_15,0.008982083937596707
5.0,60,mean_distance_15,0.00884377710255129
5.0,60,normalized_range_30,0.008831021797266744
5.0,60,normalized_range_60,0.008724772238305636
5.0,60,half_life_120,0.008684358382154079
5.0,60,normalized_ou_residual_120,0.008667427957767532
5.0,60,autocorrelation_120,0.00854107668800723
5.0,60,return_15,0.008535969558925856
5.0,60,mean_reversion_speed_30,0.008457403607843887
5.0,60,log_zscore_60,0.008416445105380956
5.0,60,past_return_15,0.008393527740346534
5.0,60,vol_ratio_15_30,0.008295761266102394
5.0,60,displacement_30,0.008286081276656617
5.0,60,abs_zscore_15,0.008241369477694943
5.0,60,normalized_range_15,0.008161126547271297
5.0,60,vol_ratio_5_60,0.008145099173166923
5.0,60,variance_ratio_5_60,0.008132263485874449
5.0,60,rolling_std_30,0.00810950519960551
5.0,60,rolling_range_5,0.0081066693667145
5.0,60,autocorrelation_60,0.008102525247349626
5.0,60,half_life_30,0.00803726182008783
5.0,60,realized_vol_5,0.008036802877627668
5.0,60,log_return_5,0.008035652871642793
5.0,60,true_range,0.007968519082559007
5.0,60,ar1_coefficient_30,0.007964579521545343
5.0,60,return_30,0.007874556129709595
5.0,60,displacement_15,0.007840299335796209
5.0,60,return_10,0.007756457264934268
5.0,60,log_return_15,0.007755344822293236
5.0,60,zscore_60,0.0076971773191222125
5.0,60,mean_distance_5,0.007648631265120847
5.0,60,rolling_std_5,0.007447373255022934
5.0,60,displacement_10,0.007430896628648043
5.0,60,autocorrelation_30,0.007426835086551451
5.0,60,log_return_10,0.007393126464670613
5.0,60,abs_zscore_60,0.007366326437996966
5.0,60,log_return_1,0.007360371129055109
5.0,60,variance_ratio_5_30,0.0073586369731596536
5.0,60,normalized_ou_residual_60,0.007331794072386055
5.0,60,volume,0.007300572957666148
5.0,60,past_return_30,0.007199858426160756
5.0,60,displacement_5,0.0071457936650230775
5.0,60,log_return_30,0.007020282037999658
5.0,60,past_return_10,0.006926671779226689
5.0,60,vol_ratio_5_15,0.006911735538215865
5.0,60,log_zscore_30,0.006905813269051058
5.0,60,zscore_15,0.006899950227567128
5.0,60,return_5,0.006810667414572977
5.0,60,vol_ratio_5_30,0.006788558371010281
5.0,60,log_zscore_5,0.0067487529345921105
5.0,60,normalized_range_5,0.006732472772931769
5.0,60,past_return_3,0.006714800461417153
5.0,60,abs_zscore_30,0.006593110261573678
5.0,60,past_return_5,0.006305049107010875
5.0,60,return_1,0.006300905031994695
5.0,60,zscore_5,0.006097142163309313
5.0,60,abs_zscore_5,0.006085306428195466
5.0,60,zscore_30,0.006056797446771746
5.0,60,displacement_1,0.005904384689139468
5.0,60,short_return,0.0056589865901817875
5.0,60,normalized_ou_residual_30,0.005629182948420445
5.0,60,log_return,0.0052291142665559336
5.0,60,return,0.005128873966722971
5.0,60,long_return,0.004782396130308154
5.0,60,direction_30,0.0017481227294497547
5.0,60,vwap_side,0.001707306176069237
5.0,60,zscore_direction_60,0.0002906155076787053
5.0,60,direction_60,0.00018212272386465753
5.0,60,direction_1,8.408975277450823e-05
5.0,60,direction_15,3.6289300104337076e-05
5.0,60,direction_10,0.0
5.0,60,direction_5,0.0
5.0,60,past_return_1,0.0
5.0,60,zscore_direction_15,0.0
5.0,60,zscore_direction_30,0.0
5.0,60,zscore_direction_5,0.0
5.0,120,atr_30,0.023918270488225278
5.0,120,atr_15,0.02062008445638986
5.0,120,close,0.01512059329875878
5.0,120,rolling_mean_60,0.015067293885208312
5.0,120,rolling_mean_30,0.014631469201828753
5.0,120,atr_60,0.014478082258609078
5.0,120,realized_vol_30,0.014235592358523891
5.0,120,vwap,0.014135978273337796
5.0,120,low,0.013638542432870184
5.0,120,rolling_range_30,0.013481429933259884
5.0,120,minutes_until_rth_close,0.012984971870623883
5.0,120,rolling_mean_15,0.012929760185735566
5.0,120,typical_price,0.012769575341648999
5.0,120,rolling_mean_5,0.012723878646890322
5.0,120,variance_30,0.012079496867954731
5.0,120,variance_60,0.011980383390826839
5.0,120,open,0.011736475862562656
5.0,120,realized_vol_15,0.011733065802781354
5.0,120,minutes_since_rth_open,0.01143994608095714
5.0,120,rth_progress,0.01139077085203358
5.0,120,ou_residual_30,0.011387931681903345
5.0,120,high,0.011381162441379968
5.0,120,realized_vol_60,0.01096832188999369
5.0,120,vol_ratio_15_60,0.010894496969523885
5.0,120,mean_reversion_speed_120,0.010788387596784603
5.0,120,ar1_coefficient_120,0.010546536051801272
5.0,120,vol_ratio_30_60,0.010344248087633224
5.0,120,vwap_distance,0.010307379000421082
5.0,120,vwap_distance_pct,0.010043369118301641
5.0,120,rolling_range_60,0.009871693505417733
5.0,120,normalized_range_30,0.009667413575308663
5.0,120,log_price,0.0096244186251646
5.0,120,ou_residual_120,0.009488107547873543
5.0,120,vol_ratio_15_30,0.009394341636271704
5.0,120,normalized_vwap_distance,0.009379194162431218
5.0,120,mean_distance_15,0.0093484226880329
5.0,120,rolling_std_60,0.009347337519838697
5.0,120,rolling_std_15,0.009329637468215964
5.0,120,rolling_range_15,0.00915321082408939
5.0,120,mean_distance_60,0.009151014854155835
5.0,120,autocorrelation_120,0.009034145179958571
5.0,120,displacement_60,0.009004436965499605
5.0,120,log_return_60,0.008995081675017164
5.0,120,return_60,0.00893161315027447
5.0,120,mean_distance_30,0.008836399098592145
5.0,120,normalized_range_60,0.008757991605393943
5.0,120,variance_5,0.00874262899603872
5.0,120,normalized_ou_residual_120,0.008714639271299044
5.0,120,ar1_coefficient_60,0.008681967854499817
5.0,120,mean_reversion_speed_60,0.008667927678851854
5.0,120,ou_residual_60,0.008495369970443704
5.0,120,rolling_std_30,0.008334757682556907
5.0,120,half_life_120,0.008323857749235771
5.0,120,atr_5,0.008316277526319027
5.0,120,autocorrelation_60,0.008241391674216305
5.0,120,half_life_60,0.00816539650605548
5.0,120,mean_reversion_speed_30,0.008116315917244979
5.0,120,realized_vol_5,0.00810227192760933
5.0,120,log_return_30,0.008098374120891094
5.0,120,half_life_30,0.008086805364915304
5.0,120,normalized_range_15,0.008020212762944755
5.0,120,return_30,0.00801601056896505
5.0,120,variance_ratio_5_60,0.007958054564715851
5.0,120,log_zscore_60,0.007874898124663602
5.0,120,displacement_30,0.007869133614890632
5.0,120,variance_ratio_5_30,0.007856565106305339
5.0,120,rolling_range_5,0.007818891245516994
5.0,120,return_15,0.007712420741362231
5.0,120,vol_ratio_5_60,0.007703871288824649
5.0,120,past_return_15,0.007660269515500182
5.0,120,volume,0.007644603472380411
5.0,120,zscore_60,0.007637897040694952
5.0,120,displacement_15,0.0076282093013148936
5.0,120,displacement_10,0.007563655807947119
5.0,120,log_return_15,0.007539278960653714
5.0,120,autocorrelation_30,0.007482731714844704
5.0,120,ar1_coefficient_30,0.007421933912805149
5.0,120,mean_distance_5,0.007375495286569709
5.0,120,past_return_30,0.007237000679153772
5.0,120,log_zscore_5,0.007156217980775095
5.0,120,log_zscore_15,0.007126107922799531
5.0,120,log_return_5,0.007011633942879382
5.0,120,past_return_10,0.007000316710521777
5.0,120,abs_zscore_60,0.006995338414396558
5.0,120,rolling_std_5,0.006853603336605288
5.0,120,return_10,0.0068452702059100074
5.0,120,return_5,0.006809545348265341
5.0,120,zscore_30,0.006769987732349407
5.0,120,log_zscore_30,0.006753220156367336
5.0,120,abs_zscore_15,0.0067502146897216635
5.0,120,vol_ratio_5_15,0.006729858905254375
5.0,120,vol_ratio_5_30,0.0066756628830695434
5.0,120,log_return_10,0.00665565471475323
5.0,120,normalized_range_5,0.006621789874597674
5.0,120,displacement_5,0.006551938641461588
5.0,120,true_range,0.006542531063868886
5.0,120,past_return_3,0.0064094108972875844
5.0,120,zscore_15,0.006305257767616283
5.0,120,abs_zscore_30,0.006032579689330998
5.0,120,abs_zscore_5,0.006019572727382183
5.0,120,past_return_5,0.006013420277408191
5.0,120,normalized_ou_residual_60,0.005935090372250194
5.0,120,zscore_5,0.005878545654316743
5.0,120,displacement_1,0.005671573935874871
5.0,120,log_return,0.00552293611690402
5.0,120,return_1,0.00551105646549591
5.0,120,log_return_1,0.005507927243819549
5.0,120,short_return,0.005361939098552934
5.0,120,normalized_ou_residual_30,0.005248235621755677
5.0,120,return,0.005169710266359505
5.0,120,long_return,0.003162808834098368
5.0,120,direction_30,0.0015381904030662206
5.0,120,direction_60,0.0003659371730117571
5.0,120,direction_5,0.0003158498244980971
5.0,120,direction_1,0.0
5.0,120,direction_10,0.0
5.0,120,direction_15,0.0
5.0,120,past_return_1,0.0
5.0,120,vwap_side,0.0
5.0,120,zscore_direction_15,0.0
5.0,120,zscore_direction_30,0.0
5.0,120,zscore_direction_5,0.0
5.0,120,zscore_direction_60,0.0
10.0,5,atr_15,0.10065966729252111
10.0,5,atr_5,0.08433655072890577
10.0,5,true_range,0.014198593085720426
10.0,5,atr_30,0.01267353527336603
10.0,5,realized_vol_30,0.012207246407689084
10.0,5,rolling_range_60,0.01040280248881096
10.0,5,realized_vol_15,0.01007199828468618
10.0,5,rth_progress,0.009964453394613451
10.0,5,minutes_since_rth_open,0.009608627363507236
10.0,5,minutes_until_rth_close,0.009573865415794509
10.0,5,vwap,0.009316736943132821
10.0,5,rolling_mean_30,0.009297803332585664
10.0,5,rolling_range_15,0.009295916517398186
10.0,5,mean_distance_15,0.009281606590818791
10.0,5,rolling_range_30,0.009105012929510502
10.0,5,typical_price,0.008972964493469113
10.0,5,rolling_mean_60,0.00892313172863353
10.0,5,rolling_mean_15,0.008755551518074103
10.0,5,close,0.008731863128819637
10.0,5,rolling_mean_5,0.008470303135081417
10.0,5,mean_distance_5,0.008333703680407433
10.0,5,variance_60,0.008282223250716925
10.0,5,realized_vol_60,0.008231133466497773
10.0,5,low,0.0081396020638446
10.0,5,atr_60,0.008101428548494974
10.0,5,variance_30,0.008027974072666396
10.0,5,rolling_range_5,0.007955262481811502
10.0,5,displacement_10,0.007816506150577749
10.0,5,ou_residual_30,0.007790291260573126
10.0,5,mean_reversion_speed_60,0.007788962751094784
10.0,5,high,0.007782935763576201
10.0,5,mean_distance_60,0.0077719477537487236
10.0,5,half_life_60,0.007745096726076943
10.0,5,vwap_distance_pct,0.0077242171170101275
10.0,5,variance_ratio_5_30,0.007512372984950032
10.0,5,log_zscore_15,0.007436827091234071
10.0,5,volume,0.007430805492081812
10.0,5,log_price,0.007429820951074362
10.0,5,ou_residual_120,0.007414619682268018
10.0,5,variance_5,0.00739950906219227
10.0,5,vwap_distance,0.007381000777795201
10.0,5,ou_residual_60,0.007337254849040792
10.0,5,normalized_vwap_distance,0.007318497901516301
10.0,5,log_zscore_60,0.007317389017857966
10.0,5,displacement_60,0.0072813086832563085
10.0,5,rolling_std_30,0.00727125204035214
10.0,5,ar1_coefficient_60,0.007244270849263384
10.0,5,normalized_ou_residual_120,0.007229814239378486
10.0,5,log_return_60,0.007205059064463491
10.0,5,mean_distance_30,0.00720030138091672
10.0,5,open,0.007183007053321316
10.0,5,return_15,0.0071766119272935955
10.0,5,return_60,0.007163048389234713
10.0,5,rolling_std_60,0.007156568047191415
10.0,5,displacement_30,0.0071560123580552285
10.0,5,vol_ratio_30_60,0.007125005436440309
10.0,5,realized_vol_5,0.007064926194115763
10.0,5,ar1_coefficient_30,0.007055376412435656
10.0,5,ar1_coefficient_120,0.0070490847297367595
10.0,5,vol_ratio_15_60,0.00704907373126064
10.0,5,normalized_range_60,0.007043159633342709
10.0,5,past_return_30,0.0070402043250699835
10.0,5,normalized_ou_residual_60,0.007022925940830083
10.0,5,zscore_60,0.00702134757080958
10.0,5,vol_ratio_5_30,0.007014660785595576
10.0,5,variance_ratio_5_60,0.006999761487046878
10.0,5,log_zscore_30,0.0069809227605305965
10.0,5,log_return_10,0.006957933705832277
10.0,5,vol_ratio_5_15,0.006907537823454255
10.0,5,mean_reversion_speed_30,0.006900043160255466
10.0,5,past_return_15,0.0068927412364809286
10.0,5,mean_reversion_speed_120,0.006887213970046668
10.0,5,rolling_std_5,0.006877445571479343
10.0,5,return_30,0.006866374163932744
10.0,5,vol_ratio_5_60,0.006862311047457513
10.0,5,return_10,0.006843568535432929
10.0,5,log_return_1,0.006780651575397877
10.0,5,normalized_range_30,0.006771232844108627
10.0,5,rolling_std_15,0.006723980064548198
10.0,5,normalized_range_15,0.0067060231896383425
10.0,5,log_return_30,0.006693729709479071
10.0,5,log_return_15,0.006677542524855761
10.0,5,normalized_range_5,0.0066714524734942686
10.0,5,vol_ratio_15_30,0.006670554589834951
10.0,5,displacement_15,0.00666261694970585
10.0,5,abs_zscore_60,0.006636774111982612
10.0,5,half_life_120,0.006636077649004403
10.0,5,short_return,0.006607927470689728
10.0,5,past_return_10,0.006599632224866322
10.0,5,autocorrelation_120,0.006587427042956863
10.0,5,log_zscore_5,0.0065713451421331795
10.0,5,displacement_1,0.006550250464074668
10.0,5,half_life_30,0.006533042971222173
10.0,5,abs_zscore_15,0.006470597193886836
10.0,5,autocorrelation_60,0.006446521352266981
10.0,5,autocorrelation_30,0.0064402361666517595
10.0,5,return_5,0.006391899261091437
10.0,5,abs_zscore_30,0.0063890766884599414
10.0,5,abs_zscore_5,0.006177733053586313
10.0,5,zscore_15,0.006154127352471862
10.0,5,return_1,0.00611575444539388
10.0,5,displacement_5,0.006071777947779212
10.0,5,normalized_ou_residual_30,0.006071275377291299
10.0,5,zscore_5,0.006062798778570834
10.0,5,past_return_3,0.005951898239020791
10.0,5,past_return_5,0.005914099226217894
10.0,5,zscore_30,0.005776249071849244
10.0,5,return,0.005709711528782334
10.0,5,log_return_5,0.00565771439245769
10.0,5,log_return,0.005298428614402101
10.0,5,long_return,0.004644056843105881
10.0,5,zscore_direction_5,0.001110518750335489
10.0,5,direction_30,0.0009256480483426934
10.0,5,zscore_direction_60,0.0008841278918442272
10.0,5,direction_60,0.0006955124748249849
10.0,5,vwap_side,0.00029211207514717464
10.0,5,direction_5,0.0002213843565966402
10.0,5,direction_1,0.0
10.0,5,direction_10,0.0
10.0,5,direction_15,0.0
10.0,5,past_return_1,0.0
10.0,5,zscore_direction_15,0.0
10.0,5,zscore_direction_30,0.0
10.0,10,atr_15,0.09536893661355689
10.0,10,atr_5,0.06483939210219043
10.0,10,atr_30,0.01464931263277928
10.0,10,atr_60,0.01359069910610006
10.0,10,variance_60,0.012015936497066702
10.0,10,rolling_range_60,0.011564434262081272
10.0,10,minutes_until_rth_close,0.01138235539907501
10.0,10,realized_vol_30,0.011060197039374284
10.0,10,low,0.010529016787629752
10.0,10,realized_vol_60,0.01039637183947932
10.0,10,rolling_mean_30,0.010391793479876859
10.0,10,true_range,0.010107068766263268
10.0,10,rolling_mean_60,0.01009466363826678
10.0,10,vwap,0.010062369562330701
10.0,10,rolling_mean_15,0.009944609676798185
10.0,10,typical_price,0.009890315233774129
10.0,10,close,0.009886597593625387
10.0,10,rth_progress,0.009856804296196927
10.0,10,minutes_since_rth_open,0.00979099063468831
10.0,10,rolling_range_30,0.009707660791242407
10.0,10,rolling_mean_5,0.009460411278442257
10.0,10,variance_30,0.00920059330140551
10.0,10,half_life_60,0.008987556056429943
10.0,10,realized_vol_15,0.008928320747578428
10.0,10,rolling_range_5,0.00866698194295168
10.0,10,ou_residual_30,0.008607186532268921
10.0,10,vwap_distance_pct,0.00835695399326228
10.0,10,high,0.008335860889582406
10.0,10,rolling_range_15,0.00826617248267645
10.0,10,log_price,0.008221119509211608
10.0,10,vwap_distance,0.00809883228724911
10.0,10,mean_distance_15,0.008072803750456799
10.0,10,rolling_std_60,0.008007801780920653
10.0,10,rolling_std_30,0.007926120888441801
10.0,10,mean_reversion_speed_60,0.007923299823665903
10.0,10,mean_distance_5,0.007912427785673313
10.0,10,half_life_120,0.00790219297189088
10.0,10,vol_ratio_30_60,0.00787586842974027
10.0,10,vol_ratio_15_60,0.007821526821880113
10.0,10,open,0.007684871731769471
10.0,10,ar1_coefficient_60,0.007662665320649033
10.0,10,displacement_30,0.0076582035315888265
10.0,10,displacement_60,0.0076300580542357195
10.0,10,normalized_ou_residual_60,0.007600224421670039
10.0,10,mean_reversion_speed_30,0.007573496372926803
10.0,10,ar1_coefficient_120,0.0075665549818603765
10.0,10,log_return_30,0.007562259101264533
10.0,10,log_return_60,0.007540936670487835
10.0,10,mean_distance_30,0.0075321002818998836
10.0,10,mean_distance_60,0.007524219142006976
10.0,10,past_return_30,0.007503917285551627
10.0,10,normalized_vwap_distance,0.0074939059670127576
10.0,10,log_zscore_60,0.007453583446996552
10.0,10,ou_residual_60,0.007395943604587089
10.0,10,ou_residual_120,0.0073540966647366686
10.0,10,normalized_range_60,0.00734709928344403
10.0,10,half_life_30,0.007338342301192738
10.0,10,realized_vol_5,0.007336278845156942
10.0,10,return_30,0.007334025354967231
10.0,10,return_60,0.007296346726694277
10.0,10,ar1_coefficient_30,0.0072593096466291515
10.0,10,log_return_15,0.00719145785218903
10.0,10,variance_5,0.007188785178143354
10.0,10,mean_reversion_speed_120,0.007183169081274953
10.0,10,zscore_60,0.007148986438377982
10.0,10,normalized_ou_residual_120,0.007095322833352145
10.0,10,return_15,0.007088826060117711
10.0,10,past_return_15,0.007080702754181056
10.0,10,vol_ratio_5_30,0.00706189407390498
10.0,10,vol_ratio_5_15,0.007020577078773862
10.0,10,vol_ratio_5_60,0.006975294467771337
10.0,10,normalized_range_15,0.006957210400807006
10.0,10,vol_ratio_15_30,0.006909388294886975
10.0,10,variance_ratio_5_60,0.006900606743459191
10.0,10,autocorrelation_120,0.006884699731710411
10.0,10,displacement_15,0.006825146509245748
10.0,10,past_return_10,0.006824698964399951
10.0,10,return_10,0.006804311581488166
10.0,10,rolling_std_15,0.0067908564094631444
10.0,10,log_zscore_15,0.006787562121947606
10.0,10,normalized_range_30,0.006742688095463174
10.0,10,log_zscore_5,0.006730215224836554
10.0,10,displacement_10,0.006695904059424287
10.0,10,rolling_std_5,0.006690345305417266
10.0,10,variance_ratio_5_30,0.006681889872111026
10.0,10,autocorrelation_60,0.006666604141216902
10.0,10,abs_zscore_60,0.0066011752711520304
10.0,10,autocorrelation_30,0.006526267555143152
10.0,10,log_return_1,0.006403405407798432
10.0,10,log_return_10,0.006324484168241422
10.0,10,log_return_5,0.006268255079963377
10.0,10,abs_zscore_15,0.006250328339991115
10.0,10,log_zscore_30,0.006035607069775108
10.0,10,volume,0.006035511958457175
10.0,10,return_1,0.006005680432454461
10.0,10,zscore_15,0.005999077355400438
10.0,10,return_5,0.005950173717879113
10.0,10,displacement_5,0.005890807835385203
10.0,10,normalized_range_5,0.005806492286778632
10.0,10,displacement_1,0.005775600272629943
10.0,10,abs_zscore_5,0.0057468174380205924
10.0,10,past_return_5,0.005737989054371913
10.0,10,zscore_30,0.0057364277585986116
10.0,10,past_return_3,0.00572294205249775
10.0,10,zscore_5,0.005656737568123
10.0,10,abs_zscore_30,0.005619507416018418
10.0,10,return,0.005310998575407125
10.0,10,short_return,0.005309853802568146
10.0,10,log_return,0.005127597932836839
10.0,10,long_return,0.004388157344822373
10.0,10,normalized_ou_residual_30,0.004162619433676203
10.0,10,direction_30,0.0023540436134984097
10.0,10,zscore_direction_60,0.001829703942695189
10.0,10,zscore_direction_5,0.0001465994088600079
10.0,10,direction_1,0.0
10.0,10,direction_10,0.0
10.0,10,direction_15,0.0
10.0,10,direction_5,0.0
10.0,10,direction_60,0.0
10.0,10,past_return_1,0.0
10.0,10,vwap_side,0.0
10.0,10,zscore_direction_15,0.0
10.0,10,zscore_direction_30,0.0
10.0,20,atr_5,0.065469474842151
10.0,20,atr_15,0.05644650469046263
10.0,20,atr_60,0.018170685950844062
10.0,20,rolling_range_60,0.01789215721544765
10.0,20,atr_30,0.014595454647427513
10.0,20,true_range,0.01378561822431428
10.0,20,rolling_range_30,0.013447634520984832
10.0,20,typical_price,0.011976572086236306
10.0,20,vwap,0.01181008844148545
10.0,20,rolling_mean_60,0.011678613190140043
10.0,20,variance_60,0.0115815419703722
10.0,20,minutes_until_rth_close,0.010947773233056068
10.0,20,rolling_mean_30,0.01060405240527221
10.0,20,minutes_since_rth_open,0.010503874470790228
10.0,20,rth_progress,0.010464730805584363
10.0,20,close,0.010435320215211027
10.0,20,low,0.010157123961973758
10.0,20,rolling_mean_5,0.01007066766864487
10.0,20,rolling_mean_15,0.010010141480181898
10.0,20,realized_vol_15,0.00986306176387838
10.0,20,realized_vol_60,0.009707546482483545
10.0,20,vwap_distance_pct,0.009514133179826396
10.0,20,high,0.0092224245890975
10.0,20,log_price,0.009195412331748577
10.0,20,open,0.009144041997690996
10.0,20,realized_vol_30,0.0088422454317056
10.0,20,log_return_60,0.008778893011843874
10.0,20,vwap_distance,0.00876281281844491
10.0,20,rolling_std_60,0.008728311796273504
10.0,20,mean_reversion_speed_120,0.008720794537415108
10.0,20,vol_ratio_30_60,0.008701721738491739
10.0,20,ou_residual_120,0.00862650950217531
10.0,20,half_life_60,0.0085674106209938
10.0,20,displacement_60,0.008519856813585474
10.0,20,normalized_vwap_distance,0.008480972610414028
10.0,20,ar1_coefficient_120,0.008473480475090799
10.0,20,variance_30,0.008366428759126436
10.0,20,mean_reversion_speed_60,0.00830309580834139
10.0,20,rolling_std_30,0.008265738020695391
10.0,20,normalized_range_60,0.008204404907744555
10.0,20,rolling_range_5,0.008202996326699144
10.0,20,ou_residual_30,0.008197214598545716
10.0,20,ou_residual_60,0.008193171671813443
10.0,20,return_60,0.008091100269839877
10.0,20,half_life_30,0.008059855328784102
10.0,20,rolling_range_15,0.00799611255171753
10.0,20,mean_distance_60,0.007962148193092574
10.0,20,mean_distance_30,0.007877497712061518
10.0,20,mean_reversion_speed_30,0.007831945150558437
10.0,20,vol_ratio_15_60,0.007828534181628908
10.0,20,normalized_ou_residual_120,0.007749731497218211
10.0,20,return_30,0.0077015637154025695
10.0,20,displacement_30,0.007686919577064968
10.0,20,log_zscore_60,0.007626562412562115
10.0,20,ar1_coefficient_60,0.0074611129682688486
10.0,20,past_return_15,0.0074359032857630935
10.0,20,normalized_ou_residual_60,0.007419705812242769
10.0,20,half_life_120,0.007418685991849218
10.0,20,autocorrelation_120,0.007407938174548603
10.0,20,normalized_range_15,0.0073931667111104445
10.0,20,vol_ratio_15_30,0.007377176257293849
10.0,20,ar1_coefficient_30,0.00735310802147502
10.0,20,zscore_60,0.007346937166793006
10.0,20,abs_zscore_60,0.0073235430311234225
10.0,20,variance_5,0.007279688470242988
10.0,20,return_15,0.007277337523798148
10.0,20,normalized_range_30,0.007247692506228175
10.0,20,mean_distance_15,0.007193686950597025
10.0,20,vol_ratio_5_60,0.007157254054965008
10.0,20,past_return_30,0.007157223920027415
10.0,20,log_return_30,0.0071185169564116565
10.0,20,variance_ratio_5_60,0.007110316151132186
10.0,20,realized_vol_5,0.00708902312353963
10.0,20,log_zscore_15,0.00702695885584468
10.0,20,rolling_std_15,0.007011889236136561
10.0,20,displacement_15,0.006956979033670255
10.0,20,vol_ratio_5_30,0.006949125633885463
10.0,20,autocorrelation_30,0.006865250944559064
10.0,20,variance_ratio_5_30,0.006858915622745242
10.0,20,log_return_10,0.006857949708189283
10.0,20,vol_ratio_5_15,0.006820302833581255
10.0,20,return_10,0.006782877170259044
10.0,20,autocorrelation_60,0.006763313697384936
10.0,20,past_return_10,0.006762680021070298
10.0,20,log_zscore_30,0.006537156223896004
10.0,20,rolling_std_5,0.006474097769352652
10.0,20,displacement_10,0.006443951168053207
10.0,20,abs_zscore_15,0.00642120995603147
10.0,20,mean_distance_5,0.006417409029035341
10.0,20,log_return_15,0.006300977896898985
10.0,20,log_zscore_5,0.006159330696044933
10.0,20,return_5,0.006027762334616412
10.0,20,zscore_15,0.005989299000551303
10.0,20,volume,0.0059121402335308845
10.0,20,abs_zscore_30,0.005852771457284689
10.0,20,log_return_5,0.00583838786752451
10.0,20,displacement_1,0.005824163112611998
10.0,20,zscore_30,0.0058072140839483056
10.0,20,normalized_range_5,0.0058038549808164435
10.0,20,displacement_5,0.005773328688173067
10.0,20,return_1,0.005761035163665102
10.0,20,past_return_5,0.005664720953929992
10.0,20,past_return_3,0.0056494734294357755
10.0,20,log_return_1,0.005592419754802471
10.0,20,short_return,0.005472818325783703
10.0,20,abs_zscore_5,0.0054718694827031525
10.0,20,zscore_5,0.005463958828754369
10.0,20,return,0.0050616983124720195
10.0,20,normalized_ou_residual_30,0.004837685508564824
10.0,20,log_return,0.00473149453422853
10.0,20,long_return,0.0037289336878096775
10.0,20,zscore_direction_60,0.001879323362594559
10.0,20,vwap_side,0.0015377819848557313
10.0,20,direction_30,0.0009696757243502708
10.0,20,direction_5,0.00022465396406395094
10.0,20,zscore_direction_5,0.00010248497571973574
10.0,20,direction_1,0.0
10.0,20,direction_10,0.0
10.0,20,direction_15,0.0
10.0,20,direction_60,0.0
10.0,20,past_return_1,0.0
10.0,20,zscore_direction_15,0.0
10.0,20,zscore_direction_30,0.0
10.0,30,atr_5,0.048062870456349285
10.0,30,atr_15,0.045237114475596515
10.0,30,atr_60,0.023135958771620477
10.0,30,rolling_range_60,0.022272656583005472
10.0,30,atr_30,0.016281337743358954
10.0,30,rolling_mean_60,0.012613910915596145
10.0,30,rolling_range_30,0.012476773755181404
10.0,30,vwap,0.01197989626477162
10.0,30,true_range,0.011876290353635946
10.0,30,ou_residual_30,0.011785745398984068
10.0,30,minutes_until_rth_close,0.011668171201433455
10.0,30,typical_price,0.011243505780363367
10.0,30,rolling_mean_30,0.011205376658056463
10.0,30,variance_60,0.011162720044099149
10.0,30,rolling_mean_15,0.010737180532444091
10.0,30,minutes_since_rth_open,0.010713325059484868
10.0,30,vwap_distance_pct,0.01063258285146384
10.0,30,log_price,0.010592194362765267
10.0,30,rth_progress,0.010586932301521301
10.0,30,low,0.010578484717933904
10.0,30,rolling_mean_5,0.010490803602373316
10.0,30,close,0.010449722852735292
10.0,30,realized_vol_15,0.010333708975286711
10.0,30,high,0.009953136289758342
10.0,30,vwap_distance,0.00972155463837442
10.0,30,rolling_std_60,0.009356141179090454
10.0,30,vol_ratio_30_60,0.009297631326175872
10.0,30,open,0.009177259923446746
10.0,30,ou_residual_120,0.009065393003679457
10.0,30,realized_vol_60,0.009025256459911665
10.0,30,displacement_60,0.009012758731842041
10.0,30,mean_distance_30,0.008861814714258625
10.0,30,mean_reversion_speed_120,0.00878943744603367
10.0,30,variance_30,0.00874275847205094
10.0,30,ar1_coefficient_120,0.008619085353400027
10.0,30,mean_distance_60,0.008598557274256433
10.0,30,realized_vol_30,0.008585611779597543
10.0,30,log_return_60,0.008581093645521573
10.0,30,vol_ratio_15_60,0.008498728541391236
10.0,30,rolling_range_15,0.008401893700162569
10.0,30,half_life_30,0.008400061855181343
10.0,30,normalized_vwap_distance,0.008369801322086937
10.0,30,normalized_range_60,0.008369652110905875
10.0,30,displacement_30,0.008256453710297743
10.0,30,ou_residual_60,0.00817094754338974
10.0,30,return_60,0.00808443474982466
10.0,30,mean_reversion_speed_30,0.008057418656313703
10.0,30,rolling_std_30,0.008019702065558661
10.0,30,half_life_120,0.008011173346035537
10.0,30,half_life_60,0.007998988764094455
10.0,30,normalized_ou_residual_120,0.007973974637155021
10.0,30,vol_ratio_15_30,0.007967069700715087
10.0,30,normalized_range_30,0.007960369189580282
10.0,30,log_zscore_60,0.007901745881619198
10.0,30,zscore_60,0.007878264966642573
10.0,30,autocorrelation_120,0.007797732860559509
10.0,30,mean_reversion_speed_60,0.007784872759310972
10.0,30,log_return_30,0.007744155935056153
10.0,30,rolling_range_5,0.007735675267343011
10.0,30,return_30,0.007720892849777426
10.0,30,variance_5,0.007668750183213325
10.0,30,mean_distance_15,0.007601080728428704
10.0,30,abs_zscore_60,0.007487977189677102
10.0,30,normalized_range_15,0.007478887836138408
10.0,30,variance_ratio_5_60,0.0074051736100088986
10.0,30,past_return_15,0.007325324983823867
10.0,30,variance_ratio_5_30,0.00731256426799865
10.0,30,ar1_coefficient_60,0.0072552298106962725
10.0,30,rolling_std_15,0.007248205044085071
10.0,30,ar1_coefficient_30,0.007223809115766059
10.0,30,displacement_15,0.007178013323850575
10.0,30,realized_vol_5,0.007140635734512692
10.0,30,autocorrelation_30,0.007107936755000125
10.0,30,return_15,0.007091825184900136
10.0,30,return_10,0.007033359791551318
10.0,30,past_return_30,0.0069181182909579505
10.0,30,vol_ratio_5_60,0.006916185197908254
10.0,30,displacement_10,0.006892548120092778
10.0,30,log_zscore_15,0.0068602566884475805
10.0,30,vol_ratio_5_30,0.006857106550818398
10.0,30,rolling_std_5,0.0068388404324650764
10.0,30,normalized_ou_residual_60,0.006821160038400974
10.0,30,vol_ratio_5_15,0.0067423344811513315
10.0,30,autocorrelation_60,0.006719100909928481
10.0,30,past_return_10,0.006705209102836393
10.0,30,log_return_10,0.006559691081444423
10.0,30,log_zscore_5,0.006541243687804256
10.0,30,log_return_1,0.006538674057949157
10.0,30,log_zscore_30,0.0065021587180949395
10.0,30,log_return_15,0.00644274472835518
10.0,30,return_5,0.006416723952584323
10.0,30,log_return_5,0.006321931213495277
10.0,30,mean_distance_5,0.006266208321210884
10.0,30,abs_zscore_15,0.006247249698000295
10.0,30,zscore_15,0.0061964100625898156
10.0,30,displacement_5,0.006055556392918031
10.0,30,volume,0.006032019964463654
10.0,30,return_1,0.0058859352332850294
10.0,30,past_return_5,0.005779511383956387
10.0,30,short_return,0.005673408663521211
10.0,30,normalized_range_5,0.005670840341952585
10.0,30,abs_zscore_30,0.005624007367129836
10.0,30,displacement_1,0.005589943113071578
10.0,30,zscore_30,0.005499213845247314
10.0,30,abs_zscore_5,0.005453925335868483
10.0,30,zscore_5,0.005439501433145432
10.0,30,past_return_3,0.005436034695733161
10.0,30,return,0.005172341895688858
10.0,30,log_return,0.005029086267486924
10.0,30,normalized_ou_residual_30,0.004687434062361717
10.0,30,long_return,0.002448271146498709
10.0,30,zscore_direction_60,0.0022213050175369496
10.0,30,direction_5,0.0006066078453191689
10.0,30,direction_15,0.0003181232050770805
10.0,30,direction_60,0.0002743672091691267
10.0,30,direction_10,0.00026922708465939476
10.0,30,past_return_1,0.0002308291427436329
10.0,30,direction_30,0.00013108007122008574
10.0,30,direction_1,0.0
10.0,30,vwap_side,0.0
10.0,30,zscore_direction_15,0.0
10.0,30,zscore_direction_30,0.0
10.0,30,zscore_direction_5,0.0
10.0,60,atr_15,0.041135254670821485
10.0,60,atr_30,0.03267161153434288
10.0,60,rolling_range_60,0.01810849311628512
10.0,60,atr_60,0.017637789160722776
10.0,60,minutes_until_rth_close,0.013434715391624542
10.0,60,atr_5,0.013191987272529375
10.0,60,typical_price,0.012792072480633146
10.0,60,vwap,0.012559528994773115
10.0,60,close,0.012416889270146688
10.0,60,realized_vol_15,0.01234645995178393
10.0,60,rolling_mean_30,0.012130977763306527
10.0,60,rolling_mean_60,0.012109601870179176
10.0,60,rolling_mean_15,0.01194075880838292
10.0,60,rth_progress,0.011933973458196436
10.0,60,low,0.011809893839416049
10.0,60,rolling_range_30,0.01129395053500221
10.0,60,rolling_mean_5,0.011184453698141235
10.0,60,minutes_since_rth_open,0.011020272260620481
10.0,60,log_price,0.010682038497179747
10.0,60,variance_60,0.010639938038019906
10.0,60,variance_30,0.010601819359830447
10.0,60,vwap_distance_pct,0.01050611301547005
10.0,60,high,0.010477180282274881
10.0,60,vwap_distance,0.01038577017329988
10.0,60,realized_vol_60,0.010258621935333525
10.0,60,ou_residual_30,0.01014570998294013
10.0,60,normalized_vwap_distance,0.009999285407719157
10.0,60,true_range,0.009877527243502084
10.0,60,realized_vol_30,0.009779596568218299
10.0,60,vol_ratio_15_60,0.009343483485281467
10.0,60,ar1_coefficient_120,0.009263873455070314
10.0,60,mean_reversion_speed_120,0.009200718652989184
10.0,60,ou_residual_120,0.009187314415439254
10.0,60,mean_distance_30,0.009119958217654909
10.0,60,normalized_range_60,0.009098290155331293
10.0,60,displacement_60,0.009083258586802654
10.0,60,half_life_60,0.009075150636601307
10.0,60,vol_ratio_30_60,0.008994258274989468
10.0,60,open,0.008919724861958198
10.0,60,mean_distance_60,0.008899747637943142
10.0,60,rolling_std_60,0.008857025254872582
10.0,60,log_return_60,0.008856636671615499
10.0,60,vol_ratio_15_30,0.008816518931693974
10.0,60,return_60,0.008712429375875564
10.0,60,log_return_30,0.008709185135861238
10.0,60,rolling_std_30,0.008674223286410173
10.0,60,return_30,0.008608168523226465
10.0,60,displacement_30,0.00849028124607035
10.0,60,mean_reversion_speed_60,0.008445125427984056
10.0,60,rolling_range_15,0.008372947285395293
10.0,60,autocorrelation_120,0.008354750129261188
10.0,60,ou_residual_60,0.0083366230218893
10.0,60,vol_ratio_5_60,0.008290032811817668
10.0,60,normalized_ou_residual_60,0.008263613629553999
10.0,60,normalized_range_15,0.008212692082105648
10.0,60,normalized_range_30,0.008182347530410403
10.0,60,log_zscore_60,0.008153925272857859
10.0,60,normalized_ou_residual_120,0.008124389131331728
10.0,60,half_life_120,0.008078111973147662
10.0,60,variance_ratio_5_60,0.008068886164221026
10.0,60,mean_reversion_speed_30,0.008033658954359237
10.0,60,past_return_15,0.007998639939441568
10.0,60,return_15,0.007980397924603451
10.0,60,log_return_15,0.007975463201070116
10.0,60,rolling_range_5,0.007912170186284043
10.0,60,zscore_60,0.007862695537152745
10.0,60,rolling_std_15,0.00781720606166692
10.0,60,variance_5,0.007761552264647824
10.0,60,ar1_coefficient_60,0.007760909252933094
10.0,60,ar1_coefficient_30,0.007620586082339287
10.0,60,half_life_30,0.0075905569662739125
10.0,60,displacement_15,0.007501163564267613
10.0,60,past_return_30,0.007468649696203924
10.0,60,vol_ratio_5_15,0.007335503097800981
10.0,60,autocorrelation_60,0.007327279896431026
10.0,60,variance_ratio_5_30,0.007294081861064548
10.0,60,mean_distance_15,0.007293296667436759
10.0,60,abs_zscore_60,0.007249728909560612
10.0,60,realized_vol_5,0.00720328391928758
10.0,60,return_10,0.007141227035650185
10.0,60,autocorrelation_30,0.007078877184540033
10.0,60,log_return_10,0.007060208003081027
10.0,60,log_return_5,0.007031232251652649
10.0,60,displacement_10,0.0069259158779113065
10.0,60,log_zscore_15,0.006863594576272936
10.0,60,volume,0.006822479290089437
10.0,60,past_return_10,0.006640993967829715
10.0,60,vol_ratio_5_30,0.0065747542927662534
10.0,60,mean_distance_5,0.006535067932591552
10.0,60,return_5,0.006392993942080509
10.0,60,normalized_range_5,0.006181264695312295
10.0,60,log_zscore_30,0.006128873343446425
10.0,60,log_zscore_5,0.006123030114741553
10.0,60,abs_zscore_15,0.006063835141027258
10.0,60,zscore_15,0.0059950692978288445
10.0,60,displacement_5,0.005889307131015119
10.0,60,zscore_30,0.005824240301513956
10.0,60,past_return_5,0.005822766328319197
10.0,60,rolling_std_5,0.005790764310707648
10.0,60,past_return_3,0.005531688154275928
10.0,60,return_1,0.005502849994670777
10.0,60,abs_zscore_30,0.005458818781854851
10.0,60,short_return,0.005405930436349341
10.0,60,abs_zscore_5,0.005371929057652042
10.0,60,normalized_ou_residual_30,0.005348139270652263
10.0,60,zscore_5,0.005272149707057646
10.0,60,displacement_1,0.0051304008811712265
10.0,60,return,0.005078249433565708
10.0,60,log_return_1,0.0050241108429396435
10.0,60,log_return,0.004321394022554159
10.0,60,long_return,0.0023331318571720096
10.0,60,vwap_side,0.0015360266746332247
10.0,60,direction_30,0.00149513129144907
10.0,60,zscore_direction_60,0.0009013370921214422
10.0,60,zscore_direction_5,0.000423739658712986
10.0,60,direction_5,0.00012568761372850056
10.0,60,direction_1,0.0
10.0,60,direction_10,0.0
10.0,60,direction_15,0.0
10.0,60,direction_60,0.0
10.0,60,past_return_1,0.0
10.0,60,zscore_direction_15,0.0
10.0,60,zscore_direction_30,0.0
10.0,120,atr_30,0.03481901419304666
10.0,120,atr_15,0.0222766677228113
10.0,120,low,0.01547692654033502
10.0,120,atr_60,0.01544546393588895
10.0,120,minutes_until_rth_close,0.014716949269530318
10.0,120,rolling_mean_30,0.014423641864032973
10.0,120,rolling_range_30,0.014260537501069762
10.0,120,rolling_mean_60,0.014254613868182614
10.0,120,vwap,0.013513404166414625
10.0,120,rth_progress,0.01350271859250608
10.0,120,half_life_60,0.013443596550219115
10.0,120,close,0.013347877233865716
10.0,120,rolling_mean_15,0.013131127648410342
10.0,120,rolling_mean_5,0.012986614324507258
10.0,120,log_price,0.012869556323580798
10.0,120,high,0.012811715359843913
10.0,120,typical_price,0.012234365944528864
10.0,120,realized_vol_60,0.012178567193803332
10.0,120,variance_60,0.012003838528125059
10.0,120,minutes_since_rth_open,0.011915276226188456
10.0,120,vwap_distance_pct,0.011419179361490976
10.0,120,vwap_distance,0.011215257635783581
10.0,120,variance_30,0.011100792459079198
10.0,120,open,0.011019789125947725
10.0,120,realized_vol_15,0.010836113066900344
10.0,120,vol_ratio_15_60,0.010471970907279424
10.0,120,mean_distance_15,0.010445991664060525
10.0,120,realized_vol_30,0.010411881087791352
10.0,120,rolling_range_60,0.01039704778009937
10.0,120,atr_5,0.010368264701572202
10.0,120,ar1_coefficient_120,0.010259087596620833
10.0,120,normalized_vwap_distance,0.010081021159532525
10.0,120,mean_reversion_speed_120,0.010059176988544919
10.0,120,ou_residual_30,0.009862185344986972
10.0,120,rolling_range_15,0.009775846398302488
10.0,120,vol_ratio_30_60,0.009663449112503301
10.0,120,half_life_120,0.009386105884221337
10.0,120,displacement_60,0.009344618590105148
10.0,120,rolling_std_60,0.009286282162758567
10.0,120,mean_reversion_speed_60,0.0092740803735242
10.0,120,normalized_range_30,0.009251218089567763
10.0,120,return_60,0.009236822813926708
10.0,120,ou_residual_120,0.009186450569402604
10.0,120,autocorrelation_120,0.009121547053967203
10.0,120,mean_distance_30,0.008871473061541716
10.0,120,vol_ratio_15_30,0.008762480624552284
10.0,120,log_return_60,0.008758343024445432
10.0,120,normalized_range_60,0.008694528779458432
10.0,120,mean_distance_60,0.008657615454423995
10.0,120,rolling_std_15,0.008545993716411647
10.0,120,true_range,0.00853915825220091
10.0,120,ar1_coefficient_60,0.008492195801365943
10.0,120,normalized_ou_residual_120,0.00839044466348631
10.0,120,return_15,0.008338692731090955
10.0,120,log_return_30,0.008302432617970876
10.0,120,variance_5,0.007934332381756533
10.0,120,ou_residual_60,0.00791384271689735
10.0,120,rolling_std_30,0.007831810774015529
10.0,120,autocorrelation_60,0.007824372988016833
10.0,120,variance_ratio_5_60,0.00778542086482048
10.0,120,log_zscore_60,0.0077538699399502505
10.0,120,return_30,0.00773595626066838
10.0,120,displacement_30,0.007731893986818336
10.0,120,mean_reversion_speed_30,0.007666640604535739
10.0,120,displacement_15,0.007664704739692665
10.0,120,normalized_range_15,0.007622055620664642
10.0,120,displacement_10,0.007559642062655517
10.0,120,ar1_coefficient_30,0.007555446565328609
10.0,120,zscore_60,0.007542902027212438
10.0,120,past_return_30,0.007238935036141248
10.0,120,vol_ratio_5_60,0.007195445864150922
10.0,120,normalized_ou_residual_60,0.007154833214978377
10.0,120,realized_vol_5,0.007129742209577844
10.0,120,past_return_15,0.007128335335957152
10.0,120,autocorrelation_30,0.007090648414478416
10.0,120,log_return_15,0.007037445459337462
10.0,120,rolling_range_5,0.007024129941349938
10.0,120,variance_ratio_5_30,0.006977463385001535
10.0,120,return_10,0.006962635532198917
10.0,120,log_return_10,0.006949575640083779
10.0,120,past_return_10,0.006923779202181669
10.0,120,half_life_30,0.006789341835039002
10.0,120,abs_zscore_60,0.006708463764793816
10.0,120,volume,0.006546670460097846
10.0,120,vol_ratio_5_15,0.006463599413455952
10.0,120,mean_distance_5,0.006355289924180224
10.0,120,return_5,0.006265109227526756
10.0,120,log_zscore_30,0.006246727558651141
10.0,120,log_return_5,0.006215395306103996
10.0,120,log_zscore_5,0.006184260804383527
10.0,120,rolling_std_5,0.006174019072204828
10.0,120,vol_ratio_5_30,0.0060870955653843425
10.0,120,displacement_5,0.00588046581972213
10.0,120,log_zscore_15,0.005733217448107011
10.0,120,return,0.005719928957876705
10.0,120,past_return_3,0.005653779998066879
10.0,120,abs_zscore_15,0.005626550498640253
10.0,120,zscore_30,0.005590234705734821
10.0,120,normalized_range_5,0.005543532448687724
10.0,120,past_return_5,0.005484836874529719
10.0,120,abs_zscore_30,0.005470298208473693
10.0,120,zscore_15,0.005376188661016169
10.0,120,zscore_5,0.004903495001296203
10.0,120,abs_zscore_5,0.004892668232233042
10.0,120,return_1,0.004870408070495441
10.0,120,normalized_ou_residual_30,0.0046617866804202395
10.0,120,displacement_1,0.004594469919712061
10.0,120,log_return,0.004534609693412979
10.0,120,short_return,0.004467631113671121
10.0,120,log_return_1,0.004119596322111431
10.0,120,long_return,0.0029534577624872327
10.0,120,direction_30,0.001979908639831202
10.0,120,vwap_side,0.0014391015727250349
10.0,120,zscore_direction_60,0.0012754832860082388
10.0,120,zscore_direction_5,0.0003562333904916332
10.0,120,past_return_1,0.00022164503822014447
10.0,120,direction_10,0.000219566769720543
10.0,120,direction_60,1.907079353085941e-05
10.0,120,direction_1,0.0
10.0,120,direction_15,0.0
10.0,120,direction_5,0.0
10.0,120,zscore_direction_15,0.0
10.0,120,zscore_direction_30,0.0
15.0,5,atr_5,0.1323423364332744
15.0,5,atr_15,0.050305807209085854
15.0,5,atr_30,0.026475951785132998
15.0,5,realized_vol_30,0.014561114167528493
15.0,5,rolling_range_60,0.011822368550513471
15.0,5,rth_progress,0.01078490378512513
15.0,5,true_range,0.01051692482793615
15.0,5,minutes_until_rth_close,0.010180572047829628
15.0,5,realized_vol_15,0.010011699516326189
15.0,5,minutes_since_rth_open,0.009907009745282786
15.0,5,rolling_range_30,0.009513465377191702
15.0,5,atr_60,0.009444056389232477
15.0,5,ou_residual_30,0.009059628460644967
15.0,5,rolling_mean_30,0.009045131526710022
15.0,5,rolling_range_15,0.008684503269337472
15.0,5,typical_price,0.008537367363238619
15.0,5,close,0.00852746849081346
15.0,5,vwap_distance_pct,0.008516761540834392
15.0,5,vwap,0.008377933652982825
15.0,5,rolling_mean_15,0.00833956626731725
15.0,5,rolling_range_5,0.008338904695674068
15.0,5,log_zscore_60,0.00824769346841744
15.0,5,mean_distance_60,0.00820005037600086
15.0,5,rolling_mean_60,0.008170847603607746
15.0,5,vwap_distance,0.008104178234047833
15.0,5,ou_residual_60,0.008005076487149512
15.0,5,low,0.007956188970378466
15.0,5,rolling_mean_5,0.00792205049878075
15.0,5,realized_vol_60,0.00783134631014296
15.0,5,high,0.007802491808044059
15.0,5,ou_residual_120,0.007796591480395624
15.0,5,rolling_std_60,0.0077616750661815915
15.0,5,variance_60,0.007697859158118566
15.0,5,return_15,0.00769192756464084
15.0,5,mean_reversion_speed_60,0.007683946595837672
15.0,5,half_life_60,0.0075007544919138865
15.0,5,abs_zscore_60,0.00748929243889593
15.0,5,mean_distance_15,0.007441387600487187
15.0,5,return_10,0.007329921171601329
15.0,5,ar1_coefficient_60,0.007295063075919946
15.0,5,return_60,0.00728533219634777
15.0,5,mean_distance_5,0.007263331940131528
15.0,5,mean_distance_30,0.007228939017901818
15.0,5,past_return_30,0.007227979777824311
15.0,5,rolling_std_5,0.007210973561519668
15.0,5,rolling_std_30,0.007195956450665281
15.0,5,ar1_coefficient_30,0.007137333131617024
15.0,5,variance_30,0.007118006857732932
15.0,5,log_return_15,0.00709412960956494
15.0,5,displacement_60,0.007089051551052502
15.0,5,variance_ratio_5_30,0.007087818723881529
15.0,5,zscore_60,0.0070866840847191356
15.0,5,normalized_vwap_distance,0.007085258385077829
15.0,5,log_return_10,0.007083144615448657
15.0,5,mean_reversion_speed_30,0.007058249764321815
15.0,5,ar1_coefficient_120,0.0070266504328520525
15.0,5,mean_reversion_speed_120,0.007006409888466199
15.0,5,vol_ratio_30_60,0.006975503749258462
15.0,5,vol_ratio_5_15,0.0069728798033403495
15.0,5,log_return_60,0.006935569718258367
15.0,5,past_return_15,0.006916844175152835
15.0,5,displacement_15,0.006915448255659569
15.0,5,autocorrelation_120,0.006912506251995053
15.0,5,normalized_ou_residual_120,0.006886756269349938
15.0,5,log_zscore_15,0.006856232105443875
15.0,5,log_price,0.006812513761577152
15.0,5,displacement_10,0.006798547226935625
15.0,5,displacement_30,0.006774212632860456
15.0,5,normalized_range_60,0.006752119244386752
15.0,5,return_30,0.006739593665337279
15.0,5,vol_ratio_5_30,0.006739093811206874
15.0,5,past_return_5,0.006708703957320679
15.0,5,vol_ratio_15_60,0.00670379681867503
15.0,5,past_return_10,0.006692949549428054
15.0,5,log_return_1,0.006683499430350605
15.0,5,rolling_std_15,0.00663042791365158
15.0,5,realized_vol_5,0.006602022109464521
15.0,5,variance_5,0.00659659707785717
15.0,5,autocorrelation_60,0.006563970796941291
15.0,5,vol_ratio_5_60,0.006557287138310217
15.0,5,log_zscore_5,0.006546432429569818
15.0,5,normalized_range_15,0.006546416386429753
15.0,5,return_1,0.006545299309350196
15.0,5,open,0.006520299861828486
15.0,5,variance_ratio_5_60,0.006475985737606173
15.0,5,log_zscore_30,0.00642774268496959
15.0,5,abs_zscore_15,0.006421134518902926
15.0,5,log_return_30,0.006396975157605041
15.0,5,volume,0.006390979912664209
15.0,5,normalized_range_30,0.006355732989807923
15.0,5,half_life_120,0.006292201101868635
15.0,5,normalized_ou_residual_60,0.006264507127482267
15.0,5,vol_ratio_15_30,0.0062526271434589515
15.0,5,autocorrelation_30,0.006226927418971346
15.0,5,log_return_5,0.006223270591969292
15.0,5,half_life_30,0.006174712430774456
15.0,5,normalized_range_5,0.006083248427049035
15.0,5,return_5,0.005996737939616044
15.0,5,short_return,0.00598020231839092
15.0,5,displacement_1,0.0059171248493450025
15.0,5,zscore_30,0.005905716347375086
15.0,5,displacement_5,0.00585574306370247
15.0,5,past_return_3,0.005796848707610653
15.0,5,zscore_15,0.00576449278742075
15.0,5,abs_zscore_5,0.00569568127615466
15.0,5,zscore_5,0.005464574477324883
15.0,5,return,0.005380308599255625
15.0,5,abs_zscore_30,0.005361499309185005
15.0,5,log_return,0.005240284882131077
15.0,5,normalized_ou_residual_30,0.004819830901743401
15.0,5,long_return,0.004487506729284567
15.0,5,zscore_direction_60,0.00300166708239842
15.0,5,direction_30,0.001606850602131869
15.0,5,vwap_side,0.0006401251247596173
15.0,5,zscore_direction_5,0.0004610884491176832
15.0,5,direction_60,0.0002450700405807722
15.0,5,direction_1,0.0
15.0,5,direction_10,0.0
15.0,5,direction_15,0.0
15.0,5,direction_5,0.0
15.0,5,past_return_1,0.0
15.0,5,zscore_direction_15,0.0
15.0,5,zscore_direction_30,0.0
15.0,10,atr_5,0.10102664537373043
15.0,10,atr_15,0.07155904362332963
15.0,10,atr_30,0.018873946075992926
15.0,10,atr_60,0.013949150530000528
15.0,10,rolling_range_30,0.012696494370521534
15.0,10,minutes_until_rth_close,0.01215656545190584
15.0,10,rolling_range_60,0.011816570890091714
15.0,10,realized_vol_30,0.011186130189647278
15.0,10,rolling_mean_30,0.010801472080250582
15.0,10,rth_progress,0.01047678959245483
15.0,10,rolling_mean_15,0.010205591208345834
15.0,10,typical_price,0.010145929575498615
15.0,10,minutes_since_rth_open,0.010116529229673602
15.0,10,close,0.010038779782397407
15.0,10,vwap,0.009987326560630685
15.0,10,variance_60,0.009700830360608441
15.0,10,low,0.00953047483095101
15.0,10,true_range,0.009482971791710173
15.0,10,rolling_mean_60,0.009399670131859324
15.0,10,variance_30,0.009153594883779684
15.0,10,vwap_distance_pct,0.009073208352284772
15.0,10,rolling_mean_5,0.00893170346638986
15.0,10,realized_vol_60,0.008770148646796034
15.0,10,high,0.00852195769991903
15.0,10,ou_residual_60,0.008393290208741314
15.0,10,mean_distance_60,0.008238084902543397
15.0,10,rolling_std_60,0.008179970218666963
15.0,10,realized_vol_15,0.00805800421429532
15.0,10,open,0.008054580362070175
15.0,10,rolling_range_15,0.008053529630636885
15.0,10,vwap_distance,0.008036494565506777
15.0,10,log_zscore_60,0.007896399546769402
15.0,10,mean_distance_5,0.007881666910612867
15.0,10,half_life_60,0.0076733652857087905
15.0,10,log_price,0.007668603732738467
15.0,10,ar1_coefficient_120,0.007667869750765108
15.0,10,ou_residual_30,0.007604014017574844
15.0,10,vol_ratio_15_60,0.007600369131458657
15.0,10,rolling_range_5,0.007512301650075685
15.0,10,displacement_30,0.0075112579479104
15.0,10,normalized_vwap_distance,0.007506563106463069
15.0,10,mean_reversion_speed_60,0.007501829238164993
15.0,10,ou_residual_120,0.0074750626060579506
15.0,10,mean_reversion_speed_120,0.007448730768547172
15.0,10,zscore_60,0.007408385054163989
15.0,10,vol_ratio_5_60,0.007396408312377476
15.0,10,rolling_std_5,0.007350856593499581
15.0,10,half_life_120,0.007334605191967317
15.0,10,past_return_30,0.0073248943801791895
15.0,10,mean_distance_15,0.007319826544040725
15.0,10,vol_ratio_30_60,0.007308440438161294
15.0,10,mean_reversion_speed_30,0.007302056643224898
15.0,10,return_30,0.007258895496349959
15.0,10,realized_vol_5,0.007256232712063051
15.0,10,log_zscore_15,0.0072428041270801
15.0,10,return_10,0.007219331028560798
15.0,10,mean_distance_30,0.007212544170518716
15.0,10,normalized_range_60,0.007197794327068897
15.0,10,normalized_ou_residual_120,0.007173497296337571
15.0,10,autocorrelation_120,0.007170434065517925
15.0,10,displacement_60,0.007157510811729091
15.0,10,past_return_15,0.0071525901910804565
15.0,10,vol_ratio_15_30,0.007131227602561315
15.0,10,abs_zscore_60,0.007094865310050193
15.0,10,past_return_10,0.0070748272618012765
15.0,10,ar1_coefficient_30,0.007054998738957303
15.0,10,rolling_std_30,0.007036376389719191
15.0,10,ar1_coefficient_60,0.007033598897535177
15.0,10,normalized_range_15,0.0070284769781643434
15.0,10,return_15,0.007028056996031886
15.0,10,return_60,0.0069876597041175475
15.0,10,log_return_60,0.006975756115501835
15.0,10,log_return_10,0.006957650738990023
15.0,10,vol_ratio_5_15,0.006933065752188365
15.0,10,log_return_30,0.006877905578308162
15.0,10,autocorrelation_60,0.006838896910526923
15.0,10,vol_ratio_5_30,0.006756040910702376
15.0,10,variance_5,0.006750261433245171
15.0,10,abs_zscore_15,0.006677654061821245
15.0,10,variance_ratio_5_60,0.006636881823873236
15.0,10,displacement_15,0.006595029318261714
15.0,10,normalized_range_30,0.00655758615937971
15.0,10,autocorrelation_30,0.0065237220288032575
15.0,10,rolling_std_15,0.006516439596279746
15.0,10,variance_ratio_5_30,0.00647683936126885
15.0,10,half_life_30,0.006455630718153857
15.0,10,log_return_15,0.006442374583067638
15.0,10,normalized_ou_residual_60,0.006429353939546715
15.0,10,log_return_5,0.006368431295933468
15.0,10,displacement_10,0.006287291767962631
15.0,10,volume,0.006175967753820476
15.0,10,zscore_15,0.006034864622744776
15.0,10,log_zscore_5,0.006002591656787055
15.0,10,log_return_1,0.0059518649775002685
15.0,10,log_zscore_30,0.0059234817135369495
15.0,10,return_1,0.005867002997547388
15.0,10,normalized_range_5,0.0058358824767527125
15.0,10,displacement_5,0.005831952206790447
15.0,10,past_return_5,0.005789365641595353
15.0,10,short_return,0.00576394205425112
15.0,10,return_5,0.005737947100507361
15.0,10,past_return_3,0.0055339585413180644
15.0,10,abs_zscore_30,0.00551594922407752
15.0,10,zscore_30,0.005513215703623635
15.0,10,displacement_1,0.00541090765701873
15.0,10,zscore_5,0.005148317021805616
15.0,10,abs_zscore_5,0.004983654456390511
15.0,10,log_return,0.004694768937215919
15.0,10,return,0.004666292518820791
15.0,10,normalized_ou_residual_30,0.004444584727198595
15.0,10,long_return,0.004211419832981413
15.0,10,direction_1,0.0003149579722611677
15.0,10,zscore_direction_60,0.00028533774561115673
15.0,10,direction_60,0.00021266083543499312
15.0,10,direction_30,0.0001911043987742492
15.0,10,past_return_1,7.398685972605432e-05
15.0,10,zscore_direction_5,6.508698875439309e-06
15.0,10,direction_10,0.0
15.0,10,direction_15,0.0
15.0,10,direction_5,0.0
15.0,10,vwap_side,0.0
15.0,10,zscore_direction_15,0.0
15.0,10,zscore_direction_30,0.0
15.0,20,atr_5,0.10171517197574888
15.0,20,atr_15,0.045437789389065335
15.0,20,atr_60,0.021932495447496574
15.0,20,atr_30,0.016436417165788867
15.0,20,true_range,0.014032550289162568
15.0,20,rolling_range_60,0.013158814937231086
15.0,20,rolling_range_30,0.012115387002094871
15.0,20,minutes_until_rth_close,0.011661966952184835
15.0,20,typical_price,0.011405667068348044
15.0,20,realized_vol_30,0.011348304227881488
15.0,20,rth_progress,0.01111779302092535
15.0,20,vwap,0.011115230797302155
15.0,20,rolling_mean_15,0.01070461810256044
15.0,20,rolling_mean_30,0.010692096758811246
15.0,20,low,0.010574718360744771
15.0,20,log_price,0.010528928378508204
15.0,20,realized_vol_60,0.010387188976719267
15.0,20,rolling_mean_60,0.01038057106502709
15.0,20,rolling_mean_5,0.010360283599722953
15.0,20,minutes_since_rth_open,0.010360091747272582
15.0,20,close,0.009991057261469819
15.0,20,variance_60,0.009770910610400495
15.0,20,high,0.009711900171602056
15.0,20,realized_vol_15,0.00921314140959155
15.0,20,rolling_std_60,0.008773222055640958
15.0,20,vwap_distance_pct,0.008709812159871771
15.0,20,open,0.00864795149703111
15.0,20,variance_30,0.008609872333528031
15.0,20,vwap_distance,0.008524179924279451
15.0,20,half_life_60,0.008456021320030448
15.0,20,ou_residual_60,0.008152991555453766
15.0,20,ou_residual_120,0.008089698673713775
15.0,20,mean_distance_60,0.008009530958675203
15.0,20,normalized_vwap_distance,0.007959099176029364
15.0,20,rolling_range_5,0.007911517861343566
15.0,20,vol_ratio_30_60,0.007868249634546893
15.0,20,ar1_coefficient_120,0.00785423702161227
15.0,20,ou_residual_30,0.007782870127509038
15.0,20,displacement_60,0.007739174800614516
15.0,20,half_life_120,0.007701633209806113
15.0,20,normalized_range_60,0.007671578277257227
15.0,20,log_zscore_60,0.007640304287806863
15.0,20,mean_reversion_speed_120,0.007635729365228187
15.0,20,variance_ratio_5_60,0.007605820960764374
15.0,20,return_60,0.007581005515974192
15.0,20,ar1_coefficient_60,0.007559714217980702
15.0,20,rolling_std_30,0.007482706258694331
15.0,20,autocorrelation_120,0.007448728972425063
15.0,20,vol_ratio_15_60,0.007382525840685481
15.0,20,normalized_range_15,0.0073553759915133314
15.0,20,rolling_range_15,0.00729028567937868
15.0,20,mean_distance_30,0.007286468365540107
15.0,20,variance_5,0.007269232467349086
15.0,20,mean_reversion_speed_60,0.007227992749817315
15.0,20,return_15,0.007226668874777499
15.0,20,zscore_60,0.0071979112302263575
15.0,20,mean_reversion_speed_30,0.007179284756559701
15.0,20,displacement_30,0.007173738597581784
15.0,20,normalized_ou_residual_120,0.0071715606332180045
15.0,20,realized_vol_5,0.007164444220030592
15.0,20,log_return_30,0.007112852009456782
15.0,20,log_return_15,0.007078782034416993
15.0,20,vol_ratio_15_30,0.007067343619252954
15.0,20,past_return_30,0.00704108744061419
15.0,20,ar1_coefficient_30,0.007029859105213767
15.0,20,log_return_1,0.006979034581620779
15.0,20,past_return_15,0.00695368538921078
15.0,20,abs_zscore_60,0.006895873163427625
15.0,20,half_life_30,0.006893323046997899
15.0,20,return_30,0.006870829278514499
15.0,20,log_return_60,0.006847317108795757
15.0,20,vol_ratio_5_15,0.006822727864519471
15.0,20,normalized_range_30,0.006808818340124119
15.0,20,past_return_10,0.006747549488430931
15.0,20,volume,0.006725805944630078
15.0,20,displacement_15,0.006717506929167679
15.0,20,autocorrelation_60,0.00662594676638643
15.0,20,return_10,0.006625220223906494
15.0,20,rolling_std_15,0.006598943600519782
15.0,20,mean_distance_15,0.006585342964778344
15.0,20,displacement_10,0.006511367680061431
15.0,20,abs_zscore_15,0.006494923649976651
15.0,20,variance_ratio_5_30,0.006459705686817567
15.0,20,vol_ratio_5_60,0.00640247580373571
15.0,20,mean_distance_5,0.0063831401722771785
15.0,20,log_zscore_30,0.006358049111440778
15.0,20,autocorrelation_30,0.00635511064458461
15.0,20,log_zscore_15,0.006349484070337245
15.0,20,vol_ratio_5_30,0.006336716846341179
15.0,20,log_return_10,0.006325832213319484
15.0,20,rolling_std_5,0.006164718219744307
15.0,20,log_return_5,0.005960620751249648
15.0,20,normalized_ou_residual_60,0.005922440023693655
15.0,20,displacement_5,0.005847155049975429
15.0,20,log_zscore_5,0.005784693212869267
15.0,20,zscore_15,0.0055895355929221424
15.0,20,return_5,0.005566341425513937
15.0,20,normalized_range_5,0.00544671645565402
15.0,20,short_return,0.005424698748226676
15.0,20,zscore_30,0.005409144707733677
15.0,20,past_return_5,0.005403917992398853
15.0,20,abs_zscore_30,0.0052944875677071864
15.0,20,return_1,0.005237728379489411
15.0,20,displacement_1,0.005216037023014256
15.0,20,past_return_3,0.0050441599229261985
15.0,20,abs_zscore_5,0.004952846028442893
15.0,20,zscore_5,0.004738196320388289
15.0,20,log_return,0.004497014518295016
15.0,20,return,0.004443636419074167
15.0,20,normalized_ou_residual_30,0.004175618612429216
15.0,20,long_return,0.0034103154792406018
15.0,20,direction_15,0.0022054821408043304
15.0,20,vwap_side,0.0014257106841320084
15.0,20,zscore_direction_5,0.000979923088813112
15.0,20,direction_60,0.0009227075469901873
15.0,20,zscore_direction_60,0.00048602128490096046
15.0,20,direction_1,0.00045750875558171956
15.0,20,direction_30,0.00034270233785112697
15.0,20,direction_10,0.00015103134016195932
15.0,20,direction_5,0.0
15.0,20,past_return_1,0.0
15.0,20,zscore_direction_15,0.0
15.0,20,zscore_direction_30,0.0
15.0,30,atr_5,0.07398162116961819
15.0,30,atr_15,0.04385374371139776
15.0,30,atr_60,0.032019508470382006
15.0,30,rolling_range_60,0.014438316891235965
15.0,30,rolling_range_30,0.014054850054283937
15.0,30,atr_30,0.01380249143888553
15.0,30,true_range,0.013187286621403126
15.0,30,typical_price,0.013099919694165388
15.0,30,vwap,0.012053935611177059
15.0,30,minutes_until_rth_close,0.011959307161825044
15.0,30,rolling_mean_15,0.011435824579426221
15.0,30,rolling_mean_60,0.011334208195053395
15.0,30,close,0.011216003625165848
15.0,30,rolling_mean_30,0.010932458963777338
15.0,30,minutes_since_rth_open,0.0109017894026779
15.0,30,low,0.010892642085396108
15.0,30,variance_60,0.010839187185324374
15.0,30,high,0.010544849781408197
15.0,30,rth_progress,0.010438693598622368
15.0,30,rolling_mean_5,0.010212230762200696
15.0,30,vwap_distance_pct,0.010003224370025453
15.0,30,log_price,0.00989189896998661
15.0,30,realized_vol_15,0.009855458202461401
15.0,30,realized_vol_30,0.009587462858429976
15.0,30,rolling_std_60,0.00942996818394888
15.0,30,realized_vol_60,0.00942612470438083
15.0,30,vwap_distance,0.009360149835369416
15.0,30,variance_30,0.009113793239174854
15.0,30,rolling_range_5,0.00901475613049808
15.0,30,open,0.008803515961127622
15.0,30,ou_residual_30,0.008655990651320843
15.0,30,vol_ratio_30_60,0.008649303688712064
15.0,30,half_life_60,0.008563285527218665
15.0,30,mean_reversion_speed_120,0.008548004574896325
15.0,30,ou_residual_120,0.008387557319587185
15.0,30,ar1_coefficient_120,0.00838637234465707
15.0,30,vol_ratio_15_60,0.008287090763804458
15.0,30,normalized_range_60,0.008261059388695728
15.0,30,normalized_vwap_distance,0.008091002902282136
15.0,30,displacement_60,0.008025352820931446
15.0,30,mean_distance_30,0.007814239134036359
15.0,30,log_return_60,0.007752413174048776
15.0,30,rolling_range_15,0.007721461821347475
15.0,30,mean_reversion_speed_30,0.00768267877754711
15.0,30,autocorrelation_120,0.0076478465149799986
15.0,30,vol_ratio_15_30,0.007615733847376846
15.0,30,log_zscore_60,0.007609068039095118
15.0,30,variance_ratio_5_60,0.0076012080978779565
15.0,30,mean_distance_60,0.007598599662915582
15.0,30,normalized_ou_residual_120,0.007594629168687831
15.0,30,return_60,0.007578063800576187
15.0,30,displacement_15,0.007454494502217997
15.0,30,return_15,0.007449098352697634
15.0,30,normalized_range_15,0.007439220523727792
15.0,30,ou_residual_60,0.007403936536450472
15.0,30,abs_zscore_60,0.007382630769695554
15.0,30,zscore_60,0.007368797325484809
15.0,30,return_30,0.007321301049419812
15.0,30,normalized_range_30,0.0072797564346165885
15.0,30,variance_5,0.007253118458070925
15.0,30,ar1_coefficient_60,0.007207356326814208
15.0,30,past_return_15,0.007184301126038744
15.0,30,ar1_coefficient_30,0.007171378337911197
15.0,30,past_return_30,0.007170833203764189
15.0,30,mean_reversion_speed_60,0.0071583882062917666
15.0,30,half_life_120,0.00714534121964659
15.0,30,vol_ratio_5_30,0.007110936921976861
15.0,30,past_return_10,0.007080238534226304
15.0,30,rolling_std_30,0.00700378038787416
15.0,30,displacement_30,0.006938971734295289
15.0,30,rolling_std_15,0.006918360235258227
15.0,30,mean_distance_15,0.006897296468239455
15.0,30,mean_distance_5,0.0068956064725560805
15.0,30,log_return_10,0.006855640826480729
15.0,30,log_return_15,0.006844753022527411
15.0,30,log_return_30,0.006842954195148888
15.0,30,autocorrelation_30,0.006786808726333436
15.0,30,log_zscore_15,0.006779608959775595
15.0,30,vol_ratio_5_15,0.006743699179164001
15.0,30,half_life_30,0.006659471452058781
15.0,30,displacement_10,0.006631319743714162
15.0,30,variance_ratio_5_30,0.00662335589350689
15.0,30,vol_ratio_5_60,0.006616614692445312
15.0,30,autocorrelation_60,0.006604360926541544
15.0,30,log_return_5,0.00655016540327952
15.0,30,realized_vol_5,0.006533127411135605
15.0,30,return_10,0.006532617600723391
15.0,30,abs_zscore_15,0.006435332121327519
15.0,30,rolling_std_5,0.0063645414387186365
15.0,30,log_zscore_30,0.006113024517184212
15.0,30,log_zscore_5,0.006058071861930546
15.0,30,normalized_ou_residual_60,0.005996180398921881
15.0,30,zscore_15,0.0059657045640051365
15.0,30,volume,0.005958983807691506
15.0,30,return_5,0.005775873061446916
15.0,30,abs_zscore_30,0.005699319853669121
15.0,30,past_return_5,0.0056491268443919366
15.0,30,displacement_5,0.005630417438667445
15.0,30,return_1,0.005511123043972822
15.0,30,displacement_1,0.005503317097290641
15.0,30,zscore_30,0.005496930907524768
15.0,30,short_return,0.005344512184993142
15.0,30,normalized_range_5,0.0052489776474734144
15.0,30,past_return_3,0.00520126512717633
15.0,30,zscore_5,0.005121051755157255
15.0,30,abs_zscore_5,0.004987164156600123
15.0,30,log_return_1,0.004820348498816159
15.0,30,normalized_ou_residual_30,0.004757835352349849
15.0,30,return,0.004707291944041138
15.0,30,log_return,0.004248183508891435
15.0,30,long_return,0.004101993854246324
15.0,30,direction_15,0.0014688429267456133
15.0,30,vwap_side,0.0010368701824474903
15.0,30,zscore_direction_60,0.0006820401176810265
15.0,30,direction_10,0.00026690117305233364
15.0,30,direction_30,0.00025294315336006027
15.0,30,direction_1,0.0
15.0,30,direction_5,0.0
15.0,30,direction_60,0.0
15.0,30,past_return_1,0.0
15.0,30,zscore_direction_15,0.0
15.0,30,zscore_direction_30,0.0
15.0,30,zscore_direction_5,0.0
15.0,60,atr_15,0.039774992769317966
15.0,60,atr_60,0.02816281436632077
15.0,60,atr_30,0.026998925111478285
15.0,60,atr_5,0.023599240352355298
15.0,60,minutes_until_rth_close,0.014006868403937136
15.0,60,realized_vol_15,0.01385016389013756
15.0,60,typical_price,0.013649305195680686
15.0,60,rth_progress,0.01338660561790069
15.0,60,rolling_range_5,0.013101740540670497
15.0,60,vwap,0.012990148471934455
15.0,60,log_price,0.012609150149815139
15.0,60,rolling_range_30,0.012588815497500556
15.0,60,close,0.012540760006578196
15.0,60,rolling_range_60,0.012404539888458592
15.0,60,rolling_mean_60,0.012307390526291869
15.0,60,rolling_mean_30,0.012162739499693825
15.0,60,minutes_since_rth_open,0.011671997872846467
15.0,60,rolling_mean_15,0.011525045636863936
15.0,60,low,0.011510919956933884
15.0,60,rolling_mean_5,0.011230672354854289
15.0,60,rolling_std_30,0.010920872845287834
15.0,60,realized_vol_30,0.010380391474990617
15.0,60,vwap_distance_pct,0.01017288766091778
15.0,60,high,0.010109445967134974
15.0,60,variance_60,0.009955389824296747
15.0,60,realized_vol_60,0.009937870715345656
15.0,60,variance_30,0.00988287523034073
15.0,60,vwap_distance,0.009817355223709629
15.0,60,normalized_vwap_distance,0.009767905897682621
15.0,60,rolling_std_60,0.009237833542837984
15.0,60,normalized_range_60,0.009108642470978555
15.0,60,ar1_coefficient_120,0.009107382790673347
15.0,60,open,0.009000376354725588
15.0,60,ou_residual_120,0.008968326085734935
15.0,60,mean_reversion_speed_120,0.00893148152335059
15.0,60,ou_residual_60,0.008910345734052715
15.0,60,vol_ratio_30_60,0.008772424045240595
15.0,60,ou_residual_30,0.008664965973280016
15.0,60,vol_ratio_15_60,0.008647983760706015
15.0,60,normalized_ou_residual_120,0.008609300723210686
15.0,60,true_range,0.008592717039088408
15.0,60,half_life_60,0.008571146344322534
15.0,60,mean_distance_60,0.008570189698643628
15.0,60,displacement_60,0.008566775337039005
15.0,60,vol_ratio_15_30,0.008561438570419947
15.0,60,mean_distance_30,0.008534435204984177
15.0,60,mean_distance_15,0.008466521433244148
15.0,60,mean_reversion_speed_60,0.008380508427286432
15.0,60,normalized_range_30,0.00836999315236296
15.0,60,rolling_range_15,0.00823501426549185
15.0,60,return_30,0.008203745331792604
15.0,60,autocorrelation_120,0.008187783948544945
15.0,60,log_return_60,0.008166400338744833
15.0,60,log_zscore_60,0.008149772993333283
15.0,60,return_60,0.008134187221349705
15.0,60,ar1_coefficient_60,0.008109784219413996
15.0,60,rolling_std_15,0.007879503492620728
15.0,60,return_15,0.0077907694725408445
15.0,60,mean_reversion_speed_30,0.007781808486297017
15.0,60,log_return_15,0.007750488950737885
15.0,60,displacement_30,0.007709935640117952
15.0,60,variance_ratio_5_60,0.007636934186198882
15.0,60,displacement_15,0.00761434750720149
15.0,60,normalized_range_15,0.007598184359570344
15.0,60,ar1_coefficient_30,0.00758483460439103
15.0,60,past_return_15,0.0075655837011124405
15.0,60,past_return_30,0.00752664033678316
15.0,60,log_return_30,0.007509641859325625
15.0,60,zscore_60,0.007354718322555224
15.0,60,vol_ratio_5_15,0.007339969898263614
15.0,60,autocorrelation_60,0.007289680807540814
15.0,60,realized_vol_5,0.007272362664696716
15.0,60,vol_ratio_5_60,0.007264008967294579
15.0,60,variance_5,0.007250399439639989
15.0,60,autocorrelation_30,0.007216063638528188
15.0,60,abs_zscore_60,0.007108751573555526
15.0,60,return_10,0.007099780653204236
15.0,60,normalized_ou_residual_60,0.0070867992804518765
15.0,60,half_life_120,0.006997955807795127
15.0,60,displacement_10,0.006861296837173757
15.0,60,log_zscore_15,0.006849600534353938
15.0,60,vol_ratio_5_30,0.006830638518468255
15.0,60,past_return_10,0.006587871549917119
15.0,60,variance_ratio_5_30,0.006554718484126386
15.0,60,half_life_30,0.006417023771930309
15.0,60,volume,0.006387790243717886
15.0,60,rolling_std_5,0.006361270589487893
15.0,60,log_zscore_30,0.006342194442238126
15.0,60,log_zscore_5,0.006338534144950765
15.0,60,mean_distance_5,0.0062095304906723044
15.0,60,log_return_10,0.006101804486076746
15.0,60,abs_zscore_30,0.00591880034300543
15.0,60,normalized_range_5,0.005760866705150832
15.0,60,displacement_5,0.0057455565381262985
15.0,60,return_5,0.005701263169092792
15.0,60,abs_zscore_15,0.005618720670186338
15.0,60,zscore_30,0.005618309446920951
15.0,60,zscore_15,0.005507039238831827
15.0,60,past_return_3,0.005419543345591852
15.0,60,log_return_5,0.005410457373641077
15.0,60,past_return_5,0.0053499746801597735
15.0,60,log_return_1,0.005153121770403925
15.0,60,return_1,0.005079396157747223
15.0,60,short_return,0.004943874337533046
15.0,60,zscore_5,0.004813479004605185
15.0,60,abs_zscore_5,0.0047458198941534475
15.0,60,displacement_1,0.00456098326720253
15.0,60,return,0.0045433764102026115
15.0,60,log_return,0.00435546665851559
15.0,60,normalized_ou_residual_30,0.003317733162215778
15.0,60,long_return,0.0031137916902523664
15.0,60,direction_15,0.002056485241545098
15.0,60,zscore_direction_60,0.0016804234834299201
15.0,60,vwap_side,0.0014574078044721059
15.0,60,direction_60,0.0008896284714518558
15.0,60,direction_30,0.0006154607094469524
15.0,60,zscore_direction_5,0.0003081133445015266
15.0,60,past_return_1,0.00028263280789057416
15.0,60,direction_5,0.0001835418598992484
15.0,60,direction_1,0.0
15.0,60,direction_10,0.0
15.0,60,zscore_direction_15,0.0
15.0,60,zscore_direction_30,0.0
15.0,120,atr_30,0.0408520663511895
15.0,120,atr_15,0.01709627089578481
15.0,120,minutes_until_rth_close,0.015557716689294293
15.0,120,rolling_range_30,0.01518304885498115
15.0,120,atr_60,0.014584274474708806
15.0,120,rolling_mean_15,0.014484045849669547
15.0,120,rth_progress,0.014224171993278321
15.0,120,rolling_mean_30,0.013985701836645603
15.0,120,close,0.013886365729073683
15.0,120,vwap,0.013719790526444004
15.0,120,typical_price,0.013664133758062408
15.0,120,rolling_mean_60,0.013296582115193209
15.0,120,low,0.013185909505756129
15.0,120,atr_5,0.012860398074345929
15.0,120,mean_distance_15,0.012642516266731988
15.0,120,minutes_since_rth_open,0.0126202827585595
15.0,120,log_price,0.01251308996939943
15.0,120,rolling_mean_5,0.012149771542421408
15.0,120,vwap_distance_pct,0.012011177039572172
15.0,120,rolling_range_15,0.011930593932490973
15.0,120,half_life_60,0.011876537508907773
15.0,120,variance_30,0.011629747936413401
15.0,120,high,0.011612053517074812
15.0,120,realized_vol_15,0.011541826606151603
15.0,120,realized_vol_60,0.011471170665962356
15.0,120,ar1_coefficient_120,0.011012648409675984
15.0,120,vwap_distance,0.010837727226316929
15.0,120,ou_residual_30,0.01032482103134195
15.0,120,rolling_range_60,0.010310037061572075
15.0,120,open,0.01019073867549499
15.0,120,variance_60,0.010164199618711359
15.0,120,true_range,0.010138274613945257
15.0,120,normalized_vwap_distance,0.010090053702394167
15.0,120,realized_vol_30,0.009806713000649498
15.0,120,vol_ratio_15_60,0.009772371722473985
15.0,120,mean_reversion_speed_60,0.009736600110218638
15.0,120,displacement_60,0.009602430365270092
15.0,120,mean_reversion_speed_120,0.00959404535768997
15.0,120,half_life_120,0.00957113400190359
15.0,120,rolling_std_60,0.009356034742224784
15.0,120,mean_distance_30,0.009353067881117264
15.0,120,normalized_range_60,0.009271074662960711
15.0,120,ar1_coefficient_60,0.009178872730228164
15.0,120,autocorrelation_120,0.009116440656639281
15.0,120,ou_residual_120,0.009041758653308665
15.0,120,rolling_std_15,0.008899435888798464
15.0,120,return_60,0.008863122135932957
15.0,120,vol_ratio_30_60,0.008765787906235173
15.0,120,vol_ratio_15_30,0.008662848245529901
15.0,120,mean_distance_60,0.008408267095330216
15.0,120,autocorrelation_60,0.008354411216541416
15.0,120,log_zscore_60,0.008291150908917189
15.0,120,rolling_std_30,0.008291107048058794
15.0,120,displacement_30,0.008213959723001435
15.0,120,variance_ratio_5_60,0.008111304359599239
15.0,120,return_15,0.008073762547047366
15.0,120,log_return_15,0.008040414990058966
15.0,120,log_return_60,0.007985062875031005
15.0,120,normalized_range_30,0.007972263088006349
15.0,120,mean_reversion_speed_30,0.00791202223904076
15.0,120,half_life_30,0.007879479411279871
15.0,120,normalized_ou_residual_120,0.007877147224332606
15.0,120,displacement_15,0.007801091098891837
15.0,120,ar1_coefficient_30,0.007698311403925929
15.0,120,ou_residual_60,0.007678711720343147
15.0,120,log_return_10,0.007652570981354941
15.0,120,return_10,0.007652530845786844
15.0,120,zscore_60,0.007642727456099931
15.0,120,past_return_30,0.007603046085153308
15.0,120,return_30,0.007593921230485042
15.0,120,vol_ratio_5_60,0.007551901086810089
15.0,120,past_return_15,0.00751021783798933
15.0,120,normalized_range_15,0.007464937577467589
15.0,120,log_return_30,0.007419167286051171
15.0,120,displacement_10,0.007147772104612419
15.0,120,realized_vol_5,0.007057160737791232
15.0,120,abs_zscore_60,0.006970349277946211
15.0,120,autocorrelation_30,0.006920787417108104
15.0,120,rolling_range_5,0.00690623904977526
15.0,120,variance_5,0.006835120075958825
15.0,120,vol_ratio_5_15,0.00681358582473227
15.0,120,log_zscore_30,0.006761110942101195
15.0,120,past_return_10,0.006684015017180215
15.0,120,variance_ratio_5_30,0.006339412249092545
15.0,120,volume,0.006268125736997241
15.0,120,return_5,0.006120174546681699
15.0,120,log_zscore_15,0.006107722863643652
15.0,120,log_return_5,0.006052012699434445
15.0,120,vol_ratio_5_30,0.005881867304976497
15.0,120,displacement_5,0.005850892913128648
15.0,120,abs_zscore_15,0.005845682983774515
15.0,120,normalized_ou_residual_60,0.0057897989394231925
15.0,120,mean_distance_5,0.005786548546027569
15.0,120,return_1,0.005667177960276604
15.0,120,rolling_std_5,0.0055528840360542136
15.0,120,past_return_5,0.0054159134493342465
15.0,120,displacement_1,0.005380851926193351
15.0,120,zscore_30,0.005332162648084618
15.0,120,abs_zscore_30,0.00526519854819136
15.0,120,zscore_15,0.005222261085041932
15.0,120,normalized_range_5,0.0051821730809197535
15.0,120,log_return_1,0.004991086554669198
15.0,120,past_return_3,0.004918862056608002
15.0,120,log_zscore_5,0.004823544428550771
15.0,120,return,0.004816866235896235
15.0,120,abs_zscore_5,0.004764437231989134
15.0,120,zscore_5,0.004753453413113242
15.0,120,log_return,0.0045751600659319335
15.0,120,normalized_ou_residual_30,0.004284562044111746
15.0,120,short_return,0.004217124993114599
15.0,120,long_return,0.002833709869134639
15.0,120,direction_15,0.0010838646973882402
15.0,120,direction_60,0.0007841548039799644
15.0,120,zscore_direction_60,0.0005636072684345501
15.0,120,zscore_direction_5,0.0003485090232321194
15.0,120,direction_30,0.00016507989771309353
15.0,120,direction_1,0.0
15.0,120,direction_10,0.0
15.0,120,direction_5,0.0
15.0,120,past_return_1,0.0
15.0,120,vwap_side,0.0
15.0,120,zscore_direction_15,0.0
15.0,120,zscore_direction_30,0.0
20.0,5,atr_5,0.12226993590593338
20.0,5,atr_15,0.05082891083189419
20.0,5,atr_30,0.0211908106159951
20.0,5,variance_30,0.015082006653149923
20.0,5,variance_60,0.012228328446369795
20.0,5,realized_vol_60,0.01193000522575208
20.0,5,rth_progress,0.011327332484402828
20.0,5,minutes_until_rth_close,0.011187093443281594
20.0,5,true_range,0.010564809155073903
20.0,5,minutes_since_rth_open,0.010552310983517341
20.0,5,ou_residual_60,0.010430043962384974
20.0,5,atr_60,0.01019351612333031
20.0,5,realized_vol_15,0.009672528387801279
20.0,5,rolling_range_5,0.009586499006088291
20.0,5,rolling_range_15,0.009489057652120079
20.0,5,mean_distance_15,0.009419722083423818
20.0,5,close,0.009252006210209359
20.0,5,rolling_range_30,0.009133106019968787
20.0,5,high,0.008953546051911655
20.0,5,realized_vol_30,0.008800558790209748
20.0,5,rolling_mean_30,0.008666223691155514
20.0,5,vwap_distance_pct,0.008641124281677463
20.0,5,rolling_mean_60,0.008567556561458679
20.0,5,vwap_distance,0.00856268166431359
20.0,5,typical_price,0.008505504068341992
20.0,5,mean_distance_60,0.008291887984211956
20.0,5,rolling_mean_15,0.008136240698929344
20.0,5,rolling_range_60,0.008117919299928915
20.0,5,low,0.007947038836954605
20.0,5,ou_residual_30,0.007875471508928708
20.0,5,mean_distance_5,0.007800366441231398
20.0,5,normalized_vwap_distance,0.0077973767627208005
20.0,5,vwap,0.007740351604297757
20.0,5,variance_ratio_5_30,0.007644135815401872
20.0,5,displacement_10,0.00763527499068351
20.0,5,rolling_std_30,0.007591463359338897
20.0,5,log_zscore_60,0.007567201657885951
20.0,5,rolling_mean_5,0.007513120326967467
20.0,5,return_30,0.007478358357080391
20.0,5,log_return_10,0.007421346137388831
20.0,5,ou_residual_120,0.007386691158726102
20.0,5,rolling_std_5,0.007344226020255259
20.0,5,rolling_std_60,0.007333296284611736
20.0,5,log_return_15,0.007217040052637458
20.0,5,open,0.007168682779939402
20.0,5,return_15,0.007167015978623004
20.0,5,half_life_30,0.007146089481899426
20.0,5,return_60,0.0071331422022056015
20.0,5,vol_ratio_15_60,0.00712569836261017
20.0,5,half_life_60,0.007091541142602052
20.0,5,return_10,0.007086019009529125
20.0,5,log_zscore_30,0.007082379245687099
20.0,5,vol_ratio_5_15,0.007024416079123815
20.0,5,vol_ratio_5_30,0.0070220816525675
20.0,5,zscore_60,0.0069926948774428595
20.0,5,mean_reversion_speed_60,0.00697394081258348
20.0,5,log_zscore_15,0.006929423227640135
20.0,5,normalized_ou_residual_120,0.006928916000539348
20.0,5,abs_zscore_15,0.0068969453263673045
20.0,5,normalized_range_60,0.006889226314212594
20.0,5,log_return_1,0.006888132963684343
20.0,5,log_zscore_5,0.0068780546231816215
20.0,5,displacement_15,0.006872270455850022
20.0,5,variance_ratio_5_60,0.006838544072317225
20.0,5,log_price,0.0068363597660902
20.0,5,mean_distance_30,0.006804647556106959
20.0,5,past_return_30,0.006789797617654715
20.0,5,ar1_coefficient_60,0.006744734211159604
20.0,5,vol_ratio_30_60,0.00670918663741932
20.0,5,variance_5,0.0066689118698594115
20.0,5,normalized_range_15,0.006663877572420807
20.0,5,log_return_30,0.006651762252052625
20.0,5,past_return_15,0.006627250085806563
20.0,5,displacement_30,0.006596619485034829
20.0,5,return_1,0.00658120760428054
20.0,5,vol_ratio_5_60,0.006567486229219607
20.0,5,autocorrelation_120,0.006559764922019981
20.0,5,normalized_range_30,0.006556570574286438
20.0,5,volume,0.006500534247606993
20.0,5,displacement_60,0.006488145694934896
20.0,5,past_return_10,0.006484501108172394
20.0,5,autocorrelation_60,0.006471393829477685
20.0,5,zscore_15,0.006450395410259564
20.0,5,vol_ratio_15_30,0.006426232234973993
20.0,5,realized_vol_5,0.006416413023890484
20.0,5,mean_reversion_speed_120,0.006375522219708988
20.0,5,short_return,0.006357017505381789
20.0,5,ar1_coefficient_120,0.0063540952368861155
20.0,5,mean_reversion_speed_30,0.006338877403842551
20.0,5,zscore_30,0.006327242845491994
20.0,5,displacement_1,0.006327099965087005
20.0,5,abs_zscore_60,0.006311563482519151
20.0,5,normalized_range_5,0.006307628914891254
20.0,5,rolling_std_15,0.006230302997643039
20.0,5,past_return_5,0.006213032152681123
20.0,5,log_return_60,0.006199748066830493
20.0,5,displacement_5,0.0061966401879631336
20.0,5,half_life_120,0.006166499706783465
20.0,5,return_5,0.006113204617230665
20.0,5,autocorrelation_30,0.006108300250378393
20.0,5,zscore_5,0.006107425272819542
20.0,5,abs_zscore_30,0.006091922621375748
20.0,5,normalized_ou_residual_60,0.006057956017598155
20.0,5,ar1_coefficient_30,0.006053684822594126
20.0,5,log_return_5,0.005939104494505695
20.0,5,abs_zscore_5,0.005888558380926649
20.0,5,past_return_3,0.005713327277806543
20.0,5,log_return,0.005513611205276989
20.0,5,return,0.0055120827940603094
20.0,5,normalized_ou_residual_30,0.004452114448040014
20.0,5,long_return,0.003510427202508297
20.0,5,vwap_side,0.0015944252455873148
20.0,5,direction_5,0.0014993941877037287
20.0,5,direction_30,0.0012062685785903817
20.0,5,direction_60,0.0010105864410953863
20.0,5,zscore_direction_5,0.00031728968245997314
20.0,5,direction_1,0.0
20.0,5,direction_10,0.0
20.0,5,direction_15,0.0
20.0,5,past_return_1,0.0
20.0,5,zscore_direction_15,0.0
20.0,5,zscore_direction_30,0.0
20.0,5,zscore_direction_60,0.0
20.0,10,atr_5,0.12274046934076718
20.0,10,atr_15,0.04320552789916595
20.0,10,atr_30,0.015636459247963058
20.0,10,realized_vol_30,0.015043517264227072
20.0,10,minutes_until_rth_close,0.014719630946360883
20.0,10,variance_30,0.014007323842850469
20.0,10,rth_progress,0.012864718901082164
20.0,10,variance_60,0.012241189656335683
20.0,10,atr_60,0.011917433856676022
20.0,10,rolling_range_30,0.011282248710769983
20.0,10,minutes_since_rth_open,0.010818227992526122
20.0,10,rolling_range_60,0.010732628272048064
20.0,10,typical_price,0.01069202728658205
20.0,10,rolling_mean_60,0.010653798645805745
20.0,10,rolling_mean_30,0.01027886871071089
20.0,10,true_range,0.010019980060557524
20.0,10,vwap,0.009612071239167736
20.0,10,close,0.009535360127864849
20.0,10,vwap_distance_pct,0.009135573481520018
20.0,10,low,0.008993628412662517
20.0,10,rolling_mean_5,0.008837926179348003
20.0,10,vwap_distance,0.008695956541314012
20.0,10,rolling_mean_15,0.008603112705584084
20.0,10,ou_residual_60,0.008518715921257223
20.0,10,mean_distance_60,0.008476553684366601
20.0,10,high,0.00846873875707388
20.0,10,mean_distance_5,0.00831971104655947
20.0,10,realized_vol_60,0.008205013260954902
20.0,10,log_zscore_60,0.008192982192018203
20.0,10,realized_vol_15,0.008180305339573394
20.0,10,half_life_120,0.00783156082477598
20.0,10,open,0.00781184219799581
20.0,10,rolling_std_60,0.007765803685677903
20.0,10,ou_residual_30,0.00768445006438664
20.0,10,rolling_range_15,0.007669940391289336
20.0,10,displacement_30,0.007604261971123162
20.0,10,normalized_vwap_distance,0.007601728019792409
20.0,10,return_15,0.007601316796527023
20.0,10,ar1_coefficient_120,0.007569984665938786
20.0,10,log_price,0.007507570686617068
20.0,10,ou_residual_120,0.007459075057080814
20.0,10,past_return_30,0.007349679867426555
20.0,10,normalized_range_60,0.007326695801956313
20.0,10,variance_ratio_5_60,0.007316127862958681
20.0,10,mean_reversion_speed_30,0.007315275591931173
20.0,10,ar1_coefficient_30,0.0072946082357139815
20.0,10,zscore_60,0.007223131866859538
20.0,10,vol_ratio_5_60,0.007205515545571134
20.0,10,mean_distance_30,0.007202896311701764
20.0,10,mean_distance_15,0.007172311157254236
20.0,10,rolling_std_30,0.00714815343685803
20.0,10,vol_ratio_30_60,0.007139347382776794
20.0,10,vol_ratio_5_15,0.00713027102340545
20.0,10,vol_ratio_15_60,0.00712654858251058
20.0,10,return_60,0.00709147427585863
20.0,10,mean_reversion_speed_120,0.0070880330832941195
20.0,10,past_return_15,0.00708515334519602
20.0,10,rolling_range_5,0.007030135486274958
20.0,10,abs_zscore_60,0.0070265959061327436
20.0,10,autocorrelation_120,0.006997750672910895
20.0,10,variance_ratio_5_30,0.0069830346009915785
20.0,10,half_life_30,0.006979130962420078
20.0,10,displacement_60,0.0069588951079086175
20.0,10,normalized_range_30,0.0068933786602602114
20.0,10,ar1_coefficient_60,0.006881927428323598
20.0,10,return_30,0.0068592045988355365
20.0,10,mean_reversion_speed_60,0.006846600877387183
20.0,10,log_return_30,0.006830026539752171
20.0,10,log_zscore_15,0.006778479110272158
20.0,10,normalized_ou_residual_120,0.0067743452576299506
20.0,10,rolling_std_15,0.00675003325921439
20.0,10,vol_ratio_5_30,0.006747529819785129
20.0,10,half_life_60,0.00673757183055083
20.0,10,variance_5,0.006715606920243729
20.0,10,log_return_1,0.00664921710267663
20.0,10,vol_ratio_15_30,0.006602011609911209
20.0,10,abs_zscore_15,0.00660047551528329
20.0,10,log_zscore_30,0.006513908372393676
20.0,10,past_return_10,0.006495529320091009
20.0,10,log_zscore_5,0.0064912012922355815
20.0,10,rolling_std_5,0.0064637599335539905
20.0,10,return_1,0.006437952940662702
20.0,10,realized_vol_5,0.006419473394219365
20.0,10,return_10,0.006408264483546927
20.0,10,normalized_range_15,0.006371908954211644
20.0,10,log_return_60,0.006343150455948143
20.0,10,log_return_15,0.006338938549604444
20.0,10,displacement_15,0.006311629322313127
20.0,10,autocorrelation_30,0.0062258340240944
20.0,10,log_return_10,0.006186886546423747
20.0,10,normalized_ou_residual_60,0.006180242790530126
20.0,10,autocorrelation_60,0.006174616227369933
20.0,10,volume,0.006132083678884166
20.0,10,displacement_5,0.006054723369223731
20.0,10,log_return_5,0.006045752825836341
20.0,10,zscore_15,0.006035918924247935
20.0,10,zscore_5,0.005836370245863994
20.0,10,displacement_10,0.005827627566066526
20.0,10,displacement_1,0.005711747122751106
20.0,10,normalized_range_5,0.005700938869267702
20.0,10,zscore_30,0.005578547294828154
20.0,10,past_return_5,0.0055719731996456785
20.0,10,short_return,0.005516554217874294
20.0,10,abs_zscore_30,0.005486154141614125
20.0,10,abs_zscore_5,0.005393564623470108
20.0,10,return_5,0.0053209595360039245
20.0,10,past_return_3,0.005295771551096723
20.0,10,normalized_ou_residual_30,0.005031185424221414
20.0,10,log_return,0.004848647518970427
20.0,10,return,0.004775361332576722
20.0,10,long_return,0.0026037578520897242
20.0,10,zscore_direction_60,0.0018991228259567703
20.0,10,vwap_side,0.0018183930910059384
20.0,10,zscore_direction_5,0.0014760038438474848
20.0,10,direction_60,0.0014494571341423406
20.0,10,direction_30,0.000427096261687222
20.0,10,direction_5,0.00020457744332296507
20.0,10,direction_1,0.0
20.0,10,direction_10,0.0
20.0,10,direction_15,0.0
20.0,10,past_return_1,0.0
20.0,10,zscore_direction_15,0.0
20.0,10,zscore_direction_30,0.0
20.0,20,atr_5,0.09352761427206653
20.0,20,atr_15,0.06335657894877451
20.0,20,atr_30,0.019485124874682652
20.0,20,atr_60,0.018671293876000812
20.0,20,minutes_until_rth_close,0.013025580506239618
20.0,20,realized_vol_30,0.013007798343009892
20.0,20,variance_30,0.012378462146790255
20.0,20,rth_progress,0.011846474504896573
20.0,20,variance_60,0.011756759070392166
20.0,20,true_range,0.011710739650187037
20.0,20,minutes_since_rth_open,0.011598390349674793
20.0,20,typical_price,0.010915650631345454
20.0,20,rolling_mean_30,0.01078123998429094
20.0,20,rolling_mean_60,0.010590745357885248
20.0,20,rolling_range_30,0.010445779743826105
20.0,20,vwap,0.010435374675407297
20.0,20,rolling_range_60,0.010238641207771642
20.0,20,close,0.010001620366459801
20.0,20,low,0.009676372477163872
20.0,20,rolling_mean_15,0.009545015880749338
20.0,20,rolling_mean_5,0.009407317265868187
20.0,20,high,0.009260138031095266
20.0,20,log_price,0.008871413057758695
20.0,20,vwap_distance_pct,0.008729220279270694
20.0,20,mean_distance_60,0.008679035784942763
20.0,20,rolling_std_60,0.008552611228965577
20.0,20,ou_residual_30,0.008500452020338603
20.0,20,vwap_distance,0.008447211723597277
20.0,20,realized_vol_60,0.008409284055233002
20.0,20,realized_vol_15,0.008273553058859847
20.0,20,ou_residual_60,0.008257092464537848
20.0,20,normalized_range_60,0.00822873737308241
20.0,20,rolling_range_15,0.008062368436228661
20.0,20,half_life_60,0.008055233197020633
20.0,20,ar1_coefficient_120,0.008014186839794829
20.0,20,open,0.00795378755511982
20.0,20,displacement_30,0.007838768418878317
20.0,20,ou_residual_120,0.0077986143130276886
20.0,20,normalized_vwap_distance,0.007734384210336776
20.0,20,variance_ratio_5_60,0.00761818096396469
20.0,20,return_15,0.007553488947451115
20.0,20,vol_ratio_30_60,0.007531167562341406
20.0,20,mean_reversion_speed_30,0.0074675316434530984
20.0,20,return_30,0.007464201832633643
20.0,20,half_life_120,0.0074602412946877025
20.0,20,return_60,0.007454991872821536
20.0,20,normalized_range_15,0.007431274656915949
20.0,20,displacement_60,0.007413630983570502
20.0,20,vol_ratio_15_60,0.0073962461735521045
20.0,20,mean_reversion_speed_120,0.00737207287567712
20.0,20,mean_distance_5,0.007303383622673296
20.0,20,log_zscore_60,0.007285934606833118
20.0,20,log_return_30,0.007237841641264302
20.0,20,rolling_range_5,0.0072311522394773505
20.0,20,rolling_std_30,0.0071691661363556276
20.0,20,ar1_coefficient_30,0.007153298727990616
20.0,20,mean_reversion_speed_60,0.007103776847500177
20.0,20,autocorrelation_120,0.007091887960476535
20.0,20,variance_5,0.007064497320070153
20.0,20,abs_zscore_60,0.007025256464701323
20.0,20,log_return_60,0.007018461662699424
20.0,20,mean_distance_30,0.0070055218058682625
20.0,20,autocorrelation_30,0.007005474042324792
20.0,20,past_return_30,0.00700214651546308
20.0,20,vol_ratio_15_30,0.007000054454519635
20.0,20,ar1_coefficient_60,0.0069681635525609764
20.0,20,displacement_10,0.006961051929032519
20.0,20,realized_vol_5,0.006944260693022183
20.0,20,zscore_60,0.006941245469663825
20.0,20,normalized_range_30,0.006935997245212396
20.0,20,past_return_15,0.006913690805612575
20.0,20,normalized_ou_residual_120,0.006912144610569591
20.0,20,rolling_std_15,0.006888628471642733
20.0,20,vol_ratio_5_15,0.006823983996929158
20.0,20,autocorrelation_60,0.006797146007773422
20.0,20,mean_distance_15,0.006747485138475895
20.0,20,displacement_15,0.006674980766893853
20.0,20,vol_ratio_5_60,0.006656614464840719
20.0,20,log_return_15,0.006572938058525324
20.0,20,log_zscore_15,0.006550405130145096
20.0,20,vol_ratio_5_30,0.00650976775657563
20.0,20,variance_ratio_5_30,0.006498016394852172
20.0,20,half_life_30,0.006497784617490002
20.0,20,past_return_10,0.006466030254073087
20.0,20,log_return_10,0.006404383318676125
20.0,20,log_return_5,0.006380090900208978
20.0,20,return_10,0.006113657639140175
20.0,20,volume,0.006055977350721757
20.0,20,normalized_ou_residual_60,0.005924381737020754
20.0,20,log_zscore_30,0.005886404242898736
20.0,20,normalized_range_5,0.00578645807469175
20.0,20,abs_zscore_15,0.00578109952177675
20.0,20,displacement_5,0.005646928102665004
20.0,20,log_zscore_5,0.005580544604786805
20.0,20,rolling_std_5,0.00550957494747958
20.0,20,zscore_30,0.005470694929716133
20.0,20,return_5,0.005464187047133843
20.0,20,normalized_ou_residual_30,0.005259889416352269
20.0,20,abs_zscore_30,0.005255994475668385
20.0,20,zscore_15,0.005239052254529227
20.0,20,zscore_5,0.005111126916571742
20.0,20,past_return_3,0.005104463680514267
20.0,20,displacement_1,0.00503994349301571
20.0,20,return_1,0.005019015898661954
20.0,20,short_return,0.004976880681213169
20.0,20,abs_zscore_5,0.004964793810532207
20.0,20,log_return_1,0.004947168608417823
20.0,20,past_return_5,0.0048294332809746265
20.0,20,return,0.0044998525131848596
20.0,20,log_return,0.0043660094739780535
20.0,20,direction_60,0.0028729206727196774
20.0,20,long_return,0.0027694474823268442
20.0,20,zscore_direction_60,0.0014917889853850717
20.0,20,direction_15,0.0009920591865444468
20.0,20,direction_30,0.0008526487231609367
20.0,20,zscore_direction_5,0.0006962839203576247
20.0,20,direction_10,0.00030464653502262776
20.0,20,vwap_side,0.00021232573670290766
20.0,20,direction_1,0.0
20.0,20,direction_5,0.0
20.0,20,past_return_1,0.0
20.0,20,zscore_direction_15,0.0
20.0,20,zscore_direction_30,0.0
20.0,30,atr_15,0.07323066380229734
20.0,30,atr_5,0.06767097647700991
20.0,30,atr_60,0.024887615060877232
20.0,30,atr_30,0.01797509743344216
20.0,30,variance_30,0.01414246384852699
20.0,30,minutes_until_rth_close,0.013861449169261115
20.0,30,variance_60,0.013564735052308865
20.0,30,minutes_since_rth_open,0.01199638391179698
20.0,30,vwap,0.01180685790521758
20.0,30,rth_progress,0.011496859874265889
20.0,30,rolling_range_30,0.011132333250272842
20.0,30,log_price,0.010994056417118935
20.0,30,rolling_mean_60,0.01092530946646418
20.0,30,rolling_mean_30,0.010854597691269148
20.0,30,typical_price,0.010642698655525843
20.0,30,low,0.010402645073121502
20.0,30,close,0.010241747567696231
20.0,30,rolling_range_60,0.010129216171446302
20.0,30,realized_vol_30,0.010106362779403017
20.0,30,vwap_distance_pct,0.009769056701943987
20.0,30,rolling_mean_5,0.009702254663265887
20.0,30,high,0.009596673838262047
20.0,30,rolling_mean_15,0.00953435232596738
20.0,30,realized_vol_60,0.009424730159697078
20.0,30,true_range,0.009136935385564962
20.0,30,half_life_60,0.009075214443284841
20.0,30,realized_vol_15,0.008944891991892032
20.0,30,vwap_distance,0.00882639822417072
20.0,30,normalized_range_60,0.00863677185649673
20.0,30,rolling_std_60,0.008605171438483964
20.0,30,mean_distance_60,0.008546077912407262
20.0,30,normalized_range_15,0.008297352652464594
20.0,30,half_life_30,0.008279878446566207
20.0,30,ou_residual_60,0.00824718600848601
20.0,30,ou_residual_120,0.00824420859238931
20.0,30,ou_residual_30,0.008205031421745107
20.0,30,mean_reversion_speed_120,0.008183691694977738
20.0,30,ar1_coefficient_120,0.008131032388302543
20.0,30,vol_ratio_30_60,0.008118953356253249
20.0,30,vol_ratio_15_60,0.008085161314478942
20.0,30,displacement_60,0.00800097891173902
20.0,30,open,0.007946013140359096
20.0,30,rolling_range_5,0.007896688500685351
20.0,30,log_zscore_60,0.007867585512853804
20.0,30,return_60,0.007839964392284552
20.0,30,log_return_60,0.007796783975902058
20.0,30,return_15,0.007765123709326699
20.0,30,mean_reversion_speed_60,0.007706963235423679
20.0,30,rolling_range_15,0.007691707218154555
20.0,30,normalized_vwap_distance,0.007660633086093834
20.0,30,autocorrelation_120,0.007637114774080969
20.0,30,ar1_coefficient_60,0.00758106696108977
20.0,30,mean_reversion_speed_30,0.007580302566999481
20.0,30,normalized_ou_residual_120,0.007538047086979661
20.0,30,mean_distance_30,0.007462989915871904
20.0,30,variance_5,0.007455317503107446
20.0,30,past_return_30,0.007402242848738318
20.0,30,displacement_30,0.007386194497701668
20.0,30,ar1_coefficient_30,0.007212690077722073
20.0,30,rolling_std_30,0.007192743498654593
20.0,30,past_return_15,0.007186920293385074
20.0,30,vol_ratio_15_30,0.007182497841616471
20.0,30,return_30,0.007180876675106231
20.0,30,half_life_120,0.007147758933050292
20.0,30,variance_ratio_5_60,0.007096748311249982
20.0,30,zscore_60,0.007042230749946265
20.0,30,rolling_std_15,0.006893025134645757
20.0,30,normalized_range_30,0.006892353739766847
20.0,30,log_return_30,0.006884264914939801
20.0,30,realized_vol_5,0.0068685998253169515
20.0,30,log_return_15,0.0068564713666481635
20.0,30,vol_ratio_5_30,0.006846796078163953
20.0,30,past_return_10,0.00680265101116328
20.0,30,autocorrelation_30,0.006792423004905383
20.0,30,mean_distance_15,0.0067810180508309885
20.0,30,autocorrelation_60,0.006694029595348097
20.0,30,displacement_15,0.006662590828325067
20.0,30,displacement_10,0.006639179662756976
20.0,30,abs_zscore_60,0.006557373463043145
20.0,30,mean_distance_5,0.006485148643453916
20.0,30,vol_ratio_5_15,0.006422385761869096
20.0,30,return_10,0.006376486626409349
20.0,30,vol_ratio_5_60,0.006334237687821899
20.0,30,volume,0.006252405965434653
20.0,30,variance_ratio_5_30,0.006216528625892741
20.0,30,rolling_std_5,0.006128038457106976
20.0,30,normalized_ou_residual_60,0.006051531848719432
20.0,30,log_return_5,0.00603182282343152
20.0,30,log_zscore_5,0.005891038204676339
20.0,30,log_return_10,0.0058901286905720125
20.0,30,log_zscore_30,0.0057363006774158705
20.0,30,log_zscore_15,0.005720582014570634
20.0,30,displacement_5,0.0056613510297167866
20.0,30,return_5,0.005470617230804194
20.0,30,abs_zscore_15,0.005374731795330133
20.0,30,normalized_range_5,0.0053581371903419495
20.0,30,zscore_15,0.005221317877017316
20.0,30,return_1,0.005184875457503256
20.0,30,short_return,0.005110750218764657
20.0,30,log_return_1,0.005104049142184002
20.0,30,zscore_30,0.005102103443018028
20.0,30,past_return_3,0.005095241214370444
20.0,30,abs_zscore_30,0.004980995641311719
20.0,30,displacement_1,0.00496649116809879
20.0,30,past_return_5,0.004933525342494249
20.0,30,zscore_5,0.0047223602332884355
20.0,30,abs_zscore_5,0.00467509539088323
20.0,30,return,0.004166449542113003
20.0,30,log_return,0.004068185309214252
20.0,30,normalized_ou_residual_30,0.003850169191580443
20.0,30,long_return,0.0024652842382368234
20.0,30,zscore_direction_60,0.0020866073401910917
20.0,30,zscore_direction_5,0.0018221328611530009
20.0,30,direction_60,0.0010142353185940358
20.0,30,direction_15,0.0005880135798915511
20.0,30,direction_1,0.0001586010967869134
20.0,30,direction_10,0.0
20.0,30,direction_30,0.0
20.0,30,direction_5,0.0
20.0,30,past_return_1,0.0
20.0,30,vwap_side,0.0
20.0,30,zscore_direction_15,0.0
20.0,30,zscore_direction_30,0.0
20.0,60,atr_15,0.05134619399905205
20.0,60,atr_30,0.028326907106453462
20.0,60,atr_5,0.025729320832483825
20.0,60,atr_60,0.025541410382304872
20.0,60,minutes_until_rth_close,0.014643260499551183
20.0,60,typical_price,0.01462247883457513
20.0,60,rth_progress,0.01388674805916491
20.0,60,rolling_range_30,0.013582138255948112
20.0,60,rolling_mean_60,0.013395133827413832
20.0,60,log_price,0.012910758810383933
20.0,60,minutes_since_rth_open,0.012607685112882228
20.0,60,rolling_mean_15,0.012545541860163212
20.0,60,vwap,0.012440398379805543
20.0,60,close,0.012336316474136851
20.0,60,low,0.011935766564593428
20.0,60,rolling_range_60,0.011873719504191763
20.0,60,rolling_mean_30,0.01153874836329903
20.0,60,realized_vol_15,0.011352207289919966
20.0,60,rolling_mean_5,0.011298730614639464
20.0,60,rolling_range_5,0.01127988217575919
20.0,60,variance_30,0.011143590700590894
20.0,60,rolling_range_15,0.010892925695294426
20.0,60,variance_60,0.010528917202637308
20.0,60,high,0.010435512289404869
20.0,60,vwap_distance_pct,0.010332755300970305
20.0,60,realized_vol_30,0.010203530080616474
20.0,60,vwap_distance,0.010095464952644847
20.0,60,realized_vol_60,0.009972949955789815
20.0,60,open,0.009463295340538025
20.0,60,normalized_range_60,0.009370105695866403
20.0,60,normalized_vwap_distance,0.00935425471869253
20.0,60,ou_residual_120,0.009209870272094295
20.0,60,mean_reversion_speed_120,0.009094116300167073
20.0,60,half_life_60,0.009021444645311152
20.0,60,ar1_coefficient_120,0.008998288019072442
20.0,60,vol_ratio_15_60,0.008840299699278105
20.0,60,displacement_60,0.008818516884708688
20.0,60,ou_residual_30,0.008756481510187899
20.0,60,rolling_std_60,0.008677771071060783
20.0,60,rolling_std_30,0.008672553935043868
20.0,60,mean_distance_60,0.008655067954567216
20.0,60,mean_reversion_speed_60,0.00853628568750407
20.0,60,ou_residual_60,0.008511499656985203
20.0,60,ar1_coefficient_60,0.008294269775173493
20.0,60,return_60,0.008171194499092442
20.0,60,half_life_120,0.008148166262322948
20.0,60,vol_ratio_30_60,0.008135120717010327
20.0,60,return_30,0.008079054831926311
20.0,60,true_range,0.008050176381532635
20.0,60,normalized_ou_residual_120,0.008025346745160363
20.0,60,displacement_30,0.007975887906338488
20.0,60,past_return_30,0.007970340882561036
20.0,60,log_return_60,0.007939631208067848
20.0,60,normalized_range_30,0.007907458847122533
20.0,60,autocorrelation_120,0.007901417468452738
20.0,60,vol_ratio_15_30,0.007880158057170255
20.0,60,mean_distance_15,0.00786840022053747
20.0,60,mean_distance_30,0.007813616877510435
20.0,60,return_15,0.0077965970239823774
20.0,60,mean_reversion_speed_30,0.0077542755309314955
20.0,60,rolling_std_15,0.0077527897388097785
20.0,60,variance_5,0.007738647893780754
20.0,60,normalized_range_15,0.007623439876451379
20.0,60,log_return_30,0.00757618902605914
20.0,60,log_zscore_60,0.007528310796866815
20.0,60,autocorrelation_60,0.007484272898485263
20.0,60,volume,0.007395386008457059
20.0,60,log_return_15,0.007392531061278922
20.0,60,ar1_coefficient_30,0.007369842047670058
20.0,60,zscore_60,0.007181474451153051
20.0,60,past_return_15,0.007069593029362815
20.0,60,displacement_15,0.007067047680417697
20.0,60,vol_ratio_5_60,0.007046910446314584
20.0,60,vol_ratio_5_15,0.006899512439434018
20.0,60,realized_vol_5,0.006849764047988823
20.0,60,variance_ratio_5_60,0.006832652880499761
20.0,60,autocorrelation_30,0.006823341783490919
20.0,60,abs_zscore_60,0.006769071909643355
20.0,60,log_zscore_15,0.006698502219348613
20.0,60,vol_ratio_5_30,0.006661056296988612
20.0,60,variance_ratio_5_30,0.006538427479210354
20.0,60,displacement_10,0.006498338322022131
20.0,60,past_return_10,0.006439956991622846
20.0,60,return_10,0.0064049944547670224
20.0,60,log_return_10,0.006355314205090205
20.0,60,log_zscore_30,0.0063528572874409816
20.0,60,short_return,0.006201024056367931
20.0,60,normalized_ou_residual_60,0.006038381463094126
20.0,60,half_life_30,0.005989426192605779
20.0,60,mean_distance_5,0.005764228147676303
20.0,60,abs_zscore_15,0.005695598576927469
20.0,60,log_zscore_5,0.0055047727988234586
20.0,60,return_1,0.005453162815510517
20.0,60,displacement_5,0.0053719590484563795
20.0,60,rolling_std_5,0.005367359190824486
20.0,60,normalized_range_5,0.005307573315110945
20.0,60,log_return_1,0.005226126417428965
20.0,60,abs_zscore_30,0.005178480231690975
20.0,60,return_5,0.005165683305157083
20.0,60,past_return_3,0.005105874545517422
20.0,60,zscore_15,0.005086356374834265
20.0,60,past_return_5,0.004924357270023653
20.0,60,displacement_1,0.0048332656622819955
20.0,60,zscore_30,0.004792463300483567
20.0,60,log_return_5,0.004779835801205731
20.0,60,abs_zscore_5,0.004746422570730958
20.0,60,zscore_5,0.0044848255458332245
20.0,60,normalized_ou_residual_30,0.004442725325047615
20.0,60,return,0.004298063821070606
20.0,60,log_return,0.0042749398964501565
20.0,60,long_return,0.0022291867921705403
20.0,60,zscore_direction_60,0.0021881632551196076
20.0,60,direction_15,0.0018399099797187816
20.0,60,direction_60,0.0005563681590415182
20.0,60,zscore_direction_5,0.0002093951084784099
20.0,60,direction_30,0.0001039010960431326
20.0,60,direction_1,0.0
20.0,60,direction_10,0.0
20.0,60,direction_5,0.0
20.0,60,past_return_1,0.0
20.0,60,vwap_side,0.0
20.0,60,zscore_direction_15,0.0
20.0,60,zscore_direction_30,0.0
20.0,120,atr_30,0.039277138986757824
20.0,120,atr_15,0.02306424799774374
20.0,120,atr_5,0.018570340881567626
20.0,120,minutes_until_rth_close,0.017650957219302654
20.0,120,rth_progress,0.01659513513247172
20.0,120,rolling_range_30,0.015972438623153028
20.0,120,typical_price,0.015117908074032693
20.0,120,rolling_mean_15,0.014848588211905388
20.0,120,atr_60,0.014422983995505742
20.0,120,close,0.01412964669898862
20.0,120,rolling_mean_60,0.013842421894272169
20.0,120,vwap,0.013751742563077382
20.0,120,minutes_since_rth_open,0.013587760650331066
20.0,120,rolling_mean_30,0.013441599639398711
20.0,120,low,0.012894387223890849
20.0,120,rolling_mean_5,0.012771706540314924
20.0,120,log_price,0.01253384460384647
20.0,120,vwap_distance_pct,0.011372161319568044
20.0,120,high,0.01131219332594247
20.0,120,true_range,0.011030878051228467
20.0,120,vwap_distance,0.01082651357033423
20.0,120,normalized_vwap_distance,0.0106380365877634
20.0,120,realized_vol_60,0.01062201393679494
20.0,120,variance_30,0.010410302540376073
20.0,120,vol_ratio_15_60,0.010224831334891774
20.0,120,open,0.010203269221598194
20.0,120,rolling_range_15,0.010151103804154056
20.0,120,rolling_range_60,0.010124947121810345
20.0,120,ar1_coefficient_120,0.0099318145463864
20.0,120,variance_60,0.009850336504834039
20.0,120,mean_reversion_speed_60,0.009831226164741176
20.0,120,realized_vol_30,0.009781142031507832
20.0,120,half_life_60,0.009747263531954516
20.0,120,ou_residual_30,0.009650853817306813
20.0,120,rolling_range_5,0.009609234652348928
20.0,120,realized_vol_15,0.009606302627140567
20.0,120,mean_reversion_speed_120,0.009570335326272817
20.0,120,displacement_60,0.009350266484987168
20.0,120,normalized_range_60,0.009113193267867678
20.0,120,vol_ratio_30_60,0.009105851718535026
20.0,120,mean_distance_15,0.008968605172066461
20.0,120,ou_residual_120,0.0089284171394649
20.0,120,ar1_coefficient_60,0.008925839238578365
20.0,120,rolling_std_60,0.008766879482815662
20.0,120,ou_residual_60,0.008719871286302805
20.0,120,autocorrelation_120,0.008667895459525642
20.0,120,rolling_std_30,0.00862121679598377
20.0,120,rolling_std_15,0.00852882686913723
20.0,120,mean_distance_60,0.008465330515589033
20.0,120,mean_distance_30,0.008395874540188484
20.0,120,log_return_60,0.008316157186137778
20.0,120,normalized_ou_residual_120,0.008312602882229146
20.0,120,vol_ratio_15_30,0.008271373342722654
20.0,120,return_60,0.008239293337932654
20.0,120,half_life_120,0.008236379384817112
20.0,120,return_15,0.008122279597002836
20.0,120,displacement_30,0.008116246711107947
20.0,120,autocorrelation_60,0.007964802196338064
20.0,120,return_30,0.00795368952233167
20.0,120,mean_reversion_speed_30,0.007942057680338621
20.0,120,log_zscore_60,0.007859727367758751
20.0,120,normalized_range_30,0.007743940666495334
20.0,120,ar1_coefficient_30,0.00774276622438005
20.0,120,log_return_30,0.007676989039672273
20.0,120,displacement_15,0.007666921664384149
20.0,120,past_return_30,0.007576455339966785
20.0,120,vol_ratio_5_60,0.007429927698380891
20.0,120,variance_ratio_5_60,0.007293320238767635
20.0,120,past_return_15,0.007254115117359019
20.0,120,normalized_range_15,0.007208773755424079
20.0,120,zscore_60,0.007136724179699307
20.0,120,vol_ratio_5_15,0.007050018779756058
20.0,120,variance_5,0.007049423221143938
20.0,120,half_life_30,0.006985584595462396
20.0,120,displacement_10,0.006983589092713027
20.0,120,log_return_15,0.00691762616458748
20.0,120,abs_zscore_60,0.006864462469127916
20.0,120,realized_vol_5,0.006855168601586705
20.0,120,vol_ratio_5_30,0.006841053343599751
20.0,120,autocorrelation_30,0.006790301052942162
20.0,120,return_10,0.006782625668815204
20.0,120,volume,0.00671291732717128
20.0,120,variance_ratio_5_30,0.006673499143549374
20.0,120,past_return_10,0.006553511357023602
20.0,120,log_return_10,0.006471798832838734
20.0,120,normalized_ou_residual_60,0.006248497526117024
20.0,120,log_zscore_15,0.006248405979325374
20.0,120,log_zscore_30,0.006131322211807682
20.0,120,log_return_5,0.005962708122318699
20.0,120,rolling_std_5,0.005813253744106207
20.0,120,displacement_5,0.005506733543283883
20.0,120,mean_distance_5,0.005464290734380484
20.0,120,abs_zscore_30,0.005363427911929432
20.0,120,return_5,0.005357291305526381
20.0,120,abs_zscore_15,0.0053089026561273
20.0,120,zscore_30,0.005249070857341091
20.0,120,past_return_5,0.005193585308179969
20.0,120,short_return,0.005192195985554939
20.0,120,log_return_1,0.00516503107445758
20.0,120,return_1,0.005081660225100461
20.0,120,normalized_range_5,0.005021706644800447
20.0,120,displacement_1,0.005017933236168963
20.0,120,normalized_ou_residual_30,0.004960341331925953
20.0,120,zscore_15,0.004873412949520917
20.0,120,log_zscore_5,0.004810425530498226
20.0,120,past_return_3,0.004764038448532422
20.0,120,abs_zscore_5,0.004734575903664033
20.0,120,zscore_5,0.004317678045481443
20.0,120,return,0.004182654859808584
20.0,120,log_return,0.003997560912033632
20.0,120,direction_60,0.002199674402141855
20.0,120,long_return,0.002161536802997857
20.0,120,direction_15,0.0018639233562030963
20.0,120,zscore_direction_60,0.0009239737742713519
20.0,120,direction_30,0.0009221159853041172
20.0,120,vwap_side,0.000786965446812766
20.0,120,zscore_direction_5,5.3308732319800624e-05
20.0,120,direction_1,0.0
20.0,120,direction_10,0.0
20.0,120,direction_5,0.0
20.0,120,past_return_1,0.0
20.0,120,zscore_direction_15,0.0
20.0,120,zscore_direction_30,0.0
25.0,5,atr_5,0.1107120733885538
25.0,5,atr_15,0.05219115122842292
25.0,5,atr_30,0.02065294036375625
25.0,5,variance_30,0.018525110025491034
25.0,5,rth_progress,0.012163197555180107
25.0,5,minutes_until_rth_close,0.011989513279071875
25.0,5,vwap_distance_pct,0.01194719426954786
25.0,5,rolling_range_60,0.011904575385241992
25.0,5,variance_60,0.011393033566751651
25.0,5,minutes_since_rth_open,0.01118344901173952
25.0,5,rolling_range_30,0.010967348721654465
25.0,5,atr_60,0.010406444869225933
25.0,5,realized_vol_30,0.00989256322472578
25.0,5,true_range,0.009774577216289583
25.0,5,vwap_distance,0.009629122646791595
25.0,5,mean_distance_60,0.009299391237575384
25.0,5,rolling_mean_30,0.009169433199401413
25.0,5,log_return_10,0.009128752984993514
25.0,5,rolling_range_15,0.00900289649143815
25.0,5,mean_distance_5,0.008877149206541833
25.0,5,log_zscore_5,0.008727865775914065
25.0,5,realized_vol_60,0.008581963988641897
25.0,5,volume,0.008577290756095732
25.0,5,close,0.008517880380774537
25.0,5,vwap,0.008434768211806104
25.0,5,rolling_mean_5,0.008352235480699511
25.0,5,displacement_60,0.008295110837068586
25.0,5,rolling_range_5,0.00825687593203925
25.0,5,rolling_mean_60,0.008219833907094739
25.0,5,rolling_mean_15,0.008219667998630376
25.0,5,return_10,0.008130681701004505
25.0,5,low,0.008054160978645086
25.0,5,realized_vol_5,0.008010722807652894
25.0,5,normalized_vwap_distance,0.007977063146730265
25.0,5,realized_vol_15,0.00792506134824916
25.0,5,typical_price,0.007820831456532082
25.0,5,ou_residual_120,0.007729604485489074
25.0,5,displacement_10,0.007702957971819809
25.0,5,high,0.007627291014484529
25.0,5,rolling_std_30,0.0075538914561981245
25.0,5,variance_ratio_5_30,0.007457149348088673
25.0,5,half_life_30,0.0073973575185629584
25.0,5,vol_ratio_30_60,0.007289810926609096
25.0,5,return_60,0.007278764243459418
25.0,5,displacement_15,0.007278579597671826
25.0,5,ar1_coefficient_60,0.007262997406845291
25.0,5,normalized_range_60,0.007219469041696617
25.0,5,rolling_std_60,0.0072114066265168645
25.0,5,ou_residual_60,0.0072107657213651
25.0,5,open,0.007198378953727938
25.0,5,abs_zscore_15,0.007178608372452713
25.0,5,vol_ratio_5_15,0.00713449431627634
25.0,5,vol_ratio_5_60,0.007126461071450086
25.0,5,mean_distance_30,0.007115386470797516
25.0,5,rolling_std_5,0.007084289720902841
25.0,5,displacement_1,0.0070614565075153395
25.0,5,return_30,0.00705128675326705
25.0,5,normalized_ou_residual_120,0.007039736956357956
25.0,5,vol_ratio_5_30,0.007008864012147699
25.0,5,mean_reversion_speed_60,0.007002957253938629
25.0,5,vol_ratio_15_30,0.00690904978130545
25.0,5,normalized_range_15,0.0069057791759925225
25.0,5,ou_residual_30,0.006881886328171406
25.0,5,zscore_60,0.0068607997548367295
25.0,5,variance_5,0.006847427880746268
25.0,5,log_zscore_60,0.006828249814654035
25.0,5,half_life_60,0.0067972884890401646
25.0,5,long_return,0.006788811446832759
25.0,5,past_return_15,0.006769412640659582
25.0,5,ar1_coefficient_120,0.0067616467630224565
25.0,5,mean_distance_15,0.006761091317804087
25.0,5,variance_ratio_5_60,0.006714039703919774
25.0,5,displacement_5,0.006711847969286498
25.0,5,return_15,0.006698926755537589
25.0,5,return_5,0.006692737684629503
25.0,5,log_zscore_30,0.006653145543255266
25.0,5,log_zscore_15,0.006639630567016346
25.0,5,mean_reversion_speed_30,0.006570862567362686
25.0,5,abs_zscore_60,0.006550935274433522
25.0,5,autocorrelation_60,0.006539983187048208
25.0,5,normalized_range_30,0.006538908950807084
25.0,5,zscore_15,0.006507792266174441
25.0,5,vol_ratio_15_60,0.006503305675107099
25.0,5,past_return_30,0.006497027341365104
25.0,5,log_return_1,0.00646427307289005
25.0,5,log_return_60,0.006338883756792971
25.0,5,ar1_coefficient_30,0.006327682130393528
25.0,5,half_life_120,0.006289933664014652
25.0,5,autocorrelation_30,0.006286778575962498
25.0,5,mean_reversion_speed_120,0.006247008418930429
25.0,5,rolling_std_15,0.006211371047400115
25.0,5,past_return_10,0.006195751539919348
25.0,5,log_return_5,0.0061952222936919755
25.0,5,log_return_30,0.00613362965218368
25.0,5,log_return_15,0.005998891578721148
25.0,5,zscore_30,0.005969703530094453
25.0,5,zscore_5,0.005939577484414691
25.0,5,displacement_30,0.005939510861589085
25.0,5,normalized_ou_residual_60,0.00592330823253308
25.0,5,autocorrelation_120,0.00591290610221525
25.0,5,past_return_3,0.005881634945537718
25.0,5,return,0.005867916192593319
25.0,5,normalized_range_5,0.005821561196907645
25.0,5,log_price,0.005793852798108544
25.0,5,return_1,0.0057696867623322065
25.0,5,abs_zscore_30,0.00576019903556222
25.0,5,abs_zscore_5,0.005728476425810229
25.0,5,short_return,0.005355610135233118
25.0,5,past_return_5,0.0053526766465178555
25.0,5,normalized_ou_residual_30,0.0052109017269685864
25.0,5,log_return,0.005071036550881607
25.0,5,vwap_side,0.0012364624334233148
25.0,5,direction_60,0.0009108221690569605
25.0,5,direction_15,0.000566826102190784
25.0,5,direction_5,0.0005259452099424033
25.0,5,direction_30,0.0003512982012970107
25.0,5,zscore_direction_5,0.00025557294810867113
25.0,5,zscore_direction_60,0.00010061622153790224
25.0,5,direction_1,0.0
25.0,5,direction_10,0.0
25.0,5,past_return_1,0.0
25.0,5,zscore_direction_15,0.0
25.0,5,zscore_direction_30,0.0
25.0,10,atr_5,0.11223396650027662
25.0,10,atr_15,0.056953834901962964
25.0,10,atr_30,0.017975049547939784
25.0,10,minutes_until_rth_close,0.016664775531916393
25.0,10,atr_60,0.014320126779022672
25.0,10,variance_60,0.01430366150591345
25.0,10,variance_30,0.012161373027733393
25.0,10,rth_progress,0.011655129580980255
25.0,10,minutes_since_rth_open,0.011616724875888653
25.0,10,rolling_range_60,0.010752530591118904
25.0,10,rolling_range_30,0.010117476661911323
25.0,10,vwap_distance_pct,0.010104931669221037
25.0,10,mean_distance_60,0.01002142627146982
25.0,10,true_range,0.009605928811998595
25.0,10,low,0.009592153686320498
25.0,10,vwap_distance,0.009585260125320582
25.0,10,vwap,0.009509430156045016
25.0,10,realized_vol_30,0.009490596241362038
25.0,10,rolling_mean_30,0.009391060276400475
25.0,10,rolling_mean_60,0.009246887905257089
25.0,10,rolling_mean_15,0.009230838068539188
25.0,10,rolling_mean_5,0.009097463406977199
25.0,10,realized_vol_60,0.009070067378204493
25.0,10,typical_price,0.009017300769864093
25.0,10,close,0.00898563660060366
25.0,10,open,0.008840869025637707
25.0,10,log_return_30,0.008635178984453281
25.0,10,rolling_range_15,0.008515512038554465
25.0,10,high,0.008509553680639891
25.0,10,rolling_std_60,0.008158948848999682
25.0,10,rolling_range_5,0.008103840529829973
25.0,10,realized_vol_15,0.008074861762690403
25.0,10,return_30,0.007920495389650265
25.0,10,half_life_60,0.007827147553187041
25.0,10,mean_distance_5,0.007777682239455836
25.0,10,normalized_vwap_distance,0.007746082508847827
25.0,10,abs_zscore_60,0.007670087340687003
25.0,10,ou_residual_120,0.007513683599730332
25.0,10,mean_reversion_speed_120,0.007503023570669549
25.0,10,normalized_ou_residual_120,0.00748587381981668
25.0,10,normalized_range_30,0.007477804064928066
25.0,10,log_zscore_60,0.007433665029349781
25.0,10,return_5,0.007325702413384404
25.0,10,ar1_coefficient_120,0.007289481726253317
25.0,10,vol_ratio_15_60,0.007268872688568774
25.0,10,normalized_range_60,0.007252346391656569
25.0,10,zscore_60,0.007245501614220086
25.0,10,autocorrelation_120,0.007213429946984563
25.0,10,return_60,0.00717346625225175
25.0,10,displacement_30,0.007153937548753761
25.0,10,return_15,0.0071036553986015775
25.0,10,mean_reversion_speed_60,0.007079407949710176
25.0,10,variance_ratio_5_60,0.007070087517301242
25.0,10,mean_reversion_speed_30,0.007007582844900233
25.0,10,volume,0.0070035372239847975
25.0,10,variance_5,0.006956789398654586
25.0,10,half_life_30,0.006920379431297381
25.0,10,ou_residual_30,0.006919608983610358
25.0,10,log_return_10,0.006917219531411926
25.0,10,ar1_coefficient_60,0.006871117811117854
25.0,10,ar1_coefficient_30,0.00686794530511612
25.0,10,ou_residual_60,0.006861845846287906
25.0,10,half_life_120,0.006845650551397176
25.0,10,realized_vol_5,0.006804132967122963
25.0,10,log_return_60,0.006794553227900039
25.0,10,rolling_std_30,0.006793097459844181
25.0,10,displacement_60,0.006785308981003861
25.0,10,log_price,0.006767007344890209
25.0,10,vol_ratio_30_60,0.00676607389357828
25.0,10,mean_distance_30,0.006747647077732143
25.0,10,log_zscore_30,0.00674763628991232
25.0,10,mean_distance_15,0.006730137015914633
25.0,10,vol_ratio_5_60,0.006713021480079208
25.0,10,past_return_15,0.006711998533102728
25.0,10,variance_ratio_5_30,0.006668037313613154
25.0,10,log_zscore_15,0.006637856441860397
25.0,10,normalized_range_15,0.006626257229418982
25.0,10,log_return_15,0.006610272696153039
25.0,10,rolling_std_15,0.006553414577086057
25.0,10,return_10,0.006518588911387182
25.0,10,vol_ratio_5_15,0.006507993010537965
25.0,10,log_return_1,0.006506683282731544
25.0,10,past_return_30,0.006467397169520457
25.0,10,autocorrelation_60,0.00646289089872014
25.0,10,vol_ratio_5_30,0.006452181953049842
25.0,10,vol_ratio_15_30,0.006384801119565964
25.0,10,rolling_std_5,0.006344477002996774
25.0,10,autocorrelation_30,0.00631703624856614
25.0,10,displacement_15,0.006312189956328699
25.0,10,displacement_10,0.00623123550654522
25.0,10,log_zscore_5,0.006108306841703043
25.0,10,past_return_10,0.006046291507248368
25.0,10,zscore_15,0.006033230750333695
25.0,10,abs_zscore_15,0.006006650360567229
25.0,10,normalized_ou_residual_60,0.005884738378794975
25.0,10,past_return_3,0.005827207229144517
25.0,10,zscore_5,0.005774525615076224
25.0,10,log_return_5,0.005762435595637986
25.0,10,return_1,0.005761717279840793
25.0,10,abs_zscore_30,0.005752933588588522
25.0,10,short_return,0.00565640770253681
25.0,10,zscore_30,0.005656171678787186
25.0,10,displacement_5,0.005651866074740177
25.0,10,displacement_1,0.005645852347481109
25.0,10,normalized_range_5,0.005641246502775522
25.0,10,past_return_5,0.00548743252598104
25.0,10,abs_zscore_5,0.005199112042429901
25.0,10,log_return,0.004898543902007597
25.0,10,normalized_ou_residual_30,0.004770642789524226
25.0,10,return,0.004349585655810577
25.0,10,long_return,0.002634060211546187
25.0,10,zscore_direction_60,0.0012667503462926973
25.0,10,direction_5,0.0008534040812048174
25.0,10,zscore_direction_5,0.0003168787585482711
25.0,10,vwap_side,0.0003064709183360849
25.0,10,direction_60,0.0003013282659507933
25.0,10,direction_30,0.00019875978164020039
25.0,10,direction_1,0.0
25.0,10,direction_10,0.0
25.0,10,direction_15,0.0
25.0,10,past_return_1,0.0
25.0,10,zscore_direction_15,0.0
25.0,10,zscore_direction_30,0.0
25.0,20,atr_15,0.08230091808807283
25.0,20,atr_5,0.0814420719231878
25.0,20,atr_60,0.02182627220948537
25.0,20,minutes_until_rth_close,0.015026092218856016
25.0,20,atr_30,0.01426775704714514
25.0,20,rth_progress,0.013634099802445798
25.0,20,variance_60,0.01347485783376864
25.0,20,minutes_since_rth_open,0.012668669046390624
25.0,20,rolling_mean_30,0.011177918319368646
25.0,20,typical_price,0.010598578224224704
25.0,20,vwap,0.010238307594720806
25.0,20,rolling_mean_60,0.010033379486274151
25.0,20,close,0.009908870838227727
25.0,20,vwap_distance_pct,0.00987708062997886
25.0,20,realized_vol_30,0.009831387438767013
25.0,20,variance_30,0.009607505740686542
25.0,20,rolling_mean_5,0.009425462356635503
25.0,20,realized_vol_15,0.009407705361289638
25.0,20,mean_distance_60,0.009316482714244298
25.0,20,vwap_distance,0.009252447524063644
25.0,20,rolling_range_60,0.009090048948391563
25.0,20,log_return_5,0.009065731240081646
25.0,20,rolling_range_30,0.00902459074166559
25.0,20,realized_vol_60,0.008958947090875535
25.0,20,high,0.00890918140343967
25.0,20,rolling_mean_15,0.008882371620053337
25.0,20,ou_residual_60,0.008876759492393051
25.0,20,half_life_60,0.008667275664352235
25.0,20,low,0.008653658952209212
25.0,20,return_60,0.008431497118657543
25.0,20,log_zscore_60,0.008360587260020631
25.0,20,rolling_std_60,0.00832744368485042
25.0,20,vol_ratio_30_60,0.00823871334571214
25.0,20,normalized_range_60,0.008184488774055526
25.0,20,displacement_60,0.008151487802110967
25.0,20,true_range,0.008146243081206367
25.0,20,ou_residual_120,0.008015711060059922
25.0,20,zscore_60,0.00795581950140851
25.0,20,open,0.007934502680741605
25.0,20,half_life_120,0.007896113120729015
25.0,20,mean_reversion_speed_30,0.00779661334430178
25.0,20,abs_zscore_60,0.007765453719046144
25.0,20,normalized_vwap_distance,0.007762284683329719
25.0,20,log_price,0.007633063110655972
25.0,20,vol_ratio_15_60,0.0076093219131940885
25.0,20,mean_distance_5,0.007585590195265554
25.0,20,ar1_coefficient_120,0.0075732932337338014
25.0,20,mean_reversion_speed_120,0.007539457663716305
25.0,20,mean_distance_30,0.007491265334898517
25.0,20,log_return_60,0.007443306368908712
25.0,20,displacement_30,0.007439807168252412
25.0,20,return_30,0.007437285091284485
25.0,20,return_15,0.007409129779608477
25.0,20,variance_ratio_5_30,0.007374674259197144
25.0,20,normalized_range_15,0.007319637884696324
25.0,20,variance_ratio_5_60,0.007306407006191356
25.0,20,vol_ratio_5_60,0.007294261318054937
25.0,20,normalized_ou_residual_120,0.0072864290504228504
25.0,20,ar1_coefficient_30,0.007223708377707572
25.0,20,rolling_std_30,0.00719494813875783
25.0,20,rolling_range_15,0.007167891621412266
25.0,20,autocorrelation_60,0.007163848550546737
25.0,20,rolling_range_5,0.007146718978349652
25.0,20,variance_5,0.007125831297820523
25.0,20,mean_reversion_speed_60,0.0071241542297814575
25.0,20,ar1_coefficient_60,0.007120016186187665
25.0,20,normalized_range_30,0.0070745016315153664
25.0,20,volume,0.007020860200836545
25.0,20,autocorrelation_120,0.007020544016822463
25.0,20,ou_residual_30,0.006960536563946377
25.0,20,past_return_30,0.006955881758282582
25.0,20,vol_ratio_15_30,0.006920402226526113
25.0,20,log_return_30,0.006904082924371497
25.0,20,vol_ratio_5_15,0.006903347647970631
25.0,20,half_life_30,0.00684515145119457
25.0,20,displacement_15,0.0068206592196864745
25.0,20,rolling_std_5,0.006739163172564336
25.0,20,normalized_ou_residual_60,0.006724051532468626
25.0,20,realized_vol_5,0.006706226195785261
25.0,20,log_return_15,0.00665345629455433
25.0,20,rolling_std_15,0.006481953785710391
25.0,20,vol_ratio_5_30,0.00644205417484045
25.0,20,autocorrelation_30,0.006336158540632043
25.0,20,return_10,0.006260871665463561
25.0,20,past_return_15,0.006251397254388957
25.0,20,log_return_10,0.006245255736368043
25.0,20,mean_distance_15,0.0060698773623222395
25.0,20,displacement_5,0.0060468728077553565
25.0,20,log_zscore_15,0.005922637247879591
25.0,20,past_return_10,0.005858322583316337
25.0,20,log_zscore_30,0.0057668474813302355
25.0,20,normalized_range_5,0.00568780717661693
25.0,20,displacement_10,0.005667969418157425
25.0,20,log_zscore_5,0.005593957290762947
25.0,20,return_1,0.005406579756665798
25.0,20,return_5,0.005289183231070638
25.0,20,short_return,0.005254177786853342
25.0,20,zscore_15,0.005191872495093516
25.0,20,past_return_5,0.0051326335385619174
25.0,20,zscore_30,0.005078222203467574
25.0,20,abs_zscore_30,0.005062842808131661
25.0,20,displacement_1,0.005035698469284745
25.0,20,abs_zscore_15,0.005033093094382258
25.0,20,zscore_5,0.0050312406161711325
25.0,20,past_return_3,0.004953442385331506
25.0,20,log_return_1,0.004819099713737766
25.0,20,normalized_ou_residual_30,0.0046521691810561434
25.0,20,abs_zscore_5,0.0046015700236672445
25.0,20,log_return,0.004400493444076606
25.0,20,return,0.004039273597300053
25.0,20,long_return,0.0039532193470568884
25.0,20,zscore_direction_5,0.0005387295303600175
25.0,20,zscore_direction_60,0.0002242168633355981
25.0,20,direction_1,0.0
25.0,20,direction_10,0.0
25.0,20,direction_15,0.0
25.0,20,direction_30,0.0
25.0,20,direction_5,0.0
25.0,20,direction_60,0.0
25.0,20,past_return_1,0.0
25.0,20,vwap_side,0.0
25.0,20,zscore_direction_15,0.0
25.0,20,zscore_direction_30,0.0
25.0,30,atr_15,0.08127188119327738
25.0,30,atr_5,0.06408596819355375
25.0,30,atr_30,0.022463077701450812
25.0,30,atr_60,0.02216378900976408
25.0,30,minutes_until_rth_close,0.015597595921939328
25.0,30,rth_progress,0.015344315341540746
25.0,30,variance_30,0.013006677762383506
25.0,30,minutes_since_rth_open,0.012746045809416543
25.0,30,variance_60,0.012574307199212768
25.0,30,vwap,0.011155152826436929
25.0,30,low,0.010941639808671815
25.0,30,rolling_mean_60,0.010511692258573714
25.0,30,rolling_mean_30,0.010344448809822401
25.0,30,rolling_mean_15,0.01025060588671338
25.0,30,vwap_distance_pct,0.010004915341380097
25.0,30,close,0.009913750990693058
25.0,30,rolling_mean_5,0.009842757956080493
25.0,30,realized_vol_30,0.009821283852770216
25.0,30,rolling_range_60,0.009776764039304994
25.0,30,typical_price,0.009413388158593858
25.0,30,rolling_range_30,0.009365683332795189
25.0,30,vwap_distance,0.009287944174416009
25.0,30,realized_vol_15,0.009284924094875654
25.0,30,realized_vol_60,0.009042923937418632
25.0,30,log_price,0.009029368393211848
25.0,30,high,0.00900477816217712
25.0,30,log_zscore_60,0.008790430125026475
25.0,30,true_range,0.008653950700092884
25.0,30,normalized_range_60,0.00861872790292615
25.0,30,mean_distance_60,0.008485674481129362
25.0,30,rolling_std_60,0.008421400517580054
25.0,30,half_life_120,0.008411648350634746
25.0,30,half_life_30,0.00840034426766492
25.0,30,return_60,0.008260499419910567
25.0,30,displacement_60,0.008252904284745455
25.0,30,ou_residual_120,0.00821461621671915
25.0,30,open,0.008170035246404864
25.0,30,ar1_coefficient_120,0.008143109535532338
25.0,30,half_life_60,0.008130438049279508
25.0,30,rolling_range_5,0.008114082361793234
25.0,30,vol_ratio_30_60,0.008087817623856523
25.0,30,vol_ratio_15_60,0.008083693394880919
25.0,30,mean_reversion_speed_120,0.00806670394238262
25.0,30,mean_reversion_speed_30,0.008048063809318202
25.0,30,normalized_range_15,0.007973652288672469
25.0,30,normalized_ou_residual_120,0.007882686531437295
25.0,30,normalized_vwap_distance,0.007875837341305755
25.0,30,log_return_60,0.0077354695337514085
25.0,30,return_30,0.007699512078293732
25.0,30,displacement_30,0.0076581699374531
25.0,30,ou_residual_60,0.00763280319404744
25.0,30,variance_ratio_5_60,0.007626018619963101
25.0,30,autocorrelation_120,0.007567926553920621
25.0,30,rolling_range_15,0.007494263240091857
25.0,30,log_return_5,0.007457507896192726
25.0,30,normalized_range_30,0.007414818364417269
25.0,30,volume,0.007405394488679511
25.0,30,ar1_coefficient_30,0.007288564839178608
25.0,30,zscore_60,0.007281976663285778
25.0,30,mean_reversion_speed_60,0.007280462853876608
25.0,30,autocorrelation_30,0.007165280547702596
25.0,30,ar1_coefficient_60,0.007154655398889666
25.0,30,rolling_std_30,0.007141974399841967
25.0,30,vol_ratio_5_15,0.00711388626535024
25.0,30,variance_5,0.007063584269157478
25.0,30,past_return_30,0.007027613886055492
25.0,30,past_return_15,0.006996201417808022
25.0,30,return_15,0.006959220993199519
25.0,30,autocorrelation_60,0.006950676130751769
25.0,30,ou_residual_30,0.006934817370382093
25.0,30,mean_distance_30,0.006917624512598628
25.0,30,abs_zscore_60,0.006895446506816717
25.0,30,vol_ratio_15_30,0.006809713274595283
25.0,30,vol_ratio_5_60,0.006809675533856664
25.0,30,rolling_std_15,0.006785713069673095
25.0,30,log_return_30,0.006502300290213455
25.0,30,realized_vol_5,0.006463560519651288
25.0,30,displacement_15,0.006452804874806177
25.0,30,vol_ratio_5_30,0.006440012804454281
25.0,30,variance_ratio_5_30,0.006424888591503813
25.0,30,mean_distance_5,0.006420739349864778
25.0,30,log_return_10,0.006378373940519634
25.0,30,return_10,0.006262053181195543
25.0,30,log_return_15,0.006199292816399108
25.0,30,past_return_10,0.006198622862852755
25.0,30,log_zscore_5,0.0060779401322915445
25.0,30,mean_distance_15,0.006060030000905196
25.0,30,displacement_10,0.006011223353977714
25.0,30,normalized_ou_residual_60,0.005907059658230061
25.0,30,displacement_5,0.005868640950038319
25.0,30,log_zscore_30,0.0057973911032258045
25.0,30,rolling_std_5,0.005730898862349845
25.0,30,abs_zscore_15,0.005725217783557517
25.0,30,log_zscore_15,0.005675862676330975
25.0,30,displacement_1,0.005598381172776932
25.0,30,return_5,0.005547056772879192
25.0,30,return_1,0.005246938638655203
25.0,30,normalized_range_5,0.005200050106006009
25.0,30,zscore_15,0.005179977798390956
25.0,30,past_return_5,0.005054462767605271
25.0,30,zscore_30,0.005042808196906533
25.0,30,log_return_1,0.004829777260532691
25.0,30,past_return_3,0.004785544094851329
25.0,30,short_return,0.0047621993996602085
25.0,30,abs_zscore_30,0.004663517687558418
25.0,30,zscore_5,0.004623110472623791
25.0,30,abs_zscore_5,0.004514560314072739
25.0,30,log_return,0.004174290823617152
25.0,30,return,0.003757052539315607
25.0,30,normalized_ou_residual_30,0.002984837637216385
25.0,30,long_return,0.00255364536618193
25.0,30,vwap_side,0.0016957873567229225
25.0,30,zscore_direction_60,0.0005914429978777965
25.0,30,direction_60,0.0003300163606625228
25.0,30,zscore_direction_5,0.00031792277115441506
25.0,30,direction_5,0.00022615938048277582
25.0,30,direction_15,0.00012258894830232574
25.0,30,direction_1,0.0
25.0,30,direction_10,0.0
25.0,30,direction_30,0.0
25.0,30,past_return_1,0.0
25.0,30,zscore_direction_15,0.0
25.0,30,zscore_direction_30,0.0
25.0,60,atr_15,0.06667617189564876
25.0,60,atr_5,0.0288146280550531
25.0,60,atr_30,0.02792819176933595
25.0,60,atr_60,0.026355330566210405
25.0,60,minutes_until_rth_close,0.015138705349749043
25.0,60,typical_price,0.014619158580899239
25.0,60,rth_progress,0.013929855965432666
25.0,60,realized_vol_15,0.013224241678558644
25.0,60,rolling_mean_60,0.012877176914896284
25.0,60,close,0.012682510628586724
25.0,60,variance_60,0.012654181303722518
25.0,60,vwap,0.01254042765746514
25.0,60,low,0.012355487704986618
25.0,60,minutes_since_rth_open,0.012346269917630014
25.0,60,rolling_mean_15,0.012177130872649806
25.0,60,log_price,0.01197651747081961
25.0,60,rolling_range_30,0.011962553929714929
25.0,60,rolling_mean_30,0.011773978359997272
25.0,60,high,0.011703714506611937
25.0,60,variance_30,0.011196727997490339
25.0,60,half_life_60,0.010855355920890966
25.0,60,vwap_distance,0.010027199362715086
25.0,60,vwap_distance_pct,0.009999369670237814
25.0,60,rolling_range_60,0.00971977346177612
25.0,60,open,0.009598625069927601
25.0,60,realized_vol_30,0.00955564881275807
25.0,60,rolling_mean_5,0.009525590332313663
25.0,60,realized_vol_60,0.009438922007878622
25.0,60,normalized_range_60,0.009147909469902515
25.0,60,half_life_30,0.008908296214594017
25.0,60,ar1_coefficient_120,0.008794219743105628
25.0,60,ou_residual_60,0.008755680084938095
25.0,60,normalized_vwap_distance,0.008660431463448774
25.0,60,mean_reversion_speed_60,0.008625703775102184
25.0,60,rolling_std_60,0.00860132086312487
25.0,60,ou_residual_120,0.008593030007822173
25.0,60,vol_ratio_15_60,0.008571285022688764
25.0,60,mean_distance_60,0.008569105639166776
25.0,60,displacement_60,0.008560828831312912
25.0,60,rolling_std_30,0.008538419580353158
25.0,60,rolling_range_15,0.008512107965846857
25.0,60,ou_residual_30,0.008470600714818352
25.0,60,volume,0.008434688361982504
25.0,60,mean_reversion_speed_120,0.008423984050750732
25.0,60,true_range,0.008203107819315932
25.0,60,variance_5,0.008110022261029198
25.0,60,log_return_60,0.008097864776140168
25.0,60,mean_distance_30,0.008047559298574924
25.0,60,vol_ratio_30_60,0.007992764713153952
25.0,60,half_life_120,0.007922312776957239
25.0,60,ar1_coefficient_60,0.007920574729463883
25.0,60,return_60,0.007864494098439104
25.0,60,normalized_ou_residual_120,0.007854995827767112
25.0,60,autocorrelation_120,0.007802898640788737
25.0,60,ar1_coefficient_30,0.007636081516033127
25.0,60,rolling_std_15,0.007595364913521778
25.0,60,normalized_range_30,0.007572671487217858
25.0,60,normalized_range_15,0.0075341749803296155
25.0,60,vol_ratio_15_30,0.0074126918223642166
25.0,60,return_30,0.007403442392214423
25.0,60,mean_reversion_speed_30,0.007391561887093953
25.0,60,displacement_30,0.00733261936832042
25.0,60,autocorrelation_60,0.00732054752075956
25.0,60,log_return_30,0.007311024015680665
25.0,60,return_15,0.007174215501263028
25.0,60,past_return_30,0.007126460849706616
25.0,60,log_zscore_60,0.007084200391545892
25.0,60,mean_distance_15,0.0070630570962315516
25.0,60,zscore_60,0.006991375659015917
25.0,60,normalized_ou_residual_60,0.00690370567497753
25.0,60,autocorrelation_30,0.00688886156837855
25.0,60,rolling_range_5,0.006876967204291196
25.0,60,vol_ratio_5_60,0.006838603433044184
25.0,60,vol_ratio_5_15,0.00678795910928221
25.0,60,variance_ratio_5_60,0.006729017155954526
25.0,60,realized_vol_5,0.006721377173172576
25.0,60,displacement_15,0.006659859835746742
25.0,60,log_return_10,0.006641776944022803
25.0,60,past_return_15,0.006612525033276705
25.0,60,return_10,0.006575378722378186
25.0,60,vol_ratio_5_30,0.006532716653531506
25.0,60,log_return_15,0.006471590238756367
25.0,60,variance_ratio_5_30,0.006349404785959493
25.0,60,abs_zscore_60,0.006323349939304448
25.0,60,past_return_10,0.00628822986480026
25.0,60,displacement_10,0.005994004929172141
25.0,60,log_zscore_15,0.005894743837416172
25.0,60,log_zscore_30,0.005834397421928034
25.0,60,log_zscore_5,0.005806023753913385
25.0,60,abs_zscore_15,0.00566549229967807
25.0,60,displacement_5,0.005569270723277614
25.0,60,mean_distance_5,0.005518191383175906
25.0,60,log_return_1,0.0054464165254362994
25.0,60,rolling_std_5,0.005300998599046753
25.0,60,return_5,0.005246003003170093
25.0,60,log_return_5,0.0052171872840041204
25.0,60,zscore_30,0.005197072867304087
25.0,60,zscore_15,0.005143411324492523
25.0,60,return_1,0.005131421522015617
25.0,60,short_return,0.005105898105761125
25.0,60,normalized_range_5,0.0050927770900584405
25.0,60,past_return_3,0.004880711458446015
25.0,60,displacement_1,0.00481712527661806
25.0,60,abs_zscore_30,0.0048035177668290475
25.0,60,past_return_5,0.004732915943133689
25.0,60,abs_zscore_5,0.004661143823925938
25.0,60,zscore_5,0.0042715655041060275
25.0,60,log_return,0.003972143367198961
25.0,60,return,0.003919522366708233
25.0,60,normalized_ou_residual_30,0.0035120288819252025
25.0,60,long_return,0.0031917364270027193
25.0,60,direction_15,0.0016341767872550658
25.0,60,direction_60,0.0015246743070227759
25.0,60,direction_30,0.0007386360389535271
25.0,60,zscore_direction_60,0.0003618800158922871
25.0,60,direction_1,2.6453868485987186e-05
25.0,60,direction_10,0.0
25.0,60,direction_5,0.0
25.0,60,past_return_1,0.0
25.0,60,vwap_side,0.0
25.0,60,zscore_direction_15,0.0
25.0,60,zscore_direction_30,0.0
25.0,60,zscore_direction_5,0.0
25.0,120,atr_30,0.04074166901409626
25.0,120,atr_15,0.036128081736110505
25.0,120,minutes_until_rth_close,0.02009022200391406
25.0,120,atr_5,0.019625084208590642
25.0,120,rth_progress,0.019546630925365856
25.0,120,atr_60,0.01699119611155419
25.0,120,rolling_mean_15,0.01593685992771671
25.0,120,log_price,0.015174427757128364
25.0,120,rolling_mean_30,0.015172195842578298
25.0,120,minutes_since_rth_open,0.014898008400840419
25.0,120,close,0.014179850529347147
25.0,120,rolling_mean_60,0.014123544407387575
25.0,120,rolling_mean_5,0.013670245939422222
25.0,120,vwap,0.013633456480290209
25.0,120,typical_price,0.013530243786850147
25.0,120,low,0.013266496715091523
25.0,120,high,0.012199344069120429
25.0,120,rolling_range_30,0.011597505460182825
25.0,120,vwap_distance_pct,0.011295801494270563
25.0,120,true_range,0.011155991792856227
25.0,120,realized_vol_60,0.010767607240095026
25.0,120,vwap_distance,0.010718845318825472
25.0,120,normalized_vwap_distance,0.010111317969858646
25.0,120,realized_vol_15,0.010096732748761064
25.0,120,open,0.009999809875374749
25.0,120,vol_ratio_15_60,0.009824651626071759
25.0,120,variance_30,0.009780110059572118
25.0,120,mean_reversion_speed_60,0.00976689031258935
25.0,120,realized_vol_30,0.009681339952207747
25.0,120,variance_60,0.009664229383426053
25.0,120,rolling_range_15,0.009645740058095683
25.0,120,rolling_range_60,0.00958194796528135
25.0,120,displacement_60,0.009565144533380157
25.0,120,mean_reversion_speed_120,0.009391307742113159
25.0,120,half_life_60,0.0093521046053086
25.0,120,normalized_range_60,0.009286170692316123
25.0,120,ar1_coefficient_120,0.009273763879069261
25.0,120,rolling_std_60,0.009165296375396707
25.0,120,half_life_120,0.009072418590741498
25.0,120,ar1_coefficient_60,0.008718139735893124
25.0,120,ou_residual_60,0.008690869701760156
25.0,120,mean_distance_60,0.008591007707374436
25.0,120,autocorrelation_120,0.008570520096414146
25.0,120,ou_residual_120,0.008543916334885927
25.0,120,ou_residual_30,0.008429778274148703
25.0,120,vol_ratio_30_60,0.00840488395520619
25.0,120,mean_distance_30,0.008322601650087606
25.0,120,displacement_30,0.00830485483276702
25.0,120,log_return_60,0.008280110368061634
25.0,120,normalized_ou_residual_120,0.008266259472639788
25.0,120,rolling_std_15,0.008174994783032508
25.0,120,return_60,0.008056625036434048
25.0,120,vol_ratio_15_30,0.008041606528595799
25.0,120,rolling_range_5,0.008024787707697777
25.0,120,rolling_std_30,0.00792280345090798
25.0,120,past_return_30,0.007611515044811226
25.0,120,autocorrelation_60,0.007567339665478184
25.0,120,mean_distance_15,0.007516595978467237
25.0,120,mean_reversion_speed_30,0.007471733526991946
25.0,120,ar1_coefficient_30,0.007380139814423663
25.0,120,return_15,0.007346383185081538
25.0,120,displacement_10,0.007317958865314722
25.0,120,return_30,0.007281885548893895
25.0,120,normalized_range_30,0.007245424247923351
25.0,120,log_zscore_60,0.007235578305664517
25.0,120,variance_5,0.007218341121361369
25.0,120,past_return_10,0.007138969687124093
25.0,120,log_return_15,0.007134598058958848
25.0,120,displacement_15,0.007131453315239577
25.0,120,log_return_30,0.007081511386093639
25.0,120,half_life_30,0.006992485357581505
25.0,120,vol_ratio_5_60,0.006912178138182277
25.0,120,autocorrelation_30,0.006910007690922136
25.0,120,zscore_60,0.006817448507284834
25.0,120,volume,0.006762992878932329
25.0,120,variance_ratio_5_60,0.0067625279715728195
25.0,120,normalized_range_15,0.006741347966626996
25.0,120,past_return_15,0.006651524720447404
25.0,120,return_10,0.006643479778653099
25.0,120,variance_ratio_5_30,0.0065377263707064445
25.0,120,realized_vol_5,0.006431513909427892
25.0,120,abs_zscore_60,0.006399240876947131
25.0,120,vol_ratio_5_30,0.006354850317750659
25.0,120,vol_ratio_5_15,0.006308219417752255
25.0,120,log_return_10,0.006224292785017973
25.0,120,log_zscore_30,0.006071620365782153
25.0,120,log_zscore_5,0.00603568624882471
25.0,120,log_return_5,0.005720233002821693
25.0,120,short_return,0.0056491440960339135
25.0,120,log_zscore_15,0.005436808314351808
25.0,120,abs_zscore_30,0.005380358014787946
25.0,120,rolling_std_5,0.005315254420219432
25.0,120,past_return_5,0.005282739044300148
25.0,120,displacement_5,0.005282447773164937
25.0,120,return_5,0.005148745529974501
25.0,120,zscore_30,0.005068015351536728
25.0,120,abs_zscore_15,0.005024016790446781
25.0,120,normalized_range_5,0.005004112786125569
25.0,120,mean_distance_5,0.004976403522526934
25.0,120,normalized_ou_residual_60,0.00491844990202004
25.0,120,past_return_3,0.004918031948840334
25.0,120,displacement_1,0.004823504858428524
25.0,120,return_1,0.00479093695148116
25.0,120,zscore_15,0.004747366266591209
25.0,120,abs_zscore_5,0.004664600294615541
25.0,120,zscore_5,0.004309837340510317
25.0,120,log_return_1,0.0041407253593206406
25.0,120,return,0.004022432679665231
25.0,120,log_return,0.0039342840512593584
25.0,120,normalized_ou_residual_30,0.0035636373352082003
25.0,120,long_return,0.0027611805708147585
25.0,120,direction_15,0.0007450030673117865
25.0,120,vwap_side,0.0005943494449768748
25.0,120,direction_30,0.0004877802428035509
25.0,120,direction_60,0.0003131995465429056
25.0,120,zscore_direction_60,0.00029831140723434233
25.0,120,past_return_1,0.00021174115439256033
25.0,120,zscore_direction_5,0.0001837549110253652
25.0,120,direction_1,0.0
25.0,120,direction_10,0.0
25.0,120,direction_5,0.0
25.0,120,zscore_direction_15,0.0
25.0,120,zscore_direction_30,0.0
35.0,5,atr_5,0.11805094195352424
35.0,5,atr_15,0.06167780678896677
35.0,5,rth_progress,0.015963616780936718
35.0,5,minutes_until_rth_close,0.015751415242751438
35.0,5,vwap_distance_pct,0.014925418621195214
35.0,5,minutes_since_rth_open,0.013473149655120713
35.0,5,variance_30,0.013000180190872578
35.0,5,true_range,0.012806599272326344
35.0,5,vwap_distance,0.012097224437942108
35.0,5,atr_30,0.011627640885611376
35.0,5,realized_vol_30,0.010787332607876687
35.0,5,rolling_range_5,0.010440023837699777
35.0,5,volume,0.01026121431606866
35.0,5,variance_60,0.009764739201359805
35.0,5,open,0.009608465756866195
35.0,5,atr_60,0.009585083040985324
35.0,5,realized_vol_15,0.009358637855343875
35.0,5,typical_price,0.009056413036194585
35.0,5,rolling_std_30,0.008836541191807814
35.0,5,normalized_ou_residual_120,0.008723357359745674
35.0,5,rolling_range_60,0.00863705821601408
35.0,5,rolling_mean_60,0.008627921165454955
35.0,5,rolling_range_15,0.008583270966829289
35.0,5,close,0.008469343118901764
35.0,5,vwap,0.008382580420445828
35.0,5,realized_vol_60,0.008350637053982132
35.0,5,rolling_mean_15,0.008215092987354313
35.0,5,variance_ratio_5_30,0.00818490760312194
35.0,5,normalized_vwap_distance,0.008135697405253137
35.0,5,autocorrelation_120,0.0079359529939081
35.0,5,past_return_10,0.007869167031631583
35.0,5,high,0.007859276430237861
35.0,5,rolling_mean_30,0.007818241570410984
35.0,5,vol_ratio_5_30,0.007790855265089444
35.0,5,normalized_range_15,0.007741639767551706
35.0,5,displacement_5,0.007695825770497322
35.0,5,normalized_range_30,0.007617293679643245
35.0,5,mean_distance_30,0.007548996635402243
35.0,5,low,0.007521496376111394
35.0,5,past_return_30,0.007505298769544987
35.0,5,return_30,0.0074842034484304135
35.0,5,return_60,0.007473501798120283
35.0,5,ou_residual_120,0.007363213880342387
35.0,5,vol_ratio_30_60,0.007356321239577872
35.0,5,vol_ratio_5_60,0.007311368471987191
35.0,5,ou_residual_60,0.007300346579757475
35.0,5,zscore_60,0.0072953733837320695
35.0,5,variance_ratio_5_60,0.0072896599414802735
35.0,5,vol_ratio_15_60,0.007228891653496595
35.0,5,ou_residual_30,0.00720605965969818
35.0,5,variance_5,0.0071909746066445394
35.0,5,rolling_mean_5,0.007186239795936715
35.0,5,mean_reversion_speed_60,0.007163279656586903
35.0,5,mean_distance_60,0.007161863713658282
35.0,5,displacement_30,0.007124526980554774
35.0,5,displacement_10,0.007093816773877258
35.0,5,return_5,0.0070874290319070925
35.0,5,log_return_5,0.006992898016635861
35.0,5,past_return_15,0.006899157938148294
35.0,5,half_life_60,0.006880234106488171
35.0,5,ar1_coefficient_120,0.0068177890609062855
35.0,5,log_zscore_60,0.00680570373134244
35.0,5,normalized_range_60,0.006776712990055482
35.0,5,autocorrelation_60,0.006771618145562354
35.0,5,vol_ratio_15_30,0.0067471374003660115
35.0,5,mean_reversion_speed_120,0.006728489650413394
35.0,5,ar1_coefficient_60,0.006708227984962009
35.0,5,rolling_std_60,0.006682847349327945
35.0,5,rolling_range_30,0.006656260650959753
35.0,5,realized_vol_5,0.006656204328118335
35.0,5,rolling_std_5,0.006611149070695752
35.0,5,past_return_5,0.006604253924230025
35.0,5,vol_ratio_5_15,0.006526990139502145
35.0,5,normalized_range_5,0.00649143823067702
35.0,5,rolling_std_15,0.006470864372594016
35.0,5,ar1_coefficient_30,0.006457079889341479
35.0,5,mean_distance_15,0.00642401177347416
35.0,5,abs_zscore_15,0.006347373593598604
35.0,5,zscore_5,0.006339171025458546
35.0,5,return_1,0.006292734029037612
35.0,5,log_zscore_5,0.006285253357851789
35.0,5,zscore_15,0.006260910104694111
35.0,5,mean_reversion_speed_30,0.006229832158645704
35.0,5,log_return_30,0.006223087043811877
35.0,5,log_return_1,0.006107548046635375
35.0,5,displacement_15,0.006099379288830927
35.0,5,log_return_10,0.006089012814863097
35.0,5,abs_zscore_5,0.006070512640733449
35.0,5,return_15,0.006025030443977032
35.0,5,displacement_1,0.005984396651564609
35.0,5,return_10,0.005960263422734681
35.0,5,mean_distance_5,0.005955726285243318
35.0,5,log_zscore_30,0.005915511244287093
35.0,5,log_zscore_15,0.005901974093701158
35.0,5,displacement_60,0.0058784450271299905
35.0,5,short_return,0.0057986487490346746
35.0,5,log_price,0.005747640228253745
35.0,5,half_life_30,0.005701734701038471
35.0,5,abs_zscore_60,0.005620535869162441
35.0,5,half_life_120,0.005604142234438942
35.0,5,log_return_60,0.0055415889406244135
35.0,5,autocorrelation_30,0.005536786347095456
35.0,5,zscore_30,0.00543266437238171
35.0,5,log_return,0.005429064389318228
35.0,5,log_return_15,0.005400939157143945
35.0,5,past_return_3,0.0051902166035558495
35.0,5,abs_zscore_30,0.0050959887781313485
35.0,5,return,0.004848043057357981
35.0,5,long_return,0.00440133650582062
35.0,5,normalized_ou_residual_60,0.004180405965252291
35.0,5,normalized_ou_residual_30,0.004174470915348225
35.0,5,direction_5,0.0012181718567652361
35.0,5,zscore_direction_5,0.0009969014097892103
35.0,5,past_return_1,0.0005200303470094999
35.0,5,direction_30,0.00028204498812556267
35.0,5,direction_1,0.0
35.0,5,direction_10,0.0
35.0,5,direction_15,0.0
35.0,5,direction_60,0.0
35.0,5,vwap_side,0.0
35.0,5,zscore_direction_15,0.0
35.0,5,zscore_direction_30,0.0
35.0,5,zscore_direction_60,0.0
35.0,10,atr_5,0.10905107846927076
35.0,10,atr_15,0.05625828074490918
35.0,10,minutes_until_rth_close,0.018175516632341203
35.0,10,variance_30,0.01725182542577386
35.0,10,atr_30,0.015066846817110976
35.0,10,atr_60,0.01298215271284183
35.0,10,rth_progress,0.01268183966610758
35.0,10,minutes_since_rth_open,0.01195414566124479
35.0,10,high,0.011604747180605219
35.0,10,vwap_distance_pct,0.011130788984398047
35.0,10,ou_residual_60,0.01092173623675037
35.0,10,rolling_range_5,0.010804957643683468
35.0,10,variance_60,0.010770781497870172
35.0,10,rolling_range_60,0.010635300339864833
35.0,10,true_range,0.010294967369797329
35.0,10,close,0.0102250840559247
35.0,10,mean_distance_60,0.010194234439127502
35.0,10,volume,0.009698186069726944
35.0,10,normalized_ou_residual_120,0.00958541425920668
35.0,10,vwap_distance,0.009559148789516516
35.0,10,rolling_mean_60,0.00933292870675879
35.0,10,vwap,0.009150019492067042
35.0,10,vol_ratio_15_60,0.009102703759535438
35.0,10,rolling_mean_30,0.008844813986104868
35.0,10,typical_price,0.00871439530913319
35.0,10,realized_vol_60,0.008627646403121096
35.0,10,rolling_range_30,0.008547582951862188
35.0,10,rolling_mean_15,0.008493940512250577
35.0,10,low,0.008379460101769794
35.0,10,return_30,0.008245065342634916
35.0,10,open,0.00817024566987086
35.0,10,rolling_std_30,0.008067964066174767
35.0,10,log_price,0.008017033665618371
35.0,10,half_life_60,0.008015913090535573
35.0,10,ar1_coefficient_120,0.008014143921346181
35.0,10,realized_vol_30,0.008012864450436263
35.0,10,displacement_30,0.007964390357734547
35.0,10,log_zscore_60,0.007936749186012008
35.0,10,rolling_mean_5,0.007889386260926369
35.0,10,mean_distance_5,0.007732553074934653
35.0,10,return_60,0.007732056125643707
35.0,10,realized_vol_15,0.007622299383261374
35.0,10,displacement_60,0.007546625077901851
35.0,10,vol_ratio_30_60,0.007507803539435069
35.0,10,rolling_std_60,0.007498505769208783
35.0,10,normalized_vwap_distance,0.007459540962285939
35.0,10,variance_5,0.0074564802815162
35.0,10,displacement_5,0.007435788977004233
35.0,10,ou_residual_120,0.007399444601365498
35.0,10,rolling_std_5,0.007326151033686031
35.0,10,log_return_60,0.007302059658936092
35.0,10,past_return_30,0.007281608946089234
35.0,10,variance_ratio_5_60,0.007212108444599878
35.0,10,mean_reversion_speed_30,0.007160746913758062
35.0,10,variance_ratio_5_30,0.00710889260240254
35.0,10,vol_ratio_5_30,0.007045877731538245
35.0,10,ar1_coefficient_30,0.007033053652516433
35.0,10,mean_distance_15,0.007006637341830702
35.0,10,log_return_30,0.006941204003634907
35.0,10,mean_reversion_speed_60,0.006910489395349508
35.0,10,log_return_5,0.006875266819926245
35.0,10,log_return_10,0.0068490774082463415
35.0,10,ar1_coefficient_60,0.006846614292867127
35.0,10,normalized_range_60,0.006835425649547861
35.0,10,return_10,0.0067016479470545336
35.0,10,vol_ratio_15_30,0.006667375575662369
35.0,10,zscore_60,0.006650396567281513
35.0,10,rolling_range_15,0.006649338097001116
35.0,10,normalized_range_30,0.006644702139532282
35.0,10,ou_residual_30,0.0066343008629268126
35.0,10,past_return_10,0.006609198487629848
35.0,10,normalized_range_15,0.006590121253837077
35.0,10,displacement_10,0.006524691424731698
35.0,10,return_15,0.006505507454719572
35.0,10,autocorrelation_120,0.006451493772190241
35.0,10,autocorrelation_30,0.006356808922386595
35.0,10,mean_reversion_speed_120,0.006354067541126694
35.0,10,autocorrelation_60,0.0062886201998307596
35.0,10,vol_ratio_5_60,0.0062779012424427835
35.0,10,return_5,0.006271025465269174
35.0,10,vol_ratio_5_15,0.006263623291271783
35.0,10,mean_distance_30,0.006251484854146838
35.0,10,past_return_15,0.0062475430202626045
35.0,10,realized_vol_5,0.006221460544371179
35.0,10,half_life_30,0.006177493969776801
35.0,10,log_return_1,0.0061506608700645825
35.0,10,displacement_15,0.006110213009551877
35.0,10,abs_zscore_60,0.006094400520114938
35.0,10,return_1,0.005949852899426506
35.0,10,displacement_1,0.005920422130397388
35.0,10,log_zscore_5,0.005916563494663153
35.0,10,log_zscore_30,0.005915666376018808
35.0,10,half_life_120,0.005915274710527488
35.0,10,log_return_15,0.005866312976216986
35.0,10,rolling_std_15,0.00581062789673784
35.0,10,past_return_3,0.005755248047145349
35.0,10,log_zscore_15,0.005738124096145232
35.0,10,normalized_range_5,0.005700385774530116
35.0,10,abs_zscore_15,0.005654438565086041
35.0,10,past_return_5,0.005591510994625943
35.0,10,zscore_5,0.005511895797791935
35.0,10,normalized_ou_residual_60,0.005509205727971026
35.0,10,zscore_15,0.0055066050983788
35.0,10,zscore_30,0.005377432944009169
35.0,10,short_return,0.005304341254356716
35.0,10,abs_zscore_5,0.005261924810751918
35.0,10,abs_zscore_30,0.00516534905459377
35.0,10,return,0.005040345513927085
35.0,10,log_return,0.004846438599218216
35.0,10,normalized_ou_residual_30,0.004678045321876804
35.0,10,long_return,0.0033999034286742763
35.0,10,direction_60,0.0007345526523533321
35.0,10,direction_30,0.00041372874485594887
35.0,10,direction_15,0.00019769700953648205
35.0,10,direction_5,0.00012347348300474032
35.0,10,direction_1,0.0
35.0,10,direction_10,0.0
35.0,10,past_return_1,0.0
35.0,10,vwap_side,0.0
35.0,10,zscore_direction_15,0.0
35.0,10,zscore_direction_30,0.0
35.0,10,zscore_direction_5,0.0
35.0,10,zscore_direction_60,0.0
35.0,20,atr_5,0.08802068053877779
35.0,20,atr_15,0.08233660295428265
35.0,20,variance_30,0.019986347228820835
35.0,20,atr_60,0.019669029950386004
35.0,20,rth_progress,0.017039470108492032
35.0,20,minutes_until_rth_close,0.015784658757703646
35.0,20,variance_60,0.013105492994544051
35.0,20,atr_30,0.012895373561020409
35.0,20,minutes_since_rth_open,0.012831943641815866
35.0,20,rolling_mean_15,0.011123965206068186
35.0,20,vwap_distance_pct,0.010707963413248459
35.0,20,low,0.01070643404853486
35.0,20,vwap_distance,0.010349794645749387
35.0,20,log_price,0.010177427570202522
35.0,20,ou_residual_60,0.010152749650712525
35.0,20,close,0.00998552567103789
35.0,20,rolling_mean_60,0.009973647693792978
35.0,20,rolling_range_60,0.009954475842061498
35.0,20,vwap,0.009901232019598995
35.0,20,rolling_mean_30,0.009580216082256465
35.0,20,typical_price,0.00956928361916826
35.0,20,realized_vol_30,0.00928223031085162
35.0,20,rolling_mean_5,0.009113004320256766
35.0,20,rolling_range_30,0.009020651114128884
35.0,20,realized_vol_60,0.008997573894226835
35.0,20,mean_reversion_speed_120,0.008722982302840267
35.0,20,half_life_60,0.008598585812641042
35.0,20,true_range,0.008464761898808536
35.0,20,mean_reversion_speed_60,0.008374608410078855
35.0,20,mean_distance_60,0.008333137458456414
35.0,20,realized_vol_15,0.008299113184745823
35.0,20,zscore_60,0.008278578874610719
35.0,20,half_life_120,0.008211700744660837
35.0,20,mean_distance_5,0.008204458691623239
35.0,20,vol_ratio_15_60,0.008065634917113044
35.0,20,open,0.008037120857763858
35.0,20,volume,0.008002952051659426
35.0,20,rolling_std_60,0.008002601785673982
35.0,20,normalized_vwap_distance,0.00794280417973087
35.0,20,ar1_coefficient_120,0.00789280537338484
35.0,20,high,0.007855139495361419
35.0,20,normalized_range_60,0.007747866058101256
35.0,20,log_zscore_60,0.007741264389118268
35.0,20,displacement_30,0.007733196840577182
35.0,20,normalized_ou_residual_60,0.007638420532679274
35.0,20,ar1_coefficient_60,0.007519070480373644
35.0,20,log_return_30,0.007517343320484672
35.0,20,autocorrelation_120,0.007505868472868488
35.0,20,ou_residual_120,0.0074342515186539716
35.0,20,normalized_ou_residual_120,0.00734683418912547
35.0,20,abs_zscore_60,0.007329870769310565
35.0,20,return_15,0.007237213663756847
35.0,20,normalized_range_15,0.007206626812971774
35.0,20,rolling_std_30,0.007152187571461711
35.0,20,return_30,0.007144984079613572
35.0,20,return_60,0.007116684867512612
35.0,20,rolling_range_15,0.0071079532970629985
35.0,20,mean_reversion_speed_30,0.006957653203114335
35.0,20,log_return_60,0.006925036737118803
35.0,20,vol_ratio_15_30,0.006912055203602428
35.0,20,rolling_std_5,0.006888100467178793
35.0,20,ar1_coefficient_30,0.006885010782363159
35.0,20,displacement_60,0.006833333073050848
35.0,20,vol_ratio_5_60,0.00673175450148327
35.0,20,variance_ratio_5_30,0.006720155898836397
35.0,20,log_return_15,0.006703642463045461
35.0,20,vol_ratio_30_60,0.006665367860391382
35.0,20,past_return_30,0.006654310461488508
35.0,20,ou_residual_30,0.0066279634678115444
35.0,20,variance_5,0.006608717243320176
35.0,20,normalized_range_30,0.006582127861855995
35.0,20,half_life_30,0.006553014867850358
35.0,20,rolling_std_15,0.006516564748294297
35.0,20,displacement_15,0.006498242883632581
35.0,20,vol_ratio_5_30,0.006468455950241713
35.0,20,rolling_range_5,0.006446723454809259
35.0,20,autocorrelation_60,0.006363287656789734
35.0,20,vol_ratio_5_15,0.006322099583312159
35.0,20,mean_distance_30,0.006290120560498465
35.0,20,variance_ratio_5_60,0.006260713096708059
35.0,20,autocorrelation_30,0.006151365238197502
35.0,20,return_10,0.0059606805332892
35.0,20,log_zscore_30,0.0059282598085701466
35.0,20,realized_vol_5,0.0058318388293541615
35.0,20,return_5,0.0057939340005673115
35.0,20,mean_distance_15,0.005772653457132124
35.0,20,past_return_15,0.005679093301296234
35.0,20,log_zscore_15,0.005644054218594517
35.0,20,log_return_5,0.005594274106745918
35.0,20,log_return_10,0.005527858422803027
35.0,20,displacement_10,0.005520121310837567
35.0,20,past_return_10,0.005478436127305031
35.0,20,displacement_5,0.005453333181018631
35.0,20,normalized_range_5,0.00530710952755596
35.0,20,abs_zscore_15,0.005294624538648696
35.0,20,log_return_1,0.005227585234457538
35.0,20,log_zscore_5,0.005149894870728964
35.0,20,displacement_1,0.005133007109786074
35.0,20,abs_zscore_30,0.005080116990332802
35.0,20,past_return_5,0.004977978278128873
35.0,20,abs_zscore_5,0.0049497756131348155
35.0,20,zscore_15,0.004832275278334107
35.0,20,zscore_5,0.00478843370053385
35.0,20,return_1,0.0047331461980883475
35.0,20,zscore_30,0.0046771670625145945
35.0,20,past_return_3,0.0046197668250117984
35.0,20,short_return,0.004359194132987233
35.0,20,log_return,0.003972498023705114
35.0,20,return,0.0031971981571543785
35.0,20,long_return,0.002820668439935183
35.0,20,normalized_ou_residual_30,0.002584623899089084
35.0,20,direction_60,0.0006651828686396281
35.0,20,zscore_direction_60,0.000437289032907713
35.0,20,zscore_direction_5,0.00022682343565282368
35.0,20,direction_30,0.00018289784479531504
35.0,20,direction_1,0.0
35.0,20,direction_10,0.0
35.0,20,direction_15,0.0
35.0,20,direction_5,0.0
35.0,20,past_return_1,0.0
35.0,20,vwap_side,0.0
35.0,20,zscore_direction_15,0.0
35.0,20,zscore_direction_30,0.0
35.0,30,atr_15,0.0935880396448608
35.0,30,atr_5,0.05683448130176181
35.0,30,atr_60,0.02351096427688996
35.0,30,atr_30,0.02105786655807779
35.0,30,minutes_until_rth_close,0.017303145047099816
35.0,30,variance_60,0.017111109081833137
35.0,30,rth_progress,0.01682610193356162
35.0,30,rolling_range_60,0.01466698283773093
35.0,30,minutes_since_rth_open,0.01380567993259146
35.0,30,variance_30,0.013461943050580365
35.0,30,rolling_mean_60,0.011188318065944173
35.0,30,vwap,0.011118409002111071
35.0,30,rolling_mean_30,0.011114712139325482
35.0,30,realized_vol_30,0.010652715318082344
35.0,30,close,0.010463689187807696
35.0,30,rolling_mean_15,0.010076203316982304
35.0,30,rolling_mean_5,0.010002046202619871
35.0,30,typical_price,0.009929244539567403
35.0,30,log_return_5,0.00980481319129467
35.0,30,low,0.00973862258806115
35.0,30,log_price,0.009430449478150834
35.0,30,vwap_distance,0.009244333376132306
35.0,30,vwap_distance_pct,0.009193243747133584
35.0,30,realized_vol_15,0.009188072046353704
35.0,30,realized_vol_60,0.009064704135415099
35.0,30,half_life_120,0.008920024659129836
35.0,30,high,0.008616143837571144
35.0,30,normalized_vwap_distance,0.008458139330503486
35.0,30,ar1_coefficient_60,0.008433395442331121
35.0,30,ar1_coefficient_120,0.008381136870455174
35.0,30,mean_distance_60,0.008286733002889724
35.0,30,vol_ratio_30_60,0.008235381650073188
35.0,30,normalized_range_60,0.008209989938352789
35.0,30,vol_ratio_15_60,0.008168270390125968
35.0,30,rolling_std_60,0.0080519566933314
35.0,30,rolling_range_30,0.00801101712776082
35.0,30,true_range,0.00787884543561155
35.0,30,open,0.007857153036942085
35.0,30,log_zscore_60,0.007819689289178876
35.0,30,volume,0.007795884451341061
35.0,30,displacement_30,0.0077892386443203405
35.0,30,mean_distance_5,0.007786748930811882
35.0,30,normalized_range_15,0.007749241754590045
35.0,30,normalized_range_30,0.007715379741663734
35.0,30,displacement_60,0.007696585696456688
35.0,30,normalized_ou_residual_120,0.007614690278257642
35.0,30,return_30,0.007545100436324165
35.0,30,ou_residual_60,0.007510952429757232
35.0,30,return_60,0.007505544860448156
35.0,30,half_life_30,0.007433730510196516
35.0,30,ou_residual_120,0.007379967785839524
35.0,30,mean_reversion_speed_120,0.007378178205163706
35.0,30,rolling_range_15,0.007366803652119069
35.0,30,displacement_15,0.007298735236482961
35.0,30,half_life_60,0.0072885075295787485
35.0,30,rolling_std_30,0.007227501144544
35.0,30,mean_reversion_speed_30,0.007134364230469579
35.0,30,mean_reversion_speed_60,0.007127611055260613
35.0,30,ar1_coefficient_30,0.007112160014609496
35.0,30,autocorrelation_120,0.0070998115198952815
35.0,30,past_return_30,0.006996704575916131
35.0,30,log_return_60,0.006912676528805778
35.0,30,vol_ratio_5_30,0.006879353030983891
35.0,30,return_15,0.006845769250676746
35.0,30,rolling_range_5,0.006750370409073574
35.0,30,mean_distance_30,0.006740763051701444
35.0,30,abs_zscore_60,0.006739497495194276
35.0,30,zscore_60,0.00671404645600844
35.0,30,rolling_std_5,0.006686010397970676
35.0,30,autocorrelation_60,0.0066788944282702035
35.0,30,log_return_15,0.006617622095204535
35.0,30,log_zscore_15,0.0065955293719612415
35.0,30,autocorrelation_30,0.006589359271207026
35.0,30,vol_ratio_5_15,0.006480440009562742
35.0,30,variance_ratio_5_60,0.006461776659957
35.0,30,log_return_10,0.006442507407406256
35.0,30,vol_ratio_15_30,0.006401543871366552
35.0,30,variance_ratio_5_30,0.00634938631472843
35.0,30,vol_ratio_5_60,0.006236677523702383
35.0,30,ou_residual_30,0.006222153171187355
35.0,30,return_10,0.006183482213167562
35.0,30,rolling_std_15,0.006182091499102258
35.0,30,log_return_30,0.006164316575796832
35.0,30,variance_5,0.006095552251541189
35.0,30,past_return_15,0.005986606125675496
35.0,30,log_zscore_30,0.005980455882049033
35.0,30,mean_distance_15,0.005962583247483486
35.0,30,normalized_ou_residual_60,0.0059485474180075385
35.0,30,realized_vol_5,0.005833493833917947
35.0,30,log_zscore_5,0.0058334418406177846
35.0,30,past_return_10,0.005532832860591866
35.0,30,displacement_10,0.0054928587882646495
35.0,30,log_return_1,0.005438876076368615
35.0,30,displacement_5,0.0053913893089407965
35.0,30,return_5,0.005295343220322614
35.0,30,zscore_30,0.0049743935177546175
35.0,30,abs_zscore_15,0.0049361476197927485
35.0,30,normalized_range_5,0.00486877524027867
35.0,30,return_1,0.004858712532690593
35.0,30,zscore_15,0.00484698899977264
35.0,30,displacement_1,0.004789788874664477
35.0,30,abs_zscore_30,0.004747237744075912
35.0,30,past_return_5,0.004662333311335672
35.0,30,zscore_5,0.004615960287905875
35.0,30,abs_zscore_5,0.004610601147370679
35.0,30,past_return_3,0.004367629986345058
35.0,30,return,0.004300665393072579
35.0,30,short_return,0.003689464702758761
35.0,30,log_return,0.0036612882921915678
35.0,30,normalized_ou_residual_30,0.0025966598879590278
35.0,30,long_return,0.0018356395566592081
35.0,30,direction_60,0.0005499005672477541
35.0,30,direction_30,0.0005353467228511969
35.0,30,zscore_direction_60,0.0005297138677200391
35.0,30,zscore_direction_5,9.929642657793703e-05
35.0,30,direction_1,0.0
35.0,30,direction_10,0.0
35.0,30,direction_15,0.0
35.0,30,direction_5,0.0
35.0,30,past_return_1,0.0
35.0,30,vwap_side,0.0
35.0,30,zscore_direction_15,0.0
35.0,30,zscore_direction_30,0.0
35.0,60,atr_15,0.08280631362105764
35.0,60,atr_5,0.03962974487582133
35.0,60,atr_30,0.030746865041908763
35.0,60,atr_60,0.020471941945808276
35.0,60,minutes_until_rth_close,0.017389634446728797
35.0,60,variance_60,0.014730138925924188
35.0,60,minutes_since_rth_open,0.01470596773461217
35.0,60,rth_progress,0.014473302212233344
35.0,60,low,0.013361849156873567
35.0,60,typical_price,0.012166090021353392
35.0,60,rolling_mean_15,0.01210928468831948
35.0,60,log_price,0.012085776044321912
35.0,60,rolling_mean_60,0.012040352914482355
35.0,60,close,0.012007407134487516
35.0,60,vwap,0.01168904865958861
35.0,60,rolling_mean_30,0.011612568228017716
35.0,60,rolling_range_30,0.011388912353487242
35.0,60,rolling_mean_5,0.01104254177993252
35.0,60,realized_vol_15,0.010784775107389405
35.0,60,variance_30,0.010758394818930398
35.0,60,high,0.01060877846820014
35.0,60,half_life_60,0.009620259338546367
35.0,60,rolling_range_60,0.009574649811145804
35.0,60,normalized_vwap_distance,0.009541287929529236
35.0,60,open,0.009439481466653802
35.0,60,vwap_distance,0.009321915096647683
35.0,60,realized_vol_60,0.009286596661522276
35.0,60,vwap_distance_pct,0.009122217938836132
35.0,60,log_zscore_60,0.00896715372800827
35.0,60,ou_residual_60,0.008826136766445069
35.0,60,ar1_coefficient_120,0.008738620228888024
35.0,60,volume,0.008685181427392222
35.0,60,realized_vol_30,0.008623009192801658
35.0,60,normalized_range_60,0.008530921103166682
35.0,60,log_return_10,0.008494107817698802
35.0,60,mean_reversion_speed_120,0.008436022148955436
35.0,60,mean_distance_60,0.008409262878731602
35.0,60,vol_ratio_30_60,0.008381728082895279
35.0,60,displacement_60,0.00833030410909227
35.0,60,ou_residual_120,0.00827569824953874
35.0,60,vol_ratio_15_60,0.008143669193876641
35.0,60,half_life_120,0.008059031330049038
35.0,60,mean_reversion_speed_30,0.008058121760508843
35.0,60,return_60,0.00805038142771948
35.0,60,normalized_ou_residual_120,0.007999420365584748
35.0,60,autocorrelation_120,0.007920455741917803
35.0,60,true_range,0.007898896644335417
35.0,60,rolling_range_5,0.00787675054743886
35.0,60,rolling_range_15,0.007863539271056652
35.0,60,ar1_coefficient_60,0.007848028160099472
35.0,60,displacement_30,0.0076681397012656645
35.0,60,ar1_coefficient_30,0.007662373528416667
35.0,60,normalized_range_30,0.00765613428804846
35.0,60,rolling_std_60,0.007655321598230373
35.0,60,rolling_std_30,0.007447044719897565
35.0,60,log_return_60,0.007414694032853558
35.0,60,mean_reversion_speed_60,0.00739374031711902
35.0,60,half_life_30,0.007388007915800526
35.0,60,zscore_60,0.007146063704221021
35.0,60,normalized_range_15,0.007144325368461155
35.0,60,past_return_30,0.007100841230047601
35.0,60,abs_zscore_60,0.007081066579779699
35.0,60,rolling_std_15,0.0070473050499068835
35.0,60,return_15,0.006999832067993425
35.0,60,autocorrelation_30,0.0069488271450002985
35.0,60,realized_vol_5,0.006837163763564257
35.0,60,displacement_15,0.006834409443572873
35.0,60,variance_5,0.0068343947641551495
35.0,60,log_return_15,0.006773624524828934
35.0,60,autocorrelation_60,0.006761663327259677
35.0,60,vol_ratio_15_30,0.006744493996458394
35.0,60,variance_ratio_5_60,0.006727258453056926
35.0,60,vol_ratio_5_60,0.006720771746976035
35.0,60,mean_distance_30,0.006669632070476101
35.0,60,return_30,0.006610999571248179
35.0,60,mean_distance_15,0.006553557324444964
35.0,60,ou_residual_30,0.006456640038994097
35.0,60,normalized_ou_residual_60,0.006352893036646059
35.0,60,log_return_30,0.006306980093497606
35.0,60,vol_ratio_5_15,0.006248271114946831
35.0,60,variance_ratio_5_30,0.006213497858317126
35.0,60,past_return_15,0.006197972777521326
35.0,60,return_10,0.00600083287627924
35.0,60,vol_ratio_5_30,0.005804109353838223
35.0,60,log_zscore_15,0.005783152167818376
35.0,60,log_zscore_30,0.005603653999666373
35.0,60,displacement_10,0.005551582712325312
35.0,60,past_return_10,0.005495963063800619
35.0,60,displacement_5,0.005321381513827613
35.0,60,log_return_5,0.005286335728929511
35.0,60,normalized_range_5,0.005276100022629613
35.0,60,rolling_std_5,0.005236450438609435
35.0,60,return_5,0.005201126598486943
35.0,60,log_zscore_5,0.005116760353779509
35.0,60,past_return_5,0.005093715807777785
35.0,60,abs_zscore_15,0.005032903171100077
35.0,60,mean_distance_5,0.005017329506309969
35.0,60,zscore_15,0.004869762475469283
35.0,60,return_1,0.0048371324470887584
35.0,60,past_return_3,0.004797948757186532
35.0,60,zscore_30,0.004723720197078018
35.0,60,log_return_1,0.004673825515921982
35.0,60,displacement_1,0.0046545821242034435
35.0,60,abs_zscore_5,0.004598832001820916
35.0,60,abs_zscore_30,0.004584740858436341
35.0,60,zscore_5,0.004274884216664802
35.0,60,short_return,0.004087918138663683
35.0,60,log_return,0.00385280494533834
35.0,60,return,0.0036243078564958914
35.0,60,normalized_ou_residual_30,0.003578235384165531
35.0,60,long_return,0.001964979299199989
35.0,60,direction_15,0.0015512927701430662
35.0,60,direction_60,0.0013117366248653049
35.0,60,direction_5,0.0003557620082227957
35.0,60,zscore_direction_60,0.00030566765261547905
35.0,60,direction_1,0.0
35.0,60,direction_10,0.0
35.0,60,direction_30,0.0
35.0,60,past_return_1,0.0
35.0,60,vwap_side,0.0
35.0,60,zscore_direction_15,0.0
35.0,60,zscore_direction_30,0.0
35.0,60,zscore_direction_5,0.0
35.0,120,atr_30,0.0424937250181323
35.0,120,atr_15,0.038192557193161475
35.0,120,atr_5,0.02710260807846983
35.0,120,minutes_until_rth_close,0.020752926578833944
35.0,120,rth_progress,0.01878780255182868
35.0,120,rolling_mean_30,0.01743607147641125
35.0,120,typical_price,0.016810382760706403
35.0,120,atr_60,0.01664148825442507
35.0,120,rolling_mean_60,0.015889190580873264
35.0,120,log_price,0.015887440780975988
35.0,120,vwap,0.015486162821097034
35.0,120,rolling_mean_15,0.015373688989451953
35.0,120,minutes_since_rth_open,0.014925687972988402
35.0,120,variance_60,0.013996805596564497
35.0,120,low,0.013710510030034043
35.0,120,close,0.01365266651624725
35.0,120,rolling_mean_5,0.013332089010093893
35.0,120,high,0.012807392781334264
35.0,120,variance_30,0.012244403184879394
35.0,120,realized_vol_60,0.010994534673435348
35.0,120,vwap_distance,0.01072060050708907
35.0,120,open,0.010550133307420072
35.0,120,vwap_distance_pct,0.010464923899798166
35.0,120,vol_ratio_15_60,0.010271086157964808
35.0,120,normalized_vwap_distance,0.01011166080743784
35.0,120,ar1_coefficient_120,0.009996319987944194
35.0,120,realized_vol_15,0.009961042508837722
35.0,120,mean_reversion_speed_120,0.009940247605776503
35.0,120,rolling_range_60,0.009755991155370361
35.0,120,half_life_60,0.009689403387407461
35.0,120,normalized_range_60,0.009126658285302775
35.0,120,rolling_range_30,0.009008537157483044
35.0,120,rolling_std_60,0.009000482082012155
35.0,120,mean_reversion_speed_60,0.008864041639580614
35.0,120,autocorrelation_120,0.008847503124603204
35.0,120,half_life_120,0.008842819192934604
35.0,120,ou_residual_120,0.008598872704342717
35.0,120,true_range,0.008594481607100793
35.0,120,ar1_coefficient_60,0.008537071247008584
35.0,120,past_return_30,0.00851078639693913
35.0,120,realized_vol_30,0.008502682404858726
35.0,120,normalized_ou_residual_120,0.008471711760475523
35.0,120,displacement_60,0.008439710452443077
35.0,120,return_60,0.008361876321335634
35.0,120,displacement_30,0.008349333446295489
35.0,120,ou_residual_60,0.008263516594611463
35.0,120,rolling_range_15,0.00818027418461584
35.0,120,vol_ratio_15_30,0.00815229399484538
35.0,120,vol_ratio_30_60,0.008120104360083738
35.0,120,mean_distance_60,0.008084695409273817
35.0,120,log_return_60,0.008042585858631702
35.0,120,variance_5,0.007530158319111381
35.0,120,autocorrelation_60,0.0075197651804912655
35.0,120,ou_residual_30,0.007423317403576914
35.0,120,normalized_range_30,0.0074205780845312845
35.0,120,mean_distance_30,0.007392914588784888
35.0,120,mean_reversion_speed_30,0.0072704825018133435
35.0,120,return_30,0.007215284387625399
35.0,120,rolling_std_15,0.007214404221269346
35.0,120,log_return_30,0.007108399067961034
35.0,120,log_return_15,0.007080669936147474
35.0,120,rolling_std_30,0.006981804634311369
35.0,120,log_zscore_60,0.006970719112792895
35.0,120,ar1_coefficient_30,0.0069663614433790955
35.0,120,displacement_15,0.006746799718322498
35.0,120,past_return_15,0.006709594035609847
35.0,120,abs_zscore_60,0.00667409955834349
35.0,120,zscore_60,0.006663978299392121
35.0,120,mean_distance_15,0.006581039411858434
35.0,120,vol_ratio_5_60,0.0065539620173651544
35.0,120,half_life_30,0.00649866576506091
35.0,120,realized_vol_5,0.006486551769609962
35.0,120,return_15,0.006483846587971563
35.0,120,rolling_range_5,0.00647119453753389
35.0,120,variance_ratio_5_60,0.006433366642644008
35.0,120,normalized_range_15,0.0064320058029677185
35.0,120,log_return_10,0.006404717829788015
35.0,120,variance_ratio_5_30,0.006349569075696525
35.0,120,autocorrelation_30,0.006341141449021441
35.0,120,volume,0.006333717233723118
35.0,120,normalized_ou_residual_60,0.006247351600212001
35.0,120,displacement_10,0.006125392059662512
35.0,120,vol_ratio_5_15,0.00606243343402942
35.0,120,vol_ratio_5_30,0.006029554420993442
35.0,120,return_10,0.005805542359926871
35.0,120,past_return_10,0.005765056503670556
35.0,120,displacement_5,0.005599679270138343
35.0,120,rolling_std_5,0.0053717433031471
35.0,120,log_zscore_15,0.005185255345644518
35.0,120,log_return_5,0.005123017552597005
35.0,120,log_zscore_30,0.005122837604999188
35.0,120,return_1,0.00512102698641164
35.0,120,mean_distance_5,0.005108530189664591
35.0,120,return_5,0.004833549017175322
35.0,120,short_return,0.004811252278852321
35.0,120,abs_zscore_30,0.004809508676685038
35.0,120,abs_zscore_15,0.00480726920068264
35.0,120,log_return_1,0.004793971605111091
35.0,120,past_return_5,0.0047374642010600794
35.0,120,displacement_1,0.0046834432342577545
35.0,120,normalized_range_5,0.004648574772069142
35.0,120,past_return_3,0.004609603091098723
35.0,120,zscore_15,0.004606126131312479
35.0,120,zscore_30,0.004587819323032385
35.0,120,log_zscore_5,0.004521531489444897
35.0,120,normalized_ou_residual_30,0.0044933587085411305
35.0,120,abs_zscore_5,0.004185739217237348
35.0,120,return,0.004054336731011669
35.0,120,log_return,0.004037366525846578
35.0,120,zscore_5,0.003984198229210008
35.0,120,long_return,0.0029082307003028248
35.0,120,direction_60,0.0013345473146598255
35.0,120,vwap_side,0.00043257299278463634
35.0,120,zscore_direction_60,0.0003134357033386117
35.0,120,direction_1,0.0
35.0,120,direction_10,0.0
35.0,120,direction_15,0.0
35.0,120,direction_30,0.0
35.0,120,direction_5,0.0
35.0,120,past_return_1,0.0
35.0,120,zscore_direction_15,0.0
35.0,120,zscore_direction_30,0.0
35.0,120,zscore_direction_5,0.0
50.0,5,atr_5,0.10215018037706614
50.0,5,atr_15,0.06725796128046654
50.0,5,rth_progress,0.022640119140435542
50.0,5,minutes_until_rth_close,0.02010322901021157
50.0,5,variance_30,0.019439917989075184
50.0,5,rolling_range_15,0.018601875619164536
50.0,5,rolling_range_30,0.01831168694687741
50.0,5,minutes_since_rth_open,0.01569367874236334
50.0,5,realized_vol_30,0.01224637765526062
50.0,5,variance_60,0.011248719701099964
50.0,5,atr_30,0.010420918974670627
50.0,5,realized_vol_15,0.010046203232680758
50.0,5,realized_vol_60,0.009477148431220226
50.0,5,mean_distance_15,0.009144418229836793
50.0,5,rolling_mean_60,0.009065105491096065
50.0,5,rolling_range_60,0.009040977096273786
50.0,5,true_range,0.008695351979917004
50.0,5,past_return_10,0.008677907642864045
50.0,5,autocorrelation_30,0.008646763073990033
50.0,5,rolling_std_30,0.008616069542421471
50.0,5,rolling_range_5,0.00856778483527402
50.0,5,rolling_mean_30,0.008517429809130374
50.0,5,rolling_std_60,0.008480639407588612
50.0,5,variance_ratio_5_30,0.008472536834666417
50.0,5,half_life_30,0.00844291333730022
50.0,5,ar1_coefficient_30,0.008368808454612181
50.0,5,return_15,0.008359028647343317
50.0,5,atr_60,0.008352647602025951
50.0,5,normalized_ou_residual_120,0.00831333545613147
50.0,5,mean_reversion_speed_120,0.008286465258736695
50.0,5,mean_distance_30,0.00805066836376985
50.0,5,rolling_std_15,0.00802604642341889
50.0,5,low,0.007987160723479022
50.0,5,normalized_range_30,0.007967253304308369
50.0,5,rolling_mean_5,0.007940003504267051
50.0,5,normalized_range_15,0.007865420409611293
50.0,5,mean_reversion_speed_30,0.007820408591734511
50.0,5,variance_ratio_5_60,0.007734204309859446
50.0,5,mean_reversion_speed_60,0.007731753124278926
50.0,5,log_return_5,0.007687750937683242
50.0,5,high,0.007687117327891645
50.0,5,ou_residual_120,0.0076510003723558925
50.0,5,displacement_15,0.0075947499745303675
50.0,5,ar1_coefficient_120,0.0075808997997748
50.0,5,autocorrelation_60,0.007579394261397067
50.0,5,past_return_30,0.007511553598479146
50.0,5,close,0.00750787158696247
50.0,5,log_return_15,0.007389702313091783
50.0,5,variance_5,0.0073217905703045075
50.0,5,return_60,0.00722053021724735
50.0,5,rolling_mean_15,0.007176589353808335
50.0,5,ar1_coefficient_60,0.0071673021496584015
50.0,5,abs_zscore_5,0.007138485088944435
50.0,5,zscore_60,0.007118706680124714
50.0,5,normalized_range_5,0.007114853887330918
50.0,5,half_life_60,0.007055641782547657
50.0,5,realized_vol_5,0.007028051441357959
50.0,5,ou_residual_30,0.006967979860270307
50.0,5,zscore_5,0.006908280087546224
50.0,5,vol_ratio_15_30,0.006840228967900787
50.0,5,volume,0.006797078852763488
50.0,5,abs_zscore_15,0.006742378918542748
50.0,5,past_return_15,0.006710607625011887
50.0,5,log_return_1,0.006685157273230808
50.0,5,autocorrelation_120,0.006605901821915593
50.0,5,abs_zscore_60,0.0065918628325951955
50.0,5,displacement_10,0.006538975063622708
50.0,5,log_zscore_5,0.006430035057876792
50.0,5,displacement_60,0.006333315035416966
50.0,5,displacement_5,0.006316401640928927
50.0,5,ou_residual_60,0.0063006520670439515
50.0,5,log_return_60,0.006300458285425391
50.0,5,mean_distance_5,0.006268072429867018
50.0,5,past_return_5,0.006248209381564742
50.0,5,vol_ratio_30_60,0.006218836143878954
50.0,5,normalized_vwap_distance,0.006199859903149661
50.0,5,vwap,0.006112852776866583
50.0,5,zscore_30,0.00610447781426566
50.0,5,mean_distance_60,0.006095115849304767
50.0,5,open,0.006067123696474093
50.0,5,displacement_30,0.006066293721752507
50.0,5,return_10,0.005962657786550976
50.0,5,log_return_10,0.005931734683967772
50.0,5,log_zscore_60,0.00592674683069899
50.0,5,rolling_std_5,0.005884286226882111
50.0,5,return_30,0.005835334027540826
50.0,5,vwap_distance_pct,0.005805383558340725
50.0,5,vol_ratio_15_60,0.005784130322613886
50.0,5,vwap_distance,0.00576312154797571
50.0,5,typical_price,0.005750739021182415
50.0,5,return_5,0.0057423975473890705
50.0,5,abs_zscore_30,0.0057154029629947175
50.0,5,normalized_range_60,0.005697891038532059
50.0,5,vol_ratio_5_15,0.005680775624655542
50.0,5,zscore_15,0.005593573430641776
50.0,5,log_zscore_15,0.005526251625269651
50.0,5,log_zscore_30,0.005376024714981516
50.0,5,vol_ratio_5_60,0.005303208882521305
50.0,5,displacement_1,0.005147546518682724
50.0,5,log_return_30,0.005021310971295904
50.0,5,vol_ratio_5_30,0.004936138212326027
50.0,5,half_life_120,0.004934056201905367
50.0,5,return_1,0.00485245870160205
50.0,5,past_return_3,0.0048519024137584936
50.0,5,short_return,0.004768948192663845
50.0,5,log_return,0.004590985032596758
50.0,5,return,0.00430267836366381
50.0,5,log_price,0.0040247960160264655
50.0,5,normalized_ou_residual_60,0.003983425686047191
50.0,5,normalized_ou_residual_30,0.003927538054995239
50.0,5,long_return,0.00329379340109881
50.0,5,zscore_direction_5,0.001172712688068194
50.0,5,zscore_direction_60,0.00035080134070345333
50.0,5,direction_60,0.0003280576229805038
50.0,5,past_return_1,0.0002559627228904338
50.0,5,direction_30,0.00018595602540742782
50.0,5,direction_1,0.0
50.0,5,direction_10,0.0
50.0,5,direction_15,0.0
50.0,5,direction_5,0.0
50.0,5,vwap_side,0.0
50.0,5,zscore_direction_15,0.0
50.0,5,zscore_direction_30,0.0
50.0,10,atr_5,0.10782464773261122
50.0,10,atr_15,0.05918543887812467
50.0,10,minutes_until_rth_close,0.02666433918334189
50.0,10,open,0.017994652945725692
50.0,10,abs_zscore_60,0.015722077927507815
50.0,10,rth_progress,0.015295470288644234
50.0,10,minutes_since_rth_open,0.015094096550629252
50.0,10,variance_30,0.014859886008447834
50.0,10,rolling_range_30,0.013740096821926446
50.0,10,variance_60,0.013127312895708851
50.0,10,rolling_mean_60,0.012934737617061251
50.0,10,rolling_range_60,0.011807253794922005
50.0,10,atr_60,0.011580816026599635
50.0,10,rolling_mean_30,0.011131380784458347
50.0,10,atr_30,0.010495358279773168
50.0,10,vwap_distance_pct,0.009856773096890677
50.0,10,rolling_mean_15,0.00976909508573867
50.0,10,volume,0.009520501563591617
50.0,10,normalized_ou_residual_120,0.009227853179687545
50.0,10,vwap_distance,0.009205207716496218
50.0,10,vwap,0.009104436618231591
50.0,10,vol_ratio_30_60,0.009084104504879741
50.0,10,rolling_range_5,0.0089776514851976
50.0,10,realized_vol_60,0.008811408171563275
50.0,10,mean_distance_60,0.008669312145294887
50.0,10,true_range,0.008584989678292047
50.0,10,half_life_60,0.0085336967105312
50.0,10,high,0.008477932707007443
50.0,10,mean_reversion_speed_30,0.008457770704158716
50.0,10,realized_vol_30,0.008285942731336468
50.0,10,realized_vol_15,0.008226953236208786
50.0,10,rolling_std_60,0.008127635566606409
50.0,10,past_return_30,0.008061517584359362
50.0,10,ou_residual_120,0.00802203527252589
50.0,10,close,0.007945481089076825
50.0,10,ar1_coefficient_60,0.007920177032550177
50.0,10,ar1_coefficient_30,0.007912928659823678
50.0,10,autocorrelation_120,0.007898976361112935
50.0,10,rolling_range_15,0.007894156245692145
50.0,10,return_60,0.007832747307561692
50.0,10,low,0.007656636925059415
50.0,10,log_return_5,0.007416828468974147
50.0,10,variance_5,0.007374313615617298
50.0,10,normalized_range_30,0.007327864367869638
50.0,10,ou_residual_30,0.007327537495820295
50.0,10,vol_ratio_5_15,0.0072438895391921205
50.0,10,mean_reversion_speed_60,0.007235994928383401
50.0,10,ar1_coefficient_120,0.007188653163168402
50.0,10,vol_ratio_15_30,0.007135595616307997
50.0,10,displacement_10,0.007126577575469301
50.0,10,autocorrelation_60,0.007065877429253999
50.0,10,log_price,0.006972367503857683
50.0,10,typical_price,0.006963311023788438
50.0,10,variance_ratio_5_60,0.006929217904273953
50.0,10,rolling_std_30,0.006896525177927245
50.0,10,normalized_range_15,0.006860340878899608
50.0,10,normalized_range_60,0.006833715985218684
50.0,10,rolling_mean_5,0.006828266234758
50.0,10,normalized_vwap_distance,0.006752480575371356
50.0,10,log_return_1,0.006697114302022826
50.0,10,return_30,0.006646727322645131
50.0,10,ou_residual_60,0.0065633086543086736
50.0,10,displacement_60,0.006557481125041488
50.0,10,return_15,0.006530178666469597
50.0,10,past_return_15,0.006510999214480675
50.0,10,log_zscore_60,0.006492626542846362
50.0,10,autocorrelation_30,0.006436223751820978
50.0,10,variance_ratio_5_30,0.006356310753506564
50.0,10,log_return_30,0.006345206029003575
50.0,10,realized_vol_5,0.006341915843742234
50.0,10,past_return_5,0.006334102823443356
50.0,10,mean_reversion_speed_120,0.006329038479764547
50.0,10,past_return_10,0.006311265219535146
50.0,10,mean_distance_15,0.006291029176541737
50.0,10,rolling_std_15,0.006254261681100442
50.0,10,zscore_60,0.006254108788977776
50.0,10,mean_distance_30,0.006235063746793284
50.0,10,vol_ratio_15_60,0.00623297720171866
50.0,10,displacement_30,0.00621145738599201
50.0,10,log_return_60,0.006131720196987901
50.0,10,half_life_120,0.006048463617584535
50.0,10,vol_ratio_5_60,0.006033368253459533
50.0,10,rolling_std_5,0.006009197960208569
50.0,10,displacement_15,0.005960501686093353
50.0,10,vol_ratio_5_30,0.005935751600190997
50.0,10,half_life_30,0.005820414760992641
50.0,10,log_zscore_5,0.005637476752911296
50.0,10,normalized_range_5,0.005555594096048957
50.0,10,return_10,0.005541746748522634
50.0,10,mean_distance_5,0.00550410042827328
50.0,10,log_return_15,0.005375446563231803
50.0,10,log_return_10,0.005213145565773759
50.0,10,zscore_15,0.005208471956263695
50.0,10,return_1,0.00507707434839436
50.0,10,log_zscore_15,0.005047043608058067
50.0,10,displacement_5,0.0050005474393921235
50.0,10,log_zscore_30,0.004906429299375131
50.0,10,displacement_1,0.004904490898341118
50.0,10,zscore_30,0.004855830549439858
50.0,10,return_5,0.004840038892628702
50.0,10,abs_zscore_5,0.00474499086184161
50.0,10,zscore_5,0.004715253776382832
50.0,10,abs_zscore_15,0.004626484748552598
50.0,10,log_return,0.004561545305131446
50.0,10,normalized_ou_residual_60,0.00449775482550086
50.0,10,return,0.004444510121608064
50.0,10,past_return_3,0.004411844115349508
50.0,10,abs_zscore_30,0.004390058273981724
50.0,10,short_return,0.004130929564347579
50.0,10,normalized_ou_residual_30,0.0034676959039643407
50.0,10,direction_60,0.002880724124787819
50.0,10,long_return,0.002711648785320687
50.0,10,zscore_direction_5,0.00048164480609730597
50.0,10,past_return_1,0.0002946946769952774
50.0,10,direction_5,9.911354365093368e-05
50.0,10,direction_1,0.0
50.0,10,direction_10,0.0
50.0,10,direction_15,0.0
50.0,10,direction_30,0.0
50.0,10,vwap_side,0.0
50.0,10,zscore_direction_15,0.0
50.0,10,zscore_direction_30,0.0
50.0,10,zscore_direction_60,0.0
50.0,20,atr_5,0.0883392411106754
50.0,20,atr_15,0.06617615558207035
50.0,20,variance_30,0.023935003294831232
50.0,20,rth_progress,0.022356418260772313
50.0,20,rolling_range_30,0.020473631165389503
50.0,20,minutes_until_rth_close,0.01899519088190226
50.0,20,atr_30,0.0159775589348837
50.0,20,minutes_since_rth_open,0.015931761025318077
50.0,20,displacement_30,0.013696469674219511
50.0,20,vwap_distance_pct,0.013610850620482649
50.0,20,atr_60,0.013124276950423206
50.0,20,rolling_range_60,0.012353652517222577
50.0,20,vwap_distance,0.01167343326267742
50.0,20,variance_60,0.011632390697264955
50.0,20,open,0.011154703019807736
50.0,20,rolling_mean_60,0.011021745169446581
50.0,20,rolling_mean_30,0.010785792466430437
50.0,20,autocorrelation_120,0.010306919991437877
50.0,20,vwap,0.009714918654589426
50.0,20,rolling_range_5,0.009302723398875622
50.0,20,realized_vol_30,0.009028631927711623
50.0,20,realized_vol_60,0.008998619414688576
50.0,20,low,0.008949397553113244
50.0,20,rolling_mean_15,0.008783668612263032
50.0,20,volume,0.008751162106082552
50.0,20,close,0.008531282567197368
50.0,20,typical_price,0.008228951399879796
50.0,20,normalized_ou_residual_120,0.008175112085328215
50.0,20,rolling_range_15,0.008031026881542943
50.0,20,ar1_coefficient_120,0.007973982919273632
50.0,20,high,0.007972585236919778
50.0,20,realized_vol_15,0.0077914420149422115
50.0,20,return_30,0.007771347474772483
50.0,20,ar1_coefficient_60,0.007761667671036862
50.0,20,log_return_30,0.0077180559192562385
50.0,20,vol_ratio_30_60,0.007651976110147578
50.0,20,rolling_mean_5,0.007644916884601116
50.0,20,mean_reversion_speed_120,0.007561613051664261
50.0,20,rolling_std_60,0.007542346338076251
50.0,20,vol_ratio_15_60,0.007458130607292766
50.0,20,true_range,0.007418578002779256
50.0,20,normalized_vwap_distance,0.007298669844333615
50.0,20,vol_ratio_15_30,0.007239839372535546
50.0,20,log_price,0.007229122078223597
50.0,20,variance_ratio_5_30,0.007208747434474173
50.0,20,past_return_15,0.007043944560878333
50.0,20,mean_reversion_speed_30,0.0070375679504303705
50.0,20,normalized_range_30,0.007030300286021971
50.0,20,vol_ratio_5_30,0.006978712477056044
50.0,20,vol_ratio_5_15,0.006920113405656247
50.0,20,ou_residual_120,0.006895356600926746
50.0,20,half_life_60,0.006846839983371042
50.0,20,displacement_60,0.006799055651451151
50.0,20,return_15,0.006765659011545635
50.0,20,normalized_range_60,0.006744062206486151
50.0,20,log_zscore_30,0.006735704295958082
50.0,20,zscore_60,0.006730314211121627
50.0,20,ar1_coefficient_30,0.006729712241351427
50.0,20,autocorrelation_60,0.0067144833239061496
50.0,20,log_zscore_60,0.006706646776625088
50.0,20,mean_distance_60,0.006688503290552901
50.0,20,return_60,0.006685953867244756
50.0,20,mean_reversion_speed_60,0.006677503741922833
50.0,20,variance_ratio_5_60,0.006652066711380723
50.0,20,normalized_ou_residual_60,0.006586336364437427
50.0,20,abs_zscore_60,0.006539229835782733
50.0,20,past_return_10,0.006538194604218006
50.0,20,ou_residual_60,0.006534890371507832
50.0,20,half_life_120,0.006515641444517921
50.0,20,rolling_std_30,0.006513679061927611
50.0,20,return_10,0.006403748966043904
50.0,20,rolling_std_15,0.006306517337049756
50.0,20,normalized_range_15,0.006294474870498691
50.0,20,past_return_30,0.006293892727366516
50.0,20,rolling_std_5,0.006268484595542152
50.0,20,variance_5,0.006218860635445232
50.0,20,mean_distance_5,0.006167163074548755
50.0,20,vol_ratio_5_60,0.006054803418616454
50.0,20,half_life_30,0.006022083783699643
50.0,20,log_return_60,0.006014974854354348
50.0,20,log_return_15,0.0058849956507661515
50.0,20,displacement_10,0.005806175481882833
50.0,20,mean_distance_30,0.00577372584735886
50.0,20,log_return_5,0.005715308722019905
50.0,20,past_return_5,0.00571060893569319
50.0,20,log_return_1,0.0056337935218055335
50.0,20,displacement_15,0.005602497818125855
50.0,20,displacement_5,0.005586535802909306
50.0,20,autocorrelation_30,0.005567042977504787
50.0,20,mean_distance_15,0.005546093585767916
50.0,20,ou_residual_30,0.005523753940083441
50.0,20,realized_vol_5,0.005501687637574616
50.0,20,past_return_3,0.0053402021793382505
50.0,20,displacement_1,0.005159998290418159
50.0,20,log_return_10,0.005015549427341847
50.0,20,abs_zscore_30,0.004944054628833241
50.0,20,log_zscore_5,0.0049353850606296745
50.0,20,normalized_range_5,0.00492261967710441
50.0,20,return_1,0.004913041634219033
50.0,20,zscore_15,0.004866482468233222
50.0,20,log_zscore_15,0.004831620131707972
50.0,20,normalized_ou_residual_30,0.0047940049331546535
50.0,20,abs_zscore_15,0.004780298858393161
50.0,20,return_5,0.004769761916360862
50.0,20,short_return,0.004662767784403903
50.0,20,zscore_30,0.004645626293495297
50.0,20,abs_zscore_5,0.004424278945883825
50.0,20,zscore_5,0.004270879080563429
50.0,20,return,0.0041796154996735
50.0,20,log_return,0.003958265662991575
50.0,20,long_return,0.0028806936128863265
50.0,20,direction_60,0.0014364652867828096
50.0,20,zscore_direction_5,0.0013855058322882368
50.0,20,direction_5,0.000865812507635426
50.0,20,zscore_direction_60,0.00022566247554052445
50.0,20,direction_1,0.0
50.0,20,direction_10,0.0
50.0,20,direction_15,0.0
50.0,20,direction_30,0.0
50.0,20,past_return_1,0.0
50.0,20,vwap_side,0.0
50.0,20,zscore_direction_15,0.0
50.0,20,zscore_direction_30,0.0
50.0,30,atr_15,0.09996004207503228
50.0,30,atr_5,0.05901456736249938
50.0,30,variance_30,0.021143482842793066
50.0,30,rth_progress,0.020806038175665197
50.0,30,minutes_until_rth_close,0.01872278129061063
50.0,30,atr_30,0.017658738729854424
50.0,30,atr_60,0.014919000234277476
50.0,30,minutes_since_rth_open,0.014588000474586374
50.0,30,variance_60,0.014550582505762577
50.0,30,vwap_distance_pct,0.014126798182371118
50.0,30,rolling_range_60,0.013772107793816499
50.0,30,vwap_distance,0.011599073585655009
50.0,30,rolling_mean_30,0.01152276937361984
50.0,30,typical_price,0.011463683542041551
50.0,30,low,0.010695591147634246
50.0,30,rolling_mean_60,0.010402519211527846
50.0,30,rolling_mean_5,0.010326130559579247
50.0,30,close,0.009936967199402196
50.0,30,vwap,0.009934352422576575
50.0,30,rolling_mean_15,0.009631961051906859
50.0,30,realized_vol_60,0.009268066080819284
50.0,30,normalized_range_60,0.0089415879920125
50.0,30,realized_vol_30,0.008886735254366483
50.0,30,volume,0.008693351365980647
50.0,30,mean_reversion_speed_60,0.008614584293571256
50.0,30,log_price,0.008402500090943206
50.0,30,realized_vol_15,0.008380438916252128
50.0,30,high,0.008359526683177267
50.0,30,normalized_range_30,0.008172565317224888
50.0,30,rolling_std_60,0.008116189523466997
50.0,30,open,0.008102818192648036
50.0,30,ar1_coefficient_60,0.008000473225755351
50.0,30,rolling_range_30,0.00791487782927496
50.0,30,return_60,0.007823675493931486
50.0,30,vol_ratio_15_60,0.007810701083924089
50.0,30,abs_zscore_60,0.0077638101231838974
50.0,30,normalized_vwap_distance,0.0077497138907866815
50.0,30,half_life_60,0.007647941227159684
50.0,30,log_zscore_60,0.007566063321151194
50.0,30,true_range,0.007526843742068324
50.0,30,past_return_30,0.007442020367653597
50.0,30,ou_residual_120,0.007426943940420945
50.0,30,normalized_range_15,0.007425594564882063
50.0,30,rolling_range_15,0.007423092965923604
50.0,30,vol_ratio_30_60,0.007416352053128537
50.0,30,autocorrelation_60,0.007348600775003433
50.0,30,log_return_60,0.007336966360786131
50.0,30,vol_ratio_15_30,0.007276516319030807
50.0,30,vol_ratio_5_30,0.007181314441064994
50.0,30,mean_distance_60,0.007171510968224278
50.0,30,ar1_coefficient_120,0.0071655854449740475
50.0,30,zscore_60,0.007104629961152871
50.0,30,normalized_ou_residual_120,0.007051970249795843
50.0,30,return_30,0.0070360338071449886
50.0,30,variance_ratio_5_30,0.007026300965143102
50.0,30,mean_reversion_speed_30,0.00702481869874256
50.0,30,autocorrelation_120,0.006973414548805782
50.0,30,variance_ratio_5_60,0.006933464280640085
50.0,30,displacement_60,0.006932163899320932
50.0,30,half_life_30,0.006905001843170751
50.0,30,mean_reversion_speed_120,0.0068717894277402335
50.0,30,mean_distance_5,0.006849099787706066
50.0,30,displacement_30,0.006773051463477757
50.0,30,rolling_std_30,0.006724973530730321
50.0,30,rolling_std_15,0.0067141408411165076
50.0,30,past_return_10,0.006697214640943068
50.0,30,rolling_range_5,0.006596214492760953
50.0,30,rolling_std_5,0.0065760282090022455
50.0,30,normalized_ou_residual_60,0.006499690657836341
50.0,30,return_10,0.006371874672671159
50.0,30,return_15,0.006352413844849382
50.0,30,ar1_coefficient_30,0.006220438440019886
50.0,30,mean_distance_30,0.006212594209327584
50.0,30,variance_5,0.006211289703579885
50.0,30,log_return_30,0.006168876563952793
50.0,30,vol_ratio_5_15,0.00616404079344301
50.0,30,ou_residual_30,0.0060880677386497455
50.0,30,log_zscore_30,0.006040585426879781
50.0,30,autocorrelation_30,0.0060359761118888855
50.0,30,displacement_15,0.0059997196131873695
50.0,30,mean_distance_15,0.005982969959621273
50.0,30,abs_zscore_30,0.00598081278370782
50.0,30,vol_ratio_5_60,0.005960007054021671
50.0,30,displacement_10,0.005908732269225376
50.0,30,half_life_120,0.005856571857640077
50.0,30,past_return_15,0.005781663165959928
50.0,30,log_return_10,0.005755147490639328
50.0,30,ou_residual_60,0.00571309132057996
50.0,30,realized_vol_5,0.005710346679691048
50.0,30,log_zscore_15,0.005681355780411866
50.0,30,log_return_5,0.005605913598888687
50.0,30,log_return_15,0.005572290641361005
50.0,30,displacement_5,0.0054277720572870405
50.0,30,normalized_range_5,0.005371738646534227
50.0,30,zscore_30,0.005305797593402011
50.0,30,return_1,0.005214415180186431
50.0,30,displacement_1,0.0051982777215363015
50.0,30,normalized_ou_residual_30,0.005117046923953153
50.0,30,log_zscore_5,0.005106312278214665
50.0,30,zscore_15,0.005065614734554575
50.0,30,return_5,0.004870062544276672
50.0,30,abs_zscore_15,0.004845016458559604
50.0,30,past_return_5,0.004834412996258054
50.0,30,log_return_1,0.0044259675667576845
50.0,30,short_return,0.004394253122708982
50.0,30,past_return_3,0.004390078053499262
50.0,30,zscore_5,0.0042607136115077
50.0,30,abs_zscore_5,0.004119823312586439
50.0,30,log_return,0.00400373374023253
50.0,30,return,0.0039055022865622526
50.0,30,long_return,0.0022555649130871253
50.0,30,direction_30,0.0007990997650527529
50.0,30,direction_5,0.0004498661673139958
50.0,30,zscore_direction_5,0.00031851330173334906
50.0,30,direction_60,0.0002653460195731549
50.0,30,zscore_direction_60,0.0002581581162909667
50.0,30,direction_1,0.0
50.0,30,direction_10,0.0
50.0,30,direction_15,0.0
50.0,30,past_return_1,0.0
50.0,30,vwap_side,0.0
50.0,30,zscore_direction_15,0.0
50.0,30,zscore_direction_30,0.0
50.0,60,atr_15,0.09972706561287244
50.0,60,atr_30,0.03171925665810704
50.0,60,atr_5,0.028941589762412366
50.0,60,minutes_until_rth_close,0.020653451925941875
50.0,60,rth_progress,0.01837768895728957
50.0,60,variance_60,0.017936105573815957
50.0,60,minutes_since_rth_open,0.017899182270325366
50.0,60,atr_60,0.017338525991709458
50.0,60,variance_30,0.015494742297700472
50.0,60,typical_price,0.015399369832483075
50.0,60,vwap,0.013144101947546005
50.0,60,realized_vol_15,0.01306305681577041
50.0,60,rolling_range_60,0.013036531307512806
50.0,60,low,0.012478541671520188
50.0,60,rolling_mean_60,0.012127467564174108
50.0,60,log_price,0.012015429037135272
50.0,60,close,0.011876363174191542
50.0,60,rolling_mean_30,0.011535610781893843
50.0,60,realized_vol_30,0.01148156336109553
50.0,60,high,0.011383756817806335
50.0,60,open,0.011121407550360476
50.0,60,rolling_mean_15,0.01091145837147321
50.0,60,rolling_mean_5,0.009795857859509332
50.0,60,realized_vol_60,0.009657224595901511
50.0,60,ou_residual_120,0.009227159033928598
50.0,60,vwap_distance,0.00886281014287046
50.0,60,vwap_distance_pct,0.00876827625602129
50.0,60,normalized_vwap_distance,0.008738627701642968
50.0,60,ar1_coefficient_120,0.00862828404864385
50.0,60,vol_ratio_15_60,0.008356509552825065
50.0,60,normalized_range_60,0.008343153167515993
50.0,60,rolling_std_60,0.008194622228897754
50.0,60,log_return_60,0.007889527206619581
50.0,60,displacement_60,0.007883664276007386
50.0,60,variance_5,0.007809823112828391
50.0,60,normalized_ou_residual_120,0.007719984832441523
50.0,60,mean_distance_60,0.007698478454369165
50.0,60,log_zscore_60,0.007612023469326752
50.0,60,vol_ratio_30_60,0.007608559193266999
50.0,60,rolling_range_15,0.007592592410565842
50.0,60,vol_ratio_15_30,0.007586096435607899
50.0,60,half_life_60,0.007564643087486426
50.0,60,volume,0.007521534715557382
50.0,60,normalized_range_15,0.007487264306594928
50.0,60,true_range,0.007483915381488346
50.0,60,normalized_ou_residual_60,0.007414867807667525
50.0,60,return_60,0.007414718978993949
50.0,60,ar1_coefficient_30,0.007366937917790243
50.0,60,mean_reversion_speed_120,0.0073046645238285975
50.0,60,past_return_30,0.00729892739937419
50.0,60,mean_reversion_speed_30,0.007288970053195953
50.0,60,mean_reversion_speed_60,0.007282649056010303
50.0,60,displacement_30,0.007161256568949847
50.0,60,autocorrelation_30,0.007067143495771147
50.0,60,autocorrelation_120,0.007061473138275601
50.0,60,return_15,0.007045012144815354
50.0,60,rolling_range_30,0.007026271029774632
50.0,60,zscore_60,0.007005059315512578
50.0,60,abs_zscore_60,0.0070003159122452845
50.0,60,ar1_coefficient_60,0.006976522050709242
50.0,60,rolling_std_30,0.006899733761591571
50.0,60,normalized_range_30,0.0068432107523438476
50.0,60,rolling_std_15,0.006687782017425412
50.0,60,rolling_range_5,0.006645484733217884
50.0,60,half_life_30,0.00662302940950862
50.0,60,past_return_15,0.006597687268540973
50.0,60,variance_ratio_5_60,0.006570333797883775
50.0,60,ou_residual_60,0.006511234500933261
50.0,60,autocorrelation_60,0.006510451613437562
50.0,60,half_life_120,0.006506286694535187
50.0,60,displacement_10,0.006495380286304723
50.0,60,realized_vol_5,0.006434929934108541
50.0,60,log_return_10,0.006430499937518367
50.0,60,mean_distance_30,0.00635402482224717
50.0,60,vol_ratio_5_60,0.0062017438689335475
50.0,60,displacement_15,0.006169431909386601
50.0,60,return_10,0.006106546836062556
50.0,60,past_return_10,0.006049915039468379
50.0,60,variance_ratio_5_30,0.006045207791473894
50.0,60,log_return_15,0.005987817787432245
50.0,60,return_30,0.005969022955035879
50.0,60,log_return_30,0.005771978051468197
50.0,60,mean_distance_15,0.005768829147287068
50.0,60,mean_distance_5,0.005697482060419307
50.0,60,ou_residual_30,0.005684236973701488
50.0,60,vol_ratio_5_30,0.005631527342345743
50.0,60,vol_ratio_5_15,0.005307118619038235
50.0,60,displacement_5,0.005200187065860345
50.0,60,rolling_std_5,0.005197918097976418
50.0,60,log_zscore_15,0.00518969389321726
50.0,60,return_5,0.005108643700146959
50.0,60,log_zscore_30,0.004983181189302178
50.0,60,abs_zscore_15,0.004751610857922407
50.0,60,log_zscore_5,0.0046294260149200754
50.0,60,normalized_range_5,0.0045838563791697935
50.0,60,past_return_5,0.004519735130348376
50.0,60,return_1,0.00442444114568865
50.0,60,log_return_5,0.0043867108705897065
50.0,60,normalized_ou_residual_30,0.004374586267485505
50.0,60,zscore_30,0.004358919082386862
50.0,60,zscore_15,0.004341424476089222
50.0,60,displacement_1,0.0043334081835512605
50.0,60,abs_zscore_30,0.004147413219990475
50.0,60,past_return_3,0.0041266508577834995
50.0,60,abs_zscore_5,0.00410067905960161
50.0,60,log_return_1,0.004096617107279599
50.0,60,return,0.00402859858946786
50.0,60,zscore_5,0.004012072492124779
50.0,60,short_return,0.004006191345286511
50.0,60,log_return,0.003696827284459557
50.0,60,long_return,0.001427633570572306
50.0,60,zscore_direction_60,0.0011006073050555728
50.0,60,direction_60,0.0009785433565931661
50.0,60,direction_30,0.0009204485852803503
50.0,60,direction_5,0.0006999506260312739
50.0,60,direction_10,0.0001984990556680021
50.0,60,direction_15,0.000166894147349965
50.0,60,direction_1,0.0
50.0,60,past_return_1,0.0
50.0,60,vwap_side,0.0
50.0,60,zscore_direction_15,0.0
50.0,60,zscore_direction_30,0.0
50.0,60,zscore_direction_5,0.0
50.0,120,atr_15,0.07171102681951154
50.0,120,atr_30,0.034072433753559984
50.0,120,minutes_until_rth_close,0.025996678020982517
50.0,120,rth_progress,0.02418966876298544
50.0,120,atr_5,0.021239256109332756
50.0,120,rolling_mean_30,0.019639037859936554
50.0,120,rolling_mean_60,0.018208605858186882
50.0,120,minutes_since_rth_open,0.017382640657680377
50.0,120,low,0.01711381665830101
50.0,120,rolling_mean_15,0.0165216757782868
50.0,120,atr_60,0.015055158752061072
50.0,120,vwap,0.01407099160410109
50.0,120,variance_60,0.013998082661557765
50.0,120,close,0.01379853580147028
50.0,120,typical_price,0.013473860564686004
50.0,120,log_price,0.013362365153928598
50.0,120,variance_30,0.012710970560354846
50.0,120,rolling_mean_5,0.0125281540011721
50.0,120,high,0.012493402431053775
50.0,120,open,0.011754705282371668
50.0,120,realized_vol_60,0.0109785795211792
50.0,120,realized_vol_30,0.01012182974123529
50.0,120,realized_vol_15,0.00966509934958248
50.0,120,vwap_distance_pct,0.009586611141761145
50.0,120,vwap_distance,0.009516375272401742
50.0,120,normalized_vwap_distance,0.009464100358032045
50.0,120,rolling_range_60,0.009403334309657415
50.0,120,normalized_ou_residual_120,0.00934584831286754
50.0,120,ar1_coefficient_120,0.009054276826126235
50.0,120,rolling_range_30,0.008950791210823116
50.0,120,ou_residual_120,0.008948934707968008
50.0,120,autocorrelation_120,0.008863692171871662
50.0,120,half_life_120,0.008648386469022148
50.0,120,mean_reversion_speed_120,0.008562720668989988
50.0,120,displacement_60,0.00852599884161637
50.0,120,ou_residual_60,0.008474610590686401
50.0,120,displacement_30,0.008446676190942526
50.0,120,vol_ratio_15_60,0.00827537217576589
50.0,120,return_60,0.008242175692603701
50.0,120,normalized_range_60,0.008233324291982822
50.0,120,log_return_60,0.008201768510930595
50.0,120,mean_distance_60,0.008030874011594625
50.0,120,half_life_60,0.007912432752727043
50.0,120,rolling_std_60,0.007881688752344676
50.0,120,rolling_range_15,0.007796132094448521
50.0,120,vol_ratio_30_60,0.007568144106439182
50.0,120,ar1_coefficient_60,0.00730537221811357
50.0,120,variance_5,0.007280575898697688
50.0,120,mean_reversion_speed_60,0.007253489789686033
50.0,120,normalized_range_30,0.007221196622898181
50.0,120,autocorrelation_60,0.00717048364735785
50.0,120,vol_ratio_15_30,0.007163368786374728
50.0,120,mean_reversion_speed_30,0.007107757774758197
50.0,120,return_30,0.007106598555332138
50.0,120,ar1_coefficient_30,0.007009534231786217
50.0,120,return_15,0.006907809060066938
50.0,120,past_return_30,0.006899522262669745
50.0,120,mean_distance_15,0.006876260552200533
50.0,120,mean_distance_30,0.006854820464338575
50.0,120,realized_vol_5,0.006839573494203034
50.0,120,log_return_30,0.006826022673132164
50.0,120,normalized_range_15,0.0067596894334114735
50.0,120,half_life_30,0.006716767522177525
50.0,120,log_return_10,0.006707977170922926
50.0,120,rolling_range_5,0.006671201748152574
50.0,120,rolling_std_15,0.006554251913690851
50.0,120,log_return_15,0.0065136332109215715
50.0,120,true_range,0.006476044876589661
50.0,120,ou_residual_30,0.006469545985705086
50.0,120,zscore_60,0.006436052355205729
50.0,120,displacement_15,0.006428359032032036
50.0,120,log_zscore_60,0.006422650368352022
50.0,120,abs_zscore_60,0.006345444336710941
50.0,120,rolling_std_30,0.006181961768085048
50.0,120,volume,0.006154786241019056
50.0,120,normalized_ou_residual_60,0.006095303150470413
50.0,120,variance_ratio_5_30,0.006090313672930712
50.0,120,autocorrelation_30,0.006064282109340032
50.0,120,vol_ratio_5_60,0.0059819696914582025
50.0,120,past_return_15,0.005880674724245355
50.0,120,vol_ratio_5_15,0.00579502885895116
50.0,120,variance_ratio_5_60,0.005760395633322852
50.0,120,vol_ratio_5_30,0.005734604716833148
50.0,120,return_10,0.005675531480283965
50.0,120,past_return_10,0.005395000966797982
50.0,120,log_return_1,0.005226540922497709
50.0,120,rolling_std_5,0.005174326965407957
50.0,120,displacement_10,0.0051363130499209675
50.0,120,log_zscore_30,0.0050190474860192765
50.0,120,return_1,0.005014676079597501
50.0,120,return_5,0.004885302091549549
50.0,120,displacement_5,0.004785181588626334
50.0,120,long_return,0.004753215202418644
50.0,120,log_zscore_5,0.004606844513632712
50.0,120,log_zscore_15,0.004596239537931979
50.0,120,abs_zscore_15,0.0044140507622311516
50.0,120,past_return_5,0.004391585576481053
50.0,120,mean_distance_5,0.004364935137952368
50.0,120,normalized_range_5,0.0042870064665164265
50.0,120,log_return_5,0.00417629090536918
50.0,120,zscore_15,0.00416368128554452
50.0,120,return,0.004138556253608493
50.0,120,short_return,0.004131480926714305
50.0,120,zscore_30,0.0041105740459724555
50.0,120,displacement_1,0.004069805666360827
50.0,120,past_return_3,0.004017733580743273
50.0,120,abs_zscore_30,0.003974892903074977
50.0,120,abs_zscore_5,0.003908360321518211
50.0,120,log_return,0.0037423324150343737
50.0,120,zscore_5,0.00372142850288323
50.0,120,normalized_ou_residual_30,0.0025782905272319027
50.0,120,vwap_side,0.0011718915775418282
50.0,120,direction_10,0.000930456378098045
50.0,120,zscore_direction_60,0.000858735004883437
50.0,120,direction_30,0.0003044339606449718
50.0,120,direction_60,0.00019109570643021946
50.0,120,direction_1,0.0
50.0,120,direction_15,0.0
50.0,120,direction_5,0.0
50.0,120,past_return_1,0.0
50.0,120,zscore_direction_15,0.0
50.0,120,zscore_direction_30,0.0
50.0,120,zscore_direction_5,0.0
75.0,5,atr_5,0.08439252986794427
75.0,5,atr_15,0.05951511019486047
75.0,5,rth_progress,0.03513187878499074
75.0,5,minutes_until_rth_close,0.03016065914804737
75.0,5,atr_30,0.028237443772100267
75.0,5,rolling_range_15,0.02225204049387858
75.0,5,minutes_since_rth_open,0.021145973620670184
75.0,5,variance_60,0.017371382165168012
75.0,5,realized_vol_15,0.015454167344917854
75.0,5,variance_30,0.013413288386627323
75.0,5,realized_vol_60,0.012329434266402609
75.0,5,rolling_range_5,0.011481087566131637
75.0,5,realized_vol_30,0.010870563215576112
75.0,5,mean_distance_15,0.010745784844316188
75.0,5,atr_60,0.010734879411756992
75.0,5,ou_residual_120,0.009360172519726413
75.0,5,true_range,0.008164968829424609
75.0,5,rolling_std_30,0.008084998510423162
75.0,5,return_5,0.00806949858642405
75.0,5,log_zscore_60,0.008043265746285519
75.0,5,realized_vol_5,0.007985857226664112
75.0,5,zscore_60,0.00779123797214457
75.0,5,variance_5,0.007731730728188441
75.0,5,rolling_std_60,0.007607439710270791
75.0,5,return_60,0.007525868248194456
75.0,5,log_return_10,0.007335992341506339
75.0,5,rolling_mean_60,0.007305726120691924
75.0,5,log_return_5,0.0072031960866990544
75.0,5,volume,0.007161624263972044
75.0,5,return_15,0.007096333506827553
75.0,5,mean_reversion_speed_30,0.007030054039898373
75.0,5,vol_ratio_15_60,0.006934834078752569
75.0,5,displacement_60,0.006858573871709052
75.0,5,mean_distance_60,0.006689422944050637
75.0,5,vol_ratio_30_60,0.006614285898173139
75.0,5,return_30,0.006462680242423501
75.0,5,rolling_range_60,0.006426974598850522
75.0,5,zscore_30,0.006387330037319944
75.0,5,ar1_coefficient_30,0.006367105380853727
75.0,5,variance_ratio_5_60,0.006344597542747145
75.0,5,rolling_std_15,0.0063036466904339335
75.0,5,log_return_60,0.006294013444511663
75.0,5,vol_ratio_5_60,0.006292975624091923
75.0,5,mean_distance_30,0.006274294252285645
75.0,5,rolling_mean_30,0.006228847440243477
75.0,5,abs_zscore_60,0.00616425894466894
75.0,5,normalized_range_60,0.006163211095900763
75.0,5,vol_ratio_5_15,0.0061403586573544
75.0,5,log_return_30,0.006118697258422063
75.0,5,rolling_mean_15,0.006019542947234143
75.0,5,rolling_range_30,0.0059615528000341285
75.0,5,displacement_30,0.005913412758326601
75.0,5,displacement_5,0.005879031749264825
75.0,5,vwap_distance,0.005766458765027069
75.0,5,rolling_mean_5,0.005746038805227727
75.0,5,past_return_5,0.005532400372127692
75.0,5,vol_ratio_15_30,0.005373684179392599
75.0,5,ar1_coefficient_120,0.00533137179999834
75.0,5,vwap_distance_pct,0.005283160345806252
75.0,5,autocorrelation_60,0.005278791589218946
75.0,5,displacement_10,0.005236049559676931
75.0,5,open,0.005178596536141066
75.0,5,rolling_std_5,0.005170704508643775
75.0,5,log_zscore_30,0.005123256716788525
75.0,5,return_10,0.005112936620467475
75.0,5,normalized_range_5,0.005092075582416285
75.0,5,autocorrelation_120,0.005079456970893911
75.0,5,ar1_coefficient_60,0.005007369399425529
75.0,5,past_return_10,0.00499199061388416
75.0,5,abs_zscore_30,0.004975652931967662
75.0,5,mean_distance_5,0.00495419731097562
75.0,5,mean_reversion_speed_60,0.004869277189884867
75.0,5,half_life_120,0.0048540212724003055
75.0,5,displacement_15,0.004846374626227078
75.0,5,vwap,0.0048378324912240105
75.0,5,half_life_60,0.004809554167357939
75.0,5,normalized_ou_residual_120,0.004766540058578054
75.0,5,past_return_15,0.0047420411304171595
75.0,5,high,0.004703729125183253
75.0,5,vol_ratio_5_30,0.004677675121153395
75.0,5,mean_reversion_speed_120,0.00466264973926757
75.0,5,log_return_15,0.004543650706875182
75.0,5,normalized_range_15,0.004483844752290419
75.0,5,zscore_15,0.004477409457433082
75.0,5,half_life_30,0.004466141119510645
75.0,5,normalized_vwap_distance,0.0044490675375397715
75.0,5,ou_residual_30,0.004445856536871621
75.0,5,ou_residual_60,0.004401208902154828
75.0,5,typical_price,0.0043396768437343695
75.0,5,log_zscore_5,0.004321333974422444
75.0,5,variance_ratio_5_30,0.004302223091058079
75.0,5,past_return_3,0.00421973678194696
75.0,5,displacement_1,0.004119358956813812
75.0,5,short_return,0.004117092649851527
75.0,5,normalized_range_30,0.004114941793626973
75.0,5,zscore_5,0.004108006079193382
75.0,5,autocorrelation_30,0.0041048296815937475
75.0,5,return,0.00406425851508088
75.0,5,low,0.0039008736355407607
75.0,5,past_return_30,0.0038562225554848
75.0,5,abs_zscore_5,0.003821312017472727
75.0,5,close,0.0038180844747417028
75.0,5,log_zscore_15,0.0037698090142969575
75.0,5,log_return,0.0036614955114644197
75.0,5,abs_zscore_15,0.00357361530352916
75.0,5,log_return_1,0.0035326017975984584
75.0,5,return_1,0.0031001713966058255
75.0,5,normalized_ou_residual_60,0.0029175426239990408
75.0,5,normalized_ou_residual_30,0.0028274316628951403
75.0,5,long_return,0.002285780052521399
75.0,5,log_price,0.0015644259706494353
75.0,5,zscore_direction_5,0.0006995497138372489
75.0,5,vwap_side,0.000396489387466794
75.0,5,zscore_direction_60,0.00038013717026582787
75.0,5,direction_1,0.0
75.0,5,direction_10,0.0
75.0,5,direction_15,0.0
75.0,5,direction_30,0.0
75.0,5,direction_5,0.0
75.0,5,direction_60,0.0
75.0,5,past_return_1,0.0
75.0,5,zscore_direction_15,0.0
75.0,5,zscore_direction_30,0.0
75.0,10,atr_5,0.07866352499418315
75.0,10,atr_15,0.06318281433500704
75.0,10,minutes_until_rth_close,0.051719442896899726
75.0,10,rth_progress,0.022294422123758567
75.0,10,minutes_since_rth_open,0.021814638216580664
75.0,10,variance_30,0.020360477035865188
75.0,10,variance_60,0.020187546144283953
75.0,10,atr_30,0.0174902630969882
75.0,10,realized_vol_60,0.015907814571013052
75.0,10,half_life_60,0.014989101510894085
75.0,10,normalized_range_15,0.014061286513294493
75.0,10,volume,0.012452496814408473
75.0,10,realized_vol_15,0.01216997136361897
75.0,10,mean_reversion_speed_60,0.011995249971126517
75.0,10,atr_60,0.011365041879582264
75.0,10,true_range,0.010834433642836908
75.0,10,normalized_vwap_distance,0.010728000829528486
75.0,10,realized_vol_30,0.010720083900239496
75.0,10,vwap_distance_pct,0.010630175681962143
75.0,10,rolling_range_15,0.010503458679609355
75.0,10,ar1_coefficient_60,0.010030798325758605
75.0,10,normalized_range_30,0.009869517248478673
75.0,10,rolling_range_5,0.009812248671161277
75.0,10,displacement_5,0.00937698386786949
75.0,10,rolling_range_30,0.009304477145806664
75.0,10,return_30,0.00928179802195657
75.0,10,realized_vol_5,0.009251120455917857
75.0,10,autocorrelation_60,0.008943929935672454
75.0,10,log_return_30,0.008898661338857241
75.0,10,ou_residual_60,0.00852605631752383
75.0,10,low,0.008303024695210513
75.0,10,rolling_mean_30,0.008228477899960819
75.0,10,rolling_mean_60,0.008144339280469077
75.0,10,vwap,0.007418532445583315
75.0,10,vwap_distance,0.007364106985429923
75.0,10,vol_ratio_30_60,0.007345231493846292
75.0,10,close,0.007276029048842334
75.0,10,normalized_ou_residual_120,0.007226395032679041
75.0,10,typical_price,0.007042224485693234
75.0,10,ou_residual_30,0.007019957422190124
75.0,10,ar1_coefficient_30,0.006901308095880917
75.0,10,rolling_range_60,0.0068531819907504885
75.0,10,rolling_std_30,0.0068354513607032244
75.0,10,return_5,0.006832141928108675
75.0,10,open,0.006816472326006208
75.0,10,log_return_5,0.006787118424351017
75.0,10,return_15,0.006760726882410901
75.0,10,ou_residual_120,0.006736017519696837
75.0,10,rolling_mean_5,0.00665437362511598
75.0,10,normalized_range_60,0.006547910011639553
75.0,10,high,0.006452016776338929
75.0,10,mean_reversion_speed_30,0.0064443364695069335
75.0,10,log_return_10,0.006441255310727726
75.0,10,zscore_60,0.006431104038797673
75.0,10,mean_distance_60,0.006384266119095541
75.0,10,variance_5,0.006300591109764008
75.0,10,return_60,0.006277748472279026
75.0,10,vol_ratio_5_15,0.006220973673320952
75.0,10,displacement_30,0.006220213614315504
75.0,10,return_10,0.006217293352598236
75.0,10,displacement_60,0.006208437695888625
75.0,10,vol_ratio_15_30,0.006110605162878831
75.0,10,ar1_coefficient_120,0.006058317564782642
75.0,10,rolling_std_60,0.006018840330874636
75.0,10,past_return_30,0.006003016384229774
75.0,10,rolling_mean_15,0.00598378155735277
75.0,10,mean_reversion_speed_120,0.00594162100571252
75.0,10,zscore_30,0.005931295454502106
75.0,10,variance_ratio_5_60,0.005891414181817146
75.0,10,vol_ratio_5_30,0.005889992673127424
75.0,10,displacement_15,0.005877161354181312
75.0,10,variance_ratio_5_30,0.00584958606798734
75.0,10,abs_zscore_60,0.005693198957790931
75.0,10,autocorrelation_120,0.005578091046551154
75.0,10,log_zscore_30,0.005464842897795495
75.0,10,log_zscore_60,0.0054627662701975735
75.0,10,past_return_15,0.005459945770867523
75.0,10,rolling_std_15,0.005440574660453768
75.0,10,mean_distance_30,0.005417633158642621
75.0,10,past_return_10,0.0054092742391817624
75.0,10,mean_distance_15,0.005339018412910047
75.0,10,past_return_5,0.005338934316698994
75.0,10,half_life_30,0.005310422804627922
75.0,10,log_return_60,0.005268242210149765
75.0,10,vol_ratio_5_60,0.0051937079323189595
75.0,10,normalized_ou_residual_30,0.005177100676865805
75.0,10,log_return_15,0.0051676882597218666
75.0,10,vol_ratio_15_60,0.005094131111123022
75.0,10,zscore_15,0.005037793579200904
75.0,10,autocorrelation_30,0.005000909679524955
75.0,10,displacement_10,0.004982647009282594
75.0,10,abs_zscore_15,0.004973940307363158
75.0,10,abs_zscore_30,0.004920052442078789
75.0,10,normalized_ou_residual_60,0.004797933129815473
75.0,10,mean_distance_5,0.004729347092853416
75.0,10,return,0.004702411048735182
75.0,10,log_return_1,0.004700447377260952
75.0,10,displacement_1,0.0044318751565047675
75.0,10,normalized_range_5,0.004396121139593777
75.0,10,zscore_5,0.004393261846243625
75.0,10,log_zscore_15,0.004380793166568591
75.0,10,past_return_3,0.004287433655311664
75.0,10,return_1,0.0042174256384550106
75.0,10,rolling_std_5,0.004169783311053401
75.0,10,log_zscore_5,0.004115856213805576
75.0,10,log_price,0.004051532989944376
75.0,10,half_life_120,0.003972483067108052
75.0,10,abs_zscore_5,0.0038971765232937677
75.0,10,short_return,0.003716721884085841
75.0,10,log_return,0.0036803059767754305
75.0,10,long_return,0.0023262673861435836
75.0,10,vwap_side,0.00042073610460474376
75.0,10,zscore_direction_5,0.0002684517364416804
75.0,10,direction_1,0.0
75.0,10,direction_10,0.0
75.0,10,direction_15,0.0
75.0,10,direction_30,0.0
75.0,10,direction_5,0.0
75.0,10,direction_60,0.0
75.0,10,past_return_1,0.0
75.0,10,zscore_direction_15,0.0
75.0,10,zscore_direction_30,0.0
75.0,10,zscore_direction_60,0.0
75.0,20,atr_5,0.06513046832489115
75.0,20,atr_15,0.05223825509615597
75.0,20,variance_30,0.04519801531430511
75.0,20,rth_progress,0.03593547045741053
75.0,20,minutes_until_rth_close,0.02814805769317207
75.0,20,minutes_since_rth_open,0.022503946464331376
75.0,20,variance_60,0.020400210461091427
75.0,20,rolling_range_60,0.017217955596390225
75.0,20,realized_vol_60,0.016475528656017212
75.0,20,atr_30,0.014650435210482794
75.0,20,realized_vol_15,0.012683805255662827
75.0,20,rolling_mean_60,0.012481736484915018
75.0,20,atr_60,0.011825941813488802
75.0,20,volume,0.010810839455752145
75.0,20,rolling_range_15,0.010728494738162096
75.0,20,rolling_range_30,0.01048212225681969
75.0,20,open,0.01048084075695702
75.0,20,half_life_60,0.009783533867448568
75.0,20,vwap,0.009638516997386302
75.0,20,low,0.009534157385739187
75.0,20,close,0.00948032872041776
75.0,20,half_life_120,0.009208537125405633
75.0,20,vwap_distance_pct,0.00919643652048849
75.0,20,high,0.008936213395957435
75.0,20,rolling_mean_30,0.008707365464596521
75.0,20,ou_residual_120,0.00863363558337802
75.0,20,mean_reversion_speed_60,0.008458195076811881
75.0,20,ar1_coefficient_60,0.008451377972960472
75.0,20,rolling_mean_5,0.008427991642661038
75.0,20,vwap_distance,0.008338448436309895
75.0,20,typical_price,0.008193271944210642
75.0,20,realized_vol_30,0.008180814307360422
75.0,20,mean_reversion_speed_120,0.007996453421323426
75.0,20,return_15,0.007946838048242387
75.0,20,normalized_vwap_distance,0.007877177536664974
75.0,20,variance_ratio_5_30,0.007867889611848764
75.0,20,rolling_std_60,0.0077793990051196445
75.0,20,rolling_range_5,0.0077722215748854935
75.0,20,rolling_std_15,0.007706996452595506
75.0,20,true_range,0.0076891950545056416
75.0,20,variance_ratio_5_60,0.007532195032884677
75.0,20,return_30,0.0074920391419991145
75.0,20,ar1_coefficient_120,0.00747186036425687
75.0,20,normalized_ou_residual_120,0.0073167682026645964
75.0,20,mean_distance_60,0.007228034947599683
75.0,20,displacement_30,0.007212570646689052
75.0,20,autocorrelation_60,0.007082000219573577
75.0,20,vol_ratio_15_60,0.006965828571645986
75.0,20,vol_ratio_15_30,0.006964633873264704
75.0,20,zscore_60,0.0069530149034800984
75.0,20,rolling_mean_15,0.00693769653194717
75.0,20,abs_zscore_60,0.0069233200490652095
75.0,20,vol_ratio_5_30,0.006841034295835665
75.0,20,ou_residual_30,0.006808106582390056
75.0,20,normalized_range_30,0.006789639791739839
75.0,20,log_zscore_60,0.006760068301532772
75.0,20,log_return_30,0.006756458420395141
75.0,20,mean_distance_15,0.006733030058620941
75.0,20,vol_ratio_30_60,0.006731706882073056
75.0,20,displacement_60,0.006643436571937941
75.0,20,ar1_coefficient_30,0.006574522637362991
75.0,20,log_return_60,0.006563215638466534
75.0,20,normalized_range_60,0.006539802333073956
75.0,20,mean_reversion_speed_30,0.006493708041186134
75.0,20,return_60,0.006471896954324274
75.0,20,autocorrelation_120,0.00646262729008283
75.0,20,normalized_range_15,0.006401064506332789
75.0,20,vol_ratio_5_15,0.006397752174442368
75.0,20,displacement_10,0.006343588720829714
75.0,20,ou_residual_60,0.006333374052441546
75.0,20,past_return_15,0.006219236169099098
75.0,20,variance_5,0.006162961301881643
75.0,20,past_return_30,0.006159782010529723
75.0,20,realized_vol_5,0.006065399194734969
75.0,20,log_return_5,0.005925445346206072
75.0,20,log_price,0.005909473000515607
75.0,20,half_life_30,0.00580743294475334
75.0,20,log_return_1,0.0057523352914445455
75.0,20,autocorrelation_30,0.005747226427220518
75.0,20,past_return_10,0.005722716284383621
75.0,20,normalized_ou_residual_60,0.005689675548291277
75.0,20,vol_ratio_5_60,0.005611967190080101
75.0,20,log_return_10,0.005512378943551864
75.0,20,zscore_30,0.005414532807966073
75.0,20,mean_distance_30,0.0053804037743248045
75.0,20,rolling_std_30,0.005332443131400006
75.0,20,mean_distance_5,0.005293450462410138
75.0,20,return_5,0.005253289454794001
75.0,20,normalized_range_5,0.00506899746445318
75.0,20,abs_zscore_15,0.005049258947283739
75.0,20,log_zscore_30,0.005021554029857119
75.0,20,displacement_15,0.004991830370965458
75.0,20,log_return_15,0.00493162010596799
75.0,20,return_10,0.004909314625408678
75.0,20,rolling_std_5,0.0048512677395982405
75.0,20,log_zscore_15,0.004735251090356282
75.0,20,abs_zscore_30,0.004612754232117108
75.0,20,past_return_5,0.004592214838512952
75.0,20,displacement_5,0.004551835868152834
75.0,20,zscore_15,0.004482609097890201
75.0,20,log_zscore_5,0.0044741032290316765
75.0,20,displacement_1,0.0043272943723769415
75.0,20,return_1,0.004087706528870123
75.0,20,short_return,0.0038121105338047656
75.0,20,abs_zscore_5,0.0037254735694399904
75.0,20,log_return,0.003659383848398214
75.0,20,return,0.003613745255972303
75.0,20,zscore_5,0.00357643008603537
75.0,20,normalized_ou_residual_30,0.0034739153703585977
75.0,20,past_return_3,0.00337307088054894
75.0,20,long_return,0.0019310697347724012
75.0,20,direction_60,0.0007962874979490326
75.0,20,zscore_direction_5,0.0001967380577254863
75.0,20,zscore_direction_60,0.0001548564150219872
75.0,20,direction_5,0.00011706955376125517
75.0,20,direction_1,0.0
75.0,20,direction_10,0.0
75.0,20,direction_15,0.0
75.0,20,direction_30,0.0
75.0,20,past_return_1,0.0
75.0,20,vwap_side,0.0
75.0,20,zscore_direction_15,0.0
75.0,20,zscore_direction_30,0.0
75.0,30,atr_15,0.06726167597142714
75.0,30,atr_5,0.05875270002122436
75.0,30,variance_30,0.03739481190374742
75.0,30,minutes_until_rth_close,0.02689171467153799
75.0,30,rth_progress,0.02673372150664883
75.0,30,atr_30,0.019354915179844414
75.0,30,minutes_since_rth_open,0.017949727763022696
75.0,30,rolling_range_60,0.0177252523911496
75.0,30,variance_60,0.017428410549958546
75.0,30,realized_vol_30,0.01617963015589686
75.0,30,realized_vol_60,0.014910675252654724
75.0,30,atr_60,0.013801733031868935
75.0,30,ar1_coefficient_60,0.011648657709537517
75.0,30,rolling_range_15,0.011182014564318317
75.0,30,vwap,0.01082596447806628
75.0,30,rolling_mean_60,0.010662542877807504
75.0,30,high,0.010204586643903028
75.0,30,rolling_range_30,0.010141859984114057
75.0,30,rolling_std_60,0.009433972516230174
75.0,30,realized_vol_15,0.009424726301360698
75.0,30,volume,0.0094223249082764
75.0,30,close,0.009389623323278059
75.0,30,realized_vol_5,0.009360050006459156
75.0,30,rolling_mean_30,0.009319727275786656
75.0,30,vwap_distance_pct,0.008809853788642656
75.0,30,rolling_mean_15,0.00877979079571863
75.0,30,typical_price,0.008668255149608567
75.0,30,low,0.008612857477384665
75.0,30,rolling_mean_5,0.008463939829241662
75.0,30,mean_reversion_speed_60,0.008435551132563324
75.0,30,ou_residual_120,0.008431502989315916
75.0,30,log_price,0.00828383614619573
75.0,30,vol_ratio_15_60,0.008244460581668786
75.0,30,vol_ratio_15_30,0.008195397466243733
75.0,30,vwap_distance,0.008045059559489823
75.0,30,mean_distance_60,0.00797168571235878
75.0,30,normalized_ou_residual_120,0.00791256291614402
75.0,30,normalized_vwap_distance,0.007867358004053434
75.0,30,open,0.007807080434369189
75.0,30,vol_ratio_30_60,0.007625015430329811
75.0,30,variance_ratio_5_60,0.007531021892126384
75.0,30,variance_ratio_5_30,0.007501174496220691
75.0,30,ar1_coefficient_120,0.007438040349543804
75.0,30,vol_ratio_5_30,0.007412157731042022
75.0,30,return_60,0.007383119447955063
75.0,30,displacement_30,0.007288912532939797
75.0,30,normalized_range_30,0.007232081366791611
75.0,30,autocorrelation_60,0.0072266339723552975
75.0,30,rolling_std_30,0.007138024245034016
75.0,30,log_zscore_60,0.0070098453933107
75.0,30,log_return_30,0.006996849174833014
75.0,30,rolling_range_5,0.006991061492867413
75.0,30,zscore_60,0.006885294647266467
75.0,30,mean_reversion_speed_30,0.006875916284375957
75.0,30,normalized_range_60,0.0067442363333178774
75.0,30,log_return_60,0.006695615878838691
75.0,30,log_return_1,0.006677130070914116
75.0,30,abs_zscore_60,0.00665018434769341
75.0,30,displacement_60,0.006580150946753011
75.0,30,ar1_coefficient_30,0.00650375135176416
75.0,30,rolling_std_15,0.006490316641117845
75.0,30,rolling_std_5,0.006489911227531377
75.0,30,autocorrelation_120,0.006474790595737951
75.0,30,past_return_30,0.006455068493128887
75.0,30,half_life_60,0.006453417166734913
75.0,30,ou_residual_30,0.006443163579595941
75.0,30,mean_reversion_speed_120,0.006371338596744906
75.0,30,log_return_5,0.006365684493045721
75.0,30,past_return_15,0.006296487092705709
75.0,30,mean_distance_30,0.006286113955346602
75.0,30,normalized_range_15,0.006197371010092043
75.0,30,variance_5,0.00611948488014085
75.0,30,return_5,0.0060554240342407
75.0,30,displacement_10,0.0060529283003970275
75.0,30,return_30,0.005859079781831021
75.0,30,log_return_10,0.005828554575730648
75.0,30,half_life_120,0.005784346400538371
75.0,30,true_range,0.005753978222076382
75.0,30,vol_ratio_5_15,0.005741399213937777
75.0,30,return_15,0.005731772121396803
75.0,30,ou_residual_60,0.0056190464778670245
75.0,30,zscore_15,0.005430902165937282
75.0,30,return_10,0.005359868408136424
75.0,30,abs_zscore_15,0.005298524779001517
75.0,30,vol_ratio_5_60,0.005293155499246149
75.0,30,mean_distance_15,0.005279689140263058
75.0,30,past_return_3,0.005216175900949608
75.0,30,autocorrelation_30,0.005209197495354428
75.0,30,normalized_ou_residual_60,0.005156335265686114
75.0,30,mean_distance_5,0.005131997988514957
75.0,30,half_life_30,0.005113841203031673
75.0,30,past_return_10,0.005046172156220391
75.0,30,log_zscore_15,0.005045093906422456
75.0,30,displacement_1,0.005020687855514032
75.0,30,normalized_range_5,0.004950093271742974
75.0,30,log_return_15,0.004921742293628908
75.0,30,displacement_15,0.004874767092544408
75.0,30,displacement_5,0.004832443792284245
75.0,30,log_zscore_30,0.004760537030441421
75.0,30,return_1,0.004718969598235119
75.0,30,zscore_30,0.004707877989858389
75.0,30,past_return_5,0.004686996629018159
75.0,30,long_return,0.004422468055660526
75.0,30,return,0.004402126468318913
75.0,30,log_zscore_5,0.0043825783567237
75.0,30,short_return,0.004301584913350996
75.0,30,log_return,0.003994012850203684
75.0,30,abs_zscore_30,0.0039842509598072085
75.0,30,zscore_5,0.0038724123788554045
75.0,30,abs_zscore_5,0.003548641057152833
75.0,30,normalized_ou_residual_30,0.0026908450582552525
75.0,30,zscore_direction_60,0.000784164693738733
75.0,30,direction_30,0.00014490154128344286
75.0,30,direction_60,0.0001307176204309577
75.0,30,zscore_direction_5,0.00010015467359196572
75.0,30,direction_1,0.0
75.0,30,direction_10,0.0
75.0,30,direction_15,0.0
75.0,30,direction_5,0.0
75.0,30,past_return_1,0.0
75.0,30,vwap_side,0.0
75.0,30,zscore_direction_15,0.0
75.0,30,zscore_direction_30,0.0
75.0,60,atr_15,0.06948250994485404
75.0,60,atr_5,0.03337138922264179
75.0,60,atr_30,0.0321413500323182
75.0,60,minutes_until_rth_close,0.027602179774216244
75.0,60,minutes_since_rth_open,0.023112333867521512
75.0,60,rolling_range_60,0.02170989928500993
75.0,60,variance_60,0.019169021619572527
75.0,60,rth_progress,0.019064471835181826
75.0,60,variance_30,0.01849049161232653
75.0,60,open,0.016383542102717218
75.0,60,typical_price,0.01599284072983123
75.0,60,atr_60,0.015124003846375715
75.0,60,rolling_mean_60,0.01365604464496885
75.0,60,low,0.013436502023112206
75.0,60,vwap_distance_pct,0.01309561146245826
75.0,60,rolling_mean_30,0.012959262311813376
75.0,60,realized_vol_60,0.012241041465174584
75.0,60,realized_vol_15,0.01170637063859474
75.0,60,vwap,0.011345248647211563
75.0,60,realized_vol_30,0.011298265535428766
75.0,60,high,0.011178099195517245
75.0,60,rolling_mean_15,0.010778049273150308
75.0,60,close,0.01069790076109625
75.0,60,rolling_mean_5,0.010484835199479545
75.0,60,normalized_vwap_distance,0.01022008830858838
75.0,60,vwap_distance,0.009884514225025972
75.0,60,rolling_std_60,0.009671268674234549
75.0,60,rolling_range_30,0.009502476302995569
75.0,60,displacement_30,0.009239149130215603
75.0,60,log_price,0.009026719542730245
75.0,60,return_60,0.00871202533709861
75.0,60,ar1_coefficient_120,0.008655628522059746
75.0,60,vol_ratio_15_60,0.008429089439145866
75.0,60,vol_ratio_30_60,0.008414484959627901
75.0,60,ou_residual_120,0.008389780552880395
75.0,60,displacement_60,0.008261030124101256
75.0,60,mean_distance_15,0.008016264027295014
75.0,60,autocorrelation_120,0.00798015798708158
75.0,60,normalized_range_60,0.007714858777554972
75.0,60,mean_reversion_speed_120,0.007712119807755309
75.0,60,normalized_ou_residual_120,0.0075744570986855594
75.0,60,ar1_coefficient_60,0.007456789497241732
75.0,60,rolling_std_30,0.0074078525372204326
75.0,60,mean_reversion_speed_60,0.0073554127454935085
75.0,60,half_life_60,0.007273995744374891
75.0,60,past_return_30,0.007252496844601063
75.0,60,mean_distance_60,0.00723928349491741
75.0,60,rolling_range_15,0.007169796043031272
75.0,60,variance_5,0.007145502161057223
75.0,60,past_return_15,0.007090516665595628
75.0,60,rolling_range_5,0.0070532892520229025
75.0,60,log_zscore_60,0.006916349659496475
75.0,60,volume,0.0069132646368373005
75.0,60,return_15,0.006895214549287976
75.0,60,normalized_range_30,0.006841054563188837
75.0,60,realized_vol_5,0.006832556344480032
75.0,60,ar1_coefficient_30,0.006799068523659592
75.0,60,log_return_60,0.0067776816764048165
75.0,60,ou_residual_30,0.0067701449152082205
75.0,60,autocorrelation_60,0.006734844696308885
75.0,60,vol_ratio_15_30,0.006731281422876886
75.0,60,normalized_range_15,0.006704773354743209
75.0,60,abs_zscore_60,0.006671531940810382
75.0,60,zscore_60,0.006656594801738504
75.0,60,return_30,0.006607929139309341
75.0,60,mean_reversion_speed_30,0.0066068552329116275
75.0,60,half_life_120,0.0064912798115983605
75.0,60,rolling_std_15,0.006444437553346645
75.0,60,mean_distance_5,0.006435989380060207
75.0,60,true_range,0.006433912835616086
75.0,60,half_life_30,0.006289073587616994
75.0,60,return_10,0.006231506266409443
75.0,60,displacement_15,0.006184642311252121
75.0,60,mean_distance_30,0.006171132116356776
75.0,60,variance_ratio_5_60,0.006162279083149596
75.0,60,autocorrelation_30,0.006161618578646865
75.0,60,log_return_10,0.0059724871257674835
75.0,60,variance_ratio_5_30,0.005903807210935546
75.0,60,log_return_15,0.00568785408644804
75.0,60,ou_residual_60,0.005639147467999941
75.0,60,return_5,0.005634128093896877
75.0,60,log_return_30,0.005579676725790792
75.0,60,displacement_5,0.005557154765396956
75.0,60,vol_ratio_5_60,0.005524740199602786
75.0,60,normalized_ou_residual_60,0.00545544787642679
75.0,60,vol_ratio_5_15,0.005401367160846435
75.0,60,rolling_std_5,0.005339004287850999
75.0,60,vol_ratio_5_30,0.0052872958171757915
75.0,60,past_return_10,0.005282566511249613
75.0,60,log_return_5,0.005119758968551953
75.0,60,displacement_10,0.00497702777474409
75.0,60,past_return_5,0.004868735204495135
75.0,60,normalized_range_5,0.004804386846011593
75.0,60,log_zscore_30,0.004713060725147703
75.0,60,log_zscore_15,0.004375301068648696
75.0,60,displacement_1,0.004299085254647902
75.0,60,log_zscore_5,0.004250327529873522
75.0,60,return_1,0.004249391010186325
75.0,60,zscore_30,0.004195960748585917
75.0,60,zscore_15,0.004160732452181124
75.0,60,abs_zscore_15,0.004075879455610577
75.0,60,log_return_1,0.0040125991079202365
75.0,60,zscore_5,0.0038978239310727943
75.0,60,abs_zscore_30,0.0038965122740981834
75.0,60,abs_zscore_5,0.003889797682253023
75.0,60,past_return_3,0.0038723405117967297
75.0,60,log_return,0.003417745437694802
75.0,60,return,0.00337554243881078
75.0,60,short_return,0.0028376104670488054
75.0,60,normalized_ou_residual_30,0.001998230293836622
75.0,60,long_return,0.0017436803762047063
75.0,60,zscore_direction_5,0.0007571911971483912
75.0,60,direction_30,0.00060198865871609
75.0,60,zscore_direction_60,0.0002953465362744672
75.0,60,vwap_side,0.0002139348847170671
75.0,60,direction_1,0.0
75.0,60,direction_10,0.0
75.0,60,direction_15,0.0
75.0,60,direction_5,0.0
75.0,60,direction_60,0.0
75.0,60,past_return_1,0.0
75.0,60,zscore_direction_15,0.0
75.0,60,zscore_direction_30,0.0
75.0,120,atr_15,0.06487562888789744
75.0,120,atr_30,0.0359275705358457
75.0,120,rth_progress,0.03319675914411034
75.0,120,minutes_until_rth_close,0.030371515435122308
75.0,120,minutes_since_rth_open,0.020015107866908823
75.0,120,rolling_mean_30,0.019815513997205665
75.0,120,atr_5,0.01962160620661009
75.0,120,atr_60,0.018046476922574498
75.0,120,variance_60,0.017601160598652705
75.0,120,rolling_mean_15,0.016925600135610216
75.0,120,rolling_mean_60,0.015263722366875126
75.0,120,variance_30,0.01445148829814224
75.0,120,vwap,0.013497103360437211
75.0,120,low,0.013352053062546821
75.0,120,realized_vol_60,0.012529760421741577
75.0,120,log_price,0.012260096923758587
75.0,120,open,0.012216813773626373
75.0,120,close,0.011696580021331707
75.0,120,vwap_distance,0.011623306421651727
75.0,120,typical_price,0.011396741472362052
75.0,120,realized_vol_30,0.011163099136735712
75.0,120,high,0.010824221585478102
75.0,120,realized_vol_15,0.010802128529619603
75.0,120,vwap_distance_pct,0.010636609136348679
75.0,120,rolling_mean_5,0.01003006985411048
75.0,120,half_life_60,0.00939491507042909
75.0,120,normalized_vwap_distance,0.009376392078896364
75.0,120,ar1_coefficient_120,0.009358570334457215
75.0,120,rolling_range_30,0.0093194526797604
75.0,120,rolling_range_60,0.009311529475131206
75.0,120,ou_residual_120,0.009036745299540815
75.0,120,return_60,0.008735584183817818
75.0,120,half_life_120,0.00851453117294503
75.0,120,normalized_ou_residual_120,0.00829548171410958
75.0,120,rolling_std_15,0.008270113751114834
75.0,120,autocorrelation_120,0.008247088463533492
75.0,120,displacement_30,0.008153933200186916
75.0,120,vol_ratio_30_60,0.00811280565158952
75.0,120,rolling_std_60,0.008112155732565693
75.0,120,rolling_range_15,0.008069160083929697
75.0,120,mean_reversion_speed_120,0.008068304165222105
75.0,120,mean_reversion_speed_60,0.008064094265656812
75.0,120,ar1_coefficient_60,0.008048834212656533
75.0,120,normalized_range_15,0.007892639664489599
75.0,120,normalized_range_60,0.007881278903888804
75.0,120,displacement_60,0.007877624017142114
75.0,120,mean_distance_60,0.007824246272710817
75.0,120,log_return_60,0.007569550292655116
75.0,120,normalized_range_30,0.007495101652152482
75.0,120,rolling_range_5,0.007375379492129598
75.0,120,log_zscore_60,0.007314846917454686
75.0,120,vol_ratio_15_60,0.007206710188516549
75.0,120,ou_residual_60,0.007197607885159198
75.0,120,ar1_coefficient_30,0.007182999647089413
75.0,120,autocorrelation_60,0.007151454986472215
75.0,120,true_range,0.007129471294493193
75.0,120,past_return_30,0.0070324562977822054
75.0,120,half_life_30,0.006993908634675401
75.0,120,rolling_std_30,0.006893092505855574
75.0,120,vol_ratio_15_30,0.006872975345080097
75.0,120,mean_reversion_speed_30,0.006714708964517783
75.0,120,volume,0.0065761833850826535
75.0,120,vol_ratio_5_60,0.006529208095300765
75.0,120,realized_vol_5,0.0064721498194904555
75.0,120,mean_distance_30,0.006448691272886381
75.0,120,zscore_60,0.0064329061812410755
75.0,120,variance_ratio_5_60,0.006409356215347846
75.0,120,return_15,0.006329552370256611
75.0,120,autocorrelation_30,0.006289214427982058
75.0,120,return_30,0.006256505370228773
75.0,120,variance_5,0.006255322335554021
75.0,120,ou_residual_30,0.0061997090732412675
75.0,120,mean_distance_15,0.006142986051383473
75.0,120,past_return_15,0.005971946165941301
75.0,120,variance_ratio_5_30,0.0059537078098704415
75.0,120,log_return_30,0.00595043152792468
75.0,120,displacement_15,0.005919240082481078
75.0,120,log_return_15,0.0058569667439553
75.0,120,abs_zscore_60,0.005643221028592615
75.0,120,return_10,0.005551354848735389
75.0,120,rolling_std_5,0.005489167602111896
75.0,120,vol_ratio_5_15,0.005450264683791569
75.0,120,log_zscore_15,0.005334863272894706
75.0,120,displacement_10,0.005326136808088492
75.0,120,vol_ratio_5_30,0.005293772167836626
75.0,120,log_return_10,0.00520079632406123
75.0,120,log_return_5,0.005030792827407519
75.0,120,log_zscore_30,0.005028325778853503
75.0,120,past_return_10,0.005027823926260074
75.0,120,normalized_ou_residual_60,0.005001398008538499
75.0,120,displacement_5,0.004721752916728812
75.0,120,normalized_range_5,0.004543213872238994
75.0,120,return_5,0.004510647107270502
75.0,120,return_1,0.004506513820074144
75.0,120,mean_distance_5,0.004459931271239405
75.0,120,abs_zscore_5,0.004411053048291554
75.0,120,log_zscore_5,0.004256936876724164
75.0,120,past_return_5,0.004206856169427435
75.0,120,abs_zscore_30,0.004166972557348865
75.0,120,abs_zscore_15,0.004141319343554122
75.0,120,short_return,0.0040306684123130425
75.0,120,zscore_30,0.003928469615944084
75.0,120,zscore_15,0.0038473353987293585
75.0,120,displacement_1,0.0038198395244156322
75.0,120,zscore_5,0.003637088074659308
75.0,120,log_return,0.003530363951410566
75.0,120,past_return_3,0.003517020915058397
75.0,120,return,0.003491974424659496
75.0,120,log_return_1,0.0032872785038004317
75.0,120,normalized_ou_residual_30,0.002662239684945061
75.0,120,long_return,0.002015466563447955
75.0,120,direction_60,0.0016850139280515058
75.0,120,zscore_direction_60,0.0013250792620792275
75.0,120,direction_30,0.0004563717770257166
75.0,120,zscore_direction_5,0.0003266225214160624
75.0,120,past_return_1,0.000287703238427639
75.0,120,vwap_side,0.0002876825054131803
75.0,120,direction_5,0.00017039108622287
75.0,120,direction_15,0.0001597326204535507
75.0,120,direction_1,0.0
75.0,120,direction_10,0.0
75.0,120,zscore_direction_15,0.0
75.0,120,zscore_direction_30,0.0
100.0,5,atr_5,0.06886378722265363
100.0,5,minutes_until_rth_close,0.04202901787080225
100.0,5,atr_15,0.04174687438422725
100.0,5,rth_progress,0.03166837676516956
100.0,5,rolling_range_15,0.030930540457900082
100.0,5,minutes_since_rth_open,0.027060383797756264
100.0,5,variance_5,0.021013552456029823
100.0,5,realized_vol_15,0.020431007241963277
100.0,5,variance_30,0.019218492454716136
100.0,5,atr_30,0.016271104104816914
100.0,5,log_return_60,0.014179300599997597
100.0,5,return_60,0.012798718398525602
100.0,5,variance_60,0.012522542117429631
100.0,5,ou_residual_120,0.011559563178923867
100.0,5,rolling_mean_5,0.010501130428608684
100.0,5,volume,0.01005259852501608
100.0,5,realized_vol_5,0.0096757490675719
100.0,5,realized_vol_60,0.009664077877200075
100.0,5,vol_ratio_5_60,0.00947870837435836
100.0,5,log_return_30,0.009084738175650793
100.0,5,rolling_std_60,0.00906365823798946
100.0,5,log_return_15,0.008904386051220908
100.0,5,displacement_10,0.008870888828477334
100.0,5,open,0.008633263398050553
100.0,5,return_30,0.008602133353373833
100.0,5,half_life_60,0.007788160577460769
100.0,5,rolling_std_30,0.007773735205687228
100.0,5,displacement_60,0.007679344731427375
100.0,5,rolling_std_15,0.007509560063703074
100.0,5,vol_ratio_30_60,0.007481488798345838
100.0,5,vwap_distance_pct,0.007429843214118765
100.0,5,return_15,0.007384081254713237
100.0,5,return_10,0.007288510578551463
100.0,5,rolling_range_60,0.007285417124096837
100.0,5,zscore_60,0.0072809199447787945
100.0,5,past_return_10,0.0072496755026458274
100.0,5,rolling_range_30,0.007009189065900587
100.0,5,ar1_coefficient_120,0.006974112419855027
100.0,5,displacement_15,0.006817633108723731
100.0,5,past_return_30,0.006765894370064849
100.0,5,variance_ratio_5_60,0.006711824209473673
100.0,5,vol_ratio_5_15,0.006678678516653322
100.0,5,half_life_120,0.006468002396147875
100.0,5,past_return_15,0.00641783100685903
100.0,5,vol_ratio_5_30,0.006344366957256127
100.0,5,vwap_distance,0.006217014565620394
100.0,5,ar1_coefficient_60,0.006096656035099711
100.0,5,mean_distance_60,0.006091763470543637
100.0,5,ou_residual_60,0.006061888055964595
100.0,5,vol_ratio_15_60,0.00606026921776079
100.0,5,atr_60,0.006021195845234962
100.0,5,rolling_mean_15,0.005950122980201351
100.0,5,realized_vol_30,0.005928769400010684
100.0,5,low,0.0059231282544455355
100.0,5,true_range,0.00580836601910137
100.0,5,autocorrelation_120,0.0056737149245150035
100.0,5,mean_reversion_speed_60,0.005608650983222539
100.0,5,normalized_vwap_distance,0.005524702292556564
100.0,5,rolling_mean_60,0.005476055012661077
100.0,5,log_return_10,0.00546346255023742
100.0,5,autocorrelation_60,0.005463312612846494
100.0,5,vwap,0.005421880006213628
100.0,5,rolling_range_5,0.005341928252684218
100.0,5,rolling_mean_30,0.005291351106106525
100.0,5,normalized_ou_residual_120,0.005172941079806714
100.0,5,close,0.005144876437649752
100.0,5,normalized_range_60,0.005131793973435249
100.0,5,log_zscore_60,0.005125566818086165
100.0,5,mean_reversion_speed_120,0.00504713958971912
100.0,5,abs_zscore_5,0.005019900544236104
100.0,5,autocorrelation_30,0.005008592735975981
100.0,5,displacement_30,0.004797026304350723
100.0,5,vol_ratio_15_30,0.004730723149675343
100.0,5,normalized_range_30,0.00471510724829776
100.0,5,zscore_30,0.00467770137558026
100.0,5,mean_reversion_speed_30,0.004564527932199694
100.0,5,log_zscore_5,0.004560691310048458
100.0,5,mean_distance_30,0.004505698617278887
100.0,5,abs_zscore_30,0.004456442292957078
100.0,5,log_zscore_15,0.004360718724672638
100.0,5,mean_distance_15,0.004309250361984596
100.0,5,ar1_coefficient_30,0.004305570264391247
100.0,5,zscore_5,0.004272078856870178
100.0,5,high,0.004262939831408273
100.0,5,log_zscore_30,0.004241712491161057
100.0,5,abs_zscore_60,0.004236251326455246
100.0,5,displacement_1,0.004164569528906473
100.0,5,past_return_3,0.004147933402453505
100.0,5,variance_ratio_5_30,0.004116461163253656
100.0,5,normalized_range_15,0.00397758894333882
100.0,5,log_return,0.0039049742044880986
100.0,5,return,0.0038807443814307804
100.0,5,abs_zscore_15,0.00387628066043059
100.0,5,normalized_range_5,0.003685904170630411
100.0,5,past_return_5,0.0036065249559691266
100.0,5,zscore_15,0.0035094351929035924
100.0,5,log_return_1,0.0034608872873442514
100.0,5,half_life_30,0.003458476824952023
100.0,5,mean_distance_5,0.0034321978954332216
100.0,5,typical_price,0.0030994664855478775
100.0,5,return_1,0.003022425494799834
100.0,5,ou_residual_30,0.0029992412337811573
100.0,5,return_5,0.002953048421269549
100.0,5,displacement_5,0.002951290242240897
100.0,5,rolling_std_5,0.0028679416697871473
100.0,5,log_return_5,0.002507929654148895
100.0,5,short_return,0.0017832395859018323
100.0,5,long_return,0.0017446382179124548
100.0,5,log_price,0.0015148767297865735
100.0,5,normalized_ou_residual_60,0.0014320621544140436
100.0,5,normalized_ou_residual_30,0.0013314484075679154
100.0,5,past_return_1,6.222426669583434e-05
100.0,5,zscore_direction_5,3.577162057072634e-05
100.0,5,direction_1,0.0
100.0,5,direction_10,0.0
100.0,5,direction_15,0.0
100.0,5,direction_30,0.0
100.0,5,direction_5,0.0
100.0,5,direction_60,0.0
100.0,5,vwap_side,0.0
100.0,5,zscore_direction_15,0.0
100.0,5,zscore_direction_30,0.0
100.0,5,zscore_direction_60,0.0
100.0,10,atr_5,0.07549722288690862
100.0,10,minutes_until_rth_close,0.06623683723488025
100.0,10,rolling_range_5,0.03312384665367149
100.0,10,atr_15,0.03252885299956515
100.0,10,rth_progress,0.030982043217158035
100.0,10,minutes_since_rth_open,0.026215346130941595
100.0,10,atr_30,0.021830427105582896
100.0,10,variance_5,0.020175627299717495
100.0,10,variance_30,0.01918154113393809
100.0,10,half_life_60,0.015910945888165207
100.0,10,variance_60,0.015751410120477278
100.0,10,rolling_range_15,0.015378262637005676
100.0,10,normalized_range_15,0.0137970720063008
100.0,10,log_return_30,0.012379550408305866
100.0,10,ou_residual_120,0.012114844085382563
100.0,10,volume,0.01210137132910036
100.0,10,realized_vol_60,0.011441955847355226
100.0,10,return_30,0.011327000057679556
100.0,10,true_range,0.011263513843351532
100.0,10,mean_reversion_speed_60,0.010739285609729234
100.0,10,normalized_vwap_distance,0.010252052374805013
100.0,10,low,0.010078362721417631
100.0,10,vwap_distance_pct,0.00999275897629559
100.0,10,atr_60,0.009872297190928034
100.0,10,past_return_5,0.009735135860475046
100.0,10,normalized_range_30,0.009509720174329621
100.0,10,ar1_coefficient_60,0.009403138443650235
100.0,10,past_return_30,0.00937591435476428
100.0,10,return_60,0.009003027098342067
100.0,10,rolling_range_30,0.00861367411423652
100.0,10,vol_ratio_30_60,0.008367763588293678
100.0,10,vwap,0.008113267565412181
100.0,10,autocorrelation_60,0.007822354235464618
100.0,10,rolling_mean_5,0.0078049534186859434
100.0,10,past_return_10,0.007791874098724553
100.0,10,displacement_60,0.007682920667797416
100.0,10,open,0.007640007772438583
100.0,10,realized_vol_30,0.007636496874814232
100.0,10,vwap_distance,0.007411415112160501
100.0,10,rolling_std_30,0.00737461516456235
100.0,10,displacement_30,0.0071221692487597466
100.0,10,log_return_60,0.007112246161947648
100.0,10,mean_distance_15,0.007079759202454062
100.0,10,ar1_coefficient_120,0.006815491942688823
100.0,10,realized_vol_15,0.006763156924751543
100.0,10,normalized_ou_residual_120,0.006753015365185482
100.0,10,log_zscore_60,0.006735705753921398
100.0,10,typical_price,0.006721653415644098
100.0,10,realized_vol_5,0.006696909909979219
100.0,10,vol_ratio_15_60,0.006633219242628131
100.0,10,high,0.006363644297899944
100.0,10,return_10,0.006344227541592859
100.0,10,normalized_range_60,0.006318331867944272
100.0,10,autocorrelation_120,0.006192223800878439
100.0,10,ou_residual_30,0.0061216467071235885
100.0,10,return_15,0.006081697508870136
100.0,10,log_return_10,0.006075895086507357
100.0,10,zscore_60,0.006012098880351654
100.0,10,mean_reversion_speed_120,0.005998340501849141
100.0,10,close,0.005929346296137997
100.0,10,zscore_30,0.005910314275838789
100.0,10,rolling_std_15,0.005873933212742919
100.0,10,displacement_5,0.005789057429259022
100.0,10,variance_ratio_5_60,0.00574959787939276
100.0,10,half_life_120,0.0057013079945352815
100.0,10,past_return_15,0.005675553443974682
100.0,10,rolling_mean_60,0.005563242017247137
100.0,10,displacement_10,0.005493858019776997
100.0,10,vol_ratio_15_30,0.005448870183456512
100.0,10,ar1_coefficient_30,0.005445687876393397
100.0,10,vol_ratio_5_60,0.0053918501694819754
100.0,10,mean_reversion_speed_30,0.005316889168517221
100.0,10,rolling_range_60,0.0053003029398886225
100.0,10,rolling_std_60,0.005285409057424182
100.0,10,return,0.005255945159920624
100.0,10,ou_residual_60,0.005122251254284666
100.0,10,vol_ratio_5_30,0.0050719260748121
100.0,10,autocorrelation_30,0.0050617307535417025
100.0,10,displacement_15,0.004927385066236768
100.0,10,abs_zscore_60,0.004908718445914842
100.0,10,return_5,0.004810466270317279
100.0,10,rolling_mean_15,0.004808216577484494
100.0,10,abs_zscore_30,0.0047288639415499
100.0,10,mean_distance_60,0.004721547845595826
100.0,10,half_life_30,0.004706187168180588
100.0,10,vol_ratio_5_15,0.0046973952225276405
100.0,10,log_zscore_30,0.0045385291977297695
100.0,10,rolling_mean_30,0.004527519634436993
100.0,10,variance_ratio_5_30,0.004382134991742316
100.0,10,displacement_1,0.004258620985118406
100.0,10,mean_distance_5,0.004187162328023641
100.0,10,log_return_5,0.0041854150837198605
100.0,10,log_return_1,0.0041817916623715845
100.0,10,zscore_15,0.004175298215289201
100.0,10,log_zscore_5,0.004121596193207162
100.0,10,zscore_5,0.004108908541855358
100.0,10,log_zscore_15,0.003921350940973276
100.0,10,normalized_range_5,0.0038924655832705043
100.0,10,mean_distance_30,0.0037857588114483015
100.0,10,return_1,0.003719886720535301
100.0,10,abs_zscore_5,0.003703512672689699
100.0,10,past_return_3,0.0036883855798459124
100.0,10,rolling_std_5,0.003619682381949609
100.0,10,log_return,0.0035884808915268096
100.0,10,abs_zscore_15,0.003471576245612509
100.0,10,log_return_15,0.0030720759172081238
100.0,10,normalized_ou_residual_30,0.0029283422613627322
100.0,10,short_return,0.002680219992596124
100.0,10,long_return,0.002630793899741201
100.0,10,normalized_ou_residual_60,0.002191893899136977
100.0,10,log_price,0.0020751373099517963
100.0,10,zscore_direction_5,0.0002674644236408529
100.0,10,direction_1,0.0
100.0,10,direction_10,0.0
100.0,10,direction_15,0.0
100.0,10,direction_30,0.0
100.0,10,direction_5,0.0
100.0,10,direction_60,0.0
100.0,10,past_return_1,0.0
100.0,10,vwap_side,0.0
100.0,10,zscore_direction_15,0.0
100.0,10,zscore_direction_30,0.0
100.0,10,zscore_direction_60,0.0
100.0,20,atr_15,0.04974334241290178
100.0,20,rth_progress,0.04641214310235921
100.0,20,atr_5,0.03875253431587702
100.0,20,minutes_until_rth_close,0.03788628251779647
100.0,20,variance_30,0.030076772240655764
100.0,20,minutes_since_rth_open,0.02690444691550164
100.0,20,rolling_range_15,0.025214797018894126
100.0,20,variance_60,0.024417217377395856
100.0,20,realized_vol_15,0.01959534324262114
100.0,20,atr_60,0.01902370801239851
100.0,20,half_life_60,0.016064573400875644
100.0,20,normalized_range_15,0.014209141744123329
100.0,20,rolling_range_60,0.01403978647708538
100.0,20,ar1_coefficient_60,0.012456231927942662
100.0,20,atr_30,0.012283474262360306
100.0,20,vwap_distance_pct,0.012201917313394092
100.0,20,rolling_range_30,0.01176391955509427
100.0,20,normalized_vwap_distance,0.011662392755083385
100.0,20,volume,0.011391404084861279
100.0,20,mean_reversion_speed_60,0.01115116649972541
100.0,20,realized_vol_60,0.011151035116719348
100.0,20,realized_vol_5,0.010263192201299327
100.0,20,return_60,0.010262934247120506
100.0,20,rolling_range_5,0.009963281186563628
100.0,20,normalized_range_30,0.009664507316691535
100.0,20,vwap,0.00922646560883593
100.0,20,autocorrelation_60,0.00911357463337481
100.0,20,variance_5,0.00885825787138726
100.0,20,high,0.008633177239625226
100.0,20,ou_residual_120,0.00802332887958203
100.0,20,close,0.00794973663453545
100.0,20,realized_vol_30,0.007896059142824794
100.0,20,normalized_ou_residual_120,0.00776255218356493
100.0,20,variance_ratio_5_60,0.007722808003780388
100.0,20,rolling_mean_60,0.007635904187780051
100.0,20,zscore_60,0.0075567976704665595
100.0,20,vwap_distance,0.007554205577997934
100.0,20,mean_reversion_speed_30,0.00752800996858804
100.0,20,vol_ratio_15_60,0.007525162726995491
100.0,20,rolling_mean_30,0.007507312022859142
100.0,20,mean_distance_60,0.007499488381048043
100.0,20,rolling_mean_15,0.007473500234828819
100.0,20,displacement_30,0.007369569480596553
100.0,20,true_range,0.007367583435206186
100.0,20,vol_ratio_30_60,0.007303853674481313
100.0,20,ar1_coefficient_120,0.00728887192062324
100.0,20,rolling_mean_5,0.007199610406089397
100.0,20,ar1_coefficient_30,0.00705158200469755
100.0,20,low,0.0069140792391928175
100.0,20,ou_residual_60,0.006875969103670546
100.0,20,normalized_range_60,0.006865278512815989
100.0,20,vol_ratio_15_30,0.006795625135834728
100.0,20,mean_reversion_speed_120,0.006794815328681753
100.0,20,autocorrelation_120,0.006743052298025716
100.0,20,vol_ratio_5_30,0.006736699608154595
100.0,20,rolling_std_15,0.006627854913295735
100.0,20,displacement_60,0.006614882533626985
100.0,20,return_30,0.006595030859378832
100.0,20,open,0.006592937545584781
100.0,20,rolling_std_60,0.006572442572741281
100.0,20,log_return_5,0.0063802032908868225
100.0,20,vol_ratio_5_60,0.0063541775924109275
100.0,20,log_zscore_60,0.006315564115842183
100.0,20,mean_distance_15,0.00624744671707352
100.0,20,typical_price,0.006190258995740719
100.0,20,normalized_ou_residual_30,0.006163087989469724
100.0,20,rolling_std_30,0.006102548446506262
100.0,20,past_return_30,0.005945395611758743
100.0,20,return_15,0.005938479310965964
100.0,20,log_return_30,0.005695019682337131
100.0,20,autocorrelation_30,0.005669664525027786
100.0,20,half_life_120,0.00565660633479378
100.0,20,log_return_60,0.005562861350231937
100.0,20,displacement_5,0.005555690354889347
100.0,20,vol_ratio_5_15,0.0055209181626282985
100.0,20,return_5,0.005500269621344549
100.0,20,past_return_5,0.005393617032539277
100.0,20,abs_zscore_60,0.005236412822601518
100.0,20,variance_ratio_5_30,0.005206939742146503
100.0,20,zscore_30,0.005197238099450867
100.0,20,past_return_10,0.005173662621971397
100.0,20,return_10,0.005029500196022647
100.0,20,ou_residual_30,0.0048924217089301066
100.0,20,half_life_30,0.004863259365915188
100.0,20,log_price,0.004836558766241762
100.0,20,past_return_15,0.004640981632595261
100.0,20,log_zscore_30,0.004638420550950936
100.0,20,log_return_1,0.004575361589169396
100.0,20,mean_distance_30,0.004513974373583638
100.0,20,log_zscore_15,0.0045090182684361935
100.0,20,abs_zscore_15,0.00447209796956962
100.0,20,displacement_15,0.004453168128661457
100.0,20,displacement_10,0.004387197334186307
100.0,20,abs_zscore_30,0.004333203248236151
100.0,20,return_1,0.004307787189082731
100.0,20,log_return_10,0.004304930341840233
100.0,20,normalized_ou_residual_60,0.004280345891380594
100.0,20,log_return_15,0.0042187672446570585
100.0,20,normalized_range_5,0.004125241944122882
100.0,20,mean_distance_5,0.004029732441440934
100.0,20,zscore_5,0.003987958444105018
100.0,20,rolling_std_5,0.00396247824010927
100.0,20,zscore_15,0.003754289676657035
100.0,20,displacement_1,0.0037370327682722184
100.0,20,log_zscore_5,0.0036211301395226094
100.0,20,abs_zscore_5,0.0034298095076034465
100.0,20,log_return,0.003396639921924188
100.0,20,past_return_3,0.0032845083956739734
100.0,20,short_return,0.002998017243087469
100.0,20,return,0.00274999495429386
100.0,20,long_return,0.001760719939955466
100.0,20,vwap_side,0.0003901238309308177
100.0,20,direction_60,0.0001337666374941667
100.0,20,past_return_1,4.386805397059236e-05
100.0,20,direction_1,0.0
100.0,20,direction_10,0.0
100.0,20,direction_15,0.0
100.0,20,direction_30,0.0
100.0,20,direction_5,0.0
100.0,20,zscore_direction_15,0.0
100.0,20,zscore_direction_30,0.0
100.0,20,zscore_direction_5,0.0
100.0,20,zscore_direction_60,0.0
100.0,30,atr_15,0.05252255962806798
100.0,30,variance_30,0.04634427316930322
100.0,30,atr_5,0.040184823530060906
100.0,30,rth_progress,0.03908805724322086
100.0,30,minutes_until_rth_close,0.02841218498845895
100.0,30,variance_60,0.02617830415034578
100.0,30,minutes_since_rth_open,0.021534660919791178
100.0,30,rolling_range_30,0.017326023141365676
100.0,30,atr_60,0.0166943935411317
100.0,30,ar1_coefficient_60,0.015644763685053305
100.0,30,atr_30,0.014317975734316167
100.0,30,rolling_mean_30,0.014257600774899834
100.0,30,normalized_vwap_distance,0.014139526978223807
100.0,30,volume,0.012933957900497176
100.0,30,realized_vol_15,0.01289695022361619
100.0,30,rolling_range_15,0.011906846359904324
100.0,30,realized_vol_30,0.011062080639281444
100.0,30,vol_ratio_15_30,0.011004999124755463
100.0,30,rolling_range_60,0.010907189077919438
100.0,30,realized_vol_60,0.010791063774377108
100.0,30,autocorrelation_60,0.010539213284140541
100.0,30,vwap,0.01052595145024714
100.0,30,log_price,0.009710270734060378
100.0,30,close,0.009701632872401248
100.0,30,rolling_mean_15,0.009114893375053293
100.0,30,half_life_60,0.009112003375776112
100.0,30,normalized_range_30,0.009108883816571463
100.0,30,low,0.0090510846514787
100.0,30,high,0.00887154723473248
100.0,30,vol_ratio_15_60,0.008860484497355563
100.0,30,mean_reversion_speed_60,0.00883809269760691
100.0,30,typical_price,0.008838080523890398
100.0,30,rolling_mean_60,0.008589902537919226
100.0,30,rolling_std_60,0.00840480615650969
100.0,30,vol_ratio_30_60,0.008271350968806516
100.0,30,past_return_30,0.00802850901770095
100.0,30,normalized_ou_residual_120,0.008018674328923225
100.0,30,rolling_range_5,0.007859330313901106
100.0,30,vwap_distance,0.007821393620577596
100.0,30,vwap_distance_pct,0.00768236870256563
100.0,30,open,0.007644284749403596
100.0,30,ou_residual_120,0.007550878472448815
100.0,30,ar1_coefficient_120,0.007532287788178239
100.0,30,vol_ratio_5_30,0.00750388729474729
100.0,30,mean_distance_15,0.007386485990580349
100.0,30,realized_vol_5,0.007233865237573073
100.0,30,normalized_range_60,0.007189625519372168
100.0,30,mean_distance_60,0.0069359538278409415
100.0,30,log_return_10,0.0069075914742868574
100.0,30,rolling_mean_5,0.006898792759914484
100.0,30,log_zscore_60,0.006898341434342521
100.0,30,variance_ratio_5_60,0.006895548952299924
100.0,30,ar1_coefficient_30,0.006819328149071052
100.0,30,zscore_60,0.006818638033499675
100.0,30,vol_ratio_5_60,0.006664790445938706
100.0,30,return_60,0.006613322300836444
100.0,30,mean_reversion_speed_30,0.0065976352031741825
100.0,30,true_range,0.006563970963248894
100.0,30,log_return_30,0.006481000887496131
100.0,30,past_return_15,0.006462275527328963
100.0,30,autocorrelation_120,0.006433079883988414
100.0,30,log_return_5,0.006380571318524224
100.0,30,mean_reversion_speed_120,0.006272410796511741
100.0,30,displacement_1,0.00618396040850452
100.0,30,displacement_30,0.006178757940818157
100.0,30,ou_residual_30,0.006164109051626708
100.0,30,log_return_60,0.00605739368170145
100.0,30,rolling_std_15,0.0060448492877185345
100.0,30,displacement_15,0.005929360432284219
100.0,30,past_return_5,0.005928057678309935
100.0,30,normalized_range_15,0.005913485495728396
100.0,30,ou_residual_60,0.005835466915630691
100.0,30,log_return_15,0.005681945809296199
100.0,30,displacement_60,0.005668228115176871
100.0,30,half_life_120,0.005587266802432991
100.0,30,return_5,0.005586528008626331
100.0,30,rolling_std_30,0.005542324257216283
100.0,30,normalized_ou_residual_60,0.0055071201918291905
100.0,30,abs_zscore_60,0.00537074113907736
100.0,30,vol_ratio_5_15,0.005311763313199792
100.0,30,return_15,0.005266908123823149
100.0,30,variance_5,0.005240778854515936
100.0,30,variance_ratio_5_30,0.005169264251543652
100.0,30,mean_distance_30,0.005158212379596773
100.0,30,normalized_range_5,0.005101699359892379
100.0,30,return_30,0.005061333173043316
100.0,30,return_1,0.005011330635863401
100.0,30,past_return_10,0.0050047529872418155
100.0,30,half_life_30,0.004891168664298242
100.0,30,log_zscore_30,0.0048730735489655105
100.0,30,rolling_std_5,0.0048727430403232574
100.0,30,zscore_30,0.004870950621331022
100.0,30,return_10,0.004758267364065562
100.0,30,autocorrelation_30,0.0046779866929032975
100.0,30,abs_zscore_30,0.004655245946542848
100.0,30,displacement_10,0.004649915726899746
100.0,30,abs_zscore_15,0.004639797012454697
100.0,30,displacement_5,0.004538909465606723
100.0,30,zscore_15,0.004419381774607159
100.0,30,log_zscore_15,0.004400388071579593
100.0,30,zscore_5,0.004168522477682147
100.0,30,normalized_ou_residual_30,0.004013295839762404
100.0,30,mean_distance_5,0.00397499380189748
100.0,30,log_zscore_5,0.0037847018157619807
100.0,30,past_return_3,0.0037585487810983544
100.0,30,log_return,0.003728719583402077
100.0,30,abs_zscore_5,0.0036535970700372544
100.0,30,log_return_1,0.0036524863071030096
100.0,30,return,0.0033356178540825134
100.0,30,short_return,0.0027943282122058527
100.0,30,long_return,0.002454059303826874
100.0,30,direction_60,0.0009088052348012016
100.0,30,direction_5,0.0001418522359537227
100.0,30,zscore_direction_60,7.847218685561703e-05
100.0,30,zscore_direction_5,1.7255511400955064e-05
100.0,30,direction_1,0.0
100.0,30,direction_10,0.0
100.0,30,direction_15,0.0
100.0,30,direction_30,0.0
100.0,30,past_return_1,0.0
100.0,30,vwap_side,0.0
100.0,30,zscore_direction_15,0.0
100.0,30,zscore_direction_30,0.0
100.0,60,atr_15,0.06347036508045026
100.0,60,atr_30,0.03884296077081845
100.0,60,minutes_until_rth_close,0.029798479174219426
100.0,60,atr_5,0.029111723725994427
100.0,60,minutes_since_rth_open,0.025151408499195463
100.0,60,variance_60,0.022150742998790173
100.0,60,open,0.019592464236276492
100.0,60,rth_progress,0.018505192783084653
100.0,60,variance_30,0.01638958109764471
100.0,60,rolling_range_60,0.016272339526386487
100.0,60,rolling_mean_15,0.016011831638891073
100.0,60,close,0.015734177925402208
100.0,60,rolling_range_30,0.01496094171999998
100.0,60,rolling_mean_30,0.01393774923469339
100.0,60,atr_60,0.01320673451049342
100.0,60,realized_vol_60,0.012776544051510947
100.0,60,rolling_range_15,0.012727725452610425
100.0,60,rolling_mean_60,0.012238747972462858
100.0,60,high,0.011957431699903239
100.0,60,ou_residual_120,0.011556041515654042
100.0,60,past_return_30,0.011337154323146456
100.0,60,log_price,0.011144806641996616
100.0,60,realized_vol_15,0.011004382278770208
100.0,60,low,0.010875070467591286
100.0,60,vwap,0.01062608031289918
100.0,60,mean_distance_30,0.010256386051575342
100.0,60,realized_vol_30,0.009813952148847636
100.0,60,typical_price,0.00948465297309061
100.0,60,normalized_vwap_distance,0.00917575838753865
100.0,60,displacement_30,0.009165831353692781
100.0,60,ou_residual_60,0.009119249758354965
100.0,60,ar1_coefficient_120,0.0088419637398883
100.0,60,vol_ratio_30_60,0.008797615189992246
100.0,60,vwap_distance,0.00869422331674113
100.0,60,displacement_60,0.008574016658323151
100.0,60,rolling_mean_5,0.008367375465154293
100.0,60,vwap_distance_pct,0.008242478167327741
100.0,60,normalized_ou_residual_120,0.008146851789206266
100.0,60,rolling_range_5,0.008089152630418539
100.0,60,rolling_std_60,0.0079271437023722
100.0,60,log_zscore_60,0.007878485723354277
100.0,60,vol_ratio_15_60,0.007835382385002006
100.0,60,true_range,0.007732233708901774
100.0,60,autocorrelation_120,0.007674171301048426
100.0,60,half_life_60,0.007653636530795623
100.0,60,return_5,0.007603545717540241
100.0,60,return_60,0.007506121970003559
100.0,60,mean_reversion_speed_120,0.0073889542614952435
100.0,60,normalized_range_60,0.007372425093005101
100.0,60,mean_distance_60,0.007301506874639364
100.0,60,rolling_std_15,0.0071653714569817695
100.0,60,ar1_coefficient_60,0.0070053037876884145
100.0,60,mean_reversion_speed_60,0.006994722466472359
100.0,60,volume,0.006993162733990522
100.0,60,log_return_60,0.0068840960129385904
100.0,60,mean_reversion_speed_30,0.00675634486556408
100.0,60,abs_zscore_60,0.0067541498934761395
100.0,60,return_15,0.006729187931688059
100.0,60,autocorrelation_60,0.006711305795414816
100.0,60,zscore_60,0.006701644620902482
100.0,60,past_return_10,0.006648272076355559
100.0,60,normalized_range_30,0.006625269085080141
100.0,60,variance_ratio_5_60,0.006613719299258221
100.0,60,ou_residual_30,0.006552498288718718
100.0,60,realized_vol_5,0.006531066372103635
100.0,60,vol_ratio_15_30,0.006520480272315797
100.0,60,half_life_120,0.0064729284716858754
100.0,60,return_10,0.006408656149038247
100.0,60,normalized_range_15,0.006393678231342207
100.0,60,ar1_coefficient_30,0.006381636125124281
100.0,60,mean_distance_15,0.006286962412386423
100.0,60,vol_ratio_5_60,0.006145174792479901
100.0,60,return_30,0.006124882825783321
100.0,60,log_return_5,0.006073819947362479
100.0,60,variance_ratio_5_30,0.005964476515405944
100.0,60,normalized_ou_residual_60,0.005893878289498389
100.0,60,past_return_15,0.005787278702926068
100.0,60,variance_5,0.005724561985559939
100.0,60,log_return_10,0.005689726200043445
100.0,60,rolling_std_30,0.00564377045347577
100.0,60,vol_ratio_5_30,0.0054823947527135415
100.0,60,rolling_std_5,0.005425097282221984
100.0,60,autocorrelation_30,0.0053240335934485
100.0,60,displacement_15,0.005158516556201946
100.0,60,log_zscore_30,0.005155916680537519
100.0,60,vol_ratio_5_15,0.005067236738146416
100.0,60,log_return_30,0.004905525475762607
100.0,60,displacement_5,0.004793740021774457
100.0,60,zscore_30,0.004722296592912504
100.0,60,half_life_30,0.004715364398656502
100.0,60,displacement_10,0.004709597211331129
100.0,60,abs_zscore_30,0.004436454070465905
100.0,60,log_return_15,0.004374911409935781
100.0,60,past_return_5,0.004304881717654921
100.0,60,mean_distance_5,0.004260962612793914
100.0,60,normalized_range_5,0.004009908752604609
100.0,60,log_zscore_15,0.003948527928774378
100.0,60,return_1,0.003920526665058874
100.0,60,displacement_1,0.003807015262455458
100.0,60,log_zscore_5,0.0037348862249581586
100.0,60,zscore_15,0.0037322551998797628
100.0,60,abs_zscore_15,0.0036385821987919157
100.0,60,past_return_3,0.003632628270203159
100.0,60,log_return_1,0.003437810954416082
100.0,60,zscore_5,0.003367214219733363
100.0,60,abs_zscore_5,0.0032095707054915173
100.0,60,normalized_ou_residual_30,0.0031409031999785277
100.0,60,log_return,0.0030406639645142214
100.0,60,return,0.002967401571194863
100.0,60,short_return,0.00267081083785299
100.0,60,long_return,0.002140969730784751
100.0,60,zscore_direction_60,0.0012947746574701298
100.0,60,direction_60,0.0002667978849439394
100.0,60,direction_1,0.0
100.0,60,direction_10,0.0
100.0,60,direction_15,0.0
100.0,60,direction_30,0.0
100.0,60,direction_5,0.0
100.0,60,past_return_1,0.0
100.0,60,vwap_side,0.0
100.0,60,zscore_direction_15,0.0
100.0,60,zscore_direction_30,0.0
100.0,60,zscore_direction_5,0.0
100.0,120,atr_15,0.05845595900678918
100.0,120,atr_30,0.03749617255691971
100.0,120,minutes_until_rth_close,0.035656364634633064
100.0,120,rth_progress,0.0352023962352957
100.0,120,variance_30,0.02436720695169199
100.0,120,variance_60,0.02418342259313379
100.0,120,minutes_since_rth_open,0.02326393269357227
100.0,120,atr_60,0.017266279884747097
100.0,120,atr_5,0.016711844353093988
100.0,120,vwap,0.013398921205883934
100.0,120,vwap_distance_pct,0.012968951348392736
100.0,120,rolling_mean_60,0.012691111436911992
100.0,120,high,0.012509584205136412
100.0,120,log_price,0.012492132572723287
100.0,120,rolling_mean_15,0.012383192600238891
100.0,120,low,0.012326684336931933
100.0,120,close,0.012317155133045855
100.0,120,open,0.012284317896479652
100.0,120,rolling_mean_30,0.012265390694318782
100.0,120,typical_price,0.012236401194795257
100.0,120,realized_vol_60,0.012056212384431135
100.0,120,rolling_range_60,0.011218620198113578
100.0,120,rolling_mean_5,0.011005108289065816
100.0,120,realized_vol_15,0.010438327145363604
100.0,120,realized_vol_30,0.010336818195702065
100.0,120,ou_residual_120,0.010218297885287376
100.0,120,return_60,0.010196078679568711
100.0,120,normalized_vwap_distance,0.00993866225083669
100.0,120,rolling_range_15,0.00953427930584266
100.0,120,vwap_distance,0.009495441003569536
100.0,120,displacement_60,0.00944189575412089
100.0,120,rolling_range_30,0.009301060078931707
100.0,120,ar1_coefficient_120,0.009271386611674513
100.0,120,autocorrelation_120,0.009197517852520659
100.0,120,vol_ratio_30_60,0.008516950732363122
100.0,120,vol_ratio_15_60,0.008488997118547559
100.0,120,mean_distance_60,0.008273743403454622
100.0,120,mean_reversion_speed_120,0.008082980667019174
100.0,120,rolling_std_60,0.007930680200280179
100.0,120,normalized_range_60,0.007840989833875071
100.0,120,past_return_30,0.007666720310226083
100.0,120,normalized_range_15,0.007455074594223073
100.0,120,realized_vol_5,0.007405524275132588
100.0,120,half_life_60,0.007305023315850468
100.0,120,ou_residual_60,0.007198597093866695
100.0,120,ou_residual_30,0.007171112334444409
100.0,120,mean_reversion_speed_30,0.007091793306504509
100.0,120,ar1_coefficient_60,0.007032307840528942
100.0,120,half_life_120,0.006989386869550106
100.0,120,rolling_std_15,0.006984772897946338
100.0,120,log_return_60,0.006918839093053802
100.0,120,normalized_ou_residual_120,0.006901713254462395
100.0,120,ar1_coefficient_30,0.006863439876940988
100.0,120,rolling_range_5,0.006830874120905286
100.0,120,vol_ratio_5_60,0.006829636903213603
100.0,120,displacement_30,0.006814280602460106
100.0,120,mean_reversion_speed_60,0.006745271370857067
100.0,120,rolling_std_30,0.006743525825662627
100.0,120,mean_distance_30,0.006678614665621093
100.0,120,vol_ratio_15_30,0.006665048211635579
100.0,120,return_15,0.006660290428304246
100.0,120,true_range,0.0066533514431544715
100.0,120,normalized_range_30,0.0065983024957988945
100.0,120,autocorrelation_60,0.006533131158600251
100.0,120,variance_5,0.006477381446443144
100.0,120,log_zscore_60,0.00642111692355857
100.0,120,variance_ratio_5_60,0.0062801895130957875
100.0,120,volume,0.006219999731651374
100.0,120,past_return_15,0.006194032883892457
100.0,120,zscore_60,0.006146746754114117
100.0,120,variance_ratio_5_30,0.006056363162185464
100.0,120,vol_ratio_5_30,0.005998182908764907
100.0,120,mean_distance_15,0.005966683677841155
100.0,120,displacement_15,0.0059533860490080855
100.0,120,log_return_15,0.005898943459171625
100.0,120,return_30,0.00589119759388268
100.0,120,autocorrelation_30,0.005832468702768286
100.0,120,return_10,0.005700477653936971
100.0,120,rolling_std_5,0.005631530069790426
100.0,120,log_return_10,0.005623408565519466
100.0,120,log_return_30,0.005507323225694043
100.0,120,normalized_ou_residual_60,0.005393510407191657
100.0,120,abs_zscore_60,0.005337425673912678
100.0,120,vol_ratio_5_15,0.00527400483510324
100.0,120,displacement_10,0.005035789550415107
100.0,120,past_return_10,0.004960691977647089
100.0,120,return_5,0.00490294261613772
100.0,120,mean_distance_5,0.004889964702583495
100.0,120,displacement_5,0.004759281552174971
100.0,120,past_return_5,0.00469003812897773
100.0,120,log_zscore_15,0.004625479280505152
100.0,120,half_life_30,0.0044213898058625915
100.0,120,log_zscore_30,0.004221246325566123
100.0,120,normalized_range_5,0.0041977417810509605
100.0,120,return_1,0.004159577714744955
100.0,120,log_return_5,0.004153230855341202
100.0,120,short_return,0.004109951093726393
100.0,120,log_zscore_5,0.004085916360574109
100.0,120,abs_zscore_5,0.004008347822708033
100.0,120,normalized_ou_residual_30,0.003938368657448639
100.0,120,abs_zscore_15,0.003935498928296424
100.0,120,displacement_1,0.003901547486228602
100.0,120,abs_zscore_30,0.0038562754662485703
100.0,120,zscore_30,0.00383541828237607
100.0,120,past_return_3,0.003769628476307151
100.0,120,zscore_15,0.0037541049310848827
100.0,120,log_return_1,0.0036491319083974566
100.0,120,zscore_5,0.0035059396510145496
100.0,120,return,0.0033157915985655216
100.0,120,log_return,0.0030867178103930895
100.0,120,long_return,0.0027888274475810163
100.0,120,direction_30,0.0014946043624409608
100.0,120,zscore_direction_60,0.001249162652086289
100.0,120,direction_60,0.0008949314998019309
100.0,120,direction_1,0.0
100.0,120,direction_10,0.0
100.0,120,direction_15,0.0
100.0,120,direction_5,0.0
100.0,120,past_return_1,0.0
100.0,120,vwap_side,0.0
100.0,120,zscore_direction_15,0.0
100.0,120,zscore_direction_30,0.0
100.0,120,zscore_direction_5,0.0
