condition,condition_value,horizon_bars,observations,mean_return,median_return,std_return,win_rate_positive,mean_displacement_points,median_displacement_points,window,validation_start,validation_end
zscore_30,-1.0:0,1,6328,5.925315476713707e-06,0.0,0.00047938276521408116,0.49352085967130216,0.08422882427307206,0.0,1,2021-05-06 09:30:00-04:00,2021-08-06 09:30:00-04:00
zscore_30,-1.0:0,3,6328,1.325520483669308e-05,1.735814979486605e-05,0.0008461200389733381,0.5091656131479141,0.18911978508217447,0.25,1,2021-05-06 09:30:00-04:00,2021-08-06 09:30:00-04:00
zscore_30,-1.0:0,5,6328,2.3640488320448947e-06,1.700955086403333e-05,0.001086942609445017,0.5061630847029077,0.03911188369152971,0.25,1,2021-05-06 09:30:00-04:00,2021-08-06 09:30:00-04:00
zscore_30,-1.0:0,10,6328,-6.478852836075491e-06,3.6404343547680185e-05,0.0014906453412300992,0.5178571428571429,-0.07162610619469026,0.5,1,2021-05-06 09:30:00-04:00,2021-08-06 09:30:00-04:00
zscore_30,-1.0:0,20,6328,3.191239632952911e-06,3.3850111792688153e-05,0.0020308555593458316,0.5080594184576486,0.08770543615676359,0.5,1,2021-05-06 09:30:00-04:00,2021-08-06 09:30:00-04:00
zscore_30,-1.0:0,30,6328,0.0001259431318100871,0.00012036280861293935,0.0026074517797768397,0.5412452591656132,1.794840391908976,1.75,1,2021-05-06 09:30:00-04:00,2021-08-06 09:30:00-04:00
zscore_30,-1.0:0,60,6325,0.00024126797522394956,0.0002061643129573909,0.0036962753031525813,0.5389723320158103,3.437509881422925,3.0,1,2021-05-06 09:30:00-04:00,2021-08-06 09:30:00-04:00
zscore_30,-1.5:-1.0,1,2982,-5.4676561598074275e-06,0.0,0.0005185263422230943,0.49798792756539234,-0.07109322602280349,0.0,1,2021-05-06 09:30:00-04:00,2021-08-06 09:30:00-04:00
zscore_30,-1.5:-1.0,3,2982,9.792534812500242e-06,1.818214891669001e-05,0.0008915648481896179,0.5120724346076458,0.15300134138162308,0.25,1,2021-05-06 09:30:00-04:00,2021-08-06 09:30:00-04:00
zscore_30,-1.5:-1.0,5,2982,5.670878604438462e-05,5.282593580058226e-05,0.0010819604505632224,0.5335345405767941,0.8202548625083836,0.75,1,2021-05-06 09:30:00-04:00,2021-08-06 09:30:00-04:00
zscore_30,-1.5:-1.0,10,2982,0.00014056101274430763,9.15449254670353e-05,0.0014645353576364557,0.5442655935613682,1.977112676056338,1.25,1,2021-05-06 09:30:00-04:00,2021-08-06 09:30:00-04:00
zscore_30,-1.5:-1.0,20,2982,0.0001648273757660162,0.00013403085100016643,0.0020792939917829547,0.545271629778672,2.3250335345405766,2.0,1,2021-05-06 09:30:00-04:00,2021-08-06 09:30:00-04:00
zscore_30,-1.5:-1.0,30,2982,0.0001867870618976695,0.00017920344106570063,0.0023536387178354425,0.5519785378940308,2.682679409792086,2.5,1,2021-05-06 09:30:00-04:00,2021-08-06 09:30:00-04:00
zscore_30,-1.5:-1.0,60,2982,0.0004641530347678862,0.000310011945066746,0.0034374827501556433,0.5714285714285714,6.615274983232729,4.5,1,2021-05-06 09:30:00-04:00,2021-08-06 09:30:00-04:00
zscore_30,-2.0:-1.5,1,2120,1.3379997508627165e-05,1.7493112420496892e-05,0.0004366533994359388,0.5127358490566037,0.18007075471698114,0.25,1,2021-05-06 09:30:00-04:00,2021-08-06 09:30:00-04:00
zscore_30,-2.0:-1.5,3,2120,3.82134685484539e-05,3.643552980536757e-05,0.000752898686546845,0.5264150943396226,0.5261792452830188,0.5,1,2021-05-06 09:30:00-04:00,2021-08-06 09:30:00-04:00
zscore_30,-2.0:-1.5,5,2120,6.843644234652164e-05,6.805730425019085e-05,0.0010372969037670658,0.5363207547169812,0.9533018867924529,1.0,1,2021-05-06 09:30:00-04:00,2021-08-06 09:30:00-04:00
zscore_30,-2.0:-1.5,10,2120,0.0001385941489551252,0.00010895521055354074,0.0013316303690686813,0.5580188679245283,1.9257075471698113,1.5,1,2021-05-06 09:30:00-04:00,2021-08-06 09:30:00-04:00
zscore_30,-2.0:-1.5,20,2120,0.00019045472627762317,0.00020391911974548815,0.0019810646626320007,0.5632075471698114,2.640801886792453,3.0,1,2021-05-06 09:30:00-04:00,2021-08-06 09:30:00-04:00
zscore_30,-2.0:-1.5,30,2120,0.0002175835333760011,0.00021261670806349553,0.0022917285626839123,0.5702830188679245,3.0621462264150945,3.0,1,2021-05-06 09:30:00-04:00,2021-08-06 09:30:00-04:00
zscore_30,-2.0:-1.5,60,2120,0.00047644331200850264,0.0004601001863270282,0.003461580044408298,0.5976415094339622,6.643514150943396,6.625,1,2021-05-06 09:30:00-04:00,2021-08-06 09:30:00-04:00
zscore_30,-2.5:-2.0,1,1101,3.851913912332902e-06,0.0,0.0004743689772272251,0.48864668483197093,0.05722070844686648,0.0,1,2021-05-06 09:30:00-04:00,2021-08-06 09:30:00-04:00
zscore_30,-2.5:-2.0,3,1101,3.358564757163056e-05,1.8641066269031725e-05,0.0007431139350234102,0.5095367847411444,0.47729336966394187,0.25,1,2021-05-06 09:30:00-04:00,2021-08-06 09:30:00-04:00
zscore_30,-2.5:-2.0,5,1101,3.633849733847843e-05,3.4037918240859e-05,0.00088979852969139,0.5131698455949137,0.5213442325158947,0.5,1,2021-05-06 09:30:00-04:00,2021-08-06 09:30:00-04:00
zscore_30,-2.5:-2.0,10,1101,3.858895129170664e-05,6.688627660822455e-05,0.0016426840599775444,0.5367847411444142,0.6119436875567665,1.0,1,2021-05-06 09:30:00-04:00,2021-08-06 09:30:00-04:00
zscore_30,-2.5:-2.0,20,1101,0.0002128737464260789,0.00019577482335764174,0.0020252963048685477,0.5658492279745686,2.9806993642143507,2.75,1,2021-05-06 09:30:00-04:00,2021-08-06 09:30:00-04:00
zscore_30,-2.5:-2.0,30,1101,0.00012771183890609338,0.0001610853573410509,0.002512477193288604,0.5495004541326067,1.7674841053587647,2.25,1,2021-05-06 09:30:00-04:00,2021-08-06 09:30:00-04:00
zscore_30,-2.5:-2.0,60,1101,0.0003532971858284499,0.0004385521033634099,0.0036192791169681405,0.5858310626702997,4.887375113533151,6.5,1,2021-05-06 09:30:00-04:00,2021-08-06 09:30:00-04:00
zscore_30,0:1.0,1,7093,-1.6761383220104666e-06,0.0,0.0003845050463751046,0.4808966586775694,-0.026434512900042294,0.0,1,2021-05-06 09:30:00-04:00,2021-08-06 09:30:00-04:00
zscore_30,0:1.0,3,7093,-3.110909931295465e-06,1.6622616732409057e-05,0.0007278784640767538,0.5023262371352037,-0.05177639926688284,0.25,1,2021-05-06 09:30:00-04:00,2021-08-06 09:30:00-04:00
zscore_30,0:1.0,5,7093,2.4063944469001452e-06,1.8037518037417044e-05,0.0009451760730310586,0.5117721697448189,0.016882842238827012,0.25,1,2021-05-06 09:30:00-04:00,2021-08-06 09:30:00-04:00
zscore_30,0:1.0,10,7093,3.6075052963221465e-05,3.634777551608792e-05,0.0013434408088336689,0.5216410545608346,0.4804384604539687,0.5,1,2021-05-06 09:30:00-04:00,2021-08-06 09:30:00-04:00
zscore_30,0:1.0,20,7091,8.619256523104794e-05,7.49091726282014e-05,0.002011587130629608,0.5291214215202369,1.1884078409251164,1.0,1,2021-05-06 09:30:00-04:00,2021-08-06 09:30:00-04:00
zscore_30,0:1.0,30,7090,0.00015837382955063563,0.00014537657220059508,0.0024777372280029323,0.5372355430183356,2.1669957686882935,2.0,1,2021-05-06 09:30:00-04:00,2021-08-06 09:30:00-04:00
zscore_30,0:1.0,60,7068,0.000248636807170433,0.00018611643951227386,0.0034737381110292163,0.5363610639501981,3.3898203169213357,2.75,1,2021-05-06 09:30:00-04:00,2021-08-06 09:30:00-04:00
zscore_30,1.0:1.5,1,4036,2.0463471390751528e-06,0.0,0.00044469484497717794,0.48439048562933595,0.0319623389494549,0.0,1,2021-05-06 09:30:00-04:00,2021-08-06 09:30:00-04:00
zscore_30,1.0:1.5,3,4035,-5.844787431045876e-06,0.0,0.000744068005931961,0.49343246592317225,-0.07676579925650558,0.0,1,2021-05-06 09:30:00-04:00,2021-08-06 09:30:00-04:00
zscore_30,1.0:1.5,5,4034,-3.0549261198297193e-06,1.6687120698577473e-05,0.0009620094141439964,0.5017352503718394,-0.026896380763510162,0.25,1,2021-05-06 09:30:00-04:00,2021-08-06 09:30:00-04:00
zscore_30,1.0:1.5,10,4033,-4.106398263451907e-05,1.7513441566308074e-05,0.0013994466726094798,0.5060748822216712,-0.5784775601289363,0.25,1,2021-05-06 09:30:00-04:00,2021-08-06 09:30:00-04:00
zscore_30,1.0:1.5,20,4029,2.2739290410044547e-05,6.730380939568015e-05,0.0019239126590025087,0.5219657483246463,0.2873541821792008,1.0,1,2021-05-06 09:30:00-04:00,2021-08-06 09:30:00-04:00
zscore_30,1.0:1.5,30,4027,4.431590970482955e-05,0.00010174837626553135,0.002266116560004635,0.5301713434318351,0.5787186491184505,1.5,1,2021-05-06 09:30:00-04:00,2021-08-06 09:30:00-04:00
zscore_30,1.0:1.5,60,4023,7.664334137278451e-05,0.0001758767455766197,0.0031145412766333353,0.5346756152125279,1.0187670892368879,2.5,1,2021-05-06 09:30:00-04:00,2021-08-06 09:30:00-04:00
zscore_30,1.5:2.0,1,2804,1.4815040538507612e-05,0.0,0.00038118793006591616,0.49108416547788875,0.20185449358059915,0.0,1,2021-05-06 09:30:00-04:00,2021-08-06 09:30:00-04:00
zscore_30,1.5:2.0,3,2803,3.233035041952501e-05,1.695030171533496e-05,0.0007402548202368927,0.5087406350338922,0.4306100606493043,0.25,1,2021-05-06 09:30:00-04:00,2021-08-06 09:30:00-04:00
zscore_30,1.5:2.0,5,2802,3.840989733463571e-05,1.875299875886416e-05,0.000996901130039678,0.5153461812990721,0.5066916488222698,0.25,1,2021-05-06 09:30:00-04:00,2021-08-06 09:30:00-04:00
zscore_30,1.5:2.0,10,2798,6.892371776022273e-05,3.677622654663093e-05,0.0013467068667603387,0.5203716940671909,0.9382594710507506,0.5,1,2021-05-06 09:30:00-04:00,2021-08-06 09:30:00-04:00
zscore_30,1.5:2.0,20,2795,5.8979179307083144e-05,5.5534987041916395e-05,0.0017493185727557713,0.5245080500894455,0.7980322003577818,0.75,1,2021-05-06 09:30:00-04:00,2021-08-06 09:30:00-04:00
zscore_30,1.5:2.0,30,2792,2.920733293446885e-05,9.079932426703241e-05,0.0019789750493604285,0.5315186246418339,0.42111389684813755,1.25,1,2021-05-06 09:30:00-04:00,2021-08-06 09:30:00-04:00
zscore_30,1.5:2.0,60,2791,0.00011130454294828823,0.00016924196523770973,0.002854129818149349,0.5374417771408098,1.5472948763883914,2.5,1,2021-05-06 09:30:00-04:00,2021-08-06 09:30:00-04:00
zscore_30,2.0:2.5,1,1161,2.6351858928222322e-05,0.0,0.00048157460610397936,0.4737295434969854,0.3748923341946598,0.0,1,2021-05-06 09:30:00-04:00,2021-08-06 09:30:00-04:00
zscore_30,2.0:2.5,3,1161,4.669707948256158e-05,-1.657797450305143e-05,0.0007520795660840666,0.4720068906115418,0.6686046511627907,-0.25,1,2021-05-06 09:30:00-04:00,2021-08-06 09:30:00-04:00
zscore_30,2.0:2.5,5,1161,5.3595799196712895e-05,0.0,0.0009233090553417987,0.48406546080964685,0.7590439276485789,0.0,1,2021-05-06 09:30:00-04:00,2021-08-06 09:30:00-04:00
zscore_30,2.0:2.5,10,1161,0.00010324270812585744,5.4904831625179895e-05,0.0012833170668314472,0.5322997416020672,1.473083548664944,0.75,1,2021-05-06 09:30:00-04:00,2021-08-06 09:30:00-04:00
zscore_30,2.0:2.5,20,1160,0.00013687896425584333,7.289954426592526e-05,0.0016472490953743923,0.528448275862069,1.934698275862069,1.0,1,2021-05-06 09:30:00-04:00,2021-08-06 09:30:00-04:00
zscore_30,2.0:2.5,30,1156,7.37773676195141e-05,0.00010541443607781087,0.0020831064917648367,0.5294117647058824,1.043468858131488,1.5,1,2021-05-06 09:30:00-04:00,2021-08-06 09:30:00-04:00
zscore_30,2.0:2.5,60,1156,0.00029926670966812143,0.00022629974210708337,0.0030794005116824576,0.5519031141868512,4.21128892733564,3.25,1,2021-05-06 09:30:00-04:00,2021-08-06 09:30:00-04:00
zscore_30,<=-2.5,1,594,2.7937177259236983e-05,1.8442193093659576e-05,0.000499187741668185,0.5252525252525253,0.3926767676767677,0.25,1,2021-05-06 09:30:00-04:00,2021-08-06 09:30:00-04:00
zscore_30,<=-2.5,3,594,7.336423310299651e-05,8.797662388848604e-05,0.000825236614633128,0.563973063973064,1.015993265993266,1.25,1,2021-05-06 09:30:00-04:00,2021-08-06 09:30:00-04:00
zscore_30,<=-2.5,5,594,0.0001128577482734085,0.00010167228109081439,0.0009924100044745913,0.5622895622895623,1.5509259259259258,1.5,1,2021-05-06 09:30:00-04:00,2021-08-06 09:30:00-04:00
zscore_30,<=-2.5,10,594,0.0001367731251824079,0.0001491905586092912,0.0015302473363816545,0.5791245791245792,1.9250841750841752,2.25,1,2021-05-06 09:30:00-04:00,2021-08-06 09:30:00-04:00
zscore_30,<=-2.5,20,594,0.00032170472553588324,0.00021502275778029212,0.0021298406708116216,0.5791245791245792,4.507996632996633,3.0,1,2021-05-06 09:30:00-04:00,2021-08-06 09:30:00-04:00
zscore_30,<=-2.5,30,594,0.0001981645247763525,0.00016933460454471305,0.002413568240543028,0.5353535353535354,2.8425925925925926,2.375,1,2021-05-06 09:30:00-04:00,2021-08-06 09:30:00-04:00
zscore_30,<=-2.5,60,594,9.58268859331932e-05,0.00036824438173621576,0.0036446332092607238,0.5606060606060606,1.4301346801346801,5.375,1,2021-05-06 09:30:00-04:00,2021-08-06 09:30:00-04:00
zscore_30,>=2.5,1,460,-3.8003649113301496e-05,-3.40520482259854e-05,0.0006447755159196531,0.4326086956521739,-0.5347826086956522,-0.5,1,2021-05-06 09:30:00-04:00,2021-08-06 09:30:00-04:00
zscore_30,>=2.5,3,460,-1.3233937919371812e-05,1.8030246017652907e-05,0.0009738718777793599,0.5043478260869565,-0.15760869565217392,0.25,1,2021-05-06 09:30:00-04:00,2021-08-06 09:30:00-04:00
zscore_30,>=2.5,5,460,1.164671585872948e-05,1.67933956983779e-05,0.0012451426687840172,0.5021739130434782,0.16358695652173913,0.25,1,2021-05-06 09:30:00-04:00,2021-08-06 09:30:00-04:00
zscore_30,>=2.5,10,460,5.114542743239265e-05,5.2087697451241866e-05,0.0017912361822963196,0.5195652173913043,0.6744565217391304,0.75,1,2021-05-06 09:30:00-04:00,2021-08-06 09:30:00-04:00
zscore_30,>=2.5,20,460,0.00013845019647639083,6.630245981809058e-05,0.0022277851421938335,0.5282608695652173,1.8668478260869565,1.0,1,2021-05-06 09:30:00-04:00,2021-08-06 09:30:00-04:00
zscore_30,>=2.5,30,460,0.00023049660369402916,0.0001865308494146678,0.0025654137504111637,0.55,3.0956521739130434,2.75,1,2021-05-06 09:30:00-04:00,2021-08-06 09:30:00-04:00
zscore_30,>=2.5,60,460,0.0006526853521374734,0.00043429168339159663,0.0035447065022377023,0.5826086956521739,8.980434782608695,6.125,1,2021-05-06 09:30:00-04:00,2021-08-06 09:30:00-04:00
zscore_60,-1.0:0,1,6434,-8.69848057173357e-07,0.0,0.00047117576136413385,0.48943114703139573,-0.006916381722101336,0.0,1,2021-05-06 09:30:00-04:00,2021-08-06 09:30:00-04:00
zscore_60,-1.0:0,3,6434,-4.168082089105627e-06,1.718774170256232e-05,0.0008357002143671174,0.5108797015853279,-0.04748212620453839,0.25,1,2021-05-06 09:30:00-04:00,2021-08-06 09:30:00-04:00
zscore_60,-1.0:0,5,6434,-7.378181769088502e-08,3.331726110855637e-05,0.0010770132040874689,0.521603978862294,0.017757227230338825,0.5,1,2021-05-06 09:30:00-04:00,2021-08-06 09:30:00-04:00
zscore_60,-1.0:0,10,6434,4.111349911727829e-05,6.71563841930789e-05,0.0015104693870860207,0.5349704693814112,0.6009869443580976,1.0,1,2021-05-06 09:30:00-04:00,2021-08-06 09:30:00-04:00
zscore_60,-1.0:0,20,6434,0.00011606023721619292,8.776576102531575e-05,0.002123390838558098,0.5394777743239043,1.6581830898352503,1.25,1,2021-05-06 09:30:00-04:00,2021-08-06 09:30:00-04:00
zscore_60,-1.0:0,30,6434,0.0002513332623945415,0.00018626083676476224,0.002617174997466867,0.5627914205781784,3.5450341933478398,2.75,1,2021-05-06 09:30:00-04:00,2021-08-06 09:30:00-04:00
zscore_60,-1.0:0,60,6434,0.00041265250542783403,0.00036735898502904263,0.0038423002536408894,0.5699409387628225,5.793674230649674,5.25,1,2021-05-06 09:30:00-04:00,2021-08-06 09:30:00-04:00
zscore_60,-1.5:-1.0,1,2822,6.18630078142233e-06,0.0,0.0005334421277644932,0.49468462083628634,0.08557760453579022,0.0,1,2021-05-06 09:30:00-04:00,2021-08-06 09:30:00-04:00
zscore_60,-1.5:-1.0,3,2822,3.350999251069698e-05,3.3595949582743145e-05,0.0009649777710936683,0.5163004961020553,0.4715627214741318,0.5,1,2021-05-06 09:30:00-04:00,2021-08-06 09:30:00-04:00
zscore_60,-1.5:-1.0,5,2822,6.538340680816213e-05,5.4132607154033785e-05,0.00121443560599391,0.5290574060949681,0.9082211197732105,0.75,1,2021-05-06 09:30:00-04:00,2021-08-06 09:30:00-04:00
zscore_60,-1.5:-1.0,10,2822,9.49676048605644e-05,7.319976037212239e-05,0.0017508955962656817,0.5372076541459957,1.2956236711552092,1.0,1,2021-05-06 09:30:00-04:00,2021-08-06 09:30:00-04:00
zscore_60,-1.5:-1.0,20,2822,6.245682686449074e-05,0.00010991426746198574,0.0024385514639712973,0.5294117647058824,0.9055634301913537,1.5,1,2021-05-06 09:30:00-04:00,2021-08-06 09:30:00-04:00
zscore_60,-1.5:-1.0,30,2822,0.00015175361759303915,0.00014504851666508056,0.003011438649091109,0.5446491849751949,2.157955350815025,2.0,1,2021-05-06 09:30:00-04:00,2021-08-06 09:30:00-04:00
zscore_60,-1.5:-1.0,60,2822,0.00042929340535719646,0.00033157620847568126,0.003968343015156025,0.5595322466335932,6.0483699503897945,4.75,1,2021-05-06 09:30:00-04:00,2021-08-06 09:30:00-04:00
zscore_60,-2.0:-1.5,1,1985,1.3211586315030797e-05,1.8779342723096448e-05,0.0005753601573881981,0.5259445843828715,0.18828715365239296,0.25,1,2021-05-06 09:30:00-04:00,2021-08-06 09:30:00-04:00
zscore_60,-2.0:-1.5,3,1985,5.382740457549812e-05,5.47625132343299e-05,0.0009122241483922349,0.5476070528967254,0.7525188916876574,0.75,1,2021-05-06 09:30:00-04:00,2021-08-06 09:30:00-04:00
zscore_60,-2.0:-1.5,5,1985,5.878288765396515e-05,7.417297136913525e-05,0.0011637494263126943,0.5511335012594458,0.8230478589420654,1.0,1,2021-05-06 09:30:00-04:00,2021-08-06 09:30:00-04:00
zscore_60,-2.0:-1.5,10,1985,6.113629186068782e-05,0.00010446773688066457,0.001515183157916089,0.5445843828715365,0.8778337531486146,1.5,1,2021-05-06 09:30:00-04:00,2021-08-06 09:30:00-04:00
zscore_60,-2.0:-1.5,20,1985,0.00020587583787228086,0.00020119620287895046,0.002021261830161169,0.5496221662468513,2.827581863979849,2.75,1,2021-05-06 09:30:00-04:00,2021-08-06 09:30:00-04:00
zscore_60,-2.0:-1.5,30,1985,0.000204331057781204,0.00021644240828244676,0.002327326936688244,0.5596977329974812,2.87544080604534,3.0,1,2021-05-06 09:30:00-04:00,2021-08-06 09:30:00-04:00
zscore_60,-2.0:-1.5,60,1985,0.0005434416529807569,0.00042429693997037,0.003613961731373056,0.5858942065491184,7.587405541561713,6.0,1,2021-05-06 09:30:00-04:00,2021-08-06 09:30:00-04:00
zscore_60,-2.5:-2.0,1,1045,2.7250765816629233e-05,1.7011431682201206e-05,0.0004595011450516711,0.5062200956937799,0.38636363636363635,0.25,1,2021-05-06 09:30:00-04:00,2021-08-06 09:30:00-04:00
zscore_60,-2.5:-2.0,3,1045,6.311951365299854e-05,1.8211619012831193e-05,0.0007992740404831897,0.508133971291866,0.8933014354066986,0.25,1,2021-05-06 09:30:00-04:00,2021-08-06 09:30:00-04:00
zscore_60,-2.5:-2.0,5,1045,0.00011917210203326975,7.01422133375651e-05,0.0010364254768486798,0.523444976076555,1.674641148325359,1.0,1,2021-05-06 09:30:00-04:00,2021-08-06 09:30:00-04:00
zscore_60,-2.5:-2.0,10,1045,0.00021794968837249542,0.00018563207722288588,0.001283712857410464,0.5933014354066986,3.0598086124401913,2.75,1,2021-05-06 09:30:00-04:00,2021-08-06 09:30:00-04:00
zscore_60,-2.5:-2.0,20,1045,0.00021820823413821525,0.00020410435298923169,0.0017667905807320188,0.5799043062200957,3.091866028708134,3.0,1,2021-05-06 09:30:00-04:00,2021-08-06 09:30:00-04:00
zscore_60,-2.5:-2.0,30,1045,0.00023295972557932484,0.00023680711149975942,0.0020733993493833804,0.570334928229665,3.310287081339713,3.25,1,2021-05-06 09:30:00-04:00,2021-08-06 09:30:00-04:00
zscore_60,-2.5:-2.0,60,1045,0.0006877749897987933,0.0007054318250530045,0.003547549936385809,0.6344497607655503,9.570813397129186,10.0,1,2021-05-06 09:30:00-04:00,2021-08-06 09:30:00-04:00
zscore_60,0:1.0,1,7116,4.4421118767517684e-07,0.0,0.00041168650834743064,0.4807476110174255,0.0036537380550871277,0.0,1,2021-05-06 09:30:00-04:00,2021-08-06 09:30:00-04:00
zscore_60,0:1.0,3,7116,1.3452637085268764e-06,0.0,0.0007362854905061078,0.49480044969083753,0.011101742551995503,0.0,1,2021-05-06 09:30:00-04:00,2021-08-06 09:30:00-04:00
zscore_60,0:1.0,5,7116,2.838610228696733e-06,1.690189812320053e-05,0.0009803651292340373,0.5044969083754919,0.02933530073074761,0.25,1,2021-05-06 09:30:00-04:00,2021-08-06 09:30:00-04:00
zscore_60,0:1.0,10,7116,1.218935434630183e-05,3.3203839910345145e-05,0.0013929713154897095,0.5129286115795391,0.16255621135469364,0.5,1,2021-05-06 09:30:00-04:00,2021-08-06 09:30:00-04:00
zscore_60,0:1.0,20,7115,4.699907315710611e-05,5.063718457254396e-05,0.0020365778826637905,0.5155305692199579,0.6247716092761771,0.75,1,2021-05-06 09:30:00-04:00,2021-08-06 09:30:00-04:00
zscore_60,0:1.0,30,7112,5.8773822356071594e-05,9.971323355495443e-05,0.002486441688961125,0.5291057367829022,0.7693335208098988,1.5,1,2021-05-06 09:30:00-04:00,2021-08-06 09:30:00-04:00
zscore_60,0:1.0,60,7098,8.947007211074791e-06,6.669346347820682e-05,0.0033092700203714892,0.5119752042828966,0.07695829811214426,1.0,1,2021-05-06 09:30:00-04:00,2021-08-06 09:30:00-04:00
zscore_60,1.0:1.5,1,4065,3.1962260314928327e-06,0.0,0.00039967323194988944,0.48954489544895446,0.042435424354243544,0.0,1,2021-05-06 09:30:00-04:00,2021-08-06 09:30:00-04:00
zscore_60,1.0:1.5,3,4065,1.0479966096863533e-05,1.6617092341242312e-05,0.0007042755238866469,0.5025830258302583,0.14575645756457564,0.25,1,2021-05-06 09:30:00-04:00,2021-08-06 09:30:00-04:00
zscore_60,1.0:1.5,5,4065,1.7604659249310557e-05,1.6534118152833344e-05,0.0008313300606753374,0.5003690036900369,0.2481549815498155,0.25,1,2021-05-06 09:30:00-04:00,2021-08-06 09:30:00-04:00
zscore_60,1.0:1.5,10,4065,4.317909789841486e-05,3.377750755761966e-05,0.001162121597043544,0.5143911439114391,0.5855473554735547,0.5,1,2021-05-06 09:30:00-04:00,2021-08-06 09:30:00-04:00
zscore_60,1.0:1.5,20,4057,0.00012200457254758383,0.0001028630207440262,0.001665117380256517,0.5388217894996302,1.6910278530934189,1.5,1,2021-05-06 09:30:00-04:00,2021-08-06 09:30:00-04:00
zscore_60,1.0:1.5,30,4050,0.00010592183690444439,0.00013462590544333075,0.0019695823799728237,0.5385185185185185,1.4575925925925926,2.0,1,2021-05-06 09:30:00-04:00,2021-08-06 09:30:00-04:00
zscore_60,1.0:1.5,60,4039,0.00025946205933212934,0.0002508196427610798,0.0026385926831732623,0.5560782371874227,3.612218370883882,3.5,1,2021-05-06 09:30:00-04:00,2021-08-06 09:30:00-04:00
zscore_60,1.5:2.0,1,2561,-3.151913570832538e-06,-1.65763256916307e-05,0.00035334126873514754,0.4595860991800078,-0.046661460367044126,-0.25,1,2021-05-06 09:30:00-04:00,2021-08-06 09:30:00-04:00
zscore_60,1.5:2.0,3,2559,-1.4360499793517268e-05,-1.717327837880145e-05,0.0006324367686672469,0.4712778429073857,-0.21639312231340369,-0.25,1,2021-05-06 09:30:00-04:00,2021-08-06 09:30:00-04:00
zscore_60,1.5:2.0,5,2557,-2.5808194484826146e-05,-3.307917500539048e-05,0.000872123773652969,0.4661712944857255,-0.38257723895189677,-0.5,1,2021-05-06 09:30:00-04:00,2021-08-06 09:30:00-04:00
zscore_60,1.5:2.0,10,2554,-5.6835024916185326e-05,-1.789533159041179e-05,0.0012245117014865216,0.4831636648394675,-0.8118637431480031,-0.25,1,2021-05-06 09:30:00-04:00,2021-08-06 09:30:00-04:00
zscore_60,1.5:2.0,20,2553,-3.950756811708457e-05,1.7172983462376834e-05,0.0015723219017775589,0.5052878965922444,-0.5464159811985899,0.25,1,2021-05-06 09:30:00-04:00,2021-08-06 09:30:00-04:00
zscore_60,1.5:2.0,30,2553,2.6957660324399455e-05,3.411746643688929e-05,0.0018404877796702477,0.5107716412064238,0.39336075205640425,0.5,1,2021-05-06 09:30:00-04:00,2021-08-06 09:30:00-04:00
zscore_60,1.5:2.0,60,2549,0.00012448632754352612,9.154491193386072e-05,0.00279538837767862,0.52138093369949,1.778932914868576,1.25,1,2021-05-06 09:30:00-04:00,2021-08-06 09:30:00-04:00
zscore_60,2.0:2.5,1,1252,1.2470731400385104e-05,0.0,0.00034550413502718193,0.49121405750798725,0.17492012779552715,0.0,1,2021-05-06 09:30:00-04:00,2021-08-06 09:30:00-04:00
zscore_60,2.0:2.5,3,1252,1.871444850560024e-05,0.0,0.0005888923739691223,0.4984025559105431,0.2743610223642173,0.0,1,2021-05-06 09:30:00-04:00,2021-08-06 09:30:00-04:00
zscore_60,2.0:2.5,5,1252,3.19037803745978e-05,3.650107419073123e-05,0.0007426886740295192,0.5271565495207667,0.45527156549520764,0.5,1,2021-05-06 09:30:00-04:00,2021-08-06 09:30:00-04:00
zscore_60,2.0:2.5,10,1250,1.009336222045576e-07,4.417492603037143e-05,0.0011170144716699333,0.52,0.0198,0.625,1,2021-05-06 09:30:00-04:00,2021-08-06 09:30:00-04:00
zscore_60,2.0:2.5,20,1250,-6.110852343770965e-05,1.8208699832600317e-05,0.0014194619844324957,0.5096,-0.838,0.25,1,2021-05-06 09:30:00-04:00,2021-08-06 09:30:00-04:00
zscore_60,2.0:2.5,30,1250,-0.00011528342673595376,1.7668202849319137e-05,0.0016834848095129693,0.504,-1.5582,0.25,1,2021-05-06 09:30:00-04:00,2021-08-06 09:30:00-04:00
zscore_60,2.0:2.5,60,1249,7.113261416959552e-05,0.00011912257713175833,0.002932427332136804,0.5300240192153723,1.0168134507606086,1.75,1,2021-05-06 09:30:00-04:00,2021-08-06 09:30:00-04:00
zscore_60,<=-2.5,1,688,2.3521697381904832e-05,3.3398469868162195e-05,0.0005378881603937068,0.5174418604651163,0.31976744186046513,0.5,1,2021-05-06 09:30:00-04:00,2021-08-06 09:30:00-04:00
zscore_60,<=-2.5,3,688,6.896382960294518e-05,7.203150590462393e-05,0.0008759605958044593,0.5465116279069767,0.9571220930232558,1.0,1,2021-05-06 09:30:00-04:00,2021-08-06 09:30:00-04:00
zscore_60,<=-2.5,5,688,0.00010991800648961185,9.770527210395397e-05,0.0010341718359558364,0.5436046511627907,1.5486918604651163,1.375,1,2021-05-06 09:30:00-04:00,2021-08-06 09:30:00-04:00
zscore_60,<=-2.5,10,688,0.00022990464723326287,0.00018993203350714527,0.001606315550564737,0.5755813953488372,3.28234011627907,2.75,1,2021-05-06 09:30:00-04:00,2021-08-06 09:30:00-04:00
zscore_60,<=-2.5,20,688,0.0003910013190000768,0.00020314472825921914,0.0019658027879090718,0.5726744186046512,5.563226744186046,2.75,1,2021-05-06 09:30:00-04:00,2021-08-06 09:30:00-04:00
zscore_60,<=-2.5,30,688,0.00022797298555883228,0.00024683121220858695,0.002326845359281039,0.559593023255814,3.2805232558139537,3.5,1,2021-05-06 09:30:00-04:00,2021-08-06 09:30:00-04:00
zscore_60,<=-2.5,60,688,0.0002011697906963418,0.0005388869619850079,0.0038857679975557195,0.5799418604651163,2.8989825581395348,7.875,1,2021-05-06 09:30:00-04:00,2021-08-06 09:30:00-04:00
zscore_60,>=2.5,1,711,2.106245586354956e-05,1.6792893247519203e-05,0.00044178782950430765,0.5063291139240507,0.2858649789029536,0.25,1,2021-05-06 09:30:00-04:00,2021-08-06 09:30:00-04:00
zscore_60,>=2.5,3,711,5.751217553245651e-05,5.485363222468287e-05,0.0007774110591942739,0.5471167369901547,0.7862165963431786,0.75,1,2021-05-06 09:30:00-04:00,2021-08-06 09:30:00-04:00
zscore_60,>=2.5,5,711,6.969659114380878e-05,5.406282099795767e-05,0.0010557723137804183,0.5358649789029536,0.930379746835443,0.75,1,2021-05-06 09:30:00-04:00,2021-08-06 09:30:00-04:00
zscore_60,>=2.5,10,711,9.166159130522548e-05,0.00012305528698242085,0.0015328716753867972,0.5513361462728551,1.200070323488045,1.75,1,2021-05-06 09:30:00-04:00,2021-08-06 09:30:00-04:00
zscore_60,>=2.5,20,711,-6.996577496993852e-05,-3.327676283648717e-05,0.0019265870654345504,0.4810126582278481,-1.1170886075949367,-0.5,1,2021-05-06 09:30:00-04:00,2021-08-06 09:30:00-04:00
zscore_60,>=2.5,30,711,3.4941482934657965e-05,9.971083856807894e-05,0.002248412149011732,0.5175808720112518,0.3241912798874824,1.5,1,2021-05-06 09:30:00-04:00,2021-08-06 09:30:00-04:00
zscore_60,>=2.5,60,711,9.656566700577263e-05,7.120098257362706e-05,0.003167667977271597,0.5119549929676512,1.1487341772151898,1.0,1,2021-05-06 09:30:00-04:00,2021-08-06 09:30:00-04:00
zscore_30,-1.0:0,1,6654,-5.784819981118884e-06,0.0,0.0004222202990207686,0.4773068830778479,-0.08697775773970544,0.0,2,2021-08-06 09:30:00-04:00,2021-11-06 09:30:00-04:00
zscore_30,-1.0:0,3,6654,-3.1193591062243145e-06,0.0,0.0007415264237960856,0.4935377216711752,-0.04884280132251277,0.0,2,2021-08-06 09:30:00-04:00,2021-11-06 09:30:00-04:00
zscore_30,-1.0:0,5,6654,-1.4506842770982056e-06,1.5923693830521835e-05,0.0009551109422866997,0.5019537120529005,-0.02254283137962128,0.25,2,2021-08-06 09:30:00-04:00,2021-11-06 09:30:00-04:00
zscore_30,-1.0:0,10,6654,5.623801235964931e-06,3.263814107057339e-05,0.0013625308620471286,0.5154794108806733,0.09501803426510369,0.5,2,2021-08-06 09:30:00-04:00,2021-11-06 09:30:00-04:00
zscore_30,-1.0:0,20,6654,-4.643438172188007e-06,6.610969742359973e-05,0.00183208631554881,0.5240456868049294,-0.05244965434325218,1.0,2,2021-08-06 09:30:00-04:00,2021-11-06 09:30:00-04:00
zscore_30,-1.0:0,30,6649,-2.4405712897431843e-05,6.528693608398584e-05,0.0023077691584362445,0.5220333884794706,-0.36103173409535266,1.0,2,2021-08-06 09:30:00-04:00,2021-11-06 09:30:00-04:00
zscore_30,-1.0:0,60,6636,-0.00012802297788152897,0.00011849667488506022,0.0036134010556720317,0.5220012055455093,-1.931735985533454,1.75,2,2021-08-06 09:30:00-04:00,2021-11-06 09:30:00-04:00
zscore_30,-1.5:-1.0,1,3199,9.682962623233395e-06,0.0,0.0004021753777596471,0.4939043451078462,0.1456705220381369,0.0,2,2021-08-06 09:30:00-04:00,2021-11-06 09:30:00-04:00
zscore_30,-1.5:-1.0,3,3199,1.1496104758803303e-05,1.7020407468537613e-05,0.0006820397835840584,0.5154735854954673,0.1734917161613004,0.25,2,2021-08-06 09:30:00-04:00,2021-11-06 09:30:00-04:00
zscore_30,-1.5:-1.0,5,3199,1.900070416816127e-05,3.3228110981831094e-05,0.0008860497652740426,0.5242263207252267,0.2876680212566427,0.5,2,2021-08-06 09:30:00-04:00,2021-11-06 09:30:00-04:00
zscore_30,-1.5:-1.0,10,3199,-1.6860242202172595e-05,1.7027073046183006e-05,0.0012327285464977904,0.5107846201938105,-0.24492028758987183,0.25,2,2021-08-06 09:30:00-04:00,2021-11-06 09:30:00-04:00
zscore_30,-1.5:-1.0,20,3199,-1.367855828357862e-05,3.4100596760344715e-05,0.0018713585058416232,0.5120350109409191,-0.2066270709596749,0.5,2,2021-08-06 09:30:00-04:00,2021-11-06 09:30:00-04:00
zscore_30,-1.5:-1.0,30,3196,8.042888854774233e-06,5.003174735018767e-05,0.0022844155126504236,0.5134543178973717,0.1260951188986233,0.75,2,2021-08-06 09:30:00-04:00,2021-11-06 09:30:00-04:00
zscore_30,-1.5:-1.0,60,3182,-7.196565246301002e-05,7.991980238231111e-05,0.0034086472332781927,0.5182275298554369,-1.076917033312382,1.25,2,2021-08-06 09:30:00-04:00,2021-11-06 09:30:00-04:00
zscore_30,-2.0:-1.5,1,2237,1.2588056235118569e-05,1.6283992835042227e-05,0.00039848526607496915,0.5149754135002235,0.1935628073312472,0.25,2,2021-08-06 09:30:00-04:00,2021-11-06 09:30:00-04:00
zscore_30,-2.0:-1.5,3,2237,2.0102623568775156e-05,3.1949902552730336e-05,0.0007313108146059609,0.518998658918194,0.31247206079570855,0.5,2,2021-08-06 09:30:00-04:00,2021-11-06 09:30:00-04:00
zscore_30,-2.0:-1.5,5,2237,2.982274851434837e-05,3.254625636683883e-05,0.0009381770629661736,0.5198927134555208,0.4680375502905677,0.5,2,2021-08-06 09:30:00-04:00,2021-11-06 09:30:00-04:00
zscore_30,-2.0:-1.5,10,2237,-8.960969593894511e-06,3.263121828656068e-05,0.001369652724800015,0.5113991953509164,-0.13109074653553868,0.5,2,2021-08-06 09:30:00-04:00,2021-11-06 09:30:00-04:00
zscore_30,-2.0:-1.5,20,2237,-5.403126714569746e-05,9.79304041262008e-05,0.00212286810474387,0.5324094769780957,-0.796043808672329,1.5,2,2021-08-06 09:30:00-04:00,2021-11-06 09:30:00-04:00
zscore_30,-2.0:-1.5,30,2236,-8.957806942805307e-05,0.00011648330858315958,0.0025497154936078054,0.5344364937388193,-1.3441413237924866,1.75,2,2021-08-06 09:30:00-04:00,2021-11-06 09:30:00-04:00
zscore_30,-2.0:-1.5,60,2233,-0.00020124126202359911,6.618571712224686e-05,0.0035883828810483512,0.510076130765786,-3.04948499776086,1.0,2,2021-08-06 09:30:00-04:00,2021-11-06 09:30:00-04:00
zscore_30,-2.5:-2.0,1,1061,4.801725885956411e-06,1.6229550765967105e-05,0.0005517014817869641,0.5146088595664468,0.07186616399622997,0.25,2,2021-08-06 09:30:00-04:00,2021-11-06 09:30:00-04:00
zscore_30,-2.5:-2.0,3,1061,3.867745132483048e-05,4.9830576041465235e-05,0.0007927659557274511,0.5334590009425071,0.5930725730442978,0.75,2,2021-08-06 09:30:00-04:00,2021-11-06 09:30:00-04:00
zscore_30,-2.5:-2.0,5,1061,4.306930413615237e-05,7.996417604916317e-05,0.0009603749816075651,0.5447690857681433,0.6680018850141376,1.25,2,2021-08-06 09:30:00-04:00,2021-11-06 09:30:00-04:00
zscore_30,-2.5:-2.0,10,1061,0.00011615891814189913,0.00015947945904559724,0.0012126088229339098,0.5815268614514609,1.7891140433553252,2.5,2,2021-08-06 09:30:00-04:00,2021-11-06 09:30:00-04:00
zscore_30,-2.5:-2.0,20,1061,8.433488654895084e-05,0.0001526406838303629,0.0018228580736294004,0.5626767200754006,1.3197455230914232,2.25,2,2021-08-06 09:30:00-04:00,2021-11-06 09:30:00-04:00
zscore_30,-2.5:-2.0,30,1061,2.9245319250412343e-05,0.00018386961972427507,0.0023469347606426393,0.5466540999057493,0.4634778510838831,2.75,2,2021-08-06 09:30:00-04:00,2021-11-06 09:30:00-04:00
zscore_30,-2.5:-2.0,60,1061,-7.649127575692822e-05,0.000272772491696438,0.0031888848003913846,0.5607917059377945,-1.1460885956644675,4.25,2,2021-08-06 09:30:00-04:00,2021-11-06 09:30:00-04:00
zscore_30,0:1.0,1,7296,8.37743338919206e-06,0.0,0.0003932657037659185,0.4936951754385965,0.12544544956140352,0.0,2,2021-08-06 09:30:00-04:00,2021-11-06 09:30:00-04:00
zscore_30,0:1.0,3,7295,2.689917782602571e-05,1.6246953696175126e-05,0.000663854366022394,0.5095270733379027,0.4050034270047978,0.25,2,2021-08-06 09:30:00-04:00,2021-11-06 09:30:00-04:00
zscore_30,0:1.0,5,7295,4.462854215997532e-05,1.6372507285700166e-05,0.0008732790099762787,0.5103495544893762,0.6691226867717615,0.25,2,2021-08-06 09:30:00-04:00,2021-11-06 09:30:00-04:00
zscore_30,0:1.0,10,7295,7.235349639118474e-05,3.307862789858618e-05,0.001237169719746039,0.5169294037011651,1.08368745716244,0.5,2,2021-08-06 09:30:00-04:00,2021-11-06 09:30:00-04:00
zscore_30,0:1.0,20,7290,0.00015062585204268775,9.618776206432589e-05,0.0018028138826657613,0.5425240054869684,2.282750342935528,1.5,2,2021-08-06 09:30:00-04:00,2021-11-06 09:30:00-04:00
zscore_30,0:1.0,30,7289,0.00020047342895343883,0.00014628675454697593,0.0021924682390622556,0.5542598435999451,3.0576210728494995,2.25,2,2021-08-06 09:30:00-04:00,2021-11-06 09:30:00-04:00
zscore_30,0:1.0,60,7289,0.00046198885609851444,0.0003730193483513222,0.0031516270256539253,0.5767595006173687,7.024626148991631,5.75,2,2021-08-06 09:30:00-04:00,2021-11-06 09:30:00-04:00
zscore_30,1.0:1.5,1,3973,-2.732219325235551e-06,0.0,0.000377772692648156,0.47394915680845706,-0.04140448024163101,0.0,2,2021-08-06 09:30:00-04:00,2021-11-06 09:30:00-04:00
zscore_30,1.0:1.5,3,3973,-1.6239587369115593e-06,0.0,0.0006371657192480857,0.4830103196576894,-0.021331487540901084,0.0,2,2021-08-06 09:30:00-04:00,2021-11-06 09:30:00-04:00
zscore_30,1.0:1.5,5,3973,7.422069623033294e-07,0.0,0.0008393227967076363,0.49635036496350365,0.019317895796627235,0.0,2,2021-08-06 09:30:00-04:00,2021-11-06 09:30:00-04:00
zscore_30,1.0:1.5,10,3973,3.564715690554524e-05,1.6219547799067868e-05,0.0011689812321643929,0.5064183236848729,0.5381953183991945,0.25,2,2021-08-06 09:30:00-04:00,2021-11-06 09:30:00-04:00
zscore_30,1.0:1.5,20,3972,8.758710493804046e-05,6.506341908041335e-05,0.0015652099115085311,0.5294561933534743,1.3139476334340383,1.0,2,2021-08-06 09:30:00-04:00,2021-11-06 09:30:00-04:00
zscore_30,1.0:1.5,30,3972,0.00017417406115791503,0.00013212573745802203,0.00199937693545175,0.5425478348439073,2.630161127895267,2.0,2,2021-08-06 09:30:00-04:00,2021-11-06 09:30:00-04:00
zscore_30,1.0:1.5,60,3972,0.0004320707472355496,0.00030730205187734505,0.0028419922994778364,0.5659617321248741,6.521148036253776,4.75,2,2021-08-06 09:30:00-04:00,2021-11-06 09:30:00-04:00
zscore_30,1.5:2.0,1,2656,3.1298365345589675e-06,0.0,0.00041622486184789815,0.473644578313253,0.05139307228915663,0.0,2,2021-08-06 09:30:00-04:00,2021-11-06 09:30:00-04:00
zscore_30,1.5:2.0,3,2655,2.454146839941469e-06,0.0,0.00068717707449778,0.4896421845574388,0.043691148775894535,0.0,2,2021-08-06 09:30:00-04:00,2021-11-06 09:30:00-04:00
zscore_30,1.5:2.0,5,2654,-7.3831398723762295e-06,0.0,0.0008764512716561287,0.49434815373021856,-0.10276940467219292,0.0,2,2021-08-06 09:30:00-04:00,2021-11-06 09:30:00-04:00
zscore_30,1.5:2.0,10,2653,3.8760955487461126e-05,0.0,0.0011887897065149002,0.48699585375047116,0.5953637391632115,0.0,2,2021-08-06 09:30:00-04:00,2021-11-06 09:30:00-04:00
zscore_30,1.5:2.0,20,2653,9.211053221190908e-05,3.292181069958211e-05,0.0015158015093230668,0.5096117602713909,1.3834338484734263,0.5,2,2021-08-06 09:30:00-04:00,2021-11-06 09:30:00-04:00
zscore_30,1.5:2.0,30,2653,0.00016061394103275163,0.00011240285182090304,0.001947261032365939,0.5386355069732378,2.4144364869958537,1.75,2,2021-08-06 09:30:00-04:00,2021-11-06 09:30:00-04:00
zscore_30,1.5:2.0,60,2653,0.0003789440671053894,0.00029933149299887774,0.0027290344642106395,0.5642668676969469,5.726818695816057,4.5,2,2021-08-06 09:30:00-04:00,2021-11-06 09:30:00-04:00
zscore_30,2.0:2.5,1,1218,8.511139679389154e-06,-1.5773741618430037e-05,0.00034152079314655684,0.4671592775041051,0.12869458128078817,-0.25,2,2021-08-06 09:30:00-04:00,2021-11-06 09:30:00-04:00
zscore_30,2.0:2.5,3,1218,1.3021086605123215e-05,0.0,0.0006037213014493831,0.49589490968801314,0.1925287356321839,0.0,2,2021-08-06 09:30:00-04:00,2021-11-06 09:30:00-04:00
zscore_30,2.0:2.5,5,1217,2.5088517967723272e-05,1.6225864027274994e-05,0.0007750739227069365,0.5061626951520132,0.36955628594905504,0.25,2,2021-08-06 09:30:00-04:00,2021-11-06 09:30:00-04:00
zscore_30,2.0:2.5,10,1214,-2.791673706804303e-06,-3.254625782345144e-05,0.0010085824519188212,0.471993410214168,-0.03706754530477759,-0.5,2,2021-08-06 09:30:00-04:00,2021-11-06 09:30:00-04:00
zscore_30,2.0:2.5,20,1211,6.100463734552925e-05,0.0,0.0015670885115578617,0.49793559042113955,0.9324938067712634,0.0,2,2021-08-06 09:30:00-04:00,2021-11-06 09:30:00-04:00
zscore_30,2.0:2.5,30,1211,0.00015217720418816708,8.128495252957002e-05,0.0019668878383254465,0.523534269199009,2.3356729975227086,1.25,2,2021-08-06 09:30:00-04:00,2021-11-06 09:30:00-04:00
zscore_30,2.0:2.5,60,1211,0.00028942157290089295,0.00024027295007122973,0.0026843718957749564,0.5623451692815855,4.465317919075145,3.75,2,2021-08-06 09:30:00-04:00,2021-11-06 09:30:00-04:00
zscore_30,<=-2.5,1,594,-1.2788315213153201e-06,3.1534351609407985e-05,0.0005339774983146914,0.5202020202020202,-0.02904040404040404,0.5,2,2021-08-06 09:30:00-04:00,2021-11-06 09:30:00-04:00
zscore_30,<=-2.5,3,594,-4.351207579956934e-05,-1.646296345064746e-05,0.0007905267642113671,0.4781144781144781,-0.6687710437710438,-0.25,2,2021-08-06 09:30:00-04:00,2021-11-06 09:30:00-04:00
zscore_30,<=-2.5,5,594,-3.881553375171859e-05,-1.5924200885919504e-05,0.001016962232334646,0.48653198653198654,-0.6014309764309764,-0.25,2,2021-08-06 09:30:00-04:00,2021-11-06 09:30:00-04:00
zscore_30,<=-2.5,10,594,3.926954519817675e-05,9.574987332261475e-05,0.0014826844888224475,0.5505050505050505,0.6216329966329966,1.5,2,2021-08-06 09:30:00-04:00,2021-11-06 09:30:00-04:00
zscore_30,<=-2.5,20,594,-0.00010359902096999665,-3.1973876700674975e-05,0.001966777822497217,0.4797979797979798,-1.5260942760942762,-0.5,2,2021-08-06 09:30:00-04:00,2021-11-06 09:30:00-04:00
zscore_30,<=-2.5,30,594,-0.00020352599633349975,-0.00023162232572132568,0.0025534758732276004,0.4612794612794613,-3.048821548821549,-3.5,2,2021-08-06 09:30:00-04:00,2021-11-06 09:30:00-04:00
zscore_30,<=-2.5,60,594,-0.00022690089329578466,9.644613535542135e-05,0.0034228647444482004,0.5235690235690236,-3.42003367003367,1.5,2,2021-08-06 09:30:00-04:00,2021-11-06 09:30:00-04:00
zscore_30,>=2.5,1,570,-2.3028946432222053e-05,-7.64748168430307e-06,0.000579523449684839,0.47543859649122805,-0.3381578947368421,-0.125,2,2021-08-06 09:30:00-04:00,2021-11-06 09:30:00-04:00
zscore_30,>=2.5,3,570,-8.29859865090099e-05,0.0,0.0008999471459808139,0.47719298245614034,-1.2355263157894736,0.0,2,2021-08-06 09:30:00-04:00,2021-11-06 09:30:00-04:00
zscore_30,>=2.5,5,570,-0.0001403306207238394,-3.9989348580848905e-05,0.001096014781834569,0.45789473684210524,-2.1087719298245613,-0.625,2,2021-08-06 09:30:00-04:00,2021-11-06 09:30:00-04:00
zscore_30,>=2.5,10,569,-0.00014788820420998396,-6.46433304243299e-05,0.0015079979544355962,0.4710017574692443,-2.231985940246046,-1.0,2,2021-08-06 09:30:00-04:00,2021-11-06 09:30:00-04:00
zscore_30,>=2.5,20,568,-4.828546538739883e-06,3.106444881895154e-05,0.001942287966794836,0.5052816901408451,-0.06514084507042253,0.5,2,2021-08-06 09:30:00-04:00,2021-11-06 09:30:00-04:00
zscore_30,>=2.5,30,568,0.0001095917436280983,0.00010588493359586781,0.0023185766018692447,0.5299295774647887,1.6377640845070423,1.625,2,2021-08-06 09:30:00-04:00,2021-11-06 09:30:00-04:00
zscore_30,>=2.5,60,568,0.0002386564642907139,0.00017046270466836155,0.003344044991664417,0.5211267605633803,3.679137323943662,2.625,2,2021-08-06 09:30:00-04:00,2021-11-06 09:30:00-04:00
zscore_60,-1.0:0,1,6386,2.5337227995917535e-06,0.0,0.00038951805449368636,0.4851237081114939,0.038443470090823675,0.0,2,2021-08-06 09:30:00-04:00,2021-11-06 09:30:00-04:00
zscore_60,-1.0:0,3,6386,1.3963623775399118e-05,1.5998848108544905e-05,0.0006693214985464568,0.5053241465706232,0.2103429376761666,0.25,2,2021-08-06 09:30:00-04:00,2021-11-06 09:30:00-04:00
zscore_60,-1.0:0,5,6386,3.0071345553014077e-05,1.6569184634995793e-05,0.0008960587537098106,0.5134669589727529,0.45450986533041027,0.25,2,2021-08-06 09:30:00-04:00,2021-11-06 09:30:00-04:00
zscore_60,-1.0:0,10,6386,4.472763032702407e-05,3.264799860402956e-05,0.0013215095873763173,0.5176949577200125,0.6707641716254307,0.5,2,2021-08-06 09:30:00-04:00,2021-11-06 09:30:00-04:00
zscore_60,-1.0:0,20,6379,2.9233632514798177e-05,8.375630266188594e-05,0.0019714643751953553,0.5344097820975074,0.45073679260072114,1.25,2,2021-08-06 09:30:00-04:00,2021-11-06 09:30:00-04:00
zscore_60,-1.0:0,30,6373,5.8283939132378e-06,9.941346058250922e-05,0.0024472003397769766,0.5302055546838224,0.11305507610230661,1.5,2,2021-08-06 09:30:00-04:00,2021-11-06 09:30:00-04:00
zscore_60,-1.0:0,60,6358,2.6274289249999017e-05,0.0002671803041635057,0.003554027774571319,0.5569361434413338,0.4574551745832023,4.0,2,2021-08-06 09:30:00-04:00,2021-11-06 09:30:00-04:00
zscore_60,-1.5:-1.0,1,3062,-1.0350098660422958e-05,0.0,0.0005038507362813024,0.476485956890921,-0.1543925538863488,0.0,2,2021-08-06 09:30:00-04:00,2021-11-06 09:30:00-04:00
zscore_60,-1.5:-1.0,3,3062,-2.2346731054080396e-05,0.0,0.0008101306546199672,0.488569562377531,-0.3425865447419987,0.0,2,2021-08-06 09:30:00-04:00,2021-11-06 09:30:00-04:00
zscore_60,-1.5:-1.0,5,3062,-4.3711269175243586e-05,0.0,0.0010411021336913376,0.496407576747224,-0.6672109732201176,0.0,2,2021-08-06 09:30:00-04:00,2021-11-06 09:30:00-04:00
zscore_60,-1.5:-1.0,10,3062,-9.594813368208405e-05,1.6001514691055263e-05,0.0015057837854123804,0.5013063357282822,-1.445542129327237,0.25,2,2021-08-06 09:30:00-04:00,2021-11-06 09:30:00-04:00
zscore_60,-1.5:-1.0,20,3062,-0.00013171858930444567,0.0,0.002068637807260354,0.4960809928151535,-1.989467668190725,0.0,2,2021-08-06 09:30:00-04:00,2021-11-06 09:30:00-04:00
zscore_60,-1.5:-1.0,30,3058,-0.00015227454039259288,0.0,0.0025791721883781206,0.49901896664486595,-2.3337965990843688,0.0,2,2021-08-06 09:30:00-04:00,2021-11-06 09:30:00-04:00
zscore_60,-1.5:-1.0,60,3043,-0.00026302134632440606,0.00010047726701833959,0.0039234527207275835,0.5185672034176799,-4.0383667433453825,1.5,2,2021-08-06 09:30:00-04:00,2021-11-06 09:30:00-04:00
zscore_60,-2.0:-1.5,1,2067,-3.162486455590751e-06,0.0,0.00046300633871379255,0.4968553459119497,-0.05865989356555394,0.0,2,2021-08-06 09:30:00-04:00,2021-11-06 09:30:00-04:00
zscore_60,-2.0:-1.5,3,2067,-3.7323317876979327e-06,3.2049741198303394e-05,0.0007836755914280572,0.5152394775036284,-0.07051282051282051,0.5,2,2021-08-06 09:30:00-04:00,2021-11-06 09:30:00-04:00
zscore_60,-2.0:-1.5,5,2067,6.397786697978224e-07,3.262057379593841e-05,0.000985076779660633,0.5220125786163522,-0.005684567005321722,0.5,2,2021-08-06 09:30:00-04:00,2021-11-06 09:30:00-04:00
zscore_60,-2.0:-1.5,10,2067,1.8400100153677042e-06,6.4533823790347e-05,0.0013023898019411844,0.5268505079825835,0.03023705853894533,1.0,2,2021-08-06 09:30:00-04:00,2021-11-06 09:30:00-04:00
zscore_60,-2.0:-1.5,20,2067,-2.653961391907874e-05,6.512536633018762e-05,0.0019309020428071662,0.5186260280599904,-0.42452830188679247,1.0,2,2021-08-06 09:30:00-04:00,2021-11-06 09:30:00-04:00
zscore_60,-2.0:-1.5,30,2067,-1.270193705726499e-05,6.919098441482419e-05,0.00229895061143896,0.5166908563134979,-0.23488147073052734,1.0,2,2021-08-06 09:30:00-04:00,2021-11-06 09:30:00-04:00
zscore_60,-2.0:-1.5,60,2067,-1.3039890355426454e-05,0.00013067411509126714,0.0033830665982761453,0.525399129172714,-0.2900338655055636,2.0,2,2021-08-06 09:30:00-04:00,2021-11-06 09:30:00-04:00
zscore_60,-2.5:-2.0,1,1083,8.884652483315265e-06,1.6953462744773162e-05,0.0004068948778692422,0.5216989843028624,0.14081255771006462,0.25,2,2021-08-06 09:30:00-04:00,2021-11-06 09:30:00-04:00
zscore_60,-2.5:-2.0,3,1083,6.254838117675536e-06,3.360440889843552e-05,0.0006836212939241992,0.5263157894736842,0.11518928901200369,0.5,2,2021-08-06 09:30:00-04:00,2021-11-06 09:30:00-04:00
zscore_60,-2.5:-2.0,5,1083,-2.2166173560287135e-06,5.058510100153235e-05,0.0008819838996064579,0.5327793167128347,-0.012465373961218837,0.75,2,2021-08-06 09:30:00-04:00,2021-11-06 09:30:00-04:00
zscore_60,-2.5:-2.0,10,1083,-2.5421229705141978e-05,3.3475044354469574e-05,0.0011960146733047362,0.5152354570637119,-0.39473684210526316,0.5,2,2021-08-06 09:30:00-04:00,2021-11-06 09:30:00-04:00
zscore_60,-2.5:-2.0,20,1083,-0.00010685825186045449,1.658512314461902e-05,0.0018440993261952343,0.5041551246537396,-1.6292705447830103,0.25,2,2021-08-06 09:30:00-04:00,2021-11-06 09:30:00-04:00
zscore_60,-2.5:-2.0,30,1083,-0.0001817557063734246,6.408613176112077e-05,0.0023885951064557113,0.5124653739612188,-2.791551246537396,1.0,2,2021-08-06 09:30:00-04:00,2021-11-06 09:30:00-04:00
zscore_60,-2.5:-2.0,60,1083,-8.843589640824965e-05,8.320298199482323e-05,0.0032462503881074585,0.5096952908587258,-1.4291320406278856,1.25,2,2021-08-06 09:30:00-04:00,2021-11-06 09:30:00-04:00
zscore_60,0:1.0,1,7345,7.907765673159563e-06,0.0,0.00040499826142200763,0.4918992511912866,0.120285908781484,0.0,2,2021-08-06 09:30:00-04:00,2021-11-06 09:30:00-04:00
zscore_60,0:1.0,3,7344,2.2953678336198032e-05,1.596972140927022e-05,0.000709013380884455,0.505582788671024,0.3517497276688453,0.25,2,2021-08-06 09:30:00-04:00,2021-11-06 09:30:00-04:00
zscore_60,0:1.0,5,7344,3.256468584332232e-05,1.6562598358582648e-05,0.0009114284154825898,0.5132080610021786,0.5009872004357299,0.25,2,2021-08-06 09:30:00-04:00,2021-11-06 09:30:00-04:00
zscore_60,0:1.0,10,7340,6.647823677766407e-05,3.286770921728799e-05,0.0012552579925947203,0.5179836512261581,1.0193119891008173,0.5,2,2021-08-06 09:30:00-04:00,2021-11-06 09:30:00-04:00
zscore_60,0:1.0,20,7337,0.0001443258458302694,9.399085155714637e-05,0.0017617650461988245,0.5359138612511926,2.20035436827041,1.5,2,2021-08-06 09:30:00-04:00,2021-11-06 09:30:00-04:00
zscore_60,0:1.0,30,7337,0.00019863418280583018,0.00014088255091349033,0.002192291611907759,0.5515878424424152,3.008484394166553,2.25,2,2021-08-06 09:30:00-04:00,2021-11-06 09:30:00-04:00
zscore_60,0:1.0,60,7337,0.0003367520114805492,0.00024318671876266684,0.0031491920490608026,0.5533596837944664,5.112205261005861,3.75,2,2021-08-06 09:30:00-04:00,2021-11-06 09:30:00-04:00
zscore_60,1.0:1.5,1,4060,1.796212115298501e-06,0.0,0.00031120734136430524,0.4807881773399015,0.029248768472906403,0.0,2,2021-08-06 09:30:00-04:00,2021-11-06 09:30:00-04:00
zscore_60,1.0:1.5,3,4059,9.092361320979252e-06,0.0,0.0005823037150931303,0.4905149051490515,0.1429539295392954,0.0,2,2021-08-06 09:30:00-04:00,2021-11-06 09:30:00-04:00
zscore_60,1.0:1.5,5,4057,2.253852138816686e-05,0.0,0.0007598781136149577,0.49445403007148137,0.3474242050776436,0.0,2,2021-08-06 09:30:00-04:00,2021-11-06 09:30:00-04:00
zscore_60,1.0:1.5,10,4056,5.6480455971437766e-05,1.6300190445850404e-05,0.0010590468518306925,0.5071499013806706,0.8625493096646942,0.25,2,2021-08-06 09:30:00-04:00,2021-11-06 09:30:00-04:00
zscore_60,1.0:1.5,20,4056,0.0001245396926396619,6.769699272657359e-05,0.0014350711973542512,0.5362426035502958,1.9102564102564104,1.0,2,2021-08-06 09:30:00-04:00,2021-11-06 09:30:00-04:00
zscore_60,1.0:1.5,30,4056,0.00020980035618363118,0.00012865307928666692,0.0018247046466864489,0.5522682445759369,3.222448224852071,2.0,2,2021-08-06 09:30:00-04:00,2021-11-06 09:30:00-04:00
zscore_60,1.0:1.5,60,4056,0.0003632600765243596,0.0002434079956311619,0.002752331152566448,0.5507889546351085,5.50745808678501,3.75,2,2021-08-06 09:30:00-04:00,2021-11-06 09:30:00-04:00
zscore_60,1.5:2.0,1,2700,3.926834238955674e-06,0.0,0.0003844635300772562,0.47888888888888886,0.05731481481481481,0.0,2,2021-08-06 09:30:00-04:00,2021-11-06 09:30:00-04:00
zscore_60,1.5:2.0,3,2700,1.4346504749263022e-06,0.0,0.0006106428405899391,0.4866666666666667,0.016481481481481482,0.0,2,2021-08-06 09:30:00-04:00,2021-11-06 09:30:00-04:00
zscore_60,1.5:2.0,5,2700,-9.666882885773077e-07,0.0,0.0007842894286443177,0.4937037037037037,-0.020277777777777777,0.0,2,2021-08-06 09:30:00-04:00,2021-11-06 09:30:00-04:00
zscore_60,1.5:2.0,10,2700,2.892427784136955e-05,0.0,0.0010306878159203213,0.4866666666666667,0.4199074074074074,0.0,2,2021-08-06 09:30:00-04:00,2021-11-06 09:30:00-04:00
zscore_60,1.5:2.0,20,2700,0.00013318579203438414,7.998158360011942e-05,0.0013681758502622377,0.5333333333333333,2.0033333333333334,1.25,2,2021-08-06 09:30:00-04:00,2021-11-06 09:30:00-04:00
zscore_60,1.5:2.0,30,2700,0.0001859021909609329,0.00014416002844486187,0.0016740777476322987,0.542962962962963,2.825277777777778,2.25,2,2021-08-06 09:30:00-04:00,2021-11-06 09:30:00-04:00
zscore_60,1.5:2.0,60,2700,0.000388638263846857,0.00027841526559746477,0.002578647495653422,0.5585185185185185,5.875092592592592,4.25,2,2021-08-06 09:30:00-04:00,2021-11-06 09:30:00-04:00
zscore_60,2.0:2.5,1,1227,7.509300400168013e-07,-1.5963220739378947e-05,0.0003735958786903153,0.46943765281173594,0.014058679706601468,-0.25,2,2021-08-06 09:30:00-04:00,2021-11-06 09:30:00-04:00
zscore_60,2.0:2.5,3,1227,1.6548015574545822e-05,0.0,0.0006233096744808942,0.4979625101874491,0.25,0.0,2,2021-08-06 09:30:00-04:00,2021-11-06 09:30:00-04:00
zscore_60,2.0:2.5,5,1227,2.46005543695052e-05,0.0,0.0007834637348678736,0.4971475142624287,0.36674816625916873,0.0,2,2021-08-06 09:30:00-04:00,2021-11-06 09:30:00-04:00
zscore_60,2.0:2.5,10,1227,7.927779144798035e-05,3.248915674403108e-05,0.0011308821340392352,0.5175224123879381,1.1964140179299103,0.5,2,2021-08-06 09:30:00-04:00,2021-11-06 09:30:00-04:00
zscore_60,2.0:2.5,20,1227,0.00014338025814502272,9.952724558348613e-05,0.0014960173702148211,0.5240423797881011,2.1375305623471883,1.5,2,2021-08-06 09:30:00-04:00,2021-11-06 09:30:00-04:00
zscore_60,2.0:2.5,30,1227,0.00024526120348687143,0.00016339068346327146,0.0017900342204181328,0.5509372453137734,3.7053789731051343,2.5,2,2021-08-06 09:30:00-04:00,2021-11-06 09:30:00-04:00
zscore_60,2.0:2.5,60,1227,0.00047440379561299593,0.00041452209057313283,0.0025984765997096944,0.5851670741646292,7.232273838630807,6.25,2,2021-08-06 09:30:00-04:00,2021-11-06 09:30:00-04:00
zscore_60,<=-2.5,1,755,2.5909648970557986e-05,4.7782874617707805e-05,0.0006151167728165861,0.5350993377483444,0.39437086092715234,0.75,2,2021-08-06 09:30:00-04:00,2021-11-06 09:30:00-04:00
zscore_60,<=-2.5,3,755,2.9415926143055443e-06,1.7051170562831786e-05,0.0009090744508315227,0.5152317880794702,0.05264900662251656,0.25,2,2021-08-06 09:30:00-04:00,2021-11-06 09:30:00-04:00
zscore_60,<=-2.5,5,755,7.720143576564421e-06,3.185271305472526e-05,0.0011190212200439453,0.5046357615894039,0.12549668874172185,0.5,2,2021-08-06 09:30:00-04:00,2021-11-06 09:30:00-04:00
zscore_60,<=-2.5,10,755,-4.402142753339417e-05,6.42003049513562e-05,0.0015154922975783647,0.5245033112582781,-0.6384105960264901,1.0,2,2021-08-06 09:30:00-04:00,2021-11-06 09:30:00-04:00
zscore_60,<=-2.5,20,755,-0.0003034469756467821,-3.2749304077261954e-05,0.0019087597003195876,0.48344370860927155,-4.567549668874173,-0.5,2,2021-08-06 09:30:00-04:00,2021-11-06 09:30:00-04:00
zscore_60,<=-2.5,30,755,-0.0003884422403584609,-0.00025299642642551134,0.0024529917754894472,0.4596026490066225,-5.7860927152317885,-4.0,2,2021-08-06 09:30:00-04:00,2021-11-06 09:30:00-04:00
zscore_60,<=-2.5,60,755,-0.0004892144760792714,0.0,0.0035800508917861245,0.49933774834437084,-7.299337748344371,0.0,2,2021-08-06 09:30:00-04:00,2021-11-06 09:30:00-04:00
zscore_60,>=2.5,1,773,-4.1872005514405955e-06,-1.6098652542817504e-05,0.0005308699047252645,0.4644243208279431,-0.05886157826649418,-0.25,2,2021-08-06 09:30:00-04:00,2021-11-06 09:30:00-04:00
zscore_60,>=2.5,3,773,-1.3778670554508437e-05,0.0,0.0008456997131063243,0.49159120310478654,-0.19501940491591202,0.0,2,2021-08-06 09:30:00-04:00,2021-11-06 09:30:00-04:00
zscore_60,>=2.5,5,773,-2.7378372013921748e-05,0.0,0.0010625657750264865,0.48771021992238034,-0.4026520051746442,0.0,2,2021-08-06 09:30:00-04:00,2021-11-06 09:30:00-04:00
zscore_60,>=2.5,10,773,-4.207974605121099e-05,-1.6838135008190314e-05,0.001478508366506596,0.48641655886157825,-0.5963777490297542,-0.25,2,2021-08-06 09:30:00-04:00,2021-11-06 09:30:00-04:00
zscore_60,>=2.5,20,773,0.00014337317738997627,5.088885873250071e-05,0.0019411367720023893,0.5135834411384217,2.2108667529107375,0.75,2,2021-08-06 09:30:00-04:00,2021-11-06 09:30:00-04:00
zscore_60,>=2.5,30,773,0.00030098862929040665,0.00016595306847233537,0.0023510238250788002,0.538163001293661,4.594113842173351,2.5,2,2021-08-06 09:30:00-04:00,2021-11-06 09:30:00-04:00
zscore_60,>=2.5,60,773,0.0004928885164396306,0.0003083014214317892,0.0032633088948486916,0.55627425614489,7.69404915912031,4.75,2,2021-08-06 09:30:00-04:00,2021-11-06 09:30:00-04:00
zscore_30,-1.0:0,1,6565,-4.449341198382425e-06,0.0,0.0006889895085757554,0.49185072353389186,-0.07041127189642041,0.0,3,2021-11-06 09:30:00-04:00,2022-02-06 09:30:00-05:00
zscore_30,-1.0:0,3,6565,-1.1920530089262976e-05,1.534118802171136e-05,0.001434913369789951,0.5022086824067022,-0.20708301599390708,0.25,3,2021-11-06 09:30:00-04:00,2022-02-06 09:30:00-05:00
zscore_30,-1.0:0,5,6564,-3.140235504508599e-05,1.6114895253549477e-05,0.0018285804660113807,0.5070079219987812,-0.5092550274223034,0.25,3,2021-11-06 09:30:00-04:00,2022-02-06 09:30:00-05:00
zscore_30,-1.0:0,10,6563,-6.965926444425167e-05,0.0,0.002391928258239937,0.4948956269998476,-1.103001676062776,0.0,3,2021-11-06 09:30:00-04:00,2022-02-06 09:30:00-05:00
zscore_30,-1.0:0,20,6559,-0.00010390638000028703,-3.0489664003874317e-05,0.0033076658814879113,0.4903186461350816,-1.692712303704833,-0.5,3,2021-11-06 09:30:00-04:00,2022-02-06 09:30:00-05:00
zscore_30,-1.0:0,30,6556,-0.00017804053720542993,3.104402681985974e-05,0.004122881527927443,0.5051860890787065,-2.835074740695546,0.5,3,2021-11-06 09:30:00-04:00,2022-02-06 09:30:00-05:00
zscore_30,-1.0:0,60,6541,-0.0003941384465406629,0.0,0.006050697139207227,0.4974774499312032,-6.214569637670081,0.0,3,2021-11-06 09:30:00-04:00,2022-02-06 09:30:00-05:00
zscore_30,-1.5:-1.0,1,3126,2.4841534914435287e-06,0.0,0.0010326140072684728,0.491362763915547,0.0064779270633397315,0.0,3,2021-11-06 09:30:00-04:00,2022-02-06 09:30:00-05:00
zscore_30,-1.5:-1.0,3,3125,-1.785777644206064e-05,3.066638044701975e-05,0.001523736284241481,0.5136,-0.28648,0.5,3,2021-11-06 09:30:00-04:00,2022-02-06 09:30:00-05:00
zscore_30,-1.5:-1.0,5,3124,-9.568141294307408e-06,3.086443583111276e-05,0.001980689756622498,0.5076824583866837,-0.16301216389244558,0.5,3,2021-11-06 09:30:00-04:00,2022-02-06 09:30:00-05:00
zscore_30,-1.5:-1.0,10,3123,-0.00011980544147604558,9.188361408885015e-05,0.0026295829496873224,0.5280179314761447,-1.8048350944604548,1.5,3,2021-11-06 09:30:00-04:00,2022-02-06 09:30:00-05:00
zscore_30,-1.5:-1.0,20,3123,-0.00019436176799879397,-3.098373353993544e-05,0.003833332744287781,0.48863272494396415,-3.113432596861992,-0.5,3,2021-11-06 09:30:00-04:00,2022-02-06 09:30:00-05:00
zscore_30,-1.5:-1.0,30,3123,-0.000288695154651176,-3.075125311358118e-05,0.004690047184580599,0.4921549791866795,-4.6490553954530895,-0.5,3,2021-11-06 09:30:00-04:00,2022-02-06 09:30:00-05:00
zscore_30,-1.5:-1.0,60,3116,-0.0003951145177354793,4.703478530354577e-05,0.006842395733726784,0.5054557124518614,-6.633183568677792,0.75,3,2021-11-06 09:30:00-04:00,2022-02-06 09:30:00-05:00
zscore_30,-2.0:-1.5,1,2326,-2.733158131770896e-05,0.0,0.000839545670212083,0.4901117798796217,-0.41455288048151334,0.0,3,2021-11-06 09:30:00-04:00,2022-02-06 09:30:00-05:00
zscore_30,-2.0:-1.5,3,2325,-3.0167301501279056e-05,3.0246204101302965e-05,0.0013246748004119876,0.5088172043010752,-0.490752688172043,0.5,3,2021-11-06 09:30:00-04:00,2022-02-06 09:30:00-05:00
zscore_30,-2.0:-1.5,5,2325,-5.017880822076874e-05,4.527891813577156e-05,0.0016464743908720639,0.5191397849462366,-0.803763440860215,0.75,3,2021-11-06 09:30:00-04:00,2022-02-06 09:30:00-05:00
zscore_30,-2.0:-1.5,10,2325,8.069644683421807e-06,7.654974968240857e-05,0.002686047517013811,0.5195698924731182,-0.05720430107526882,1.25,3,2021-11-06 09:30:00-04:00,2022-02-06 09:30:00-05:00
zscore_30,-2.0:-1.5,20,2324,-9.119264495493286e-05,0.0,0.0036403728834611695,0.4952667814113597,-1.601118760757315,0.0,3,2021-11-06 09:30:00-04:00,2022-02-06 09:30:00-05:00
zscore_30,-2.0:-1.5,30,2324,-0.00022862226783471935,-6.24926363440581e-05,0.004592088882269439,0.4892426850258176,-3.9674053356282273,-1.0,3,2021-11-06 09:30:00-04:00,2022-02-06 09:30:00-05:00
zscore_30,-2.0:-1.5,60,2317,-0.0002953599306936865,0.00016676015341943184,0.006532712281815008,0.513595166163142,-5.368903754855417,2.75,3,2021-11-06 09:30:00-04:00,2022-02-06 09:30:00-05:00
zscore_30,-2.5:-2.0,1,1120,1.670075904956224e-05,4.599639814095724e-05,0.0007111633726001172,0.5276785714285714,0.25379464285714287,0.75,3,2021-11-06 09:30:00-04:00,2022-02-06 09:30:00-05:00
zscore_30,-2.5:-2.0,3,1120,5.3331014526676006e-05,4.6876714032806355e-05,0.0011363970325416267,0.5294642857142857,0.8154017857142857,0.75,3,2021-11-06 09:30:00-04:00,2022-02-06 09:30:00-05:00
zscore_30,-2.5:-2.0,5,1120,5.8758764050252356e-05,5.648376583522463e-05,0.0015361962533815719,0.5205357142857143,0.8296875,0.875,3,2021-11-06 09:30:00-04:00,2022-02-06 09:30:00-05:00
zscore_30,-2.5:-2.0,10,1120,-1.6838910667283618e-05,0.00013761671075240844,0.0025381984832923577,0.5464285714285714,-0.38571428571428573,2.25,3,2021-11-06 09:30:00-04:00,2022-02-06 09:30:00-05:00
zscore_30,-2.5:-2.0,20,1120,-5.168491133833035e-05,9.159556064652907e-05,0.0036059357119757993,0.5214285714285715,-0.8995535714285714,1.5,3,2021-11-06 09:30:00-04:00,2022-02-06 09:30:00-05:00
zscore_30,-2.5:-2.0,30,1120,0.00013841888803958776,0.00015285632730721588,0.004686229969589244,0.525,1.79375,2.25,3,2021-11-06 09:30:00-04:00,2022-02-06 09:30:00-05:00
zscore_30,-2.5:-2.0,60,1120,-1.5225917751144387e-05,0.0001677400269390894,0.006562637092366687,0.5142857142857142,-0.9950892857142857,2.75,3,2021-11-06 09:30:00-04:00,2022-02-06 09:30:00-05:00
zscore_30,0:1.0,1,6747,-2.2267501525736798e-06,0.0,0.0006857431437211338,0.4913294797687861,-0.03312583370386839,0.0,3,2021-11-06 09:30:00-04:00,2022-02-06 09:30:00-05:00
zscore_30,0:1.0,3,6747,-2.6440241307669486e-06,0.0,0.0011832249347066028,0.49622054246331704,-0.0656217578182896,0.0,3,2021-11-06 09:30:00-04:00,2022-02-06 09:30:00-05:00
zscore_30,0:1.0,5,6747,-9.193762948502086e-06,0.0,0.001522173679043255,0.4997776789684304,-0.1922706388024307,0.0,3,2021-11-06 09:30:00-04:00,2022-02-06 09:30:00-05:00
zscore_30,0:1.0,10,6745,-1.639881729311037e-05,3.0642418299642316e-05,0.002111352551209115,0.5091178650852484,-0.3338769458858414,0.5,3,2021-11-06 09:30:00-04:00,2022-02-06 09:30:00-05:00
zscore_30,0:1.0,20,6740,-0.0001001680873290314,3.0869200148164744e-05,0.003157682726567174,0.5072700296735905,-1.6379451038575668,0.5,3,2021-11-06 09:30:00-04:00,2022-02-06 09:30:00-05:00
zscore_30,0:1.0,30,6733,-0.00014581105980308252,1.5694398669108267e-05,0.0038514493669789267,0.5030447051834249,-2.3711569879697016,0.25,3,2021-11-06 09:30:00-04:00,2022-02-06 09:30:00-05:00
zscore_30,0:1.0,60,6732,-0.0002591788489065718,-0.00010836773637251662,0.005412210073234507,0.48440285204991085,-4.129382055852644,-1.75,3,2021-11-06 09:30:00-04:00,2022-02-06 09:30:00-05:00
zscore_30,1.0:1.5,1,3594,9.044013423343935e-07,0.0,0.0007500874451693095,0.4771841958820256,0.010920979410127991,0.0,3,2021-11-06 09:30:00-04:00,2022-02-06 09:30:00-05:00
zscore_30,1.0:1.5,3,3594,-5.2145038268012465e-06,0.0,0.001309421812570025,0.48831385642737896,-0.10107122982749026,0.0,3,2021-11-06 09:30:00-04:00,2022-02-06 09:30:00-05:00
zscore_30,1.0:1.5,5,3594,-1.2633575956887366e-05,1.513707662559316e-05,0.0016380883841675719,0.5025041736227045,-0.22502782415136338,0.25,3,2021-11-06 09:30:00-04:00,2022-02-06 09:30:00-05:00
zscore_30,1.0:1.5,10,3594,3.6283300657599414e-05,6.0535659554661336e-05,0.002382230736213215,0.5200333889816361,0.5104340567612687,1.0,3,2021-11-06 09:30:00-04:00,2022-02-06 09:30:00-05:00
zscore_30,1.0:1.5,20,3594,6.705493579300054e-05,0.00014438932031690666,0.0032523807450193644,0.5411797440178074,0.9906789092932665,2.25,3,2021-11-06 09:30:00-04:00,2022-02-06 09:30:00-05:00
zscore_30,1.0:1.5,30,3594,7.187635028791716e-05,0.00016832218704165847,0.004000396646521935,0.535336672231497,1.0511964385086254,2.75,3,2021-11-06 09:30:00-04:00,2022-02-06 09:30:00-05:00
zscore_30,1.0:1.5,60,3594,-3.5922630917675816e-05,0.00011522530690510902,0.005772593478045025,0.5164162493043962,-0.6717445742904842,1.75,3,2021-11-06 09:30:00-04:00,2022-02-06 09:30:00-05:00
zscore_30,1.5:2.0,1,2517,1.2487851932319724e-05,0.0,0.0006076183809047364,0.4922526817640048,0.188518077075884,0.0,3,2021-11-06 09:30:00-04:00,2022-02-06 09:30:00-05:00
zscore_30,1.5:2.0,3,2517,8.448666299921225e-06,0.0,0.0012599335238307758,0.4974175605880016,0.14223281684545094,0.0,3,2021-11-06 09:30:00-04:00,2022-02-06 09:30:00-05:00
zscore_30,1.5:2.0,5,2517,3.3719771345664906e-05,1.563721657538153e-05,0.0016314672765139736,0.5037743345252285,0.5136074692093763,0.25,3,2021-11-06 09:30:00-04:00,2022-02-06 09:30:00-05:00
zscore_30,1.5:2.0,10,2517,3.563816181702261e-05,1.6011271935401084e-05,0.002288308730336719,0.5053635280095352,0.4662296384584823,0.25,3,2021-11-06 09:30:00-04:00,2022-02-06 09:30:00-05:00
zscore_30,1.5:2.0,20,2517,9.239802203194268e-05,9.140489320857981e-05,0.003115802400415462,0.5236392530790623,1.2805919745729042,1.5,3,2021-11-06 09:30:00-04:00,2022-02-06 09:30:00-05:00
zscore_30,1.5:2.0,30,2517,0.0001375117158362914,0.00012537023397229952,0.00380620641535647,0.5268176400476758,1.9974175605880016,2.0,3,2021-11-06 09:30:00-04:00,2022-02-06 09:30:00-05:00
zscore_30,1.5:2.0,60,2517,0.00018415380104551274,0.00017226259082936402,0.00547418621199271,0.5295987286452125,2.4622566547477156,2.75,3,2021-11-06 09:30:00-04:00,2022-02-06 09:30:00-05:00
zscore_30,2.0:2.5,1,1019,4.012310113006993e-06,-3.129743517515937e-05,0.0008399233287270263,0.4396467124631992,0.037782139352306184,-0.5,3,2021-11-06 09:30:00-04:00,2022-02-06 09:30:00-05:00
zscore_30,2.0:2.5,3,1019,-3.513148251189996e-05,-4.6607009694277224e-05,0.0015151016008662795,0.450441609421001,-0.5289499509322866,-0.75,3,2021-11-06 09:30:00-04:00,2022-02-06 09:30:00-05:00
zscore_30,2.0:2.5,5,1019,-7.145195628006439e-05,-1.7254171195912882e-05,0.002034206413275036,0.47399411187438667,-1.0399901864573111,-0.25,3,2021-11-06 09:30:00-04:00,2022-02-06 09:30:00-05:00
zscore_30,2.0:2.5,10,1019,-0.00011080243253346866,0.0,0.002759898502253732,0.492639842983317,-1.6344455348380766,0.0,3,2021-11-06 09:30:00-04:00,2022-02-06 09:30:00-05:00
zscore_30,2.0:2.5,20,1019,2.367129649513337e-05,1.5117157974309237e-05,0.003470689275020342,0.5014720314033366,0.22080471050049066,0.25,3,2021-11-06 09:30:00-04:00,2022-02-06 09:30:00-05:00
zscore_30,2.0:2.5,30,1019,0.0002150599930630971,-3.065650914335638e-05,0.004365757319119377,0.49067713444553485,3.0770363101079488,-0.5,3,2021-11-06 09:30:00-04:00,2022-02-06 09:30:00-05:00
zscore_30,2.0:2.5,60,1019,0.00036853656708104806,0.00018401239016752058,0.005779240056063614,0.5318940137389597,5.182286555446516,3.0,3,2021-11-06 09:30:00-04:00,2022-02-06 09:30:00-05:00
zscore_30,<=-2.5,1,572,-1.896748462999763e-05,4.91412512934053e-05,0.0008794055035027157,0.5244755244755245,-0.26136363636363635,0.75,3,2021-11-06 09:30:00-04:00,2022-02-06 09:30:00-05:00
zscore_30,<=-2.5,3,572,2.2859356836697112e-05,0.0001246995024145603,0.0015427536144508112,0.5506993006993007,0.46853146853146854,2.0,3,2021-11-06 09:30:00-04:00,2022-02-06 09:30:00-05:00
zscore_30,<=-2.5,5,572,9.018699471754518e-05,0.00014514517867270094,0.0018536752845220107,0.5472027972027972,1.5611888111888113,2.25,3,2021-11-06 09:30:00-04:00,2022-02-06 09:30:00-05:00
zscore_30,<=-2.5,10,571,0.00019918070601826867,0.00028829521429951654,0.0023518296599490253,0.5674255691768827,3.2780210157618215,4.5,3,2021-11-06 09:30:00-04:00,2022-02-06 09:30:00-05:00
zscore_30,<=-2.5,20,571,-4.016933516081922e-05,0.00022730716775276605,0.0032877797980927826,0.5446584938704028,-0.21453590192644484,3.75,3,2021-11-06 09:30:00-04:00,2022-02-06 09:30:00-05:00
zscore_30,<=-2.5,30,571,-0.00023666304168243893,0.00017122221530407877,0.0038390715551934688,0.5288966725043783,-3.3542031523642732,2.75,3,2021-11-06 09:30:00-04:00,2022-02-06 09:30:00-05:00
zscore_30,<=-2.5,60,571,-0.0004098075666724378,0.0002443942078573791,0.0055823652414410015,0.5271453590192644,-6.579684763572679,4.0,3,2021-11-06 09:30:00-04:00,2022-02-06 09:30:00-05:00
zscore_30,>=2.5,1,508,-9.487850792606572e-05,-4.624386858004259e-05,0.0010585393689099831,0.4507874015748031,-1.4916338582677164,-0.75,3,2021-11-06 09:30:00-04:00,2022-02-06 09:30:00-05:00
zscore_30,>=2.5,3,508,-0.0002442231095596047,-9.629348460876708e-05,0.0014011317646124043,0.4409448818897638,-3.8125,-1.5,3,2021-11-06 09:30:00-04:00,2022-02-06 09:30:00-05:00
zscore_30,>=2.5,5,508,-0.0003587203015428067,-0.0001770491789581663,0.001973906547486398,0.42322834645669294,-5.542814960629921,-2.875,3,2021-11-06 09:30:00-04:00,2022-02-06 09:30:00-05:00
zscore_30,>=2.5,10,508,-0.0006131989637137102,-0.0002081761937202109,0.00276916334555072,0.42322834645669294,-9.389271653543307,-3.25,3,2021-11-06 09:30:00-04:00,2022-02-06 09:30:00-05:00
zscore_30,>=2.5,20,508,-0.0005882225213638631,-0.00036961339336877286,0.003747660548395573,0.43503937007874016,-9.103838582677165,-5.875,3,2021-11-06 09:30:00-04:00,2022-02-06 09:30:00-05:00
zscore_30,>=2.5,30,508,-0.0006423585157974498,-0.00025274456199109174,0.004945147519939347,0.4704724409448819,-9.802657480314961,-4.125,3,2021-11-06 09:30:00-04:00,2022-02-06 09:30:00-05:00
zscore_30,>=2.5,60,508,-0.0006183358979880379,-0.00031037763548236175,0.006773306978040785,0.4547244094488189,-9.329232283464567,-5.125,3,2021-11-06 09:30:00-04:00,2022-02-06 09:30:00-05:00
zscore_60,-1.0:0,1,6312,-9.367809070822383e-06,0.0,0.0006828963561121138,0.4870088719898606,-0.14927915082382762,0.0,3,2021-11-06 09:30:00-04:00,2022-02-06 09:30:00-05:00
zscore_60,-1.0:0,3,6310,-9.609441958844675e-06,0.0,0.001235330177396374,0.49587955625990493,-0.1635499207606973,0.0,3,2021-11-06 09:30:00-04:00,2022-02-06 09:30:00-05:00
zscore_60,-1.0:0,5,6308,-1.935587129344914e-05,1.5338599585801305e-05,0.0016110714213118792,0.5025364616360177,-0.32771876981610654,0.25,3,2021-11-06 09:30:00-04:00,2022-02-06 09:30:00-05:00
zscore_60,-1.0:0,10,6303,-3.6147459478535004e-05,3.0583377934156886e-05,0.002183854466009215,0.5072187847056957,-0.6112962081548469,0.5,3,2021-11-06 09:30:00-04:00,2022-02-06 09:30:00-05:00
zscore_60,-1.0:0,20,6293,-0.00014410751525063476,0.0,0.0031560542286093052,0.4949944382647386,-2.263785158112188,0.0,3,2021-11-06 09:30:00-04:00,2022-02-06 09:30:00-05:00
zscore_60,-1.0:0,30,6283,-0.0001859641747669725,0.0,0.003933547864873831,0.4994429412700939,-2.889622791660035,0.0,3,2021-11-06 09:30:00-04:00,2022-02-06 09:30:00-05:00
zscore_60,-1.0:0,60,6279,-0.0002963283925402538,-0.00010932716936340459,0.005721089437423416,0.48367574454530976,-4.699832775919733,-1.75,3,2021-11-06 09:30:00-04:00,2022-02-06 09:30:00-05:00
zscore_60,-1.5:-1.0,1,3285,-4.812391512201997e-06,0.0,0.0010866807344486543,0.4925418569254186,-0.08120243531202435,0.0,3,2021-11-06 09:30:00-04:00,2022-02-06 09:30:00-05:00
zscore_60,-1.5:-1.0,3,3285,-3.2664608079181115e-05,0.0,0.0018595749461065337,0.493455098934551,-0.5445966514459665,0.0,3,2021-11-06 09:30:00-04:00,2022-02-06 09:30:00-05:00
zscore_60,-1.5:-1.0,5,3285,-5.325830773972249e-05,-1.5430908108959862e-05,0.002345656946099255,0.4882800608828006,-0.9032724505327245,-0.25,3,2021-11-06 09:30:00-04:00,2022-02-06 09:30:00-05:00
zscore_60,-1.5:-1.0,10,3285,-7.39151162867181e-05,0.0,0.002870752311355351,0.49558599695586,-1.2430745814307458,0.0,3,2021-11-06 09:30:00-04:00,2022-02-06 09:30:00-05:00
zscore_60,-1.5:-1.0,20,3285,-5.000378194860861e-05,0.0,0.004188015322436324,0.4977168949771689,-1.0989345509893456,0.0,3,2021-11-06 09:30:00-04:00,2022-02-06 09:30:00-05:00
zscore_60,-1.5:-1.0,30,3285,-2.9531873776029032e-05,4.5846323124987265e-05,0.005017677680581117,0.5074581430745815,-0.9636986301369863,0.75,3,2021-11-06 09:30:00-04:00,2022-02-06 09:30:00-05:00
zscore_60,-1.5:-1.0,60,3273,-4.0062212755673e-05,0.0003326679973385538,0.007086086546251222,0.5365108463183623,-1.2493889398105713,5.5,3,2021-11-06 09:30:00-04:00,2022-02-06 09:30:00-05:00
zscore_60,-2.0:-1.5,1,2166,9.50556022020078e-06,1.6409068859801756e-05,0.0007803845738785769,0.5096952908587258,0.14104339796860574,0.25,3,2021-11-06 09:30:00-04:00,2022-02-06 09:30:00-05:00
zscore_60,-2.0:-1.5,3,2166,4.0862042758344706e-05,9.939563792538131e-05,0.001332221681967572,0.543859649122807,0.6432363804247461,1.5,3,2021-11-06 09:30:00-04:00,2022-02-06 09:30:00-05:00
zscore_60,-2.0:-1.5,5,2166,2.9945047726707405e-05,0.00010906014318290413,0.0016645867203065716,0.5332409972299169,0.5094644506001846,1.75,3,2021-11-06 09:30:00-04:00,2022-02-06 09:30:00-05:00
zscore_60,-2.0:-1.5,10,2166,-2.9170174478461566e-05,0.00013188183289947197,0.0029709302746300814,0.5415512465373962,-0.42532317636195754,2.0,3,2021-11-06 09:30:00-04:00,2022-02-06 09:30:00-05:00
zscore_60,-2.0:-1.5,20,2166,-8.633489531312487e-05,-1.5411330285208802e-05,0.0038501640382398103,0.4953831948291782,-1.4823407202216066,-0.25,3,2021-11-06 09:30:00-04:00,2022-02-06 09:30:00-05:00
zscore_60,-2.0:-1.5,30,2166,-0.00010603320691787704,4.6191244425064504e-05,0.004941148411023642,0.5036934441366574,-2.0016158818097876,0.75,3,2021-11-06 09:30:00-04:00,2022-02-06 09:30:00-05:00
zscore_60,-2.0:-1.5,60,2161,-0.00015154227528856411,0.0003014590618592994,0.0070383119800838155,0.5330865340120314,-2.9864645997223507,4.75,3,2021-11-06 09:30:00-04:00,2022-02-06 09:30:00-05:00
zscore_60,-2.5:-2.0,1,1161,-3.0897542903762584e-06,0.0,0.0008076203180213441,0.4935400516795866,-0.03229974160206718,0.0,3,2021-11-06 09:30:00-04:00,2022-02-06 09:30:00-05:00
zscore_60,-2.5:-2.0,3,1161,-5.634900449932793e-05,-1.5439246564774578e-05,0.0013950514964765474,0.4909560723514212,-0.8507751937984496,-0.25,3,2021-11-06 09:30:00-04:00,2022-02-06 09:30:00-05:00
zscore_60,-2.5:-2.0,5,1161,-6.946647816612488e-05,7.777380267226519e-05,0.0017819293982022904,0.5159345391903531,-1.035099052540913,1.25,3,2021-11-06 09:30:00-04:00,2022-02-06 09:30:00-05:00
zscore_60,-2.5:-2.0,10,1161,-8.068240835714447e-05,0.00012280109292972519,0.00234212590286057,0.5348837209302325,-1.1666666666666667,2.0,3,2021-11-06 09:30:00-04:00,2022-02-06 09:30:00-05:00
zscore_60,-2.5:-2.0,20,1161,-0.00020088667727010222,-4.7268659303267846e-05,0.0032243256130081643,0.48492678725236865,-2.8906115417743323,-0.75,3,2021-11-06 09:30:00-04:00,2022-02-06 09:30:00-05:00
zscore_60,-2.5:-2.0,30,1161,-0.00046171244878262963,-0.000212344280860699,0.004111452033880212,0.4694229112833764,-6.991171403962102,-3.25,3,2021-11-06 09:30:00-04:00,2022-02-06 09:30:00-05:00
zscore_60,-2.5:-2.0,60,1153,-0.0006627438263673666,4.642884779082479e-05,0.00639383248128957,0.5013009540329575,-10.761491760624457,0.75,3,2021-11-06 09:30:00-04:00,2022-02-06 09:30:00-05:00
zscore_60,0:1.0,1,6636,-8.811700714097475e-06,0.0,0.000692334552917946,0.48673899939722726,-0.13577456298975285,0.0,3,2021-11-06 09:30:00-04:00,2022-02-06 09:30:00-05:00
zscore_60,0:1.0,3,6636,-3.342893411143493e-05,0.0,0.0012113880183492961,0.49909584086799275,-0.5192887281494877,0.0,3,2021-11-06 09:30:00-04:00,2022-02-06 09:30:00-05:00
zscore_60,0:1.0,5,6636,-5.8104046129742216e-05,1.5236586133782204e-05,0.0015672633381836685,0.5015069318866787,-0.9027275467148885,0.25,3,2021-11-06 09:30:00-04:00,2022-02-06 09:30:00-05:00
zscore_60,0:1.0,10,6636,-0.00011092341671571706,0.0,0.002332996123444382,0.497588908981314,-1.7129671488848703,0.0,3,2021-11-06 09:30:00-04:00,2022-02-06 09:30:00-05:00
zscore_60,0:1.0,20,6636,-0.0001875599000955636,0.0,0.0033403853031751508,0.4938215792646172,-2.9412296564195297,0.0,3,2021-11-06 09:30:00-04:00,2022-02-06 09:30:00-05:00
zscore_60,0:1.0,30,6636,-0.00027517993666407824,-3.053342002956594e-05,0.004126046973356444,0.4939722724532851,-4.318150994575046,-0.5,3,2021-11-06 09:30:00-04:00,2022-02-06 09:30:00-05:00
zscore_60,0:1.0,60,6636,-0.000463779773785178,-0.00016789317615856225,0.005881240368545858,0.4754370102471368,-7.410977998794454,-2.75,3,2021-11-06 09:30:00-04:00,2022-02-06 09:30:00-05:00
zscore_60,1.0:1.5,1,3684,-1.1461763980580369e-06,0.0,0.000651250110058856,0.48479913137893593,-0.016693811074918567,0.0,3,2021-11-06 09:30:00-04:00,2022-02-06 09:30:00-05:00
zscore_60,1.0:1.5,3,3684,-2.4612202445259477e-06,0.0,0.0011912362764051633,0.49212812160694897,-0.057206840390879476,0.0,3,2021-11-06 09:30:00-04:00,2022-02-06 09:30:00-05:00
zscore_60,1.0:1.5,5,3684,1.6592919856466337e-05,0.0,0.0015290760802021306,0.499185667752443,0.2130157437567861,0.0,3,2021-11-06 09:30:00-04:00,2022-02-06 09:30:00-05:00
zscore_60,1.0:1.5,10,3684,6.589657616771183e-05,4.554189539007769e-05,0.0021538407976146473,0.5141150922909881,0.9233170466883822,0.75,3,2021-11-06 09:30:00-04:00,2022-02-06 09:30:00-05:00
zscore_60,1.0:1.5,20,3684,4.8195242988022486e-05,7.71295498884772e-05,0.0029008849780491367,0.5252442996742671,0.61685667752443,1.25,3,2021-11-06 09:30:00-04:00,2022-02-06 09:30:00-05:00
zscore_60,1.0:1.5,30,3684,-3.562106709168536e-05,4.853903901658185e-05,0.0037284003246563164,0.5141150922909881,-0.6643593919652552,0.75,3,2021-11-06 09:30:00-04:00,2022-02-06 09:30:00-05:00
zscore_60,1.0:1.5,60,3684,-9.110101431543444e-05,4.5370719630288825e-05,0.0052073674839620875,0.50542888165038,-1.4706161780673181,0.75,3,2021-11-06 09:30:00-04:00,2022-02-06 09:30:00-05:00
zscore_60,1.5:2.0,1,2346,1.594350668210153e-05,0.0,0.0006717267053768648,0.4855072463768116,0.20982523444160273,0.0,3,2021-11-06 09:30:00-04:00,2022-02-06 09:30:00-05:00
zscore_60,1.5:2.0,3,2346,4.966860153407945e-05,0.0,0.0013415135072191913,0.4927536231884058,0.7145140664961637,0.0,3,2021-11-06 09:30:00-04:00,2022-02-06 09:30:00-05:00
zscore_60,1.5:2.0,5,2346,5.0179069770272074e-05,3.309410153118364e-05,0.0018058496345889092,0.5132139812446718,0.7313512361466326,0.5,3,2021-11-06 09:30:00-04:00,2022-02-06 09:30:00-05:00
zscore_60,1.5:2.0,10,2346,7.083470303329196e-05,4.626223460568735e-05,0.0022704054311206653,0.514919011082694,1.026854219948849,0.75,3,2021-11-06 09:30:00-04:00,2022-02-06 09:30:00-05:00
zscore_60,1.5:2.0,20,2346,0.0002364182899096216,0.00015663985130620617,0.0031350940165175006,0.5447570332480819,3.57075873827792,2.5,3,2021-11-06 09:30:00-04:00,2022-02-06 09:30:00-05:00
zscore_60,1.5:2.0,30,2346,0.00035906012821250444,0.00030337075898689836,0.003778383848775702,0.5664961636828645,5.468670076726343,5.0,3,2021-11-06 09:30:00-04:00,2022-02-06 09:30:00-05:00
zscore_60,1.5:2.0,60,2346,0.0003852973327506401,0.00040763659133169483,0.005321096366974109,0.5558397271952259,5.730711849957374,6.25,3,2021-11-06 09:30:00-04:00,2022-02-06 09:30:00-05:00
zscore_60,2.0:2.5,1,1101,2.321313623868829e-05,0.0,0.0008386168520822268,0.4913714804722979,0.3626248864668483,0.0,3,2021-11-06 09:30:00-04:00,2022-02-06 09:30:00-05:00
zscore_60,2.0:2.5,3,1101,1.4492145432521328e-05,0.0,0.001166232017935906,0.49954586739327883,0.22070844686648503,0.0,3,2021-11-06 09:30:00-04:00,2022-02-06 09:30:00-05:00
zscore_60,2.0:2.5,5,1101,1.4238692240021439e-05,0.0,0.0014045086182783312,0.4950045413260672,0.1846049046321526,0.0,3,2021-11-06 09:30:00-04:00,2022-02-06 09:30:00-05:00
zscore_60,2.0:2.5,10,1101,2.848684063322489e-05,9.127557617705229e-05,0.001994967335174336,0.5258855585831063,0.28814713896457766,1.5,3,2021-11-06 09:30:00-04:00,2022-02-06 09:30:00-05:00
zscore_60,2.0:2.5,20,1101,0.00013406354413359164,0.00016707168894281033,0.002926326775921645,0.555858310626703,1.9407356948228882,2.5,3,2021-11-06 09:30:00-04:00,2022-02-06 09:30:00-05:00
zscore_60,2.0:2.5,30,1101,0.00023373170103548,0.00021159862763164838,0.0034928780743216383,0.5458673932788374,3.4534514078110807,3.5,3,2021-11-06 09:30:00-04:00,2022-02-06 09:30:00-05:00
zscore_60,2.0:2.5,60,1101,0.0002026957915795815,0.000376482399447875,0.005116833188975775,0.5422343324250681,3.0127157129881925,6.0,3,2021-11-06 09:30:00-04:00,2022-02-06 09:30:00-05:00
zscore_60,<=-2.5,1,809,-1.2994711035044124e-05,1.5582634711908128e-05,0.0009142738069665004,0.5055624227441285,-0.2218788627935723,0.25,3,2021-11-06 09:30:00-04:00,2022-02-06 09:30:00-05:00
zscore_60,<=-2.5,3,809,4.233368072870608e-05,0.0001088850174215672,0.0015504769557916135,0.5315203955500618,0.611557478368356,1.75,3,2021-11-06 09:30:00-04:00,2022-02-06 09:30:00-05:00
zscore_60,<=-2.5,5,809,0.00010875401351487891,7.729289369140524e-05,0.0019440830349214005,0.5278121137206427,1.599505562422744,1.25,3,2021-11-06 09:30:00-04:00,2022-02-06 09:30:00-05:00
zscore_60,<=-2.5,10,809,0.00014128991693863449,0.00024173931436677343,0.0027876560140286154,0.5550061804697157,2.0234857849196537,4.0,3,2021-11-06 09:30:00-04:00,2022-02-06 09:30:00-05:00
zscore_60,<=-2.5,20,809,9.483118167663892e-06,0.0002592490926280888,0.003570239620154079,0.5414091470951793,0.26761433868974044,4.25,3,2021-11-06 09:30:00-04:00,2022-02-06 09:30:00-05:00
zscore_60,<=-2.5,30,809,-6.681576043354223e-05,9.1786626688517e-05,0.004203835385529624,0.5092707045735476,-1.1739802224969098,1.5,3,2021-11-06 09:30:00-04:00,2022-02-06 09:30:00-05:00
zscore_60,<=-2.5,60,808,-0.0006690373776901155,-0.0002657508535715558,0.005783095674699579,0.47896039603960394,-11.291460396039604,-4.25,3,2021-11-06 09:30:00-04:00,2022-02-06 09:30:00-05:00
zscore_60,>=2.5,1,594,-5.6276970244686386e-05,-3.160984077837936e-05,0.0007797155810886039,0.4511784511784512,-0.8569023569023569,-0.5,3,2021-11-06 09:30:00-04:00,2022-02-06 09:30:00-05:00
zscore_60,>=2.5,3,594,-0.00016422167479135947,-6.148887740287101e-05,0.0012134711076160214,0.45791245791245794,-2.491582491582492,-1.0,3,2021-11-06 09:30:00-04:00,2022-02-06 09:30:00-05:00
zscore_60,>=2.5,5,594,-0.00016325899606539144,-1.6247183506734597e-05,0.0015235832272029453,0.4882154882154882,-2.460858585858586,-0.25,3,2021-11-06 09:30:00-04:00,2022-02-06 09:30:00-05:00
zscore_60,>=2.5,10,594,-0.0003764788739352666,-0.00010957087269675148,0.0022721522380131534,0.47474747474747475,-5.779882154882155,-1.75,3,2021-11-06 09:30:00-04:00,2022-02-06 09:30:00-05:00
zscore_60,>=2.5,20,594,-0.00035183828565460955,-0.00016920631186401192,0.00311027617896443,0.46464646464646464,-5.7146464646464645,-2.75,3,2021-11-06 09:30:00-04:00,2022-02-06 09:30:00-05:00
zscore_60,>=2.5,30,594,-0.00020522901939942819,1.5395273651019892e-05,0.004045953192272979,0.5,-3.4372895622895623,0.25,3,2021-11-06 09:30:00-04:00,2022-02-06 09:30:00-05:00
zscore_60,>=2.5,60,594,-0.0003088145319948935,-6.199034818127336e-05,0.006292679997102472,0.4898989898989899,-4.517676767676767,-1.0,3,2021-11-06 09:30:00-04:00,2022-02-06 09:30:00-05:00
zscore_30,-1.0:0,1,6414,-4.72152434302472e-06,0.0,0.0009382868519921796,0.4898659183037106,-0.0691066417212348,0.0,4,2022-02-06 09:30:00-05:00,2022-05-06 09:30:00-04:00
zscore_30,-1.0:0,3,6414,-6.967462459061101e-06,0.0,0.0015690201685772292,0.4993763642033053,-0.1180230745244777,0.0,4,2022-02-06 09:30:00-05:00,2022-05-06 09:30:00-04:00
zscore_30,-1.0:0,5,6414,-1.5838625244477085e-07,0.0,0.0020768235357044545,0.49485500467726845,-0.03344246959775491,0.0,4,2022-02-06 09:30:00-05:00,2022-05-06 09:30:00-04:00
zscore_30,-1.0:0,10,6414,3.6985491981172163e-05,1.773423505047056e-05,0.0028905377578706637,0.5026504521359526,0.43463517305893357,0.25,4,2022-02-06 09:30:00-05:00,2022-05-06 09:30:00-04:00
zscore_30,-1.0:0,20,6414,-2.973612593720409e-05,0.0,0.0039062246978466323,0.49875272840661056,-0.5291159962581852,0.0,4,2022-02-06 09:30:00-05:00,2022-05-06 09:30:00-04:00
zscore_30,-1.0:0,30,6406,-3.716036106259497e-05,-5.1825883570943976e-05,0.00479569161579386,0.490165469871995,-0.6654698719950047,-0.75,4,2022-02-06 09:30:00-05:00,2022-05-06 09:30:00-04:00
zscore_30,-1.0:0,60,6401,-0.0001977715346891345,-0.00038211692777989636,0.007240153216213817,0.4735197625371036,-3.094008748633026,-5.5,4,2022-02-06 09:30:00-05:00,2022-05-06 09:30:00-04:00
zscore_30,-1.5:-1.0,1,3502,-2.3261551085128264e-06,1.7119344652205548e-05,0.0007875023613871128,0.5054254711593376,-0.03405197030268418,0.25,4,2022-02-06 09:30:00-05:00,2022-05-06 09:30:00-04:00
zscore_30,-1.5:-1.0,3,3502,-6.278477907890165e-06,0.0,0.0015055777153075549,0.49571673329525984,-0.07852655625356939,0.0,4,2022-02-06 09:30:00-05:00,2022-05-06 09:30:00-04:00
zscore_30,-1.5:-1.0,5,3502,-4.9085842070339864e-05,-3.346266909542983e-05,0.001999942449377676,0.48886350656767563,-0.662835522558538,-0.5,4,2022-02-06 09:30:00-05:00,2022-05-06 09:30:00-04:00
zscore_30,-1.5:-1.0,10,3502,-0.00013998928827777384,-8.343832656676486e-05,0.0028702231391765807,0.4774414620217019,-1.9411050828098229,-1.25,4,2022-02-06 09:30:00-05:00,2022-05-06 09:30:00-04:00
zscore_30,-1.5:-1.0,20,3502,-0.00020082221235207667,-0.00022415242911644206,0.004102797509067324,0.46002284408909194,-2.8413049685893776,-3.25,4,2022-02-06 09:30:00-05:00,2022-05-06 09:30:00-04:00
zscore_30,-1.5:-1.0,30,3501,-0.00019510052690429786,-0.00033926753923896324,0.005159293159080388,0.45729791488146243,-2.770708369037418,-4.75,4,2022-02-06 09:30:00-05:00,2022-05-06 09:30:00-04:00
zscore_30,-1.5:-1.0,60,3501,-0.00040244864634340823,-0.0007293686513796249,0.007102850903689595,0.4473007712082262,-5.658597543558983,-10.25,4,2022-02-06 09:30:00-05:00,2022-05-06 09:30:00-04:00
zscore_30,-2.0:-1.5,1,2578,-3.059413940809767e-05,-1.8929762789610116e-05,0.0007806966682002354,0.4775019394879752,-0.44695500387897596,-0.25,4,2022-02-06 09:30:00-05:00,2022-05-06 09:30:00-04:00
zscore_30,-2.0:-1.5,3,2578,-6.20889347385139e-05,-3.497156688914149e-05,0.0014035953837746367,0.48021722265321953,-0.883533747090768,-0.5,4,2022-02-06 09:30:00-05:00,2022-05-06 09:30:00-04:00
zscore_30,-2.0:-1.5,5,2578,-9.274690647289342e-05,-5.284851981002259e-05,0.0017450921732553894,0.4821567106283941,-1.3127424359968969,-0.75,4,2022-02-06 09:30:00-05:00,2022-05-06 09:30:00-04:00
zscore_30,-2.0:-1.5,10,2578,-0.00014827211924540036,-9.749027047967207e-05,0.0025106992584260322,0.47556245151280063,-2.104635376260667,-1.375,4,2022-02-06 09:30:00-05:00,2022-05-06 09:30:00-04:00
zscore_30,-2.0:-1.5,20,2578,-0.0001478164811535756,-0.0002826310658546327,0.003955065030411759,0.45888285492629943,-2.2201318851823117,-4.0,4,2022-02-06 09:30:00-05:00,2022-05-06 09:30:00-04:00
zscore_30,-2.0:-1.5,30,2578,-0.00030277872517827785,-0.00037133072151995794,0.00472074284243956,0.44685802948021724,-4.367629945694337,-5.25,4,2022-02-06 09:30:00-05:00,2022-05-06 09:30:00-04:00
zscore_30,-2.0:-1.5,60,2578,-0.00016037365649589137,-0.0005752673498886085,0.006375427730451178,0.45849495733126455,-2.366854150504267,-8.375,4,2022-02-06 09:30:00-05:00,2022-05-06 09:30:00-04:00
zscore_30,-2.5:-2.0,1,1169,-4.367066821846258e-06,1.7433751743345383e-05,0.0007446210287003295,0.5038494439692045,-0.058169375534645,0.25,4,2022-02-06 09:30:00-05:00,2022-05-06 09:30:00-04:00
zscore_30,-2.5:-2.0,3,1169,-1.5633679740981517e-05,-3.5584655896370165e-05,0.0013523830736543738,0.4816082121471343,-0.22946963216424293,-0.5,4,2022-02-06 09:30:00-05:00,2022-05-06 09:30:00-04:00
zscore_30,-2.5:-2.0,5,1169,4.083876766990477e-05,-3.566906243868129e-05,0.0018334231278695574,0.48588537211291705,0.5171086398631308,-0.5,4,2022-02-06 09:30:00-05:00,2022-05-06 09:30:00-04:00
zscore_30,-2.5:-2.0,10,1169,3.728713663930404e-05,-3.557326313541331e-05,0.002398050524166168,0.49016253207869975,0.4659965782720274,-0.5,4,2022-02-06 09:30:00-05:00,2022-05-06 09:30:00-04:00
zscore_30,-2.5:-2.0,20,1169,1.5146643968843276e-05,-0.0003028359697876404,0.003947278236032345,0.4525235243798118,-0.00427715996578272,-4.25,4,2022-02-06 09:30:00-05:00,2022-05-06 09:30:00-04:00
zscore_30,-2.5:-2.0,30,1169,-7.587668263822107e-05,-0.00029686314608967646,0.00486300166254198,0.46535500427716,-1.3462360992301112,-4.25,4,2022-02-06 09:30:00-05:00,2022-05-06 09:30:00-04:00
zscore_30,-2.5:-2.0,60,1169,7.124815542764158e-05,-0.0005926132501350434,0.006610712314947959,0.4593669803250642,0.6390076988879384,-8.25,4,2022-02-06 09:30:00-05:00,2022-05-06 09:30:00-04:00
zscore_30,0:1.0,1,6639,-2.9774580685054684e-06,-1.655601728445255e-05,0.0009116675369060704,0.4800421750263594,-0.0426645579153487,-0.25,4,2022-02-06 09:30:00-05:00,2022-05-06 09:30:00-04:00
zscore_30,0:1.0,3,6637,-7.6993356792319e-06,-1.6684185060955592e-05,0.0015329536934424624,0.48832303751695044,-0.12117673647732409,-0.25,4,2022-02-06 09:30:00-05:00,2022-05-06 09:30:00-04:00
zscore_30,0:1.0,5,6637,-1.484214846166301e-05,-1.7026203326886424e-05,0.0019370796246253386,0.4877203555823414,-0.2325222238963387,-0.25,4,2022-02-06 09:30:00-05:00,2022-05-06 09:30:00-04:00
zscore_30,0:1.0,10,6635,-3.69576330816411e-05,0.0,0.0027167464858738823,0.4979653353428787,-0.5325546345139412,0.0,4,2022-02-06 09:30:00-05:00,2022-05-06 09:30:00-04:00
zscore_30,0:1.0,20,6633,-5.9009747608222925e-05,6.854479402296221e-05,0.0037851224302309803,0.5097241067390321,-0.8454319312528268,1.0,4,2022-02-06 09:30:00-05:00,2022-05-06 09:30:00-04:00
zscore_30,0:1.0,30,6632,-0.00016767597638056293,-8.466540233009745e-06,0.004550048334162569,0.4974366706875754,-2.4204237032569362,-0.125,4,2022-02-06 09:30:00-05:00,2022-05-06 09:30:00-04:00
zscore_30,0:1.0,60,6622,-0.0003856681839196578,-7.463853592004632e-05,0.006725898425342226,0.4935064935064935,-5.60314104500151,-1.0,4,2022-02-06 09:30:00-05:00,2022-05-06 09:30:00-04:00
zscore_30,1.0:1.5,1,3232,-1.6652164658648525e-05,-3.3813579546404515e-05,0.0008184400040828157,0.46472772277227725,-0.2342976485148515,-0.5,4,2022-02-06 09:30:00-05:00,2022-05-06 09:30:00-04:00
zscore_30,1.0:1.5,3,3232,-1.53805304699419e-05,-4.97257931301176e-05,0.0014247946251585866,0.46720297029702973,-0.23870668316831684,-0.75,4,2022-02-06 09:30:00-05:00,2022-05-06 09:30:00-04:00
zscore_30,1.0:1.5,5,3230,1.2188473923610409e-05,-4.9729080499938405e-05,0.0017632920155487848,0.4777089783281734,0.12995356037151704,-0.75,4,2022-02-06 09:30:00-05:00,2022-05-06 09:30:00-04:00
zscore_30,1.0:1.5,10,3228,3.673866228814652e-05,0.0,0.0025332082951126204,0.4972118959107807,0.4537639405204461,0.0,4,2022-02-06 09:30:00-05:00,2022-05-06 09:30:00-04:00
zscore_30,1.0:1.5,20,3225,-2.3941464538412667e-05,5.369511911368363e-05,0.0036352430261956986,0.5100775193798449,-0.4288372093023256,0.75,4,2022-02-06 09:30:00-05:00,2022-05-06 09:30:00-04:00
zscore_30,1.0:1.5,30,3225,-4.826736101130686e-05,6.650483822689957e-05,0.004570166512822253,0.5072868217054264,-0.8772093023255814,1.0,4,2022-02-06 09:30:00-05:00,2022-05-06 09:30:00-04:00
zscore_30,1.0:1.5,60,3218,-0.00030701209196321196,-5.460315156602391e-05,0.006238860890050213,0.4944064636420137,-4.728325046612803,-0.75,4,2022-02-06 09:30:00-05:00,2022-05-06 09:30:00-04:00
zscore_30,1.5:2.0,1,2310,2.316776520293217e-05,0.0,0.0008181152362314614,0.49393939393939396,0.30974025974025976,0.0,4,2022-02-06 09:30:00-05:00,2022-05-06 09:30:00-04:00
zscore_30,1.5:2.0,3,2310,1.485016514461277e-05,1.6681904862037022e-05,0.0015123251456754655,0.5017316017316017,0.18733766233766233,0.25,4,2022-02-06 09:30:00-05:00,2022-05-06 09:30:00-04:00
zscore_30,1.5:2.0,5,2310,-2.8956541683812417e-06,-1.7342911117046445e-05,0.001932932864967011,0.49047619047619045,-0.07305194805194805,-0.25,4,2022-02-06 09:30:00-05:00,2022-05-06 09:30:00-04:00
zscore_30,1.5:2.0,10,2309,-1.8502563626035312e-05,-8.645582971655852e-05,0.0027704147091687542,0.48289302728453876,-0.3461455175400606,-1.25,4,2022-02-06 09:30:00-05:00,2022-05-06 09:30:00-04:00
zscore_30,1.5:2.0,20,2306,-9.779182886190164e-06,8.424103049009535e-05,0.003906745488990288,0.5143104943625325,-0.26767129228100606,1.25,4,2022-02-06 09:30:00-05:00,2022-05-06 09:30:00-04:00
zscore_30,1.5:2.0,30,2306,0.0001029769677166235,0.0002658752782773721,0.0047367844469143935,0.528620988725065,1.2314614050303556,3.75,4,2022-02-06 09:30:00-05:00,2022-05-06 09:30:00-04:00
zscore_30,1.5:2.0,60,2299,-0.00010223378227572014,-7.749084639374626e-05,0.006650888144864163,0.49586776859504134,-1.8332970856894302,-1.0,4,2022-02-06 09:30:00-05:00,2022-05-06 09:30:00-04:00
zscore_30,2.0:2.5,1,1183,3.26927816804522e-05,-1.6793457269015377e-05,0.0007576021963728393,0.4809805579036348,0.46449704142011833,-0.25,4,2022-02-06 09:30:00-05:00,2022-05-06 09:30:00-04:00
zscore_30,2.0:2.5,3,1183,-2.5127290723334636e-05,0.0,0.001396731852498527,0.49366018596787825,-0.32121724429416737,0.0,4,2022-02-06 09:30:00-05:00,2022-05-06 09:30:00-04:00
zscore_30,2.0:2.5,5,1183,-8.872831616142096e-05,1.6944557408082872e-05,0.0018164704562903563,0.5021132713440406,-1.2343617920540997,0.25,4,2022-02-06 09:30:00-05:00,2022-05-06 09:30:00-04:00
zscore_30,2.0:2.5,10,1183,-0.00023021255312951754,-0.00011580967507118789,0.0027017408225860472,0.46745562130177515,-3.238377007607777,-1.75,4,2022-02-06 09:30:00-05:00,2022-05-06 09:30:00-04:00
zscore_30,2.0:2.5,20,1181,-0.00035149810643548055,-0.00010008674184291966,0.0037867781951855623,0.4826418289585097,-5.044877222692634,-1.5,4,2022-02-06 09:30:00-05:00,2022-05-06 09:30:00-04:00
zscore_30,2.0:2.5,30,1181,-0.0002577147776133562,3.466324655976294e-05,0.004631917383361709,0.5046570702794242,-3.8393310753598646,0.5,4,2022-02-06 09:30:00-05:00,2022-05-06 09:30:00-04:00
zscore_30,2.0:2.5,60,1180,-0.00024155699810749046,-0.0001037084484698525,0.006539917481478843,0.48983050847457626,-3.8572033898305085,-1.5,4,2022-02-06 09:30:00-05:00,2022-05-06 09:30:00-04:00
zscore_30,<=-2.5,1,553,1.4562925917563298e-05,-1.7493527394885078e-05,0.0009983325760600957,0.49005424954792043,0.14783001808318263,-0.25,4,2022-02-06 09:30:00-05:00,2022-05-06 09:30:00-04:00
zscore_30,<=-2.5,3,553,3.415416827892116e-05,1.7448657325891404e-05,0.0017341524608267187,0.5009041591320073,0.40189873417721517,0.25,4,2022-02-06 09:30:00-05:00,2022-05-06 09:30:00-04:00
zscore_30,<=-2.5,5,553,1.0767205436982207e-05,-5.4472164723873284e-05,0.0021774687156691517,0.484629294755877,0.05786618444846293,-0.75,4,2022-02-06 09:30:00-05:00,2022-05-06 09:30:00-04:00
zscore_30,<=-2.5,10,553,6.250695138164439e-05,-6.815819517103083e-05,0.003037146259862931,0.47739602169981915,0.6586799276672695,-1.0,4,2022-02-06 09:30:00-05:00,2022-05-06 09:30:00-04:00
zscore_30,<=-2.5,20,553,-0.00010121492937200649,-0.00010086576447843054,0.004336906947383611,0.4918625678119349,-1.6641048824593128,-1.5,4,2022-02-06 09:30:00-05:00,2022-05-06 09:30:00-04:00
zscore_30,<=-2.5,30,553,-0.0005226557697837258,-0.00014192197839235643,0.005291906484277736,0.47739602169981915,-7.53119349005425,-2.0,4,2022-02-06 09:30:00-05:00,2022-05-06 09:30:00-04:00
zscore_30,<=-2.5,60,553,9.539252130494702e-05,6.899406651017514e-05,0.007085993348528711,0.5009041591320073,0.9104882459312839,1.0,4,2022-02-06 09:30:00-05:00,2022-05-06 09:30:00-04:00
zscore_30,>=2.5,1,529,-4.594908300550907e-05,-1.640097093746906e-05,0.0008759994945271233,0.4763705103969754,-0.6077504725897921,-0.25,4,2022-02-06 09:30:00-05:00,2022-05-06 09:30:00-04:00
zscore_30,>=2.5,3,529,-7.330317102193164e-05,-3.3321115590956296e-05,0.001565036486716309,0.4839319470699433,-1.0146502835538753,-0.5,4,2022-02-06 09:30:00-05:00,2022-05-06 09:30:00-04:00
zscore_30,>=2.5,5,529,-0.0001294852541008784,0.0,0.002028067946795896,0.4933837429111531,-1.7514177693761814,0.0,4,2022-02-06 09:30:00-05:00,2022-05-06 09:30:00-04:00
zscore_30,>=2.5,10,529,-0.0003946144639640066,-0.0002096216329525724,0.0029066421878155414,0.43478260869565216,-5.445179584120983,-3.0,4,2022-02-06 09:30:00-05:00,2022-05-06 09:30:00-04:00
zscore_30,>=2.5,20,529,-0.00042306270603704305,-0.00012226860666186834,0.004407087280029395,0.4763705103969754,-5.852551984877127,-1.75,4,2022-02-06 09:30:00-05:00,2022-05-06 09:30:00-04:00
zscore_30,>=2.5,30,529,-0.0005681249196919248,-0.00032439033698428155,0.005337576714775747,0.4669187145557656,-7.8279773156899815,-4.75,4,2022-02-06 09:30:00-05:00,2022-05-06 09:30:00-04:00
zscore_30,>=2.5,60,529,-0.0007383693952409667,-0.0010660631109361551,0.007107391760535811,0.44234404536862004,-10.581758034026466,-15.25,4,2022-02-06 09:30:00-05:00,2022-05-06 09:30:00-04:00
zscore_60,-1.0:0,1,6088,-3.713253177299812e-06,-1.7100304351813644e-05,0.0009239106149108525,0.47848226018396844,-0.048127463863337716,-0.25,4,2022-02-06 09:30:00-05:00,2022-05-06 09:30:00-04:00
zscore_60,-1.0:0,3,6088,-8.275052674214153e-06,-3.3382574862406145e-05,0.0016723075549397483,0.48061760840998685,-0.1207703679369251,-0.5,4,2022-02-06 09:30:00-05:00,2022-05-06 09:30:00-04:00
zscore_60,-1.0:0,5,6088,-8.623926115718807e-06,-3.566469783261583e-05,0.002159038034783545,0.48111038107752957,-0.13391097240473063,-0.5,4,2022-02-06 09:30:00-05:00,2022-05-06 09:30:00-04:00
zscore_60,-1.0:0,10,6088,3.551993551978712e-05,-5.347845512321259e-05,0.0029895395642532316,0.4837385019710907,0.4467805519053876,-0.75,4,2022-02-06 09:30:00-05:00,2022-05-06 09:30:00-04:00
zscore_60,-1.0:0,20,6088,4.402417528582893e-06,-3.379908968381695e-05,0.0041152110137069094,0.4931011826544021,-0.07071287779237845,-0.5,4,2022-02-06 09:30:00-05:00,2022-05-06 09:30:00-04:00
zscore_60,-1.0:0,30,6088,-0.00017725451959272074,-0.0001245595928680565,0.005002155677564523,0.48258869908015767,-2.6808065045992118,-1.75,4,2022-02-06 09:30:00-05:00,2022-05-06 09:30:00-04:00
zscore_60,-1.0:0,60,6088,-0.0004381333991812046,-0.0005926310482247676,0.007249191107109471,0.4581143232588699,-6.503983245729303,-8.25,4,2022-02-06 09:30:00-05:00,2022-05-06 09:30:00-04:00
zscore_60,-1.5:-1.0,1,3491,-4.627420813990553e-06,0.0,0.0010070535475415966,0.4944142079633343,-0.07154110570037239,0.0,4,2022-02-06 09:30:00-05:00,2022-05-06 09:30:00-04:00
zscore_60,-1.5:-1.0,3,3491,4.132313731761665e-06,0.0,0.0015292506779440494,0.49871097106846174,0.05199083357204239,0.0,4,2022-02-06 09:30:00-05:00,2022-05-06 09:30:00-04:00
zscore_60,-1.5:-1.0,5,3491,-1.1127011129414554e-05,-5.424660506658796e-05,0.001947385756590456,0.4783729590375251,-0.1598395875107419,-0.75,4,2022-02-06 09:30:00-05:00,2022-05-06 09:30:00-04:00
zscore_60,-1.5:-1.0,10,3491,4.676341781578164e-06,-5.1741979993136233e-05,0.0028588447965274158,0.48725293612145515,0.023488971641363505,-0.75,4,2022-02-06 09:30:00-05:00,2022-05-06 09:30:00-04:00
zscore_60,-1.5:-1.0,20,3491,7.87338251933169e-05,-8.928093137872128e-05,0.004016046623992158,0.4841019765110284,0.9624033228301346,-1.25,4,2022-02-06 09:30:00-05:00,2022-05-06 09:30:00-04:00
zscore_60,-1.5:-1.0,30,3491,0.00016472903111839181,-0.00015315759916956218,0.005118503763423302,0.47464909767974794,2.074692065310799,-2.25,4,2022-02-06 09:30:00-05:00,2022-05-06 09:30:00-04:00
zscore_60,-1.5:-1.0,60,3491,-8.015461302496191e-05,-0.0007204610951008217,0.007285551211258655,0.45316528215411056,-1.4807361787453452,-10.0,4,2022-02-06 09:30:00-05:00,2022-05-06 09:30:00-04:00
zscore_60,-2.0:-1.5,1,2644,-3.281020141204701e-05,-3.456712454169564e-05,0.0007677699424460072,0.47276853252647505,-0.4655824508320726,-0.5,4,2022-02-06 09:30:00-05:00,2022-05-06 09:30:00-04:00
zscore_60,-2.0:-1.5,3,2644,-7.003355587053616e-05,-3.8283951586004505e-05,0.0014307327730961117,0.47617246596066565,-0.9862897125567323,-0.5,4,2022-02-06 09:30:00-05:00,2022-05-06 09:30:00-04:00
zscore_60,-2.0:-1.5,5,2644,-9.912889243492649e-05,-5.555794023415217e-05,0.001939186520660791,0.47881996974281393,-1.3916414523449319,-0.75,4,2022-02-06 09:30:00-05:00,2022-05-06 09:30:00-04:00
zscore_60,-2.0:-1.5,10,2644,-0.0001994258935281303,-0.000100337761380076,0.0026914484377204557,0.4739031770045386,-2.8040847201210286,-1.5,4,2022-02-06 09:30:00-05:00,2022-05-06 09:30:00-04:00
zscore_60,-2.0:-1.5,20,2644,-0.00026095105962556104,-0.0002826538999636252,0.003796822092874799,0.46142208774583965,-3.690620272314675,-4.0,4,2022-02-06 09:30:00-05:00,2022-05-06 09:30:00-04:00
zscore_60,-2.0:-1.5,30,2644,-0.00020748163174708986,-0.0003254595189085552,0.0046368400542123045,0.4602874432677761,-2.9056354009077157,-4.75,4,2022-02-06 09:30:00-05:00,2022-05-06 09:30:00-04:00
zscore_60,-2.0:-1.5,60,2644,9.064849602680866e-06,-0.0006540760128349588,0.006497255314054279,0.45045385779122543,0.010873676248108926,-9.0,4,2022-02-06 09:30:00-05:00,2022-05-06 09:30:00-04:00
zscore_60,-2.5:-2.0,1,1313,1.8794764888624833e-05,0.0,0.0008001961244844198,0.49885757806549885,0.24904798172124903,0.0,4,2022-02-06 09:30:00-05:00,2022-05-06 09:30:00-04:00
zscore_60,-2.5:-2.0,3,1313,1.80842377607387e-05,-1.7923074165704378e-05,0.001437782448251132,0.4859101294744859,0.24828636709824828,-0.25,4,2022-02-06 09:30:00-05:00,2022-05-06 09:30:00-04:00
zscore_60,-2.5:-2.0,5,1313,8.35833143048842e-06,-1.852949896230527e-05,0.001685658126727142,0.4897182025894897,0.10567402894135568,-0.25,4,2022-02-06 09:30:00-05:00,2022-05-06 09:30:00-04:00
zscore_60,-2.5:-2.0,10,1313,-0.00010495233151239035,-0.00011262952395252324,0.002236759892510879,0.4767707539984768,-1.46001523229246,-1.5,4,2022-02-06 09:30:00-05:00,2022-05-06 09:30:00-04:00
zscore_60,-2.5:-2.0,20,1313,-0.0003580452056283011,-0.00036690194982180735,0.0034427056237423454,0.42726580350342724,-4.958682406702208,-5.25,4,2022-02-06 09:30:00-05:00,2022-05-06 09:30:00-04:00
zscore_60,-2.5:-2.0,30,1313,-0.00035653042837425954,-0.00025010838029815297,0.00417906709213158,0.4562071591774562,-4.938118811881188,-3.5,4,2022-02-06 09:30:00-05:00,2022-05-06 09:30:00-04:00
zscore_60,-2.5:-2.0,60,1313,-3.894933771335497e-05,-0.00027191923998570733,0.005917413893124927,0.4752475247524752,-0.48419649657273417,-4.0,4,2022-02-06 09:30:00-05:00,2022-05-06 09:30:00-04:00
zscore_60,0:1.0,1,6379,-2.742894155090301e-06,0.0,0.000840437272197392,0.4941213356325443,-0.039387051261953285,0.0,4,2022-02-06 09:30:00-05:00,2022-05-06 09:30:00-04:00
zscore_60,0:1.0,3,6377,-2.1061267114811078e-05,0.0,0.0014523409236343059,0.4977262035439862,-0.2982985729967069,0.0,4,2022-02-06 09:30:00-05:00,2022-05-06 09:30:00-04:00
zscore_60,0:1.0,5,6375,-1.7909423599327237e-05,1.7471521420064917e-05,0.0018883407387120233,0.504313725490196,-0.26435294117647057,0.25,4,2022-02-06 09:30:00-05:00,2022-05-06 09:30:00-04:00
zscore_60,0:1.0,10,6370,-3.868997796660977e-05,3.463894552269142e-05,0.002689412677789427,0.5081632653061224,-0.5656200941915228,0.5,4,2022-02-06 09:30:00-05:00,2022-05-06 09:30:00-04:00
zscore_60,0:1.0,20,6360,-9.489482734263414e-05,3.767917573793689e-05,0.0039160239472496704,0.504874213836478,-1.387185534591195,0.5,4,2022-02-06 09:30:00-05:00,2022-05-06 09:30:00-04:00
zscore_60,0:1.0,30,6350,-0.00010575397151284661,-1.8594272970351433e-05,0.004787908360959698,0.4946456692913386,-1.5455511811023621,-0.25,4,2022-02-06 09:30:00-05:00,2022-05-06 09:30:00-04:00
zscore_60,0:1.0,60,6343,-0.0002706008072971115,-7.116804554752054e-05,0.006977207742051807,0.4955068579536497,-3.957748699353618,-1.0,4,2022-02-06 09:30:00-05:00,2022-05-06 09:30:00-04:00
zscore_60,1.0:1.5,1,3414,-1.2246399048715452e-06,-1.667334624022576e-05,0.000755837925202557,0.4803749267721148,-0.028558875219683654,-0.25,4,2022-02-06 09:30:00-05:00,2022-05-06 09:30:00-04:00
zscore_60,1.0:1.5,3,3414,1.1871558839401087e-05,0.0,0.001343668096117918,0.4944346807264206,0.1338605741066198,0.0,4,2022-02-06 09:30:00-05:00,2022-05-06 09:30:00-04:00
zscore_60,1.0:1.5,5,3414,-8.428072625945534e-06,-1.7020201104445132e-05,0.0017355915796028107,0.4900410076157001,-0.1543643819566491,-0.25,4,2022-02-06 09:30:00-05:00,2022-05-06 09:30:00-04:00
zscore_60,1.0:1.5,10,3414,-7.125259397984048e-05,3.369896747107415e-05,0.002608717514167401,0.5090802577621558,-1.0360281195079086,0.5,4,2022-02-06 09:30:00-05:00,2022-05-06 09:30:00-04:00
zscore_60,1.0:1.5,20,3414,-7.184864730001172e-05,0.00016774055222545936,0.003661988638505807,0.5322202694786174,-1.074838898652607,2.25,4,2022-02-06 09:30:00-05:00,2022-05-06 09:30:00-04:00
zscore_60,1.0:1.5,30,3414,-0.0001278939843657228,0.00013719642928355924,0.004339690998531583,0.5219683655536028,-1.9362917398945518,2.0,4,2022-02-06 09:30:00-05:00,2022-05-06 09:30:00-04:00
zscore_60,1.0:1.5,60,3407,-0.0005081727179263143,0.00027140479119913685,0.0061271217758477265,0.5218667449368947,-7.426841796301732,4.0,4,2022-02-06 09:30:00-05:00,2022-05-06 09:30:00-04:00
zscore_60,1.5:2.0,1,2188,-1.2438547380165165e-05,-1.735660476537282e-05,0.0007004621724098689,0.4780621572212066,-0.17196069469835465,-0.25,4,2022-02-06 09:30:00-05:00,2022-05-06 09:30:00-04:00
zscore_60,1.5:2.0,3,2188,-6.248569296404481e-05,-3.4645259856191934e-05,0.0012786217172200854,0.4789762340036563,-0.8762568555758684,-0.5,4,2022-02-06 09:30:00-05:00,2022-05-06 09:30:00-04:00
zscore_60,1.5:2.0,5,2188,-9.28077969841188e-05,-7.433452695432274e-05,0.0016560173226437707,0.4693784277879342,-1.3214122486288848,-1.0,4,2022-02-06 09:30:00-05:00,2022-05-06 09:30:00-04:00
zscore_60,1.5:2.0,10,2188,-0.00017037743557331557,-0.0001451339318835898,0.0023034962331724934,0.4638939670932358,-2.4381855575868374,-2.0,4,2022-02-06 09:30:00-05:00,2022-05-06 09:30:00-04:00
zscore_60,1.5:2.0,20,2188,-0.00022076998834107307,-6.863753011876472e-05,0.003367279543965229,0.4840036563071298,-3.1825868372943327,-1.0,4,2022-02-06 09:30:00-05:00,2022-05-06 09:30:00-04:00
zscore_60,1.5:2.0,30,2188,-0.00019122306663033167,0.0,0.00432921491563244,0.496800731261426,-2.9007084095063984,0.0,4,2022-02-06 09:30:00-05:00,2022-05-06 09:30:00-04:00
zscore_60,1.5:2.0,60,2183,-0.0003494180160876577,-8.243615319936115e-05,0.006022862274064921,0.4933577645442052,-5.260650480989464,-1.25,4,2022-02-06 09:30:00-05:00,2022-05-06 09:30:00-04:00
zscore_60,2.0:2.5,1,1076,4.405929277753017e-05,0.0,0.0007552105572620585,0.4962825278810409,0.6129182156133829,0.0,4,2022-02-06 09:30:00-05:00,2022-05-06 09:30:00-04:00
zscore_60,2.0:2.5,3,1076,9.828916828653337e-05,3.434047935291229e-05,0.0013759573672419056,0.5130111524163569,1.3217936802973977,0.5,4,2022-02-06 09:30:00-05:00,2022-05-06 09:30:00-04:00
zscore_60,2.0:2.5,5,1076,0.00012451921861787352,6.996077911114451e-05,0.001828756080578485,0.5232342007434945,1.661710037174721,1.0,4,2022-02-06 09:30:00-05:00,2022-05-06 09:30:00-04:00
zscore_60,2.0:2.5,10,1076,0.00019849077710212837,9.78532218867123e-05,0.002585944264471748,0.5232342007434945,2.6396375464684017,1.375,4,2022-02-06 09:30:00-05:00,2022-05-06 09:30:00-04:00
zscore_60,2.0:2.5,20,1076,4.75574954518941e-05,5.3222594405211154e-05,0.003571573681401465,0.5139405204460966,0.5213754646840149,0.75,4,2022-02-06 09:30:00-05:00,2022-05-06 09:30:00-04:00
zscore_60,2.0:2.5,30,1076,0.0001054468088193096,0.0002742512989125645,0.00444631340542074,0.5306691449814126,1.2939126394052045,4.0,4,2022-02-06 09:30:00-05:00,2022-05-06 09:30:00-04:00
zscore_60,2.0:2.5,60,1066,-6.537479302167121e-05,-0.0002849531362452695,0.005972373664130032,0.46810506566604126,-1.1665103189493433,-4.25,4,2022-02-06 09:30:00-05:00,2022-05-06 09:30:00-04:00
zscore_60,<=-2.5,1,791,-5.525445071142297e-06,-3.3277870216341654e-05,0.001012813724599577,0.48672566371681414,-0.11946902654867257,-0.5,4,2022-02-06 09:30:00-05:00,2022-05-06 09:30:00-04:00
zscore_60,<=-2.5,3,791,2.807317572835082e-05,-8.344598541365489e-05,0.0018804934323938286,0.47281921618204803,0.2579013906447535,-1.25,4,2022-02-06 09:30:00-05:00,2022-05-06 09:30:00-04:00
zscore_60,<=-2.5,5,791,4.671875806221971e-05,-9.524535202687368e-05,0.00231572410614727,0.4740834386852086,0.48830594184576487,-1.25,4,2022-02-06 09:30:00-05:00,2022-05-06 09:30:00-04:00
zscore_60,<=-2.5,10,791,3.6254165734288844e-05,-0.0004189578423671181,0.00295490788159836,0.43994943109987356,0.2604298356510746,-5.75,4,2022-02-06 09:30:00-05:00,2022-05-06 09:30:00-04:00
zscore_60,<=-2.5,20,791,-0.00036272106017944345,-0.0007239595288965894,0.004446723122080459,0.42098609355246525,-5.426991150442478,-10.25,4,2022-02-06 09:30:00-05:00,2022-05-06 09:30:00-04:00
zscore_60,<=-2.5,30,791,-0.0008536424655869565,-0.0008477769404672264,0.005293149052005487,0.40707964601769914,-12.178887484197219,-11.5,4,2022-02-06 09:30:00-05:00,2022-05-06 09:30:00-04:00
zscore_60,<=-2.5,60,791,-0.00021578280923500773,-0.00033256965486661016,0.007588582456647736,0.4715549936788875,-3.423198482932996,-4.75,4,2022-02-06 09:30:00-05:00,2022-05-06 09:30:00-04:00
zscore_60,>=2.5,1,725,-1.843473638422728e-05,-1.7061934823425773e-05,0.0010591615538803134,0.4868965517241379,-0.2637931034482759,-0.25,4,2022-02-06 09:30:00-05:00,2022-05-06 09:30:00-04:00
zscore_60,>=2.5,3,725,-8.445678872917871e-05,1.7943978897871915e-05,0.0017755725367095139,0.5062068965517241,-1.1637931034482758,0.25,4,2022-02-06 09:30:00-05:00,2022-05-06 09:30:00-04:00
zscore_60,>=2.5,5,725,-0.00011044228628283087,6.807815372056325e-05,0.002216184659237568,0.5131034482758621,-1.543793103448276,1.0,4,2022-02-06 09:30:00-05:00,2022-05-06 09:30:00-04:00
zscore_60,>=2.5,10,725,-0.00021349827993330322,-0.000106875667972961,0.0031829789847734294,0.4689655172413793,-2.963793103448276,-1.5,4,2022-02-06 09:30:00-05:00,2022-05-06 09:30:00-04:00
zscore_60,>=2.5,20,725,-2.4030979562774975e-05,0.00018233353776797578,0.00455667510226592,0.526896551724138,-0.17655172413793102,2.5,4,2022-02-06 09:30:00-05:00,2022-05-06 09:30:00-04:00
zscore_60,>=2.5,30,725,-0.00014540039428320858,0.00024833262381163124,0.005206465773074499,0.5296551724137931,-1.960344827586207,3.5,4,2022-02-06 09:30:00-05:00,2022-05-06 09:30:00-04:00
zscore_60,>=2.5,60,724,2.8214565720001085e-05,-0.00031744148648577,0.007143779435823124,0.48066298342541436,0.08908839779005524,-4.5,4,2022-02-06 09:30:00-05:00,2022-05-06 09:30:00-04:00
zscore_30,-1.0:0,1,6378,1.4907860858051788e-05,0.0,0.0009809122600495212,0.49874568830354343,0.17176230793352149,0.0,5,2022-05-06 09:30:00-04:00,2022-08-06 09:30:00-04:00
zscore_30,-1.0:0,3,6378,2.4958879401679725e-05,4.161986166240084e-05,0.0017823840350097762,0.5175603637503919,0.28308247099404205,0.5,5,2022-05-06 09:30:00-04:00,2022-08-06 09:30:00-04:00
zscore_30,-1.0:0,5,6378,5.087040693322663e-06,4.232993733221946e-05,0.0023501057946840364,0.5166196299780496,0.038491690185010974,0.5,5,2022-05-06 09:30:00-04:00,2022-08-06 09:30:00-04:00
zscore_30,-1.0:0,10,6378,-4.285664462066956e-05,6.512491081034355e-05,0.003107780441535544,0.5147381624333647,-0.5517795547193478,0.75,5,2022-05-06 09:30:00-04:00,2022-08-06 09:30:00-04:00
zscore_30,-1.0:0,20,6374,6.582746164408891e-05,0.0002531318998502119,0.004347891264753966,0.5415751490429871,0.7114057106997176,3.0,5,2022-05-06 09:30:00-04:00,2022-08-06 09:30:00-04:00
zscore_30,-1.0:0,30,6374,5.99162940529032e-05,0.00037858667213430675,0.0053757377240831366,0.547066206463759,0.6071932852212112,4.75,5,2022-05-06 09:30:00-04:00,2022-08-06 09:30:00-04:00
zscore_30,-1.0:0,60,6358,0.0001496359340529428,0.0005572700520666274,0.007840885021172424,0.53963510537905,1.6126926706511482,6.75,5,2022-05-06 09:30:00-04:00,2022-08-06 09:30:00-04:00
zscore_30,-1.5:-1.0,1,3167,7.737557141736504e-06,0.0,0.0009636479620629383,0.49826334070097883,0.0903852226081465,0.0,5,2022-05-06 09:30:00-04:00,2022-08-06 09:30:00-04:00
zscore_30,-1.5:-1.0,3,3167,2.7900888067739976e-05,4.110152075620377e-05,0.0016526446630256836,0.5143669087464477,0.31180928323334384,0.5,5,2022-05-06 09:30:00-04:00,2022-08-06 09:30:00-04:00
zscore_30,-1.5:-1.0,5,3167,3.108895374855753e-05,4.1252423579996034e-05,0.002045903763899028,0.5108935901484054,0.33564887906536156,0.5,5,2022-05-06 09:30:00-04:00,2022-08-06 09:30:00-04:00
zscore_30,-1.5:-1.0,10,3167,6.265536740317887e-05,2.1088148460579603e-05,0.0029552060313617397,0.5033154404799495,0.7163719608462267,0.25,5,2022-05-06 09:30:00-04:00,2022-08-06 09:30:00-04:00
zscore_30,-1.5:-1.0,20,3167,0.0001293444900988126,2.0370332647567935e-05,0.004323044557377842,0.5004736343542785,1.5595200505209978,0.25,5,2022-05-06 09:30:00-04:00,2022-08-06 09:30:00-04:00
zscore_30,-1.5:-1.0,30,3167,0.00035789601567381,0.00021223639275302908,0.005290060064391572,0.5216293021787181,4.307546574044838,2.5,5,2022-05-06 09:30:00-04:00,2022-08-06 09:30:00-04:00
zscore_30,-1.5:-1.0,60,3164,0.00040354276097129206,0.00045264128752731114,0.007320538803827615,0.5366624525916561,4.780183312262959,5.5,5,2022-05-06 09:30:00-04:00,2022-08-06 09:30:00-04:00
zscore_30,-2.0:-1.5,1,2336,-1.1095230913396392e-05,0.0,0.0008268735433240959,0.4978595890410959,-0.1403039383561644,0.0,5,2022-05-06 09:30:00-04:00,2022-08-06 09:30:00-04:00
zscore_30,-2.0:-1.5,3,2336,-3.0681529543512886e-06,2.004680702505368e-05,0.0014754332711136027,0.502568493150685,-0.05639982876712329,0.25,5,2022-05-06 09:30:00-04:00,2022-08-06 09:30:00-04:00
zscore_30,-2.0:-1.5,5,2336,3.479321751554035e-05,2.094228185545166e-05,0.002006693502138385,0.5042808219178082,0.3733946917808219,0.25,5,2022-05-06 09:30:00-04:00,2022-08-06 09:30:00-04:00
zscore_30,-2.0:-1.5,10,2336,1.9092976411851626e-05,-2.1926665283278357e-05,0.003036729494374491,0.4918664383561644,0.11461900684931507,-0.25,5,2022-05-06 09:30:00-04:00,2022-08-06 09:30:00-04:00
zscore_30,-2.0:-1.5,20,2336,-0.0001056987713792686,-8.007267136217466e-05,0.004139308386687989,0.4854452054794521,-1.445847602739726,-1.0,5,2022-05-06 09:30:00-04:00,2022-08-06 09:30:00-04:00
zscore_30,-2.0:-1.5,30,2336,6.645017177385452e-05,5.143961694586974e-05,0.005050335204314748,0.5059931506849316,0.6018835616438356,0.625,5,2022-05-06 09:30:00-04:00,2022-08-06 09:30:00-04:00
zscore_30,-2.0:-1.5,60,2336,0.00020961348636518276,0.0003568282355437269,0.007074157736174772,0.5235445205479452,2.2675513698630136,4.25,5,2022-05-06 09:30:00-04:00,2022-08-06 09:30:00-04:00
zscore_30,-2.5:-2.0,1,1088,8.535496867798108e-06,4.161295247850916e-05,0.0008547508721776154,0.5220588235294118,0.11259191176470588,0.5,5,2022-05-06 09:30:00-04:00,2022-08-06 09:30:00-04:00
zscore_30,-2.5:-2.0,3,1088,4.336374531359913e-05,5.671911575844124e-05,0.0013319002840935482,0.5174632352941176,0.5537683823529411,0.75,5,2022-05-06 09:30:00-04:00,2022-08-06 09:30:00-04:00
zscore_30,-2.5:-2.0,5,1088,9.781009525112026e-05,2.1280094191222787e-05,0.001882468078852383,0.5036764705882353,1.2143841911764706,0.25,5,2022-05-06 09:30:00-04:00,2022-08-06 09:30:00-04:00
zscore_30,-2.5:-2.0,10,1088,0.0001700344666740919,2.0807107980469475e-05,0.003016832402073751,0.5027573529411765,1.9765625,0.25,5,2022-05-06 09:30:00-04:00,2022-08-06 09:30:00-04:00
zscore_30,-2.5:-2.0,20,1088,0.00013910460157019142,-9.866629988358744e-05,0.004181033834730293,0.4806985294117647,1.502297794117647,-1.25,5,2022-05-06 09:30:00-04:00,2022-08-06 09:30:00-04:00
zscore_30,-2.5:-2.0,30,1088,0.0002475270415558114,4.184459831146903e-05,0.005299158028520927,0.5045955882352942,2.782858455882353,0.5,5,2022-05-06 09:30:00-04:00,2022-08-06 09:30:00-04:00
zscore_30,-2.5:-2.0,60,1088,0.0005720398239940036,0.00047184400777022795,0.006690956156664113,0.5367647058823529,6.625689338235294,5.625,5,2022-05-06 09:30:00-04:00,2022-08-06 09:30:00-04:00
zscore_30,0:1.0,1,7232,-6.2604017050559465e-06,1.9485851311618063e-05,0.0010267401693038157,0.5035951327433629,-0.07573976769911504,0.25,5,2022-05-06 09:30:00-04:00,2022-08-06 09:30:00-04:00
zscore_30,0:1.0,3,7230,-2.1976401649023712e-06,2.1057080340169954e-05,0.0017191233361134781,0.5081604426002766,-0.025760719225449515,0.25,5,2022-05-06 09:30:00-04:00,2022-08-06 09:30:00-04:00
zscore_30,0:1.0,5,7228,2.5939512764941222e-05,4.201945502624316e-05,0.002128723424450882,0.5167404537908135,0.30689679026009964,0.5,5,2022-05-06 09:30:00-04:00,2022-08-06 09:30:00-04:00
zscore_30,0:1.0,10,7223,8.559940798488782e-05,8.404067568701379e-05,0.002861758162488882,0.5218053440398727,1.0132216530527483,1.0,5,2022-05-06 09:30:00-04:00,2022-08-06 09:30:00-04:00
zscore_30,0:1.0,20,7217,0.00013984523299954282,0.00019887437105969852,0.003945824024664623,0.541083552722738,1.6399127061105723,2.5,5,2022-05-06 09:30:00-04:00,2022-08-06 09:30:00-04:00
zscore_30,0:1.0,30,7211,0.00011572076161340835,0.00028881462227170474,0.0051515551386863605,0.5395922895576203,1.2499306614893912,3.5,5,2022-05-06 09:30:00-04:00,2022-08-06 09:30:00-04:00
zscore_30,0:1.0,60,7202,0.0001659323418405212,0.000742567626665469,0.007719783648505672,0.5552624271035823,1.61816162177173,9.0,5,2022-05-06 09:30:00-04:00,2022-08-06 09:30:00-04:00
zscore_30,1.0:1.5,1,3806,-1.5943468563554354e-05,0.0,0.0009507540814198196,0.48975302154492906,-0.20224645296899632,0.0,5,2022-05-06 09:30:00-04:00,2022-08-06 09:30:00-04:00
zscore_30,1.0:1.5,3,3806,-2.794476855890559e-05,0.0,0.001562562190906529,0.49238045191802415,-0.3705333683657383,0.0,5,2022-05-06 09:30:00-04:00,2022-08-06 09:30:00-04:00
zscore_30,1.0:1.5,5,3806,-2.8885247212996448e-05,0.0,0.001986286909794878,0.4926431949553337,-0.3684971098265896,0.0,5,2022-05-06 09:30:00-04:00,2022-08-06 09:30:00-04:00
zscore_30,1.0:1.5,10,3806,-6.875646137478975e-05,3.7639819518875406e-05,0.003038751925497138,0.5049921177088808,-0.8575932737782449,0.5,5,2022-05-06 09:30:00-04:00,2022-08-06 09:30:00-04:00
zscore_30,1.0:1.5,20,3806,-0.00011678962852838785,7.916411567665538e-05,0.004370569795673108,0.512348922753547,-1.493562795585917,1.0,5,2022-05-06 09:30:00-04:00,2022-08-06 09:30:00-04:00
zscore_30,1.0:1.5,30,3802,-0.00016955669341418386,5.963740479220103e-05,0.005028963705614473,0.5081536033666492,-2.0968569174118885,0.75,5,2022-05-06 09:30:00-04:00,2022-08-06 09:30:00-04:00
zscore_30,1.0:1.5,60,3800,-0.00021283440974915823,0.0004609358478765424,0.007105226967626569,0.5384210526315789,-2.8329605263157895,5.5,5,2022-05-06 09:30:00-04:00,2022-08-06 09:30:00-04:00
zscore_30,1.5:2.0,1,2596,1.018029300127123e-05,0.0,0.0008160786074296213,0.48805855161787365,0.125,0.0,5,2022-05-06 09:30:00-04:00,2022-08-06 09:30:00-04:00
zscore_30,1.5:2.0,3,2596,2.0973573246933162e-05,3.8286302870282896e-05,0.0015391656379289034,0.5107858243451464,0.2552966101694915,0.5,5,2022-05-06 09:30:00-04:00,2022-08-06 09:30:00-04:00
zscore_30,1.5:2.0,5,2596,8.767222971559686e-06,9.560777864847658e-06,0.002080825234701745,0.5,0.0823382126348228,0.125,5,2022-05-06 09:30:00-04:00,2022-08-06 09:30:00-04:00
zscore_30,1.5:2.0,10,2596,1.031815148867621e-05,6.48489776419181e-05,0.0029038013617165275,0.5184899845916795,0.08464946070878274,0.75,5,2022-05-06 09:30:00-04:00,2022-08-06 09:30:00-04:00
zscore_30,1.5:2.0,20,2596,-8.139808334962624e-05,9.760264147717912e-05,0.004266875173800589,0.5165639445300462,-1.0682781201848999,1.25,5,2022-05-06 09:30:00-04:00,2022-08-06 09:30:00-04:00
zscore_30,1.5:2.0,30,2596,-5.7724468872846654e-05,0.000161629260565066,0.004896269627623127,0.5192604006163328,-0.7895801232665639,2.0,5,2022-05-06 09:30:00-04:00,2022-08-06 09:30:00-04:00
zscore_30,1.5:2.0,60,2596,-0.0001094356772960956,0.0004912302947838176,0.006584165071727963,0.5389060092449923,-1.493932973805855,6.0,5,2022-05-06 09:30:00-04:00,2022-08-06 09:30:00-04:00
zscore_30,2.0:2.5,1,1239,3.69988451177161e-05,0.0,0.0007827117721523749,0.4979822437449556,0.4449152542372881,0.0,5,2022-05-06 09:30:00-04:00,2022-08-06 09:30:00-04:00
zscore_30,2.0:2.5,3,1239,5.2128106608563557e-05,6.066856761521855e-05,0.001632323931634747,0.5278450363196125,0.6388216303470541,0.75,5,2022-05-06 09:30:00-04:00,2022-08-06 09:30:00-04:00
zscore_30,2.0:2.5,5,1239,2.9930267201935138e-05,5.702663143680731e-05,0.002137103982068167,0.5108958837772397,0.36844229217110575,0.75,5,2022-05-06 09:30:00-04:00,2022-08-06 09:30:00-04:00
zscore_30,2.0:2.5,10,1239,7.510411394558523e-05,0.0001082743238267625,0.003191211752373602,0.5294592413236481,0.9063761097659403,1.25,5,2022-05-06 09:30:00-04:00,2022-08-06 09:30:00-04:00
zscore_30,2.0:2.5,20,1239,5.116424039097716e-05,0.0001569181279668097,0.0042948755773290995,0.5205811138014528,0.5486279257465698,2.0,5,2022-05-06 09:30:00-04:00,2022-08-06 09:30:00-04:00
zscore_30,2.0:2.5,30,1239,-6.076728560138148e-05,0.00015073212747629405,0.004870568803130866,0.5149313962873285,-0.9376513317191283,1.75,5,2022-05-06 09:30:00-04:00,2022-08-06 09:30:00-04:00
zscore_30,2.0:2.5,60,1239,-0.00023173069070755965,0.00012074621158753018,0.006429149078755249,0.5157384987893463,-3.0760694108151734,1.5,5,2022-05-06 09:30:00-04:00,2022-08-06 09:30:00-04:00
zscore_30,<=-2.5,1,591,-5.590606203296741e-05,5.9796691249669465e-05,0.0012165297535788214,0.5126903553299492,-0.6869712351945855,0.75,5,2022-05-06 09:30:00-04:00,2022-08-06 09:30:00-04:00
zscore_30,<=-2.5,3,591,-0.00014398908730153595,2.0884238665086485e-05,0.0020119725104674295,0.5025380710659898,-1.763113367174281,0.25,5,2022-05-06 09:30:00-04:00,2022-08-06 09:30:00-04:00
zscore_30,<=-2.5,5,591,-0.0001552776799119411,2.0561324149293014e-05,0.0025613308136249995,0.5025380710659898,-1.944585448392555,0.25,5,2022-05-06 09:30:00-04:00,2022-08-06 09:30:00-04:00
zscore_30,<=-2.5,10,591,7.111145334179369e-05,0.0002750220999900854,0.0037515374247041504,0.5397631133671743,0.7254653130287648,3.5,5,2022-05-06 09:30:00-04:00,2022-08-06 09:30:00-04:00
zscore_30,<=-2.5,20,591,0.0002129476357738543,0.00010410377063863052,0.005068937495791714,0.5143824027072758,2.271573604060914,1.25,5,2022-05-06 09:30:00-04:00,2022-08-06 09:30:00-04:00
zscore_30,<=-2.5,30,591,-7.966951408027948e-05,-0.00010379042637109759,0.006167199788611147,0.49238578680203043,-1.2373096446700507,-1.25,5,2022-05-06 09:30:00-04:00,2022-08-06 09:30:00-04:00
zscore_30,<=-2.5,60,591,0.000636160382710351,0.00047453990261625556,0.008284451261927811,0.5211505922165821,7.521996615905246,5.75,5,2022-05-06 09:30:00-04:00,2022-08-06 09:30:00-04:00
zscore_30,>=2.5,1,546,2.4774400644008096e-05,-6.0533333396728395e-05,0.0011890212547490465,0.45787545787545786,0.2632783882783883,-0.75,5,2022-05-06 09:30:00-04:00,2022-08-06 09:30:00-04:00
zscore_30,>=2.5,3,546,-9.567747782759775e-05,-5.938889811996084e-05,0.0019196590138613075,0.4652014652014652,-1.27014652014652,-0.75,5,2022-05-06 09:30:00-04:00,2022-08-06 09:30:00-04:00
zscore_30,>=2.5,5,546,-0.0001990784650961082,-6.0682884001184156e-05,0.002798351787859132,0.48717948717948717,-2.5608974358974357,-0.75,5,2022-05-06 09:30:00-04:00,2022-08-06 09:30:00-04:00
zscore_30,>=2.5,10,546,-0.00021856157648834963,0.0,0.003833007714673336,0.49633699633699635,-2.8392857142857144,0.0,5,2022-05-06 09:30:00-04:00,2022-08-06 09:30:00-04:00
zscore_30,>=2.5,20,546,-0.00021693794451788746,-3.0048910591440325e-05,0.005079010901913277,0.49633699633699635,-2.8484432234432235,-0.375,5,2022-05-06 09:30:00-04:00,2022-08-06 09:30:00-04:00
zscore_30,>=2.5,30,546,-9.091474028831736e-05,0.00011818944668695597,0.0057936820673064075,0.5201465201465202,-1.4212454212454213,1.375,5,2022-05-06 09:30:00-04:00,2022-08-06 09:30:00-04:00
zscore_30,>=2.5,60,546,-0.00019522396726622332,0.00021658935692525638,0.0077121540420254054,0.5183150183150184,-2.808150183150183,2.75,5,2022-05-06 09:30:00-04:00,2022-08-06 09:30:00-04:00
zscore_60,-1.0:0,1,6497,5.045275670724059e-06,1.9762064740413976e-05,0.0009558534414151984,0.5036170540249346,0.056141295982761276,0.25,5,2022-05-06 09:30:00-04:00,2022-08-06 09:30:00-04:00
zscore_60,-1.0:0,3,6497,2.6398396884872278e-05,2.1017234131948115e-05,0.0016388418608695738,0.5073110666461443,0.30791134369709094,0.25,5,2022-05-06 09:30:00-04:00,2022-08-06 09:30:00-04:00
zscore_60,-1.0:0,5,6497,4.578453862462982e-05,4.268032437049207e-05,0.0021609163868535723,0.516238263814068,0.532476527628136,0.5,5,2022-05-06 09:30:00-04:00,2022-08-06 09:30:00-04:00
zscore_60,-1.0:0,10,6497,8.652129932525465e-05,0.00012844940163980745,0.0030615929597080224,0.5353239956903186,1.0165460981991687,1.5,5,2022-05-06 09:30:00-04:00,2022-08-06 09:30:00-04:00
zscore_60,-1.0:0,20,6491,0.0001058214508266784,0.00021191828430966453,0.004464141255114063,0.5361269450007703,1.2240024649514714,2.5,5,2022-05-06 09:30:00-04:00,2022-08-06 09:30:00-04:00
zscore_60,-1.0:0,30,6491,0.00020599190536472548,0.00033420365535241636,0.005841822476467681,0.5412109074102603,2.432868587274688,4.0,5,2022-05-06 09:30:00-04:00,2022-08-06 09:30:00-04:00
zscore_60,-1.0:0,60,6491,0.000585025464422152,0.0009831874938550644,0.008613886933239744,0.5761824064088739,6.880141734709598,12.0,5,2022-05-06 09:30:00-04:00,2022-08-06 09:30:00-04:00
zscore_60,-1.5:-1.0,1,3055,2.4524214291662647e-06,1.9946941136606e-05,0.0008467232951118025,0.5027823240589198,0.023076923076923078,0.25,5,2022-05-06 09:30:00-04:00,2022-08-06 09:30:00-04:00
zscore_60,-1.5:-1.0,3,3055,1.043113623074467e-05,4.350001087494171e-05,0.0015350484263094437,0.5171849427168577,0.10400981996726677,0.5,5,2022-05-06 09:30:00-04:00,2022-08-06 09:30:00-04:00
zscore_60,-1.5:-1.0,5,3055,-3.209958321250242e-05,4.1252423579996034e-05,0.001947966286527705,0.5083469721767594,-0.4126022913256956,0.5,5,2022-05-06 09:30:00-04:00,2022-08-06 09:30:00-04:00
zscore_60,-1.5:-1.0,10,3055,-7.007637237860909e-05,-1.8983256767524104e-05,0.002694881313827294,0.49656301145662846,-0.8546644844517185,-0.25,5,2022-05-06 09:30:00-04:00,2022-08-06 09:30:00-04:00
zscore_60,-1.5:-1.0,20,3055,8.932105043994384e-05,0.0001527750496519431,0.0037920740047127878,0.5214402618657937,1.0087561374795417,1.75,5,2022-05-06 09:30:00-04:00,2022-08-06 09:30:00-04:00
zscore_60,-1.5:-1.0,30,3055,0.00019520781041846354,0.00030180706983062855,0.004576933138631968,0.534860883797054,2.220212765957447,3.75,5,2022-05-06 09:30:00-04:00,2022-08-06 09:30:00-04:00
zscore_60,-1.5:-1.0,60,3055,0.00017435447657655726,0.00047626263719613426,0.006852274385713417,0.5296235679214403,2.0504091653027823,5.5,5,2022-05-06 09:30:00-04:00,2022-08-06 09:30:00-04:00
zscore_60,-2.0:-1.5,1,2131,2.6134650029212807e-05,0.0,0.0010032863739839707,0.48803378695448146,0.31464101360863445,0.0,5,2022-05-06 09:30:00-04:00,2022-08-06 09:30:00-04:00
zscore_60,-2.0:-1.5,3,2131,6.560374427666028e-05,2.126302360205834e-05,0.0017182932191498587,0.5039887376818395,0.7836696386672923,0.25,5,2022-05-06 09:30:00-04:00,2022-08-06 09:30:00-04:00
zscore_60,-2.0:-1.5,5,2131,0.00010772574159166033,4.1886571165328235e-05,0.0021049932003689526,0.5086813702487095,1.2842562177381511,0.5,5,2022-05-06 09:30:00-04:00,2022-08-06 09:30:00-04:00
zscore_60,-2.0:-1.5,10,2131,9.336692341619349e-05,2.1088148460579603e-05,0.0029133220781308524,0.5021116846550915,1.0567808540591273,0.25,5,2022-05-06 09:30:00-04:00,2022-08-06 09:30:00-04:00
zscore_60,-2.0:-1.5,20,2131,4.7580691812667254e-05,-4.350001087505273e-05,0.00399503902804256,0.4899108399812295,0.5016424213984045,-0.5,5,2022-05-06 09:30:00-04:00,2022-08-06 09:30:00-04:00
zscore_60,-2.0:-1.5,30,2131,0.0003213360958831823,0.000194855806703087,0.004751441869271527,0.5175973721257625,3.8142890661661193,2.25,5,2022-05-06 09:30:00-04:00,2022-08-06 09:30:00-04:00
zscore_60,-2.0:-1.5,60,2131,0.00029485828567830935,0.0003373953082206338,0.006857892014299345,0.5236977944626936,3.4591740966682307,4.0,5,2022-05-06 09:30:00-04:00,2022-08-06 09:30:00-04:00
zscore_60,-2.5:-2.0,1,1101,-2.9690659762372063e-05,-3.771734620749978e-05,0.000870993414175431,0.47956403269754766,-0.38306085376930066,-0.5,5,2022-05-06 09:30:00-04:00,2022-08-06 09:30:00-04:00
zscore_60,-2.5:-2.0,3,1101,-8.052720558376304e-06,-2.092706916401177e-05,0.0016548818670219536,0.4877384196185286,-0.13851044504995458,-0.25,5,2022-05-06 09:30:00-04:00,2022-08-06 09:30:00-04:00
zscore_60,-2.5:-2.0,5,1101,5.0641536281179544e-05,-3.96888394983419e-05,0.0022429331704836505,0.4877384196185286,0.5272479564032697,-0.5,5,2022-05-06 09:30:00-04:00,2022-08-06 09:30:00-04:00
zscore_60,-2.5:-2.0,10,1101,0.00015502488684829616,-7.624275693807192e-05,0.003019857603497517,0.48501362397820164,1.7268392370572208,-1.0,5,2022-05-06 09:30:00-04:00,2022-08-06 09:30:00-04:00
zscore_60,-2.5:-2.0,20,1101,0.0002855575850823311,7.909984377785229e-05,0.0041581290163237306,0.5049954586739328,3.259763851044505,1.0,5,2022-05-06 09:30:00-04:00,2022-08-06 09:30:00-04:00
zscore_60,-2.5:-2.0,30,1101,0.00033121889455167203,-2.018570851836099e-05,0.004827058682043108,0.4950045413260672,3.7627157129881925,-0.25,5,2022-05-06 09:30:00-04:00,2022-08-06 09:30:00-04:00
zscore_60,-2.5:-2.0,60,1101,0.0005216674577599905,0.00021590344797806083,0.006683984628985481,0.5204359673024523,6.093551316984559,2.75,5,2022-05-06 09:30:00-04:00,2022-08-06 09:30:00-04:00
zscore_60,0:1.0,1,7046,1.8114596391465155e-06,1.9314234570577682e-05,0.001038978661995619,0.5032642634118649,0.016853533919954585,0.25,5,2022-05-06 09:30:00-04:00,2022-08-06 09:30:00-04:00
zscore_60,0:1.0,3,7044,-4.3342124306253444e-06,3.861600391097397e-05,0.0017788603990570619,0.5174616695059625,-0.054656445201590007,0.5,5,2022-05-06 09:30:00-04:00,2022-08-06 09:30:00-04:00
zscore_60,0:1.0,5,7042,1.5685751152079965e-05,4.2410207722110016e-05,0.0022374581305471507,0.5201647259301335,0.18574268673672253,0.5,5,2022-05-06 09:30:00-04:00,2022-08-06 09:30:00-04:00
zscore_60,0:1.0,10,7037,6.218768616033661e-06,8.117377275396187e-05,0.0031112610940444594,0.523802756856615,0.054000284212022166,1.0,5,2022-05-06 09:30:00-04:00,2022-08-06 09:30:00-04:00
zscore_60,0:1.0,20,7033,2.182865605284084e-05,0.0002112512411009959,0.004536233698278362,0.5411630882980236,0.23222664581259775,2.5,5,2022-05-06 09:30:00-04:00,2022-08-06 09:30:00-04:00
zscore_60,0:1.0,30,7023,-3.406207531761756e-05,0.0003096358682190825,0.005564864895396662,0.543642318097679,-0.5612273956998434,3.75,5,2022-05-06 09:30:00-04:00,2022-08-06 09:30:00-04:00
zscore_60,0:1.0,60,6998,-0.00022374105530402022,0.0003582555777353891,0.007733735932686332,0.5290082880823093,-3.089311231780509,4.5,5,2022-05-06 09:30:00-04:00,2022-08-06 09:30:00-04:00
zscore_60,1.0:1.5,1,3865,-2.3522411491355636e-06,0.0,0.00086652366848886,0.49159120310478654,-0.021345407503234153,0.0,5,2022-05-06 09:30:00-04:00,2022-08-06 09:30:00-04:00
zscore_60,1.0:1.5,3,3865,-7.526582266031182e-07,2.115059221652338e-05,0.0015720790772308783,0.509961190168176,-0.03357050452781371,0.25,5,2022-05-06 09:30:00-04:00,2022-08-06 09:30:00-04:00
zscore_60,1.0:1.5,5,3865,-1.436529904267366e-05,0.0,0.0021041018492799464,0.4996119016817594,-0.20122897800776196,0.0,5,2022-05-06 09:30:00-04:00,2022-08-06 09:30:00-04:00
zscore_60,1.0:1.5,10,3865,-6.9372341998834e-05,-1.9864129355173787e-05,0.003031328928390343,0.49366106080206984,-0.8897800776196636,-0.25,5,2022-05-06 09:30:00-04:00,2022-08-06 09:30:00-04:00
zscore_60,1.0:1.5,20,3865,-0.0001010455385069475,4.118700961708299e-05,0.004206831050001863,0.5047865459249676,-1.3910737386804657,0.5,5,2022-05-06 09:30:00-04:00,2022-08-06 09:30:00-04:00
zscore_60,1.0:1.5,30,3865,-0.00018863282156254463,8.31721872205371e-05,0.004861251275148097,0.5109961190168176,-2.485769728331177,1.0,5,2022-05-06 09:30:00-04:00,2022-08-06 09:30:00-04:00
zscore_60,1.0:1.5,60,3864,-0.00014470243475402436,0.0004890138653327325,0.0068301337706429596,0.5406314699792961,-2.1548266045548656,6.0,5,2022-05-06 09:30:00-04:00,2022-08-06 09:30:00-04:00
zscore_60,1.5:2.0,1,2544,-2.4548226047170524e-06,0.0,0.0009550876071291829,0.4921383647798742,-0.04549921383647799,0.0,5,2022-05-06 09:30:00-04:00,2022-08-06 09:30:00-04:00
zscore_60,1.5:2.0,3,2544,-6.139411650908897e-06,9.391787820778319e-06,0.0015384765631528624,0.5,-0.0965998427672956,0.125,5,2022-05-06 09:30:00-04:00,2022-08-06 09:30:00-04:00
zscore_60,1.5:2.0,5,2544,-4.460777886829613e-05,0.0,0.0019746987290063414,0.49764150943396224,-0.577437106918239,0.0,5,2022-05-06 09:30:00-04:00,2022-08-06 09:30:00-04:00
zscore_60,1.5:2.0,10,2544,-7.12294930028221e-05,0.0,0.002801466859291574,0.49488993710691825,-0.9389740566037735,0.0,5,2022-05-06 09:30:00-04:00,2022-08-06 09:30:00-04:00
zscore_60,1.5:2.0,20,2544,-4.66977056441477e-05,9.292145537675989e-05,0.003662339017807039,0.5169025157232704,-0.7285770440251572,1.125,5,2022-05-06 09:30:00-04:00,2022-08-06 09:30:00-04:00
zscore_60,1.5:2.0,30,2544,-9.086726948453516e-05,0.0,0.004187742224466577,0.4968553459119497,-1.266312893081761,0.0,5,2022-05-06 09:30:00-04:00,2022-08-06 09:30:00-04:00
zscore_60,1.5:2.0,60,2540,-0.00012061916961873185,0.0002497297410635202,0.005691605395974434,0.5216535433070866,-1.7541338582677166,3.0,5,2022-05-06 09:30:00-04:00,2022-08-06 09:30:00-04:00
zscore_60,2.0:2.5,1,1286,-8.22970969162558e-06,0.0,0.0007801170841096333,0.49144634525660963,-0.0890357698289269,0.0,5,2022-05-06 09:30:00-04:00,2022-08-06 09:30:00-04:00
zscore_60,2.0:2.5,3,1286,-3.804843821984313e-05,9.47597839473513e-06,0.001541246616337656,0.5,-0.44828926905132194,0.125,5,2022-05-06 09:30:00-04:00,2022-08-06 09:30:00-04:00
zscore_60,2.0:2.5,5,1286,-5.186637336779429e-05,2.975542489225269e-05,0.00206562031272404,0.5031104199066874,-0.6411353032659409,0.375,5,2022-05-06 09:30:00-04:00,2022-08-06 09:30:00-04:00
zscore_60,2.0:2.5,10,1286,3.478442618098802e-05,0.00012688488390200092,0.0027972695063666372,0.5241057542768274,0.40902021772939345,1.5,5,2022-05-06 09:30:00-04:00,2022-08-06 09:30:00-04:00
zscore_60,2.0:2.5,20,1286,7.605392878517144e-05,2.0936661248693866e-05,0.0035505764024330836,0.5031104199066874,0.8586702954898912,0.25,5,2022-05-06 09:30:00-04:00,2022-08-06 09:30:00-04:00
zscore_60,2.0:2.5,30,1286,0.00013398651775078512,0.00026722296890047126,0.004300052754549052,0.5334370139968896,1.5167185069984448,3.25,5,2022-05-06 09:30:00-04:00,2022-08-06 09:30:00-04:00
zscore_60,2.0:2.5,60,1286,-1.0462395925948418e-05,0.0005074885810095742,0.006114549415202464,0.552099533437014,-0.36450233281493,6.25,5,2022-05-06 09:30:00-04:00,2022-08-06 09:30:00-04:00
zscore_60,<=-2.5,1,681,-4.30453359278574e-05,3.9935304806171246e-05,0.0012654402453230022,0.5095447870778267,-0.5157856093979442,0.5,5,2022-05-06 09:30:00-04:00,2022-08-06 09:30:00-04:00
zscore_60,<=-2.5,3,681,-0.00010263679656827843,-4.247096048082266e-05,0.0020889811142643373,0.4889867841409692,-1.2562408223201176,-0.5,5,2022-05-06 09:30:00-04:00,2022-08-06 09:30:00-04:00
zscore_60,<=-2.5,5,681,-3.87966223179483e-05,-5.97038688107121e-05,0.002819838175125829,0.48164464023494863,-0.5304698972099853,-0.75,5,2022-05-06 09:30:00-04:00,2022-08-06 09:30:00-04:00
zscore_60,<=-2.5,10,681,0.0003103289286269466,-1.9931833130648613e-05,0.004351133345427339,0.4889867841409692,3.500367107195301,-0.25,5,2022-05-06 09:30:00-04:00,2022-08-06 09:30:00-04:00
zscore_60,<=-2.5,20,681,0.00029505358741844823,-0.00012462353307718388,0.0052712354849897905,0.48604992657856094,3.357929515418502,-1.5,5,2022-05-06 09:30:00-04:00,2022-08-06 09:30:00-04:00
zscore_60,<=-2.5,30,681,-0.00012275594495664052,-0.00027287420499144677,0.006266005531196526,0.4684287812041116,-1.448237885462555,-3.5,5,2022-05-06 09:30:00-04:00,2022-08-06 09:30:00-04:00
zscore_60,<=-2.5,60,681,0.0009925737474589563,0.00037779368488033427,0.008111585983621345,0.5198237885462555,11.924375917767989,4.5,5,2022-05-06 09:30:00-04:00,2022-08-06 09:30:00-04:00
zscore_60,>=2.5,1,773,3.74522830342211e-05,0.0,0.0010563438060378258,0.49159120310478654,0.4317593790426908,0.0,5,2022-05-06 09:30:00-04:00,2022-08-06 09:30:00-04:00
zscore_60,>=2.5,3,773,-2.511885594973604e-05,4.267850283801167e-05,0.0018369163998469013,0.5109961190168176,-0.33279430789133246,0.5,5,2022-05-06 09:30:00-04:00,2022-08-06 09:30:00-04:00
zscore_60,>=2.5,5,773,-0.00010028852602524447,-1.9488618646756883e-05,0.002403050857636109,0.49159120310478654,-1.230595084087969,-0.25,5,2022-05-06 09:30:00-04:00,2022-08-06 09:30:00-04:00
zscore_60,>=2.5,10,773,-1.859124606312319e-05,4.330222789961091e-05,0.003223826031848679,0.5135834411384217,-0.21377749029754203,0.5,5,2022-05-06 09:30:00-04:00,2022-08-06 09:30:00-04:00
zscore_60,>=2.5,20,773,-0.00020772777969975411,2.2150356620675993e-05,0.004331975929886431,0.500646830530401,-2.463130659767141,0.25,5,2022-05-06 09:30:00-04:00,2022-08-06 09:30:00-04:00
zscore_60,>=2.5,30,773,-8.319761223612876e-05,8.496718142625426e-05,0.0050166605685983525,0.5135834411384217,-0.9974126778783958,1.0,5,2022-05-06 09:30:00-04:00,2022-08-06 09:30:00-04:00
zscore_60,>=2.5,60,773,-0.0004389692735159536,-4.179728317654785e-05,0.006548390592213461,0.49547218628719275,-5.510025873221216,-0.5,5,2022-05-06 09:30:00-04:00,2022-08-06 09:30:00-04:00
zscore_30,-1.0:0,1,6591,-4.24945690343427e-07,0.0,0.0008831078340978139,0.4891518737672584,-0.02370656956455773,0.0,6,2022-08-06 09:30:00-04:00,2022-11-06 09:30:00-05:00
zscore_30,-1.0:0,3,6591,-2.9612909324844586e-05,0.0,0.0014934663353188666,0.4921863146715218,-0.3883325747231073,0.0,6,2022-08-06 09:30:00-04:00,2022-11-06 09:30:00-05:00
zscore_30,-1.0:0,5,6591,-5.779542058234143e-05,-2.031900843235679e-05,0.001955454383243935,0.48778637536033986,-0.754020634198149,-0.25,6,2022-08-06 09:30:00-04:00,2022-11-06 09:30:00-05:00
zscore_30,-1.0:0,10,6589,-0.00011954519121640245,-2.181405697831984e-05,0.002671189400158269,0.49233571103354073,-1.546554864167552,-0.25,6,2022-08-06 09:30:00-04:00,2022-11-06 09:30:00-05:00
zscore_30,-1.0:0,20,6586,-0.00011545833104933239,5.6301163059324644e-05,0.003980141784887729,0.5063771636805344,-1.5893941694503493,0.75,6,2022-08-06 09:30:00-04:00,2022-11-06 09:30:00-05:00
zscore_30,-1.0:0,30,6577,-7.935773011490414e-05,5.8950677932712026e-05,0.005095557155596304,0.5064619127261669,-1.2361258932644064,0.75,6,2022-08-06 09:30:00-04:00,2022-11-06 09:30:00-05:00
zscore_30,-1.0:0,60,6564,-0.00024825974003617543,-4.347460512793555e-05,0.0074939267612226055,0.4960390006093845,-3.4923065204143815,-0.5,6,2022-08-06 09:30:00-04:00,2022-11-06 09:30:00-05:00
zscore_30,-1.5:-1.0,1,3317,-1.5734033899899993e-05,1.8448822965089207e-05,0.0009946824386371873,0.5016581248115767,-0.19837202291227013,0.25,6,2022-08-06 09:30:00-04:00,2022-11-06 09:30:00-05:00
zscore_30,-1.5:-1.0,3,3317,-5.1021898557780054e-05,1.871327519742394e-05,0.0016331364508572826,0.5004522158577027,-0.6373982514320169,0.25,6,2022-08-06 09:30:00-04:00,2022-11-06 09:30:00-05:00
zscore_30,-1.5:-1.0,5,3317,-7.484587926526282e-05,3.868247490479426e-05,0.001971482079351347,0.5088935785348206,-0.9277962013867953,0.5,6,2022-08-06 09:30:00-04:00,2022-11-06 09:30:00-05:00
zscore_30,-1.5:-1.0,10,3316,-0.0001346251244939373,2.1302885580221087e-05,0.0026914733230499473,0.5024125452352232,-1.6613389626055488,0.25,6,2022-08-06 09:30:00-04:00,2022-11-06 09:30:00-05:00
zscore_30,-1.5:-1.0,20,3315,-0.0001672211713667161,6.515506906445978e-05,0.0038081272204980887,0.5082956259426847,-2.2407993966817497,0.75,6,2022-08-06 09:30:00-04:00,2022-11-06 09:30:00-05:00
zscore_30,-1.5:-1.0,30,3315,-0.00022076897397118805,2.194618794715275e-05,0.004806900078225802,0.5013574660633484,-2.9246606334841627,0.25,6,2022-08-06 09:30:00-04:00,2022-11-06 09:30:00-05:00
zscore_30,-1.5:-1.0,60,3314,-0.0004547828209472329,-0.0003108193068651621,0.007215291936649613,0.47404948702474353,-6.049562462281231,-3.5,6,2022-08-06 09:30:00-04:00,2022-11-06 09:30:00-05:00
zscore_30,-2.0:-1.5,1,2507,-2.7986473901054205e-05,-2.326392927765042e-05,0.0008217391314700657,0.47227762265656165,-0.34184284004786597,-0.25,6,2022-08-06 09:30:00-04:00,2022-11-06 09:30:00-05:00
zscore_30,-2.0:-1.5,3,2506,-1.3062275250284538e-05,2.2138733563381585e-05,0.0013621086342235588,0.5067837190742218,-0.18046687948922585,0.25,6,2022-08-06 09:30:00-04:00,2022-11-06 09:30:00-05:00
zscore_30,-2.0:-1.5,5,2506,6.478445700999179e-06,6.26964829593124e-05,0.0018175293362371972,0.5167597765363129,0.019952114924181964,0.75,6,2022-08-06 09:30:00-04:00,2022-11-06 09:30:00-05:00
zscore_30,-2.0:-1.5,10,2506,-4.244075510678213e-05,2.2402961173506597e-05,0.002594334026436351,0.5047885075818037,-0.6009577015163607,0.25,6,2022-08-06 09:30:00-04:00,2022-11-06 09:30:00-05:00
zscore_30,-2.0:-1.5,20,2505,-0.00020355182783272303,0.0,0.003647830997039509,0.4998003992015968,-2.531437125748503,0.0,6,2022-08-06 09:30:00-04:00,2022-11-06 09:30:00-05:00
zscore_30,-2.0:-1.5,30,2505,-0.00022954409529255527,3.8500038500144385e-05,0.0043543073546822774,0.5049900199600799,-2.9147704590818364,0.5,6,2022-08-06 09:30:00-04:00,2022-11-06 09:30:00-05:00
zscore_30,-2.0:-1.5,60,2505,-0.0005856513691640064,-0.00027397837678344583,0.006183169621035269,0.4750499001996008,-7.24940119760479,-3.0,6,2022-08-06 09:30:00-04:00,2022-11-06 09:30:00-05:00
zscore_30,-2.5:-2.0,1,1191,-6.203464907392775e-07,0.0,0.00078992565860459,0.49286314021830396,0.023509655751469353,0.0,6,2022-08-06 09:30:00-04:00,2022-11-06 09:30:00-05:00
zscore_30,-2.5:-2.0,3,1190,1.870140469993356e-05,0.0,0.001357521508807468,0.4907563025210084,0.2884453781512605,0.0,6,2022-08-06 09:30:00-04:00,2022-11-06 09:30:00-05:00
zscore_30,-2.5:-2.0,5,1190,-7.103910167259929e-05,-6.306622000040729e-05,0.001685784100067174,0.4756302521008403,-0.7178571428571429,-0.75,6,2022-08-06 09:30:00-04:00,2022-11-06 09:30:00-05:00
zscore_30,-2.5:-2.0,10,1188,-0.0001337371158853383,-3.872782209468628e-05,0.002474421359055993,0.4882154882154882,-1.5286195286195285,-0.5,6,2022-08-06 09:30:00-04:00,2022-11-06 09:30:00-05:00
zscore_30,-2.5:-2.0,20,1187,-0.00022767719712478684,-2.0765413127898924e-05,0.0034803298706793467,0.4911541701769166,-2.614363942712721,-0.25,6,2022-08-06 09:30:00-04:00,2022-11-06 09:30:00-05:00
zscore_30,-2.5:-2.0,30,1187,-0.0004057947285761074,5.495008700440174e-05,0.004312974266475531,0.5054759898904801,-4.832139848357203,0.75,6,2022-08-06 09:30:00-04:00,2022-11-06 09:30:00-05:00
zscore_30,-2.5:-2.0,60,1187,-0.0007516854606942149,-0.00027051049194259935,0.0063550140489867235,0.4734625105307498,-9.05033698399326,-3.25,6,2022-08-06 09:30:00-04:00,2022-11-06 09:30:00-05:00
zscore_30,0:1.0,1,6921,4.150281628408308e-06,1.8510291722284578e-05,0.0007476648025318077,0.501806097384771,0.051762751047536484,0.25,6,2022-08-06 09:30:00-04:00,2022-11-06 09:30:00-05:00
zscore_30,0:1.0,3,6921,1.302906377705251e-05,1.9330395113259513e-05,0.00139140265642115,0.5033954630833695,0.13719115734720416,0.25,6,2022-08-06 09:30:00-04:00,2022-11-06 09:30:00-05:00
zscore_30,0:1.0,5,6921,1.9984373268557194e-05,2.1589878664851625e-05,0.001823697751754615,0.5074411212252564,0.203872272792949,0.25,6,2022-08-06 09:30:00-04:00,2022-11-06 09:30:00-05:00
zscore_30,0:1.0,10,6921,-4.199105856960452e-06,4.332286364139293e-05,0.0026660380361198488,0.5110533159947984,-0.1012136974425661,0.5,6,2022-08-06 09:30:00-04:00,2022-11-06 09:30:00-05:00
zscore_30,0:1.0,20,6918,-0.00018299994132159068,5.6001341651512604e-05,0.003983585709073895,0.5076611737496386,-2.265286209887251,0.75,6,2022-08-06 09:30:00-04:00,2022-11-06 09:30:00-05:00
zscore_30,0:1.0,30,6917,-0.00026597576887676494,9.825692220011284e-05,0.004999568403559215,0.5158305623825358,-3.266155847910944,1.25,6,2022-08-06 09:30:00-04:00,2022-11-06 09:30:00-05:00
zscore_30,0:1.0,60,6909,-0.0002277652796710947,6.646873753712867e-05,0.007238340753880837,0.5052829642495296,-2.9343609784339266,0.75,6,2022-08-06 09:30:00-04:00,2022-11-06 09:30:00-05:00
zscore_30,1.0:1.5,1,3684,3.968200253029524e-06,0.0,0.0008400778386117382,0.48507057546145493,0.031012486427795874,0.0,6,2022-08-06 09:30:00-04:00,2022-11-06 09:30:00-05:00
zscore_30,1.0:1.5,3,3684,2.3236192801666365e-05,0.0,0.0016755110999870965,0.49348534201954397,0.24735342019543974,0.0,6,2022-08-06 09:30:00-04:00,2022-11-06 09:30:00-05:00
zscore_30,1.0:1.5,5,3684,4.11705733843902e-05,2.0497855290679823e-05,0.0019615154205104785,0.503528773072747,0.4548045602605863,0.25,6,2022-08-06 09:30:00-04:00,2022-11-06 09:30:00-05:00
zscore_30,1.0:1.5,10,3684,9.387462362633435e-05,9.445800714280583e-05,0.0029069096220304376,0.5249728555917481,1.0145901194353963,1.25,6,2022-08-06 09:30:00-04:00,2022-11-06 09:30:00-05:00
zscore_30,1.0:1.5,20,3683,-8.507722535540567e-06,0.0001099722869837283,0.004114719662423279,0.5177844148791746,-0.2294325278305729,1.25,6,2022-08-06 09:30:00-04:00,2022-11-06 09:30:00-05:00
zscore_30,1.0:1.5,30,3683,-6.960615227719023e-05,0.00013163668275550933,0.004974810046450225,0.5218571816453977,-1.0662503393972305,1.75,6,2022-08-06 09:30:00-04:00,2022-11-06 09:30:00-05:00
zscore_30,1.0:1.5,60,3681,-0.0005477841657624972,9.149967975119466e-05,0.0068970649074422815,0.5080141265960337,-6.937313230100516,1.25,6,2022-08-06 09:30:00-04:00,2022-11-06 09:30:00-05:00
zscore_30,1.5:2.0,1,2617,-1.218578527843644e-05,0.0,0.0008948416058017683,0.49560565533053114,-0.130779518532671,0.0,6,2022-08-06 09:30:00-04:00,2022-11-06 09:30:00-05:00
zscore_30,1.5:2.0,3,2617,-8.110132575726103e-05,-3.822337741765658e-05,0.0014896067471645237,0.469239587313718,-0.919373328238441,-0.5,6,2022-08-06 09:30:00-04:00,2022-11-06 09:30:00-05:00
zscore_30,1.5:2.0,5,2617,-8.846131014757478e-05,-4.3071886979384466e-05,0.0020216533442525843,0.47802827665265574,-0.9921666029805121,-0.5,6,2022-08-06 09:30:00-04:00,2022-11-06 09:30:00-05:00
zscore_30,1.5:2.0,10,2617,-0.00015485085829776866,-3.6821562707123334e-05,0.0028374285610957405,0.4868169659915934,-1.7350019105846388,-0.5,6,2022-08-06 09:30:00-04:00,2022-11-06 09:30:00-05:00
zscore_30,1.5:2.0,20,2617,-0.00010424261362846569,4.4490912731065535e-05,0.003831340028235949,0.5070691631639281,-1.1687046236148262,0.5,6,2022-08-06 09:30:00-04:00,2022-11-06 09:30:00-05:00
zscore_30,1.5:2.0,30,2617,-0.00031145896845455795,-2.1384427859594268e-05,0.004477242608183014,0.49445930454719145,-3.6911539931218953,-0.25,6,2022-08-06 09:30:00-04:00,2022-11-06 09:30:00-05:00
zscore_30,1.5:2.0,60,2614,-0.0004896414307864608,0.0,0.005865268672125991,0.4984697781178271,-6.039020657995409,0.0,6,2022-08-06 09:30:00-04:00,2022-11-06 09:30:00-05:00
zscore_30,2.0:2.5,1,1110,-5.923434947391037e-05,-3.989609470184119e-05,0.0009336035226425836,0.46306306306306305,-0.697972972972973,-0.5,6,2022-08-06 09:30:00-04:00,2022-11-06 09:30:00-05:00
zscore_30,2.0:2.5,3,1110,-0.00012350281145282992,-5.706813277955858e-05,0.0013692070135419134,0.4594594594594595,-1.4515765765765767,-0.75,6,2022-08-06 09:30:00-04:00,2022-11-06 09:30:00-05:00
zscore_30,2.0:2.5,5,1110,-0.000212103742184199,-5.644242514779574e-05,0.0021590357150321976,0.46846846846846846,-2.5204954954954957,-0.75,6,2022-08-06 09:30:00-04:00,2022-11-06 09:30:00-05:00
zscore_30,2.0:2.5,10,1110,-0.0002040715516005983,-7.898597526245776e-05,0.0028936014048478466,0.4711711711711712,-2.415990990990991,-1.0,6,2022-08-06 09:30:00-04:00,2022-11-06 09:30:00-05:00
zscore_30,2.0:2.5,20,1110,-1.8126417678110908e-05,3.7225482757419215e-05,0.0038095258104502805,0.5072072072072072,-0.3225225225225225,0.5,6,2022-08-06 09:30:00-04:00,2022-11-06 09:30:00-05:00
zscore_30,2.0:2.5,30,1110,-0.00014911781908759085,3.283012382049311e-05,0.004809573947889086,0.5027027027027027,-1.9256756756756757,0.375,6,2022-08-06 09:30:00-04:00,2022-11-06 09:30:00-05:00
zscore_30,2.0:2.5,60,1108,-0.0005407870813899882,-6.749275354928086e-05,0.006085502170961776,0.4936823104693141,-6.611236462093863,-0.875,6,2022-08-06 09:30:00-04:00,2022-11-06 09:30:00-05:00
zscore_30,<=-2.5,1,588,4.455868120696452e-05,4.426081413722027e-05,0.0011771160420015873,0.5255102040816326,0.47831632653061223,0.5,6,2022-08-06 09:30:00-04:00,2022-11-06 09:30:00-05:00
zscore_30,<=-2.5,3,588,0.00011855890649962772,7.279183558805968e-05,0.0018990005325585648,0.5204081632653061,1.2925170068027212,0.875,6,2022-08-06 09:30:00-04:00,2022-11-06 09:30:00-05:00
zscore_30,<=-2.5,5,586,0.00015100424262275814,0.0,0.0023870969728418414,0.4948805460750853,1.7222696245733788,0.0,6,2022-08-06 09:30:00-04:00,2022-11-06 09:30:00-05:00
zscore_30,<=-2.5,10,586,-5.5325860676725646e-05,0.0,0.0031857357484128953,0.49829351535836175,-0.6459044368600683,0.0,6,2022-08-06 09:30:00-04:00,2022-11-06 09:30:00-05:00
zscore_30,<=-2.5,20,586,-0.0003687259947340412,-0.00011070370807908514,0.004307754176592293,0.4863481228668942,-4.361348122866894,-1.375,6,2022-08-06 09:30:00-04:00,2022-11-06 09:30:00-05:00
zscore_30,<=-2.5,30,586,-0.0007184462511898143,-0.0001463545328925786,0.005664406114509344,0.46928327645051193,-8.790955631399317,-1.75,6,2022-08-06 09:30:00-04:00,2022-11-06 09:30:00-05:00
zscore_30,<=-2.5,60,586,-0.0005265734463986469,-0.0002633452489664845,0.007432625024855733,0.4863481228668942,-6.8707337883959045,-3.375,6,2022-08-06 09:30:00-04:00,2022-11-06 09:30:00-05:00
zscore_30,>=2.5,1,483,-6.832092649260293e-05,-4.3110881186358974e-05,0.0016942138685134204,0.4616977225672878,-0.7836438923395446,-0.5,6,2022-08-06 09:30:00-04:00,2022-11-06 09:30:00-05:00
zscore_30,>=2.5,3,483,-0.0001814738322987669,-7.677248474147191e-05,0.0025337881326368003,0.4554865424430642,-2.158902691511387,-1.0,6,2022-08-06 09:30:00-04:00,2022-11-06 09:30:00-05:00
zscore_30,>=2.5,5,483,-0.0003392138678356919,-0.00014393518804101113,0.002897848714050627,0.4554865424430642,-4.0398550724637685,-1.75,6,2022-08-06 09:30:00-04:00,2022-11-06 09:30:00-05:00
zscore_30,>=2.5,10,483,-0.0001257474170641683,-4.1452495440186254e-05,0.0034284922425668937,0.4824016563146998,-1.4684265010351967,-0.5,6,2022-08-06 09:30:00-04:00,2022-11-06 09:30:00-05:00
zscore_30,>=2.5,20,483,0.00011109736878214108,0.000145990729588652,0.004635619775269361,0.525879917184265,1.4606625258799173,2.0,6,2022-08-06 09:30:00-04:00,2022-11-06 09:30:00-05:00
zscore_30,>=2.5,30,483,9.901319734769362e-06,0.00026751172936045897,0.005638061521743709,0.5279503105590062,0.12784679089026915,3.25,6,2022-08-06 09:30:00-04:00,2022-11-06 09:30:00-05:00
zscore_30,>=2.5,60,482,-0.000731697381817165,-0.00043065003175124517,0.0068183703119819045,0.46680497925311204,-8.740663900414937,-5.25,6,2022-08-06 09:30:00-04:00,2022-11-06 09:30:00-05:00
zscore_60,-1.0:0,1,6782,1.1480806944086485e-05,0.0,0.0008552968395509661,0.4949867295782955,0.12429961663226187,0.0,6,2022-08-06 09:30:00-04:00,2022-11-06 09:30:00-05:00
zscore_60,-1.0:0,3,6782,4.122664040098414e-05,2.2101156998299842e-05,0.00146341730762365,0.5101739899734592,0.4686670598643468,0.25,6,2022-08-06 09:30:00-04:00,2022-11-06 09:30:00-05:00
zscore_60,-1.0:0,5,6782,5.2655095275757515e-05,5.649523577722082e-05,0.0018922187168456906,0.5190209377764671,0.5909761132409319,0.75,6,2022-08-06 09:30:00-04:00,2022-11-06 09:30:00-05:00
zscore_60,-1.0:0,10,6778,7.996028580352078e-05,6.92696937354409e-05,0.002655350157510232,0.5182944821481263,0.8720123930362939,0.75,6,2022-08-06 09:30:00-04:00,2022-11-06 09:30:00-05:00
zscore_60,-1.0:0,20,6771,7.930648777532999e-05,9.570110630474638e-05,0.004140367153221391,0.5179441736818786,0.8099985231132772,1.25,6,2022-08-06 09:30:00-04:00,2022-11-06 09:30:00-05:00
zscore_60,-1.0:0,30,6771,9.671543132081629e-05,0.00013560110030597095,0.005295383037089493,0.5188303057155517,0.9808004726037512,1.75,6,2022-08-06 09:30:00-04:00,2022-11-06 09:30:00-05:00
zscore_60,-1.0:0,60,6771,0.00010887634797455267,0.0003279024490214777,0.007529606215425344,0.5273962487077242,0.9826835031753065,3.75,6,2022-08-06 09:30:00-04:00,2022-11-06 09:30:00-05:00
zscore_60,-1.5:-1.0,1,3366,-3.8651600174521555e-06,0.0,0.0008402630172423236,0.48841354723707664,-0.060234699940582295,0.0,6,2022-08-06 09:30:00-04:00,2022-11-06 09:30:00-05:00
zscore_60,-1.5:-1.0,3,3364,-6.0319081841928745e-05,-1.937461275552943e-05,0.0014305115950935024,0.4892984542211653,-0.7601070154577884,-0.25,6,2022-08-06 09:30:00-04:00,2022-11-06 09:30:00-05:00
zscore_60,-1.5:-1.0,5,3362,-9.827166015875188e-05,-1.9938571754973822e-05,0.0017532704594136312,0.48869720404521116,-1.2514128494943486,-0.25,6,2022-08-06 09:30:00-04:00,2022-11-06 09:30:00-05:00
zscore_60,-1.5:-1.0,10,3361,-0.0002399994654534285,-5.89750142523382e-05,0.002519675210780239,0.4819994049390062,-2.9898095804819995,-0.75,6,2022-08-06 09:30:00-04:00,2022-11-06 09:30:00-05:00
zscore_60,-1.5:-1.0,20,3361,-0.0002826395092417282,0.0,0.003611190502862525,0.4977685212734305,-3.6301695923832193,0.0,6,2022-08-06 09:30:00-04:00,2022-11-06 09:30:00-05:00
zscore_60,-1.5:-1.0,30,3361,-0.00048164471917398484,-0.00017962996227771644,0.0045466870787990036,0.47218089854210055,-5.984751562035108,-2.25,6,2022-08-06 09:30:00-04:00,2022-11-06 09:30:00-05:00
zscore_60,-1.5:-1.0,60,3361,-0.0010520240508277612,-0.0005180154253482394,0.006919220896528373,0.45670931270455223,-13.024174352871169,-6.25,6,2022-08-06 09:30:00-04:00,2022-11-06 09:30:00-05:00
zscore_60,-2.0:-1.5,1,2360,-3.026513085424593e-05,-2.3032128725786194e-05,0.0008127569734222392,0.4745762711864407,-0.35815677966101694,-0.25,6,2022-08-06 09:30:00-04:00,2022-11-06 09:30:00-05:00
zscore_60,-2.0:-1.5,3,2360,-6.69250714566993e-05,-3.873568990342413e-05,0.0013495910078202091,0.48050847457627116,-0.793114406779661,-0.5,6,2022-08-06 09:30:00-04:00,2022-11-06 09:30:00-05:00
zscore_60,-2.0:-1.5,5,2360,-0.00010422252363847152,2.0776497370200708e-05,0.0017513785582529372,0.5016949152542373,-1.2496822033898305,0.25,6,2022-08-06 09:30:00-04:00,2022-11-06 09:30:00-05:00
zscore_60,-2.0:-1.5,10,2360,-0.00012250271221771563,4.4760314688141456e-05,0.0024697422415759095,0.5093220338983051,-1.5390889830508474,0.5,6,2022-08-06 09:30:00-04:00,2022-11-06 09:30:00-05:00
zscore_60,-2.0:-1.5,20,2360,-0.00023407794507652565,0.00013141079074496798,0.0034385247309791063,0.5156779661016949,-3.018008474576271,1.5,6,2022-08-06 09:30:00-04:00,2022-11-06 09:30:00-05:00
zscore_60,-2.0:-1.5,30,2360,-0.00029900389349856235,6.992355085955193e-05,0.004422711912795561,0.5093220338983051,-3.910699152542373,0.75,6,2022-08-06 09:30:00-04:00,2022-11-06 09:30:00-05:00
zscore_60,-2.0:-1.5,60,2360,-0.0005477346714658619,-0.00039671007670660785,0.006583957932147713,0.46779661016949153,-7.017372881355932,-4.875,6,2022-08-06 09:30:00-04:00,2022-11-06 09:30:00-05:00
zscore_60,-2.5:-2.0,1,1191,-1.7082282950411734e-05,0.0,0.0008086517564254319,0.48866498740554154,-0.22355163727959698,0.0,6,2022-08-06 09:30:00-04:00,2022-11-06 09:30:00-05:00
zscore_60,-2.5:-2.0,3,1191,2.087360744521153e-06,5.808100363968727e-05,0.0013834997053327038,0.5222502099076406,-0.0033585222502099076,0.75,6,2022-08-06 09:30:00-04:00,2022-11-06 09:30:00-05:00
zscore_60,-2.5:-2.0,5,1191,-4.609903338579089e-05,2.040399918379343e-05,0.0017249214529717275,0.5029387069689337,-0.572208228379513,0.25,6,2022-08-06 09:30:00-04:00,2022-11-06 09:30:00-05:00
zscore_60,-2.5:-2.0,10,1191,-0.00016919818481337716,1.848292178019406e-05,0.0023023463137138993,0.5012594458438288,-1.9599076406381193,0.25,6,2022-08-06 09:30:00-04:00,2022-11-06 09:30:00-05:00
zscore_60,-2.5:-2.0,20,1191,-0.00035179652948890447,-9.840195229471327e-05,0.0032255549662644927,0.48530646515533166,-4.070109151973131,-1.25,6,2022-08-06 09:30:00-04:00,2022-11-06 09:30:00-05:00
zscore_60,-2.5:-2.0,30,1191,-0.00021726481862803057,0.0001450296274809748,0.004038248240717653,0.5146935348446684,-2.7336272040302267,1.75,6,2022-08-06 09:30:00-04:00,2022-11-06 09:30:00-05:00
zscore_60,-2.5:-2.0,60,1191,-0.0002640879342860285,-0.00011108436857798498,0.005961801534112545,0.48866498740554154,-3.5610831234256928,-1.5,6,2022-08-06 09:30:00-04:00,2022-11-06 09:30:00-05:00
zscore_60,0:1.0,1,6630,-1.3287447968473648e-05,0.0,0.0009480494153261832,0.49638009049773757,-0.16338612368024133,0.0,6,2022-08-06 09:30:00-04:00,2022-11-06 09:30:00-05:00
zscore_60,0:1.0,3,6630,-3.258005050244975e-05,0.0,0.0017099602402749754,0.49260935143288087,-0.42187028657616893,0.0,6,2022-08-06 09:30:00-04:00,2022-11-06 09:30:00-05:00
zscore_60,0:1.0,5,6630,-3.065686020120115e-05,0.0,0.0022193069141904485,0.4944193061840121,-0.4248868778280543,0.0,6,2022-08-06 09:30:00-04:00,2022-11-06 09:30:00-05:00
zscore_60,0:1.0,10,6630,-0.00011101969859268307,1.8464151874453272e-05,0.0032354807533131642,0.5006033182503771,-1.3961915535444946,0.25,6,2022-08-06 09:30:00-04:00,2022-11-06 09:30:00-05:00
zscore_60,0:1.0,20,6627,-0.00025437220106173,4.4089766765065264e-05,0.004537719967261261,0.504753282028067,-3.128678134902671,0.5,6,2022-08-06 09:30:00-04:00,2022-11-06 09:30:00-05:00
zscore_60,0:1.0,30,6617,-0.00025210192365503843,8.903332072018877e-05,0.005415152558469688,0.5126190116366933,-3.1760238778902825,1.0,6,2022-08-06 09:30:00-04:00,2022-11-06 09:30:00-05:00
zscore_60,0:1.0,60,6600,-0.0001738451501012281,-7.96615132052092e-05,0.007245420705440124,0.49166666666666664,-2.3878787878787877,-1.0,6,2022-08-06 09:30:00-04:00,2022-11-06 09:30:00-05:00
zscore_60,1.0:1.5,1,3575,1.9323593530751705e-05,2.0204469228568556e-05,0.0006786394634814717,0.5104895104895105,0.22503496503496503,0.25,6,2022-08-06 09:30:00-04:00,2022-11-06 09:30:00-05:00
zscore_60,1.0:1.5,3,3575,-3.905519222608846e-06,0.0,0.0014231538293825777,0.493986013986014,-0.023286713286713286,0.0,6,2022-08-06 09:30:00-04:00,2022-11-06 09:30:00-05:00
zscore_60,1.0:1.5,5,3575,-3.6389314276717294e-05,-1.8980014045211213e-05,0.0018590846424995028,0.48895104895104896,-0.3865734265734266,-0.25,6,2022-08-06 09:30:00-04:00,2022-11-06 09:30:00-05:00
zscore_60,1.0:1.5,10,3575,-4.4944214792248544e-05,1.9242240566486046e-05,0.002606071473539435,0.5015384615384615,-0.52,0.25,6,2022-08-06 09:30:00-04:00,2022-11-06 09:30:00-05:00
zscore_60,1.0:1.5,20,3575,-0.00020945498007116724,0.0,0.003657134290379082,0.49538461538461537,-2.55006993006993,0.0,6,2022-08-06 09:30:00-04:00,2022-11-06 09:30:00-05:00
zscore_60,1.0:1.5,30,3575,-0.00037479671302733986,1.9337497341176402e-05,0.004682692390541129,0.5006993006993007,-4.611258741258741,0.25,6,2022-08-06 09:30:00-04:00,2022-11-06 09:30:00-05:00
zscore_60,1.0:1.5,60,3570,-0.0008157617318085321,-0.0003878685220299327,0.00676803482859514,0.46330532212885156,-9.977310924369748,-4.75,6,2022-08-06 09:30:00-04:00,2022-11-06 09:30:00-05:00
zscore_60,1.5:2.0,1,2506,-4.414690343814639e-05,-2.2031376912257095e-05,0.0009308864456063424,0.4720670391061452,-0.5000997605746209,-0.25,6,2022-08-06 09:30:00-04:00,2022-11-06 09:30:00-05:00
zscore_60,1.5:2.0,3,2506,-2.8892199545521336e-05,-3.7482383774767314e-05,0.001386748095850747,0.4744612928970471,-0.3224261771747805,-0.5,6,2022-08-06 09:30:00-04:00,2022-11-06 09:30:00-05:00
zscore_60,1.5:2.0,5,2506,-2.6717038159571886e-05,-2.2435106556195628e-05,0.0017685052029440215,0.48044692737430167,-0.30347166799680764,-0.25,6,2022-08-06 09:30:00-04:00,2022-11-06 09:30:00-05:00
zscore_60,1.5:2.0,10,2506,1.9361528840792426e-05,-2.0699880880714616e-05,0.0023629051665912306,0.49361532322426177,0.21418595371109336,-0.25,6,2022-08-06 09:30:00-04:00,2022-11-06 09:30:00-05:00
zscore_60,1.5:2.0,20,2506,6.619568440143043e-05,0.00011120357496219313,0.0031869879566549927,0.5175578611332802,0.7663607342378292,1.5,6,2022-08-06 09:30:00-04:00,2022-11-06 09:30:00-05:00
zscore_60,1.5:2.0,30,2506,-0.00014666066137841548,6.234637086288686e-05,0.003835451037540174,0.509976057462091,-1.7980845969672785,0.75,6,2022-08-06 09:30:00-04:00,2022-11-06 09:30:00-05:00
zscore_60,1.5:2.0,60,2504,-0.0006949208070821168,5.679859518559205e-05,0.00593511224683528,0.5051916932907349,-8.647563897763579,0.75,6,2022-08-06 09:30:00-04:00,2022-11-06 09:30:00-05:00
zscore_60,2.0:2.5,1,1224,8.475985409331003e-06,0.0,0.0007987375660158505,0.49836601307189543,0.08455882352941177,0.0,6,2022-08-06 09:30:00-04:00,2022-11-06 09:30:00-05:00
zscore_60,2.0:2.5,3,1224,-2.7428084489976565e-05,0.0,0.0014808541331985357,0.4910130718954248,-0.3341503267973856,0.0,6,2022-08-06 09:30:00-04:00,2022-11-06 09:30:00-05:00
zscore_60,2.0:2.5,5,1224,-7.221656544692289e-05,-4.2291092054502766e-05,0.0018467037885461224,0.4820261437908497,-0.8457924836601307,-0.5,6,2022-08-06 09:30:00-04:00,2022-11-06 09:30:00-05:00
zscore_60,2.0:2.5,10,1224,-0.00012640077255081798,-4.4049143346602815e-05,0.002312729986696645,0.47794117647058826,-1.4993872549019607,-0.5,6,2022-08-06 09:30:00-04:00,2022-11-06 09:30:00-05:00
zscore_60,2.0:2.5,20,1224,5.684282772812863e-05,0.00011840676163343833,0.0032379745509025218,0.5220588235294118,0.5714869281045751,1.5,6,2022-08-06 09:30:00-04:00,2022-11-06 09:30:00-05:00
zscore_60,2.0:2.5,30,1224,-1.047351011280126e-05,0.00021341621813331102,0.0039036848660673673,0.5416666666666666,-0.1954656862745098,2.625,6,2022-08-06 09:30:00-04:00,2022-11-06 09:30:00-05:00
zscore_60,2.0:2.5,60,1220,-0.0005673718992439432,0.00037897069851622334,0.0061356564912656815,0.55,-7.005122950819672,4.75,6,2022-08-06 09:30:00-04:00,2022-11-06 09:30:00-05:00
zscore_60,<=-2.5,1,770,-2.0371045656205635e-05,-1.8588424441745577e-05,0.0010573787001881268,0.4896103896103896,-0.2301948051948052,-0.25,6,2022-08-06 09:30:00-04:00,2022-11-06 09:30:00-05:00
zscore_60,<=-2.5,3,770,-4.6061349050505945e-05,-1.8696903157033873e-05,0.001702365009969049,0.4883116883116883,-0.5727272727272728,-0.25,6,2022-08-06 09:30:00-04:00,2022-11-06 09:30:00-05:00
zscore_60,<=-2.5,5,770,-7.563781834098586e-05,-9.424202315844177e-05,0.0021661269097261295,0.461038961038961,-0.8373376623376624,-1.25,6,2022-08-06 09:30:00-04:00,2022-11-06 09:30:00-05:00
zscore_60,<=-2.5,10,770,-0.00028841551693886415,-0.00014203739179069474,0.0028564964587045123,0.4675324675324675,-3.318831168831169,-1.75,6,2022-08-06 09:30:00-04:00,2022-11-06 09:30:00-05:00
zscore_60,<=-2.5,20,770,-0.0006470906756375845,-0.0004109469297677304,0.003942799627927026,0.43896103896103894,-7.613311688311688,-4.75,6,2022-08-06 09:30:00-04:00,2022-11-06 09:30:00-05:00
zscore_60,<=-2.5,30,770,-0.0008933693594318513,-0.0005172026754525771,0.004878278613749814,0.43766233766233764,-10.783116883116882,-5.75,6,2022-08-06 09:30:00-04:00,2022-11-06 09:30:00-05:00
zscore_60,<=-2.5,60,770,-0.0006636289462556746,-0.0006151752155013623,0.00706239172082625,0.45324675324675323,-8.759415584415585,-7.625,6,2022-08-06 09:30:00-04:00,2022-11-06 09:30:00-05:00
zscore_60,>=2.5,1,605,-4.150782869801007e-05,-6.153215054871541e-05,0.0015713583485042727,0.4512396694214876,-0.509090909090909,-0.75,6,2022-08-06 09:30:00-04:00,2022-11-06 09:30:00-05:00
zscore_60,>=2.5,3,605,-0.00019208011929003514,-0.00015288474401364827,0.0021888113610873733,0.43636363636363634,-2.362809917355372,-2.0,6,2022-08-06 09:30:00-04:00,2022-11-06 09:30:00-05:00
zscore_60,>=2.5,5,605,-0.0002127528495865349,-6.582556225998015e-05,0.002646528282297448,0.4809917355371901,-2.6971074380165287,-0.75,6,2022-08-06 09:30:00-04:00,2022-11-06 09:30:00-05:00
zscore_60,>=2.5,10,605,0.00012035391723618512,0.0001286642506379554,0.003395934000551515,0.5322314049586777,1.290082644628099,1.5,6,2022-08-06 09:30:00-04:00,2022-11-06 09:30:00-05:00
zscore_60,>=2.5,20,605,0.0003870142586730852,0.0004579054098252655,0.0045244321234435845,0.5586776859504132,4.389256198347107,5.75,6,2022-08-06 09:30:00-04:00,2022-11-06 09:30:00-05:00
zscore_60,>=2.5,30,605,0.0003326287983514404,0.0006309918785238899,0.005878984906098707,0.5867768595041323,3.7016528925619836,7.75,6,2022-08-06 09:30:00-04:00,2022-11-06 09:30:00-05:00
zscore_60,>=2.5,60,603,-0.00036098275650750663,0.0006670574680116559,0.007283885670946629,0.5373134328358209,-4.623963515754561,7.75,6,2022-08-06 09:30:00-04:00,2022-11-06 09:30:00-05:00
zscore_30,-1.0:0,1,6380,3.5266994830206557e-06,0.0,0.0009429227266402518,0.4935736677115988,0.03467868338557994,0.0,7,2022-11-06 09:30:00-05:00,2023-02-06 09:30:00-05:00
zscore_30,-1.0:0,3,6378,2.7010220996424452e-05,2.2605279635934394e-05,0.001676352297029053,0.5133270617748511,0.3002900595798056,0.25,7,2022-11-06 09:30:00-05:00,2023-02-06 09:30:00-05:00
zscore_30,-1.0:0,5,6376,4.216493262303815e-05,4.470472531181713e-05,0.001998013899869328,0.5218005018820577,0.47204360100376414,0.5,7,2022-11-06 09:30:00-05:00,2023-02-06 09:30:00-05:00
zscore_30,-1.0:0,10,6372,5.981802952626455e-05,0.00013239482972560168,0.002549621665460024,0.5430006277463905,0.6854598242310107,1.5,7,2022-11-06 09:30:00-05:00,2023-02-06 09:30:00-05:00
zscore_30,-1.0:0,20,6371,7.58571281031267e-05,0.0001708598522063287,0.0035722243418943515,0.5380630984146916,0.8502197457228065,2.0,7,2022-11-06 09:30:00-05:00,2023-02-06 09:30:00-05:00
zscore_30,-1.0:0,30,6371,0.00017629110598096128,0.00019059720457437201,0.004567203148794855,0.5346099513420185,1.9880709464762203,2.25,7,2022-11-06 09:30:00-05:00,2023-02-06 09:30:00-05:00
zscore_30,-1.0:0,60,6344,0.00040570587645399404,0.00034661395685642304,0.006472364937465135,0.5354665825977302,4.561357187894073,4.0,7,2022-11-06 09:30:00-05:00,2023-02-06 09:30:00-05:00
zscore_30,-1.5:-1.0,1,2945,-8.807153454848374e-07,0.0,0.0007998505746260662,0.49813242784380307,-0.01697792869269949,0.0,7,2022-11-06 09:30:00-05:00,2023-02-06 09:30:00-05:00
zscore_30,-1.5:-1.0,3,2945,4.971644219380389e-06,4.3375479841234466e-05,0.0012922170058939004,0.5181663837011885,0.04728353140916808,0.5,7,2022-11-06 09:30:00-05:00,2023-02-06 09:30:00-05:00
zscore_30,-1.5:-1.0,5,2945,5.011921607056905e-06,6.542076455073875e-05,0.0017222260031196682,0.5252971137521223,0.036926994906621394,0.75,7,2022-11-06 09:30:00-05:00,2023-02-06 09:30:00-05:00
zscore_30,-1.5:-1.0,10,2945,8.626796843923212e-05,0.00014670131612026793,0.002306452454665249,0.5409168081494058,0.966044142614601,1.75,7,2022-11-06 09:30:00-05:00,2023-02-06 09:30:00-05:00
zscore_30,-1.5:-1.0,20,2945,0.00018927680222820248,0.00022057526027885466,0.0031898188311081676,0.5395585738539899,2.1402376910016976,2.5,7,2022-11-06 09:30:00-05:00,2023-02-06 09:30:00-05:00
zscore_30,-1.5:-1.0,30,2945,0.00022859152357718052,0.0003084787590339477,0.0038747586423352708,0.5568760611205433,2.5789473684210527,3.5,7,2022-11-06 09:30:00-05:00,2023-02-06 09:30:00-05:00
zscore_30,-1.5:-1.0,60,2943,0.0003690397466802684,0.0003471017007983246,0.005290982891767338,0.5361875637104995,4.241675161399932,4.0,7,2022-11-06 09:30:00-05:00,2023-02-06 09:30:00-05:00
zscore_30,-2.0:-1.5,1,2055,-1.2629134087863668e-05,0.0,0.0007763706500109751,0.491970802919708,-0.15437956204379563,0.0,7,2022-11-06 09:30:00-05:00,2023-02-06 09:30:00-05:00
zscore_30,-2.0:-1.5,3,2055,-4.831088464790399e-05,4.1715334556879924e-05,0.0015134535153973133,0.5138686131386861,-0.5880778588807786,0.5,7,2022-11-06 09:30:00-05:00,2023-02-06 09:30:00-05:00
zscore_30,-2.0:-1.5,5,2055,-5.440639300203449e-05,4.63456458266176e-05,0.001903962511409542,0.5260340632603406,-0.6763990267639902,0.5,7,2022-11-06 09:30:00-05:00,2023-02-06 09:30:00-05:00
zscore_30,-2.0:-1.5,10,2055,-8.012359971743837e-05,8.351428094210966e-05,0.002372557036792071,0.5177615571776155,-1.0125304136253042,1.0,7,2022-11-06 09:30:00-05:00,2023-02-06 09:30:00-05:00
zscore_30,-2.0:-1.5,20,2055,-0.00010853130092756605,0.00012983921577114366,0.0032155531079326467,0.5221411192214112,-1.3653284671532846,1.5,7,2022-11-06 09:30:00-05:00,2023-02-06 09:30:00-05:00
zscore_30,-2.0:-1.5,30,2055,-4.9979694142904415e-05,0.0002233040060739544,0.004020090459043514,0.5309002433090024,-0.7492700729927008,2.5,7,2022-11-06 09:30:00-05:00,2023-02-06 09:30:00-05:00
zscore_30,-2.0:-1.5,60,2055,0.00012866283608528305,0.00038890032713378986,0.004935710270846638,0.5313868613138686,1.3663017031630171,4.5,7,2022-11-06 09:30:00-05:00,2023-02-06 09:30:00-05:00
zscore_30,-2.5:-2.0,1,1017,2.4546557602607024e-05,4.356634064528464e-05,0.000667617527453809,0.5260570304818093,0.2888397246804326,0.5,7,2022-11-06 09:30:00-05:00,2023-02-06 09:30:00-05:00
zscore_30,-2.5:-2.0,3,1017,3.6847009353178146e-05,8.769429767818693e-05,0.0011563172258195207,0.5349065880039331,0.43559488692232057,1.0,7,2022-11-06 09:30:00-05:00,2023-02-06 09:30:00-05:00
zscore_30,-2.5:-2.0,5,1017,8.560215025214579e-05,0.000128131206355242,0.0014719298199229133,0.5535889872173058,1.007866273352999,1.5,7,2022-11-06 09:30:00-05:00,2023-02-06 09:30:00-05:00
zscore_30,-2.5:-2.0,10,1017,0.00010505241997614437,0.00016576188305506,0.0020329733631139,0.5496558505408063,1.2222222222222223,2.0,7,2022-11-06 09:30:00-05:00,2023-02-06 09:30:00-05:00
zscore_30,-2.5:-2.0,20,1017,0.0002935019896133303,0.0004038514676811822,0.002913338928447024,0.5850540806293019,3.3616027531956734,4.75,7,2022-11-06 09:30:00-05:00,2023-02-06 09:30:00-05:00
zscore_30,-2.5:-2.0,30,1017,0.00027993134558887043,0.0005952254416359271,0.0036305658575773807,0.5742379547689282,3.1851032448377583,7.0,7,2022-11-06 09:30:00-05:00,2023-02-06 09:30:00-05:00
zscore_30,-2.5:-2.0,60,1017,0.0003867973675739673,0.000672378266999285,0.004767576181568904,0.5712881022615536,4.456243854473943,7.75,7,2022-11-06 09:30:00-05:00,2023-02-06 09:30:00-05:00
zscore_30,0:1.0,1,6800,1.06527214208245e-05,0.0,0.000631107892493517,0.4908823529411765,0.12106617647058823,0.0,7,2022-11-06 09:30:00-05:00,2023-02-06 09:30:00-05:00
zscore_30,0:1.0,3,6800,2.0398319946708e-05,2.1592966277794723e-05,0.001211920218615014,0.5083823529411765,0.22518382352941177,0.25,7,2022-11-06 09:30:00-05:00,2023-02-06 09:30:00-05:00
zscore_30,0:1.0,5,6800,5.034073444733884e-05,2.151764147817481e-05,0.0018163106973166283,0.5075,0.5645588235294118,0.25,7,2022-11-06 09:30:00-05:00,2023-02-06 09:30:00-05:00
zscore_30,0:1.0,10,6799,8.800448275964169e-05,4.1744067124538375e-05,0.002615425609702447,0.5116928960141197,0.9736725989116046,0.5,7,2022-11-06 09:30:00-05:00,2023-02-06 09:30:00-05:00
zscore_30,0:1.0,20,6794,0.0001788797336146118,0.0001134146978735151,0.0037517708782456517,0.5284074183102738,2.0320871357079775,1.25,7,2022-11-06 09:30:00-05:00,2023-02-06 09:30:00-05:00
zscore_30,0:1.0,30,6790,0.00022702726550687086,0.00015171711561778878,0.0047309287812075974,0.5269513991163476,2.5149484536082474,1.75,7,2022-11-06 09:30:00-05:00,2023-02-06 09:30:00-05:00
zscore_30,0:1.0,60,6789,0.00042513410836109877,0.0002491224096932143,0.007278882840012273,0.5282073943143321,4.616843423184563,3.0,7,2022-11-06 09:30:00-05:00,2023-02-06 09:30:00-05:00
zscore_30,1.0:1.5,1,3664,4.5446137018615936e-06,0.0,0.0006603078642553724,0.4893558951965066,0.04892194323144105,0.0,7,2022-11-06 09:30:00-05:00,2023-02-06 09:30:00-05:00
zscore_30,1.0:1.5,3,3664,3.420530560042019e-05,2.178340919345434e-05,0.001265923713837745,0.5084606986899564,0.3857805676855895,0.25,7,2022-11-06 09:30:00-05:00,2023-02-06 09:30:00-05:00
zscore_30,1.0:1.5,5,3664,5.728370037444337e-05,2.1668942556840598e-05,0.0015890349799546459,0.5065502183406113,0.6434224890829694,0.25,7,2022-11-06 09:30:00-05:00,2023-02-06 09:30:00-05:00
zscore_30,1.0:1.5,10,3664,7.68122102579271e-05,2.2646225923073082e-05,0.0024889373148288215,0.5073689956331878,0.8661981441048034,0.25,7,2022-11-06 09:30:00-05:00,2023-02-06 09:30:00-05:00
zscore_30,1.0:1.5,20,3663,8.396456495257857e-05,6.446344922439451e-05,0.0037303064455831737,0.5148785148785149,0.8623396123396123,0.75,7,2022-11-06 09:30:00-05:00,2023-02-06 09:30:00-05:00
zscore_30,1.0:1.5,30,3663,9.269686028059938e-05,0.00011078859320634571,0.004286726882416376,0.5236145236145237,0.9678542178542179,1.25,7,2022-11-06 09:30:00-05:00,2023-02-06 09:30:00-05:00
zscore_30,1.0:1.5,60,3663,0.00011437508057648971,4.4012147352612274e-05,0.006071254484194583,0.5036855036855037,1.1594321594321595,0.5,7,2022-11-06 09:30:00-05:00,2023-02-06 09:30:00-05:00
zscore_30,1.5:2.0,1,2544,3.965086431555881e-05,-2.052502337007711e-05,0.0011112003742857464,0.47327044025157233,0.46924135220125784,-0.25,7,2022-11-06 09:30:00-05:00,2023-02-06 09:30:00-05:00
zscore_30,1.5:2.0,3,2544,4.632717758749542e-05,0.0,0.00137666948051877,0.4913522012578616,0.543435534591195,0.0,7,2022-11-06 09:30:00-05:00,2023-02-06 09:30:00-05:00
zscore_30,1.5:2.0,5,2544,2.632375097546482e-05,0.0,0.0016041869699110567,0.4992138364779874,0.3086674528301887,0.0,7,2022-11-06 09:30:00-05:00,2023-02-06 09:30:00-05:00
zscore_30,1.5:2.0,10,2544,6.690042190032009e-05,9.740512740608054e-06,0.002426534323862675,0.5,0.7752555031446541,0.125,7,2022-11-06 09:30:00-05:00,2023-02-06 09:30:00-05:00
zscore_30,1.5:2.0,20,2541,0.00013536766911637465,6.774761754213543e-05,0.0036457201380046115,0.51357733175915,1.517611176702086,0.75,7,2022-11-06 09:30:00-05:00,2023-02-06 09:30:00-05:00
zscore_30,1.5:2.0,30,2539,0.0002238714905491794,0.00015603362524618802,0.004247012842934935,0.5293422607325718,2.596888538794801,1.75,7,2022-11-06 09:30:00-05:00,2023-02-06 09:30:00-05:00
zscore_30,1.5:2.0,60,2539,0.0002339034505699755,0.0002329866773982392,0.005739678603707987,0.5301299724300906,2.574635683339898,2.75,7,2022-11-06 09:30:00-05:00,2023-02-06 09:30:00-05:00
zscore_30,2.0:2.5,1,1182,-5.465434371053926e-06,-2.0184790115229667e-05,0.0006748611608589244,0.47715736040609136,-0.05308798646362098,-0.25,7,2022-11-06 09:30:00-05:00,2023-02-06 09:30:00-05:00
zscore_30,2.0:2.5,3,1182,9.814575577323704e-06,0.0,0.0012087230246759645,0.49238578680203043,0.14657360406091371,0.0,7,2022-11-06 09:30:00-05:00,2023-02-06 09:30:00-05:00
zscore_30,2.0:2.5,5,1182,9.166072777528607e-06,0.0,0.0015205165694301842,0.49915397631133673,0.1463620981387479,0.0,7,2022-11-06 09:30:00-05:00,2023-02-06 09:30:00-05:00
zscore_30,2.0:2.5,10,1182,4.068690056200565e-05,-2.1561684690918348e-05,0.002869585397732132,0.48646362098138746,0.4498730964467005,-0.25,7,2022-11-06 09:30:00-05:00,2023-02-06 09:30:00-05:00
zscore_30,2.0:2.5,20,1182,7.752793351009162e-05,2.1871818942198473e-05,0.0035778434291212514,0.5025380710659898,0.8627326565143824,0.25,7,2022-11-06 09:30:00-05:00,2023-02-06 09:30:00-05:00
zscore_30,2.0:2.5,30,1179,0.00011492224902065445,0.00012740747032458088,0.0045593181815106664,0.5122985581000848,1.2215860899067006,1.5,7,2022-11-06 09:30:00-05:00,2023-02-06 09:30:00-05:00
zscore_30,2.0:2.5,60,1179,0.0004148773013287186,0.00025857053588751455,0.00619645518749965,0.5284139100932994,4.4985156912637825,3.0,7,2022-11-06 09:30:00-05:00,2023-02-06 09:30:00-05:00
zscore_30,<=-2.5,1,530,-5.222295203096736e-05,4.30974866140188e-05,0.0010466540648192838,0.5169811320754717,-0.5976415094339622,0.5,7,2022-11-06 09:30:00-05:00,2023-02-06 09:30:00-05:00
zscore_30,<=-2.5,3,530,-6.065823412551061e-05,0.0,0.0016755232234331615,0.49245283018867925,-0.720754716981132,0.0,7,2022-11-06 09:30:00-05:00,2023-02-06 09:30:00-05:00
zscore_30,<=-2.5,5,530,-0.0001475272414418331,-8.61270819447757e-05,0.002182964378657403,0.469811320754717,-1.7089622641509434,-1.0,7,2022-11-06 09:30:00-05:00,2023-02-06 09:30:00-05:00
zscore_30,<=-2.5,10,530,-0.0002877598846614623,-0.00012785835540507495,0.0028773509320997935,0.4660377358490566,-3.341509433962264,-1.5,7,2022-11-06 09:30:00-05:00,2023-02-06 09:30:00-05:00
zscore_30,<=-2.5,20,530,-0.00026383611782435475,5.422282111477994e-05,0.003661871611094378,0.5075471698113208,-3.0966981132075473,0.625,7,2022-11-06 09:30:00-05:00,2023-02-06 09:30:00-05:00
zscore_30,<=-2.5,30,530,-0.0001990566466822063,0.00014757309872637236,0.00440027037145297,0.5207547169811321,-2.3849056603773584,1.75,7,2022-11-06 09:30:00-05:00,2023-02-06 09:30:00-05:00
zscore_30,<=-2.5,60,530,0.00018376977823235976,0.000390807805357829,0.005427752194798457,0.539622641509434,1.9886792452830189,4.625,7,2022-11-06 09:30:00-05:00,2023-02-06 09:30:00-05:00
zscore_30,>=2.5,1,527,-4.784729451230573e-05,-6.492944333824635e-05,0.0008620668559379299,0.4364326375711575,-0.5901328273244781,-0.75,7,2022-11-06 09:30:00-05:00,2023-02-06 09:30:00-05:00
zscore_30,>=2.5,3,527,-6.124144968866695e-05,-4.149549773846406e-05,0.0014700716005436086,0.47248576850094876,-0.7258064516129032,-0.5,7,2022-11-06 09:30:00-05:00,2023-02-06 09:30:00-05:00
zscore_30,>=2.5,5,527,-8.960609854789526e-05,-0.00010294208478311972,0.0019842809676313446,0.4573055028462998,-1.051707779886148,-1.25,7,2022-11-06 09:30:00-05:00,2023-02-06 09:30:00-05:00
zscore_30,>=2.5,10,527,4.305726064397409e-05,-8.182971236858627e-05,0.0034346749223259114,0.476280834914611,0.3913662239089184,-1.0,7,2022-11-06 09:30:00-05:00,2023-02-06 09:30:00-05:00
zscore_30,>=2.5,20,527,0.00033223921125289513,0.0,0.004646643172558373,0.4990512333965844,3.5782732447817835,0.0,7,2022-11-06 09:30:00-05:00,2023-02-06 09:30:00-05:00
zscore_30,>=2.5,30,526,0.00043982300339524453,6.360780130898469e-05,0.005161395773183936,0.5038022813688213,4.781368821292776,0.75,7,2022-11-06 09:30:00-05:00,2023-02-06 09:30:00-05:00
zscore_30,>=2.5,60,526,0.0009686283316933974,0.0004264269945520871,0.007095096694307589,0.532319391634981,10.81796577946768,5.0,7,2022-11-06 09:30:00-05:00,2023-02-06 09:30:00-05:00
zscore_60,-1.0:0,1,6130,1.5121246382102735e-05,0.0,0.0009530747405741354,0.49216965742251223,0.16113376835236543,0.0,7,2022-11-06 09:30:00-05:00,2023-02-06 09:30:00-05:00
zscore_60,-1.0:0,3,6129,3.450133286351655e-05,2.223902504105979e-05,0.0016356570052606261,0.5131342796541034,0.37705987926252243,0.25,7,2022-11-06 09:30:00-05:00,2023-02-06 09:30:00-05:00
zscore_60,-1.0:0,5,6128,3.4217408352369274e-05,4.348676923271455e-05,0.0019129996762322723,0.5217036553524804,0.36777904699738906,0.5,7,2022-11-06 09:30:00-05:00,2023-02-06 09:30:00-05:00
zscore_60,-1.0:0,10,6123,5.7731437887911424e-05,0.00010731456043955312,0.002440763044463959,0.5343785725951331,0.6405765147803364,1.25,7,2022-11-06 09:30:00-05:00,2023-02-06 09:30:00-05:00
zscore_60,-1.0:0,20,6118,6.515645342696699e-05,0.00013431698935173486,0.0035017416353864926,0.5333442301405689,0.7151438378555084,1.5,7,2022-11-06 09:30:00-05:00,2023-02-06 09:30:00-05:00
zscore_60,-1.0:0,30,6113,0.0001562278735768358,0.00019059720457437201,0.004632770469184749,0.5319810240471127,1.6981841976116474,2.25,7,2022-11-06 09:30:00-05:00,2023-02-06 09:30:00-05:00
zscore_60,-1.0:0,60,6093,0.0007117551613599781,0.000366197789888556,0.006791961182870839,0.539963892991958,7.922821270310192,4.25,7,2022-11-06 09:30:00-05:00,2023-02-06 09:30:00-05:00
zscore_60,-1.5:-1.0,1,2886,1.0917764710017786e-05,0.0,0.0007147904144833657,0.4979209979209979,0.12759875259875259,0.0,7,2022-11-06 09:30:00-05:00,2023-02-06 09:30:00-05:00
zscore_60,-1.5:-1.0,3,2886,-4.648307318404178e-06,4.4923349689196534e-05,0.0012409239212915714,0.5200970200970201,-0.0628031878031878,0.5,7,2022-11-06 09:30:00-05:00,2023-02-06 09:30:00-05:00
zscore_60,-1.5:-1.0,5,2886,-1.846085048609235e-05,4.4898634644630064e-05,0.0015876993044748426,0.5166320166320166,-0.23224185724185725,0.5,7,2022-11-06 09:30:00-05:00,2023-02-06 09:30:00-05:00
zscore_60,-1.5:-1.0,10,2886,9.643334855971053e-06,8.76545886187019e-05,0.0021420142638074583,0.5277200277200277,0.07631670131670132,1.0,7,2022-11-06 09:30:00-05:00,2023-02-06 09:30:00-05:00
zscore_60,-1.5:-1.0,20,2886,8.89482330317293e-05,0.000191004214955659,0.002968306422457342,0.5353430353430353,0.952009702009702,2.25,7,2022-11-06 09:30:00-05:00,2023-02-06 09:30:00-05:00
zscore_60,-1.5:-1.0,30,2886,0.00017231771884757124,0.0003112144107073611,0.00343649923000918,0.544005544005544,1.917966042966043,3.625,7,2022-11-06 09:30:00-05:00,2023-02-06 09:30:00-05:00
zscore_60,-1.5:-1.0,60,2877,0.00013707067599578836,0.00022958422297225667,0.005259889028476152,0.5175530066041015,1.4300486618004866,2.5,7,2022-11-06 09:30:00-05:00,2023-02-06 09:30:00-05:00
zscore_60,-2.0:-1.5,1,1812,-5.960791208456096e-06,0.0,0.0007467398647765123,0.4928256070640177,-0.07491721854304635,0.0,7,2022-11-06 09:30:00-05:00,2023-02-06 09:30:00-05:00
zscore_60,-2.0:-1.5,3,1812,8.986209751353039e-06,6.384901992895209e-05,0.0012403692654835926,0.5226269315673289,0.0809878587196468,0.75,7,2022-11-06 09:30:00-05:00,2023-02-06 09:30:00-05:00
zscore_60,-2.0:-1.5,5,1812,2.63155626780109e-05,8.652163494804466e-05,0.001578076317328354,0.5402869757174393,0.2629690949227373,1.0,7,2022-11-06 09:30:00-05:00,2023-02-06 09:30:00-05:00
zscore_60,-2.0:-1.5,10,1812,3.714547869598267e-05,0.0001299336321619604,0.00213478766237473,0.532560706401766,0.35858167770419425,1.5,7,2022-11-06 09:30:00-05:00,2023-02-06 09:30:00-05:00
zscore_60,-2.0:-1.5,20,1812,0.0001415758251377953,0.00025031334231395697,0.0030661261337383908,0.5408388520971302,1.5070364238410596,2.75,7,2022-11-06 09:30:00-05:00,2023-02-06 09:30:00-05:00
zscore_60,-2.0:-1.5,30,1812,0.0003448123237356882,0.00043930677824144393,0.003500489561256225,0.5678807947019867,3.811810154525386,5.0,7,2022-11-06 09:30:00-05:00,2023-02-06 09:30:00-05:00
zscore_60,-2.0:-1.5,60,1812,0.0006523056785263517,0.0006954933743000824,0.004885228270424306,0.5711920529801324,7.360927152317881,7.75,7,2022-11-06 09:30:00-05:00,2023-02-06 09:30:00-05:00
zscore_60,-2.5:-2.0,1,991,-6.533704299939493e-06,2.2842001873080164e-05,0.0007466984586977565,0.5146316851664985,-0.08753784056508578,0.25,7,2022-11-06 09:30:00-05:00,2023-02-06 09:30:00-05:00
zscore_60,-2.5:-2.0,3,991,9.315955535188463e-06,0.00010885657058268272,0.0012478022160780995,0.5388496468213926,0.07416750756811302,1.25,7,2022-11-06 09:30:00-05:00,2023-02-06 09:30:00-05:00
zscore_60,-2.5:-2.0,5,991,6.834301289382877e-05,0.0001251877816725866,0.001541535362091291,0.5358224016145308,0.7595862764883956,1.5,7,2022-11-06 09:30:00-05:00,2023-02-06 09:30:00-05:00
zscore_60,-2.5:-2.0,10,991,0.0002117083212242384,0.0002953088086399269,0.00216341161508413,0.5600403632694249,2.3597376387487388,3.5,7,2022-11-06 09:30:00-05:00,2023-02-06 09:30:00-05:00
zscore_60,-2.5:-2.0,20,991,0.00040158351005450564,0.0004349318988210449,0.0029212149272264715,0.579212916246216,4.564581231079718,5.0,7,2022-11-06 09:30:00-05:00,2023-02-06 09:30:00-05:00
zscore_60,-2.5:-2.0,30,991,0.0005343461788165651,0.0004789689105635375,0.003630465422227694,0.5691220988900101,6.052219979818365,5.5,7,2022-11-06 09:30:00-05:00,2023-02-06 09:30:00-05:00
zscore_60,-2.5:-2.0,60,991,0.0006560328949417794,0.0006592238171185816,0.004810542924682888,0.5640766902119072,7.410948536831484,7.75,7,2022-11-06 09:30:00-05:00,2023-02-06 09:30:00-05:00
zscore_60,0:1.0,1,7274,9.224054934092032e-07,0.0,0.0007073377528456869,0.49023920813857574,0.013678856200164971,0.0,7,2022-11-06 09:30:00-05:00,2023-02-06 09:30:00-05:00
zscore_60,0:1.0,3,7273,1.2192192886848003e-05,2.137894174247812e-05,0.0013765436206975969,0.5069434896191393,0.14698198817544342,0.25,7,2022-11-06 09:30:00-05:00,2023-02-06 09:30:00-05:00
zscore_60,0:1.0,5,7272,5.113886850722258e-05,2.2771004965727037e-05,0.0020196412879304026,0.5116886688668867,0.5973253575357536,0.25,7,2022-11-06 09:30:00-05:00,2023-02-06 09:30:00-05:00
zscore_60,0:1.0,10,7272,0.00011162140919663108,8.469713421632719e-05,0.002925381473908536,0.5266776677667767,1.3191006600660067,1.0,7,2022-11-06 09:30:00-05:00,2023-02-06 09:30:00-05:00
zscore_60,0:1.0,20,7267,0.00016305224550697666,0.00012925741614422392,0.004336394739678801,0.5304802531993945,1.9069767441860466,1.5,7,2022-11-06 09:30:00-05:00,2023-02-06 09:30:00-05:00
zscore_60,0:1.0,30,7262,8.541516287233421e-05,0.00010757679774708873,0.005271112968035207,0.5191407325805564,0.9709446433489397,1.25,7,2022-11-06 09:30:00-05:00,2023-02-06 09:30:00-05:00
zscore_60,0:1.0,60,7261,1.6484883913736587e-07,0.00012464683397039877,0.007019623624870715,0.5130147362622228,-0.05681035670017904,1.5,7,2022-11-06 09:30:00-05:00,2023-02-06 09:30:00-05:00
zscore_60,1.0:1.5,1,3539,9.727404319216723e-06,0.0,0.0005979404608779656,0.4959027974003956,0.11062447018931902,0.0,7,2022-11-06 09:30:00-05:00,2023-02-06 09:30:00-05:00
zscore_60,1.0:1.5,3,3539,3.914745432896313e-05,2.106238678956096e-05,0.0011862950498221947,0.5043797682961288,0.43910709239898277,0.25,7,2022-11-06 09:30:00-05:00,2023-02-06 09:30:00-05:00
zscore_60,1.0:1.5,5,3539,4.593698779152694e-05,0.0,0.0015529068347122504,0.49844588866911554,0.5052981068098333,0.0,7,2022-11-06 09:30:00-05:00,2023-02-06 09:30:00-05:00
zscore_60,1.0:1.5,10,3539,2.2680345806646372e-05,2.074947088859247e-05,0.00234846521023426,0.5015541113308845,0.1737779033625318,0.25,7,2022-11-06 09:30:00-05:00,2023-02-06 09:30:00-05:00
zscore_60,1.0:1.5,20,3539,0.00013777597510428188,7.802898776887446e-05,0.0030250483498017178,0.5165300932466799,1.4557078270697936,1.0,7,2022-11-06 09:30:00-05:00,2023-02-06 09:30:00-05:00
zscore_60,1.0:1.5,30,3539,0.00016926531327089104,0.0002080645832467365,0.0036325037607060568,0.5385702175755863,1.8015682396157107,2.25,7,2022-11-06 09:30:00-05:00,2023-02-06 09:30:00-05:00
zscore_60,1.0:1.5,60,3539,0.000349124156206155,0.00023813647384818282,0.005784301488441904,0.5303758123763775,3.882240745973439,2.75,7,2022-11-06 09:30:00-05:00,2023-02-06 09:30:00-05:00
zscore_60,1.5:2.0,1,2412,2.3554959298511072e-05,-2.052502337007711e-05,0.0011109596796792182,0.4734660033167496,0.27922885572139305,-0.25,7,2022-11-06 09:30:00-05:00,2023-02-06 09:30:00-05:00
zscore_60,1.5:2.0,3,2412,5.208607204974715e-05,2.1166260979921248e-05,0.0014547023529235213,0.5041459369817579,0.5971185737976783,0.25,7,2022-11-06 09:30:00-05:00,2023-02-06 09:30:00-05:00
zscore_60,1.5:2.0,5,2412,7.071476688354972e-05,2.1842026988183605e-05,0.001645642613888094,0.5103648424543947,0.8031716417910447,0.25,7,2022-11-06 09:30:00-05:00,2023-02-06 09:30:00-05:00
zscore_60,1.5:2.0,10,2412,0.00010449846966301771,2.0918811627912426e-05,0.002552015844207591,0.5012437810945274,1.134742951907131,0.25,7,2022-11-06 09:30:00-05:00,2023-02-06 09:30:00-05:00
zscore_60,1.5:2.0,20,2412,0.0001373589149995882,8.243349871861483e-05,0.003314362558220124,0.5211442786069652,1.4365671641791045,1.0,7,2022-11-06 09:30:00-05:00,2023-02-06 09:30:00-05:00
zscore_60,1.5:2.0,30,2412,0.000345260566406476,0.00017331388102781453,0.003973769132264607,0.538971807628524,3.9189469320066337,2.0,7,2022-11-06 09:30:00-05:00,2023-02-06 09:30:00-05:00
zscore_60,1.5:2.0,60,2412,0.00030397044836742596,0.0002554730152334317,0.0057663739109376855,0.5294361525704809,3.3079394693200666,2.875,7,2022-11-06 09:30:00-05:00,2023-02-06 09:30:00-05:00
zscore_60,2.0:2.5,1,1125,2.2292079897376817e-05,0.0,0.0006133017628361489,0.4871111111111111,0.254,0.0,7,2022-11-06 09:30:00-05:00,2023-02-06 09:30:00-05:00
zscore_60,2.0:2.5,3,1125,-3.520331208172658e-06,-2.1840260335914685e-05,0.001051011710732343,0.4791111111111111,-0.03133333333333333,-0.25,7,2022-11-06 09:30:00-05:00,2023-02-06 09:30:00-05:00
zscore_60,2.0:2.5,5,1125,-3.064788934958656e-05,-4.371775815337209e-05,0.0013319398534964771,0.48088888888888887,-0.36844444444444446,-0.5,7,2022-11-06 09:30:00-05:00,2023-02-06 09:30:00-05:00
zscore_60,2.0:2.5,10,1125,1.983051304288303e-05,-8.661383222896557e-05,0.0023894996058241606,0.47555555555555556,0.1471111111111111,-1.0,7,2022-11-06 09:30:00-05:00,2023-02-06 09:30:00-05:00
zscore_60,2.0:2.5,20,1125,-4.783739893281257e-05,-0.00015560266858571925,0.0034414033247598154,0.46755555555555556,-0.7046666666666667,-1.75,7,2022-11-06 09:30:00-05:00,2023-02-06 09:30:00-05:00
zscore_60,2.0:2.5,30,1125,8.353792119054058e-05,-4.449190247379775e-05,0.003978068877496114,0.488,0.868,-0.5,7,2022-11-06 09:30:00-05:00,2023-02-06 09:30:00-05:00
zscore_60,2.0:2.5,60,1125,0.0003895079169526544,0.0002535002535002384,0.005893090518776691,0.52,4.202222222222222,3.0,7,2022-11-06 09:30:00-05:00,2023-02-06 09:30:00-05:00
zscore_60,<=-2.5,1,772,-5.5828849463309706e-05,0.0,0.0009561377052192154,0.49093264248704666,-0.6369818652849741,0.0,7,2022-11-06 09:30:00-05:00,2023-02-06 09:30:00-05:00
zscore_60,<=-2.5,3,772,-0.00010170277750588279,-4.3099780838662394e-05,0.001603148322907926,0.47797927461139894,-1.1541450777202074,-0.5,7,2022-11-06 09:30:00-05:00,2023-02-06 09:30:00-05:00
zscore_60,<=-2.5,5,772,-0.00015838650847107067,-4.3264770169915145e-05,0.00207859756838991,0.4896373056994819,-1.7920984455958548,-0.5,7,2022-11-06 09:30:00-05:00,2023-02-06 09:30:00-05:00
zscore_60,<=-2.5,10,772,-0.0002649613920397998,-0.0001290742633232589,0.0026902718994811147,0.4740932642487047,-3.0126295336787563,-1.5,7,2022-11-06 09:30:00-05:00,2023-02-06 09:30:00-05:00
zscore_60,<=-2.5,20,772,-0.0001741253527724574,0.00013038611647142595,0.0035031653658014208,0.5168393782383419,-1.9572538860103628,1.5,7,2022-11-06 09:30:00-05:00,2023-02-06 09:30:00-05:00
zscore_60,<=-2.5,30,772,-8.966301680239372e-05,4.43640962733971e-05,0.004368659743958383,0.5012953367875648,-1.0906735751295338,0.5,7,2022-11-06 09:30:00-05:00,2023-02-06 09:30:00-05:00
zscore_60,<=-2.5,60,772,-1.1864895878300908e-05,4.587210963358235e-05,0.005493708480483095,0.5012953367875648,-0.1405440414507772,0.5,7,2022-11-06 09:30:00-05:00,2023-02-06 09:30:00-05:00
zscore_60,>=2.5,1,703,-5.3099067713444804e-05,-6.400546179941013e-05,0.0009160664549286474,0.4523470839260313,-0.6237553342816501,-0.75,7,2022-11-06 09:30:00-05:00,2023-02-06 09:30:00-05:00
zscore_60,>=2.5,3,703,-5.6549116897299664e-05,-4.531448250866266e-05,0.0015426417001807575,0.4822190611664296,-0.6571834992887624,-0.5,7,2022-11-06 09:30:00-05:00,2023-02-06 09:30:00-05:00
zscore_60,>=2.5,5,703,-8.055631398379036e-05,-4.2673039173823923e-05,0.0019852279047540837,0.4864864864864865,-0.9043385490753911,-0.5,7,2022-11-06 09:30:00-05:00,2023-02-06 09:30:00-05:00
zscore_60,>=2.5,10,703,-0.00010606753388199444,-0.00012979427607240357,0.002730627517880982,0.46799431009957326,-1.1479374110953058,-1.5,7,2022-11-06 09:30:00-05:00,2023-02-06 09:30:00-05:00
zscore_60,>=2.5,20,703,-2.2038681633437012e-05,0.00019306261664198132,0.003941607148901181,0.519203413940256,-0.18492176386913228,2.25,7,2022-11-06 09:30:00-05:00,2023-02-06 09:30:00-05:00
zscore_60,>=2.5,30,703,8.019429178910537e-06,0.00036466600883788836,0.005035670188979831,0.5391180654338549,0.04587482219061166,4.25,7,2022-11-06 09:30:00-05:00,2023-02-06 09:30:00-05:00
zscore_60,>=2.5,60,703,0.0004987515870002487,0.0005770473640476226,0.007529446570599483,0.5547652916073968,5.606330014224751,6.25,7,2022-11-06 09:30:00-05:00,2023-02-06 09:30:00-05:00
zscore_30,-1.0:0,1,6402,-1.7697298999002155e-06,0.0,0.0005727303272814692,0.49828178694158076,-0.02464073726960325,0.0,8,2023-02-06 09:30:00-05:00,2023-05-06 09:30:00-04:00
zscore_30,-1.0:0,3,6401,-1.030031719323205e-06,0.0,0.001041148983433355,0.4997656616153726,-0.022340259334478987,0.0,8,2023-02-06 09:30:00-05:00,2023-05-06 09:30:00-04:00
zscore_30,-1.0:0,5,6399,1.4326377476044188e-05,2.0713797460381045e-05,0.001319139300950067,0.5103922487888732,0.16072823878731052,0.25,8,2023-02-06 09:30:00-05:00,2023-05-06 09:30:00-04:00
zscore_30,-1.0:0,10,6396,3.241991945310732e-05,5.680849855127512e-05,0.0019176007323308828,0.5168855534709194,0.3747263914946842,0.75,8,2023-02-06 09:30:00-05:00,2023-05-06 09:30:00-04:00
zscore_30,-1.0:0,20,6395,8.08225950605858e-05,0.00012158054711242094,0.0026954775136688487,0.5307271305707584,0.9754886630179828,1.5,8,2023-02-06 09:30:00-05:00,2023-05-06 09:30:00-04:00
zscore_30,-1.0:0,30,6394,3.649709006660614e-05,0.00013752311022596775,0.0032161137875174454,0.5225211135439475,0.38747263059117926,1.75,8,2023-02-06 09:30:00-05:00,2023-05-06 09:30:00-04:00
zscore_30,-1.0:0,60,6380,7.43512700707607e-05,0.00011629974888516248,0.0045930886588101145,0.5120689655172413,0.7967084639498433,1.5,8,2023-02-06 09:30:00-05:00,2023-05-06 09:30:00-04:00
zscore_30,-1.5:-1.0,1,3110,6.827496118230167e-06,1.9078328985955295e-05,0.0005727685386181492,0.5064308681672026,0.07942122186495176,0.25,8,2023-02-06 09:30:00-05:00,2023-05-06 09:30:00-04:00
zscore_30,-1.5:-1.0,3,3109,4.007908404931184e-05,3.9793076004768224e-05,0.0010009337902895108,0.5229977484721775,0.494532003859762,0.5,8,2023-02-06 09:30:00-05:00,2023-05-06 09:30:00-04:00
zscore_30,-1.5:-1.0,5,3109,5.980218039816474e-05,7.721560527373938e-05,0.0013642742503992393,0.5329688002573174,0.7310228369250563,1.0,8,2023-02-06 09:30:00-05:00,2023-05-06 09:30:00-04:00
zscore_30,-1.5:-1.0,10,3109,0.00010470319591926268,9.538162186917276e-05,0.0018183034110198623,0.5361852685751045,1.299211965262142,1.25,8,2023-02-06 09:30:00-05:00,2023-05-06 09:30:00-04:00
zscore_30,-1.5:-1.0,20,3109,0.00012287754573774544,0.00011376995714673654,0.002525736648456801,0.5262142167899646,1.5174493406239948,1.5,8,2023-02-06 09:30:00-05:00,2023-05-06 09:30:00-04:00
zscore_30,-1.5:-1.0,30,3109,0.00018580531935614191,0.0001638706241422483,0.0030508407019860214,0.5281440977806369,2.3062881955612737,2.0,8,2023-02-06 09:30:00-05:00,2023-05-06 09:30:00-04:00
zscore_30,-1.5:-1.0,60,3105,2.095389508634844e-05,0.00010338695670153442,0.004494108382590134,0.513365539452496,0.17286634460547504,1.25,8,2023-02-06 09:30:00-05:00,2023-05-06 09:30:00-04:00
zscore_30,-2.0:-1.5,1,2195,1.6408617740126504e-05,1.8879323365084133e-05,0.0006429573704240391,0.5025056947608201,0.205125284738041,0.25,8,2023-02-06 09:30:00-05:00,2023-05-06 09:30:00-04:00
zscore_30,-2.0:-1.5,3,2195,1.5204772218670477e-05,2.0543161181718617e-05,0.0011095462369929633,0.511617312072893,0.17984054669703872,0.25,8,2023-02-06 09:30:00-05:00,2023-05-06 09:30:00-04:00
zscore_30,-2.0:-1.5,5,2195,9.153042601336823e-06,3.95319418089457e-05,0.001398754402323895,0.5170842824601367,0.11230068337129841,0.5,8,2023-02-06 09:30:00-05:00,2023-05-06 09:30:00-04:00
zscore_30,-2.0:-1.5,10,2195,3.95549228829715e-06,0.00011244588541758915,0.0019459229455254339,0.5353075170842825,0.020842824601366744,1.5,8,2023-02-06 09:30:00-05:00,2023-05-06 09:30:00-04:00
zscore_30,-2.0:-1.5,20,2193,2.5588014979622987e-05,0.0001225790634959978,0.0026514162058164153,0.5262197902416781,0.26196990424076605,1.5,8,2023-02-06 09:30:00-05:00,2023-05-06 09:30:00-04:00
zscore_30,-2.0:-1.5,30,2193,0.0001280850630492946,0.00013925360070032866,0.003102494454140959,0.528499772001824,1.5394436844505244,1.75,8,2023-02-06 09:30:00-05:00,2023-05-06 09:30:00-04:00
zscore_30,-2.0:-1.5,60,2190,-0.00010833009564401666,0.00010060127545263864,0.004155010815153403,0.5100456621004567,-1.4807077625570777,1.25,8,2023-02-06 09:30:00-05:00,2023-05-06 09:30:00-04:00
zscore_30,-2.5:-2.0,1,1080,-2.1701101356969114e-05,0.0,0.0005997267336909949,0.4777777777777778,-0.26828703703703705,0.0,8,2023-02-06 09:30:00-05:00,2023-05-06 09:30:00-04:00
zscore_30,-2.5:-2.0,3,1080,-2.8007186202574303e-05,2.9137914466015324e-05,0.0011529001887701858,0.5157407407407407,-0.31527777777777777,0.375,8,2023-02-06 09:30:00-05:00,2023-05-06 09:30:00-04:00
zscore_30,-2.5:-2.0,5,1080,-1.4676353445822599e-05,2.0181692966692033e-05,0.001509990563323554,0.5046296296296297,-0.1372685185185185,0.25,8,2023-02-06 09:30:00-05:00,2023-05-06 09:30:00-04:00
zscore_30,-2.5:-2.0,10,1079,-1.9264558578902154e-05,0.0,0.0019221280968339477,0.4976830398517145,-0.20366079703429102,0.0,8,2023-02-06 09:30:00-05:00,2023-05-06 09:30:00-04:00
zscore_30,-2.5:-2.0,20,1077,0.0001248560117488453,5.916226236490907e-05,0.0026322439699366916,0.5171773444753947,1.5276230269266482,0.75,8,2023-02-06 09:30:00-05:00,2023-05-06 09:30:00-04:00
zscore_30,-2.5:-2.0,30,1077,0.00017912406472520427,0.00015531567911786226,0.003012163759307136,0.5283194057567316,2.175255338904364,2.0,8,2023-02-06 09:30:00-05:00,2023-05-06 09:30:00-04:00
zscore_30,-2.5:-2.0,60,1072,-0.00012939608313370713,3.833701846078785e-05,0.0039780899557122894,0.5065298507462687,-1.6602145522388059,0.5,8,2023-02-06 09:30:00-05:00,2023-05-06 09:30:00-04:00
zscore_30,0:1.0,1,6892,2.866750867228839e-07,0.0,0.0005841147802748693,0.4978235635519443,0.0008705745792222867,0.0,8,2023-02-06 09:30:00-05:00,2023-05-06 09:30:00-04:00
zscore_30,0:1.0,3,6892,-1.6835709195855824e-06,1.9096907271531904e-05,0.0009744992864025789,0.5049332559489262,-0.03166715031921068,0.25,8,2023-02-06 09:30:00-05:00,2023-05-06 09:30:00-04:00
zscore_30,0:1.0,5,6892,-1.2485058585575557e-05,1.9809825797967306e-05,0.0012622789147353325,0.5094312246082414,-0.16486506094022055,0.25,8,2023-02-06 09:30:00-05:00,2023-05-06 09:30:00-04:00
zscore_30,0:1.0,10,6891,-7.792758125975564e-06,3.844157841115248e-05,0.001905237859096435,0.5119721375707444,-0.11282832680307647,0.5,8,2023-02-06 09:30:00-05:00,2023-05-06 09:30:00-04:00
zscore_30,0:1.0,20,6891,3.195735811371631e-05,0.00011672924651273675,0.0027334972619660787,0.5354810622551154,0.3798795530401974,1.5,8,2023-02-06 09:30:00-05:00,2023-05-06 09:30:00-04:00
zscore_30,0:1.0,30,6883,9.888067908192965e-06,0.0001703932297090205,0.003331171196426822,0.5423507191631556,0.0923652477117536,2.25,8,2023-02-06 09:30:00-05:00,2023-05-06 09:30:00-04:00
zscore_30,0:1.0,60,6879,0.00020852366712135033,0.00043958678841882204,0.004567329584809088,0.5468818142171827,2.5276202936473324,5.5,8,2023-02-06 09:30:00-05:00,2023-05-06 09:30:00-04:00
zscore_30,1.0:1.5,1,3866,1.1192392633038931e-05,1.8953753088135628e-05,0.0005400384354825093,0.5041386445938955,0.1355406104500776,0.25,8,2023-02-06 09:30:00-05:00,2023-05-06 09:30:00-04:00
zscore_30,1.0:1.5,3,3866,2.1674524971753063e-05,1.943334727982915e-05,0.0009662449233383795,0.5072426280393171,0.26745990688049665,0.25,8,2023-02-06 09:30:00-05:00,2023-05-06 09:30:00-04:00
zscore_30,1.0:1.5,5,3866,1.719441729306151e-05,3.801089111199474e-05,0.001232816084346207,0.5137092602172788,0.20162959130884636,0.5,8,2023-02-06 09:30:00-05:00,2023-05-06 09:30:00-04:00
zscore_30,1.0:1.5,10,3866,4.345843830617107e-05,9.415062380158101e-05,0.001732050100763121,0.532591826176927,0.5363424728401448,1.25,8,2023-02-06 09:30:00-05:00,2023-05-06 09:30:00-04:00
zscore_30,1.0:1.5,20,3866,3.025347301169925e-05,0.00015318182284795867,0.0025839033610761462,0.5377651319192964,0.3658173823072944,2.0,8,2023-02-06 09:30:00-05:00,2023-05-06 09:30:00-04:00
zscore_30,1.0:1.5,30,3865,8.616195260924727e-05,0.0002283800243605416,0.0031407025423038533,0.5498059508408797,1.0633893919793014,3.0,8,2023-02-06 09:30:00-05:00,2023-05-06 09:30:00-04:00
zscore_30,1.0:1.5,60,3865,0.0003956473661185991,0.0006538149109425184,0.004207725531614932,0.5736093143596378,4.941526520051746,8.25,8,2023-02-06 09:30:00-05:00,2023-05-06 09:30:00-04:00
zscore_30,1.5:2.0,1,2749,-1.0394384618587923e-06,-1.8908238319403914e-05,0.0005506342924535728,0.4707166242269916,-0.004728992360858494,-0.25,8,2023-02-06 09:30:00-05:00,2023-05-06 09:30:00-04:00
zscore_30,1.5:2.0,3,2749,4.218306779039961e-06,0.0,0.0009324223458383819,0.49363404874499817,0.06111313204801746,0.0,8,2023-02-06 09:30:00-05:00,2023-05-06 09:30:00-04:00
zscore_30,1.5:2.0,5,2749,2.9214967560459577e-05,0.0,0.0012093359422126408,0.49363404874499817,0.3646780647508185,0.0,8,2023-02-06 09:30:00-05:00,2023-05-06 09:30:00-04:00
zscore_30,1.5:2.0,10,2749,1.2238785706039408e-05,3.86839712964715e-05,0.0015915142933434,0.5165514732630048,0.14805383775918515,0.5,8,2023-02-06 09:30:00-05:00,2023-05-06 09:30:00-04:00
zscore_30,1.5:2.0,20,2749,-2.9892915629875947e-05,9.967903351215668e-05,0.0023384422382138293,0.5245543834121499,-0.3917788286649691,1.25,8,2023-02-06 09:30:00-05:00,2023-05-06 09:30:00-04:00
zscore_30,1.5:2.0,30,2749,5.2264773492447447e-05,0.00019104386367119197,0.002899566212907021,0.5391051291378683,0.6568752273554019,2.5,8,2023-02-06 09:30:00-05:00,2023-05-06 09:30:00-04:00
zscore_30,1.5:2.0,60,2749,0.0002859457368284417,0.0005782421438826901,0.004016175059250272,0.5780283739541652,3.6271371407784647,7.5,8,2023-02-06 09:30:00-05:00,2023-05-06 09:30:00-04:00
zscore_30,2.0:2.5,1,1194,6.4348977579240005e-06,-1.9125033746014708e-05,0.0005375690238797222,0.4639865996649916,0.08312395309882747,-0.25,8,2023-02-06 09:30:00-05:00,2023-05-06 09:30:00-04:00
zscore_30,2.0:2.5,3,1194,1.5392851421123147e-05,-1.9232648207356817e-05,0.0009022761033505958,0.48659966499162477,0.19660804020100503,-0.25,8,2023-02-06 09:30:00-05:00,2023-05-06 09:30:00-04:00
zscore_30,2.0:2.5,5,1194,2.48436345787158e-05,0.0,0.0011472700987631387,0.490787269681742,0.32097989949748745,0.0,8,2023-02-06 09:30:00-05:00,2023-05-06 09:30:00-04:00
zscore_30,2.0:2.5,10,1194,4.621938568242222e-06,0.0,0.001543399409928546,0.4983249581239531,0.06092964824120603,0.0,8,2023-02-06 09:30:00-05:00,2023-05-06 09:30:00-04:00
zscore_30,2.0:2.5,20,1194,-4.8664909032975033e-05,2.874591762092038e-05,0.0023270515340924865,0.5025125628140703,-0.6111809045226131,0.375,8,2023-02-06 09:30:00-05:00,2023-05-06 09:30:00-04:00
zscore_30,2.0:2.5,30,1194,-3.4586532917956506e-05,0.00010854396469872629,0.0029795309197312454,0.516750418760469,-0.44221105527638194,1.375,8,2023-02-06 09:30:00-05:00,2023-05-06 09:30:00-04:00
zscore_30,2.0:2.5,60,1194,0.00013615467036096532,0.00048779952555821904,0.004238887318978114,0.551926298157454,1.7405778894472361,6.0,8,2023-02-06 09:30:00-05:00,2023-05-06 09:30:00-04:00
zscore_30,<=-2.5,1,555,6.0189644462963255e-06,0.0,0.0008540621592223165,0.4990990990990991,0.0945945945945946,0.0,8,2023-02-06 09:30:00-05:00,2023-05-06 09:30:00-04:00
zscore_30,<=-2.5,3,555,2.5765653036555176e-06,0.0,0.0013353568937747571,0.4864864864864865,0.05945945945945946,0.0,8,2023-02-06 09:30:00-05:00,2023-05-06 09:30:00-04:00
zscore_30,<=-2.5,5,555,-8.61960418441341e-06,2.020079591136259e-05,0.0017254338051630434,0.5063063063063064,-0.0509009009009009,0.25,8,2023-02-06 09:30:00-05:00,2023-05-06 09:30:00-04:00
zscore_30,<=-2.5,10,555,5.98487592266365e-06,3.9664438847397676e-05,0.0021623319301454056,0.5099099099099099,0.14144144144144144,0.5,8,2023-02-06 09:30:00-05:00,2023-05-06 09:30:00-04:00
zscore_30,<=-2.5,20,550,5.4262013028324753e-05,6.091229311544488e-05,0.00278886277280939,0.5163636363636364,0.6309090909090909,0.75,8,2023-02-06 09:30:00-05:00,2023-05-06 09:30:00-04:00
zscore_30,<=-2.5,30,550,0.00020878266686959155,5.682637937409751e-05,0.003501720810710258,0.5109090909090909,2.525909090909091,0.75,8,2023-02-06 09:30:00-05:00,2023-05-06 09:30:00-04:00
zscore_30,<=-2.5,60,550,-0.00035463351691227354,-0.00031847064345658094,0.004237476008222892,0.4636363636363636,-4.557272727272728,-4.0,8,2023-02-06 09:30:00-05:00,2023-05-06 09:30:00-04:00
zscore_30,>=2.5,1,516,-1.9318797231902236e-05,-2.0541128528617225e-05,0.0006856382559376654,0.45930232558139533,-0.25193798449612403,-0.25,8,2023-02-06 09:30:00-05:00,2023-05-06 09:30:00-04:00
zscore_30,>=2.5,3,516,-6.009963149052195e-05,-5.690427643695317e-05,0.0011586335394598443,0.47093023255813954,-0.75,-0.75,8,2023-02-06 09:30:00-05:00,2023-05-06 09:30:00-04:00
zscore_30,>=2.5,5,516,-8.978801619726058e-05,-2.001329005318908e-05,0.0014613323715167283,0.48255813953488375,-1.0968992248062015,-0.25,8,2023-02-06 09:30:00-05:00,2023-05-06 09:30:00-04:00
zscore_30,>=2.5,10,516,-6.0921769707624896e-05,-2.9779094626092295e-05,0.0022547784844281337,0.49224806201550386,-0.7727713178294574,-0.375,8,2023-02-06 09:30:00-05:00,2023-05-06 09:30:00-04:00
zscore_30,>=2.5,20,516,-5.420859775606174e-05,2.939742032481707e-05,0.0024536294408590053,0.5135658914728682,-0.7044573643410853,0.375,8,2023-02-06 09:30:00-05:00,2023-05-06 09:30:00-04:00
zscore_30,>=2.5,30,516,6.197040458550519e-05,0.00044524536526602265,0.003234429697767448,0.5717054263565892,0.7281976744186046,5.625,8,2023-02-06 09:30:00-05:00,2023-05-06 09:30:00-04:00
zscore_30,>=2.5,60,516,-5.165020760873337e-06,0.0004258822703797627,0.0045470272434926795,0.5658914728682171,-0.1569767441860465,5.625,8,2023-02-06 09:30:00-05:00,2023-05-06 09:30:00-04:00
zscore_60,-1.0:0,1,6096,2.0581259202011503e-06,0.0,0.0006381878581110768,0.4898293963254593,0.02382709973753281,0.0,8,2023-02-06 09:30:00-05:00,2023-05-06 09:30:00-04:00
zscore_60,-1.0:0,3,6095,-1.3765582575084319e-05,0.0,0.0011361735690762105,0.4995898277276456,-0.1815422477440525,0.0,8,2023-02-06 09:30:00-05:00,2023-05-06 09:30:00-04:00
zscore_60,-1.0:0,5,6094,-2.9239792441790192e-05,1.8931329464066948e-05,0.0014481428378833245,0.501148670823761,-0.3783229405973088,0.25,8,2023-02-06 09:30:00-05:00,2023-05-06 09:30:00-04:00
zscore_60,-1.0:0,10,6090,-4.9668305804251794e-05,2.932732662708215e-05,0.0019816669161382716,0.5083743842364532,-0.6351806239737274,0.375,8,2023-02-06 09:30:00-05:00,2023-05-06 09:30:00-04:00
zscore_60,-1.0:0,20,6086,-8.820072236051266e-05,5.7794084034279436e-05,0.002800206339268434,0.5113374958922117,-1.1161682550115017,0.75,8,2023-02-06 09:30:00-05:00,2023-05-06 09:30:00-04:00
zscore_60,-1.0:0,30,6076,-0.00011780424826149566,5.846365980921586e-05,0.003494423549753353,0.5082290980908493,-1.5274851876234365,0.75,8,2023-02-06 09:30:00-05:00,2023-05-06 09:30:00-04:00
zscore_60,-1.0:0,60,6072,1.1197804381592031e-05,0.0001137387663064926,0.004796899364416204,0.5090579710144928,0.07555171277997365,1.5,8,2023-02-06 09:30:00-05:00,2023-05-06 09:30:00-04:00
zscore_60,-1.5:-1.0,1,3028,-1.0542305381937518e-05,0.0,0.0005353823898929746,0.488441215323646,-0.13705416116248348,0.0,8,2023-02-06 09:30:00-05:00,2023-05-06 09:30:00-04:00
zscore_60,-1.5:-1.0,3,3027,2.8189286103450787e-06,1.936708370453566e-05,0.0009634512607943677,0.5051205814337628,0.04360753221010902,0.25,8,2023-02-06 09:30:00-05:00,2023-05-06 09:30:00-04:00
zscore_60,-1.5:-1.0,5,3026,1.4712868269383728e-05,5.696815882783035e-05,0.0012565813282710216,0.5175148711169861,0.19563780568407138,0.75,8,2023-02-06 09:30:00-05:00,2023-05-06 09:30:00-04:00
zscore_60,-1.5:-1.0,10,3025,5.754926179826357e-05,7.924401212422438e-05,0.0016646994670909084,0.5295867768595042,0.7333884297520661,1.0,8,2023-02-06 09:30:00-05:00,2023-05-06 09:30:00-04:00
zscore_60,-1.5:-1.0,20,3019,7.079302024249144e-06,4.1781565973009194e-05,0.002440893269232648,0.5067903279231534,0.0779231533620404,0.5,8,2023-02-06 09:30:00-05:00,2023-05-06 09:30:00-04:00
zscore_60,-1.5:-1.0,30,3019,-0.00011017466062475614,-4.114803003807399e-05,0.002897858804354269,0.48923484597548855,-1.4051838357071877,-0.5,8,2023-02-06 09:30:00-05:00,2023-05-06 09:30:00-04:00
zscore_60,-1.5:-1.0,60,3006,-0.0004611940994045923,-0.00038158442000568726,0.00446172259647771,0.4590818363273453,-5.823769128409847,-5.0,8,2023-02-06 09:30:00-05:00,2023-05-06 09:30:00-04:00
zscore_60,-2.0:-1.5,1,2190,6.906789206594169e-06,0.0,0.0005700027172555795,0.49726027397260275,0.08276255707762557,0.0,8,2023-02-06 09:30:00-05:00,2023-05-06 09:30:00-04:00
zscore_60,-2.0:-1.5,3,2190,2.5028615207900097e-05,2.071465633879388e-05,0.000990835732103688,0.5123287671232877,0.2987442922374429,0.25,8,2023-02-06 09:30:00-05:00,2023-05-06 09:30:00-04:00
zscore_60,-2.0:-1.5,5,2190,6.12534398178856e-05,3.82566500236603e-05,0.0012636668022785592,0.5114155251141552,0.7479452054794521,0.5,8,2023-02-06 09:30:00-05:00,2023-05-06 09:30:00-04:00
zscore_60,-2.0:-1.5,10,2190,0.00010688260599993808,7.613429215491685e-05,0.0016870626687273886,0.5264840182648401,1.3229452054794522,1.0,8,2023-02-06 09:30:00-05:00,2023-05-06 09:30:00-04:00
zscore_60,-2.0:-1.5,20,2190,0.00019497508044198566,0.00013987262569192804,0.0022852348408824207,0.5374429223744293,2.405936073059361,1.75,8,2023-02-06 09:30:00-05:00,2023-05-06 09:30:00-04:00
zscore_60,-2.0:-1.5,30,2190,0.00022463323401681972,0.00014118169248877876,0.002765806071085773,0.5319634703196348,2.794178082191781,1.75,8,2023-02-06 09:30:00-05:00,2023-05-06 09:30:00-04:00
zscore_60,-2.0:-1.5,60,2185,-8.739992166543774e-05,0.0,0.004138598810015085,0.4988558352402746,-1.1519450800915332,0.0,8,2023-02-06 09:30:00-05:00,2023-05-06 09:30:00-04:00
zscore_60,-2.5:-2.0,1,1062,4.618680120964535e-06,0.0,0.00065960548588976,0.4962335216572505,0.057674199623352164,0.0,8,2023-02-06 09:30:00-05:00,2023-05-06 09:30:00-04:00
zscore_60,-2.5:-2.0,3,1062,1.4753101934054536e-05,1.8945156762484316e-05,0.0010948547137716962,0.5018832391713748,0.15630885122410546,0.25,8,2023-02-06 09:30:00-05:00,2023-05-06 09:30:00-04:00
zscore_60,-2.5:-2.0,5,1062,2.514828823387812e-05,9.484966328354716e-06,0.0014328051497604327,0.5,0.2627118644067797,0.125,8,2023-02-06 09:30:00-05:00,2023-05-06 09:30:00-04:00
zscore_60,-2.5:-2.0,10,1062,3.749847791406154e-05,1.9084516864276146e-05,0.0019876033016791184,0.5009416195856874,0.3439265536723164,0.25,8,2023-02-06 09:30:00-05:00,2023-05-06 09:30:00-04:00
zscore_60,-2.5:-2.0,20,1062,0.00018540728549672425,0.00011296249188119667,0.0026545468790248002,0.5254237288135594,2.181261770244821,1.5,8,2023-02-06 09:30:00-05:00,2023-05-06 09:30:00-04:00
zscore_60,-2.5:-2.0,30,1062,0.0002497552936412589,0.00011351431036532578,0.0031807899826534177,0.5263653483992468,3.0263653483992465,1.375,8,2023-02-06 09:30:00-05:00,2023-05-06 09:30:00-04:00
zscore_60,-2.5:-2.0,60,1055,-0.00023771084188062045,-0.00012550200803207456,0.0042130189043459425,0.4872037914691943,-3.1597156398104267,-1.5,8,2023-02-06 09:30:00-05:00,2023-05-06 09:30:00-04:00
zscore_60,0:1.0,1,6903,-7.48451667076363e-06,0.0,0.0005708168346342278,0.4978994640011589,-0.09814573373895408,0.0,8,2023-02-06 09:30:00-05:00,2023-05-06 09:30:00-04:00
zscore_60,0:1.0,3,6903,-1.3734461592754971e-05,0.0,0.0009898804545668866,0.4990583804143126,-0.18089960886571055,0.0,8,2023-02-06 09:30:00-05:00,2023-05-06 09:30:00-04:00
zscore_60,0:1.0,5,6903,-2.299276161490246e-05,1.983812093309112e-05,0.0013178345000824175,0.5089091699261191,-0.29986962190352023,0.25,8,2023-02-06 09:30:00-05:00,2023-05-06 09:30:00-04:00
zscore_60,0:1.0,10,6903,-1.530296929729025e-05,2.018448620400015e-05,0.002015767328073966,0.5065913370998116,-0.21291467477908155,0.25,8,2023-02-06 09:30:00-05:00,2023-05-06 09:30:00-04:00
zscore_60,0:1.0,20,6903,2.0419282750774646e-05,0.00011409013120355915,0.002871620623447526,0.5310734463276836,0.19690714182239605,1.5,8,2023-02-06 09:30:00-05:00,2023-05-06 09:30:00-04:00
zscore_60,0:1.0,30,6903,7.846866460109103e-05,0.0002172496198131757,0.0034158998366353426,0.5430972041141533,0.9058380414312618,2.75,8,2023-02-06 09:30:00-05:00,2023-05-06 09:30:00-04:00
zscore_60,0:1.0,60,6903,0.00038511514445123483,0.0005525388206153448,0.004484646007108222,0.5641025641025641,4.655620744603795,7.25,8,2023-02-06 09:30:00-05:00,2023-05-06 09:30:00-04:00
zscore_60,1.0:1.5,1,3849,3.135323642105691e-05,1.9350219625069442e-05,0.0005335493964582371,0.5138997142114835,0.39536243180046765,0.25,8,2023-02-06 09:30:00-05:00,2023-05-06 09:30:00-04:00
zscore_60,1.0:1.5,3,3849,5.241515040818743e-05,3.822264691821786e-05,0.0009102384511968371,0.5237724084177708,0.663548973759418,0.5,8,2023-02-06 09:30:00-05:00,2023-05-06 09:30:00-04:00
zscore_60,1.0:1.5,5,3849,7.314447504981108e-05,5.715701030739595e-05,0.00114695719986901,0.5268901013250195,0.9297220057157703,0.75,8,2023-02-06 09:30:00-05:00,2023-05-06 09:30:00-04:00
zscore_60,1.0:1.5,10,3849,0.00011787990072547095,0.00010130480589998214,0.0016812738788150156,0.5437776045726163,1.502208365809301,1.25,8,2023-02-06 09:30:00-05:00,2023-05-06 09:30:00-04:00
zscore_60,1.0:1.5,20,3849,0.000198421885261349,0.0002474540782335666,0.0024147761412088025,0.5702779942842297,2.559885684593401,3.25,8,2023-02-06 09:30:00-05:00,2023-05-06 09:30:00-04:00
zscore_60,1.0:1.5,30,3849,0.000231991022958103,0.00031514674020094446,0.0029582885614818618,0.5827487659132242,2.979670044167316,4.0,8,2023-02-06 09:30:00-05:00,2023-05-06 09:30:00-04:00
zscore_60,1.0:1.5,60,3849,0.0005766652658958274,0.0007434637148404644,0.004088847972807681,0.5936606910885944,7.276825149389452,9.5,8,2023-02-06 09:30:00-05:00,2023-05-06 09:30:00-04:00
zscore_60,1.5:2.0,1,2766,2.872821290538903e-06,0.0,0.0004908216263357646,0.4953000723065799,0.042932031814895154,0.0,8,2023-02-06 09:30:00-05:00,2023-05-06 09:30:00-04:00
zscore_60,1.5:2.0,3,2766,1.9113285042542095e-05,1.8896626495013003e-05,0.0008876473670046212,0.5021691973969631,0.24918655097613882,0.25,8,2023-02-06 09:30:00-05:00,2023-05-06 09:30:00-04:00
zscore_60,1.5:2.0,5,2766,2.8015719106400578e-05,3.7561155449838957e-05,0.001141302966030618,0.5104844540853217,0.3530368763557484,0.5,8,2023-02-06 09:30:00-05:00,2023-05-06 09:30:00-04:00
zscore_60,1.5:2.0,10,2766,4.7208175447642674e-05,6.145420137815272e-05,0.0015376569554037863,0.5343456254519161,0.5968004338394793,0.75,8,2023-02-06 09:30:00-05:00,2023-05-06 09:30:00-04:00
zscore_60,1.5:2.0,20,2766,5.363582958185354e-05,0.00015161464413160353,0.0021649635442217083,0.5404916847433117,0.6663051337671728,2.0,8,2023-02-06 09:30:00-05:00,2023-05-06 09:30:00-04:00
zscore_60,1.5:2.0,30,2766,0.00012652754259826239,0.00022704013746610574,0.002511114749377221,0.5524222704266089,1.6158712942877802,3.0,8,2023-02-06 09:30:00-05:00,2023-05-06 09:30:00-04:00
zscore_60,1.5:2.0,60,2766,0.0003294484175544265,0.0006031203886572856,0.003590205569659055,0.5809833694866233,4.216738973246565,7.75,8,2023-02-06 09:30:00-05:00,2023-05-06 09:30:00-04:00
zscore_60,2.0:2.5,1,1252,-6.978788086219511e-06,-1.9406942663613425e-05,0.0005294127403673077,0.45926517571884984,-0.09564696485623003,-0.25,8,2023-02-06 09:30:00-05:00,2023-05-06 09:30:00-04:00
zscore_60,2.0:2.5,3,1252,1.947808851517008e-05,1.9618671624810347e-05,0.00084846113338359,0.5103833865814696,0.21645367412140576,0.25,8,2023-02-06 09:30:00-05:00,2023-05-06 09:30:00-04:00
zscore_60,2.0:2.5,5,1252,3.604566889917442e-05,1.893249554951737e-05,0.001098515451395819,0.5023961661341853,0.4091453674121406,0.25,8,2023-02-06 09:30:00-05:00,2023-05-06 09:30:00-04:00
zscore_60,2.0:2.5,10,1252,2.534491247410498e-05,5.6802461287031036e-05,0.0014992754425909548,0.5207667731629393,0.2817492012779553,0.75,8,2023-02-06 09:30:00-05:00,2023-05-06 09:30:00-04:00
zscore_60,2.0:2.5,20,1252,-7.85892976380009e-05,1.9989253448815525e-05,0.002236299620708399,0.5007987220447284,-1.0287539936102237,0.25,8,2023-02-06 09:30:00-05:00,2023-05-06 09:30:00-04:00
zscore_60,2.0:2.5,30,1252,6.942701824904938e-05,0.0001810010356484426,0.002633855264986017,0.542332268370607,0.8278753993610224,2.25,8,2023-02-06 09:30:00-05:00,2023-05-06 09:30:00-04:00
zscore_60,2.0:2.5,60,1252,0.0001992504229455072,0.0005010029491870904,0.003890697721329933,0.5758785942492013,2.5309504792332267,6.25,8,2023-02-06 09:30:00-05:00,2023-05-06 09:30:00-04:00
zscore_60,<=-2.5,1,708,3.278646849959172e-05,3.795877435475159e-05,0.000805427339689011,0.518361581920904,0.4300847457627119,0.5,8,2023-02-06 09:30:00-05:00,2023-05-06 09:30:00-04:00
zscore_60,<=-2.5,3,708,8.694459248239771e-05,4.197806621264455e-05,0.001327759911220616,0.5169491525423728,1.1398305084745763,0.5,8,2023-02-06 09:30:00-05:00,2023-05-06 09:30:00-04:00
zscore_60,<=-2.5,5,708,0.00012558087938127486,0.00012431975865689893,0.0016193608704286845,0.5409604519774012,1.6394774011299436,1.5,8,2023-02-06 09:30:00-05:00,2023-05-06 09:30:00-04:00
zscore_60,<=-2.5,10,708,0.00010263825787528013,0.00010263215677763782,0.002206905166636698,0.5211864406779662,1.2796610169491525,1.25,8,2023-02-06 09:30:00-05:00,2023-05-06 09:30:00-04:00
zscore_60,<=-2.5,20,708,0.0004147495254691458,0.0002100531067312783,0.0030939630086272156,0.5437853107344632,5.008474576271187,2.625,8,2023-02-06 09:30:00-05:00,2023-05-06 09:30:00-04:00
zscore_60,<=-2.5,30,708,0.0007067241917823276,0.00035134457653729356,0.00378016395050126,0.5522598870056498,8.603460451977401,4.625,8,2023-02-06 09:30:00-05:00,2023-05-06 09:30:00-04:00
zscore_60,<=-2.5,60,707,-0.00013270222352330268,-0.0001416201343368284,0.004386920270865944,0.48656294200848654,-1.9664073550212164,-1.75,8,2023-02-06 09:30:00-05:00,2023-05-06 09:30:00-04:00
zscore_60,>=2.5,1,705,-3.711045388192024e-05,-3.796507213360556e-05,0.0007250934723541639,0.451063829787234,-0.47092198581560285,-0.5,8,2023-02-06 09:30:00-05:00,2023-05-06 09:30:00-04:00
zscore_60,>=2.5,3,705,-6.685967823434257e-05,-9.525079534411507e-05,0.0011865648444870133,0.44397163120567373,-0.8581560283687943,-1.25,8,2023-02-06 09:30:00-05:00,2023-05-06 09:30:00-04:00
zscore_60,>=2.5,5,705,-5.731213087972745e-05,-3.8064786266223116e-05,0.0015015944477296409,0.47801418439716314,-0.747872340425532,-0.5,8,2023-02-06 09:30:00-05:00,2023-05-06 09:30:00-04:00
zscore_60,>=2.5,10,705,-0.00011691970612755458,0.0,0.0021287066377248527,0.49929078014184397,-1.5843971631205673,0.0,8,2023-02-06 09:30:00-05:00,2023-05-06 09:30:00-04:00
zscore_60,>=2.5,20,705,-9.720034154836639e-05,1.929310078718771e-05,0.0026684901222932254,0.5049645390070922,-1.3567375886524822,0.25,8,2023-02-06 09:30:00-05:00,2023-05-06 09:30:00-04:00
zscore_60,>=2.5,30,705,-0.00020645619785280469,0.00018763838330770888,0.003381111276026836,0.5177304964539007,-2.8,2.5,8,2023-02-06 09:30:00-05:00,2023-05-06 09:30:00-04:00
zscore_60,>=2.5,60,705,-0.000435206999397215,0.00026638798385270057,0.005462297083954947,0.5234042553191489,-5.8790780141843975,3.5,8,2023-02-06 09:30:00-05:00,2023-05-06 09:30:00-04:00
zscore_30,-1.0:0,1,6277,5.142308886352438e-06,1.59159637116435e-05,0.0004846962351928956,0.5032658913493707,0.0777043173490521,0.25,9,2023-05-06 09:30:00-04:00,2023-08-06 09:30:00-04:00
zscore_30,-1.0:0,3,6277,1.4545090510627016e-05,1.7429193899687334e-05,0.0008412546042743739,0.5125059741914928,0.21515054962561733,0.25,9,2023-05-06 09:30:00-04:00,2023-08-06 09:30:00-04:00
zscore_30,-1.0:0,5,6276,1.5951350701683287e-05,3.2120307366989564e-05,0.0011173394759158822,0.5160930528999362,0.2350621414913958,0.5,9,2023-05-06 09:30:00-04:00,2023-08-06 09:30:00-04:00
zscore_30,-1.0:0,10,6272,3.5253856161086704e-05,3.700317694688149e-05,0.0015466778496456227,0.5169005102040817,0.5352758290816326,0.5,9,2023-05-06 09:30:00-04:00,2023-08-06 09:30:00-04:00
zscore_30,-1.0:0,20,6267,3.100855908342356e-05,3.4765075005660506e-05,0.002106718270678415,0.511249401627573,0.4193792883357268,0.5,9,2023-05-06 09:30:00-04:00,2023-08-06 09:30:00-04:00
zscore_30,-1.0:0,30,6259,9.705840271914227e-05,5.1402429621427714e-05,0.0025212172213678083,0.5139798689886563,1.378335197315865,0.75,9,2023-05-06 09:30:00-04:00,2023-08-06 09:30:00-04:00
zscore_30,-1.0:0,60,6259,0.00025740256392392313,0.0003091089527713642,0.0035387144726873767,0.5500878734622144,3.595262821536987,4.5,9,2023-05-06 09:30:00-04:00,2023-08-06 09:30:00-04:00
zscore_30,-1.5:-1.0,1,2933,2.458800296536704e-06,1.5926102882701798e-05,0.00046697208782947515,0.5042618479372656,0.027616774633481077,0.25,9,2023-05-06 09:30:00-04:00,2023-08-06 09:30:00-04:00
zscore_30,-1.5:-1.0,3,2933,2.133618078571151e-06,1.882707333145106e-05,0.0007899667925000106,0.5196045005114217,0.014234572110467098,0.25,9,2023-05-06 09:30:00-04:00,2023-08-06 09:30:00-04:00
zscore_30,-1.5:-1.0,5,2933,-1.8049874776820685e-06,4.9708377518609126e-05,0.0010598679428045223,0.5250596658711217,-0.04969314694851688,0.75,9,2023-05-06 09:30:00-04:00,2023-08-06 09:30:00-04:00
zscore_30,-1.5:-1.0,10,2933,7.655411516994812e-05,4.7785919082610206e-05,0.0016208315726760965,0.515854074326628,1.099982952608251,0.75,9,2023-05-06 09:30:00-04:00,2023-08-06 09:30:00-04:00
zscore_30,-1.5:-1.0,20,2932,0.00018195386394772106,0.0001066169098611347,0.0022846226188661637,0.5351296043656207,2.6325034106412004,1.5,9,2023-05-06 09:30:00-04:00,2023-08-06 09:30:00-04:00
zscore_30,-1.5:-1.0,30,2932,0.0003412344894694118,0.00021324771730479863,0.00282915639319054,0.5569577080491133,4.926159618008185,3.25,9,2023-05-06 09:30:00-04:00,2023-08-06 09:30:00-04:00
zscore_30,-1.5:-1.0,60,2932,0.0003608881144284381,0.000418811293348309,0.003865472125294139,0.5617326057298773,4.95949863574352,6.125,9,2023-05-06 09:30:00-04:00,2023-08-06 09:30:00-04:00
zscore_30,-2.0:-1.5,1,2177,1.1480386649688754e-05,1.6289828631110836e-05,0.0005476039716587611,0.5062011943040882,0.16421681212677997,0.25,9,2023-05-06 09:30:00-04:00,2023-08-06 09:30:00-04:00
zscore_30,-2.0:-1.5,3,2175,2.3210982841596354e-05,1.570672404849205e-05,0.0008947413745484926,0.5002298850574712,0.31632183908045974,0.25,9,2023-05-06 09:30:00-04:00,2023-08-06 09:30:00-04:00
zscore_30,-2.0:-1.5,5,2174,4.990179690626371e-05,3.5985462817023084e-05,0.0010845392473860264,0.5220791168353266,0.6996320147194113,0.5,9,2023-05-06 09:30:00-04:00,2023-08-06 09:30:00-04:00
zscore_30,-2.0:-1.5,10,2174,7.72196294800143e-05,0.00011426996423169467,0.0014630531935779668,0.547378104875805,1.0729070837166514,1.75,9,2023-05-06 09:30:00-04:00,2023-08-06 09:30:00-04:00
zscore_30,-2.0:-1.5,20,2174,0.0002992926021450418,0.0002461053831361859,0.002121486232744163,0.5722171113155474,4.37729990800368,3.75,9,2023-05-06 09:30:00-04:00,2023-08-06 09:30:00-04:00
zscore_30,-2.0:-1.5,30,2174,0.00035776813351693894,0.000327431390032662,0.002532420541649582,0.5745170193192273,5.195377184912603,4.75,9,2023-05-06 09:30:00-04:00,2023-08-06 09:30:00-04:00
zscore_30,-2.0:-1.5,60,2174,0.0003101729458461139,0.00042745659644460865,0.003495347475365338,0.5634774609015639,4.21918123275069,6.0,9,2023-05-06 09:30:00-04:00,2023-08-06 09:30:00-04:00
zscore_30,-2.5:-2.0,1,1051,-1.213805732604448e-06,1.628717547808023e-05,0.0004449158549205711,0.5080875356803045,-0.027354900095147478,0.25,9,2023-05-06 09:30:00-04:00,2023-08-06 09:30:00-04:00
zscore_30,-2.5:-2.0,3,1051,2.67741909337727e-05,3.3110390040391735e-05,0.0008434294948072991,0.5176022835394862,0.3660799238820171,0.5,9,2023-05-06 09:30:00-04:00,2023-08-06 09:30:00-04:00
zscore_30,-2.5:-2.0,5,1051,9.875811401708734e-05,5.546824443003473e-05,0.0011617066977839562,0.532825880114177,1.3998572787821122,0.75,9,2023-05-06 09:30:00-04:00,2023-08-06 09:30:00-04:00
zscore_30,-2.5:-2.0,10,1051,0.00013810023172975176,0.0001304908085537626,0.001540180458230904,0.5470980019029495,1.9493339676498573,2.0,9,2023-05-06 09:30:00-04:00,2023-08-06 09:30:00-04:00
zscore_30,-2.5:-2.0,20,1051,0.00018108887808298456,0.00020381693533444434,0.0021714913793246067,0.5423406279733587,2.5480494766888677,2.75,9,2023-05-06 09:30:00-04:00,2023-08-06 09:30:00-04:00
zscore_30,-2.5:-2.0,30,1051,0.00017436477888332975,0.00016392546855370504,0.0024847118277131924,0.5318744053282588,2.35918173168411,2.5,9,2023-05-06 09:30:00-04:00,2023-08-06 09:30:00-04:00
zscore_30,-2.5:-2.0,60,1051,0.00015160693918227352,0.00031645569620253333,0.0034147997243212155,0.544243577545195,1.8653663177925786,4.5,9,2023-05-06 09:30:00-04:00,2023-08-06 09:30:00-04:00
zscore_30,0:1.0,1,7073,-1.2120427204029407e-06,0.0,0.00041975687964148554,0.4986568641312032,-0.023010038173335218,0.0,9,2023-05-06 09:30:00-04:00,2023-08-06 09:30:00-04:00
zscore_30,0:1.0,3,7073,7.745273496503849e-06,1.715913380695433e-05,0.0007213720962203666,0.5109571610349215,0.10115933832885621,0.25,9,2023-05-06 09:30:00-04:00,2023-08-06 09:30:00-04:00
zscore_30,0:1.0,5,7073,1.4957131808172859e-05,3.1589588071812e-05,0.000953214423887412,0.5135020500494839,0.20118761487346246,0.5,9,2023-05-06 09:30:00-04:00,2023-08-06 09:30:00-04:00
zscore_30,0:1.0,10,7072,1.5107851042626565e-05,3.309231122805567e-05,0.001397201305865269,0.5141402714932126,0.16526442307692307,0.5,9,2023-05-06 09:30:00-04:00,2023-08-06 09:30:00-04:00
zscore_30,0:1.0,20,7068,7.781655634712194e-05,6.536290585701376e-05,0.002012812622622221,0.5222127900396152,1.0323995472552348,1.0,9,2023-05-06 09:30:00-04:00,2023-08-06 09:30:00-04:00
zscore_30,0:1.0,30,7066,0.00010273737214767177,9.849629857316966e-05,0.002485580226644957,0.5236343051231248,1.3493489951882254,1.5,9,2023-05-06 09:30:00-04:00,2023-08-06 09:30:00-04:00
zscore_30,0:1.0,60,7048,0.0004187043916534962,0.00028963588476182967,0.0036997316845750407,0.5505107832009081,5.999113223609535,4.25,9,2023-05-06 09:30:00-04:00,2023-08-06 09:30:00-04:00
zscore_30,1.0:1.5,1,3874,6.388021384104495e-06,7.789739355335001e-06,0.0003948971590644437,0.5,0.09170108415074858,0.125,9,2023-05-06 09:30:00-04:00,2023-08-06 09:30:00-04:00
zscore_30,1.0:1.5,3,3874,5.5998743725089145e-06,1.682844794681504e-05,0.000751375649109324,0.5054207537429014,0.07046979865771812,0.25,9,2023-05-06 09:30:00-04:00,2023-08-06 09:30:00-04:00
zscore_30,1.0:1.5,5,3874,1.949063454343125e-05,3.2110460114753714e-05,0.0009731580695239109,0.5082601961796592,0.2641972121837894,0.5,9,2023-05-06 09:30:00-04:00,2023-08-06 09:30:00-04:00
zscore_30,1.0:1.5,10,3874,5.870539994069517e-05,5.228904912801813e-05,0.0013785597055832235,0.5283944243675788,0.821115126484254,0.75,9,2023-05-06 09:30:00-04:00,2023-08-06 09:30:00-04:00
zscore_30,1.0:1.5,20,3874,0.0001230120614232389,0.00012175713042905656,0.00196476669111258,0.5387196695921528,1.737932369643779,1.75,9,2023-05-06 09:30:00-04:00,2023-08-06 09:30:00-04:00
zscore_30,1.0:1.5,30,3874,0.000193776873188983,0.00019006979663260815,0.002393875288066333,0.5415591120289107,2.7496128033040783,2.75,9,2023-05-06 09:30:00-04:00,2023-08-06 09:30:00-04:00
zscore_30,1.0:1.5,60,3867,0.0003266559572142917,0.00031975442859888403,0.0033831353431325404,0.5552107576933023,4.613589345746056,4.5,9,2023-05-06 09:30:00-04:00,2023-08-06 09:30:00-04:00
zscore_30,1.5:2.0,1,2721,6.371580995979524e-06,0.0,0.00038167486928195087,0.4994487320837927,0.09059169423006248,0.0,9,2023-05-06 09:30:00-04:00,2023-08-06 09:30:00-04:00
zscore_30,1.5:2.0,3,2721,3.464100966694953e-05,3.2899065666613936e-05,0.0006912190419496188,0.521866960676222,0.5071664829106945,0.5,9,2023-05-06 09:30:00-04:00,2023-08-06 09:30:00-04:00
zscore_30,1.5:2.0,5,2721,4.635157164501473e-05,3.71181470621984e-05,0.0008760737577503188,0.5214994487320838,0.6673098125689085,0.5,9,2023-05-06 09:30:00-04:00,2023-08-06 09:30:00-04:00
zscore_30,1.5:2.0,10,2721,5.3666729943132574e-05,5.384836300970086e-05,0.0012901771910150274,0.525909592061742,0.7409959573686145,0.75,9,2023-05-06 09:30:00-04:00,2023-08-06 09:30:00-04:00
zscore_30,1.5:2.0,20,2721,7.878068388880635e-05,0.00013636983499254463,0.001979596414325073,0.5406100698272693,1.1051084160235207,2.0,9,2023-05-06 09:30:00-04:00,2023-08-06 09:30:00-04:00
zscore_30,1.5:2.0,30,2721,0.00010540351749581322,0.00012167141764574119,0.002451867426304859,0.531789783167953,1.486402058066887,1.75,9,2023-05-06 09:30:00-04:00,2023-08-06 09:30:00-04:00
zscore_30,1.5:2.0,60,2719,0.0002443371136311261,0.00020709650697225968,0.003283165077212527,0.5288709084222141,3.4527399779330636,3.0,9,2023-05-06 09:30:00-04:00,2023-08-06 09:30:00-04:00
zscore_30,2.0:2.5,1,1090,-4.481745363351684e-06,0.0,0.0003981007692522696,0.47706422018348627,-0.07637614678899082,0.0,9,2023-05-06 09:30:00-04:00,2023-08-06 09:30:00-04:00
zscore_30,2.0:2.5,3,1090,-6.676110803285463e-06,0.0,0.0006825324542699932,0.4926605504587156,-0.11880733944954129,0.0,9,2023-05-06 09:30:00-04:00,2023-08-06 09:30:00-04:00
zscore_30,2.0:2.5,5,1090,6.3341338880232885e-06,0.0,0.0008693425880038257,0.4954128440366973,0.07522935779816514,0.0,9,2023-05-06 09:30:00-04:00,2023-08-06 09:30:00-04:00
zscore_30,2.0:2.5,10,1090,-1.1717176442233685e-05,4.927077885241715e-05,0.0013516094537463393,0.5220183486238532,-0.2779816513761468,0.75,9,2023-05-06 09:30:00-04:00,2023-08-06 09:30:00-04:00
zscore_30,2.0:2.5,20,1090,-1.8344047061883246e-05,8.197474454774145e-05,0.0019940958327656017,0.5211009174311927,-0.4708715596330275,1.25,9,2023-05-06 09:30:00-04:00,2023-08-06 09:30:00-04:00
zscore_30,2.0:2.5,30,1090,-5.7060167529509544e-05,2.5919704538246435e-05,0.0024879569163697023,0.5036697247706422,-1.0555045871559634,0.375,9,2023-05-06 09:30:00-04:00,2023-08-06 09:30:00-04:00
zscore_30,2.0:2.5,60,1088,0.00020287277409982771,0.00013041794541746032,0.0031494122001854675,0.5174632352941176,2.741498161764706,2.0,9,2023-05-06 09:30:00-04:00,2023-08-06 09:30:00-04:00
zscore_30,<=-2.5,1,591,3.884719578300671e-05,8.029677688736747e-05,0.0007195021239661377,0.5702199661590525,0.5782571912013537,1.25,9,2023-05-06 09:30:00-04:00,2023-08-06 09:30:00-04:00
zscore_30,<=-2.5,3,591,4.991922437454308e-05,9.107799919849668e-05,0.001108263200008088,0.5380710659898477,0.7174280879864636,1.25,9,2023-05-06 09:30:00-04:00,2023-08-06 09:30:00-04:00
zscore_30,<=-2.5,5,591,8.188658582181952e-05,0.0001565026866294783,0.0012685804790846036,0.5516074450084603,1.1565143824027073,2.25,9,2023-05-06 09:30:00-04:00,2023-08-06 09:30:00-04:00
zscore_30,<=-2.5,10,591,0.000206238004231037,0.0001628531878512529,0.001544138605612451,0.5651438240270727,2.9513536379018612,2.25,9,2023-05-06 09:30:00-04:00,2023-08-06 09:30:00-04:00
zscore_30,<=-2.5,20,591,0.0002447779296435107,0.0002801028142094264,0.0021431589866213103,0.5702199661590525,3.4428934010152283,4.25,9,2023-05-06 09:30:00-04:00,2023-08-06 09:30:00-04:00
zscore_30,<=-2.5,30,591,0.00042549139525114676,0.0003818758405418343,0.00254260514084626,0.5871404399323181,6.016920473773266,5.5,9,2023-05-06 09:30:00-04:00,2023-08-06 09:30:00-04:00
zscore_30,<=-2.5,60,591,0.0003754261350768723,0.000360087861438263,0.003586599168653506,0.5431472081218274,5.148054145516075,5.0,9,2023-05-06 09:30:00-04:00,2023-08-06 09:30:00-04:00
zscore_30,>=2.5,1,517,6.263512460134085e-05,0.0,0.0006499805220291264,0.4932301740812379,0.9061895551257253,0.0,9,2023-05-06 09:30:00-04:00,2023-08-06 09:30:00-04:00
zscore_30,>=2.5,3,517,0.00014111640002575882,9.203018590087098e-05,0.0010095637402087962,0.5377176015473888,2.0705996131528046,1.25,9,2023-05-06 09:30:00-04:00,2023-08-06 09:30:00-04:00
zscore_30,>=2.5,5,517,0.00013078133639775113,8.53446215820508e-05,0.0013043604218004044,0.5454545454545454,1.9081237911025144,1.25,9,2023-05-06 09:30:00-04:00,2023-08-06 09:30:00-04:00
zscore_30,>=2.5,10,517,0.0002533026351525344,0.00020779580598806469,0.001633918092890439,0.5725338491295938,3.7775628626692455,3.0,9,2023-05-06 09:30:00-04:00,2023-08-06 09:30:00-04:00
zscore_30,>=2.5,20,517,7.287035936256836e-05,0.00012850373463968445,0.0023271153955125934,0.5319148936170213,1.0227272727272727,1.75,9,2023-05-06 09:30:00-04:00,2023-08-06 09:30:00-04:00
zscore_30,>=2.5,30,517,-0.00010019277526139969,0.00018842714721301057,0.002915717866648541,0.5493230174081238,-1.6832688588007736,2.75,9,2023-05-06 09:30:00-04:00,2023-08-06 09:30:00-04:00
zscore_30,>=2.5,60,516,0.00022878155209534427,0.00010486283343602576,0.003823636926460467,0.5135658914728682,3.0334302325581395,1.625,9,2023-05-06 09:30:00-04:00,2023-08-06 09:30:00-04:00
zscore_60,-1.0:0,1,6404,6.041449721752487e-08,1.581040273923584e-05,0.0004847208085137682,0.5028107432854466,-0.0005465334166146158,0.25,9,2023-05-06 09:30:00-04:00,2023-08-06 09:30:00-04:00
zscore_60,-1.0:0,3,6402,1.3849981993263268e-05,1.6279883762626568e-05,0.0008507377610823338,0.5034364261168385,0.20395970009372072,0.25,9,2023-05-06 09:30:00-04:00,2023-08-06 09:30:00-04:00
zscore_60,-1.0:0,5,6401,2.576131902118969e-05,1.7340639522744894e-05,0.0011342207702270373,0.5077331666927043,0.3776363068270583,0.25,9,2023-05-06 09:30:00-04:00,2023-08-06 09:30:00-04:00
zscore_60,-1.0:0,10,6401,4.925685582149184e-05,3.155669159649044e-05,0.0016013286994589885,0.5096078737697235,0.7193797844086861,0.5,9,2023-05-06 09:30:00-04:00,2023-08-06 09:30:00-04:00
zscore_60,-1.0:0,20,6401,0.00014513126547661539,6.563725570640777e-05,0.0022863666566264153,0.5175753788470552,2.0851820028120605,1.0,9,2023-05-06 09:30:00-04:00,2023-08-06 09:30:00-04:00
zscore_60,-1.0:0,30,6401,0.00017757257029387395,0.00012925383606909868,0.002786424680354198,0.5272613654116545,2.4989845336666145,1.75,9,2023-05-06 09:30:00-04:00,2023-08-06 09:30:00-04:00
zscore_60,-1.0:0,60,6391,0.00028013688238879317,0.00031043722632517756,0.0036896618086575956,0.5493662963542482,3.830386480988891,4.75,9,2023-05-06 09:30:00-04:00,2023-08-06 09:30:00-04:00
zscore_60,-1.5:-1.0,1,2823,1.993663143174234e-05,1.6325730984645404e-05,0.0005142309638661442,0.5115125752745306,0.2809953949698902,0.25,9,2023-05-06 09:30:00-04:00,2023-08-06 09:30:00-04:00
zscore_60,-1.5:-1.0,3,2823,4.005554191211006e-05,4.8054590014334764e-05,0.0008476277984120087,0.538788522848034,0.5717321997874601,0.75,9,2023-05-06 09:30:00-04:00,2023-08-06 09:30:00-04:00
zscore_60,-1.5:-1.0,5,2823,5.524876120864288e-05,7.540056550414675e-05,0.001036756940296532,0.5494155154091392,0.7849805171803046,1.0,9,2023-05-06 09:30:00-04:00,2023-08-06 09:30:00-04:00
zscore_60,-1.5:-1.0,10,2823,8.857224004848234e-05,0.00011328143964517423,0.0014906789817304273,0.5518951470067305,1.2586787105915693,1.75,9,2023-05-06 09:30:00-04:00,2023-08-06 09:30:00-04:00
zscore_60,-1.5:-1.0,20,2823,2.5556783605565805e-05,9.40232550850073e-05,0.002072866004957976,0.5334750265674814,0.2473432518597237,1.5,9,2023-05-06 09:30:00-04:00,2023-08-06 09:30:00-04:00
zscore_60,-1.5:-1.0,30,2823,2.266556776736561e-05,9.4101409952696e-05,0.002438795716689885,0.5249734325185972,0.15444562522139568,1.5,9,2023-05-06 09:30:00-04:00,2023-08-06 09:30:00-04:00
zscore_60,-1.5:-1.0,60,2823,8.471721260046238e-05,0.00022959100003272503,0.003552590496422686,0.5345377258235919,0.9405773999291533,3.5,9,2023-05-06 09:30:00-04:00,2023-08-06 09:30:00-04:00
zscore_60,-2.0:-1.5,1,1836,2.201013439083511e-06,1.6044027084771706e-05,0.0004621519980675304,0.5038126361655774,0.03758169934640523,0.25,9,2023-05-06 09:30:00-04:00,2023-08-06 09:30:00-04:00
zscore_60,-2.0:-1.5,3,1836,-9.270392945135861e-06,3.260176173602858e-05,0.0007653001200653385,0.5190631808278867,-0.15236928104575165,0.5,9,2023-05-06 09:30:00-04:00,2023-08-06 09:30:00-04:00
zscore_60,-2.0:-1.5,5,1836,2.0127672783112647e-05,8.115910420913863e-05,0.0010165922378726243,0.5424836601307189,0.2568082788671024,1.25,9,2023-05-06 09:30:00-04:00,2023-08-06 09:30:00-04:00
zscore_60,-2.0:-1.5,10,1836,7.834784158716244e-05,0.0001140065165933235,0.001459417893254346,0.5473856209150327,1.0401688453159041,1.75,9,2023-05-06 09:30:00-04:00,2023-08-06 09:30:00-04:00
zscore_60,-2.0:-1.5,20,1836,0.0002002446281798384,0.00024944389157455227,0.0019393222880126437,0.5822440087145969,2.803921568627451,3.75,9,2023-05-06 09:30:00-04:00,2023-08-06 09:30:00-04:00
zscore_60,-2.0:-1.5,30,1836,0.0002949306928730963,0.00029865866706069166,0.0023437798608626557,0.5882352941176471,4.110838779956427,4.25,9,2023-05-06 09:30:00-04:00,2023-08-06 09:30:00-04:00
zscore_60,-2.0:-1.5,60,1836,0.00020622703826725857,0.0005011477529719421,0.003460211445679416,0.5784313725490197,2.5838779956427014,7.25,9,2023-05-06 09:30:00-04:00,2023-08-06 09:30:00-04:00
zscore_60,-2.5:-2.0,1,1078,-4.191624391581644e-06,1.6376682744900783e-05,0.0005326645584774048,0.5055658627087198,-0.0920686456400742,0.25,9,2023-05-06 09:30:00-04:00,2023-08-06 09:30:00-04:00
zscore_60,-2.5:-2.0,3,1078,1.3623981756931185e-05,1.579794756423336e-05,0.0009038233150078205,0.5027829313543599,0.13079777365491652,0.25,9,2023-05-06 09:30:00-04:00,2023-08-06 09:30:00-04:00
zscore_60,-2.5:-2.0,5,1078,-6.3380314010054625e-06,2.4860830552309032e-05,0.001099709741110234,0.5064935064935064,-0.19805194805194806,0.375,9,2023-05-06 09:30:00-04:00,2023-08-06 09:30:00-04:00
zscore_60,-2.5:-2.0,10,1078,-1.0621871641491907e-06,7.828891742112098e-06,0.0013859002114921595,0.5,-0.1437847866419295,0.125,9,2023-05-06 09:30:00-04:00,2023-08-06 09:30:00-04:00
zscore_60,-2.5:-2.0,20,1078,0.0001051742135805416,0.00014890477689499804,0.0018447381552711382,0.5454545454545454,1.4260204081632653,2.25,9,2023-05-06 09:30:00-04:00,2023-08-06 09:30:00-04:00
zscore_60,-2.5:-2.0,30,1078,0.00013793222846821102,0.0002718379639843338,0.0021831395218263223,0.5630797773654916,1.8202690166975881,4.0,9,2023-05-06 09:30:00-04:00,2023-08-06 09:30:00-04:00
zscore_60,-2.5:-2.0,60,1078,-9.013243406611642e-05,0.00038205804591895376,0.0035349979965980157,0.5528756957328386,-1.9471243042671613,5.625,9,2023-05-06 09:30:00-04:00,2023-08-06 09:30:00-04:00
zscore_60,0:1.0,1,7008,1.7825685109990154e-06,0.0,0.0004021116432430398,0.495291095890411,0.02572060502283105,0.0,9,2023-05-06 09:30:00-04:00,2023-08-06 09:30:00-04:00
zscore_60,0:1.0,3,7008,1.7645688538017779e-06,1.6268759940762934e-05,0.000715845652760553,0.5065639269406392,0.015803367579908675,0.25,9,2023-05-06 09:30:00-04:00,2023-08-06 09:30:00-04:00
zscore_60,0:1.0,5,7007,2.5884719908724568e-06,1.8501729911690745e-05,0.0009672874915319768,0.5120593692022264,0.024796631939489083,0.25,9,2023-05-06 09:30:00-04:00,2023-08-06 09:30:00-04:00
zscore_60,0:1.0,10,7002,2.3217389827914864e-05,3.4704749439007365e-05,0.0014682961998493298,0.5157097972007998,0.33122679234504426,0.5,9,2023-05-06 09:30:00-04:00,2023-08-06 09:30:00-04:00
zscore_60,0:1.0,20,6992,9.175539645781911e-05,3.593987266570231e-05,0.002069902725812977,0.5128718535469108,1.3531178489702518,0.5,9,2023-05-06 09:30:00-04:00,2023-08-06 09:30:00-04:00
zscore_60,0:1.0,30,6982,0.00022269539663035025,7.927135203877889e-05,0.002587703692703418,0.5207676883414495,3.318604984245202,1.25,9,2023-05-06 09:30:00-04:00,2023-08-06 09:30:00-04:00
zscore_60,0:1.0,60,6962,0.00046781047974808315,0.0002617980555698063,0.0036737594980810143,0.54596380350474,6.893241884515944,3.75,9,2023-05-06 09:30:00-04:00,2023-08-06 09:30:00-04:00
zscore_60,1.0:1.5,1,3912,-1.8451843886282647e-06,0.0,0.00045142011169520794,0.48951942740286297,-0.03291155419222904,0.0,9,2023-05-06 09:30:00-04:00,2023-08-06 09:30:00-04:00
zscore_60,1.0:1.5,3,3912,1.1107103089963971e-05,1.7380727317495293e-05,0.0007322372670976697,0.5120143149284253,0.14947597137014315,0.25,9,2023-05-06 09:30:00-04:00,2023-08-06 09:30:00-04:00
zscore_60,1.0:1.5,5,3912,2.5410117509903134e-05,1.7320850790869535e-05,0.0009400961255764202,0.5094580777096115,0.3560838445807771,0.25,9,2023-05-06 09:30:00-04:00,2023-08-06 09:30:00-04:00
zscore_60,1.0:1.5,10,3912,3.63458943258139e-05,4.8979143316696394e-05,0.0012728589050326432,0.5247955010224948,0.48185071574642124,0.75,9,2023-05-06 09:30:00-04:00,2023-08-06 09:30:00-04:00
zscore_60,1.0:1.5,20,3912,0.00011461243074688126,0.00016117486932110126,0.0018400044989725472,0.5488241308793456,1.5738113496932515,2.5,9,2023-05-06 09:30:00-04:00,2023-08-06 09:30:00-04:00
zscore_60,1.0:1.5,30,3912,0.00011365087331492363,0.00015794918775613453,0.0022262765261806526,0.5350204498977505,1.5,2.25,9,2023-05-06 09:30:00-04:00,2023-08-06 09:30:00-04:00
zscore_60,1.0:1.5,60,3912,0.00038419112029201505,0.00036009674132708724,0.003380291772635141,0.5598159509202454,5.545245398773006,5.375,9,2023-05-06 09:30:00-04:00,2023-08-06 09:30:00-04:00
zscore_60,1.5:2.0,1,2591,7.275565281880197e-06,1.5812526683589567e-05,0.00036178715768098684,0.5021227325357005,0.10488228483211115,0.25,9,2023-05-06 09:30:00-04:00,2023-08-06 09:30:00-04:00
zscore_60,1.5:2.0,3,2591,-3.5183812512914704e-07,1.6366612111351486e-05,0.0007416628302024003,0.5040524893863373,-0.011289077576225395,0.25,9,2023-05-06 09:30:00-04:00,2023-08-06 09:30:00-04:00
zscore_60,1.5:2.0,5,2591,-5.646560125035617e-06,0.0,0.0009557124083613763,0.49324585102277113,-0.11192589733693555,0.0,9,2023-05-06 09:30:00-04:00,2023-08-06 09:30:00-04:00
zscore_60,1.5:2.0,10,2591,1.3571681805284335e-05,3.291151738560316e-05,0.0013705548833801739,0.5140872250096488,0.10391740640679274,0.5,9,2023-05-06 09:30:00-04:00,2023-08-06 09:30:00-04:00
zscore_60,1.5:2.0,20,2591,7.449871574669908e-05,9.543198880268555e-05,0.002088908746360452,0.526051717483597,0.9396950984175994,1.5,9,2023-05-06 09:30:00-04:00,2023-08-06 09:30:00-04:00
zscore_60,1.5:2.0,30,2591,0.00012020522944482396,0.00021160576218770544,0.0024827064986465384,0.5449633346198379,1.581918178309533,3.25,9,2023-05-06 09:30:00-04:00,2023-08-06 09:30:00-04:00
zscore_60,1.5:2.0,60,2591,0.00034006215187334796,0.00028436018957345155,0.0032763654776162597,0.5488228483211115,4.720185256657661,4.25,9,2023-05-06 09:30:00-04:00,2023-08-06 09:30:00-04:00
zscore_60,2.0:2.5,1,1181,2.7380257832152594e-06,1.656479318845605e-05,0.00039221261697223943,0.514817950889077,0.04381879762912786,0.25,9,2023-05-06 09:30:00-04:00,2023-08-06 09:30:00-04:00
zscore_60,2.0:2.5,3,1181,5.582529254739372e-05,4.8848001302559396e-05,0.0007055172908571303,0.5300592718035563,0.8279000846740051,0.75,9,2023-05-06 09:30:00-04:00,2023-08-06 09:30:00-04:00
zscore_60,2.0:2.5,5,1181,7.185876405975625e-05,6.6016405076752e-05,0.000934983559304065,0.5376799322607959,1.0808636748518206,1.0,9,2023-05-06 09:30:00-04:00,2023-08-06 09:30:00-04:00
zscore_60,2.0:2.5,10,1181,3.785504915122603e-05,3.3018556428787704e-05,0.0012620543326992745,0.5173581710414903,0.56731583403895,0.5,9,2023-05-06 09:30:00-04:00,2023-08-06 09:30:00-04:00
zscore_60,2.0:2.5,20,1181,-3.258946053199718e-05,6.489082119331968e-05,0.0019199475365145777,0.5232853513971211,-0.5321761219305673,1.0,9,2023-05-06 09:30:00-04:00,2023-08-06 09:30:00-04:00
zscore_60,2.0:2.5,30,1181,2.719060495760538e-05,3.484138459652897e-05,0.0024659709285605835,0.5088907705334462,0.23772226926333614,0.5,9,2023-05-06 09:30:00-04:00,2023-08-06 09:30:00-04:00
zscore_60,2.0:2.5,60,1181,0.0003566219551786185,0.00018738714183497152,0.0032274965036302268,0.529212531752752,4.8746824724809485,2.75,9,2023-05-06 09:30:00-04:00,2023-08-06 09:30:00-04:00
zscore_60,<=-2.5,1,714,3.576985373303665e-05,7.4689291527541e-05,0.0005754843708387867,0.5560224089635855,0.521358543417367,1.0,9,2023-05-06 09:30:00-04:00,2023-08-06 09:30:00-04:00
zscore_60,<=-2.5,3,714,6.772812712532662e-05,9.362854724859204e-05,0.000923452918530554,0.5266106442577031,0.959733893557423,1.25,9,2023-05-06 09:30:00-04:00,2023-08-06 09:30:00-04:00
zscore_60,<=-2.5,5,714,0.00011664748334440192,9.68285833221616e-05,0.0011413325917566928,0.5322128851540616,1.6561624649859943,1.375,9,2023-05-06 09:30:00-04:00,2023-08-06 09:30:00-04:00
zscore_60,<=-2.5,10,714,0.0002008175824201408,0.00016627597318830123,0.0014386299382322977,0.5644257703081232,2.8911064425770308,2.5,9,2023-05-06 09:30:00-04:00,2023-08-06 09:30:00-04:00
zscore_60,<=-2.5,20,714,0.00023295237711022594,0.0002764259629292054,0.0019551410311810296,0.5686274509803921,3.3035714285714284,4.125,9,2023-05-06 09:30:00-04:00,2023-08-06 09:30:00-04:00
zscore_60,<=-2.5,30,714,0.00026546543285910993,0.0002331387338191382,0.0022760268635408764,0.5406162464985994,3.7212885154061626,3.375,9,2023-05-06 09:30:00-04:00,2023-08-06 09:30:00-04:00
zscore_60,<=-2.5,60,714,0.000280045050607098,0.0003828242930618009,0.0033623679598177706,0.5504201680672269,3.8179271708683475,5.625,9,2023-05-06 09:30:00-04:00,2023-08-06 09:30:00-04:00
zscore_60,>=2.5,1,757,5.031151559120639e-05,1.6483425915314598e-05,0.0006098671841031664,0.5059445178335535,0.7354689564068693,0.25,9,2023-05-06 09:30:00-04:00,2023-08-06 09:30:00-04:00
zscore_60,>=2.5,3,757,9.708623526243886e-05,3.7635015618597834e-05,0.0010016708775221245,0.5257595772787318,1.4375825627476881,0.5,9,2023-05-06 09:30:00-04:00,2023-08-06 09:30:00-04:00
zscore_60,>=2.5,5,757,0.00015241963753934496,0.00012682911362293936,0.0012163119913770682,0.5614266842800528,2.2575957727873184,2.0,9,2023-05-06 09:30:00-04:00,2023-08-06 09:30:00-04:00
zscore_60,>=2.5,10,757,0.00032098939835221654,0.0002765936676321079,0.001616329427029011,0.6063408190224571,4.761558784676354,4.25,9,2023-05-06 09:30:00-04:00,2023-08-06 09:30:00-04:00
zscore_60,>=2.5,20,757,0.00010452372099417871,0.00020674957854893705,0.0023824643336046924,0.5548216644649934,1.4722589167767504,3.0,9,2023-05-06 09:30:00-04:00,2023-08-06 09:30:00-04:00
zscore_60,>=2.5,30,757,6.150875016693357e-05,0.0002612372850914202,0.0028974427625854116,0.5429326287978864,0.785006605019815,3.75,9,2023-05-06 09:30:00-04:00,2023-08-06 09:30:00-04:00
zscore_60,>=2.5,60,757,0.0004874734400604262,0.00013056534795663488,0.003922309538508038,0.5178335535006605,6.738441215323646,2.0,9,2023-05-06 09:30:00-04:00,2023-08-06 09:30:00-04:00
zscore_30,-1.0:0,1,6439,-2.9045630933187567e-06,0.0,0.0005332730018194198,0.4887404876533623,-0.046086348811927316,0.0,10,2023-08-06 09:30:00-04:00,2023-11-06 09:30:00-05:00
zscore_30,-1.0:0,3,6439,-4.987203571461932e-06,0.0,0.0009325262241266345,0.4943314179220376,-0.08029197080291971,0.0,10,2023-08-06 09:30:00-04:00,2023-11-06 09:30:00-05:00
zscore_30,-1.0:0,5,6439,-2.0292853376874596e-05,0.0,0.0011609844990609806,0.49650566858207795,-0.31670290417766733,0.0,10,2023-08-06 09:30:00-04:00,2023-11-06 09:30:00-05:00
zscore_30,-1.0:0,10,6439,-1.2080946606508935e-05,1.620587949302532e-05,0.0016312762186417144,0.501009473520733,-0.20857275974530207,0.25,10,2023-08-06 09:30:00-04:00,2023-11-06 09:30:00-05:00
zscore_30,-1.0:0,20,6439,2.3063174133958015e-05,3.338786684925488e-05,0.0022820070219909637,0.5092405653051716,0.3021820158409691,0.5,10,2023-08-06 09:30:00-04:00,2023-11-06 09:30:00-05:00
zscore_30,-1.0:0,30,6437,3.4697046410276775e-05,6.52677609893626e-05,0.002805474911199542,0.5120397700792294,0.4706773341618766,1.0,10,2023-08-06 09:30:00-04:00,2023-11-06 09:30:00-05:00
zscore_30,-1.0:0,60,6428,6.511570298616916e-05,0.00017773120993025415,0.0041072313477522404,0.5236465463596764,0.8711885500933416,2.75,10,2023-08-06 09:30:00-04:00,2023-11-06 09:30:00-05:00
zscore_30,-1.5:-1.0,1,3463,-4.46644383623989e-06,-1.6250650025972924e-05,0.0005001088557139153,0.47271152180190584,-0.06540571758590817,-0.25,10,2023-08-06 09:30:00-04:00,2023-11-06 09:30:00-05:00
zscore_30,-1.5:-1.0,3,3461,-2.970311316467316e-05,0.0,0.0008762789374314439,0.4891649812193008,-0.444308003467206,0.0,10,2023-08-06 09:30:00-04:00,2023-11-06 09:30:00-05:00
zscore_30,-1.5:-1.0,5,3461,-3.054456214320827e-05,0.0,0.0011153364114400602,0.49552152557064433,-0.4537705865356833,0.0,10,2023-08-06 09:30:00-04:00,2023-11-06 09:30:00-05:00
zscore_30,-1.5:-1.0,10,3461,-5.288801571803105e-05,0.0,0.0015989043110495075,0.49552152557064433,-0.7992632187229125,0.0,10,2023-08-06 09:30:00-04:00,2023-11-06 09:30:00-05:00
zscore_30,-1.5:-1.0,20,3461,-8.213658644641897e-05,-1.635242751785171e-05,0.0022919806319544817,0.4946547240681884,-1.2659635943368968,-0.25,10,2023-08-06 09:30:00-04:00,2023-11-06 09:30:00-05:00
zscore_30,-1.5:-1.0,30,3461,-7.07506787840211e-05,3.250394110287935e-05,0.0028340606086867583,0.5030338052585958,-1.1021381103727246,0.5,10,2023-08-06 09:30:00-04:00,2023-11-06 09:30:00-05:00
zscore_30,-1.5:-1.0,60,3461,-0.00015771680780680974,1.6148306042795824e-05,0.0038687091511873696,0.500433400751228,-2.41389771742271,0.25,10,2023-08-06 09:30:00-04:00,2023-11-06 09:30:00-05:00
zscore_30,-2.0:-1.5,1,2403,3.4211961018297464e-06,1.675182176064105e-05,0.0005648721191981932,0.5085310029130253,0.04889721181856013,0.25,10,2023-08-06 09:30:00-04:00,2023-11-06 09:30:00-05:00
zscore_30,-2.0:-1.5,3,2403,6.464961535007125e-06,1.6459550654213118e-05,0.0008683391077187315,0.5064502704952143,0.09363295880149813,0.25,10,2023-08-06 09:30:00-04:00,2023-11-06 09:30:00-05:00
zscore_30,-2.0:-1.5,5,2403,-1.9967281977810622e-05,1.613345594764226e-05,0.0011140967809410902,0.5006242197253433,-0.3068039950062422,0.25,10,2023-08-06 09:30:00-04:00,2023-11-06 09:30:00-05:00
zscore_30,-2.0:-1.5,10,2403,-8.03686799040595e-05,-4.904926180859803e-05,0.001534598044612951,0.47482313774448603,-1.2258635039533916,-0.75,10,2023-08-06 09:30:00-04:00,2023-11-06 09:30:00-05:00
zscore_30,-2.0:-1.5,20,2403,-0.00013377582837294143,-8.177818485144428e-05,0.0022388374184109158,0.47648772367873493,-2.052434456928839,-1.25,10,2023-08-06 09:30:00-04:00,2023-11-06 09:30:00-05:00
zscore_30,-2.0:-1.5,30,2403,-0.0001413242139031421,-1.6362595107621836e-05,0.002716579478190756,0.49521431543903455,-2.184769038701623,-0.25,10,2023-08-06 09:30:00-04:00,2023-11-06 09:30:00-05:00
zscore_30,-2.0:-1.5,60,2403,-0.00021680005245806002,0.0,0.0038073880678675966,0.4964627548897212,-3.3346858094049106,0.0,10,2023-08-06 09:30:00-04:00,2023-11-06 09:30:00-05:00
zscore_30,-2.5:-2.0,1,1135,2.6667156078636256e-05,4.8922083428548646e-05,0.0005107031337963278,0.5348017621145374,0.3933920704845815,0.75,10,2023-08-06 09:30:00-04:00,2023-11-06 09:30:00-05:00
zscore_30,-2.5:-2.0,3,1135,4.108968565205899e-05,6.388143605473573e-05,0.0009284840217034238,0.5251101321585903,0.6011013215859031,1.0,10,2023-08-06 09:30:00-04:00,2023-11-06 09:30:00-05:00
zscore_30,-2.5:-2.0,5,1135,5.374597908752374e-05,6.782649981351696e-05,0.0012782006231120923,0.5348017621145374,0.7863436123348018,1.0,10,2023-08-06 09:30:00-04:00,2023-11-06 09:30:00-05:00
zscore_30,-2.5:-2.0,10,1135,7.053031718453598e-06,1.6302841585380534e-05,0.0017312765949654327,0.5013215859030837,0.06872246696035242,0.25,10,2023-08-06 09:30:00-04:00,2023-11-06 09:30:00-05:00
zscore_30,-2.5:-2.0,20,1135,-7.651192207985526e-05,0.0,0.0024565987768365876,0.4986784140969163,-1.2433920704845816,0.0,10,2023-08-06 09:30:00-04:00,2023-11-06 09:30:00-05:00
zscore_30,-2.5:-2.0,30,1135,-7.029758886320883e-05,0.0,0.0028629444923757344,0.4995594713656388,-1.1715859030837004,0.0,10,2023-08-06 09:30:00-04:00,2023-11-06 09:30:00-05:00
zscore_30,-2.5:-2.0,60,1135,-4.5979487694575725e-05,0.00032339324618746446,0.003939090452210553,0.5392070484581498,-0.8911894273127753,4.75,10,2023-08-06 09:30:00-04:00,2023-11-06 09:30:00-05:00
zscore_30,0:1.0,1,6999,6.454627426686221e-06,0.0,0.00045922082350558456,0.492784683526218,0.09583511930275754,0.0,10,2023-08-06 09:30:00-04:00,2023-11-06 09:30:00-05:00
zscore_30,0:1.0,3,6999,3.0587015647918735e-05,1.655848456749709e-05,0.0008131472117601137,0.5090727246749536,0.4525289327046721,0.25,10,2023-08-06 09:30:00-04:00,2023-11-06 09:30:00-05:00
zscore_30,0:1.0,5,6999,5.1453452076163e-05,3.269416245732515e-05,0.0011409486337605093,0.5179311330190027,0.7594299185597942,0.5,10,2023-08-06 09:30:00-04:00,2023-11-06 09:30:00-05:00
zscore_30,0:1.0,10,6999,8.003262772429164e-05,4.952619935938429e-05,0.0016143511820291426,0.5265037862551794,1.1787755393627661,0.75,10,2023-08-06 09:30:00-04:00,2023-11-06 09:30:00-05:00
zscore_30,0:1.0,20,6994,6.30998592779207e-05,9.791682045057204e-05,0.0022840667729708435,0.5351730054332284,0.9004146411209608,1.5,10,2023-08-06 09:30:00-04:00,2023-11-06 09:30:00-05:00
zscore_30,0:1.0,30,6986,4.961214477378078e-05,0.00014691239128317157,0.0029228303584348976,0.5387918694531921,0.6632908674491841,2.25,10,2023-08-06 09:30:00-04:00,2023-11-06 09:30:00-05:00
zscore_30,0:1.0,60,6968,5.447753780215229e-05,0.0001932476068611244,0.0042138533536196275,0.5213834672789897,0.637880309988519,3.0,10,2023-08-06 09:30:00-04:00,2023-11-06 09:30:00-05:00
zscore_30,1.0:1.5,1,3850,-6.206952402524234e-06,0.0,0.00048742873850607675,0.4877922077922078,-0.09636363636363636,0.0,10,2023-08-06 09:30:00-04:00,2023-11-06 09:30:00-05:00
zscore_30,1.0:1.5,3,3850,-1.987628714732958e-05,0.0,0.000888228312121586,0.49012987012987014,-0.30363636363636365,0.0,10,2023-08-06 09:30:00-04:00,2023-11-06 09:30:00-05:00
zscore_30,1.0:1.5,5,3849,-8.15590033838582e-06,0.0,0.001110104831386066,0.49883086515978176,-0.1267212262925435,0.0,10,2023-08-06 09:30:00-04:00,2023-11-06 09:30:00-05:00
zscore_30,1.0:1.5,10,3846,-1.57991610634696e-05,3.292343654837104e-05,0.0015698591287558368,0.5132605304212169,-0.25175507020280813,0.5,10,2023-08-06 09:30:00-04:00,2023-11-06 09:30:00-05:00
zscore_30,1.0:1.5,20,3843,-3.4024843411526564e-05,5.034993202768234e-05,0.002267960414443868,0.516783762685402,-0.5450819672131147,0.75,10,2023-08-06 09:30:00-04:00,2023-11-06 09:30:00-05:00
zscore_30,1.0:1.5,30,3843,-6.61115197589472e-05,8.161000212192349e-05,0.0027213559221640005,0.521727816809784,-1.0668097840228987,1.25,10,2023-08-06 09:30:00-04:00,2023-11-06 09:30:00-05:00
zscore_30,1.0:1.5,60,3841,-0.00011316641618879027,8.268016006884871e-05,0.004003513860693063,0.5102837802655559,-1.8766597240302005,1.25,10,2023-08-06 09:30:00-04:00,2023-11-06 09:30:00-05:00
zscore_30,1.5:2.0,1,2538,-1.43131927162887e-06,0.0,0.0005350077091266251,0.4799054373522459,-0.022754137115839245,0.0,10,2023-08-06 09:30:00-04:00,2023-11-06 09:30:00-05:00
zscore_30,1.5:2.0,3,2538,-6.744911001029228e-06,-3.278024831054882e-05,0.0008793583665990038,0.4676910953506698,-0.10707249802994484,-0.5,10,2023-08-06 09:30:00-04:00,2023-11-06 09:30:00-05:00
zscore_30,1.5:2.0,5,2537,-1.8188167079562187e-05,0.0,0.0010749420962173045,0.4899487583760347,-0.28301143082380764,0.0,10,2023-08-06 09:30:00-04:00,2023-11-06 09:30:00-05:00
zscore_30,1.5:2.0,10,2537,-9.094830828285022e-06,1.6259105098948012e-05,0.0015176987959543452,0.502167914860071,-0.14071738273551437,0.25,10,2023-08-06 09:30:00-04:00,2023-11-06 09:30:00-05:00
zscore_30,1.5:2.0,20,2535,4.723550625259798e-05,8.103202385578712e-05,0.0021002462388747083,0.5250493096646943,0.7127218934911242,1.25,10,2023-08-06 09:30:00-04:00,2023-11-06 09:30:00-05:00
zscore_30,1.5:2.0,30,2535,2.5573598885571875e-05,0.00011377673753321105,0.0025906379796620683,0.5313609467455621,0.3660749506903353,1.75,10,2023-08-06 09:30:00-04:00,2023-11-06 09:30:00-05:00
zscore_30,1.5:2.0,60,2534,2.1506310004920003e-05,6.716318944344213e-05,0.0034715804010830415,0.5082872928176796,0.2467442778216259,1.0,10,2023-08-06 09:30:00-04:00,2023-11-06 09:30:00-05:00
zscore_30,2.0:2.5,1,1129,-9.50182964492002e-06,0.0,0.0004389058321986721,0.4871567759078831,-0.14946855624446412,0.0,10,2023-08-06 09:30:00-04:00,2023-11-06 09:30:00-05:00
zscore_30,2.0:2.5,3,1129,-3.078868597879928e-05,-1.6656950112436952e-05,0.0007653965551967991,0.4800708591674048,-0.47254207263064657,-0.25,10,2023-08-06 09:30:00-04:00,2023-11-06 09:30:00-05:00
zscore_30,2.0:2.5,5,1129,-6.326797817825118e-05,-3.3244128255893735e-05,0.0010145742672272129,0.4738706820194863,-0.9685562444641276,-0.5,10,2023-08-06 09:30:00-04:00,2023-11-06 09:30:00-05:00
zscore_30,2.0:2.5,10,1127,-6.969442365267585e-05,1.6622616732409057e-05,0.0015112482229106198,0.5022182786157942,-1.0820763087843832,0.25,10,2023-08-06 09:30:00-04:00,2023-11-06 09:30:00-05:00
zscore_30,2.0:2.5,20,1127,-4.6830489911041955e-05,5.0745965695764284e-05,0.002251911509293911,0.5110913930789707,-0.7506654835847383,0.75,10,2023-08-06 09:30:00-04:00,2023-11-06 09:30:00-05:00
zscore_30,2.0:2.5,30,1127,-1.2525586829541968e-05,0.0,0.0027768095347101515,0.49955634427684115,-0.25088731144631765,0.0,10,2023-08-06 09:30:00-04:00,2023-11-06 09:30:00-05:00
zscore_30,2.0:2.5,60,1127,0.00014039593159519343,0.00021265806219439298,0.003512218646887616,0.5314995563442768,1.9922360248447204,3.25,10,2023-08-06 09:30:00-04:00,2023-11-06 09:30:00-05:00
zscore_30,<=-2.5,1,537,-3.073711284330991e-05,1.742038882301955e-05,0.0006801702954866003,0.5251396648044693,-0.4650837988826816,0.25,10,2023-08-06 09:30:00-04:00,2023-11-06 09:30:00-05:00
zscore_30,<=-2.5,3,537,-6.446778857021097e-05,0.0,0.00112743943142962,0.49906890130353815,-0.9958100558659218,0.0,10,2023-08-06 09:30:00-04:00,2023-11-06 09:30:00-05:00
zscore_30,<=-2.5,5,537,-1.4193968061771364e-05,8.411419342890802e-05,0.001387337872818108,0.5325884543761639,-0.2527932960893855,1.25,10,2023-08-06 09:30:00-04:00,2023-11-06 09:30:00-05:00
zscore_30,<=-2.5,10,537,-9.978273609554294e-06,6.521987249508143e-05,0.0019396560413884726,0.5195530726256983,-0.19180633147113593,1.0,10,2023-08-06 09:30:00-04:00,2023-11-06 09:30:00-05:00
zscore_30,<=-2.5,20,537,-7.504629120723026e-05,8.056070248940728e-05,0.002750227915135238,0.515828677839851,-1.2537243947858474,1.25,10,2023-08-06 09:30:00-04:00,2023-11-06 09:30:00-05:00
zscore_30,<=-2.5,30,537,-9.777366220562062e-05,-4.824780070444845e-05,0.0033331930289701044,0.4897579143389199,-1.6368715083798884,-0.75,10,2023-08-06 09:30:00-04:00,2023-11-06 09:30:00-05:00
zscore_30,<=-2.5,60,537,-0.00013736963530247405,0.00016743126946394682,0.0044075617195498285,0.5232774674115456,-2.291899441340782,2.5,10,2023-08-06 09:30:00-04:00,2023-11-06 09:30:00-05:00
zscore_30,>=2.5,1,516,-1.749603299853664e-05,-3.2327570711365716e-05,0.0007840567970686552,0.4689922480620155,-0.2751937984496124,-0.5,10,2023-08-06 09:30:00-04:00,2023-11-06 09:30:00-05:00
zscore_30,>=2.5,3,516,-3.3453266566488345e-05,-3.205630299535356e-05,0.0011672280466026993,0.47674418604651164,-0.5450581395348837,-0.5,10,2023-08-06 09:30:00-04:00,2023-11-06 09:30:00-05:00
zscore_30,>=2.5,5,516,-8.169684672601378e-05,-1.6670799914242362e-05,0.0014562324204887005,0.4844961240310077,-1.2887596899224807,-0.25,10,2023-08-06 09:30:00-04:00,2023-11-06 09:30:00-05:00
zscore_30,>=2.5,10,516,-0.00013401274045138893,-1.6638566904814134e-05,0.0019449694686545966,0.4941860465116279,-2.0925387596899223,-0.25,10,2023-08-06 09:30:00-04:00,2023-11-06 09:30:00-05:00
zscore_30,>=2.5,20,516,-3.3397492922604364e-05,5.8338531618851164e-05,0.0030257511000812386,0.5116279069767442,-0.5968992248062015,0.875,10,2023-08-06 09:30:00-04:00,2023-11-06 09:30:00-05:00
zscore_30,>=2.5,30,516,3.3812371559739466e-05,2.496267694773735e-05,0.0035232669823318736,0.5038759689922481,0.3866279069767442,0.375,10,2023-08-06 09:30:00-04:00,2023-11-06 09:30:00-05:00
zscore_30,>=2.5,60,516,-7.363922514716192e-05,-0.00016544309210098085,0.004132200147396608,0.4806201550387597,-1.251937984496124,-2.5,10,2023-08-06 09:30:00-04:00,2023-11-06 09:30:00-05:00
zscore_60,-1.0:0,1,6427,4.299156491860438e-06,0.0,0.0004980028842065226,0.48576318655671386,0.06040921114050101,0.0,10,2023-08-06 09:30:00-04:00,2023-11-06 09:30:00-05:00
zscore_60,-1.0:0,3,6426,2.0211489738912218e-05,0.0,0.0008745149552226643,0.4933084344849051,0.2947012138188609,0.0,10,2023-08-06 09:30:00-04:00,2023-11-06 09:30:00-05:00
zscore_60,-1.0:0,5,6426,4.0099552033329825e-05,1.6358312480813098e-05,0.0011707210815816954,0.5034235916588857,0.586990351696234,0.25,10,2023-08-06 09:30:00-04:00,2023-11-06 09:30:00-05:00
zscore_60,-1.0:0,10,6426,6.704243727392724e-05,3.2813863193537074e-05,0.0016878954143164184,0.5130718954248366,0.9785247432306255,0.5,10,2023-08-06 09:30:00-04:00,2023-11-06 09:30:00-05:00
zscore_60,-1.0:0,20,6426,5.698294821091592e-05,4.8943370868248515e-05,0.0024636678071218903,0.5116713352007469,0.8014705882352942,0.75,10,2023-08-06 09:30:00-04:00,2023-11-06 09:30:00-05:00
zscore_60,-1.0:0,30,6425,-6.017416065864212e-06,6.995819997546171e-05,0.00302962597134847,0.514396887159533,-0.1395330739299611,1.0,10,2023-08-06 09:30:00-04:00,2023-11-06 09:30:00-05:00
zscore_60,-1.0:0,60,6400,-1.0223973102891395e-05,0.00015608426853697122,0.0042634291960693725,0.51859375,-0.26125,2.25,10,2023-08-06 09:30:00-04:00,2023-11-06 09:30:00-05:00
zscore_60,-1.5:-1.0,1,3281,-8.18865866696966e-06,0.0,0.0005112097933246015,0.4864370618713807,-0.11947576958244438,0.0,10,2023-08-06 09:30:00-04:00,2023-11-06 09:30:00-05:00
zscore_60,-1.5:-1.0,3,3281,-3.5711773012473826e-05,-1.6031550090556124e-05,0.0008806037822366619,0.4864370618713807,-0.5364980188966778,-0.25,10,2023-08-06 09:30:00-04:00,2023-11-06 09:30:00-05:00
zscore_60,-1.5:-1.0,5,3281,-6.0022842137397796e-05,0.0,0.0011467018332471757,0.49832368180432796,-0.9049070405364218,0.0,10,2023-08-06 09:30:00-04:00,2023-11-06 09:30:00-05:00
zscore_60,-1.5:-1.0,10,3281,-7.911689526425496e-05,-4.871157874231091e-05,0.0016067046321149193,0.4803413593416641,-1.2036726607741541,-0.75,10,2023-08-06 09:30:00-04:00,2023-11-06 09:30:00-05:00
zscore_60,-1.5:-1.0,20,3281,-4.696561217938782e-05,-1.6282136867662445e-05,0.002249790275691373,0.49619018591892716,-0.7471807375800061,-0.25,10,2023-08-06 09:30:00-04:00,2023-11-06 09:30:00-05:00
zscore_60,-1.5:-1.0,30,3281,-3.479169831551197e-05,1.6266510508122778e-05,0.0028383148569286125,0.500152392563243,-0.5729198415117343,0.25,10,2023-08-06 09:30:00-04:00,2023-11-06 09:30:00-05:00
zscore_60,-1.5:-1.0,60,3280,-0.00019882862565671964,0.0001348616240086642,0.003985059425964946,0.5146341463414634,-3.0290396341463413,2.0,10,2023-08-06 09:30:00-04:00,2023-11-06 09:30:00-05:00
zscore_60,-2.0:-1.5,1,2281,1.7045174249185673e-06,0.0,0.000500920774296527,0.49364313897413414,0.023564226216571678,0.0,10,2023-08-06 09:30:00-04:00,2023-11-06 09:30:00-05:00
zscore_60,-2.0:-1.5,3,2281,-4.933733691833689e-06,0.0,0.0008360268298950418,0.4975887768522578,-0.08110477860587462,0.0,10,2023-08-06 09:30:00-04:00,2023-11-06 09:30:00-05:00
zscore_60,-2.0:-1.5,5,2281,-3.620461744665499e-05,-1.6467953362742094e-05,0.0010579416295079741,0.4844366505918457,-0.5518412976764577,-0.25,10,2023-08-06 09:30:00-04:00,2023-11-06 09:30:00-05:00
zscore_60,-2.0:-1.5,10,2281,-6.118735922699506e-05,-1.686141602175173e-05,0.0014796190429811628,0.4866286716352477,-0.9392810170977641,-0.25,10,2023-08-06 09:30:00-04:00,2023-11-06 09:30:00-05:00
zscore_60,-2.0:-1.5,20,2281,-0.00010647711510095385,-1.662759182585738e-05,0.0020633000730535265,0.4927663305567733,-1.6351380973257343,-0.25,10,2023-08-06 09:30:00-04:00,2023-11-06 09:30:00-05:00
zscore_60,-2.0:-1.5,30,2281,-6.077649112928912e-05,3.478139890789045e-05,0.0025274055621856153,0.5094256904866287,-0.9604340201665936,0.5,10,2023-08-06 09:30:00-04:00,2023-11-06 09:30:00-05:00
zscore_60,-2.0:-1.5,60,2281,-0.0001887894168269405,-1.6365272890950244e-05,0.0036735360020104402,0.4958351600175362,-2.92382726874178,-0.25,10,2023-08-06 09:30:00-04:00,2023-11-06 09:30:00-05:00
zscore_60,-2.5:-2.0,1,1118,8.805522399113455e-06,3.252808304832211e-05,0.0005503026840093864,0.516994633273703,0.13707513416815742,0.5,10,2023-08-06 09:30:00-04:00,2023-11-06 09:30:00-05:00
zscore_60,-2.5:-2.0,3,1118,2.1429847300467474e-05,3.318329390877839e-05,0.0008428553171919088,0.5178890876565295,0.3338550983899821,0.5,10,2023-08-06 09:30:00-04:00,2023-11-06 09:30:00-05:00
zscore_60,-2.5:-2.0,5,1118,4.658856207583525e-05,0.00010126389904663302,0.001067377452598535,0.537567084078712,0.7128801431127012,1.5,10,2023-08-06 09:30:00-04:00,2023-11-06 09:30:00-05:00
zscore_60,-2.5:-2.0,10,1118,4.35296125831635e-05,6.738764516256435e-05,0.0014460613403540705,0.516994633273703,0.6762075134168157,1.0,10,2023-08-06 09:30:00-04:00,2023-11-06 09:30:00-05:00
zscore_60,-2.5:-2.0,20,1118,-4.551943608644734e-06,-3.357491972155735e-05,0.0020150932745679508,0.49105545617173524,-0.044722719141323794,-0.5,10,2023-08-06 09:30:00-04:00,2023-11-06 09:30:00-05:00
zscore_60,-2.5:-2.0,30,1118,1.831967953597767e-05,3.337926173430095e-05,0.0024894505855432253,0.5026833631484794,0.2956171735241503,0.5,10,2023-08-06 09:30:00-04:00,2023-11-06 09:30:00-05:00
zscore_60,-2.5:-2.0,60,1118,-1.9521294535797642e-05,2.5058618283169132e-05,0.003610798927208902,0.5035778175313059,-0.2909212880143113,0.375,10,2023-08-06 09:30:00-04:00,2023-11-06 09:30:00-05:00
zscore_60,0:1.0,1,6960,-7.653987889226546e-08,0.0,0.0005650972479364534,0.4908045977011494,-0.004058908045977011,0.0,10,2023-08-06 09:30:00-04:00,2023-11-06 09:30:00-05:00
zscore_60,0:1.0,3,6959,3.697447055036868e-06,1.631560914328034e-05,0.0009809199459959476,0.507113090961345,0.04803132633999138,0.25,10,2023-08-06 09:30:00-04:00,2023-11-06 09:30:00-05:00
zscore_60,0:1.0,5,6958,5.2449443434098614e-06,1.6862717431287422e-05,0.0012350207086833536,0.5135096292037942,0.06718884736993389,0.25,10,2023-08-06 09:30:00-04:00,2023-11-06 09:30:00-05:00
zscore_60,0:1.0,10,6955,-2.0642843844141803e-05,3.292343654837104e-05,0.0016893546003494014,0.5186196980589504,-0.33055355859094177,0.5,10,2023-08-06 09:30:00-04:00,2023-11-06 09:30:00-05:00
zscore_60,0:1.0,20,6947,-2.2693552310730924e-05,9.816111511029568e-05,0.0024289590796706,0.536634518497193,-0.385742046926731,1.5,10,2023-08-06 09:30:00-04:00,2023-11-06 09:30:00-05:00
zscore_60,0:1.0,30,6938,1.545909410909404e-05,0.0001519062719295139,0.003008262665483415,0.5363217065436725,0.1369270683194004,2.25,10,2023-08-06 09:30:00-04:00,2023-11-06 09:30:00-05:00
zscore_60,0:1.0,60,6934,0.00012785398713874494,0.00022281918301603199,0.004148583155308117,0.5325930199019325,1.7129002019036632,3.375,10,2023-08-06 09:30:00-04:00,2023-11-06 09:30:00-05:00
zscore_60,1.0:1.5,1,3733,-6.2856185419671785e-06,0.0,0.00040929768837857743,0.48834717385480847,-0.09482989552638628,0.0,10,2023-08-06 09:30:00-04:00,2023-11-06 09:30:00-05:00
zscore_60,1.0:1.5,3,3733,-2.3047830562939603e-05,-1.6135798883376573e-05,0.0007942618242531915,0.48111438521296546,-0.34891508170372354,-0.25,10,2023-08-06 09:30:00-04:00,2023-11-06 09:30:00-05:00
zscore_60,1.0:1.5,5,3732,-2.3032515328940086e-05,0.0,0.0010799667672964537,0.49490889603429794,-0.35436763129689175,0.0,10,2023-08-06 09:30:00-04:00,2023-11-06 09:30:00-05:00
zscore_60,1.0:1.5,10,3730,2.8066695836014625e-06,1.6265454658270784e-05,0.0015645142286657442,0.504289544235925,0.022587131367292224,0.25,10,2023-08-06 09:30:00-04:00,2023-11-06 09:30:00-05:00
zscore_60,1.0:1.5,20,3728,2.465556685724853e-05,6.46523560252632e-05,0.0021839352351687596,0.5177038626609443,0.32960032188841204,1.0,10,2023-08-06 09:30:00-04:00,2023-11-06 09:30:00-05:00
zscore_60,1.0:1.5,30,3728,4.1503268262050586e-05,0.00012879647742469746,0.002648809487851325,0.5348712446351931,0.5532457081545065,2.0,10,2023-08-06 09:30:00-04:00,2023-11-06 09:30:00-05:00
zscore_60,1.0:1.5,60,3728,-4.111830182017732e-05,8.18457861750943e-05,0.003943778142101821,0.5083154506437768,-0.8262473175965666,1.25,10,2023-08-06 09:30:00-04:00,2023-11-06 09:30:00-05:00
zscore_60,1.5:2.0,1,2571,7.975914174257135e-06,0.0,0.00046789392558345107,0.4912485414235706,0.11551925320886815,0.0,10,2023-08-06 09:30:00-04:00,2023-11-06 09:30:00-05:00
zscore_60,1.5:2.0,3,2571,1.8982109240689583e-05,0.0,0.0007750359716044066,0.4959159859976663,0.27430960715674835,0.0,10,2023-08-06 09:30:00-04:00,2023-11-06 09:30:00-05:00
zscore_60,1.5:2.0,5,2571,1.6944895338360996e-05,0.0,0.0009636213293660538,0.4912485414235706,0.2427071178529755,0.0,10,2023-08-06 09:30:00-04:00,2023-11-06 09:30:00-05:00
zscore_60,1.5:2.0,10,2571,2.6628901821352366e-05,3.324468085108556e-05,0.0014065913241716095,0.514585764294049,0.37718786464410736,0.5,10,2023-08-06 09:30:00-04:00,2023-11-06 09:30:00-05:00
zscore_60,1.5:2.0,20,2571,2.4103723382744265e-06,3.214917215887958e-05,0.0019709725918985875,0.5087514585764294,-0.003792298716452742,0.5,10,2023-08-06 09:30:00-04:00,2023-11-06 09:30:00-05:00
zscore_60,1.5:2.0,30,2571,-4.724445960171006e-05,4.914407404377208e-05,0.002418980772339726,0.5130299494360171,-0.779463243873979,0.75,10,2023-08-06 09:30:00-04:00,2023-11-06 09:30:00-05:00
zscore_60,1.5:2.0,60,2571,-9.47125678053829e-05,8.105172721228904e-05,0.003489377221532241,0.5087514585764294,-1.4913457798521976,1.25,10,2023-08-06 09:30:00-04:00,2023-11-06 09:30:00-05:00
zscore_60,2.0:2.5,1,1131,-1.0933713271790568e-05,-1.6214813853943078e-05,0.00044883076590879434,0.4739168877099912,-0.16268788682581786,-0.25,10,2023-08-06 09:30:00-04:00,2023-11-06 09:30:00-05:00
zscore_60,2.0:2.5,3,1131,1.4044452999756597e-06,0.0,0.0007415910200278553,0.49248452696728556,0.01967285587975243,0.0,10,2023-08-06 09:30:00-04:00,2023-11-06 09:30:00-05:00
zscore_60,2.0:2.5,5,1131,-4.343530857618431e-06,0.0,0.0009500417548140467,0.4986737400530504,-0.07471264367816093,0.0,10,2023-08-06 09:30:00-04:00,2023-11-06 09:30:00-05:00
zscore_60,2.0:2.5,10,1131,1.4225409994933662e-05,4.817342432761329e-05,0.0014359819091569396,0.5181255526083113,0.20667550839964632,0.75,10,2023-08-06 09:30:00-04:00,2023-11-06 09:30:00-05:00
zscore_60,2.0:2.5,20,1131,1.0598310690172024e-05,5.257162884420019e-05,0.002104413943820932,0.5172413793103449,0.15229885057471265,0.75,10,2023-08-06 09:30:00-04:00,2023-11-06 09:30:00-05:00
zscore_60,2.0:2.5,30,1131,-6.152243496112298e-05,6.666000066668509e-05,0.002533915474817616,0.5207780725022104,-0.9522546419098143,1.0,10,2023-08-06 09:30:00-04:00,2023-11-06 09:30:00-05:00
zscore_60,2.0:2.5,60,1131,-0.00010730391794454329,6.561787430903188e-05,0.003462012078287877,0.51105216622458,-1.663129973474801,1.0,10,2023-08-06 09:30:00-04:00,2023-11-06 09:30:00-05:00
zscore_60,<=-2.5,1,756,-8.154307819421557e-06,1.6952565325301094e-05,0.0005998240900561772,0.5171957671957672,-0.13194444444444445,0.25,10,2023-08-06 09:30:00-04:00,2023-11-06 09:30:00-05:00
zscore_60,<=-2.5,3,756,-3.534003992951218e-05,1.6174448800976293e-05,0.0009984211242366936,0.5013227513227513,-0.5446428571428571,0.25,10,2023-08-06 09:30:00-04:00,2023-11-06 09:30:00-05:00
zscore_60,<=-2.5,5,756,-2.914551390420355e-05,1.6185346736641293e-05,0.0012341005420206132,0.5026455026455027,-0.44642857142857145,0.25,10,2023-08-06 09:30:00-04:00,2023-11-06 09:30:00-05:00
zscore_60,<=-2.5,10,756,-0.00013152931123375542,-0.0001330262008238936,0.0017251501899321372,0.44312169312169314,-1.9973544973544974,-2.0,10,2023-08-06 09:30:00-04:00,2023-11-06 09:30:00-05:00
zscore_60,<=-2.5,20,756,-0.0003189172170184044,-0.0002913773890509952,0.0024533678248293837,0.4312169312169312,-4.837301587301587,-4.375,10,2023-08-06 09:30:00-04:00,2023-11-06 09:30:00-05:00
zscore_60,<=-2.5,30,756,-0.00039791676850296195,-0.0004819075571591003,0.0030510038010290556,0.41005291005291006,-6.070767195767195,-7.25,10,2023-08-06 09:30:00-04:00,2023-11-06 09:30:00-05:00
zscore_60,<=-2.5,60,756,-0.00016442247935024987,-0.0002555597558016043,0.0043715671069826595,0.4708994708994709,-2.7212301587301586,-3.75,10,2023-08-06 09:30:00-04:00,2023-11-06 09:30:00-05:00
zscore_60,>=2.5,1,751,-9.015994270270344e-06,1.6580173428648592e-05,0.0007190361929310969,0.507323568575233,-0.14913448735019974,0.25,10,2023-08-06 09:30:00-04:00,2023-11-06 09:30:00-05:00
zscore_60,>=2.5,3,751,-3.692281715524246e-05,0.0,0.001099637162292094,0.4873501997336884,-0.5855525965379494,0.0,10,2023-08-06 09:30:00-04:00,2023-11-06 09:30:00-05:00
zscore_60,>=2.5,5,751,-7.907314378230683e-05,1.676389727078842e-05,0.0013771270192300359,0.5033288948069241,-1.2350199733688416,0.25,10,2023-08-06 09:30:00-04:00,2023-11-06 09:30:00-05:00
zscore_60,>=2.5,10,751,-7.329187526218071e-05,6.907389179566792e-05,0.0017867381609624293,0.5206391478029294,-1.1787616511318242,1.0,10,2023-08-06 09:30:00-04:00,2023-11-06 09:30:00-05:00
zscore_60,>=2.5,20,751,0.0001337651989076279,0.0002729432920172137,0.002401670595851113,0.5499334221038615,1.9037949400798935,4.25,10,2023-08-06 09:30:00-04:00,2023-11-06 09:30:00-05:00
zscore_60,>=2.5,30,751,0.0002238649647049312,0.0001501977603846072,0.002930055775551865,0.5233022636484687,3.235352862849534,2.25,10,2023-08-06 09:30:00-04:00,2023-11-06 09:30:00-05:00
zscore_60,>=2.5,60,751,0.0003613823944073154,4.852249017428534e-05,0.0038434747278807825,0.507323568575233,5.363848202396804,0.75,10,2023-08-06 09:30:00-04:00,2023-11-06 09:30:00-05:00
zscore_30,-1.0:0,1,6135,1.4573675225854677e-05,1.462565632626145e-05,0.00038512602853984715,0.5051344743276284,0.23875305623471882,0.25,11,2023-11-06 09:30:00-05:00,2024-02-06 09:30:00-05:00
zscore_30,-1.0:0,3,6135,2.0038687938812978e-05,1.5184875863605285e-05,0.00065829480913626,0.508557457212714,0.3301548492257539,0.25,11,2023-11-06 09:30:00-05:00,2024-02-06 09:30:00-05:00
zscore_30,-1.0:0,5,6135,2.8540808296861136e-05,2.969429721022543e-05,0.000875857155990594,0.5175224123879381,0.46572942135289325,0.5,11,2023-11-06 09:30:00-05:00,2024-02-06 09:30:00-05:00
zscore_30,-1.0:0,10,6134,7.003671357658667e-05,4.659145163643519e-05,0.0012875750653292166,0.5242908379523965,1.13042060645582,0.75,11,2023-11-06 09:30:00-05:00,2024-02-06 09:30:00-05:00
zscore_30,-1.0:0,20,6126,0.00015662541936700645,8.807148491463135e-05,0.0018802736051858097,0.5421155729676788,2.5117123734900426,1.5,11,2023-11-06 09:30:00-05:00,2024-02-06 09:30:00-05:00
zscore_30,-1.0:0,30,6126,0.00018079967325450845,0.00012926419671710487,0.0022511851290565577,0.5439111981717271,2.891936010447274,2.25,11,2023-11-06 09:30:00-05:00,2024-02-06 09:30:00-05:00
zscore_30,-1.0:0,60,6104,0.0003498428136570835,0.0003668972174279972,0.003306702420044284,0.5647116644823067,5.56721002621232,6.0,11,2023-11-06 09:30:00-05:00,2024-02-06 09:30:00-05:00
zscore_30,-1.5:-1.0,1,2891,-1.7352334117127442e-06,0.0,0.000383005206520105,0.4974057419578001,-0.0326011760636458,0.0,11,2023-11-06 09:30:00-05:00,2024-02-06 09:30:00-05:00
zscore_30,-1.5:-1.0,3,2891,3.456387210800398e-05,3.0054398461265563e-05,0.0007095009630571691,0.5243860255966794,0.559840885506745,0.5,11,2023-11-06 09:30:00-05:00,2024-02-06 09:30:00-05:00
zscore_30,-1.5:-1.0,5,2891,4.413341953157986e-05,4.683694498219815e-05,0.0008813036314504036,0.5364925631269457,0.7104808024904877,0.75,11,2023-11-06 09:30:00-05:00,2024-02-06 09:30:00-05:00
zscore_30,-1.5:-1.0,10,2891,0.000110698520640275,0.00010263628632589672,0.001217848524475399,0.546523694223452,1.8052576962988585,1.75,11,2023-11-06 09:30:00-05:00,2024-02-06 09:30:00-05:00
zscore_30,-1.5:-1.0,20,2891,0.0001939773451560622,0.00022705341431561443,0.0017148472472279226,0.5773088896575579,3.208664821860948,3.75,11,2023-11-06 09:30:00-05:00,2024-02-06 09:30:00-05:00
zscore_30,-1.5:-1.0,30,2888,0.00023767954547803568,0.00022832117642512806,0.0021256619729044892,0.5668282548476454,3.8784626038781163,3.75,11,2023-11-06 09:30:00-05:00,2024-02-06 09:30:00-05:00
zscore_30,-1.5:-1.0,60,2888,0.00039374670340286644,0.0004265363033078007,0.0029487773564808788,0.5654432132963989,6.397593490304709,7.25,11,2023-11-06 09:30:00-05:00,2024-02-06 09:30:00-05:00
zscore_30,-2.0:-1.5,1,1921,1.2109084172276222e-05,1.473752468528211e-05,0.0004164121835534269,0.508589276418532,0.19495054659031755,0.25,11,2023-11-06 09:30:00-05:00,2024-02-06 09:30:00-05:00
zscore_30,-2.0:-1.5,3,1921,3.140387242872277e-05,3.1558185404234607e-05,0.0007942276194732356,0.5309734513274337,0.5006507027589797,0.5,11,2023-11-06 09:30:00-05:00,2024-02-06 09:30:00-05:00
zscore_30,-2.0:-1.5,5,1921,6.749864422556514e-05,4.673697985646541e-05,0.0010482839119807972,0.5398230088495575,1.1089276418532015,0.75,11,2023-11-06 09:30:00-05:00,2024-02-06 09:30:00-05:00
zscore_30,-2.0:-1.5,10,1921,0.00010006555792018643,7.367676529534961e-05,0.0013804170810162838,0.5351379489849037,1.6189484643414889,1.25,11,2023-11-06 09:30:00-05:00,2024-02-06 09:30:00-05:00
zscore_30,-2.0:-1.5,20,1921,0.0002185399674717997,0.00018486654057814356,0.001972984278114098,0.5720978656949506,3.5631181676210306,3.0,11,2023-11-06 09:30:00-05:00,2024-02-06 09:30:00-05:00
zscore_30,-2.0:-1.5,30,1916,0.000360737194459291,0.0002713973630976696,0.0023389550792793615,0.5741127348643006,5.831680584551148,4.5,11,2023-11-06 09:30:00-05:00,2024-02-06 09:30:00-05:00
zscore_30,-2.0:-1.5,60,1914,0.00037045179375408904,0.00037923359563307724,0.003082112116072431,0.5668756530825496,5.873171368861024,6.375,11,2023-11-06 09:30:00-05:00,2024-02-06 09:30:00-05:00
zscore_30,-2.5:-2.0,1,994,1.4703968036905714e-05,1.5250945841871477e-05,0.0008325055349456145,0.5110663983903421,0.2323943661971831,0.25,11,2023-11-06 09:30:00-05:00,2024-02-06 09:30:00-05:00
zscore_30,-2.5:-2.0,3,994,1.816193196475531e-05,1.5630423442214436e-05,0.0012042906537585113,0.5130784708249497,0.29678068410462777,0.25,11,2023-11-06 09:30:00-05:00,2024-02-06 09:30:00-05:00
zscore_30,-2.5:-2.0,5,994,3.9379028698907004e-05,4.280029726944079e-05,0.0013863060212223406,0.5160965794768612,0.647635814889336,0.75,11,2023-11-06 09:30:00-05:00,2024-02-06 09:30:00-05:00
zscore_30,-2.5:-2.0,10,994,5.308602167140755e-05,4.40273586618245e-05,0.0017812432266365531,0.5201207243460765,0.8601609657947686,0.75,11,2023-11-06 09:30:00-05:00,2024-02-06 09:30:00-05:00
zscore_30,-2.5:-2.0,20,994,9.482803515669878e-05,6.319967100443247e-05,0.002283869058413481,0.5140845070422535,1.5203722334004024,1.0,11,2023-11-06 09:30:00-05:00,2024-02-06 09:30:00-05:00
zscore_30,-2.5:-2.0,30,992,0.0001468947034579721,0.00013804058400657127,0.0025683198605524734,0.5413306451612904,2.3256048387096775,2.25,11,2023-11-06 09:30:00-05:00,2024-02-06 09:30:00-05:00
zscore_30,-2.5:-2.0,60,991,0.00021759990009586884,0.00022033364809570521,0.0032107057737931835,0.544904137235116,3.494954591321897,3.75,11,2023-11-06 09:30:00-05:00,2024-02-06 09:30:00-05:00
zscore_30,0:1.0,1,7061,-1.334661859228509e-06,0.0,0.000301262165375725,0.49483076051550773,-0.021349667185950997,0.0,11,2023-11-06 09:30:00-05:00,2024-02-06 09:30:00-05:00
zscore_30,0:1.0,3,7061,-2.689754388927719e-06,1.5565413650886484e-05,0.0006293949985054633,0.5138082424585753,-0.04790397960628806,0.25,11,2023-11-06 09:30:00-05:00,2024-02-06 09:30:00-05:00
zscore_30,0:1.0,5,7061,1.0731743554543287e-05,2.953293660756806e-05,0.0008827156376548827,0.5235802294292593,0.167044327998867,0.5,11,2023-11-06 09:30:00-05:00,2024-02-06 09:30:00-05:00
zscore_30,0:1.0,10,7059,3.6492340877140475e-05,4.423213021942374e-05,0.0012891414689288026,0.5251452047032158,0.596366340841479,0.75,11,2023-11-06 09:30:00-05:00,2024-02-06 09:30:00-05:00
zscore_30,0:1.0,20,7057,9.145380542993273e-05,9.43218260704981e-05,0.0018778796727729437,0.5435737565537764,1.4826767748334986,1.5,11,2023-11-06 09:30:00-05:00,2024-02-06 09:30:00-05:00
zscore_30,0:1.0,30,7057,0.00015554768781479822,0.0001643385373870654,0.0023294907371984737,0.5542015020546974,2.537586793254924,2.75,11,2023-11-06 09:30:00-05:00,2024-02-06 09:30:00-05:00
zscore_30,0:1.0,60,7053,0.0003701875816668471,0.00039445864495557537,0.0033579417355149195,0.563022827165745,6.038317028214944,6.5,11,2023-11-06 09:30:00-05:00,2024-02-06 09:30:00-05:00
zscore_30,1.0:1.5,1,4037,1.1334963379025983e-06,1.4240145819188754e-05,0.00044184339066459337,0.5021055239038891,0.016782264057468417,0.25,11,2023-11-06 09:30:00-05:00,2024-02-06 09:30:00-05:00
zscore_30,1.0:1.5,3,4037,4.5394601271704385e-06,1.4851779243096885e-05,0.0007608711035873453,0.5063165717116671,0.06589051275699777,0.25,11,2023-11-06 09:30:00-05:00,2024-02-06 09:30:00-05:00
zscore_30,1.0:1.5,5,4035,-1.8356177616909381e-06,2.9212006134482493e-05,0.0009034716919804977,0.5169764560099133,-0.04386617100371747,0.5,11,2023-11-06 09:30:00-05:00,2024-02-06 09:30:00-05:00
zscore_30,1.0:1.5,10,4033,1.358274620769929e-05,4.7004998198207915e-05,0.0012245894642656336,0.5276469129680139,0.2128068435407885,0.75,11,2023-11-06 09:30:00-05:00,2024-02-06 09:30:00-05:00
zscore_30,1.0:1.5,20,4033,4.278758264917636e-05,7.47898405479841e-05,0.0017308101096668526,0.5298785023555665,0.7033845772377882,1.25,11,2023-11-06 09:30:00-05:00,2024-02-06 09:30:00-05:00
zscore_30,1.0:1.5,30,4033,0.0001143920109698458,0.00015765410688950432,0.0021408394235959403,0.551698487478304,1.8926357550210762,2.5,11,2023-11-06 09:30:00-05:00,2024-02-06 09:30:00-05:00
zscore_30,1.0:1.5,60,4033,0.0002704285590410256,0.0003235996609909364,0.0030098011355382806,0.5636002975452516,4.461877014629308,5.25,11,2023-11-06 09:30:00-05:00,2024-02-06 09:30:00-05:00
zscore_30,1.5:2.0,1,2723,7.318849415401694e-06,0.0,0.00032107903715023985,0.4917370547190599,0.118160117517444,0.0,11,2023-11-06 09:30:00-05:00,2024-02-06 09:30:00-05:00
zscore_30,1.5:2.0,3,2722,3.74472561954729e-05,3.0507256684186856e-05,0.0005805145268326453,0.5242468772961058,0.611131520940485,0.5,11,2023-11-06 09:30:00-05:00,2024-02-06 09:30:00-05:00
zscore_30,1.5:2.0,5,2722,3.292679031247815e-05,2.9587989614943133e-05,0.0008312095141529585,0.5161645848640706,0.5321454812637766,0.5,11,2023-11-06 09:30:00-05:00,2024-02-06 09:30:00-05:00
zscore_30,1.5:2.0,10,2722,3.6813929570946484e-05,5.926937433786694e-05,0.0012015482226507008,0.5345334313005143,0.5999265246142542,1.0,11,2023-11-06 09:30:00-05:00,2024-02-06 09:30:00-05:00
zscore_30,1.5:2.0,20,2722,3.177631581254565e-05,0.00011998593187778628,0.001698468352558852,0.5440852314474651,0.519287288758266,2.0,11,2023-11-06 09:30:00-05:00,2024-02-06 09:30:00-05:00
zscore_30,1.5:2.0,30,2722,5.749812643432743e-05,0.00014590269849756865,0.002141305493852201,0.5374724467303453,0.9360764144011756,2.375,11,2023-11-06 09:30:00-05:00,2024-02-06 09:30:00-05:00
zscore_30,1.5:2.0,60,2722,0.00023510966667993318,0.00028014704176571037,0.00288176694225146,0.5675973548861132,3.858927259368112,4.75,11,2023-11-06 09:30:00-05:00,2024-02-06 09:30:00-05:00
zscore_30,2.0:2.5,1,1203,1.9818029660678666e-06,-1.4472198905934874e-05,0.0004282210733474849,0.4696591853699086,0.034912718204488775,-0.25,11,2023-11-06 09:30:00-05:00,2024-02-06 09:30:00-05:00
zscore_30,2.0:2.5,3,1202,1.2362567932020697e-05,0.0,0.0005893610175683236,0.49750415973377704,0.18760399334442596,0.0,11,2023-11-06 09:30:00-05:00,2024-02-06 09:30:00-05:00
zscore_30,2.0:2.5,5,1202,6.458653008777776e-05,4.427128893946808e-05,0.0007857802100229533,0.5307820299500832,1.0495008319467554,0.75,11,2023-11-06 09:30:00-05:00,2024-02-06 09:30:00-05:00
zscore_30,2.0:2.5,10,1202,9.185920013108263e-05,7.132643345542089e-05,0.0011826506938434926,0.5374376039933444,1.4723377703826954,1.25,11,2023-11-06 09:30:00-05:00,2024-02-06 09:30:00-05:00
zscore_30,2.0:2.5,20,1202,8.98919933960359e-05,0.00016539951785565776,0.001849830407896966,0.5582362728785357,1.3589850249584026,2.75,11,2023-11-06 09:30:00-05:00,2024-02-06 09:30:00-05:00
zscore_30,2.0:2.5,30,1202,0.00017596209966011582,0.00012158888017754776,0.002400922662497354,0.5316139767054908,2.7660149750415974,2.0,11,2023-11-06 09:30:00-05:00,2024-02-06 09:30:00-05:00
zscore_30,2.0:2.5,60,1202,0.0004326659857360542,0.00040766269261716115,0.003038571455325339,0.5798668885191348,6.952371048252912,6.75,11,2023-11-06 09:30:00-05:00,2024-02-06 09:30:00-05:00
zscore_30,<=-2.5,1,581,-1.4312772092598187e-05,4.474873584814354e-05,0.0005969485913054928,0.5490533562822719,-0.23752151462994836,0.75,11,2023-11-06 09:30:00-05:00,2024-02-06 09:30:00-05:00
zscore_30,<=-2.5,3,581,-2.6249773088338126e-06,5.7265569076703216e-05,0.0009818062850510834,0.5266781411359724,-0.026247848537005163,1.0,11,2023-11-06 09:30:00-05:00,2024-02-06 09:30:00-05:00
zscore_30,<=-2.5,5,581,9.318980181606547e-07,0.0001386449764304576,0.0012256534826510213,0.5524956970740104,0.02710843373493976,2.25,11,2023-11-06 09:30:00-05:00,2024-02-06 09:30:00-05:00
zscore_30,<=-2.5,10,581,4.5380072184078765e-05,0.00018485996857386944,0.0019427622353766804,0.5559380378657487,0.73407917383821,3.0,11,2023-11-06 09:30:00-05:00,2024-02-06 09:30:00-05:00
zscore_30,<=-2.5,20,581,0.00013484672375882185,0.00016099524332235937,0.002521333013285613,0.5438898450946644,2.1419965576592084,2.75,11,2023-11-06 09:30:00-05:00,2024-02-06 09:30:00-05:00
zscore_30,<=-2.5,30,581,0.0003229204100449931,0.00029410803568508115,0.0027907413670437186,0.5714285714285714,5.219879518072289,4.75,11,2023-11-06 09:30:00-05:00,2024-02-06 09:30:00-05:00
zscore_30,<=-2.5,60,580,0.00020408552317790446,0.00028432535404110393,0.0034504522946000394,0.5637931034482758,3.1379310344827585,4.75,11,2023-11-06 09:30:00-05:00,2024-02-06 09:30:00-05:00
zscore_30,>=2.5,1,548,3.856272645984594e-05,2.9967986204026964e-05,0.000437076554739921,0.5273722627737226,0.6405109489051095,0.5,11,2023-11-06 09:30:00-05:00,2024-02-06 09:30:00-05:00
zscore_30,>=2.5,3,548,7.735850696428198e-05,1.6002528312242248e-05,0.000709249445262251,0.5109489051094891,1.302007299270073,0.25,11,2023-11-06 09:30:00-05:00,2024-02-06 09:30:00-05:00
zscore_30,>=2.5,5,548,0.00010545602989068007,4.607383355825778e-05,0.0008925753973597366,0.531021897810219,1.77007299270073,0.75,11,2023-11-06 09:30:00-05:00,2024-02-06 09:30:00-05:00
zscore_30,>=2.5,10,548,-2.974078911209432e-05,7.513011981463702e-05,0.001493441468510643,0.5346715328467153,-0.5561131386861314,1.25,11,2023-11-06 09:30:00-05:00,2024-02-06 09:30:00-05:00
zscore_30,>=2.5,20,548,-0.00012093720317416828,8.735457804431856e-05,0.0019356517910935035,0.5273722627737226,-2.1035583941605838,1.375,11,2023-11-06 09:30:00-05:00,2024-02-06 09:30:00-05:00
zscore_30,>=2.5,30,548,-0.0002754975512301421,-3.0160514787658244e-05,0.002447786155953416,0.4854014598540146,-4.678375912408759,-0.5,11,2023-11-06 09:30:00-05:00,2024-02-06 09:30:00-05:00
zscore_30,>=2.5,60,548,7.647580554148795e-05,0.00042249753479861596,0.003108162555621305,0.5565693430656934,1.1906934306569343,7.125,11,2023-11-06 09:30:00-05:00,2024-02-06 09:30:00-05:00
zscore_60,-1.0:0,1,6052,3.877416452647836e-06,0.0,0.00041944226230330555,0.49008592200925316,0.06762227362855254,0.0,11,2023-11-06 09:30:00-05:00,2024-02-06 09:30:00-05:00
zscore_60,-1.0:0,3,6052,1.4906766563618044e-05,1.5526021851730576e-05,0.000704407476113047,0.510079312623926,0.25570059484467944,0.25,11,2023-11-06 09:30:00-05:00,2024-02-06 09:30:00-05:00
zscore_60,-1.0:0,5,6052,1.4579020946591128e-05,2.921992526494499e-05,0.0009270535174472433,0.5161929940515532,0.24954560475875742,0.5,11,2023-11-06 09:30:00-05:00,2024-02-06 09:30:00-05:00
zscore_60,-1.0:0,10,6049,5.5082218743175177e-05,3.1620553359701375e-05,0.0014083661707686669,0.5185981153909737,0.9279632997189619,0.5,11,2023-11-06 09:30:00-05:00,2024-02-06 09:30:00-05:00
zscore_60,-1.0:0,20,6039,0.00010544497847701136,5.8943149332524314e-05,0.002025282862951277,0.5194568637191588,1.7211044874979302,1.0,11,2023-11-06 09:30:00-05:00,2024-02-06 09:30:00-05:00
zscore_60,-1.0:0,30,6037,0.00015645383963296987,0.00011362990739161027,0.0024752193020346086,0.531886698691403,2.49341560377671,2.0,11,2023-11-06 09:30:00-05:00,2024-02-06 09:30:00-05:00
zscore_60,-1.0:0,60,6013,0.00045089722222779483,0.00039444274006217306,0.0032176863689905495,0.5692665890570431,7.264011308830867,6.5,11,2023-11-06 09:30:00-05:00,2024-02-06 09:30:00-05:00
zscore_60,-1.5:-1.0,1,2780,1.0005230183988716e-05,1.474349996666291e-05,0.0003953239160534127,0.5068345323741007,0.15152877697841727,0.25,11,2023-11-06 09:30:00-05:00,2024-02-06 09:30:00-05:00
zscore_60,-1.5:-1.0,3,2780,2.4823144949898004e-05,1.4629828796186573e-05,0.000738704202874134,0.5050359712230216,0.38705035971223023,0.25,11,2023-11-06 09:30:00-05:00,2024-02-06 09:30:00-05:00
zscore_60,-1.5:-1.0,5,2780,5.2959578521133504e-05,2.9481788787366625e-05,0.0010199913172304078,0.518705035971223,0.8446043165467626,0.5,11,2023-11-06 09:30:00-05:00,2024-02-06 09:30:00-05:00
zscore_60,-1.5:-1.0,10,2780,0.00010261880188732908,6.225632488743305e-05,0.001292906725115393,0.5330935251798561,1.6366906474820144,1.0,11,2023-11-06 09:30:00-05:00,2024-02-06 09:30:00-05:00
zscore_60,-1.5:-1.0,20,2780,0.00018689695305936586,0.00018962589256288354,0.0017986308258456777,0.5737410071942446,3.020593525179856,3.25,11,2023-11-06 09:30:00-05:00,2024-02-06 09:30:00-05:00
zscore_60,-1.5:-1.0,30,2772,0.0002152706554071887,0.0001615193174511198,0.002155223032759105,0.5501443001443002,3.4507575757575757,2.75,11,2023-11-06 09:30:00-05:00,2024-02-06 09:30:00-05:00
zscore_60,-1.5:-1.0,60,2770,0.00040629677928804046,0.00042363754089136396,0.0034000216481479975,0.5685920577617328,6.436823104693141,7.0,11,2023-11-06 09:30:00-05:00,2024-02-06 09:30:00-05:00
zscore_60,-2.0:-1.5,1,1765,6.149126721968382e-06,0.0,0.0005714087383188674,0.49688385269121815,0.08767705382436261,0.0,11,2023-11-06 09:30:00-05:00,2024-02-06 09:30:00-05:00
zscore_60,-2.0:-1.5,3,1765,3.0374488330591476e-05,3.0253524535561738e-05,0.0009274610864714543,0.5223796033994335,0.46118980169971674,0.5,11,2023-11-06 09:30:00-05:00,2024-02-06 09:30:00-05:00
zscore_60,-2.0:-1.5,5,1765,7.180321510728492e-05,4.882256253346817e-05,0.0010288504337011407,0.5365439093484419,1.1440509915014165,0.75,11,2023-11-06 09:30:00-05:00,2024-02-06 09:30:00-05:00
zscore_60,-2.0:-1.5,10,1765,9.74041794352833e-05,6.241612832758037e-05,0.0012775108225368266,0.5263456090651558,1.553399433427762,1.0,11,2023-11-06 09:30:00-05:00,2024-02-06 09:30:00-05:00
zscore_60,-2.0:-1.5,20,1765,0.0001447172125057763,0.00015553067064821846,0.0016814340692693584,0.5677053824362607,2.3471671388101982,2.5,11,2023-11-06 09:30:00-05:00,2024-02-06 09:30:00-05:00
zscore_60,-2.0:-1.5,30,1765,0.00012998873531268866,0.000183245273798871,0.002097894079228415,0.5609065155807366,2.093342776203966,3.0,11,2023-11-06 09:30:00-05:00,2024-02-06 09:30:00-05:00
zscore_60,-2.0:-1.5,60,1763,0.0001124493915182557,0.00020446911055937989,0.00313890333498031,0.5354509359047079,1.6754112308564946,3.5,11,2023-11-06 09:30:00-05:00,2024-02-06 09:30:00-05:00
zscore_60,-2.5:-2.0,1,905,-1.8732482416773628e-06,2.9494174900390746e-05,0.00047047312933765843,0.5171270718232044,-0.03259668508287293,0.5,11,2023-11-06 09:30:00-05:00,2024-02-06 09:30:00-05:00
zscore_60,-2.5:-2.0,3,905,2.0143561899318324e-05,6.246193725689686e-05,0.0006928796466835222,0.5414364640883977,0.33121546961325965,1.0,11,2023-11-06 09:30:00-05:00,2024-02-06 09:30:00-05:00
zscore_60,-2.5:-2.0,5,905,2.6584986887683514e-05,8.850210192501429e-05,0.0009033925245764708,0.5469613259668509,0.4212707182320442,1.5,11,2023-11-06 09:30:00-05:00,2024-02-06 09:30:00-05:00
zscore_60,-2.5:-2.0,10,905,5.719783430563752e-05,0.00015537118175323883,0.0012691331696304,0.585635359116022,0.8975138121546962,2.5,11,2023-11-06 09:30:00-05:00,2024-02-06 09:30:00-05:00
zscore_60,-2.5:-2.0,20,905,0.00017380541755666713,0.00022925263640538596,0.0018062305986591691,0.5889502762430939,2.7925414364640884,3.75,11,2023-11-06 09:30:00-05:00,2024-02-06 09:30:00-05:00
zscore_60,-2.5:-2.0,30,905,0.0002636700630479159,0.00029410803568508115,0.002069678858131618,0.6044198895027625,4.2356353591160225,4.75,11,2023-11-06 09:30:00-05:00,2024-02-06 09:30:00-05:00
zscore_60,-2.5:-2.0,60,905,6.613782053197772e-05,0.0004777830864788335,0.003010728224987323,0.56353591160221,0.8069060773480663,7.75,11,2023-11-06 09:30:00-05:00,2024-02-06 09:30:00-05:00
zscore_60,0:1.0,1,6998,6.20297842138458e-06,1.4387782533820115e-05,0.00033334966173276487,0.5027150614461274,0.1056373249499857,0.25,11,2023-11-06 09:30:00-05:00,2024-02-06 09:30:00-05:00
zscore_60,0:1.0,3,6997,1.1880841913873222e-05,2.8224270049781452e-05,0.0006463196452551645,0.5179362583964556,0.19794197513219952,0.5,11,2023-11-06 09:30:00-05:00,2024-02-06 09:30:00-05:00
zscore_60,0:1.0,5,6995,3.38602290263305e-05,4.3786032255743734e-05,0.0008724440547721572,0.5348105789849893,0.5605075053609722,0.75,11,2023-11-06 09:30:00-05:00,2024-02-06 09:30:00-05:00
zscore_60,0:1.0,10,6993,9.396007170421574e-05,7.328691828512035e-05,0.0013579390413219047,0.5435435435435435,1.541863291863292,1.25,11,2023-11-06 09:30:00-05:00,2024-02-06 09:30:00-05:00
zscore_60,0:1.0,20,6993,0.00019859536432121797,0.0001415628539072067,0.0020930390774249554,0.5657085657085658,3.221971971971972,2.25,11,2023-11-06 09:30:00-05:00,2024-02-06 09:30:00-05:00
zscore_60,0:1.0,30,6993,0.00029633185196643733,0.00021785814322616837,0.0026282669782480453,0.5664235664235664,4.821249821249821,3.5,11,2023-11-06 09:30:00-05:00,2024-02-06 09:30:00-05:00
zscore_60,0:1.0,60,6991,0.00046752262544205313,0.0004558849867304371,0.003397482315070796,0.5784580174510084,7.601630668001716,7.5,11,2023-11-06 09:30:00-05:00,2024-02-06 09:30:00-05:00
zscore_60,1.0:1.5,1,4058,5.292089744178998e-06,1.4185202556804555e-05,0.00039965441841029035,0.5012321340561853,0.08255298176441597,0.25,11,2023-11-06 09:30:00-05:00,2024-02-06 09:30:00-05:00
zscore_60,1.0:1.5,3,4057,2.0219218036786523e-05,1.6345210853252468e-05,0.0007503190817089737,0.5163914222331772,0.3135937885136801,0.25,11,2023-11-06 09:30:00-05:00,2024-02-06 09:30:00-05:00
zscore_60,1.0:1.5,5,4057,3.337651462083e-05,3.1191515907691425e-05,0.0009402975383206858,0.5277298496425931,0.5260044367759428,0.5,11,2023-11-06 09:30:00-05:00,2024-02-06 09:30:00-05:00
zscore_60,1.0:1.5,10,4057,2.5461492040100025e-05,4.6656298600344925e-05,0.0012488067246408474,0.5267438994330786,0.39068277052008876,0.75,11,2023-11-06 09:30:00-05:00,2024-02-06 09:30:00-05:00
zscore_60,1.0:1.5,20,4057,5.589691601574475e-05,0.00010427528675704956,0.0015901344705801413,0.5447374907567167,0.9275326596006902,1.75,11,2023-11-06 09:30:00-05:00,2024-02-06 09:30:00-05:00
zscore_60,1.0:1.5,30,4057,0.0001194256126250518,0.0001693141238763296,0.0018740932654762344,0.565195957604141,2.005977323145181,2.75,11,2023-11-06 09:30:00-05:00,2024-02-06 09:30:00-05:00
zscore_60,1.0:1.5,60,4057,0.00019464319248900942,0.00023399840881088707,0.0030716009070515977,0.5447374907567167,3.282351491249692,3.75,11,2023-11-06 09:30:00-05:00,2024-02-06 09:30:00-05:00
zscore_60,1.5:2.0,1,2792,6.301221438580565e-07,1.4513013369965577e-05,0.0003870921341759199,0.5039398280802292,0.016296561604584526,0.25,11,2023-11-06 09:30:00-05:00,2024-02-06 09:30:00-05:00
zscore_60,1.5:2.0,3,2792,1.360517438939431e-07,1.5552099909554862e-05,0.0006149318540259777,0.5111031518624641,0.017460601719197708,0.25,11,2023-11-06 09:30:00-05:00,2024-02-06 09:30:00-05:00
zscore_60,1.5:2.0,5,2792,-8.06291293873613e-06,1.5013495885951578e-05,0.0008013723507113411,0.5053724928366762,-0.11649355300859598,0.25,11,2023-11-06 09:30:00-05:00,2024-02-06 09:30:00-05:00
zscore_60,1.5:2.0,10,2792,1.3418645224248312e-05,6.043127710342322e-05,0.001139960069893006,0.5361747851002865,0.23621060171919772,1.0,11,2023-11-06 09:30:00-05:00,2024-02-06 09:30:00-05:00
zscore_60,1.5:2.0,20,2792,3.9769220272554406e-05,0.00012487617106671234,0.0015378507893202863,0.5436962750716332,0.704602435530086,2.0,11,2023-11-06 09:30:00-05:00,2024-02-06 09:30:00-05:00
zscore_60,1.5:2.0,30,2792,7.05389602372818e-05,0.00016297515972019117,0.001811026444810258,0.5515759312320917,1.268445558739255,2.75,11,2023-11-06 09:30:00-05:00,2024-02-06 09:30:00-05:00
zscore_60,1.5:2.0,60,2792,0.0001339763501177687,0.0002477185005036464,0.0026331356600681737,0.5505014326647565,2.3590616045845274,4.125,11,2023-11-06 09:30:00-05:00,2024-02-06 09:30:00-05:00
zscore_60,2.0:2.5,1,1209,4.867162705955527e-06,0.0,0.000312026606823806,0.4855252274607113,0.07051282051282051,0.0,11,2023-11-06 09:30:00-05:00,2024-02-06 09:30:00-05:00
zscore_60,2.0:2.5,3,1209,1.1782114495933342e-05,1.5603788599882762e-05,0.0006039969035787607,0.5086848635235732,0.1718362282878412,0.25,11,2023-11-06 09:30:00-05:00,2024-02-06 09:30:00-05:00
zscore_60,2.0:2.5,5,1209,-4.961049695989075e-06,2.9433406916856697e-05,0.0008418188169276399,0.5103391232423491,-0.12551695616211744,0.5,11,2023-11-06 09:30:00-05:00,2024-02-06 09:30:00-05:00
zscore_60,2.0:2.5,10,1209,-4.711731846557747e-05,-1.4869225164693134e-05,0.0011428328817984425,0.4904880066170389,-0.8351943755169562,-0.25,11,2023-11-06 09:30:00-05:00,2024-02-06 09:30:00-05:00
zscore_60,2.0:2.5,20,1209,-7.898465982170171e-05,-1.4669854915161373e-05,0.0015130551325040137,0.4946236559139785,-1.358354011579818,-0.25,11,2023-11-06 09:30:00-05:00,2024-02-06 09:30:00-05:00
zscore_60,2.0:2.5,30,1209,-0.00010440974816563881,1.5763671043611538e-05,0.0017880564203679498,0.5028949545078577,-1.8130686517783292,0.25,11,2023-11-06 09:30:00-05:00,2024-02-06 09:30:00-05:00
zscore_60,2.0:2.5,60,1209,0.0003365206274670967,0.0003427151608619283,0.002503297162159203,0.5814722911497106,5.430727874276261,5.75,11,2023-11-06 09:30:00-05:00,2024-02-06 09:30:00-05:00
zscore_60,<=-2.5,1,712,6.908861921264457e-06,4.385164459741464e-05,0.0005115908101832722,0.5323033707865169,0.10568820224719101,0.75,11,2023-11-06 09:30:00-05:00,2024-02-06 09:30:00-05:00
zscore_60,<=-2.5,3,712,-7.674950064162914e-06,4.7005912141018236e-05,0.0008330798002051319,0.5210674157303371,-0.12816011235955055,0.75,11,2023-11-06 09:30:00-05:00,2024-02-06 09:30:00-05:00
zscore_60,<=-2.5,5,712,-5.5082674348620475e-05,3.830599820675573e-05,0.001027434390143795,0.5084269662921348,-0.9238061797752809,0.625,11,2023-11-06 09:30:00-05:00,2024-02-06 09:30:00-05:00
zscore_60,<=-2.5,10,712,-0.00013730550735181537,-7.4504544776976545e-06,0.0014255106630833118,0.49719101123595505,-2.3672752808988764,-0.125,11,2023-11-06 09:30:00-05:00,2024-02-06 09:30:00-05:00
zscore_60,<=-2.5,20,712,-4.1054121451645036e-05,0.0001070422885960376,0.0019776183181677578,0.5280898876404494,-0.9371488764044944,1.75,11,2023-11-06 09:30:00-05:00,2024-02-06 09:30:00-05:00
zscore_60,<=-2.5,30,712,0.00019948057799906637,0.00022073849892778608,0.002290899078516397,0.5519662921348315,2.926615168539326,3.5,11,2023-11-06 09:30:00-05:00,2024-02-06 09:30:00-05:00
zscore_60,<=-2.5,60,712,0.00013386847084464868,0.00040454333291262135,0.0035119302454313674,0.5674157303370787,1.8279494382022472,6.5,11,2023-11-06 09:30:00-05:00,2024-02-06 09:30:00-05:00
zscore_60,>=2.5,1,823,1.782133963707068e-05,0.0,0.0004616756212552502,0.49817739975698666,0.28402187120291617,0.0,11,2023-11-06 09:30:00-05:00,2024-02-06 09:30:00-05:00
zscore_60,>=2.5,3,823,6.421489716567913e-05,1.4736004479765086e-05,0.0007015096654039627,0.503037667071689,1.040097205346294,0.25,11,2023-11-06 09:30:00-05:00,2024-02-06 09:30:00-05:00
zscore_60,>=2.5,5,823,9.073155696049679e-05,4.532612144370063e-05,0.0009101472599955958,0.5273390036452005,1.4638517618469016,0.75,11,2023-11-06 09:30:00-05:00,2024-02-06 09:30:00-05:00
zscore_60,>=2.5,10,823,5.15714223613e-05,7.358676615587534e-05,0.001195363206186728,0.5261239368165249,0.8040704738760632,1.25,11,2023-11-06 09:30:00-05:00,2024-02-06 09:30:00-05:00
zscore_60,>=2.5,20,823,-0.00013611144873314958,-1.534872298625256e-05,0.001795111045991814,0.49210206561360875,-2.3757594167679223,-0.25,11,2023-11-06 09:30:00-05:00,2024-02-06 09:30:00-05:00
zscore_60,>=2.5,30,823,-0.00022381862986001135,-0.00013166171716139097,0.002246794867005547,0.45443499392466585,-3.830801944106926,-2.25,11,2023-11-06 09:30:00-05:00,2024-02-06 09:30:00-05:00
zscore_60,>=2.5,60,823,0.00023087735880177471,0.0004434907010013589,0.0029602941402786798,0.574726609963548,3.6133049817739975,7.25,11,2023-11-06 09:30:00-05:00,2024-02-06 09:30:00-05:00
zscore_30,-1.0:0,1,6382,-6.792603660213922e-06,0.0,0.0004652252154452144,0.4982764023816985,-0.12163115010968348,0.0,12,2024-02-06 09:30:00-05:00,2024-05-06 09:30:00-04:00
zscore_30,-1.0:0,3,6382,-1.9467504325571717e-05,0.0,0.000833924676900115,0.49576935130053273,-0.349341899091194,0.0,12,2024-02-06 09:30:00-05:00,2024-05-06 09:30:00-04:00
zscore_30,-1.0:0,5,6381,-1.1990106132676465e-05,0.0,0.0010461222870150014,0.4936530324400564,-0.21536593010499921,0.0,12,2024-02-06 09:30:00-05:00,2024-05-06 09:30:00-04:00
zscore_30,-1.0:0,10,6381,-2.7397254099100174e-06,1.345804454611077e-05,0.001517282041702236,0.5002350728725905,-0.061393198558219716,0.25,12,2024-02-06 09:30:00-05:00,2024-05-06 09:30:00-04:00
zscore_30,-1.0:0,20,6379,-4.913540885720277e-05,5.691114747108372e-05,0.0021452017920180824,0.5228092177457282,-0.9086847468255213,1.0,12,2024-02-06 09:30:00-05:00,2024-05-06 09:30:00-04:00
zscore_30,-1.0:0,30,6379,-0.00010243865409601476,4.180194239689072e-05,0.002733309638502435,0.5094842451794952,-1.8993180749333751,0.75,12,2024-02-06 09:30:00-05:00,2024-05-06 09:30:00-04:00
zscore_30,-1.0:0,60,6379,-0.0001032497362877532,9.704027171286711e-05,0.003958327891929559,0.5170089355698385,-1.971076971312118,1.75,12,2024-02-06 09:30:00-05:00,2024-05-06 09:30:00-04:00
zscore_30,-1.5:-1.0,1,3179,-6.4855597943616406e-06,0.0,0.00048399228509312265,0.4992135891789871,-0.12275872916011324,0.0,12,2024-02-06 09:30:00-05:00,2024-05-06 09:30:00-04:00
zscore_30,-1.5:-1.0,3,3179,-1.3672665160311854e-05,1.3904338153514217e-05,0.0008138206668779634,0.5061340044039006,-0.2586505190311419,0.25,12,2024-02-06 09:30:00-05:00,2024-05-06 09:30:00-04:00
zscore_30,-1.5:-1.0,5,3179,-2.5053217408330622e-05,2.786912658159224e-05,0.0010812943819747786,0.5127398553004089,-0.47129600503302926,0.5,12,2024-02-06 09:30:00-05:00,2024-05-06 09:30:00-04:00
zscore_30,-1.5:-1.0,10,3177,-1.043033828411951e-05,2.6963989592010407e-05,0.0015945321410026727,0.5070821529745042,-0.21797293043751967,0.5,12,2024-02-06 09:30:00-05:00,2024-05-06 09:30:00-04:00
zscore_30,-1.5:-1.0,20,3176,1.7738856022820182e-05,8.206418806033788e-05,0.0022494268645032486,0.5236146095717884,0.24771725440806044,1.5,12,2024-02-06 09:30:00-05:00,2024-05-06 09:30:00-04:00
zscore_30,-1.5:-1.0,30,3176,1.3284254422524596e-05,7.128885024487719e-05,0.0026804636801098436,0.5232997481108312,0.1473551637279597,1.25,12,2024-02-06 09:30:00-05:00,2024-05-06 09:30:00-04:00
zscore_30,-1.5:-1.0,60,3176,-7.6587413706122e-05,0.00019314355037447495,0.004022130714508398,0.533375314861461,-1.5392002518891688,3.5,12,2024-02-06 09:30:00-05:00,2024-05-06 09:30:00-04:00
zscore_30,-2.0:-1.5,1,2114,-1.2591960596175437e-05,1.3837985086251336e-05,0.0005225084465367955,0.5080416272469253,-0.21736045411542101,0.25,12,2024-02-06 09:30:00-05:00,2024-05-06 09:30:00-04:00
zscore_30,-2.0:-1.5,3,2114,-6.8226946369256e-06,2.7186841573767495e-05,0.0008092333988821075,0.5151371807000946,-0.11601229895931883,0.5,12,2024-02-06 09:30:00-05:00,2024-05-06 09:30:00-04:00
zscore_30,-2.0:-1.5,5,2114,-2.8615645420556372e-05,4.2500004239665046e-05,0.0009991837892485704,0.5279091769157994,-0.5055581835383159,0.75,12,2024-02-06 09:30:00-05:00,2024-05-06 09:30:00-04:00
zscore_30,-2.0:-1.5,10,2113,-5.9106496896629135e-05,4.115508608282248e-05,0.0014935233387787558,0.5144344533838144,-1.0685044959772836,0.75,12,2024-02-06 09:30:00-05:00,2024-05-06 09:30:00-04:00
zscore_30,-2.0:-1.5,20,2112,2.2339142118726886e-05,4.2206860029647686e-05,0.00230071374830212,0.5108901515151515,0.3580729166666667,0.75,12,2024-02-06 09:30:00-05:00,2024-05-06 09:30:00-04:00
zscore_30,-2.0:-1.5,30,2112,3.421221137823831e-05,7.644582977350822e-05,0.002698610872819528,0.5142045454545454,0.525094696969697,1.375,12,2024-02-06 09:30:00-05:00,2024-05-06 09:30:00-04:00
zscore_30,-2.0:-1.5,60,2112,0.00010731352527794318,0.00031251468060788934,0.003848317737542742,0.5544507575757576,1.8058712121212122,5.5,12,2024-02-06 09:30:00-05:00,2024-05-06 09:30:00-04:00
zscore_30,-2.5:-2.0,1,1072,2.046335686715492e-05,2.7159163141665665e-05,0.0005321132348290146,0.5186567164179104,0.37080223880597013,0.5,12,2024-02-06 09:30:00-05:00,2024-05-06 09:30:00-04:00
zscore_30,-2.5:-2.0,3,1072,3.066128775353071e-05,6.91694699430645e-05,0.0008498283883366747,0.542910447761194,0.5604011194029851,1.25,12,2024-02-06 09:30:00-05:00,2024-05-06 09:30:00-04:00
zscore_30,-2.5:-2.0,5,1072,2.7533756288898093e-05,9.507876135195215e-05,0.0012179558441638154,0.5457089552238806,0.4881063432835821,1.75,12,2024-02-06 09:30:00-05:00,2024-05-06 09:30:00-04:00
zscore_30,-2.5:-2.0,10,1071,-6.357221167118609e-05,2.7796694972881397e-05,0.001626563044474738,0.5098039215686274,-1.1718020541549954,0.5,12,2024-02-06 09:30:00-05:00,2024-05-06 09:30:00-04:00
zscore_30,-2.5:-2.0,20,1070,-9.774257629383316e-05,5.773637268724485e-05,0.0023467910889485837,0.5158878504672897,-1.8023364485981308,1.0,12,2024-02-06 09:30:00-05:00,2024-05-06 09:30:00-04:00
zscore_30,-2.5:-2.0,30,1070,-0.0002197390909294647,0.0,0.0027529966966435937,0.497196261682243,-4.031775700934579,0.0,12,2024-02-06 09:30:00-05:00,2024-05-06 09:30:00-04:00
zscore_30,-2.5:-2.0,60,1070,-0.0004263985292444511,5.5690172800493265e-05,0.004120452374126701,0.5065420560747663,-7.81822429906542,1.0,12,2024-02-06 09:30:00-05:00,2024-05-06 09:30:00-04:00
zscore_30,0:1.0,1,6808,6.597220043977389e-06,0.0,0.0004810099859461975,0.49838425381903645,0.11464453584018801,0.0,12,2024-02-06 09:30:00-05:00,2024-05-06 09:30:00-04:00
zscore_30,0:1.0,3,6806,1.5859785241770863e-05,1.4168520381385719e-05,0.0008322735798183302,0.5130766970320305,0.28122245077872465,0.25,12,2024-02-06 09:30:00-05:00,2024-05-06 09:30:00-04:00
zscore_30,0:1.0,5,6805,2.7625662939933083e-05,2.7720796141217363e-05,0.0011100110606961152,0.520940484937546,0.4904481998530492,0.5,12,2024-02-06 09:30:00-05:00,2024-05-06 09:30:00-04:00
zscore_30,0:1.0,10,6804,3.892960762423035e-05,4.08391547618292e-05,0.0015548691922684945,0.5177836566725456,0.6897413286302175,0.75,12,2024-02-06 09:30:00-05:00,2024-05-06 09:30:00-04:00
zscore_30,0:1.0,20,6801,4.833519990350316e-05,2.7375135164708908e-05,0.002275236344691681,0.5081605646228495,0.8355388913395089,0.5,12,2024-02-06 09:30:00-05:00,2024-05-06 09:30:00-04:00
zscore_30,0:1.0,30,6792,8.216976255851836e-05,2.7793220821692444e-05,0.002842260474584043,0.5075088339222615,1.4190223792697292,0.5,12,2024-02-06 09:30:00-05:00,2024-05-06 09:30:00-04:00
zscore_30,0:1.0,60,6780,0.000183464146169176,0.0001682464101665504,0.004042791449368319,0.5292035398230088,3.15844395280236,3.0,12,2024-02-06 09:30:00-05:00,2024-05-06 09:30:00-04:00
zscore_30,1.0:1.5,1,3825,1.5501620727866263e-05,1.36524362772672e-05,0.0004202775155296694,0.505359477124183,0.27294117647058824,0.25,12,2024-02-06 09:30:00-05:00,2024-05-06 09:30:00-04:00
zscore_30,1.0:1.5,3,3825,3.646677593010853e-05,2.6910656619971718e-05,0.0007639834017966854,0.5147712418300654,0.6349019607843137,0.5,12,2024-02-06 09:30:00-05:00,2024-05-06 09:30:00-04:00
zscore_30,1.0:1.5,5,3825,4.27182978468267e-05,2.6763729793488622e-05,0.0010095444232917526,0.5108496732026144,0.736078431372549,0.5,12,2024-02-06 09:30:00-05:00,2024-05-06 09:30:00-04:00
zscore_30,1.0:1.5,10,3825,4.5322607672373566e-05,2.839900603479606e-05,0.0013964946637737752,0.5168627450980392,0.7841830065359477,0.5,12,2024-02-06 09:30:00-05:00,2024-05-06 09:30:00-04:00
zscore_30,1.0:1.5,20,3823,6.464241262385581e-05,5.7112669017866935e-05,0.0020675597047351804,0.5205336123463249,1.1167930944284594,1.0,12,2024-02-06 09:30:00-05:00,2024-05-06 09:30:00-04:00
zscore_30,1.0:1.5,30,3822,0.0001144271635235928,7.032598364853371e-05,0.0026027158166561587,0.5204081632653061,2.0056253270538984,1.25,12,2024-02-06 09:30:00-05:00,2024-05-06 09:30:00-04:00
zscore_30,1.0:1.5,60,3810,0.0001782683682242709,3.476631499688132e-05,0.003951570083686967,0.5034120734908136,3.028280839895013,0.625,12,2024-02-06 09:30:00-05:00,2024-05-06 09:30:00-04:00
zscore_30,1.5:2.0,1,2511,-1.3351564059166428e-05,-1.365709759360012e-05,0.0003474421189501743,0.4763042612504978,-0.24362803663878932,-0.25,12,2024-02-06 09:30:00-05:00,2024-05-06 09:30:00-04:00
zscore_30,1.5:2.0,3,2511,-7.316305430730122e-06,0.0,0.0007568973589018143,0.48984468339307047,-0.15392273994424532,0.0,12,2024-02-06 09:30:00-05:00,2024-05-06 09:30:00-04:00
zscore_30,1.5:2.0,5,2511,8.908980749736989e-06,1.3851374748963252e-05,0.0009525600890400684,0.5029868578255675,0.12992831541218638,0.25,12,2024-02-06 09:30:00-05:00,2024-05-06 09:30:00-04:00
zscore_30,1.5:2.0,10,2511,4.584007396171302e-05,1.3791771829030353e-05,0.0013725277730398215,0.5029868578255675,0.7749900438072481,0.25,12,2024-02-06 09:30:00-05:00,2024-05-06 09:30:00-04:00
zscore_30,1.5:2.0,20,2511,9.210755467606462e-05,2.8003360403205946e-05,0.0018967824994207982,0.5069693349263241,1.5888092393468738,0.5,12,2024-02-06 09:30:00-05:00,2024-05-06 09:30:00-04:00
zscore_30,1.5:2.0,30,2511,0.00017147885099049224,9.756913470115869e-05,0.0023278913811153094,0.5197132616487455,3.0208084428514534,1.75,12,2024-02-06 09:30:00-05:00,2024-05-06 09:30:00-04:00
zscore_30,1.5:2.0,60,2506,0.00018717905434621654,6.80576103354591e-05,0.0033340473849726455,0.5067837190742218,3.2329409417398245,1.25,12,2024-02-06 09:30:00-05:00,2024-05-06 09:30:00-04:00
zscore_30,2.0:2.5,1,1076,5.109164010831188e-06,0.0,0.0005360522183802476,0.4944237918215613,0.08828996282527882,0.0,12,2024-02-06 09:30:00-05:00,2024-05-06 09:30:00-04:00
zscore_30,2.0:2.5,3,1076,1.4759881425252158e-05,1.3460681118071527e-05,0.000753659433771005,0.5018587360594795,0.25604089219330856,0.25,12,2024-02-06 09:30:00-05:00,2024-05-06 09:30:00-04:00
zscore_30,2.0:2.5,5,1076,6.233657439612307e-07,-1.3692728981939961e-05,0.0010950419655171265,0.48698884758364314,-0.0030204460966542753,-0.25,12,2024-02-06 09:30:00-05:00,2024-05-06 09:30:00-04:00
zscore_30,2.0:2.5,10,1076,2.2544210252800108e-05,0.0,0.001527585699531308,0.49907063197026025,0.36547397769516726,0.0,12,2024-02-06 09:30:00-05:00,2024-05-06 09:30:00-04:00
zscore_30,2.0:2.5,20,1076,6.305388166635994e-05,1.3720592603405635e-05,0.0020613620846976505,0.5009293680297398,1.0659851301115242,0.25,12,2024-02-06 09:30:00-05:00,2024-05-06 09:30:00-04:00
zscore_30,2.0:2.5,30,1076,4.863205468103688e-05,4.1889250853355264e-05,0.0025538576022000646,0.5111524163568774,0.7676579925650557,0.75,12,2024-02-06 09:30:00-05:00,2024-05-06 09:30:00-04:00
zscore_30,2.0:2.5,60,1075,5.4224020521049644e-05,-5.727786926323919e-05,0.0034635894253612974,0.4883720930232558,0.8276744186046512,-1.0,12,2024-02-06 09:30:00-05:00,2024-05-06 09:30:00-04:00
zscore_30,<=-2.5,1,634,1.832903601707285e-05,2.787634449352705e-05,0.0006506946881185384,0.5189274447949527,0.3107255520504732,0.5,12,2024-02-06 09:30:00-05:00,2024-05-06 09:30:00-04:00
zscore_30,<=-2.5,3,634,-6.049502505959991e-06,2.0506243277318426e-05,0.0010979241545733336,0.5078864353312302,-0.12578864353312302,0.375,12,2024-02-06 09:30:00-05:00,2024-05-06 09:30:00-04:00
zscore_30,<=-2.5,5,634,-2.0697174016576067e-05,2.8304242169263638e-05,0.0013173963567579305,0.5252365930599369,-0.38958990536277605,0.5,12,2024-02-06 09:30:00-05:00,2024-05-06 09:30:00-04:00
zscore_30,<=-2.5,10,634,-2.840955326859831e-05,4.2386977688324556e-05,0.0018272743634275936,0.5173501577287066,-0.5481072555205048,0.75,12,2024-02-06 09:30:00-05:00,2024-05-06 09:30:00-04:00
zscore_30,<=-2.5,20,634,-0.00020140950656445048,0.00014955017109552493,0.0025384979511016907,0.5347003154574133,-3.664826498422713,2.75,12,2024-02-06 09:30:00-05:00,2024-05-06 09:30:00-04:00
zscore_30,<=-2.5,30,634,-0.00017650390210765632,6.985582168139715e-05,0.003086380927472244,0.5110410094637224,-3.219242902208202,1.25,12,2024-02-06 09:30:00-05:00,2024-05-06 09:30:00-04:00
zscore_30,<=-2.5,60,634,-0.0001493621742602789,2.1063644924712577e-05,0.004342351238003862,0.5047318611987381,-2.838328075709779,0.375,12,2024-02-06 09:30:00-05:00,2024-05-06 09:30:00-04:00
zscore_30,>=2.5,1,508,-2.137074371844684e-06,2.7357723205057027e-05,0.0010295831107133698,0.5137795275590551,-0.025098425196850394,0.5,12,2024-02-06 09:30:00-05:00,2024-05-06 09:30:00-04:00
zscore_30,>=2.5,3,508,-7.172427557595755e-05,1.3648936971644154e-05,0.0017011731060838566,0.5039370078740157,-1.265255905511811,0.25,12,2024-02-06 09:30:00-05:00,2024-05-06 09:30:00-04:00
zscore_30,>=2.5,5,508,-0.0001570110336790346,-1.4065559049147858e-05,0.0019913350498027343,0.48031496062992124,-2.797244094488189,-0.25,12,2024-02-06 09:30:00-05:00,2024-05-06 09:30:00-04:00
zscore_30,>=2.5,10,508,-0.0002337471979136057,-6.9158206312813775e-06,0.0023384144212855126,0.49803149606299213,-4.2421259842519685,-0.125,12,2024-02-06 09:30:00-05:00,2024-05-06 09:30:00-04:00
zscore_30,>=2.5,20,508,-5.6720474947560765e-05,0.00013147872237062597,0.0030090718180537856,0.5295275590551181,-1.1461614173228347,2.375,12,2024-02-06 09:30:00-05:00,2024-05-06 09:30:00-04:00
zscore_30,>=2.5,30,508,8.60734221710981e-05,0.00032289163785392816,0.003455078122517906,0.5413385826771654,1.3484251968503937,5.75,12,2024-02-06 09:30:00-05:00,2024-05-06 09:30:00-04:00
zscore_30,>=2.5,60,508,0.0003488280181170049,-8.914574220508786e-05,0.004770029848897277,0.4822834645669291,5.87746062992126,-1.625,12,2024-02-06 09:30:00-05:00,2024-05-06 09:30:00-04:00
zscore_60,-1.0:0,1,6283,3.310433511732716e-09,0.0,0.0004979659755593743,0.49450899251949704,0.001989495463950342,0.0,12,2024-02-06 09:30:00-05:00,2024-05-06 09:30:00-04:00
zscore_60,-1.0:0,3,6283,-1.7457761295881327e-06,1.3837957517415234e-05,0.0008881888682252965,0.5067642845774312,-0.031434028330415406,0.25,12,2024-02-06 09:30:00-05:00,2024-05-06 09:30:00-04:00
zscore_60,-1.0:0,5,6283,-1.4868920220337251e-05,1.3561344742951675e-05,0.0012267232018099096,0.5018303358268343,-0.2714467611013847,0.25,12,2024-02-06 09:30:00-05:00,2024-05-06 09:30:00-04:00
zscore_60,-1.0:0,10,6283,-1.403088748531916e-05,2.7991994289600086e-05,0.001837517772992012,0.5123348718764921,-0.2798026420499761,0.5,12,2024-02-06 09:30:00-05:00,2024-05-06 09:30:00-04:00
zscore_60,-1.0:0,20,6283,-3.8088006079975435e-06,5.666284192473725e-05,0.002590716843736719,0.5188604169982493,-0.13866783383733886,1.0,12,2024-02-06 09:30:00-05:00,2024-05-06 09:30:00-04:00
zscore_60,-1.0:0,30,6283,-4.6314606164239345e-05,8.397480755784059e-05,0.0030135697495970153,0.5214069711921057,-0.9375696323412382,1.5,12,2024-02-06 09:30:00-05:00,2024-05-06 09:30:00-04:00
zscore_60,-1.0:0,60,6283,-2.9232227887195494e-05,0.00017917688893787087,0.003905605314310991,0.5309565494190673,-0.6501273277096928,3.25,12,2024-02-06 09:30:00-05:00,2024-05-06 09:30:00-04:00
zscore_60,-1.5:-1.0,1,3151,-8.210443595119395e-06,0.0,0.0005191748310117829,0.4988892415106315,-0.15130117423040304,0.0,12,2024-02-06 09:30:00-05:00,2024-05-06 09:30:00-04:00
zscore_60,-1.5:-1.0,3,3151,-1.5090958356470596e-05,0.0,0.0007965729427177377,0.49920660107902254,-0.2769755633132339,0.0,12,2024-02-06 09:30:00-05:00,2024-05-06 09:30:00-04:00
zscore_60,-1.5:-1.0,5,3151,-2.3839539584459067e-05,1.3669418776229847e-05,0.0009545268397777284,0.5017454776261504,-0.4327991113932085,0.25,12,2024-02-06 09:30:00-05:00,2024-05-06 09:30:00-04:00
zscore_60,-1.5:-1.0,10,3151,6.0182335368611495e-06,2.7821829007068644e-05,0.0013647500854449734,0.5099968264043161,0.0806093303713107,0.5,12,2024-02-06 09:30:00-05:00,2024-05-06 09:30:00-04:00
zscore_60,-1.5:-1.0,20,3151,3.0749830384606596e-05,9.789525208026006e-05,0.0019850171494422393,0.534750872738813,0.518486194858775,1.75,12,2024-02-06 09:30:00-05:00,2024-05-06 09:30:00-04:00
zscore_60,-1.5:-1.0,30,3151,4.720345976739396e-05,8.07308835995002e-05,0.0026261343088838105,0.5166613773405269,0.8262456363059346,1.5,12,2024-02-06 09:30:00-05:00,2024-05-06 09:30:00-04:00
zscore_60,-1.5:-1.0,60,3151,7.711305866793343e-05,0.0001985674774838131,0.003807256925406987,0.536655030149159,1.268168835290384,3.5,12,2024-02-06 09:30:00-05:00,2024-05-06 09:30:00-04:00
zscore_60,-2.0:-1.5,1,2045,2.6353385301127204e-06,1.41322781233022e-05,0.0004384879956776895,0.5149144254278729,0.045965770171149146,0.25,12,2024-02-06 09:30:00-05:00,2024-05-06 09:30:00-04:00
zscore_60,-2.0:-1.5,3,2045,3.082171519435248e-06,2.8613940711963437e-05,0.0007497341200581552,0.523716381418093,0.049511002444987774,0.5,12,2024-02-06 09:30:00-05:00,2024-05-06 09:30:00-04:00
zscore_60,-2.0:-1.5,5,2045,5.685242120866839e-06,6.95913595367692e-05,0.000962083073653543,0.541320293398533,0.09352078239608802,1.25,12,2024-02-06 09:30:00-05:00,2024-05-06 09:30:00-04:00
zscore_60,-2.0:-1.5,10,2045,-1.1529752922209139e-05,6.907413035661669e-05,0.0013177505400689242,0.5276283618581907,-0.20794621026894866,1.25,12,2024-02-06 09:30:00-05:00,2024-05-06 09:30:00-04:00
zscore_60,-2.0:-1.5,20,2045,-2.5845078547146456e-05,8.199969933442297e-05,0.0018022723087146582,0.5222493887530563,-0.4632029339853301,1.5,12,2024-02-06 09:30:00-05:00,2024-05-06 09:30:00-04:00
zscore_60,-2.0:-1.5,30,2045,-7.023962506795611e-05,5.565217391301225e-05,0.002113374698614189,0.5154034229828851,-1.2845965770171148,1.0,12,2024-02-06 09:30:00-05:00,2024-05-06 09:30:00-04:00
zscore_60,-2.0:-1.5,60,2045,8.268251608574102e-05,0.0003417728440968659,0.003730438363337641,0.556479217603912,1.3779951100244499,6.25,12,2024-02-06 09:30:00-05:00,2024-05-06 09:30:00-04:00
zscore_60,-2.5:-2.0,1,1097,1.657581085713722e-06,1.3690940704469412e-05,0.0005538261491301082,0.5031905195989061,0.031449407474931634,0.25,12,2024-02-06 09:30:00-05:00,2024-05-06 09:30:00-04:00
zscore_60,-2.5:-2.0,3,1097,-1.7227485967238587e-05,1.3692252923247494e-05,0.0008715914360599235,0.504102096627165,-0.3087967183226983,0.25,12,2024-02-06 09:30:00-05:00,2024-05-06 09:30:00-04:00
zscore_60,-2.5:-2.0,5,1097,-3.1507869591706804e-05,2.692079900934452e-05,0.0011217708587454456,0.5068368277119416,-0.5772561531449407,0.5,12,2024-02-06 09:30:00-05:00,2024-05-06 09:30:00-04:00
zscore_60,-2.5:-2.0,10,1097,-8.969264478073825e-05,1.4162500530989774e-05,0.0014936183354856156,0.5068368277119416,-1.611440291704649,0.25,12,2024-02-06 09:30:00-05:00,2024-05-06 09:30:00-04:00
zscore_60,-2.5:-2.0,20,1097,-2.8559149785503423e-05,1.3978780211587605e-05,0.00203173110559333,0.5031905195989061,-0.5332725615314494,0.25,12,2024-02-06 09:30:00-05:00,2024-05-06 09:30:00-04:00
zscore_60,-2.5:-2.0,30,1097,-3.115168145462665e-07,0.00015001909333922647,0.002340990867156946,0.5341841385597083,-0.05036463081130355,2.75,12,2024-02-06 09:30:00-05:00,2024-05-06 09:30:00-04:00
zscore_60,-2.5:-2.0,60,1097,-1.2752251751364668e-05,0.0003287357964696369,0.004014974176975097,0.5515041020966271,-0.33773928896991795,5.75,12,2024-02-06 09:30:00-05:00,2024-05-06 09:30:00-04:00
zscore_60,0:1.0,1,6870,-9.176625726956454e-08,1.3455328858102966e-05,0.0004944128686467925,0.5005822416302765,-0.004657933042212519,0.25,12,2024-02-06 09:30:00-05:00,2024-05-06 09:30:00-04:00
zscore_60,0:1.0,3,6868,3.030122531174438e-06,2.6980003839716105e-05,0.0008762579593327347,0.5187827606290041,0.05088817705299942,0.5,12,2024-02-06 09:30:00-05:00,2024-05-06 09:30:00-04:00
zscore_60,0:1.0,5,6866,1.680570951334174e-05,2.772290968044988e-05,0.0011111452657411667,0.523157588115351,0.29697057966792895,0.5,12,2024-02-06 09:30:00-05:00,2024-05-06 09:30:00-04:00
zscore_60,0:1.0,10,6861,2.4099057493082866e-05,2.8337040762771437e-05,0.0015233667580514996,0.5139192537530972,0.43623378516251277,0.5,12,2024-02-06 09:30:00-05:00,2024-05-06 09:30:00-04:00
zscore_60,0:1.0,20,6851,1.7459958664137013e-05,4.169967891254345e-05,0.002235547351923497,0.5180265654648957,0.2922201138519924,0.75,12,2024-02-06 09:30:00-05:00,2024-05-06 09:30:00-04:00
zscore_60,0:1.0,30,6841,7.768549459227471e-05,6.739089414242727e-05,0.0028745968957225466,0.5174682064025727,1.332370998392048,1.25,12,2024-02-06 09:30:00-05:00,2024-05-06 09:30:00-04:00
zscore_60,0:1.0,60,6831,0.00017090750731391932,0.00012535866506957483,0.003960971147597605,0.5239350021958717,2.9234372712633583,2.25,12,2024-02-06 09:30:00-05:00,2024-05-06 09:30:00-04:00
zscore_60,1.0:1.5,1,3610,4.692628531620733e-06,6.686011526646496e-06,0.00046288637122149335,0.5,0.08026315789473684,0.125,12,2024-02-06 09:30:00-05:00,2024-05-06 09:30:00-04:00
zscore_60,1.0:1.5,3,3610,1.2989755061942917e-05,0.0,0.0008241420796256346,0.49279778393351803,0.21516620498614958,0.0,12,2024-02-06 09:30:00-05:00,2024-05-06 09:30:00-04:00
zscore_60,1.0:1.5,5,3610,2.75634551416987e-05,0.0,0.001050466589593724,0.49058171745152357,0.4664127423822715,0.0,12,2024-02-06 09:30:00-05:00,2024-05-06 09:30:00-04:00
zscore_60,1.0:1.5,10,3610,5.049624581863257e-05,-1.3827912195563119e-05,0.001437332177394919,0.48614958448753465,0.8661357340720222,-0.25,12,2024-02-06 09:30:00-05:00,2024-05-06 09:30:00-04:00
zscore_60,1.0:1.5,20,3610,4.318162414565841e-05,-4.037851888194499e-05,0.002058458731672734,0.48282548476454296,0.7242382271468144,-0.75,12,2024-02-06 09:30:00-05:00,2024-05-06 09:30:00-04:00
zscore_60,1.0:1.5,30,3610,3.6683077786281405e-05,-5.741699402184164e-05,0.002564980474510354,0.47562326869806093,0.5998614958448754,-1.0,12,2024-02-06 09:30:00-05:00,2024-05-06 09:30:00-04:00
zscore_60,1.0:1.5,60,3597,1.7524025303012337e-06,-0.00016939821284889245,0.004073805283404749,0.4740061162079511,-0.162496524881846,-3.0,12,2024-02-06 09:30:00-05:00,2024-05-06 09:30:00-04:00
zscore_60,1.5:2.0,1,2584,1.7529162874322564e-05,1.3482903923334177e-05,0.0003871598193293402,0.5023219814241486,0.30814628482972134,0.25,12,2024-02-06 09:30:00-05:00,2024-05-06 09:30:00-04:00
zscore_60,1.5:2.0,3,2584,4.722353310529121e-05,2.768664271191046e-05,0.0007034661773851544,0.5193498452012384,0.8321400928792569,0.5,12,2024-02-06 09:30:00-05:00,2024-05-06 09:30:00-04:00
zscore_60,1.5:2.0,5,2584,7.461394669759603e-05,4.195424206865361e-05,0.0008987726094329945,0.5286377708978328,1.318014705882353,0.75,12,2024-02-06 09:30:00-05:00,2024-05-06 09:30:00-04:00
zscore_60,1.5:2.0,10,2584,0.00010589019059348054,6.837612407684102e-05,0.0012165487249704797,0.5274767801857585,1.8781927244582044,1.25,12,2024-02-06 09:30:00-05:00,2024-05-06 09:30:00-04:00
zscore_60,1.5:2.0,20,2584,0.00013180514208198694,8.447605832817562e-05,0.0018980205208757631,0.5336687306501547,2.3130804953560373,1.5,12,2024-02-06 09:30:00-05:00,2024-05-06 09:30:00-04:00
zscore_60,1.5:2.0,30,2584,0.00014251753368261347,0.00010774924070455771,0.002410961364645081,0.5208978328173375,2.4901315789473686,2.0,12,2024-02-06 09:30:00-05:00,2024-05-06 09:30:00-04:00
zscore_60,1.5:2.0,60,2577,0.00012957153679965964,6.908176517717024e-05,0.0037219163769294083,0.509895227008149,2.1619130772215756,1.25,12,2024-02-06 09:30:00-05:00,2024-05-06 09:30:00-04:00
zscore_60,2.0:2.5,1,1002,-1.3218295628747058e-05,-1.3933495995099854e-05,0.00038217881405617165,0.47904191616766467,-0.23902195608782434,-0.25,12,2024-02-06 09:30:00-05:00,2024-05-06 09:30:00-04:00
zscore_60,2.0:2.5,3,1002,1.0483359469311523e-05,0.0,0.0006799505739368356,0.4870259481037924,0.17964071856287425,0.0,12,2024-02-06 09:30:00-05:00,2024-05-06 09:30:00-04:00
zscore_60,2.0:2.5,5,1002,1.3240797021285932e-05,1.3859067626853516e-05,0.0009156998406068571,0.5049900199600799,0.21756487025948104,0.25,12,2024-02-06 09:30:00-05:00,2024-05-06 09:30:00-04:00
zscore_60,2.0:2.5,10,1002,6.869370164723856e-05,8.303646597662695e-05,0.0013033997887309469,0.5379241516966068,1.1788922155688624,1.5,12,2024-02-06 09:30:00-05:00,2024-05-06 09:30:00-04:00
zscore_60,2.0:2.5,20,1002,0.0002150624153911632,0.00015330638009281028,0.0018286694034487833,0.5499001996007984,3.7896706586826348,2.75,12,2024-02-06 09:30:00-05:00,2024-05-06 09:30:00-04:00
zscore_60,2.0:2.5,30,1002,0.00028336463746321425,0.000261263963606706,0.0023945897992070533,0.5568862275449101,5.004740518962076,4.75,12,2024-02-06 09:30:00-05:00,2024-05-06 09:30:00-04:00
zscore_60,2.0:2.5,60,1002,0.00030911896184247426,0.00013886774498361731,0.003720188935838184,0.5249500998003992,5.408682634730539,2.5,12,2024-02-06 09:30:00-05:00,2024-05-06 09:30:00-04:00
zscore_60,<=-2.5,1,821,-2.4946940510803333e-05,1.3535096505146171e-05,0.0006140078442492098,0.5030450669914738,-0.4598051157125457,0.25,12,2024-02-06 09:30:00-05:00,2024-05-06 09:30:00-04:00
zscore_60,<=-2.5,3,821,-5.3685054837466374e-05,0.0,0.0010132248937405805,0.4933008526187576,-0.9832521315468941,0.0,12,2024-02-06 09:30:00-05:00,2024-05-06 09:30:00-04:00
zscore_60,<=-2.5,5,821,-8.4839980838963e-05,1.3867125206346032e-05,0.001280171209843988,0.5054811205846529,-1.5517661388550548,0.25,12,2024-02-06 09:30:00-05:00,2024-05-06 09:30:00-04:00
zscore_60,<=-2.5,10,821,-0.0002378482768219584,-0.00016430928484378882,0.0016842860029590062,0.438489646772229,-4.346833130328867,-3.0,12,2024-02-06 09:30:00-05:00,2024-05-06 09:30:00-04:00
zscore_60,<=-2.5,20,821,-0.0004508681423524999,-0.00017601819757362414,0.0022858143327184415,0.4628501827040195,-8.1452496954933,-3.25,12,2024-02-06 09:30:00-05:00,2024-05-06 09:30:00-04:00
zscore_60,<=-2.5,30,821,-0.0005173006099347991,-0.00013826477704803608,0.0027212108767921284,0.46650426309378806,-9.344701583434835,-2.5,12,2024-02-06 09:30:00-05:00,2024-05-06 09:30:00-04:00
zscore_60,<=-2.5,60,821,-0.0008464145840016162,-0.00018349918836901846,0.004597338759575174,0.4713763702801462,-15.334043848964678,-3.25,12,2024-02-06 09:30:00-05:00,2024-05-06 09:30:00-04:00
zscore_60,>=2.5,1,646,1.3664222145185036e-05,0.0,0.0006147047563243005,0.4984520123839009,0.2511609907120743,0.0,12,2024-02-06 09:30:00-05:00,2024-05-06 09:30:00-04:00
zscore_60,>=2.5,3,646,-4.587874989710732e-05,-4.906524480319252e-05,0.001029613926794309,0.456656346749226,-0.8184984520123839,-0.875,12,2024-02-06 09:30:00-05:00,2024-05-06 09:30:00-04:00
zscore_60,>=2.5,5,646,-0.0001012587741894501,-6.784879538418442e-05,0.0012601955768229613,0.45975232198142413,-1.813080495356037,-1.25,12,2024-02-06 09:30:00-05:00,2024-05-06 09:30:00-04:00
zscore_60,>=2.5,10,646,-0.00016471153381533032,-2.7798467500117496e-05,0.0017510751971046247,0.4845201238390093,-3.028250773993808,-0.5,12,2024-02-06 09:30:00-05:00,2024-05-06 09:30:00-04:00
zscore_60,>=2.5,20,646,-7.155103662480958e-05,5.605730269298004e-05,0.0024652789037406865,0.5077399380804953,-1.4442724458204335,1.0,12,2024-02-06 09:30:00-05:00,2024-05-06 09:30:00-04:00
zscore_60,>=2.5,30,646,4.785452146996877e-05,6.225130479042829e-05,0.0031158954073125097,0.5139318885448917,0.6470588235294118,1.125,12,2024-02-06 09:30:00-05:00,2024-05-06 09:30:00-04:00
zscore_60,>=2.5,60,646,9.99458979147874e-05,-0.0003483883555353007,0.004614210348543861,0.44891640866873067,1.5023219814241486,-6.25,12,2024-02-06 09:30:00-05:00,2024-05-06 09:30:00-04:00
zscore_30,-1.0:0,1,6445,1.0994578619952214e-05,0.0,0.0005697620032954004,0.4974398758727696,0.20682699767261442,0.0,13,2024-05-06 09:30:00-04:00,2024-08-06 09:30:00-04:00
zscore_30,-1.0:0,3,6445,2.2246048852719586e-05,1.3412736734830233e-05,0.0008641253680668915,0.5101629169899147,0.4074476338246703,0.25,13,2024-05-06 09:30:00-04:00,2024-08-06 09:30:00-04:00
zscore_30,-1.0:0,5,6445,3.559230644027045e-05,1.3580867274098907e-05,0.0011892597771850765,0.5101629169899147,0.6421644685802949,0.25,13,2024-05-06 09:30:00-04:00,2024-08-06 09:30:00-04:00
zscore_30,-1.0:0,10,6445,3.659871013285074e-05,4.869793885964313e-05,0.002211399650038888,0.5225756400310319,0.630256012412723,1.0,13,2024-05-06 09:30:00-04:00,2024-08-06 09:30:00-04:00
zscore_30,-1.0:0,20,6444,-5.70943018631345e-05,7.264585298349946e-05,0.003038356324830373,0.526381129733085,-1.1989447548106766,1.5,13,2024-05-06 09:30:00-04:00,2024-08-06 09:30:00-04:00
zscore_30,-1.0:0,30,6435,-6.914803015306054e-06,0.00011904761904757422,0.0032732518519296224,0.5327117327117327,-0.28865578865578867,2.25,13,2024-05-06 09:30:00-04:00,2024-08-06 09:30:00-04:00
zscore_30,-1.0:0,60,6434,9.421107330496112e-05,0.0003273077265790736,0.004576641505442112,0.5621697233447311,1.5222645321728319,6.25,13,2024-05-06 09:30:00-04:00,2024-08-06 09:30:00-04:00
zscore_30,-1.5:-1.0,1,3082,-2.125417613671838e-05,0.0,0.001034369222651258,0.4970798182998053,-0.40217391304347827,0.0,13,2024-05-06 09:30:00-04:00,2024-08-06 09:30:00-04:00
zscore_30,-1.5:-1.0,3,3082,-3.2675662245232876e-05,1.361722854498204e-05,0.0014760248153547694,0.509409474367294,-0.6244321868916288,0.25,13,2024-05-06 09:30:00-04:00,2024-08-06 09:30:00-04:00
zscore_30,-1.5:-1.0,5,3082,-4.349643577104543e-05,3.750471932240096e-05,0.00200728682869157,0.5201168072680078,-0.8262491888384166,0.75,13,2024-05-06 09:30:00-04:00,2024-08-06 09:30:00-04:00
zscore_30,-1.5:-1.0,10,3082,-3.4879159340276666e-05,6.237145419518697e-05,0.0021051152137900857,0.5266060999351071,-0.7262329656067489,1.25,13,2024-05-06 09:30:00-04:00,2024-08-06 09:30:00-04:00
zscore_30,-1.5:-1.0,20,3082,-6.272701483471306e-05,6.573842883283998e-05,0.0028561743960445174,0.5188189487345879,-1.2761194029850746,1.25,13,2024-05-06 09:30:00-04:00,2024-08-06 09:30:00-04:00
zscore_30,-1.5:-1.0,30,3082,-6.760410173477365e-05,6.874790060351632e-05,0.003254916641648377,0.5120051914341337,-1.336469824789098,1.25,13,2024-05-06 09:30:00-04:00,2024-08-06 09:30:00-04:00
zscore_30,-1.5:-1.0,60,3082,-2.6590643571539916e-05,0.00039678436641210624,0.004193054781955224,0.5587280986372486,-0.6569597663854639,7.625,13,2024-05-06 09:30:00-04:00,2024-08-06 09:30:00-04:00
zscore_30,-2.0:-1.5,1,2204,8.71610947955671e-06,0.0,0.0005082760549771762,0.4981851179673321,0.14813974591651544,0.0,13,2024-05-06 09:30:00-04:00,2024-08-06 09:30:00-04:00
zscore_30,-2.0:-1.5,3,2204,-2.6417677801267367e-05,1.3188467094638057e-05,0.001441036185749062,0.5068058076225045,-0.5414019963702359,0.25,13,2024-05-06 09:30:00-04:00,2024-08-06 09:30:00-04:00
zscore_30,-2.0:-1.5,5,2204,-3.221055980760293e-05,2.4765453968456086e-05,0.0015540075741022209,0.5104355716878403,-0.6361161524500908,0.5,13,2024-05-06 09:30:00-04:00,2024-08-06 09:30:00-04:00
zscore_30,-2.0:-1.5,10,2204,-3.03873545213494e-05,2.485315455202919e-05,0.0018543935489334534,0.5054446460980037,-0.6339609800362976,0.5,13,2024-05-06 09:30:00-04:00,2024-08-06 09:30:00-04:00
zscore_30,-2.0:-1.5,20,2204,2.8543193373332925e-05,5.2483478149234486e-05,0.002608790137546635,0.5131578947368421,0.5073729582577132,1.0,13,2024-05-06 09:30:00-04:00,2024-08-06 09:30:00-04:00
zscore_30,-2.0:-1.5,30,2204,-3.1414847861780304e-05,6.264094291619227e-05,0.0033064215303701943,0.5136116152450091,-0.6413339382940109,1.25,13,2024-05-06 09:30:00-04:00,2024-08-06 09:30:00-04:00
zscore_30,-2.0:-1.5,60,2204,-9.242178576471153e-05,0.0002017898142896435,0.004044704556942157,0.5290381125226861,-1.943284936479129,3.75,13,2024-05-06 09:30:00-04:00,2024-08-06 09:30:00-04:00
zscore_30,-2.5:-2.0,1,1027,-6.645225785771855e-06,1.3672409078457903e-05,0.0004847618240307407,0.5131450827653359,-0.14118792599805258,0.25,13,2024-05-06 09:30:00-04:00,2024-08-06 09:30:00-04:00
zscore_30,-2.5:-2.0,3,1027,3.961997118154586e-06,3.827458185012844e-05,0.0010061475529614245,0.5248296007789679,0.0250730282375852,0.75,13,2024-05-06 09:30:00-04:00,2024-08-06 09:30:00-04:00
zscore_30,-2.5:-2.0,5,1027,-3.140765157124509e-05,8.221881166403655e-05,0.0014902438645999399,0.5481986368062317,-0.7273612463485881,1.5,13,2024-05-06 09:30:00-04:00,2024-08-06 09:30:00-04:00
zscore_30,-2.5:-2.0,10,1027,-7.498133643254729e-05,7.272550968462355e-05,0.0018366308929027362,0.5316455696202531,-1.5331061343719572,1.5,13,2024-05-06 09:30:00-04:00,2024-08-06 09:30:00-04:00
zscore_30,-2.5:-2.0,20,1027,7.208156956024371e-05,0.0001680780916673008,0.0023139535471116213,0.549172346640701,1.2590068159688412,3.25,13,2024-05-06 09:30:00-04:00,2024-08-06 09:30:00-04:00
zscore_30,-2.5:-2.0,30,1027,-7.24913595946436e-05,0.00021199353419709688,0.0035435222174421003,0.5394352482960078,-1.5355404089581304,4.0,13,2024-05-06 09:30:00-04:00,2024-08-06 09:30:00-04:00
zscore_30,-2.5:-2.0,60,1027,-0.00020052608918723897,0.00020258036743014962,0.004211691985246753,0.5355404089581305,-4.027020447906524,4.0,13,2024-05-06 09:30:00-04:00,2024-08-06 09:30:00-04:00
zscore_30,0:1.0,1,7104,-3.680124149397681e-06,0.0,0.0004144592492945752,0.4895833333333333,-0.07172015765765766,0.0,13,2024-05-06 09:30:00-04:00,2024-08-06 09:30:00-04:00
zscore_30,0:1.0,3,7104,2.8402851303918288e-06,1.2353609724735648e-05,0.0008796627190755138,0.5033783783783784,0.0444115990990991,0.25,13,2024-05-06 09:30:00-04:00,2024-08-06 09:30:00-04:00
zscore_30,0:1.0,5,7104,1.1015372053650333e-05,1.278931475201528e-05,0.0010823805603266245,0.5033783783783784,0.19408079954954954,0.25,13,2024-05-06 09:30:00-04:00,2024-08-06 09:30:00-04:00
zscore_30,0:1.0,10,7102,2.936787085615416e-05,2.656996472127915e-05,0.0015263925715914253,0.5166150380174599,0.5520275978597579,0.5,13,2024-05-06 09:30:00-04:00,2024-08-06 09:30:00-04:00
zscore_30,0:1.0,20,7094,1.5294384786461333e-05,7.828118486086222e-05,0.0021864131586390584,0.5353820129687059,0.22779813927262477,1.5,13,2024-05-06 09:30:00-04:00,2024-08-06 09:30:00-04:00
zscore_30,0:1.0,30,7093,1.6251361394882845e-05,9.273856997116248e-05,0.0027386299688320374,0.5269984491752432,0.20351050331312562,1.75,13,2024-05-06 09:30:00-04:00,2024-08-06 09:30:00-04:00
zscore_30,0:1.0,60,7077,-5.476132612425599e-05,0.00015948327419157415,0.004763940308772832,0.5318637840893033,-1.2590787056662427,3.0,13,2024-05-06 09:30:00-04:00,2024-08-06 09:30:00-04:00
zscore_30,1.0:1.5,1,3793,5.0180470627882945e-06,0.0,0.00041215185122511067,0.49591352491431584,0.09510941207487476,0.0,13,2024-05-06 09:30:00-04:00,2024-08-06 09:30:00-04:00
zscore_30,1.0:1.5,3,3793,6.6470923387807325e-06,1.3244857683947231e-05,0.0008136443801900091,0.5077774848404957,0.14190614289480621,0.25,13,2024-05-06 09:30:00-04:00,2024-08-06 09:30:00-04:00
zscore_30,1.0:1.5,5,3793,-2.2716132407245335e-06,1.3296104241389273e-05,0.0010651014186116939,0.508568415502241,-0.02511204851041392,0.25,13,2024-05-06 09:30:00-04:00,2024-08-06 09:30:00-04:00
zscore_30,1.0:1.5,10,3792,-1.2815540189407474e-05,3.935433010870959e-05,0.0015731888106815274,0.5232067510548524,-0.232331223628692,0.75,13,2024-05-06 09:30:00-04:00,2024-08-06 09:30:00-04:00
zscore_30,1.0:1.5,20,3791,6.069315238460445e-05,6.832654622979106e-05,0.0022131336943050184,0.5265101556317594,1.1396729095225535,1.25,13,2024-05-06 09:30:00-04:00,2024-08-06 09:30:00-04:00
zscore_30,1.0:1.5,30,3791,9.142539036547114e-05,9.358163660921903e-05,0.002772718061317633,0.5249274597731469,1.7180163545238722,1.75,13,2024-05-06 09:30:00-04:00,2024-08-06 09:30:00-04:00
zscore_30,1.0:1.5,60,3788,0.00012620059833015778,0.00010886065665327571,0.004136773609761692,0.5216473072861668,2.3491288278775078,2.0,13,2024-05-06 09:30:00-04:00,2024-08-06 09:30:00-04:00
zscore_30,1.5:2.0,1,2697,7.209840624873183e-07,1.3084552377362613e-05,0.0005185770427395183,0.5090841675936225,0.018631813125695215,0.25,13,2024-05-06 09:30:00-04:00,2024-08-06 09:30:00-04:00
zscore_30,1.5:2.0,3,2697,-8.613066636915819e-06,1.3368805229951874e-05,0.0008787433384357812,0.5094549499443827,-0.16082684464219504,0.25,13,2024-05-06 09:30:00-04:00,2024-08-06 09:30:00-04:00
zscore_30,1.5:2.0,5,2695,-2.4107732878128964e-05,1.2260010298303925e-05,0.001160131411106258,0.5020408163265306,-0.44174397031539886,0.25,13,2024-05-06 09:30:00-04:00,2024-08-06 09:30:00-04:00
zscore_30,1.5:2.0,10,2693,-3.911713762836073e-05,-1.3083696405957745e-05,0.0015023387831240528,0.4864463423691051,-0.7632751578165614,-0.25,13,2024-05-06 09:30:00-04:00,2024-08-06 09:30:00-04:00
zscore_30,1.5:2.0,20,2693,2.153749388227688e-05,9.24299842868237e-05,0.0021156178402204234,0.5354623096917935,0.37551058299294465,1.75,13,2024-05-06 09:30:00-04:00,2024-08-06 09:30:00-04:00
zscore_30,1.5:2.0,30,2693,4.719716213095323e-05,8.744425428797165e-05,0.0027831314530504295,0.5276643148904567,0.7983661344225771,1.75,13,2024-05-06 09:30:00-04:00,2024-08-06 09:30:00-04:00
zscore_30,1.5:2.0,60,2692,7.520594058893551e-05,6.400962310426639e-05,0.0036027309673542203,0.5122585438335809,1.2453566121842496,1.25,13,2024-05-06 09:30:00-04:00,2024-08-06 09:30:00-04:00
zscore_30,2.0:2.5,1,1232,-9.466498637334077e-06,0.0,0.0005212168127393184,0.48538961038961037,-0.17857142857142858,0.0,13,2024-05-06 09:30:00-04:00,2024-08-06 09:30:00-04:00
zscore_30,2.0:2.5,3,1232,-1.8382209110205752e-05,1.3535730106872812e-05,0.0009674325551000011,0.5170454545454546,-0.3390827922077922,0.25,13,2024-05-06 09:30:00-04:00,2024-08-06 09:30:00-04:00
zscore_30,2.0:2.5,5,1232,-1.4076561201972201e-05,4.0113944456465767e-05,0.001192836994494671,0.5324675324675324,-0.23640422077922077,0.75,13,2024-05-06 09:30:00-04:00,2024-08-06 09:30:00-04:00
zscore_30,2.0:2.5,10,1232,-4.579447596489707e-05,5.306143987848788e-05,0.0015528997510263162,0.5267857142857143,-0.7976866883116883,1.0,13,2024-05-06 09:30:00-04:00,2024-08-06 09:30:00-04:00
zscore_30,2.0:2.5,20,1232,6.131042929010042e-05,0.00013776411467825156,0.001957426613933545,0.5413961038961039,1.3183847402597402,2.75,13,2024-05-06 09:30:00-04:00,2024-08-06 09:30:00-04:00
zscore_30,2.0:2.5,30,1232,5.9710571217562945e-05,0.00013327436956545036,0.0023334859791798216,0.5413961038961039,1.281655844155844,2.75,13,2024-05-06 09:30:00-04:00,2024-08-06 09:30:00-04:00
zscore_30,2.0:2.5,60,1227,9.318550205533805e-05,0.00014995126583849938,0.0030756372059705926,0.5362673186634067,1.9185004074979626,3.0,13,2024-05-06 09:30:00-04:00,2024-08-06 09:30:00-04:00
zscore_30,<=-2.5,1,650,-2.710969045016528e-05,1.3578871182695629e-05,0.0010703493889999314,0.5169230769230769,-0.5784615384615385,0.25,13,2024-05-06 09:30:00-04:00,2024-08-06 09:30:00-04:00
zscore_30,<=-2.5,3,650,-1.1408116460676077e-06,7.087794146620752e-05,0.0013357472943630576,0.5523076923076923,-0.09615384615384616,1.375,13,2024-05-06 09:30:00-04:00,2024-08-06 09:30:00-04:00
zscore_30,<=-2.5,5,650,1.8925834712024007e-05,8.40091796301401e-05,0.001629063448287836,0.5430769230769231,0.1896153846153846,1.625,13,2024-05-06 09:30:00-04:00,2024-08-06 09:30:00-04:00
zscore_30,<=-2.5,10,650,4.3052801828697975e-05,0.00017046985417179528,0.002024495034447681,0.5523076923076923,0.6019230769230769,3.375,13,2024-05-06 09:30:00-04:00,2024-08-06 09:30:00-04:00
zscore_30,<=-2.5,20,650,0.00017509113116109365,0.00016890041735850847,0.0024756674441825392,0.5492307692307692,3.0673076923076925,3.25,13,2024-05-06 09:30:00-04:00,2024-08-06 09:30:00-04:00
zscore_30,<=-2.5,30,650,-0.00016269716550063577,0.0001553074448424896,0.004619759685271652,0.5323076923076923,-3.393846153846154,2.875,13,2024-05-06 09:30:00-04:00,2024-08-06 09:30:00-04:00
zscore_30,<=-2.5,60,650,-0.0002966417815890462,0.00019472163662181963,0.004633206089820127,0.536923076923077,-6.125,3.75,13,2024-05-06 09:30:00-04:00,2024-08-06 09:30:00-04:00
zscore_30,>=2.5,1,520,5.1427402453208624e-05,0.0,0.0008271070575991499,0.4980769230769231,0.9764423076923077,0.0,13,2024-05-06 09:30:00-04:00,2024-08-06 09:30:00-04:00
zscore_30,>=2.5,3,518,8.150276848043343e-05,7.996642067198412e-05,0.0011029171688129882,0.5463320463320464,1.5154440154440154,1.5,13,2024-05-06 09:30:00-04:00,2024-08-06 09:30:00-04:00
zscore_30,>=2.5,5,518,0.00010365596645875859,-1.858183256792101e-05,0.001262659278725674,0.48841698841698844,1.9314671814671815,-0.375,13,2024-05-06 09:30:00-04:00,2024-08-06 09:30:00-04:00
zscore_30,>=2.5,10,518,0.00012497364011832205,7.192040276804423e-05,0.0015200300414960843,0.528957528957529,2.4194015444015444,1.375,13,2024-05-06 09:30:00-04:00,2024-08-06 09:30:00-04:00
zscore_30,>=2.5,20,518,-6.35483414823824e-05,-3.9958442531462524e-05,0.0023054233878482444,0.48455598455598453,-1.2282818532818534,-0.75,13,2024-05-06 09:30:00-04:00,2024-08-06 09:30:00-04:00
zscore_30,>=2.5,30,518,2.6539154707672482e-05,0.00014092996580594708,0.0028489258773623065,0.5405405405405406,0.41216216216216217,2.75,13,2024-05-06 09:30:00-04:00,2024-08-06 09:30:00-04:00
zscore_30,>=2.5,60,514,-1.7096228760057433e-05,-0.00011260341965191323,0.003567273102664101,0.4805447470817121,-0.2607003891050584,-2.125,13,2024-05-06 09:30:00-04:00,2024-08-06 09:30:00-04:00
zscore_60,-1.0:0,1,6196,4.534979456707134e-06,0.0,0.0004986547526605539,0.49661071659134925,0.07791316978695934,0.0,13,2024-05-06 09:30:00-04:00,2024-08-06 09:30:00-04:00
zscore_60,-1.0:0,3,6196,1.4248515036470152e-05,1.3360703245313132e-05,0.0008199531612139414,0.5103292446739832,0.2527437056165268,0.25,13,2024-05-06 09:30:00-04:00,2024-08-06 09:30:00-04:00
zscore_60,-1.0:0,5,6196,2.4179591684954877e-05,1.2638498587458358e-05,0.0010646825299235171,0.5045190445448676,0.42729180116204,0.25,13,2024-05-06 09:30:00-04:00,2024-08-06 09:30:00-04:00
zscore_60,-1.0:0,10,6196,3.066030962865873e-05,4.1007135241466486e-05,0.0019149876848903926,0.5187217559715945,0.5177937378954164,0.75,13,2024-05-06 09:30:00-04:00,2024-08-06 09:30:00-04:00
zscore_60,-1.0:0,20,6196,-2.4577800571350032e-05,0.00010954902515181164,0.003008488499212355,0.5374435119431892,-0.5091591349257586,2.25,13,2024-05-06 09:30:00-04:00,2024-08-06 09:30:00-04:00
zscore_60,-1.0:0,30,6196,3.354884327542369e-05,0.00019126475856290348,0.003505424511576277,0.5477727566171724,0.6122498386055519,3.625,13,2024-05-06 09:30:00-04:00,2024-08-06 09:30:00-04:00
zscore_60,-1.0:0,60,6196,0.00015884873863754274,0.0003459010725044287,0.004479754828563602,0.5671400903808909,2.900984506132989,6.75,13,2024-05-06 09:30:00-04:00,2024-08-06 09:30:00-04:00
zscore_60,-1.5:-1.0,1,3152,2.753149517519849e-06,0.0,0.000456049696312575,0.4885786802030457,0.042988578680203046,0.0,13,2024-05-06 09:30:00-04:00,2024-08-06 09:30:00-04:00
zscore_60,-1.5:-1.0,3,3152,-1.378157298236221e-05,0.0,0.0008390804162865433,0.49397208121827413,-0.29893718274111675,0.0,13,2024-05-06 09:30:00-04:00,2024-08-06 09:30:00-04:00
zscore_60,-1.5:-1.0,5,3152,-4.057663310450921e-05,0.0,0.0011151947780748694,0.49968274111675126,-0.8383565989847716,0.0,13,2024-05-06 09:30:00-04:00,2024-08-06 09:30:00-04:00
zscore_60,-1.5:-1.0,10,3152,-0.0001306222472569914,-6.067003992082931e-06,0.001973931775216624,0.4927030456852792,-2.6027125634517767,-0.125,13,2024-05-06 09:30:00-04:00,2024-08-06 09:30:00-04:00
zscore_60,-1.5:-1.0,20,3152,-0.0002347339860428756,-2.48465893682992e-05,0.002390346180074984,0.48508883248730966,-4.622858502538071,-0.5,13,2024-05-06 09:30:00-04:00,2024-08-06 09:30:00-04:00
zscore_60,-1.5:-1.0,30,3152,-0.00023287939222711192,1.2516934797424106e-05,0.002782929699236644,0.5003172588832487,-4.592798223350254,0.25,13,2024-05-06 09:30:00-04:00,2024-08-06 09:30:00-04:00
zscore_60,-1.5:-1.0,60,3152,-0.0002465634885903231,0.0003138534944259197,0.004087317888440768,0.549492385786802,-5.01744923857868,6.0,13,2024-05-06 09:30:00-04:00,2024-08-06 09:30:00-04:00
zscore_60,-2.0:-1.5,1,2009,-3.4511079098715684e-05,1.2067675524418675e-05,0.0012646745797584317,0.5002488800398208,-0.6460925833748133,0.25,13,2024-05-06 09:30:00-04:00,2024-08-06 09:30:00-04:00
zscore_60,-2.0:-1.5,3,2009,-5.751687068910734e-05,2.6745119015680885e-05,0.001812833469512223,0.5156794425087108,-1.0806371329019413,0.5,13,2024-05-06 09:30:00-04:00,2024-08-06 09:30:00-04:00
zscore_60,-2.0:-1.5,5,2009,-9.712300101014233e-05,5.311661753371055e-05,0.00243819007198172,0.5286212045793928,-1.8178198108511698,1.0,13,2024-05-06 09:30:00-04:00,2024-08-06 09:30:00-04:00
zscore_60,-2.0:-1.5,10,2009,-6.898688045889581e-05,9.408096338914262e-05,0.0023579778235862854,0.5485316077650573,-1.3179442508710801,1.75,13,2024-05-06 09:30:00-04:00,2024-08-06 09:30:00-04:00
zscore_60,-2.0:-1.5,20,2009,-9.162659138778448e-05,0.00014555687634953962,0.0027260012022169264,0.5485316077650573,-1.8241662518666002,2.75,13,2024-05-06 09:30:00-04:00,2024-08-06 09:30:00-04:00
zscore_60,-2.0:-1.5,30,2009,-0.00019179334966015464,8.972058446543585e-05,0.002901140980416854,0.5166749626679941,-3.726480836236934,1.75,13,2024-05-06 09:30:00-04:00,2024-08-06 09:30:00-04:00
zscore_60,-2.0:-1.5,60,2009,-0.00016508266513095136,0.0003339076544990327,0.004196828439773591,0.554006968641115,-3.2840965654554504,6.25,13,2024-05-06 09:30:00-04:00,2024-08-06 09:30:00-04:00
zscore_60,-2.5:-2.0,1,1024,-3.798943559410136e-06,2.5400838960298877e-05,0.0007290730343549806,0.509765625,-0.111572265625,0.5,13,2024-05-06 09:30:00-04:00,2024-08-06 09:30:00-04:00
zscore_60,-2.5:-2.0,3,1024,-6.533043301133008e-05,2.771935406731263e-05,0.001914660123389034,0.515625,-1.28125,0.5,13,2024-05-06 09:30:00-04:00,2024-08-06 09:30:00-04:00
zscore_60,-2.5:-2.0,5,1024,-6.742164839512819e-05,6.779557426739302e-05,0.00195768360165439,0.533203125,-1.315185546875,1.25,13,2024-05-06 09:30:00-04:00,2024-08-06 09:30:00-04:00
zscore_60,-2.5:-2.0,10,1024,-4.770897222982663e-05,8.674315470313942e-05,0.0020503168810234343,0.53125,-0.929931640625,1.75,13,2024-05-06 09:30:00-04:00,2024-08-06 09:30:00-04:00
zscore_60,-2.5:-2.0,20,1024,5.3081567839477766e-05,0.00011705554911278782,0.0022775946846306004,0.5341796875,0.96044921875,2.25,13,2024-05-06 09:30:00-04:00,2024-08-06 09:30:00-04:00
zscore_60,-2.5:-2.0,30,1024,-1.4865065783994328e-05,0.00015077769616489434,0.002795404252497667,0.5380859375,-0.39794921875,2.75,13,2024-05-06 09:30:00-04:00,2024-08-06 09:30:00-04:00
zscore_60,-2.5:-2.0,60,1024,-6.364299207509605e-05,0.0003447930987482417,0.004153255009176612,0.5380859375,-1.289794921875,6.5,13,2024-05-06 09:30:00-04:00,2024-08-06 09:30:00-04:00
zscore_60,0:1.0,1,7065,3.353801735035829e-06,0.0,0.0005448114676888053,0.49723991507431,0.0667728237791932,0.0,13,2024-05-06 09:30:00-04:00,2024-08-06 09:30:00-04:00
zscore_60,0:1.0,3,7065,2.30040117773793e-05,1.3787778513130178e-05,0.0010256260926517012,0.5142250530785563,0.4399150743099788,0.25,13,2024-05-06 09:30:00-04:00,2024-08-06 09:30:00-04:00
zscore_60,0:1.0,5,7063,3.8212869069539795e-05,2.5957507560070425e-05,0.0013537771264516849,0.518476568030582,0.7238779555429704,0.5,13,2024-05-06 09:30:00-04:00,2024-08-06 09:30:00-04:00
zscore_60,0:1.0,10,7058,6.46660799476059e-05,3.9575783685075194e-05,0.001976126394652904,0.526919807310853,1.2231864550864266,0.75,13,2024-05-06 09:30:00-04:00,2024-08-06 09:30:00-04:00
zscore_60,0:1.0,20,7048,0.0001330449455404768,8.574573795872009e-05,0.0028495638549193006,0.5375993189557321,2.4282420544835412,1.75,13,2024-05-06 09:30:00-04:00,2024-08-06 09:30:00-04:00
zscore_60,0:1.0,30,7039,0.00011133211952202273,0.00011270286515729921,0.003625834173073706,0.5330302599801108,1.9484301747407302,2.25,13,2024-05-06 09:30:00-04:00,2024-08-06 09:30:00-04:00
zscore_60,0:1.0,60,7035,-6.40948984690897e-05,0.00017855671235889048,0.005118282548752461,0.5356076759061834,-1.5475124378109453,3.5,13,2024-05-06 09:30:00-04:00,2024-08-06 09:30:00-04:00
zscore_60,1.0:1.5,1,3886,-1.1223990607769274e-06,0.0,0.0004501828679939723,0.4963973237261966,-0.018142048378795676,0.0,13,2024-05-06 09:30:00-04:00,2024-08-06 09:30:00-04:00
zscore_60,1.0:1.5,3,3885,-1.3920989029428238e-05,1.3092775406509105e-05,0.0007832179189289092,0.5073359073359074,-0.2574002574002574,0.25,13,2024-05-06 09:30:00-04:00,2024-08-06 09:30:00-04:00
zscore_60,1.0:1.5,5,3885,-1.568646451924809e-05,1.3578101238254092e-05,0.0010024014359887215,0.5101673101673102,-0.2794079794079794,0.25,13,2024-05-06 09:30:00-04:00,2024-08-06 09:30:00-04:00
zscore_60,1.0:1.5,10,3885,-6.570675192947007e-06,3.613935334656482e-05,0.0012011162955298377,0.5171171171171172,-0.10785070785070786,0.75,13,2024-05-06 09:30:00-04:00,2024-08-06 09:30:00-04:00
zscore_60,1.0:1.5,20,3885,-2.6047462087209195e-05,5.464182285130903e-05,0.0015998005041566355,0.5263835263835264,-0.5097812097812098,1.0,13,2024-05-06 09:30:00-04:00,2024-08-06 09:30:00-04:00
zscore_60,1.0:1.5,30,3884,-1.8586339538042812e-06,4.9913401037104954e-05,0.002151123169512999,0.5136457260556128,-0.08946961894953656,1.0,13,2024-05-06 09:30:00-04:00,2024-08-06 09:30:00-04:00
zscore_60,1.0:1.5,60,3871,1.8887648240322563e-05,4.109589041090267e-05,0.0039062489224783257,0.5071041074657712,0.3221389821751485,0.75,13,2024-05-06 09:30:00-04:00,2024-08-06 09:30:00-04:00
zscore_60,1.5:2.0,1,2729,2.3421215476237355e-06,1.2137395315026112e-05,0.0004910377960223014,0.5027482594356907,0.049193843898864054,0.25,13,2024-05-06 09:30:00-04:00,2024-08-06 09:30:00-04:00
zscore_60,1.5:2.0,3,2728,-1.5148104015083262e-05,1.3008954827586905e-05,0.0007310664486129504,0.5069648093841642,-0.28271627565982405,0.25,13,2024-05-06 09:30:00-04:00,2024-08-06 09:30:00-04:00
zscore_60,1.5:2.0,5,2728,-2.5725317239138495e-05,0.0,0.0009050293766893479,0.4974340175953079,-0.4842375366568915,0.0,13,2024-05-06 09:30:00-04:00,2024-08-06 09:30:00-04:00
zscore_60,1.5:2.0,10,2728,-1.563197890287134e-05,1.2069327867125779e-05,0.0012270067004656697,0.500733137829912,-0.31341642228739003,0.25,13,2024-05-06 09:30:00-04:00,2024-08-06 09:30:00-04:00
zscore_60,1.5:2.0,20,2728,1.3713229152226964e-05,3.1941827199899464e-05,0.0016552163379422759,0.5091642228739003,0.25357404692082114,0.625,13,2024-05-06 09:30:00-04:00,2024-08-06 09:30:00-04:00
zscore_60,1.5:2.0,30,2728,2.7826106837427486e-05,1.372909747243689e-05,0.002014269156475861,0.5051319648093842,0.5263929618768328,0.25,13,2024-05-06 09:30:00-04:00,2024-08-06 09:30:00-04:00
zscore_60,1.5:2.0,60,2726,9.51677148074903e-05,3.135138738485921e-05,0.0030347963732814008,0.5044020542920029,1.7382611885546588,0.625,13,2024-05-06 09:30:00-04:00,2024-08-06 09:30:00-04:00
zscore_60,2.0:2.5,1,1138,-4.371407809354423e-06,0.0,0.0004286499431301137,0.48154657293497366,-0.09644112478031634,0.0,13,2024-05-06 09:30:00-04:00,2024-08-06 09:30:00-04:00
zscore_60,2.0:2.5,3,1138,7.65285632800046e-06,1.2883836188692932e-05,0.0007457513630732972,0.5035149384885764,0.13884007029876977,0.25,13,2024-05-06 09:30:00-04:00,2024-08-06 09:30:00-04:00
zscore_60,2.0:2.5,5,1138,2.5967752379187175e-05,1.2769845988302997e-05,0.0009613116718040247,0.5070298769771528,0.4802284710017575,0.25,13,2024-05-06 09:30:00-04:00,2024-08-06 09:30:00-04:00
zscore_60,2.0:2.5,10,1138,-1.977180006145109e-05,0.0,0.0013760948390500933,0.4991212653778559,-0.4022407732864675,0.0,13,2024-05-06 09:30:00-04:00,2024-08-06 09:30:00-04:00
zscore_60,2.0:2.5,20,1138,6.972080438832692e-05,0.00011503346122676561,0.0016824514430142234,0.5456942003514939,1.3607205623901582,2.25,13,2024-05-06 09:30:00-04:00,2024-08-06 09:30:00-04:00
zscore_60,2.0:2.5,30,1138,4.8484904218501844e-05,8.671894590694951e-05,0.002081848230448352,0.5289982425307557,0.929261862917399,1.75,13,2024-05-06 09:30:00-04:00,2024-08-06 09:30:00-04:00
zscore_60,2.0:2.5,60,1137,0.00024818361008232246,0.0001654214110446972,0.0030491733435112907,0.5303430079155673,4.621152154793315,3.0,13,2024-05-06 09:30:00-04:00,2024-08-06 09:30:00-04:00
zscore_60,<=-2.5,1,794,1.2882655771359644e-05,1.2258279057153487e-05,0.0006512247001413681,0.5012594458438288,0.22229219143576825,0.25,13,2024-05-06 09:30:00-04:00,2024-08-06 09:30:00-04:00
zscore_60,<=-2.5,3,794,6.107110210884629e-05,8.789787692875528e-05,0.0010913687323160417,0.5440806045340051,1.0831234256926952,1.75,13,2024-05-06 09:30:00-04:00,2024-08-06 09:30:00-04:00
zscore_60,<=-2.5,5,794,0.00010465875659879074,0.00012510449708269533,0.0014599672287221917,0.5503778337531486,1.8419395465994963,2.5,13,2024-05-06 09:30:00-04:00,2024-08-06 09:30:00-04:00
zscore_60,<=-2.5,10,794,0.00018291082960951517,0.00022442916584541894,0.00187005170571289,0.5629722921914357,3.358942065491184,4.375,13,2024-05-06 09:30:00-04:00,2024-08-06 09:30:00-04:00
zscore_60,<=-2.5,20,794,0.0003785511440140368,0.000363528572371985,0.0023538101296441435,0.5944584382871536,7.022984886649874,6.875,13,2024-05-06 09:30:00-04:00,2024-08-06 09:30:00-04:00
zscore_60,<=-2.5,30,794,0.000294756427938212,0.00039415437273460086,0.0033775959857896237,0.5818639798488665,5.186083123425693,7.5,13,2024-05-06 09:30:00-04:00,2024-08-06 09:30:00-04:00
zscore_60,<=-2.5,60,794,0.0003019387956611143,0.00031414844937804887,0.004681919658774033,0.5327455919395466,5.217884130982368,6.0,13,2024-05-06 09:30:00-04:00,2024-08-06 09:30:00-04:00
zscore_60,>=2.5,1,761,2.0368395279707402e-05,1.3098606308270533e-05,0.0004920976024879163,0.5045992115637319,0.3679369250985545,0.25,13,2024-05-06 09:30:00-04:00,2024-08-06 09:30:00-04:00
zscore_60,>=2.5,3,761,5.623389065842757e-05,3.748360092470371e-05,0.000868792559702564,0.5177398160315374,1.0029566360052562,0.75,13,2024-05-06 09:30:00-04:00,2024-08-06 09:30:00-04:00
zscore_60,>=2.5,5,761,4.759785422028726e-05,-1.364405392134671e-05,0.0011609105896573616,0.492772667542707,0.8505256241787122,-0.25,13,2024-05-06 09:30:00-04:00,2024-08-06 09:30:00-04:00
zscore_60,>=2.5,10,761,-3.474274458615343e-05,-3.702515242021143e-05,0.0017350238273314174,0.4914586070959264,-0.6245072273324573,-0.75,13,2024-05-06 09:30:00-04:00,2024-08-06 09:30:00-04:00
zscore_60,>=2.5,20,761,-0.00013565208410272112,-2.531998126320545e-05,0.002333444648785099,0.49014454664914586,-2.445795006570302,-0.5,13,2024-05-06 09:30:00-04:00,2024-08-06 09:30:00-04:00
zscore_60,>=2.5,30,761,-5.372339533444956e-05,9.144589016041316e-05,0.002612415255309526,0.5059132720105125,-0.8879763469119579,1.75,13,2024-05-06 09:30:00-04:00,2024-08-06 09:30:00-04:00
zscore_60,>=2.5,60,751,0.00014175647494065832,9.377344336081173e-05,0.0034371976223924678,0.5139813581890812,2.9201065246338214,1.75,13,2024-05-06 09:30:00-04:00,2024-08-06 09:30:00-04:00
zscore_30,-1.0:0,1,6599,2.539363216885944e-06,0.0,0.000552026202096494,0.4923473253523261,0.047848158811941204,0.0,14,2024-08-06 09:30:00-04:00,2024-11-06 09:30:00-05:00
zscore_30,-1.0:0,3,6598,1.1204040417576966e-05,0.0,0.0009934291718934995,0.49030009093664745,0.21805850257653833,0.0,14,2024-08-06 09:30:00-04:00,2024-11-06 09:30:00-05:00
zscore_30,-1.0:0,5,6598,1.4625380232202345e-05,-1.2199514395017097e-05,0.0013231162571831925,0.4907547741739921,0.28368444983328284,-0.25,14,2024-08-06 09:30:00-04:00,2024-11-06 09:30:00-05:00
zscore_30,-1.0:0,10,6595,3.886764999355396e-05,-2.4333268444642897e-05,0.0018684218672203139,0.4880970432145565,0.7630780894617134,-0.5,14,2024-08-06 09:30:00-04:00,2024-11-06 09:30:00-05:00
zscore_30,-1.0:0,20,6594,0.0001663264013060293,5.075435138746087e-05,0.002635095582733455,0.5139520776463452,3.2165984228086137,1.0,14,2024-08-06 09:30:00-04:00,2024-11-06 09:30:00-05:00
zscore_30,-1.0:0,30,6590,0.00021608460342482257,8.291946674265915e-05,0.0031218752247812774,0.5162367223065251,4.165667678300455,1.625,14,2024-08-06 09:30:00-04:00,2024-11-06 09:30:00-05:00
zscore_30,-1.0:0,60,6590,0.0002221987324304006,7.387859567775656e-05,0.0042989884928563895,0.5097116843702579,4.130918057663126,1.5,14,2024-08-06 09:30:00-04:00,2024-11-06 09:30:00-05:00
zscore_30,-1.5:-1.0,1,3432,-3.1978629885362505e-06,-1.2349338685713196e-05,0.0006822095339398397,0.4775641025641026,-0.07677738927738928,-0.25,14,2024-08-06 09:30:00-04:00,2024-11-06 09:30:00-05:00
zscore_30,-1.5:-1.0,3,3431,1.9840411532668714e-05,0.0,0.0012524759753479546,0.49548236665695133,0.3493879335470708,0.0,14,2024-08-06 09:30:00-04:00,2024-11-06 09:30:00-05:00
zscore_30,-1.5:-1.0,5,3429,3.3919626404061954e-05,2.4411082631514702e-05,0.0015113868450785085,0.5071449402158064,0.613079615048119,0.5,14,2024-08-06 09:30:00-04:00,2024-11-06 09:30:00-05:00
zscore_30,-1.5:-1.0,10,3429,6.34332004198172e-05,1.2164562197325424e-05,0.002121841130453818,0.5001458151064451,1.173082531350248,0.25,14,2024-08-06 09:30:00-04:00,2024-11-06 09:30:00-05:00
zscore_30,-1.5:-1.0,20,3426,0.00016256004422953018,2.507148892705313e-05,0.0029062571396745074,0.5072971395213076,3.058012259194396,0.5,14,2024-08-06 09:30:00-04:00,2024-11-06 09:30:00-05:00
zscore_30,-1.5:-1.0,30,3426,0.0002877270089298135,9.806866165085193e-05,0.0034154394911260736,0.524810274372446,5.460522475189726,2.0,14,2024-08-06 09:30:00-04:00,2024-11-06 09:30:00-05:00
zscore_30,-1.5:-1.0,60,3426,0.00040099916247043356,0.00031323771918023713,0.00469016686088943,0.5434909515469936,7.525248102743724,6.25,14,2024-08-06 09:30:00-04:00,2024-11-06 09:30:00-05:00
zscore_30,-2.0:-1.5,1,2292,1.2732283373717335e-05,1.2486935922706444e-05,0.0007463296550306037,0.5056719022687609,0.2424738219895288,0.25,14,2024-08-06 09:30:00-04:00,2024-11-06 09:30:00-05:00
zscore_30,-2.0:-1.5,3,2292,2.987557239508681e-05,2.4421515649963865e-05,0.0011413703013837373,0.5091623036649214,0.5614092495636999,0.5,14,2024-08-06 09:30:00-04:00,2024-11-06 09:30:00-05:00
zscore_30,-2.0:-1.5,5,2292,7.711034006030721e-05,4.932449022987395e-05,0.0015517653581392599,0.5283595113438045,1.4470986038394416,1.0,14,2024-08-06 09:30:00-04:00,2024-11-06 09:30:00-05:00
zscore_30,-2.0:-1.5,10,2290,0.00015457772121412353,6.735506155441939e-05,0.0023305159774463257,0.5253275109170306,2.8271834061135372,1.25,14,2024-08-06 09:30:00-04:00,2024-11-06 09:30:00-05:00
zscore_30,-2.0:-1.5,20,2286,0.00015878542760061864,3.6723085550249834e-05,0.0030472418161792887,0.5061242344706912,2.8357392825896763,0.75,14,2024-08-06 09:30:00-04:00,2024-11-06 09:30:00-05:00
zscore_30,-2.0:-1.5,30,2286,0.0003107732647731523,0.0001546525397663201,0.0036459078100532644,0.5345581802274716,5.781386701662292,3.0,14,2024-08-06 09:30:00-04:00,2024-11-06 09:30:00-05:00
zscore_30,-2.0:-1.5,60,2286,0.0006246322984961664,0.0004811799359922819,0.004755382949911535,0.5695538057742782,11.73140857392826,9.625,14,2024-08-06 09:30:00-04:00,2024-11-06 09:30:00-05:00
zscore_30,-2.5:-2.0,1,1095,-2.5091849861208975e-07,2.495663784185531e-05,0.0006622334966181929,0.5214611872146119,-0.010958904109589041,0.5,14,2024-08-06 09:30:00-04:00,2024-11-06 09:30:00-05:00
zscore_30,-2.5:-2.0,3,1095,3.415401493904836e-05,6.581978542752331e-05,0.001069866170603886,0.5452054794520548,0.652283105022831,1.25,14,2024-08-06 09:30:00-04:00,2024-11-06 09:30:00-05:00
zscore_30,-2.5:-2.0,5,1095,8.20875495829384e-05,7.438631291845077e-05,0.0016359150523493644,0.5260273972602739,1.5376712328767124,1.5,14,2024-08-06 09:30:00-04:00,2024-11-06 09:30:00-05:00
zscore_30,-2.5:-2.0,10,1095,0.0001609410687939526,0.00015786853194410533,0.0022088806847352133,0.5406392694063927,3.0079908675799087,3.25,14,2024-08-06 09:30:00-04:00,2024-11-06 09:30:00-05:00
zscore_30,-2.5:-2.0,20,1094,0.00024089813136902316,0.00010216749457070406,0.00313091760266409,0.5182815356489945,4.499771480804387,2.0,14,2024-08-06 09:30:00-04:00,2024-11-06 09:30:00-05:00
zscore_30,-2.5:-2.0,30,1094,0.00022715242135007622,0.00014358562153804488,0.003682624854751776,0.5347349177330896,4.242915904936015,2.875,14,2024-08-06 09:30:00-04:00,2024-11-06 09:30:00-05:00
zscore_30,-2.5:-2.0,60,1094,0.0005199581100268029,0.000378538654312921,0.004810622053428374,0.5502742230347349,10.010283363802559,7.625,14,2024-08-06 09:30:00-04:00,2024-11-06 09:30:00-05:00
zscore_30,0:1.0,1,7146,8.442409509113505e-06,0.0,0.0005116625757650553,0.4987405541561713,0.15904002239014833,0.0,14,2024-08-06 09:30:00-04:00,2024-11-06 09:30:00-05:00
zscore_30,0:1.0,3,7146,3.734633152485743e-06,1.2482529524571184e-05,0.0008773449880842572,0.5060173523649594,0.06304226140498181,0.25,14,2024-08-06 09:30:00-04:00,2024-11-06 09:30:00-05:00
zscore_30,0:1.0,5,7146,-1.8963779940888417e-06,1.2462617002717558e-05,0.0010804565073169816,0.5039182759585782,-0.053596417576266445,0.25,14,2024-08-06 09:30:00-04:00,2024-11-06 09:30:00-05:00
zscore_30,0:1.0,10,7146,-1.414955431289755e-05,1.317697308911292e-05,0.0014975941004113141,0.5060173523649594,-0.31087321578505456,0.25,14,2024-08-06 09:30:00-04:00,2024-11-06 09:30:00-05:00
zscore_30,0:1.0,20,7146,-2.9301297232970227e-06,1.2984652570269262e-05,0.002152691545824872,0.5030786453960258,-0.11065631122306185,0.25,14,2024-08-06 09:30:00-04:00,2024-11-06 09:30:00-05:00
zscore_30,0:1.0,30,7140,9.957648612902164e-06,-6.08339112556644e-06,0.0028192487461454114,0.49719887955182074,0.08028711484593838,-0.125,14,2024-08-06 09:30:00-04:00,2024-11-06 09:30:00-05:00
zscore_30,0:1.0,60,7126,8.813392555409764e-05,-1.2300455141001088e-05,0.004079592468352516,0.49803536345776034,1.421800449059781,-0.25,14,2024-08-06 09:30:00-04:00,2024-11-06 09:30:00-05:00
zscore_30,1.0:1.5,1,4012,7.805170352685297e-06,1.342789322633653e-05,0.00039467919741059817,0.517198404785643,0.15796360917248256,0.25,14,2024-08-06 09:30:00-04:00,2024-11-06 09:30:00-05:00
zscore_30,1.0:1.5,3,4012,2.1620372228274872e-05,1.3078135319921635e-05,0.0007120846520847142,0.5104685942173479,0.42397806580259223,0.25,14,2024-08-06 09:30:00-04:00,2024-11-06 09:30:00-05:00
zscore_30,1.0:1.5,5,4012,2.577500153329787e-05,1.3153749117034153e-05,0.0009374529669928049,0.5089730807577268,0.49912761714855436,0.25,14,2024-08-06 09:30:00-04:00,2024-11-06 09:30:00-05:00
zscore_30,1.0:1.5,10,4012,4.586772453765335e-05,3.146574809831382e-05,0.001327824672197124,0.5129611166500498,0.8846585244267199,0.625,14,2024-08-06 09:30:00-04:00,2024-11-06 09:30:00-05:00
zscore_30,1.0:1.5,20,4012,6.243256414359187e-05,7.681722873986718e-05,0.001897272778545979,0.5231804586241277,1.1784646061814557,1.5,14,2024-08-06 09:30:00-04:00,2024-11-06 09:30:00-05:00
zscore_30,1.0:1.5,30,4012,9.165953423785464e-05,7.501289647127152e-05,0.0024198200082782497,0.5169491525423728,1.7025174476570288,1.5,14,2024-08-06 09:30:00-04:00,2024-11-06 09:30:00-05:00
zscore_30,1.0:1.5,60,4006,0.00027060077420314774,0.0001513024126675866,0.003716201394054074,0.5212181727408887,5.112081877184224,3.0,14,2024-08-06 09:30:00-04:00,2024-11-06 09:30:00-05:00
zscore_30,1.5:2.0,1,2554,-1.7003313743677986e-05,-1.3054528663236642e-05,0.00042283597955601355,0.4635865309318716,-0.3376076742364918,-0.25,14,2024-08-06 09:30:00-04:00,2024-11-06 09:30:00-05:00
zscore_30,1.5:2.0,3,2554,-3.029593385067706e-05,-2.47965336451772e-05,0.000700429779766417,0.47572435395458107,-0.6114917776037588,-0.5,14,2024-08-06 09:30:00-04:00,2024-11-06 09:30:00-05:00
zscore_30,1.5:2.0,5,2554,-1.8926911735453717e-05,6.100387984653288e-06,0.0009576462190421686,0.5,-0.4027016444792482,0.125,14,2024-08-06 09:30:00-04:00,2024-11-06 09:30:00-05:00
zscore_30,1.5:2.0,10,2554,-1.2792136383273253e-07,3.835971112819969e-05,0.001259483177784235,0.5152701644479248,-0.06940093970242757,0.75,14,2024-08-06 09:30:00-04:00,2024-11-06 09:30:00-05:00
zscore_30,1.5:2.0,20,2554,-1.9401326740043167e-05,7.318684709378687e-05,0.0018786918706872942,0.5223179326546593,-0.5102779953014879,1.5,14,2024-08-06 09:30:00-04:00,2024-11-06 09:30:00-05:00
zscore_30,1.5:2.0,30,2554,-6.769948578870755e-05,3.826824187480593e-05,0.0022708337121127523,0.5074393108848865,-1.5109631949882538,0.75,14,2024-08-06 09:30:00-04:00,2024-11-06 09:30:00-05:00
zscore_30,1.5:2.0,60,2547,3.495021521941876e-05,3.7412081608234615e-05,0.0035861733722938553,0.5056929721240675,0.48311739301138595,0.75,14,2024-08-06 09:30:00-04:00,2024-11-06 09:30:00-05:00
zscore_30,2.0:2.5,1,1113,1.736852750763145e-06,0.0,0.0004822083481985159,0.49326145552560646,0.02605570530098832,0.0,14,2024-08-06 09:30:00-04:00,2024-11-06 09:30:00-05:00
zscore_30,2.0:2.5,3,1113,1.0422521625784943e-05,0.0,0.0007552918349011412,0.4950584007187781,0.18104222821203952,0.0,14,2024-08-06 09:30:00-04:00,2024-11-06 09:30:00-05:00
zscore_30,2.0:2.5,5,1113,9.939714641656811e-06,2.5242644924317048e-05,0.0009518262726146234,0.5103324348607368,0.15655884995507638,0.5,14,2024-08-06 09:30:00-04:00,2024-11-06 09:30:00-05:00
zscore_30,2.0:2.5,10,1113,2.2666519296375022e-06,6.396888553417135e-05,0.0013530618159617246,0.522911051212938,-0.011680143755615454,1.25,14,2024-08-06 09:30:00-04:00,2024-11-06 09:30:00-05:00
zscore_30,2.0:2.5,20,1113,1.968522302725449e-05,5.280318931255579e-05,0.00184442370528667,0.5121293800539084,0.25763701707097936,1.0,14,2024-08-06 09:30:00-04:00,2024-11-06 09:30:00-05:00
zscore_30,2.0:2.5,30,1113,-6.6561020161695085e-06,8.455638098681106e-05,0.0023982728205850018,0.5193171608265947,-0.3894878706199461,1.75,14,2024-08-06 09:30:00-04:00,2024-11-06 09:30:00-05:00
zscore_30,2.0:2.5,60,1111,0.00019805221519934212,0.000147752317864569,0.0037039868187331414,0.5265526552655265,3.607335733573357,3.0,14,2024-08-06 09:30:00-04:00,2024-11-06 09:30:00-05:00
zscore_30,<=-2.5,1,683,5.2301665865813035e-05,6.30604497471321e-05,0.0008520027893808027,0.5446559297218155,1.0366032210834553,1.25,14,2024-08-06 09:30:00-04:00,2024-11-06 09:30:00-05:00
zscore_30,<=-2.5,3,683,0.00010621019283605055,0.00014045481823865558,0.001562735023856636,0.5563689604685212,2.04502196193265,2.75,14,2024-08-06 09:30:00-04:00,2024-11-06 09:30:00-05:00
zscore_30,<=-2.5,5,683,0.00010006849527596926,0.00018490668376025532,0.0017034222593164065,0.568081991215227,1.9868228404099562,3.5,14,2024-08-06 09:30:00-04:00,2024-11-06 09:30:00-05:00
zscore_30,<=-2.5,10,683,0.00016051727541508532,0.00022947475777668203,0.0022062385072114323,0.5768667642752562,3.144582723279649,4.5,14,2024-08-06 09:30:00-04:00,2024-11-06 09:30:00-05:00
zscore_30,<=-2.5,20,682,7.3932520635898274e-06,4.0120790955167074e-05,0.0029755074980290586,0.5146627565982405,-0.03372434017595308,0.75,14,2024-08-06 09:30:00-04:00,2024-11-06 09:30:00-05:00
zscore_30,<=-2.5,30,682,-5.55552615364794e-05,0.0001611463861875828,0.0035607870588896663,0.5293255131964809,-1.1664222873900294,3.25,14,2024-08-06 09:30:00-04:00,2024-11-06 09:30:00-05:00
zscore_30,<=-2.5,60,682,0.00030877846369698966,0.0006436709890311754,0.005048961111676963,0.5733137829912024,5.943548387096774,13.25,14,2024-08-06 09:30:00-04:00,2024-11-06 09:30:00-05:00
zscore_30,>=2.5,1,533,1.7622981357683173e-06,1.2579249270450177e-05,0.0005228488194777224,0.5084427767354597,0.01125703564727955,0.25,14,2024-08-06 09:30:00-04:00,2024-11-06 09:30:00-05:00
zscore_30,>=2.5,3,533,-1.1622449772233487e-05,2.478836929720174e-05,0.0009282312498530182,0.5084427767354597,-0.25469043151969983,0.5,14,2024-08-06 09:30:00-04:00,2024-11-06 09:30:00-05:00
zscore_30,>=2.5,5,533,3.220243050197901e-06,2.5038183229408872e-05,0.0011656958606449247,0.5140712945590994,0.07129455909943715,0.5,14,2024-08-06 09:30:00-04:00,2024-11-06 09:30:00-05:00
zscore_30,>=2.5,10,533,3.553344568929383e-05,0.00015240804714489187,0.0016468761017429388,0.5609756097560976,0.7856472795497186,3.0,14,2024-08-06 09:30:00-04:00,2024-11-06 09:30:00-05:00
zscore_30,>=2.5,20,533,-1.6807571337194738e-05,0.00013528471282753252,0.0021460184676003057,0.5403377110694184,-0.2274859287054409,2.75,14,2024-08-06 09:30:00-04:00,2024-11-06 09:30:00-05:00
zscore_30,>=2.5,30,533,0.0001969396035229803,0.00027417063383272655,0.0027487360721763486,0.5440900562851783,3.897748592870544,5.5,14,2024-08-06 09:30:00-04:00,2024-11-06 09:30:00-05:00
zscore_30,>=2.5,60,532,0.0003035264534447455,0.00044867294803097035,0.004052543952355002,0.5676691729323309,6.134868421052632,8.625,14,2024-08-06 09:30:00-04:00,2024-11-06 09:30:00-05:00
zscore_60,-1.0:0,1,6239,1.5791456882602204e-06,0.0,0.0006225865596991322,0.4904632152588556,0.031174867767270395,0.0,14,2024-08-06 09:30:00-04:00,2024-11-06 09:30:00-05:00
zscore_60,-1.0:0,3,6238,2.3970226290926287e-05,0.0,0.0011246235855254423,0.49278614940686116,0.4740702148124399,0.0,14,2024-08-06 09:30:00-04:00,2024-11-06 09:30:00-05:00
zscore_60,-1.0:0,5,6236,5.166336795582918e-05,0.0,0.0014181911893163856,0.49486850545221295,1.0126683771648493,0.0,14,2024-08-06 09:30:00-04:00,2024-11-06 09:30:00-05:00
zscore_60,-1.0:0,10,6233,9.908108391164605e-05,1.2721675190174864e-05,0.0019825053084920855,0.504251564254773,1.9568426119043798,0.25,14,2024-08-06 09:30:00-04:00,2024-11-06 09:30:00-05:00
zscore_60,-1.0:0,20,6228,0.00013866694854675578,2.5507926737611264e-05,0.002731999675273782,0.5054592164418754,2.706928387925498,0.5,14,2024-08-06 09:30:00-04:00,2024-11-06 09:30:00-05:00
zscore_60,-1.0:0,30,6228,0.00011789198652833794,3.875925048657525e-05,0.0033586026577174122,0.5069043031470777,2.223185613359024,0.75,14,2024-08-06 09:30:00-04:00,2024-11-06 09:30:00-05:00
zscore_60,-1.0:0,60,6228,3.715466742664279e-05,7.458723743802853e-05,0.004427097395755617,0.5110789980732178,0.4812941554271034,1.5,14,2024-08-06 09:30:00-04:00,2024-11-06 09:30:00-05:00
zscore_60,-1.5:-1.0,1,3273,1.3053880792847114e-05,0.0,0.0006531110210515131,0.49282004277421326,0.2414451573479988,0.0,14,2024-08-06 09:30:00-04:00,2024-11-06 09:30:00-05:00
zscore_60,-1.5:-1.0,3,3272,3.459608488859879e-05,1.2405808123672202e-05,0.0010406804814278967,0.5036674816625917,0.6564028117359413,0.25,14,2024-08-06 09:30:00-04:00,2024-11-06 09:30:00-05:00
zscore_60,-1.5:-1.0,5,3272,4.619797581796972e-05,2.544966379680602e-05,0.0013546556244885266,0.5137530562347188,0.8847035452322738,0.5,14,2024-08-06 09:30:00-04:00,2024-11-06 09:30:00-05:00
zscore_60,-1.5:-1.0,10,3272,5.6104092508000456e-05,1.2179216871577303e-05,0.0018644541401374483,0.5009168704156479,1.07755195599022,0.25,14,2024-08-06 09:30:00-04:00,2024-11-06 09:30:00-05:00
zscore_60,-1.5:-1.0,20,3272,0.00018947043986284955,0.00011830859286277029,0.0026868905603184274,0.530562347188264,3.6055929095354524,2.25,14,2024-08-06 09:30:00-04:00,2024-11-06 09:30:00-05:00
zscore_60,-1.5:-1.0,30,3272,0.00031726446077545223,0.00023724940798830474,0.003177047642760006,0.5602078239608802,6.109107579462103,4.75,14,2024-08-06 09:30:00-04:00,2024-11-06 09:30:00-05:00
zscore_60,-1.5:-1.0,60,3272,0.0004347076552712885,0.00037613266716618465,0.004499921723366932,0.5492053789731052,8.181998777506113,7.5,14,2024-08-06 09:30:00-04:00,2024-11-06 09:30:00-05:00
zscore_60,-2.0:-1.5,1,2298,1.285039472770516e-05,0.0,0.0007858366999767182,0.49434290687554394,0.25641862489120976,0.0,14,2024-08-06 09:30:00-04:00,2024-11-06 09:30:00-05:00
zscore_60,-2.0:-1.5,3,2298,3.692830493401107e-05,2.4466199436856684e-05,0.0013607560342420457,0.5091383812010444,0.7058311575282855,0.5,14,2024-08-06 09:30:00-04:00,2024-11-06 09:30:00-05:00
zscore_60,-2.0:-1.5,5,2298,6.287902958630548e-05,3.7125104673019216e-05,0.0018001532891418815,0.515230635335074,1.1581810269799826,0.75,14,2024-08-06 09:30:00-04:00,2024-11-06 09:30:00-05:00
zscore_60,-2.0:-1.5,10,2298,0.00012673475084167113,4.443475715953937e-05,0.0023776904573836423,0.5108790252393386,2.3343124456048736,0.875,14,2024-08-06 09:30:00-04:00,2024-11-06 09:30:00-05:00
zscore_60,-2.0:-1.5,20,2298,0.00021367605241840164,0.00010955044079097309,0.0030327495027320664,0.5265448215839861,3.9916231505657094,2.25,14,2024-08-06 09:30:00-04:00,2024-11-06 09:30:00-05:00
zscore_60,-2.0:-1.5,30,2298,0.0003332740546278428,0.00020370043398254545,0.0035045099289631636,0.5448215839860748,6.30526544821584,4.0,14,2024-08-06 09:30:00-04:00,2024-11-06 09:30:00-05:00
zscore_60,-2.0:-1.5,60,2298,0.0007444522422452413,0.0005833544407916058,0.005051302244622738,0.5783289817232375,13.939947780678851,11.25,14,2024-08-06 09:30:00-04:00,2024-11-06 09:30:00-05:00
zscore_60,-2.5:-2.0,1,1136,-7.771328249457272e-06,2.467489183843874e-05,0.0005535724673835768,0.5149647887323944,-0.15911091549295775,0.5,14,2024-08-06 09:30:00-04:00,2024-11-06 09:30:00-05:00
zscore_60,-2.5:-2.0,3,1136,1.456887194437157e-05,3.927718564733507e-05,0.0011641345018151834,0.522887323943662,0.24405809859154928,0.75,14,2024-08-06 09:30:00-04:00,2024-11-06 09:30:00-05:00
zscore_60,-2.5:-2.0,5,1136,1.3278513447781044e-05,3.7153639513953785e-05,0.0013863020851940303,0.5149647887323944,0.24141725352112675,0.75,14,2024-08-06 09:30:00-04:00,2024-11-06 09:30:00-05:00
zscore_60,-2.5:-2.0,10,1136,4.848666757456846e-05,4.9139751750360006e-05,0.002321273520874119,0.5184859154929577,0.7684859154929577,1.0,14,2024-08-06 09:30:00-04:00,2024-11-06 09:30:00-05:00
zscore_60,-2.5:-2.0,20,1136,-0.00010638146011374071,-6.659196067265727e-05,0.003029060115791062,0.4753521126760563,-2.3151408450704225,-1.25,14,2024-08-06 09:30:00-04:00,2024-11-06 09:30:00-05:00
zscore_60,-2.5:-2.0,30,1136,-2.6912351187650774e-05,7.919029113234721e-05,0.00350457461015294,0.5176056338028169,-0.6892605633802817,1.625,14,2024-08-06 09:30:00-04:00,2024-11-06 09:30:00-05:00
zscore_60,-2.5:-2.0,60,1136,0.0004347143669714659,0.0006144838574035916,0.004800700288590902,0.5783450704225352,8.23525528169014,12.25,14,2024-08-06 09:30:00-04:00,2024-11-06 09:30:00-05:00
zscore_60,0:1.0,1,7234,3.208416355230733e-06,0.0,0.0004889900214669889,0.4991705833563727,0.059925352502073544,0.0,14,2024-08-06 09:30:00-04:00,2024-11-06 09:30:00-05:00
zscore_60,0:1.0,3,7234,-1.1762455953791794e-05,0.0,0.0008155683206485246,0.4975117500691181,-0.2350705004147083,0.0,14,2024-08-06 09:30:00-04:00,2024-11-06 09:30:00-05:00
zscore_60,0:1.0,5,7234,-1.8353459926442334e-05,1.2172486913764047e-05,0.0010651167174487218,0.5005529444290848,-0.36397567044512025,0.25,14,2024-08-06 09:30:00-04:00,2024-11-06 09:30:00-05:00
zscore_60,0:1.0,10,7232,-2.2501546832040295e-05,0.0,0.0015318476863018556,0.4979258849557522,-0.4530558628318584,0.0,14,2024-08-06 09:30:00-04:00,2024-11-06 09:30:00-05:00
zscore_60,0:1.0,20,7227,5.386892923721055e-05,-1.2233164107922079e-05,0.002247995717111012,0.49481112494811125,1.0167081776670819,-0.25,14,2024-08-06 09:30:00-04:00,2024-11-06 09:30:00-05:00
zscore_60,0:1.0,30,7218,7.525941788201757e-05,-6.195140202219784e-05,0.002862634507014506,0.4796342477140482,1.362011637572735,-1.25,14,2024-08-06 09:30:00-04:00,2024-11-06 09:30:00-05:00
zscore_60,0:1.0,60,7217,9.07018951837137e-05,-0.00014290354011037287,0.004018026953709968,0.4742967992240543,1.5389012054870446,-2.75,14,2024-08-06 09:30:00-04:00,2024-11-06 09:30:00-05:00
zscore_60,1.0:1.5,1,4051,7.646822039000798e-06,0.0,0.00040233955484957724,0.4956800789928413,0.13854603801530485,0.0,14,2024-08-06 09:30:00-04:00,2024-11-06 09:30:00-05:00
zscore_60,1.0:1.5,3,4051,1.9759719816236708e-05,1.2653742977208893e-05,0.0007476933620183254,0.5058010367810417,0.3447296963712664,0.25,14,2024-08-06 09:30:00-04:00,2024-11-06 09:30:00-05:00
zscore_60,1.0:1.5,5,4051,2.3824595570397437e-05,2.4620232907501816e-05,0.0009880493343377478,0.5114786472475932,0.4007652431498395,0.5,14,2024-08-06 09:30:00-04:00,2024-11-06 09:30:00-05:00
zscore_60,1.0:1.5,10,4051,6.491670659635182e-05,6.104111729654527e-05,0.0013737586180857272,0.5282646260182671,1.1463218958281907,1.25,14,2024-08-06 09:30:00-04:00,2024-11-06 09:30:00-05:00
zscore_60,1.0:1.5,20,4051,6.0044249019941986e-05,0.00010488777008599293,0.0020014178013660388,0.534189089113799,1.0293754628486793,2.0,14,2024-08-06 09:30:00-04:00,2024-11-06 09:30:00-05:00
zscore_60,1.0:1.5,30,4050,8.216378356324689e-05,2.5980894302390922e-05,0.0024524070295382215,0.5066666666666667,1.4370370370370371,0.5,14,2024-08-06 09:30:00-04:00,2024-11-06 09:30:00-05:00
zscore_60,1.0:1.5,60,4037,0.00030715738741914425,0.00021699172878597572,0.0036733481852170135,0.52415159772108,5.789633391132028,4.25,14,2024-08-06 09:30:00-04:00,2024-11-06 09:30:00-05:00
zscore_60,1.5:2.0,1,2587,3.977043930022166e-06,1.2854131317796558e-05,0.0004051867239997651,0.5106300734441438,0.07373405488983378,0.25,14,2024-08-06 09:30:00-04:00,2024-11-06 09:30:00-05:00
zscore_60,1.5:2.0,3,2587,1.682179361087635e-05,2.480097219814681e-05,0.0006883107308325714,0.5144955546965597,0.3228643216080402,0.5,14,2024-08-06 09:30:00-04:00,2024-11-06 09:30:00-05:00
zscore_60,1.5:2.0,5,2587,2.0416963410500233e-05,2.6817560138336916e-05,0.0008845385951152623,0.5164282953227677,0.374275222265172,0.5,14,2024-08-06 09:30:00-04:00,2024-11-06 09:30:00-05:00
zscore_60,1.5:2.0,10,2587,1.6169070431601036e-05,3.953350464525052e-05,0.0012097013421148678,0.5156551990722845,0.27203324313877075,0.75,14,2024-08-06 09:30:00-04:00,2024-11-06 09:30:00-05:00
zscore_60,1.5:2.0,20,2587,3.840254348313974e-05,9.062192532760527e-05,0.0018052744633373311,0.5268650947042907,0.6125821414766138,1.75,14,2024-08-06 09:30:00-04:00,2024-11-06 09:30:00-05:00
zscore_60,1.5:2.0,30,2587,8.930512935679673e-05,0.0001922460749759214,0.002222953576674255,0.5469655972168534,1.5799188248936993,3.75,14,2024-08-06 09:30:00-04:00,2024-11-06 09:30:00-05:00
zscore_60,1.5:2.0,60,2582,0.00025922132999692715,0.00022698170889046132,0.0035527300262417757,0.5364058869093726,4.845178156467854,4.5,14,2024-08-06 09:30:00-04:00,2024-11-06 09:30:00-05:00
zscore_60,2.0:2.5,1,1151,-1.405831858049895e-05,0.0,0.000465871718962103,0.4891398783666377,-0.275629887054735,0.0,14,2024-08-06 09:30:00-04:00,2024-11-06 09:30:00-05:00
zscore_60,2.0:2.5,3,1151,-2.1246662435109912e-05,0.0,0.0007076237435901437,0.4891398783666377,-0.4135534317984361,0.0,14,2024-08-06 09:30:00-04:00,2024-11-06 09:30:00-05:00
zscore_60,2.0:2.5,5,1151,-3.819034072355278e-05,-1.217982290535602e-05,0.0009052119818492732,0.48479582971329277,-0.7469591659426585,-0.25,14,2024-08-06 09:30:00-04:00,2024-11-06 09:30:00-05:00
zscore_60,2.0:2.5,10,1151,-3.510901899685232e-05,1.3403568029701773e-05,0.0012482813847970258,0.5021720243266724,-0.7126411815812337,0.25,14,2024-08-06 09:30:00-04:00,2024-11-06 09:30:00-05:00
zscore_60,2.0:2.5,20,1151,-5.045795526305857e-05,2.558755421366854e-05,0.0017133051930021004,0.5073848827106864,-1.107732406602954,0.5,14,2024-08-06 09:30:00-04:00,2024-11-06 09:30:00-05:00
zscore_60,2.0:2.5,30,1151,-3.616630599665392e-05,7.364945315280202e-05,0.002175414279065861,0.5204170286707211,-0.8544743701129452,1.5,14,2024-08-06 09:30:00-04:00,2024-11-06 09:30:00-05:00
zscore_60,2.0:2.5,60,1144,0.00015235497028560628,0.00014324614803418179,0.003477024302486281,0.5270979020979021,2.975743006993007,2.875,14,2024-08-06 09:30:00-04:00,2024-11-06 09:30:00-05:00
zscore_60,<=-2.5,1,872,3.164513637197895e-05,4.496486558747126e-05,0.0006722875051884579,0.5229357798165137,0.6115252293577982,0.875,14,2024-08-06 09:30:00-04:00,2024-11-06 09:30:00-05:00
zscore_60,<=-2.5,3,872,4.904913476104462e-05,9.74874650658819e-05,0.0010948895474612924,0.5355504587155964,0.9165711009174312,1.875,14,2024-08-06 09:30:00-04:00,2024-11-06 09:30:00-05:00
zscore_60,<=-2.5,5,872,5.144793314718244e-05,0.0001387601213084233,0.0013669148676855934,0.555045871559633,0.9426605504587156,2.75,14,2024-08-06 09:30:00-04:00,2024-11-06 09:30:00-05:00
zscore_60,<=-2.5,10,872,7.471632891988346e-05,0.00017652348592300804,0.0020062903030795306,0.5481651376146789,1.3079128440366972,3.5,14,2024-08-06 09:30:00-04:00,2024-11-06 09:30:00-05:00
zscore_60,<=-2.5,20,872,-4.862466592010669e-06,8.743180001546946e-05,0.002783718778683945,0.5229357798165137,-0.38646788990825687,1.75,14,2024-08-06 09:30:00-04:00,2024-11-06 09:30:00-05:00
zscore_60,<=-2.5,30,872,2.7343291596755924e-06,0.0001833841068098474,0.003491317858758262,0.5401376146788991,-0.21330275229357798,3.625,14,2024-08-06 09:30:00-04:00,2024-11-06 09:30:00-05:00
zscore_60,<=-2.5,60,872,0.0005171450199409886,0.0007991615435021249,0.004869786735281879,0.5791284403669725,10.08084862385321,16.0,14,2024-08-06 09:30:00-04:00,2024-11-06 09:30:00-05:00
zscore_60,>=2.5,1,618,-4.476860632625274e-05,-2.4913591671171798e-05,0.0005423306922114757,0.45307443365695793,-0.886326860841424,-0.5,14,2024-08-06 09:30:00-04:00,2024-11-06 09:30:00-05:00
zscore_60,>=2.5,3,618,-9.556155669758738e-05,-3.080326912768827e-05,0.0009223425298566431,0.46116504854368934,-1.889967637540453,-0.625,14,2024-08-06 09:30:00-04:00,2024-11-06 09:30:00-05:00
zscore_60,>=2.5,5,618,-7.816455269453069e-05,-6.1385093244048505e-06,0.0011463093915570573,0.4967637540453074,-1.507686084142395,-0.125,14,2024-08-06 09:30:00-04:00,2024-11-06 09:30:00-05:00
zscore_60,>=2.5,10,618,-0.00015622150763906122,2.528483841968132e-05,0.0015538876812977221,0.5145631067961165,-2.9518608414239482,0.5,14,2024-08-06 09:30:00-04:00,2024-11-06 09:30:00-05:00
zscore_60,>=2.5,20,618,-7.302145489372173e-05,1.2933474584753135e-05,0.0020322774142874527,0.5032362459546925,-1.3280744336569579,0.25,14,2024-08-06 09:30:00-04:00,2024-11-06 09:30:00-05:00
zscore_60,>=2.5,30,618,0.00019239274012198282,0.0001186318510369988,0.002616183980650157,0.529126213592233,3.722491909385113,2.25,14,2024-08-06 09:30:00-04:00,2024-11-06 09:30:00-05:00
zscore_60,>=2.5,60,614,0.00029405403161721316,0.0002445799846725327,0.004138811457499961,0.5374592833876222,5.859120521172638,4.875,14,2024-08-06 09:30:00-04:00,2024-11-06 09:30:00-05:00
zscore_30,-1.0:0,1,6035,-1.248602497725325e-06,0.0,0.0005197146749794156,0.49544324772162385,-0.031110190555095278,0.0,15,2024-11-06 09:30:00-05:00,2025-02-06 09:30:00-05:00
zscore_30,-1.0:0,3,6035,8.180430007113039e-07,1.1652295502262433e-05,0.0009655445717120402,0.5075393537696768,0.0037696768848384426,0.25,15,2024-11-06 09:30:00-05:00,2025-02-06 09:30:00-05:00
zscore_30,-1.0:0,5,6035,-1.5795994528174148e-06,1.180024544500391e-05,0.0012618680632337138,0.5057166528583265,-0.05952775476387738,0.25,15,2024-11-06 09:30:00-05:00,2025-02-06 09:30:00-05:00
zscore_30,-1.0:0,10,6032,-8.36326060615743e-06,2.9153443459994932e-05,0.0017711943415038378,0.5119363395225465,-0.22869694960212203,0.625,15,2024-11-06 09:30:00-05:00,2025-02-06 09:30:00-05:00
zscore_30,-1.0:0,20,6030,-1.847777752836864e-05,2.921436565295199e-05,0.0026860044886904693,0.5094527363184079,-0.4992537313432836,0.625,15,2024-11-06 09:30:00-05:00,2025-02-06 09:30:00-05:00
zscore_30,-1.0:0,30,6022,-7.43960042548145e-06,7.229493795302133e-05,0.003248798841779466,0.5179342411159084,-0.3191630687479243,1.5,15,2024-11-06 09:30:00-05:00,2025-02-06 09:30:00-05:00
zscore_30,-1.0:0,60,6017,-0.00010148512993712129,9.614460148066328e-05,0.004781273864274439,0.511550606614592,-2.4330231012132293,2.0,15,2024-11-06 09:30:00-05:00,2025-02-06 09:30:00-05:00
zscore_30,-1.5:-1.0,1,3101,2.0228880456117512e-05,1.1894000666146098e-05,0.000502664541147513,0.5188648822960336,0.42970009674298615,0.25,15,2024-11-06 09:30:00-05:00,2025-02-06 09:30:00-05:00
zscore_30,-1.5:-1.0,3,3101,4.55888740871733e-05,1.1995441732137735e-05,0.0008514972304521737,0.5114479200257981,0.9604966139954854,0.25,15,2024-11-06 09:30:00-05:00,2025-02-06 09:30:00-05:00
zscore_30,-1.5:-1.0,5,3101,5.42416397536222e-05,2.3385522023300354e-05,0.0010967330839126192,0.5149951628506934,1.1293937439535633,0.5,15,2024-11-06 09:30:00-05:00,2025-02-06 09:30:00-05:00
zscore_30,-1.5:-1.0,10,3101,9.043469131450614e-05,4.6432261135098685e-05,0.0016161102181349632,0.5214446952595937,1.8671396323766527,1.0,15,2024-11-06 09:30:00-05:00,2025-02-06 09:30:00-05:00
zscore_30,-1.5:-1.0,20,3097,5.1272767597365274e-05,3.581362589089032e-05,0.00254530743047828,0.5143687439457539,0.9631901840490797,0.75,15,2024-11-06 09:30:00-05:00,2025-02-06 09:30:00-05:00
zscore_30,-1.5:-1.0,30,3095,1.5581650030296705e-05,1.1309786358104645e-05,0.0030957246615673398,0.5001615508885299,0.17132471728594506,0.25,15,2024-11-06 09:30:00-05:00,2025-02-06 09:30:00-05:00
zscore_30,-1.5:-1.0,60,3095,0.00014297543610690492,0.00017044292434609254,0.00464627186816551,0.5247172859450727,2.7848949919224557,3.75,15,2024-11-06 09:30:00-05:00,2025-02-06 09:30:00-05:00
zscore_30,-2.0:-1.5,1,2109,1.206546133736159e-05,1.1782032400597942e-05,0.0004769665015946907,0.5149359886201992,0.25355618776671407,0.25,15,2024-11-06 09:30:00-05:00,2025-02-06 09:30:00-05:00
zscore_30,-2.0:-1.5,3,2109,1.6397495082318968e-05,3.495933064545653e-05,0.0009196137705615596,0.5248933143669986,0.34293504030346134,0.75,15,2024-11-06 09:30:00-05:00,2025-02-06 09:30:00-05:00
zscore_30,-2.0:-1.5,5,2109,2.400474030798329e-05,4.742539392710299e-05,0.0012132231427746155,0.525841631104789,0.4997629208155524,1.0,15,2024-11-06 09:30:00-05:00,2025-02-06 09:30:00-05:00
zscore_30,-2.0:-1.5,10,2109,5.669437278699022e-05,5.9593335081320475e-05,0.001682864981800519,0.5244191559981034,1.1666666666666667,1.25,15,2024-11-06 09:30:00-05:00,2025-02-06 09:30:00-05:00
zscore_30,-2.0:-1.5,20,2105,5.121177121579386e-05,4.6841698480015737e-05,0.002417807368042767,0.5149643705463183,0.9982185273159145,1.0,15,2024-11-06 09:30:00-05:00,2025-02-06 09:30:00-05:00
zscore_30,-2.0:-1.5,30,2105,-6.218801762783806e-06,0.0,0.0030669607738778915,0.4992874109263658,-0.28551068883610453,0.0,15,2024-11-06 09:30:00-05:00,2025-02-06 09:30:00-05:00
zscore_30,-2.0:-1.5,60,2105,0.00010367691297163909,0.0001532115497937525,0.004283211880944651,0.5263657957244655,2.009501187648456,3.25,15,2024-11-06 09:30:00-05:00,2025-02-06 09:30:00-05:00
zscore_30,-2.5:-2.0,1,1017,2.081140366142169e-05,1.180874555695155e-05,0.0005179990243334139,0.512291052114061,0.4515732546705998,0.25,15,2024-11-06 09:30:00-05:00,2025-02-06 09:30:00-05:00
zscore_30,-2.5:-2.0,3,1017,5.666518861260706e-05,8.033142450569741e-05,0.0008627534376474488,0.543756145526057,1.2249262536873156,1.75,15,2024-11-06 09:30:00-05:00,2025-02-06 09:30:00-05:00
zscore_30,-2.5:-2.0,5,1017,0.0001081448064018652,0.00011398999167866464,0.0011965047103394365,0.5594886922320551,2.3289085545722714,2.5,15,2024-11-06 09:30:00-05:00,2025-02-06 09:30:00-05:00
zscore_30,-2.5:-2.0,10,1017,0.00010081574749126584,8.131309024594913e-05,0.001656103805138264,0.5368731563421829,2.1386430678466075,1.75,15,2024-11-06 09:30:00-05:00,2025-02-06 09:30:00-05:00
zscore_30,-2.5:-2.0,20,1017,0.00017583131719509294,0.00010621850326320015,0.0023368080422088923,0.5270403146509341,3.6819075712881024,2.25,15,2024-11-06 09:30:00-05:00,2025-02-06 09:30:00-05:00
zscore_30,-2.5:-2.0,30,1017,-3.988354311356197e-05,5.748249657977489e-05,0.0032156962223240204,0.512291052114061,-0.9564896755162242,1.25,15,2024-11-06 09:30:00-05:00,2025-02-06 09:30:00-05:00
zscore_30,-2.5:-2.0,60,1017,8.789333223496039e-05,0.00029455775099274106,0.004941908458757322,0.5358898721730581,1.6755162241887906,6.25,15,2024-11-06 09:30:00-05:00,2025-02-06 09:30:00-05:00
zscore_30,0:1.0,1,6687,-8.038151791288138e-06,1.1355764754084063e-05,0.0005002330011533759,0.5008224914012263,-0.17133991326454315,0.25,15,2024-11-06 09:30:00-05:00,2025-02-06 09:30:00-05:00
zscore_30,0:1.0,3,6686,-1.4776137162013232e-05,1.1799550367785905e-05,0.00092309453274355,0.5076278791504637,-0.3155100209392761,0.25,15,2024-11-06 09:30:00-05:00,2025-02-06 09:30:00-05:00
zscore_30,0:1.0,5,6686,-2.6263482789872275e-05,2.31638741646778e-05,0.001163561631247376,0.5094226742446903,-0.5609856416392461,0.5,15,2024-11-06 09:30:00-05:00,2025-02-06 09:30:00-05:00
zscore_30,0:1.0,10,6684,-1.2807956650178661e-05,3.602889695242251e-05,0.0018418401925745713,0.5160083782166367,-0.2812312986235787,0.75,15,2024-11-06 09:30:00-05:00,2025-02-06 09:30:00-05:00
zscore_30,0:1.0,20,6684,4.956094644446701e-05,0.00010296358674677375,0.0025195361059824114,0.5314183123877917,1.0324655894673849,2.25,15,2024-11-06 09:30:00-05:00,2025-02-06 09:30:00-05:00
zscore_30,0:1.0,30,6684,0.0001795605935554947,0.0001555721766537399,0.003161557526282146,0.5411430281268701,3.763016157989228,3.25,15,2024-11-06 09:30:00-05:00,2025-02-06 09:30:00-05:00
zscore_30,0:1.0,60,6680,0.00022050027334215668,0.00015333354271918065,0.004510253153669374,0.5278443113772455,4.4953218562874255,3.25,15,2024-11-06 09:30:00-05:00,2025-02-06 09:30:00-05:00
zscore_30,1.0:1.5,1,3855,8.703692188117118e-06,0.0,0.0005712185005110738,0.48923476005188066,0.18249027237354085,0.0,15,2024-11-06 09:30:00-05:00,2025-02-06 09:30:00-05:00
zscore_30,1.0:1.5,3,3855,1.1379919159784952e-05,1.1666025035328431e-05,0.0008765566511869535,0.5050583657587548,0.23391699092088197,0.25,15,2024-11-06 09:30:00-05:00,2025-02-06 09:30:00-05:00
zscore_30,1.0:1.5,5,3853,4.100729960983401e-05,1.1970600205968296e-05,0.001312139088817965,0.5084349857254088,0.8588762003633532,0.25,15,2024-11-06 09:30:00-05:00,2025-02-06 09:30:00-05:00
zscore_30,1.0:1.5,10,3853,2.4899583176408687e-05,4.532115704924955e-05,0.001691387685109397,0.520114196729821,0.5088242927588892,1.0,15,2024-11-06 09:30:00-05:00,2025-02-06 09:30:00-05:00
zscore_30,1.0:1.5,20,3853,8.796288033136768e-05,9.439862178006742e-05,0.002341810163773065,0.5354269400467169,1.8397352712172332,2.0,15,2024-11-06 09:30:00-05:00,2025-02-06 09:30:00-05:00
zscore_30,1.0:1.5,30,3853,8.972886824221091e-05,0.00012000912069320968,0.002760822802537056,0.530755255644952,1.8702958733454451,2.5,15,2024-11-06 09:30:00-05:00,2025-02-06 09:30:00-05:00
zscore_30,1.0:1.5,60,3835,0.00024425362837149665,0.00024179341631058726,0.003986703499348091,0.5384615384615384,5.065580182529335,5.25,15,2024-11-06 09:30:00-05:00,2025-02-06 09:30:00-05:00
zscore_30,1.5:2.0,1,2516,-8.416108804291716e-06,0.0,0.0009293766226577038,0.4972178060413355,-0.19634340222575516,0.0,15,2024-11-06 09:30:00-05:00,2025-02-06 09:30:00-05:00
zscore_30,1.5:2.0,3,2515,-1.0480752487534167e-05,1.1977051968425911e-05,0.0014493741635268913,0.5093439363817097,-0.25894632206759444,0.25,15,2024-11-06 09:30:00-05:00,2025-02-06 09:30:00-05:00
zscore_30,1.5:2.0,5,2515,-9.069038390674345e-06,3.401784803092056e-05,0.001702826968557282,0.5208747514910537,-0.23727634194831013,0.75,15,2024-11-06 09:30:00-05:00,2025-02-06 09:30:00-05:00
zscore_30,1.5:2.0,10,2515,2.5174662105870767e-05,4.584422133580013e-05,0.0021150796438590505,0.5137176938369782,0.4840954274353877,1.0,15,2024-11-06 09:30:00-05:00,2025-02-06 09:30:00-05:00
zscore_30,1.5:2.0,20,2515,2.3489968286532858e-05,6.793478260869179e-05,0.0025751498945579513,0.5196819085487078,0.4242544731610338,1.5,15,2024-11-06 09:30:00-05:00,2025-02-06 09:30:00-05:00
zscore_30,1.5:2.0,30,2515,2.3722721625577803e-05,0.00016788986424898233,0.0028464239189668833,0.5383697813121272,0.4423459244532803,3.5,15,2024-11-06 09:30:00-05:00,2025-02-06 09:30:00-05:00
zscore_30,1.5:2.0,60,2512,0.0002480656006004118,0.000354588392671773,0.0038839121381667803,0.5537420382165605,5.107285031847134,7.5,15,2024-11-06 09:30:00-05:00,2025-02-06 09:30:00-05:00
zscore_30,2.0:2.5,1,1064,1.0768215502045378e-05,1.1392970354906495e-05,0.00042156941519843775,0.5028195488721805,0.22297932330827067,0.25,15,2024-11-06 09:30:00-05:00,2025-02-06 09:30:00-05:00
zscore_30,2.0:2.5,3,1064,3.866017504535425e-05,4.640339967576512e-05,0.0007277642568757244,0.5413533834586466,0.7976973684210527,1.0,15,2024-11-06 09:30:00-05:00,2025-02-06 09:30:00-05:00
zscore_30,2.0:2.5,5,1064,3.07776122935828e-05,2.2684610579304376e-05,0.0009313530701834619,0.5112781954887218,0.6120770676691729,0.5,15,2024-11-06 09:30:00-05:00,2025-02-06 09:30:00-05:00
zscore_30,2.0:2.5,10,1064,9.465469448843897e-06,3.433576262645843e-05,0.0012861243951152695,0.5075187969924813,0.13275375939849623,0.75,15,2024-11-06 09:30:00-05:00,2025-02-06 09:30:00-05:00
zscore_30,2.0:2.5,20,1064,-2.391802561019501e-06,-4.569431752204922e-05,0.0018019474199803753,0.4774436090225564,-0.15625,-1.0,15,2024-11-06 09:30:00-05:00,2025-02-06 09:30:00-05:00
zscore_30,2.0:2.5,30,1064,0.00011041457847965139,6.893367732063727e-05,0.002259249073794819,0.5122180451127819,2.237312030075188,1.5,15,2024-11-06 09:30:00-05:00,2025-02-06 09:30:00-05:00
zscore_30,2.0:2.5,60,1064,0.00018333460505187682,0.00020291290164708986,0.0033859074867550213,0.5338345864661654,3.675516917293233,4.25,15,2024-11-06 09:30:00-05:00,2025-02-06 09:30:00-05:00
zscore_30,<=-2.5,1,580,-1.0386701701512573e-05,-1.1460601705592932e-05,0.0005939304973213281,0.4810344827586207,-0.22413793103448276,-0.25,15,2024-11-06 09:30:00-05:00,2025-02-06 09:30:00-05:00
zscore_30,<=-2.5,3,580,-3.6846430480023426e-05,1.745471705061341e-05,0.000977878164272733,0.5137931034482759,-0.7896551724137931,0.375,15,2024-11-06 09:30:00-05:00,2025-02-06 09:30:00-05:00
zscore_30,<=-2.5,5,580,-3.1972132436150396e-05,7.800035071359179e-05,0.0012978503248419165,0.5362068965517242,-0.6655172413793103,1.625,15,2024-11-06 09:30:00-05:00,2025-02-06 09:30:00-05:00
zscore_30,<=-2.5,10,580,-8.896637669354618e-05,0.0001321314949972452,0.0018511007148791804,0.5465517241379311,-1.8663793103448276,2.875,15,2024-11-06 09:30:00-05:00,2025-02-06 09:30:00-05:00
zscore_30,<=-2.5,20,580,-8.513770997101309e-05,0.00010478580755080014,0.002330786343875882,0.5224137931034483,-1.7793103448275862,2.25,15,2024-11-06 09:30:00-05:00,2025-02-06 09:30:00-05:00
zscore_30,<=-2.5,30,580,-0.000299422057747438,2.9012202393818853e-05,0.0032288937794808514,0.506896551724138,-6.439655172413793,0.625,15,2024-11-06 09:30:00-05:00,2025-02-06 09:30:00-05:00
zscore_30,<=-2.5,60,580,-0.000430233693620052,-2.3624616454553937e-05,0.004726820673036891,0.49310344827586206,-9.482327586206896,-0.5,15,2024-11-06 09:30:00-05:00,2025-02-06 09:30:00-05:00
zscore_30,>=2.5,1,455,-2.1893785691468597e-05,-2.2704310413290685e-05,0.0005888461754781699,0.4725274725274725,-0.4774725274725275,-0.5,15,2024-11-06 09:30:00-05:00,2025-02-06 09:30:00-05:00
zscore_30,>=2.5,3,455,-2.4567828334138525e-05,6.964192443859041e-05,0.0009502005117239202,0.5384615384615384,-0.5664835164835165,1.5,15,2024-11-06 09:30:00-05:00,2025-02-06 09:30:00-05:00
zscore_30,>=2.5,5,455,-4.558090303814512e-05,8.101945624372497e-05,0.0012445517828930616,0.5318681318681319,-1.0384615384615385,1.75,15,2024-11-06 09:30:00-05:00,2025-02-06 09:30:00-05:00
zscore_30,>=2.5,10,455,9.505806623300784e-05,0.00012791887617447095,0.0016910578655801578,0.5384615384615384,1.9576923076923076,2.75,15,2024-11-06 09:30:00-05:00,2025-02-06 09:30:00-05:00
zscore_30,>=2.5,20,455,8.724629917102462e-05,5.756190783179349e-05,0.002034665487188321,0.5208791208791209,1.8494505494505495,1.25,15,2024-11-06 09:30:00-05:00,2025-02-06 09:30:00-05:00
zscore_30,>=2.5,30,455,0.00024269324145951069,0.00012641208039809726,0.002563225567270863,0.5274725274725275,5.092307692307692,2.75,15,2024-11-06 09:30:00-05:00,2025-02-06 09:30:00-05:00
zscore_30,>=2.5,60,455,0.00017357005356981444,0.0002711098559728953,0.0034372492315213566,0.5384615384615384,3.5587912087912086,6.0,15,2024-11-06 09:30:00-05:00,2025-02-06 09:30:00-05:00
zscore_60,-1.0:0,1,6055,-5.516361961719406e-07,0.0,0.0005470657411077892,0.495458298926507,-0.014327002477291495,0.0,15,2024-11-06 09:30:00-05:00,2025-02-06 09:30:00-05:00
zscore_60,-1.0:0,3,6054,1.282052997758945e-05,1.1545810900792652e-05,0.0009438437840459281,0.5034687809712587,0.26862405021473407,0.25,15,2024-11-06 09:30:00-05:00,2025-02-06 09:30:00-05:00
zscore_60,-1.0:0,5,6054,1.575346187327274e-05,1.1607400383750743e-05,0.0012620972234146939,0.5026428807400066,0.32309217046580774,0.25,15,2024-11-06 09:30:00-05:00,2025-02-06 09:30:00-05:00
zscore_60,-1.0:0,10,6050,4.0276983312488046e-05,1.1519634661949496e-05,0.0020074079142453306,0.5009917355371901,0.8160743801652892,0.25,15,2024-11-06 09:30:00-05:00,2025-02-06 09:30:00-05:00
zscore_60,-1.0:0,20,6044,0.00016020059231355987,3.4278984758828734e-05,0.003020578237985518,0.5092653871608207,3.319324950363997,0.75,15,2024-11-06 09:30:00-05:00,2025-02-06 09:30:00-05:00
zscore_60,-1.0:0,30,6044,0.000259659754463785,6.939264443983628e-05,0.0036140616069564864,0.514228987425546,5.407222038385175,1.5,15,2024-11-06 09:30:00-05:00,2025-02-06 09:30:00-05:00
zscore_60,-1.0:0,60,6044,0.00023106614699089893,9.670747613088615e-05,0.004604322761691587,0.5172071475843812,4.778457974851092,2.0,15,2024-11-06 09:30:00-05:00,2025-02-06 09:30:00-05:00
zscore_60,-1.5:-1.0,1,3016,-1.0235155696859932e-05,0.0,0.0004915677765606515,0.4887267904509284,-0.2252155172413793,0.0,15,2024-11-06 09:30:00-05:00,2025-02-06 09:30:00-05:00
zscore_60,-1.5:-1.0,3,3016,-2.6711664634690964e-05,1.1520539481502112e-05,0.0009590096902957243,0.5029840848806366,-0.5957393899204244,0.25,15,2024-11-06 09:30:00-05:00,2025-02-06 09:30:00-05:00
zscore_60,-1.5:-1.0,5,3016,-2.9791048562218662e-05,1.1620542827328606e-05,0.0012673390175397647,0.5043103448275862,-0.6718335543766578,0.25,15,2024-11-06 09:30:00-05:00,2025-02-06 09:30:00-05:00
zscore_60,-1.5:-1.0,10,3016,-4.809944446596825e-05,2.4064715846150442e-05,0.0017393326365384499,0.5109416445623343,-1.0960709549071619,0.5,15,2024-11-06 09:30:00-05:00,2025-02-06 09:30:00-05:00
zscore_60,-1.5:-1.0,20,3016,-7.599272718076665e-05,3.540825817238691e-05,0.0025336743718822963,0.5179045092838196,-1.7421253315649867,0.75,15,2024-11-06 09:30:00-05:00,2025-02-06 09:30:00-05:00
zscore_60,-1.5:-1.0,30,3016,-6.129728956085214e-05,5.6884115709032734e-05,0.0030279824923558907,0.5129310344827587,-1.4453746684350133,1.25,15,2024-11-06 09:30:00-05:00,2025-02-06 09:30:00-05:00
zscore_60,-1.5:-1.0,60,3016,-1.1491087172866004e-05,0.00020874617967669984,0.004640518562869084,0.5265251989389921,-0.4389920424403183,4.5,15,2024-11-06 09:30:00-05:00,2025-02-06 09:30:00-05:00
zscore_60,-2.0:-1.5,1,2004,1.4681967568054985e-05,1.1560627985574001e-05,0.0005247209489276465,0.5074850299401198,0.31462075848303395,0.25,15,2024-11-06 09:30:00-05:00,2025-02-06 09:30:00-05:00
zscore_60,-2.0:-1.5,3,2004,6.226229742046694e-06,1.1637108425444076e-05,0.0009176940635348753,0.5049900199600799,0.12786926147704591,0.25,15,2024-11-06 09:30:00-05:00,2025-02-06 09:30:00-05:00
zscore_60,-2.0:-1.5,5,2004,7.046940571419946e-06,1.1782242052005287e-05,0.0011512818468660572,0.5054890219560878,0.12999001996007983,0.25,15,2024-11-06 09:30:00-05:00,2025-02-06 09:30:00-05:00
zscore_60,-2.0:-1.5,10,2004,-3.095511156556496e-05,4.6466109497989017e-05,0.0015997175140492685,0.5194610778443114,-0.7128243512974052,1.0,15,2024-11-06 09:30:00-05:00,2025-02-06 09:30:00-05:00
zscore_60,-2.0:-1.5,20,2004,-0.00011764073321272891,5.682786838656639e-06,0.002343729806493702,0.5,-2.5832085828343314,0.125,15,2024-11-06 09:30:00-05:00,2025-02-06 09:30:00-05:00
zscore_60,-2.0:-1.5,30,2004,-0.00013516118629477408,3.410021260208396e-05,0.003025025653092724,0.5079840319361277,-2.997130738522954,0.75,15,2024-11-06 09:30:00-05:00,2025-02-06 09:30:00-05:00
zscore_60,-2.0:-1.5,60,2004,0.0002676575373218592,0.000289944728674274,0.004898818580299833,0.5533932135728543,5.425149700598802,6.125,15,2024-11-06 09:30:00-05:00,2025-02-06 09:30:00-05:00
zscore_60,-2.5:-2.0,1,946,1.7256644528982125e-05,2.328547935548375e-05,0.0005708332797187355,0.5221987315010571,0.35332980972515854,0.5,15,2024-11-06 09:30:00-05:00,2025-02-06 09:30:00-05:00
zscore_60,-2.5:-2.0,3,946,7.58799305172099e-05,7.029042466122348e-05,0.0010466754189440942,0.547568710359408,1.6014799154334038,1.5,15,2024-11-06 09:30:00-05:00,2025-02-06 09:30:00-05:00
zscore_60,-2.5:-2.0,5,946,8.820750382156128e-05,9.904485990797074e-05,0.001268922201220864,0.5602536997885835,1.8612579281183932,2.125,15,2024-11-06 09:30:00-05:00,2025-02-06 09:30:00-05:00
zscore_60,-2.5:-2.0,10,946,0.00021448824824636003,0.00016409007094042583,0.0015386623886046128,0.5623678646934461,4.542019027484144,3.5,15,2024-11-06 09:30:00-05:00,2025-02-06 09:30:00-05:00
zscore_60,-2.5:-2.0,20,946,0.00012045025874537624,0.00011887655550757437,0.002062519340373573,0.5380549682875264,2.500264270613108,2.5,15,2024-11-06 09:30:00-05:00,2025-02-06 09:30:00-05:00
zscore_60,-2.5:-2.0,30,946,-1.5825221338484387e-05,7.670947343119128e-05,0.0027645776034502492,0.5211416490486258,-0.4693446088794926,1.625,15,2024-11-06 09:30:00-05:00,2025-02-06 09:30:00-05:00
zscore_60,-2.5:-2.0,60,946,0.0005228804376290256,0.0005329250783167039,0.004706305021300249,0.572938689217759,10.835623678646934,11.5,15,2024-11-06 09:30:00-05:00,2025-02-06 09:30:00-05:00
zscore_60,0:1.0,1,6548,4.379108078126036e-06,1.1624865675852192e-05,0.0006421400586941553,0.5085522296884545,0.09117287721441661,0.25,15,2024-11-06 09:30:00-05:00,2025-02-06 09:30:00-05:00
zscore_60,0:1.0,3,6547,-5.175133430163029e-06,1.2001632222036207e-05,0.0012077723834142354,0.5100045822514129,-0.12654650985184054,0.25,15,2024-11-06 09:30:00-05:00,2025-02-06 09:30:00-05:00
zscore_60,0:1.0,5,6545,-1.9621141329968153e-06,2.2614968847811667e-05,0.0015580393219021757,0.509090909090909,-0.07142857142857142,0.5,15,2024-11-06 09:30:00-05:00,2025-02-06 09:30:00-05:00
zscore_60,0:1.0,10,6544,7.42279916965639e-06,2.36017522223797e-05,0.002064690422363637,0.5117665036674817,0.11934596577017115,0.5,15,2024-11-06 09:30:00-05:00,2025-02-06 09:30:00-05:00
zscore_60,0:1.0,20,6540,-4.136676887576398e-06,4.790047149505483e-05,0.0027959580254832794,0.5154434250764526,-0.16613149847094802,1.0,15,2024-11-06 09:30:00-05:00,2025-02-06 09:30:00-05:00
zscore_60,0:1.0,30,6530,8.661546684350238e-08,7.951700790742589e-05,0.003447741893101562,0.5200612557427259,-0.13920367534456354,1.75,15,2024-11-06 09:30:00-05:00,2025-02-06 09:30:00-05:00
zscore_60,0:1.0,60,6523,-0.00019855810817359995,0.0,0.0047596864683534055,0.49992334815269046,-4.528706116817415,0.0,15,2024-11-06 09:30:00-05:00,2025-02-06 09:30:00-05:00
zscore_60,1.0:1.5,1,3750,-5.889411015181049e-06,0.0,0.0006740944827470383,0.4976,-0.1328,0.0,15,2024-11-06 09:30:00-05:00,2025-02-06 09:30:00-05:00
zscore_60,1.0:1.5,3,3750,2.6732503771421e-06,2.2990888273732857e-05,0.0008043204517475956,0.5136,0.051533333333333334,0.5,15,2024-11-06 09:30:00-05:00,2025-02-06 09:30:00-05:00
zscore_60,1.0:1.5,5,3750,4.7315767226971655e-06,2.3605504922197262e-05,0.0009640812230226559,0.5157333333333334,0.0978,0.5,15,2024-11-06 09:30:00-05:00,2025-02-06 09:30:00-05:00
zscore_60,1.0:1.5,10,3750,5.059310431495767e-06,4.88322987297618e-05,0.0012993350604003852,0.5306666666666666,0.10293333333333334,1.0,15,2024-11-06 09:30:00-05:00,2025-02-06 09:30:00-05:00
zscore_60,1.0:1.5,20,3750,6.300955240442822e-05,0.00014131862073474277,0.0016918045515969858,0.5536,1.339,3.0,15,2024-11-06 09:30:00-05:00,2025-02-06 09:30:00-05:00
zscore_60,1.0:1.5,30,3750,0.00014974670493911416,0.00020328602491381798,0.002061535266882735,0.5589333333333333,3.1939333333333333,4.25,15,2024-11-06 09:30:00-05:00,2025-02-06 09:30:00-05:00
zscore_60,1.0:1.5,60,3745,0.0003648788823544527,0.00027094205374078584,0.0035119471383314228,0.5527369826435247,7.671161548731642,5.75,15,2024-11-06 09:30:00-05:00,2025-02-06 09:30:00-05:00
zscore_60,1.5:2.0,1,2571,6.137096688627751e-06,0.0,0.0003906734581857299,0.4959159859976663,0.13000777907429015,0.0,15,2024-11-06 09:30:00-05:00,2025-02-06 09:30:00-05:00
zscore_60,1.5:2.0,3,2571,9.845359774795531e-06,2.354880489807698e-05,0.000645584895929114,0.5157526254375729,0.2028393621159082,0.5,15,2024-11-06 09:30:00-05:00,2025-02-06 09:30:00-05:00
zscore_60,1.5:2.0,5,2571,1.638409094903373e-05,2.4056966897667564e-05,0.0008535734950289265,0.5196421625826526,0.33790353947880203,0.5,15,2024-11-06 09:30:00-05:00,2025-02-06 09:30:00-05:00
zscore_60,1.5:2.0,10,2571,5.66892275911303e-05,5.89025280965938e-05,0.00126748603013598,0.5266433294437962,1.177265655387009,1.25,15,2024-11-06 09:30:00-05:00,2025-02-06 09:30:00-05:00
zscore_60,1.5:2.0,20,2571,0.00012217466815667957,0.00011640088464681675,0.0017914285552896106,0.544146246596655,2.54171528588098,2.5,15,2024-11-06 09:30:00-05:00,2025-02-06 09:30:00-05:00
zscore_60,1.5:2.0,30,2571,0.00010375403742903427,0.00016750619174676906,0.0020679694416978877,0.5457020614546869,2.1269933877868534,3.5,15,2024-11-06 09:30:00-05:00,2025-02-06 09:30:00-05:00
zscore_60,1.5:2.0,60,2559,0.00033897879794947774,0.00044104504462683103,0.0034000740110937218,0.5752246971473232,7.032532239155921,9.5,15,2024-11-06 09:30:00-05:00,2025-02-06 09:30:00-05:00
zscore_60,2.0:2.5,1,1111,6.101164901130435e-06,0.0,0.0003708123644335451,0.4878487848784879,0.12871287128712872,0.0,15,2024-11-06 09:30:00-05:00,2025-02-06 09:30:00-05:00
zscore_60,2.0:2.5,3,1111,3.260624576372488e-05,4.551091693127951e-05,0.0007255299194329994,0.531953195319532,0.695994599459946,1.0,15,2024-11-06 09:30:00-05:00,2025-02-06 09:30:00-05:00
zscore_60,2.0:2.5,5,1111,3.611031325950848e-05,5.9958508711988046e-05,0.000991464935235772,0.5436543654365437,0.7693519351935193,1.25,15,2024-11-06 09:30:00-05:00,2025-02-06 09:30:00-05:00
zscore_60,2.0:2.5,10,1111,4.490597371054661e-05,6.894332858387031e-05,0.0013517549585578778,0.5310531053105311,0.9477947794779478,1.5,15,2024-11-06 09:30:00-05:00,2025-02-06 09:30:00-05:00
zscore_60,2.0:2.5,20,1111,5.156405729990049e-05,1.1494252873500699e-05,0.0017511506626369739,0.5004500450045004,1.0535553555355535,0.25,15,2024-11-06 09:30:00-05:00,2025-02-06 09:30:00-05:00
zscore_60,2.0:2.5,30,1111,1.2418954767263838e-05,0.00010638172125632117,0.002193749331882472,0.5238523852385238,0.18834383438343835,2.25,15,2024-11-06 09:30:00-05:00,2025-02-06 09:30:00-05:00
zscore_60,2.0:2.5,60,1105,6.55467245717181e-05,0.00018857250612858145,0.004001377716093725,0.5276018099547511,1.1278280542986425,4.0,15,2024-11-06 09:30:00-05:00,2025-02-06 09:30:00-05:00
zscore_60,<=-2.5,1,753,5.056994430170973e-06,1.1488574612528168e-05,0.0005998414338744178,0.50199203187251,0.10956175298804781,0.25,15,2024-11-06 09:30:00-05:00,2025-02-06 09:30:00-05:00
zscore_60,<=-2.5,3,753,-2.5121266806758716e-06,4.721100960747293e-05,0.0010278546873424162,0.5258964143426295,-0.049136786188579015,1.0,15,2024-11-06 09:30:00-05:00,2025-02-06 09:30:00-05:00
zscore_60,<=-2.5,5,753,2.9951577844472313e-05,0.00013640548804749741,0.0014179551881101816,0.5537848605577689,0.6553784860557769,3.0,15,2024-11-06 09:30:00-05:00,2025-02-06 09:30:00-05:00
zscore_60,<=-2.5,10,753,-2.9571255376121127e-05,0.00016220788098575412,0.0018262236772618103,0.5524568393094289,-0.6195219123505976,3.5,15,2024-11-06 09:30:00-05:00,2025-02-06 09:30:00-05:00
zscore_60,<=-2.5,20,753,-7.850690330817648e-05,3.659563048175052e-05,0.0022769877517388724,0.5086321381142098,-1.6865869853917663,0.75,15,2024-11-06 09:30:00-05:00,2025-02-06 09:30:00-05:00
zscore_60,<=-2.5,30,753,-0.0004382298626089382,-8.183401723194095e-05,0.003163069431104478,0.47941567065073043,-9.42430278884462,-1.75,15,2024-11-06 09:30:00-05:00,2025-02-06 09:30:00-05:00
zscore_60,<=-2.5,60,753,-0.0003696773937831738,-0.0002713029323325733,0.004932092165342205,0.4701195219123506,-8.278884462151394,-6.0,15,2024-11-06 09:30:00-05:00,2025-02-06 09:30:00-05:00
zscore_60,>=2.5,1,665,1.7160669414006708e-05,2.3075236809555477e-05,0.0005515539925489177,0.518796992481203,0.3533834586466165,0.5,15,2024-11-06 09:30:00-05:00,2025-02-06 09:30:00-05:00
zscore_60,>=2.5,3,665,7.326146596882199e-05,9.528233346434156e-05,0.0009242681184523591,0.5669172932330827,1.5353383458646617,2.0,15,2024-11-06 09:30:00-05:00,2025-02-06 09:30:00-05:00
zscore_60,>=2.5,5,665,8.955457799893013e-05,0.00010582881601073346,0.001212885167678222,0.5548872180451128,1.8838345864661654,2.25,15,2024-11-06 09:30:00-05:00,2025-02-06 09:30:00-05:00
zscore_60,>=2.5,10,665,7.076202099042909e-05,0.0001323642664612379,0.0017286492899924377,0.5413533834586466,1.5244360902255638,2.75,15,2024-11-06 09:30:00-05:00,2025-02-06 09:30:00-05:00
zscore_60,>=2.5,20,665,-0.00013193880420458442,-0.00011352155206667547,0.0021266357389711325,0.47969924812030074,-2.7793233082706768,-2.5,15,2024-11-06 09:30:00-05:00,2025-02-06 09:30:00-05:00
zscore_60,>=2.5,30,665,-2.662379619538954e-06,-2.390828780796106e-05,0.0026257247949673726,0.49624060150375937,-0.08045112781954887,-0.5,15,2024-11-06 09:30:00-05:00,2025-02-06 09:30:00-05:00
zscore_60,>=2.5,60,665,0.00010688654995394247,0.0,0.003981425669844802,0.49774436090225566,2.0345864661654134,0.0,15,2024-11-06 09:30:00-05:00,2025-02-06 09:30:00-05:00
zscore_30,-1.0:0,1,6414,2.3804156569782305e-06,0.0,0.0010085351827908416,0.49953227315247895,0.04275802931088245,0.0,16,2025-02-06 09:30:00-05:00,2025-05-06 09:30:00-04:00
zscore_30,-1.0:0,3,6414,-1.1098879759883209e-05,-1.400827711856012e-05,0.0016966795816894986,0.4820704708450265,-0.2207670720299345,-0.25,16,2025-02-06 09:30:00-05:00,2025-05-06 09:30:00-04:00
zscore_30,-1.0:0,5,6414,-2.340972134952951e-05,-2.4456208591205897e-05,0.002186678045607608,0.4859681945743686,-0.4640629872154662,-0.5,16,2025-02-06 09:30:00-05:00,2025-05-06 09:30:00-04:00
zscore_30,-1.0:0,10,6414,-4.7703432054984855e-05,-6.757869597967536e-05,0.0031797021852627907,0.4775491113189897,-0.9738852510134082,-1.5,16,2025-02-06 09:30:00-05:00,2025-05-06 09:30:00-04:00
zscore_30,-1.0:0,20,6414,-0.00014844753147712493,-9.976103356074129e-05,0.004568577561938422,0.477393202369816,-3.1123713751169317,-2.0,16,2025-02-06 09:30:00-05:00,2025-05-06 09:30:00-04:00
zscore_30,-1.0:0,30,6411,-0.00018317813955466295,-6.749915626058645e-05,0.005784135202062937,0.4865075651224458,-3.953790360318203,-1.25,16,2025-02-06 09:30:00-05:00,2025-05-06 09:30:00-04:00
zscore_30,-1.0:0,60,6402,-0.00039197434928970725,-8.56009901504251e-05,0.008266720532216719,0.49031552639800063,-8.041822867853796,-1.75,16,2025-02-06 09:30:00-05:00,2025-05-06 09:30:00-04:00
zscore_30,-1.5:-1.0,1,3309,3.809945602932794e-06,-1.227596366315531e-05,0.0010712976471240615,0.481112118464793,0.0304472650347537,-0.25,16,2025-02-06 09:30:00-05:00,2025-05-06 09:30:00-04:00
zscore_30,-1.5:-1.0,3,3309,2.4098477233297858e-05,-1.1468942104797542e-05,0.001928198664015926,0.489876095497129,0.31829857963130853,-0.25,16,2025-02-06 09:30:00-05:00,2025-05-06 09:30:00-04:00
zscore_30,-1.5:-1.0,5,3309,8.158804779778082e-05,1.1375270162705675e-05,0.0025054343148661518,0.5013599274705349,1.3348443638561498,0.25,16,2025-02-06 09:30:00-05:00,2025-05-06 09:30:00-04:00
zscore_30,-1.5:-1.0,10,3309,0.00013312358520376044,-1.227596366315531e-05,0.0032948865797730446,0.494711393170142,2.1856300997280145,-0.25,16,2025-02-06 09:30:00-05:00,2025-05-06 09:30:00-04:00
zscore_30,-1.5:-1.0,20,3309,0.00016097820114201043,4.633651896890356e-05,0.004715034465518969,0.5089150800846177,2.4790722272589907,1.0,16,2025-02-06 09:30:00-05:00,2025-05-06 09:30:00-04:00
zscore_30,-1.5:-1.0,30,3305,0.00012268553093756882,9.893398629756689e-05,0.006130071296964673,0.5164901664145235,1.6096822995461422,2.0,16,2025-02-06 09:30:00-05:00,2025-05-06 09:30:00-04:00
zscore_30,-1.5:-1.0,60,3289,0.00010328475210655973,9.659502535619424e-05,0.0077275997098985,0.5062328975372453,1.051231377318334,2.0,16,2025-02-06 09:30:00-05:00,2025-05-06 09:30:00-04:00
zscore_30,-2.0:-1.5,1,2463,-3.082495311990083e-05,-2.3069913372419926e-05,0.0008574597868780614,0.4778725131952903,-0.5944985789687373,-0.5,16,2025-02-06 09:30:00-05:00,2025-05-06 09:30:00-04:00
zscore_30,-2.0:-1.5,3,2463,-5.907279523833233e-05,-4.496503968165477e-05,0.0015644351645595395,0.47421843280552173,-1.1448436865611042,-1.0,16,2025-02-06 09:30:00-05:00,2025-05-06 09:30:00-04:00
zscore_30,-2.0:-1.5,5,2463,-7.927402408733e-05,-2.5332488917007012e-05,0.002054283705739568,0.49086479902557856,-1.6173365814047909,-0.5,16,2025-02-06 09:30:00-05:00,2025-05-06 09:30:00-04:00
zscore_30,-2.0:-1.5,10,2463,8.28303212891622e-05,1.2286521685611618e-05,0.0031643375392125875,0.5026390580592773,1.2298010556232237,0.25,16,2025-02-06 09:30:00-05:00,2025-05-06 09:30:00-04:00
zscore_30,-2.0:-1.5,20,2463,9.97139854598405e-05,-0.00010277492291876911,0.004369018584856279,0.4835566382460414,1.3778928136419002,-2.0,16,2025-02-06 09:30:00-05:00,2025-05-06 09:30:00-04:00
zscore_30,-2.0:-1.5,30,2461,2.4642058079742695e-05,5.107513151836329e-05,0.005567937851509122,0.5075172694026818,-0.24065420560747663,1.0,16,2025-02-06 09:30:00-05:00,2025-05-06 09:30:00-04:00
zscore_30,-2.0:-1.5,60,2456,-0.000470817959651152,-6.575910177125666e-05,0.0073545964769347995,0.49226384364820847,-9.874185667752442,-1.25,16,2025-02-06 09:30:00-05:00,2025-05-06 09:30:00-04:00
zscore_30,-2.5:-2.0,1,1177,1.2964027538557761e-05,1.2615590346598538e-05,0.0009439362463707256,0.5021240441801189,0.26125743415463043,0.25,16,2025-02-06 09:30:00-05:00,2025-05-06 09:30:00-04:00
zscore_30,-2.5:-2.0,3,1177,4.953575201618166e-06,2.489388979465268e-05,0.0015732262895392826,0.514018691588785,0.09409515717926933,0.5,16,2025-02-06 09:30:00-05:00,2025-05-06 09:30:00-04:00
zscore_30,-2.5:-2.0,5,1177,5.625044007722758e-05,1.3612850530808629e-05,0.001944924519104875,0.5063721325403568,1.0940951571792694,0.25,16,2025-02-06 09:30:00-05:00,2025-05-06 09:30:00-04:00
zscore_30,-2.5:-2.0,10,1177,-5.460248816339485e-05,1.1499936750425377e-05,0.0028274482894570345,0.5004248088360238,-1.2457519116397622,0.25,16,2025-02-06 09:30:00-05:00,2025-05-06 09:30:00-04:00
zscore_30,-2.5:-2.0,20,1177,-2.2420608508668554e-06,0.0,0.00422179748808713,0.4995751911639762,-0.4059048428207307,0.0,16,2025-02-06 09:30:00-05:00,2025-05-06 09:30:00-04:00
zscore_30,-2.5:-2.0,30,1177,4.540317983242704e-05,7.936777894945735e-05,0.005326225707112322,0.5029736618521665,0.3096856414613424,1.75,16,2025-02-06 09:30:00-05:00,2025-05-06 09:30:00-04:00
zscore_30,-2.5:-2.0,60,1177,-0.00015945631518245383,-3.735106263769161e-05,0.00675467706900841,0.4953271028037383,-4.044604927782498,-0.75,16,2025-02-06 09:30:00-05:00,2025-05-06 09:30:00-04:00
zscore_30,0:1.0,1,6095,4.7919890443876045e-06,1.134198348617943e-05,0.0010419782033348536,0.5010664479081214,0.05594749794913864,0.25,16,2025-02-06 09:30:00-05:00,2025-05-06 09:30:00-04:00
zscore_30,0:1.0,3,6094,1.5058393617926573e-05,2.4744512904240068e-05,0.0017981959831782025,0.5111585165736791,0.23026747620610435,0.5,16,2025-02-06 09:30:00-05:00,2025-05-06 09:30:00-04:00
zscore_30,0:1.0,5,6093,2.482410503386352e-05,3.768323472885804e-05,0.0023389487863612825,0.5141966190710652,0.3828163466272772,0.75,16,2025-02-06 09:30:00-05:00,2025-05-06 09:30:00-04:00
zscore_30,0:1.0,10,6092,-4.123269593868487e-05,2.586756217681785e-05,0.0034769286065558,0.5070584372948129,-0.8853824688115561,0.5,16,2025-02-06 09:30:00-05:00,2025-05-06 09:30:00-04:00
zscore_30,0:1.0,20,6087,-5.056371219106328e-05,-2.2647748247672794e-05,0.005035837625075281,0.4951536060456711,-1.2334072613767044,-0.5,16,2025-02-06 09:30:00-05:00,2025-05-06 09:30:00-04:00
zscore_30,0:1.0,30,6086,-0.00014873021086575386,-4.8959317309138495e-05,0.005451355310698785,0.48915543871179756,-3.217302004600723,-1.0,16,2025-02-06 09:30:00-05:00,2025-05-06 09:30:00-04:00
zscore_30,0:1.0,60,6086,-1.5700956241802272e-05,7.625293962087998e-05,0.008361152031580454,0.5067367729214591,-1.6977489319750247,1.5,16,2025-02-06 09:30:00-05:00,2025-05-06 09:30:00-04:00
zscore_30,1.0:1.5,1,3601,-7.63716905018175e-06,1.1873664212735946e-05,0.0009154354548643156,0.506803665648431,-0.13642043876700916,0.25,16,2025-02-06 09:30:00-05:00,2025-05-06 09:30:00-04:00
zscore_30,1.0:1.5,3,3600,2.039512261921743e-05,4.80468551223856e-05,0.0017751447378119675,0.5261111111111111,0.3215972222222222,1.0,16,2025-02-06 09:30:00-05:00,2025-05-06 09:30:00-04:00
zscore_30,1.0:1.5,5,3599,6.392230086339577e-06,5.101064847279346e-05,0.002538282624063167,0.522645179216449,0.008752431230897471,1.0,16,2025-02-06 09:30:00-05:00,2025-05-06 09:30:00-04:00
zscore_30,1.0:1.5,10,3597,3.607827382500986e-05,0.00010167768174884628,0.003800549288652682,0.526827912149013,0.5724909646927996,2.0,16,2025-02-06 09:30:00-05:00,2025-05-06 09:30:00-04:00
zscore_30,1.0:1.5,20,3596,-6.741468026929884e-06,6.774883152849132e-05,0.004972708093854077,0.514460511679644,-0.22233036707452725,1.5,16,2025-02-06 09:30:00-05:00,2025-05-06 09:30:00-04:00
zscore_30,1.0:1.5,30,3596,5.1050896837052946e-05,8.277998397432373e-05,0.005609848465349933,0.5072302558398221,0.8419771968854283,1.75,16,2025-02-06 09:30:00-05:00,2025-05-06 09:30:00-04:00
zscore_30,1.0:1.5,60,3596,-7.371906083785437e-05,0.00010238872606382898,0.008315616816380456,0.510845383759733,-2.3665878754171303,2.0,16,2025-02-06 09:30:00-05:00,2025-05-06 09:30:00-04:00
zscore_30,1.5:2.0,1,2592,-2.5740442403330625e-05,0.0,0.0010251940991534295,0.498070987654321,-0.4894868827160494,0.0,16,2025-02-06 09:30:00-05:00,2025-05-06 09:30:00-04:00
zscore_30,1.5:2.0,3,2592,-7.227942794120808e-05,3.6749381475464915e-05,0.0016382631818211907,0.5173611111111112,-1.4375,0.75,16,2025-02-06 09:30:00-05:00,2025-05-06 09:30:00-04:00
zscore_30,1.5:2.0,5,2592,-9.147053407526678e-05,2.251999481395206e-05,0.0020415253130836807,0.5042438271604939,-1.7837577160493827,0.5,16,2025-02-06 09:30:00-05:00,2025-05-06 09:30:00-04:00
zscore_30,1.5:2.0,10,2590,-8.60782301300681e-05,6.449663633123492e-05,0.002822537114682413,0.5200772200772201,-1.7405405405405405,1.25,16,2025-02-06 09:30:00-05:00,2025-05-06 09:30:00-04:00
zscore_30,1.5:2.0,20,2587,-0.00017444505891516475,0.0001032431246532628,0.004033024880591123,0.5233861615771164,-3.3928295322767683,2.25,16,2025-02-06 09:30:00-05:00,2025-05-06 09:30:00-04:00
zscore_30,1.5:2.0,30,2587,-0.0001492052027104343,7.836888232914951e-05,0.004893954270472875,0.5141090065713181,-2.9671434093544646,1.5,16,2025-02-06 09:30:00-05:00,2025-05-06 09:30:00-04:00
zscore_30,1.5:2.0,60,2587,-0.00011183585052521614,-2.2620340209944523e-05,0.0068306491749797705,0.4955546965597217,-2.7387901043679936,-0.5,16,2025-02-06 09:30:00-05:00,2025-05-06 09:30:00-04:00
zscore_30,2.0:2.5,1,1053,-4.049266148347359e-05,-1.1241512657966801e-05,0.001128000094053664,0.4843304843304843,-0.8031813865147198,-0.25,16,2025-02-06 09:30:00-05:00,2025-05-06 09:30:00-04:00
zscore_30,2.0:2.5,3,1053,-0.00015665268215242243,0.0,0.002321469169730612,0.49572649572649574,-3.011396011396011,0.0,16,2025-02-06 09:30:00-05:00,2025-05-06 09:30:00-04:00
zscore_30,2.0:2.5,5,1053,-0.00027420235934429176,-3.948095701844512e-05,0.002593168504973232,0.48243114909781576,-5.286324786324786,-0.75,16,2025-02-06 09:30:00-05:00,2025-05-06 09:30:00-04:00
zscore_30,2.0:2.5,10,1053,-0.0004003254333125025,-1.2520502322588278e-05,0.0034757942603977315,0.4928774928774929,-7.9408831908831905,-0.25,16,2025-02-06 09:30:00-05:00,2025-05-06 09:30:00-04:00
zscore_30,2.0:2.5,20,1052,-0.00022335401554819618,5.1175642501566365e-05,0.005162396349275123,0.5057034220532319,-4.619058935361217,1.125,16,2025-02-06 09:30:00-05:00,2025-05-06 09:30:00-04:00
zscore_30,2.0:2.5,30,1052,-0.00013092859852940745,0.00012496595618838313,0.006104353135527054,0.5180608365019012,-3.047528517110266,2.75,16,2025-02-06 09:30:00-05:00,2025-05-06 09:30:00-04:00
zscore_30,2.0:2.5,60,1052,5.22859627471921e-05,2.706359945869874e-05,0.008036863395586328,0.5,0.5118821292775665,0.5,16,2025-02-06 09:30:00-05:00,2025-05-06 09:30:00-04:00
zscore_30,<=-2.5,1,522,4.442237151404931e-06,4.1845207275015284e-05,0.0011018377245205911,0.5344827586206896,0.06657088122605365,0.875,16,2025-02-06 09:30:00-05:00,2025-05-06 09:30:00-04:00
zscore_30,<=-2.5,3,522,4.183739484971622e-05,3.4608263438928866e-05,0.0017116506515684347,0.5134099616858238,0.9377394636015326,0.75,16,2025-02-06 09:30:00-05:00,2025-05-06 09:30:00-04:00
zscore_30,<=-2.5,5,522,-6.764805591797414e-05,0.0,0.0023160210353659018,0.49616858237547895,-0.9545019157088123,0.0,16,2025-02-06 09:30:00-05:00,2025-05-06 09:30:00-04:00
zscore_30,<=-2.5,10,522,-0.00041117356291637153,-0.00010035733830021654,0.003236270857908569,0.47701149425287354,-7.648946360153257,-2.125,16,2025-02-06 09:30:00-05:00,2025-05-06 09:30:00-04:00
zscore_30,<=-2.5,20,522,-0.00025214663913317604,-2.2899448510527165e-05,0.004025527086984496,0.49233716475095785,-5.313218390804598,-0.5,16,2025-02-06 09:30:00-05:00,2025-05-06 09:30:00-04:00
zscore_30,<=-2.5,30,522,-0.0005698387256907357,-9.536171077040301e-05,0.005524036248918822,0.4846743295019157,-11.776819923371647,-1.875,16,2025-02-06 09:30:00-05:00,2025-05-06 09:30:00-04:00
zscore_30,<=-2.5,60,522,-0.0009510639833368158,-0.0006934039103281275,0.007583178746039221,0.43486590038314177,-19.404214559386972,-14.125,16,2025-02-06 09:30:00-05:00,2025-05-06 09:30:00-04:00
zscore_30,>=2.5,1,432,0.0001624012160402238,4.181444247142174e-05,0.0014458751826757076,0.5324074074074074,2.998263888888889,0.875,16,2025-02-06 09:30:00-05:00,2025-05-06 09:30:00-04:00
zscore_30,>=2.5,3,432,0.00021811491278204745,3.763307644166769e-05,0.0027926737866298505,0.5185185185185185,4.107638888888889,0.75,16,2025-02-06 09:30:00-05:00,2025-05-06 09:30:00-04:00
zscore_30,>=2.5,5,432,0.0001388712275126245,1.3312535643850154e-05,0.003942750649376637,0.5046296296296297,2.2974537037037037,0.25,16,2025-02-06 09:30:00-05:00,2025-05-06 09:30:00-04:00
zscore_30,>=2.5,10,432,8.106094543245566e-05,5.969566458441378e-05,0.004386882240798389,0.5092592592592593,0.9739583333333334,1.25,16,2025-02-06 09:30:00-05:00,2025-05-06 09:30:00-04:00
zscore_30,>=2.5,20,432,-6.782749810633908e-05,2.4616028766577536e-05,0.007145470505577378,0.5069444444444444,-2.822337962962963,0.5,16,2025-02-06 09:30:00-05:00,2025-05-06 09:30:00-04:00
zscore_30,>=2.5,30,432,0.00029814354737650107,4.191493464644758e-05,0.010127906597622749,0.5069444444444444,2.814236111111111,0.875,16,2025-02-06 09:30:00-05:00,2025-05-06 09:30:00-04:00
zscore_30,>=2.5,60,432,0.0009789440999329413,-2.9801011314223302e-05,0.012501781595037975,0.4930555555555556,15.284722222222221,-0.625,16,2025-02-06 09:30:00-05:00,2025-05-06 09:30:00-04:00
zscore_60,-1.0:0,1,6279,6.1881688954438315e-06,0.0,0.0010783605204898838,0.48813505335244467,0.10264373307851568,0.0,16,2025-02-06 09:30:00-05:00,2025-05-06 09:30:00-04:00
zscore_60,-1.0:0,3,6279,6.314121025908503e-05,0.0,0.001948588348819764,0.49370918936136327,1.136486701704093,0.0,16,2025-02-06 09:30:00-05:00,2025-05-06 09:30:00-04:00
zscore_60,-1.0:0,5,6279,8.294923208927494e-05,1.2440441386818435e-05,0.0024940865413179973,0.5039018952062431,1.4617773530817009,0.25,16,2025-02-06 09:30:00-05:00,2025-05-06 09:30:00-04:00
zscore_60,-1.0:0,10,6279,9.100689319491084e-05,0.0,0.0033966448651562967,0.4983277591973244,1.5357939162286989,0.0,16,2025-02-06 09:30:00-05:00,2025-05-06 09:30:00-04:00
zscore_60,-1.0:0,20,6270,4.8822608937899915e-05,-3.417276742262443e-05,0.005252897000013157,0.49122807017543857,0.4700159489633174,-0.75,16,2025-02-06 09:30:00-05:00,2025-05-06 09:30:00-04:00
zscore_60,-1.0:0,30,6267,-0.00011394056611486512,-6.135421012587461e-05,0.005787650084364305,0.48954842827509176,-2.619355353438647,-1.25,16,2025-02-06 09:30:00-05:00,2025-05-06 09:30:00-04:00
zscore_60,-1.0:0,60,6267,-0.0001526484116909418,3.372605450135957e-05,0.007552886077316319,0.5026328386787937,-3.7679112813148237,0.75,16,2025-02-06 09:30:00-05:00,2025-05-06 09:30:00-04:00
zscore_60,-1.5:-1.0,1,3087,6.261337287833438e-06,1.268761815342856e-05,0.000992802434281918,0.5053449951409135,0.08082280531260123,0.25,16,2025-02-06 09:30:00-05:00,2025-05-06 09:30:00-04:00
zscore_60,-1.5:-1.0,3,3087,-5.9421527867320295e-05,0.0,0.0015875526005934579,0.49627470035633303,-1.213475866537091,0.0,16,2025-02-06 09:30:00-05:00,2025-05-06 09:30:00-04:00
zscore_60,-1.5:-1.0,5,3087,-7.913143483479808e-05,-1.1459479281272777e-05,0.002177472964149253,0.49173955296404276,-1.6014739229024944,-0.25,16,2025-02-06 09:30:00-05:00,2025-05-06 09:30:00-04:00
zscore_60,-1.5:-1.0,10,3087,-0.0001346774772638444,-5.7182721668769254e-05,0.0033091468134800565,0.4816974408811143,-2.7009232264334306,-1.25,16,2025-02-06 09:30:00-05:00,2025-05-06 09:30:00-04:00
zscore_60,-1.5:-1.0,20,3087,-0.00015464293532104167,2.5442055718194467e-05,0.004521159541476197,0.5024295432458697,-3.078069322967282,0.5,16,2025-02-06 09:30:00-05:00,2025-05-06 09:30:00-04:00
zscore_60,-1.5:-1.0,30,3080,-6.347753189723706e-05,0.00010198237380054653,0.0058518899911705205,0.5178571428571429,-1.4383116883116882,2.0,16,2025-02-06 09:30:00-05:00,2025-05-06 09:30:00-04:00
zscore_60,-1.5:-1.0,60,3063,-0.0005251571303570953,-0.0002809239845236178,0.007647715835811177,0.47045380346065946,-9.955354227881163,-5.75,16,2025-02-06 09:30:00-05:00,2025-05-06 09:30:00-04:00
zscore_60,-2.0:-1.5,1,2399,-1.9820886984576912e-05,-2.5113639217422268e-05,0.0008792066833963415,0.476448520216757,-0.3675489787411421,-0.5,16,2025-02-06 09:30:00-05:00,2025-05-06 09:30:00-04:00
zscore_60,-2.0:-1.5,3,2399,-3.07570746478369e-05,-7.3376543964776e-05,0.0014849121579123224,0.46352646936223424,-0.5745102125885786,-1.5,16,2025-02-06 09:30:00-05:00,2025-05-06 09:30:00-04:00
zscore_60,-2.0:-1.5,5,2399,-5.133350959090123e-05,-6.418402844632354e-05,0.0019289572745471166,0.47769904126719465,-1.013859941642351,-1.25,16,2025-02-06 09:30:00-05:00,2025-05-06 09:30:00-04:00
zscore_60,-2.0:-1.5,10,2399,-3.7409765657763245e-05,-4.834070529091683e-05,0.002772451024061561,0.4885368903709879,-0.791162984576907,-1.0,16,2025-02-06 09:30:00-05:00,2025-05-06 09:30:00-04:00
zscore_60,-2.0:-1.5,20,2399,-0.0002061472798799431,-0.0001272523668940373,0.003984438659029148,0.4785327219674865,-4.214672780325135,-2.75,16,2025-02-06 09:30:00-05:00,2025-05-06 09:30:00-04:00
zscore_60,-2.0:-1.5,30,2399,-0.00034636991314342797,-0.00010287007509512947,0.00560634150441236,0.4831179658190913,-7.081283868278449,-2.0,16,2025-02-06 09:30:00-05:00,2025-05-06 09:30:00-04:00
zscore_60,-2.0:-1.5,60,2393,-0.0006818081622701972,0.0,0.0073402515246310945,0.49937317175094026,-13.380902632678646,0.0,16,2025-02-06 09:30:00-05:00,2025-05-06 09:30:00-04:00
zscore_60,-2.5:-2.0,1,1174,-8.089540019695414e-06,1.1808753935582672e-05,0.0009021749001479208,0.5025553662691652,-0.16971890971039183,0.25,16,2025-02-06 09:30:00-05:00,2025-05-06 09:30:00-04:00
zscore_60,-2.5:-2.0,3,1174,-1.5310262558069332e-05,0.0,0.0016474904412378225,0.49659284497444633,-0.3739352640545145,0.0,16,2025-02-06 09:30:00-05:00,2025-05-06 09:30:00-04:00
zscore_60,-2.5:-2.0,5,1174,6.386739174643725e-05,-1.3393051600418815e-05,0.002018825505917355,0.49318568994889267,1.0728279386712096,-0.25,16,2025-02-06 09:30:00-05:00,2025-05-06 09:30:00-04:00
zscore_60,-2.5:-2.0,10,1174,6.703566388921559e-05,-3.9043691145435044e-05,0.0028252423492220887,0.489778534923339,0.7546848381601363,-0.75,16,2025-02-06 09:30:00-05:00,2025-05-06 09:30:00-04:00
zscore_60,-2.5:-2.0,20,1174,-0.00012595485963461992,-0.00013087746764606223,0.0041967106494482775,0.4804088586030664,-3.239565587734242,-2.625,16,2025-02-06 09:30:00-05:00,2025-05-06 09:30:00-04:00
zscore_60,-2.5:-2.0,30,1174,-0.00022582201227772103,-0.00017447583171714687,0.006121689636035404,0.48722316865417375,-5.6083901192504255,-3.5,16,2025-02-06 09:30:00-05:00,2025-05-06 09:30:00-04:00
zscore_60,-2.5:-2.0,60,1167,-0.0005990460982033145,-0.00025232251404982975,0.006853604499947517,0.47643530419880037,-13.014567266495288,-5.25,16,2025-02-06 09:30:00-05:00,2025-05-06 09:30:00-04:00
zscore_60,0:1.0,1,6357,-9.453868022508618e-06,0.0,0.001057863923318832,0.49929211892402076,-0.2008809186723297,0.0,16,2025-02-06 09:30:00-05:00,2025-05-06 09:30:00-04:00
zscore_60,0:1.0,3,6355,-4.082940843712762e-05,0.0,0.001874216546641274,0.4997639653815893,-0.8277734067663257,0.0,16,2025-02-06 09:30:00-05:00,2025-05-06 09:30:00-04:00
zscore_60,0:1.0,5,6353,-5.855015164045114e-05,0.0,0.002448493012663531,0.49834723752557847,-1.1744451440264443,0.0,16,2025-02-06 09:30:00-05:00,2025-05-06 09:30:00-04:00
zscore_60,0:1.0,10,6348,-6.746751372801848e-05,-1.126272266332995e-05,0.0037041986240536587,0.4957466918714556,-1.4287964713295527,-0.25,16,2025-02-06 09:30:00-05:00,2025-05-06 09:30:00-04:00
zscore_60,0:1.0,20,6347,-0.00010937976117187596,-5.897965202006361e-05,0.004760337929325861,0.4836930833464629,-2.338703324405231,-1.25,16,2025-02-06 09:30:00-05:00,2025-05-06 09:30:00-04:00
zscore_60,0:1.0,30,6347,-0.00013339524768314566,-7.79190421152931e-05,0.005726436856245151,0.48463841184811723,-3.0492358594611626,-1.5,16,2025-02-06 09:30:00-05:00,2025-05-06 09:30:00-04:00
zscore_60,0:1.0,60,6347,-7.057103955117314e-05,0.00013842586718038064,0.008581587156772697,0.5144162596502284,-2.8157791082401133,2.75,16,2025-02-06 09:30:00-05:00,2025-05-06 09:30:00-04:00
zscore_60,1.0:1.5,1,3503,2.5509073549027036e-05,2.249339256588101e-05,0.0008424660057464924,0.5166999714530403,0.4776620039965744,0.5,16,2025-02-06 09:30:00-05:00,2025-05-06 09:30:00-04:00
zscore_60,1.0:1.5,3,3503,4.710431349774716e-05,6.325830897879747e-05,0.0015380124842558065,0.5378247216671425,0.8939480445332572,1.25,16,2025-02-06 09:30:00-05:00,2025-05-06 09:30:00-04:00
zscore_60,1.0:1.5,5,3503,8.528300772580923e-05,0.00010394530167245897,0.0019415275660413654,0.543248644019412,1.601127604910077,2.25,16,2025-02-06 09:30:00-05:00,2025-05-06 09:30:00-04:00
zscore_60,1.0:1.5,10,3503,0.00011754997549808483,0.00011648374404638062,0.002877100914672697,0.53011704253497,2.250071367399372,2.5,16,2025-02-06 09:30:00-05:00,2025-05-06 09:30:00-04:00
zscore_60,1.0:1.5,20,3503,0.00018299864313682968,6.860200546521256e-05,0.004360995048963152,0.5112760491007707,3.4257779046531542,1.5,16,2025-02-06 09:30:00-05:00,2025-05-06 09:30:00-04:00
zscore_60,1.0:1.5,30,3503,0.00035978525270239487,0.00014884871245857134,0.005183282589520058,0.5229803025977733,6.668569797316586,3.0,16,2025-02-06 09:30:00-05:00,2025-05-06 09:30:00-04:00
zscore_60,1.0:1.5,60,3503,0.0003910736456133897,-2.4831148192294705e-05,0.008791913092425172,0.49557522123893805,6.128175849272052,-0.5,16,2025-02-06 09:30:00-05:00,2025-05-06 09:30:00-04:00
zscore_60,1.5:2.0,1,2520,-3.015563925460803e-05,1.1375567443239198e-05,0.0009625329812145671,0.5027777777777778,-0.5715277777777777,0.25,16,2025-02-06 09:30:00-05:00,2025-05-06 09:30:00-04:00
zscore_60,1.5:2.0,3,2520,-3.772455380428167e-05,3.807619436191345e-05,0.0017094179932108482,0.5206349206349207,-0.7586309523809524,0.75,16,2025-02-06 09:30:00-05:00,2025-05-06 09:30:00-04:00
zscore_60,1.5:2.0,5,2520,-6.165457385501303e-05,3.54981468315696e-05,0.002448276825291789,0.5115079365079365,-1.287202380952381,0.75,16,2025-02-06 09:30:00-05:00,2025-05-06 09:30:00-04:00
zscore_60,1.5:2.0,10,2520,-9.636214451544147e-05,8.085509653732448e-05,0.0033915806843983205,0.5261904761904762,-1.9506944444444445,1.75,16,2025-02-06 09:30:00-05:00,2025-05-06 09:30:00-04:00
zscore_60,1.5:2.0,20,2520,1.3912351048614038e-05,0.00022509727288932968,0.004517953776452598,0.5480158730158731,0.14722222222222223,4.75,16,2025-02-06 09:30:00-05:00,2025-05-06 09:30:00-04:00
zscore_60,1.5:2.0,30,2520,4.1973074286646495e-05,0.00015896251766966962,0.005205115941574051,0.5238095238095238,0.6024801587301587,3.125,16,2025-02-06 09:30:00-05:00,2025-05-06 09:30:00-04:00
zscore_60,1.5:2.0,60,2520,9.705460789811503e-05,7.873067494468255e-05,0.007708051413143886,0.5063492063492063,1.3958333333333333,1.625,16,2025-02-06 09:30:00-05:00,2025-05-06 09:30:00-04:00
zscore_60,2.0:2.5,1,1019,-1.9429924762246976e-06,-1.265582484333283e-05,0.0009451706961353235,0.47791952894995093,-0.06280667320902845,-0.25,16,2025-02-06 09:30:00-05:00,2025-05-06 09:30:00-04:00
zscore_60,2.0:2.5,3,1019,-1.891492747910449e-05,1.1736813689822156e-05,0.0018663340985441085,0.5004906771344455,-0.5090775269872424,0.25,16,2025-02-06 09:30:00-05:00,2025-05-06 09:30:00-04:00
zscore_60,2.0:2.5,5,1019,-4.4224191304992534e-05,-2.567130461572642e-05,0.002378057559404351,0.4847890088321884,-1.0112855740922473,-0.5,16,2025-02-06 09:30:00-05:00,2025-05-06 09:30:00-04:00
zscore_60,2.0:2.5,10,1019,-0.00018596753036598403,2.2895869585148887e-05,0.002865415692010173,0.5063788027477919,-3.847154072620216,0.5,16,2025-02-06 09:30:00-05:00,2025-05-06 09:30:00-04:00
zscore_60,2.0:2.5,20,1019,-0.00024188667036110955,6.871278057718477e-05,0.003879912218541148,0.5142296368989205,-4.995338567222768,1.5,16,2025-02-06 09:30:00-05:00,2025-05-06 09:30:00-04:00
zscore_60,2.0:2.5,30,1019,-0.0001273004606431851,0.00019137678712155548,0.005072287267857604,0.5485770363101079,-2.879048086359176,4.25,16,2025-02-06 09:30:00-05:00,2025-05-06 09:30:00-04:00
zscore_60,2.0:2.5,60,1019,-0.00015210306457606236,0.00010394605199892659,0.007546761387212951,0.5053974484789009,-3.7156526005888124,2.25,16,2025-02-06 09:30:00-05:00,2025-05-06 09:30:00-04:00
zscore_60,<=-2.5,1,778,-3.380732072263235e-05,-1.804807174471401e-05,0.001084014397898515,0.4961439588688946,-0.660025706940874,-0.375,16,2025-02-06 09:30:00-05:00,2025-05-06 09:30:00-04:00
zscore_60,<=-2.5,3,778,-0.00010674714791786605,-2.890183733628149e-05,0.001652260296255417,0.4922879177377892,-1.970758354755784,-0.625,16,2025-02-06 09:30:00-05:00,2025-05-06 09:30:00-04:00
zscore_60,<=-2.5,5,778,-0.00022989598550390695,-5.462460410649017e-05,0.0022152980757010913,0.480719794344473,-4.276670951156812,-1.125,16,2025-02-06 09:30:00-05:00,2025-05-06 09:30:00-04:00
zscore_60,<=-2.5,10,778,-0.00041229012131854044,-0.0002244413611801055,0.0032291158309395527,0.4588688946015424,-8.133033419023135,-4.5,16,2025-02-06 09:30:00-05:00,2025-05-06 09:30:00-04:00
zscore_60,<=-2.5,20,778,-0.0003044848761350219,-0.0003198273499655513,0.004425919542767168,0.4537275064267352,-6.727506426735219,-6.375,16,2025-02-06 09:30:00-05:00,2025-05-06 09:30:00-04:00
zscore_60,<=-2.5,30,778,-0.000605154282057979,-0.0003462149196652997,0.005706973763348143,0.4601542416452442,-12.896208226221079,-7.125,16,2025-02-06 09:30:00-05:00,2025-05-06 09:30:00-04:00
zscore_60,<=-2.5,60,778,-0.0009282456776955317,-0.0006629183834715446,0.007324444318704318,0.43316195372750643,-19.28888174807198,-13.125,16,2025-02-06 09:30:00-05:00,2025-05-06 09:30:00-04:00
zscore_60,>=2.5,1,542,1.0909844207148742e-05,5.620819515494979e-06,0.0016712902811269815,0.5,0.16974169741697417,0.125,16,2025-02-06 09:30:00-05:00,2025-05-06 09:30:00-04:00
zscore_60,>=2.5,3,542,-5.8261570845226974e-05,-8.850337303795142e-05,0.002895615267035517,0.47601476014760147,-1.1508302583025831,-1.75,16,2025-02-06 09:30:00-05:00,2025-05-06 09:30:00-04:00
zscore_60,>=2.5,5,542,-0.0002066105124798159,-0.0001134664485581971,0.0035372436864577095,0.46863468634686345,-4.049815498154982,-2.375,16,2025-02-06 09:30:00-05:00,2025-05-06 09:30:00-04:00
zscore_60,>=2.5,10,542,-8.5370526018249e-05,8.784717666054931e-05,0.004696867488963306,0.5166051660516605,-2.1582103321033212,1.75,16,2025-02-06 09:30:00-05:00,2025-05-06 09:30:00-04:00
zscore_60,>=2.5,20,542,-7.477375310745206e-05,0.0001986549541641569,0.007671703784426491,0.533210332103321,-2.793819188191882,4.25,16,2025-02-06 09:30:00-05:00,2025-05-06 09:30:00-04:00
zscore_60,>=2.5,30,542,3.310780358326884e-05,8.701012723877355e-05,0.009241328131889763,0.5092250922509225,-1.4059040590405905,1.75,16,2025-02-06 09:30:00-05:00,2025-05-06 09:30:00-04:00
zscore_60,>=2.5,60,542,0.0007826393384207034,0.00043263263083470616,0.011449764594088713,0.5424354243542435,12.993081180811808,9.375,16,2025-02-06 09:30:00-05:00,2025-05-06 09:30:00-04:00
zscore_30,-1.0:0,1,6592,1.1860056269917813e-05,1.0920608603970372e-05,0.000433426191346224,0.5087985436893204,0.2507205703883495,0.25,17,2025-05-06 09:30:00-04:00,2025-08-06 09:30:00-04:00
zscore_30,-1.0:0,3,6592,2.12104923104111e-05,2.1727093548862264e-05,0.0007063138350773927,0.5154733009708737,0.44133040048543687,0.5,17,2025-05-06 09:30:00-04:00,2025-08-06 09:30:00-04:00
zscore_30,-1.0:0,5,6591,3.174622841406287e-05,3.203143351337978e-05,0.0009031974813858623,0.5184342284934,0.6509255044758003,0.75,17,2025-05-06 09:30:00-04:00,2025-08-06 09:30:00-04:00
zscore_30,-1.0:0,10,6590,7.953000824335207e-05,5.3847401374707005e-05,0.0014469484074962277,0.528679817905918,1.6488619119878605,1.25,17,2025-05-06 09:30:00-04:00,2025-08-06 09:30:00-04:00
zscore_30,-1.0:0,20,6580,0.00018528787519837706,0.00010362279073128366,0.002174008844940737,0.5439209726443769,3.904939209726444,2.25,17,2025-05-06 09:30:00-04:00,2025-08-06 09:30:00-04:00
zscore_30,-1.0:0,30,6580,0.0002693793685569082,0.00013035128140281849,0.002688499059598717,0.5472644376899696,5.718882978723404,3.0,17,2025-05-06 09:30:00-04:00,2025-08-06 09:30:00-04:00
zscore_30,-1.0:0,60,6577,0.0005445071544107899,0.0003725292545031511,0.004157759712557931,0.5700167249505854,11.512049566671735,8.25,17,2025-05-06 09:30:00-04:00,2025-08-06 09:30:00-04:00
zscore_30,-1.5:-1.0,1,2920,-3.7825369957636526e-06,1.0879458500867578e-05,0.0004638777797809598,0.5058219178082192,-0.10042808219178082,0.25,17,2025-05-06 09:30:00-04:00,2025-08-06 09:30:00-04:00
zscore_30,-1.5:-1.0,3,2920,9.932532012175348e-07,2.2934342897351634e-05,0.000822111321343399,0.5208904109589041,-0.01909246575342466,0.5,17,2025-05-06 09:30:00-04:00,2025-08-06 09:30:00-04:00
zscore_30,-1.5:-1.0,5,2920,5.3410300891607605e-06,4.4099245460227365e-05,0.0011949794692305887,0.5294520547945205,0.06626712328767123,1.0,17,2025-05-06 09:30:00-04:00,2025-08-06 09:30:00-04:00
zscore_30,-1.5:-1.0,10,2920,2.7906114555964287e-05,5.3978064301962725e-05,0.001564244235627759,0.5263698630136986,0.510445205479452,1.25,17,2025-05-06 09:30:00-04:00,2025-08-06 09:30:00-04:00
zscore_30,-1.5:-1.0,20,2920,5.1996571882191954e-05,4.4398738158535345e-05,0.002302796587834413,0.5167808219178082,0.9380993150684932,1.0,17,2025-05-06 09:30:00-04:00,2025-08-06 09:30:00-04:00
zscore_30,-1.5:-1.0,30,2914,0.00020856430519084382,0.00011294561716013174,0.0028553476939058337,0.5356897735072066,4.282343857240906,2.5,17,2025-05-06 09:30:00-04:00,2025-08-06 09:30:00-04:00
zscore_30,-1.5:-1.0,60,2909,0.0005318533290741771,0.0003613179948016576,0.004321533748621915,0.573392918528704,10.992179443107597,8.0,17,2025-05-06 09:30:00-04:00,2025-08-06 09:30:00-04:00
zscore_30,-2.0:-1.5,1,2206,1.0260674749394994e-05,2.137779927524619e-05,0.0005665861923095384,0.5167724388032638,0.22404805077062556,0.5,17,2025-05-06 09:30:00-04:00,2025-08-06 09:30:00-04:00
zscore_30,-2.0:-1.5,3,2204,2.9885143620505248e-05,3.650175969427405e-05,0.0010453464926960098,0.5267695099818511,0.6590290381125227,0.75,17,2025-05-06 09:30:00-04:00,2025-08-06 09:30:00-04:00
zscore_30,-2.0:-1.5,5,2204,3.9221734423769076e-05,4.524256228088941e-05,0.0012768855360246634,0.5313067150635209,0.8431261343012704,1.0,17,2025-05-06 09:30:00-04:00,2025-08-06 09:30:00-04:00
zscore_30,-2.0:-1.5,10,2204,4.5534605627542245e-05,9.154738227001857e-05,0.0018162647202522447,0.543557168784029,0.9276315789473685,2.0,17,2025-05-06 09:30:00-04:00,2025-08-06 09:30:00-04:00
zscore_30,-2.0:-1.5,20,2204,4.952734489389979e-05,0.00011570727591048158,0.002330428380139295,0.5385662431941923,0.9319419237749547,2.5,17,2025-05-06 09:30:00-04:00,2025-08-06 09:30:00-04:00
zscore_30,-2.0:-1.5,30,2201,0.0002093835346481743,0.0001493110362185135,0.003102447298575081,0.5338482507950931,4.258178100863244,3.25,17,2025-05-06 09:30:00-04:00,2025-08-06 09:30:00-04:00
zscore_30,-2.0:-1.5,60,2198,0.00048528588106522605,0.00037126014029864596,0.0039586428346915555,0.5741583257506825,10.016037306642403,8.375,17,2025-05-06 09:30:00-04:00,2025-08-06 09:30:00-04:00
zscore_30,-2.5:-2.0,1,1088,2.8151042387488693e-05,3.237000751510344e-05,0.0007171502370653343,0.5303308823529411,0.6298253676470589,0.75,17,2025-05-06 09:30:00-04:00,2025-08-06 09:30:00-04:00
zscore_30,-2.5:-2.0,3,1088,2.0386756535695094e-05,4.657119594264625e-05,0.0010554191123909229,0.5294117647058824,0.4142922794117647,1.0,17,2025-05-06 09:30:00-04:00,2025-08-06 09:30:00-04:00
zscore_30,-2.5:-2.0,5,1087,-4.564459422646264e-06,3.494914898816148e-05,0.0012789967031311778,0.5197792088316467,-0.12120515179392824,0.75,17,2025-05-06 09:30:00-04:00,2025-08-06 09:30:00-04:00
zscore_30,-2.5:-2.0,10,1087,-5.415133069950446e-05,5.3245868120610496e-05,0.0018686165167755573,0.5216191352345906,-1.1984820607175712,1.25,17,2025-05-06 09:30:00-04:00,2025-08-06 09:30:00-04:00
zscore_30,-2.5:-2.0,20,1087,-3.549947109821851e-05,0.00012529044603404316,0.0024078823527834046,0.5363385464581417,-0.7398804047838087,2.75,17,2025-05-06 09:30:00-04:00,2025-08-06 09:30:00-04:00
zscore_30,-2.5:-2.0,30,1086,3.18855664180392e-05,9.728032726452618e-05,0.0027034101361058794,0.5303867403314917,0.5706721915285451,2.25,17,2025-05-06 09:30:00-04:00,2025-08-06 09:30:00-04:00
zscore_30,-2.5:-2.0,60,1085,0.00047352970214732806,0.00039609496959380763,0.0033315749237042675,0.5640552995391706,10.071658986175116,8.75,17,2025-05-06 09:30:00-04:00,2025-08-06 09:30:00-04:00
zscore_30,0:1.0,1,7154,3.903944019083173e-06,0.0,0.0003816964629544738,0.4953871959742801,0.08324014537321778,0.0,17,2025-05-06 09:30:00-04:00,2025-08-06 09:30:00-04:00
zscore_30,0:1.0,3,7154,1.9322574477414565e-05,1.1675630585794572e-05,0.0006847709539382527,0.5102040816326531,0.40774391948560246,0.25,17,2025-05-06 09:30:00-04:00,2025-08-06 09:30:00-04:00
zscore_30,0:1.0,5,7154,3.0922423911502085e-05,1.1338897070167775e-05,0.0008719932941084874,0.5060106234274532,0.6511392228124127,0.25,17,2025-05-06 09:30:00-04:00,2025-08-06 09:30:00-04:00
zscore_30,0:1.0,10,7150,6.190840619825804e-05,2.331885718087623e-05,0.0012841534269617547,0.5100699300699301,1.318986013986014,0.5,17,2025-05-06 09:30:00-04:00,2025-08-06 09:30:00-04:00
zscore_30,0:1.0,20,7150,0.00014122815708823207,6.836021252432101e-05,0.002111597849153076,0.5271328671328671,2.9732167832167833,1.5,17,2025-05-06 09:30:00-04:00,2025-08-06 09:30:00-04:00
zscore_30,0:1.0,30,7150,0.00015335238524675154,7.524778019918354e-05,0.0025868145377695383,0.5293706293706294,3.1969230769230768,1.75,17,2025-05-06 09:30:00-04:00,2025-08-06 09:30:00-04:00
zscore_30,0:1.0,60,7139,0.0002851832625890517,0.00018278194114418334,0.0035891637424618227,0.5399915954615493,5.994081804174254,4.0,17,2025-05-06 09:30:00-04:00,2025-08-06 09:30:00-04:00
zscore_30,1.0:1.5,1,4054,-4.391552471466935e-06,0.0,0.0003307701114904602,0.49679329057720767,-0.0862111494819931,0.0,17,2025-05-06 09:30:00-04:00,2025-08-06 09:30:00-04:00
zscore_30,1.0:1.5,3,4054,-1.4398826311553187e-05,0.0,0.0005656321303804379,0.4908732116428219,-0.2960039467192896,0.0,17,2025-05-06 09:30:00-04:00,2025-08-06 09:30:00-04:00
zscore_30,1.0:1.5,5,4054,-3.53343164322761e-06,1.1034549580513087e-05,0.0007523962799859411,0.5056734089787864,-0.06055747409965466,0.25,17,2025-05-06 09:30:00-04:00,2025-08-06 09:30:00-04:00
zscore_30,1.0:1.5,10,4054,3.2385620472293244e-05,4.361262176899583e-05,0.001278288997526715,0.5209669462259496,0.6816107548100642,1.0,17,2025-05-06 09:30:00-04:00,2025-08-06 09:30:00-04:00
zscore_30,1.0:1.5,20,4054,5.884323345515569e-05,2.2485253109216785e-05,0.001818160097821883,0.5069067587567834,1.2467932905772077,0.5,17,2025-05-06 09:30:00-04:00,2025-08-06 09:30:00-04:00
zscore_30,1.0:1.5,30,4054,5.188933848770771e-05,2.2994876012649712e-05,0.0023849655962409648,0.5074000986679822,1.0728909718796251,0.5,17,2025-05-06 09:30:00-04:00,2025-08-06 09:30:00-04:00
zscore_30,1.0:1.5,60,4052,2.8859684428727804e-05,6.523831436966443e-05,0.0032067623055049383,0.5120927936821322,0.5449777887462981,1.5,17,2025-05-06 09:30:00-04:00,2025-08-06 09:30:00-04:00
zscore_30,1.5:2.0,1,2612,-3.0608172298095425e-06,0.0,0.0004986756659076878,0.4835375191424196,-0.0732197549770291,0.0,17,2025-05-06 09:30:00-04:00,2025-08-06 09:30:00-04:00
zscore_30,1.5:2.0,3,2612,2.575822121418792e-05,1.089670501752682e-05,0.0012643745915954156,0.5038284839203675,0.5227794793261868,0.25,17,2025-05-06 09:30:00-04:00,2025-08-06 09:30:00-04:00
zscore_30,1.5:2.0,5,2612,5.4146659500456185e-05,1.685472005963362e-05,0.0016959021040179778,0.5107197549770292,1.1114088820826953,0.375,17,2025-05-06 09:30:00-04:00,2025-08-06 09:30:00-04:00
zscore_30,1.5:2.0,10,2612,6.647953823573658e-05,3.2574713877298045e-05,0.0018858542421594578,0.5168453292496171,1.4264931087289434,0.75,17,2025-05-06 09:30:00-04:00,2025-08-06 09:30:00-04:00
zscore_30,1.5:2.0,20,2612,8.444391541924767e-05,6.228073529690459e-05,0.0023567090861699924,0.52947932618683,1.8212098009188362,1.25,17,2025-05-06 09:30:00-04:00,2025-08-06 09:30:00-04:00
zscore_30,1.5:2.0,30,2612,0.0001184526537544628,8.796109302455779e-05,0.0027646638343938,0.5241194486983155,2.5400076569678407,2.0,17,2025-05-06 09:30:00-04:00,2025-08-06 09:30:00-04:00
zscore_30,1.5:2.0,60,2611,6.142617704619828e-05,2.2315202231615316e-05,0.0032803944249132685,0.5036384527001149,1.285331290693221,0.5,17,2025-05-06 09:30:00-04:00,2025-08-06 09:30:00-04:00
zscore_30,2.0:2.5,1,1030,6.553508583963568e-05,0.0,0.0012734066382664303,0.4796116504854369,1.3648058252427184,0.0,17,2025-05-06 09:30:00-04:00,2025-08-06 09:30:00-04:00
zscore_30,2.0:2.5,3,1030,0.00012266501211783502,2.2899942943799267e-05,0.001435960379198901,0.5135922330097087,2.642233009708738,0.5,17,2025-05-06 09:30:00-04:00,2025-08-06 09:30:00-04:00
zscore_30,2.0:2.5,5,1030,0.00011411906703587977,1.167804501844838e-05,0.0015258437996133161,0.5077669902912622,2.517961165048544,0.25,17,2025-05-06 09:30:00-04:00,2025-08-06 09:30:00-04:00
zscore_30,2.0:2.5,10,1030,0.00015438476451389723,-1.1180566302393391e-05,0.002071864408853483,0.4883495145631068,3.374757281553398,-0.25,17,2025-05-06 09:30:00-04:00,2025-08-06 09:30:00-04:00
zscore_30,2.0:2.5,20,1030,0.00016682097770611058,3.264803650204762e-05,0.0024935824369052327,0.5058252427184466,3.6694174757281552,0.75,17,2025-05-06 09:30:00-04:00,2025-08-06 09:30:00-04:00
zscore_30,2.0:2.5,30,1030,0.00011770169492323475,-1.1054514177100128e-05,0.0028135622455229005,0.49223300970873785,2.6140776699029127,-0.25,17,2025-05-06 09:30:00-04:00,2025-08-06 09:30:00-04:00
zscore_30,2.0:2.5,60,1028,2.613266415044545e-05,1.0724757964930554e-05,0.003295866888543192,0.5009727626459144,0.6464007782101168,0.25,17,2025-05-06 09:30:00-04:00,2025-08-06 09:30:00-04:00
zscore_30,<=-2.5,1,608,-1.2361045163129656e-05,3.348307710415721e-05,0.0005050776996736997,0.5361842105263158,-0.2557565789473684,0.75,17,2025-05-06 09:30:00-04:00,2025-08-06 09:30:00-04:00
zscore_30,<=-2.5,3,608,-9.529612328450998e-06,3.500710098491844e-05,0.0011307467676139817,0.5148026315789473,-0.2060032894736842,0.75,17,2025-05-06 09:30:00-04:00,2025-08-06 09:30:00-04:00
zscore_30,<=-2.5,5,608,2.7192930192015414e-05,6.66114167545695e-05,0.0014939983496451746,0.5411184210526315,0.6122532894736842,1.5,17,2025-05-06 09:30:00-04:00,2025-08-06 09:30:00-04:00
zscore_30,<=-2.5,10,608,2.4938341521957213e-05,0.00012288068090593463,0.0019908823166175007,0.5493421052631579,0.6019736842105263,2.75,17,2025-05-06 09:30:00-04:00,2025-08-06 09:30:00-04:00
zscore_30,<=-2.5,20,608,0.00012649565128399572,0.0003032271260949848,0.002683643026614322,0.5773026315789473,2.7072368421052633,6.625,17,2025-05-06 09:30:00-04:00,2025-08-06 09:30:00-04:00
zscore_30,<=-2.5,30,608,0.00019797359802611972,0.000386498219770548,0.0028913462390354893,0.5986842105263158,4.106085526315789,8.625,17,2025-05-06 09:30:00-04:00,2025-08-06 09:30:00-04:00
zscore_30,<=-2.5,60,606,0.0006511058013532863,0.0005798067962569098,0.0032051956122257784,0.6188118811881188,13.866749174917492,12.875,17,2025-05-06 09:30:00-04:00,2025-08-06 09:30:00-04:00
zscore_30,>=2.5,1,490,-5.072966437502227e-05,-4.989166175684012e-05,0.0004974108457081728,0.4346938775510204,-1.116326530612245,-1.125,17,2025-05-06 09:30:00-04:00,2025-08-06 09:30:00-04:00
zscore_30,>=2.5,3,490,-5.951798406550989e-05,-4.390938517945253e-05,0.0007991837283251215,0.463265306122449,-1.2479591836734694,-1.0,17,2025-05-06 09:30:00-04:00,2025-08-06 09:30:00-04:00
zscore_30,>=2.5,5,490,-1.7416610018828905e-05,-7.737658087669796e-05,0.0010170478955070024,0.46530612244897956,-0.3112244897959184,-1.75,17,2025-05-06 09:30:00-04:00,2025-08-06 09:30:00-04:00
zscore_30,>=2.5,10,490,-2.250066452058585e-05,-4.0744311112617115e-05,0.0020001647448140364,0.46938775510204084,-0.4489795918367347,-0.875,17,2025-05-06 09:30:00-04:00,2025-08-06 09:30:00-04:00
zscore_30,>=2.5,20,490,-8.890745083231794e-05,-0.00019551347922014406,0.0024550351171643277,0.4306122448979592,-1.8551020408163266,-4.375,17,2025-05-06 09:30:00-04:00,2025-08-06 09:30:00-04:00
zscore_30,>=2.5,30,490,-5.396142017835321e-05,-0.00019170532328804946,0.002869197407060215,0.4530612244897959,-1.1785714285714286,-4.125,17,2025-05-06 09:30:00-04:00,2025-08-06 09:30:00-04:00
zscore_30,>=2.5,60,490,-5.8935288771740174e-05,-0.0002535195191629702,0.00325445526310664,0.44081632653061226,-1.2494897959183673,-5.75,17,2025-05-06 09:30:00-04:00,2025-08-06 09:30:00-04:00
zscore_60,-1.0:0,1,6475,1.2058460502674893e-05,1.0936731011046419e-05,0.00045164118939343287,0.5094980694980695,0.24818532818532818,0.25,17,2025-05-06 09:30:00-04:00,2025-08-06 09:30:00-04:00
zscore_60,-1.0:0,3,6475,3.2549721794960094e-05,2.1704921590925963e-05,0.0007812495078601931,0.5162934362934363,0.6688803088803089,0.5,17,2025-05-06 09:30:00-04:00,2025-08-06 09:30:00-04:00
zscore_60,-1.0:0,5,6475,6.546757426311604e-05,3.580251333645812e-05,0.0010520216659803063,0.5272586872586873,1.3572586872586874,0.75,17,2025-05-06 09:30:00-04:00,2025-08-06 09:30:00-04:00
zscore_60,-1.0:0,10,6470,0.00014273647845849412,9.129110605776702e-05,0.001631303548793032,0.5516228748068006,3.000463678516229,2.0,17,2025-05-06 09:30:00-04:00,2025-08-06 09:30:00-04:00
zscore_60,-1.0:0,20,6466,0.00026823760669995915,0.00015733947535767623,0.0026440848133881243,0.5648004948963811,5.5967754407670895,3.5,17,2025-05-06 09:30:00-04:00,2025-08-06 09:30:00-04:00
zscore_60,-1.0:0,30,6466,0.0003221766677969689,0.00019354024643614132,0.0031421493617465345,0.5630992885864522,6.719842251778534,4.25,17,2025-05-06 09:30:00-04:00,2025-08-06 09:30:00-04:00
zscore_60,-1.0:0,60,6454,0.0004424242511832189,0.0003651250358104319,0.004207723521924089,0.5687945460179733,9.226022621629998,8.25,17,2025-05-06 09:30:00-04:00,2025-08-06 09:30:00-04:00
zscore_60,-1.5:-1.0,1,2670,1.7608431615549336e-05,1.0872522426041975e-05,0.000531299373997574,0.5052434456928839,0.38352059925093634,0.25,17,2025-05-06 09:30:00-04:00,2025-08-06 09:30:00-04:00
zscore_60,-1.5:-1.0,3,2668,4.644640944618531e-05,5.441120605598204e-05,0.0009127411598190524,0.547976011994003,0.9966266866566716,1.25,17,2025-05-06 09:30:00-04:00,2025-08-06 09:30:00-04:00
zscore_60,-1.5:-1.0,5,2666,7.65818469849573e-05,8.098273112411292e-05,0.0012130692775568098,0.5611402850712678,1.6535071267816954,1.75,17,2025-05-06 09:30:00-04:00,2025-08-06 09:30:00-04:00
zscore_60,-1.5:-1.0,10,2666,0.00010281388691746729,9.768223599138093e-05,0.0015627125813354832,0.5555138784696174,2.174887471867967,2.25,17,2025-05-06 09:30:00-04:00,2025-08-06 09:30:00-04:00
zscore_60,-1.5:-1.0,20,2663,0.00013596515418886018,0.00013837638376390515,0.0021536145669638867,0.5531355613969208,2.871104018024784,3.0,17,2025-05-06 09:30:00-04:00,2025-08-06 09:30:00-04:00
zscore_60,-1.5:-1.0,30,2663,0.0002946793224516344,0.00021708455443403274,0.002989921930425356,0.5700337964701464,6.2318813368381525,5.0,17,2025-05-06 09:30:00-04:00,2025-08-06 09:30:00-04:00
zscore_60,-1.5:-1.0,60,2662,0.0008640186960117426,0.0005417302049910422,0.004738549771946771,0.6006761833208114,18.051934635612323,12.0,17,2025-05-06 09:30:00-04:00,2025-08-06 09:30:00-04:00
zscore_60,-2.0:-1.5,1,1872,9.0777732659421e-06,2.1379904472595967e-05,0.0005664699431010875,0.5170940170940171,0.20259081196581197,0.5,17,2025-05-06 09:30:00-04:00,2025-08-06 09:30:00-04:00
zscore_60,-2.0:-1.5,3,1872,2.363545353698172e-05,2.1976255848432658e-05,0.0009459607397081705,0.5138888888888888,0.5300480769230769,0.5,17,2025-05-06 09:30:00-04:00,2025-08-06 09:30:00-04:00
zscore_60,-2.0:-1.5,5,1872,8.433069946741001e-06,3.712075469830545e-05,0.0011346123189456619,0.5208333333333334,0.1889690170940171,0.75,17,2025-05-06 09:30:00-04:00,2025-08-06 09:30:00-04:00
zscore_60,-2.0:-1.5,10,1872,6.483977864779179e-05,6.542327919289992e-05,0.0016537058756392873,0.5288461538461539,1.3668536324786325,1.5,17,2025-05-06 09:30:00-04:00,2025-08-06 09:30:00-04:00
zscore_60,-2.0:-1.5,20,1869,2.4922804886329918e-05,5.4503635392499916e-05,0.0022307418349398187,0.5152487961476726,0.32410379882289997,1.25,17,2025-05-06 09:30:00-04:00,2025-08-06 09:30:00-04:00
zscore_60,-2.0:-1.5,30,1865,0.0002865483565580979,0.00016284523189158406,0.0030195216521087813,0.542627345844504,5.8189008042895445,3.5,17,2025-05-06 09:30:00-04:00,2025-08-06 09:30:00-04:00
zscore_60,-2.0:-1.5,60,1859,0.000671792538515813,0.0004740613047460318,0.004542264665875,0.6035502958579881,13.540613232920926,10.25,17,2025-05-06 09:30:00-04:00,2025-08-06 09:30:00-04:00
zscore_60,-2.5:-2.0,1,1090,-1.012745614994375e-05,1.1763741676884543e-05,0.0004997007875284802,0.5146788990825688,-0.2279816513761468,0.25,17,2025-05-06 09:30:00-04:00,2025-08-06 09:30:00-04:00
zscore_60,-2.5:-2.0,3,1090,-3.4638607724889864e-05,-2.1617600338308396e-05,0.0008800233919628901,0.4853211009174312,-0.7704128440366973,-0.5,17,2025-05-06 09:30:00-04:00,2025-08-06 09:30:00-04:00
zscore_60,-2.5:-2.0,5,1090,-5.824811309442444e-05,0.0,0.0011140160803810848,0.4990825688073395,-1.2841743119266056,0.0,17,2025-05-06 09:30:00-04:00,2025-08-06 09:30:00-04:00
zscore_60,-2.5:-2.0,10,1090,-0.00010772181173216626,2.192966969749577e-05,0.0015219114796931866,0.5100917431192661,-2.3747706422018346,0.5,17,2025-05-06 09:30:00-04:00,2025-08-06 09:30:00-04:00
zscore_60,-2.5:-2.0,20,1090,2.5402578551985682e-05,0.00014967792224984677,0.002042394144351423,0.5467889908256881,0.425,3.375,17,2025-05-06 09:30:00-04:00,2025-08-06 09:30:00-04:00
zscore_60,-2.5:-2.0,30,1086,0.00015370592787350944,0.00021315044215131085,0.0023608861793812295,0.5524861878453039,3.1804788213627995,4.75,17,2025-05-06 09:30:00-04:00,2025-08-06 09:30:00-04:00
zscore_60,-2.5:-2.0,60,1084,0.0006179667437365142,0.0006683590588905108,0.0033772452786112357,0.6042435424354243,13.123616236162361,14.625,17,2025-05-06 09:30:00-04:00,2025-08-06 09:30:00-04:00
zscore_60,0:1.0,1,7601,4.811835062562049e-06,1.0634338278192601e-05,0.0003800680727089277,0.500855150638074,0.10304565188790948,0.25,17,2025-05-06 09:30:00-04:00,2025-08-06 09:30:00-04:00
zscore_60,0:1.0,3,7601,1.9955987148452957e-05,1.1694675414286593e-05,0.000667433945310267,0.5116432048414682,0.42724641494540194,0.25,17,2025-05-06 09:30:00-04:00,2025-08-06 09:30:00-04:00
zscore_60,0:1.0,5,7601,2.8487849846533404e-05,1.0900727078544392e-05,0.0009267355641737662,0.5033548217339824,0.6063675832127352,0.25,17,2025-05-06 09:30:00-04:00,2025-08-06 09:30:00-04:00
zscore_60,0:1.0,10,7601,4.4127978765206103e-05,1.1746188361971832e-05,0.0014275833729177224,0.5058544928298908,0.9168201552427312,0.25,17,2025-05-06 09:30:00-04:00,2025-08-06 09:30:00-04:00
zscore_60,0:1.0,20,7601,7.277506813001974e-05,3.428179636610906e-05,0.0020430390010980314,0.5154584923036443,1.5253256150506513,0.75,17,2025-05-06 09:30:00-04:00,2025-08-06 09:30:00-04:00
zscore_60,0:1.0,30,7601,7.248835284108823e-05,4.81023618259524e-05,0.002531362275547622,0.5162478621234048,1.5161491908959348,1.0,17,2025-05-06 09:30:00-04:00,2025-08-06 09:30:00-04:00
zscore_60,0:1.0,60,7596,0.0002634760084394775,0.00013143986947528052,0.003383135375921846,0.5269878883622959,5.696912848867825,3.0,17,2025-05-06 09:30:00-04:00,2025-08-06 09:30:00-04:00
zscore_60,1.0:1.5,1,3742,-1.4690648093625585e-06,0.0,0.00040634787124455577,0.48743987172634956,-0.03721272047033672,0.0,17,2025-05-06 09:30:00-04:00,2025-08-06 09:30:00-04:00
zscore_60,1.0:1.5,3,3742,-2.5283136865910226e-06,-1.0892693395769815e-05,0.0010233245709313275,0.4826296098343132,-0.09720737573490112,-0.25,17,2025-05-06 09:30:00-04:00,2025-08-06 09:30:00-04:00
zscore_60,1.0:1.5,5,3742,4.754545143731548e-07,-2.1327759708533733e-05,0.0012352497966855829,0.481560662747194,-0.04877071084981294,-0.5,17,2025-05-06 09:30:00-04:00,2025-08-06 09:30:00-04:00
zscore_60,1.0:1.5,10,3742,1.3689023706184169e-05,-2.1341195784285727e-05,0.0014261086969971153,0.482896846606093,0.2544094067343666,-0.5,17,2025-05-06 09:30:00-04:00,2025-08-06 09:30:00-04:00
zscore_60,1.0:1.5,20,3742,3.872541638026103e-05,-5.341281159848554e-05,0.00183555189823756,0.4778193479422769,0.8433324425440941,-1.25,17,2025-05-06 09:30:00-04:00,2025-08-06 09:30:00-04:00
zscore_60,1.0:1.5,30,3742,4.020695560238007e-05,-5.3687259727430714e-05,0.0022699713717823956,0.47969000534473544,0.8444013896312133,-1.25,17,2025-05-06 09:30:00-04:00,2025-08-06 09:30:00-04:00
zscore_60,1.0:1.5,60,3741,-9.739947082868089e-05,-5.343193306051042e-05,0.00310286180899949,0.4846297781341887,-2.2425153702218656,-1.25,17,2025-05-06 09:30:00-04:00,2025-08-06 09:30:00-04:00
zscore_60,1.5:2.0,1,2550,-1.8446899837222231e-06,0.0,0.0003613798587168008,0.49411764705882355,-0.03215686274509804,0.0,17,2025-05-06 09:30:00-04:00,2025-08-06 09:30:00-04:00
zscore_60,1.5:2.0,3,2550,-5.112033411532988e-06,1.1441350741381306e-05,0.0006156209700939108,0.5066666666666667,-0.07833333333333334,0.25,17,2025-05-06 09:30:00-04:00,2025-08-06 09:30:00-04:00
zscore_60,1.5:2.0,5,2550,1.6473017346940514e-06,3.2316297258527804e-05,0.000819453769680919,0.5223529411764706,0.062254901960784315,0.75,17,2025-05-06 09:30:00-04:00,2025-08-06 09:30:00-04:00
zscore_60,1.5:2.0,10,2550,2.7484144254067096e-05,4.333578394233317e-05,0.00144270769410817,0.5192156862745098,0.6258823529411764,1.0,17,2025-05-06 09:30:00-04:00,2025-08-06 09:30:00-04:00
zscore_60,1.5:2.0,20,2550,7.991989992954284e-05,4.5562000595578134e-05,0.0018150629280335394,0.5168627450980392,1.762156862745098,1.0,17,2025-05-06 09:30:00-04:00,2025-08-06 09:30:00-04:00
zscore_60,1.5:2.0,30,2550,8.832211217881193e-05,3.497971523402921e-05,0.0022015825656389863,0.5137254901960784,1.9699019607843138,0.75,17,2025-05-06 09:30:00-04:00,2025-08-06 09:30:00-04:00
zscore_60,1.5:2.0,60,2550,-2.387178020918973e-05,4.661383987170087e-05,0.0030133001614403884,0.5086274509803922,-0.46098039215686276,1.0,17,2025-05-06 09:30:00-04:00,2025-08-06 09:30:00-04:00
zscore_60,2.0:2.5,1,1128,3.073971462159966e-05,0.0,0.0012479726951959505,0.4867021276595745,0.6256648936170213,0.0,17,2025-05-06 09:30:00-04:00,2025-08-06 09:30:00-04:00
zscore_60,2.0:2.5,3,1128,2.0186724944864927e-05,2.262984186041095e-05,0.0014642169679365319,0.5195035460992907,0.40558510638297873,0.5,17,2025-05-06 09:30:00-04:00,2025-08-06 09:30:00-04:00
zscore_60,2.0:2.5,5,1128,-2.1862584688614264e-06,1.0709720559054503e-05,0.001627052341759793,0.50177304964539,-0.047429078014184396,0.25,17,2025-05-06 09:30:00-04:00,2025-08-06 09:30:00-04:00
zscore_60,2.0:2.5,10,1128,6.825657562009768e-06,3.364142468142983e-05,0.0017067256815544174,0.5159574468085106,0.12522163120567376,0.75,17,2025-05-06 09:30:00-04:00,2025-08-06 09:30:00-04:00
zscore_60,2.0:2.5,20,1128,6.812032802866533e-05,6.0597609997214974e-05,0.0021398452238586985,0.5274822695035462,1.4709663120567376,1.375,17,2025-05-06 09:30:00-04:00,2025-08-06 09:30:00-04:00
zscore_60,2.0:2.5,30,1128,6.305458204854247e-05,6.487581356195982e-05,0.0023140959946191873,0.5177304964539007,1.3058510638297873,1.5,17,2025-05-06 09:30:00-04:00,2025-08-06 09:30:00-04:00
zscore_60,2.0:2.5,60,1128,3.814700938365579e-05,6.850334806740577e-05,0.0027838489937860086,0.5159574468085106,0.7617464539007093,1.5,17,2025-05-06 09:30:00-04:00,2025-08-06 09:30:00-04:00
zscore_60,<=-2.5,1,880,-2.4877596281093233e-05,0.0,0.0005738121426626357,0.4965909090909091,-0.5386363636363637,0.0,17,2025-05-06 09:30:00-04:00,2025-08-06 09:30:00-04:00
zscore_60,<=-2.5,3,880,-5.246810957631843e-05,3.340141907992589e-05,0.0010479733068433548,0.5125,-1.168465909090909,0.75,17,2025-05-06 09:30:00-04:00,2025-08-06 09:30:00-04:00
zscore_60,<=-2.5,5,880,-7.63365346934439e-05,4.295673751397722e-05,0.0013681132345229644,0.5170454545454546,-1.703125,1.0,17,2025-05-06 09:30:00-04:00,2025-08-06 09:30:00-04:00
zscore_60,<=-2.5,10,880,-0.00016570758634622024,4.836821660092472e-05,0.002000132347571223,0.5102272727272728,-3.6644886363636364,1.125,17,2025-05-06 09:30:00-04:00,2025-08-06 09:30:00-04:00
zscore_60,<=-2.5,20,880,3.965885490007673e-06,0.0002023243863757962,0.002582403178378483,0.5590909090909091,0.11931818181818182,4.5,17,2025-05-06 09:30:00-04:00,2025-08-06 09:30:00-04:00
zscore_60,<=-2.5,30,878,0.00016252225257539245,0.0002636799368328502,0.0028303019382173926,0.5489749430523918,3.3132118451025057,5.75,17,2025-05-06 09:30:00-04:00,2025-08-06 09:30:00-04:00
zscore_60,<=-2.5,60,875,0.000797786878325985,0.0006740449218325395,0.003534975186488599,0.5965714285714285,17.184285714285714,15.25,17,2025-05-06 09:30:00-04:00,2025-08-06 09:30:00-04:00
zscore_60,>=2.5,1,746,-1.6816112735546623e-05,-3.203848304200729e-05,0.00048760661403825716,0.46648793565683644,-0.346514745308311,-0.75,17,2025-05-06 09:30:00-04:00,2025-08-06 09:30:00-04:00
zscore_60,>=2.5,3,746,2.994707750715627e-05,-1.1450205031626748e-05,0.0008814902719263025,0.4839142091152815,0.7617292225201072,-0.25,17,2025-05-06 09:30:00-04:00,2025-08-06 09:30:00-04:00
zscore_60,>=2.5,5,746,6.293032413715701e-05,5.371723248770444e-06,0.0011388759473909354,0.5,1.5492627345844503,0.125,17,2025-05-06 09:30:00-04:00,2025-08-06 09:30:00-04:00
zscore_60,>=2.5,10,746,5.046432216936148e-05,-2.361460437183549e-05,0.0015568353961552227,0.4812332439678284,1.3746648793565683,-0.5,17,2025-05-06 09:30:00-04:00,2025-08-06 09:30:00-04:00
zscore_60,>=2.5,20,746,-5.000562458874248e-05,-5.5299312351153596e-05,0.0020301508397871427,0.47319034852546915,-0.8592493297587132,-1.25,17,2025-05-06 09:30:00-04:00,2025-08-06 09:30:00-04:00
zscore_60,>=2.5,30,746,-3.4882109085952817e-06,-8.891906708002884e-05,0.002381202621041417,0.47050938337801607,0.15147453083109919,-2.0,17,2025-05-06 09:30:00-04:00,2025-08-06 09:30:00-04:00
zscore_60,>=2.5,60,746,3.116739377835825e-05,3.268882124773942e-05,0.003072070391228074,0.5067024128686327,1.1313672922252012,0.75,17,2025-05-06 09:30:00-04:00,2025-08-06 09:30:00-04:00
zscore_30,-1.0:0,1,6559,7.091846500884767e-06,0.0,0.0003964200065770371,0.4956548254307059,0.17281597804543375,0.0,18,2025-08-06 09:30:00-04:00,2025-11-06 09:30:00-05:00
zscore_30,-1.0:0,3,6559,8.59587339345964e-06,1.0532635370763543e-05,0.0009126643189893993,0.5096813538649184,0.20792041469736242,0.25,18,2025-08-06 09:30:00-04:00,2025-11-06 09:30:00-05:00
zscore_30,-1.0:0,5,6559,6.157917436088732e-06,1.9953110190984447e-05,0.0011475333643563286,0.5130355237078823,0.1484220155511511,0.5,18,2025-08-06 09:30:00-04:00,2025-11-06 09:30:00-05:00
zscore_30,-1.0:0,10,6559,4.299373696935244e-05,4.9821142099837346e-05,0.001486464871337942,0.5316359201097728,1.0448620216496418,1.25,18,2025-08-06 09:30:00-04:00,2025-11-06 09:30:00-05:00
zscore_30,-1.0:0,20,6559,0.00011161763345179435,8.230622029259393e-05,0.002115446889222508,0.540326269248361,2.6640112822076536,2.0,18,2025-08-06 09:30:00-04:00,2025-11-06 09:30:00-05:00
zscore_30,-1.0:0,30,6558,0.00013130043970114563,0.00011324737945161978,0.002548863319677704,0.5384263494967978,3.0759377859103387,2.75,18,2025-08-06 09:30:00-04:00,2025-11-06 09:30:00-05:00
zscore_30,-1.0:0,60,6549,0.0002134077003214906,0.00024465909202109337,0.003716560735027133,0.552298060772637,5.015460375629867,6.0,18,2025-08-06 09:30:00-04:00,2025-11-06 09:30:00-05:00
zscore_30,-1.5:-1.0,1,3175,6.034506997353735e-06,0.0,0.0005626100960863207,0.4966929133858268,0.13826771653543307,0.0,18,2025-08-06 09:30:00-04:00,2025-11-06 09:30:00-05:00
zscore_30,-1.5:-1.0,3,3175,1.2400603336568776e-05,0.0,0.000832017534754609,0.4985826771653543,0.28488188976377954,0.0,18,2025-08-06 09:30:00-04:00,2025-11-06 09:30:00-05:00
zscore_30,-1.5:-1.0,5,3175,4.1265081817487436e-05,1.9789048740337378e-05,0.0011165284441595512,0.5130708661417323,0.9909448818897638,0.5,18,2025-08-06 09:30:00-04:00,2025-11-06 09:30:00-05:00
zscore_30,-1.5:-1.0,10,3175,3.764967167386456e-05,5.2275554905056865e-05,0.0015068647298573038,0.527244094488189,0.9066141732283465,1.25,18,2025-08-06 09:30:00-04:00,2025-11-06 09:30:00-05:00
zscore_30,-1.5:-1.0,20,3175,7.390127507855627e-05,9.461036298841208e-05,0.002221433724913567,0.5348031496062993,1.7202362204724408,2.25,18,2025-08-06 09:30:00-04:00,2025-11-06 09:30:00-05:00
zscore_30,-1.5:-1.0,30,3175,5.5947489431391064e-05,0.00012788677757291644,0.0025734990111616098,0.5461417322834645,1.2308661417322835,3.0,18,2025-08-06 09:30:00-04:00,2025-11-06 09:30:00-05:00
zscore_30,-1.5:-1.0,60,3166,0.00019502206987404147,0.0002448609412506464,0.0034966307056512607,0.5499052432090966,4.7132027795325335,5.875,18,2025-08-06 09:30:00-04:00,2025-11-06 09:30:00-05:00
zscore_30,-2.0:-1.5,1,2222,1.936354481005392e-05,2.0600090745337418e-05,0.000719650303447003,0.5297029702970297,0.4713096309630963,0.5,18,2025-08-06 09:30:00-04:00,2025-11-06 09:30:00-05:00
zscore_30,-2.0:-1.5,3,2222,4.1598566802450885e-05,2.0082440201019125e-05,0.001095048182432626,0.5166516651665166,1.0128262826282628,0.5,18,2025-08-06 09:30:00-04:00,2025-11-06 09:30:00-05:00
zscore_30,-2.0:-1.5,5,2222,5.836088316962562e-05,4.992836653572308e-05,0.0011984549652772967,0.5346534653465347,1.4294554455445545,1.25,18,2025-08-06 09:30:00-04:00,2025-11-06 09:30:00-05:00
zscore_30,-2.0:-1.5,10,2222,0.00010525699649961237,9.090295397917725e-05,0.0018558977448510574,0.5423042304230423,2.552655265526553,2.25,18,2025-08-06 09:30:00-04:00,2025-11-06 09:30:00-05:00
zscore_30,-2.0:-1.5,20,2222,0.00011045441974732141,0.00015368479782962297,0.002370943599857479,0.5544554455445545,2.6864311431143113,3.75,18,2025-08-06 09:30:00-04:00,2025-11-06 09:30:00-05:00
zscore_30,-2.0:-1.5,30,2222,0.00014698857708155677,0.0002228252647302753,0.0027865780889331075,0.5688568856885688,3.528802880288029,5.5,18,2025-08-06 09:30:00-04:00,2025-11-06 09:30:00-05:00
zscore_30,-2.0:-1.5,60,2218,0.0001436363252731975,0.0003424892273692359,0.0036521176162229744,0.5662759242560865,3.524684400360685,8.25,18,2025-08-06 09:30:00-04:00,2025-11-06 09:30:00-05:00
zscore_30,-2.5:-2.0,1,1073,6.614776936020699e-06,1.9785916384629232e-05,0.00045997262165793743,0.5181733457595527,0.15517241379310345,0.5,18,2025-08-06 09:30:00-04:00,2025-11-06 09:30:00-05:00
zscore_30,-2.5:-2.0,3,1073,5.037221509121246e-05,6.034760218853741e-05,0.0011094056725367285,0.5442684063373718,1.2185461323392357,1.5,18,2025-08-06 09:30:00-04:00,2025-11-06 09:30:00-05:00
zscore_30,-2.5:-2.0,5,1073,0.00010242292002486443,7.552218194373239e-05,0.0016867061727005087,0.548928238583411,2.4580615097856477,1.75,18,2025-08-06 09:30:00-04:00,2025-11-06 09:30:00-05:00
zscore_30,-2.5:-2.0,10,1073,9.916333257186305e-05,8.39877377902809e-05,0.001865266855302398,0.527493010251631,2.3772134203168687,2.0,18,2025-08-06 09:30:00-04:00,2025-11-06 09:30:00-05:00
zscore_30,-2.5:-2.0,20,1073,0.0001188919411326921,6.18958705138617e-05,0.002334863116563281,0.5284249767008388,2.8562441752096923,1.5,18,2025-08-06 09:30:00-04:00,2025-11-06 09:30:00-05:00
zscore_30,-2.5:-2.0,30,1073,0.00022020354191000418,0.00018742776221669644,0.0027952927982760373,0.5498602050326188,5.335507921714818,4.5,18,2025-08-06 09:30:00-04:00,2025-11-06 09:30:00-05:00
zscore_30,-2.5:-2.0,60,1071,0.00021449475610353265,0.0002403268445085871,0.003381032753400106,0.5508870214752568,5.2896825396825395,6.0,18,2025-08-06 09:30:00-04:00,2025-11-06 09:30:00-05:00
zscore_30,0:1.0,1,7420,7.209560916423815e-06,9.589429100786973e-06,0.0004763839388141037,0.5008086253369273,0.18382749326145553,0.25,18,2025-08-06 09:30:00-04:00,2025-11-06 09:30:00-05:00
zscore_30,0:1.0,3,7419,2.2905321361050426e-05,1.045194197080157e-05,0.0007364248004897853,0.5074807925596442,0.5695174551826392,0.25,18,2025-08-06 09:30:00-04:00,2025-11-06 09:30:00-05:00
zscore_30,0:1.0,5,7419,2.6974067979317833e-05,1.0447574073202404e-05,0.0009609350105362082,0.5062676910634857,0.658343442512468,0.25,18,2025-08-06 09:30:00-04:00,2025-11-06 09:30:00-05:00
zscore_30,0:1.0,10,7415,1.7462188305395318e-05,2.0971614919096382e-05,0.001336987031652749,0.5150370869858395,0.42161159811193527,0.5,18,2025-08-06 09:30:00-04:00,2025-11-06 09:30:00-05:00
zscore_30,0:1.0,20,7407,4.596414674632565e-05,3.197816956967969e-05,0.0018450071410529144,0.5176184690157959,1.1147225597407857,0.75,18,2025-08-06 09:30:00-04:00,2025-11-06 09:30:00-05:00
zscore_30,0:1.0,30,7398,7.286948976675619e-05,7.009991807815918e-05,0.00222519265765679,0.5301432819680995,1.7368545552852122,1.75,18,2025-08-06 09:30:00-04:00,2025-11-06 09:30:00-05:00
zscore_30,0:1.0,60,7393,0.00021809775346722353,0.00026147618997818256,0.003325068782549943,0.5614770729068037,5.136277559853916,6.25,18,2025-08-06 09:30:00-04:00,2025-11-06 09:30:00-05:00
zscore_30,1.0:1.5,1,4120,-1.0364108658581166e-05,0.0,0.000378455262951723,0.4861650485436893,-0.2576456310679612,0.0,18,2025-08-06 09:30:00-04:00,2025-11-06 09:30:00-05:00
zscore_30,1.0:1.5,3,4119,-2.57093729348213e-06,9.876835856958976e-06,0.0005553264799458758,0.5023063850449138,-0.0711944646758922,0.25,18,2025-08-06 09:30:00-04:00,2025-11-06 09:30:00-05:00
zscore_30,1.0:1.5,5,4118,-1.2725310078356068e-05,9.939533009983847e-06,0.000715885484298021,0.5036425449247207,-0.32977173385138414,0.25,18,2025-08-06 09:30:00-04:00,2025-11-06 09:30:00-05:00
zscore_30,1.0:1.5,10,4117,-2.4223181884689687e-06,9.994003597801893e-06,0.001094537731605846,0.5035219820257469,-0.11920087442312363,0.25,18,2025-08-06 09:30:00-04:00,2025-11-06 09:30:00-05:00
zscore_30,1.0:1.5,20,4115,-1.6840733774011861e-06,2.96243630761861e-05,0.001735671809593594,0.5144592952612393,-0.09034021871202916,0.75,18,2025-08-06 09:30:00-04:00,2025-11-06 09:30:00-05:00
zscore_30,1.0:1.5,30,4115,4.228934738421912e-05,5.990774207709215e-05,0.0021521660230312024,0.5229647630619684,1.0465370595382746,1.5,18,2025-08-06 09:30:00-04:00,2025-11-06 09:30:00-05:00
zscore_30,1.0:1.5,60,4115,0.00022517020074363535,0.00018144978377243604,0.0030312257825432683,0.5472660996354799,5.472843256379101,4.5,18,2025-08-06 09:30:00-04:00,2025-11-06 09:30:00-05:00
zscore_30,1.5:2.0,1,2772,-6.638882557969916e-07,0.0,0.000334690836541657,0.48953823953823955,-0.030663780663780664,0.0,18,2025-08-06 09:30:00-04:00,2025-11-06 09:30:00-05:00
zscore_30,1.5:2.0,3,2772,-8.356572778378007e-06,0.0,0.0005598331466218097,0.49098124098124096,-0.22555916305916307,0.0,18,2025-08-06 09:30:00-04:00,2025-11-06 09:30:00-05:00
zscore_30,1.5:2.0,5,2771,1.155307894011096e-05,9.876250580242996e-06,0.0007773411921062925,0.5005413208228077,0.27535185853482497,0.25,18,2025-08-06 09:30:00-04:00,2025-11-06 09:30:00-05:00
zscore_30,1.5:2.0,10,2771,1.6394591049073344e-05,-9.899127886847658e-06,0.0011407053345777046,0.4911584265608084,0.3759473114399134,-0.25,18,2025-08-06 09:30:00-04:00,2025-11-06 09:30:00-05:00
zscore_30,1.5:2.0,20,2771,5.7786911676742405e-05,4.240792179976971e-05,0.0017295425238981644,0.5196679898953447,1.3507758931793576,1.0,18,2025-08-06 09:30:00-04:00,2025-11-06 09:30:00-05:00
zscore_30,1.5:2.0,30,2771,0.00012945908069767555,0.00010697704272666364,0.002140126086882099,0.5424034644532659,3.136683507758932,2.75,18,2025-08-06 09:30:00-04:00,2025-11-06 09:30:00-05:00
zscore_30,1.5:2.0,60,2771,0.00028581863782222745,0.0002676687084985918,0.0028060926312579487,0.5730783110790328,6.854384698664742,6.5,18,2025-08-06 09:30:00-04:00,2025-11-06 09:30:00-05:00
zscore_30,2.0:2.5,1,1078,-1.9466240581284576e-05,-2.0825544856217792e-05,0.0003195490254663295,0.4461966604823748,-0.4775046382189239,-0.5,18,2025-08-06 09:30:00-04:00,2025-11-06 09:30:00-05:00
zscore_30,2.0:2.5,3,1078,-1.182097402164807e-05,-9.916118511643646e-06,0.0005916918572313189,0.48144712430426717,-0.30960111317254174,-0.25,18,2025-08-06 09:30:00-04:00,2025-11-06 09:30:00-05:00
zscore_30,2.0:2.5,5,1078,-2.433790994223321e-06,1.0542153225934214e-05,0.0007568239774794418,0.5102040816326531,-0.11085343228200371,0.25,18,2025-08-06 09:30:00-04:00,2025-11-06 09:30:00-05:00
zscore_30,2.0:2.5,10,1078,7.507342840569231e-05,2.1412328956138538e-05,0.001188855388835069,0.5120593692022264,1.797077922077922,0.5,18,2025-08-06 09:30:00-04:00,2025-11-06 09:30:00-05:00
zscore_30,2.0:2.5,20,1078,0.00014357492031124842,6.198960677317178e-05,0.001459975739490012,0.5333951762523191,3.418831168831169,1.5,18,2025-08-06 09:30:00-04:00,2025-11-06 09:30:00-05:00
zscore_30,2.0:2.5,30,1078,0.00015697995754965623,0.00014546288284555953,0.002135978707186699,0.5435992578849722,3.693413729128015,3.5,18,2025-08-06 09:30:00-04:00,2025-11-06 09:30:00-05:00
zscore_30,2.0:2.5,60,1078,0.0001330991023289801,0.0002397164025824683,0.0028698179293926893,0.5426716141001855,2.918599257884972,5.75,18,2025-08-06 09:30:00-04:00,2025-11-06 09:30:00-05:00
zscore_30,<=-2.5,1,567,1.7756431875438477e-06,3.842311534629772e-05,0.0005964849009862147,0.544973544973545,0.003968253968253968,1.0,18,2025-08-06 09:30:00-04:00,2025-11-06 09:30:00-05:00
zscore_30,<=-2.5,3,567,-1.792833912682421e-05,9.455867365693038e-05,0.0010198077112939267,0.5502645502645502,-0.5564373897707231,2.25,18,2025-08-06 09:30:00-04:00,2025-11-06 09:30:00-05:00
zscore_30,<=-2.5,5,567,-2.137521532853566e-05,5.274261603371855e-05,0.0012901278624947161,0.5220458553791887,-0.7173721340388007,1.25,18,2025-08-06 09:30:00-04:00,2025-11-06 09:30:00-05:00
zscore_30,<=-2.5,10,567,0.00026347368353060393,0.00016569150313250347,0.002668705798998747,0.5679012345679012,6.204144620811287,4.0,18,2025-08-06 09:30:00-04:00,2025-11-06 09:30:00-05:00
zscore_30,<=-2.5,20,567,0.0002967451256212934,0.00017956903431759486,0.002993819119043844,0.5502645502645502,7.149911816578483,4.5,18,2025-08-06 09:30:00-04:00,2025-11-06 09:30:00-05:00
zscore_30,<=-2.5,30,567,0.00043932482024170024,0.00022964749110121474,0.0035687982068675276,0.562610229276896,10.628306878306878,5.5,18,2025-08-06 09:30:00-04:00,2025-11-06 09:30:00-05:00
zscore_30,<=-2.5,60,566,0.0002924329365239745,0.00029003991928244766,0.003950099582505855,0.5512367491166078,6.825971731448763,7.0,18,2025-08-06 09:30:00-04:00,2025-11-06 09:30:00-05:00
zscore_30,>=2.5,1,473,7.000605649953158e-06,-9.618621651497072e-06,0.00043934983329620446,0.48625792811839325,0.14957716701902748,-0.25,18,2025-08-06 09:30:00-04:00,2025-11-06 09:30:00-05:00
zscore_30,>=2.5,3,473,-7.275074252251409e-05,-5.9166929630816156e-05,0.0007934585476518641,0.427061310782241,-1.8372093023255813,-1.5,18,2025-08-06 09:30:00-04:00,2025-11-06 09:30:00-05:00
zscore_30,>=2.5,5,473,-8.887506158388787e-05,-8.115071716940925e-05,0.001111020253033517,0.42917547568710357,-2.1802325581395348,-2.0,18,2025-08-06 09:30:00-04:00,2025-11-06 09:30:00-05:00
zscore_30,>=2.5,10,473,-0.00013747808671021324,-6.0370675950327524e-05,0.0016586722996800882,0.45454545454545453,-3.474630021141649,-1.5,18,2025-08-06 09:30:00-04:00,2025-11-06 09:30:00-05:00
zscore_30,>=2.5,20,473,-3.821304887856634e-05,9.625287555437012e-06,0.0018284644746031818,0.5010570824524313,-1.1083509513742071,0.25,18,2025-08-06 09:30:00-04:00,2025-11-06 09:30:00-05:00
zscore_30,>=2.5,30,473,0.00021839887077103228,0.0002555175828036216,0.0027284305005406987,0.5835095137420718,5.22093023255814,6.0,18,2025-08-06 09:30:00-04:00,2025-11-06 09:30:00-05:00
zscore_30,>=2.5,60,473,0.0002911391747185601,0.00026616414875380023,0.0034445201063412123,0.5496828752642706,6.680232558139535,6.5,18,2025-08-06 09:30:00-04:00,2025-11-06 09:30:00-05:00
zscore_60,-1.0:0,1,6317,7.192040820008164e-06,1.0032807279847233e-05,0.0004969227958679444,0.507519392116511,0.17167959474434066,0.25,18,2025-08-06 09:30:00-04:00,2025-11-06 09:30:00-05:00
zscore_60,-1.0:0,3,6317,1.4116350059442888e-05,2.1010389637643456e-05,0.0008533412934329527,0.5217666613899002,0.32843913249960427,0.5,18,2025-08-06 09:30:00-04:00,2025-11-06 09:30:00-05:00
zscore_60,-1.0:0,5,6317,1.6507627394837955e-05,3.150565526510718e-05,0.0011459909272091655,0.5295235079943011,0.36006015513693207,0.75,18,2025-08-06 09:30:00-04:00,2025-11-06 09:30:00-05:00
zscore_60,-1.0:0,10,6315,3.947517428514944e-05,4.1203980304604926e-05,0.0016782530331924206,0.5274742676167854,0.9117577197149643,1.0,18,2025-08-06 09:30:00-04:00,2025-11-06 09:30:00-05:00
zscore_60,-1.0:0,20,6305,6.703814563362262e-05,4.208311415054844e-05,0.0023207268070242694,0.519746233148295,1.5795400475812846,1.0,18,2025-08-06 09:30:00-04:00,2025-11-06 09:30:00-05:00
zscore_60,-1.0:0,30,6295,9.898406456939252e-05,9.104243589086458e-05,0.0028686935216779546,0.5315329626687848,2.398689436060365,2.25,18,2025-08-06 09:30:00-04:00,2025-11-06 09:30:00-05:00
zscore_60,-1.0:0,60,6289,0.00017378563296606544,0.0002613504500454944,0.004052646463328993,0.5487358880585149,4.143663539513436,6.25,18,2025-08-06 09:30:00-04:00,2025-11-06 09:30:00-05:00
zscore_60,-1.5:-1.0,1,2728,-6.852646065139158e-06,0.0,0.00039325948315605436,0.48533724340175954,-0.16816348973607037,0.0,18,2025-08-06 09:30:00-04:00,2025-11-06 09:30:00-05:00
zscore_60,-1.5:-1.0,3,2728,-3.093462571152973e-07,1.0427183041117338e-05,0.0007999127427313267,0.5054985337243402,-0.010722140762463342,0.25,18,2025-08-06 09:30:00-04:00,2025-11-06 09:30:00-05:00
zscore_60,-1.5:-1.0,5,2728,9.711454806607352e-06,1.0517248925423495e-05,0.0010134961798437792,0.5047653958944281,0.23368768328445746,0.25,18,2025-08-06 09:30:00-04:00,2025-11-06 09:30:00-05:00
zscore_60,-1.5:-1.0,10,2728,2.161621426551072e-05,4.9656772890704914e-05,0.0014754568487418964,0.5227272727272727,0.4967008797653959,1.25,18,2025-08-06 09:30:00-04:00,2025-11-06 09:30:00-05:00
zscore_60,-1.5:-1.0,20,2728,6.292606692914426e-05,8.900512079679235e-05,0.0020125923183304216,0.5348240469208211,1.4506048387096775,2.25,18,2025-08-06 09:30:00-04:00,2025-11-06 09:30:00-05:00
zscore_60,-1.5:-1.0,30,2728,6.070151767304259e-05,0.00011354237068572637,0.0024037008359855533,0.531891495601173,1.342283724340176,2.75,18,2025-08-06 09:30:00-04:00,2025-11-06 09:30:00-05:00
zscore_60,-1.5:-1.0,60,2721,0.00016295667212191733,0.00011556806959300836,0.0035286549183539406,0.5156192576258728,4.068540977581772,2.75,18,2025-08-06 09:30:00-04:00,2025-11-06 09:30:00-05:00
zscore_60,-2.0:-1.5,1,2097,7.120462505116701e-06,1.9055241144094737e-05,0.00044269234500747995,0.5164520743919886,0.16535526943252266,0.5,18,2025-08-06 09:30:00-04:00,2025-11-06 09:30:00-05:00
zscore_60,-2.0:-1.5,3,2097,4.73516282308345e-06,0.0,0.0007239066879820156,0.4949928469241774,0.1002622794468288,0.0,18,2025-08-06 09:30:00-04:00,2025-11-06 09:30:00-05:00
zscore_60,-2.0:-1.5,5,2097,1.075666246793307e-05,9.974266392598352e-06,0.0009762538387195,0.5035765379113019,0.2466618979494516,0.25,18,2025-08-06 09:30:00-04:00,2025-11-06 09:30:00-05:00
zscore_60,-2.0:-1.5,10,2097,1.5899151312917984e-05,3.03336703741941e-05,0.0013664644846664402,0.5135908440629471,0.36170720076299473,0.75,18,2025-08-06 09:30:00-04:00,2025-11-06 09:30:00-05:00
zscore_60,-2.0:-1.5,20,2097,9.90130034383854e-05,0.00010611103072388772,0.0019515786043859896,0.5326657129232236,2.3642107773009062,2.5,18,2025-08-06 09:30:00-04:00,2025-11-06 09:30:00-05:00
zscore_60,-2.0:-1.5,30,2097,0.00017411463898791622,0.0001700680272109789,0.0021876399426548703,0.5569861707200763,4.151883643299953,4.25,18,2025-08-06 09:30:00-04:00,2025-11-06 09:30:00-05:00
zscore_60,-2.0:-1.5,60,2086,0.0003550738410641365,0.0003248151245367481,0.003133024087423926,0.5627996164908916,8.71440556088207,8.0,18,2025-08-06 09:30:00-04:00,2025-11-06 09:30:00-05:00
zscore_60,-2.5:-2.0,1,1020,1.5247767299177178e-05,2.017498603068546e-05,0.0004618577198403728,0.5196078431372549,0.37916666666666665,0.5,18,2025-08-06 09:30:00-04:00,2025-11-06 09:30:00-05:00
zscore_60,-2.5:-2.0,3,1020,1.6746091530671983e-05,3.180223823484596e-05,0.0007922662266714765,0.5215686274509804,0.42573529411764705,0.75,18,2025-08-06 09:30:00-04:00,2025-11-06 09:30:00-05:00
zscore_60,-2.5:-2.0,5,1020,1.3052340268181168e-05,4.0981409356266596e-05,0.0010071356688624528,0.5215686274509804,0.3125,1.0,18,2025-08-06 09:30:00-04:00,2025-11-06 09:30:00-05:00
zscore_60,-2.5:-2.0,10,1020,2.5872309511139146e-05,6.930026442841797e-05,0.001397868875658921,0.5303921568627451,0.6132352941176471,1.75,18,2025-08-06 09:30:00-04:00,2025-11-06 09:30:00-05:00
zscore_60,-2.5:-2.0,20,1020,0.00011051006554127039,0.00018339484028362385,0.001991637535188642,0.557843137254902,2.6174019607843135,4.5,18,2025-08-06 09:30:00-04:00,2025-11-06 09:30:00-05:00
zscore_60,-2.5:-2.0,30,1020,0.00024444690632046816,0.00029271864682089976,0.002203537650665563,0.5882352941176471,5.881862745098039,7.25,18,2025-08-06 09:30:00-04:00,2025-11-06 09:30:00-05:00
zscore_60,-2.5:-2.0,60,1017,0.0003178713331418089,0.0004299856345708619,0.003345842768414351,0.5801376597836775,7.838003933136677,11.0,18,2025-08-06 09:30:00-04:00,2025-11-06 09:30:00-05:00
zscore_60,0:1.0,1,7729,9.808780401364614e-06,0.0,0.0004244579088431064,0.4957950575753655,0.2418165351274421,0.0,18,2025-08-06 09:30:00-04:00,2025-11-06 09:30:00-05:00
zscore_60,0:1.0,3,7727,2.1331093970992418e-05,0.0,0.000801290634872177,0.49786463051637114,0.5300569431862301,0.0,18,2025-08-06 09:30:00-04:00,2025-11-06 09:30:00-05:00
zscore_60,0:1.0,5,7725,2.807143784819414e-05,9.993304485922394e-06,0.0010211791117371092,0.5035598705501618,0.7079288025889967,0.25,18,2025-08-06 09:30:00-04:00,2025-11-06 09:30:00-05:00
zscore_60,0:1.0,10,7722,3.6799793325172154e-05,2.8776013127007616e-05,0.0013370027224642465,0.516058016058016,0.9009971509971509,0.75,18,2025-08-06 09:30:00-04:00,2025-11-06 09:30:00-05:00
zscore_60,0:1.0,20,7722,6.75831408006058e-05,5.9326430751127646e-05,0.0019527703084600428,0.5315980315980317,1.5841103341103342,1.5,18,2025-08-06 09:30:00-04:00,2025-11-06 09:30:00-05:00
zscore_60,0:1.0,30,7722,3.9511218456272774e-05,7.991138804819276e-05,0.0024115873486861435,0.5293965293965294,0.8238150738150738,2.0,18,2025-08-06 09:30:00-04:00,2025-11-06 09:30:00-05:00
zscore_60,0:1.0,60,7722,0.00020960462135017035,0.0002716875224488824,0.0033155435214335983,0.569023569023569,4.820933695933696,6.75,18,2025-08-06 09:30:00-04:00,2025-11-06 09:30:00-05:00
zscore_60,1.0:1.5,1,4111,-6.426265781966892e-06,0.0,0.0004501738344173007,0.48333738749695937,-0.15574069569447824,0.0,18,2025-08-06 09:30:00-04:00,2025-11-06 09:30:00-05:00
zscore_60,1.0:1.5,3,4111,1.3143325514633352e-06,9.870596480165972e-06,0.0005920803973252896,0.5018243736317197,0.04104840671369497,0.25,18,2025-08-06 09:30:00-04:00,2025-11-06 09:30:00-05:00
zscore_60,1.0:1.5,5,4111,1.617781123642869e-05,9.875080235088873e-06,0.0007527381202845957,0.5015811238141571,0.3984432011675991,0.25,18,2025-08-06 09:30:00-04:00,2025-11-06 09:30:00-05:00
zscore_60,1.0:1.5,10,4111,2.1273226656844106e-05,1.0113780025244878e-05,0.001137784656524816,0.5062028703478473,0.5252979810265143,0.25,18,2025-08-06 09:30:00-04:00,2025-11-06 09:30:00-05:00
zscore_60,1.0:1.5,20,4111,4.154095994131599e-05,3.147458427310568e-05,0.0016528919346015672,0.5125273656044758,1.0521770858671855,0.75,18,2025-08-06 09:30:00-04:00,2025-11-06 09:30:00-05:00
zscore_60,1.0:1.5,30,4111,0.00012019772443151692,0.00010005603137752672,0.00197675331763985,0.5441498418876186,2.965580150814887,2.5,18,2025-08-06 09:30:00-04:00,2025-11-06 09:30:00-05:00
zscore_60,1.0:1.5,60,4111,0.0002308713493667469,0.00024134069583348072,0.0028147062121842916,0.5633665774750669,5.524142544393092,6.0,18,2025-08-06 09:30:00-04:00,2025-11-06 09:30:00-05:00
zscore_60,1.5:2.0,1,2666,3.810156548178545e-07,0.0,0.00031101571259165874,0.49624906226556637,0.0167854463615904,0.0,18,2025-08-06 09:30:00-04:00,2025-11-06 09:30:00-05:00
zscore_60,1.5:2.0,3,2666,4.330634280649885e-06,1.9746091496353202e-05,0.0005190660241118706,0.5131282820705176,0.11243435858964741,0.5,18,2025-08-06 09:30:00-04:00,2025-11-06 09:30:00-05:00
zscore_60,1.5:2.0,5,2666,6.591914565962374e-06,2.122647789826182e-05,0.0006430597391087158,0.5195048762190547,0.18454613653413354,0.5,18,2025-08-06 09:30:00-04:00,2025-11-06 09:30:00-05:00
zscore_60,1.5:2.0,10,2666,2.8450785806583496e-05,3.143512881398358e-05,0.000991428760234819,0.5168792198049512,0.709489872468117,0.75,18,2025-08-06 09:30:00-04:00,2025-11-06 09:30:00-05:00
zscore_60,1.5:2.0,20,2666,7.580016914828919e-05,6.94746514089406e-05,0.0014072740927921013,0.5367591897974494,1.9035071267816954,1.75,18,2025-08-06 09:30:00-04:00,2025-11-06 09:30:00-05:00
zscore_60,1.5:2.0,30,2666,0.00013186076382413632,0.00011457378577894861,0.0015995292942437712,0.5476369092273068,3.301575393848462,2.75,18,2025-08-06 09:30:00-04:00,2025-11-06 09:30:00-05:00
zscore_60,1.5:2.0,60,2666,0.00024194756610022465,0.0002103415393726049,0.0022529626969021435,0.5581395348837209,5.912509377344336,5.125,18,2025-08-06 09:30:00-04:00,2025-11-06 09:30:00-05:00
zscore_60,2.0:2.5,1,1249,-8.213931505641101e-06,0.0,0.0003391882140428395,0.4843875100080064,-0.22157726180944756,0.0,18,2025-08-06 09:30:00-04:00,2025-11-06 09:30:00-05:00
zscore_60,2.0:2.5,3,1249,-2.4459065409892903e-05,-9.901382233001854e-06,0.0005591346893101737,0.4795836669335468,-0.6285028022417934,-0.25,18,2025-08-06 09:30:00-04:00,2025-11-06 09:30:00-05:00
zscore_60,2.0:2.5,5,1249,-3.247697109974891e-05,-1.933749734106538e-05,0.0007006771315043853,0.4803843074459568,-0.826861489191353,-0.5,18,2025-08-06 09:30:00-04:00,2025-11-06 09:30:00-05:00
zscore_60,2.0:2.5,10,1249,2.0821613239710788e-05,2.093670833080985e-05,0.0009243430633138391,0.5092073658927142,0.449759807846277,0.5,18,2025-08-06 09:30:00-04:00,2025-11-06 09:30:00-05:00
zscore_60,2.0:2.5,20,1249,8.963362059116888e-05,4.2539615016545795e-05,0.001379935165023899,0.5284227381905524,2.084267413931145,1.0,18,2025-08-06 09:30:00-04:00,2025-11-06 09:30:00-05:00
zscore_60,2.0:2.5,30,1249,0.00015152452807442769,0.0001086838387132083,0.0017532972723879505,0.5404323458767014,3.6002802241793437,2.75,18,2025-08-06 09:30:00-04:00,2025-11-06 09:30:00-05:00
zscore_60,2.0:2.5,60,1249,0.00018025530743394382,0.00023671562220184406,0.002619550145393771,0.5532425940752602,4.190752602081665,5.75,18,2025-08-06 09:30:00-04:00,2025-11-06 09:30:00-05:00
zscore_60,<=-2.5,1,830,2.2377844043499416e-05,2.127280376773566e-05,0.0011105797138217352,0.516867469879518,0.49849397590361444,0.5,18,2025-08-06 09:30:00-04:00,2025-11-06 09:30:00-05:00
zscore_60,<=-2.5,3,830,9.432547673029332e-05,5.616440079370122e-05,0.0019082972611536718,0.5301204819277109,2.1599397590361447,1.375,18,2025-08-06 09:30:00-04:00,2025-11-06 09:30:00-05:00
zscore_60,<=-2.5,5,830,0.0001743894219818513,7.767408065439962e-05,0.0023641517114581807,0.5397590361445783,4.075301204819277,1.875,18,2025-08-06 09:30:00-04:00,2025-11-06 09:30:00-05:00
zscore_60,<=-2.5,10,830,0.0003318785270006603,0.000186813396839014,0.0030826111938081304,0.5686746987951807,7.966867469879518,4.5,18,2025-08-06 09:30:00-04:00,2025-11-06 09:30:00-05:00
zscore_60,<=-2.5,20,830,0.0002572716507471797,0.00012524586900852785,0.003605334339751874,0.5614457831325301,6.25210843373494,3.0,18,2025-08-06 09:30:00-04:00,2025-11-06 09:30:00-05:00
zscore_60,<=-2.5,30,830,0.0003366972413902074,0.00021923096391285313,0.004277665320468673,0.553012048192771,8.10632530120482,5.25,18,2025-08-06 09:30:00-04:00,2025-11-06 09:30:00-05:00
zscore_60,<=-2.5,60,827,0.00023353911320028603,0.00021357481525785538,0.004592517326267942,0.5344619105199516,5.5438331318016925,5.25,18,2025-08-06 09:30:00-04:00,2025-11-06 09:30:00-05:00
zscore_60,>=2.5,1,712,-1.103918653889605e-05,-1.0480371326004878e-05,0.00044457407718460787,0.4747191011235955,-0.29178370786516855,-0.25,18,2025-08-06 09:30:00-04:00,2025-11-06 09:30:00-05:00
zscore_60,>=2.5,3,712,-3.3370679932247e-05,-3.830324161369081e-05,0.0008011699695417964,0.4550561797752809,-0.9090589887640449,-1.0,18,2025-08-06 09:30:00-04:00,2025-11-06 09:30:00-05:00
zscore_60,>=2.5,5,712,-5.311773607971855e-05,-2.9930921968290836e-05,0.0010239210781006866,0.4803370786516854,-1.4483848314606742,-0.75,18,2025-08-06 09:30:00-04:00,2025-11-06 09:30:00-05:00
zscore_60,>=2.5,10,712,-6.3026764599827e-05,-1.998570408762168e-05,0.0014000708760740941,0.48735955056179775,-1.7363061797752808,-0.5,18,2025-08-06 09:30:00-04:00,2025-11-06 09:30:00-05:00
zscore_60,>=2.5,20,712,4.822326581739479e-06,2.0590011358900817e-05,0.001717364629763707,0.5126404494382022,-0.22015449438202248,0.5,18,2025-08-06 09:30:00-04:00,2025-11-06 09:30:00-05:00
zscore_60,>=2.5,30,712,0.00024214647671528074,0.00015676258823393852,0.0023494562448486012,0.5519662921348315,5.510182584269663,3.875,18,2025-08-06 09:30:00-04:00,2025-11-06 09:30:00-05:00
zscore_60,>=2.5,60,712,0.00015414228058053734,0.0003865527869255647,0.003674814462359846,0.5660112359550562,2.962429775280899,9.75,18,2025-08-06 09:30:00-04:00,2025-11-06 09:30:00-05:00
zscore_30,-1.0:0,1,6379,-1.499832751837368e-06,0.0,0.0005197421153114701,0.4880075246903903,-0.038799184825207715,0.0,19,2025-11-06 09:30:00-05:00,2026-02-06 09:30:00-05:00
zscore_30,-1.0:0,3,6379,-1.4713220895299773e-05,0.0,0.0010044096402802912,0.48941840413857973,-0.377567016773789,0.0,19,2025-11-06 09:30:00-05:00,2026-02-06 09:30:00-05:00
zscore_30,-1.0:0,5,6379,-1.6798985355239447e-05,-9.711472162110546e-06,0.0012309867836118856,0.4898886972879762,-0.438274024141715,-0.25,19,2025-11-06 09:30:00-05:00,2026-02-06 09:30:00-05:00
zscore_30,-1.0:0,10,6379,1.940077633527239e-06,1.9443148234543628e-05,0.0016092576206029063,0.5069760150493808,0.029706850603542875,0.5,19,2025-11-06 09:30:00-05:00,2026-02-06 09:30:00-05:00
zscore_30,-1.0:0,20,6376,-5.695827210175068e-06,9.734728652732727e-06,0.0024865723227103635,0.502038895859473,-0.21494667503136763,0.25,19,2025-11-06 09:30:00-05:00,2026-02-06 09:30:00-05:00
zscore_30,-1.0:0,30,6376,-1.5069623282171444e-06,5.829770894372199e-05,0.0030409158179005883,0.5175658720200753,-0.1398604140526976,1.5,19,2025-11-06 09:30:00-05:00,2026-02-06 09:30:00-05:00
zscore_30,-1.0:0,60,6370,0.00010161875403004272,0.0001090605553336621,0.004461705716101414,0.5188383045525903,2.2957221350078494,2.75,19,2025-11-06 09:30:00-05:00,2026-02-06 09:30:00-05:00
zscore_30,-1.5:-1.0,1,3377,-2.3570628766986688e-05,0.0,0.0006636458495945962,0.48652650281314774,-0.5943144803079656,0.0,19,2025-11-06 09:30:00-05:00,2026-02-06 09:30:00-05:00
zscore_30,-1.5:-1.0,3,3375,-2.593200819001351e-05,0.0,0.000989134134533542,0.49748148148148147,-0.668,0.0,19,2025-11-06 09:30:00-05:00,2026-02-06 09:30:00-05:00
zscore_30,-1.5:-1.0,5,3374,-3.951661922573964e-05,0.0,0.0012794978204385306,0.489922940130409,-1.0062981624184943,0.0,19,2025-11-06 09:30:00-05:00,2026-02-06 09:30:00-05:00
zscore_30,-1.5:-1.0,10,3369,-7.511883503542966e-05,-9.974465368656205e-06,0.0017466267832399191,0.4885722766399525,-1.9006381715642624,-0.25,19,2025-11-06 09:30:00-05:00,2026-02-06 09:30:00-05:00
zscore_30,-1.5:-1.0,20,3365,-0.00010368726862203645,0.0,0.0024658319170219323,0.49925705794947994,-2.6280832095096582,0.0,19,2025-11-06 09:30:00-05:00,2026-02-06 09:30:00-05:00
zscore_30,-1.5:-1.0,30,3362,-3.826731669812104e-06,9.755383947607221e-05,0.0030901195455193234,0.5246876859012493,-0.11964604402141582,2.5,19,2025-11-06 09:30:00-05:00,2026-02-06 09:30:00-05:00
zscore_30,-1.5:-1.0,60,3350,-0.00010876897069747847,7.860012447402642e-05,0.004287159128381064,0.5104477611940299,-2.8819402985074625,2.0,19,2025-11-06 09:30:00-05:00,2026-02-06 09:30:00-05:00
zscore_30,-2.0:-1.5,1,2357,2.128381553386723e-05,9.813446384177027e-06,0.0006126654887431558,0.5108188375053033,0.5261985574883327,0.25,19,2025-11-06 09:30:00-05:00,2026-02-06 09:30:00-05:00
zscore_30,-2.0:-1.5,3,2357,-6.783914227378782e-06,9.660715665882336e-06,0.0010455722407154316,0.5014849384811201,-0.1857233771743742,0.25,19,2025-11-06 09:30:00-05:00,2026-02-06 09:30:00-05:00
zscore_30,-2.0:-1.5,5,2356,-2.4253129036204915e-05,0.0,0.001351561969768019,0.49575551782682514,-0.6245755517826825,0.0,19,2025-11-06 09:30:00-05:00,2026-02-06 09:30:00-05:00
zscore_30,-2.0:-1.5,10,2356,-7.586248650646227e-05,-9.596607790096634e-06,0.0018791135902760175,0.4953310696095076,-1.9247665534804754,-0.25,19,2025-11-06 09:30:00-05:00,2026-02-06 09:30:00-05:00
zscore_30,-2.0:-1.5,20,2353,-9.760400934753759e-05,4.871822353869071e-05,0.0025819577680610815,0.5104122396940076,-2.473756906077348,1.25,19,2025-11-06 09:30:00-05:00,2026-02-06 09:30:00-05:00
zscore_30,-2.0:-1.5,30,2348,-0.00011714581995799018,6.784487135613748e-05,0.0031814801070873134,0.514480408858603,-2.979876490630324,1.75,19,2025-11-06 09:30:00-05:00,2026-02-06 09:30:00-05:00
zscore_30,-2.0:-1.5,60,2344,-0.0003128208221766342,-1.9326006729658562e-05,0.004745502286829994,0.49573378839590443,-7.971949658703072,-0.5,19,2025-11-06 09:30:00-05:00,2026-02-06 09:30:00-05:00
zscore_30,-2.5:-2.0,1,1095,6.4395793702397e-06,1.9460932178638757e-05,0.0005263510839500613,0.5242009132420091,0.15502283105022832,0.5,19,2025-11-06 09:30:00-05:00,2026-02-06 09:30:00-05:00
zscore_30,-2.5:-2.0,3,1095,-9.90976081199735e-06,9.722046685256558e-06,0.0009228131481206261,0.5041095890410959,-0.26118721461187216,0.25,19,2025-11-06 09:30:00-05:00,2026-02-06 09:30:00-05:00
zscore_30,-2.5:-2.0,5,1095,2.619286691565202e-05,9.720345655495066e-06,0.001250700494231936,0.5031963470319635,0.6509132420091325,0.25,19,2025-11-06 09:30:00-05:00,2026-02-06 09:30:00-05:00
zscore_30,-2.5:-2.0,10,1095,-3.61657417545139e-05,0.0,0.0017297545402788473,0.4968036529680365,-0.9351598173515981,0.0,19,2025-11-06 09:30:00-05:00,2026-02-06 09:30:00-05:00
zscore_30,-2.5:-2.0,20,1095,-8.167901275238956e-05,2.009666495839113e-05,0.0025050492168682487,0.5105022831050229,-2.0794520547945203,0.5,19,2025-11-06 09:30:00-05:00,2026-02-06 09:30:00-05:00
zscore_30,-2.5:-2.0,30,1093,-0.0001958336774663139,1.983359612856006e-05,0.0032440306867858983,0.5022872827081427,-5.04711802378774,0.5,19,2025-11-06 09:30:00-05:00,2026-02-06 09:30:00-05:00
zscore_30,-2.5:-2.0,60,1091,-0.0003598291978646013,-0.00023888440980623926,0.004263089342976146,0.4692942254812099,-9.264436296975251,-6.0,19,2025-11-06 09:30:00-05:00,2026-02-06 09:30:00-05:00
zscore_30,0:1.0,1,6782,-4.708458185451812e-06,0.0,0.0005807990562030638,0.48805662046593923,-0.12249336478914774,0.0,19,2025-11-06 09:30:00-05:00,2026-02-06 09:30:00-05:00
zscore_30,0:1.0,3,6782,7.463158748009145e-07,0.0,0.0009743297669897715,0.4942494839280448,0.00939988204069596,0.0,19,2025-11-06 09:30:00-05:00,2026-02-06 09:30:00-05:00
zscore_30,0:1.0,5,6782,-7.807301925495678e-06,0.0,0.0013107703385559276,0.4963137717487467,-0.2155337658507815,0.0,19,2025-11-06 09:30:00-05:00,2026-02-06 09:30:00-05:00
zscore_30,0:1.0,10,6782,-3.685763542669615e-05,-1.9185287471912282e-05,0.0017801062326532784,0.4874668239457387,-0.970620760837511,-0.5,19,2025-11-06 09:30:00-05:00,2026-02-06 09:30:00-05:00
zscore_30,0:1.0,20,6782,-1.1053015892754573e-05,0.0,0.002474051065087151,0.49985255086994984,-0.3560159245060454,0.0,19,2025-11-06 09:30:00-05:00,2026-02-06 09:30:00-05:00
zscore_30,0:1.0,30,6782,-7.216920838763674e-05,-1.953726161940672e-05,0.003035229744920547,0.4902683574166912,-1.947876732527278,-0.5,19,2025-11-06 09:30:00-05:00,2026-02-06 09:30:00-05:00
zscore_30,0:1.0,60,6778,-0.000134988883930573,3.8755493703468424e-05,0.004438336332027529,0.5064915904396577,-3.6863750368840367,1.0,19,2025-11-06 09:30:00-05:00,2026-02-06 09:30:00-05:00
zscore_30,1.0:1.5,1,3559,2.9870927578387964e-06,0.0,0.00047349015659144827,0.4964877774655802,0.06799662826636696,0.0,19,2025-11-06 09:30:00-05:00,2026-02-06 09:30:00-05:00
zscore_30,1.0:1.5,3,3559,-4.085981685536528e-06,0.0,0.0009087790998987647,0.49227311042427646,-0.12046923293059848,0.0,19,2025-11-06 09:30:00-05:00,2026-02-06 09:30:00-05:00
zscore_30,1.0:1.5,5,3559,-1.3131925777560974e-05,-9.706381946084086e-06,0.001121010576277277,0.4897443101994942,-0.35901938746839,-0.25,19,2025-11-06 09:30:00-05:00,2026-02-06 09:30:00-05:00
zscore_30,1.0:1.5,10,3559,9.421073289577769e-06,-9.682979259073576e-06,0.0017269075852390852,0.49114919921326217,0.1827760606912054,-0.25,19,2025-11-06 09:30:00-05:00,2026-02-06 09:30:00-05:00
zscore_30,1.0:1.5,20,3559,-4.28602091912988e-05,-3.904724716907726e-05,0.0024195775510514835,0.4832818207361618,-1.1916268614779433,-1.0,19,2025-11-06 09:30:00-05:00,2026-02-06 09:30:00-05:00
zscore_30,1.0:1.5,30,3559,-7.430515544694472e-05,-4.8861526434129665e-05,0.0029188166872629413,0.4776622646810902,-2.0226889575723517,-1.25,19,2025-11-06 09:30:00-05:00,2026-02-06 09:30:00-05:00
zscore_30,1.0:1.5,60,3559,-0.00014388910688862357,0.00011730893307526635,0.004542447563726694,0.5245855577409385,-3.9068558583871873,3.0,19,2025-11-06 09:30:00-05:00,2026-02-06 09:30:00-05:00
zscore_30,1.5:2.0,1,2293,-6.17677281281709e-07,0.0,0.0004751046354513438,0.4971652856519843,-0.013301351940689054,0.0,19,2025-11-06 09:30:00-05:00,2026-02-06 09:30:00-05:00
zscore_30,1.5:2.0,3,2293,9.078373450239125e-06,1.9886843858341052e-05,0.0007739403980754007,0.5176624509376363,0.2239424334932403,0.5,19,2025-11-06 09:30:00-05:00,2026-02-06 09:30:00-05:00
zscore_30,1.5:2.0,5,2293,3.9389497294337476e-05,9.68429207826027e-06,0.001008613131235503,0.5032708242477104,0.9721979938944614,0.25,19,2025-11-06 09:30:00-05:00,2026-02-06 09:30:00-05:00
zscore_30,1.5:2.0,10,2293,8.9650821217548e-05,-1.942143543831598e-05,0.0017097219802501686,0.4858264282599215,2.2017008286088093,-0.5,19,2025-11-06 09:30:00-05:00,2026-02-06 09:30:00-05:00
zscore_30,1.5:2.0,20,2293,1.001291345465221e-05,-8.014104824494162e-05,0.002377990696705359,0.4714348015699956,0.14991277802006106,-2.0,19,2025-11-06 09:30:00-05:00,2026-02-06 09:30:00-05:00
zscore_30,1.5:2.0,30,2293,-2.5693081804605525e-05,-2.9393609829231337e-05,0.0028731780205162355,0.481901439162669,-0.7878325337985173,-0.75,19,2025-11-06 09:30:00-05:00,2026-02-06 09:30:00-05:00
zscore_30,1.5:2.0,60,2291,-5.960946213589284e-05,6.806160547601081e-05,0.0038923502221755663,0.5185508511567001,-1.6667394151025754,1.75,19,2025-11-06 09:30:00-05:00,2026-02-06 09:30:00-05:00
zscore_30,2.0:2.5,1,1008,-2.0552288480027524e-05,9.663191236408686e-06,0.00042612572362942387,0.5009920634920635,-0.5262896825396826,0.25,19,2025-11-06 09:30:00-05:00,2026-02-06 09:30:00-05:00
zscore_30,2.0:2.5,3,1008,-1.5464754797836534e-05,9.802240487410963e-06,0.0007559781273712313,0.5049603174603174,-0.4055059523809524,0.25,19,2025-11-06 09:30:00-05:00,2026-02-06 09:30:00-05:00
zscore_30,2.0:2.5,5,1008,-3.9878489016966715e-06,1.9345831756667486e-05,0.0009502008775544509,0.5059523809523809,-0.11755952380952381,0.5,19,2025-11-06 09:30:00-05:00,2026-02-06 09:30:00-05:00
zscore_30,2.0:2.5,10,1008,1.2527333363274536e-05,-3.85724897679629e-05,0.0012760723869355511,0.4781746031746032,0.2648809523809524,-1.0,19,2025-11-06 09:30:00-05:00,2026-02-06 09:30:00-05:00
zscore_30,2.0:2.5,20,1008,3.831880805819469e-05,-4.8679582542954236e-05,0.001983152120020197,0.48214285714285715,0.8596230158730159,-1.25,19,2025-11-06 09:30:00-05:00,2026-02-06 09:30:00-05:00
zscore_30,2.0:2.5,30,1008,0.00011782231297325293,3.9768320172828275e-05,0.0027737956453686404,0.5138888888888888,2.8115079365079363,1.0,19,2025-11-06 09:30:00-05:00,2026-02-06 09:30:00-05:00
zscore_30,2.0:2.5,60,1008,0.00032051409711307104,0.0001826265101352309,0.0037337860805547363,0.5426587301587301,7.948164682539683,4.75,19,2025-11-06 09:30:00-05:00,2026-02-06 09:30:00-05:00
zscore_30,<=-2.5,1,579,3.323245310377097e-05,3.891997080995857e-05,0.0006145006174627169,0.533678756476684,0.8406735751295337,1.0,19,2025-11-06 09:30:00-05:00,2026-02-06 09:30:00-05:00
zscore_30,<=-2.5,3,579,0.00020052439969971464,0.00012682060737323475,0.0012475197496387505,0.5837651122625216,5.0764248704663215,3.25,19,2025-11-06 09:30:00-05:00,2026-02-06 09:30:00-05:00
zscore_30,<=-2.5,5,579,0.00022376043395407324,0.00020529063288177163,0.001529683604084755,0.5889464594127807,5.637737478411053,5.25,19,2025-11-06 09:30:00-05:00,2026-02-06 09:30:00-05:00
zscore_30,<=-2.5,10,579,0.00019716553618794695,0.00017804858748116104,0.002365490815402666,0.5595854922279793,4.898963730569948,4.5,19,2025-11-06 09:30:00-05:00,2026-02-06 09:30:00-05:00
zscore_30,<=-2.5,20,579,0.00011595239829620695,0.00021747081442824445,0.003211121495190143,0.5492227979274611,2.7819516407599307,5.5,19,2025-11-06 09:30:00-05:00,2026-02-06 09:30:00-05:00
zscore_30,<=-2.5,30,579,-7.908467769005505e-07,0.0002769863880975887,0.003692471115683119,0.5595854922279793,-0.24568221070811744,7.0,19,2025-11-06 09:30:00-05:00,2026-02-06 09:30:00-05:00
zscore_30,<=-2.5,60,579,-9.253096923523889e-05,7.773178647085821e-05,0.0043631520907738185,0.5181347150259067,-2.6951640759930915,2.0,19,2025-11-06 09:30:00-05:00,2026-02-06 09:30:00-05:00
zscore_30,>=2.5,1,440,2.616704730861957e-05,1.9325111653589744e-05,0.000866052839046941,0.509090909090909,0.6386363636363637,0.5,19,2025-11-06 09:30:00-05:00,2026-02-06 09:30:00-05:00
zscore_30,>=2.5,3,440,-8.408815060913637e-05,-6.777432372939707e-05,0.001175786403255347,0.4590909090909091,-2.1767045454545455,-1.75,19,2025-11-06 09:30:00-05:00,2026-02-06 09:30:00-05:00
zscore_30,>=2.5,5,440,-0.00015774619609215567,-8.809251037772414e-05,0.001378858999010401,0.42954545454545456,-4.052272727272728,-2.25,19,2025-11-06 09:30:00-05:00,2026-02-06 09:30:00-05:00
zscore_30,>=2.5,10,440,-0.0002214166460119238,-0.0001465867023366374,0.001871301552205895,0.42954545454545456,-5.734659090909091,-3.75,19,2025-11-06 09:30:00-05:00,2026-02-06 09:30:00-05:00
zscore_30,>=2.5,20,440,-0.00013549153380302675,-6.734785550394085e-05,0.002693216681909554,0.46136363636363636,-3.6204545454545456,-1.75,19,2025-11-06 09:30:00-05:00,2026-02-06 09:30:00-05:00
zscore_30,>=2.5,30,440,-8.314117564035676e-05,9.696219694377284e-06,0.003617895672797969,0.5068181818181818,-2.327272727272727,0.25,19,2025-11-06 09:30:00-05:00,2026-02-06 09:30:00-05:00
zscore_30,>=2.5,60,440,-9.497370110437956e-05,3.3027692691867117e-08,0.004407287449693295,0.5,-2.672159090909091,0.0,19,2025-11-06 09:30:00-05:00,2026-02-06 09:30:00-05:00
zscore_60,-1.0:0,1,6436,-5.77576513086253e-06,0.0,0.0005358496432357347,0.4911435674331883,-0.14484928527035426,0.0,19,2025-11-06 09:30:00-05:00,2026-02-06 09:30:00-05:00
zscore_60,-1.0:0,3,6436,-1.3543626017309155e-05,0.0,0.0009784641572649832,0.4897451833436917,-0.3458669981354879,0.0,19,2025-11-06 09:30:00-05:00,2026-02-06 09:30:00-05:00
zscore_60,-1.0:0,5,6436,-3.329113789019921e-05,-9.725119665016102e-06,0.0012344215864055193,0.4886575512740833,-0.8466438781852083,-0.25,19,2025-11-06 09:30:00-05:00,2026-02-06 09:30:00-05:00
zscore_60,-1.0:0,10,6436,-6.223305167573918e-05,-9.658710393878334e-06,0.0017234066459964944,0.4925419515226849,-1.5892635177128651,-0.25,19,2025-11-06 09:30:00-05:00,2026-02-06 09:30:00-05:00
zscore_60,-1.0:0,20,6436,-0.00013831611883474219,-2.0181635618676808e-05,0.0026883708003285533,0.48881292728402737,-3.5804070851460534,-0.5,19,2025-11-06 09:30:00-05:00,2026-02-06 09:30:00-05:00
zscore_60,-1.0:0,30,6436,-0.0001369234069939869,-1.9468415631773706e-05,0.0034209982250553456,0.49269732753262896,-3.6304381603480422,-0.5,19,2025-11-06 09:30:00-05:00,2026-02-06 09:30:00-05:00
zscore_60,-1.0:0,60,6427,6.619570769443384e-05,2.0214271275520446e-05,0.004550029494302475,0.5033452621751984,1.422553290804419,0.5,19,2025-11-06 09:30:00-05:00,2026-02-06 09:30:00-05:00
zscore_60,-1.5:-1.0,1,3102,-2.9353647294746025e-06,9.735060333304624e-06,0.0006629434097845463,0.5070921985815603,-0.07656350741457124,0.25,19,2025-11-06 09:30:00-05:00,2026-02-06 09:30:00-05:00
zscore_60,-1.5:-1.0,3,3100,3.7774685938939795e-06,9.767059075294071e-06,0.0010701612397211833,0.5058064516129033,0.08661290322580645,0.25,19,2025-11-06 09:30:00-05:00,2026-02-06 09:30:00-05:00
zscore_60,-1.5:-1.0,5,3099,4.1219863841152975e-06,0.0,0.0013502836434427918,0.4969344949983866,0.090432397547596,0.0,19,2025-11-06 09:30:00-05:00,2026-02-06 09:30:00-05:00
zscore_60,-1.5:-1.0,10,3098,-1.8448763414103587e-05,1.9411860412099635e-05,0.001811636689986205,0.5051646223369916,-0.480551969012266,0.5,19,2025-11-06 09:30:00-05:00,2026-02-06 09:30:00-05:00
zscore_60,-1.5:-1.0,20,3095,-5.34037536346529e-05,9.798926037696276e-06,0.0024137037874178906,0.502746365105008,-1.3952342487883684,0.25,19,2025-11-06 09:30:00-05:00,2026-02-06 09:30:00-05:00
zscore_60,-1.5:-1.0,30,3095,-2.760917013961635e-05,2.9601562962611183e-05,0.0027927253559886555,0.5069466882067851,-0.7531502423263328,0.75,19,2025-11-06 09:30:00-05:00,2026-02-06 09:30:00-05:00
zscore_60,-1.5:-1.0,60,3088,-1.922397328691723e-05,4.863009035460664e-06,0.0043152618152791835,0.5,-0.7329177461139896,0.125,19,2025-11-06 09:30:00-05:00,2026-02-06 09:30:00-05:00
zscore_60,-2.0:-1.5,1,2207,1.8260502935854564e-06,0.0,0.000541057284918801,0.48889895786135024,0.03715450838241957,0.0,19,2025-11-06 09:30:00-05:00,2026-02-06 09:30:00-05:00
zscore_60,-2.0:-1.5,3,2207,-1.203387946179134e-05,-9.654653060020557e-06,0.001081016459637085,0.4893520616221115,-0.3257816039873131,-0.25,19,2025-11-06 09:30:00-05:00,2026-02-06 09:30:00-05:00
zscore_60,-2.0:-1.5,5,2206,-4.888462620047364e-05,-9.666788524431702e-06,0.001420294595593058,0.4882139619220308,-1.2512466001813236,-0.25,19,2025-11-06 09:30:00-05:00,2026-02-06 09:30:00-05:00
zscore_60,-2.0:-1.5,10,2202,-0.00010527745233712552,-3.9010330472821764e-05,0.0018265997368796245,0.4782016348773842,-2.674273387829246,-1.0,19,2025-11-06 09:30:00-05:00,2026-02-06 09:30:00-05:00
zscore_60,-2.0:-1.5,20,2197,-0.00010080922433130103,-2.9850152235777472e-05,0.002352207481773792,0.48702776513427404,-2.5395994538006375,-0.75,19,2025-11-06 09:30:00-05:00,2026-02-06 09:30:00-05:00
zscore_60,-2.0:-1.5,30,2194,-0.00013824804265175536,2.9674766696796695e-05,0.002815719004194785,0.5072926162260711,-3.4966955332725616,0.75,19,2025-11-06 09:30:00-05:00,2026-02-06 09:30:00-05:00
zscore_60,-2.0:-1.5,60,2186,-0.00035846695981061835,-0.00015726023364204256,0.004218120412673011,0.47804208600182985,-9.241079597438244,-4.0,19,2025-11-06 09:30:00-05:00,2026-02-06 09:30:00-05:00
zscore_60,-2.5:-2.0,1,1149,-8.484181329572116e-06,9.655958209009441e-06,0.0006021584774260041,0.5039164490861618,-0.21736292428198434,0.25,19,2025-11-06 09:30:00-05:00,2026-02-06 09:30:00-05:00
zscore_60,-2.5:-2.0,3,1149,-4.5020095613923225e-05,9.670525206173508e-06,0.000952447812142783,0.5030461270670148,-1.1385987815491732,0.25,19,2025-11-06 09:30:00-05:00,2026-02-06 09:30:00-05:00
zscore_60,-2.5:-2.0,5,1149,-4.9798613427883955e-05,-9.911490390757116e-06,0.001272667458188159,0.4804177545691906,-1.2676240208877285,-0.25,19,2025-11-06 09:30:00-05:00,2026-02-06 09:30:00-05:00
zscore_60,-2.5:-2.0,10,1149,-7.11522981283053e-05,0.0,0.0017591353374627563,0.4969538729329852,-1.8139686684073106,0.0,19,2025-11-06 09:30:00-05:00,2026-02-06 09:30:00-05:00
zscore_60,-2.5:-2.0,20,1147,-3.037748559856839e-05,0.0001074617533849409,0.0024315704868788026,0.5318221447253705,-0.764821272885789,2.75,19,2025-11-06 09:30:00-05:00,2026-02-06 09:30:00-05:00
zscore_60,-2.5:-2.0,30,1142,-9.968701841179368e-07,0.00011855190699283646,0.002852112107760402,0.5341506129597198,0.005691768826619965,3.0,19,2025-11-06 09:30:00-05:00,2026-02-06 09:30:00-05:00
zscore_60,-2.5:-2.0,60,1137,-0.0004576470876244226,-0.00020498003884861227,0.004761219097842059,0.4687774846086192,-11.696350043975373,-5.25,19,2025-11-06 09:30:00-05:00,2026-02-06 09:30:00-05:00
zscore_60,0:1.0,1,6694,-3.5199167445577324e-06,0.0,0.0005619023391300749,0.48969226172691965,-0.09209740065730505,0.0,19,2025-11-06 09:30:00-05:00,2026-02-06 09:30:00-05:00
zscore_60,0:1.0,3,6694,-8.219895173798657e-06,9.629783019882154e-06,0.0009168512103115643,0.5004481625336122,-0.20906782193008663,0.25,19,2025-11-06 09:30:00-05:00,2026-02-06 09:30:00-05:00
zscore_60,0:1.0,5,6694,6.466137907862299e-06,1.0140190314200659e-05,0.001160602060825708,0.5097101882282641,0.15693158051986855,0.25,19,2025-11-06 09:30:00-05:00,2026-02-06 09:30:00-05:00
zscore_60,0:1.0,10,6694,4.4401963342436716e-05,1.9369803521684936e-05,0.001702646603348967,0.5082163131162235,1.0983716761278757,0.5,19,2025-11-06 09:30:00-05:00,2026-02-06 09:30:00-05:00
zscore_60,0:1.0,20,6694,0.00011548200319366836,4.930647437706437e-05,0.002482395008475568,0.5182252763668957,2.8576337018225275,1.25,19,2025-11-06 09:30:00-05:00,2026-02-06 09:30:00-05:00
zscore_60,0:1.0,30,6694,7.88113174166111e-05,8.790782468359737e-05,0.0031230818340116343,0.5261428144607111,1.8969599641469974,2.25,19,2025-11-06 09:30:00-05:00,2026-02-06 09:30:00-05:00
zscore_60,0:1.0,60,6694,8.558495254210536e-05,0.00020603226285409448,0.004340140295895658,0.5431729907379743,1.9939871526740365,5.25,19,2025-11-06 09:30:00-05:00,2026-02-06 09:30:00-05:00
zscore_60,1.0:1.5,1,3537,4.253120171945076e-07,0.0,0.00048773407017094466,0.4837432852700028,0.0026858919988690983,0.0,19,2025-11-06 09:30:00-05:00,2026-02-06 09:30:00-05:00
zscore_60,1.0:1.5,3,3537,4.628316435232698e-06,0.0,0.0009728302723043109,0.49279050042408823,0.074780887757987,0.0,19,2025-11-06 09:30:00-05:00,2026-02-06 09:30:00-05:00
zscore_60,1.0:1.5,5,3537,-8.896163673122992e-06,-1.9149751053215702e-05,0.0012882353043688487,0.4831778343228725,-0.28505795872208084,-0.5,19,2025-11-06 09:30:00-05:00,2026-02-06 09:30:00-05:00
zscore_60,1.0:1.5,10,3537,-1.2514719696576536e-05,-3.86406228868319e-05,0.0018173342951992538,0.47215154085383093,-0.41567712750918856,-1.0,19,2025-11-06 09:30:00-05:00,2026-02-06 09:30:00-05:00
zscore_60,1.0:1.5,20,3537,-7.325125133900139e-05,-3.876156790538765e-05,0.0023019139387431124,0.47837150127226463,-1.9761803788521346,-1.0,19,2025-11-06 09:30:00-05:00,2026-02-06 09:30:00-05:00
zscore_60,1.0:1.5,30,3537,-0.00010011745923132537,-1.9327219489606584e-05,0.0028546366139213745,0.49052869663556686,-2.669423240033927,-0.5,19,2025-11-06 09:30:00-05:00,2026-02-06 09:30:00-05:00
zscore_60,1.0:1.5,60,3537,-0.0003007615574776276,0.00012686392380367728,0.004432862869089728,0.5267175572519084,-7.913415323720667,3.25,19,2025-11-06 09:30:00-05:00,2026-02-06 09:30:00-05:00
zscore_60,1.5:2.0,1,2331,6.134962939667711e-06,9.760668410629947e-06,0.0005425879238071447,0.5070785070785071,0.15175890175890175,0.25,19,2025-11-06 09:30:00-05:00,2026-02-06 09:30:00-05:00
zscore_60,1.5:2.0,3,2331,7.525336818440748e-06,9.845717605205806e-06,0.0008094417899458309,0.5062205062205062,0.1867224367224367,0.25,19,2025-11-06 09:30:00-05:00,2026-02-06 09:30:00-05:00
zscore_60,1.5:2.0,5,2331,2.0699422875391448e-05,0.0,0.0010177798158550132,0.4972114972114972,0.4998927498927499,0.0,19,2025-11-06 09:30:00-05:00,2026-02-06 09:30:00-05:00
zscore_60,1.5:2.0,10,2331,-6.333565088992934e-06,0.0,0.0014428099351076061,0.49635349635349635,-0.2096739596739597,0.0,19,2025-11-06 09:30:00-05:00,2026-02-06 09:30:00-05:00
zscore_60,1.5:2.0,20,2331,-6.34066347733448e-05,-8.753416263851399e-05,0.0022220063517144704,0.4688974688974689,-1.6874731874731874,-2.25,19,2025-11-06 09:30:00-05:00,2026-02-06 09:30:00-05:00
zscore_60,1.5:2.0,30,2331,-9.3004732728791e-05,-0.00012557231999688057,0.0025454315035015377,0.4517374517374517,-2.469111969111969,-3.25,19,2025-11-06 09:30:00-05:00,2026-02-06 09:30:00-05:00
zscore_60,1.5:2.0,60,2331,-0.00029921873758567485,-3.909648033939561e-05,0.004229706897754056,0.48863148863148864,-7.79011154011154,-1.0,19,2025-11-06 09:30:00-05:00,2026-02-06 09:30:00-05:00
zscore_60,2.0:2.5,1,1024,9.163258721220412e-06,9.85795195018735e-06,0.0004520916589257142,0.515625,0.229248046875,0.25,19,2025-11-06 09:30:00-05:00,2026-02-06 09:30:00-05:00
zscore_60,2.0:2.5,3,1024,4.743791929261848e-05,1.950677162620984e-05,0.0007646268010010819,0.5126953125,1.201171875,0.5,19,2025-11-06 09:30:00-05:00,2026-02-06 09:30:00-05:00
zscore_60,2.0:2.5,5,1024,5.7623210239836744e-05,9.663101572132682e-06,0.0010053935578342406,0.50390625,1.461669921875,0.25,19,2025-11-06 09:30:00-05:00,2026-02-06 09:30:00-05:00
zscore_60,2.0:2.5,10,1024,6.893643614458325e-05,0.0,0.0014239961993627148,0.498046875,1.7236328125,0.0,19,2025-11-06 09:30:00-05:00,2026-02-06 09:30:00-05:00
zscore_60,2.0:2.5,20,1024,-9.933759155498177e-06,-6.822398414318975e-05,0.002046311375917901,0.4736328125,-0.28173828125,-1.75,19,2025-11-06 09:30:00-05:00,2026-02-06 09:30:00-05:00
zscore_60,2.0:2.5,30,1024,-5.3916914488820055e-05,-5.866260073122964e-05,0.002477637787858118,0.47265625,-1.41357421875,-1.5,19,2025-11-06 09:30:00-05:00,2026-02-06 09:30:00-05:00
zscore_60,2.0:2.5,60,1024,-4.214133736056634e-05,7.260027418409809e-05,0.0035746812849174396,0.51953125,-1.13427734375,1.875,19,2025-11-06 09:30:00-05:00,2026-02-06 09:30:00-05:00
zscore_60,<=-2.5,1,775,2.9798776077506006e-05,2.898970865339301e-05,0.0007086456178725903,0.5174193548387097,0.7467741935483871,0.75,19,2025-11-06 09:30:00-05:00,2026-02-06 09:30:00-05:00
zscore_60,<=-2.5,3,775,5.798364388433289e-05,4.816584463629425e-05,0.001169313265953706,0.5290322580645161,1.461290322580645,1.25,19,2025-11-06 09:30:00-05:00,2026-02-06 09:30:00-05:00
zscore_60,<=-2.5,5,775,8.866166921467362e-05,7.77642770353193e-05,0.0015277408987716657,0.5238709677419355,2.2170967741935486,2.0,19,2025-11-06 09:30:00-05:00,2026-02-06 09:30:00-05:00
zscore_60,<=-2.5,10,775,2.72642446132065e-05,-4.866748428045131e-05,0.0021830825957945494,0.4864516129032258,0.6238709677419355,-1.25,19,2025-11-06 09:30:00-05:00,2026-02-06 09:30:00-05:00
zscore_60,<=-2.5,20,775,-2.7112517394139035e-05,0.00011208363477033245,0.003061904911448729,0.5264516129032258,-0.8141935483870968,2.75,19,2025-11-06 09:30:00-05:00,2026-02-06 09:30:00-05:00
zscore_60,<=-2.5,30,773,-0.00016883428818246753,0.00020439547604689245,0.0036281981963962547,0.5446313065976714,-4.451487710219922,5.25,19,2025-11-06 09:30:00-05:00,2026-02-06 09:30:00-05:00
zscore_60,<=-2.5,60,772,-0.00031428441943212723,-3.9371491651229995e-05,0.004669980455292597,0.49222797927461137,-8.320272020725389,-1.0,19,2025-11-06 09:30:00-05:00,2026-02-06 09:30:00-05:00
zscore_60,>=2.5,1,614,-2.8259087235857957e-05,0.0,0.0006019366762522676,0.4837133550488599,-0.7316775244299675,0.0,19,2025-11-06 09:30:00-05:00,2026-02-06 09:30:00-05:00
zscore_60,>=2.5,3,614,-8.4727455630302e-05,-3.4520173477436966e-05,0.0009936746716339591,0.47068403908794787,-2.1881107491856677,-0.875,19,2025-11-06 09:30:00-05:00,2026-02-06 09:30:00-05:00
zscore_60,>=2.5,5,614,-7.072864904499636e-05,-4.847335194191338e-05,0.0011945695709530497,0.46254071661237783,-1.8473127035830619,-1.25,19,2025-11-06 09:30:00-05:00,2026-02-06 09:30:00-05:00
zscore_60,>=2.5,10,614,1.306528417320084e-06,-9.26347661980853e-05,0.0016909078925571436,0.4543973941368078,-0.04519543973941368,-2.375,19,2025-11-06 09:30:00-05:00,2026-02-06 09:30:00-05:00
zscore_60,>=2.5,20,614,0.00018587210281933037,1.4567502323203918e-05,0.0025953641594863228,0.504885993485342,4.54885993485342,0.375,19,2025-11-06 09:30:00-05:00,2026-02-06 09:30:00-05:00
zscore_60,>=2.5,30,614,0.00041944457888052917,0.00014606856536336643,0.0034694950409456526,0.5504885993485342,10.413680781758957,3.75,19,2025-11-06 09:30:00-05:00,2026-02-06 09:30:00-05:00
zscore_60,>=2.5,60,614,0.00037984902122701686,0.0003318650006584045,0.00466036577155662,0.5488599348534202,9.360749185667752,8.5,19,2025-11-06 09:30:00-05:00,2026-02-06 09:30:00-05:00
zscore_30,-1.0:0,1,6096,1.188445915999665e-05,0.0,0.000633034234648723,0.49868766404199477,0.2980232939632546,0.0,20,2026-02-06 09:30:00-05:00,2026-05-06 09:30:00-04:00
zscore_30,-1.0:0,3,6095,3.336244706499533e-05,1.9933025035889784e-05,0.001101579773098774,0.5130434782608696,0.8254716981132075,0.5,20,2026-02-06 09:30:00-05:00,2026-05-06 09:30:00-04:00
zscore_30,-1.0:0,5,6093,4.930460115093555e-05,2.9656576840286775e-05,0.001332134713307506,0.5138683735434104,1.2249712785163303,0.75,20,2026-02-06 09:30:00-05:00,2026-05-06 09:30:00-04:00
zscore_30,-1.0:0,10,6089,8.76674498920127e-05,6.546889759739827e-05,0.0017791268260739597,0.5265232386270323,2.201757267203153,1.75,20,2026-02-06 09:30:00-05:00,2026-05-06 09:30:00-04:00
zscore_30,-1.0:0,20,6084,0.00012084665320574258,0.00011317547242029047,0.0025389571338197735,0.5338593030900723,3.1353139381985535,2.75,20,2026-02-06 09:30:00-05:00,2026-05-06 09:30:00-04:00
zscore_30,-1.0:0,30,6084,0.00019801630359790042,0.00011984304182033334,0.003215512205406816,0.5333662064431295,5.032380013149244,3.0,20,2026-02-06 09:30:00-05:00,2026-05-06 09:30:00-04:00
zscore_30,-1.0:0,60,6079,0.000370324964287653,0.00036976550704093114,0.004756754449729529,0.5555189998354992,9.398132916598124,9.25,20,2026-02-06 09:30:00-05:00,2026-05-06 09:30:00-04:00
zscore_30,-1.5:-1.0,1,3024,2.784029880756495e-05,0.0,0.0005955329555912984,0.498015873015873,0.7075892857142857,0.0,20,2026-02-06 09:30:00-05:00,2026-05-06 09:30:00-04:00
zscore_30,-1.5:-1.0,3,3024,4.0283510322554214e-05,0.0,0.00103692500677878,0.49867724867724866,1.0614252645502646,0.0,20,2026-02-06 09:30:00-05:00,2026-05-06 09:30:00-04:00
zscore_30,-1.5:-1.0,5,3024,4.167526792948935e-05,9.595979104992658e-06,0.0013500868352659976,0.5009920634920635,1.1081349206349207,0.25,20,2026-02-06 09:30:00-05:00,2026-05-06 09:30:00-04:00
zscore_30,-1.5:-1.0,10,3023,5.9457753865973597e-05,7.185972980749966e-05,0.0018793629993685101,0.5196824346675488,1.6267780350645054,1.75,20,2026-02-06 09:30:00-05:00,2026-05-06 09:30:00-04:00
zscore_30,-1.5:-1.0,20,3022,0.00012236215652174464,0.00017234038637803373,0.002553256826477276,0.5466578424884183,3.3219722038385173,4.375,20,2026-02-06 09:30:00-05:00,2026-05-06 09:30:00-04:00
zscore_30,-1.5:-1.0,30,3022,0.00010237953812896748,0.00015204527751810915,0.0030168877251225616,0.5344142951687624,2.924387822634017,3.875,20,2026-02-06 09:30:00-05:00,2026-05-06 09:30:00-04:00
zscore_30,-1.5:-1.0,60,3020,0.0002644497864968747,0.0003380910541305182,0.004210860937426123,0.5400662251655629,7.126324503311258,8.5,20,2026-02-06 09:30:00-05:00,2026-05-06 09:30:00-04:00
zscore_30,-2.0:-1.5,1,2220,-1.5284795124024474e-05,0.0,0.0005456930285634682,0.48693693693693696,-0.36396396396396397,0.0,20,2026-02-06 09:30:00-05:00,2026-05-06 09:30:00-04:00
zscore_30,-2.0:-1.5,3,2220,-1.859122196271576e-05,-9.369170631379209e-06,0.001036854321616455,0.49099099099099097,-0.4648648648648649,-0.25,20,2026-02-06 09:30:00-05:00,2026-05-06 09:30:00-04:00
zscore_30,-2.0:-1.5,5,2220,-1.3918722376194049e-06,2.8401844332504034e-05,0.0013075038549586228,0.5103603603603604,-0.013963963963963964,0.75,20,2026-02-06 09:30:00-05:00,2026-05-06 09:30:00-04:00
zscore_30,-2.0:-1.5,10,2220,8.801501866866005e-06,2.034523916216724e-05,0.0018668937486597266,0.5112612612612613,0.23851351351351352,0.5,20,2026-02-06 09:30:00-05:00,2026-05-06 09:30:00-04:00
zscore_30,-2.0:-1.5,20,2220,0.0001334229419786086,0.0001928867439876525,0.002534972280842518,0.5486486486486486,3.3688063063063063,4.75,20,2026-02-06 09:30:00-05:00,2026-05-06 09:30:00-04:00
zscore_30,-2.0:-1.5,30,2220,0.00016803958015127138,0.00021942703033317468,0.00309600177306911,0.5490990990990992,4.271171171171171,5.5,20,2026-02-06 09:30:00-05:00,2026-05-06 09:30:00-04:00
zscore_30,-2.0:-1.5,60,2220,0.0003429686788118107,0.0004071835850415484,0.004166529927253972,0.5477477477477477,8.941103603603604,10.125,20,2026-02-06 09:30:00-05:00,2026-05-06 09:30:00-04:00
zscore_30,-2.5:-2.0,1,1035,5.893679972549628e-06,1.848668034676315e-05,0.0008323464833423178,0.5130434782608696,0.14589371980676327,0.5,20,2026-02-06 09:30:00-05:00,2026-05-06 09:30:00-04:00
zscore_30,-2.5:-2.0,3,1035,-3.682869907175783e-05,9.99800040002441e-06,0.0012847062131535962,0.5004830917874397,-0.9355072463768116,0.25,20,2026-02-06 09:30:00-05:00,2026-05-06 09:30:00-04:00
zscore_30,-2.5:-2.0,5,1035,-1.4073173061667206e-05,8.892920346115218e-06,0.0016603378689337665,0.5004830917874397,-0.3538647342995169,0.25,20,2026-02-06 09:30:00-05:00,2026-05-06 09:30:00-04:00
zscore_30,-2.5:-2.0,10,1035,8.988329805232865e-05,8.951571995496899e-05,0.002133559642282495,0.5207729468599034,2.265217391304348,2.25,20,2026-02-06 09:30:00-05:00,2026-05-06 09:30:00-04:00
zscore_30,-2.5:-2.0,20,1035,0.00024906760251566004,0.0002724493193813071,0.0025772896840088335,0.5594202898550724,6.23792270531401,6.75,20,2026-02-06 09:30:00-05:00,2026-05-06 09:30:00-04:00
zscore_30,-2.5:-2.0,30,1035,0.00037926955908631647,0.0004407453721735344,0.0029961193699351327,0.5797101449275363,9.494927536231884,11.0,20,2026-02-06 09:30:00-05:00,2026-05-06 09:30:00-04:00
zscore_30,-2.5:-2.0,60,1035,0.0006348948932727732,0.000562008242787515,0.0039216442608677425,0.5661835748792271,16.07705314009662,14.25,20,2026-02-06 09:30:00-05:00,2026-05-06 09:30:00-04:00
zscore_30,0:1.0,1,7033,9.401384300872079e-06,0.0,0.000607350386345611,0.4982226645812598,0.2373809185269444,0.0,20,2026-02-06 09:30:00-05:00,2026-05-06 09:30:00-04:00
zscore_30,0:1.0,3,7032,2.4735517744529926e-05,1.0012114915691761e-05,0.0010013322877031924,0.5055460750853242,0.6065486348122867,0.25,20,2026-02-06 09:30:00-05:00,2026-05-06 09:30:00-04:00
zscore_30,0:1.0,5,7032,3.996132081033265e-05,1.9738563394544606e-05,0.0013710190293564327,0.5086746302616609,0.9724829351535836,0.5,20,2026-02-06 09:30:00-05:00,2026-05-06 09:30:00-04:00
zscore_30,0:1.0,10,7032,3.910216733222807e-05,1.0228400522671599e-05,0.0019503732737986242,0.504835039817975,0.9409840728100114,0.25,20,2026-02-06 09:30:00-05:00,2026-05-06 09:30:00-04:00
zscore_30,0:1.0,20,7028,2.1582510058317872e-05,2.7063482886280354e-05,0.0025795689425609307,0.5068298235628913,0.535465281730222,0.75,20,2026-02-06 09:30:00-05:00,2026-05-06 09:30:00-04:00
zscore_30,0:1.0,30,7026,6.472254787845663e-05,8.290911008412838e-05,0.0031296446395805387,0.5182180472530601,1.6805436948477086,2.25,20,2026-02-06 09:30:00-05:00,2026-05-06 09:30:00-04:00
zscore_30,0:1.0,60,7017,0.0001678069839296277,0.0002431042543244999,0.004593761096450413,0.5342739062277326,4.340530141085934,6.25,20,2026-02-06 09:30:00-05:00,2026-05-06 09:30:00-04:00
zscore_30,1.0:1.5,1,3779,-6.674718386155999e-06,-9.110621162156107e-06,0.0005307858204213238,0.4831966128605451,-0.17822175178618682,-0.25,20,2026-02-06 09:30:00-05:00,2026-05-06 09:30:00-04:00
zscore_30,1.0:1.5,3,3779,3.969809929440231e-07,9.112779762343592e-06,0.00087086506166291,0.5006615506747817,0.005689335803122519,0.25,20,2026-02-06 09:30:00-05:00,2026-05-06 09:30:00-04:00
zscore_30,1.0:1.5,5,3779,7.177819447600793e-06,9.114773224405681e-06,0.0011732083495680351,0.5006615506747817,0.18477110346652553,0.25,20,2026-02-06 09:30:00-05:00,2026-05-06 09:30:00-04:00
zscore_30,1.0:1.5,10,3779,3.3832621145759235e-05,0.0,0.0017482452622319682,0.4990738290553056,0.8603466525535856,0.0,20,2026-02-06 09:30:00-05:00,2026-05-06 09:30:00-04:00
zscore_30,1.0:1.5,20,3779,2.455007176440814e-05,1.8245345156264747e-05,0.0025564770155986167,0.5046308547234718,0.5680074093675576,0.5,20,2026-02-06 09:30:00-05:00,2026-05-06 09:30:00-04:00
zscore_30,1.0:1.5,30,3773,0.00011844882690686228,8.071187877067842e-05,0.0030387289280200906,0.5186853962364166,2.9259210177577524,2.0,20,2026-02-06 09:30:00-05:00,2026-05-06 09:30:00-04:00
zscore_30,1.0:1.5,60,3771,0.0002932754979286319,0.00010426046158951152,0.004194991964971579,0.5216123044285336,7.258286926544683,2.75,20,2026-02-06 09:30:00-05:00,2026-05-06 09:30:00-04:00
zscore_30,1.5:2.0,1,2428,-8.661449308253066e-06,0.0,0.00047120891433916155,0.49052718286655683,-0.20284184514003295,0.0,20,2026-02-06 09:30:00-05:00,2026-05-06 09:30:00-04:00
zscore_30,1.5:2.0,3,2428,-1.3220258498388258e-05,-3.0806042494169183e-05,0.0008309962891728249,0.4724052718286656,-0.29551070840197696,-0.75,20,2026-02-06 09:30:00-05:00,2026-05-06 09:30:00-04:00
zscore_30,1.5:2.0,5,2428,-1.7381320784155144e-05,-9.682996001569855e-06,0.001049870210249654,0.4872322899505766,-0.39857907742998355,-0.25,20,2026-02-06 09:30:00-05:00,2026-05-06 09:30:00-04:00
zscore_30,1.5:2.0,10,2428,-5.928197242272077e-06,-1.0167227082802377e-05,0.0016066054749901263,0.4913509060955519,-0.15733113673805602,-0.25,20,2026-02-06 09:30:00-05:00,2026-05-06 09:30:00-04:00
zscore_30,1.5:2.0,20,2428,3.922255178831898e-05,0.0,0.002554491423691793,0.49835255354200986,0.9403830313014827,0.0,20,2026-02-06 09:30:00-05:00,2026-05-06 09:30:00-04:00
zscore_30,1.5:2.0,30,2426,4.831734866871117e-05,3.699282350788646e-05,0.0031345091425101904,0.5090684253915911,1.1650865622423743,1.0,20,2026-02-06 09:30:00-05:00,2026-05-06 09:30:00-04:00
zscore_30,1.5:2.0,60,2424,0.0001275683088002289,-9.03091516868404e-06,0.004130352996304404,0.49834983498349833,3.12881600660066,-0.25,20,2026-02-06 09:30:00-05:00,2026-05-06 09:30:00-04:00
zscore_30,2.0:2.5,1,1051,-1.3412664059222234e-05,-9.525170262425497e-06,0.0005748014427549943,0.48239771646051377,-0.32159847764034255,-0.25,20,2026-02-06 09:30:00-05:00,2026-05-06 09:30:00-04:00
zscore_30,2.0:2.5,3,1051,-1.888237150064118e-05,9.951932167684419e-06,0.0009461100900642657,0.5090390104662227,-0.40580399619410085,0.25,20,2026-02-06 09:30:00-05:00,2026-05-06 09:30:00-04:00
zscore_30,2.0:2.5,5,1051,-2.643626444945421e-06,-1.0134587319576838e-05,0.0010804128781612735,0.4871550903901047,0.04804947668886775,-0.25,20,2026-02-06 09:30:00-05:00,2026-05-06 09:30:00-04:00
zscore_30,2.0:2.5,10,1051,4.736535934208656e-05,2.663068565134097e-05,0.0015165517576418623,0.510941960038059,1.3292102759276878,0.75,20,2026-02-06 09:30:00-05:00,2026-05-06 09:30:00-04:00
zscore_30,2.0:2.5,20,1051,0.00023301339185552943,0.00011383039271484208,0.002380421309461771,0.544243577545195,5.9107992388201716,3.0,20,2026-02-06 09:30:00-05:00,2026-05-06 09:30:00-04:00
zscore_30,2.0:2.5,30,1051,0.0002186094303730568,0.0002047837483616366,0.003027049532154484,0.5480494766888677,5.612511893434824,5.25,20,2026-02-06 09:30:00-05:00,2026-05-06 09:30:00-04:00
zscore_30,2.0:2.5,60,1046,0.0002354084888518854,0.0001648507853121428,0.004095502627935881,0.5277246653919694,5.892925430210325,4.125,20,2026-02-06 09:30:00-05:00,2026-05-06 09:30:00-04:00
zscore_30,<=-2.5,1,542,7.764106159990082e-06,1.0235636985322927e-05,0.0007054637354792072,0.507380073800738,0.19418819188191883,0.25,20,2026-02-06 09:30:00-05:00,2026-05-06 09:30:00-04:00
zscore_30,<=-2.5,3,542,6.486274512777384e-05,5.804709953793896e-05,0.0013497004514810252,0.5313653136531366,1.7453874538745386,1.5,20,2026-02-06 09:30:00-05:00,2026-05-06 09:30:00-04:00
zscore_30,<=-2.5,5,542,3.912579725185457e-05,6.957924438633079e-05,0.0016962173840421677,0.5313653136531366,1.1591328413284132,1.75,20,2026-02-06 09:30:00-05:00,2026-05-06 09:30:00-04:00
zscore_30,<=-2.5,10,542,0.00013526806999949697,0.0001240511268909561,0.0022879432914547915,0.5387453874538746,3.8187269372693726,3.25,20,2026-02-06 09:30:00-05:00,2026-05-06 09:30:00-04:00
zscore_30,<=-2.5,20,542,0.0004689523419375129,0.0003973187983974391,0.002978001526119564,0.566420664206642,12.136070110701107,9.875,20,2026-02-06 09:30:00-05:00,2026-05-06 09:30:00-04:00
zscore_30,<=-2.5,30,542,0.0004761105234632302,0.0005535001320773336,0.003482504718900687,0.5904059040590406,12.380535055350553,14.0,20,2026-02-06 09:30:00-05:00,2026-05-06 09:30:00-04:00
zscore_30,<=-2.5,60,542,0.00064493723720296,0.0006523891397930415,0.0044109447339444,0.5719557195571956,16.876383763837637,17.75,20,2026-02-06 09:30:00-05:00,2026-05-06 09:30:00-04:00
zscore_30,>=2.5,1,451,-5.580302483733777e-06,-2.088641964992366e-05,0.0008567852733973766,0.4722838137472284,-0.22283813747228381,-0.5,20,2026-02-06 09:30:00-05:00,2026-05-06 09:30:00-04:00
zscore_30,>=2.5,3,451,-9.193072076549187e-07,-2.8061248351418655e-05,0.001374113791131967,0.4722838137472284,-0.057649667405764965,-0.75,20,2026-02-06 09:30:00-05:00,2026-05-06 09:30:00-04:00
zscore_30,>=2.5,5,451,-6.135522945127475e-05,-3.7313084765955296e-05,0.0015964891987307645,0.4656319290465632,-1.5160753880266076,-1.0,20,2026-02-06 09:30:00-05:00,2026-05-06 09:30:00-04:00
zscore_30,>=2.5,10,451,-5.3570755578496e-05,1.0271897116664874e-05,0.001858089568887812,0.5033259423503326,-1.332039911308204,0.25,20,2026-02-06 09:30:00-05:00,2026-05-06 09:30:00-04:00
zscore_30,>=2.5,20,451,0.00021987391233880776,-6.376853842504637e-05,0.003216006025012489,0.48558758314855877,5.263303769401331,-1.75,20,2026-02-06 09:30:00-05:00,2026-05-06 09:30:00-04:00
zscore_30,>=2.5,30,451,0.00023277290881011287,2.8044459816856104e-05,0.003633258491623851,0.5055432372505543,5.631929046563193,0.75,20,2026-02-06 09:30:00-05:00,2026-05-06 09:30:00-04:00
zscore_30,>=2.5,60,446,0.0003385981423566204,0.0003012973106979455,0.00470338239767478,0.531390134529148,8.497757847533633,7.625,20,2026-02-06 09:30:00-05:00,2026-05-06 09:30:00-04:00
zscore_60,-1.0:0,1,6386,5.037706588108401e-06,0.0,0.0006309409240869825,0.49608518634513,0.12316003758221108,0.0,20,2026-02-06 09:30:00-05:00,2026-05-06 09:30:00-04:00
zscore_60,-1.0:0,3,6386,8.579869229458775e-06,1.0074610992116817e-05,0.0010526667699244372,0.506263701847792,0.19848105230191043,0.25,20,2026-02-06 09:30:00-05:00,2026-05-06 09:30:00-04:00
zscore_60,-1.0:0,5,6386,1.991014805336522e-05,1.9756113819768828e-05,0.0013839202172654058,0.5087691825869088,0.46942530535546506,0.5,20,2026-02-06 09:30:00-05:00,2026-05-06 09:30:00-04:00
zscore_60,-1.0:0,10,6386,4.618306576267787e-05,2.764019427725639e-05,0.002004335606184637,0.5087691825869088,1.1380363294707172,0.75,20,2026-02-06 09:30:00-05:00,2026-05-06 09:30:00-04:00
zscore_60,-1.0:0,20,6386,9.854878748049746e-05,0.00011988072909674408,0.0028888282878501794,0.5328844347009082,2.486180707798309,3.0,20,2026-02-06 09:30:00-05:00,2026-05-06 09:30:00-04:00
zscore_60,-1.0:0,30,6386,0.00015520003427808905,0.00015436581373862168,0.0035607185080402605,0.5350767303476355,3.9569761979329785,4.0,20,2026-02-06 09:30:00-05:00,2026-05-06 09:30:00-04:00
zscore_60,-1.0:0,60,6374,0.00026391174062480267,0.00028504832434339544,0.0048944995289854935,0.538280514590524,6.841543771572011,7.25,20,2026-02-06 09:30:00-05:00,2026-05-06 09:30:00-04:00
zscore_60,-1.5:-1.0,1,2704,2.6593306835669636e-05,0.0,0.0005611433396203717,0.4966715976331361,0.6842640532544378,0.0,20,2026-02-06 09:30:00-05:00,2026-05-06 09:30:00-04:00
zscore_60,-1.5:-1.0,3,2704,7.439292900175004e-05,3.604415410041195e-05,0.0011244941498366585,0.5225591715976331,1.888960798816568,1.0,20,2026-02-06 09:30:00-05:00,2026-05-06 09:30:00-04:00
zscore_60,-1.5:-1.0,5,2704,8.757282739206805e-05,5.941097356987335e-05,0.0013632773841601518,0.525887573964497,2.234744822485207,1.5,20,2026-02-06 09:30:00-05:00,2026-05-06 09:30:00-04:00
zscore_60,-1.5:-1.0,10,2704,0.00011889397719400058,0.00011052136514344557,0.0018183310729054493,0.5421597633136095,3.0610207100591715,2.75,20,2026-02-06 09:30:00-05:00,2026-05-06 09:30:00-04:00
zscore_60,-1.5:-1.0,20,2704,0.00018511635936584666,0.0001554318737134741,0.002414064306617214,0.5358727810650887,4.826275887573964,4.0,20,2026-02-06 09:30:00-05:00,2026-05-06 09:30:00-04:00
zscore_60,-1.5:-1.0,30,2704,0.0002405953221274158,0.00016926001686035086,0.0029534199255331,0.5369822485207101,6.253235946745562,4.25,20,2026-02-06 09:30:00-05:00,2026-05-06 09:30:00-04:00
zscore_60,-1.5:-1.0,60,2703,0.0005057659242970697,0.0005389382915657048,0.0041971973606403645,0.5734369219385868,13.242230854605994,14.0,20,2026-02-06 09:30:00-05:00,2026-05-06 09:30:00-04:00
zscore_60,-2.0:-1.5,1,1981,-1.0025176601470667e-05,0.0,0.0006239374586874774,0.4871277132761232,-0.26186269560827863,0.0,20,2026-02-06 09:30:00-05:00,2026-05-06 09:30:00-04:00
zscore_60,-2.0:-1.5,3,1981,-4.7520662083797495e-05,-5.2341222900320616e-05,0.0009660842225459507,0.47046945986875316,-1.180085815244826,-1.25,20,2026-02-06 09:30:00-05:00,2026-05-06 09:30:00-04:00
zscore_60,-2.0:-1.5,5,1981,-3.636673146754874e-05,-3.073109269524643e-05,0.0012481896892566752,0.48006057546693587,-0.8929833417465927,-0.75,20,2026-02-06 09:30:00-05:00,2026-05-06 09:30:00-04:00
zscore_60,-2.0:-1.5,10,1981,-3.363904007858115e-05,-2.0225105423321565e-05,0.0017673216810405548,0.49268046441191315,-0.8046441191317516,-0.5,20,2026-02-06 09:30:00-05:00,2026-05-06 09:30:00-04:00
zscore_60,-2.0:-1.5,20,1981,6.0698781092019806e-05,0.00012827976830709353,0.0023448716916999565,0.5285209490156486,1.598813730439172,3.25,20,2026-02-06 09:30:00-05:00,2026-05-06 09:30:00-04:00
zscore_60,-2.0:-1.5,30,1981,9.244163690339247e-05,0.00011912325285901026,0.0027452111333939842,0.5270065623422514,2.4631499242806663,3.0,20,2026-02-06 09:30:00-05:00,2026-05-06 09:30:00-04:00
zscore_60,-2.0:-1.5,60,1978,0.0004368159062934742,0.0005538185582419919,0.003730491531201244,0.5733063700707786,11.23546511627907,14.25,20,2026-02-06 09:30:00-05:00,2026-05-06 09:30:00-04:00
zscore_60,-2.5:-2.0,1,1060,-7.263782611175566e-08,1.0186930178179843e-05,0.0006373070569582999,0.5047169811320755,0.03278301886792453,0.25,20,2026-02-06 09:30:00-05:00,2026-05-06 09:30:00-04:00
zscore_60,-2.5:-2.0,3,1060,1.7485382551384382e-05,1.0071197004357657e-05,0.0011946674245468844,0.5028301886792453,0.49481132075471695,0.25,20,2026-02-06 09:30:00-05:00,2026-05-06 09:30:00-04:00
zscore_60,-2.5:-2.0,5,1060,5.479318324516804e-06,4.001940949460714e-05,0.0014970718163123595,0.519811320754717,0.21108490566037735,1.0,20,2026-02-06 09:30:00-05:00,2026-05-06 09:30:00-04:00
zscore_60,-2.5:-2.0,10,1060,7.763149051548674e-05,0.0001216387858665735,0.0020030071788797493,0.5349056603773585,2.017452830188679,3.125,20,2026-02-06 09:30:00-05:00,2026-05-06 09:30:00-04:00
zscore_60,-2.5:-2.0,20,1060,0.00010360236860839571,0.00021858929301055152,0.0025823715740629395,0.5415094339622641,2.727122641509434,5.375,20,2026-02-06 09:30:00-05:00,2026-05-06 09:30:00-04:00
zscore_60,-2.5:-2.0,30,1060,0.00021055568723955866,0.000265906590367182,0.0030720714911107324,0.5660377358490566,5.474528301886792,6.875,20,2026-02-06 09:30:00-05:00,2026-05-06 09:30:00-04:00
zscore_60,-2.5:-2.0,60,1060,0.00047467423544872444,0.0004987180508267963,0.004022223106555472,0.5424528301886793,12.137264150943397,12.5,20,2026-02-06 09:30:00-05:00,2026-05-06 09:30:00-04:00
zscore_60,0:1.0,1,6843,5.623556627186513e-06,0.0,0.0006530217823707714,0.49130498319450533,0.14251790150518778,0.0,20,2026-02-06 09:30:00-05:00,2026-05-06 09:30:00-04:00
zscore_60,0:1.0,3,6841,1.9339732411897995e-05,0.0,0.0010788982864300765,0.49948837889197484,0.4884885250694343,0.0,20,2026-02-06 09:30:00-05:00,2026-05-06 09:30:00-04:00
zscore_60,0:1.0,5,6839,2.9253267004152853e-05,0.0,0.0013569233909963515,0.4989033484427548,0.7438587512794268,0.0,20,2026-02-06 09:30:00-05:00,2026-05-06 09:30:00-04:00
zscore_60,0:1.0,10,6834,4.6648737677051054e-05,1.014108458274876e-05,0.001861535284378477,0.5042434884401522,1.1972124670763828,0.25,20,2026-02-06 09:30:00-05:00,2026-05-06 09:30:00-04:00
zscore_60,0:1.0,20,6825,2.8834389777567016e-05,4.613567579547784e-05,0.002542600391870548,0.5128205128205128,0.8106959706959707,1.25,20,2026-02-06 09:30:00-05:00,2026-05-06 09:30:00-04:00
zscore_60,0:1.0,30,6825,6.860327311420803e-05,7.055526997468142e-05,0.0032443191426280806,0.5170695970695971,1.8233699633699634,1.75,20,2026-02-06 09:30:00-05:00,2026-05-06 09:30:00-04:00
zscore_60,0:1.0,60,6822,0.00011137685077622459,0.00018199179350186778,0.004515201174163965,0.5259454705364995,2.8781515684549985,4.5,20,2026-02-06 09:30:00-05:00,2026-05-06 09:30:00-04:00
zscore_60,1.0:1.5,1,3737,-3.658184487334944e-06,0.0,0.00043174809198616215,0.4961198822584961,-0.08957720096333957,0.0,20,2026-02-06 09:30:00-05:00,2026-05-06 09:30:00-04:00
zscore_60,1.0:1.5,3,3737,4.659763900627805e-06,1.0089901018028868e-05,0.0007705976075035114,0.5065560610115065,0.12871287128712872,0.25,20,2026-02-06 09:30:00-05:00,2026-05-06 09:30:00-04:00
zscore_60,1.0:1.5,5,3737,1.1278026053026777e-05,1.9767143054849612e-05,0.0011216654244044048,0.5103023815895104,0.2966283114797966,0.5,20,2026-02-06 09:30:00-05:00,2026-05-06 09:30:00-04:00
zscore_60,1.0:1.5,10,3737,1.7930326699979802e-05,3.988473312133145e-05,0.00167410409483176,0.5161894567835162,0.4729060743912229,1.0,20,2026-02-06 09:30:00-05:00,2026-05-06 09:30:00-04:00
zscore_60,1.0:1.5,20,3736,9.563095368308547e-05,3.0257154495783034e-05,0.0024794411762257607,0.5115096359743041,2.3606129550321198,0.75,20,2026-02-06 09:30:00-05:00,2026-05-06 09:30:00-04:00
zscore_60,1.0:1.5,30,3735,0.00017164989320752027,0.00010582010582016466,0.002957577531637162,0.5282463186077644,4.25669344042838,2.75,20,2026-02-06 09:30:00-05:00,2026-05-06 09:30:00-04:00
zscore_60,1.0:1.5,60,3732,0.00031388729307097645,0.0001982605148882488,0.004428658651519525,0.5305466237942122,7.746382636655949,5.0,20,2026-02-06 09:30:00-05:00,2026-05-06 09:30:00-04:00
zscore_60,1.5:2.0,1,2583,1.1440929464094797e-05,9.903833773972082e-06,0.0004953750704041097,0.5040650406504065,0.2795199380565234,0.25,20,2026-02-06 09:30:00-05:00,2026-05-06 09:30:00-04:00
zscore_60,1.5:2.0,3,2583,9.573870349055418e-06,0.0,0.0008663178681675913,0.49554781262098335,0.21641502129307008,0.0,20,2026-02-06 09:30:00-05:00,2026-05-06 09:30:00-04:00
zscore_60,1.5:2.0,5,2583,2.8160720915405797e-05,0.0,0.0010902695302313437,0.49903213317847467,0.6895083236546651,0.0,20,2026-02-06 09:30:00-05:00,2026-05-06 09:30:00-04:00
zscore_60,1.5:2.0,10,2583,5.718671808528843e-05,2.7603466995484993e-05,0.0016047374621288456,0.5114208284939993,1.423925667828107,0.75,20,2026-02-06 09:30:00-05:00,2026-05-06 09:30:00-04:00
zscore_60,1.5:2.0,20,2583,0.00011553122357019033,6.189778612242236e-05,0.002471550159718009,0.5272938443670151,2.8711769260549747,1.5,20,2026-02-06 09:30:00-05:00,2026-05-06 09:30:00-04:00
zscore_60,1.5:2.0,30,2578,0.00012959033813441436,9.880504957582303e-05,0.0027630212118378472,0.5263770364623739,3.1799844840961984,2.5,20,2026-02-06 09:30:00-05:00,2026-05-06 09:30:00-04:00
zscore_60,1.5:2.0,60,2577,0.00032017398153813824,7.999146757686759e-05,0.004241921603879244,0.5141637563057819,7.95372526193248,2.0,20,2026-02-06 09:30:00-05:00,2026-05-06 09:30:00-04:00
zscore_60,2.0:2.5,1,1005,-2.504502482006639e-05,-1.8214106825786835e-05,0.0004795862333384403,0.46368159203980097,-0.6241293532338309,-0.5,20,2026-02-06 09:30:00-05:00,2026-05-06 09:30:00-04:00
zscore_60,2.0:2.5,3,1005,-2.8729555081048097e-05,-1.0325884928330531e-05,0.0008447319093659345,0.48059701492537316,-0.667910447761194,-0.25,20,2026-02-06 09:30:00-05:00,2026-05-06 09:30:00-04:00
zscore_60,2.0:2.5,5,1005,-4.746387328051583e-05,-9.302758267826228e-06,0.001091308254617839,0.49154228855721394,-1.1355721393034826,-0.25,20,2026-02-06 09:30:00-05:00,2026-05-06 09:30:00-04:00
zscore_60,2.0:2.5,10,1005,-5.2838646643304676e-05,-2.9588425008109098e-05,0.001527463854381816,0.4845771144278607,-1.3335820895522388,-0.75,20,2026-02-06 09:30:00-05:00,2026-05-06 09:30:00-04:00
zscore_60,2.0:2.5,20,1005,-6.862065497807956e-05,-3.743986222126683e-05,0.0020036061234539725,0.4845771144278607,-1.7201492537313432,-1.0,20,2026-02-06 09:30:00-05:00,2026-05-06 09:30:00-04:00
zscore_60,2.0:2.5,30,1001,1.1521030895614756e-05,7.047358247413982e-05,0.0022115155243756946,0.5134865134865135,0.3274225774225774,1.75,20,2026-02-06 09:30:00-05:00,2026-05-06 09:30:00-04:00
zscore_60,2.0:2.5,60,1000,-6.409936082618673e-05,-4.3746829811397436e-05,0.00336176412965432,0.492,-1.648,-1.125,20,2026-02-06 09:30:00-05:00,2026-05-06 09:30:00-04:00
zscore_60,<=-2.5,1,721,3.992092345156475e-05,1.912320122388067e-05,0.0008488829559268101,0.5117891816920943,1.0162968099861305,0.5,20,2026-02-06 09:30:00-05:00,2026-05-06 09:30:00-04:00
zscore_60,<=-2.5,3,721,0.0001084064482377245,4.950348009469252e-05,0.0013494417203272111,0.5284327323162274,2.765256588072122,1.25,20,2026-02-06 09:30:00-05:00,2026-05-06 09:30:00-04:00
zscore_60,<=-2.5,5,721,0.0001775794957104066,0.0001447527141134053,0.0017443122728678423,0.5464632454923717,4.544729542302358,3.75,20,2026-02-06 09:30:00-05:00,2026-05-06 09:30:00-04:00
zscore_60,<=-2.5,10,721,0.00029471164635712713,0.00019800999950492226,0.002151948538166448,0.5423023578363384,7.496879334257975,5.0,20,2026-02-06 09:30:00-05:00,2026-05-06 09:30:00-04:00
zscore_60,<=-2.5,20,721,0.0004667736448849629,0.00039441747572821484,0.0026840779486070696,0.5783633841886269,11.782246879334258,9.75,20,2026-02-06 09:30:00-05:00,2026-05-06 09:30:00-04:00
zscore_60,<=-2.5,30,721,0.0005322529393096334,0.0005294627778538175,0.0030457235899523445,0.5783633841886269,13.36130374479889,13.75,20,2026-02-06 09:30:00-05:00,2026-05-06 09:30:00-04:00
zscore_60,<=-2.5,60,721,0.0007364427692801992,0.0007218345703232654,0.004329219716279921,0.5547850208044383,18.555478502080444,19.25,20,2026-02-06 09:30:00-05:00,2026-05-06 09:30:00-04:00
zscore_60,>=2.5,1,639,-9.159481603543104e-06,-9.95906822953696e-06,0.0008345727969398343,0.48513302034428796,-0.23630672926447574,-0.25,20,2026-02-06 09:30:00-05:00,2026-05-06 09:30:00-04:00
zscore_60,>=2.5,3,639,-1.110695434340398e-07,-3.0202051726102574e-05,0.0013094948836003852,0.48200312989045385,0.05829420970266041,-0.75,20,2026-02-06 09:30:00-05:00,2026-05-06 09:30:00-04:00
zscore_60,>=2.5,5,639,-4.3066725921462275e-05,-7.857619926920911e-05,0.0015347669107645475,0.4538341158059468,-0.9796557120500783,-2.0,20,2026-02-06 09:30:00-05:00,2026-05-06 09:30:00-04:00
zscore_60,>=2.5,10,639,-1.7976367890084213e-05,-7.620136209929296e-05,0.001852950377374304,0.4757433489827856,-0.36071987480438183,-2.0,20,2026-02-06 09:30:00-05:00,2026-05-06 09:30:00-04:00
zscore_60,>=2.5,20,639,0.00018293517863328783,4.000440048401721e-05,0.0024033340748380984,0.5070422535211268,4.516823161189358,1.0,20,2026-02-06 09:30:00-05:00,2026-05-06 09:30:00-04:00
zscore_60,>=2.5,30,639,7.319816707613707e-06,0.0001315456615229582,0.0028965540200401843,0.5211267605633803,0.34937402190923317,3.25,20,2026-02-06 09:30:00-05:00,2026-05-06 09:30:00-04:00
zscore_60,>=2.5,60,633,0.00026569961634625186,0.00036469397616722965,0.0040827677184660585,0.5655608214849921,6.9399684044233805,9.5,20,2026-02-06 09:30:00-05:00,2026-05-06 09:30:00-04:00
zscore_30,-1.0:0,1,6632,9.209509345793716e-06,0.0,0.0007256569586055176,0.4996984318455971,0.2686218335343788,0.0,21,2026-05-06 09:30:00-04:00,2026-08-06 09:30:00-04:00
zscore_30,-1.0:0,3,6632,-3.807487680140814e-06,0.0,0.001328617463177181,0.4923100120627262,-0.1287696019300362,0.0,21,2026-05-06 09:30:00-04:00,2026-08-06 09:30:00-04:00
zscore_30,-1.0:0,5,6632,-2.361217626968678e-05,0.0,0.0017448615621144545,0.4959288299155609,-0.7202201447527141,0.0,21,2026-05-06 09:30:00-04:00,2026-08-06 09:30:00-04:00
zscore_30,-1.0:0,10,6631,-1.0998036176675818e-05,8.568906864514503e-06,0.0026166939822182826,0.5035439601870004,-0.398808626149902,0.25,21,2026-05-06 09:30:00-04:00,2026-08-06 09:30:00-04:00
zscore_30,-1.0:0,20,6631,-3.734912101401798e-05,-3.3407944409202806e-05,0.0037335162774779934,0.48876489217312624,-1.2954682551651335,-1.0,21,2026-05-06 09:30:00-04:00,2026-08-06 09:30:00-04:00
zscore_30,-1.0:0,30,6626,4.294235253019603e-05,3.3996997140017804e-05,0.004583330778868673,0.5069423483247811,0.9017506791427709,1.0,21,2026-05-06 09:30:00-04:00,2026-08-06 09:30:00-04:00
zscore_30,-1.0:0,60,6607,0.00015289725698462543,-2.4741655876514557e-05,0.006028173173226477,0.4968972302103829,3.8854623883759647,-0.75,21,2026-05-06 09:30:00-04:00,2026-08-06 09:30:00-04:00
zscore_30,-1.5:-1.0,1,3331,7.318938703298882e-07,8.163731805010954e-06,0.0007372831924057567,0.5007505253677574,0.002927048934253978,0.25,21,2026-05-06 09:30:00-04:00,2026-08-06 09:30:00-04:00
zscore_30,-1.5:-1.0,3,3331,1.76686469119173e-05,0.0,0.0011855849781152886,0.4959471630141099,0.4785349744821375,0.0,21,2026-05-06 09:30:00-04:00,2026-08-06 09:30:00-04:00
zscore_30,-1.5:-1.0,5,3331,8.716558553116891e-06,1.690788583785796e-05,0.0015843275008498115,0.5067547283098168,0.2036175322725908,0.5,21,2026-05-06 09:30:00-04:00,2026-08-06 09:30:00-04:00
zscore_30,-1.5:-1.0,10,3331,-2.455142916315994e-05,2.5442918811569015e-05,0.0023298781454941324,0.5094566196337437,-0.7924046832782948,0.75,21,2026-05-06 09:30:00-04:00,2026-08-06 09:30:00-04:00
zscore_30,-1.5:-1.0,20,3331,-7.304045031261199e-05,-2.567328181557471e-05,0.0036495386003769364,0.4890423296307415,-2.3228760132092465,-0.75,21,2026-05-06 09:30:00-04:00,2026-08-06 09:30:00-04:00
zscore_30,-1.5:-1.0,30,3331,-1.5505741148234898e-05,-8.151885938834091e-06,0.004605598650219938,0.4995496847793455,-0.7584058841188832,-0.25,21,2026-05-06 09:30:00-04:00,2026-08-06 09:30:00-04:00
zscore_30,-1.5:-1.0,60,3329,0.00028218584957615716,1.7858896856015605e-05,0.0061115226738071874,0.5031541003304295,7.515244818263743,0.5,21,2026-05-06 09:30:00-04:00,2026-08-06 09:30:00-04:00
zscore_30,-2.0:-1.5,1,2455,-8.689897816673045e-06,0.0,0.0006023352739347391,0.4965376782077393,-0.24083503054989816,0.0,21,2026-05-06 09:30:00-04:00,2026-08-06 09:30:00-04:00
zscore_30,-2.0:-1.5,3,2455,-2.0337121875053617e-05,0.0,0.001124543398482594,0.4961303462321792,-0.5579429735234216,0.0,21,2026-05-06 09:30:00-04:00,2026-08-06 09:30:00-04:00
zscore_30,-2.0:-1.5,5,2455,-3.79302071714296e-05,-8.17233826944097e-06,0.0014944837370208263,0.49572301425661913,-1.0658859470468431,-0.25,21,2026-05-06 09:30:00-04:00,2026-08-06 09:30:00-04:00
zscore_30,-2.0:-1.5,10,2455,-1.3504079487958199e-05,0.0,0.0023728512933631407,0.49775967413441957,-0.3840122199592668,0.0,21,2026-05-06 09:30:00-04:00,2026-08-06 09:30:00-04:00
zscore_30,-2.0:-1.5,20,2455,1.3076902857301691e-05,-1.6353363478049943e-05,0.0033043563265780845,0.4965376782077393,0.35723014256619146,-0.5,21,2026-05-06 09:30:00-04:00,2026-08-06 09:30:00-04:00
zscore_30,-2.0:-1.5,30,2455,4.527173365390244e-05,8.641175199830542e-06,0.0041755323204360996,0.5022403258655804,1.3177189409368635,0.25,21,2026-05-06 09:30:00-04:00,2026-08-06 09:30:00-04:00
zscore_30,-2.0:-1.5,60,2452,0.0003642819677264531,8.517782640538041e-05,0.005636559063397459,0.5106035889070146,10.213703099510603,2.5,21,2026-05-06 09:30:00-04:00,2026-08-06 09:30:00-04:00
zscore_30,-2.5:-2.0,1,1162,-9.616307976125587e-06,1.691730026676108e-05,0.000988848232825244,0.5137693631669535,-0.3044320137693632,0.5,21,2026-05-06 09:30:00-04:00,2026-08-06 09:30:00-04:00
zscore_30,-2.5:-2.0,3,1162,1.21381755869364e-05,3.797152675133475e-05,0.0012480425649397363,0.5223752151462995,0.35628227194492257,1.125,21,2026-05-06 09:30:00-04:00,2026-08-06 09:30:00-04:00
zscore_30,-2.5:-2.0,5,1162,7.239582243856648e-05,0.0001006590784127237,0.001524627256204657,0.5395869191049913,2.1368330464716006,3.0,21,2026-05-06 09:30:00-04:00,2026-08-06 09:30:00-04:00
zscore_30,-2.5:-2.0,10,1162,6.129998023401514e-05,8.476207909557942e-05,0.0021743305206757776,0.5232358003442341,1.810025817555938,2.5,21,2026-05-06 09:30:00-04:00,2026-08-06 09:30:00-04:00
zscore_30,-2.5:-2.0,20,1162,3.616775866620782e-05,0.00012619072289554722,0.002892020977017585,0.5301204819277109,0.9827882960413081,3.75,21,2026-05-06 09:30:00-04:00,2026-08-06 09:30:00-04:00
zscore_30,-2.5:-2.0,30,1162,-3.400640677703631e-05,8.356915219165373e-06,0.0035128439656157613,0.5008605851979346,-1.0697074010327023,0.25,21,2026-05-06 09:30:00-04:00,2026-08-06 09:30:00-04:00
zscore_30,-2.5:-2.0,60,1158,0.00016587919649312645,0.00017672070500929227,0.005035161816282861,0.5259067357512953,4.564550949913644,5.125,21,2026-05-06 09:30:00-04:00,2026-08-06 09:30:00-04:00
zscore_30,0:1.0,1,6966,9.632192714033074e-07,0.0,0.0007404101152516989,0.49483204134366926,0.022753373528567326,0.0,21,2026-05-06 09:30:00-04:00,2026-08-06 09:30:00-04:00
zscore_30,0:1.0,3,6966,9.60069006675674e-06,0.0,0.0013756100262455203,0.49684180304335346,0.2588644846396784,0.0,21,2026-05-06 09:30:00-04:00,2026-08-06 09:30:00-04:00
zscore_30,0:1.0,5,6966,2.2711244537683458e-05,0.0,0.0017850354128453759,0.49655469422911286,0.61053689348263,0.0,21,2026-05-06 09:30:00-04:00,2026-08-06 09:30:00-04:00
zscore_30,0:1.0,10,6963,3.0827296761220295e-05,0.0,0.0023592511229536413,0.4996409593565992,0.7881660203935086,0.0,21,2026-05-06 09:30:00-04:00,2026-08-06 09:30:00-04:00
zscore_30,0:1.0,20,6958,9.669671395168215e-05,5.271924495586777e-05,0.0033536074846377563,0.5176774935326243,2.6299583213567117,1.5,21,2026-05-06 09:30:00-04:00,2026-08-06 09:30:00-04:00
zscore_30,0:1.0,30,6953,7.644379611394206e-05,0.00011906786868509656,0.0040290162217984805,0.5263914856896303,1.9391629512440673,3.5,21,2026-05-06 09:30:00-04:00,2026-08-06 09:30:00-04:00
zscore_30,0:1.0,60,6953,-1.397101303313228e-05,0.00019793651186383876,0.005760578430059751,0.5249532575866532,-0.8439522508269811,6.0,21,2026-05-06 09:30:00-04:00,2026-08-06 09:30:00-04:00
zscore_30,1.0:1.5,1,3865,1.2296209245196559e-05,8.412622298559214e-06,0.0005843947993943716,0.5050452781371281,0.3578266494178525,0.25,21,2026-05-06 09:30:00-04:00,2026-08-06 09:30:00-04:00
zscore_30,1.0:1.5,3,3865,4.805536439341504e-05,1.6734021101694196e-05,0.0010904560932989797,0.5104786545924968,1.3759379042690816,0.5,21,2026-05-06 09:30:00-04:00,2026-08-06 09:30:00-04:00
zscore_30,1.0:1.5,5,3863,6.721045353476758e-05,0.0,0.0013900671943263441,0.4988351022521356,1.9161273621537664,0.0,21,2026-05-06 09:30:00-04:00,2026-08-06 09:30:00-04:00
zscore_30,1.0:1.5,10,3862,7.03134672028652e-05,-8.134150545124896e-06,0.0019196375714221243,0.49585706887622993,1.9649145520455722,-0.25,21,2026-05-06 09:30:00-04:00,2026-08-06 09:30:00-04:00
zscore_30,1.0:1.5,20,3859,0.00013507824003001522,5.8905204695536284e-05,0.002845253786799272,0.5198237885462555,3.76425239699404,1.75,21,2026-05-06 09:30:00-04:00,2026-08-06 09:30:00-04:00
zscore_30,1.0:1.5,30,3859,0.00011838219164201642,0.00011090636090638206,0.003596121411703948,0.5242290748898678,3.192407359419539,3.25,21,2026-05-06 09:30:00-04:00,2026-08-06 09:30:00-04:00
zscore_30,1.0:1.5,60,3859,-1.585778627328105e-05,0.0002116097577491427,0.0051996759766112744,0.5291526302150816,-0.9217413837781808,6.25,21,2026-05-06 09:30:00-04:00,2026-08-06 09:30:00-04:00
zscore_30,1.5:2.0,1,2575,-1.1417045772699585e-05,8.20176337912315e-06,0.0008664003256689356,0.5033009708737864,-0.37087378640776697,0.25,21,2026-05-06 09:30:00-04:00,2026-08-06 09:30:00-04:00
zscore_30,1.5:2.0,3,2573,-1.0332876041727321e-05,8.41857136846258e-06,0.001066899596906297,0.5040808394869801,-0.3502720559657987,0.25,21,2026-05-06 09:30:00-04:00,2026-08-06 09:30:00-04:00
zscore_30,1.5:2.0,5,2573,-4.221622444575632e-06,4.957366646829442e-05,0.0013010467421619763,0.5270112708900117,-0.19529731830547997,1.5,21,2026-05-06 09:30:00-04:00,2026-08-06 09:30:00-04:00
zscore_30,1.5:2.0,10,2573,4.806551028068364e-05,4.90576836595924e-05,0.001806774664211507,0.5200155460551885,1.2990672366886902,1.5,21,2026-05-06 09:30:00-04:00,2026-08-06 09:30:00-04:00
zscore_30,1.5:2.0,20,2571,2.3760208213068216e-05,3.53497415050974e-05,0.0024958695048674356,0.5064177362893816,0.573026059898872,1.0,21,2026-05-06 09:30:00-04:00,2026-08-06 09:30:00-04:00
zscore_30,1.5:2.0,30,2571,-2.2228900575159884e-05,8.484138902331573e-05,0.0031683542613366047,0.5219758848697005,-0.8267211201866977,2.5,21,2026-05-06 09:30:00-04:00,2026-08-06 09:30:00-04:00
zscore_30,1.5:2.0,60,2571,2.3434540662408716e-05,0.0002744488152959246,0.005063186380356122,0.5363671723064956,0.32876312718786466,8.0,21,2026-05-06 09:30:00-04:00,2026-08-06 09:30:00-04:00
zscore_30,2.0:2.5,1,1052,-3.2966130365042724e-05,-8.620727485919577e-06,0.0006423840155943849,0.48098859315589354,-1.008555133079848,-0.25,21,2026-05-06 09:30:00-04:00,2026-08-06 09:30:00-04:00
zscore_30,2.0:2.5,3,1052,-6.834399899155843e-05,-8.679556494362028e-06,0.001022968721172322,0.4876425855513308,-2.0641634980988592,-0.25,21,2026-05-06 09:30:00-04:00,2026-08-06 09:30:00-04:00
zscore_30,2.0:2.5,5,1052,-6.540239046950823e-05,3.436744639695455e-05,0.0013747458784213835,0.5133079847908745,-1.9904942965779469,1.0,21,2026-05-06 09:30:00-04:00,2026-08-06 09:30:00-04:00
zscore_30,2.0:2.5,10,1052,-6.488909206085119e-05,4.1960901839721565e-05,0.0019337536141261057,0.5161596958174905,-2.015922053231939,1.25,21,2026-05-06 09:30:00-04:00,2026-08-06 09:30:00-04:00
zscore_30,2.0:2.5,20,1052,-7.12143009226981e-05,2.1272003730588018e-05,0.0027241678896364747,0.5057034220532319,-2.30180608365019,0.625,21,2026-05-06 09:30:00-04:00,2026-08-06 09:30:00-04:00
zscore_30,2.0:2.5,30,1052,-0.00013225557421435056,2.5088577776499754e-05,0.0032511283129011454,0.5047528517110266,-4.070817490494297,0.75,21,2026-05-06 09:30:00-04:00,2026-08-06 09:30:00-04:00
zscore_30,2.0:2.5,60,1052,-0.0003064710916576833,5.8307143702251985e-05,0.004520562172989104,0.5095057034220533,-9.2412072243346,1.75,21,2026-05-06 09:30:00-04:00,2026-08-06 09:30:00-04:00
zscore_30,<=-2.5,1,522,3.481420055755702e-05,4.178616980343719e-05,0.0008548292648297124,0.5363984674329502,1.0402298850574712,1.25,21,2026-05-06 09:30:00-04:00,2026-08-06 09:30:00-04:00
zscore_30,<=-2.5,3,522,1.8800285693427577e-05,0.00011687962718731626,0.0015302127845045674,0.5651340996168582,0.5205938697318008,3.5,21,2026-05-06 09:30:00-04:00,2026-08-06 09:30:00-04:00
zscore_30,<=-2.5,5,522,8.600613316183459e-05,0.00018838754785177603,0.0018863739610135144,0.5689655172413793,2.4875478927203063,5.75,21,2026-05-06 09:30:00-04:00,2026-08-06 09:30:00-04:00
zscore_30,<=-2.5,10,522,6.703922802597412e-06,0.00017020595474670497,0.002692300706948264,0.5459770114942529,0.1336206896551724,4.875,21,2026-05-06 09:30:00-04:00,2026-08-06 09:30:00-04:00
zscore_30,<=-2.5,20,522,9.642629920722288e-05,0.000450641617154135,0.003431437056518949,0.5804597701149425,2.7940613026819925,13.25,21,2026-05-06 09:30:00-04:00,2026-08-06 09:30:00-04:00
zscore_30,<=-2.5,30,522,0.0004965599180992903,0.00029759244434668375,0.004011168561681161,0.5555555555555556,14.441091954022989,8.875,21,2026-05-06 09:30:00-04:00,2026-08-06 09:30:00-04:00
zscore_30,<=-2.5,60,520,0.0006039327919086922,0.0006977361241542468,0.005989056283929554,0.5942307692307692,17.434615384615384,20.875,21,2026-05-06 09:30:00-04:00,2026-08-06 09:30:00-04:00
zscore_30,>=2.5,1,419,2.726729663019681e-05,-2.4616394518783835e-05,0.0007683683454714784,0.46539379474940334,0.7917661097852029,-0.75,21,2026-05-06 09:30:00-04:00,2026-08-06 09:30:00-04:00
zscore_30,>=2.5,3,419,-3.091318198516582e-05,-5.01119166137487e-05,0.002048986055100475,0.48687350835322196,-1.097255369928401,-1.5,21,2026-05-06 09:30:00-04:00,2026-08-06 09:30:00-04:00
zscore_30,>=2.5,5,419,-3.874448685586933e-06,-8.343066911442598e-06,0.002290585503822228,0.4964200477326969,-0.32816229116945106,-0.25,21,2026-05-06 09:30:00-04:00,2026-08-06 09:30:00-04:00
zscore_30,>=2.5,10,419,0.00013236997303052979,0.00016269024590620518,0.0026333107140703044,0.548926014319809,3.6873508353221958,5.0,21,2026-05-06 09:30:00-04:00,2026-08-06 09:30:00-04:00
zscore_30,>=2.5,20,419,0.0003350362189855926,8.786188112286375e-05,0.0034203851612646004,0.513126491646778,9.652147971360382,2.5,21,2026-05-06 09:30:00-04:00,2026-08-06 09:30:00-04:00
zscore_30,>=2.5,30,419,0.000147877425889871,-3.3407944409202806e-05,0.003889569097299918,0.49403341288782815,4.244033412887828,-1.0,21,2026-05-06 09:30:00-04:00,2026-08-06 09:30:00-04:00
zscore_30,>=2.5,60,419,-0.00027453716343887056,-0.00019019460366043184,0.005367940132797893,0.477326968973747,-8.55310262529833,-5.5,21,2026-05-06 09:30:00-04:00,2026-08-06 09:30:00-04:00
zscore_60,-1.0:0,1,6304,1.6765382010661046e-05,0.0,0.0008765916313843961,0.49857233502538073,0.47806947969543145,0.0,21,2026-05-06 09:30:00-04:00,2026-08-06 09:30:00-04:00
zscore_60,-1.0:0,3,6304,1.2144324176364346e-05,0.0,0.0016331161402319055,0.4930203045685279,0.31448286802030456,0.0,21,2026-05-06 09:30:00-04:00,2026-08-06 09:30:00-04:00
zscore_60,-1.0:0,5,6304,-2.568081114155167e-06,-1.6358781548653223e-05,0.002069882014657724,0.4901649746192893,-0.12611040609137056,-0.5,21,2026-05-06 09:30:00-04:00,2026-08-06 09:30:00-04:00
zscore_60,-1.0:0,10,6300,-5.991058320872582e-06,-8.598235189394288e-06,0.0029639588775735035,0.49523809523809526,-0.28095238095238095,-0.25,21,2026-05-06 09:30:00-04:00,2026-08-06 09:30:00-04:00
zscore_60,-1.0:0,20,6290,6.01919692488929e-05,-1.2635617342993122e-05,0.004170951528341739,0.49411764705882355,1.5488076311605723,-0.375,21,2026-05-06 09:30:00-04:00,2026-08-06 09:30:00-04:00
zscore_60,-1.0:0,30,6282,0.0001997004447913063,4.891869405143634e-05,0.004737195193851009,0.5133715377268386,5.504417382999045,1.5,21,2026-05-06 09:30:00-04:00,2026-08-06 09:30:00-04:00
zscore_60,-1.0:0,60,6282,0.00026273695439667704,-4.074049931579449e-06,0.005884309751639857,0.4990448901623687,7.280046163642152,-0.125,21,2026-05-06 09:30:00-04:00,2026-08-06 09:30:00-04:00
zscore_60,-1.5:-1.0,1,3136,-2.6797900896646465e-05,0.0,0.0007863196042063723,0.4968112244897959,-0.7914540816326531,0.0,21,2026-05-06 09:30:00-04:00,2026-08-06 09:30:00-04:00
zscore_60,-1.5:-1.0,3,3136,-3.2669398760339e-05,0.0,0.0012896072968700974,0.4987244897959184,-0.9791932397959183,0.0,21,2026-05-06 09:30:00-04:00,2026-08-06 09:30:00-04:00
zscore_60,-1.5:-1.0,5,3136,-3.914719346060139e-05,8.57739646553668e-06,0.001682834382403162,0.5019132653061225,-1.1768176020408163,0.25,21,2026-05-06 09:30:00-04:00,2026-08-06 09:30:00-04:00
zscore_60,-1.5:-1.0,10,3136,9.930187401256758e-07,0.0,0.002447509688006301,0.4968112244897959,-0.01905293367346939,0.0,21,2026-05-06 09:30:00-04:00,2026-08-06 09:30:00-04:00
zscore_60,-1.5:-1.0,20,3136,2.8344754425579884e-05,8.534720782993332e-06,0.0035171189009572407,0.5009566326530612,0.6401466836734694,0.25,21,2026-05-06 09:30:00-04:00,2026-08-06 09:30:00-04:00
zscore_60,-1.5:-1.0,30,3134,0.0001753380913711827,6.915813388286285e-05,0.004548097593202622,0.5121250797702617,4.718091895341416,2.0,21,2026-05-06 09:30:00-04:00,2026-08-06 09:30:00-04:00
zscore_60,-1.5:-1.0,60,3117,0.0004656111299779314,-7.863489816783975e-05,0.006580606977082146,0.49406480590311197,12.35763554700032,-2.25,21,2026-05-06 09:30:00-04:00,2026-08-06 09:30:00-04:00
zscore_60,-2.0:-1.5,1,2381,1.137670579691964e-06,-1.6808558918168792e-05,0.000680071059016696,0.48173036539269215,0.03622427551448971,-0.5,21,2026-05-06 09:30:00-04:00,2026-08-06 09:30:00-04:00
zscore_60,-2.0:-1.5,3,2381,1.6492467443970427e-05,-3.396421869561461e-05,0.0011415461817234776,0.48047039059218816,0.49212515749685004,-1.0,21,2026-05-06 09:30:00-04:00,2026-08-06 09:30:00-04:00
zscore_60,-2.0:-1.5,5,2381,2.9392083117531208e-05,-1.6359918200370416e-05,0.0014893669015681229,0.49265014699706006,0.8545779084418311,-0.5,21,2026-05-06 09:30:00-04:00,2026-08-06 09:30:00-04:00
zscore_60,-2.0:-1.5,10,2381,3.7839926282514464e-05,-1.684536794499536e-05,0.002102808323444779,0.49181016379672404,1.0556488870222596,-0.5,21,2026-05-06 09:30:00-04:00,2026-08-06 09:30:00-04:00
zscore_60,-2.0:-1.5,20,2381,5.02457084389693e-05,-6.822678583606745e-05,0.0030771768290075766,0.48173036539269215,1.3542629147417051,-2.0,21,2026-05-06 09:30:00-04:00,2026-08-06 09:30:00-04:00
zscore_60,-2.0:-1.5,30,2381,3.5707240431908078e-06,-6.90888050227656e-05,0.0038639136209494013,0.47963040739185214,-0.020474590508189835,-2.0,21,2026-05-06 09:30:00-04:00,2026-08-06 09:30:00-04:00
zscore_60,-2.0:-1.5,60,2378,0.00020196974834873425,-0.00012652777554322814,0.005828681839513316,0.4819175777964676,5.161375105130362,-3.75,21,2026-05-06 09:30:00-04:00,2026-08-06 09:30:00-04:00
zscore_60,-2.5:-2.0,1,1191,2.2470539729906926e-05,2.5621754577764833e-05,0.0006609931429710038,0.5239294710327456,0.6696053736356004,0.75,21,2026-05-06 09:30:00-04:00,2026-08-06 09:30:00-04:00
zscore_60,-2.5:-2.0,3,1191,6.30714307067548e-05,4.886550583949045e-05,0.0010701690239240328,0.5222502099076406,1.866288832913518,1.5,21,2026-05-06 09:30:00-04:00,2026-08-06 09:30:00-04:00
zscore_60,-2.5:-2.0,5,1191,8.076453398569533e-05,5.261127284206246e-05,0.0013375554724854976,0.5289672544080605,2.4021830394626362,1.5,21,2026-05-06 09:30:00-04:00,2026-08-06 09:30:00-04:00
zscore_60,-2.5:-2.0,10,1191,0.00011012788323322965,4.162781404026816e-05,0.00190421249763242,0.5121746431570109,3.29575986565911,1.25,21,2026-05-06 09:30:00-04:00,2026-08-06 09:30:00-04:00
zscore_60,-2.5:-2.0,20,1191,0.00022092382697300108,0.0002227826443408354,0.002599358225157574,0.5365239294710328,6.499370277078086,6.5,21,2026-05-06 09:30:00-04:00,2026-08-06 09:30:00-04:00
zscore_60,-2.5:-2.0,30,1191,0.00025446532161052673,9.160941078500962e-05,0.0033584088249338636,0.5214105793450882,7.530226700251889,2.75,21,2026-05-06 09:30:00-04:00,2026-08-06 09:30:00-04:00
zscore_60,-2.5:-2.0,60,1187,0.0003237398423011142,0.0001548960045436587,0.005240334211132332,0.531592249368155,9.03664700926706,4.5,21,2026-05-06 09:30:00-04:00,2026-08-06 09:30:00-04:00
zscore_60,0:1.0,1,7141,2.750115810844881e-06,8.289124668436898e-06,0.0006608279236997777,0.5021705643467301,0.07512953367875648,0.25,21,2026-05-06 09:30:00-04:00,2026-08-06 09:30:00-04:00
zscore_60,0:1.0,3,7140,1.925244133539866e-05,8.491920058140145e-06,0.0011349774408852347,0.5044817927170868,0.5481442577030813,0.25,21,2026-05-06 09:30:00-04:00,2026-08-06 09:30:00-04:00
zscore_60,0:1.0,5,7138,3.117446055366666e-05,8.568769688466205e-06,0.0015820412755451826,0.5040627626786215,0.8571378537405435,0.25,21,2026-05-06 09:30:00-04:00,2026-08-06 09:30:00-04:00
zscore_60,0:1.0,10,7137,4.0341064168698864e-05,3.253778450229561e-05,0.0022595774864576585,0.5128205128205128,1.0604946055765727,1.0,21,2026-05-06 09:30:00-04:00,2026-08-06 09:30:00-04:00
zscore_60,0:1.0,20,7137,3.0480232775300547e-05,4.105899356199316e-05,0.003379516822212276,0.511279248984167,0.6370323665405633,1.25,21,2026-05-06 09:30:00-04:00,2026-08-06 09:30:00-04:00
zscore_60,0:1.0,30,7137,-6.59563641234198e-05,7.648768548262908e-05,0.004342467583957593,0.5160431553874176,-2.2843631778058007,2.25,21,2026-05-06 09:30:00-04:00,2026-08-06 09:30:00-04:00
zscore_60,0:1.0,60,7137,-1.4324443679909581e-05,0.00016832749798001423,0.005596280962652265,0.5219279809443744,-0.6240016813787306,5.0,21,2026-05-06 09:30:00-04:00,2026-08-06 09:30:00-04:00
zscore_60,1.0:1.5,1,3797,-1.728888280409089e-05,0.0,0.0007436557775624015,0.49223070845404265,-0.5230445088227548,0.0,21,2026-05-06 09:30:00-04:00,2026-08-06 09:30:00-04:00
zscore_60,1.0:1.5,3,3796,-3.6945312474114664e-05,-8.510328447175475e-06,0.0010378831566703526,0.488145416227608,-1.1128161222339306,-0.25,21,2026-05-06 09:30:00-04:00,2026-08-06 09:30:00-04:00
zscore_60,1.0:1.5,5,3796,-3.4795265097942636e-05,-1.683769793853207e-05,0.0012494748785135347,0.49077976817702845,-1.0547286617492098,-0.5,21,2026-05-06 09:30:00-04:00,2026-08-06 09:30:00-04:00
zscore_60,1.0:1.5,10,3796,-5.048847454607938e-05,-1.6685207851252493e-05,0.0016612651069763979,0.49130663856691253,-1.556836143308746,-0.5,21,2026-05-06 09:30:00-04:00,2026-08-06 09:30:00-04:00
zscore_60,1.0:1.5,20,3796,-4.717354139076385e-05,5.156079851553752e-05,0.0025290144385836273,0.5176501580611169,-1.4994731296101158,1.5,21,2026-05-06 09:30:00-04:00,2026-08-06 09:30:00-04:00
zscore_60,1.0:1.5,30,3796,-3.409174808394293e-05,0.00015126351498284674,0.0032311970815698896,0.5305584826132771,-1.2103530031612224,4.5,21,2026-05-06 09:30:00-04:00,2026-08-06 09:30:00-04:00
zscore_60,1.0:1.5,60,3796,-9.391242702062234e-05,0.0003904671064155485,0.005217681515442911,0.554004214963119,-3.2633693361433087,11.25,21,2026-05-06 09:30:00-04:00,2026-08-06 09:30:00-04:00
zscore_60,1.5:2.0,1,2554,5.361506641644103e-06,0.0,0.00046172696172562067,0.49960845732184805,0.14536021926389978,0.0,21,2026-05-06 09:30:00-04:00,2026-08-06 09:30:00-04:00
zscore_60,1.5:2.0,3,2554,1.5971491834193564e-05,2.9482787262113952e-05,0.0008141012270299558,0.5184025058731402,0.4320673453406421,0.875,21,2026-05-06 09:30:00-04:00,2026-08-06 09:30:00-04:00
zscore_60,1.5:2.0,5,2554,1.750037017063861e-05,4.1943775546449125e-05,0.0011460532306986947,0.5270164447924823,0.4435199686765858,1.25,21,2026-05-06 09:30:00-04:00,2026-08-06 09:30:00-04:00
zscore_60,1.5:2.0,10,2554,1.2616367220198878e-05,6.977406661157204e-05,0.0017082734610737557,0.5211433046202036,0.27633124510571655,2.0,21,2026-05-06 09:30:00-04:00,2026-08-06 09:30:00-04:00
zscore_60,1.5:2.0,20,2554,-2.30909006870906e-05,4.2517533873298596e-05,0.0023279595310860125,0.5133124510571653,-0.7964956930305404,1.25,21,2026-05-06 09:30:00-04:00,2026-08-06 09:30:00-04:00
zscore_60,1.5:2.0,30,2554,8.88721806720861e-06,0.00012579085978692284,0.0028937249398626984,0.5352388410336727,0.1403680501174628,3.75,21,2026-05-06 09:30:00-04:00,2026-08-06 09:30:00-04:00
zscore_60,1.5:2.0,60,2554,-2.1620854711270885e-05,0.00025956953360384283,0.004728709686637361,0.5387627251370399,-0.9486100234925607,7.625,21,2026-05-06 09:30:00-04:00,2026-08-06 09:30:00-04:00
zscore_60,2.0:2.5,1,1108,1.2432715075273609e-05,1.6554017869818693e-05,0.0005992392102497468,0.5144404332129964,0.3483754512635379,0.5,21,2026-05-06 09:30:00-04:00,2026-08-06 09:30:00-04:00
zscore_60,2.0:2.5,3,1108,1.3642575226538515e-05,8.840508195717689e-06,0.0013565359229267097,0.5036101083032491,0.33212996389891697,0.25,21,2026-05-06 09:30:00-04:00,2026-08-06 09:30:00-04:00
zscore_60,2.0:2.5,5,1108,2.6362367497231694e-05,6.787973411170878e-05,0.0015773880721982076,0.5415162454873647,0.6838898916967509,2.0,21,2026-05-06 09:30:00-04:00,2026-08-06 09:30:00-04:00
zscore_60,2.0:2.5,10,1108,3.09345450133277e-05,5.6941145801903126e-05,0.0020055031727840913,0.5252707581227437,0.7181859205776173,1.75,21,2026-05-06 09:30:00-04:00,2026-08-06 09:30:00-04:00
zscore_60,2.0:2.5,20,1108,-0.00013996675821668488,-0.00011498030426287942,0.002558284612464586,0.463898916967509,-4.379963898916968,-3.5,21,2026-05-06 09:30:00-04:00,2026-08-06 09:30:00-04:00
zscore_60,2.0:2.5,30,1108,-0.0003673559624218386,-3.311869643302101e-05,0.003274553790453541,0.48646209386281586,-10.972247292418773,-1.0,21,2026-05-06 09:30:00-04:00,2026-08-06 09:30:00-04:00
zscore_60,2.0:2.5,60,1108,-0.0005544632063294062,-5.7905545657765956e-05,0.005223543430238609,0.49097472924187724,-16.767373646209386,-1.75,21,2026-05-06 09:30:00-04:00,2026-08-06 09:30:00-04:00
zscore_60,<=-2.5,1,726,3.379821732746925e-05,4.3019484035289324e-05,0.0008310863027554978,0.5289256198347108,1.006198347107438,1.25,21,2026-05-06 09:30:00-04:00,2026-08-06 09:30:00-04:00
zscore_60,<=-2.5,3,726,4.025639460086246e-05,9.215515138705221e-05,0.0014302213271345423,0.5358126721763086,1.212809917355372,2.75,21,2026-05-06 09:30:00-04:00,2026-08-06 09:30:00-04:00
zscore_60,<=-2.5,5,726,9.687785222733657e-05,0.00017602175605746506,0.0016673716058210107,0.5550964187327824,2.9307851239669422,5.25,21,2026-05-06 09:30:00-04:00,2026-08-06 09:30:00-04:00
zscore_60,<=-2.5,10,726,8.41092137680089e-05,0.00025333710091024475,0.0024287486034892105,0.559228650137741,2.569559228650138,7.5,21,2026-05-06 09:30:00-04:00,2026-08-06 09:30:00-04:00
zscore_60,<=-2.5,20,726,0.00013700477368568556,0.00040082085570991577,0.0028778338052451273,0.5757575757575758,4.273071625344353,11.875,21,2026-05-06 09:30:00-04:00,2026-08-06 09:30:00-04:00
zscore_60,<=-2.5,30,726,0.0004339289131032855,0.00027500870369912,0.00360852222302987,0.5482093663911846,12.938016528925619,8.125,21,2026-05-06 09:30:00-04:00,2026-08-06 09:30:00-04:00
zscore_60,<=-2.5,60,720,0.000600114112696458,0.0006359255127804664,0.005353381921999767,0.5777777777777777,17.68402777777778,19.0,21,2026-05-06 09:30:00-04:00,2026-08-06 09:30:00-04:00
zscore_60,>=2.5,1,641,-9.921920270001834e-06,0.0,0.000784094107816948,0.49453978159126366,-0.3233229329173167,0.0,21,2026-05-06 09:30:00-04:00,2026-08-06 09:30:00-04:00
zscore_60,>=2.5,3,641,-3.4439134697412e-05,8.203580042387415e-06,0.0013031603349992478,0.500780031201248,-1.0967238689547583,0.25,21,2026-05-06 09:30:00-04:00,2026-08-06 09:30:00-04:00
zscore_60,>=2.5,5,641,-2.653137293987818e-05,4.079601178186287e-05,0.0015689060682812566,0.516380655226209,-0.8666146645865834,1.25,21,2026-05-06 09:30:00-04:00,2026-08-06 09:30:00-04:00
zscore_60,>=2.5,10,641,0.00011465139680022236,0.00018784313390662888,0.0020588176279170375,0.5507020280811232,3.361154446177847,5.5,21,2026-05-06 09:30:00-04:00,2026-08-06 09:30:00-04:00
zscore_60,>=2.5,20,641,0.0002808294035575277,0.00015777323833732204,0.0030593808804223245,0.5351014040561622,8.24804992199688,4.75,21,2026-05-06 09:30:00-04:00,2026-08-06 09:30:00-04:00
zscore_60,>=2.5,30,641,-4.432098100317601e-05,-0.00020398671638499621,0.0037939087692011693,0.46333853354134164,-1.2940717628705147,-6.0,21,2026-05-06 09:30:00-04:00,2026-08-06 09:30:00-04:00
zscore_60,>=2.5,60,641,-0.0007125764781658981,-8.202368844134611e-06,0.005988836972842416,0.49765990639625585,-21.75117004680187,-0.25,21,2026-05-06 09:30:00-04:00,2026-08-06 09:30:00-04:00
zscore_30,-1.0:0,1,1569,-1.6826176857226927e-05,-8.310824849311338e-06,0.0003500082217019706,0.4843849585723391,-0.5003186743148502,-0.25,22,2026-08-06 09:30:00-04:00,2026-08-26 16:59:00-04:00
zscore_30,-1.0:0,3,1569,-3.5311516676311694e-05,-2.5315601161146617e-05,0.0006520401011639408,0.4665391969407266,-1.0552899936265137,-0.75,22,2026-08-06 09:30:00-04:00,2026-08-26 16:59:00-04:00
zscore_30,-1.0:0,5,1569,-3.107199312752328e-05,-3.3702658297163346e-05,0.0008569632005615224,0.4697259400892288,-0.9289356277884002,-1.0,22,2026-08-06 09:30:00-04:00,2026-08-26 16:59:00-04:00
zscore_30,-1.0:0,10,1569,-7.413971241840051e-05,-3.356690303357723e-05,0.0012933289116490649,0.47609942638623326,-2.2240280433397066,-1.0,22,2026-08-06 09:30:00-04:00,2026-08-26 16:59:00-04:00
zscore_30,-1.0:0,20,1565,3.4428342166410876e-05,-2.521432173474558e-05,0.0018703367069913184,0.48881789137380194,0.9591054313099041,-0.75,22,2026-08-06 09:30:00-04:00,2026-08-26 16:59:00-04:00
zscore_30,-1.0:0,30,1561,0.0001551777597535037,5.1394944450722235e-05,0.0024479365610265203,0.5144138372837924,4.4881486226777705,1.5,22,2026-08-06 09:30:00-04:00,2026-08-26 16:59:00-04:00
zscore_30,-1.0:0,60,1553,-2.0061102252924266e-06,-5.121770083738042e-05,0.0035401404784079524,0.4880875724404379,-0.2764005151320026,-1.5,22,2026-08-06 09:30:00-04:00,2026-08-26 16:59:00-04:00
zscore_30,-1.5:-1.0,1,904,-3.254898764306074e-08,0.0,0.00034009820116596805,0.4911504424778761,-0.0022123893805309734,0.0,22,2026-08-06 09:30:00-04:00,2026-08-26 16:59:00-04:00
zscore_30,-1.5:-1.0,3,904,3.7508108240867116e-06,-8.314453949220812e-06,0.0005931521198174963,0.49004424778761063,0.11421460176991151,-0.25,22,2026-08-06 09:30:00-04:00,2026-08-26 16:59:00-04:00
zscore_30,-1.5:-1.0,5,904,1.5057503719354066e-05,-8.451906995388114e-06,0.000747998162017792,0.48672566371681414,0.4416482300884956,-0.25,22,2026-08-06 09:30:00-04:00,2026-08-26 16:59:00-04:00
zscore_30,-1.5:-1.0,10,904,3.3325117957626804e-05,-8.548910059469339e-06,0.0010267433263675438,0.4944690265486726,0.9679203539823009,-0.25,22,2026-08-06 09:30:00-04:00,2026-08-26 16:59:00-04:00
zscore_30,-1.5:-1.0,20,904,6.677969827217617e-05,-2.5434843753502356e-05,0.0014796945273898477,0.48783185840707965,1.9261615044247788,-0.75,22,2026-08-06 09:30:00-04:00,2026-08-26 16:59:00-04:00
zscore_30,-1.5:-1.0,30,900,0.00013659170385220144,-1.2763133265980553e-05,0.0019323467156568133,0.49444444444444446,3.946388888888889,-0.375,22,2026-08-06 09:30:00-04:00,2026-08-26 16:59:00-04:00
zscore_30,-1.5:-1.0,60,899,0.0001664418663301177,0.00010970186408787441,0.003303528580806599,0.5183537263626251,4.803948832035595,3.25,22,2026-08-06 09:30:00-04:00,2026-08-26 16:59:00-04:00
zscore_30,-2.0:-1.5,1,626,2.623803526797123e-05,8.49955770509947e-06,0.0003644752736194029,0.5063897763578274,0.7779552715654952,0.25,22,2026-08-06 09:30:00-04:00,2026-08-26 16:59:00-04:00
zscore_30,-2.0:-1.5,3,626,6.705912640048197e-05,3.3998747144270425e-05,0.0006067535347982061,0.5287539936102237,1.9812300319488818,1.0,22,2026-08-06 09:30:00-04:00,2026-08-26 16:59:00-04:00
zscore_30,-2.0:-1.5,5,626,6.9164759291178e-05,1.7024031915280347e-05,0.000715810245660551,0.5191693290734825,2.0463258785942493,0.5,22,2026-08-06 09:30:00-04:00,2026-08-26 16:59:00-04:00
zscore_30,-2.0:-1.5,10,626,3.695180371876053e-05,-4.156984426301191e-05,0.0011151399195508279,0.4840255591054313,1.0854632587859425,-1.25,22,2026-08-06 09:30:00-04:00,2026-08-26 16:59:00-04:00
zscore_30,-2.0:-1.5,20,626,6.187539462834067e-06,-4.206018392077793e-05,0.0016145083785213618,0.4744408945686901,0.12460063897763578,-1.25,22,2026-08-06 09:30:00-04:00,2026-08-26 16:59:00-04:00
zscore_30,-2.0:-1.5,30,626,1.7873649426090456e-05,-6.317997935345598e-05,0.0020486976230549925,0.4776357827476038,0.41533546325878595,-1.875,22,2026-08-06 09:30:00-04:00,2026-08-26 16:59:00-04:00
zscore_30,-2.0:-1.5,60,625,5.7417701767725226e-05,8.506584096079628e-05,0.0032301420890090545,0.5152,1.4628,2.5,22,2026-08-06 09:30:00-04:00,2026-08-26 16:59:00-04:00
zscore_30,-2.5:-2.0,1,306,3.698979844329403e-05,1.7097644674057833e-05,0.0008677784362746671,0.5392156862745098,1.0923202614379084,0.5,22,2026-08-06 09:30:00-04:00,2026-08-26 16:59:00-04:00
zscore_30,-2.5:-2.0,3,306,0.0001522766887547361,2.560142871654847e-05,0.0012063602416982199,0.5294117647058824,4.499183006535947,0.75,22,2026-08-06 09:30:00-04:00,2026-08-26 16:59:00-04:00
zscore_30,-2.5:-2.0,5,306,0.00021946952807361906,3.84745581044621e-05,0.0014253733329804585,0.5392156862745098,6.481209150326797,1.125,22,2026-08-06 09:30:00-04:00,2026-08-26 16:59:00-04:00
zscore_30,-2.5:-2.0,10,306,0.0002959613708885668,6.729992530940532e-05,0.0017860897332243996,0.5490196078431373,8.75,2.0,22,2026-08-06 09:30:00-04:00,2026-08-26 16:59:00-04:00
zscore_30,-2.5:-2.0,20,306,0.000227058088237437,2.5109579255833125e-05,0.002621012697682993,0.5163398692810458,6.646241830065359,0.75,22,2026-08-06 09:30:00-04:00,2026-08-26 16:59:00-04:00
zscore_30,-2.5:-2.0,30,306,0.0002023209807465089,0.00024326232434146444,0.0031871307178280247,0.5555555555555556,5.792483660130719,7.25,22,2026-08-06 09:30:00-04:00,2026-08-26 16:59:00-04:00
zscore_30,-2.5:-2.0,60,306,0.0002884877496797804,0.0003936506376668314,0.003919419467825398,0.5751633986928104,8.230392156862745,11.75,22,2026-08-06 09:30:00-04:00,2026-08-26 16:59:00-04:00
zscore_30,0:1.0,1,1438,-6.051645428532249e-06,0.0,0.00031999979642883815,0.48817802503477054,-0.17976356050069542,0.0,22,2026-08-06 09:30:00-04:00,2026-08-26 16:59:00-04:00
zscore_30,0:1.0,3,1438,-3.533261760604291e-05,-2.489554356793766e-05,0.0006412547087752157,0.47913769123783034,-1.049374130737135,-0.75,22,2026-08-06 09:30:00-04:00,2026-08-26 16:59:00-04:00
zscore_30,0:1.0,5,1438,-8.232507155397114e-05,-3.3722414360781716e-05,0.0009170524339551475,0.47009735744089015,-2.452364394993046,-1.0,22,2026-08-06 09:30:00-04:00,2026-08-26 16:59:00-04:00
zscore_30,0:1.0,10,1438,-6.507273208013339e-05,-8.268746485851075e-05,0.0013838953071766023,0.4610570236439499,-1.9685326842837274,-2.5,22,2026-08-06 09:30:00-04:00,2026-08-26 16:59:00-04:00
zscore_30,0:1.0,20,1433,-4.98454064310675e-05,-0.0001411374014114175,0.001959499630492358,0.44173063503140264,-1.5615840893230983,-4.25,22,2026-08-06 09:30:00-04:00,2026-08-26 16:59:00-04:00
zscore_30,0:1.0,30,1431,-6.0650205053546324e-05,-0.00016807005159746868,0.0023480712657885806,0.45143256464011183,-1.871069182389937,-5.0,22,2026-08-06 09:30:00-04:00,2026-08-26 16:59:00-04:00
zscore_30,0:1.0,60,1426,-0.0001925432659877122,-0.00024608245925655803,0.0026829741287515605,0.42917251051893407,-5.788920056100982,-7.25,22,2026-08-06 09:30:00-04:00,2026-08-26 16:59:00-04:00
zscore_30,1.0:1.5,1,822,2.5654047776915557e-06,0.0,0.0003032545298347619,0.4975669099756691,0.07147201946472019,0.0,22,2026-08-06 09:30:00-04:00,2026-08-26 16:59:00-04:00
zscore_30,1.0:1.5,3,822,1.2662831371889144e-06,8.272838601608434e-06,0.000741844865356579,0.5048661800486618,0.023418491484184914,0.25,22,2026-08-06 09:30:00-04:00,2026-08-26 16:59:00-04:00
zscore_30,1.0:1.5,5,822,2.916542963305861e-05,8.379519908952027e-06,0.0009545613779327173,0.5048661800486618,0.8503649635036497,0.25,22,2026-08-06 09:30:00-04:00,2026-08-26 16:59:00-04:00
zscore_30,1.0:1.5,10,822,3.2298580282244613e-05,4.6528975506832104e-05,0.001110314298995836,0.5291970802919708,0.9504257907542579,1.375,22,2026-08-06 09:30:00-04:00,2026-08-26 16:59:00-04:00
zscore_30,1.0:1.5,20,822,-9.584543433442128e-05,-0.00011661219202296902,0.0016013426673582012,0.46715328467153283,-2.833029197080292,-3.5,22,2026-08-06 09:30:00-04:00,2026-08-26 16:59:00-04:00
zscore_30,1.0:1.5,30,822,-0.00020593923700539213,-0.0002148972491568535,0.001963626126588322,0.43552311435523117,-6.094282238442823,-6.375,22,2026-08-06 09:30:00-04:00,2026-08-26 16:59:00-04:00
zscore_30,1.0:1.5,60,813,-0.00029968473829759774,-0.0002823216806443485,0.0023502844414953475,0.43419434194341944,-8.925276752767529,-8.5,22,2026-08-06 09:30:00-04:00,2026-08-26 16:59:00-04:00
zscore_30,1.5:2.0,1,608,-1.0422840274182352e-05,0.0,0.0007246255288169242,0.4901315789473684,-0.3129111842105263,0.0,22,2026-08-06 09:30:00-04:00,2026-08-26 16:59:00-04:00
zscore_30,1.5:2.0,3,606,-3.6666365889949263e-05,0.0,0.0009449218214323991,0.49174917491749176,-1.0928217821782178,0.0,22,2026-08-06 09:30:00-04:00,2026-08-26 16:59:00-04:00
zscore_30,1.5:2.0,5,604,-2.286019079501776e-05,0.0,0.001101850096872446,0.4966887417218543,-0.6945364238410596,0.0,22,2026-08-06 09:30:00-04:00,2026-08-26 16:59:00-04:00
zscore_30,1.5:2.0,10,604,-8.015031071325346e-06,4.142387327943364e-05,0.0012559358422420438,0.5215231788079471,-0.2599337748344371,1.25,22,2026-08-06 09:30:00-04:00,2026-08-26 16:59:00-04:00
zscore_30,1.5:2.0,20,603,-0.00022018461874611294,-0.0001203214301060962,0.0016994182683941522,0.4494195688225539,-6.509535655058043,-3.5,22,2026-08-06 09:30:00-04:00,2026-08-26 16:59:00-04:00
zscore_30,1.5:2.0,30,603,-0.00035573501488133204,-0.0003239552443370375,0.0020171460102922437,0.40630182421227196,-10.516583747927031,-9.75,22,2026-08-06 09:30:00-04:00,2026-08-26 16:59:00-04:00
zscore_30,1.5:2.0,60,599,-6.626246896776688e-05,-0.0001944702798680753,0.0027589283300188225,0.4590984974958264,-1.9728714524207012,-5.75,22,2026-08-06 09:30:00-04:00,2026-08-26 16:59:00-04:00
zscore_30,2.0:2.5,1,259,-2.3912529166160076e-05,0.0,0.00033077800833499903,0.4942084942084942,-0.722007722007722,0.0,22,2026-08-06 09:30:00-04:00,2026-08-26 16:59:00-04:00
zscore_30,2.0:2.5,3,259,5.371074196087973e-05,2.529766924141974e-05,0.0006909732278829654,0.5173745173745173,1.5714285714285714,0.75,22,2026-08-06 09:30:00-04:00,2026-08-26 16:59:00-04:00
zscore_30,2.0:2.5,5,259,3.850193312644622e-05,2.507522567696263e-05,0.0011226851600417186,0.525096525096525,1.0936293436293436,0.75,22,2026-08-06 09:30:00-04:00,2026-08-26 16:59:00-04:00
zscore_30,2.0:2.5,10,256,3.4325673894783706e-05,-2.9481504103756606e-05,0.001275371833433434,0.48828125,0.97265625,-0.875,22,2026-08-06 09:30:00-04:00,2026-08-26 16:59:00-04:00
zscore_30,2.0:2.5,20,256,-4.040595605506224e-05,-0.00011637776894229956,0.0016693750312208832,0.46484375,-1.255859375,-3.5,22,2026-08-06 09:30:00-04:00,2026-08-26 16:59:00-04:00
zscore_30,2.0:2.5,30,256,-0.000282737767097232,-0.00037416467120360286,0.0018762489778617916,0.42578125,-8.4521484375,-11.125,22,2026-08-06 09:30:00-04:00,2026-08-26 16:59:00-04:00
zscore_30,2.0:2.5,60,256,-0.00040874602596684476,-0.000277472918098598,0.0024150144746402672,0.421875,-12.25390625,-8.25,22,2026-08-06 09:30:00-04:00,2026-08-26 16:59:00-04:00
zscore_30,<=-2.5,1,104,8.893368719144735e-05,5.4947304733321545e-05,0.0006079676909522111,0.5865384615384616,2.625,1.625,22,2026-08-06 09:30:00-04:00,2026-08-26 16:59:00-04:00
zscore_30,<=-2.5,3,104,0.00011027537214160114,2.549623248182531e-05,0.0008943300720688041,0.5192307692307693,3.2259615384615383,0.75,22,2026-08-06 09:30:00-04:00,2026-08-26 16:59:00-04:00
zscore_30,<=-2.5,5,104,0.00019296696328893748,2.948607190389474e-05,0.0011531243705133454,0.5384615384615384,5.649038461538462,0.875,22,2026-08-06 09:30:00-04:00,2026-08-26 16:59:00-04:00
zscore_30,<=-2.5,10,104,0.000451334884763429,8.482397448195123e-05,0.0020961669393969123,0.5480769230769231,13.32451923076923,2.5,22,2026-08-06 09:30:00-04:00,2026-08-26 16:59:00-04:00
zscore_30,<=-2.5,20,104,0.0004738581230220168,-2.4821739201152937e-05,0.0026383341736147775,0.49038461538461536,13.971153846153847,-0.75,22,2026-08-06 09:30:00-04:00,2026-08-26 16:59:00-04:00
zscore_30,<=-2.5,30,104,0.0005737582572406594,-0.00010014516080619762,0.0028501125542465273,0.47115384615384615,16.896634615384617,-3.0,22,2026-08-06 09:30:00-04:00,2026-08-26 16:59:00-04:00
zscore_30,<=-2.5,60,104,0.0009295578529228784,0.00029746974331978926,0.0033614404018033925,0.5673076923076923,27.348557692307693,8.875,22,2026-08-06 09:30:00-04:00,2026-08-26 16:59:00-04:00
zscore_30,>=2.5,1,112,0.00011099867058287995,9.418804824967708e-08,0.0008870430149413825,0.5,3.252232142857143,0.0,22,2026-08-06 09:30:00-04:00,2026-08-26 16:59:00-04:00
zscore_30,>=2.5,3,112,0.00020708935128507005,1.670016240051808e-05,0.0015237909216851316,0.5357142857142857,6.037946428571429,0.5,22,2026-08-06 09:30:00-04:00,2026-08-26 16:59:00-04:00
zscore_30,>=2.5,5,112,0.00020533509817463206,2.5502907884611403e-05,0.0018806882711213445,0.5267857142857143,5.986607142857143,0.75,22,2026-08-06 09:30:00-04:00,2026-08-26 16:59:00-04:00
zscore_30,>=2.5,10,110,8.349084713683361e-05,-0.00010503193559346924,0.0021099221118069055,0.45454545454545453,2.397727272727273,-3.125,22,2026-08-06 09:30:00-04:00,2026-08-26 16:59:00-04:00
zscore_30,>=2.5,20,110,0.0003611854006004894,5.888285296895557e-05,0.003175290380446675,0.5181818181818182,10.663636363636364,1.75,22,2026-08-06 09:30:00-04:00,2026-08-26 16:59:00-04:00
zscore_30,>=2.5,30,110,-0.00025431318196145896,-0.0006323252905364174,0.00338395849199558,0.4090909090909091,-7.470454545454546,-18.625,22,2026-08-06 09:30:00-04:00,2026-08-26 16:59:00-04:00
zscore_30,>=2.5,60,108,-0.00012907191305573714,-0.0006363508268614759,0.003958814611030558,0.37037037037037035,-3.6435185185185186,-18.75,22,2026-08-06 09:30:00-04:00,2026-08-26 16:59:00-04:00
zscore_60,-1.0:0,1,1585,1.3170459793144456e-06,-8.359875939389916e-06,0.000470129846240037,0.4794952681388013,0.03706624605678233,-0.25,22,2026-08-06 09:30:00-04:00,2026-08-26 16:59:00-04:00
zscore_60,-1.0:0,3,1585,9.049910844078064e-07,-1.695087636033321e-05,0.0008732360616876418,0.4757097791798107,0.01719242902208202,-0.5,22,2026-08-06 09:30:00-04:00,2026-08-26 16:59:00-04:00
zscore_60,-1.0:0,5,1585,7.311940950683297e-06,0.0,0.0012202451955020466,0.4933753943217666,0.20299684542586752,0.0,22,2026-08-06 09:30:00-04:00,2026-08-26 16:59:00-04:00
zscore_60,-1.0:0,10,1585,2.9178383991180894e-05,-8.475510013816745e-06,0.0017180831002631535,0.4933753943217666,0.820820189274448,-0.25,22,2026-08-06 09:30:00-04:00,2026-08-26 16:59:00-04:00
zscore_60,-1.0:0,20,1585,0.00017234064426593207,2.481286960831497e-05,0.0023682387755175854,0.5053627760252366,5.0175078864353315,0.75,22,2026-08-06 09:30:00-04:00,2026-08-26 16:59:00-04:00
zscore_60,-1.0:0,30,1580,0.0001793667857830722,0.0001007435547488722,0.002872687155239424,0.5310126582278482,5.194145569620253,3.0,22,2026-08-06 09:30:00-04:00,2026-08-26 16:59:00-04:00
zscore_60,-1.0:0,60,1576,-5.427822160705648e-05,-6.783025839024459e-05,0.003333365142512312,0.4815989847715736,-1.6935279187817258,-2.0,22,2026-08-06 09:30:00-04:00,2026-08-26 16:59:00-04:00
zscore_60,-1.5:-1.0,1,902,1.073246383359077e-05,4.155446959863696e-06,0.00035003185270679693,0.5,0.31541019955654104,0.125,22,2026-08-06 09:30:00-04:00,2026-08-26 16:59:00-04:00
zscore_60,-1.5:-1.0,3,902,3.589056126523285e-05,0.0,0.0006057587399482684,0.49889135254988914,1.055709534368071,0.0,22,2026-08-06 09:30:00-04:00,2026-08-26 16:59:00-04:00
zscore_60,-1.5:-1.0,5,902,7.304027286966854e-05,0.0,0.0007665012325846467,0.49445676274944567,2.147450110864745,0.0,22,2026-08-06 09:30:00-04:00,2026-08-26 16:59:00-04:00
zscore_60,-1.5:-1.0,10,902,8.69305754890507e-05,8.300070580058438e-06,0.0011412283927359859,0.5011086474501109,2.543237250554324,0.25,22,2026-08-06 09:30:00-04:00,2026-08-26 16:59:00-04:00
zscore_60,-1.5:-1.0,20,902,0.00013067997065140122,4.157001637805635e-06,0.0017708535469197497,0.5,3.7818736141906872,0.125,22,2026-08-06 09:30:00-04:00,2026-08-26 16:59:00-04:00
zscore_60,-1.5:-1.0,30,902,0.0003575130860461693,3.355868476262458e-05,0.0026156565656801326,0.508869179600887,10.384146341463415,1.0,22,2026-08-06 09:30:00-04:00,2026-08-26 16:59:00-04:00
zscore_60,-1.5:-1.0,60,901,0.00012998018225270227,0.00034211134013562017,0.004220706739731647,0.5560488346281909,3.4325749167591564,10.0,22,2026-08-06 09:30:00-04:00,2026-08-26 16:59:00-04:00
zscore_60,-2.0:-1.5,1,608,-5.0185758146413075e-06,0.0,0.0004868171963031712,0.4934210526315789,-0.15008223684210525,0.0,22,2026-08-06 09:30:00-04:00,2026-08-26 16:59:00-04:00
zscore_60,-2.0:-1.5,3,608,1.036633661576391e-05,2.9760800762779205e-05,0.000667696214779912,0.5263157894736842,0.30180921052631576,0.875,22,2026-08-06 09:30:00-04:00,2026-08-26 16:59:00-04:00
zscore_60,-2.0:-1.5,5,608,1.590602017063793e-05,2.4835773543840922e-05,0.0007412674023981412,0.5148026315789473,0.45148026315789475,0.75,22,2026-08-06 09:30:00-04:00,2026-08-26 16:59:00-04:00
zscore_60,-2.0:-1.5,10,608,-2.147934819474794e-06,1.7009998218298072e-05,0.0010865830239367635,0.5098684210526315,-0.09991776315789473,0.5,22,2026-08-06 09:30:00-04:00,2026-08-26 16:59:00-04:00
zscore_60,-2.0:-1.5,20,608,-9.625783034626323e-05,-2.522416572103836e-05,0.0017410327351959447,0.48848684210526316,-2.9420230263157894,-0.75,22,2026-08-06 09:30:00-04:00,2026-08-26 16:59:00-04:00
zscore_60,-2.0:-1.5,30,608,-8.821216994871918e-05,-5.892870434248687e-05,0.0020965472010411666,0.48026315789473684,-2.7376644736842106,-1.75,22,2026-08-06 09:30:00-04:00,2026-08-26 16:59:00-04:00
zscore_60,-2.0:-1.5,60,607,8.10270073003479e-05,0.00021139325063623815,0.0039001321656741716,0.5387149917627677,2.172981878088962,6.25,22,2026-08-06 09:30:00-04:00,2026-08-26 16:59:00-04:00
zscore_60,-2.5:-2.0,1,269,2.9811462618960687e-05,5.795565564414851e-05,0.00035968688059560524,0.5687732342007435,0.8894052044609665,1.75,22,2026-08-06 09:30:00-04:00,2026-08-26 16:59:00-04:00
zscore_60,-2.5:-2.0,3,269,3.860864340713021e-05,2.5150905432536064e-05,0.0005742710580305227,0.5204460966542751,1.145910780669145,0.75,22,2026-08-06 09:30:00-04:00,2026-08-26 16:59:00-04:00
zscore_60,-2.5:-2.0,5,269,3.9670104207805245e-05,3.4332406358306145e-05,0.0007281899140873769,0.5204460966542751,1.162639405204461,1.0,22,2026-08-06 09:30:00-04:00,2026-08-26 16:59:00-04:00
zscore_60,-2.5:-2.0,10,269,3.780579695452386e-05,-4.156448730208151e-05,0.0009888732242754833,0.483271375464684,1.0855018587360594,-1.25,22,2026-08-06 09:30:00-04:00,2026-08-26 16:59:00-04:00
zscore_60,-2.5:-2.0,20,269,0.0001304441910901166,0.0,0.0011163659762176011,0.49814126394052044,3.802973977695167,0.0,22,2026-08-06 09:30:00-04:00,2026-08-26 16:59:00-04:00
zscore_60,-2.5:-2.0,30,269,0.00020295641323948797,0.0001490609162277945,0.0013644064994252187,0.550185873605948,5.928438661710037,4.5,22,2026-08-06 09:30:00-04:00,2026-08-26 16:59:00-04:00
zscore_60,-2.5:-2.0,60,268,0.0006653297013948022,0.0006548891120953249,0.0026085158286663014,0.667910447761194,19.444962686567163,19.375,22,2026-08-06 09:30:00-04:00,2026-08-26 16:59:00-04:00
zscore_60,0:1.0,1,1545,-8.482982176115862e-06,8.266102367482375e-06,0.0004348179157020996,0.5003236245954693,-0.256957928802589,0.25,22,2026-08-06 09:30:00-04:00,2026-08-26 16:59:00-04:00
zscore_60,0:1.0,3,1545,-2.123205177154449e-05,-8.429713052593435e-06,0.0007235868024102032,0.4854368932038835,-0.6427184466019418,-0.25,22,2026-08-06 09:30:00-04:00,2026-08-26 16:59:00-04:00
zscore_60,0:1.0,5,1545,-3.053486767786836e-05,-2.527465120982786e-05,0.0008779540062855637,0.4815533980582524,-0.926537216828479,-0.75,22,2026-08-06 09:30:00-04:00,2026-08-26 16:59:00-04:00
zscore_60,0:1.0,10,1545,-1.9508675178264408e-06,-2.534575838730735e-05,0.0011557869697492828,0.4886731391585761,-0.08349514563106795,-0.75,22,2026-08-06 09:30:00-04:00,2026-08-26 16:59:00-04:00
zscore_60,0:1.0,20,1536,-3.122495388819613e-05,-5.037808705798952e-05,0.001554396268655695,0.4733072916666667,-0.9791666666666666,-1.5,22,2026-08-06 09:30:00-04:00,2026-08-26 16:59:00-04:00
zscore_60,0:1.0,30,1531,-0.00012525041267041743,-0.00015778109948516583,0.0018201224720787992,0.45395166557805355,-3.7718811234487264,-4.75,22,2026-08-06 09:30:00-04:00,2026-08-26 16:59:00-04:00
zscore_60,0:1.0,60,1523,-0.00013018529876116116,-0.0003513497686947753,0.002291397279954925,0.4051214707813526,-3.92908732764281,-10.5,22,2026-08-06 09:30:00-04:00,2026-08-26 16:59:00-04:00
zscore_60,1.0:1.5,1,749,-2.1859593187446332e-05,-8.541387292115843e-06,0.00030681212274253977,0.4606141522029373,-0.6475300400534045,-0.25,22,2026-08-06 09:30:00-04:00,2026-08-26 16:59:00-04:00
zscore_60,1.0:1.5,3,749,-5.326206308785744e-05,-2.5554098025515337e-05,0.0005476424175154578,0.46862483311081443,-1.5751001335113484,-0.75,22,2026-08-06 09:30:00-04:00,2026-08-26 16:59:00-04:00
zscore_60,1.0:1.5,5,749,-6.502837475232654e-05,-5.9922272252599385e-05,0.0007568211501771524,0.4445927903871829,-1.9242323097463285,-1.75,22,2026-08-06 09:30:00-04:00,2026-08-26 16:59:00-04:00
zscore_60,1.0:1.5,10,749,-0.00011652914604685047,-0.00011756111078453646,0.0010004386963909698,0.4325767690253672,-3.446261682242991,-3.5,22,2026-08-06 09:30:00-04:00,2026-08-26 16:59:00-04:00
zscore_60,1.0:1.5,20,748,-0.00016970166240214558,-0.0002944482189427555,0.0015497813060587268,0.3850267379679144,-5.00701871657754,-8.75,22,2026-08-06 09:30:00-04:00,2026-08-26 16:59:00-04:00
zscore_60,1.0:1.5,30,748,-0.00019769125017274274,-0.0004647963709105696,0.0017891593389434645,0.39438502673796794,-5.803141711229946,-13.75,22,2026-08-06 09:30:00-04:00,2026-08-26 16:59:00-04:00
zscore_60,1.0:1.5,60,738,-0.0001386411884625201,-0.0002507816059370005,0.0023969560066929405,0.44715447154471544,-4.156842818428184,-7.375,22,2026-08-06 09:30:00-04:00,2026-08-26 16:59:00-04:00
zscore_60,1.5:2.0,1,527,3.949575903428733e-05,2.521432173474558e-05,0.0003536256692723667,0.540796963946869,1.1688804554079697,0.75,22,2026-08-06 09:30:00-04:00,2026-08-26 16:59:00-04:00
zscore_60,1.5:2.0,3,527,4.910873633102578e-05,4.962450789025574e-05,0.0005660418678979267,0.5426944971537002,1.4577798861480076,1.5,22,2026-08-06 09:30:00-04:00,2026-08-26 16:59:00-04:00
zscore_60,1.5:2.0,5,525,2.8370639321714293e-05,3.306850968498587e-05,0.0007238858407574437,0.52,0.8438095238095238,1.0,22,2026-08-06 09:30:00-04:00,2026-08-26 16:59:00-04:00
zscore_60,1.5:2.0,10,521,-3.504218647199753e-05,3.3733923676892985e-05,0.0009667497933819694,0.510556621880998,-1.0455854126679462,1.0,22,2026-08-06 09:30:00-04:00,2026-08-26 16:59:00-04:00
zscore_60,1.5:2.0,20,521,-0.00027888434983241333,-0.00022656708903245892,0.001399443938699871,0.43953934740882916,-8.269193857965451,-6.75,22,2026-08-06 09:30:00-04:00,2026-08-26 16:59:00-04:00
zscore_60,1.5:2.0,30,521,-0.0003632931377958763,-0.00029009496343945784,0.0017823019822889763,0.40307101727447214,-10.78214971209213,-8.5,22,2026-08-06 09:30:00-04:00,2026-08-26 16:59:00-04:00
zscore_60,1.5:2.0,60,518,-0.0005093250558297612,-0.0005401083346834867,0.00212422132579982,0.3745173745173745,-15.15926640926641,-16.125,22,2026-08-06 09:30:00-04:00,2026-08-26 16:59:00-04:00
zscore_60,2.0:2.5,1,274,-4.918751181373901e-05,-8.556918495217225e-06,0.0005503675334997222,0.45985401459854014,-1.4562043795620438,-0.25,22,2026-08-06 09:30:00-04:00,2026-08-26 16:59:00-04:00
zscore_60,2.0:2.5,3,272,-4.681886730572759e-05,-3.797437433350481e-05,0.0009129867418747567,0.4742647058823529,-1.385110294117647,-1.125,22,2026-08-06 09:30:00-04:00,2026-08-26 16:59:00-04:00
zscore_60,2.0:2.5,5,272,-1.1716590606962697e-05,2.0891019523960885e-05,0.0011376429482600574,0.5073529411764706,-0.33547794117647056,0.625,22,2026-08-06 09:30:00-04:00,2026-08-26 16:59:00-04:00
zscore_60,2.0:2.5,10,271,-8.696748265972841e-05,3.37268128161039e-05,0.0013835498316764428,0.5276752767527675,-2.5682656826568264,1.0,22,2026-08-06 09:30:00-04:00,2026-08-26 16:59:00-04:00
zscore_60,2.0:2.5,20,271,-0.0003229331411482145,-0.0002256393113821975,0.0017183183731739554,0.3985239852398524,-9.50369003690037,-6.75,22,2026-08-06 09:30:00-04:00,2026-08-26 16:59:00-04:00
zscore_60,2.0:2.5,30,271,-0.00047263354003093027,-0.00030927662704582914,0.0021013634637413532,0.3948339483394834,-13.928044280442805,-9.25,22,2026-08-06 09:30:00-04:00,2026-08-26 16:59:00-04:00
zscore_60,2.0:2.5,60,269,-0.0003706827062139266,-0.00044662795891026175,0.0027832720386866605,0.40148698884758366,-10.938661710037175,-13.25,22,2026-08-06 09:30:00-04:00,2026-08-26 16:59:00-04:00
zscore_60,<=-2.5,1,144,6.471227009204744e-05,3.4280180931434145e-05,0.0006664982592462247,0.5625,1.890625,1.0,22,2026-08-06 09:30:00-04:00,2026-08-26 16:59:00-04:00
zscore_60,<=-2.5,3,144,0.00019233689078460633,7.111308871365907e-05,0.0010295639598150897,0.5486111111111112,5.647569444444445,2.125,22,2026-08-06 09:30:00-04:00,2026-08-26 16:59:00-04:00
zscore_60,<=-2.5,5,144,0.0002473869647325638,0.00018517342999668784,0.0012089151650776806,0.6041666666666666,7.300347222222222,5.5,22,2026-08-06 09:30:00-04:00,2026-08-26 16:59:00-04:00
zscore_60,<=-2.5,10,144,0.00026306357020947774,0.0002091551234202349,0.0016642067283388234,0.6180555555555556,7.782986111111111,6.25,22,2026-08-06 09:30:00-04:00,2026-08-26 16:59:00-04:00
zscore_60,<=-2.5,20,144,0.0002556407681442572,7.53287405488301e-05,0.0022727462383896877,0.5347222222222222,7.560763888888889,2.25,22,2026-08-06 09:30:00-04:00,2026-08-26 16:59:00-04:00
zscore_60,<=-2.5,30,144,0.00043351952261886745,0.0002684352267239287,0.0023876731542967653,0.5555555555555556,12.90625,8.0,22,2026-08-06 09:30:00-04:00,2026-08-26 16:59:00-04:00
zscore_60,<=-2.5,60,144,0.0011634248160012405,0.0010257313931436585,0.0026703626311020854,0.6875,34.34375,30.5,22,2026-08-06 09:30:00-04:00,2026-08-26 16:59:00-04:00
zscore_60,>=2.5,1,145,-2.854389731504184e-07,-4.193575442423825e-05,0.0007982783057349952,0.45517241379310347,-0.027586206896551724,-1.25,22,2026-08-06 09:30:00-04:00,2026-08-26 16:59:00-04:00
zscore_60,>=2.5,3,145,-3.787792916812822e-05,-0.00013288705430924974,0.001284960913001714,0.4068965517241379,-1.186206896551724,-4.0,22,2026-08-06 09:30:00-04:00,2026-08-26 16:59:00-04:00
zscore_60,>=2.5,5,145,-0.00020087401080324098,-0.00017428253688978046,0.0015311965876057038,0.36551724137931035,-6.041379310344827,-5.25,22,2026-08-06 09:30:00-04:00,2026-08-26 16:59:00-04:00
zscore_60,>=2.5,10,145,-0.00012926781724642108,-0.00025921032827735946,0.0016407980888762353,0.4068965517241379,-3.872413793103448,-7.75,22,2026-08-06 09:30:00-04:00,2026-08-26 16:59:00-04:00
zscore_60,>=2.5,20,145,-9.250275648984362e-05,-0.00015035333032631382,0.00266916104960903,0.4413793103448276,-2.670689655172414,-4.5,22,2026-08-06 09:30:00-04:00,2026-08-26 16:59:00-04:00
zscore_60,>=2.5,30,145,-0.0005881075168601461,-0.0007358228673679523,0.002923679385542177,0.30344827586206896,-17.386206896551723,-22.0,22,2026-08-06 09:30:00-04:00,2026-08-26 16:59:00-04:00
zscore_60,>=2.5,60,145,-0.0004937133601258026,-0.0008038921779616182,0.0033110593235376553,0.3793103448275862,-14.55,-24.0,22,2026-08-06 09:30:00-04:00,2026-08-26 16:59:00-04:00
