entry_timestamp,exit_timestamp,session_id,quality,vol_percentile,stop_points,rr,horizon,raw_points,net_points,net_R,exit_reason,holding_bars,window,validation_start,validation_end,trade_index,entry_price,path_length,max_MAE_R,max_MFE_R,final_close_R,time_to_max_MFE,time_to_max_MAE,outcome,exit_reason_path,net_R_path,window_path,mae_1R,mfe_1R,close_1R,mae_2R,mfe_2R,close_2R,mae_3R,mfe_3R,close_3R,mae_4R,mfe_4R,close_4R,mae_5R,mfe_5R,close_5R,mae_6R,mfe_6R,close_6R,mae_7R,mfe_7R,close_7R,mae_8R,mfe_8R,close_8R,mae_9R,mfe_9R,close_9R,mae_10R,mfe_10R,close_10R,mae_11R,mfe_11R,close_11R,mae_12R,mfe_12R,close_12R,mae_13R,mfe_13R,close_13R,mae_14R,mfe_14R,close_14R,mae_15R,mfe_15R,close_15R,mae_16R,mfe_16R,close_16R,mae_17R,mfe_17R,close_17R,mae_18R,mfe_18R,close_18R,mae_19R,mfe_19R,close_19R,mae_20R,mfe_20R,close_20R,mae_1,mfe_1,close_1,mae_2,mfe_2,close_2,mae_3,mfe_3,close_3,mae_4,mfe_4,close_4,mae_5,mfe_5,close_5,mae_6,mfe_6,close_6,mae_7,mfe_7,close_7,mae_8,mfe_8,close_8,mae_change_1_8,mae_change_2_8,mae_change_3_8,mae_change_5_8,mfe_change_1_8,mfe_change_2_8,mfe_change_3_8,mfe_change_5_8,close_change_1_8,close_change_2_8,close_change_3_8,close_change_5_8,mfe_minus_mae_8,mfe_to_mae_8,mae_speed_1_8,mae_speed_3_8,mae_speed_5_8,mfe_speed_1_8,mfe_speed_3_8,mfe_speed_5_8,mae_path_std_8,mfe_path_std_8,close_path_std_8,final_profitable,early_adverse,recovery_group,_window_numeric,cross_bar_mae_0_70,cross_bucket_mae_0_70,recovery_0_70_m0_20,recovery_0_70_p0_00,recovery_0_70_p0_25,recovery_0_70_p0_50,recovery_0_70_p0_75,recovery_0_70_p1_00,cross_bar_mae_0_75,cross_bucket_mae_0_75,recovery_0_75_m0_20,recovery_0_75_p0_00,recovery_0_75_p0_25,recovery_0_75_p0_50,recovery_0_75_p0_75,recovery_0_75_p1_00,cross_bar_mae_0_80,cross_bucket_mae_0_80,recovery_0_80_m0_20,recovery_0_80_p0_00,recovery_0_80_p0_25,recovery_0_80_p0_50,recovery_0_80_p0_75,recovery_0_80_p1_00,cross_bar_mae_0_85,cross_bucket_mae_0_85,recovery_0_85_m0_20,recovery_0_85_p0_00,recovery_0_85_p0_25,recovery_0_85_p0_50,recovery_0_85_p0_75,recovery_0_85_p1_00,cross_bar_mae_0_90,cross_bucket_mae_0_90,recovery_0_90_m0_20,recovery_0_90_p0_00,recovery_0_90_p0_25,recovery_0_90_p0_50,recovery_0_90_p0_75,recovery_0_90_p1_00,cross_bar_mae_0_95,cross_bucket_mae_0_95,recovery_0_95_m0_20,recovery_0_95_p0_00,recovery_0_95_p0_25,recovery_0_95_p0_50,recovery_0_95_p0_75,recovery_0_95_p1_00,cross_bar_mae_1_00,cross_bucket_mae_1_00,recovery_1_00_m0_20,recovery_1_00_p0_00,recovery_1_00_p0_25,recovery_1_00_p0_50,recovery_1_00_p0_75,recovery_1_00_p1_00,triggered,strategy_R
2024-02-06 10:10:00-05:00,2024-02-06 10:15:00-05:00,2024-02-05,1.0,0.5685283423211368,25.0,1.75,20,-25.0,-26.11,-1.0444,stop,5,12,2024-02-06 09:30:00-05:00,2024-05-06 09:30:00-04:00,321,17611.75,21,1.89,0.55,-0.76,15,12,LOSS,stop,-1.0444,12,0.7,0.0,-0.48,0.7,0.0,-0.42,0.7,0.0,-0.55,0.78,0.0,-0.74,1.27,0.0,-1.11,1.5,0.0,-1.34,1.5,0.0,-1.46,1.8,0.0,-1.51,1.8,0.0,-1.63,1.85,0.0,-1.37,1.85,0.0,-1.46,1.89,0.0,-1.48,1.89,0.0,-0.97,1.89,0.0,-0.23,1.89,0.55,0.46,1.89,0.55,-0.15,1.89,0.55,-0.34,1.89,0.55,-0.4,1.89,0.55,-0.48,1.89,0.55,-0.76,0.7,0.0,-0.48,0.7,0.0,-0.42,0.7,0.0,-0.55,0.78,0.0,-0.74,1.27,0.0,-1.11,1.5,0.0,-1.34,1.5,0.0,-1.46,1.8,0.0,-1.51,1.1,1.1,1.1,0.53,0.0,0.0,0.0,0.0,-1.03,-1.09,-0.96,-0.3999999999999999,-1.8,0.0,0.225,0.22,0.1766666666666666,0.0,0.0,0.0,0.4501567187420081,0.0,0.4562717705177788,False,True,FAILURE,12.0,1.0,BAR_1_2,15.0,15.0,15.0,,,,4.0,BAR_3_4,15.0,15.0,15.0,,,,5.0,BAR_5_6,15.0,15.0,15.0,,,,5.0,BAR_5_6,15.0,15.0,15.0,,,,5.0,BAR_5_6,15.0,15.0,15.0,,,,5.0,BAR_5_6,15.0,15.0,15.0,,,,5.0,BAR_5_6,15.0,15.0,15.0,,,,True,-0.7
2024-02-06 10:25:00-05:00,2024-02-06 10:27:00-05:00,2024-02-05,0.9895065336103332,0.5641281245059636,25.0,1.75,20,-25.0,-26.11,-1.0444,stop,2,12,2024-02-06 09:30:00-05:00,2024-05-06 09:30:00-04:00,322,17600.25,21,2.3,0.05,-1.45,1,12,LOSS,stop,-1.0444,12,0.67,0.05,-0.61,1.0,0.05,-0.8,1.08,0.05,-0.86,1.08,0.05,-0.94,1.43,0.05,-1.22,1.43,0.05,-1.21,1.43,0.05,-1.26,1.61,0.05,-1.5,1.82,0.05,-1.72,2.25,0.05,-2.2,2.25,0.05,-1.95,2.3,0.05,-1.96,2.3,0.05,-1.62,2.3,0.05,-1.39,2.3,0.05,-1.66,2.3,0.05,-1.14,2.3,0.05,-1.09,2.3,0.05,-0.97,2.3,0.05,-1.32,2.3,0.05,-1.45,0.67,0.05,-0.61,1.0,0.05,-0.8,1.08,0.05,-0.86,1.08,0.05,-0.94,1.43,0.05,-1.22,1.43,0.05,-1.21,1.43,0.05,-1.26,1.61,0.05,-1.5,0.94,0.6100000000000001,0.53,0.1800000000000001,0.0,0.0,0.0,0.0,-0.89,-0.7,-0.64,-0.28,-1.56,0.031055900621118,0.20125,0.106,0.06,0.00625,0.0,0.0,0.310388581343727,0.0,0.2940845359513387,False,True,FAILURE,12.0,2.0,BAR_1_2,,,,,,,2.0,BAR_1_2,,,,,,,2.0,BAR_1_2,,,,,,,2.0,BAR_1_2,,,,,,,2.0,BAR_1_2,,,,,,,2.0,BAR_1_2,,,,,,,2.0,BAR_1_2,,,,,,,True,-0.7
2024-02-12 14:19:00-05:00,2024-02-12 14:22:00-05:00,2024-02-11,0.9175501255655608,0.4399427356883135,25.0,1.75,20,-25.0,-26.11,-1.0444,stop,3,12,2024-02-06 09:30:00-05:00,2024-05-06 09:30:00-04:00,323,17944.5,21,1.49,0.33,-1.36,1,6,LOSS,stop,-1.0444,12,0.37,0.33,-0.3,0.99,0.33,-0.88,1.18,0.33,-1.01,1.27,0.33,-1.19,1.27,0.33,-1.07,1.49,0.33,-1.26,1.49,0.33,-1.09,1.49,0.33,-0.91,1.49,0.33,-1.19,1.49,0.33,-1.34,1.49,0.33,-1.08,1.49,0.33,-1.28,1.49,0.33,-1.26,1.49,0.33,-1.08,1.49,0.33,-1.15,1.49,0.33,-1.03,1.49,0.33,-0.89,1.49,0.33,-1.17,1.49,0.33,-1.04,1.49,0.33,-1.36,0.37,0.33,-0.3,0.99,0.33,-0.88,1.18,0.33,-1.01,1.27,0.33,-1.19,1.27,0.33,-1.07,1.49,0.33,-1.26,1.49,0.33,-1.09,1.49,0.33,-0.91,1.12,0.5,0.31,0.2199999999999999,0.0,0.0,0.0,0.0,-0.6100000000000001,-0.03,0.0999999999999999,0.16,-1.16,0.2214765100671141,0.18625,0.062,0.0733333333333333,0.04125,0.0,0.0,0.3770538991406174,0.0,0.2973183719276598,False,True,FAILURE,12.0,2.0,BAR_1_2,,,,,,,2.0,BAR_1_2,,,,,,,2.0,BAR_1_2,,,,,,,2.0,BAR_1_2,,,,,,,2.0,BAR_1_2,,,,,,,2.0,BAR_1_2,,,,,,,3.0,BAR_3_4,,,,,,,True,-0.7
2024-02-27 09:41:00-05:00,2024-02-27 09:48:00-05:00,2024-02-26,0.9604610093213696,0.4020885664599765,25.0,1.75,20,-25.0,-26.11,-1.0444,stop,7,12,2024-02-06 09:30:00-05:00,2024-05-06 09:30:00-04:00,326,17945.0,21,2.92,0.28,-2.61,2,19,LOSS,stop,-1.0444,12,0.54,0.02,-0.15,0.54,0.28,-0.05,0.55,0.28,-0.43,0.63,0.28,-0.55,0.7,0.28,-0.52,0.91,0.28,-0.71,1.14,0.28,-0.98,1.14,0.28,-1.08,1.19,0.28,-1.04,1.19,0.28,-0.76,1.19,0.28,-0.9,1.52,0.28,-1.32,1.52,0.28,-1.24,1.52,0.28,-1.08,1.52,0.28,-1.44,2.01,0.28,-1.71,2.01,0.28,-1.62,2.01,0.28,-1.8,2.92,0.28,-2.42,2.92,0.28,-2.61,0.54,0.02,-0.15,0.54,0.28,-0.05,0.55,0.28,-0.43,0.63,0.28,-0.55,0.7,0.28,-0.52,0.91,0.28,-0.71,1.14,0.28,-0.98,1.14,0.28,-1.08,0.5999999999999999,0.5999999999999999,0.5899999999999999,0.4399999999999999,0.26,0.0,0.0,0.0,-0.93,-1.03,-0.6500000000000001,-0.56,-0.8599999999999999,0.2456140350877193,0.1425,0.1179999999999999,0.1466666666666666,0.035,0.0,0.0,0.2596941882841651,0.0919238815542512,0.3617590950579444,False,True,FAILURE,12.0,5.0,BAR_5_6,,,,,,,6.0,BAR_5_6,,,,,,,6.0,BAR_5_6,,,,,,,6.0,BAR_5_6,,,,,,,6.0,BAR_5_6,,,,,,,7.0,BAR_7_10,,,,,,,7.0,BAR_7_10,,,,,,,False,-2.61
2024-03-05 09:36:00-05:00,2024-03-05 09:56:00-05:00,2024-03-04,0.98238240707076,0.4694180470410511,25.0,1.75,20,26.0,24.89,0.9956,timeout,20,12,2024-02-06 09:30:00-05:00,2024-05-06 09:30:00-04:00,328,18062.25,21,0.93,1.57,1.04,12,4,WIN,timeout,0.9956,12,0.45,0.12,-0.09,0.64,0.12,-0.52,0.75,0.12,-0.73,0.93,0.12,-0.83,0.93,0.12,-0.48,0.93,0.12,-0.14,0.93,0.33,-0.04,0.93,0.33,-0.13,0.93,0.71,0.01,0.93,0.78,0.67,0.93,0.97,0.9,0.93,1.57,1.28,0.93,1.57,0.66,0.93,1.57,0.61,0.93,1.57,0.65,0.93,1.57,1.12,0.93,1.57,0.82,0.93,1.57,0.64,0.93,1.57,0.86,0.93,1.57,1.04,0.45,0.12,-0.09,0.64,0.12,-0.52,0.75,0.12,-0.73,0.93,0.12,-0.83,0.93,0.12,-0.48,0.93,0.12,-0.14,0.93,0.33,-0.04,0.93,0.33,-0.13,0.48,0.29,0.18,0.0,0.21,0.21,0.21,0.21,-0.04,0.39,0.6,0.35,-0.6000000000000001,0.3548387096774194,0.11625,0.036,0.0,0.04125,0.042,0.07,0.1828690007315931,0.0972111104761179,0.3102073039574849,True,True,RECOVERY,12.0,3.0,BAR_3_4,6.0,9.0,10.0,10.0,11.0,12.0,3.0,BAR_3_4,6.0,9.0,10.0,10.0,11.0,12.0,4.0,BAR_3_4,6.0,9.0,10.0,10.0,11.0,12.0,4.0,BAR_3_4,6.0,9.0,10.0,10.0,11.0,12.0,4.0,BAR_3_4,6.0,9.0,10.0,10.0,11.0,12.0,,NO_CROSS,,,,,,,,NO_CROSS,,,,,,,True,-0.7
2024-03-13 10:01:00-04:00,2024-03-13 10:05:00-04:00,2024-03-12,1.0,0.4541138962567408,25.0,1.75,20,-25.0,-26.11,-1.0444,stop,4,12,2024-02-06 09:30:00-05:00,2024-05-06 09:30:00-04:00,330,18309.5,21,1.97,0.26,-1.52,1,11,LOSS,stop,-1.0444,12,0.54,0.26,-0.43,0.54,0.26,-0.42,0.87,0.26,-0.73,1.07,0.26,-0.91,1.2,0.26,-1.04,1.2,0.26,-0.51,1.2,0.26,-0.66,1.2,0.26,-1.13,1.2,0.26,-0.45,1.61,0.26,-1.56,1.97,0.26,-1.84,1.97,0.26,-1.45,1.97,0.26,-0.73,1.97,0.26,-1.02,1.97,0.26,-0.72,1.97,0.26,-0.86,1.97,0.26,-1.27,1.97,0.26,-1.33,1.97,0.26,-1.55,1.97,0.26,-1.52,0.54,0.26,-0.43,0.54,0.26,-0.42,0.87,0.26,-0.73,1.07,0.26,-0.91,1.2,0.26,-1.04,1.2,0.26,-0.51,1.2,0.26,-0.66,1.2,0.26,-1.13,0.6599999999999999,0.6599999999999999,0.3299999999999999,0.0,0.0,0.0,0.0,0.0,-0.7,-0.71,-0.3999999999999999,-0.0899999999999998,-0.94,0.2166666666666666,0.15,0.0659999999999999,0.0,0.0325,0.0,0.0,0.2930017064796722,0.0,0.2746133645691702,False,True,FAILURE,12.0,3.0,BAR_3_4,,,,,,,3.0,BAR_3_4,,,,,,,3.0,BAR_3_4,,,,,,,3.0,BAR_3_4,,,,,,,4.0,BAR_3_4,,,,,,,4.0,BAR_3_4,,,,,,,4.0,BAR_3_4,,,,,,,True,-0.7
2024-03-15 09:31:00-04:00,2024-03-15 09:43:00-04:00,2024-03-14,1.0,0.5440460925011857,25.0,1.75,20,43.75,42.64,1.7056,target,12,12,2024-02-06 09:30:00-05:00,2024-05-06 09:30:00-04:00,333,18139.75,21,0.97,2.8,1.58,14,3,WIN,target,1.7056,12,0.8,0.5,-0.24,0.8,0.5,-0.06,0.97,0.5,-0.41,0.97,0.5,-0.23,0.97,0.5,-0.2,0.97,0.9,0.9,0.97,1.39,1.36,0.97,1.5,1.05,0.97,1.5,0.34,0.97,1.5,0.68,0.97,1.67,1.62,0.97,1.99,1.78,0.97,2.34,2.28,0.97,2.8,1.56,0.97,2.8,2.43,0.97,2.8,1.78,0.97,2.8,1.88,0.97,2.8,1.88,0.97,2.8,1.79,0.97,2.8,1.58,0.8,0.5,-0.24,0.8,0.5,-0.06,0.97,0.5,-0.41,0.97,0.5,-0.23,0.97,0.5,-0.2,0.97,0.9,0.9,0.97,1.39,1.36,0.97,1.5,1.05,0.1699999999999999,0.1699999999999999,0.0,0.0,1.0,1.0,1.0,1.0,1.29,1.11,1.46,1.25,0.53,1.5463917525773196,0.12125,0.0,0.0,0.1875,0.2,0.3333333333333333,0.0786947084806668,0.4303798156446067,0.7066710186299058,True,True,RECOVERY,12.0,1.0,BAR_1_2,2.0,6.0,6.0,6.0,6.0,7.0,1.0,BAR_1_2,2.0,6.0,6.0,6.0,6.0,7.0,1.0,BAR_1_2,2.0,6.0,6.0,6.0,6.0,7.0,3.0,BAR_3_4,5.0,6.0,6.0,6.0,6.0,7.0,3.0,BAR_3_4,5.0,6.0,6.0,6.0,6.0,7.0,3.0,BAR_3_4,5.0,6.0,6.0,6.0,6.0,7.0,,NO_CROSS,,,,,,,True,-0.7
2024-03-26 15:56:00-04:00,2024-03-26 16:00:00-04:00,2024-03-25,1.0,0.4352570746016968,25.0,1.75,20,-25.0,-26.11,-1.0444,stop,4,12,2024-02-06 09:30:00-05:00,2024-05-06 09:30:00-04:00,335,18440.75,21,1.33,0.06,-1.31,1,18,LOSS,stop,-1.0444,12,0.36,0.06,-0.15,0.37,0.06,-0.3,0.56,0.06,-0.39,1.29,0.06,-1.11,1.29,0.06,-0.79,1.29,0.06,-0.92,1.29,0.06,-0.95,1.29,0.06,-0.85,1.29,0.06,-1.02,1.29,0.06,-1.01,1.29,0.06,-1.0,1.29,0.06,-1.04,1.29,0.06,-0.95,1.29,0.06,-1.09,1.29,0.06,-1.09,1.29,0.06,-1.22,1.29,0.06,-1.19,1.33,0.06,-1.28,1.33,0.06,-1.26,1.33,0.06,-1.31,0.36,0.06,-0.15,0.37,0.06,-0.3,0.56,0.06,-0.39,1.29,0.06,-1.11,1.29,0.06,-0.79,1.29,0.06,-0.92,1.29,0.06,-0.95,1.29,0.06,-0.85,0.93,0.92,0.73,0.0,0.0,0.0,0.0,0.0,-0.7,-0.55,-0.4599999999999999,-0.0599999999999999,-1.23,0.0465116279069767,0.16125,0.146,0.0,0.0075,0.0,0.0,0.4491499908557433,0.0,0.3516796431819326,False,True,FAILURE,12.0,4.0,BAR_3_4,,,,,,,4.0,BAR_3_4,,,,,,,4.0,BAR_3_4,,,,,,,4.0,BAR_3_4,,,,,,,4.0,BAR_3_4,,,,,,,4.0,BAR_3_4,,,,,,,4.0,BAR_3_4,,,,,,,True,-0.7
2024-04-01 10:39:00-04:00,2024-04-01 10:59:00-04:00,2024-03-31,1.0,0.5447223734827592,25.0,1.75,20,6.25,5.140000000000001,0.2056,timeout,20,12,2024-02-06 09:30:00-05:00,2024-05-06 09:30:00-04:00,337,18488.25,21,0.87,0.88,0.25,13,5,WIN,timeout,0.2056,12,0.36,0.19,-0.29,0.58,0.19,-0.31,0.69,0.19,-0.62,0.69,0.19,-0.4,0.87,0.19,-0.64,0.87,0.19,-0.35,0.87,0.19,-0.29,0.87,0.19,-0.51,0.87,0.19,-0.12,0.87,0.19,-0.27,0.87,0.19,0.08,0.87,0.53,0.5,0.87,0.88,0.61,0.87,0.88,0.63,0.87,0.88,0.54,0.87,0.88,0.57,0.87,0.88,0.24,0.87,0.88,0.26,0.87,0.88,0.36,0.87,0.88,0.25,0.36,0.19,-0.29,0.58,0.19,-0.31,0.69,0.19,-0.62,0.69,0.19,-0.4,0.87,0.19,-0.64,0.87,0.19,-0.35,0.87,0.19,-0.29,0.87,0.19,-0.51,0.51,0.29,0.18,0.0,0.0,0.0,0.0,0.0,-0.22,-0.2,0.1099999999999999,0.13,-0.6799999999999999,0.2183908045977011,0.10875,0.036,0.0,0.02375,0.0,0.0,0.1854723699099141,0.0,0.1451046420444816,True,True,RECOVERY,12.0,5.0,BAR_5_6,9.0,11.0,12.0,12.0,,,5.0,BAR_5_6,9.0,11.0,12.0,12.0,,,5.0,BAR_5_6,9.0,11.0,12.0,12.0,,,5.0,BAR_5_6,9.0,11.0,12.0,12.0,,,,NO_CROSS,,,,,,,,NO_CROSS,,,,,,,,NO_CROSS,,,,,,,False,0.25
2024-04-02 09:40:00-04:00,2024-04-02 09:59:00-04:00,2024-04-01,1.0,0.4463410564035904,25.0,1.75,20,-25.0,-26.11,-1.0444,stop,19,12,2024-02-06 09:30:00-05:00,2024-05-06 09:30:00-04:00,338,18229.0,21,1.14,0.64,-0.64,20,20,LOSS,stop,-1.0444,12,0.44,0.22,-0.02,0.44,0.22,-0.24,0.44,0.22,-0.36,0.61,0.22,-0.47,0.83,0.22,-0.39,0.88,0.22,-0.77,0.88,0.22,-0.55,0.88,0.22,-0.46,0.88,0.22,-0.32,0.88,0.22,-0.66,0.88,0.22,-0.46,0.88,0.22,-0.66,0.88,0.22,-0.69,0.88,0.22,-0.5,0.88,0.22,-0.42,0.88,0.22,-0.21,0.88,0.22,-0.27,0.88,0.22,-0.7,1.04,0.22,-1.0,1.14,0.64,-0.64,0.44,0.22,-0.02,0.44,0.22,-0.24,0.44,0.22,-0.36,0.61,0.22,-0.47,0.83,0.22,-0.39,0.88,0.22,-0.77,0.88,0.22,-0.55,0.88,0.22,-0.46,0.44,0.44,0.44,0.05,0.0,0.0,0.0,0.0,-0.44,-0.22,-0.1,-0.07,-0.66,0.25,0.11,0.088,0.0166666666666666,0.0275,0.0,0.0,0.2138089935299394,0.0,0.2201136070305513,False,True,FAILURE,12.0,5.0,BAR_5_6,,,,,,,5.0,BAR_5_6,,,,,,,5.0,BAR_5_6,,,,,,,6.0,BAR_5_6,,,,,,,19.0,BAR_11_20,,,,,,,19.0,BAR_11_20,,,,,,,19.0,BAR_11_20,,,,,,,False,-0.64
2024-04-08 09:38:00-04:00,2024-04-08 09:44:00-04:00,2024-04-07,1.0,0.4758207591912733,25.0,1.75,20,-25.0,-26.11,-1.0444,stop,6,12,2024-02-06 09:30:00-05:00,2024-05-06 09:30:00-04:00,342,18264.0,21,1.75,1.05,-1.46,2,18,LOSS,stop,-1.0444,12,0.13,0.89,0.77,0.13,1.05,0.56,0.32,1.05,-0.21,0.68,1.05,-0.68,0.91,1.05,-0.8,1.2,1.05,-0.64,1.2,1.05,-0.85,1.2,1.05,-0.94,1.24,1.05,-0.77,1.41,1.05,-1.38,1.44,1.05,-1.05,1.44,1.05,-0.29,1.44,1.05,-0.4,1.44,1.05,-0.8,1.56,1.05,-1.47,1.64,1.05,-1.32,1.64,1.05,-1.13,1.75,1.05,-1.56,1.75,1.05,-1.27,1.75,1.05,-1.46,0.13,0.89,0.77,0.13,1.05,0.56,0.32,1.05,-0.21,0.68,1.05,-0.68,0.91,1.05,-0.8,1.2,1.05,-0.64,1.2,1.05,-0.85,1.2,1.05,-0.94,1.0699999999999998,1.0699999999999998,0.8799999999999999,0.2899999999999999,0.16,0.0,0.0,0.0,-1.71,-1.5,-0.73,-0.1399999999999999,-0.1499999999999999,0.8750000000000001,0.15,0.176,0.0966666666666666,0.13125,0.0,0.0,0.4758582472003311,0.0565685424949238,0.665012083671095,False,True,FAILURE,12.0,5.0,BAR_5_6,,,,,,,5.0,BAR_5_6,,,,,,,5.0,BAR_5_6,,,,,,,5.0,BAR_5_6,,,,,,,5.0,BAR_5_6,,,,,,,6.0,BAR_5_6,,,,,,,6.0,BAR_5_6,,,,,,,False,-1.46
2024-04-15 15:04:00-04:00,2024-04-15 15:24:00-04:00,2024-04-14,0.7590253392175194,0.4126148360238191,25.0,1.75,20,-25.0,-26.11,-1.0444,stop,20,12,2024-02-06 09:30:00-05:00,2024-05-06 09:30:00-04:00,346,17863.0,21,1.11,0.86,-0.63,13,20,LOSS,stop,-1.0444,12,0.44,0.28,-0.31,0.44,0.28,0.04,0.44,0.28,0.05,0.44,0.28,0.05,0.59,0.28,-0.57,0.61,0.28,-0.29,0.61,0.28,-0.44,0.81,0.28,-0.39,0.81,0.28,-0.31,0.81,0.28,-0.12,0.81,0.28,-0.36,0.81,0.28,-0.13,0.81,0.86,0.71,0.81,0.86,0.72,0.81,0.86,0.75,0.81,0.86,-0.16,0.81,0.86,-0.47,0.81,0.86,-0.48,0.9,0.86,-0.88,1.11,0.86,-0.63,0.44,0.28,-0.31,0.44,0.28,0.04,0.44,0.28,0.05,0.44,0.28,0.05,0.59,0.28,-0.57,0.61,0.28,-0.29,0.61,0.28,-0.44,0.81,0.28,-0.39,0.37,0.37,0.37,0.22,0.0,0.0,0.0,0.0,-0.08,-0.43,-0.44,0.1799999999999999,-0.53,0.345679012345679,0.10125,0.074,0.0733333333333333,0.035,0.0,0.0,0.1334969234530465,0.0,0.2463881954500719,False,True,FAILURE,12.0,8.0,BAR_7_10,10.0,13.0,13.0,13.0,15.0,,8.0,BAR_7_10,10.0,13.0,13.0,13.0,15.0,,8.0,BAR_7_10,10.0,13.0,13.0,13.0,15.0,,19.0,BAR_11_20,,,,,,,19.0,BAR_11_20,,,,,,,20.0,BAR_11_20,,,,,,,20.0,BAR_11_20,,,,,,,False,-0.63
2024-04-17 12:23:00-04:00,2024-04-17 12:43:00-04:00,2024-04-16,0.7964290011874449,0.5919742134940013,25.0,1.75,20,36.5,35.39,1.4156,timeout,20,12,2024-02-06 09:30:00-05:00,2024-05-06 09:30:00-04:00,347,17674.5,21,0.89,1.65,1.46,20,3,WIN,timeout,1.4156,12,0.29,0.09,-0.03,0.85,0.09,-0.81,0.89,0.09,-0.39,0.89,0.09,-0.47,0.89,0.09,-0.09,0.89,0.09,-0.28,0.89,0.09,-0.06,0.89,0.09,-0.31,0.89,0.09,-0.08,0.89,0.39,-0.06,0.89,0.39,-0.01,0.89,0.48,0.34,0.89,0.58,0.41,0.89,0.63,0.31,0.89,0.63,0.33,0.89,0.63,0.46,0.89,0.78,0.45,0.89,0.78,0.51,0.89,1.32,1.13,0.89,1.65,1.46,0.29,0.09,-0.03,0.85,0.09,-0.81,0.89,0.09,-0.39,0.89,0.09,-0.47,0.89,0.09,-0.09,0.89,0.09,-0.28,0.89,0.09,-0.06,0.89,0.09,-0.31,0.6000000000000001,0.04,0.0,0.0,0.0,0.0,0.0,0.0,-0.28,0.5,0.08,-0.22,-0.8,0.1011235955056179,0.11125,0.0,0.0,0.01125,0.0,0.0,0.2105774374021517,0.0,0.2596701204000403,True,True,RECOVERY,12.0,2.0,BAR_1_2,5.0,12.0,12.0,18.0,19.0,19.0,2.0,BAR_1_2,5.0,12.0,12.0,18.0,19.0,19.0,2.0,BAR_1_2,5.0,12.0,12.0,18.0,19.0,19.0,2.0,BAR_1_2,5.0,12.0,12.0,18.0,19.0,19.0,,NO_CROSS,,,,,,,,NO_CROSS,,,,,,,,NO_CROSS,,,,,,,True,-0.7
2024-04-17 12:46:00-04:00,2024-04-17 12:49:00-04:00,2024-04-16,1.0,0.5923255282896239,25.0,1.75,20,-25.0,-26.11,-1.0444,stop,3,12,2024-02-06 09:30:00-05:00,2024-05-06 09:30:00-04:00,348,17620.75,21,2.58,0.02,-2.49,1,20,LOSS,stop,-1.0444,12,0.81,0.02,-0.74,0.9,0.02,-0.9,1.36,0.02,-1.24,1.43,0.02,-0.91,1.43,0.02,-1.16,1.5,0.02,-1.45,1.52,0.02,-1.17,1.52,0.02,-1.3,1.52,0.02,-1.15,1.52,0.02,-1.05,1.52,0.02,-0.64,1.52,0.02,-1.14,1.52,0.02,-0.91,1.52,0.02,-1.26,1.56,0.02,-1.51,1.84,0.02,-1.29,1.93,0.02,-1.92,2.04,0.02,-1.8,2.23,0.02,-1.82,2.58,0.02,-2.49,0.81,0.02,-0.74,0.9,0.02,-0.9,1.36,0.02,-1.24,1.43,0.02,-0.91,1.43,0.02,-1.16,1.5,0.02,-1.45,1.52,0.02,-1.17,1.52,0.02,-1.3,0.71,0.62,0.1599999999999999,0.09,0.0,0.0,0.0,0.0,-0.56,-0.4,-0.06,-0.1400000000000001,-1.5,0.0131578947368421,0.19,0.0319999999999999,0.03,0.0025,0.0,0.0,0.2862784608433843,0.0,0.2377536239771871,False,True,FAILURE,12.0,1.0,BAR_1_2,,,,,,,1.0,BAR_1_2,,,,,,,1.0,BAR_1_2,,,,,,,2.0,BAR_1_2,,,,,,,2.0,BAR_1_2,,,,,,,3.0,BAR_3_4,,,,,,,3.0,BAR_3_4,,,,,,,True,-0.7
2024-04-19 12:07:00-04:00,2024-04-19 12:27:00-04:00,2024-04-18,0.9849371139952336,0.5179741432310422,25.0,1.75,20,34.25,33.14,1.3256,timeout,20,12,2024-02-06 09:30:00-05:00,2024-05-06 09:30:00-04:00,352,17260.5,21,0.77,1.66,1.37,17,2,WIN,timeout,1.3256,12,0.6,0.15,-0.53,0.77,0.15,-0.42,0.77,0.21,0.13,0.77,0.62,0.52,0.77,0.69,0.36,0.77,0.89,0.76,0.77,1.5,1.36,0.77,1.5,1.29,0.77,1.5,0.91,0.77,1.5,1.07,0.77,1.5,1.27,0.77,1.5,1.39,0.77,1.5,1.24,0.77,1.5,1.21,0.77,1.5,1.0,0.77,1.55,1.51,0.77,1.66,1.51,0.77,1.66,1.25,0.77,1.66,1.34,0.77,1.66,1.37,0.6,0.15,-0.53,0.77,0.15,-0.42,0.77,0.21,0.13,0.77,0.62,0.52,0.77,0.69,0.36,0.77,0.89,0.76,0.77,1.5,1.36,0.77,1.5,1.29,0.17,0.0,0.0,0.0,1.35,1.35,1.29,0.81,1.82,1.71,1.16,0.93,0.73,1.948051948051948,0.09625,0.0,0.0,0.1875,0.258,0.27,0.0601040764008565,0.5562871175417036,0.7030939278848677,True,True,RECOVERY,12.0,2.0,BAR_1_2,3.0,3.0,4.0,4.0,6.0,7.0,2.0,BAR_1_2,3.0,3.0,4.0,4.0,6.0,7.0,,NO_CROSS,,,,,,,,NO_CROSS,,,,,,,,NO_CROSS,,,,,,,,NO_CROSS,,,,,,,,NO_CROSS,,,,,,,True,-0.7
2024-04-25 09:31:00-04:00,2024-04-25 09:42:00-04:00,2024-04-24,0.7717479701747733,0.4902334486816912,25.0,1.75,20,-25.0,-26.11,-1.0444,stop,11,12,2024-02-06 09:30:00-05:00,2024-05-06 09:30:00-04:00,358,17324.5,21,2.29,0.66,-1.29,1,16,LOSS,stop,-1.0444,12,0.29,0.66,0.19,0.29,0.66,0.22,0.37,0.66,0.44,0.84,0.66,-0.82,0.86,0.66,0.23,0.86,0.66,-0.01,0.86,0.66,-0.41,0.86,0.66,-0.4,0.86,0.66,-0.79,0.86,0.66,-0.46,1.47,0.66,-1.28,1.96,0.66,-1.76,2.05,0.66,-1.89,2.1,0.66,-1.99,2.15,0.66,-2.13,2.29,0.66,-1.89,2.29,0.66,-1.24,2.29,0.66,-1.23,2.29,0.66,-1.68,2.29,0.66,-1.29,0.29,0.66,0.19,0.29,0.66,0.22,0.37,0.66,0.44,0.84,0.66,-0.82,0.86,0.66,0.23,0.86,0.66,-0.01,0.86,0.66,-0.41,0.86,0.66,-0.4,0.5700000000000001,0.5700000000000001,0.49,0.0,0.0,0.0,0.0,0.0,-0.5900000000000001,-0.62,-0.8400000000000001,-0.63,-0.1999999999999999,0.7674418604651163,0.1075,0.098,0.0,0.0825,0.0,0.0,0.2803027699776491,0.0,0.4296842694683753,False,True,FAILURE,12.0,4.0,BAR_3_4,5.0,5.0,,,,,4.0,BAR_3_4,5.0,5.0,,,,,4.0,BAR_3_4,5.0,5.0,,,,,5.0,BAR_5_6,5.0,5.0,,,,,11.0,BAR_11_20,,,,,,,11.0,BAR_11_20,,,,,,,11.0,BAR_11_20,,,,,,,True,-0.7
2024-04-26 09:31:00-04:00,2024-04-26 09:33:00-04:00,2024-04-25,0.8395850269885285,0.4686758945352983,25.0,1.75,20,-25.0,-26.11,-1.0444,stop,2,12,2024-02-06 09:30:00-05:00,2024-05-06 09:30:00-04:00,359,17682.0,21,4.2,0.55,-4.12,1,20,LOSS,stop,-1.0444,12,0.23,0.55,0.53,1.46,0.55,-1.17,2.15,0.55,-2.06,2.17,0.55,-2.14,2.29,0.55,-1.42,2.29,0.55,-1.88,2.42,0.55,-2.34,3.3,0.55,-2.89,3.3,0.55,-1.73,3.3,0.55,-1.4,3.3,0.55,-1.55,3.3,0.55,-1.55,3.3,0.55,-2.09,3.3,0.55,-2.37,3.3,0.55,-2.23,3.3,0.55,-2.53,3.3,0.55,-2.08,3.3,0.55,-3.12,4.07,0.55,-4.02,4.2,0.55,-4.12,0.23,0.55,0.53,1.46,0.55,-1.17,2.15,0.55,-2.06,2.17,0.55,-2.14,2.29,0.55,-1.42,2.29,0.55,-1.88,2.42,0.55,-2.34,3.3,0.55,-2.89,3.07,1.84,1.15,1.0099999999999998,0.0,0.0,0.0,0.0,-3.42,-1.7200000000000002,-0.8300000000000001,-1.4700000000000002,-2.75,0.1666666666666666,0.4125,0.2299999999999999,0.3366666666666666,0.06875,0.0,0.0,0.8862833713241574,0.0,1.0355735126006265,False,True,FAILURE,12.0,2.0,BAR_1_2,,,,,,,2.0,BAR_1_2,,,,,,,2.0,BAR_1_2,,,,,,,2.0,BAR_1_2,,,,,,,2.0,BAR_1_2,,,,,,,2.0,BAR_1_2,,,,,,,2.0,BAR_1_2,,,,,,,True,-0.7
2024-04-29 09:43:00-04:00,2024-04-29 09:47:00-04:00,2024-04-28,0.9645947757035798,0.5998875792654008,25.0,1.75,20,-25.0,-26.11,-1.0444,stop,4,12,2024-02-06 09:30:00-05:00,2024-05-06 09:30:00-04:00,360,17835.0,21,2.11,0.25,-1.57,11,17,LOSS,stop,-1.0444,12,0.44,0.01,-0.43,0.67,0.01,-0.64,0.97,0.01,-0.84,1.17,0.01,-1.16,1.24,0.01,-0.99,1.38,0.01,-1.25,1.38,0.01,-0.99,1.38,0.01,-0.38,1.38,0.01,-0.31,1.38,0.06,-0.11,1.38,0.25,0.05,1.38,0.25,-0.05,1.38,0.25,-0.66,1.38,0.25,-0.75,1.38,0.25,-0.98,1.38,0.25,-1.28,2.11,0.25,-1.84,2.11,0.25,-1.39,2.11,0.25,-1.39,2.11,0.25,-1.57,0.44,0.01,-0.43,0.67,0.01,-0.64,0.97,0.01,-0.84,1.17,0.01,-1.16,1.24,0.01,-0.99,1.38,0.01,-1.25,1.38,0.01,-0.99,1.38,0.01,-0.38,0.94,0.7099999999999999,0.4099999999999999,0.1399999999999999,0.0,0.0,0.0,0.0,0.0499999999999999,0.26,0.4599999999999999,0.61,-1.37,0.0072463768115942,0.1725,0.0819999999999999,0.0466666666666666,0.00125,0.0,0.0,0.3572689063276727,0.0,0.324037034920393,False,True,FAILURE,12.0,3.0,BAR_3_4,10.0,11.0,,,,,3.0,BAR_3_4,10.0,11.0,,,,,3.0,BAR_3_4,10.0,11.0,,,,,3.0,BAR_3_4,10.0,11.0,,,,,3.0,BAR_3_4,10.0,11.0,,,,,3.0,BAR_3_4,10.0,11.0,,,,,4.0,BAR_3_4,10.0,11.0,,,,,True,-0.7
2024-05-01 11:18:00-04:00,2024-05-01 11:22:00-04:00,2024-04-30,1.0,0.4026462786980274,25.0,1.75,20,-25.0,-26.11,-1.0444,stop,4,12,2024-02-06 09:30:00-05:00,2024-05-06 09:30:00-04:00,362,17418.0,21,2.02,0.23,-1.76,1,20,LOSS,stop,-1.0444,12,0.17,0.23,-0.11,0.39,0.23,-0.08,0.62,0.23,-0.55,1.1,0.23,-0.98,1.17,0.23,-0.99,1.17,0.23,-0.87,1.17,0.23,-0.88,1.17,0.23,-1.05,1.43,0.23,-1.27,1.43,0.23,-1.27,1.43,0.23,-1.34,1.56,0.23,-1.38,1.56,0.23,-1.31,1.57,0.23,-1.49,1.57,0.23,-1.48,1.85,0.23,-1.75,1.89,0.23,-1.73,1.89,0.23,-1.64,1.89,0.23,-1.73,2.02,0.23,-1.76,0.17,0.23,-0.11,0.39,0.23,-0.08,0.62,0.23,-0.55,1.1,0.23,-0.98,1.17,0.23,-0.99,1.17,0.23,-0.87,1.17,0.23,-0.88,1.17,0.23,-1.05,1.0,0.7799999999999999,0.5499999999999999,0.0,0.0,0.0,0.0,0.0,-0.94,-0.97,-0.5,-0.06,-0.94,0.1965811965811966,0.14625,0.1099999999999999,0.0,0.02875,0.0,0.0,0.4133141316584413,0.0,0.3964642841056791,False,True,FAILURE,12.0,4.0,BAR_3_4,,,,,,,4.0,BAR_3_4,,,,,,,4.0,BAR_3_4,,,,,,,4.0,BAR_3_4,,,,,,,4.0,BAR_3_4,,,,,,,4.0,BAR_3_4,,,,,,,4.0,BAR_3_4,,,,,,,True,-0.7
2024-07-11 11:03:00-04:00,2024-07-11 11:07:00-04:00,2024-07-10,0.7879223915264038,0.5444017987317535,25.0,1.75,20,-25.0,-26.11,-1.0444,stop,4,13,2024-05-06 09:30:00-04:00,2024-08-06 09:30:00-04:00,363,20594.0,21,2.17,1.47,1.46,20,7,LOSS,stop,-1.0444,13,0.36,0.21,-0.02,0.47,0.21,-0.42,0.47,0.21,-0.34,1.1,0.21,-0.94,1.42,0.21,-1.4,1.99,0.21,-1.96,2.17,0.21,-2.07,2.17,0.21,-1.72,2.17,0.21,-0.61,2.17,0.21,-0.19,2.17,0.21,-1.22,2.17,0.21,-0.8,2.17,0.21,-0.86,2.17,0.21,-0.61,2.17,0.21,-0.68,2.17,0.21,-0.55,2.17,0.21,-0.54,2.17,0.21,-0.13,2.17,0.55,0.54,2.17,1.47,1.46,0.36,0.21,-0.02,0.47,0.21,-0.42,0.47,0.21,-0.34,1.1,0.21,-0.94,1.42,0.21,-1.4,1.99,0.21,-1.96,2.17,0.21,-2.07,2.17,0.21,-1.72,1.81,1.7,1.7,0.75,0.0,0.0,0.0,0.0,-1.7,-1.3,-1.38,-0.32,-1.96,0.0967741935483871,0.27125,0.3399999999999999,0.25,0.02625,0.0,0.0,0.7835712657897995,0.0,0.7915885926414049,False,True,FAILURE,13.0,4.0,BAR_3_4,10.0,19.0,19.0,19.0,20.0,20.0,4.0,BAR_3_4,10.0,19.0,19.0,19.0,20.0,20.0,4.0,BAR_3_4,10.0,19.0,19.0,19.0,20.0,20.0,4.0,BAR_3_4,10.0,19.0,19.0,19.0,20.0,20.0,4.0,BAR_3_4,10.0,19.0,19.0,19.0,20.0,20.0,4.0,BAR_3_4,10.0,19.0,19.0,19.0,20.0,20.0,4.0,BAR_3_4,10.0,19.0,19.0,19.0,20.0,20.0,True,-0.7
2024-08-20 13:00:00-04:00,2024-08-20 13:06:00-04:00,2024-08-19,0.9957188243793724,0.5186007358532865,25.0,1.75,20,-25.0,-26.11,-1.0444,stop,6,14,2024-08-06 09:30:00-04:00,2024-11-06 09:30:00-05:00,365,19751.5,21,1.52,0.01,-0.77,1,10,LOSS,stop,-1.0444,14,0.71,0.01,-0.38,0.71,0.01,-0.44,0.71,0.01,-0.15,0.71,0.01,-0.5,0.71,0.01,-0.3,1.03,0.01,-0.93,1.32,0.01,-1.14,1.32,0.01,-0.98,1.4,0.01,-1.34,1.52,0.01,-1.2,1.52,0.01,-1.14,1.52,0.01,-1.25,1.52,0.01,-1.17,1.52,0.01,-0.99,1.52,0.01,-0.79,1.52,0.01,-0.64,1.52,0.01,-1.09,1.52,0.01,-1.03,1.52,0.01,-0.99,1.52,0.01,-0.77,0.71,0.01,-0.38,0.71,0.01,-0.44,0.71,0.01,-0.15,0.71,0.01,-0.5,0.71,0.01,-0.3,1.03,0.01,-0.93,1.32,0.01,-1.14,1.32,0.01,-0.98,0.6100000000000001,0.6100000000000001,0.6100000000000001,0.6100000000000001,0.0,0.0,0.0,0.0,-0.6,-0.54,-0.83,-0.6799999999999999,-1.31,0.0075757575757575,0.165,0.122,0.2033333333333333,0.00125,0.0,0.0,0.2803441762242568,0.0,0.3627966766267692,False,True,FAILURE,14.0,1.0,BAR_1_2,3.0,,,,,,6.0,BAR_5_6,,,,,,,6.0,BAR_5_6,,,,,,,6.0,BAR_5_6,,,,,,,6.0,BAR_5_6,,,,,,,6.0,BAR_5_6,,,,,,,6.0,BAR_5_6,,,,,,,True,-0.7
2024-08-27 11:33:00-04:00,2024-08-27 11:53:00-04:00,2024-08-26,1.0,0.5623826876667648,25.0,1.75,20,4.25,3.14,0.1256,timeout,20,14,2024-08-06 09:30:00-04:00,2024-11-06 09:30:00-05:00,367,19586.75,21,0.98,0.29,0.17,1,13,WIN,timeout,0.1256,14,0.41,0.29,-0.4,0.71,0.29,-0.53,0.76,0.29,-0.73,0.81,0.29,-0.56,0.95,0.29,-0.75,0.95,0.29,-0.6,0.95,0.29,-0.15,0.95,0.29,-0.48,0.95,0.29,-0.46,0.95,0.29,-0.65,0.95,0.29,-0.67,0.95,0.29,-0.55,0.98,0.29,-0.82,0.98,0.29,-0.63,0.98,0.29,-0.47,0.98,0.29,-0.51,0.98,0.29,-0.61,0.98,0.29,-0.48,0.98,0.29,-0.06,0.98,0.29,0.17,0.41,0.29,-0.4,0.71,0.29,-0.53,0.76,0.29,-0.73,0.81,0.29,-0.56,0.95,0.29,-0.75,0.95,0.29,-0.6,0.95,0.29,-0.15,0.95,0.29,-0.48,0.54,0.24,0.1899999999999999,0.0,0.0,0.0,0.0,0.0,-0.0799999999999999,0.05,0.25,0.27,-0.6599999999999999,0.3052631578947368,0.11875,0.0379999999999999,0.0,0.03625,0.0,0.0,0.1893173827955885,0.0,0.1919077159172382,True,True,RECOVERY,14.0,2.0,BAR_1_2,7.0,20.0,,,,,3.0,BAR_3_4,7.0,20.0,,,,,4.0,BAR_3_4,7.0,20.0,,,,,5.0,BAR_5_6,7.0,20.0,,,,,5.0,BAR_5_6,7.0,20.0,,,,,5.0,BAR_5_6,7.0,20.0,,,,,,NO_CROSS,,,,,,,True,-0.7
2024-09-18 11:47:00-04:00,2024-09-18 11:55:00-04:00,2024-09-17,1.0,0.4886039447714415,25.0,1.75,20,-25.0,-26.11,-1.0444,stop,8,14,2024-08-06 09:30:00-04:00,2024-11-06 09:30:00-05:00,374,19589.25,21,1.0,0.23,-0.69,13,8,LOSS,stop,-1.0444,14,0.61,0.06,-0.37,0.61,0.06,-0.41,0.86,0.06,-0.79,0.86,0.06,-0.19,0.86,0.06,-0.44,0.86,0.06,-0.63,0.86,0.06,-0.68,1.0,0.06,-0.92,1.0,0.06,-0.76,1.0,0.06,-0.72,1.0,0.06,-0.7,1.0,0.06,-0.32,1.0,0.23,-0.48,1.0,0.23,-0.53,1.0,0.23,-0.19,1.0,0.23,0.0,1.0,0.23,0.02,1.0,0.23,-0.11,1.0,0.23,-0.49,1.0,0.23,-0.69,0.61,0.06,-0.37,0.61,0.06,-0.41,0.86,0.06,-0.79,0.86,0.06,-0.19,0.86,0.06,-0.44,0.86,0.06,-0.63,0.86,0.06,-0.68,1.0,0.06,-0.92,0.39,0.39,0.14,0.14,0.0,0.0,0.0,0.0,-0.55,-0.51,-0.13,-0.48,-0.94,0.06,0.125,0.028,0.0466666666666666,0.0075,0.0,0.0,0.1354358045084723,0.0,0.2424245096048311,False,True,FAILURE,14.0,3.0,BAR_3_4,4.0,16.0,,,,,3.0,BAR_3_4,4.0,16.0,,,,,3.0,BAR_3_4,4.0,16.0,,,,,3.0,BAR_3_4,4.0,16.0,,,,,8.0,BAR_7_10,15.0,16.0,,,,,8.0,BAR_7_10,15.0,16.0,,,,,8.0,BAR_7_10,15.0,16.0,,,,,True,-0.7
2024-09-19 14:16:00-04:00,2024-09-19 14:28:00-04:00,2024-09-18,0.9595531322317736,0.4378327054696669,25.0,1.75,20,-25.0,-26.11,-1.0444,stop,12,14,2024-08-06 09:30:00-04:00,2024-11-06 09:30:00-05:00,375,20129.0,21,1.08,0.51,-0.71,2,13,LOSS,stop,-1.0444,14,0.25,0.16,-0.23,0.27,0.51,0.32,0.38,0.51,-0.32,0.62,0.51,-0.21,0.62,0.51,-0.32,0.85,0.51,-0.75,0.91,0.51,-0.83,0.94,0.51,-0.87,0.94,0.51,-0.31,0.94,0.51,-0.54,0.94,0.51,-0.65,1.04,0.51,-0.92,1.08,0.51,-0.93,1.08,0.51,-0.88,1.08,0.51,-0.77,1.08,0.51,-0.71,1.08,0.51,-0.28,1.08,0.51,-0.36,1.08,0.51,-0.68,1.08,0.51,-0.71,0.25,0.16,-0.23,0.27,0.51,0.32,0.38,0.51,-0.32,0.62,0.51,-0.21,0.62,0.51,-0.32,0.85,0.51,-0.75,0.91,0.51,-0.83,0.94,0.51,-0.87,0.69,0.6699999999999999,0.5599999999999999,0.3199999999999999,0.35,0.0,0.0,0.0,-0.64,-1.19,-0.55,-0.55,-0.4299999999999999,0.5425531914893618,0.1175,0.1119999999999999,0.1066666666666666,0.06375,0.0,0.0,0.2814757030874448,0.1237436867076458,0.4008005382089343,False,True,FAILURE,14.0,6.0,BAR_5_6,,,,,,,6.0,BAR_5_6,,,,,,,6.0,BAR_5_6,,,,,,,6.0,BAR_5_6,,,,,,,7.0,BAR_7_10,,,,,,,12.0,BAR_11_20,,,,,,,12.0,BAR_11_20,,,,,,,False,-0.71
2024-09-23 09:32:00-04:00,2024-09-23 09:45:00-04:00,2024-09-22,0.8116666243643076,0.4817025728490358,25.0,1.75,20,-25.0,-26.11,-1.0444,stop,13,14,2024-08-06 09:30:00-04:00,2024-11-06 09:30:00-05:00,378,20041.75,21,2.57,0.4,-1.83,3,18,LOSS,stop,-1.0444,14,0.83,0.26,-0.83,0.93,0.26,-0.44,0.93,0.4,0.25,0.93,0.4,-0.27,0.93,0.4,-0.53,0.99,0.4,-0.58,0.99,0.4,-0.35,0.99,0.4,-0.51,0.99,0.4,-0.17,0.99,0.4,-0.38,0.99,0.4,-0.61,0.99,0.4,-0.86,1.49,0.4,-0.89,1.49,0.4,-0.24,1.49,0.4,-0.96,1.85,0.4,-1.62,2.37,0.4,-2.34,2.57,0.4,-2.11,2.57,0.4,-1.08,2.57,0.4,-1.83,0.83,0.26,-0.83,0.93,0.26,-0.44,0.93,0.4,0.25,0.93,0.4,-0.27,0.93,0.4,-0.53,0.99,0.4,-0.58,0.99,0.4,-0.35,0.99,0.4,-0.51,0.16,0.0599999999999999,0.0599999999999999,0.0599999999999999,0.14,0.14,0.0,0.0,0.3199999999999999,-0.07,-0.76,0.02,-0.59,0.4040404040404041,0.12375,0.0119999999999999,0.0199999999999999,0.05,0.0,0.0,0.0534522483824848,0.0648074069840786,0.3138129561196787,False,True,FAILURE,14.0,1.0,BAR_1_2,3.0,3.0,3.0,,,,1.0,BAR_1_2,3.0,3.0,3.0,,,,1.0,BAR_1_2,3.0,3.0,3.0,,,,2.0,BAR_1_2,3.0,3.0,3.0,,,,2.0,BAR_1_2,3.0,3.0,3.0,,,,6.0,BAR_5_6,9.0,,,,,,13.0,BAR_11_20,,,,,,,True,-0.7
2024-09-27 09:36:00-04:00,2024-09-27 09:38:00-04:00,2024-09-26,0.8906587824648646,0.5374718120716864,25.0,1.75,20,-25.0,-26.11,-1.0444,stop,2,14,2024-08-06 09:30:00-04:00,2024-11-06 09:30:00-05:00,381,20320.5,21,1.67,0.41,-0.21,1,13,LOSS,stop,-1.0444,14,0.53,0.41,-0.5,1.03,0.41,-0.99,1.11,0.41,-0.31,1.11,0.41,-0.22,1.11,0.41,-0.53,1.11,0.41,-0.51,1.11,0.41,-0.25,1.11,0.41,-0.23,1.11,0.41,-0.69,1.28,0.41,-0.86,1.28,0.41,-0.92,1.43,0.41,-0.99,1.67,0.41,-1.55,1.67,0.41,-1.44,1.67,0.41,-1.0,1.67,0.41,-1.14,1.67,0.41,-1.16,1.67,0.41,-0.84,1.67,0.41,-0.86,1.67,0.41,-0.21,0.53,0.41,-0.5,1.03,0.41,-0.99,1.11,0.41,-0.31,1.11,0.41,-0.22,1.11,0.41,-0.53,1.11,0.41,-0.51,1.11,0.41,-0.25,1.11,0.41,-0.23,0.5800000000000001,0.08,0.0,0.0,0.0,0.0,0.0,0.0,0.27,0.76,0.0799999999999999,0.3,-0.7000000000000002,0.3693693693693693,0.13875,0.0,0.0,0.05125,0.0,0.0,0.2029602353734769,0.0,0.2576126660595044,False,True,FAILURE,14.0,2.0,BAR_1_2,,,,,,,2.0,BAR_1_2,,,,,,,2.0,BAR_1_2,,,,,,,2.0,BAR_1_2,,,,,,,2.0,BAR_1_2,,,,,,,2.0,BAR_1_2,,,,,,,2.0,BAR_1_2,,,,,,,True,-0.7
2024-10-02 12:59:00-04:00,2024-10-02 13:01:00-04:00,2024-10-01,1.0,0.4769375491777696,25.0,1.75,20,-25.0,-26.11,-1.0444,stop,2,14,2024-08-06 09:30:00-04:00,2024-11-06 09:30:00-05:00,384,19980.25,21,1.1,0.31,-0.66,12,2,LOSS,stop,-1.0444,14,0.98,0.23,-0.87,1.1,0.23,-0.92,1.1,0.23,-0.79,1.1,0.23,-0.87,1.1,0.23,-0.84,1.1,0.23,-0.55,1.1,0.23,-0.5,1.1,0.23,-0.5,1.1,0.23,-0.6,1.1,0.23,-0.32,1.1,0.23,-0.29,1.1,0.31,0.14,1.1,0.31,-0.31,1.1,0.31,-0.34,1.1,0.31,-0.58,1.1,0.31,-0.47,1.1,0.31,-0.66,1.1,0.31,-0.39,1.1,0.31,-0.48,1.1,0.31,-0.66,0.98,0.23,-0.87,1.1,0.23,-0.92,1.1,0.23,-0.79,1.1,0.23,-0.87,1.1,0.23,-0.84,1.1,0.23,-0.55,1.1,0.23,-0.5,1.1,0.23,-0.5,0.1200000000000001,0.0,0.0,0.0,0.0,0.0,0.0,0.0,0.37,0.42,0.29,0.3399999999999999,-0.8700000000000001,0.209090909090909,0.1375,0.0,0.0,0.02875,0.0,0.0,0.0424264068711928,0.0,0.1809498746693601,False,True,FAILURE,14.0,1.0,BAR_1_2,12.0,12.0,,,,,1.0,BAR_1_2,12.0,12.0,,,,,1.0,BAR_1_2,12.0,12.0,,,,,1.0,BAR_1_2,12.0,12.0,,,,,1.0,BAR_1_2,12.0,12.0,,,,,1.0,BAR_1_2,12.0,12.0,,,,,2.0,BAR_1_2,12.0,12.0,,,,,True,-0.7
2024-10-03 12:52:00-04:00,2024-10-03 13:01:00-04:00,2024-10-02,1.0,0.5721896690418522,25.0,1.75,20,43.75,42.64,1.7056,target,9,14,2024-08-06 09:30:00-04:00,2024-11-06 09:30:00-05:00,386,19926.75,21,0.9,1.91,0.36,9,5,WIN,target,1.7056,14,0.35,0.77,0.55,0.35,0.98,0.58,0.35,0.98,0.1,0.44,0.98,-0.37,0.9,0.98,0.0,0.9,0.98,0.37,0.9,0.98,0.27,0.9,1.67,1.48,0.9,1.91,1.39,0.9,1.91,0.99,0.9,1.91,1.5,0.9,1.91,1.22,0.9,1.91,1.23,0.9,1.91,1.07,0.9,1.91,0.35,0.9,1.91,0.56,0.9,1.91,0.4,0.9,1.91,0.61,0.9,1.91,0.01,0.9,1.91,0.36,0.35,0.77,0.55,0.35,0.98,0.58,0.35,0.98,0.1,0.44,0.98,-0.37,0.9,0.98,0.0,0.9,0.98,0.37,0.9,0.98,0.27,0.9,1.67,1.48,0.55,0.55,0.55,0.0,0.8999999999999999,0.69,0.69,0.69,0.93,0.9,1.38,1.48,0.7699999999999999,1.8555555555555556,0.1125,0.11,0.0,0.20875,0.1379999999999999,0.2299999999999999,0.2834954018271599,0.2649528259898354,0.544577162314291,True,True,RECOVERY,14.0,5.0,BAR_5_6,5.0,5.0,6.0,8.0,8.0,8.0,5.0,BAR_5_6,5.0,5.0,6.0,8.0,8.0,8.0,5.0,BAR_5_6,5.0,5.0,6.0,8.0,8.0,8.0,5.0,BAR_5_6,5.0,5.0,6.0,8.0,8.0,8.0,5.0,BAR_5_6,5.0,5.0,6.0,8.0,8.0,8.0,,NO_CROSS,,,,,,,,NO_CROSS,,,,,,,False,0.36
2024-10-08 13:08:00-04:00,2024-10-08 13:14:00-04:00,2024-10-07,0.7824535247307162,0.4870478392551793,25.0,1.75,20,-25.0,-26.11,-1.0444,stop,6,14,2024-08-06 09:30:00-04:00,2024-11-06 09:30:00-05:00,388,20180.5,21,1.13,0.66,-0.7,1,6,LOSS,stop,-1.0444,14,0.07,0.66,0.11,0.2,0.66,0.42,0.2,0.66,0.12,0.76,0.66,-0.65,0.88,0.66,-0.49,1.13,0.66,-1.08,1.13,0.66,-0.49,1.13,0.66,-0.48,1.13,0.66,-0.05,1.13,0.66,-0.29,1.13,0.66,-0.38,1.13,0.66,-0.42,1.13,0.66,-0.56,1.13,0.66,-0.52,1.13,0.66,-0.68,1.13,0.66,-0.72,1.13,0.66,-0.69,1.13,0.66,-0.64,1.13,0.66,-0.75,1.13,0.66,-0.7,0.07,0.66,0.11,0.2,0.66,0.42,0.2,0.66,0.12,0.76,0.66,-0.65,0.88,0.66,-0.49,1.13,0.66,-1.08,1.13,0.66,-0.49,1.13,0.66,-0.48,1.0599999999999998,0.93,0.93,0.2499999999999999,0.0,0.0,0.0,0.0,-0.59,-0.8999999999999999,-0.6,0.01,-0.4699999999999998,0.5840707964601771,0.14125,0.186,0.0833333333333333,0.0825,0.0,0.0,0.4607989955346194,0.0,0.4922180120927834,False,True,FAILURE,14.0,4.0,BAR_3_4,9.0,,,,,,4.0,BAR_3_4,9.0,,,,,,5.0,BAR_5_6,9.0,,,,,,5.0,BAR_5_6,9.0,,,,,,6.0,BAR_5_6,9.0,,,,,,6.0,BAR_5_6,9.0,,,,,,6.0,BAR_5_6,9.0,,,,,,True,-0.7
2024-10-11 09:39:00-04:00,2024-10-11 09:43:00-04:00,2024-10-10,0.8001542702877217,0.4310983731224532,25.0,1.75,20,-25.0,-26.11,-1.0444,stop,4,14,2024-08-06 09:30:00-04:00,2024-11-06 09:30:00-05:00,390,20318.75,21,2.09,0.22,-1.59,1,17,LOSS,stop,-1.0444,14,0.51,0.22,-0.41,0.77,0.22,-0.53,0.85,0.22,-0.68,1.25,0.22,-1.14,1.34,0.22,-0.85,1.49,0.22,-1.21,1.69,0.22,-1.51,1.76,0.22,-1.43,1.76,0.22,-1.2,1.76,0.22,-1.58,1.76,0.22,-1.58,2.02,0.22,-1.83,2.02,0.22,-1.39,2.02,0.22,-1.34,2.02,0.22,-1.47,2.02,0.22,-1.81,2.09,0.22,-1.76,2.09,0.22,-1.69,2.09,0.22,-1.53,2.09,0.22,-1.59,0.51,0.22,-0.41,0.77,0.22,-0.53,0.85,0.22,-0.68,1.25,0.22,-1.14,1.34,0.22,-0.85,1.49,0.22,-1.21,1.69,0.22,-1.51,1.76,0.22,-1.43,1.25,0.99,0.91,0.4199999999999999,0.0,0.0,0.0,0.0,-1.02,-0.8999999999999999,-0.7499999999999999,-0.58,-1.54,0.125,0.22,0.182,0.1399999999999999,0.0275,0.0,0.0,0.4540217112492686,0.0,0.4132449982412716,False,True,FAILURE,14.0,2.0,BAR_1_2,,,,,,,2.0,BAR_1_2,,,,,,,3.0,BAR_3_4,,,,,,,3.0,BAR_3_4,,,,,,,4.0,BAR_3_4,,,,,,,4.0,BAR_3_4,,,,,,,4.0,BAR_3_4,,,,,,,True,-0.7
2024-10-15 15:05:00-04:00,2024-10-15 15:23:00-04:00,2024-10-14,0.9983181934732543,0.4095458721443925,25.0,1.75,20,-25.0,-26.11,-1.0444,stop,18,14,2024-08-06 09:30:00-04:00,2024-11-06 09:30:00-05:00,392,20288.25,21,1.26,0.85,-0.86,3,18,LOSS,stop,-1.0444,14,0.05,0.58,0.49,0.05,0.84,0.51,0.76,0.85,-0.22,0.76,0.85,-0.25,0.81,0.85,-0.38,0.81,0.85,-0.25,0.81,0.85,0.15,0.81,0.85,0.12,0.81,0.85,0.29,0.81,0.85,0.65,0.81,0.85,0.18,0.81,0.85,0.13,0.81,0.85,0.28,0.81,0.85,0.05,0.81,0.85,0.1,0.81,0.85,-0.6,0.81,0.85,-0.31,1.26,0.85,-1.11,1.26,0.85,-0.69,1.26,0.85,-0.86,0.05,0.58,0.49,0.05,0.84,0.51,0.76,0.85,-0.22,0.76,0.85,-0.25,0.81,0.85,-0.38,0.81,0.85,-0.25,0.81,0.85,0.15,0.81,0.85,0.12,0.76,0.76,0.05,0.0,0.27,0.01,0.0,0.0,-0.37,-0.39,0.3399999999999999,0.5,0.0399999999999999,1.0493827160493827,0.10125,0.01,0.0,0.10625,0.0,0.0,0.344787719370298,0.0950187951332336,0.3487298381268801,False,True,FAILURE,14.0,3.0,BAR_3_4,7.0,7.0,9.0,10.0,,,3.0,BAR_3_4,7.0,7.0,9.0,10.0,,,5.0,BAR_5_6,7.0,7.0,9.0,10.0,,,18.0,BAR_11_20,,,,,,,18.0,BAR_11_20,,,,,,,18.0,BAR_11_20,,,,,,,18.0,BAR_11_20,,,,,,,True,-0.7
2024-10-17 12:33:00-04:00,2024-10-17 12:38:00-04:00,2024-10-16,0.8917050685526369,0.4276916449441956,25.0,1.75,20,-25.0,-26.11,-1.0444,stop,5,14,2024-08-06 09:30:00-04:00,2024-11-06 09:30:00-05:00,394,20448.75,21,1.69,0.07,-0.92,1,10,LOSS,stop,-1.0444,14,0.45,0.07,-0.41,0.76,0.07,-0.73,0.84,0.07,-0.82,0.93,0.07,-0.88,1.12,0.07,-1.02,1.12,0.07,-0.93,1.27,0.07,-1.22,1.35,0.07,-1.17,1.55,0.07,-1.48,1.69,0.07,-1.46,1.69,0.07,-1.58,1.69,0.07,-1.33,1.69,0.07,-1.22,1.69,0.07,-1.19,1.69,0.07,-1.31,1.69,0.07,-1.3,1.69,0.07,-1.19,1.69,0.07,-1.18,1.69,0.07,-1.19,1.69,0.07,-0.92,0.45,0.07,-0.41,0.76,0.07,-0.73,0.84,0.07,-0.82,0.93,0.07,-0.88,1.12,0.07,-1.02,1.12,0.07,-0.93,1.27,0.07,-1.22,1.35,0.07,-1.17,0.9000000000000001,0.5900000000000001,0.5100000000000001,0.2299999999999999,0.0,0.0,0.0,0.0,-0.76,-0.4399999999999999,-0.35,-0.1499999999999999,-1.28,0.0518518518518518,0.16875,0.102,0.0766666666666666,0.00875,0.0,0.0,0.2955865838826731,0.0,0.2581112716861248,False,True,FAILURE,14.0,2.0,BAR_1_2,,,,,,,2.0,BAR_1_2,,,,,,,3.0,BAR_3_4,,,,,,,4.0,BAR_3_4,,,,,,,4.0,BAR_3_4,,,,,,,5.0,BAR_5_6,,,,,,,5.0,BAR_5_6,,,,,,,True,-0.7
2024-10-23 13:40:00-04:00,2024-10-23 14:00:00-04:00,2024-10-22,0.8387925957574164,0.5578726191365813,25.0,1.75,20,27.0,25.89,1.0356,timeout,20,14,2024-08-06 09:30:00-04:00,2024-11-06 09:30:00-05:00,398,20151.75,21,0.83,1.22,1.08,18,8,WIN,timeout,1.0356,14,0.48,0.12,-0.34,0.48,0.12,-0.37,0.48,0.12,0.1,0.48,0.18,-0.1,0.48,0.18,-0.24,0.54,0.18,-0.03,0.67,0.18,-0.58,0.83,0.18,-0.42,0.83,0.18,-0.32,0.83,0.31,0.23,0.83,0.69,0.6,0.83,0.7,0.63,0.83,0.98,0.87,0.83,0.98,0.69,0.83,0.98,0.84,0.83,1.03,0.76,0.83,1.03,0.72,0.83,1.22,1.14,0.83,1.22,1.03,0.83,1.22,1.08,0.48,0.12,-0.34,0.48,0.12,-0.37,0.48,0.12,0.1,0.48,0.18,-0.1,0.48,0.18,-0.24,0.54,0.18,-0.03,0.67,0.18,-0.58,0.83,0.18,-0.42,0.35,0.35,0.35,0.35,0.06,0.06,0.06,0.0,-0.0799999999999999,-0.0499999999999999,-0.52,-0.18,-0.6499999999999999,0.216867469879518,0.10375,0.0699999999999999,0.1166666666666666,0.0225,0.012,0.0,0.1293941928482772,0.0310529501704059,0.224801499740803,True,True,RECOVERY,14.0,8.0,BAR_7_10,10.0,10.0,11.0,11.0,13.0,18.0,8.0,BAR_7_10,10.0,10.0,11.0,11.0,13.0,18.0,8.0,BAR_7_10,10.0,10.0,11.0,11.0,13.0,18.0,,NO_CROSS,,,,,,,,NO_CROSS,,,,,,,,NO_CROSS,,,,,,,,NO_CROSS,,,,,,,False,1.08
2024-10-24 09:31:00-04:00,2024-10-24 09:33:00-04:00,2024-10-23,0.995418895765774,0.5711830358124058,25.0,1.75,20,-25.0,-26.11,-1.0444,stop,2,14,2024-08-06 09:30:00-04:00,2024-11-06 09:30:00-05:00,399,20315.25,21,1.79,0.77,-0.26,18,9,LOSS,stop,-1.0444,14,0.53,0.13,-0.25,1.01,0.13,-0.75,1.03,0.13,-0.46,1.67,0.13,-1.06,1.72,0.13,-0.94,1.72,0.13,-1.35,1.72,0.13,-1.37,1.72,0.13,-1.29,1.79,0.13,-0.81,1.79,0.13,-0.81,1.79,0.13,-1.08,1.79,0.13,-0.93,1.79,0.13,-1.01,1.79,0.13,-0.55,1.79,0.13,0.03,1.79,0.29,-0.8,1.79,0.64,0.41,1.79,0.77,0.51,1.79,0.77,0.27,1.79,0.77,-0.26,0.53,0.13,-0.25,1.01,0.13,-0.75,1.03,0.13,-0.46,1.67,0.13,-1.06,1.72,0.13,-0.94,1.72,0.13,-1.35,1.72,0.13,-1.37,1.72,0.13,-1.29,1.19,0.71,0.69,0.0,0.0,0.0,0.0,0.0,-1.04,-0.54,-0.8300000000000001,-0.3500000000000001,-1.59,0.0755813953488372,0.215,0.1379999999999999,0.0,0.01625,0.0,0.0,0.467149410176842,0.0,0.4195554620241354,False,True,FAILURE,14.0,2.0,BAR_1_2,15.0,15.0,17.0,18.0,,,2.0,BAR_1_2,15.0,15.0,17.0,18.0,,,2.0,BAR_1_2,15.0,15.0,17.0,18.0,,,2.0,BAR_1_2,15.0,15.0,17.0,18.0,,,2.0,BAR_1_2,15.0,15.0,17.0,18.0,,,2.0,BAR_1_2,15.0,15.0,17.0,18.0,,,2.0,BAR_1_2,15.0,15.0,17.0,18.0,,,True,-0.7
2024-10-24 11:47:00-04:00,2024-10-24 11:56:00-04:00,2024-10-23,1.0,0.5400565297088676,25.0,1.75,20,-25.0,-26.11,-1.0444,stop,9,14,2024-08-06 09:30:00-04:00,2024-11-06 09:30:00-05:00,400,20291.0,21,1.95,1.08,0.34,3,13,LOSS,stop,-1.0444,14,0.28,0.84,0.53,0.28,0.86,0.8,0.28,1.08,1.05,0.28,1.08,0.4,0.28,1.08,0.26,0.28,1.08,0.0,0.75,1.08,-0.7,0.96,1.08,-0.86,1.16,1.08,-0.97,1.34,1.08,-1.26,1.56,1.08,-1.47,1.72,1.08,-1.47,1.95,1.08,-1.59,1.95,1.08,-1.62,1.95,1.08,-1.08,1.95,1.08,-1.04,1.95,1.08,-1.0,1.95,1.08,-0.67,1.95,1.08,-0.02,1.95,1.08,0.34,0.28,0.84,0.53,0.28,0.86,0.8,0.28,1.08,1.05,0.28,1.08,0.4,0.28,1.08,0.26,0.28,1.08,0.0,0.75,1.08,-0.7,0.96,1.08,-0.86,0.6799999999999999,0.6799999999999999,0.6799999999999999,0.6799999999999999,0.2400000000000001,0.22,0.0,0.0,-1.39,-1.66,-1.91,-1.12,0.1200000000000001,1.1250000000000002,0.12,0.1359999999999999,0.2266666666666666,0.135,0.0,0.0,0.2720261279467733,0.1066034038588155,0.6768414036643191,False,True,FAILURE,14.0,7.0,BAR_7_10,19.0,20.0,20.0,,,,7.0,BAR_7_10,19.0,20.0,20.0,,,,8.0,BAR_7_10,19.0,20.0,20.0,,,,8.0,BAR_7_10,19.0,20.0,20.0,,,,8.0,BAR_7_10,19.0,20.0,20.0,,,,8.0,BAR_7_10,19.0,20.0,20.0,,,,9.0,BAR_7_10,19.0,20.0,20.0,,,,False,0.34
2024-10-25 13:21:00-04:00,2024-10-25 13:24:00-04:00,2024-10-24,1.0,0.4500573649067436,25.0,1.75,20,-25.0,-26.11,-1.0444,stop,3,14,2024-08-06 09:30:00-04:00,2024-11-06 09:30:00-05:00,401,20560.0,21,1.08,1.99,1.49,20,3,LOSS,stop,-1.0444,14,0.5,0.27,-0.45,0.9,0.27,-0.86,1.08,0.27,-1.01,1.08,0.27,-0.74,1.08,0.27,-0.59,1.08,0.27,-0.72,1.08,0.27,-0.61,1.08,0.27,-0.18,1.08,0.27,-0.02,1.08,0.27,-0.6,1.08,0.27,-0.32,1.08,0.27,0.01,1.08,0.8,0.71,1.08,1.24,0.81,1.08,1.24,0.16,1.08,1.24,0.87,1.08,1.24,0.41,1.08,1.24,0.58,1.08,1.65,1.38,1.08,1.99,1.49,0.5,0.27,-0.45,0.9,0.27,-0.86,1.08,0.27,-1.01,1.08,0.27,-0.74,1.08,0.27,-0.59,1.08,0.27,-0.72,1.08,0.27,-0.61,1.08,0.27,-0.18,0.5800000000000001,0.18,0.0,0.0,0.0,0.0,0.0,0.0,0.27,0.6799999999999999,0.8300000000000001,0.41,-0.81,0.25,0.135,0.0,0.0,0.03375,0.0,0.0,0.2058432135666089,0.0,0.2542776884768753,False,True,FAILURE,14.0,2.0,BAR_1_2,8.0,12.0,13.0,13.0,14.0,19.0,2.0,BAR_1_2,8.0,12.0,13.0,13.0,14.0,19.0,2.0,BAR_1_2,8.0,12.0,13.0,13.0,14.0,19.0,2.0,BAR_1_2,8.0,12.0,13.0,13.0,14.0,19.0,2.0,BAR_1_2,8.0,12.0,13.0,13.0,14.0,19.0,3.0,BAR_3_4,8.0,12.0,13.0,13.0,14.0,19.0,3.0,BAR_3_4,8.0,12.0,13.0,13.0,14.0,19.0,True,-0.7
2024-10-28 09:30:00-04:00,2024-10-28 09:50:00-04:00,2024-10-27,1.0,0.5930871990540285,25.0,1.75,20,43.75,42.64,1.7056,target,20,14,2024-08-06 09:30:00-04:00,2024-11-06 09:30:00-05:00,403,20584.5,21,0.78,1.93,1.72,20,3,WIN,target,1.7056,14,0.38,0.78,0.76,0.57,0.81,-0.21,0.78,0.81,-0.12,0.78,0.81,-0.09,0.78,0.81,-0.25,0.78,0.81,-0.25,0.78,0.81,0.23,0.78,0.81,0.54,0.78,0.81,-0.26,0.78,0.81,-0.02,0.78,0.81,0.74,0.78,1.12,0.81,0.78,1.12,0.5,0.78,1.12,0.63,0.78,1.12,0.54,0.78,1.12,0.23,0.78,1.12,0.32,0.78,1.18,0.82,0.78,1.45,0.68,0.78,1.93,1.72,0.38,0.78,0.76,0.57,0.81,-0.21,0.78,0.81,-0.12,0.78,0.81,-0.09,0.78,0.81,-0.25,0.78,0.81,-0.25,0.78,0.81,0.23,0.78,0.81,0.54,0.4,0.21,0.0,0.0,0.03,0.0,0.0,0.0,-0.2199999999999999,0.75,0.66,0.79,0.03,1.0384615384615383,0.0975,0.0,0.0,0.10125,0.0,0.0,0.1500416608812366,0.0106066017177982,0.3904553202901161,True,True,RECOVERY,14.0,3.0,BAR_3_4,3.0,7.0,8.0,8.0,12.0,20.0,3.0,BAR_3_4,3.0,7.0,8.0,8.0,12.0,20.0,,NO_CROSS,,,,,,,,NO_CROSS,,,,,,,,NO_CROSS,,,,,,,,NO_CROSS,,,,,,,,NO_CROSS,,,,,,,True,-0.7
2024-10-30 13:39:00-04:00,2024-10-30 13:43:00-04:00,2024-10-29,0.9777659327239042,0.4097304948327626,25.0,1.75,20,-25.0,-26.11,-1.0444,stop,4,14,2024-08-06 09:30:00-04:00,2024-11-06 09:30:00-05:00,404,20569.25,21,1.92,0.44,-0.28,2,11,LOSS,stop,-1.0444,14,0.08,0.26,0.25,0.34,0.44,-0.32,0.88,0.44,-0.67,1.04,0.44,-0.89,1.04,0.44,-0.82,1.04,0.44,-0.71,1.04,0.44,-0.96,1.38,0.44,-1.23,1.38,0.44,-1.13,1.47,0.44,-1.44,1.92,0.44,-1.52,1.92,0.44,-0.99,1.92,0.44,-0.71,1.92,0.44,-0.93,1.92,0.44,-0.96,1.92,0.44,-0.8,1.92,0.44,-0.77,1.92,0.44,-0.32,1.92,0.44,-0.38,1.92,0.44,-0.28,0.08,0.26,0.25,0.34,0.44,-0.32,0.88,0.44,-0.67,1.04,0.44,-0.89,1.04,0.44,-0.82,1.04,0.44,-0.71,1.04,0.44,-0.96,1.38,0.44,-1.23,1.2999999999999998,1.0399999999999998,0.4999999999999999,0.3399999999999998,0.18,0.0,0.0,0.0,-1.48,-0.91,-0.5599999999999999,-0.41,-0.94,0.3188405797101449,0.1725,0.0999999999999999,0.1133333333333332,0.055,0.0,0.0,0.4274509161462702,0.0636396103067892,0.4534136395957102,False,True,FAILURE,14.0,3.0,BAR_3_4,,,,,,,3.0,BAR_3_4,,,,,,,3.0,BAR_3_4,,,,,,,3.0,BAR_3_4,,,,,,,4.0,BAR_3_4,,,,,,,4.0,BAR_3_4,,,,,,,4.0,BAR_3_4,,,,,,,True,-0.7
2024-11-01 15:50:00-04:00,2024-11-01 15:54:00-04:00,2024-10-31,0.8222048032091418,0.5429797222747273,25.0,1.75,20,-25.0,-26.11,-1.0444,stop,4,14,2024-08-06 09:30:00-04:00,2024-11-06 09:30:00-05:00,405,20131.5,21,1.75,0.34,-1.67,1,20,LOSS,stop,-1.0444,14,0.39,0.34,0.27,0.39,0.34,-0.12,0.39,0.34,0.02,1.31,0.34,-1.14,1.57,0.34,-1.26,1.57,0.34,-0.63,1.57,0.34,-0.73,1.57,0.34,-0.5,1.57,0.34,-0.61,1.57,0.34,-1.31,1.57,0.34,-1.27,1.57,0.34,-0.9,1.57,0.34,-1.01,1.57,0.34,-0.84,1.57,0.34,-1.1,1.57,0.34,-1.05,1.57,0.34,-1.2,1.57,0.34,-1.13,1.57,0.34,-1.43,1.75,0.34,-1.67,0.39,0.34,0.27,0.39,0.34,-0.12,0.39,0.34,0.02,1.31,0.34,-1.14,1.57,0.34,-1.26,1.57,0.34,-0.63,1.57,0.34,-0.73,1.57,0.34,-0.5,1.1800000000000002,1.1800000000000002,1.1800000000000002,0.0,0.0,0.0,0.0,0.0,-0.77,-0.38,-0.52,0.76,-1.23,0.2165605095541401,0.19625,0.236,0.0,0.0425,0.0,0.0,0.5903751833731303,0.0,0.5429663893833577,False,True,FAILURE,14.0,4.0,BAR_3_4,,,,,,,4.0,BAR_3_4,,,,,,,4.0,BAR_3_4,,,,,,,4.0,BAR_3_4,,,,,,,4.0,BAR_3_4,,,,,,,4.0,BAR_3_4,,,,,,,4.0,BAR_3_4,,,,,,,True,-0.7
2024-11-05 13:37:00-05:00,2024-11-05 13:42:00-05:00,2024-11-04,0.9982342680425262,0.4154406108373518,25.0,1.75,20,-25.0,-26.11,-1.0444,stop,5,14,2024-08-06 09:30:00-04:00,2024-11-06 09:30:00-05:00,407,20292.0,21,1.34,0.16,-0.63,1,10,LOSS,stop,-1.0444,14,0.28,0.16,-0.21,0.54,0.16,-0.52,0.69,0.16,-0.25,0.7,0.16,-0.64,1.17,0.16,-1.13,1.3,0.16,-1.05,1.3,0.16,-0.92,1.3,0.16,-0.98,1.3,0.16,-1.16,1.34,0.16,-0.96,1.34,0.16,-0.44,1.34,0.16,-0.62,1.34,0.16,-0.48,1.34,0.16,-0.89,1.34,0.16,-0.73,1.34,0.16,-0.82,1.34,0.16,-0.84,1.34,0.16,-0.82,1.34,0.16,-0.87,1.34,0.16,-0.63,0.28,0.16,-0.21,0.54,0.16,-0.52,0.69,0.16,-0.25,0.7,0.16,-0.64,1.17,0.16,-1.13,1.3,0.16,-1.05,1.3,0.16,-0.92,1.3,0.16,-0.98,1.02,0.76,0.6100000000000001,0.1300000000000001,0.0,0.0,0.0,0.0,-0.77,-0.4599999999999999,-0.73,0.1499999999999999,-1.14,0.123076923076923,0.1625,0.122,0.0433333333333333,0.02,0.0,0.0,0.4053569855254572,0.0,0.360862063081489,False,True,FAILURE,14.0,4.0,BAR_3_4,,,,,,,5.0,BAR_5_6,,,,,,,5.0,BAR_5_6,,,,,,,5.0,BAR_5_6,,,,,,,5.0,BAR_5_6,,,,,,,5.0,BAR_5_6,,,,,,,5.0,BAR_5_6,,,,,,,True,-0.7
2024-12-20 16:30:00-05:00,2024-12-20 16:40:00-05:00,2024-12-19,0.8401326411841669,0.5657735993085931,25.0,1.75,20,-25.0,-26.11,-1.0444,stop,10,15,2024-11-06 09:30:00-05:00,2025-02-06 09:30:00-05:00,408,21520.5,21,1.2,-0.03,-0.66,1,13,LOSS,stop,-1.0444,15,0.34,-0.03,-0.31,0.69,-0.03,-0.56,0.69,-0.03,-0.55,0.8,-0.03,-0.8,0.99,-0.03,-0.82,0.99,-0.03,-0.43,0.99,-0.03,-0.56,0.99,-0.03,-0.53,0.99,-0.03,-0.75,1.16,-0.03,-0.84,1.16,-0.03,-0.72,1.16,-0.03,-0.96,1.2,-0.03,-0.89,1.2,-0.03,-0.72,1.2,-0.03,-0.74,1.2,-0.03,-0.87,1.2,-0.03,-0.71,1.2,-0.03,-0.55,1.2,-0.03,-0.63,1.2,-0.03,-0.66,0.34,-0.03,-0.31,0.69,-0.03,-0.56,0.69,-0.03,-0.55,0.8,-0.03,-0.8,0.99,-0.03,-0.82,0.99,-0.03,-0.43,0.99,-0.03,-0.56,0.99,-0.03,-0.53,0.6499999999999999,0.3,0.3,0.0,0.0,0.0,0.0,0.0,-0.22,0.03,0.02,0.2899999999999999,-1.02,-0.0303030303030303,0.12375,0.06,0.0,-0.00375,0.0,0.0,0.2328089345364563,0.0,0.1710471948239516,False,True,FAILURE,15.0,4.0,BAR_3_4,,,,,,,4.0,BAR_3_4,,,,,,,4.0,BAR_3_4,,,,,,,5.0,BAR_5_6,,,,,,,5.0,BAR_5_6,,,,,,,5.0,BAR_5_6,,,,,,,10.0,BAR_7_10,,,,,,,True,-0.7
2025-01-07 15:33:00-05:00,2025-01-07 15:40:00-05:00,2025-01-06,0.8584252972912452,0.5924603296467068,25.0,1.75,20,-25.0,-26.11,-1.0444,stop,7,15,2024-11-06 09:30:00-05:00,2025-02-06 09:30:00-05:00,409,21319.25,21,1.86,1.59,-1.7,4,20,LOSS,stop,-1.0444,15,0.01,0.75,0.68,0.01,1.42,1.35,0.01,1.52,1.39,0.01,1.59,1.36,0.01,1.59,0.92,0.29,1.59,-0.25,1.3,1.59,-1.16,1.41,1.59,-1.21,1.49,1.59,-0.96,1.51,1.59,-1.33,1.51,1.59,-0.04,1.51,1.59,0.26,1.51,1.59,-0.55,1.51,1.59,-0.9,1.51,1.59,-0.83,1.51,1.59,-1.0,1.74,1.59,-1.73,1.74,1.59,-1.03,1.74,1.59,-1.11,1.86,1.59,-1.7,0.01,0.75,0.68,0.01,1.42,1.35,0.01,1.52,1.39,0.01,1.59,1.36,0.01,1.59,0.92,0.29,1.59,-0.25,1.3,1.59,-1.16,1.41,1.59,-1.21,1.4,1.4,1.4,1.4,0.8400000000000001,0.1700000000000001,0.07,0.0,-1.89,-2.56,-2.6,-2.13,0.1800000000000001,1.1276595744680853,0.17625,0.2799999999999999,0.4666666666666666,0.19875,0.014,0.0,0.6094362148740424,0.2912043955712207,1.1083707476678164,False,True,FAILURE,15.0,7.0,BAR_7_10,11.0,12.0,12.0,,,,7.0,BAR_7_10,11.0,12.0,12.0,,,,7.0,BAR_7_10,11.0,12.0,12.0,,,,7.0,BAR_7_10,11.0,12.0,12.0,,,,7.0,BAR_7_10,11.0,12.0,12.0,,,,7.0,BAR_7_10,11.0,12.0,12.0,,,,7.0,BAR_7_10,11.0,12.0,12.0,,,,False,-1.7
2025-01-27 12:57:00-05:00,2025-01-27 13:02:00-05:00,2025-01-26,0.8842362222720928,0.4877270872725837,25.0,1.75,20,-25.0,-26.11,-1.0444,stop,5,15,2024-11-06 09:30:00-05:00,2025-02-06 09:30:00-05:00,412,21147.0,21,1.77,0.33,-1.17,3,20,LOSS,stop,-1.0444,15,0.4,0.07,-0.27,0.4,0.28,0.17,0.4,0.33,0.17,0.66,0.33,-0.63,1.03,0.33,-0.66,1.49,0.33,-1.15,1.49,0.33,-0.95,1.69,0.33,-1.5,1.69,0.33,-0.82,1.69,0.33,-0.78,1.69,0.33,-0.58,1.69,0.33,-0.82,1.69,0.33,-1.04,1.69,0.33,-1.25,1.69,0.33,-0.87,1.69,0.33,-0.77,1.69,0.33,-0.86,1.69,0.33,-1.31,1.69,0.33,-1.56,1.77,0.33,-1.17,0.4,0.07,-0.27,0.4,0.28,0.17,0.4,0.33,0.17,0.66,0.33,-0.63,1.03,0.33,-0.66,1.49,0.33,-1.15,1.49,0.33,-0.95,1.69,0.33,-1.5,1.29,1.29,1.29,0.6599999999999999,0.26,0.0499999999999999,0.0,0.0,-1.23,-1.67,-1.67,-0.84,-1.36,0.1952662721893491,0.21125,0.258,0.2199999999999999,0.04125,0.0,0.0,0.5514396742035471,0.0910945348839011,0.6016821657415389,False,True,FAILURE,15.0,5.0,BAR_5_6,,,,,,,5.0,BAR_5_6,,,,,,,5.0,BAR_5_6,,,,,,,5.0,BAR_5_6,,,,,,,5.0,BAR_5_6,,,,,,,5.0,BAR_5_6,,,,,,,5.0,BAR_5_6,,,,,,,False,-1.17
2025-02-21 14:07:00-05:00,2025-02-21 14:14:00-05:00,2025-02-20,0.8098510669337888,0.5592404574118639,25.0,1.75,20,-25.0,-26.11,-1.0444,stop,7,16,2025-02-06 09:30:00-05:00,2025-05-06 09:30:00-04:00,416,21757.5,21,1.06,2.5,1.92,19,7,LOSS,stop,-1.0444,16,0.37,0.1,-0.06,0.37,0.1,-0.27,0.38,0.1,-0.21,0.38,0.82,0.21,0.38,0.82,-0.11,0.63,0.82,-0.52,1.06,0.82,-0.69,1.06,0.82,-0.42,1.06,0.82,0.08,1.06,0.82,-0.09,1.06,0.82,-0.03,1.06,0.82,0.76,1.06,1.26,1.22,1.06,1.55,1.51,1.06,1.63,1.58,1.06,1.76,1.58,1.06,1.84,1.45,1.06,2.01,1.84,1.06,2.5,2.43,1.06,2.5,1.92,0.37,0.1,-0.06,0.37,0.1,-0.27,0.38,0.1,-0.21,0.38,0.82,0.21,0.38,0.82,-0.11,0.63,0.82,-0.52,1.06,0.82,-0.69,1.06,0.82,-0.42,0.6900000000000001,0.6900000000000001,0.68,0.68,0.72,0.72,0.72,0.0,-0.36,-0.1499999999999999,-0.21,-0.31,-0.2400000000000001,0.7735849056603773,0.1325,0.136,0.2266666666666666,0.1025,0.144,0.0,0.3097204961159105,0.3726354020448713,0.2838730853241085,False,True,FAILURE,16.0,7.0,BAR_7_10,9.0,9.0,12.0,12.0,12.0,13.0,7.0,BAR_7_10,9.0,9.0,12.0,12.0,12.0,13.0,7.0,BAR_7_10,9.0,9.0,12.0,12.0,12.0,13.0,7.0,BAR_7_10,9.0,9.0,12.0,12.0,12.0,13.0,7.0,BAR_7_10,9.0,9.0,12.0,12.0,12.0,13.0,7.0,BAR_7_10,9.0,9.0,12.0,12.0,12.0,13.0,7.0,BAR_7_10,9.0,9.0,12.0,12.0,12.0,13.0,False,1.92
2025-03-26 14:58:00-04:00,2025-03-26 15:18:00-04:00,2025-03-25,0.8149097764048943,0.5611024258286638,25.0,1.75,20,-19.25,-20.36,-0.8144,timeout,20,16,2025-02-06 09:30:00-05:00,2025-05-06 09:30:00-04:00,418,20059.75,21,0.94,0.74,-0.77,9,4,LOSS,timeout,-0.8144,16,0.11,0.25,0.08,0.63,0.25,-0.5,0.63,0.25,-0.42,0.94,0.25,-0.7,0.94,0.25,-0.27,0.94,0.25,-0.36,0.94,0.25,-0.21,0.94,0.25,0.0,0.94,0.74,0.48,0.94,0.74,-0.1,0.94,0.74,0.11,0.94,0.74,0.0,0.94,0.74,0.19,0.94,0.74,0.4,0.94,0.74,0.21,0.94,0.74,-0.05,0.94,0.74,-0.14,0.94,0.74,-0.5,0.94,0.74,-0.77,0.94,0.74,-0.77,0.11,0.25,0.08,0.63,0.25,-0.5,0.63,0.25,-0.42,0.94,0.25,-0.7,0.94,0.25,-0.27,0.94,0.25,-0.36,0.94,0.25,-0.21,0.94,0.25,0.0,0.83,0.3099999999999999,0.3099999999999999,0.0,0.0,0.0,0.0,0.0,-0.08,0.5,0.42,0.27,-0.69,0.2659574468085106,0.1175,0.0619999999999999,0.0,0.03125,0.0,0.0,0.2971982262973413,0.0,0.2567238649933871,False,True,FAILURE,16.0,4.0,BAR_3_4,8.0,8.0,9.0,,,,4.0,BAR_3_4,8.0,8.0,9.0,,,,4.0,BAR_3_4,8.0,8.0,9.0,,,,4.0,BAR_3_4,8.0,8.0,9.0,,,,4.0,BAR_3_4,8.0,8.0,9.0,,,,,NO_CROSS,,,,,,,,NO_CROSS,,,,,,,True,-0.7
2025-09-03 12:51:00-04:00,2025-09-03 13:01:00-04:00,2025-09-02,0.7574894341862695,0.5421512331419268,25.0,1.75,20,-25.0,-26.11,-1.0444,stop,10,18,2025-08-06 09:30:00-04:00,2025-11-06 09:30:00-05:00,431,23396.5,21,2.23,0.24,-2.22,3,20,LOSS,stop,-1.0444,18,0.24,0.12,-0.01,0.24,0.13,-0.03,0.24,0.24,-0.14,0.55,0.24,-0.47,0.65,0.24,-0.55,0.85,0.24,-0.79,0.91,0.24,-0.68,0.91,0.24,-0.58,0.94,0.24,-0.91,1.12,0.24,-1.0,1.28,0.24,-1.2,1.54,0.24,-1.35,1.54,0.24,-1.18,1.54,0.24,-1.43,1.61,0.24,-1.34,1.61,0.24,-1.34,1.61,0.24,-1.28,1.61,0.24,-1.28,1.77,0.24,-1.73,2.23,0.24,-2.22,0.24,0.12,-0.01,0.24,0.13,-0.03,0.24,0.24,-0.14,0.55,0.24,-0.47,0.65,0.24,-0.55,0.85,0.24,-0.79,0.91,0.24,-0.68,0.91,0.24,-0.58,0.67,0.67,0.67,0.26,0.12,0.1099999999999999,0.0,0.0,-0.57,-0.5499999999999999,-0.4399999999999999,-0.0299999999999999,-0.67,0.2637362637362637,0.11375,0.134,0.0866666666666666,0.03,0.0,0.0,0.3030764872814405,0.0533017019294077,0.3039237451354251,False,True,FAILURE,18.0,6.0,BAR_5_6,,,,,,,6.0,BAR_5_6,,,,,,,6.0,BAR_5_6,,,,,,,6.0,BAR_5_6,,,,,,,7.0,BAR_7_10,,,,,,,10.0,BAR_7_10,,,,,,,10.0,BAR_7_10,,,,,,,False,-2.22
2025-09-05 09:37:00-04:00,2025-09-05 09:40:00-04:00,2025-09-04,0.8028085966685061,0.5916045145534948,25.0,1.75,20,-25.0,-26.11,-1.0444,stop,3,18,2025-08-06 09:30:00-04:00,2025-11-06 09:30:00-05:00,432,23827.75,21,2.64,0.25,0.02,2,15,LOSS,stop,-1.0444,18,0.26,0.24,0.04,0.75,0.25,-0.36,1.06,0.25,-0.33,1.74,0.25,-1.25,2.05,0.25,-1.71,2.16,0.25,-1.45,2.16,0.25,-1.86,2.16,0.25,-0.57,2.16,0.25,-0.68,2.16,0.25,-0.71,2.16,0.25,-1.26,2.39,0.25,-2.08,2.39,0.25,-2.07,2.61,0.25,-2.57,2.64,0.25,-0.76,2.64,0.25,-1.5,2.64,0.25,-1.42,2.64,0.25,-0.33,2.64,0.25,-0.57,2.64,0.25,0.02,0.26,0.24,0.04,0.75,0.25,-0.36,1.06,0.25,-0.33,1.74,0.25,-1.25,2.05,0.25,-1.71,2.16,0.25,-1.45,2.16,0.25,-1.86,2.16,0.25,-0.57,1.9,1.41,1.1,0.1100000000000003,0.01,0.0,0.0,0.0,-0.61,-0.2099999999999999,-0.2399999999999999,1.14,-1.91,0.1157407407407407,0.27,0.22,0.0366666666666667,0.03125,0.0,0.0,0.7508233575786747,0.0035355339059327,0.7172554336795625,False,True,FAILURE,18.0,2.0,BAR_1_2,20.0,20.0,,,,,2.0,BAR_1_2,20.0,20.0,,,,,3.0,BAR_3_4,20.0,20.0,,,,,3.0,BAR_3_4,20.0,20.0,,,,,3.0,BAR_3_4,20.0,20.0,,,,,3.0,BAR_3_4,20.0,20.0,,,,,3.0,BAR_3_4,20.0,20.0,,,,,True,-0.7
2025-09-09 10:39:00-04:00,2025-09-09 10:52:00-04:00,2025-09-08,0.8763939469106183,0.5792840956592524,25.0,1.75,20,-25.0,-26.11,-1.0444,stop,13,18,2025-08-06 09:30:00-04:00,2025-11-06 09:30:00-05:00,433,23743.0,21,2.38,0.66,-1.71,4,17,LOSS,stop,-1.0444,18,0.6,0.14,-0.45,0.6,0.14,-0.29,0.6,0.15,-0.02,0.6,0.66,0.49,0.6,0.66,-0.05,0.84,0.66,-0.78,0.84,0.66,-0.13,0.84,0.66,-0.29,0.84,0.66,-0.59,0.87,0.66,-0.71,0.87,0.66,-0.17,0.87,0.66,-0.52,1.41,0.66,-1.31,1.65,0.66,-1.53,1.84,0.66,-1.79,2.23,0.66,-2.04,2.38,0.66,-1.92,2.38,0.66,-1.84,2.38,0.66,-1.89,2.38,0.66,-1.71,0.6,0.14,-0.45,0.6,0.14,-0.29,0.6,0.15,-0.02,0.6,0.66,0.49,0.6,0.66,-0.05,0.84,0.66,-0.78,0.84,0.66,-0.13,0.84,0.66,-0.29,0.24,0.24,0.24,0.24,0.52,0.52,0.51,0.0,0.16,0.0,-0.2699999999999999,-0.24,-0.1799999999999999,0.7857142857142858,0.105,0.048,0.08,0.0825,0.102,0.0,0.1242118006816237,0.2674182117956816,0.3684329751024698,False,True,FAILURE,18.0,6.0,BAR_5_6,7.0,,,,,,6.0,BAR_5_6,7.0,,,,,,6.0,BAR_5_6,7.0,,,,,,10.0,BAR_7_10,11.0,,,,,,13.0,BAR_11_20,,,,,,,13.0,BAR_11_20,,,,,,,13.0,BAR_11_20,,,,,,,False,-1.71
2025-09-23 09:59:00-04:00,2025-09-23 10:19:00-04:00,2025-09-22,0.7872518381262426,0.4337227465733835,25.0,1.75,20,-18.0,-19.11,-0.7644,timeout,20,18,2025-08-06 09:30:00-04:00,2025-11-06 09:30:00-05:00,435,24940.25,21,0.87,0.43,-0.72,1,12,LOSS,timeout,-0.7644,18,0.04,0.43,0.29,0.49,0.43,-0.11,0.49,0.43,0.04,0.49,0.43,0.16,0.49,0.43,-0.03,0.68,0.43,-0.6,0.81,0.43,-0.56,0.81,0.43,-0.16,0.81,0.43,-0.18,0.81,0.43,-0.5,0.81,0.43,-0.64,0.87,0.43,-0.19,0.87,0.43,-0.18,0.87,0.43,-0.66,0.87,0.43,-0.71,0.87,0.43,-0.25,0.87,0.43,-0.48,0.87,0.43,-0.56,0.87,0.43,-0.61,0.87,0.43,-0.72,0.04,0.43,0.29,0.49,0.43,-0.11,0.49,0.43,0.04,0.49,0.43,0.16,0.49,0.43,-0.03,0.68,0.43,-0.6,0.81,0.43,-0.56,0.81,0.43,-0.16,0.77,0.32,0.32,0.32,0.0,0.0,0.0,0.0,-0.4499999999999999,-0.05,-0.2,-0.13,-0.38,0.5308641975308641,0.10125,0.064,0.1066666666666666,0.05375,0.0,0.0,0.2465041292033172,0.0,0.3175548321606387,False,True,FAILURE,18.0,7.0,BAR_7_10,8.0,,,,,,7.0,BAR_7_10,8.0,,,,,,7.0,BAR_7_10,8.0,,,,,,12.0,BAR_11_20,12.0,,,,,,,NO_CROSS,,,,,,,,NO_CROSS,,,,,,,,NO_CROSS,,,,,,,False,-0.72
2025-10-21 16:09:00-04:00,2025-10-21 16:29:00-04:00,2025-10-20,0.7625693157170519,0.5345125734274966,25.0,1.75,20,-19.75,-20.86,-0.8344,timeout,20,18,2025-08-06 09:30:00-04:00,2025-11-06 09:30:00-05:00,439,25238.0,21,0.94,0.37,-0.79,2,8,LOSS,timeout,-0.8344,18,0.09,0.33,0.26,0.09,0.37,0.2,0.09,0.37,-0.03,0.23,0.37,-0.06,0.35,0.37,-0.27,0.74,0.37,-0.67,0.77,0.37,-0.7,0.94,0.37,-0.91,0.94,0.37,-0.6,0.94,0.37,-0.57,0.94,0.37,-0.49,0.94,0.37,-0.65,0.94,0.37,-0.54,0.94,0.37,-0.51,0.94,0.37,-0.53,0.94,0.37,-0.47,0.94,0.37,-0.6,0.94,0.37,-0.67,0.94,0.37,-0.6,0.94,0.37,-0.79,0.09,0.33,0.26,0.09,0.37,0.2,0.09,0.37,-0.03,0.23,0.37,-0.06,0.35,0.37,-0.27,0.74,0.37,-0.67,0.77,0.37,-0.7,0.94,0.37,-0.91,0.85,0.85,0.85,0.59,0.0399999999999999,0.0,0.0,0.0,-1.17,-1.11,-0.88,-0.64,-0.57,0.3936170212765957,0.1175,0.1699999999999999,0.1966666666666666,0.04625,0.0,0.0,0.3510290993228746,0.0141421356237309,0.4404462023253885,False,True,FAILURE,18.0,6.0,BAR_5_6,,,,,,,7.0,BAR_7_10,,,,,,,8.0,BAR_7_10,,,,,,,8.0,BAR_7_10,,,,,,,8.0,BAR_7_10,,,,,,,,NO_CROSS,,,,,,,,NO_CROSS,,,,,,,False,-0.79
2025-10-30 11:42:00-04:00,2025-10-30 11:45:00-04:00,2025-10-29,0.8443368898729058,0.4352980001320045,25.0,1.75,20,-25.0,-26.11,-1.0444,stop,3,18,2025-08-06 09:30:00-04:00,2025-11-06 09:30:00-05:00,440,25983.25,21,1.25,0.65,-0.57,6,14,LOSS,stop,-1.0444,18,0.43,0.38,-0.31,0.7,0.38,-0.63,1.09,0.38,-0.59,1.09,0.38,-0.06,1.09,0.64,0.41,1.09,0.65,-0.06,1.09,0.65,0.24,1.09,0.65,-0.11,1.09,0.65,0.12,1.09,0.65,0.09,1.09,0.65,-0.24,1.09,0.65,-0.34,1.09,0.65,-0.82,1.25,0.65,-0.89,1.25,0.65,-0.58,1.25,0.65,-0.23,1.25,0.65,-0.31,1.25,0.65,-0.33,1.25,0.65,-0.36,1.25,0.65,-0.57,0.43,0.38,-0.31,0.7,0.38,-0.63,1.09,0.38,-0.59,1.09,0.38,-0.06,1.09,0.64,0.41,1.09,0.65,-0.06,1.09,0.65,0.24,1.09,0.65,-0.11,0.6600000000000001,0.3900000000000001,0.0,0.0,0.27,0.27,0.27,0.01,0.2,0.52,0.48,-0.52,-0.44,0.5963302752293578,0.13625,0.0,0.0,0.08125,0.054,0.0033333333333333,0.2535145811529248,0.1430222260449652,0.3649045863549225,False,True,FAILURE,18.0,2.0,BAR_1_2,4.0,5.0,5.0,,,,3.0,BAR_3_4,4.0,5.0,5.0,,,,3.0,BAR_3_4,4.0,5.0,5.0,,,,3.0,BAR_3_4,4.0,5.0,5.0,,,,3.0,BAR_3_4,4.0,5.0,5.0,,,,3.0,BAR_3_4,4.0,5.0,5.0,,,,3.0,BAR_3_4,4.0,5.0,5.0,,,,True,-0.7
2025-10-31 13:16:00-04:00,2025-10-31 13:17:00-04:00,2025-10-30,0.951650010539018,0.5823333993355774,25.0,1.75,20,-25.0,-26.11,-1.0444,stop,1,18,2025-08-06 09:30:00-04:00,2025-11-06 09:30:00-05:00,442,25901.5,21,2.07,0.55,0.36,20,16,LOSS,stop,-1.0444,18,1.07,0.03,-0.94,1.07,0.03,-0.49,1.07,0.13,0.03,1.07,0.25,0.22,1.07,0.34,0.07,1.07,0.34,0.2,1.07,0.34,0.15,1.07,0.35,-0.34,1.07,0.35,-0.46,1.07,0.35,-0.95,1.07,0.35,-0.44,1.07,0.35,-0.6,1.07,0.35,-0.34,1.28,0.35,-1.25,1.85,0.35,-1.73,2.07,0.35,-1.49,2.07,0.35,-1.11,2.07,0.35,-0.7,2.07,0.35,-1.1,2.07,0.55,0.36,1.07,0.03,-0.94,1.07,0.03,-0.49,1.07,0.13,0.03,1.07,0.25,0.22,1.07,0.34,0.07,1.07,0.34,0.2,1.07,0.34,0.15,1.07,0.35,-0.34,0.0,0.0,0.0,0.0,0.3199999999999999,0.3199999999999999,0.2199999999999999,0.0099999999999999,0.5999999999999999,0.1499999999999999,-0.37,-0.41,-0.7200000000000001,0.3271028037383177,0.13375,0.0,0.0,0.04375,0.044,0.0033333333333333,0.0,0.1419192426296428,0.4148579791412272,False,True,FAILURE,18.0,1.0,BAR_1_2,3.0,3.0,20.0,,,,1.0,BAR_1_2,3.0,3.0,20.0,,,,1.0,BAR_1_2,3.0,3.0,20.0,,,,1.0,BAR_1_2,3.0,3.0,20.0,,,,1.0,BAR_1_2,3.0,3.0,20.0,,,,1.0,BAR_1_2,3.0,3.0,20.0,,,,1.0,BAR_1_2,3.0,3.0,20.0,,,,True,-0.7
2025-11-04 14:43:00-05:00,2025-11-04 15:01:00-05:00,2025-11-03,0.7649715180225451,0.5887400171605834,25.0,1.75,20,-25.0,-26.11,-1.0444,stop,18,18,2025-08-06 09:30:00-04:00,2025-11-06 09:30:00-05:00,444,25586.0,21,1.19,0.41,-0.21,7,18,LOSS,stop,-1.0444,18,0.43,-0.01,-0.27,0.79,0.0,-0.52,0.79,0.11,-0.05,0.79,0.17,-0.15,0.79,0.17,0.04,0.79,0.27,0.15,0.79,0.41,0.0,0.79,0.41,0.02,0.79,0.41,-0.41,0.79,0.41,-0.21,0.79,0.41,0.03,0.95,0.41,-0.81,0.95,0.41,-0.37,0.95,0.41,-0.41,0.95,0.41,-0.36,0.95,0.41,-0.8,0.99,0.41,-0.9,1.19,0.41,-0.44,1.19,0.41,-0.41,1.19,0.41,-0.21,0.43,-0.01,-0.27,0.79,0.0,-0.52,0.79,0.11,-0.05,0.79,0.17,-0.15,0.79,0.17,0.04,0.79,0.27,0.15,0.79,0.41,0.0,0.79,0.41,0.02,0.36,0.0,0.0,0.0,0.42,0.41,0.3,0.2399999999999999,0.29,0.54,0.07,-0.02,-0.38,0.5189873417721519,0.09875,0.0,0.0,0.05125,0.06,0.0799999999999999,0.1272792206135785,0.1632209282799587,0.2127204738618264,False,True,FAILURE,18.0,2.0,BAR_1_2,3.0,5.0,,,,,2.0,BAR_1_2,3.0,5.0,,,,,12.0,BAR_11_20,,,,,,,12.0,BAR_11_20,,,,,,,12.0,BAR_11_20,,,,,,,12.0,BAR_11_20,,,,,,,18.0,BAR_11_20,,,,,,,True,-0.7
2025-11-05 16:15:00-05:00,2025-11-05 16:24:00-05:00,2025-11-04,0.8308783415166394,0.5666116647966031,25.0,1.75,20,-25.0,-26.11,-1.0444,stop,9,18,2025-08-06 09:30:00-04:00,2025-11-06 09:30:00-05:00,445,25709.75,21,1.02,0.07,-0.85,1,9,LOSS,stop,-1.0444,18,0.26,0.07,-0.05,0.54,0.07,-0.46,0.68,0.07,-0.62,0.84,0.07,-0.7,0.84,0.07,-0.47,0.84,0.07,-0.67,0.84,0.07,-0.56,0.84,0.07,-0.62,1.02,0.07,-0.94,1.02,0.07,-0.87,1.02,0.07,-0.91,1.02,0.07,-0.79,1.02,0.07,-0.65,1.02,0.07,-0.4,1.02,0.07,-0.47,1.02,0.07,-0.65,1.02,0.07,-0.6,1.02,0.07,-0.85,1.02,0.07,-0.82,1.02,0.07,-0.85,0.26,0.07,-0.05,0.54,0.07,-0.46,0.68,0.07,-0.62,0.84,0.07,-0.7,0.84,0.07,-0.47,0.84,0.07,-0.67,0.84,0.07,-0.56,0.84,0.07,-0.62,0.58,0.2999999999999999,0.1599999999999999,0.0,0.0,0.0,0.0,0.0,-0.57,-0.1599999999999999,0.0,-0.15,-0.77,0.0833333333333333,0.105,0.0319999999999999,0.0,0.00875,0.0,0.0,0.2127372625027003,0.0,0.2082194927062717,False,True,FAILURE,18.0,4.0,BAR_3_4,,,,,,,4.0,BAR_3_4,,,,,,,4.0,BAR_3_4,,,,,,,9.0,BAR_7_10,,,,,,,9.0,BAR_7_10,,,,,,,9.0,BAR_7_10,,,,,,,9.0,BAR_7_10,,,,,,,True,-0.7
2025-12-04 14:22:00-05:00,2025-12-04 14:25:00-05:00,2025-12-03,0.7722607110561125,0.5586808071492875,25.0,1.75,20,-25.0,-26.11,-1.0444,stop,3,19,2025-11-06 09:30:00-05:00,2026-02-06 09:30:00-05:00,446,25500.0,21,4.45,0.52,-3.62,1,16,LOSS,stop,-1.0444,19,0.48,0.52,-0.06,0.66,0.52,-0.47,1.36,0.52,-0.96,1.4,0.52,-1.33,1.96,0.52,-1.9,2.05,0.52,-1.89,2.05,0.52,-1.28,2.05,0.52,-1.47,2.05,0.52,-1.55,2.35,0.52,-2.32,2.59,0.52,-2.5,2.91,0.52,-2.87,3.78,0.52,-3.52,4.02,0.52,-3.98,4.4,0.52,-4.28,4.45,0.52,-3.67,4.45,0.52,-3.57,4.45,0.52,-3.63,4.45,0.52,-3.06,4.45,0.52,-3.62,0.48,0.52,-0.06,0.66,0.52,-0.47,1.36,0.52,-0.96,1.4,0.52,-1.33,1.96,0.52,-1.9,2.05,0.52,-1.89,2.05,0.52,-1.28,2.05,0.52,-1.47,1.5699999999999998,1.3899999999999997,0.6899999999999997,0.0899999999999998,0.0,0.0,0.0,0.0,-1.41,-1.0,-0.51,0.4299999999999999,-1.5299999999999998,0.2536585365853658,0.25625,0.1379999999999999,0.0299999999999999,0.065,0.0,0.0,0.643060483713846,0.0,0.6486469433697019,False,True,FAILURE,19.0,3.0,BAR_3_4,,,,,,,3.0,BAR_3_4,,,,,,,3.0,BAR_3_4,,,,,,,3.0,BAR_3_4,,,,,,,3.0,BAR_3_4,,,,,,,3.0,BAR_3_4,,,,,,,3.0,BAR_3_4,,,,,,,True,-0.7
2026-01-08 09:36:00-05:00,2026-01-08 09:42:00-05:00,2026-01-07,0.7546441314718091,0.5918143293151528,25.0,1.75,20,43.75,42.64,1.7056,target,6,19,2025-11-06 09:30:00-05:00,2026-02-06 09:30:00-05:00,447,25705.25,21,0.98,4.31,3.2,9,1,WIN,target,1.7056,19,0.98,0.09,-0.35,0.98,1.09,0.66,0.98,1.15,1.05,0.98,1.56,0.49,0.98,1.56,1.08,0.98,3.28,2.65,0.98,3.34,3.21,0.98,3.68,3.32,0.98,4.31,3.49,0.98,4.31,2.04,0.98,4.31,1.31,0.98,4.31,2.09,0.98,4.31,2.22,0.98,4.31,2.77,0.98,4.31,2.86,0.98,4.31,1.81,0.98,4.31,2.27,0.98,4.31,2.13,0.98,4.31,2.53,0.98,4.31,3.2,0.98,0.09,-0.35,0.98,1.09,0.66,0.98,1.15,1.05,0.98,1.56,0.49,0.98,1.56,1.08,0.98,3.28,2.65,0.98,3.34,3.21,0.98,3.68,3.32,0.0,0.0,0.0,0.0,3.5900000000000003,2.59,2.53,2.12,3.67,2.66,2.27,2.24,2.7,3.755102040816327,0.1225,0.0,0.0,0.46,0.506,0.7066666666666667,0.0,1.3002465425558998,1.3671966887446318,True,True,RECOVERY,19.0,1.0,BAR_1_2,2.0,2.0,2.0,2.0,3.0,3.0,1.0,BAR_1_2,2.0,2.0,2.0,2.0,3.0,3.0,1.0,BAR_1_2,2.0,2.0,2.0,2.0,3.0,3.0,1.0,BAR_1_2,2.0,2.0,2.0,2.0,3.0,3.0,1.0,BAR_1_2,2.0,2.0,2.0,2.0,3.0,3.0,1.0,BAR_1_2,2.0,2.0,2.0,2.0,3.0,3.0,,NO_CROSS,,,,,,,True,-0.7
2026-02-11 13:12:00-05:00,2026-02-11 13:16:00-05:00,2026-02-10,1.0,0.5085718053540815,25.0,1.75,20,-25.0,-26.11,-1.0444,stop,4,20,2026-02-06 09:30:00-05:00,2026-05-06 09:30:00-04:00,449,25215.0,21,2.91,0.57,-2.01,3,18,LOSS,stop,-1.0444,20,0.3,0.31,0.04,0.3,0.4,0.17,0.3,0.57,0.42,1.06,0.57,-0.98,1.29,0.57,-1.25,1.66,0.57,-1.34,1.66,0.57,-0.95,1.66,0.57,-0.5,1.66,0.57,-0.67,1.66,0.57,-1.12,1.66,0.57,-1.14,1.78,0.57,-1.25,1.78,0.57,-1.17,1.78,0.57,-1.16,2.02,0.57,-1.88,2.6,0.57,-2.44,2.6,0.57,-2.46,2.91,0.57,-2.2,2.91,0.57,-2.13,2.91,0.57,-2.01,0.3,0.31,0.04,0.3,0.4,0.17,0.3,0.57,0.42,1.06,0.57,-0.98,1.29,0.57,-1.25,1.66,0.57,-1.34,1.66,0.57,-0.95,1.66,0.57,-0.5,1.36,1.36,1.36,0.3699999999999999,0.2599999999999999,0.1699999999999999,0.0,0.0,-0.54,-0.67,-0.92,0.75,-1.09,0.3433734939759036,0.2075,0.2719999999999999,0.1233333333333333,0.07125,0.0,0.0,0.6389598131785307,0.1023910570871722,0.6833622235472404,False,True,FAILURE,20.0,4.0,BAR_3_4,,,,,,,4.0,BAR_3_4,,,,,,,4.0,BAR_3_4,,,,,,,4.0,BAR_3_4,,,,,,,4.0,BAR_3_4,,,,,,,4.0,BAR_3_4,,,,,,,4.0,BAR_3_4,,,,,,,True,-0.7
2026-02-12 15:31:00-05:00,2026-02-12 15:38:00-05:00,2026-02-11,1.0,0.5876522044925052,25.0,1.75,20,-25.0,-26.11,-1.0444,stop,7,20,2026-02-06 09:30:00-05:00,2026-05-06 09:30:00-04:00,450,24796.25,21,1.54,2.93,2.81,20,10,LOSS,stop,-1.0444,20,0.29,0.51,-0.29,0.5,0.51,-0.44,0.84,0.51,-0.35,0.84,0.51,-0.76,0.87,0.51,-0.56,0.99,0.51,-0.76,1.05,0.51,-0.78,1.05,0.51,-0.65,1.45,0.51,-1.21,1.54,0.51,-0.81,1.54,0.51,-0.57,1.54,0.51,-0.1,1.54,0.51,-0.32,1.54,0.51,0.15,1.54,0.67,0.34,1.54,0.74,0.54,1.54,1.11,0.97,1.54,1.11,0.71,1.54,2.13,2.02,1.54,2.93,2.81,0.29,0.51,-0.29,0.5,0.51,-0.44,0.84,0.51,-0.35,0.84,0.51,-0.76,0.87,0.51,-0.56,0.99,0.51,-0.76,1.05,0.51,-0.78,1.05,0.51,-0.65,0.76,0.55,0.21,0.18,0.0,0.0,0.0,0.0,-0.36,-0.21,-0.3,-0.0899999999999999,-0.54,0.4857142857142857,0.13125,0.042,0.06,0.06375,0.0,0.0,0.2723410414482967,0.0,0.1950778232984394,False,True,FAILURE,20.0,3.0,BAR_3_4,12.0,14.0,15.0,16.0,17.0,19.0,3.0,BAR_3_4,12.0,14.0,15.0,16.0,17.0,19.0,3.0,BAR_3_4,12.0,14.0,15.0,16.0,17.0,19.0,5.0,BAR_5_6,12.0,14.0,15.0,16.0,17.0,19.0,6.0,BAR_5_6,12.0,14.0,15.0,16.0,17.0,19.0,6.0,BAR_5_6,12.0,14.0,15.0,16.0,17.0,19.0,7.0,BAR_7_10,12.0,14.0,15.0,16.0,17.0,19.0,True,-0.7
2026-02-16 11:38:00-05:00,2026-02-16 11:45:00-05:00,2026-02-15,0.8138084670836507,0.4817090861136753,25.0,1.75,20,-25.0,-26.11,-1.0444,stop,7,20,2026-02-06 09:30:00-05:00,2026-05-06 09:30:00-04:00,453,24683.0,21,2.01,0.5,-1.63,1,15,LOSS,stop,-1.0444,20,-0.05,0.5,0.39,-0.01,0.5,0.17,0.45,0.5,-0.33,0.6,0.5,-0.55,0.75,0.5,-0.41,0.85,0.5,-0.75,1.02,0.5,-0.72,1.33,0.5,-1.32,1.33,0.5,-1.31,1.5,0.5,-1.44,1.84,0.5,-1.62,1.93,0.5,-1.84,1.94,0.5,-1.89,1.94,0.5,-1.8,2.01,0.5,-1.82,2.01,0.5,-1.61,2.01,0.5,-1.73,2.01,0.5,-1.53,2.01,0.5,-1.63,2.01,0.5,-1.63,-0.05,0.5,0.39,-0.01,0.5,0.17,0.45,0.5,-0.33,0.6,0.5,-0.55,0.75,0.5,-0.41,0.85,0.5,-0.75,1.02,0.5,-0.72,1.33,0.5,-1.32,1.38,1.34,0.8800000000000001,0.5800000000000001,0.0,0.0,0.0,0.0,-1.71,-1.49,-0.99,-0.91,-0.8300000000000001,0.3759398496240601,0.16625,0.176,0.1933333333333333,0.0625,0.0,0.0,0.4794267410147248,0.0,0.5391792704790177,False,True,FAILURE,20.0,5.0,BAR_5_6,,,,,,,5.0,BAR_5_6,,,,,,,6.0,BAR_5_6,,,,,,,6.0,BAR_5_6,,,,,,,7.0,BAR_7_10,,,,,,,7.0,BAR_7_10,,,,,,,7.0,BAR_7_10,,,,,,,False,-1.63
2026-02-17 15:38:00-05:00,2026-02-17 15:41:00-05:00,2026-02-16,1.0,0.4284144357993757,25.0,1.75,20,-25.0,-26.11,-1.0444,stop,3,20,2026-02-06 09:30:00-05:00,2026-05-06 09:30:00-04:00,455,24738.25,21,2.31,0.1,-0.83,1,6,LOSS,stop,-1.0444,20,0.26,0.1,-0.17,0.83,0.1,-0.76,1.33,0.1,-1.24,1.72,0.1,-1.71,1.94,0.1,-1.79,2.31,0.1,-1.75,2.31,0.1,-1.49,2.31,0.1,-1.49,2.31,0.1,-0.9,2.31,0.1,-1.25,2.31,0.1,-1.07,2.31,0.1,-0.61,2.31,0.1,-0.32,2.31,0.1,-0.64,2.31,0.1,-0.64,2.31,0.1,-0.72,2.31,0.1,-0.56,2.31,0.1,-0.61,2.31,0.1,-0.9,2.31,0.1,-0.83,0.26,0.1,-0.17,0.83,0.1,-0.76,1.33,0.1,-1.24,1.72,0.1,-1.71,1.94,0.1,-1.79,2.31,0.1,-1.75,2.31,0.1,-1.49,2.31,0.1,-1.49,2.05,1.48,0.98,0.3700000000000001,0.0,0.0,0.0,0.0,-1.32,-0.73,-0.25,0.3,-2.21,0.0432900432900432,0.28875,0.196,0.1233333333333333,0.0125,0.0,0.0,0.7651505454110695,0.0,0.567576300723398,False,True,FAILURE,20.0,2.0,BAR_1_2,,,,,,,2.0,BAR_1_2,,,,,,,2.0,BAR_1_2,,,,,,,3.0,BAR_3_4,,,,,,,3.0,BAR_3_4,,,,,,,3.0,BAR_3_4,,,,,,,3.0,BAR_3_4,,,,,,,True,-0.7
2026-02-18 13:51:00-05:00,2026-02-18 14:11:00-05:00,2026-02-17,1.0,0.4833267396369071,25.0,1.75,20,-11.75,-12.86,-0.5144,timeout,20,20,2026-02-06 09:30:00-05:00,2026-05-06 09:30:00-04:00,456,25012.75,21,0.96,1.23,-0.47,2,8,LOSS,timeout,-0.5144,20,0.03,0.78,0.72,0.03,1.23,0.53,0.66,1.23,-0.36,0.83,1.23,-0.63,0.83,1.23,-0.65,0.83,1.23,-0.21,0.83,1.23,-0.46,0.96,1.23,-0.58,0.96,1.23,-0.51,0.96,1.23,-0.51,0.96,1.23,-0.06,0.96,1.23,-0.38,0.96,1.23,-0.73,0.96,1.23,-0.29,0.96,1.23,-0.38,0.96,1.23,-0.18,0.96,1.23,-0.22,0.96,1.23,-0.01,0.96,1.23,-0.36,0.96,1.23,-0.47,0.03,0.78,0.72,0.03,1.23,0.53,0.66,1.23,-0.36,0.83,1.23,-0.63,0.83,1.23,-0.65,0.83,1.23,-0.21,0.83,1.23,-0.46,0.96,1.23,-0.58,0.93,0.93,0.2999999999999999,0.13,0.4499999999999999,0.0,0.0,0.0,-1.2999999999999998,-1.11,-0.2199999999999999,0.07,0.27,1.28125,0.12,0.0599999999999999,0.0433333333333333,0.15375,0.0,0.0,0.3759939209235018,0.1590990257669731,0.5350834380863284,False,True,FAILURE,20.0,4.0,BAR_3_4,11.0,,,,,,4.0,BAR_3_4,11.0,,,,,,4.0,BAR_3_4,11.0,,,,,,8.0,BAR_7_10,11.0,,,,,,8.0,BAR_7_10,11.0,,,,,,8.0,BAR_7_10,11.0,,,,,,,NO_CROSS,,,,,,,True,-0.7
2026-02-18 14:37:00-05:00,2026-02-18 14:57:00-05:00,2026-02-17,1.0,0.4977493516198514,25.0,1.75,20,43.75,42.64,1.7056,target,20,20,2026-02-06 09:30:00-05:00,2026-05-06 09:30:00-04:00,458,24928.25,21,0.93,2.66,2.48,20,10,WIN,target,1.7056,20,0.11,0.47,0.17,0.25,0.6,-0.03,0.35,0.6,-0.11,0.79,0.6,-0.42,0.79,0.6,0.17,0.79,0.6,0.4,0.79,0.6,0.1,0.79,0.6,-0.01,0.79,0.6,-0.35,0.93,0.6,-0.77,0.93,0.6,-0.34,0.93,0.6,0.06,0.93,0.6,0.36,0.93,0.66,0.18,0.93,0.81,0.69,0.93,1.06,0.94,0.93,1.06,0.89,0.93,1.36,1.09,0.93,1.64,1.58,0.93,2.66,2.48,0.11,0.47,0.17,0.25,0.6,-0.03,0.35,0.6,-0.11,0.79,0.6,-0.42,0.79,0.6,0.17,0.79,0.6,0.4,0.79,0.6,0.1,0.79,0.6,-0.01,0.68,0.54,0.44,0.0,0.13,0.0,0.0,0.0,-0.18,0.0199999999999999,0.1,-0.18,-0.19,0.7594936708860759,0.09875,0.088,0.0,0.075,0.0,0.0,0.2935375371469307,0.0459619407771255,0.241479812820865,True,True,RECOVERY,20.0,4.0,BAR_3_4,5.0,5.0,6.0,15.0,16.0,18.0,4.0,BAR_3_4,5.0,5.0,6.0,15.0,16.0,18.0,10.0,BAR_7_10,12.0,12.0,13.0,15.0,16.0,18.0,10.0,BAR_7_10,12.0,12.0,13.0,15.0,16.0,18.0,10.0,BAR_7_10,12.0,12.0,13.0,15.0,16.0,18.0,,NO_CROSS,,,,,,,,NO_CROSS,,,,,,,True,-0.7
2026-02-23 12:36:00-05:00,2026-02-23 12:43:00-05:00,2026-02-22,1.0,0.4217284276231922,25.0,1.75,20,-25.0,-26.11,-1.0444,stop,7,20,2026-02-06 09:30:00-05:00,2026-05-06 09:30:00-04:00,460,24701.25,21,2.0,0.95,-1.99,4,20,LOSS,stop,-1.0444,20,0.0,0.73,0.51,0.0,0.73,0.58,0.0,0.83,0.76,0.0,0.95,0.57,0.4,0.95,-0.1,0.69,0.95,-0.49,1.06,0.95,-0.88,1.06,0.95,0.01,1.06,0.95,-0.66,1.06,0.95,-0.39,1.06,0.95,-0.04,1.06,0.95,0.08,1.06,0.95,-0.01,1.06,0.95,-0.73,1.06,0.95,-0.29,1.15,0.95,-1.09,1.9,0.95,-1.53,1.9,0.95,-1.56,1.9,0.95,-1.78,2.0,0.95,-1.99,0.0,0.73,0.51,0.0,0.73,0.58,0.0,0.83,0.76,0.0,0.95,0.57,0.4,0.95,-0.1,0.69,0.95,-0.49,1.06,0.95,-0.88,1.06,0.95,0.01,1.06,1.06,1.06,0.66,0.2199999999999999,0.2199999999999999,0.12,0.0,-0.5,-0.57,-0.75,0.11,-0.1100000000000001,0.8962264150943395,0.1325,0.212,0.22,0.11875,0.024,0.0,0.4773868601938204,0.1014185105674219,0.5865638438031642,False,True,FAILURE,20.0,7.0,BAR_7_10,8.0,8.0,,,,,7.0,BAR_7_10,8.0,8.0,,,,,7.0,BAR_7_10,8.0,8.0,,,,,7.0,BAR_7_10,8.0,8.0,,,,,7.0,BAR_7_10,8.0,8.0,,,,,7.0,BAR_7_10,8.0,8.0,,,,,7.0,BAR_7_10,8.0,8.0,,,,,False,-1.99
2026-02-27 13:05:00-05:00,2026-02-27 13:25:00-05:00,2026-02-26,0.9375766338559064,0.4316980966196316,25.0,1.75,20,40.0,38.89,1.5556,timeout,20,20,2026-02-06 09:30:00-05:00,2026-05-06 09:30:00-04:00,464,24919.5,21,0.96,1.69,1.6,20,2,WIN,timeout,1.5556,20,0.64,0.01,-0.54,0.96,0.01,-0.92,0.96,0.01,-0.35,0.96,0.01,-0.1,0.96,0.24,-0.1,0.96,0.24,-0.31,0.96,0.24,0.24,0.96,0.34,0.06,0.96,0.34,0.27,0.96,0.52,0.52,0.96,0.55,0.24,0.96,0.58,0.48,0.96,0.58,0.49,0.96,1.01,0.84,0.96,1.13,0.61,0.96,1.53,1.53,0.96,1.53,0.83,0.96,1.53,1.08,0.96,1.53,1.06,0.96,1.69,1.6,0.64,0.01,-0.54,0.96,0.01,-0.92,0.96,0.01,-0.35,0.96,0.01,-0.1,0.96,0.24,-0.1,0.96,0.24,-0.31,0.96,0.24,0.24,0.96,0.34,0.06,0.3199999999999999,0.0,0.0,0.0,0.33,0.33,0.33,0.1,0.6000000000000001,0.98,0.41,0.16,-0.6199999999999999,0.3541666666666667,0.12,0.0,0.0,0.0425,0.066,0.0333333333333333,0.1131370849898475,0.1401784576887618,0.3640545485029878,True,True,RECOVERY,20.0,2.0,BAR_1_2,4.0,7.0,9.0,10.0,14.0,16.0,2.0,BAR_1_2,4.0,7.0,9.0,10.0,14.0,16.0,2.0,BAR_1_2,4.0,7.0,9.0,10.0,14.0,16.0,2.0,BAR_1_2,4.0,7.0,9.0,10.0,14.0,16.0,2.0,BAR_1_2,4.0,7.0,9.0,10.0,14.0,16.0,2.0,BAR_1_2,4.0,7.0,9.0,10.0,14.0,16.0,,NO_CROSS,,,,,,,True,-0.7
2026-02-27 13:26:00-05:00,2026-02-27 13:29:00-05:00,2026-02-26,0.8591063143433781,0.5788342344718449,25.0,1.75,20,-25.0,-26.11,-1.0444,stop,3,20,2026-02-06 09:30:00-05:00,2026-05-06 09:30:00-04:00,465,24882.75,21,1.94,0.32,-1.01,1,16,LOSS,stop,-1.0444,20,0.12,0.32,0.02,0.75,0.32,-0.7,1.41,0.32,-1.14,1.41,0.32,-0.94,1.41,0.32,-1.21,1.41,0.32,-0.62,1.41,0.32,-0.75,1.41,0.32,-0.77,1.41,0.32,-0.74,1.41,0.32,-0.95,1.41,0.32,-0.46,1.41,0.32,-0.93,1.41,0.32,-0.97,1.71,0.32,-1.57,1.85,0.32,-1.62,1.94,0.32,-1.53,1.94,0.32,-1.3,1.94,0.32,-1.17,1.94,0.32,-1.26,1.94,0.32,-1.01,0.12,0.32,0.02,0.75,0.32,-0.7,1.41,0.32,-1.14,1.41,0.32,-0.94,1.41,0.32,-1.21,1.41,0.32,-0.62,1.41,0.32,-0.75,1.41,0.32,-0.77,1.29,0.6599999999999999,0.0,0.0,0.0,0.0,0.0,0.0,-0.79,-0.07,0.3699999999999999,0.4399999999999999,-1.09,0.2269503546099291,0.17625,0.0,0.0,0.04,0.0,0.0,0.4817212442303714,0.0,0.3800352427266262,False,True,FAILURE,20.0,2.0,BAR_1_2,,,,,,,2.0,BAR_1_2,,,,,,,3.0,BAR_3_4,,,,,,,3.0,BAR_3_4,,,,,,,3.0,BAR_3_4,,,,,,,3.0,BAR_3_4,,,,,,,3.0,BAR_3_4,,,,,,,True,-0.7
2026-03-02 13:47:00-05:00,2026-03-02 14:07:00-05:00,2026-03-01,1.0,0.4756780517824959,25.0,1.75,20,-13.25,-14.36,-0.5744,timeout,20,20,2026-02-06 09:30:00-05:00,2026-05-06 09:30:00-04:00,466,24986.75,21,0.88,0.79,-0.53,13,2,LOSS,timeout,-0.5744,20,0.84,0.12,-0.77,0.88,0.12,-0.5,0.88,0.12,-0.59,0.88,0.12,-0.05,0.88,0.16,-0.04,0.88,0.16,-0.27,0.88,0.16,-0.25,0.88,0.33,0.23,0.88,0.33,-0.08,0.88,0.33,0.19,0.88,0.74,0.44,0.88,0.74,0.6,0.88,0.79,0.6,0.88,0.79,0.42,0.88,0.79,0.12,0.88,0.79,-0.05,0.88,0.79,-0.42,0.88,0.79,-0.24,0.88,0.79,-0.55,0.88,0.79,-0.53,0.84,0.12,-0.77,0.88,0.12,-0.5,0.88,0.12,-0.59,0.88,0.12,-0.05,0.88,0.16,-0.04,0.88,0.16,-0.27,0.88,0.16,-0.25,0.88,0.33,0.23,0.04,0.0,0.0,0.0,0.21,0.21,0.21,0.17,1.0,0.73,0.82,0.27,-0.55,0.375,0.11,0.0,0.0,0.04125,0.042,0.0566666666666666,0.0141421356237309,0.0710005030163268,0.3286770016727234,False,True,FAILURE,20.0,1.0,BAR_1_2,4.0,8.0,11.0,12.0,,,1.0,BAR_1_2,4.0,8.0,11.0,12.0,,,1.0,BAR_1_2,4.0,8.0,11.0,12.0,,,2.0,BAR_1_2,4.0,8.0,11.0,12.0,,,,NO_CROSS,,,,,,,,NO_CROSS,,,,,,,,NO_CROSS,,,,,,,True,-0.7
2026-03-12 15:02:00-04:00,2026-03-12 15:05:00-04:00,2026-03-11,0.8446213623856165,0.573295529473823,25.0,1.75,20,-25.0,-26.11,-1.0444,stop,3,20,2026-02-06 09:30:00-05:00,2026-05-06 09:30:00-04:00,468,24584.25,21,1.67,0.59,-1.65,10,20,LOSS,stop,-1.0444,20,0.13,0.17,0.09,0.56,0.17,-0.46,1.22,0.17,-0.79,1.38,0.17,-1.22,1.38,0.17,-0.41,1.38,0.17,-0.86,1.38,0.17,-0.64,1.38,0.17,-0.76,1.38,0.32,0.28,1.38,0.59,-0.02,1.38,0.59,-0.04,1.38,0.59,-0.4,1.38,0.59,-0.24,1.38,0.59,-0.15,1.38,0.59,-0.3,1.38,0.59,-0.91,1.38,0.59,-0.78,1.38,0.59,-0.81,1.38,0.59,-1.15,1.67,0.59,-1.65,0.13,0.17,0.09,0.56,0.17,-0.46,1.22,0.17,-0.79,1.38,0.17,-1.22,1.38,0.17,-0.41,1.38,0.17,-0.86,1.38,0.17,-0.64,1.38,0.17,-0.76,1.25,0.8199999999999998,0.1599999999999999,0.0,0.0,0.0,0.0,0.0,-0.85,-0.3,0.03,-0.35,-1.21,0.1231884057971014,0.1725,0.0319999999999999,0.0,0.02125,0.0,0.0,0.4838664957550643,0.0,0.385317587007319,False,True,FAILURE,20.0,3.0,BAR_3_4,9.0,9.0,9.0,,,,3.0,BAR_3_4,9.0,9.0,9.0,,,,3.0,BAR_3_4,9.0,9.0,9.0,,,,3.0,BAR_3_4,9.0,9.0,9.0,,,,3.0,BAR_3_4,9.0,9.0,9.0,,,,3.0,BAR_3_4,9.0,9.0,9.0,,,,3.0,BAR_3_4,9.0,9.0,9.0,,,,True,-0.7
2026-03-16 12:01:00-04:00,2026-03-16 12:08:00-04:00,2026-03-15,0.8187978190213634,0.5903248494439316,25.0,1.75,20,-25.0,-26.11,-1.0444,stop,7,20,2026-02-06 09:30:00-05:00,2026-05-06 09:30:00-04:00,471,24675.0,21,1.16,1.45,1.38,20,7,LOSS,stop,-1.0444,20,0.25,0.24,0.03,0.38,0.24,-0.34,0.55,0.43,0.37,0.55,0.43,0.02,0.55,0.43,-0.24,0.95,0.43,-0.91,1.16,0.43,-0.68,1.16,0.43,-0.25,1.16,0.43,-0.83,1.16,0.43,-0.4,1.16,0.43,0.05,1.16,0.43,0.0,1.16,0.43,-0.26,1.16,0.43,-0.2,1.16,0.43,0.33,1.16,0.6,-0.56,1.16,0.6,-0.27,1.16,0.6,0.1,1.16,0.6,0.27,1.16,1.45,1.38,0.25,0.24,0.03,0.38,0.24,-0.34,0.55,0.43,0.37,0.55,0.43,0.02,0.55,0.43,-0.24,0.95,0.43,-0.91,1.16,0.43,-0.68,1.16,0.43,-0.25,0.91,0.7799999999999999,0.6099999999999999,0.6099999999999999,0.19,0.19,0.0,0.0,-0.28,0.09,-0.62,-0.01,-0.73,0.3706896551724138,0.145,0.1219999999999999,0.2033333333333332,0.05375,0.0,0.0,0.3500586685522462,0.0879529094783923,0.4078515135963788,False,True,FAILURE,20.0,6.0,BAR_5_6,11.0,11.0,15.0,20.0,20.0,20.0,6.0,BAR_5_6,11.0,11.0,15.0,20.0,20.0,20.0,6.0,BAR_5_6,11.0,11.0,15.0,20.0,20.0,20.0,6.0,BAR_5_6,11.0,11.0,15.0,20.0,20.0,20.0,6.0,BAR_5_6,11.0,11.0,15.0,20.0,20.0,20.0,6.0,BAR_5_6,11.0,11.0,15.0,20.0,20.0,20.0,7.0,BAR_7_10,11.0,11.0,15.0,20.0,20.0,20.0,False,1.38
2026-03-16 13:50:00-04:00,2026-03-16 13:52:00-04:00,2026-03-15,1.0,0.4397336146643809,25.0,1.75,20,-25.0,-26.11,-1.0444,stop,2,20,2026-02-06 09:30:00-05:00,2026-05-06 09:30:00-04:00,472,24656.75,21,2.57,0.04,-2.13,1,17,LOSS,stop,-1.0444,20,0.95,0.04,-0.83,1.0,0.04,-0.84,1.21,0.04,-0.94,1.21,0.04,-0.71,1.21,0.04,-0.84,1.21,0.04,-1.01,1.27,0.04,-1.16,1.45,0.04,-1.31,1.45,0.04,-0.99,1.45,0.04,-0.95,1.45,0.04,-0.99,1.45,0.04,-1.34,1.45,0.04,-1.22,1.76,0.04,-1.67,1.87,0.04,-1.77,2.24,0.04,-2.0,2.57,0.04,-2.53,2.57,0.04,-2.12,2.57,0.04,-2.16,2.57,0.04,-2.13,0.95,0.04,-0.83,1.0,0.04,-0.84,1.21,0.04,-0.94,1.21,0.04,-0.71,1.21,0.04,-0.84,1.21,0.04,-1.01,1.27,0.04,-1.16,1.45,0.04,-1.31,0.5,0.4499999999999999,0.24,0.24,0.0,0.0,0.0,0.0,-0.4800000000000001,-0.4700000000000001,-0.3700000000000001,-0.4700000000000001,-1.41,0.0275862068965517,0.18125,0.048,0.08,0.005,0.0,0.0,0.1555118277541247,0.0,0.197628800677287,False,True,FAILURE,20.0,1.0,BAR_1_2,,,,,,,1.0,BAR_1_2,,,,,,,1.0,BAR_1_2,,,,,,,1.0,BAR_1_2,,,,,,,1.0,BAR_1_2,,,,,,,1.0,BAR_1_2,,,,,,,2.0,BAR_1_2,,,,,,,True,-0.7
2026-03-17 11:13:00-04:00,2026-03-17 11:16:00-04:00,2026-03-16,0.9043760691482644,0.4710536726889094,25.0,1.75,20,-25.0,-26.11,-1.0444,stop,3,20,2026-02-06 09:30:00-05:00,2026-05-06 09:30:00-04:00,473,24805.0,21,1.31,0.97,0.85,20,5,LOSS,stop,-1.0444,20,0.43,-0.01,-0.1,0.91,-0.01,-0.63,1.17,-0.01,-1.16,1.24,-0.01,-1.06,1.31,0.01,-0.41,1.31,0.01,-0.9,1.31,0.01,-0.5,1.31,0.51,0.43,1.31,0.51,-0.38,1.31,0.51,-0.29,1.31,0.51,-0.19,1.31,0.51,-0.56,1.31,0.51,-0.78,1.31,0.51,0.04,1.31,0.51,0.21,1.31,0.58,0.54,1.31,0.58,0.02,1.31,0.58,0.18,1.31,0.69,0.67,1.31,0.97,0.85,0.43,-0.01,-0.1,0.91,-0.01,-0.63,1.17,-0.01,-1.16,1.24,-0.01,-1.06,1.31,0.01,-0.41,1.31,0.01,-0.9,1.31,0.01,-0.5,1.31,0.51,0.43,0.8800000000000001,0.4,0.1400000000000001,0.0,0.52,0.52,0.52,0.5,0.53,1.06,1.59,0.84,-0.8,0.3893129770992366,0.16375,0.028,0.0,0.06375,0.104,0.1666666666666666,0.3119953067412576,0.1810879817736592,0.5271876190828894,False,True,FAILURE,20.0,2.0,BAR_1_2,8.0,8.0,8.0,16.0,20.0,,2.0,BAR_1_2,8.0,8.0,8.0,16.0,20.0,,2.0,BAR_1_2,8.0,8.0,8.0,16.0,20.0,,2.0,BAR_1_2,8.0,8.0,8.0,16.0,20.0,,2.0,BAR_1_2,8.0,8.0,8.0,16.0,20.0,,3.0,BAR_3_4,8.0,8.0,8.0,16.0,20.0,,3.0,BAR_3_4,8.0,8.0,8.0,16.0,20.0,,True,-0.7
2026-03-20 13:36:00-04:00,2026-03-20 13:40:00-04:00,2026-03-19,1.0,0.5456547540551233,25.0,1.75,20,-25.0,-26.11,-1.0444,stop,4,20,2026-02-06 09:30:00-05:00,2026-05-06 09:30:00-04:00,477,24175.0,21,1.72,0.42,-1.62,12,19,LOSS,stop,-1.0444,20,0.28,0.28,-0.14,0.36,0.28,-0.36,0.99,0.28,-0.87,1.43,0.28,-1.08,1.43,0.28,-0.93,1.43,0.28,-0.62,1.43,0.28,-0.64,1.43,0.28,-0.45,1.43,0.28,-0.27,1.43,0.28,-0.47,1.43,0.28,0.1,1.43,0.42,-0.14,1.43,0.42,-0.08,1.43,0.42,-0.66,1.43,0.42,-0.56,1.43,0.42,-0.72,1.43,0.42,-1.09,1.43,0.42,-1.19,1.72,0.42,-1.68,1.72,0.42,-1.62,0.28,0.28,-0.14,0.36,0.28,-0.36,0.99,0.28,-0.87,1.43,0.28,-1.08,1.43,0.28,-0.93,1.43,0.28,-0.62,1.43,0.28,-0.64,1.43,0.28,-0.45,1.15,1.0699999999999998,0.4399999999999999,0.0,0.0,0.0,0.0,0.0,-0.31,-0.09,0.42,0.48,-1.15,0.1958041958041958,0.17875,0.088,0.0,0.035,0.0,0.0,0.5037785794799706,0.0,0.3151841865141261,False,True,FAILURE,20.0,3.0,BAR_3_4,11.0,11.0,,,,,3.0,BAR_3_4,11.0,11.0,,,,,3.0,BAR_3_4,11.0,11.0,,,,,3.0,BAR_3_4,11.0,11.0,,,,,3.0,BAR_3_4,11.0,11.0,,,,,3.0,BAR_3_4,11.0,11.0,,,,,4.0,BAR_3_4,11.0,11.0,,,,,True,-0.7
2026-03-26 13:24:00-04:00,2026-03-26 13:33:00-04:00,2026-03-25,0.956211115148597,0.4424106554134248,25.0,1.75,20,-25.0,-26.11,-1.0444,stop,9,20,2026-02-06 09:30:00-05:00,2026-05-06 09:30:00-04:00,481,23941.75,21,1.26,1.01,0.82,19,11,LOSS,stop,-1.0444,20,0.12,0.28,0.12,0.22,0.28,-0.02,0.22,0.38,0.09,0.25,0.38,-0.15,0.57,0.38,-0.52,0.93,0.38,-0.52,0.93,0.38,0.03,0.93,0.38,-0.46,1.05,0.38,-0.99,1.18,0.38,-1.14,1.26,0.38,-0.77,1.26,0.38,-0.77,1.26,0.38,-0.39,1.26,0.38,-0.48,1.26,0.38,-0.15,1.26,0.38,-0.09,1.26,0.38,0.13,1.26,0.54,0.36,1.26,1.01,0.79,1.26,1.01,0.82,0.12,0.28,0.12,0.22,0.28,-0.02,0.22,0.38,0.09,0.25,0.38,-0.15,0.57,0.38,-0.52,0.93,0.38,-0.52,0.93,0.38,0.03,0.93,0.38,-0.46,0.81,0.7100000000000001,0.7100000000000001,0.3600000000000001,0.0999999999999999,0.0999999999999999,0.0,0.0,-0.5800000000000001,-0.44,-0.55,0.06,-0.55,0.4086021505376344,0.11625,0.142,0.12,0.0475,0.0,0.0,0.3624692105150844,0.0462910049886275,0.2785389175167961,False,True,FAILURE,20.0,6.0,BAR_5_6,7.0,7.0,18.0,19.0,19.0,,6.0,BAR_5_6,7.0,7.0,18.0,19.0,19.0,,6.0,BAR_5_6,7.0,7.0,18.0,19.0,19.0,,6.0,BAR_5_6,7.0,7.0,18.0,19.0,19.0,,6.0,BAR_5_6,7.0,7.0,18.0,19.0,19.0,,9.0,BAR_7_10,15.0,17.0,18.0,19.0,19.0,,9.0,BAR_7_10,15.0,17.0,18.0,19.0,19.0,,False,0.82
2026-03-26 15:25:00-04:00,2026-03-26 15:45:00-04:00,2026-03-25,1.0,0.4252890236933491,25.0,1.75,20,16.5,15.39,0.6156,timeout,20,20,2026-02-06 09:30:00-05:00,2026-05-06 09:30:00-04:00,483,23822.25,21,0.95,0.76,0.66,20,5,WIN,timeout,0.6156,20,0.3,-0.01,-0.2,0.39,-0.01,-0.32,0.45,-0.01,-0.24,0.83,-0.01,-0.82,0.95,-0.01,-0.77,0.95,0.38,0.19,0.95,0.38,0.2,0.95,0.47,0.3,0.95,0.47,0.01,0.95,0.47,-0.44,0.95,0.47,-0.51,0.95,0.47,-0.4,0.95,0.47,-0.21,0.95,0.47,-0.11,0.95,0.47,-0.39,0.95,0.47,-0.19,0.95,0.47,-0.16,0.95,0.47,0.15,0.95,0.58,0.39,0.95,0.76,0.66,0.3,-0.01,-0.2,0.39,-0.01,-0.32,0.45,-0.01,-0.24,0.83,-0.01,-0.82,0.95,-0.01,-0.77,0.95,0.38,0.19,0.95,0.38,0.2,0.95,0.47,0.3,0.6499999999999999,0.5599999999999999,0.4999999999999999,0.0,0.48,0.48,0.48,0.48,0.5,0.62,0.54,1.07,-0.48,0.4947368421052631,0.11875,0.0999999999999999,0.0,0.05875,0.096,0.16,0.2883171616714581,0.2191379213450483,0.4287773314903669,True,True,RECOVERY,20.0,4.0,BAR_3_4,6.0,6.0,8.0,20.0,,,4.0,BAR_3_4,6.0,6.0,8.0,20.0,,,4.0,BAR_3_4,6.0,6.0,8.0,20.0,,,5.0,BAR_5_6,6.0,6.0,8.0,20.0,,,5.0,BAR_5_6,6.0,6.0,8.0,20.0,,,5.0,BAR_5_6,6.0,6.0,8.0,20.0,,,,NO_CROSS,,,,,,,True,-0.7
2026-03-26 15:54:00-04:00,2026-03-26 16:11:00-04:00,2026-03-25,0.9272071232917818,0.5358345421776781,25.0,1.75,20,-25.0,-26.11,-1.0444,stop,17,20,2026-02-06 09:30:00-05:00,2026-05-06 09:30:00-04:00,484,23781.25,21,9.73,0.77,-4.76,9,18,LOSS,stop,-1.0444,20,0.57,0.18,-0.51,0.74,0.18,-0.73,0.91,0.18,-0.61,0.91,0.18,-0.25,0.91,0.25,-0.23,0.91,0.25,-0.44,0.91,0.25,-0.07,0.91,0.4,0.06,0.91,0.77,0.53,0.91,0.77,0.17,0.91,0.77,-0.24,0.91,0.77,-0.18,0.91,0.77,0.03,0.91,0.77,-0.28,0.91,0.77,-0.46,0.91,0.77,-0.63,8.74,0.77,-8.74,9.73,0.77,-5.79,9.73,0.77,-5.36,9.73,0.77,-4.76,0.57,0.18,-0.51,0.74,0.18,-0.73,0.91,0.18,-0.61,0.91,0.18,-0.25,0.91,0.25,-0.23,0.91,0.25,-0.44,0.91,0.25,-0.07,0.91,0.4,0.06,0.3400000000000001,0.17,0.0,0.0,0.22,0.22,0.22,0.15,0.5700000000000001,0.79,0.6699999999999999,0.29,-0.51,0.4395604395604395,0.11375,0.0,0.0,0.05,0.044,0.05,0.1264840475542836,0.0755810822891548,0.2716484072157559,False,True,FAILURE,20.0,2.0,BAR_1_2,7.0,8.0,9.0,9.0,,,3.0,BAR_3_4,7.0,8.0,9.0,9.0,,,3.0,BAR_3_4,7.0,8.0,9.0,9.0,,,3.0,BAR_3_4,7.0,8.0,9.0,9.0,,,3.0,BAR_3_4,7.0,8.0,9.0,9.0,,,17.0,BAR_11_20,,,,,,,17.0,BAR_11_20,,,,,,,True,-0.7
2026-03-27 12:37:00-04:00,2026-03-27 12:46:00-04:00,2026-03-26,1.0,0.4980702448459272,25.0,1.75,20,-25.0,-26.11,-1.0444,stop,9,20,2026-02-06 09:30:00-05:00,2026-05-06 09:30:00-04:00,485,23459.0,21,2.22,0.6,-0.64,3,13,LOSS,stop,-1.0444,20,0.34,0.32,0.22,0.34,0.32,0.19,0.34,0.6,0.29,0.5,0.6,-0.36,0.85,0.6,-0.25,0.93,0.6,-0.62,0.93,0.6,-0.63,0.93,0.6,-0.75,1.61,0.6,-1.41,1.75,0.6,-1.63,2.02,0.6,-1.86,2.15,0.6,-1.99,2.22,0.6,-1.62,2.22,0.6,-1.31,2.22,0.6,-0.78,2.22,0.6,-0.93,2.22,0.6,-0.89,2.22,0.6,-0.68,2.22,0.6,-0.72,2.22,0.6,-0.64,0.34,0.32,0.22,0.34,0.32,0.19,0.34,0.6,0.29,0.5,0.6,-0.36,0.85,0.6,-0.25,0.93,0.6,-0.62,0.93,0.6,-0.63,0.93,0.6,-0.75,0.5900000000000001,0.5900000000000001,0.5900000000000001,0.08,0.2799999999999999,0.2799999999999999,0.0,0.0,-0.97,-0.94,-1.04,-0.5,-0.33,0.6451612903225806,0.11625,0.118,0.0266666666666666,0.075,0.0,0.0,0.289284832450155,0.1296148139681572,0.4223213908184821,False,True,FAILURE,20.0,5.0,BAR_5_6,,,,,,,5.0,BAR_5_6,,,,,,,5.0,BAR_5_6,,,,,,,5.0,BAR_5_6,,,,,,,6.0,BAR_5_6,,,,,,,9.0,BAR_7_10,,,,,,,9.0,BAR_7_10,,,,,,,False,-0.64
2026-03-27 15:46:00-04:00,2026-03-27 15:53:00-04:00,2026-03-26,0.8379642713187814,0.5809749879115566,25.0,1.75,20,-25.0,-26.11,-1.0444,stop,7,20,2026-02-06 09:30:00-05:00,2026-05-06 09:30:00-04:00,486,23283.0,21,2.73,0.56,-0.33,6,13,LOSS,stop,-1.0444,20,0.97,0.03,-0.63,0.97,0.03,-0.71,0.97,0.03,-0.73,0.97,0.2,-0.08,0.97,0.42,0.18,0.97,0.56,0.08,1.63,0.56,-1.61,1.63,0.56,-1.04,2.56,0.56,-2.05,2.56,0.56,-1.6,2.56,0.56,-1.52,2.56,0.56,-2.08,2.73,0.56,-1.03,2.73,0.56,-0.35,2.73,0.56,-0.69,2.73,0.56,-0.37,2.73,0.56,-0.6,2.73,0.56,-0.28,2.73,0.56,-0.27,2.73,0.56,-0.33,0.97,0.03,-0.63,0.97,0.03,-0.71,0.97,0.03,-0.73,0.97,0.2,-0.08,0.97,0.42,0.18,0.97,0.56,0.08,1.63,0.56,-1.61,1.63,0.56,-1.04,0.6599999999999999,0.6599999999999999,0.6599999999999999,0.6599999999999999,0.53,0.53,0.53,0.14,-0.41,-0.33,-0.31,-1.22,-1.0699999999999998,0.343558282208589,0.20375,0.1319999999999999,0.2199999999999999,0.07,0.106,0.0466666666666666,0.3055206329249419,0.2523850516288837,0.6066712454039668,False,True,FAILURE,20.0,1.0,BAR_1_2,4.0,5.0,,,,,1.0,BAR_1_2,4.0,5.0,,,,,1.0,BAR_1_2,4.0,5.0,,,,,1.0,BAR_1_2,4.0,5.0,,,,,1.0,BAR_1_2,4.0,5.0,,,,,1.0,BAR_1_2,4.0,5.0,,,,,7.0,BAR_7_10,,,,,,,True,-0.7
2026-04-01 14:25:00-04:00,2026-04-01 14:40:00-04:00,2026-03-31,0.9100415149552532,0.5724647237241197,25.0,1.75,20,-25.0,-26.11,-1.0444,stop,15,20,2026-02-06 09:30:00-05:00,2026-05-06 09:30:00-04:00,493,24157.75,21,1.89,1.32,-0.46,11,16,LOSS,stop,-1.0444,20,0.77,0.04,-0.4,0.94,0.04,-0.29,0.94,0.04,-0.11,0.94,0.27,0.17,0.94,0.44,0.1,0.94,0.44,0.17,0.94,0.59,0.39,0.94,1.03,0.52,0.94,1.03,0.58,0.94,1.24,1.08,0.94,1.32,0.65,0.94,1.32,1.18,0.94,1.32,0.79,0.94,1.32,-0.18,1.34,1.32,-1.05,1.89,1.32,-1.45,1.89,1.32,-1.39,1.89,1.32,-1.2,1.89,1.32,-0.92,1.89,1.32,-0.46,0.77,0.04,-0.4,0.94,0.04,-0.29,0.94,0.04,-0.11,0.94,0.27,0.17,0.94,0.44,0.1,0.94,0.44,0.17,0.94,0.59,0.39,0.94,1.03,0.52,0.1699999999999999,0.0,0.0,0.0,0.99,0.99,0.99,0.5900000000000001,0.92,0.81,0.63,0.42,0.09,1.095744680851064,0.1175,0.0,0.0,0.12875,0.198,0.1966666666666666,0.0601040764008565,0.3443186854396042,0.3181840213281796,False,True,FAILURE,20.0,1.0,BAR_1_2,3.0,4.0,7.0,8.0,10.0,10.0,1.0,BAR_1_2,3.0,4.0,7.0,8.0,10.0,10.0,2.0,BAR_1_2,3.0,4.0,7.0,8.0,10.0,10.0,2.0,BAR_1_2,3.0,4.0,7.0,8.0,10.0,10.0,2.0,BAR_1_2,3.0,4.0,7.0,8.0,10.0,10.0,15.0,BAR_11_20,,,,,,,15.0,BAR_11_20,,,,,,,True,-0.7
2026-04-06 13:06:00-04:00,2026-04-06 13:09:00-04:00,2026-04-05,0.9195951958331344,0.410923557079432,25.0,1.75,20,-25.0,-26.11,-1.0444,stop,3,20,2026-02-06 09:30:00-05:00,2026-05-06 09:30:00-04:00,495,24265.5,21,1.33,2.52,-1.05,8,20,LOSS,stop,-1.0444,20,0.45,0.13,-0.33,0.93,0.13,-0.66,1.01,0.13,-0.52,1.01,0.5,0.04,1.01,0.5,0.14,1.01,1.74,1.64,1.01,2.43,2.26,1.01,2.52,1.52,1.01,2.52,1.74,1.01,2.52,1.34,1.01,2.52,1.01,1.01,2.52,1.07,1.01,2.52,0.64,1.01,2.52,1.32,1.01,2.52,0.65,1.01,2.52,-0.14,1.01,2.52,-0.5,1.08,2.52,-1.02,1.32,2.52,-1.28,1.33,2.52,-1.05,0.45,0.13,-0.33,0.93,0.13,-0.66,1.01,0.13,-0.52,1.01,0.5,0.04,1.01,0.5,0.14,1.01,1.74,1.64,1.01,2.43,2.26,1.01,2.52,1.52,0.56,0.0799999999999999,0.0,0.0,2.39,2.39,2.39,2.02,1.85,2.18,2.04,1.38,1.51,2.495049504950495,0.12625,0.0,0.0,0.315,0.478,0.6733333333333333,0.1959591794226542,1.0469547677499185,1.1245753166672043,False,True,FAILURE,20.0,2.0,BAR_1_2,4.0,4.0,6.0,6.0,6.0,6.0,2.0,BAR_1_2,4.0,4.0,6.0,6.0,6.0,6.0,2.0,BAR_1_2,4.0,4.0,6.0,6.0,6.0,6.0,2.0,BAR_1_2,4.0,4.0,6.0,6.0,6.0,6.0,2.0,BAR_1_2,4.0,4.0,6.0,6.0,6.0,6.0,3.0,BAR_3_4,4.0,4.0,6.0,6.0,6.0,6.0,3.0,BAR_3_4,4.0,4.0,6.0,6.0,6.0,6.0,True,-0.7
2026-04-07 13:20:00-04:00,2026-04-07 13:30:00-04:00,2026-04-06,0.8490741423499436,0.5208932260758715,25.0,1.75,20,-25.0,-26.11,-1.0444,stop,10,20,2026-02-06 09:30:00-05:00,2026-05-06 09:30:00-04:00,497,24175.5,21,4.95,0.22,-2.57,1,16,LOSS,stop,-1.0444,20,0.09,0.22,0.08,0.33,0.22,-0.2,0.67,0.22,-0.46,0.73,0.22,-0.45,0.73,0.22,-0.25,0.86,0.22,-0.62,0.86,0.22,-0.58,0.86,0.22,-0.28,0.86,0.22,-0.51,1.01,0.22,-0.42,1.01,0.22,-0.71,1.7,0.22,-1.51,1.7,0.22,-1.63,2.32,0.22,-2.18,3.86,0.22,-3.58,4.95,0.22,-4.15,4.95,0.22,-3.94,4.95,0.22,-3.51,4.95,0.22,-3.38,4.95,0.22,-2.57,0.09,0.22,0.08,0.33,0.22,-0.2,0.67,0.22,-0.46,0.73,0.22,-0.45,0.73,0.22,-0.25,0.86,0.22,-0.62,0.86,0.22,-0.58,0.86,0.22,-0.28,0.77,0.53,0.1899999999999999,0.13,0.0,0.0,0.0,0.0,-0.36,-0.08,0.18,-0.03,-0.64,0.2558139534883721,0.1075,0.0379999999999999,0.0433333333333333,0.0275,0.0,0.0,0.2830667513401843,0.0,0.229906813420444,False,True,FAILURE,20.0,4.0,BAR_3_4,,,,,,,6.0,BAR_5_6,,,,,,,6.0,BAR_5_6,,,,,,,6.0,BAR_5_6,,,,,,,10.0,BAR_7_10,,,,,,,10.0,BAR_7_10,,,,,,,10.0,BAR_7_10,,,,,,,True,-0.7
2026-04-09 14:04:00-04:00,2026-04-09 14:06:00-04:00,2026-04-08,0.7745562110410582,0.4640907292628247,25.0,1.75,20,-25.0,-26.11,-1.0444,stop,2,20,2026-02-06 09:30:00-05:00,2026-05-06 09:30:00-04:00,499,25165.5,21,1.1,0.58,0.34,20,14,LOSS,stop,-1.0444,20,0.86,0.02,-0.73,1.08,0.02,-0.73,1.08,0.02,-0.51,1.08,0.02,-0.34,1.08,0.02,-0.74,1.08,0.02,-0.69,1.08,0.02,-0.53,1.08,0.02,-0.3,1.08,0.02,-0.1,1.08,0.08,-0.47,1.08,0.08,-0.23,1.08,0.08,-0.52,1.08,0.08,-0.78,1.1,0.08,-0.55,1.1,0.08,-0.51,1.1,0.08,-0.64,1.1,0.08,-0.23,1.1,0.08,0.0,1.1,0.54,0.46,1.1,0.58,0.34,0.86,0.02,-0.73,1.08,0.02,-0.73,1.08,0.02,-0.51,1.08,0.02,-0.34,1.08,0.02,-0.74,1.08,0.02,-0.69,1.08,0.02,-0.53,1.08,0.02,-0.3,0.22,0.0,0.0,0.0,0.0,0.0,0.0,0.0,0.43,0.43,0.21,0.44,-1.06,0.0185185185185185,0.135,0.0,0.0,0.0025,0.0,0.0,0.0777817459305202,0.0,0.1794784109579756,False,True,FAILURE,20.0,1.0,BAR_1_2,9.0,18.0,19.0,,,,1.0,BAR_1_2,9.0,18.0,19.0,,,,1.0,BAR_1_2,9.0,18.0,19.0,,,,1.0,BAR_1_2,9.0,18.0,19.0,,,,2.0,BAR_1_2,9.0,18.0,19.0,,,,2.0,BAR_1_2,9.0,18.0,19.0,,,,2.0,BAR_1_2,9.0,18.0,19.0,,,,True,-0.7
2026-04-15 12:48:00-04:00,2026-04-15 13:05:00-04:00,2026-04-14,0.8292577512470083,0.5309112488461031,25.0,1.75,20,-25.0,-26.11,-1.0444,stop,17,20,2026-02-06 09:30:00-05:00,2026-05-06 09:30:00-04:00,504,26142.0,21,1.57,1.56,-1.25,8,19,LOSS,stop,-1.0444,20,0.56,0.01,-0.5,0.98,0.01,-0.94,0.98,0.18,0.08,0.98,0.8,0.43,0.98,1.0,0.47,0.98,1.0,0.58,0.98,1.13,0.66,0.98,1.56,0.89,0.98,1.56,0.08,0.98,1.56,-0.07,0.98,1.56,-0.1,0.98,1.56,-0.5,0.98,1.56,-0.09,0.98,1.56,-0.14,0.98,1.56,-0.68,0.98,1.56,-0.79,1.15,1.56,-0.96,1.42,1.56,-1.32,1.57,1.56,-1.39,1.57,1.56,-1.25,0.56,0.01,-0.5,0.98,0.01,-0.94,0.98,0.18,0.08,0.98,0.8,0.43,0.98,1.0,0.47,0.98,1.0,0.58,0.98,1.13,0.66,0.98,1.56,0.89,0.4199999999999999,0.0,0.0,0.0,1.55,1.55,1.38,0.56,1.39,1.83,0.81,0.42,0.5800000000000001,1.5918367346938775,0.1225,0.0,0.0,0.195,0.276,0.1866666666666666,0.1484924240491749,0.5776909084573564,0.6280681832867693,False,True,FAILURE,20.0,2.0,BAR_1_2,3.0,3.0,4.0,6.0,8.0,,2.0,BAR_1_2,3.0,3.0,4.0,6.0,8.0,,2.0,BAR_1_2,3.0,3.0,4.0,6.0,8.0,,2.0,BAR_1_2,3.0,3.0,4.0,6.0,8.0,,2.0,BAR_1_2,3.0,3.0,4.0,6.0,8.0,,2.0,BAR_1_2,3.0,3.0,4.0,6.0,8.0,,17.0,BAR_11_20,,,,,,,True,-0.7
2026-04-16 14:25:00-04:00,2026-04-16 14:31:00-04:00,2026-04-15,1.0,0.5127873752692426,25.0,1.75,20,-25.0,-26.11,-1.0444,stop,6,20,2026-02-06 09:30:00-05:00,2026-05-06 09:30:00-04:00,507,26376.0,21,2.81,0.84,-2.55,3,20,LOSS,stop,-1.0444,20,0.07,0.26,0.16,0.07,0.74,0.49,0.07,0.84,0.47,0.07,0.84,0.1,0.42,0.84,-0.16,1.04,0.84,-0.8,1.26,0.84,-1.15,1.58,0.84,-1.57,1.81,0.84,-1.54,1.81,0.84,-1.6,1.86,0.84,-1.8,1.99,0.84,-1.84,2.01,0.84,-1.95,2.56,0.84,-2.09,2.56,0.84,-2.4,2.6,0.84,-2.54,2.71,0.84,-2.19,2.71,0.84,-2.25,2.71,0.84,-2.41,2.81,0.84,-2.55,0.07,0.26,0.16,0.07,0.74,0.49,0.07,0.84,0.47,0.07,0.84,0.1,0.42,0.84,-0.16,1.04,0.84,-0.8,1.26,0.84,-1.15,1.58,0.84,-1.57,1.51,1.51,1.51,1.16,0.58,0.0999999999999999,0.0,0.0,-1.73,-2.06,-2.04,-1.41,-0.7400000000000001,0.5316455696202531,0.1975,0.302,0.3866666666666667,0.105,0.0,0.0,0.625591149005711,0.2030481997668815,0.77396474633631,False,True,FAILURE,20.0,6.0,BAR_5_6,,,,,,,6.0,BAR_5_6,,,,,,,6.0,BAR_5_6,,,,,,,6.0,BAR_5_6,,,,,,,6.0,BAR_5_6,,,,,,,6.0,BAR_5_6,,,,,,,6.0,BAR_5_6,,,,,,,False,-2.55
2026-04-21 11:02:00-04:00,2026-04-21 11:07:00-04:00,2026-04-20,1.0,0.5606004659545475,25.0,1.75,20,-25.0,-26.11,-1.0444,stop,5,20,2026-02-06 09:30:00-05:00,2026-05-06 09:30:00-04:00,510,26694.5,21,3.67,1.29,-3.23,3,18,LOSS,stop,-1.0444,20,0.09,0.94,0.8,0.34,0.94,0.11,0.34,1.29,0.74,0.34,1.29,0.39,1.04,1.29,-0.89,1.68,1.29,-1.4,2.17,1.29,-2.05,2.98,1.29,-2.85,2.98,1.29,-2.61,2.99,1.29,-2.79,2.99,1.29,-2.6,3.06,1.29,-2.68,3.1,1.29,-2.62,3.1,1.29,-2.28,3.1,1.29,-2.53,3.1,1.29,-2.64,3.61,1.29,-3.38,3.67,1.29,-3.29,3.67,1.29,-3.54,3.67,1.29,-3.23,0.09,0.94,0.8,0.34,0.94,0.11,0.34,1.29,0.74,0.34,1.29,0.39,1.04,1.29,-0.89,1.68,1.29,-1.4,2.17,1.29,-2.05,2.98,1.29,-2.85,2.89,2.64,2.64,1.94,0.3500000000000001,0.3500000000000001,0.0,0.0,-3.65,-2.96,-3.59,-1.96,-1.69,0.4328859060402685,0.3725,0.528,0.6466666666666666,0.16125,0.0,0.0,1.0534399433692052,0.1620185174601965,1.3687109420389472,False,True,FAILURE,20.0,5.0,BAR_5_6,,,,,,,5.0,BAR_5_6,,,,,,,5.0,BAR_5_6,,,,,,,5.0,BAR_5_6,,,,,,,5.0,BAR_5_6,,,,,,,5.0,BAR_5_6,,,,,,,5.0,BAR_5_6,,,,,,,False,-3.23
2026-04-21 12:44:00-04:00,2026-04-21 12:46:00-04:00,2026-04-20,0.7555709034446223,0.4918633786100488,25.0,1.75,20,-25.0,-26.11,-1.0444,stop,2,20,2026-02-06 09:30:00-05:00,2026-05-06 09:30:00-04:00,511,26681.25,21,1.39,0.58,-0.42,15,5,LOSS,stop,-1.0444,20,0.63,0.01,-0.5,1.09,0.01,-0.99,1.09,0.01,-0.97,1.32,0.01,-1.31,1.39,0.01,-1.25,1.39,0.01,-0.99,1.39,0.01,-0.65,1.39,0.01,-0.67,1.39,0.01,-0.68,1.39,0.01,-0.48,1.39,0.01,-0.19,1.39,0.13,-0.01,1.39,0.13,-0.03,1.39,0.23,0.15,1.39,0.58,0.42,1.39,0.58,-0.18,1.39,0.58,-0.72,1.39,0.58,-0.86,1.39,0.58,-0.66,1.39,0.58,-0.42,0.63,0.01,-0.5,1.09,0.01,-0.99,1.09,0.01,-0.97,1.32,0.01,-1.31,1.39,0.01,-1.25,1.39,0.01,-0.99,1.39,0.01,-0.65,1.39,0.01,-0.67,0.7599999999999999,0.2999999999999998,0.2999999999999998,0.0,0.0,0.0,0.0,0.0,-0.17,0.3199999999999999,0.2999999999999999,0.58,-1.38,0.0071942446043165,0.17375,0.0599999999999999,0.0,0.00125,0.0,0.0,0.2690957078810437,0.0,0.2890841449425113,False,True,FAILURE,20.0,2.0,BAR_1_2,11.0,14.0,15.0,,,,2.0,BAR_1_2,11.0,14.0,15.0,,,,2.0,BAR_1_2,11.0,14.0,15.0,,,,2.0,BAR_1_2,11.0,14.0,15.0,,,,2.0,BAR_1_2,11.0,14.0,15.0,,,,2.0,BAR_1_2,11.0,14.0,15.0,,,,2.0,BAR_1_2,11.0,14.0,15.0,,,,True,-0.7
2026-04-21 13:05:00-04:00,2026-04-21 13:12:00-04:00,2026-04-20,0.99479917877588,0.5839992966723812,25.0,1.75,20,43.75,42.64,1.7056,target,7,20,2026-02-06 09:30:00-05:00,2026-05-06 09:30:00-04:00,512,26664.75,21,0.78,2.59,0.87,15,4,WIN,target,1.7056,20,0.24,1.18,0.66,0.24,1.18,0.3,0.24,1.18,0.11,0.78,1.18,-0.27,0.78,1.35,0.41,0.78,1.35,0.76,0.78,1.91,1.23,0.78,1.91,1.09,0.78,1.91,0.86,0.78,1.91,0.91,0.78,1.91,0.69,0.78,1.91,1.07,0.78,1.91,1.74,0.78,2.37,2.2,0.78,2.59,2.01,0.78,2.59,1.51,0.78,2.59,1.95,0.78,2.59,1.71,0.78,2.59,1.58,0.78,2.59,0.87,0.24,1.18,0.66,0.24,1.18,0.3,0.24,1.18,0.11,0.78,1.18,-0.27,0.78,1.35,0.41,0.78,1.35,0.76,0.78,1.91,1.23,0.78,1.91,1.09,0.54,0.54,0.54,0.0,0.73,0.73,0.73,0.5599999999999998,0.43,0.79,0.98,0.6800000000000002,1.13,2.4487179487179485,0.0975,0.108,0.0,0.23875,0.146,0.1866666666666666,0.2794765515336535,0.3204015337933681,0.500968704468795,True,True,RECOVERY,20.0,4.0,BAR_3_4,5.0,5.0,5.0,6.0,6.0,7.0,4.0,BAR_3_4,5.0,5.0,5.0,6.0,6.0,7.0,,NO_CROSS,,,,,,,,NO_CROSS,,,,,,,,NO_CROSS,,,,,,,,NO_CROSS,,,,,,,,NO_CROSS,,,,,,,True,-0.7
2026-04-23 12:04:00-04:00,2026-04-23 12:12:00-04:00,2026-04-22,1.0,0.5629829882632204,25.0,1.75,20,-25.0,-26.11,-1.0444,stop,8,20,2026-02-06 09:30:00-05:00,2026-05-06 09:30:00-04:00,513,27046.5,21,1.83,0.32,-1.73,1,12,LOSS,stop,-1.0444,20,0.29,0.32,-0.02,0.64,0.32,-0.59,0.69,0.32,-0.44,0.78,0.32,-0.09,0.78,0.32,-0.14,0.78,0.32,-0.45,0.78,0.32,-0.34,1.2,0.32,-1.04,1.45,0.32,-1.38,1.45,0.32,-1.37,1.74,0.32,-1.44,1.83,0.32,-1.48,1.83,0.32,-1.32,1.83,0.32,-1.54,1.83,0.32,-1.49,1.83,0.32,-1.17,1.83,0.32,-1.08,1.83,0.32,-0.96,1.83,0.32,-1.24,1.83,0.32,-1.73,0.29,0.32,-0.02,0.64,0.32,-0.59,0.69,0.32,-0.44,0.78,0.32,-0.09,0.78,0.32,-0.14,0.78,0.32,-0.45,0.78,0.32,-0.34,1.2,0.32,-1.04,0.91,0.5599999999999999,0.51,0.4199999999999999,0.0,0.0,0.0,0.0,-1.02,-0.45,-0.6000000000000001,-0.9,-0.8799999999999999,0.2666666666666666,0.15,0.102,0.1399999999999999,0.04,0.0,0.0,0.2486966023089177,0.0,0.3296074505052509,False,True,FAILURE,20.0,4.0,BAR_3_4,4.0,,,,,,4.0,BAR_3_4,4.0,,,,,,8.0,BAR_7_10,,,,,,,8.0,BAR_7_10,,,,,,,8.0,BAR_7_10,,,,,,,8.0,BAR_7_10,,,,,,,8.0,BAR_7_10,,,,,,,True,-0.7
2026-04-23 14:59:00-04:00,2026-04-23 15:05:00-04:00,2026-04-22,1.0,0.5682755285946635,25.0,1.75,20,-25.0,-26.11,-1.0444,stop,6,20,2026-02-06 09:30:00-05:00,2026-05-06 09:30:00-04:00,514,26860.0,21,2.64,0.73,-2.14,3,17,LOSS,stop,-1.0444,20,0.66,0.27,-0.43,0.66,0.44,-0.27,0.66,0.73,-0.02,0.66,0.73,-0.01,0.66,0.73,-0.06,1.01,0.73,-0.96,1.55,0.73,-1.22,1.73,0.73,-1.5,1.73,0.73,-1.42,1.76,0.73,-1.22,1.76,0.73,-1.07,1.76,0.73,-1.35,1.76,0.73,-1.14,1.76,0.73,-1.32,1.78,0.73,-1.72,2.09,0.73,-2.04,2.64,0.73,-2.52,2.64,0.73,-2.08,2.64,0.73,-2.21,2.64,0.73,-2.14,0.66,0.27,-0.43,0.66,0.44,-0.27,0.66,0.73,-0.02,0.66,0.73,-0.01,0.66,0.73,-0.06,1.01,0.73,-0.96,1.55,0.73,-1.22,1.73,0.73,-1.5,1.0699999999999998,1.0699999999999998,1.0699999999999998,1.0699999999999998,0.4599999999999999,0.29,0.0,0.0,-1.07,-1.23,-1.48,-1.44,-1.0,0.4219653179190751,0.21625,0.2139999999999999,0.3566666666666666,0.09125,0.0,0.0,0.4460120914440389,0.1794386086819508,0.5884953574279798,False,True,FAILURE,20.0,6.0,BAR_5_6,,,,,,,6.0,BAR_5_6,,,,,,,6.0,BAR_5_6,,,,,,,6.0,BAR_5_6,,,,,,,6.0,BAR_5_6,,,,,,,6.0,BAR_5_6,,,,,,,6.0,BAR_5_6,,,,,,,False,-2.14
2026-04-29 11:12:00-04:00,2026-04-29 11:17:00-04:00,2026-04-28,0.8136318662296649,0.4968701920963558,25.0,1.75,20,-25.0,-26.11,-1.0444,stop,5,20,2026-02-06 09:30:00-05:00,2026-05-06 09:30:00-04:00,515,27234.75,21,2.28,0.59,-1.83,3,19,LOSS,stop,-1.0444,20,0.22,0.41,0.16,0.22,0.41,0.19,0.38,0.59,-0.21,0.8,0.59,-0.73,1.06,0.59,-0.89,1.1,0.59,-0.57,1.1,0.59,-0.96,1.27,0.59,-1.13,1.36,0.59,-1.33,1.47,0.59,-1.14,1.47,0.59,-1.28,1.64,0.59,-1.27,1.68,0.59,-1.65,1.78,0.59,-1.71,1.91,0.59,-1.53,1.91,0.59,-1.35,2.09,0.59,-1.62,2.19,0.59,-2.02,2.28,0.59,-2.17,2.28,0.59,-1.83,0.22,0.41,0.16,0.22,0.41,0.19,0.38,0.59,-0.21,0.8,0.59,-0.73,1.06,0.59,-0.89,1.1,0.59,-0.57,1.1,0.59,-0.96,1.27,0.59,-1.13,1.05,1.05,0.89,0.2099999999999999,0.18,0.18,0.0,0.0,-1.2899999999999998,-1.3199999999999998,-0.92,-0.2399999999999998,-0.68,0.4645669291338582,0.15875,0.178,0.0699999999999999,0.07375,0.0,0.0,0.4325815364925851,0.0833238089795296,0.5087449543449336,False,True,FAILURE,20.0,4.0,BAR_3_4,,,,,,,4.0,BAR_3_4,,,,,,,4.0,BAR_3_4,,,,,,,5.0,BAR_5_6,,,,,,,5.0,BAR_5_6,,,,,,,5.0,BAR_5_6,,,,,,,5.0,BAR_5_6,,,,,,,True,-0.7
2026-05-05 12:40:00-04:00,2026-05-05 12:46:00-04:00,2026-05-04,0.8427740198896719,0.4335091652380324,25.0,1.75,20,-25.0,-26.11,-1.0444,stop,6,20,2026-02-06 09:30:00-05:00,2026-05-06 09:30:00-04:00,518,28095.0,21,1.64,0.09,-1.25,1,16,LOSS,stop,-1.0444,20,0.45,0.09,-0.38,0.5,0.09,-0.21,0.5,0.09,-0.27,0.61,0.09,-0.51,0.92,0.09,-0.82,1.02,0.09,-0.94,1.36,0.09,-1.28,1.36,0.09,-1.21,1.36,0.09,-1.08,1.36,0.09,-1.12,1.36,0.09,-1.11,1.36,0.09,-1.04,1.36,0.09,-0.99,1.36,0.09,-1.15,1.59,0.09,-1.52,1.64,0.09,-1.52,1.64,0.09,-1.42,1.64,0.09,-1.3,1.64,0.09,-1.21,1.64,0.09,-1.25,0.45,0.09,-0.38,0.5,0.09,-0.21,0.5,0.09,-0.27,0.61,0.09,-0.51,0.92,0.09,-0.82,1.02,0.09,-0.94,1.36,0.09,-1.28,1.36,0.09,-1.21,0.91,0.8600000000000001,0.8600000000000001,0.44,0.0,0.0,0.0,0.0,-0.83,-1.0,-0.94,-0.39,-1.27,0.0661764705882352,0.17,0.172,0.1466666666666667,0.01125,0.0,0.0,0.3809386902301809,0.0,0.4195150261228519,False,True,FAILURE,20.0,5.0,BAR_5_6,,,,,,,5.0,BAR_5_6,,,,,,,5.0,BAR_5_6,,,,,,,5.0,BAR_5_6,,,,,,,5.0,BAR_5_6,,,,,,,6.0,BAR_5_6,,,,,,,6.0,BAR_5_6,,,,,,,False,-1.25
2026-05-27 09:30:00-04:00,2026-05-27 09:31:00-04:00,2026-05-26,0.7565108901330925,0.5798361522198732,25.0,1.75,20,-25.0,-26.11,-1.0444,stop,1,21,2026-05-06 09:30:00-04:00,2026-08-06 09:30:00-04:00,519,30140.25,21,1.21,8.11,3.94,17,1,LOSS,stop,-1.0444,21,1.21,0.55,-0.21,1.21,0.55,-0.24,1.21,0.55,-0.03,1.21,0.55,-0.01,1.21,1.44,0.94,1.21,1.52,1.52,1.21,2.68,2.47,1.21,3.45,2.76,1.21,3.45,2.99,1.21,3.61,3.37,1.21,4.57,4.46,1.21,4.57,3.59,1.21,6.23,6.1,1.21,7.06,6.35,1.21,7.06,4.39,1.21,7.38,7.33,1.21,8.11,7.79,1.21,8.11,5.86,1.21,8.11,5.72,1.21,8.11,3.94,1.21,0.55,-0.21,1.21,0.55,-0.24,1.21,0.55,-0.03,1.21,0.55,-0.01,1.21,1.44,0.94,1.21,1.52,1.52,1.21,2.68,2.47,1.21,3.45,2.76,0.0,0.0,0.0,0.0,2.9000000000000004,2.9000000000000004,2.9000000000000004,2.01,2.97,3.0,2.79,1.82,2.24,2.851239669421488,0.15125,0.0,0.0,0.43125,0.5800000000000001,0.67,0.0,1.117771219883568,1.2267960594282048,False,True,FAILURE,21.0,1.0,BAR_1_2,3.0,5.0,5.0,5.0,5.0,6.0,1.0,BAR_1_2,3.0,5.0,5.0,5.0,5.0,6.0,1.0,BAR_1_2,3.0,5.0,5.0,5.0,5.0,6.0,1.0,BAR_1_2,3.0,5.0,5.0,5.0,5.0,6.0,1.0,BAR_1_2,3.0,5.0,5.0,5.0,5.0,6.0,1.0,BAR_1_2,3.0,5.0,5.0,5.0,5.0,6.0,1.0,BAR_1_2,3.0,5.0,5.0,5.0,5.0,6.0,True,-0.7
2026-08-06 15:50:00-04:00,2026-08-06 15:53:00-04:00,2026-08-05,0.8104829306454324,0.511869403559721,25.0,1.75,20,-25.0,-26.11,-1.0444,stop,3,22,2026-08-06 09:30:00-04:00,2026-08-26 16:59:00-04:00,520,29481.5,21,2.8,0.26,-2.77,1,16,LOSS,stop,-1.0444,22,0.27,0.26,-0.08,0.33,0.26,-0.02,1.78,0.26,-1.31,2.19,0.26,-1.99,2.19,0.26,-1.65,2.19,0.26,-1.65,2.19,0.26,-1.47,2.19,0.26,-1.3,2.19,0.26,-0.63,2.34,0.26,-2.13,2.36,0.26,-2.03,2.36,0.26,-1.72,2.36,0.26,-2.12,2.67,0.26,-2.31,2.67,0.26,-2.42,2.8,0.26,-2.62,2.8,0.26,-2.65,2.8,0.26,-2.68,2.8,0.26,-2.65,2.8,0.26,-2.77,0.27,0.26,-0.08,0.33,0.26,-0.02,1.78,0.26,-1.31,2.19,0.26,-1.99,2.19,0.26,-1.65,2.19,0.26,-1.65,2.19,0.26,-1.47,2.19,0.26,-1.3,1.92,1.86,0.4099999999999999,0.0,0.0,0.0,0.0,0.0,-1.22,-1.28,0.01,0.3499999999999998,-1.93,0.1187214611872146,0.27375,0.0819999999999999,0.0,0.0325,0.0,0.0,0.8552015217813534,0.0,0.7337562362840361,False,True,FAILURE,22.0,3.0,BAR_3_4,,,,,,,3.0,BAR_3_4,,,,,,,3.0,BAR_3_4,,,,,,,3.0,BAR_3_4,,,,,,,3.0,BAR_3_4,,,,,,,3.0,BAR_3_4,,,,,,,3.0,BAR_3_4,,,,,,,True,-0.7
2026-08-10 12:44:00-04:00,2026-08-10 12:49:00-04:00,2026-08-09,0.7961505076035287,0.539110729764812,25.0,1.75,20,-25.0,-26.11,-1.0444,stop,5,22,2026-08-06 09:30:00-04:00,2026-08-26 16:59:00-04:00,523,29742.5,21,1.65,0.4,-1.24,1,17,LOSS,stop,-1.0444,22,0.12,0.4,0.05,0.6,0.4,-0.49,0.85,0.4,-0.72,0.91,0.4,-0.64,1.04,0.4,-0.96,1.04,0.4,-0.42,1.04,0.4,-0.42,1.04,0.4,-0.38,1.04,0.4,-0.08,1.04,0.4,-0.53,1.2,0.4,-0.81,1.21,0.4,-1.17,1.32,0.4,-1.15,1.43,0.4,-1.01,1.54,0.4,-1.49,1.61,0.4,-1.55,1.65,0.4,-1.07,1.65,0.4,-1.22,1.65,0.4,-0.75,1.65,0.4,-1.24,0.12,0.4,0.05,0.6,0.4,-0.49,0.85,0.4,-0.72,0.91,0.4,-0.64,1.04,0.4,-0.96,1.04,0.4,-0.42,1.04,0.4,-0.42,1.04,0.4,-0.38,0.92,0.44,0.19,0.0,0.0,0.0,0.0,0.0,-0.43,0.1099999999999999,0.3399999999999999,0.58,-0.64,0.3846153846153846,0.13,0.038,0.0,0.05,0.0,0.0,0.3251812681303416,0.0,0.2950423698386386,False,True,FAILURE,22.0,3.0,BAR_3_4,9.0,,,,,,3.0,BAR_3_4,9.0,,,,,,3.0,BAR_3_4,9.0,,,,,,3.0,BAR_3_4,9.0,,,,,,4.0,BAR_3_4,9.0,,,,,,5.0,BAR_5_6,9.0,,,,,,5.0,BAR_5_6,9.0,,,,,,True,-0.7
2026-08-13 11:04:00-04:00,2026-08-13 11:06:00-04:00,2026-08-12,0.769792479931498,0.4913911072976481,25.0,1.75,20,-25.0,-26.11,-1.0444,stop,2,22,2026-08-06 09:30:00-04:00,2026-08-26 16:59:00-04:00,526,30198.5,21,1.67,0.02,-1.29,1,16,LOSS,stop,-1.0444,22,0.86,0.02,-0.84,1.02,0.02,-0.65,1.02,0.02,-0.26,1.02,0.02,-0.23,1.02,0.02,-0.63,1.02,0.02,-0.93,1.2,0.02,-1.03,1.2,0.02,-0.53,1.25,0.02,-1.1,1.25,0.02,-0.76,1.25,0.02,-0.84,1.25,0.02,-0.57,1.25,0.02,-0.67,1.25,0.02,-0.48,1.25,0.02,-1.11,1.67,0.02,-1.06,1.67,0.02,-1.48,1.67,0.02,-1.4,1.67,0.02,-1.4,1.67,0.02,-1.29,0.86,0.02,-0.84,1.02,0.02,-0.65,1.02,0.02,-0.26,1.02,0.02,-0.23,1.02,0.02,-0.63,1.02,0.02,-0.93,1.2,0.02,-1.03,1.2,0.02,-0.53,0.3399999999999999,0.1799999999999999,0.1799999999999999,0.1799999999999999,0.0,0.0,0.0,0.0,0.3099999999999999,0.12,-0.27,0.0999999999999999,-1.18,0.0166666666666666,0.15,0.0359999999999999,0.0599999999999999,0.0025,0.0,0.0,0.1104536101718726,0.0,0.2930017064796723,False,True,FAILURE,22.0,1.0,BAR_1_2,,,,,,,1.0,BAR_1_2,,,,,,,1.0,BAR_1_2,,,,,,,1.0,BAR_1_2,,,,,,,2.0,BAR_1_2,,,,,,,2.0,BAR_1_2,,,,,,,2.0,BAR_1_2,,,,,,,True,-0.7
2026-08-13 11:36:00-04:00,2026-08-13 11:42:00-04:00,2026-08-12,0.8675489243615778,0.5229269795173036,25.0,1.75,20,-25.0,-26.11,-1.0444,stop,6,22,2026-08-06 09:30:00-04:00,2026-08-26 16:59:00-04:00,527,30141.25,21,1.43,1.49,0.39,16,7,LOSS,stop,-1.0444,22,0.14,0.51,-0.1,0.2,0.51,-0.16,0.48,0.51,-0.42,0.48,0.51,-0.01,0.72,0.51,-0.66,1.4,0.51,-1.37,1.43,0.51,-1.01,1.43,0.51,-0.62,1.43,0.51,0.0,1.43,0.51,-0.19,1.43,0.51,0.06,1.43,0.51,0.28,1.43,0.63,0.03,1.43,0.63,0.25,1.43,1.05,0.85,1.43,1.49,1.0,1.43,1.49,0.64,1.43,1.49,0.86,1.43,1.49,0.72,1.43,1.49,0.39,0.14,0.51,-0.1,0.2,0.51,-0.16,0.48,0.51,-0.42,0.48,0.51,-0.01,0.72,0.51,-0.66,1.4,0.51,-1.37,1.43,0.51,-1.01,1.43,0.51,-0.62,1.29,1.23,0.95,0.71,0.0,0.0,0.0,0.0,-0.52,-0.4599999999999999,-0.2,0.04,-0.92,0.3566433566433566,0.17875,0.19,0.2366666666666666,0.06375,0.0,0.0,0.5553377350765928,0.0,0.4726502028833948,False,True,FAILURE,22.0,5.0,BAR_5_6,9.0,9.0,12.0,15.0,15.0,16.0,6.0,BAR_5_6,9.0,9.0,12.0,15.0,15.0,16.0,6.0,BAR_5_6,9.0,9.0,12.0,15.0,15.0,16.0,6.0,BAR_5_6,9.0,9.0,12.0,15.0,15.0,16.0,6.0,BAR_5_6,9.0,9.0,12.0,15.0,15.0,16.0,6.0,BAR_5_6,9.0,9.0,12.0,15.0,15.0,16.0,6.0,BAR_5_6,9.0,9.0,12.0,15.0,15.0,16.0,False,0.39
2026-08-14 10:30:00-04:00,2026-08-14 10:36:00-04:00,2026-08-13,1.0,0.5831914285085693,25.0,1.75,20,-25.0,-26.11,-1.0444,stop,6,22,2026-08-06 09:30:00-04:00,2026-08-26 16:59:00-04:00,530,30132.25,21,1.76,0.13,-0.96,1,9,LOSS,stop,-1.0444,22,0.74,0.13,-0.58,0.96,0.13,-0.43,0.96,0.13,-0.14,0.96,0.13,-0.25,0.96,0.13,-0.71,1.42,0.13,-1.38,1.6,0.13,-1.07,1.6,0.13,-1.18,1.76,0.13,-1.46,1.76,0.13,-0.55,1.76,0.13,-0.94,1.76,0.13,-1.26,1.76,0.13,-1.0,1.76,0.13,-0.93,1.76,0.13,-0.6,1.76,0.13,-1.07,1.76,0.13,-0.94,1.76,0.13,-1.15,1.76,0.13,-0.7,1.76,0.13,-0.96,0.74,0.13,-0.58,0.96,0.13,-0.43,0.96,0.13,-0.14,0.96,0.13,-0.25,0.96,0.13,-0.71,1.42,0.13,-1.38,1.6,0.13,-1.07,1.6,0.13,-1.18,0.8600000000000001,0.6400000000000001,0.6400000000000001,0.6400000000000001,0.0,0.0,0.0,0.0,-0.6,-0.75,-1.04,-0.47,-1.4700000000000002,0.08125,0.2,0.128,0.2133333333333333,0.01625,0.0,0.0,0.3360272097826093,0.0,0.4520982826143637,False,True,FAILURE,22.0,1.0,BAR_1_2,3.0,,,,,,2.0,BAR_1_2,3.0,,,,,,2.0,BAR_1_2,3.0,,,,,,2.0,BAR_1_2,3.0,,,,,,2.0,BAR_1_2,3.0,,,,,,2.0,BAR_1_2,3.0,,,,,,6.0,BAR_5_6,,,,,,,True,-0.7
2026-08-14 11:48:00-04:00,2026-08-14 11:54:00-04:00,2026-08-13,0.8900849564655272,0.4614040877389831,25.0,1.75,20,-25.0,-26.11,-1.0444,stop,6,22,2026-08-06 09:30:00-04:00,2026-08-26 16:59:00-04:00,532,30035.25,21,1.97,0.41,-0.85,3,13,LOSS,stop,-1.0444,22,0.25,0.11,-0.1,0.37,0.11,-0.15,0.37,0.41,-0.31,0.95,0.41,-0.91,0.95,0.41,-0.81,1.14,0.41,-0.85,1.14,0.41,-0.84,1.14,0.41,-0.96,1.22,0.41,-1.19,1.51,0.41,-1.22,1.51,0.41,-1.23,1.94,0.41,-1.94,1.97,0.41,-1.65,1.97,0.41,-1.46,1.97,0.41,-1.58,1.97,0.41,-1.53,1.97,0.41,-1.47,1.97,0.41,-1.23,1.97,0.41,-1.22,1.97,0.41,-0.85,0.25,0.11,-0.1,0.37,0.11,-0.15,0.37,0.41,-0.31,0.95,0.41,-0.91,0.95,0.41,-0.81,1.14,0.41,-0.85,1.14,0.41,-0.84,1.14,0.41,-0.96,0.8899999999999999,0.7699999999999999,0.7699999999999999,0.1899999999999999,0.3,0.3,0.0,0.0,-0.86,-0.8099999999999999,-0.6499999999999999,-0.1499999999999999,-0.73,0.3596491228070175,0.1425,0.1539999999999999,0.0633333333333333,0.05125,0.0,0.0,0.3897045584248955,0.1388730149658827,0.3633942172666719,False,True,FAILURE,22.0,4.0,BAR_3_4,,,,,,,4.0,BAR_3_4,,,,,,,4.0,BAR_3_4,,,,,,,4.0,BAR_3_4,,,,,,,4.0,BAR_3_4,,,,,,,4.0,BAR_3_4,,,,,,,6.0,BAR_5_6,,,,,,,True,-0.7
2026-08-18 11:08:00-04:00,2026-08-18 11:22:00-04:00,2026-08-17,0.8962986444060379,0.5190196466679867,25.0,1.75,20,-25.0,-26.11,-1.0444,stop,14,22,2026-08-06 09:30:00-04:00,2026-08-26 16:59:00-04:00,533,29542.25,21,2.07,1.13,-2.0,2,20,LOSS,stop,-1.0444,22,0.14,0.8,0.48,0.14,1.13,0.56,0.14,1.13,0.31,0.14,1.13,0.08,0.14,1.13,0.02,0.21,1.13,-0.18,0.76,1.13,-0.29,0.76,1.13,-0.5,0.76,1.13,-0.13,0.76,1.13,-0.39,0.76,1.13,0.27,0.76,1.13,-0.09,0.76,1.13,-0.42,1.21,1.13,-1.09,1.28,1.13,-1.15,1.4,1.13,-1.03,1.58,1.13,-1.3,1.73,1.13,-1.55,1.73,1.13,-1.36,2.07,1.13,-2.0,0.14,0.8,0.48,0.14,1.13,0.56,0.14,1.13,0.31,0.14,1.13,0.08,0.14,1.13,0.02,0.21,1.13,-0.18,0.76,1.13,-0.29,0.76,1.13,-0.5,0.62,0.62,0.62,0.62,0.3299999999999998,0.0,0.0,0.0,-0.98,-1.06,-0.81,-0.52,0.3699999999999999,1.4868421052631575,0.095,0.124,0.2066666666666666,0.14125,0.0,0.0,0.282637450758792,0.1166726188957802,0.3750428546941574,False,True,FAILURE,22.0,7.0,BAR_7_10,9.0,11.0,11.0,,,,7.0,BAR_7_10,9.0,11.0,11.0,,,,14.0,BAR_11_20,,,,,,,14.0,BAR_11_20,,,,,,,14.0,BAR_11_20,,,,,,,14.0,BAR_11_20,,,,,,,14.0,BAR_11_20,,,,,,,False,-2.0
2026-08-19 15:50:00-04:00,2026-08-19 15:54:00-04:00,2026-08-18,1.0,0.4518557630959453,25.0,1.75,20,-25.0,-26.11,-1.0444,stop,4,22,2026-08-06 09:30:00-04:00,2026-08-26 16:59:00-04:00,534,29494.5,21,1.91,0.23,-1.49,5,10,LOSS,stop,-1.0444,22,0.29,0.11,0.02,0.34,0.2,-0.17,0.49,0.2,-0.28,1.04,0.2,-0.67,1.04,0.23,0.22,1.04,0.23,-0.1,1.04,0.23,-0.72,1.04,0.23,-0.86,1.25,0.23,-1.09,1.91,0.23,-1.82,1.91,0.23,-1.42,1.91,0.23,-1.52,1.91,0.23,-1.52,1.91,0.23,-1.57,1.91,0.23,-1.06,1.91,0.23,-1.33,1.91,0.23,-1.52,1.91,0.23,-1.54,1.91,0.23,-1.53,1.91,0.23,-1.49,0.29,0.11,0.02,0.34,0.2,-0.17,0.49,0.2,-0.28,1.04,0.2,-0.67,1.04,0.23,0.22,1.04,0.23,-0.1,1.04,0.23,-0.72,1.04,0.23,-0.86,0.75,0.7,0.55,0.0,0.12,0.03,0.03,0.0,-0.88,-0.69,-0.58,-1.08,-0.81,0.2211538461538461,0.13,0.11,0.0,0.02875,0.006,0.0,0.3494894235064305,0.0406860804558161,0.3879985272431548,False,True,FAILURE,22.0,4.0,BAR_3_4,5.0,5.0,,,,,4.0,BAR_3_4,5.0,5.0,,,,,4.0,BAR_3_4,5.0,5.0,,,,,4.0,BAR_3_4,5.0,5.0,,,,,4.0,BAR_3_4,5.0,5.0,,,,,4.0,BAR_3_4,5.0,5.0,,,,,4.0,BAR_3_4,5.0,5.0,,,,,True,-0.7
2026-08-19 15:55:00-04:00,2026-08-19 15:58:00-04:00,2026-08-18,1.0,0.4625349261874903,25.0,1.75,20,-25.0,-26.11,-1.0444,stop,3,22,2026-08-06 09:30:00-04:00,2026-08-26 16:59:00-04:00,535,29489.0,21,2.13,0.01,-1.14,1,5,LOSS,stop,-1.0444,22,0.53,0.01,-0.32,0.99,0.01,-0.94,1.26,0.01,-1.08,1.47,0.01,-1.31,2.13,0.01,-2.04,2.13,0.01,-1.64,2.13,0.01,-1.74,2.13,0.01,-1.74,2.13,0.01,-1.79,2.13,0.01,-1.28,2.13,0.01,-1.55,2.13,0.01,-1.74,2.13,0.01,-1.76,2.13,0.01,-1.75,2.13,0.01,-1.71,2.13,0.01,-1.52,2.13,0.01,-1.22,2.13,0.01,-1.41,2.13,0.01,-1.21,2.13,0.01,-1.14,0.53,0.01,-0.32,0.99,0.01,-0.94,1.26,0.01,-1.08,1.47,0.01,-1.31,2.13,0.01,-2.04,2.13,0.01,-1.64,2.13,0.01,-1.74,2.13,0.01,-1.74,1.6,1.14,0.8699999999999999,0.0,0.0,0.0,0.0,0.0,-1.42,-0.8,-0.6599999999999999,0.3,-2.12,0.0046948356807511,0.26625,0.174,0.0,0.00125,0.0,0.0,0.6293973875291915,0.0,0.556505358721472,False,True,FAILURE,22.0,2.0,BAR_1_2,,,,,,,2.0,BAR_1_2,,,,,,,2.0,BAR_1_2,,,,,,,2.0,BAR_1_2,,,,,,,2.0,BAR_1_2,,,,,,,2.0,BAR_1_2,,,,,,,3.0,BAR_3_4,,,,,,,True,-0.7
2026-08-24 16:00:00-04:00,2026-08-24 16:07:00-04:00,2026-08-23,1.0,0.4110839768552131,25.0,1.75,20,-25.0,-26.11,-1.0444,stop,7,22,2026-08-06 09:30:00-04:00,2026-08-26 16:59:00-04:00,536,29097.75,21,1.04,0.01,-0.05,1,7,LOSS,stop,-1.0444,22,0.31,0.01,-0.2,0.37,0.01,-0.26,0.43,0.01,-0.37,0.75,0.01,-0.43,0.75,0.01,-0.62,0.75,0.01,-0.66,1.04,0.01,-0.88,1.04,0.01,-0.72,1.04,0.01,-0.57,1.04,0.01,-0.47,1.04,0.01,-0.45,1.04,0.01,-0.44,1.04,0.01,-0.49,1.04,0.01,-0.45,1.04,0.01,-0.4,1.04,0.01,-0.56,1.04,0.01,-0.47,1.04,0.01,-0.54,1.04,0.01,-0.58,1.04,0.01,-0.05,0.31,0.01,-0.2,0.37,0.01,-0.26,0.43,0.01,-0.37,0.75,0.01,-0.43,0.75,0.01,-0.62,0.75,0.01,-0.66,1.04,0.01,-0.88,1.04,0.01,-0.72,0.73,0.67,0.6100000000000001,0.29,0.0,0.0,0.0,0.0,-0.52,-0.4599999999999999,-0.35,-0.0999999999999999,-1.03,0.0096153846153846,0.13,0.122,0.0966666666666666,0.00125,0.0,0.0,0.2852066919671717,0.0,0.2389710084029919,False,True,FAILURE,22.0,4.0,BAR_3_4,20.0,,,,,,4.0,BAR_3_4,20.0,,,,,,7.0,BAR_7_10,20.0,,,,,,7.0,BAR_7_10,20.0,,,,,,7.0,BAR_7_10,20.0,,,,,,7.0,BAR_7_10,20.0,,,,,,7.0,BAR_7_10,20.0,,,,,,True,-0.7
