mae_threshold,recovery_level,recovery_horizon,trades,wins,losses,win_rate,mean_R,total_R,profit_factor,max_drawdown_R,positive_window_pct,worst_window_R,best_window_R,triggered_trades,recovery_exits,losses_rescued,winners_damaged,delta_R,mean_delta_R,benchmark_R,benchmark_win_rate,benchmark_profit_factor,benchmark_max_drawdown_R,development_window_positive_pct
0.6,-0.5,2,95,6,89,0.06315789473684211,-0.6930526315789474,-65.84,0.02847867788106832,-64.8,0.0,-16.6,-0.29,95,51,24,15,1.6500000000000001,0.01736842105263158,-67.49,0.21052631578947367,0.18559189091347894,-69.04999999999997,0.0
0.6,-0.5,3,95,6,89,0.06315789473684211,-0.6871578947368421,-65.28,0.01508750754375377,-64.24000000000001,0.0,-16.17,-0.29,95,57,27,17,2.21,0.023263157894736843,-67.49,0.21052631578947367,0.18559189091347894,-69.04999999999997,0.0
0.6,-0.5,4,95,4,91,0.042105263157894736,-0.7002105263157896,-66.52000000000001,0.009824352485858884,-65.48000000000002,0.0,-16.17,-0.29,95,60,27,19,0.9700000000000006,0.01021052631578948,-67.49,0.21052631578947367,0.18559189091347894,-69.04999999999997,0.0
0.6,-0.5,5,95,4,91,0.042105263157894736,-0.6898947368421053,-65.54,0.00996978851963746,-64.50000000000001,0.0,-16.17,-0.29,95,62,29,19,1.9500000000000008,0.020526315789473695,-67.49,0.21052631578947367,0.18559189091347894,-69.04999999999997,0.0
0.6,-0.5,6,95,4,91,0.042105263157894736,-0.6869473684210526,-65.26,0.010012135922330094,-64.22000000000001,0.0,-15.89,-0.29,95,63,30,19,2.2300000000000013,0.02347368421052633,-67.49,0.21052631578947367,0.18559189091347894,-69.04999999999997,0.0
0.6,-0.5,8,95,4,91,0.042105263157894736,-0.6769473684210526,-64.31,0.010158534708326918,-63.27000000000002,0.0,-15.89,-0.29,95,65,32,19,3.1800000000000006,0.03347368421052632,-67.49,0.21052631578947367,0.18559189091347894,-69.04999999999997,0.0
0.6,-0.5,10,95,3,92,0.031578947368421054,-0.6735789473684209,-63.989999999999995,0.008521846916640843,-62.95,0.0,-15.22,-0.29,95,68,34,20,3.500000000000001,0.036842105263157905,-67.49,0.21052631578947367,0.18559189091347894,-69.04999999999997,0.0
0.6,-0.5,12,95,3,92,0.031578947368421054,-0.6731578947368421,-63.949999999999996,0.008527131782945735,-62.910000000000004,0.0,-15.22,-0.29,95,69,35,20,3.540000000000001,0.03726315789473685,-67.49,0.21052631578947367,0.18559189091347894,-69.04999999999997,0.0
0.6,-0.4,2,95,9,86,0.09473684210526316,-0.6526315789473685,-62.0,0.05343511450381681,-60.960000000000015,0.0,-15.84,-0.29,95,37,20,12,5.49,0.05778947368421053,-67.49,0.21052631578947367,0.18559189091347894,-69.04999999999997,0.0
0.6,-0.4,3,95,9,86,0.09473684210526316,-0.6513684210526316,-61.88,0.03987587276958883,-60.840000000000025,0.0,-15.719999999999999,-0.29,95,45,24,14,5.61,0.05905263157894737,-67.49,0.21052631578947367,0.18559189091347894,-69.04999999999997,0.0
0.6,-0.4,4,95,8,87,0.08421052631578947,-0.6577894736842106,-62.49,0.03594569577290959,-61.450000000000024,0.0,-15.719999999999999,-0.29,95,46,24,15,5.0,0.05263157894736842,-67.49,0.21052631578947367,0.18559189091347894,-69.04999999999997,0.0
0.6,-0.4,5,95,7,88,0.07368421052631578,-0.6593684210526316,-62.64,0.032287965394716525,-61.60000000000002,0.0,-15.73,-0.29,95,49,25,16,4.85,0.05105263157894736,-67.49,0.21052631578947367,0.18559189091347894,-69.04999999999997,0.0
0.6,-0.4,6,95,6,89,0.06315789473684211,-0.6644210526315789,-63.12,0.023816888339004028,-62.08000000000002,0.0,-15.73,-0.29,95,53,27,17,4.369999999999999,0.04599999999999999,-67.49,0.21052631578947367,0.18559189091347894,-69.04999999999997,0.0
0.6,-0.4,8,95,5,90,0.05263157894736842,-0.6469473684210526,-61.46,0.012214721954355513,-60.42000000000003,0.0,-14.96,-0.29,95,58,31,18,6.029999999999999,0.06347368421052631,-67.49,0.21052631578947367,0.18559189091347894,-69.04999999999997,0.0
0.6,-0.4,10,95,4,91,0.042105263157894736,-0.6506315789473683,-61.809999999999995,0.010406660262568044,-60.770000000000024,0.0,-14.96,-0.29,95,60,32,19,5.68,0.059789473684210524,-67.49,0.21052631578947367,0.18559189091347894,-69.04999999999997,0.0
0.6,-0.4,12,95,3,92,0.031578947368421054,-0.6552631578947369,-62.25,0.00875796178343949,-61.21000000000003,0.0,-14.96,-0.29,95,61,32,20,5.24,0.05515789473684211,-67.49,0.21052631578947367,0.18559189091347894,-69.04999999999997,0.0
0.6,-0.3,2,95,14,81,0.14736842105263157,-0.628421052631579,-59.7,0.12089530260639081,-60.69,0.1,-14.53,0.09,95,23,14,7,7.79,0.082,-67.49,0.21052631578947367,0.18559189091347894,-69.04999999999997,0.1
0.6,-0.3,3,95,14,81,0.14736842105263157,-0.6229473684210527,-59.18000000000001,0.0753125,-58.17000000000001,0.1,-14.53,0.38,95,35,20,12,8.309999999999999,0.0874736842105263,-67.49,0.21052631578947367,0.18559189091347894,-69.04999999999997,0.1
0.6,-0.3,4,95,14,81,0.14736842105263157,-0.6222105263157894,-59.11,0.07539496324104489,-58.10000000000001,0.1,-14.459999999999999,0.38,95,36,21,12,8.379999999999999,0.08821052631578946,-67.49,0.21052631578947367,0.18559189091347894,-69.04999999999997,0.1
0.6,-0.3,5,95,12,83,0.12631578947368421,-0.623263157894737,-59.21000000000001,0.06829268292682926,-58.20000000000001,0.1,-14.469999999999999,0.38,95,40,22,14,8.28,0.0871578947368421,-67.49,0.21052631578947367,0.18559189091347894,-69.04999999999997,0.1
0.6,-0.3,6,95,11,84,0.11578947368421053,-0.6285263157894738,-59.71000000000001,0.059685039370078734,-58.70000000000001,0.1,-14.469999999999999,0.38,95,42,23,15,7.78,0.08189473684210527,-67.49,0.21052631578947367,0.18559189091347894,-69.04999999999997,0.1
0.6,-0.3,8,95,10,85,0.10526315789473684,-0.6321052631578948,-60.050000000000004,0.028002589834898024,-59.040000000000006,0.1,-14.879999999999999,0.38,95,47,26,17,7.44,0.07831578947368421,-67.49,0.21052631578947367,0.18559189091347894,-69.04999999999997,0.1
0.6,-0.3,10,95,10,85,0.10526315789473684,-0.618421052631579,-58.75,0.029246530072703242,-57.740000000000016,0.1,-14.879999999999999,0.38,95,50,28,17,8.74,0.092,-67.49,0.21052631578947367,0.18559189091347894,-69.04999999999997,0.1
0.6,-0.3,12,95,10,85,0.10526315789473684,-0.6090526315789474,-57.86000000000001,0.02968304544692269,-56.850000000000016,0.1,-14.879999999999999,0.38,95,53,30,17,9.629999999999999,0.10136842105263157,-67.49,0.21052631578947367,0.18559189091347894,-69.04999999999997,0.1
0.6,-0.2,2,95,17,78,0.17894736842105263,-0.6629473684210526,-62.980000000000004,0.13334250722443927,-64.27999999999999,0.1,-14.22,0.09,95,17,10,5,4.510000000000001,0.04747368421052632,-67.49,0.21052631578947367,0.18559189091347894,-69.04999999999997,0.1
0.6,-0.2,3,95,16,79,0.16842105263157894,-0.6626315789473685,-62.95,0.07603111698223985,-61.93999999999999,0.1,-14.22,0.38,95,28,14,11,4.54,0.04778947368421053,-67.49,0.21052631578947367,0.18559189091347894,-69.04999999999997,0.1
0.6,-0.2,4,95,17,78,0.17894736842105263,-0.6489473684210527,-61.650000000000006,0.07487995198079234,-60.639999999999986,0.1,-14.15,0.38,95,33,18,12,5.840000000000001,0.061473684210526326,-67.49,0.21052631578947367,0.18559189091347894,-69.04999999999997,0.1
0.6,-0.2,5,95,15,80,0.15789473684210525,-0.65,-61.75000000000001,0.06806519770600665,-60.739999999999995,0.1,-14.16,0.38,95,37,19,14,5.74,0.06042105263157895,-67.49,0.21052631578947367,0.18559189091347894,-69.04999999999997,0.1
0.6,-0.2,6,95,15,80,0.15789473684210525,-0.626842105263158,-59.550000000000004,0.07040274742428972,-58.54,0.1,-14.16,0.38,95,39,21,14,7.94,0.08357894736842106,-67.49,0.21052631578947367,0.18559189091347894,-69.04999999999997,0.1
0.6,-0.2,8,95,13,82,0.1368421052631579,-0.6570526315789474,-62.42000000000001,0.029539800995024873,-61.41,0.1,-15.44,0.38,95,42,21,17,5.070000000000001,0.05336842105263159,-67.49,0.21052631578947367,0.18559189091347894,-69.04999999999997,0.1
0.6,-0.2,10,95,13,82,0.1368421052631579,-0.6531578947368423,-62.05000000000001,0.030317237068291925,-61.04,0.1,-15.44,0.38,95,44,22,17,5.44,0.05726315789473685,-67.49,0.21052631578947367,0.18559189091347894,-69.04999999999997,0.1
0.6,-0.2,12,95,13,82,0.1368421052631579,-0.6462105263157896,-61.39000000000001,0.03063319122059056,-60.38,0.1,-14.78,0.38,95,45,23,17,6.1000000000000005,0.06421052631578948,-67.49,0.21052631578947367,0.18559189091347894,-69.04999999999997,0.1
0.6,-0.1,2,95,19,76,0.2,-0.7090526315789473,-67.35999999999999,0.1443089430894309,-68.65999999999997,0.1,-14.07,0.09,95,7,3,4,0.13000000000000037,0.0013684210526315828,-67.49,0.21052631578947367,0.18559189091347894,-69.04999999999997,0.1
0.6,-0.1,3,95,23,72,0.24210526315789474,-0.6565263157894737,-62.370000000000005,0.1215492957746479,-61.66999999999999,0.1,-13.89,0.38,95,19,9,8,5.120000000000001,0.05389473684210527,-67.49,0.21052631578947367,0.18559189091347894,-69.04999999999997,0.1
0.6,-0.1,4,95,24,71,0.25263157894736843,-0.6490526315789474,-61.66000000000001,0.11382581201494688,-61.33999999999999,0.1,-13.89,0.38,95,25,12,10,5.83,0.06136842105263158,-67.49,0.21052631578947367,0.18559189091347894,-69.04999999999997,0.1
0.6,-0.1,5,95,25,70,0.2631578947368421,-0.6162105263157895,-58.540000000000006,0.13042186571598338,-58.21999999999999,0.2,-13.69,0.38,95,29,15,11,8.95,0.09421052631578947,-67.49,0.21052631578947367,0.18559189091347894,-69.04999999999997,0.2
0.6,-0.1,6,95,25,70,0.2631578947368421,-0.6023157894736842,-57.22,0.11478960396039606,-56.919999999999995,0.2,-13.69,0.38,95,33,17,12,10.27,0.10810526315789473,-67.49,0.21052631578947367,0.18559189091347894,-69.04999999999997,0.2
0.6,-0.1,8,95,24,71,0.25263157894736843,-0.6283157894736843,-59.690000000000005,0.07700633987938768,-59.39,0.2,-14.97,0.38,95,36,17,15,7.800000000000001,0.08210526315789475,-67.49,0.21052631578947367,0.18559189091347894,-69.04999999999997,0.2
0.6,-0.1,10,95,24,71,0.25263157894736843,-0.624421052631579,-59.32,0.07802300279763756,-59.02,0.2,-14.97,0.38,95,38,18,15,8.17,0.086,-67.49,0.21052631578947367,0.18559189091347894,-69.04999999999997,0.2
0.6,-0.1,12,95,25,70,0.2631578947368421,-0.5998947368421053,-56.99,0.08523274478330656,-56.98,0.2,-14.18,0.38,95,42,22,15,10.5,0.11052631578947368,-67.49,0.21052631578947367,0.18559189091347894,-69.04999999999997,0.2
0.6,0.0,2,95,20,75,0.21052631578947367,-0.7231578947368421,-68.7,0.14296407185628746,-69.99999999999997,0.1,-14.07,0.09,95,4,1,3,-1.2099999999999997,-0.012736842105263156,-67.49,0.21052631578947367,0.18559189091347894,-69.04999999999997,0.1
0.6,0.0,3,95,24,71,0.25263157894736843,-0.6876842105263157,-65.32999999999998,0.11751992435499123,-64.62999999999997,0.1,-13.79,0.38,95,15,6,8,2.16,0.02273684210526316,-67.49,0.21052631578947367,0.18559189091347894,-69.04999999999997,0.1
0.6,0.0,4,95,26,69,0.2736842105263158,-0.6794736842105263,-64.55,0.11429747530186607,-64.22999999999999,0.1,-13.79,0.38,95,19,8,9,2.9400000000000004,0.030947368421052637,-67.49,0.21052631578947367,0.18559189091347894,-69.04999999999997,0.1
0.6,0.0,5,95,30,65,0.3157894736842105,-0.6432631578947369,-61.11,0.13121978959340347,-60.78999999999999,0.2,-13.76,0.38,95,24,11,10,6.380000000000001,0.06715789473684211,-67.49,0.21052631578947367,0.18559189091347894,-69.04999999999997,0.2
0.6,0.0,6,95,32,63,0.3368421052631579,-0.629578947368421,-59.809999999999995,0.13631768953068593,-59.50999999999999,0.2,-13.4,0.38,95,27,13,10,7.680000000000001,0.0808421052631579,-67.49,0.21052631578947367,0.18559189091347894,-69.04999999999997,0.2
0.6,0.0,8,95,33,62,0.3473684210526316,-0.6386315789473683,-60.669999999999995,0.09824613555291321,-60.37,0.2,-14.68,0.38,95,31,14,13,6.820000000000001,0.07178947368421054,-67.49,0.21052631578947367,0.18559189091347894,-69.04999999999997,0.2
0.6,0.0,10,95,33,62,0.3473684210526316,-0.6389473684210526,-60.699999999999996,0.09780023781212843,-60.4,0.2,-14.68,0.38,95,33,14,14,6.790000000000002,0.07147368421052633,-67.49,0.21052631578947367,0.18559189091347894,-69.04999999999997,0.2
0.6,0.0,12,95,35,60,0.3684210526315789,-0.6203157894736842,-58.92999999999999,0.11290079783230468,-58.919999999999995,0.2,-14.68,0.38,95,35,16,14,8.56,0.09010526315789474,-67.49,0.21052631578947367,0.18559189091347894,-69.04999999999997,0.2
0.6,0.1,2,95,21,74,0.22105263157894736,-0.7183157894736844,-68.24000000000001,0.14870259481037926,-69.79999999999998,0.1,-13.870000000000001,0.09,95,3,1,2,-0.75,-0.007894736842105263,-67.49,0.21052631578947367,0.18559189091347894,-69.04999999999997,0.1
0.6,0.1,3,95,24,71,0.25263157894736843,-0.6983157894736841,-66.33999999999999,0.1550121003693797,-68.06999999999998,0.1,-13.59,0.38,95,9,4,3,1.1500000000000001,0.012105263157894739,-67.49,0.21052631578947367,0.18559189091347894,-69.04999999999997,0.1
0.6,0.1,4,95,25,70,0.2631578947368421,-0.6857894736842104,-65.14999999999999,0.1381135070776558,-65.61999999999998,0.1,-13.59,0.38,95,14,5,6,2.3400000000000007,0.024631578947368428,-67.49,0.21052631578947367,0.18559189091347894,-69.04999999999997,0.1
0.6,0.1,5,95,29,66,0.30526315789473685,-0.6322105263157894,-60.06,0.1691796929035828,-60.529999999999994,0.2,-13.59,0.38,95,18,9,6,7.4300000000000015,0.0782105263157895,-67.49,0.21052631578947367,0.18559189091347894,-69.04999999999997,0.2
0.6,0.1,6,95,30,65,0.3157894736842105,-0.6298947368421053,-59.84,0.16981132075471694,-60.31,0.2,-13.23,0.38,95,21,10,7,7.650000000000001,0.0805263157894737,-67.49,0.21052631578947367,0.18559189091347894,-69.04999999999997,0.2
0.6,0.1,8,95,32,63,0.3368421052631579,-0.6347368421052632,-60.300000000000004,0.1399229781771502,-60.77000000000001,0.2,-14.11,0.38,95,26,11,10,7.190000000000001,0.0756842105263158,-67.49,0.21052631578947367,0.18559189091347894,-69.04999999999997,0.2
0.6,0.1,10,95,32,63,0.3368421052631579,-0.6341052631578947,-60.24,0.1407787762088147,-60.71000000000001,0.2,-14.11,0.38,95,29,11,11,7.250000000000002,0.07631578947368423,-67.49,0.21052631578947367,0.18559189091347894,-69.04999999999997,0.2
0.6,0.1,12,95,34,61,0.35789473684210527,-0.6154736842105264,-58.470000000000006,0.1557897776494369,-59.230000000000004,0.2,-14.11,0.38,95,31,13,11,9.020000000000003,0.09494736842105267,-67.49,0.21052631578947367,0.18559189091347894,-69.04999999999997,0.2
0.6,0.2,2,95,21,74,0.22105263157894736,-0.7183157894736844,-68.24000000000001,0.14870259481037926,-69.79999999999998,0.1,-13.870000000000001,0.09,95,3,1,2,-0.75,-0.007894736842105263,-67.49,0.21052631578947367,0.18559189091347894,-69.04999999999997,0.1
0.6,0.2,3,95,22,73,0.23157894736842105,-0.7105263157894736,-67.49999999999999,0.15709290709290707,-69.22999999999998,0.1,-13.59,0.38,95,6,2,2,-0.010000000000000009,-0.00010526315789473693,-67.49,0.21052631578947367,0.18559189091347894,-69.04999999999997,0.1
0.6,0.2,4,95,24,71,0.25263157894736843,-0.6944210526315788,-65.96999999999998,0.13764705882352946,-66.43999999999997,0.1,-13.59,0.38,95,13,4,6,1.5200000000000005,0.016000000000000004,-67.49,0.21052631578947367,0.18559189091347894,-69.04999999999997,0.1
0.6,0.2,5,95,27,68,0.28421052631578947,-0.646421052631579,-61.410000000000004,0.16517128874388254,-61.87999999999999,0.2,-13.59,0.38,95,16,7,6,6.08,0.064,-67.49,0.21052631578947367,0.18559189091347894,-69.04999999999997,0.2
0.6,0.2,6,95,28,67,0.29473684210526313,-0.6398947368421053,-60.790000000000006,0.16953551912568304,-61.25999999999999,0.2,-13.59,0.38,95,18,8,6,6.7,0.07052631578947369,-67.49,0.21052631578947367,0.18559189091347894,-69.04999999999997,0.2
0.6,0.2,8,95,32,63,0.3368421052631579,-0.604421052631579,-57.42,0.18100128369704752,-57.89,0.2,-14.049999999999999,0.38,95,24,11,7,10.07,0.106,-67.49,0.21052631578947367,0.18559189091347894,-69.04999999999997,0.2
0.6,0.2,10,95,32,63,0.3368421052631579,-0.6195789473684211,-58.86000000000001,0.16046213093709885,-59.330000000000005,0.2,-14.049999999999999,0.38,95,27,11,9,8.629999999999999,0.09084210526315789,-67.49,0.21052631578947367,0.18559189091347894,-69.04999999999997,0.2
0.6,0.2,12,95,34,61,0.35789473684210527,-0.6009473684210527,-57.09,0.17571469823852154,-57.849999999999994,0.2,-14.049999999999999,0.38,95,30,13,9,10.400000000000002,0.10947368421052633,-67.49,0.21052631578947367,0.18559189091347894,-69.04999999999997,0.2
0.6,0.3,2,95,21,74,0.22105263157894736,-0.6771578947368421,-64.33,0.1974800399201597,-65.88999999999997,0.1,-12.88,0.09,95,1,1,0,3.16,0.03326315789473684,-67.49,0.21052631578947367,0.18559189091347894,-69.04999999999997,0.1
0.6,0.3,3,95,21,74,0.22105263157894736,-0.6723157894736843,-63.870000000000005,0.2032185628742515,-65.59999999999998,0.1,-12.88,0.38,95,3,1,0,3.62,0.03810526315789474,-67.49,0.21052631578947367,0.18559189091347894,-69.04999999999997,0.1
0.6,0.3,4,95,23,72,0.24210526315789474,-0.6852631578947367,-65.09999999999998,0.15629860031104198,-65.56999999999996,0.1,-12.88,0.38,95,10,3,4,2.3900000000000006,0.02515789473684211,-67.49,0.21052631578947367,0.18559189091347894,-69.04999999999997,0.1
0.6,0.3,5,95,25,70,0.2631578947368421,-0.6572631578947368,-62.44,0.17755532139093785,-62.909999999999975,0.1,-12.88,0.38,95,13,5,4,5.050000000000001,0.05315789473684211,-67.49,0.21052631578947367,0.18559189091347894,-69.04999999999997,0.1
0.6,0.3,6,95,25,70,0.2631578947368421,-0.6572631578947368,-62.44,0.17755532139093785,-62.909999999999975,0.1,-12.88,0.38,95,13,5,4,5.050000000000001,0.05315789473684211,-67.49,0.21052631578947367,0.18559189091347894,-69.04999999999997,0.1
0.6,0.3,8,95,29,66,0.30526315789473685,-0.616,-58.519999999999996,0.19148936170212766,-58.989999999999995,0.1,-13.66,0.38,95,19,8,5,8.97,0.09442105263157895,-67.49,0.21052631578947367,0.18559189091347894,-69.04999999999997,0.1
0.6,0.3,10,95,29,66,0.30526315789473685,-0.6189473684210526,-58.8,0.18762088974854935,-59.269999999999996,0.1,-13.66,0.38,95,21,8,6,8.690000000000001,0.09147368421052633,-67.49,0.21052631578947367,0.18559189091347894,-69.04999999999997,0.1
0.6,0.3,12,95,30,65,0.3157894736842105,-0.6188421052631579,-58.79,0.18381230043037622,-59.25999999999999,0.1,-13.66,0.38,95,23,9,7,8.700000000000001,0.09157894736842107,-67.49,0.21052631578947367,0.18559189091347894,-69.04999999999997,0.1
0.6,0.4,2,95,21,74,0.22105263157894736,-0.6771578947368421,-64.33,0.1974800399201597,-65.88999999999997,0.1,-12.88,0.09,95,1,1,0,3.16,0.03326315789473684,-67.49,0.21052631578947367,0.18559189091347894,-69.04999999999997,0.1
0.6,0.4,3,95,21,74,0.22105263157894736,-0.6753684210526315,-64.16,0.19960079840319359,-65.88999999999997,0.1,-12.88,0.09,95,2,1,0,3.33,0.03505263157894737,-67.49,0.21052631578947367,0.18559189091347894,-69.04999999999997,0.1
0.6,0.4,4,95,23,72,0.24210526315789474,-0.6396842105263157,-60.769999999999996,0.21241575946086053,-62.87999999999998,0.2,-12.88,0.44,95,7,3,1,6.720000000000001,0.07073684210526317,-67.49,0.21052631578947367,0.18559189091347894,-69.04999999999997,0.2
0.6,0.4,5,95,25,70,0.2631578947368421,-0.6235789473684211,-59.24000000000001,0.21970495258166495,-61.34999999999998,0.2,-12.88,0.44,95,11,5,2,8.25,0.0868421052631579,-67.49,0.21052631578947367,0.18559189091347894,-69.04999999999997,0.2
0.6,0.4,6,95,25,70,0.2631578947368421,-0.6235789473684211,-59.24000000000001,0.21970495258166495,-61.34999999999998,0.2,-12.88,0.44,95,11,5,2,8.25,0.0868421052631579,-67.49,0.21052631578947367,0.18559189091347894,-69.04999999999997,0.2
0.6,0.4,8,95,27,68,0.28421052631578947,-0.6306315789473684,-59.91,0.201306492467671,-60.43,0.1,-13.34,0.44,95,16,6,4,7.58,0.07978947368421052,-67.49,0.21052631578947367,0.18559189091347894,-69.04999999999997,0.1
0.6,0.4,10,95,27,68,0.28421052631578947,-0.64,-60.8,0.18944140781229166,-61.31999999999999,0.1,-13.34,0.44,95,19,6,6,6.690000000000001,0.07042105263157897,-67.49,0.21052631578947367,0.18559189091347894,-69.04999999999997,0.1
0.6,0.4,12,95,28,67,0.29473684210526313,-0.6398947368421053,-60.79,0.18577551567104206,-61.309999999999995,0.1,-13.34,0.44,95,21,7,7,6.700000000000001,0.0705263157894737,-67.49,0.21052631578947367,0.18559189091347894,-69.04999999999997,0.1
0.7,-0.5,2,95,6,89,0.06315789473684211,-0.7216842105263155,-68.55999999999997,0.03354947843247815,-67.51999999999997,0.0,-16.509999999999998,-0.29,95,45,20,15,-1.0700000000000005,-0.011263157894736848,-67.49,0.21052631578947367,0.18559189091347894,-69.04999999999997,0.0
0.7,-0.5,3,95,6,89,0.06315789473684211,-0.7156842105263157,-67.99,0.025791660696374837,-66.95,0.0,-16.08,-0.29,95,53,23,18,-0.4999999999999998,-0.005263157894736839,-67.49,0.21052631578947367,0.18559189091347894,-69.04999999999997,0.0
0.7,-0.5,4,95,5,90,0.05263157894736842,-0.7232631578947368,-68.71,0.022200085384943787,-67.66999999999999,0.0,-16.08,-0.29,95,55,23,19,-1.2200000000000004,-0.0128421052631579,-67.49,0.21052631578947367,0.18559189091347894,-69.04999999999997,0.0
0.7,-0.5,5,95,5,90,0.05263157894736842,-0.7129473684210526,-67.72999999999999,0.0225140712945591,-66.68999999999998,0.0,-16.08,-0.29,95,57,25,19,-0.24000000000000088,-0.0025263157894736933,-67.49,0.21052631578947367,0.18559189091347894,-69.04999999999997,0.0
0.7,-0.5,6,95,5,90,0.05263157894736842,-0.7086315789473684,-67.32,0.022648083623693378,-66.27999999999999,0.0,-15.8,-0.29,95,59,27,19,0.16999999999999926,0.0017894736842105185,-67.49,0.21052631578947367,0.18559189091347894,-69.04999999999997,0.0
0.7,-0.5,8,95,5,90,0.05263157894736842,-0.6983157894736842,-66.34,0.022974963181148753,-65.30000000000001,0.0,-15.8,-0.29,95,61,29,19,1.1500000000000006,0.012105263157894742,-67.49,0.21052631578947367,0.18559189091347894,-69.04999999999997,0.0
0.7,-0.5,10,95,4,91,0.042105263157894736,-0.6949473684210528,-66.02000000000001,0.021491033051726692,-64.98,0.0,-15.13,-0.29,95,64,31,20,1.4700000000000009,0.015473684210526325,-67.49,0.21052631578947367,0.18559189091347894,-69.04999999999997,0.0
0.7,-0.5,12,95,4,91,0.042105263157894736,-0.6930526315789474,-65.84,0.021548521325605585,-64.80000000000001,0.0,-15.13,-0.29,95,66,33,20,1.6500000000000012,0.017368421052631592,-67.49,0.21052631578947367,0.18559189091347894,-69.04999999999997,0.0
0.7,-0.4,2,95,9,86,0.09473684210526316,-0.6752631578947368,-64.14999999999999,0.05173688100517369,-63.11000000000001,0.0,-16.009999999999998,-0.29,95,35,17,12,3.34,0.0351578947368421,-67.49,0.21052631578947367,0.18559189091347894,-69.04999999999997,0.0
0.7,-0.4,3,95,9,86,0.09473684210526316,-0.6698947368421053,-63.64,0.04387019230769231,-62.60000000000002,0.0,-15.889999999999999,-0.29,95,44,21,15,3.8499999999999996,0.04052631578947368,-67.49,0.21052631578947367,0.18559189091347894,-69.04999999999997,0.0
0.7,-0.4,4,95,8,87,0.08421052631578947,-0.6753684210526315,-64.16,0.04009575104727707,-63.120000000000026,0.0,-15.889999999999999,-0.29,95,47,22,16,3.3299999999999983,0.03505263157894735,-67.49,0.21052631578947367,0.18559189091347894,-69.04999999999997,0.0
0.7,-0.4,5,95,7,88,0.07368421052631578,-0.6789473684210526,-64.5,0.036450552733791455,-63.46000000000003,0.0,-15.9,-0.29,95,49,22,17,2.9899999999999993,0.031473684210526306,-67.49,0.21052631578947367,0.18559189091347894,-69.04999999999997,0.0
0.7,-0.4,6,95,7,88,0.07368421052631578,-0.6702105263157895,-63.67,0.036908183330812284,-62.630000000000024,0.0,-15.49,-0.29,95,52,25,17,3.8199999999999985,0.04021052631578946,-67.49,0.21052631578947367,0.18559189091347894,-69.04999999999997,0.0
0.7,-0.4,8,95,6,89,0.06315789473684211,-0.6570526315789473,-62.42,0.02590511860174782,-61.38000000000003,0.0,-15.13,-0.29,95,56,28,18,5.07,0.05336842105263158,-67.49,0.21052631578947367,0.18559189091347894,-69.04999999999997,0.0
0.7,-0.4,10,95,4,91,0.042105263157894736,-0.6653684210526315,-63.209999999999994,0.02242499226724404,-62.17000000000002,0.0,-15.13,-0.29,95,59,29,20,4.2799999999999985,0.04505263157894735,-67.49,0.21052631578947367,0.18559189091347894,-69.04999999999997,0.0
0.7,-0.4,12,95,4,91,0.042105263157894736,-0.6544210526315789,-62.169999999999995,0.022791574976422507,-61.130000000000024,0.0,-15.13,-0.29,95,62,32,20,5.32,0.056,-67.49,0.21052631578947367,0.18559189091347894,-69.04999999999997,0.0
0.7,-0.3,2,95,14,81,0.14736842105263157,-0.6501052631578947,-61.760000000000005,0.0839513497478493,-60.74999999999999,0.1,-14.7,0.09,95,25,13,9,5.73,0.06031578947368422,-67.49,0.21052631578947367,0.18559189091347894,-69.04999999999997,0.1
0.7,-0.3,3,95,14,81,0.14736842105263157,-0.6314736842105263,-59.99,0.07934315531000616,-58.98000000000001,0.1,-14.7,0.38,95,35,18,13,7.499999999999999,0.07894736842105263,-67.49,0.21052631578947367,0.18559189091347894,-69.04999999999997,0.1
0.7,-0.3,4,95,14,81,0.14736842105263157,-0.6307368421052632,-59.92,0.07942848363803964,-58.91000000000001,0.1,-14.63,0.38,95,36,19,13,7.569999999999999,0.07968421052631579,-67.49,0.21052631578947367,0.18559189091347894,-69.04999999999997,0.1
0.7,-0.3,5,95,12,83,0.12631578947368421,-0.6286315789473684,-59.720000000000006,0.07281478031361589,-58.710000000000015,0.1,-14.64,0.38,95,41,21,15,7.7700000000000005,0.08178947368421054,-67.49,0.21052631578947367,0.18559189091347894,-69.04999999999997,0.1
0.7,-0.3,6,95,12,83,0.12631578947368421,-0.6243157894736843,-59.31000000000001,0.07328124999999999,-58.30000000000001,0.1,-14.23,0.38,95,42,22,15,8.18,0.08610526315789474,-67.49,0.21052631578947367,0.18559189091347894,-69.04999999999997,0.1
0.7,-0.3,8,95,11,84,0.11578947368421053,-0.6322105263157894,-60.06,0.041952464507895984,-59.05000000000001,0.1,-15.049999999999999,0.38,95,46,24,17,7.430000000000001,0.07821052631578948,-67.49,0.21052631578947367,0.18559189091347894,-69.04999999999997,0.1
0.7,-0.3,10,95,11,84,0.11578947368421053,-0.6130526315789474,-58.24,0.04383516663930389,-57.23000000000001,0.1,-15.049999999999999,0.38,95,51,27,17,9.25,0.09736842105263158,-67.49,0.21052631578947367,0.18559189091347894,-69.04999999999997,0.1
0.7,-0.3,12,95,11,84,0.11578947368421053,-0.6023157894736842,-57.22,0.04537871204537871,-56.210000000000015,0.1,-15.049999999999999,0.38,95,54,29,17,10.27,0.10810526315789473,-67.49,0.21052631578947367,0.18559189091347894,-69.04999999999997,0.1
0.7,-0.2,2,95,17,78,0.17894736842105263,-0.6852631578947368,-65.1,0.09883720930232562,-64.39999999999998,0.1,-14.29,0.09,95,17,8,7,2.3899999999999997,0.0251578947368421,-67.49,0.21052631578947367,0.18559189091347894,-69.04999999999997,0.1
0.7,-0.2,3,95,17,78,0.17894736842105263,-0.6577894736842106,-62.49,0.08866851392737352,-61.48,0.1,-14.29,0.38,95,27,13,11,5.000000000000001,0.05263157894736843,-67.49,0.21052631578947367,0.18559189091347894,-69.04999999999997,0.1
0.7,-0.2,4,95,17,78,0.17894736842105263,-0.6553684210526316,-62.260000000000005,0.07899408284023669,-61.25,0.1,-14.22,0.38,95,32,16,13,5.23,0.055052631578947374,-67.49,0.21052631578947367,0.18559189091347894,-69.04999999999997,0.1
0.7,-0.2,5,95,15,80,0.15789473684210525,-0.6532631578947369,-62.06,0.07262402869097431,-61.050000000000004,0.1,-14.23,0.38,95,37,18,15,5.430000000000001,0.05715789473684211,-67.49,0.21052631578947367,0.18559189091347894,-69.04999999999997,0.1
0.7,-0.2,6,95,15,80,0.15789473684210525,-0.6332631578947369,-60.160000000000004,0.07474623192863736,-59.150000000000006,0.1,-14.23,0.38,95,38,19,15,7.329999999999999,0.07715789473684209,-67.49,0.21052631578947367,0.18559189091347894,-69.04999999999997,0.1
0.7,-0.2,8,95,14,81,0.14736842105263157,-0.6561052631578947,-62.330000000000005,0.04299094119453401,-61.32000000000001,0.1,-15.51,0.38,95,40,19,17,5.160000000000001,0.05431578947368422,-67.49,0.21052631578947367,0.18559189091347894,-69.04999999999997,0.1
0.7,-0.2,10,95,14,81,0.14736842105263157,-0.6438947368421053,-61.17,0.044368067489454766,-60.16000000000001,0.1,-14.719999999999999,0.38,95,44,22,17,6.320000000000001,0.0665263157894737,-67.49,0.21052631578947367,0.18559189091347894,-69.04999999999997,0.1
0.7,-0.2,12,95,14,81,0.14736842105263157,-0.6293684210526316,-59.79,0.04610721123165284,-58.78000000000001,0.1,-14.719999999999999,0.38,95,48,25,17,7.7,0.08105263157894738,-67.49,0.21052631578947367,0.18559189091347894,-69.04999999999997,0.1
0.7,-0.1,2,95,19,76,0.2,-0.731157894736842,-69.46,0.09850746268656718,-68.75999999999995,0.1,-13.79,0.09,95,12,5,7,-1.9699999999999998,-0.020736842105263154,-67.49,0.21052631578947367,0.18559189091347894,-69.04999999999997,0.1
0.7,-0.1,3,95,23,72,0.24210526315789474,-0.654421052631579,-62.17,0.11539556061468413,-61.469999999999985,0.1,-13.89,0.38,95,22,11,9,5.32,0.056,-67.49,0.21052631578947367,0.18559189091347894,-69.04999999999997,0.1
0.7,-0.1,4,95,24,71,0.25263157894736843,-0.650842105263158,-61.830000000000005,0.10689007655640623,-61.50999999999999,0.1,-13.89,0.38,95,27,13,11,5.66,0.05957894736842105,-67.49,0.21052631578947367,0.18559189091347894,-69.04999999999997,0.1
0.7,-0.1,5,95,23,72,0.24210526315789474,-0.6383157894736842,-60.64,0.1009636767976279,-60.31999999999999,0.2,-13.69,0.38,95,31,15,13,6.85,0.07210526315789473,-67.49,0.21052631578947367,0.18559189091347894,-69.04999999999997,0.2
0.7,-0.1,6,95,24,71,0.25263157894736843,-0.608421052631579,-57.800000000000004,0.10623163754445648,-57.5,0.2,-13.69,0.38,95,34,17,13,9.69,0.102,-67.49,0.21052631578947367,0.18559189091347894,-69.04999999999997,0.2
0.7,-0.1,8,95,24,71,0.25263157894736843,-0.6283157894736843,-59.690000000000005,0.07700633987938768,-59.39,0.2,-14.97,0.38,95,36,17,15,7.800000000000001,0.08210526315789475,-67.49,0.21052631578947367,0.18559189091347894,-69.04999999999997,0.2
0.7,-0.1,10,95,25,70,0.2631578947368421,-0.6077894736842105,-57.74,0.08421887390959554,-57.73,0.2,-14.18,0.38,95,41,21,15,9.75,0.10263157894736842,-67.49,0.21052631578947367,0.18559189091347894,-69.04999999999997,0.2
0.7,-0.1,12,95,25,70,0.2631578947368421,-0.5930526315789473,-56.339999999999996,0.08687196110210696,-56.38,0.2,-14.18,0.38,95,44,23,15,11.150000000000002,0.11736842105263161,-67.49,0.21052631578947367,0.18559189091347894,-69.04999999999997,0.2
0.7,0.0,2,95,21,74,0.22105263157894736,-0.7470526315789473,-70.97,0.11376123876123875,-70.26999999999997,0.1,-13.79,0.09,95,7,2,5,-3.4799999999999995,-0.03663157894736842,-67.49,0.21052631578947367,0.18559189091347894,-69.04999999999997,0.1
0.7,0.0,3,95,25,70,0.2631578947368421,-0.6873684210526314,-65.29999999999998,0.11253057896167441,-64.59999999999997,0.1,-13.79,0.38,95,17,7,9,2.1900000000000004,0.023052631578947373,-67.49,0.21052631578947367,0.18559189091347894,-69.04999999999997,0.1
0.7,0.0,4,95,28,67,0.29473684210526313,-0.6747368421052631,-64.1,0.11021654636313159,-63.77999999999998,0.1,-13.79,0.38,95,22,10,10,3.3900000000000006,0.0356842105263158,-67.49,0.21052631578947367,0.18559189091347894,-69.04999999999997,0.1
0.7,0.0,5,95,30,65,0.3157894736842105,-0.657157894736842,-62.43,0.11245379584873472,-62.10999999999999,0.2,-13.76,0.38,95,25,11,11,5.0600000000000005,0.053263157894736846,-67.49,0.21052631578947367,0.18559189091347894,-69.04999999999997,0.2
0.7,0.0,6,95,32,63,0.3368421052631579,-0.6434736842105263,-61.129999999999995,0.1172563176895307,-60.82999999999999,0.2,-13.4,0.38,95,28,13,11,6.360000000000001,0.06694736842105264,-67.49,0.21052631578947367,0.18559189091347894,-69.04999999999997,0.2
0.7,0.0,8,95,33,62,0.3473684210526316,-0.6386315789473683,-60.669999999999995,0.09824613555291321,-60.37,0.2,-14.68,0.38,95,31,14,13,6.820000000000001,0.07178947368421054,-67.49,0.21052631578947367,0.18559189091347894,-69.04999999999997,0.2
0.7,0.0,10,95,35,60,0.3684210526315789,-0.6239999999999999,-59.279999999999994,0.10964253529588464,-59.269999999999996,0.2,-14.05,0.38,95,35,16,14,8.21,0.08642105263157895,-67.49,0.21052631578947367,0.18559189091347894,-69.04999999999997,0.2
0.7,0.0,12,95,36,59,0.37894736842105264,-0.6165263157894737,-58.57,0.11565755699833916,-58.61,0.2,-14.05,0.38,95,38,17,15,8.92,0.09389473684210527,-67.49,0.21052631578947367,0.18559189091347894,-69.04999999999997,0.2
0.7,0.1,2,95,22,73,0.23157894736842105,-0.7153684210526317,-67.96000000000001,0.15134865134865133,-69.51999999999998,0.1,-13.59,0.09,95,4,2,2,-0.47,-0.004947368421052632,-67.49,0.21052631578947367,0.18559189091347894,-69.04999999999997,0.1
0.7,0.1,3,95,25,70,0.2631578947368421,-0.7152631578947368,-67.95,0.12951575710991547,-68.03999999999998,0.1,-13.59,0.38,95,12,5,5,-0.4599999999999993,-0.004842105263157887,-67.49,0.21052631578947367,0.18559189091347894,-69.04999999999997,0.1
0.7,0.1,4,95,26,69,0.2736842105263158,-0.6854736842105262,-65.11999999999999,0.1333510779877562,-65.58999999999997,0.1,-13.59,0.38,95,16,6,7,2.370000000000001,0.02494736842105264,-67.49,0.21052631578947367,0.18559189091347894,-69.04999999999997,0.1
0.7,0.1,5,95,29,66,0.30526315789473685,-0.6461052631578947,-61.38,0.15091990593443078,-61.849999999999994,0.2,-13.59,0.38,95,19,9,7,6.110000000000001,0.06431578947368423,-67.49,0.21052631578947367,0.18559189091347894,-69.04999999999997,0.2
0.7,0.1,6,95,30,65,0.3157894736842105,-0.6437894736842106,-61.160000000000004,0.15149833518312983,-61.63,0.2,-13.23,0.38,95,22,10,8,6.330000000000001,0.06663157894736843,-67.49,0.21052631578947367,0.18559189091347894,-69.04999999999997,0.2
0.7,0.1,8,95,32,63,0.3368421052631579,-0.6337894736842106,-60.21,0.14120667522464697,-60.68000000000001,0.2,-14.11,0.38,95,27,11,10,7.280000000000002,0.07663157894736844,-67.49,0.21052631578947367,0.18559189091347894,-69.04999999999997,0.2
0.7,0.1,10,95,34,61,0.35789473684210527,-0.6191578947368421,-58.82,0.15257167555107334,-59.58,0.2,-13.48,0.38,95,31,13,11,8.670000000000002,0.09126315789473687,-67.49,0.21052631578947367,0.18559189091347894,-69.04999999999997,0.2
0.7,0.1,12,95,35,60,0.3684210526315789,-0.6116842105263158,-58.11000000000001,0.1585577758470895,-58.92,0.2,-13.48,0.38,95,34,14,12,9.380000000000003,0.09873684210526318,-67.49,0.21052631578947367,0.18559189091347894,-69.04999999999997,0.2
0.7,0.2,2,95,22,73,0.23157894736842105,-0.7153684210526317,-67.96000000000001,0.15134865134865133,-69.51999999999998,0.1,-13.59,0.09,95,4,2,2,-0.47,-0.004947368421052632,-67.49,0.21052631578947367,0.18559189091347894,-69.04999999999997,0.1
0.7,0.2,3,95,23,72,0.24210526315789474,-0.7135789473684211,-67.79,0.14868768052241618,-67.87999999999997,0.1,-13.59,0.38,95,8,3,3,-0.2999999999999998,-0.0031578947368421035,-67.49,0.21052631578947367,0.18559189091347894,-69.04999999999997,0.1
0.7,0.2,4,95,25,70,0.2631578947368421,-0.6802105263157894,-64.61999999999999,0.1502958579881657,-65.08999999999997,0.1,-13.59,0.38,95,14,5,6,2.8700000000000006,0.03021052631578948,-67.49,0.21052631578947367,0.18559189091347894,-69.04999999999997,0.1
0.7,0.2,5,95,27,68,0.28421052631578947,-0.646421052631579,-61.410000000000004,0.16517128874388254,-61.87999999999999,0.2,-13.59,0.38,95,16,7,6,6.08,0.064,-67.49,0.21052631578947367,0.18559189091347894,-69.04999999999997,0.2
0.7,0.2,6,95,28,67,0.29473684210526313,-0.6521052631578949,-61.95000000000001,0.15368852459016394,-62.419999999999995,0.2,-13.59,0.38,95,19,8,7,5.540000000000001,0.058315789473684224,-67.49,0.21052631578947367,0.18559189091347894,-69.04999999999997,0.2
0.7,0.2,8,95,32,63,0.3368421052631579,-0.6156842105263158,-58.49,0.16573955213236344,-58.96,0.2,-14.049999999999999,0.38,95,26,11,8,9.0,0.09473684210526316,-67.49,0.21052631578947367,0.18559189091347894,-69.04999999999997,0.2
0.7,0.2,10,95,34,61,0.35789473684210527,-0.6046315789473685,-57.440000000000005,0.17245353695432933,-58.199999999999996,0.2,-13.42,0.38,95,29,13,9,10.05,0.10578947368421053,-67.49,0.21052631578947367,0.18559189091347894,-69.04999999999997,0.2
0.7,0.2,12,95,35,60,0.3684210526315789,-0.5976842105263158,-56.78,0.1778163915435853,-57.54,0.2,-13.42,0.38,95,32,14,10,10.71,0.11273684210526316,-67.49,0.21052631578947367,0.18559189091347894,-69.04999999999997,0.2
0.7,0.3,2,95,21,74,0.22105263157894736,-0.6771578947368421,-64.33,0.1974800399201597,-65.88999999999997,0.1,-12.88,0.09,95,1,1,0,3.16,0.03326315789473684,-67.49,0.21052631578947367,0.18559189091347894,-69.04999999999997,0.1
0.7,0.3,3,95,23,72,0.24210526315789474,-0.666421052631579,-63.31,0.20494788396333039,-63.399999999999984,0.1,-12.88,0.38,95,6,3,1,4.180000000000001,0.044000000000000004,-67.49,0.21052631578947367,0.18559189091347894,-69.04999999999997,0.1
0.7,0.3,4,95,24,71,0.25263157894736843,-0.6710526315789473,-63.74999999999999,0.1689479859210012,-64.21999999999997,0.1,-12.88,0.38,95,11,4,4,3.7400000000000007,0.03936842105263159,-67.49,0.21052631578947367,0.18559189091347894,-69.04999999999997,0.1
0.7,0.3,5,95,25,70,0.2631578947368421,-0.6572631578947368,-62.44,0.17755532139093785,-62.909999999999975,0.1,-12.88,0.38,95,13,5,4,5.050000000000001,0.05315789473684211,-67.49,0.21052631578947367,0.18559189091347894,-69.04999999999997,0.1
0.7,0.3,6,95,25,70,0.2631578947368421,-0.6572631578947368,-62.44,0.17755532139093785,-62.909999999999975,0.1,-12.88,0.38,95,13,5,4,5.050000000000001,0.05315789473684211,-67.49,0.21052631578947367,0.18559189091347894,-69.04999999999997,0.1
0.7,0.3,8,95,29,66,0.30526315789473685,-0.6252631578947369,-59.4,0.17933130699088148,-59.86999999999999,0.1,-13.66,0.38,95,21,8,6,8.090000000000002,0.08515789473684213,-67.49,0.21052631578947367,0.18559189091347894,-69.04999999999997,0.1
0.7,0.3,10,95,30,65,0.3157894736842105,-0.6225263157894737,-59.14,0.1806594624549737,-59.60999999999999,0.1,-13.03,0.38,95,23,9,7,8.350000000000001,0.08789473684210528,-67.49,0.21052631578947367,0.18559189091347894,-69.04999999999997,0.1
0.7,0.3,12,95,31,64,0.3263157894736842,-0.612421052631579,-58.18,0.19003202004733397,-58.64999999999999,0.1,-13.03,0.38,95,25,10,8,9.31,0.098,-67.49,0.21052631578947367,0.18559189091347894,-69.04999999999997,0.1
0.7,0.4,2,95,21,74,0.22105263157894736,-0.6771578947368421,-64.33,0.1974800399201597,-65.88999999999997,0.1,-12.88,0.09,95,1,1,0,3.16,0.03326315789473684,-67.49,0.21052631578947367,0.18559189091347894,-69.04999999999997,0.1
0.7,0.4,3,95,23,72,0.24210526315789474,-0.6522105263157896,-61.96000000000001,0.22190129348235588,-63.689999999999976,0.1,-12.88,0.09,95,4,3,0,5.53,0.058210526315789476,-67.49,0.21052631578947367,0.18559189091347894,-69.04999999999997,0.1
0.7,0.4,4,95,24,71,0.25263157894736843,-0.6254736842105263,-59.42,0.22539434232824926,-61.52999999999999,0.2,-12.88,0.44,95,8,4,1,8.07,0.08494736842105263,-67.49,0.21052631578947367,0.18559189091347894,-69.04999999999997,0.2
0.7,0.4,5,95,25,70,0.2631578947368421,-0.6235789473684211,-59.24000000000001,0.21970495258166495,-61.34999999999998,0.2,-12.88,0.44,95,11,5,2,8.25,0.0868421052631579,-67.49,0.21052631578947367,0.18559189091347894,-69.04999999999997,0.2
0.7,0.4,6,95,25,70,0.2631578947368421,-0.6403157894736842,-60.83,0.19876185458377243,-61.34999999999999,0.1,-12.88,0.44,95,12,5,3,6.66,0.07010526315789474,-67.49,0.21052631578947367,0.18559189091347894,-69.04999999999997,0.1
0.7,0.4,8,95,27,68,0.28421052631578947,-0.6398947368421053,-60.79,0.1895747233702173,-61.309999999999995,0.1,-13.34,0.44,95,18,6,5,6.700000000000001,0.0705263157894737,-67.49,0.21052631578947367,0.18559189091347894,-69.04999999999997,0.1
0.7,0.4,10,95,28,67,0.29473684210526313,-0.643578947368421,-61.14,0.1827295816067371,-61.65999999999999,0.1,-12.709999999999999,0.44,95,21,7,7,6.3500000000000005,0.0668421052631579,-67.49,0.21052631578947367,0.18559189091347894,-69.04999999999997,0.1
0.7,0.4,12,95,29,66,0.30526315789473685,-0.6334736842105263,-60.18,0.19178082191780826,-60.699999999999996,0.1,-12.709999999999999,0.44,95,23,8,8,7.3100000000000005,0.07694736842105264,-67.49,0.21052631578947367,0.18559189091347894,-69.04999999999997,0.1
0.75,-0.5,2,95,7,88,0.07368421052631578,-0.7107368421052631,-67.52,0.04470854555744199,-66.47999999999999,0.0,-15.93,-0.29,95,43,20,14,-0.029999999999999805,-0.00031578947368420847,-67.49,0.21052631578947367,0.18559189091347894,-69.04999999999997,0.0
0.75,-0.5,3,95,7,88,0.07368421052631578,-0.708421052631579,-67.3,0.03692043503148255,-66.26,0.0,-16.09,-0.29,95,51,22,17,0.18999999999999972,0.001999999999999997,-67.49,0.21052631578947367,0.18559189091347894,-69.04999999999997,0.0
0.75,-0.5,4,95,6,89,0.06315789473684211,-0.7054736842105263,-67.02,0.03373702422145328,-65.98,0.0,-16.09,-0.29,95,55,24,18,0.4700000000000008,0.00494736842105264,-67.49,0.21052631578947367,0.18559189091347894,-69.04999999999997,0.0
0.75,-0.5,5,95,6,89,0.06315789473684211,-0.7038947368421051,-66.86999999999999,0.03381014304291287,-65.83,0.0,-16.09,-0.29,95,56,25,18,0.6200000000000008,0.0065263157894736926,-67.49,0.21052631578947367,0.18559189091347894,-69.04999999999997,0.0
0.75,-0.5,6,95,5,90,0.05263157894736842,-0.7089473684210525,-67.35,0.022638223770134955,-66.31,0.0,-15.81,-0.29,95,59,27,19,0.14000000000000035,0.0014736842105263195,-67.49,0.21052631578947367,0.18559189091347894,-69.04999999999997,0.0
0.75,-0.5,8,95,5,90,0.05263157894736842,-0.6986315789473685,-66.37,0.022964816723097303,-65.33000000000001,0.0,-15.81,-0.29,95,61,29,19,1.1199999999999999,0.011789473684210525,-67.49,0.21052631578947367,0.18559189091347894,-69.04999999999997,0.0
0.75,-0.5,10,95,4,91,0.042105263157894736,-0.6952631578947368,-66.05,0.02148148148148148,-65.01000000000002,0.0,-15.14,-0.29,95,64,31,20,1.4400000000000002,0.015157894736842106,-67.49,0.21052631578947367,0.18559189091347894,-69.04999999999997,0.0
0.75,-0.5,12,95,4,91,0.042105263157894736,-0.6933684210526315,-65.86999999999999,0.021538918597742127,-64.83000000000001,0.0,-15.14,-0.29,95,66,33,20,1.6200000000000006,0.017052631578947375,-67.49,0.21052631578947367,0.18559189091347894,-69.04999999999997,0.0
0.75,-0.4,2,95,9,86,0.09473684210526316,-0.6956842105263157,-66.08999999999999,0.0502945825549648,-65.05,0.0,-15.74,-0.29,95,35,17,12,1.4000000000000001,0.01473684210526316,-67.49,0.21052631578947367,0.18559189091347894,-69.04999999999997,0.0
0.75,-0.4,3,95,9,86,0.09473684210526316,-0.6895789473684211,-65.51,0.04267134297822592,-64.47000000000001,0.0,-15.9,-0.29,95,42,20,15,1.98,0.020842105263157894,-67.49,0.21052631578947367,0.18559189091347894,-69.04999999999997,0.0
0.75,-0.4,4,95,8,87,0.08421052631578947,-0.6952631578947369,-66.05000000000001,0.03899316164702457,-65.01000000000002,0.0,-15.9,-0.29,95,45,21,16,1.44,0.015157894736842105,-67.49,0.21052631578947367,0.18559189091347894,-69.04999999999997,0.0
0.75,-0.4,5,95,7,88,0.07368421052631578,-0.698421052631579,-66.35000000000001,0.03547027184183747,-65.31000000000002,0.0,-15.91,-0.29,95,48,22,17,1.1400000000000006,0.012000000000000005,-67.49,0.21052631578947367,0.18559189091347894,-69.04999999999997,0.0
0.75,-0.4,6,95,6,89,0.06315789473684211,-0.6889473684210529,-65.45000000000002,0.02473550886604083,-64.41000000000003,0.0,-15.5,-0.29,95,53,26,18,2.040000000000001,0.021473684210526325,-67.49,0.21052631578947367,0.18559189091347894,-69.04999999999997,0.0
0.75,-0.4,8,95,6,89,0.06315789473684211,-0.6765263157894738,-64.27000000000001,0.02517821932352495,-63.23000000000004,0.0,-15.14,-0.29,95,55,28,18,3.2199999999999998,0.03389473684210526,-67.49,0.21052631578947367,0.18559189091347894,-69.04999999999997,0.0
0.75,-0.4,10,95,4,91,0.042105263157894736,-0.6848421052631579,-65.06,0.02180123289730867,-64.02000000000002,0.0,-15.14,-0.29,95,58,29,20,2.4299999999999997,0.02557894736842105,-67.49,0.21052631578947367,0.18559189091347894,-69.04999999999997,0.0
0.75,-0.4,12,95,4,91,0.042105263157894736,-0.6738947368421053,-64.02000000000001,0.022147548495494114,-62.980000000000025,0.0,-15.14,-0.29,95,61,32,20,3.4699999999999998,0.036526315789473685,-67.49,0.21052631578947367,0.18559189091347894,-69.04999999999997,0.0
0.75,-0.3,2,95,14,81,0.14736842105263157,-0.6755789473684212,-64.18,0.08104238258877434,-63.169999999999995,0.1,-14.7,0.09,95,23,11,9,3.3099999999999996,0.03484210526315789,-67.49,0.21052631578947367,0.18559189091347894,-69.04999999999997,0.1
0.75,-0.3,3,95,14,81,0.14736842105263157,-0.6501052631578947,-61.76,0.07724488271328254,-60.75000000000001,0.1,-14.7,0.38,95,34,17,13,5.7299999999999995,0.060315789473684205,-67.49,0.21052631578947367,0.18559189091347894,-69.04999999999997,0.1
0.75,-0.3,4,95,14,81,0.14736842105263157,-0.647578947368421,-61.52,0.07752286699655123,-60.510000000000005,0.1,-14.63,0.38,95,36,19,13,5.97,0.0628421052631579,-67.49,0.21052631578947367,0.18559189091347894,-69.04999999999997,0.1
0.75,-0.3,5,95,12,83,0.12631578947368421,-0.6621052631578948,-62.900000000000006,0.051425124415623566,-61.89000000000001,0.1,-15.92,0.38,95,41,20,16,4.59,0.04831578947368421,-67.49,0.21052631578947367,0.18559189091347894,-69.04999999999997,0.1
0.75,-0.3,6,95,11,84,0.11578947368421053,-0.653578947368421,-62.09,0.040636588380716925,-61.08000000000001,0.1,-15.51,0.38,95,45,23,17,5.4,0.056842105263157895,-67.49,0.21052631578947367,0.18559189091347894,-69.04999999999997,0.1
0.75,-0.3,8,95,11,84,0.11578947368421053,-0.6487368421052632,-61.63,0.04092748210395269,-60.62000000000001,0.1,-15.049999999999999,0.38,95,46,24,17,5.86,0.06168421052631579,-67.49,0.21052631578947367,0.18559189091347894,-69.04999999999997,0.1
0.75,-0.3,10,95,11,84,0.11578947368421053,-0.6330526315789474,-60.14,0.042509154593217635,-59.13000000000001,0.1,-15.049999999999999,0.38,95,50,26,17,7.3500000000000005,0.07736842105263159,-67.49,0.21052631578947367,0.18559189091347894,-69.04999999999997,0.1
0.75,-0.3,12,95,11,84,0.11578947368421053,-0.6223157894736843,-59.120000000000005,0.04398447606727038,-58.110000000000014,0.1,-15.049999999999999,0.38,95,53,28,17,8.370000000000001,0.08810526315789474,-67.49,0.21052631578947367,0.18559189091347894,-69.04999999999997,0.1
0.75,-0.2,2,95,17,78,0.17894736842105263,-0.6915789473684211,-65.7,0.09802306425041188,-64.99999999999999,0.1,-14.29,0.09,95,17,8,7,1.7899999999999998,0.018842105263157893,-67.49,0.21052631578947367,0.18559189091347894,-69.04999999999997,0.1
0.75,-0.2,3,95,17,78,0.17894736842105263,-0.6722105263157895,-63.86,0.08693165570488992,-62.85,0.1,-14.29,0.38,95,26,12,11,3.63,0.03821052631578947,-67.49,0.21052631578947367,0.18559189091347894,-69.04999999999997,0.1
0.75,-0.2,4,95,17,78,0.17894736842105263,-0.6697894736842105,-63.629999999999995,0.07742496737712048,-62.62,0.1,-14.22,0.38,95,31,15,13,3.8600000000000003,0.04063157894736842,-67.49,0.21052631578947367,0.18559189091347894,-69.04999999999997,0.1
0.75,-0.2,5,95,15,80,0.15789473684210525,-0.6843157894736842,-65.01,0.052194197404869525,-64.0,0.1,-15.51,0.38,95,36,16,16,2.4800000000000004,0.026105263157894742,-67.49,0.21052631578947367,0.18559189091347894,-69.04999999999997,0.1
0.75,-0.2,6,95,14,81,0.14736842105263157,-0.6702105263157895,-63.67,0.04212426658642997,-62.66000000000001,0.1,-15.51,0.38,95,39,18,17,3.8200000000000003,0.040210526315789474,-67.49,0.21052631578947367,0.18559189091347894,-69.04999999999997,0.1
0.75,-0.2,8,95,14,81,0.14736842105263157,-0.6671578947368422,-63.38,0.0423088546388637,-62.37000000000001,0.1,-15.51,0.38,95,40,19,17,4.11,0.043263157894736844,-67.49,0.21052631578947367,0.18559189091347894,-69.04999999999997,0.1
0.75,-0.2,10,95,14,81,0.14736842105263157,-0.658421052631579,-62.550000000000004,0.043431717387979824,-61.54000000000001,0.1,-14.719999999999999,0.38,95,43,21,17,4.940000000000001,0.05200000000000001,-67.49,0.21052631578947367,0.18559189091347894,-69.04999999999997,0.1
0.75,-0.2,12,95,14,81,0.14736842105263157,-0.6438947368421052,-61.169999999999995,0.0451139556665626,-60.16000000000001,0.1,-14.719999999999999,0.38,95,47,24,17,6.320000000000001,0.0665263157894737,-67.49,0.21052631578947367,0.18559189091347894,-69.04999999999997,0.1
0.75,-0.1,2,95,19,76,0.2,-0.7448421052631577,-70.75999999999999,0.09687300574345885,-70.05999999999996,0.1,-13.79,0.09,95,11,4,7,-3.27,-0.03442105263157895,-67.49,0.21052631578947367,0.18559189091347894,-69.04999999999997,0.1
0.75,-0.1,3,95,23,72,0.24210526315789474,-0.672,-63.84,0.11271716469770675,-63.13999999999999,0.1,-13.89,0.38,95,20,9,9,3.6500000000000004,0.03842105263157895,-67.49,0.21052631578947367,0.18559189091347894,-69.04999999999997,0.1
0.75,-0.1,4,95,25,70,0.2631578947368421,-0.6589473684210526,-62.6,0.10596972293630394,-62.29999999999999,0.1,-13.89,0.38,95,26,12,11,4.890000000000001,0.051473684210526324,-67.49,0.21052631578947367,0.18559189091347894,-69.04999999999997,0.1
0.75,-0.1,5,95,24,71,0.25263157894736843,-0.6598947368421052,-62.69,0.08133059788980071,-62.39,0.2,-14.97,0.38,95,31,14,14,4.800000000000001,0.05052631578947369,-67.49,0.21052631578947367,0.18559189091347894,-69.04999999999997,0.2
0.75,-0.1,6,95,24,71,0.25263157894736843,-0.6359999999999999,-60.419999999999995,0.08468413876685352,-60.120000000000005,0.2,-14.97,0.38,95,34,16,14,7.07,0.07442105263157896,-67.49,0.21052631578947367,0.18559189091347894,-69.04999999999997,0.2
0.75,-0.1,8,95,25,70,0.2631578947368421,-0.6310526315789474,-59.95,0.08080343452928551,-59.940000000000005,0.2,-14.97,0.38,95,37,18,15,7.540000000000001,0.07936842105263159,-67.49,0.21052631578947367,0.18559189091347894,-69.04999999999997,0.2
0.75,-0.1,10,95,25,70,0.2631578947368421,-0.6223157894736842,-59.12,0.08241502405711625,-59.11000000000001,0.2,-14.18,0.38,95,40,20,15,8.370000000000001,0.08810526315789474,-67.49,0.21052631578947367,0.18559189091347894,-69.04999999999997,0.2
0.75,-0.1,12,95,25,70,0.2631578947368421,-0.6075789473684211,-57.720000000000006,0.08497146480659479,-57.76000000000001,0.2,-14.18,0.38,95,43,22,15,9.770000000000001,0.10284210526315792,-67.49,0.21052631578947367,0.18559189091347894,-69.04999999999997,0.2
0.75,0.0,2,95,21,74,0.22105263157894736,-0.7470526315789473,-70.97,0.11376123876123875,-70.26999999999997,0.1,-13.79,0.09,95,7,2,5,-3.4799999999999995,-0.03663157894736842,-67.49,0.21052631578947367,0.18559189091347894,-69.04999999999997,0.1
0.75,0.0,3,95,25,70,0.2631578947368421,-0.6873684210526314,-65.29999999999998,0.11253057896167441,-64.59999999999997,0.1,-13.79,0.38,95,17,7,9,2.1900000000000004,0.023052631578947373,-67.49,0.21052631578947367,0.18559189091347894,-69.04999999999997,0.1
0.75,0.0,4,95,28,67,0.29473684210526313,-0.6696842105263158,-63.62,0.1108315863032844,-63.31999999999998,0.1,-13.79,0.38,95,22,10,10,3.8700000000000006,0.04073684210526316,-67.49,0.21052631578947367,0.18559189091347894,-69.04999999999997,0.1
0.75,0.0,5,95,30,65,0.3157894736842105,-0.665578947368421,-63.23,0.09477451682176093,-62.92999999999999,0.2,-15.04,0.38,95,26,11,12,4.260000000000001,0.0448421052631579,-67.49,0.21052631578947367,0.18559189091347894,-69.04999999999997,0.2
0.75,0.0,6,95,31,64,0.3263157894736842,-0.6613684210526316,-62.83,0.09778862722573237,-62.529999999999994,0.2,-14.68,0.38,95,28,12,12,4.660000000000001,0.04905263157894738,-67.49,0.21052631578947367,0.18559189091347894,-69.04999999999997,0.2
0.75,0.0,8,95,33,62,0.3473684210526316,-0.6347368421052632,-60.3,0.10227780259044217,-60.29,0.2,-14.68,0.38,95,31,14,13,7.190000000000001,0.0756842105263158,-67.49,0.21052631578947367,0.18559189091347894,-69.04999999999997,0.2
0.75,0.0,10,95,35,60,0.3684210526315789,-0.6181052631578946,-58.71999999999999,0.11858300810567397,-58.709999999999994,0.2,-14.05,0.38,95,35,16,14,8.770000000000001,0.09231578947368423,-67.49,0.21052631578947367,0.18559189091347894,-69.04999999999997,0.2
0.75,0.0,12,95,35,60,0.3684210526315789,-0.6209473684210525,-58.98999999999999,0.11453017111978385,-59.029999999999994,0.2,-14.05,0.38,95,37,16,15,8.5,0.08947368421052632,-67.49,0.21052631578947367,0.18559189091347894,-69.04999999999997,0.2
0.75,0.1,2,95,22,73,0.23157894736842105,-0.7153684210526317,-67.96000000000001,0.15134865134865133,-69.51999999999998,0.1,-13.59,0.09,95,4,2,2,-0.47,-0.004947368421052632,-67.49,0.21052631578947367,0.18559189091347894,-69.04999999999997,0.1
0.75,0.1,3,95,25,70,0.2631578947368421,-0.7152631578947368,-67.95,0.12951575710991547,-68.03999999999998,0.1,-13.59,0.38,95,12,5,5,-0.4599999999999993,-0.004842105263157887,-67.49,0.21052631578947367,0.18559189091347894,-69.04999999999997,0.1
0.75,0.1,4,95,26,69,0.2736842105263158,-0.6854736842105262,-65.11999999999999,0.1333510779877562,-65.58999999999997,0.1,-13.59,0.38,95,16,6,7,2.370000000000001,0.02494736842105264,-67.49,0.21052631578947367,0.18559189091347894,-69.04999999999997,0.1
0.75,0.1,5,95,29,66,0.30526315789473685,-0.659578947368421,-62.660000000000004,0.13321344584313186,-63.129999999999995,0.2,-14.87,0.38,95,20,9,8,4.830000000000001,0.050842105263157904,-67.49,0.21052631578947367,0.18559189091347894,-69.04999999999997,0.2
0.75,0.1,6,95,30,65,0.3157894736842105,-0.6572631578947369,-62.440000000000005,0.13374028856825745,-62.910000000000004,0.2,-14.51,0.38,95,23,10,9,5.050000000000002,0.05315789473684212,-67.49,0.21052631578947367,0.18559189091347894,-69.04999999999997,0.2
0.75,0.1,8,95,33,62,0.3473684210526316,-0.6254736842105264,-59.42000000000001,0.1463870133601494,-60.18,0.2,-14.11,0.38,95,28,12,10,8.07,0.08494736842105263,-67.49,0.21052631578947367,0.18559189091347894,-69.04999999999997,0.2
0.75,0.1,10,95,35,60,0.3684210526315789,-0.608842105263158,-57.84,0.16246741963509992,-58.6,0.2,-13.48,0.38,95,32,14,11,9.650000000000002,0.10157894736842107,-67.49,0.21052631578947367,0.18559189091347894,-69.04999999999997,0.2
0.75,0.1,12,95,35,60,0.3684210526315789,-0.6116842105263158,-58.11000000000001,0.1585577758470895,-58.92,0.2,-13.48,0.38,95,34,14,12,9.380000000000003,0.09873684210526318,-67.49,0.21052631578947367,0.18559189091347894,-69.04999999999997,0.2
0.75,0.2,2,95,22,73,0.23157894736842105,-0.7153684210526317,-67.96000000000001,0.15134865134865133,-69.51999999999998,0.1,-13.59,0.09,95,4,2,2,-0.47,-0.004947368421052632,-67.49,0.21052631578947367,0.18559189091347894,-69.04999999999997,0.1
0.75,0.2,3,95,23,72,0.24210526315789474,-0.7135789473684211,-67.79,0.14868768052241618,-67.87999999999997,0.1,-13.59,0.38,95,8,3,3,-0.2999999999999998,-0.0031578947368421035,-67.49,0.21052631578947367,0.18559189091347894,-69.04999999999997,0.1
0.75,0.2,4,95,25,70,0.2631578947368421,-0.6802105263157894,-64.61999999999999,0.1502958579881657,-65.08999999999997,0.1,-13.59,0.38,95,14,5,6,2.8700000000000006,0.03021052631578948,-67.49,0.21052631578947367,0.18559189091347894,-69.04999999999997,0.1
0.75,0.2,5,95,27,68,0.28421052631578947,-0.6598947368421053,-62.690000000000005,0.14777052746057642,-63.15999999999999,0.2,-14.87,0.38,95,17,7,7,4.800000000000001,0.05052631578947369,-67.49,0.21052631578947367,0.18559189091347894,-69.04999999999997,0.2
0.75,0.2,6,95,28,67,0.29473684210526313,-0.6655789473684212,-63.23000000000001,0.13620218579234972,-63.699999999999996,0.2,-14.87,0.38,95,20,8,8,4.260000000000001,0.0448421052631579,-67.49,0.21052631578947367,0.18559189091347894,-69.04999999999997,0.2
0.75,0.2,8,95,33,62,0.3473684210526316,-0.6112631578947368,-58.07,0.16578077862376095,-58.83,0.2,-14.049999999999999,0.38,95,28,12,9,9.420000000000002,0.09915789473684213,-67.49,0.21052631578947367,0.18559189091347894,-69.04999999999997,0.2
0.75,0.2,10,95,35,60,0.3684210526315789,-0.5943157894736842,-56.46,0.18245004344048657,-57.21999999999999,0.2,-13.42,0.38,95,30,14,9,11.030000000000001,0.11610526315789475,-67.49,0.21052631578947367,0.18559189091347894,-69.04999999999997,0.2
0.75,0.2,12,95,35,60,0.3684210526315789,-0.5976842105263158,-56.78,0.1778163915435853,-57.54,0.2,-13.42,0.38,95,32,14,10,10.71,0.11273684210526316,-67.49,0.21052631578947367,0.18559189091347894,-69.04999999999997,0.2
0.75,0.3,2,95,21,74,0.22105263157894736,-0.6771578947368421,-64.33,0.1974800399201597,-65.88999999999997,0.1,-12.88,0.09,95,1,1,0,3.16,0.03326315789473684,-67.49,0.21052631578947367,0.18559189091347894,-69.04999999999997,0.1
0.75,0.3,3,95,23,72,0.24210526315789474,-0.666421052631579,-63.31,0.20494788396333039,-63.399999999999984,0.1,-12.88,0.38,95,6,3,1,4.180000000000001,0.044000000000000004,-67.49,0.21052631578947367,0.18559189091347894,-69.04999999999997,0.1
0.75,0.3,4,95,24,71,0.25263157894736843,-0.6710526315789473,-63.74999999999999,0.1689479859210012,-64.21999999999997,0.1,-12.88,0.38,95,11,4,4,3.7400000000000007,0.03936842105263159,-67.49,0.21052631578947367,0.18559189091347894,-69.04999999999997,0.1
0.75,0.3,5,95,25,70,0.2631578947368421,-0.6707368421052632,-63.72,0.16069546891464703,-64.18999999999998,0.1,-14.059999999999999,0.38,95,14,5,5,3.770000000000001,0.0396842105263158,-67.49,0.21052631578947367,0.18559189091347894,-69.04999999999997,0.1
0.75,0.3,6,95,25,70,0.2631578947368421,-0.6707368421052632,-63.72,0.16069546891464703,-64.18999999999998,0.1,-14.059999999999999,0.38,95,14,5,5,3.770000000000001,0.0396842105263158,-67.49,0.21052631578947367,0.18559189091347894,-69.04999999999997,0.1
0.75,0.3,8,95,29,66,0.30526315789473685,-0.629157894736842,-59.769999999999996,0.17421939762365293,-60.239999999999995,0.1,-13.66,0.38,95,22,8,7,7.720000000000001,0.08126315789473684,-67.49,0.21052631578947367,0.18559189091347894,-69.04999999999997,0.1
0.75,0.3,10,95,31,64,0.3263157894736842,-0.6122105263157894,-58.16,0.19031045524154253,-58.62999999999999,0.1,-13.03,0.38,95,24,10,7,9.330000000000002,0.0982105263157895,-67.49,0.21052631578947367,0.18559189091347894,-69.04999999999997,0.1
0.75,0.3,12,95,31,64,0.3263157894736842,-0.612421052631579,-58.18,0.19003202004733397,-58.64999999999999,0.1,-13.03,0.38,95,25,10,8,9.31,0.098,-67.49,0.21052631578947367,0.18559189091347894,-69.04999999999997,0.1
0.75,0.4,2,95,21,74,0.22105263157894736,-0.6771578947368421,-64.33,0.1974800399201597,-65.88999999999997,0.1,-12.88,0.09,95,1,1,0,3.16,0.03326315789473684,-67.49,0.21052631578947367,0.18559189091347894,-69.04999999999997,0.1
0.75,0.4,3,95,23,72,0.24210526315789474,-0.6522105263157896,-61.96000000000001,0.22190129348235588,-63.689999999999976,0.1,-12.88,0.09,95,4,3,0,5.53,0.058210526315789476,-67.49,0.21052631578947367,0.18559189091347894,-69.04999999999997,0.1
0.75,0.4,4,95,24,71,0.25263157894736843,-0.6254736842105263,-59.42,0.22539434232824926,-61.52999999999999,0.2,-12.88,0.44,95,8,4,1,8.07,0.08494736842105263,-67.49,0.21052631578947367,0.18559189091347894,-69.04999999999997,0.2
0.75,0.4,5,95,25,70,0.2631578947368421,-0.6235789473684211,-59.24000000000001,0.21970495258166495,-61.34999999999998,0.2,-12.88,0.44,95,11,5,2,8.25,0.0868421052631579,-67.49,0.21052631578947367,0.18559189091347894,-69.04999999999997,0.2
0.75,0.4,6,95,25,70,0.2631578947368421,-0.650421052631579,-61.790000000000006,0.1861169652265543,-62.30999999999999,0.1,-13.74,0.44,95,13,5,4,5.700000000000001,0.06000000000000001,-67.49,0.21052631578947367,0.18559189091347894,-69.04999999999997,0.1
0.75,0.4,8,95,27,68,0.28421052631578947,-0.6437894736842105,-61.16,0.18464204772696974,-61.68,0.1,-13.34,0.44,95,19,6,6,6.33,0.06663157894736842,-67.49,0.21052631578947367,0.18559189091347894,-69.04999999999997,0.1
0.75,0.4,10,95,29,66,0.30526315789473685,-0.6332631578947369,-60.16,0.19204942250872956,-60.67999999999999,0.1,-12.709999999999999,0.44,95,22,8,7,7.330000000000001,0.07715789473684212,-67.49,0.21052631578947367,0.18559189091347894,-69.04999999999997,0.1
0.75,0.4,12,95,29,66,0.30526315789473685,-0.6334736842105263,-60.18,0.19178082191780826,-60.699999999999996,0.1,-12.709999999999999,0.44,95,23,8,8,7.3100000000000005,0.07694736842105264,-67.49,0.21052631578947367,0.18559189091347894,-69.04999999999997,0.1
0.8,-0.5,2,95,12,83,0.12631578947368421,-0.7027368421052632,-66.76,0.06590177696935778,-65.72000000000001,0.1,-16.3,0.09,89,34,15,10,0.7300000000000004,0.007684210526315794,-67.49,0.21052631578947367,0.18559189091347894,-69.04999999999997,0.1
0.8,-0.5,3,95,11,84,0.11578947368421053,-0.6933684210526316,-65.87,0.06646825396825395,-64.83,0.1,-16.3,0.09,89,39,17,13,1.6200000000000006,0.017052631578947375,-67.49,0.21052631578947367,0.18559189091347894,-69.04999999999997,0.1
0.8,-0.5,4,95,10,85,0.10526315789473684,-0.6904210526315789,-65.59,0.06353512278697887,-64.55000000000001,0.1,-16.3,0.09,89,43,19,14,1.9000000000000004,0.020000000000000004,-67.49,0.21052631578947367,0.18559189091347894,-69.04999999999997,0.1
0.8,-0.5,5,95,10,85,0.10526315789473684,-0.6845263157894736,-65.03,0.06404720782959127,-63.990000000000016,0.1,-16.02,0.09,89,46,22,14,2.4600000000000004,0.02589473684210527,-67.49,0.21052631578947367,0.18559189091347894,-69.04999999999997,0.1
0.8,-0.5,6,95,9,86,0.09473684210526316,-0.6922105263157895,-65.76,0.052858994670891536,-64.72,0.1,-16.02,0.09,89,48,23,15,1.7300000000000004,0.01821052631578948,-67.49,0.21052631578947367,0.18559189091347894,-69.04999999999997,0.1
0.8,-0.5,8,95,8,87,0.08421052631578947,-0.6925263157894738,-65.79,0.05133381398702235,-64.75,0.1,-16.02,0.09,89,51,24,16,1.7000000000000006,0.01789473684210527,-67.49,0.21052631578947367,0.18559189091347894,-69.04999999999997,0.1
0.8,-0.5,10,95,8,87,0.08421052631578947,-0.6837894736842106,-64.96000000000001,0.051955633391710436,-63.92000000000001,0.1,-15.35,0.09,89,53,26,16,2.53,0.02663157894736842,-67.49,0.21052631578947367,0.18559189091347894,-69.04999999999997,0.1
0.8,-0.5,12,95,8,87,0.08421052631578947,-0.6818947368421052,-64.78,0.052092478782557794,-63.740000000000016,0.1,-15.35,0.09,89,55,28,16,2.71,0.028526315789473684,-67.49,0.21052631578947367,0.18559189091347894,-69.04999999999997,0.1
0.8,-0.4,2,95,12,83,0.12631578947368421,-0.7115789473684211,-67.60000000000001,0.06513621905683863,-66.56,0.1,-16.49,0.09,89,29,13,10,-0.10999999999999943,-0.0011578947368420993,-67.49,0.21052631578947367,0.18559189091347894,-69.04999999999997,0.1
0.8,-0.4,3,95,11,84,0.11578947368421053,-0.7025263157894738,-66.74000000000001,0.06565868682626345,-65.7,0.1,-16.49,0.09,89,36,16,13,0.7500000000000001,0.007894736842105265,-67.49,0.21052631578947367,0.18559189091347894,-69.04999999999997,0.1
0.8,-0.4,4,95,11,84,0.11578947368421053,-0.7003157894736842,-66.53,0.0658522886829542,-65.49000000000001,0.1,-16.49,0.09,89,38,18,13,0.9600000000000001,0.010105263157894737,-67.49,0.21052631578947367,0.18559189091347894,-69.04999999999997,0.1
0.8,-0.4,5,95,10,85,0.10526315789473684,-0.7037894736842105,-66.86,0.06240358995933248,-65.82000000000001,0.1,-16.49,0.09,89,39,18,14,0.6299999999999998,0.006631578947368419,-67.49,0.21052631578947367,0.18559189091347894,-69.04999999999997,0.1
0.8,-0.4,6,95,9,86,0.09473684210526316,-0.6905263157894739,-65.60000000000002,0.05298108849429765,-64.56000000000002,0.1,-15.72,0.09,89,45,23,15,1.8899999999999995,0.019894736842105257,-67.49,0.21052631578947367,0.18559189091347894,-69.04999999999997,0.1
0.8,-0.4,8,95,8,87,0.08421052631578947,-0.6872631578947369,-65.29,0.051706608569353656,-64.25000000000001,0.1,-15.72,0.09,89,48,24,16,2.2,0.023157894736842106,-67.49,0.21052631578947367,0.18559189091347894,-69.04999999999997,0.1
0.8,-0.4,10,95,8,87,0.08421052631578947,-0.6855789473684212,-65.13000000000001,0.05182704906099868,-64.09000000000002,0.1,-15.72,0.09,89,49,25,16,2.3600000000000003,0.024842105263157898,-67.49,0.21052631578947367,0.18559189091347894,-69.04999999999997,0.1
0.8,-0.4,12,95,8,87,0.08421052631578947,-0.6746315789473685,-64.09,0.052623798965262356,-63.050000000000004,0.1,-15.72,0.09,89,52,28,16,3.3999999999999995,0.035789473684210524,-67.49,0.21052631578947367,0.18559189091347894,-69.04999999999997,0.1
0.8,-0.3,2,95,16,79,0.16842105263157894,-0.6798947368421053,-64.59,0.09372807632945136,-63.67999999999999,0.1,-14.7,0.09,89,22,11,8,2.9000000000000004,0.03052631578947369,-67.49,0.21052631578947367,0.18559189091347894,-69.04999999999997,0.1
0.8,-0.3,3,95,15,80,0.15789473684210525,-0.6626315789473685,-62.95,0.09385346192601124,-62.04,0.1,-14.63,0.09,89,30,16,11,4.54,0.04778947368421053,-67.49,0.21052631578947367,0.18559189091347894,-69.04999999999997,0.1
0.8,-0.3,4,95,15,80,0.15789473684210525,-0.6538947368421053,-62.120000000000005,0.09498834498834499,-61.21,0.1,-14.63,0.09,89,32,18,11,5.37,0.05652631578947369,-67.49,0.21052631578947367,0.18559189091347894,-69.04999999999997,0.1
0.8,-0.3,5,95,14,81,0.14736842105263157,-0.666842105263158,-63.35000000000001,0.07383040935672516,-62.49,0.1,-15.91,0.09,89,36,19,13,4.140000000000001,0.04357894736842106,-67.49,0.21052631578947367,0.18559189091347894,-69.04999999999997,0.1
0.8,-0.3,6,95,13,82,0.1368421052631579,-0.6617894736842106,-62.870000000000005,0.06359845099791481,-62.01,0.1,-15.5,0.09,89,39,21,14,4.62,0.04863157894736842,-67.49,0.21052631578947367,0.18559189091347894,-69.04999999999997,0.1
0.8,-0.3,8,95,13,82,0.1368421052631579,-0.6570526315789474,-62.42000000000001,0.06402759034337982,-61.559999999999995,0.1,-15.04,0.09,89,42,22,14,5.070000000000001,0.05336842105263159,-67.49,0.21052631578947367,0.18559189091347894,-69.04999999999997,0.1
0.8,-0.3,10,95,13,82,0.1368421052631579,-0.6468421052631579,-61.449999999999996,0.06554136253041362,-60.589999999999996,0.1,-15.04,0.09,89,44,23,14,6.04,0.06357894736842105,-67.49,0.21052631578947367,0.18559189091347894,-69.04999999999997,0.1
0.8,-0.3,12,95,13,82,0.1368421052631579,-0.6366315789473684,-60.480000000000004,0.06652261151412255,-59.620000000000005,0.1,-15.04,0.09,89,46,25,14,7.010000000000002,0.07378947368421054,-67.49,0.21052631578947367,0.18559189091347894,-69.04999999999997,0.1
0.8,-0.2,2,95,19,76,0.2,-0.6958947368421052,-66.11,0.1098693954490373,-65.66999999999999,0.1,-14.29,0.09,89,16,8,6,1.3799999999999997,0.01452631578947368,-67.49,0.21052631578947367,0.18559189091347894,-69.04999999999997,0.1
0.8,-0.2,3,95,17,78,0.17894736842105263,-0.6905263157894738,-65.60000000000001,0.09753748796258084,-64.78999999999999,0.1,-14.22,0.09,89,23,11,10,1.8900000000000003,0.019894736842105267,-67.49,0.21052631578947367,0.18559189091347894,-69.04999999999997,0.1
0.8,-0.2,4,95,18,77,0.18947368421052632,-0.6772631578947369,-64.34,0.09418555539912712,-63.52999999999999,0.1,-14.22,0.09,89,27,14,11,3.1500000000000004,0.03315789473684211,-67.49,0.21052631578947367,0.18559189091347894,-69.04999999999997,0.1
0.8,-0.2,5,95,17,78,0.17894736842105263,-0.6902105263157895,-65.57000000000001,0.0737392287046193,-64.80999999999999,0.1,-15.5,0.09,89,31,15,13,1.920000000000001,0.020210526315789484,-67.49,0.21052631578947367,0.18559189091347894,-69.04999999999997,0.1
0.8,-0.2,6,95,16,79,0.16842105263157894,-0.6795789473684211,-64.56,0.06434782608695651,-63.800000000000004,0.1,-15.5,0.09,89,33,16,14,2.9300000000000006,0.0308421052631579,-67.49,0.21052631578947367,0.18559189091347894,-69.04999999999997,0.1
0.8,-0.2,8,95,16,79,0.16842105263157894,-0.6765263157894738,-64.27000000000001,0.06461941493232425,-63.51000000000001,0.1,-15.5,0.09,89,35,17,14,3.2200000000000006,0.03389473684210527,-67.49,0.21052631578947367,0.18559189091347894,-69.04999999999997,0.1
0.8,-0.2,10,95,16,79,0.16842105263157894,-0.6668421052631578,-63.349999999999994,0.06604747162022702,-62.59,0.1,-14.709999999999999,0.09,89,39,20,14,4.1400000000000015,0.04357894736842107,-67.49,0.21052631578947367,0.18559189091347894,-69.04999999999997,0.1
0.8,-0.2,12,95,16,79,0.16842105263157894,-0.6605263157894737,-62.75,0.06663691804254052,-61.99,0.1,-14.709999999999999,0.09,89,40,21,14,4.740000000000001,0.049894736842105276,-67.49,0.21052631578947367,0.18559189091347894,-69.04999999999997,0.1
0.8,-0.1,2,95,22,73,0.23157894736842105,-0.7450526315789474,-70.78,0.10968553459119496,-70.33999999999997,0.1,-13.79,0.09,89,9,3,6,-3.2899999999999996,-0.034631578947368416,-67.49,0.21052631578947367,0.18559189091347894,-69.04999999999997,0.1
0.8,-0.1,3,95,24,71,0.25263157894736843,-0.6874736842105262,-65.30999999999999,0.12535154680594618,-64.86999999999998,0.1,-13.89,0.09,89,14,6,7,2.1800000000000006,0.022947368421052636,-67.49,0.21052631578947367,0.18559189091347894,-69.04999999999997,0.1
0.8,-0.1,4,95,27,68,0.28421052631578947,-0.6672631578947368,-63.38999999999999,0.12493097736057426,-63.34999999999998,0.1,-13.69,0.09,89,21,10,8,4.1000000000000005,0.04315789473684211,-67.49,0.21052631578947367,0.18559189091347894,-69.04999999999997,0.1
0.8,-0.1,5,95,26,69,0.2736842105263158,-0.6663157894736841,-63.29999999999999,0.10250957039557636,-63.30999999999999,0.2,-14.97,0.2,89,27,12,11,4.190000000000001,0.04410526315789475,-67.49,0.21052631578947367,0.18559189091347894,-69.04999999999997,0.2
0.8,-0.1,6,95,26,69,0.2736842105263158,-0.6463157894736842,-61.4,0.10534751566370393,-61.41,0.2,-14.97,0.2,89,28,13,11,6.090000000000002,0.06410526315789475,-67.49,0.21052631578947367,0.18559189091347894,-69.04999999999997,0.2
0.8,-0.1,8,95,27,68,0.28421052631578947,-0.6387368421052632,-60.68,0.10223405829264684,-60.98,0.2,-14.97,0.2,89,33,16,12,6.810000000000001,0.07168421052631581,-67.49,0.21052631578947367,0.18559189091347894,-69.04999999999997,0.2
0.8,-0.1,10,95,27,68,0.28421052631578947,-0.6221052631578946,-59.09999999999999,0.10522331566994701,-59.39999999999999,0.2,-14.18,0.2,89,37,19,12,8.39,0.08831578947368422,-67.49,0.21052631578947367,0.18559189091347894,-69.04999999999997,0.2
0.8,-0.1,12,95,27,68,0.28421052631578947,-0.6157894736842104,-58.49999999999999,0.10618792971734148,-58.8,0.2,-14.18,0.2,89,38,20,12,8.99,0.09463157894736843,-67.49,0.21052631578947367,0.18559189091347894,-69.04999999999997,0.2
0.8,0.0,2,95,23,72,0.24210526315789474,-0.7431578947368422,-70.60000000000001,0.11105514983631327,-70.15999999999998,0.1,-13.79,0.09,89,8,3,5,-3.1099999999999994,-0.032736842105263154,-67.49,0.21052631578947367,0.18559189091347894,-69.04999999999997,0.1
0.8,0.0,3,95,25,70,0.2631578947368421,-0.6848421052631578,-65.05999999999999,0.12659417371459258,-64.61999999999998,0.1,-13.79,0.09,89,13,6,7,2.4300000000000006,0.02557894736842106,-67.49,0.21052631578947367,0.18559189091347894,-69.04999999999997,0.1
0.8,0.0,4,95,28,67,0.29473684210526313,-0.6667368421052631,-63.339999999999996,0.1258625448523323,-63.299999999999976,0.1,-13.79,0.09,89,19,9,8,4.15,0.04368421052631579,-67.49,0.21052631578947367,0.18559189091347894,-69.04999999999997,0.1
0.8,0.0,5,95,31,64,0.3263157894736842,-0.655578947368421,-62.279999999999994,0.11722182849043232,-62.28999999999999,0.2,-14.68,0.2,89,24,11,9,5.210000000000002,0.054842105263157914,-67.49,0.21052631578947367,0.18559189091347894,-69.04999999999997,0.2
0.8,0.0,6,95,31,64,0.3263157894736842,-0.655578947368421,-62.279999999999994,0.11722182849043232,-62.28999999999999,0.2,-14.68,0.2,89,24,11,9,5.210000000000002,0.054842105263157914,-67.49,0.21052631578947367,0.18559189091347894,-69.04999999999997,0.2
0.8,0.0,8,95,34,61,0.35789473684210527,-0.6186315789473684,-58.769999999999996,0.13228997490033959,-59.069999999999986,0.2,-14.68,0.2,89,28,14,10,8.72,0.09178947368421053,-67.49,0.21052631578947367,0.18559189091347894,-69.04999999999997,0.2
0.8,0.0,10,95,35,60,0.3684210526315789,-0.6123157894736841,-58.169999999999995,0.1386050644158152,-58.469999999999985,0.2,-14.05,0.2,89,31,15,11,9.320000000000002,0.09810526315789476,-67.49,0.21052631578947367,0.18559189091347894,-69.04999999999997,0.2
0.8,0.0,12,95,35,60,0.3684210526315789,-0.6156842105263158,-58.49,0.1338664297349326,-58.789999999999985,0.2,-14.05,0.2,89,32,15,12,9.000000000000002,0.09473684210526317,-67.49,0.21052631578947367,0.18559189091347894,-69.04999999999997,0.2
0.8,0.1,2,95,23,72,0.24210526315789474,-0.7142105263157894,-67.85,0.1456811886174767,-69.40999999999998,0.1,-13.59,0.09,89,6,3,3,-0.35999999999999965,-0.0037894736842105227,-67.49,0.21052631578947367,0.18559189091347894,-69.04999999999997,0.1
0.8,0.1,3,95,24,71,0.25263157894736843,-0.7172631578947368,-68.14,0.13714068633658355,-68.05999999999999,0.1,-13.59,0.09,89,8,4,4,-0.6499999999999995,-0.006842105263157889,-67.49,0.21052631578947367,0.18559189091347894,-69.04999999999997,0.1
0.8,0.1,4,95,25,70,0.2631578947368421,-0.6870526315789471,-65.26999999999998,0.14174884944115712,-65.56999999999996,0.1,-13.59,0.09,89,13,5,6,2.2200000000000006,0.023368421052631587,-67.49,0.21052631578947367,0.18559189091347894,-69.04999999999997,0.1
0.8,0.1,5,95,29,66,0.30526315789473685,-0.6568421052631579,-62.4,0.14508836826962598,-62.75,0.2,-14.51,0.2,89,19,9,7,5.090000000000001,0.05357894736842106,-67.49,0.21052631578947367,0.18559189091347894,-69.04999999999997,0.2
0.8,0.1,6,95,29,66,0.30526315789473685,-0.6568421052631579,-62.4,0.14508836826962598,-62.75,0.2,-14.51,0.2,89,19,9,7,5.090000000000001,0.05357894736842106,-67.49,0.21052631578947367,0.18559189091347894,-69.04999999999997,0.2
0.8,0.1,8,95,33,62,0.3473684210526316,-0.6147368421052631,-58.4,0.16773549950121136,-59.03999999999999,0.2,-14.11,0.2,89,25,12,8,9.090000000000003,0.09568421052631583,-67.49,0.21052631578947367,0.18559189091347894,-69.04999999999997,0.2
0.8,0.1,10,95,34,61,0.35789473684210527,-0.608421052631579,-57.800000000000004,0.1739316850078605,-58.43999999999999,0.2,-13.48,0.2,89,28,13,9,9.690000000000001,0.10200000000000001,-67.49,0.21052631578947367,0.18559189091347894,-69.04999999999997,0.2
0.8,0.1,12,95,34,61,0.35789473684210527,-0.6117894736842105,-58.12,0.16935829641274833,-58.75999999999999,0.2,-13.48,0.2,89,29,13,10,9.370000000000001,0.09863157894736843,-67.49,0.21052631578947367,0.18559189091347894,-69.04999999999997,0.2
0.8,0.2,2,95,22,73,0.23157894736842105,-0.7153684210526317,-67.96000000000001,0.15134865134865133,-69.51999999999998,0.1,-13.59,0.09,89,4,2,2,-0.47,-0.004947368421052632,-67.49,0.21052631578947367,0.18559189091347894,-69.04999999999997,0.1
0.8,0.2,3,95,24,71,0.25263157894736843,-0.7148421052631578,-67.91,0.14005318475370399,-67.82999999999998,0.1,-13.59,0.09,89,8,4,4,-0.41999999999999993,-0.004421052631578946,-67.49,0.21052631578947367,0.18559189091347894,-69.04999999999997,0.1
0.8,0.2,4,95,25,70,0.2631578947368421,-0.6846315789473684,-65.03999999999999,0.14477317554240632,-65.33999999999997,0.1,-13.59,0.09,89,13,5,6,2.4500000000000006,0.025789473684210532,-67.49,0.21052631578947367,0.18559189091347894,-69.04999999999997,0.1
0.8,0.2,5,95,27,68,0.28421052631578947,-0.6643157894736843,-63.11000000000001,0.14206090266449156,-63.40999999999999,0.2,-14.87,0.2,89,16,7,7,4.380000000000001,0.046105263157894746,-67.49,0.21052631578947367,0.18559189091347894,-69.04999999999997,0.2
0.8,0.2,6,95,29,66,0.30526315789473685,-0.6513684210526316,-61.88,0.1522126318673791,-62.40999999999999,0.2,-14.45,0.2,89,19,9,7,5.61,0.05905263157894737,-67.49,0.21052631578947367,0.18559189091347894,-69.04999999999997,0.2
0.8,0.2,8,95,33,62,0.3473684210526316,-0.6067368421052631,-57.64,0.1785663388912641,-58.45999999999999,0.2,-14.049999999999999,0.2,89,25,12,8,9.850000000000001,0.10368421052631581,-67.49,0.21052631578947367,0.18559189091347894,-69.04999999999997,0.2
0.8,0.2,10,95,34,61,0.35789473684210527,-0.6001052631578947,-57.01,0.18522223810204375,-57.829999999999984,0.2,-13.42,0.2,89,26,13,8,10.480000000000004,0.11031578947368426,-67.49,0.21052631578947367,0.18559189091347894,-69.04999999999997,0.2
0.8,0.2,12,95,34,61,0.35789473684210527,-0.6034736842105264,-57.330000000000005,0.18064884950693155,-58.149999999999984,0.2,-13.42,0.2,89,28,13,9,10.160000000000004,0.10694736842105267,-67.49,0.21052631578947367,0.18559189091347894,-69.04999999999997,0.2
0.8,0.3,2,95,21,74,0.22105263157894736,-0.6771578947368421,-64.33,0.1974800399201597,-65.88999999999997,0.1,-12.88,0.09,89,1,1,0,3.16,0.03326315789473684,-67.49,0.21052631578947367,0.18559189091347894,-69.04999999999997,0.1
0.8,0.3,3,95,23,72,0.24210526315789474,-0.6712631578947369,-63.77000000000001,0.19917116664573653,-63.68999999999998,0.1,-12.88,0.09,89,4,3,1,3.7200000000000006,0.039157894736842114,-67.49,0.21052631578947367,0.18559189091347894,-69.04999999999997,0.1
0.8,0.3,4,95,24,71,0.25263157894736843,-0.6758947368421052,-64.21,0.16295137530960763,-64.50999999999998,0.1,-12.88,0.09,89,10,4,4,3.2800000000000007,0.03452631578947369,-67.49,0.21052631578947367,0.18559189091347894,-69.04999999999997,0.1
0.8,0.3,5,95,25,70,0.2631578947368421,-0.675578947368421,-64.17999999999999,0.15463645943098,-64.47999999999998,0.1,-14.059999999999999,0.09,89,12,5,5,3.310000000000001,0.0348421052631579,-67.49,0.21052631578947367,0.18559189091347894,-69.04999999999997,0.1
0.8,0.3,6,95,25,70,0.2631578947368421,-0.6731578947368421,-63.949999999999996,0.15766596417281353,-64.47999999999998,0.1,-14.059999999999999,0.09,89,13,5,5,3.540000000000001,0.03726315789473685,-67.49,0.21052631578947367,0.18559189091347894,-69.04999999999997,0.1
0.8,0.3,8,95,29,66,0.30526315789473685,-0.6266315789473684,-59.53,0.18384973951192762,-60.05999999999999,0.1,-13.66,0.09,89,19,8,6,7.960000000000001,0.08378947368421054,-67.49,0.21052631578947367,0.18559189091347894,-69.04999999999997,0.1
0.8,0.3,10,95,30,65,0.3157894736842105,-0.6200000000000001,-58.900000000000006,0.1902667033269178,-59.429999999999986,0.1,-13.03,0.09,89,20,9,6,8.590000000000002,0.09042105263157897,-67.49,0.21052631578947367,0.18559189091347894,-69.04999999999997,0.1
0.8,0.3,12,95,30,65,0.3157894736842105,-0.6202105263157895,-58.92,0.1899917514434974,-59.44999999999998,0.1,-13.03,0.09,89,21,9,7,8.570000000000002,0.09021052631578949,-67.49,0.21052631578947367,0.18559189091347894,-69.04999999999997,0.1
0.8,0.4,2,95,21,74,0.22105263157894736,-0.6771578947368421,-64.33,0.1974800399201597,-65.88999999999997,0.1,-12.88,0.09,89,1,1,0,3.16,0.03326315789473684,-67.49,0.21052631578947367,0.18559189091347894,-69.04999999999997,0.1
0.8,0.4,3,95,23,72,0.24210526315789474,-0.6540000000000001,-62.13000000000001,0.21976641969107116,-63.68999999999998,0.1,-12.88,0.09,89,3,3,0,5.36,0.05642105263157895,-67.49,0.21052631578947367,0.18559189091347894,-69.04999999999997,0.1
0.8,0.4,4,95,24,71,0.25263157894736843,-0.6309473684210526,-59.94,0.2186155651153696,-61.87999999999998,0.1,-12.88,0.09,89,7,4,1,7.550000000000001,0.07947368421052632,-67.49,0.21052631578947367,0.18559189091347894,-69.04999999999997,0.1
0.8,0.4,5,95,25,70,0.2631578947368421,-0.6290526315789474,-59.760000000000005,0.2128556375131718,-61.69999999999998,0.1,-12.88,0.09,89,9,5,2,7.73,0.08136842105263159,-67.49,0.21052631578947367,0.18559189091347894,-69.04999999999997,0.1
0.8,0.4,6,95,25,70,0.2631578947368421,-0.6558947368421053,-62.31,0.17926765015806118,-62.65999999999999,0.1,-13.74,0.09,89,11,5,4,5.180000000000001,0.054526315789473694,-67.49,0.21052631578947367,0.18559189091347894,-69.04999999999997,0.1
0.8,0.4,8,95,27,68,0.28421052631578947,-0.6411578947368421,-60.910000000000004,0.19399232499669178,-61.55999999999998,0.1,-13.34,0.09,89,16,6,5,6.58,0.06926315789473685,-67.49,0.21052631578947367,0.18559189091347894,-69.04999999999997,0.1
0.8,0.4,10,95,28,67,0.29473684210526313,-0.6409473684210526,-60.89,0.19211888019105744,-61.53999999999998,0.1,-12.790000000000001,0.09,89,18,7,6,6.600000000000001,0.06947368421052633,-67.49,0.21052631578947367,0.18559189091347894,-69.04999999999997,0.1
0.8,0.4,12,95,28,67,0.29473684210526313,-0.641157894736842,-60.91,0.19185352262173277,-61.55999999999998,0.1,-12.790000000000001,0.09,89,19,7,7,6.580000000000002,0.06926315789473686,-67.49,0.21052631578947367,0.18559189091347894,-69.04999999999997,0.1
0.85,-0.5,2,95,15,80,0.15789473684210525,-0.7321052631578948,-69.55000000000001,0.11389985985475855,-70.53999999999998,0.1,-14.620000000000001,0.09,79,18,6,7,-2.0599999999999996,-0.021684210526315785,-67.49,0.21052631578947367,0.18559189091347894,-69.04999999999997,0.1
0.85,-0.5,3,95,15,80,0.15789473684210525,-0.7080000000000001,-67.26,0.1182485579444153,-68.24999999999997,0.1,-13.68,0.09,79,24,10,9,0.23000000000000093,0.002421052631578957,-67.49,0.21052631578947367,0.18559189091347894,-69.04999999999997,0.1
0.85,-0.5,4,95,14,81,0.14736842105263157,-0.7108421052631579,-67.53,0.11505700432446599,-68.51999999999997,0.1,-13.57,0.09,79,28,12,10,-0.03999999999999909,-0.0004210526315789378,-67.49,0.21052631578947367,0.18559189091347894,-69.04999999999997,0.1
0.85,-0.5,5,95,14,81,0.14736842105263157,-0.7092631578947368,-67.38,0.11528361344537814,-68.36999999999996,0.1,-13.42,0.09,79,29,13,10,0.11000000000000093,0.0011578947368421151,-67.49,0.21052631578947367,0.18559189091347894,-69.04999999999997,0.1
0.85,-0.5,6,95,12,83,0.12631578947368421,-0.723578947368421,-68.74,0.1030793319415449,-69.72999999999998,0.1,-13.42,0.09,79,31,13,12,-1.2499999999999993,-0.013157894736842098,-67.49,0.21052631578947367,0.18559189091347894,-69.04999999999997,0.1
0.85,-0.5,8,95,11,84,0.11578947368421053,-0.7238947368421053,-68.77,0.10175026123301988,-69.75999999999998,0.1,-13.42,0.09,79,34,14,13,-1.2799999999999991,-0.013473684210526306,-67.49,0.21052631578947367,0.18559189091347894,-69.04999999999997,0.1
0.85,-0.5,10,95,11,84,0.11578947368421053,-0.7136842105263156,-67.79999999999998,0.1030559597830401,-68.78999999999996,0.1,-13.28,0.09,79,37,17,13,-0.3099999999999991,-0.003263157894736833,-67.49,0.21052631578947367,0.18559189091347894,-69.04999999999997,0.1
0.85,-0.5,12,95,11,84,0.11578947368421053,-0.7132631578947367,-67.75999999999999,0.10311052283256122,-68.74999999999997,0.1,-13.28,0.09,79,38,18,13,-0.2699999999999991,-0.002842105263157885,-67.49,0.21052631578947367,0.18559189091347894,-69.04999999999997,0.1
0.85,-0.4,2,95,15,80,0.15789473684210525,-0.7450526315789474,-70.78,0.11214249874560961,-71.86999999999999,0.1,-14.440000000000001,0.09,79,14,4,7,-3.29,-0.03463157894736842,-67.49,0.21052631578947367,0.18559189091347894,-69.04999999999997,0.1
0.85,-0.4,3,95,15,80,0.15789473684210525,-0.7313684210526318,-69.48000000000002,0.11490445859872611,-70.56999999999998,0.1,-13.87,0.09,79,20,7,9,-1.9899999999999998,-0.020947368421052628,-67.49,0.21052631578947367,0.18559189091347894,-69.04999999999997,0.1
0.85,-0.4,4,95,15,80,0.15789473684210525,-0.7295789473684212,-69.31000000000002,0.11515383633346099,-70.39999999999998,0.1,-13.87,0.09,79,21,8,9,-1.8199999999999998,-0.019157894736842103,-67.49,0.21052631578947367,0.18559189091347894,-69.04999999999997,0.1
0.85,-0.4,5,95,14,81,0.14736842105263157,-0.7191578947368422,-68.32000000000001,0.1138780804150454,-69.40999999999997,0.1,-13.51,0.09,79,24,10,10,-0.8299999999999992,-0.008736842105263149,-67.49,0.21052631578947367,0.18559189091347894,-69.04999999999997,0.1
0.85,-0.4,6,95,12,83,0.12631578947368421,-0.7247368421052632,-68.85000000000001,0.10293159609120521,-69.93999999999998,0.1,-13.19,0.09,79,29,13,12,-1.3599999999999994,-0.014315789473684205,-67.49,0.21052631578947367,0.18559189091347894,-69.04999999999997,0.1
0.85,-0.4,8,95,11,84,0.11578947368421053,-0.7214736842105264,-68.54,0.1020568583780951,-69.63,0.1,-13.19,0.09,79,32,14,13,-1.0499999999999998,-0.011052631578947366,-67.49,0.21052631578947367,0.18559189091347894,-69.04999999999997,0.1
0.85,-0.4,10,95,11,84,0.11578947368421053,-0.712,-67.64,0.10327455919395465,-68.72999999999999,0.1,-13.1,0.09,79,35,17,13,-0.14999999999999963,-0.0015789473684210487,-67.49,0.21052631578947367,0.18559189091347894,-69.04999999999997,0.1
0.85,-0.4,12,95,11,84,0.11578947368421053,-0.712,-67.64,0.10327455919395465,-68.72999999999999,0.1,-13.1,0.09,79,35,17,13,-0.14999999999999963,-0.0015789473684210487,-67.49,0.21052631578947367,0.18559189091347894,-69.04999999999997,0.1
0.85,-0.3,2,95,18,77,0.18947368421052632,-0.7151578947368421,-67.94,0.13803603146409543,-69.02999999999999,0.1,-13.43,0.09,79,10,3,5,-0.44999999999999996,-0.004736842105263157,-67.49,0.21052631578947367,0.18559189091347894,-69.04999999999997,0.1
0.85,-0.3,3,95,17,78,0.17894736842105263,-0.7048421052631578,-66.96,0.13800205973223484,-68.04999999999997,0.1,-12.959999999999999,0.09,79,16,6,8,0.5300000000000002,0.005578947368421055,-67.49,0.21052631578947367,0.18559189091347894,-69.04999999999997,0.1
0.85,-0.3,4,95,17,78,0.17894736842105263,-0.7165263157894736,-68.07,0.12179073667913819,-69.15999999999997,0.1,-13.44,0.09,79,18,7,9,-0.5799999999999996,-0.0061052631578947325,-67.49,0.21052631578947367,0.18559189091347894,-69.04999999999997,0.1
0.85,-0.3,5,95,16,79,0.16842105263157894,-0.7098947368421052,-67.44,0.12004175365344469,-68.52999999999996,0.1,-13.44,0.09,79,20,8,10,0.05000000000000021,0.0005263157894736865,-67.49,0.21052631578947367,0.18559189091347894,-69.04999999999997,0.1
0.85,-0.3,6,95,15,80,0.15789473684210525,-0.7101052631578947,-67.46,0.11096468107538214,-68.54999999999997,0.1,-12.8,0.09,79,23,10,11,0.030000000000000193,0.00031578947368421254,-67.49,0.21052631578947367,0.18559189091347894,-69.04999999999997,0.1
0.85,-0.3,8,95,15,80,0.15789473684210525,-0.7106315789473683,-67.50999999999999,0.11042298062985897,-68.59999999999998,0.1,-12.81,0.09,79,27,10,12,-0.01999999999999985,-0.00021052631578947212,-67.49,0.21052631578947367,0.18559189091347894,-69.04999999999997,0.1
0.85,-0.3,10,95,15,80,0.15789473684210525,-0.6945263157894735,-65.97999999999999,0.11269499731038189,-67.06999999999998,0.1,-12.81,0.09,79,29,12,12,1.5100000000000002,0.015894736842105267,-67.49,0.21052631578947367,0.18559189091347894,-69.04999999999997,0.1
0.85,-0.3,12,95,15,80,0.15789473684210525,-0.6906315789473683,-65.60999999999999,0.11325854845249356,-66.69999999999997,0.1,-12.57,0.09,79,30,13,12,1.8800000000000001,0.019789473684210527,-67.49,0.21052631578947367,0.18559189091347894,-69.04999999999997,0.1
0.85,-0.2,2,95,20,75,0.21052631578947367,-0.711578947368421,-67.6,0.15436577433074805,-69.15999999999997,0.2,-13.43,0.15999999999999992,79,6,2,3,-0.10999999999999965,-0.0011578947368421017,-67.49,0.21052631578947367,0.18559189091347894,-69.04999999999997,0.2
0.85,-0.2,3,95,18,77,0.18947368421052632,-0.7226315789473685,-68.65,0.14101601601601602,-69.83999999999997,0.1,-13.850000000000001,0.09,79,12,4,7,-1.1599999999999997,-0.01221052631578947,-67.49,0.21052631578947367,0.18559189091347894,-69.04999999999997,0.1
0.85,-0.2,4,95,17,78,0.17894736842105263,-0.7434736842105264,-70.63000000000001,0.11789684026476834,-71.81999999999998,0.1,-13.850000000000001,0.09,79,14,4,9,-3.1399999999999992,-0.03305263157894736,-67.49,0.21052631578947367,0.18559189091347894,-69.04999999999997,0.1
0.85,-0.2,5,95,16,79,0.16842105263157894,-0.7469473684210526,-70.96,0.11477045908183632,-72.14999999999998,0.1,-13.850000000000001,0.09,79,15,4,10,-3.4699999999999993,-0.03652631578947368,-67.49,0.21052631578947367,0.18559189091347894,-69.04999999999997,0.1
0.85,-0.2,6,95,15,80,0.15789473684210525,-0.7363157894736843,-69.95,0.10743907107311468,-71.13999999999999,0.1,-13.850000000000001,0.09,79,17,5,11,-2.459999999999999,-0.025894736842105255,-67.49,0.21052631578947367,0.18559189091347894,-69.04999999999997,0.1
0.85,-0.2,8,95,15,80,0.15789473684210525,-0.7336842105263158,-69.7,0.10732581967213113,-70.88999999999999,0.1,-13.850000000000001,0.09,79,21,6,12,-2.2099999999999995,-0.023263157894736836,-67.49,0.21052631578947367,0.18559189091347894,-69.04999999999997,0.1
0.85,-0.2,10,95,15,80,0.15789473684210525,-0.7181052631578949,-68.22000000000001,0.10939947780678849,-69.41,0.1,-13.76,0.09,79,25,10,12,-0.7299999999999991,-0.00768421052631578,-67.49,0.21052631578947367,0.18559189091347894,-69.04999999999997,0.1
0.85,-0.2,12,95,15,80,0.15789473684210525,-0.7181052631578949,-68.22000000000001,0.10939947780678849,-69.41,0.1,-13.76,0.09,79,25,10,12,-0.7299999999999991,-0.00768421052631578,-67.49,0.21052631578947367,0.18559189091347894,-69.04999999999997,0.1
0.85,-0.1,2,95,21,74,0.22105263157894736,-0.7123157894736841,-67.66999999999999,0.15686518813854972,-69.22999999999998,0.1,-13.43,0.09,79,5,1,3,-0.17999999999999972,-0.0018947368421052603,-67.49,0.21052631578947367,0.18559189091347894,-69.04999999999997,0.1
0.85,-0.1,3,95,22,73,0.23157894736842105,-0.7009473684210525,-66.58999999999999,0.16564340308232048,-68.14999999999998,0.1,-13.43,0.09,79,7,2,4,0.9000000000000001,0.009473684210526316,-67.49,0.21052631578947367,0.18559189091347894,-69.04999999999997,0.1
0.85,-0.1,4,95,22,73,0.23157894736842105,-0.7173684210526315,-68.14999999999999,0.1439517648536616,-70.08999999999997,0.1,-13.39,0.09,79,12,3,6,-0.659999999999999,-0.006947368421052621,-67.49,0.21052631578947367,0.18559189091347894,-69.04999999999997,0.1
0.85,-0.1,5,95,20,75,0.21052631578947367,-0.7269473684210525,-69.05999999999999,0.13382666499435592,-70.99999999999997,0.1,-13.39,0.09,79,14,3,8,-1.5699999999999992,-0.016526315789473677,-67.49,0.21052631578947367,0.18559189091347894,-69.04999999999997,0.1
0.85,-0.1,6,95,20,75,0.21052631578947367,-0.7069473684210525,-67.16,0.13709366568161374,-69.09999999999998,0.1,-13.39,0.09,79,15,4,8,0.3300000000000005,0.003473684210526321,-67.49,0.21052631578947367,0.18559189091347894,-69.04999999999997,0.1
0.85,-0.1,8,95,20,75,0.21052631578947367,-0.7107368421052631,-67.52,0.1292236265153469,-69.45999999999998,0.1,-13.39,0.09,79,20,5,10,-0.029999999999998916,-0.00031578947368419915,-67.49,0.21052631578947367,0.18559189091347894,-69.04999999999997,0.1
0.85,-0.1,10,95,20,75,0.21052631578947367,-0.6961052631578947,-66.13,0.13158240315167433,-68.06999999999998,0.1,-13.39,0.09,79,23,8,10,1.360000000000001,0.014315789473684221,-67.49,0.21052631578947367,0.18559189091347894,-69.04999999999997,0.1
0.85,-0.1,12,95,20,75,0.21052631578947367,-0.6961052631578947,-66.13,0.13158240315167433,-68.06999999999998,0.1,-13.39,0.09,79,23,8,10,1.360000000000001,0.014315789473684221,-67.49,0.21052631578947367,0.18559189091347894,-69.04999999999997,0.1
0.85,0.0,2,95,21,74,0.22105263157894736,-0.7112631578947368,-67.57,0.15706087824351295,-69.12999999999997,0.1,-13.43,0.09,79,4,1,3,-0.07999999999999963,-0.0008421052631578908,-67.49,0.21052631578947367,0.18559189091347894,-69.04999999999997,0.1
0.85,0.0,3,95,22,73,0.23157894736842105,-0.6998947368421052,-66.49,0.16585121063856476,-68.04999999999997,0.1,-13.43,0.09,79,6,2,4,1.0000000000000002,0.010526315789473686,-67.49,0.21052631578947367,0.18559189091347894,-69.04999999999997,0.1
0.85,0.0,4,95,23,72,0.24210526315789474,-0.7181052631578947,-68.22,0.1441475348136996,-70.15999999999997,0.1,-13.39,0.09,79,11,2,6,-0.7299999999999989,-0.007684210526315778,-67.49,0.21052631578947367,0.18559189091347894,-69.04999999999997,0.1
0.85,0.0,5,95,24,71,0.25263157894736843,-0.7143157894736842,-67.86,0.14641509433962266,-69.79999999999997,0.1,-13.39,0.09,79,12,3,6,-0.369999999999999,-0.0038947368421052525,-67.49,0.21052631578947367,0.18559189091347894,-69.04999999999997,0.1
0.85,0.0,6,95,24,71,0.25263157894736843,-0.7143157894736842,-67.86,0.14641509433962266,-69.79999999999997,0.1,-13.39,0.09,79,12,3,6,-0.369999999999999,-0.0038947368421052525,-67.49,0.21052631578947367,0.18559189091347894,-69.04999999999997,0.1
0.85,0.0,8,95,25,70,0.2631578947368421,-0.6964210526315789,-66.16,0.14665290855152846,-68.09999999999998,0.1,-13.39,0.09,79,16,4,8,1.3300000000000014,0.014000000000000014,-67.49,0.21052631578947367,0.18559189091347894,-69.04999999999997,0.1
0.85,0.0,10,95,26,69,0.2736842105263158,-0.6905263157894737,-65.6,0.15168757274020434,-67.53999999999996,0.1,-13.39,0.09,79,18,5,9,1.890000000000001,0.019894736842105274,-67.49,0.21052631578947367,0.18559189091347894,-69.04999999999997,0.1
0.85,0.0,12,95,26,69,0.2736842105263158,-0.6938947368421052,-65.92,0.14754946333893704,-67.85999999999997,0.1,-13.39,0.09,79,19,5,10,1.5700000000000007,0.01652631578947369,-67.49,0.21052631578947367,0.18559189091347894,-69.04999999999997,0.1
0.85,0.1,2,95,21,74,0.22105263157894736,-0.7054736842105263,-67.02,0.16392215568862276,-68.57999999999997,0.1,-12.88,0.09,79,3,1,2,0.47,0.004947368421052632,-67.49,0.21052631578947367,0.18559189091347894,-69.04999999999997,0.1
0.85,0.1,3,95,22,73,0.23157894736842105,-0.6912631578947367,-65.66999999999999,0.17613850207000373,-67.22999999999996,0.1,-12.88,0.09,79,4,2,2,1.8200000000000005,0.01915789473684211,-67.49,0.21052631578947367,0.18559189091347894,-69.04999999999997,0.1
0.85,0.1,4,95,22,73,0.23157894736842105,-0.7108421052631577,-67.52999999999999,0.15280391418893485,-69.46999999999997,0.1,-13.27,0.09,79,9,2,5,-0.03999999999999915,-0.0004210526315789384,-67.49,0.21052631578947367,0.18559189091347894,-69.04999999999997,0.1
0.85,0.1,5,95,23,72,0.24210526315789474,-0.7070526315789473,-67.16999999999999,0.1550943396226415,-69.10999999999997,0.1,-12.91,0.09,79,10,3,5,0.3200000000000012,0.0033684210526315913,-67.49,0.21052631578947367,0.18559189091347894,-69.04999999999997,0.1
0.85,0.1,6,95,23,72,0.24210526315789474,-0.7070526315789473,-67.16999999999999,0.1550943396226415,-69.10999999999997,0.1,-12.91,0.09,79,10,3,5,0.3200000000000012,0.0033684210526315913,-67.49,0.21052631578947367,0.18559189091347894,-69.04999999999997,0.1
0.85,0.1,8,95,25,70,0.2631578947368421,-0.683157894736842,-64.89999999999999,0.162904682058558,-66.83999999999997,0.1,-12.75,0.09,79,15,4,6,2.590000000000002,0.027263157894736864,-67.49,0.21052631578947367,0.18559189091347894,-69.04999999999997,0.1
0.85,0.1,10,95,26,69,0.2736842105263158,-0.6772631578947369,-64.34,0.16798137850769432,-66.27999999999999,0.1,-12.75,0.09,79,18,5,7,3.150000000000001,0.033157894736842115,-67.49,0.21052631578947367,0.18559189091347894,-69.04999999999997,0.1
0.85,0.1,12,95,26,69,0.2736842105263158,-0.6806315789473684,-64.66,0.16384326910642702,-66.59999999999998,0.1,-12.75,0.09,79,19,5,8,2.8300000000000005,0.029789473684210532,-67.49,0.21052631578947367,0.18559189091347894,-69.04999999999997,0.1
0.85,0.2,2,95,21,74,0.22105263157894736,-0.6985263157894737,-66.36,0.1721556886227545,-67.91999999999997,0.1,-12.88,0.09,79,2,1,1,1.1300000000000001,0.011894736842105265,-67.49,0.21052631578947367,0.18559189091347894,-69.04999999999997,0.1
0.85,0.2,3,95,22,73,0.23157894736842105,-0.6904210526315788,-65.58999999999999,0.1771421402584368,-67.14999999999996,0.1,-12.88,0.09,79,4,2,2,1.9000000000000001,0.02,-67.49,0.21052631578947367,0.18559189091347894,-69.04999999999997,0.1
0.85,0.2,4,95,22,73,0.23157894736842105,-0.7099999999999999,-67.44999999999999,0.15380755237736793,-69.38999999999997,0.1,-13.27,0.09,79,9,2,5,0.04000000000000048,0.00042105263157895243,-67.49,0.21052631578947367,0.18559189091347894,-69.04999999999997,0.1
0.85,0.2,5,95,22,73,0.23157894736842105,-0.7099999999999999,-67.44999999999999,0.15380755237736793,-69.38999999999997,0.1,-13.27,0.09,79,9,2,5,0.04000000000000048,0.00042105263157895243,-67.49,0.21052631578947367,0.18559189091347894,-69.04999999999997,0.1
0.85,0.2,6,95,23,72,0.24210526315789474,-0.7055789473684209,-67.02999999999999,0.15685534591194966,-68.96999999999997,0.1,-12.85,0.09,79,10,3,5,0.4600000000000004,0.004842105263157899,-67.49,0.21052631578947367,0.18559189091347894,-69.04999999999997,0.1
0.85,0.2,8,95,25,70,0.2631578947368421,-0.6795789473684211,-64.56,0.16729008125886755,-66.49999999999997,0.1,-12.75,0.09,79,14,4,6,2.9300000000000015,0.03084210526315791,-67.49,0.21052631578947367,0.18559189091347894,-69.04999999999997,0.1
0.85,0.2,10,95,26,69,0.2736842105263158,-0.6729473684210526,-63.93,0.17328333117806805,-65.86999999999998,0.1,-12.75,0.09,79,15,5,6,3.5600000000000005,0.03747368421052632,-67.49,0.21052631578947367,0.18559189091347894,-69.04999999999997,0.1
0.85,0.2,12,95,26,69,0.2736842105263158,-0.6763157894736842,-64.25,0.16914522177680075,-66.18999999999997,0.1,-12.75,0.09,79,17,5,7,3.240000000000001,0.03410526315789475,-67.49,0.21052631578947367,0.18559189091347894,-69.04999999999997,0.1
0.85,0.3,2,95,21,74,0.22105263157894736,-0.6771578947368421,-64.33,0.1974800399201597,-65.88999999999997,0.1,-12.88,0.09,79,1,1,0,3.16,0.03326315789473684,-67.49,0.21052631578947367,0.18559189091347894,-69.04999999999997,0.1
0.85,0.3,3,95,22,73,0.23157894736842105,-0.6811578947368421,-64.71,0.18818216033120058,-66.26999999999998,0.1,-12.88,0.09,79,3,2,1,2.78,0.02926315789473684,-67.49,0.21052631578947367,0.18559189091347894,-69.04999999999997,0.1
0.85,0.3,4,95,22,73,0.23157894736842105,-0.7001052631578947,-66.50999999999999,0.16560030109145651,-68.44999999999997,0.1,-13.27,0.09,79,7,2,3,0.9800000000000004,0.010315789473684216,-67.49,0.21052631578947367,0.18559189091347894,-69.04999999999997,0.1
0.85,0.3,5,95,22,73,0.23157894736842105,-0.7001052631578947,-66.50999999999999,0.16560030109145651,-68.44999999999997,0.1,-13.27,0.09,79,7,2,3,0.9800000000000004,0.010315789473684216,-67.49,0.21052631578947367,0.18559189091347894,-69.04999999999997,0.1
0.85,0.3,6,95,22,73,0.23157894736842105,-0.7001052631578947,-66.50999999999999,0.16560030109145651,-68.44999999999997,0.1,-13.27,0.09,79,7,2,3,0.9800000000000004,0.010315789473684216,-67.49,0.21052631578947367,0.18559189091347894,-69.04999999999997,0.1
0.85,0.3,8,95,24,71,0.25263157894736843,-0.6741052631578948,-64.04,0.17622845382042707,-65.97999999999998,0.1,-12.87,0.09,79,11,3,4,3.450000000000001,0.036315789473684225,-67.49,0.21052631578947367,0.18559189091347894,-69.04999999999997,0.1
0.85,0.3,10,95,25,70,0.2631578947368421,-0.6674736842105263,-63.410000000000004,0.1822285272117617,-65.34999999999998,0.1,-12.790000000000001,0.09,79,12,4,4,4.080000000000001,0.042947368421052644,-67.49,0.21052631578947367,0.18559189091347894,-69.04999999999997,0.1
0.85,0.3,12,95,25,70,0.2631578947368421,-0.6676842105263158,-63.43,0.1819705958215115,-65.36999999999998,0.1,-12.790000000000001,0.09,79,13,4,5,4.060000000000001,0.04273684210526317,-67.49,0.21052631578947367,0.18559189091347894,-69.04999999999997,0.1
0.85,0.4,2,95,21,74,0.22105263157894736,-0.6771578947368421,-64.33,0.1974800399201597,-65.88999999999997,0.1,-12.88,0.09,79,1,1,0,3.16,0.03326315789473684,-67.49,0.21052631578947367,0.18559189091347894,-69.04999999999997,0.1
0.85,0.4,3,95,22,73,0.23157894736842105,-0.6629473684210526,-62.980000000000004,0.20988583615606568,-64.53999999999998,0.1,-12.88,0.09,79,2,2,0,4.51,0.047473684210526314,-67.49,0.21052631578947367,0.18559189091347894,-69.04999999999997,0.1
0.85,0.4,4,95,22,73,0.23157894736842105,-0.6708421052631579,-63.730000000000004,0.20047672813950568,-65.66999999999999,0.1,-12.88,0.09,79,5,2,1,3.76,0.039578947368421054,-67.49,0.21052631578947367,0.18559189091347894,-69.04999999999997,0.1
0.85,0.4,5,95,22,73,0.23157894736842105,-0.6809473684210526,-64.69,0.18843306987830885,-66.62999999999998,0.1,-12.95,0.09,79,6,2,2,2.8,0.029473684210526315,-67.49,0.21052631578947367,0.18559189091347894,-69.04999999999997,0.1
0.85,0.4,6,95,22,73,0.23157894736842105,-0.6809473684210526,-64.69,0.18843306987830885,-66.62999999999998,0.1,-12.95,0.09,79,6,2,2,2.8,0.029473684210526315,-67.49,0.21052631578947367,0.18559189091347894,-69.04999999999997,0.1
0.85,0.4,8,95,23,72,0.24210526315789474,-0.6796842105263159,-64.57000000000001,0.18993852716095844,-66.50999999999998,0.1,-12.790000000000001,0.09,79,9,2,3,2.920000000000001,0.030736842105263167,-67.49,0.21052631578947367,0.18559189091347894,-69.04999999999997,0.1
0.85,0.4,10,95,24,71,0.25263157894736843,-0.6794736842105265,-64.55000000000001,0.18815243365614392,-66.48999999999997,0.1,-12.790000000000001,0.09,79,11,3,4,2.9400000000000004,0.030947368421052637,-67.49,0.21052631578947367,0.18559189091347894,-69.04999999999997,0.1
0.85,0.4,12,95,24,71,0.25263157894736843,-0.6796842105263159,-64.57000000000001,0.18790089296943785,-66.50999999999998,0.1,-12.790000000000001,0.09,79,12,3,5,2.920000000000001,0.030736842105263167,-67.49,0.21052631578947367,0.18559189091347894,-69.04999999999997,0.1
0.9,-0.5,2,95,17,78,0.17894736842105263,-0.7125263157894737,-67.69,0.12567811934900544,-69.24999999999999,0.1,-13.67,0.09,74,16,7,5,-0.19999999999999968,-0.0021052631578947333,-67.49,0.21052631578947367,0.18559189091347894,-69.04999999999997,0.1
0.9,-0.5,3,95,17,78,0.17894736842105263,-0.6957894736842105,-66.1,0.13277355024927842,-67.65999999999998,0.1,-13.52,0.09,74,21,10,7,1.39,0.01463157894736842,-67.49,0.21052631578947367,0.18559189091347894,-69.04999999999997,0.1
0.9,-0.5,4,95,17,78,0.17894736842105263,-0.6913684210526315,-65.67999999999999,0.13350923482849605,-67.23999999999998,0.1,-13.24,0.09,74,24,12,7,1.8099999999999998,0.019052631578947366,-67.49,0.21052631578947367,0.18559189091347894,-69.04999999999997,0.1
0.9,-0.5,5,95,16,79,0.16842105263157894,-0.7007368421052631,-66.57,0.12304044262942956,-68.12999999999998,0.1,-13.24,0.09,74,25,12,8,0.9200000000000006,0.009684210526315795,-67.49,0.21052631578947367,0.18559189091347894,-69.04999999999997,0.1
0.9,-0.5,6,95,15,80,0.15789473684210525,-0.7056842105263157,-67.03999999999999,0.12113266911379127,-68.59999999999998,0.1,-13.24,0.09,74,26,12,9,0.45000000000000034,0.004736842105263162,-67.49,0.21052631578947367,0.18559189091347894,-69.04999999999997,0.1
0.9,-0.5,8,95,14,81,0.14736842105263157,-0.704315789473684,-66.90999999999998,0.12006838506049447,-68.46999999999998,0.1,-13.24,0.09,74,30,14,10,0.5800000000000007,0.006105263157894745,-67.49,0.21052631578947367,0.18559189091347894,-69.04999999999997,0.1
0.9,-0.5,10,95,14,81,0.14736842105263157,-0.6957894736842103,-66.09999999999998,0.12136115911205636,-67.65999999999998,0.1,-12.57,0.09,74,32,16,10,1.3900000000000008,0.01463157894736843,-67.49,0.21052631578947367,0.18559189091347894,-69.04999999999997,0.1
0.9,-0.5,12,95,14,81,0.14736842105263157,-0.6953684210526314,-66.05999999999999,0.12142572150551934,-67.61999999999999,0.1,-12.57,0.09,74,33,17,10,1.4300000000000008,0.015052631578947376,-67.49,0.21052631578947367,0.18559189091347894,-69.04999999999997,0.1
0.9,-0.4,2,95,17,78,0.17894736842105263,-0.728421052631579,-69.2,0.12327378689978463,-70.75999999999999,0.1,-13.709999999999999,0.09,74,11,4,5,-1.7099999999999995,-0.017999999999999995,-67.49,0.21052631578947367,0.18559189091347894,-69.04999999999997,0.1
0.9,-0.4,3,95,18,77,0.18947368421052632,-0.7063157894736841,-67.1,0.1337464497805319,-68.65999999999998,0.1,-13.709999999999999,0.09,74,16,7,6,0.39000000000000057,0.004105263157894743,-67.49,0.21052631578947367,0.18559189091347894,-69.04999999999997,0.1
0.9,-0.4,4,95,17,78,0.17894736842105263,-0.7048421052631579,-66.96000000000001,0.13129216398546964,-68.51999999999998,0.1,-13.709999999999999,0.09,74,19,9,7,0.5300000000000004,0.005578947368421057,-67.49,0.21052631578947367,0.18559189091347894,-69.04999999999997,0.1
0.9,-0.4,5,95,16,79,0.16842105263157894,-0.7104210526315791,-67.49000000000001,0.1215670961863855,-69.04999999999998,0.1,-13.35,0.09,74,21,10,8,1.6653345369377348e-16,1.7529837230923525e-18,-67.49,0.21052631578947367,0.18559189091347894,-69.04999999999997,0.1
0.9,-0.4,6,95,15,80,0.15789473684210525,-0.7097894736842106,-67.43,0.12051649928263987,-68.99,0.1,-12.94,0.09,74,24,12,9,0.06000000000000022,0.0006315789473684233,-67.49,0.21052631578947367,0.18559189091347894,-69.04999999999997,0.1
0.9,-0.4,8,95,14,81,0.14736842105263157,-0.6985263157894737,-66.36,0.12094317128096434,-67.92,0.1,-12.94,0.09,74,29,15,10,1.1300000000000003,0.011894736842105267,-67.49,0.21052631578947367,0.18559189091347894,-69.04999999999997,0.1
0.9,-0.4,10,95,14,81,0.14736842105263157,-0.6970526315789474,-66.22,0.12116788321167883,-67.78,0.1,-12.94,0.09,74,30,16,10,1.2700000000000005,0.013368421052631583,-67.49,0.21052631578947367,0.18559189091347894,-69.04999999999997,0.1
0.9,-0.4,12,95,14,81,0.14736842105263157,-0.6970526315789474,-66.22,0.12116788321167883,-67.78,0.1,-12.94,0.09,74,30,16,10,1.2700000000000005,0.013368421052631583,-67.49,0.21052631578947367,0.18559189091347894,-69.04999999999997,0.1
0.9,-0.3,2,95,19,76,0.2,-0.7044210526315788,-66.91999999999999,0.14816700610997963,-68.47999999999998,0.2,-13.24,0.15999999999999992,74,8,3,3,0.5700000000000003,0.006000000000000003,-67.49,0.21052631578947367,0.18559189091347894,-69.04999999999997,0.2
0.9,-0.3,3,95,19,76,0.2,-0.6864210526315787,-65.20999999999998,0.15574831693423097,-66.76999999999997,0.2,-12.25,0.15999999999999992,74,12,5,5,2.2800000000000002,0.024000000000000004,-67.49,0.21052631578947367,0.18559189091347894,-69.04999999999997,0.2
0.9,-0.3,4,95,18,77,0.18947368421052632,-0.701578947368421,-66.64999999999999,0.1362104717470192,-68.20999999999998,0.2,-13.51,0.15999999999999992,74,15,6,7,0.8400000000000003,0.008842105263157898,-67.49,0.21052631578947367,0.18559189091347894,-69.04999999999997,0.2
0.9,-0.3,5,95,17,78,0.17894736842105263,-0.7109473684210526,-67.53999999999999,0.12592209136793064,-69.09999999999998,0.2,-13.51,0.15999999999999992,74,16,6,8,-0.04999999999999988,-0.0005263157894736829,-67.49,0.21052631578947367,0.18559189091347894,-69.04999999999997,0.2
0.9,-0.3,6,95,17,78,0.17894736842105263,-0.7017894736842104,-66.66999999999999,0.12735602094240836,-68.22999999999998,0.2,-12.64,0.15999999999999992,74,18,8,8,0.8200000000000003,0.008631578947368424,-67.49,0.21052631578947367,0.18559189091347894,-69.04999999999997,0.2
0.9,-0.3,8,95,17,78,0.17894736842105263,-0.696,-66.11999999999999,0.12781954887218044,-67.67999999999999,0.2,-12.64,0.15999999999999992,74,23,9,9,1.3700000000000003,0.01442105263157895,-67.49,0.21052631578947367,0.18559189091347894,-69.04999999999997,0.2
0.9,-0.3,10,95,17,78,0.17894736842105263,-0.6823157894736841,-64.82,0.13004965776405852,-66.38,0.2,-12.64,0.15999999999999992,74,25,11,9,2.670000000000001,0.028105263157894744,-67.49,0.21052631578947367,0.18559189091347894,-69.04999999999997,0.2
0.9,-0.3,12,95,17,78,0.17894736842105263,-0.6782105263157894,-64.42999999999999,0.13073394495412846,-65.99,0.2,-12.64,0.15999999999999992,74,26,12,9,3.0600000000000005,0.03221052631578948,-67.49,0.21052631578947367,0.18559189091347894,-69.04999999999997,0.2
0.9,-0.2,2,95,20,75,0.21052631578947367,-0.7057894736842105,-67.05,0.16124593445083812,-68.60999999999997,0.2,-12.88,0.15999999999999992,74,5,2,2,0.4400000000000004,0.004631578947368425,-67.49,0.21052631578947367,0.18559189091347894,-69.04999999999997,0.2
0.9,-0.2,3,95,19,76,0.2,-0.7136842105263158,-67.8,0.15069522735813604,-69.35999999999997,0.2,-13.3,0.15999999999999992,74,9,3,5,-0.30999999999999966,-0.0032631578947368385,-67.49,0.21052631578947367,0.18559189091347894,-69.04999999999997,0.2
0.9,-0.2,4,95,18,77,0.18947368421052632,-0.7306315789473685,-69.41000000000001,0.13150650650650653,-70.96999999999998,0.2,-13.41,0.15999999999999992,74,11,3,7,-1.9199999999999995,-0.020210526315789467,-67.49,0.21052631578947367,0.18559189091347894,-69.04999999999997,0.2
0.9,-0.2,5,95,17,78,0.17894736842105263,-0.7200000000000001,-68.4,0.12453602969409959,-69.96,0.2,-13.41,0.15999999999999992,74,13,4,8,-0.9099999999999997,-0.00957894736842105,-67.49,0.21052631578947367,0.18559189091347894,-69.04999999999997,0.2
0.9,-0.2,6,95,17,78,0.17894736842105263,-0.7200000000000001,-68.4,0.12453602969409959,-69.96,0.2,-13.41,0.15999999999999992,74,13,4,8,-0.9099999999999997,-0.00957894736842105,-67.49,0.21052631578947367,0.18559189091347894,-69.04999999999997,0.2
0.9,-0.2,8,95,17,78,0.17894736842105263,-0.7110526315789474,-67.55,0.12545313309166237,-69.10999999999999,0.2,-13.41,0.15999999999999992,74,18,6,9,-0.059999999999999665,-0.0006315789473684175,-67.49,0.21052631578947367,0.18559189091347894,-69.04999999999997,0.2
0.9,-0.2,10,95,17,78,0.17894736842105263,-0.7017894736842105,-66.67,0.12689889994761655,-68.23,0.2,-13.21,0.15999999999999992,74,21,9,9,0.8200000000000005,0.008631578947368426,-67.49,0.21052631578947367,0.18559189091347894,-69.04999999999997,0.2
0.9,-0.2,12,95,17,78,0.17894736842105263,-0.6976842105263158,-66.28,0.12755034882190336,-67.84,0.2,-13.21,0.15999999999999992,74,22,10,9,1.2100000000000002,0.01273684210526316,-67.49,0.21052631578947367,0.18559189091347894,-69.04999999999997,0.2
0.9,-0.1,2,95,21,74,0.22105263157894736,-0.7065263157894736,-67.11999999999999,0.16371791677049588,-68.67999999999998,0.1,-12.88,0.09,74,4,1,2,0.3699999999999999,0.003894736842105262,-67.49,0.21052631578947367,0.18559189091347894,-69.04999999999997,0.1
0.9,-0.1,3,95,22,73,0.23157894736842105,-0.695157894736842,-66.03999999999999,0.17253477007893747,-67.59999999999998,0.1,-12.88,0.09,74,6,2,3,1.45,0.015263157894736841,-67.49,0.21052631578947367,0.18559189091347894,-69.04999999999997,0.1
0.9,-0.1,4,95,21,74,0.22105263157894736,-0.721157894736842,-68.50999999999999,0.1425531914893617,-70.06999999999998,0.1,-13.37,0.09,74,10,2,6,-1.0199999999999991,-0.010736842105263149,-67.49,0.21052631578947367,0.18559189091347894,-69.04999999999997,0.1
0.9,-0.1,5,95,21,74,0.22105263157894736,-0.701157894736842,-66.60999999999999,0.14602564102564103,-68.16999999999999,0.1,-13.37,0.09,74,11,3,6,0.8800000000000003,0.009263157894736846,-67.49,0.21052631578947367,0.18559189091347894,-69.04999999999997,0.1
0.9,-0.1,6,95,21,74,0.22105263157894736,-0.7075789473684209,-67.21999999999998,0.1382051282051282,-68.77999999999999,0.1,-13.37,0.09,74,12,3,7,0.2700000000000009,0.0028421052631579045,-67.49,0.21052631578947367,0.18559189091347894,-69.04999999999997,0.1
0.9,-0.1,8,95,21,74,0.22105263157894736,-0.6986315789473683,-66.36999999999999,0.13928154584360003,-67.92999999999999,0.1,-13.37,0.09,74,17,5,8,1.120000000000001,0.011789473684210537,-67.49,0.21052631578947367,0.18559189091347894,-69.04999999999997,0.1
0.9,-0.1,10,95,21,74,0.22105263157894736,-0.690315789473684,-65.57999999999998,0.14072327044025157,-67.13999999999999,0.1,-12.84,0.09,74,19,7,8,1.9100000000000008,0.020105263157894744,-67.49,0.21052631578947367,0.18559189091347894,-69.04999999999997,0.1
0.9,-0.1,12,95,21,74,0.22105263157894736,-0.690315789473684,-65.57999999999998,0.14072327044025157,-67.13999999999999,0.1,-12.84,0.09,74,19,7,8,1.9100000000000008,0.020105263157894744,-67.49,0.21052631578947367,0.18559189091347894,-69.04999999999997,0.1
0.9,0.0,2,95,21,74,0.22105263157894736,-0.7054736842105263,-67.02,0.16392215568862276,-68.57999999999997,0.1,-12.88,0.09,74,3,1,2,0.47,0.004947368421052632,-67.49,0.21052631578947367,0.18559189091347894,-69.04999999999997,0.1
0.9,0.0,3,95,22,73,0.23157894736842105,-0.6941052631578947,-65.94,0.17275122318404212,-67.49999999999997,0.1,-12.88,0.09,74,5,2,3,1.55,0.01631578947368421,-67.49,0.21052631578947367,0.18559189091347894,-69.04999999999997,0.1
0.9,0.0,4,95,23,72,0.24210526315789474,-0.7163157894736841,-68.05,0.1462802659641199,-69.60999999999997,0.1,-13.24,0.09,74,9,2,5,-0.5599999999999992,-0.005894736842105255,-67.49,0.21052631578947367,0.18559189091347894,-69.04999999999997,0.1
0.9,0.0,5,95,23,72,0.24210526315789474,-0.7163157894736841,-68.05,0.1462802659641199,-69.60999999999997,0.1,-13.24,0.09,74,9,2,5,-0.5599999999999992,-0.005894736842105255,-67.49,0.21052631578947367,0.18559189091347894,-69.04999999999997,0.1
0.9,0.0,6,95,24,71,0.25263157894736843,-0.6980000000000001,-66.31,0.14702855672755338,-67.86999999999998,0.1,-13.24,0.09,74,11,3,6,1.180000000000001,0.012421052631578958,-67.49,0.21052631578947367,0.18559189091347894,-69.04999999999997,0.1
0.9,0.0,8,95,24,71,0.25263157894736843,-0.699157894736842,-66.41999999999999,0.14561358374067407,-67.97999999999999,0.1,-13.24,0.09,74,14,3,8,1.0700000000000012,0.011263157894736855,-67.49,0.21052631578947367,0.18559189091347894,-69.04999999999997,0.1
0.9,0.0,10,95,25,70,0.2631578947368421,-0.6925263157894735,-65.78999999999999,0.15153469177198864,-67.34999999999998,0.1,-12.84,0.09,74,15,4,8,1.700000000000001,0.017894736842105276,-67.49,0.21052631578947367,0.18559189091347894,-69.04999999999997,0.1
0.9,0.0,12,95,25,70,0.2631578947368421,-0.6925263157894735,-65.78999999999999,0.15153469177198864,-67.34999999999998,0.1,-12.84,0.09,74,15,4,8,1.700000000000001,0.017894736842105276,-67.49,0.21052631578947367,0.18559189091347894,-69.04999999999997,0.1
0.9,0.1,2,95,21,74,0.22105263157894736,-0.7054736842105263,-67.02,0.16392215568862276,-68.57999999999997,0.1,-12.88,0.09,74,3,1,2,0.47,0.004947368421052632,-67.49,0.21052631578947367,0.18559189091347894,-69.04999999999997,0.1
0.9,0.1,3,95,22,73,0.23157894736842105,-0.6912631578947367,-65.66999999999999,0.17613850207000373,-67.22999999999996,0.1,-12.88,0.09,74,4,2,2,1.8200000000000005,0.01915789473684211,-67.49,0.21052631578947367,0.18559189091347894,-69.04999999999997,0.1
0.9,0.1,4,95,22,73,0.23157894736842105,-0.7148421052631578,-67.91,0.14803663279387777,-69.46999999999997,0.1,-13.27,0.09,74,8,2,5,-0.41999999999999904,-0.0044210526315789376,-67.49,0.21052631578947367,0.18559189091347894,-69.04999999999997,0.1
0.9,0.1,5,95,22,73,0.23157894736842105,-0.7148421052631578,-67.91,0.14803663279387777,-69.46999999999997,0.1,-13.27,0.09,74,8,2,5,-0.41999999999999904,-0.0044210526315789376,-67.49,0.21052631578947367,0.18559189091347894,-69.04999999999997,0.1
0.9,0.1,6,95,23,72,0.24210526315789474,-0.6965263157894737,-66.17,0.14882943143812707,-67.72999999999998,0.1,-13.27,0.09,74,10,3,6,1.3200000000000012,0.013894736842105276,-67.49,0.21052631578947367,0.18559189091347894,-69.04999999999997,0.1
0.9,0.1,8,95,24,71,0.25263157894736843,-0.6926315789473683,-65.79999999999998,0.15358888603035764,-67.35999999999999,0.1,-12.87,0.09,74,13,3,7,1.6900000000000008,0.017789473684210536,-67.49,0.21052631578947367,0.18559189091347894,-69.04999999999997,0.1
0.9,0.1,10,95,25,70,0.2631578947368421,-0.6859999999999997,-65.16999999999997,0.15953056486974465,-66.72999999999998,0.1,-12.84,0.09,74,15,4,7,2.3200000000000007,0.024421052631578954,-67.49,0.21052631578947367,0.18559189091347894,-69.04999999999997,0.1
0.9,0.1,12,95,25,70,0.2631578947368421,-0.6859999999999997,-65.16999999999997,0.15953056486974465,-66.72999999999998,0.1,-12.84,0.09,74,15,4,7,2.3200000000000007,0.024421052631578954,-67.49,0.21052631578947367,0.18559189091347894,-69.04999999999997,0.1
0.9,0.2,2,95,21,74,0.22105263157894736,-0.6985263157894737,-66.36,0.1721556886227545,-67.91999999999997,0.1,-12.88,0.09,74,2,1,1,1.1300000000000001,0.011894736842105265,-67.49,0.21052631578947367,0.18559189091347894,-69.04999999999997,0.1
0.9,0.2,3,95,22,73,0.23157894736842105,-0.6904210526315788,-65.58999999999999,0.1771421402584368,-67.14999999999996,0.1,-12.88,0.09,74,4,2,2,1.9000000000000001,0.02,-67.49,0.21052631578947367,0.18559189091347894,-69.04999999999997,0.1
0.9,0.2,4,95,22,73,0.23157894736842105,-0.714,-67.83,0.14904027098231082,-69.38999999999996,0.1,-13.27,0.09,74,8,2,5,-0.3399999999999994,-0.0035789473684210466,-67.49,0.21052631578947367,0.18559189091347894,-69.04999999999997,0.1
0.9,0.2,5,95,22,73,0.23157894736842105,-0.714,-67.83,0.14904027098231082,-69.38999999999996,0.1,-13.27,0.09,74,8,2,5,-0.3399999999999994,-0.0035789473684210466,-67.49,0.21052631578947367,0.18559189091347894,-69.04999999999997,0.1
0.9,0.2,6,95,23,72,0.24210526315789474,-0.6892631578947367,-65.47999999999999,0.15770517108309748,-67.03999999999996,0.1,-13.27,0.09,74,9,3,5,2.0100000000000007,0.02115789473684211,-67.49,0.21052631578947367,0.18559189091347894,-69.04999999999997,0.1
0.9,0.2,8,95,24,71,0.25263157894736843,-0.6889473684210523,-65.44999999999997,0.15809107280679188,-67.00999999999996,0.1,-12.87,0.09,74,11,3,6,2.0400000000000005,0.021473684210526322,-67.49,0.21052631578947367,0.18559189091347894,-69.04999999999997,0.1
0.9,0.2,10,95,25,70,0.2631578947368421,-0.6823157894736841,-64.82,0.16404436419912302,-66.37999999999998,0.1,-12.84,0.09,74,12,4,6,2.6700000000000004,0.02810526315789474,-67.49,0.21052631578947367,0.18559189091347894,-69.04999999999997,0.1
0.9,0.2,12,95,25,70,0.2631578947368421,-0.6823157894736841,-64.82,0.16404436419912302,-66.37999999999998,0.1,-12.84,0.09,74,13,4,6,2.6700000000000004,0.02810526315789474,-67.49,0.21052631578947367,0.18559189091347894,-69.04999999999997,0.1
0.9,0.3,2,95,21,74,0.22105263157894736,-0.6771578947368421,-64.33,0.1974800399201597,-65.88999999999997,0.1,-12.88,0.09,74,1,1,0,3.16,0.03326315789473684,-67.49,0.21052631578947367,0.18559189091347894,-69.04999999999997,0.1
0.9,0.3,3,95,22,73,0.23157894736842105,-0.6811578947368421,-64.71,0.18818216033120058,-66.26999999999998,0.1,-12.88,0.09,74,3,2,1,2.78,0.02926315789473684,-67.49,0.21052631578947367,0.18559189091347894,-69.04999999999997,0.1
0.9,0.3,4,95,22,73,0.23157894736842105,-0.7041052631578946,-66.88999999999999,0.16083301969639943,-68.44999999999997,0.1,-13.27,0.09,74,6,2,3,0.6000000000000005,0.0063157894736842165,-67.49,0.21052631578947367,0.18559189091347894,-69.04999999999997,0.1
0.9,0.3,5,95,22,73,0.23157894736842105,-0.7041052631578946,-66.88999999999999,0.16083301969639943,-68.44999999999997,0.1,-13.27,0.09,74,6,2,3,0.6000000000000005,0.0063157894736842165,-67.49,0.21052631578947367,0.18559189091347894,-69.04999999999997,0.1
0.9,0.3,6,95,23,72,0.24210526315789474,-0.6793684210526316,-64.54,0.16979675842552097,-66.09999999999998,0.1,-13.27,0.09,74,7,3,3,2.950000000000001,0.03105263157894738,-67.49,0.21052631578947367,0.18559189091347894,-69.04999999999997,0.1
0.9,0.3,8,95,24,71,0.25263157894736843,-0.6790526315789475,-64.51,0.17018266014921535,-66.06999999999998,0.1,-12.88,0.09,74,9,3,4,2.98,0.03136842105263158,-67.49,0.21052631578947367,0.18559189091347894,-69.04999999999997,0.1
0.9,0.3,10,95,25,70,0.2631578947368421,-0.6724210526315789,-63.88,0.17616713954088217,-65.43999999999998,0.1,-12.88,0.09,74,10,4,4,3.6100000000000008,0.038000000000000006,-67.49,0.21052631578947367,0.18559189091347894,-69.04999999999997,0.1
0.9,0.3,12,95,25,70,0.2631578947368421,-0.6724210526315789,-63.88,0.17616713954088217,-65.43999999999998,0.1,-12.88,0.09,74,10,4,4,3.6100000000000008,0.038000000000000006,-67.49,0.21052631578947367,0.18559189091347894,-69.04999999999997,0.1
0.9,0.4,2,95,21,74,0.22105263157894736,-0.6771578947368421,-64.33,0.1974800399201597,-65.88999999999997,0.1,-12.88,0.09,74,1,1,0,3.16,0.03326315789473684,-67.49,0.21052631578947367,0.18559189091347894,-69.04999999999997,0.1
0.9,0.4,3,95,22,73,0.23157894736842105,-0.6629473684210526,-62.980000000000004,0.20988583615606568,-64.53999999999998,0.1,-12.88,0.09,74,2,2,0,4.51,0.047473684210526314,-67.49,0.21052631578947367,0.18559189091347894,-69.04999999999997,0.1
0.9,0.4,4,95,22,73,0.23157894736842105,-0.6748421052631579,-64.11,0.19570944674444857,-65.66999999999997,0.1,-12.88,0.09,74,4,2,1,3.38,0.03557894736842105,-67.49,0.21052631578947367,0.18559189091347894,-69.04999999999997,0.1
0.9,0.4,5,95,22,73,0.23157894736842105,-0.6849473684210525,-65.07,0.18366578848325177,-66.62999999999997,0.1,-12.95,0.09,74,5,2,2,2.42,0.025473684210526315,-67.49,0.21052631578947367,0.18559189091347894,-69.04999999999997,0.1
0.9,0.4,6,95,22,73,0.23157894736842105,-0.6849473684210525,-65.07,0.18366578848325177,-66.62999999999997,0.1,-12.95,0.09,74,5,2,2,2.42,0.025473684210526315,-67.49,0.21052631578947367,0.18559189091347894,-69.04999999999997,0.1
0.9,0.4,8,95,23,72,0.24210526315789474,-0.6846315789473684,-65.03999999999999,0.18404215280391417,-66.59999999999998,0.1,-12.88,0.09,74,7,2,3,2.4500000000000006,0.025789473684210532,-67.49,0.21052631578947367,0.18559189091347894,-69.04999999999997,0.1
0.9,0.4,10,95,24,71,0.25263157894736843,-0.6844210526315789,-65.02,0.18224122751855118,-66.57999999999997,0.1,-12.88,0.09,74,9,3,4,2.47,0.026000000000000002,-67.49,0.21052631578947367,0.18559189091347894,-69.04999999999997,0.1
0.9,0.4,12,95,24,71,0.25263157894736843,-0.6844210526315789,-65.02,0.18224122751855118,-66.57999999999997,0.1,-12.88,0.09,74,9,3,4,2.47,0.026000000000000002,-67.49,0.21052631578947367,0.18559189091347894,-69.04999999999997,0.1
0.95,-0.5,2,95,18,77,0.18947368421052632,-0.6932631578947368,-65.86,0.1475537147294849,-67.41999999999997,0.1,-13.49,0.09,70,11,5,4,1.6300000000000003,0.017157894736842108,-67.49,0.21052631578947367,0.18559189091347894,-69.04999999999997,0.1
0.95,-0.5,3,95,18,77,0.18947368421052632,-0.6765263157894736,-64.27,0.1550092032605838,-65.82999999999998,0.1,-12.29,0.09,70,16,8,6,3.2200000000000006,0.03389473684210527,-67.49,0.21052631578947367,0.18559189091347894,-69.04999999999997,0.1
0.95,-0.5,4,95,18,77,0.18947368421052632,-0.6721052631578948,-63.85,0.155869910100476,-65.40999999999998,0.1,-12.29,0.09,70,19,10,6,3.6400000000000006,0.03831578947368422,-67.49,0.21052631578947367,0.18559189091347894,-69.04999999999997,0.1
0.95,-0.5,5,95,16,79,0.16842105263157894,-0.6864210526315787,-65.20999999999998,0.14332632685233843,-66.76999999999997,0.1,-12.5,0.09,70,21,10,8,2.2800000000000002,0.024000000000000004,-67.49,0.21052631578947367,0.18559189091347894,-69.04999999999997,0.1
0.95,-0.5,6,95,16,79,0.16842105263157894,-0.6839999999999999,-64.97999999999999,0.1437607062854131,-66.53999999999998,0.1,-12.5,0.09,70,24,11,8,2.51,0.026421052631578946,-67.49,0.21052631578947367,0.18559189091347894,-69.04999999999997,0.1
0.95,-0.5,8,95,15,80,0.15789473684210525,-0.6749473684210525,-64.11999999999999,0.14415376401494928,-65.67999999999998,0.2,-12.34,0.09,70,28,14,9,3.3700000000000006,0.035473684210526324,-67.49,0.21052631578947367,0.18559189091347894,-69.04999999999997,0.2
0.95,-0.5,10,95,15,80,0.15789473684210525,-0.6734736842105263,-63.98,0.14442364268520994,-65.53999999999998,0.2,-12.34,0.09,70,29,15,9,3.5100000000000007,0.03694736842105264,-67.49,0.21052631578947367,0.18559189091347894,-69.04999999999997,0.2
0.95,-0.5,12,95,15,80,0.15789473684210525,-0.6730526315789473,-63.94,0.14450093658014448,-65.49999999999999,0.2,-12.34,0.09,70,30,16,9,3.5500000000000007,0.037368421052631585,-67.49,0.21052631578947367,0.18559189091347894,-69.04999999999997,0.2
0.95,-0.4,2,95,18,77,0.18947368421052632,-0.7103157894736841,-67.47999999999999,0.14452332657200814,-69.03999999999998,0.1,-13.49,0.09,70,9,3,4,0.01000000000000012,0.00010526315789473811,-67.49,0.21052631578947367,0.18559189091347894,-69.04999999999997,0.1
0.95,-0.4,3,95,19,76,0.2,-0.6815789473684211,-64.75,0.1566814274550664,-66.30999999999997,0.1,-12.44,0.09,70,13,6,5,2.74,0.028842105263157898,-67.49,0.21052631578947367,0.18559189091347894,-69.04999999999997,0.1
0.95,-0.4,4,95,18,77,0.18947368421052632,-0.6801052631578948,-64.61,0.15431937172774873,-66.16999999999999,0.1,-12.14,0.09,70,16,8,6,2.8800000000000003,0.030315789473684213,-67.49,0.21052631578947367,0.18559189091347894,-69.04999999999997,0.1
0.95,-0.4,5,95,16,79,0.16842105263157894,-0.6906315789473683,-65.60999999999999,0.14257710402509147,-67.16999999999997,0.1,-12.14,0.09,70,19,9,8,1.8800000000000006,0.019789473684210534,-67.49,0.21052631578947367,0.18559189091347894,-69.04999999999997,0.1
0.95,-0.4,6,95,16,79,0.16842105263157894,-0.6893684210526315,-65.49,0.14280104712041883,-67.04999999999997,0.1,-12.14,0.09,70,20,10,8,2.0000000000000004,0.02105263157894737,-67.49,0.21052631578947367,0.18559189091347894,-69.04999999999997,0.1
0.95,-0.4,8,95,15,80,0.15789473684210525,-0.6803157894736842,-64.63,0.14317910645631712,-66.19,0.2,-12.14,0.09,70,26,13,9,2.86,0.030105263157894736,-67.49,0.21052631578947367,0.18559189091347894,-69.04999999999997,0.2
0.95,-0.4,10,95,15,80,0.15789473684210525,-0.6788421052631578,-64.49,0.1434453446672865,-66.05,0.2,-12.0,0.09,70,27,14,9,3.0,0.031578947368421054,-67.49,0.21052631578947367,0.18559189091347894,-69.04999999999997,0.2
0.95,-0.4,12,95,15,80,0.15789473684210525,-0.6788421052631578,-64.49,0.1434453446672865,-66.05,0.2,-12.0,0.09,70,27,14,9,3.0,0.031578947368421054,-67.49,0.21052631578947367,0.18559189091347894,-69.04999999999997,0.2
0.95,-0.3,2,95,19,76,0.2,-0.7101052631578947,-67.46,0.14715549936788877,-69.01999999999997,0.1,-13.24,0.09,70,7,2,3,0.03000000000000025,0.00031578947368421313,-67.49,0.21052631578947367,0.18559189091347894,-69.04999999999997,0.1
0.95,-0.3,3,95,19,76,0.2,-0.6857894736842104,-65.14999999999999,0.15586939621663645,-66.70999999999997,0.1,-12.25,0.09,70,12,5,5,2.3400000000000003,0.024631578947368424,-67.49,0.21052631578947367,0.18559189091347894,-69.04999999999997,0.1
0.95,-0.3,4,95,18,77,0.18947368421052632,-0.6874736842105262,-65.30999999999999,0.1529182879377432,-66.86999999999998,0.1,-12.25,0.09,70,14,6,6,2.18,0.022947368421052633,-67.49,0.21052631578947367,0.18559189091347894,-69.04999999999997,0.1
0.95,-0.3,5,95,17,78,0.17894736842105263,-0.6968421052631578,-66.19999999999999,0.14259810905323145,-67.75999999999998,0.1,-12.25,0.09,70,15,6,7,1.2900000000000005,0.013578947368421058,-67.49,0.21052631578947367,0.18559189091347894,-69.04999999999997,0.1
0.95,-0.3,6,95,17,78,0.17894736842105263,-0.692,-65.74,0.1434527687296417,-67.29999999999997,0.1,-12.25,0.09,70,16,7,7,1.7500000000000004,0.018421052631578953,-67.49,0.21052631578947367,0.18559189091347894,-69.04999999999997,0.1
0.95,-0.3,8,95,17,78,0.17894736842105263,-0.6924210526315788,-65.77999999999999,0.14293159609120523,-67.33999999999996,0.1,-12.25,0.09,70,19,7,8,1.71,0.018,-67.49,0.21052631578947367,0.18559189091347894,-69.04999999999997,0.1
0.95,-0.3,10,95,17,78,0.17894736842105263,-0.6787368421052632,-64.48,0.1453943008614977,-66.03999999999999,0.1,-11.88,0.09,70,21,9,8,3.0100000000000002,0.031684210526315794,-67.49,0.21052631578947367,0.18559189091347894,-69.04999999999997,0.1
0.95,-0.3,12,95,17,78,0.17894736842105263,-0.6746315789473685,-64.09,0.14614974686917137,-65.64999999999999,0.1,-11.88,0.09,70,22,10,8,3.4000000000000004,0.03578947368421053,-67.49,0.21052631578947367,0.18559189091347894,-69.04999999999997,0.1
0.95,-0.2,2,95,20,75,0.21052631578947367,-0.7114736842105261,-67.58999999999999,0.16016401590457258,-69.14999999999998,0.1,-12.88,0.09,70,4,1,2,-0.09999999999999987,-0.001052631578947367,-67.49,0.21052631578947367,0.18559189091347894,-69.04999999999997,0.1
0.95,-0.2,3,95,19,76,0.2,-0.7130526315789473,-67.74,0.15080857465212485,-69.29999999999998,0.1,-13.3,0.09,70,9,3,5,-0.24999999999999983,-0.0026315789473684193,-67.49,0.21052631578947367,0.18559189091347894,-69.04999999999997,0.1
0.95,-0.2,4,95,18,77,0.18947368421052632,-0.7165263157894736,-68.07,0.14763335837716007,-69.62999999999997,0.1,-13.3,0.09,70,10,3,6,-0.5799999999999998,-0.006105263157894735,-67.49,0.21052631578947367,0.18559189091347894,-69.04999999999997,0.1
0.95,-0.2,5,95,17,78,0.17894736842105263,-0.7058947368421051,-67.05999999999999,0.141027283207378,-68.61999999999998,0.1,-13.3,0.09,70,12,4,7,0.4299999999999999,0.004526315789473683,-67.49,0.21052631578947367,0.18559189091347894,-69.04999999999997,0.1
0.95,-0.2,6,95,17,78,0.17894736842105263,-0.7058947368421051,-67.05999999999999,0.141027283207378,-68.61999999999998,0.1,-13.3,0.09,70,12,4,7,0.4299999999999999,0.004526315789473683,-67.49,0.21052631578947367,0.18559189091347894,-69.04999999999997,0.1
0.95,-0.2,8,95,17,78,0.17894736842105263,-0.7032631578947367,-66.80999999999999,0.14103882746207252,-68.36999999999999,0.1,-13.3,0.09,70,16,5,8,0.6800000000000002,0.007157894736842107,-67.49,0.21052631578947367,0.18559189091347894,-69.04999999999997,0.1
0.95,-0.2,10,95,17,78,0.17894736842105263,-0.7018947368421052,-66.67999999999999,0.14127495170637477,-68.23999999999998,0.1,-13.3,0.09,70,17,6,8,0.81,0.008526315789473684,-67.49,0.21052631578947367,0.18559189091347894,-69.04999999999997,0.1
0.95,-0.2,12,95,17,78,0.17894736842105263,-0.6977894736842104,-66.28999999999999,0.1419880921563552,-67.84999999999998,0.1,-13.3,0.09,70,18,7,8,1.1999999999999997,0.012631578947368419,-67.49,0.21052631578947367,0.18559189091347894,-69.04999999999997,0.1
0.95,-0.1,2,95,21,74,0.22105263157894736,-0.7065263157894736,-67.11999999999999,0.16371791677049588,-68.67999999999998,0.1,-12.88,0.09,70,4,1,2,0.3699999999999999,0.003894736842105262,-67.49,0.21052631578947367,0.18559189091347894,-69.04999999999997,0.1
0.95,-0.1,3,95,22,73,0.23157894736842105,-0.6888421052631577,-65.43999999999998,0.17384168665572533,-66.99999999999997,0.1,-12.88,0.09,70,7,3,3,2.05,0.02157894736842105,-67.49,0.21052631578947367,0.18559189091347894,-69.04999999999997,0.1
0.95,-0.1,4,95,21,74,0.22105263157894736,-0.7013684210526315,-66.63,0.15977301387137452,-68.18999999999998,0.1,-12.84,0.09,70,10,3,5,0.8600000000000005,0.009052631578947375,-67.49,0.21052631578947367,0.18559189091347894,-69.04999999999997,0.1
0.95,-0.1,5,95,21,74,0.22105263157894736,-0.6813684210526316,-64.73,0.1636950904392765,-66.28999999999999,0.1,-12.84,0.09,70,11,4,5,2.76,0.029052631578947365,-67.49,0.21052631578947367,0.18559189091347894,-69.04999999999997,0.1
0.95,-0.1,6,95,21,74,0.22105263157894736,-0.6877894736842104,-65.33999999999999,0.15581395348837207,-66.89999999999998,0.1,-12.84,0.09,70,12,4,6,2.1500000000000004,0.022631578947368426,-67.49,0.21052631578947367,0.18559189091347894,-69.04999999999997,0.1
0.95,-0.1,8,95,21,74,0.22105263157894736,-0.685157894736842,-65.08999999999999,0.15588120866294902,-66.64999999999999,0.1,-12.84,0.09,70,16,5,7,2.400000000000001,0.025263157894736852,-67.49,0.21052631578947367,0.18559189091347894,-69.04999999999997,0.1
0.95,-0.1,10,95,21,74,0.22105263157894736,-0.6837894736842105,-64.96,0.15614445310470254,-66.51999999999998,0.1,-12.84,0.09,70,17,6,7,2.5300000000000007,0.02663157894736843,-67.49,0.21052631578947367,0.18559189091347894,-69.04999999999997,0.1
0.95,-0.1,12,95,21,74,0.22105263157894736,-0.6837894736842105,-64.96,0.15614445310470254,-66.51999999999998,0.1,-12.84,0.09,70,17,6,7,2.5300000000000007,0.02663157894736843,-67.49,0.21052631578947367,0.18559189091347894,-69.04999999999997,0.1
0.95,0.0,2,95,21,74,0.22105263157894736,-0.7054736842105263,-67.02,0.16392215568862276,-68.57999999999997,0.1,-12.88,0.09,70,3,1,2,0.47,0.004947368421052632,-67.49,0.21052631578947367,0.18559189091347894,-69.04999999999997,0.1
0.95,0.0,3,95,22,73,0.23157894736842105,-0.6941052631578947,-65.94,0.17275122318404212,-67.49999999999997,0.1,-12.88,0.09,70,5,2,3,1.55,0.01631578947368421,-67.49,0.21052631578947367,0.18559189091347894,-69.04999999999997,0.1
0.95,0.0,4,95,23,72,0.24210526315789474,-0.7028421052631578,-66.77,0.16233847697904902,-68.32999999999997,0.1,-12.84,0.09,70,8,2,4,0.7200000000000006,0.007578947368421059,-67.49,0.21052631578947367,0.18559189091347894,-69.04999999999997,0.1
0.95,0.0,5,95,23,72,0.24210526315789474,-0.7028421052631578,-66.77,0.16233847697904902,-68.32999999999997,0.1,-12.84,0.09,70,8,2,4,0.7200000000000006,0.007578947368421059,-67.49,0.21052631578947367,0.18559189091347894,-69.04999999999997,0.1
0.95,0.0,6,95,24,71,0.25263157894736843,-0.6845263157894736,-65.03,0.16349369693851298,-66.58999999999997,0.1,-12.84,0.09,70,10,3,5,2.460000000000001,0.025894736842105272,-67.49,0.21052631578947367,0.18559189091347894,-69.04999999999997,0.1
0.95,0.0,8,95,24,71,0.25263157894736843,-0.6856842105263157,-65.13999999999999,0.16207872395163367,-66.69999999999999,0.1,-12.84,0.09,70,13,3,7,2.3500000000000005,0.024736842105263165,-67.49,0.21052631578947367,0.18559189091347894,-69.04999999999997,0.1
0.95,0.0,10,95,25,70,0.2631578947368421,-0.6790526315789475,-64.51,0.16804230074800103,-66.07,0.1,-12.84,0.09,70,14,4,7,2.9800000000000004,0.03136842105263158,-67.49,0.21052631578947367,0.18559189091347894,-69.04999999999997,0.1
0.95,0.0,12,95,25,70,0.2631578947368421,-0.6790526315789475,-64.51,0.16804230074800103,-66.07,0.1,-12.84,0.09,70,14,4,7,2.9800000000000004,0.03136842105263158,-67.49,0.21052631578947367,0.18559189091347894,-69.04999999999997,0.1
0.95,0.1,2,95,21,74,0.22105263157894736,-0.7054736842105263,-67.02,0.16392215568862276,-68.57999999999997,0.1,-12.88,0.09,70,3,1,2,0.47,0.004947368421052632,-67.49,0.21052631578947367,0.18559189091347894,-69.04999999999997,0.1
0.95,0.1,3,95,22,73,0.23157894736842105,-0.6912631578947367,-65.66999999999999,0.17613850207000373,-67.22999999999996,0.1,-12.88,0.09,70,4,2,2,1.8200000000000005,0.01915789473684211,-67.49,0.21052631578947367,0.18559189091347894,-69.04999999999997,0.1
0.95,0.1,4,95,22,73,0.23157894736842105,-0.7013684210526315,-66.63,0.1640948438088069,-68.18999999999997,0.1,-12.84,0.09,70,7,2,4,0.8600000000000005,0.009052631578947375,-67.49,0.21052631578947367,0.18559189091347894,-69.04999999999997,0.1
0.95,0.1,5,95,22,73,0.23157894736842105,-0.7013684210526315,-66.63,0.1640948438088069,-68.18999999999997,0.1,-12.84,0.09,70,7,2,4,0.8600000000000005,0.009052631578947375,-67.49,0.21052631578947367,0.18559189091347894,-69.04999999999997,0.1
0.95,0.1,6,95,23,72,0.24210526315789474,-0.6830526315789474,-64.89,0.16529457164908667,-66.44999999999997,0.1,-12.84,0.09,70,9,3,5,2.6000000000000005,0.027368421052631584,-67.49,0.21052631578947367,0.18559189091347894,-69.04999999999997,0.1
0.95,0.1,8,95,24,71,0.25263157894736843,-0.6791578947368421,-64.52,0.17005402624131724,-66.07999999999998,0.1,-12.84,0.09,70,13,3,6,2.9700000000000006,0.03126315789473685,-67.49,0.21052631578947367,0.18559189091347894,-69.04999999999997,0.1
0.95,0.1,10,95,25,70,0.2631578947368421,-0.6725263157894736,-63.88999999999999,0.17603817384575704,-65.44999999999999,0.1,-12.84,0.09,70,14,4,6,3.6000000000000005,0.037894736842105266,-67.49,0.21052631578947367,0.18559189091347894,-69.04999999999997,0.1
0.95,0.1,12,95,25,70,0.2631578947368421,-0.6725263157894736,-63.88999999999999,0.17603817384575704,-65.44999999999999,0.1,-12.84,0.09,70,14,4,6,3.6000000000000005,0.037894736842105266,-67.49,0.21052631578947367,0.18559189091347894,-69.04999999999997,0.1
0.95,0.2,2,95,21,74,0.22105263157894736,-0.6985263157894737,-66.36,0.1721556886227545,-67.91999999999997,0.1,-12.88,0.09,70,2,1,1,1.1300000000000001,0.011894736842105265,-67.49,0.21052631578947367,0.18559189091347894,-69.04999999999997,0.1
0.95,0.2,3,95,22,73,0.23157894736842105,-0.6904210526315788,-65.58999999999999,0.1771421402584368,-67.14999999999996,0.1,-12.88,0.09,70,4,2,2,1.9000000000000001,0.02,-67.49,0.21052631578947367,0.18559189091347894,-69.04999999999997,0.1
0.95,0.2,4,95,22,73,0.23157894736842105,-0.7005263157894737,-66.55,0.16509848199723995,-68.10999999999996,0.1,-12.84,0.09,70,7,2,4,0.9400000000000002,0.009894736842105265,-67.49,0.21052631578947367,0.18559189091347894,-69.04999999999997,0.1
0.95,0.2,5,95,22,73,0.23157894736842105,-0.7005263157894737,-66.55,0.16509848199723995,-68.10999999999996,0.1,-12.84,0.09,70,7,2,4,0.9400000000000002,0.009894736842105265,-67.49,0.21052631578947367,0.18559189091347894,-69.04999999999997,0.1
0.95,0.2,6,95,23,72,0.24210526315789474,-0.6757894736842106,-64.2,0.17417031129405708,-65.75999999999998,0.1,-12.84,0.09,70,8,3,4,3.29,0.03463157894736842,-67.49,0.21052631578947367,0.18559189091347894,-69.04999999999997,0.1
0.95,0.2,8,95,24,71,0.25263157894736843,-0.6754736842105262,-64.16999999999999,0.17455621301775148,-65.72999999999998,0.1,-12.84,0.09,70,10,3,5,3.3200000000000003,0.03494736842105264,-67.49,0.21052631578947367,0.18559189091347894,-69.04999999999997,0.1
0.95,0.2,10,95,25,70,0.2631578947368421,-0.6688421052631579,-63.54,0.18055197317513544,-65.09999999999998,0.1,-12.84,0.09,70,11,4,5,3.95,0.041578947368421056,-67.49,0.21052631578947367,0.18559189091347894,-69.04999999999997,0.1
0.95,0.2,12,95,25,70,0.2631578947368421,-0.6688421052631579,-63.54,0.18055197317513544,-65.09999999999998,0.1,-12.84,0.09,70,12,4,5,3.95,0.041578947368421056,-67.49,0.21052631578947367,0.18559189091347894,-69.04999999999997,0.1
0.95,0.3,2,95,21,74,0.22105263157894736,-0.6771578947368421,-64.33,0.1974800399201597,-65.88999999999997,0.1,-12.88,0.09,70,1,1,0,3.16,0.03326315789473684,-67.49,0.21052631578947367,0.18559189091347894,-69.04999999999997,0.1
0.95,0.3,3,95,22,73,0.23157894736842105,-0.6811578947368421,-64.71,0.18818216033120058,-66.26999999999998,0.1,-12.88,0.09,70,3,2,1,2.78,0.02926315789473684,-67.49,0.21052631578947367,0.18559189091347894,-69.04999999999997,0.1
0.95,0.3,4,95,22,73,0.23157894736842105,-0.6906315789473683,-65.60999999999999,0.17689123071132853,-67.16999999999996,0.1,-12.88,0.09,70,5,2,2,1.8800000000000003,0.01978947368421053,-67.49,0.21052631578947367,0.18559189091347894,-69.04999999999997,0.1
0.95,0.3,5,95,22,73,0.23157894736842105,-0.6906315789473683,-65.60999999999999,0.17689123071132853,-67.16999999999996,0.1,-12.88,0.09,70,5,2,2,1.8800000000000003,0.01978947368421053,-67.49,0.21052631578947367,0.18559189091347894,-69.04999999999997,0.1
0.95,0.3,6,95,23,72,0.24210526315789474,-0.6658947368421053,-63.260000000000005,0.18626189863648057,-64.81999999999998,0.1,-12.88,0.09,70,6,3,2,4.23,0.04452631578947369,-67.49,0.21052631578947367,0.18559189091347894,-69.04999999999997,0.1
0.95,0.3,8,95,24,71,0.25263157894736843,-0.665578947368421,-63.230000000000004,0.18664780036017495,-64.78999999999998,0.1,-12.88,0.09,70,8,3,3,4.26,0.04484210526315789,-67.49,0.21052631578947367,0.18559189091347894,-69.04999999999997,0.1
0.95,0.3,10,95,25,70,0.2631578947368421,-0.6589473684210526,-62.6,0.1926747485168945,-64.15999999999998,0.1,-12.88,0.09,70,9,4,3,4.890000000000001,0.051473684210526324,-67.49,0.21052631578947367,0.18559189091347894,-69.04999999999997,0.1
0.95,0.3,12,95,25,70,0.2631578947368421,-0.6589473684210526,-62.6,0.1926747485168945,-64.15999999999998,0.1,-12.88,0.09,70,9,4,3,4.890000000000001,0.051473684210526324,-67.49,0.21052631578947367,0.18559189091347894,-69.04999999999997,0.1
0.95,0.4,2,95,21,74,0.22105263157894736,-0.6771578947368421,-64.33,0.1974800399201597,-65.88999999999997,0.1,-12.88,0.09,70,1,1,0,3.16,0.03326315789473684,-67.49,0.21052631578947367,0.18559189091347894,-69.04999999999997,0.1
0.95,0.4,3,95,22,73,0.23157894736842105,-0.6629473684210526,-62.980000000000004,0.20988583615606568,-64.53999999999998,0.1,-12.88,0.09,70,2,2,0,4.51,0.047473684210526314,-67.49,0.21052631578947367,0.18559189091347894,-69.04999999999997,0.1
0.95,0.4,4,95,22,73,0.23157894736842105,-0.6748421052631579,-64.11,0.19570944674444857,-65.66999999999997,0.1,-12.88,0.09,70,4,2,1,3.38,0.03557894736842105,-67.49,0.21052631578947367,0.18559189091347894,-69.04999999999997,0.1
0.95,0.4,5,95,22,73,0.23157894736842105,-0.6748421052631579,-64.11,0.19570944674444857,-65.66999999999997,0.1,-12.88,0.09,70,4,2,1,3.38,0.03557894736842105,-67.49,0.21052631578947367,0.18559189091347894,-69.04999999999997,0.1
0.95,0.4,6,95,22,73,0.23157894736842105,-0.6748421052631579,-64.11,0.19570944674444857,-65.66999999999997,0.1,-12.88,0.09,70,4,2,1,3.38,0.03557894736842105,-67.49,0.21052631578947367,0.18559189091347894,-69.04999999999997,0.1
0.95,0.4,8,95,23,72,0.24210526315789474,-0.6745263157894736,-64.08,0.19608581106511103,-65.63999999999999,0.1,-12.88,0.09,70,6,2,2,3.4100000000000006,0.03589473684210527,-67.49,0.21052631578947367,0.18559189091347894,-69.04999999999997,0.1
0.95,0.4,10,95,24,71,0.25263157894736843,-0.6743157894736842,-64.06,0.19431518048044272,-65.61999999999998,0.1,-12.88,0.09,70,8,3,3,3.43,0.03610526315789474,-67.49,0.21052631578947367,0.18559189091347894,-69.04999999999997,0.1
0.95,0.4,12,95,24,71,0.25263157894736843,-0.6743157894736842,-64.06,0.19431518048044272,-65.61999999999998,0.1,-12.88,0.09,70,8,3,3,3.43,0.03610526315789474,-67.49,0.21052631578947367,0.18559189091347894,-69.04999999999997,0.1
1.0,-0.5,2,95,19,76,0.2,-0.6768421052631579,-64.3,0.1654769630110318,-65.85999999999999,0.1,-13.49,0.09,66,10,5,3,3.19,0.033578947368421055,-67.49,0.21052631578947367,0.18559189091347894,-69.04999999999997,0.1
1.0,-0.5,3,95,19,76,0.2,-0.6616842105263158,-62.86,0.17289473684210524,-64.41999999999999,0.1,-12.44,0.09,66,14,7,5,4.63,0.048736842105263155,-67.49,0.21052631578947367,0.18559189091347894,-69.04999999999997,0.1
1.0,-0.5,4,95,19,76,0.2,-0.6598947368421052,-62.69,0.17328234208097057,-64.24999999999999,0.1,-12.44,0.09,66,15,8,5,4.8,0.05052631578947368,-67.49,0.21052631578947367,0.18559189091347894,-69.04999999999997,0.1
1.0,-0.5,5,95,17,78,0.17894736842105263,-0.6742105263157895,-64.05,0.16066046389726116,-65.60999999999999,0.1,-12.44,0.09,66,17,8,7,3.44,0.03621052631578947,-67.49,0.21052631578947367,0.18559189091347894,-69.04999999999997,0.1
1.0,-0.5,6,95,17,78,0.17894736842105263,-0.6707368421052632,-63.72,0.16135825217162414,-65.27999999999999,0.1,-12.44,0.09,66,19,9,7,3.77,0.03968421052631579,-67.49,0.21052631578947367,0.18559189091347894,-69.04999999999997,0.1
1.0,-0.5,8,95,16,79,0.16842105263157894,-0.6616842105263158,-62.86,0.16197840287961604,-64.41999999999999,0.2,-12.44,0.09,66,23,12,8,4.63,0.048736842105263155,-67.49,0.21052631578947367,0.18559189091347894,-69.04999999999997,0.2
1.0,-0.5,10,95,16,79,0.16842105263157894,-0.6602105263157895,-62.72,0.16228128756511287,-64.27999999999999,0.2,-12.3,0.09,66,24,13,8,4.77,0.05021052631578947,-67.49,0.21052631578947367,0.18559189091347894,-69.04999999999997,0.2
1.0,-0.5,12,95,16,79,0.16842105263157894,-0.6597894736842105,-62.68,0.162368034210878,-64.23999999999998,0.2,-12.3,0.09,66,25,14,8,4.809999999999999,0.05063157894736841,-67.49,0.21052631578947367,0.18559189091347894,-69.04999999999997,0.2
1.0,-0.4,2,95,19,76,0.2,-0.6938947368421051,-65.91999999999999,0.16206940383882038,-67.47999999999998,0.1,-13.49,0.09,66,8,3,3,1.5699999999999998,0.016526315789473684,-67.49,0.21052631578947367,0.18559189091347894,-69.04999999999997,0.1
1.0,-0.4,3,95,20,75,0.21052631578947367,-0.6651578947368421,-63.19,0.17474206608332246,-64.74999999999999,0.1,-12.44,0.09,66,12,6,4,4.299999999999999,0.04526315789473683,-67.49,0.21052631578947367,0.18559189091347894,-69.04999999999997,0.1
1.0,-0.4,4,95,19,76,0.2,-0.6668421052631578,-63.349999999999994,0.17178716172048633,-64.90999999999998,0.1,-12.44,0.09,66,14,7,5,4.139999999999999,0.04357894736842104,-67.49,0.21052631578947367,0.18559189091347894,-69.04999999999997,0.1
1.0,-0.4,5,95,17,78,0.17894736842105263,-0.6811578947368421,-64.71,0.15928283746914382,-66.26999999999998,0.1,-12.44,0.09,66,16,7,7,2.78,0.02926315789473684,-67.49,0.21052631578947367,0.18559189091347894,-69.04999999999997,0.1
1.0,-0.4,6,95,17,78,0.17894736842105263,-0.6811578947368421,-64.71,0.15928283746914382,-66.26999999999998,0.1,-12.44,0.09,66,16,7,7,2.78,0.02926315789473684,-67.49,0.21052631578947367,0.18559189091347894,-69.04999999999997,0.1
1.0,-0.4,8,95,16,79,0.16842105263157894,-0.6721052631578947,-63.849999999999994,0.15986842105263158,-65.40999999999998,0.2,-12.44,0.09,66,21,10,8,3.64,0.03831578947368421,-67.49,0.21052631578947367,0.18559189091347894,-69.04999999999997,0.2
1.0,-0.4,10,95,16,79,0.16842105263157894,-0.6706315789473684,-63.709999999999994,0.16016345900342738,-65.26999999999998,0.2,-12.3,0.09,66,22,11,8,3.7800000000000002,0.03978947368421053,-67.49,0.21052631578947367,0.18559189091347894,-69.04999999999997,0.2
1.0,-0.4,12,95,16,79,0.16842105263157894,-0.6706315789473684,-63.709999999999994,0.16016345900342738,-65.26999999999998,0.2,-12.3,0.09,66,22,11,8,3.7800000000000002,0.03978947368421053,-67.49,0.21052631578947367,0.18559189091347894,-69.04999999999997,0.2
1.0,-0.3,2,95,20,75,0.21052631578947367,-0.6936842105263157,-65.89999999999999,0.16465965268094818,-67.45999999999997,0.1,-12.88,0.09,66,6,2,2,1.5899999999999999,0.016736842105263158,-67.49,0.21052631578947367,0.18559189091347894,-69.04999999999997,0.1
1.0,-0.3,3,95,20,75,0.21052631578947367,-0.6693684210526316,-63.59,0.17383396128361703,-65.14999999999998,0.1,-12.25,0.09,66,11,5,4,3.8999999999999995,0.04105263157894736,-67.49,0.21052631578947367,0.18559189091347894,-69.04999999999997,0.1
1.0,-0.3,4,95,19,76,0.2,-0.6710526315789473,-63.75,0.17089348419820521,-65.30999999999997,0.1,-12.25,0.09,66,13,6,5,3.7399999999999993,0.03936842105263157,-67.49,0.21052631578947367,0.18559189091347894,-69.04999999999997,0.1
1.0,-0.3,5,95,18,77,0.18947368421052632,-0.6804210526315789,-64.64,0.1605194805194805,-66.19999999999999,0.1,-12.25,0.09,66,14,6,6,2.85,0.030000000000000002,-67.49,0.21052631578947367,0.18559189091347894,-69.04999999999997,0.1
1.0,-0.3,6,95,18,77,0.18947368421052632,-0.6804210526315789,-64.64,0.1605194805194805,-66.19999999999999,0.1,-12.25,0.09,66,14,6,6,2.85,0.030000000000000002,-67.49,0.21052631578947367,0.18559189091347894,-69.04999999999997,0.1
1.0,-0.3,8,95,18,77,0.18947368421052632,-0.6808421052631579,-64.68,0.16,-66.23999999999998,0.1,-12.25,0.09,66,17,6,7,2.8099999999999996,0.02957894736842105,-67.49,0.21052631578947367,0.18559189091347894,-69.04999999999997,0.1
1.0,-0.3,10,95,18,77,0.18947368421052632,-0.6710526315789473,-63.75,0.16195609307217038,-65.30999999999999,0.1,-12.25,0.09,66,18,7,7,3.7399999999999993,0.03936842105263157,-67.49,0.21052631578947367,0.18559189091347894,-69.04999999999997,0.1
1.0,-0.3,12,95,18,77,0.18947368421052632,-0.6669473684210526,-63.36,0.16279069767441862,-64.91999999999999,0.1,-12.25,0.09,66,19,8,7,4.13,0.04347368421052632,-67.49,0.21052631578947367,0.18559189091347894,-69.04999999999997,0.1
1.0,-0.2,2,95,20,75,0.21052631578947367,-0.7104210526315787,-67.48999999999998,0.16140656063618292,-69.04999999999998,0.1,-12.88,0.09,66,4,1,2,-2.220446049250313e-16,-2.337311630789803e-18,-67.49,0.21052631578947367,0.18559189091347894,-69.04999999999997,0.1
1.0,-0.2,3,95,20,75,0.21052631578947367,-0.697157894736842,-66.22999999999999,0.16806933802286145,-67.78999999999999,0.1,-13.3,0.09,66,8,3,4,1.2600000000000002,0.013263157894736845,-67.49,0.21052631578947367,0.18559189091347894,-69.04999999999997,0.1
1.0,-0.2,4,95,19,76,0.2,-0.7006315789473683,-66.55999999999999,0.1648682559598494,-68.11999999999999,0.1,-13.3,0.09,66,9,3,5,0.9300000000000002,0.009789473684210528,-67.49,0.21052631578947367,0.18559189091347894,-69.04999999999997,0.1
1.0,-0.2,5,95,18,77,0.18947368421052632,-0.6899999999999998,-65.54999999999998,0.15864458991143626,-67.10999999999997,0.1,-13.3,0.09,66,11,4,6,1.94,0.020421052631578947,-67.49,0.21052631578947367,0.18559189091347894,-69.04999999999997,0.1
1.0,-0.2,6,95,18,77,0.18947368421052632,-0.6899999999999998,-65.54999999999998,0.15864458991143626,-67.10999999999997,0.1,-13.3,0.09,66,11,4,6,1.94,0.020421052631578947,-67.49,0.21052631578947367,0.18559189091347894,-69.04999999999997,0.1
1.0,-0.2,8,95,18,77,0.18947368421052632,-0.6873684210526315,-65.3,0.15872197887142492,-66.85999999999999,0.1,-13.3,0.09,66,15,5,7,2.19,0.023052631578947366,-67.49,0.21052631578947367,0.18559189091347894,-69.04999999999997,0.1
1.0,-0.2,10,95,18,77,0.18947368421052632,-0.6859999999999998,-65.16999999999999,0.1589882565492322,-66.72999999999998,0.1,-13.3,0.09,66,16,6,7,2.32,0.024421052631578944,-67.49,0.21052631578947367,0.18559189091347894,-69.04999999999997,0.1
1.0,-0.2,12,95,18,77,0.18947368421052632,-0.6818947368421052,-64.78,0.15979247730220494,-66.33999999999999,0.1,-13.3,0.09,66,17,7,7,2.7099999999999995,0.02852631578947368,-67.49,0.21052631578947367,0.18559189091347894,-69.04999999999997,0.1
1.0,-0.1,2,95,21,74,0.22105263157894736,-0.7054736842105263,-67.02,0.16496386743084973,-68.57999999999998,0.1,-12.88,0.09,66,4,1,2,0.46999999999999975,0.004947368421052629,-67.49,0.21052631578947367,0.18559189091347894,-69.04999999999997,0.1
1.0,-0.1,3,95,22,73,0.23157894736842105,-0.6877894736842104,-65.33999999999999,0.17510415351597025,-66.89999999999998,0.1,-12.88,0.09,66,7,3,3,2.15,0.02263157894736842,-67.49,0.21052631578947367,0.18559189091347894,-69.04999999999997,0.1
1.0,-0.1,4,95,21,74,0.22105263157894736,-0.6908421052631577,-65.62999999999998,0.17238335435056745,-67.18999999999997,0.1,-12.84,0.09,66,9,3,4,1.8599999999999999,0.01957894736842105,-67.49,0.21052631578947367,0.18559189091347894,-69.04999999999997,0.1
1.0,-0.1,5,95,21,74,0.22105263157894736,-0.6708421052631579,-63.730000000000004,0.17661498708010334,-65.28999999999999,0.1,-12.84,0.09,66,10,4,4,3.7599999999999993,0.03957894736842105,-67.49,0.21052631578947367,0.18559189091347894,-69.04999999999997,0.1
1.0,-0.1,6,95,21,74,0.22105263157894736,-0.6772631578947369,-64.34,0.16873385012919895,-65.89999999999999,0.1,-12.84,0.09,66,11,4,5,3.15,0.0331578947368421,-67.49,0.21052631578947367,0.18559189091347894,-69.04999999999997,0.1
1.0,-0.1,8,95,21,74,0.22105263157894736,-0.6746315789473685,-64.09,0.16884969524056542,-65.64999999999999,0.1,-12.84,0.09,66,15,5,6,3.4,0.035789473684210524,-67.49,0.21052631578947367,0.18559189091347894,-69.04999999999997,0.1
1.0,-0.1,10,95,21,74,0.22105263157894736,-0.6732631578947369,-63.96,0.16913484021823852,-65.52,0.1,-12.84,0.09,66,16,6,6,3.53,0.037157894736842105,-67.49,0.21052631578947367,0.18559189091347894,-69.04999999999997,0.1
1.0,-0.1,12,95,21,74,0.22105263157894736,-0.6732631578947369,-63.96,0.16913484021823852,-65.52,0.1,-12.84,0.09,66,16,6,6,3.53,0.037157894736842105,-67.49,0.21052631578947367,0.18559189091347894,-69.04999999999997,0.1
1.0,0.0,2,95,21,74,0.22105263157894736,-0.7044210526315788,-66.91999999999999,0.1651696606786427,-68.47999999999998,0.1,-12.88,0.09,66,3,1,2,0.5699999999999998,0.005999999999999998,-67.49,0.21052631578947367,0.18559189091347894,-69.04999999999997,0.1
1.0,0.0,3,95,22,73,0.23157894736842105,-0.6930526315789473,-65.83999999999999,0.17400577091958347,-67.39999999999998,0.1,-12.88,0.09,66,5,2,3,1.65,0.017368421052631578,-67.49,0.21052631578947367,0.18559189091347894,-69.04999999999997,0.1
1.0,0.0,4,95,23,72,0.24210526315789474,-0.692315789473684,-65.76999999999998,0.17488395433446238,-67.32999999999997,0.1,-12.84,0.09,66,7,2,3,1.72,0.018105263157894735,-67.49,0.21052631578947367,0.18559189091347894,-69.04999999999997,0.1
1.0,0.0,5,95,23,72,0.24210526315789474,-0.692315789473684,-65.76999999999998,0.17488395433446238,-67.32999999999997,0.1,-12.84,0.09,66,7,2,3,1.72,0.018105263157894735,-67.49,0.21052631578947367,0.18559189091347894,-69.04999999999997,0.1
1.0,0.0,6,95,24,71,0.25263157894736843,-0.674,-64.03,0.17635708772832517,-65.58999999999999,0.1,-12.84,0.09,66,9,3,4,3.460000000000001,0.03642105263157896,-67.49,0.21052631578947367,0.18559189091347894,-69.04999999999997,0.1
1.0,0.0,8,95,24,71,0.25263157894736843,-0.6751578947368421,-64.14,0.17494211474144586,-65.69999999999999,0.1,-12.84,0.09,66,12,3,6,3.3499999999999996,0.03526315789473684,-67.49,0.21052631578947367,0.18559189091347894,-69.04999999999997,0.1
1.0,0.0,10,95,25,70,0.2631578947368421,-0.6685263157894737,-63.510000000000005,0.18093887026051073,-65.06999999999998,0.1,-12.84,0.09,66,13,4,6,3.9800000000000004,0.04189473684210527,-67.49,0.21052631578947367,0.18559189091347894,-69.04999999999997,0.1
1.0,0.0,12,95,25,70,0.2631578947368421,-0.6685263157894737,-63.510000000000005,0.18093887026051073,-65.06999999999998,0.1,-12.84,0.09,66,13,4,6,3.9800000000000004,0.04189473684210527,-67.49,0.21052631578947367,0.18559189091347894,-69.04999999999997,0.1
1.0,0.1,2,95,21,74,0.22105263157894736,-0.7044210526315788,-66.91999999999999,0.1651696606786427,-68.47999999999998,0.1,-12.88,0.09,66,3,1,2,0.5699999999999998,0.005999999999999998,-67.49,0.21052631578947367,0.18559189091347894,-69.04999999999997,0.1
1.0,0.1,3,95,22,73,0.23157894736842105,-0.6902105263157894,-65.57,0.17739304980554507,-67.12999999999997,0.1,-12.88,0.09,66,4,2,2,1.9200000000000004,0.020210526315789477,-67.49,0.21052631578947367,0.18559189091347894,-69.04999999999997,0.1
1.0,0.1,4,95,22,73,0.23157894736842105,-0.6908421052631577,-65.62999999999998,0.17664032116422027,-67.18999999999997,0.1,-12.84,0.09,66,6,2,3,1.8599999999999999,0.01957894736842105,-67.49,0.21052631578947367,0.18559189091347894,-69.04999999999997,0.1
1.0,0.1,5,95,22,73,0.23157894736842105,-0.6908421052631577,-65.62999999999998,0.17664032116422027,-67.18999999999997,0.1,-12.84,0.09,66,6,2,3,1.8599999999999999,0.01957894736842105,-67.49,0.21052631578947367,0.18559189091347894,-69.04999999999997,0.1
1.0,0.1,6,95,23,72,0.24210526315789474,-0.6725263157894736,-63.89,0.17815796243889886,-65.44999999999999,0.1,-12.84,0.09,66,8,3,4,3.600000000000001,0.03789473684210527,-67.49,0.21052631578947367,0.18559189091347894,-69.04999999999997,0.1
1.0,0.1,8,95,24,71,0.25263157894736843,-0.6686315789473685,-63.52,0.18291741703112943,-65.07999999999998,0.1,-12.84,0.09,66,12,3,5,3.9699999999999998,0.04178947368421052,-67.49,0.21052631578947367,0.18559189091347894,-69.04999999999997,0.1
1.0,0.1,10,95,25,70,0.2631578947368421,-0.662,-62.89,0.18893474335826674,-64.44999999999999,0.1,-12.84,0.09,66,13,4,5,4.6000000000000005,0.048421052631578955,-67.49,0.21052631578947367,0.18559189091347894,-69.04999999999997,0.1
1.0,0.1,12,95,25,70,0.2631578947368421,-0.662,-62.89,0.18893474335826674,-64.44999999999999,0.1,-12.84,0.09,66,13,4,5,4.6000000000000005,0.048421052631578955,-67.49,0.21052631578947367,0.18559189091347894,-69.04999999999997,0.1
1.0,0.2,2,95,21,74,0.22105263157894736,-0.6974736842105262,-66.25999999999999,0.17340319361277445,-67.81999999999998,0.1,-12.88,0.09,66,2,1,1,1.23,0.012947368421052631,-67.49,0.21052631578947367,0.18559189091347894,-69.04999999999997,0.1
1.0,0.2,3,95,22,73,0.23157894736842105,-0.6893684210526314,-65.48999999999998,0.17839668799397815,-67.04999999999997,0.1,-12.88,0.09,66,4,2,2,2.0,0.021052631578947368,-67.49,0.21052631578947367,0.18559189091347894,-69.04999999999997,0.1
1.0,0.2,4,95,22,73,0.23157894736842105,-0.6899999999999998,-65.54999999999998,0.17764395935265334,-67.10999999999997,0.1,-12.84,0.09,66,6,2,3,1.94,0.020421052631578947,-67.49,0.21052631578947367,0.18559189091347894,-69.04999999999997,0.1
1.0,0.2,5,95,22,73,0.23157894736842105,-0.6899999999999998,-65.54999999999998,0.17764395935265334,-67.10999999999997,0.1,-12.84,0.09,66,6,2,3,1.94,0.020421052631578947,-67.49,0.21052631578947367,0.18559189091347894,-69.04999999999997,0.1
1.0,0.2,6,95,23,72,0.24210526315789474,-0.6652631578947369,-63.2,0.1870337020838693,-64.75999999999998,0.1,-12.84,0.09,66,7,3,3,4.29,0.045157894736842105,-67.49,0.21052631578947367,0.18559189091347894,-69.04999999999997,0.1
1.0,0.2,8,95,24,71,0.25263157894736843,-0.6649473684210526,-63.17,0.18741960380756367,-64.72999999999999,0.1,-12.84,0.09,66,9,3,4,4.319999999999999,0.04547368421052631,-67.49,0.21052631578947367,0.18559189091347894,-69.04999999999997,0.1
1.0,0.2,10,95,25,70,0.2631578947368421,-0.6583157894736842,-62.54,0.1934485426876451,-64.09999999999998,0.1,-12.84,0.09,66,10,4,4,4.95,0.05210526315789474,-67.49,0.21052631578947367,0.18559189091347894,-69.04999999999997,0.1
1.0,0.2,12,95,25,70,0.2631578947368421,-0.6583157894736842,-62.54,0.1934485426876451,-64.09999999999998,0.1,-12.84,0.09,66,11,4,4,4.95,0.05210526315789474,-67.49,0.21052631578947367,0.18559189091347894,-69.04999999999997,0.1
1.0,0.3,2,95,21,74,0.22105263157894736,-0.6953684210526314,-66.05999999999999,0.17589820359281438,-67.61999999999998,0.1,-12.88,0.09,66,2,1,1,1.4300000000000002,0.01505263157894737,-67.49,0.21052631578947367,0.18559189091347894,-69.04999999999997,0.1
1.0,0.3,3,95,22,73,0.23157894736842105,-0.6811578947368421,-64.71,0.18818216033120058,-66.26999999999998,0.1,-12.88,0.09,66,3,2,1,2.78,0.02926315789473684,-67.49,0.21052631578947367,0.18559189091347894,-69.04999999999997,0.1
1.0,0.3,4,95,22,73,0.23157894736842105,-0.6811578947368421,-64.71,0.18818216033120058,-66.26999999999998,0.1,-12.88,0.09,66,4,2,1,2.78,0.02926315789473684,-67.49,0.21052631578947367,0.18559189091347894,-69.04999999999997,0.1
1.0,0.3,5,95,22,73,0.23157894736842105,-0.6811578947368421,-64.71,0.18818216033120058,-66.26999999999998,0.1,-12.88,0.09,66,4,2,1,2.78,0.02926315789473684,-67.49,0.21052631578947367,0.18559189091347894,-69.04999999999997,0.1
1.0,0.3,6,95,23,72,0.24210526315789474,-0.6564210526315789,-62.36,0.19783895034731153,-63.91999999999999,0.1,-12.88,0.09,66,5,3,1,5.130000000000001,0.054000000000000006,-67.49,0.21052631578947367,0.18559189091347894,-69.04999999999997,0.1
1.0,0.3,8,95,24,71,0.25263157894736843,-0.6561052631578947,-62.330000000000005,0.19822485207100593,-63.889999999999986,0.1,-12.88,0.09,66,7,3,2,5.16,0.05431578947368421,-67.49,0.21052631578947367,0.18559189091347894,-69.04999999999997,0.1
1.0,0.3,10,95,25,70,0.2631578947368421,-0.6494736842105263,-61.7,0.20428166107815324,-63.259999999999984,0.1,-12.88,0.09,66,8,4,2,5.79,0.06094736842105263,-67.49,0.21052631578947367,0.18559189091347894,-69.04999999999997,0.1
1.0,0.3,12,95,25,70,0.2631578947368421,-0.6494736842105263,-61.7,0.20428166107815324,-63.259999999999984,0.1,-12.88,0.09,66,8,4,2,5.79,0.06094736842105263,-67.49,0.21052631578947367,0.18559189091347894,-69.04999999999997,0.1
1.0,0.4,2,95,21,74,0.22105263157894736,-0.6890526315789471,-65.45999999999998,0.18338323353293412,-67.01999999999997,0.1,-12.88,0.09,66,2,1,1,2.0300000000000002,0.02136842105263158,-67.49,0.21052631578947367,0.18559189091347894,-69.04999999999997,0.1
1.0,0.4,3,95,22,73,0.23157894736842105,-0.6748421052631579,-64.11,0.19570944674444857,-65.66999999999997,0.1,-12.88,0.09,66,3,2,1,3.38,0.03557894736842105,-67.49,0.21052631578947367,0.18559189091347894,-69.04999999999997,0.1
1.0,0.4,4,95,22,73,0.23157894736842105,-0.6748421052631579,-64.11,0.19570944674444857,-65.66999999999997,0.1,-12.88,0.09,66,4,2,1,3.38,0.03557894736842105,-67.49,0.21052631578947367,0.18559189091347894,-69.04999999999997,0.1
1.0,0.4,5,95,22,73,0.23157894736842105,-0.6748421052631579,-64.11,0.19570944674444857,-65.66999999999997,0.1,-12.88,0.09,66,4,2,1,3.38,0.03557894736842105,-67.49,0.21052631578947367,0.18559189091347894,-69.04999999999997,0.1
1.0,0.4,6,95,22,73,0.23157894736842105,-0.6748421052631579,-64.11,0.19570944674444857,-65.66999999999997,0.1,-12.88,0.09,66,4,2,1,3.38,0.03557894736842105,-67.49,0.21052631578947367,0.18559189091347894,-69.04999999999997,0.1
1.0,0.4,8,95,23,72,0.24210526315789474,-0.6745263157894736,-64.08,0.19608581106511103,-65.63999999999999,0.1,-12.88,0.09,66,6,2,2,3.4100000000000006,0.03589473684210527,-67.49,0.21052631578947367,0.18559189091347894,-69.04999999999997,0.1
1.0,0.4,10,95,24,71,0.25263157894736843,-0.6678947368421053,-63.45,0.201987171424978,-65.00999999999998,0.1,-12.88,0.09,66,7,3,2,4.04,0.04252631578947368,-67.49,0.21052631578947367,0.18559189091347894,-69.04999999999997,0.1
1.0,0.4,12,95,24,71,0.25263157894736843,-0.6678947368421053,-63.45,0.201987171424978,-65.00999999999998,0.1,-12.88,0.09,66,7,3,2,4.04,0.04252631578947368,-67.49,0.21052631578947367,0.18559189091347894,-69.04999999999997,0.1
