mae_threshold,recovery_level,recovery_horizon,trades,wins,losses,win_rate,mean_R,total_R,profit_factor,max_drawdown_R,positive_window_pct,worst_window_R,best_window_R,triggered_trades,recovery_exits,losses_rescued,winners_damaged,delta_R,mean_delta_R,benchmark_R,benchmark_win_rate,benchmark_profit_factor,benchmark_max_drawdown_R,development_window_positive_pct
0.6,-0.5,2,100,14,86,0.14,-0.6478,-64.78,0.09588276343335658,-64.3,0.1,-21.8,1.46,100,59,36,19,0.8700000000000004,0.008700000000000005,-65.64999999999999,0.27,0.3409296255396045,-64.88999999999997,0.1
0.6,-0.5,3,100,11,89,0.11,-0.6799000000000001,-67.99000000000001,0.06388544678507503,-67.51,0.1,-23.49,1.46,100,63,37,22,-2.3400000000000007,-0.023400000000000008,-65.64999999999999,0.27,0.3409296255396045,-64.88999999999997,0.1
0.6,-0.5,4,100,10,90,0.1,-0.6381,-63.81,0.062444901557449306,-63.330000000000005,0.1,-22.59,1.46,100,68,41,23,1.839999999999999,0.01839999999999999,-65.64999999999999,0.27,0.3409296255396045,-64.88999999999997,0.1
0.6,-0.5,5,100,9,91,0.09,-0.6266,-62.660000000000004,0.061132753970632295,-62.180000000000014,0.1,-22.59,1.46,100,71,43,24,2.989999999999999,0.02989999999999999,-65.64999999999999,0.27,0.3409296255396045,-64.88999999999997,0.1
0.6,-0.5,6,100,7,93,0.07,-0.6356,-63.56,0.01746792394496831,-63.08000000000001,0.0,-20.81,-0.19,100,76,46,26,2.0899999999999985,0.020899999999999985,-65.64999999999999,0.27,0.3409296255396045,-64.88999999999997,0.0
0.6,-0.5,8,100,7,93,0.07,-0.6239,-62.39,0.017789672544080606,-61.91000000000001,0.0,-20.81,-0.19,100,77,47,26,3.259999999999998,0.03259999999999998,-65.64999999999999,0.27,0.3409296255396045,-64.88999999999997,0.0
0.6,-0.5,10,100,7,93,0.07,-0.6184000000000001,-61.84,0.01794505319993648,-61.360000000000014,0.0,-20.259999999999998,-0.19,100,78,48,26,3.8099999999999987,0.03809999999999999,-65.64999999999999,0.27,0.3409296255396045,-64.88999999999997,0.0
0.6,-0.5,12,100,6,94,0.06,-0.6169,-61.69,0.012644046094750318,-61.210000000000015,0.0,-19.75,-0.19,100,80,49,27,3.96,0.039599999999999996,-65.64999999999999,0.27,0.3409296255396045,-64.88999999999997,0.0
0.6,-0.4,2,100,20,80,0.2,-0.6511000000000001,-65.11000000000001,0.12592294267686943,-64.35,0.2,-22.4,1.46,100,46,27,18,0.5399999999999991,0.005399999999999992,-65.64999999999999,0.27,0.3409296255396045,-64.88999999999997,0.2
0.6,-0.4,3,100,19,81,0.19,-0.664,-66.4,0.09782608695652174,-65.64,0.1,-22.349999999999998,1.46,100,51,30,20,-0.7500000000000018,-0.007500000000000018,-65.64999999999999,0.27,0.3409296255396045,-64.88999999999997,0.1
0.6,-0.4,4,100,17,83,0.17,-0.6631,-66.31,0.08004994450610434,-65.55,0.1,-22.349999999999998,1.46,100,54,31,22,-0.6600000000000028,-0.006600000000000028,-65.64999999999999,0.27,0.3409296255396045,-64.88999999999997,0.1
0.6,-0.4,5,100,16,84,0.16,-0.6598,-65.98,0.07823414361553506,-65.22,0.1,-22.349999999999998,1.46,100,56,32,23,-0.33000000000000274,-0.0033000000000000273,-65.64999999999999,0.27,0.3409296255396045,-64.88999999999997,0.1
0.6,-0.4,6,100,15,85,0.15,-0.6438999999999999,-64.38999999999999,0.03751868460388641,-63.63000000000002,0.0,-20.71,-0.19,100,63,36,26,1.2599999999999993,0.012599999999999993,-65.64999999999999,0.27,0.3409296255396045,-64.88999999999997,0.0
0.6,-0.4,8,100,15,85,0.15,-0.6321999999999999,-63.21999999999999,0.038186520614635636,-62.460000000000015,0.0,-19.54,-0.19,100,64,37,26,2.4299999999999993,0.024299999999999992,-65.64999999999999,0.27,0.3409296255396045,-64.88999999999997,0.0
0.6,-0.4,10,100,15,85,0.15,-0.6265,-62.65,0.038520564763658706,-61.89000000000001,0.0,-19.54,-0.19,100,66,39,26,2.9999999999999987,0.029999999999999985,-65.64999999999999,0.27,0.3409296255396045,-64.88999999999997,0.0
0.6,-0.4,12,100,14,86,0.14,-0.6239999999999999,-62.39999999999999,0.033606938206597485,-61.64000000000001,0.0,-19.54,-0.19,100,70,41,27,3.2499999999999982,0.03249999999999998,-65.64999999999999,0.27,0.3409296255396045,-64.88999999999997,0.0
0.6,-0.3,2,100,27,73,0.27,-0.5496,-54.96,0.238991968983661,-54.2,0.2,-18.47,1.46,100,37,24,12,10.690000000000001,0.10690000000000001,-65.64999999999999,0.27,0.3409296255396045,-64.88999999999997,0.2
0.6,-0.3,3,100,25,75,0.25,-0.5891000000000001,-58.910000000000004,0.16344788412382852,-58.150000000000006,0.1,-20.02,1.46,100,46,29,16,6.739999999999999,0.06739999999999999,-65.64999999999999,0.27,0.3409296255396045,-64.88999999999997,0.1
0.6,-0.3,4,100,22,78,0.22,-0.5935999999999999,-59.35999999999999,0.1420725538372597,-58.6,0.1,-21.740000000000002,1.46,100,50,30,19,6.289999999999999,0.0629,-65.64999999999999,0.27,0.3409296255396045,-64.88999999999997,0.1
0.6,-0.3,5,100,21,79,0.21,-0.5902999999999999,-59.029999999999994,0.140631824137429,-58.27,0.1,-21.740000000000002,1.46,100,52,31,20,6.619999999999998,0.06619999999999998,-65.64999999999999,0.27,0.3409296255396045,-64.88999999999997,0.1
0.6,-0.3,6,100,20,80,0.2,-0.5949,-59.49,0.0994550408719346,-58.730000000000004,0.0,-21.740000000000002,-0.19,100,57,33,23,6.159999999999998,0.06159999999999998,-65.64999999999999,0.27,0.3409296255396045,-64.88999999999997,0.0
0.6,-0.3,8,100,19,81,0.19,-0.5634,-56.339999999999996,0.09956848329870546,-55.58,0.0,-19.11,-0.19,100,61,36,24,9.309999999999999,0.09309999999999999,-65.64999999999999,0.27,0.3409296255396045,-64.88999999999997,0.0
0.6,-0.3,10,100,18,82,0.18,-0.5865,-58.65,0.05509908168197198,-57.89000000000001,0.0,-19.11,-0.19,100,64,38,25,6.999999999999997,0.06999999999999998,-65.64999999999999,0.27,0.3409296255396045,-64.88999999999997,0.0
0.6,-0.3,12,100,17,83,0.17,-0.5858,-58.58,0.04995134609146936,-57.82000000000001,0.0,-18.68,-0.19,100,66,39,26,7.069999999999998,0.07069999999999997,-65.64999999999999,0.27,0.3409296255396045,-64.88999999999997,0.0
0.6,-0.2,2,100,29,71,0.29,-0.6153,-61.529999999999994,0.23641102010424425,-60.77,0.2,-21.77,1.46,100,27,16,11,4.12,0.0412,-65.64999999999999,0.27,0.3409296255396045,-64.88999999999997,0.2
0.6,-0.2,3,100,27,73,0.27,-0.6623999999999998,-66.23999999999998,0.16721146592909228,-65.47999999999998,0.1,-22.74,1.46,100,34,19,15,-0.5899999999999999,-0.005899999999999999,-65.64999999999999,0.27,0.3409296255396045,-64.88999999999997,0.1
0.6,-0.2,4,100,26,74,0.26,-0.6463,-64.63,0.1568166992824527,-63.87,0.1,-22.74,1.46,100,39,22,17,1.0200000000000005,0.010200000000000004,-65.64999999999999,0.27,0.3409296255396045,-64.88999999999997,0.1
0.6,-0.2,5,100,25,75,0.25,-0.6094,-60.940000000000005,0.14721522530086764,-60.180000000000014,0.1,-20.85,1.46,100,43,24,19,4.710000000000001,0.04710000000000001,-65.64999999999999,0.27,0.3409296255396045,-64.88999999999997,0.1
0.6,-0.2,6,100,23,77,0.23,-0.6235,-62.35,0.1032647777937581,-61.59000000000001,0.1,-21.22,0.08,100,49,26,23,3.3000000000000003,0.033,-65.64999999999999,0.27,0.3409296255396045,-64.88999999999997,0.1
0.6,-0.2,8,100,23,77,0.23,-0.5804,-58.04,0.10680209295167746,-57.280000000000015,0.1,-19.76,0.08,100,54,30,24,7.609999999999999,0.0761,-65.64999999999999,0.27,0.3409296255396045,-64.88999999999997,0.1
0.6,-0.2,10,100,22,78,0.22,-0.6072000000000001,-60.720000000000006,0.06368542791056284,-59.960000000000015,0.1,-19.76,0.08,100,56,31,25,4.93,0.0493,-65.64999999999999,0.27,0.3409296255396045,-64.88999999999997,0.1
0.6,-0.2,12,100,22,78,0.22,-0.6028,-60.28,0.06120541971655506,-59.52000000000002,0.1,-19.76,0.08,100,58,32,26,5.369999999999999,0.05369999999999999,-65.64999999999999,0.27,0.3409296255396045,-64.88999999999997,0.1
0.6,-0.1,2,100,29,71,0.29,-0.6572,-65.72,0.22472572844166566,-64.96,0.2,-22.119999999999997,1.46,100,22,11,11,-0.07000000000000006,-0.0007000000000000006,-65.64999999999999,0.27,0.3409296255396045,-64.88999999999997,0.2
0.6,-0.1,3,100,28,72,0.28,-0.703,-70.3,0.16079742151128093,-69.53999999999998,0.1,-22.46,1.46,100,29,14,15,-4.650000000000001,-0.046500000000000014,-65.64999999999999,0.27,0.3409296255396045,-64.88999999999997,0.1
0.6,-0.1,4,100,29,71,0.29,-0.6574999999999999,-65.74999999999999,0.17034700315457413,-64.98999999999998,0.1,-22.46,1.46,100,33,17,16,-0.10000000000000009,-0.0010000000000000009,-65.64999999999999,0.27,0.3409296255396045,-64.88999999999997,0.1
0.6,-0.1,5,100,28,72,0.28,-0.6281999999999999,-62.819999999999986,0.1505070993914808,-62.06,0.1,-21.26,1.46,100,37,19,18,2.83,0.028300000000000002,-65.64999999999999,0.27,0.3409296255396045,-64.88999999999997,0.1
0.6,-0.1,6,100,29,71,0.29,-0.6053999999999999,-60.54,0.15364182860338324,-59.78000000000001,0.2,-21.26,1.46,100,40,21,19,5.11,0.051100000000000007,-65.64999999999999,0.27,0.3409296255396045,-64.88999999999997,0.2
0.6,-0.1,8,100,29,71,0.29,-0.5802999999999999,-58.029999999999994,0.1444788441692467,-57.27000000000001,0.2,-20.09,1.46,100,47,25,22,7.619999999999999,0.07619999999999999,-65.64999999999999,0.27,0.3409296255396045,-64.88999999999997,0.2
0.6,-0.1,10,100,29,71,0.29,-0.5932,-59.32,0.10608800482218206,-58.56000000000002,0.2,-18.81,1.46,100,49,26,23,6.329999999999999,0.0633,-65.64999999999999,0.27,0.3409296255396045,-64.88999999999997,0.2
0.6,-0.1,12,100,29,71,0.29,-0.5847,-58.47,0.10473128158015621,-57.71000000000001,0.2,-18.47,1.46,100,52,28,24,7.179999999999999,0.07179999999999999,-65.64999999999999,0.27,0.3409296255396045,-64.88999999999997,0.2
0.6,0.0,2,100,32,68,0.32,-0.6442,-64.42,0.289824716128321,-63.65999999999999,0.3,-25.88,3.94,100,14,6,8,1.23,0.0123,-65.64999999999999,0.27,0.3409296255396045,-64.88999999999997,0.3
0.6,0.0,3,100,36,64,0.36,-0.6305,-63.05,0.28156335460346404,-62.28999999999999,0.2,-25.25,3.94,100,20,10,10,2.5999999999999996,0.025999999999999995,-65.64999999999999,0.27,0.3409296255396045,-64.88999999999997,0.2
0.6,0.0,4,100,38,62,0.38,-0.6413999999999999,-64.13999999999999,0.2415750266051792,-63.37999999999999,0.2,-24.74,1.46,100,26,13,13,1.5100000000000007,0.015100000000000008,-65.64999999999999,0.27,0.3409296255396045,-64.88999999999997,0.2
0.6,0.0,5,100,39,61,0.39,-0.6418999999999998,-64.18999999999998,0.22541329793652712,-63.43,0.2,-26.07,1.46,100,29,14,15,1.4600000000000004,0.014600000000000004,-65.64999999999999,0.27,0.3409296255396045,-64.88999999999997,0.2
0.6,0.0,6,100,41,59,0.41,-0.5844999999999999,-58.44999999999999,0.22777117188532173,-57.690000000000005,0.3,-21.1,1.46,100,34,17,17,7.2,0.07200000000000001,-65.64999999999999,0.27,0.3409296255396045,-64.88999999999997,0.3
0.6,0.0,8,100,44,56,0.44,-0.5582999999999999,-55.82999999999999,0.23426141818680563,-55.07000000000001,0.3,-18.619999999999997,1.46,100,39,20,19,9.82,0.09820000000000001,-65.64999999999999,0.27,0.3409296255396045,-64.88999999999997,0.3
0.6,0.0,10,100,45,55,0.45,-0.5680999999999999,-56.809999999999995,0.20367255396691902,-56.050000000000004,0.3,-18.619999999999997,1.46,100,42,21,21,8.84,0.08839999999999999,-65.64999999999999,0.27,0.3409296255396045,-64.88999999999997,0.3
0.6,0.0,12,100,46,54,0.46,-0.5867,-58.669999999999995,0.16992076966610078,-57.910000000000004,0.3,-21.28,1.46,100,44,22,22,6.9799999999999995,0.0698,-65.64999999999999,0.27,0.3409296255396045,-64.88999999999997,0.3
0.6,0.1,2,100,31,69,0.31,-0.6567000000000001,-65.67,0.29952000000000006,-64.90999999999998,0.3,-27.83,3.94,100,10,4,5,-0.020000000000000462,-0.00020000000000000462,-65.64999999999999,0.27,0.3409296255396045,-64.88999999999997,0.3
0.6,0.1,3,100,35,65,0.35,-0.6165999999999999,-61.66,0.3145842596709649,-60.89999999999999,0.3,-26.009999999999998,3.94,100,16,8,7,3.9899999999999998,0.0399,-65.64999999999999,0.27,0.3409296255396045,-64.88999999999997,0.3
0.6,0.1,4,100,39,61,0.39,-0.6199999999999999,-61.99999999999999,0.2837338262476895,-61.23999999999999,0.3,-25.5,1.46,100,22,12,9,3.6499999999999995,0.0365,-65.64999999999999,0.27,0.3409296255396045,-64.88999999999997,0.3
0.6,0.1,5,100,40,60,0.4,-0.6072,-60.71999999999999,0.2844685364129155,-59.95999999999999,0.3,-25.5,1.46,100,24,13,10,4.93,0.0493,-65.64999999999999,0.27,0.3409296255396045,-64.88999999999997,0.3
0.6,0.1,6,100,41,59,0.41,-0.6172999999999998,-61.72999999999999,0.25814205023434683,-60.96999999999999,0.2,-25.35,1.46,100,28,14,13,3.92,0.0392,-65.64999999999999,0.27,0.3409296255396045,-64.88999999999997,0.2
0.6,0.1,8,100,46,54,0.46,-0.5184999999999998,-51.84999999999999,0.30774365821094796,-51.08999999999999,0.3,-17.58,1.46,100,35,19,15,13.8,0.138,-65.64999999999999,0.27,0.3409296255396045,-64.88999999999997,0.3
0.6,0.1,10,100,46,54,0.46,-0.5377,-53.769999999999996,0.28210947930574104,-53.01,0.3,-18.63,1.46,100,38,19,17,11.879999999999999,0.11879999999999999,-65.64999999999999,0.27,0.3409296255396045,-64.88999999999997,0.3
0.6,0.1,12,100,47,53,0.47,-0.571,-57.099999999999994,0.23087284482758624,-56.339999999999996,0.3,-21.98,1.46,100,42,20,20,8.55,0.0855,-65.64999999999999,0.27,0.3409296255396045,-64.88999999999997,0.3
0.6,0.2,2,100,31,69,0.31,-0.6373,-63.73,0.3202133333333334,-62.96999999999999,0.3,-27.13,3.94,100,8,4,3,1.9199999999999995,0.019199999999999995,-65.64999999999999,0.27,0.3409296255396045,-64.88999999999997,0.3
0.6,0.2,3,100,33,67,0.33,-0.6285,-62.849999999999994,0.31288947195801897,-62.08999999999999,0.3,-27.59,3.94,100,14,6,7,2.8000000000000003,0.028000000000000004,-65.64999999999999,0.27,0.3409296255396045,-64.88999999999997,0.3
0.6,0.2,4,100,35,65,0.35,-0.6237999999999999,-62.379999999999995,0.29450350599411906,-61.61999999999999,0.3,-24.9,1.46,100,18,8,9,3.27,0.0327,-65.64999999999999,0.27,0.3409296255396045,-64.88999999999997,0.3
0.6,0.2,5,100,36,64,0.36,-0.611,-61.099999999999994,0.2954335793357934,-60.33999999999998,0.3,-24.9,1.46,100,20,9,10,4.55,0.0455,-65.64999999999999,0.27,0.3409296255396045,-64.88999999999997,0.3
0.6,0.2,6,100,39,61,0.39,-0.6011,-60.10999999999999,0.28226865671641793,-59.34999999999999,0.2,-23.9,1.46,100,26,12,13,5.54,0.0554,-65.64999999999999,0.27,0.3409296255396045,-64.88999999999997,0.2
0.6,0.2,8,100,43,57,0.43,-0.5195,-51.949999999999996,0.3258499870230989,-51.18999999999999,0.3,-17.85,1.46,100,32,16,15,13.7,0.13699999999999998,-65.64999999999999,0.27,0.3409296255396045,-64.88999999999997,0.3
0.6,0.2,10,100,43,57,0.43,-0.5387,-53.87,0.30093433688035304,-53.11,0.3,-18.9,1.46,100,35,16,17,11.780000000000001,0.11780000000000002,-65.64999999999999,0.27,0.3409296255396045,-64.88999999999997,0.3
0.6,0.2,12,100,43,57,0.43,-0.5757999999999999,-57.57999999999999,0.25279003373994297,-56.81999999999999,0.3,-21.83,1.46,100,38,16,20,8.07,0.08070000000000001,-65.64999999999999,0.27,0.3409296255396045,-64.88999999999997,0.3
0.6,0.3,2,100,28,72,0.28,-0.6903999999999999,-69.03999999999999,0.29808865392435946,-68.27999999999997,0.3,-27.13,3.94,100,5,1,3,-3.39,-0.0339,-65.64999999999999,0.27,0.3409296255396045,-64.88999999999997,0.3
0.6,0.3,3,100,30,70,0.3,-0.6670999999999999,-66.71,0.3056827643630309,-65.94999999999999,0.3,-27.13,3.94,100,8,3,4,-1.06,-0.0106,-65.64999999999999,0.27,0.3409296255396045,-64.88999999999997,0.3
0.6,0.3,4,100,31,69,0.31,-0.6785999999999999,-67.85999999999999,0.28590971272229826,-67.09999999999998,0.3,-24.8,1.46,100,12,4,7,-2.21,-0.022099999999999998,-65.64999999999999,0.27,0.3409296255396045,-64.88999999999997,0.3
0.6,0.3,5,100,31,69,0.31,-0.6971999999999998,-69.71999999999998,0.26633694622750714,-68.95999999999997,0.3,-24.8,1.46,100,14,4,9,-4.07,-0.0407,-65.64999999999999,0.27,0.3409296255396045,-64.88999999999997,0.3
0.6,0.3,6,100,32,68,0.32,-0.7045,-70.45,0.2550491699270382,-69.68999999999997,0.2,-24.369999999999997,1.46,100,17,5,11,-4.8,-0.048,-65.64999999999999,0.27,0.3409296255396045,-64.88999999999997,0.2
0.6,0.3,8,100,36,64,0.36,-0.6143,-61.43,0.2983438035408338,-60.67,0.3,-19.08,1.46,100,22,9,12,4.22,0.042199999999999994,-65.64999999999999,0.27,0.3409296255396045,-64.88999999999997,0.3
0.6,0.3,10,100,37,63,0.37,-0.63,-63.0,0.27602849919558725,-62.24,0.3,-20.24,1.46,100,28,10,15,2.6499999999999995,0.026499999999999996,-65.64999999999999,0.27,0.3409296255396045,-64.88999999999997,0.3
0.6,0.3,12,100,37,63,0.37,-0.6670999999999999,-66.71,0.23339462192599406,-65.94999999999999,0.3,-23.17,1.46,100,31,10,18,-1.0600000000000003,-0.010600000000000004,-65.64999999999999,0.27,0.3409296255396045,-64.88999999999997,0.3
0.6,0.4,2,100,28,72,0.28,-0.6904999999999998,-69.04999999999998,0.29798698657991046,-68.28999999999998,0.3,-27.13,3.94,100,4,1,3,-3.4000000000000004,-0.034,-65.64999999999999,0.27,0.3409296255396045,-64.88999999999997,0.3
0.6,0.4,3,100,30,70,0.3,-0.6559999999999999,-65.6,0.31723563696919244,-64.83999999999999,0.3,-27.13,3.94,100,8,3,4,0.050000000000000266,0.0005000000000000026,-65.64999999999999,0.27,0.3409296255396045,-64.88999999999997,0.3
0.6,0.4,4,100,31,69,0.31,-0.6638999999999998,-66.38999999999999,0.3013785120488267,-65.62999999999998,0.3,-24.439999999999998,1.46,100,11,4,6,-0.7400000000000002,-0.007400000000000002,-65.64999999999999,0.27,0.3409296255396045,-64.88999999999997,0.3
0.6,0.4,5,100,31,69,0.31,-0.6824999999999999,-68.24999999999999,0.2818057455540356,-67.48999999999998,0.3,-24.439999999999998,1.46,100,13,4,8,-2.6000000000000005,-0.026000000000000006,-65.64999999999999,0.27,0.3409296255396045,-64.88999999999997,0.3
0.6,0.4,6,100,31,69,0.31,-0.6983,-69.83,0.2651794170262023,-69.06999999999998,0.2,-24.86,1.46,100,15,4,10,-4.180000000000001,-0.041800000000000004,-65.64999999999999,0.27,0.3409296255396045,-64.88999999999997,0.2
0.6,0.4,8,100,36,64,0.36,-0.5982999999999999,-59.83,0.3166190748143918,-59.07,0.3,-18.59,1.46,100,21,9,11,5.819999999999999,0.058199999999999995,-65.64999999999999,0.27,0.3409296255396045,-64.88999999999997,0.3
0.6,0.4,10,100,37,63,0.37,-0.5923,-59.230000000000004,0.31935187313261326,-58.47,0.3,-18.7,1.46,100,25,10,12,6.419999999999999,0.0642,-65.64999999999999,0.27,0.3409296255396045,-64.88999999999997,0.3
0.6,0.4,12,100,37,63,0.37,-0.6106,-61.06,0.2983222247759136,-60.3,0.3,-18.7,1.46,100,27,10,14,4.589999999999999,0.04589999999999999,-65.64999999999999,0.27,0.3409296255396045,-64.88999999999997,0.3
0.7,-0.5,2,100,14,86,0.14,-0.7071000000000001,-70.71000000000001,0.07629000653167863,-70.23000000000002,0.1,-22.560000000000002,1.46,100,55,32,20,-5.06,-0.0506,-65.64999999999999,0.27,0.3409296255396045,-64.88999999999997,0.1
0.7,-0.5,3,100,12,88,0.12,-0.7118000000000002,-71.18000000000002,0.06132137676381378,-70.70000000000002,0.1,-24.11,1.46,100,60,35,22,-5.53,-0.0553,-65.64999999999999,0.27,0.3409296255396045,-64.88999999999997,0.1
0.7,-0.5,4,100,11,89,0.11,-0.6723000000000002,-67.23000000000002,0.059588753671842194,-66.75000000000001,0.1,-22.6,1.46,100,64,38,23,-1.580000000000001,-0.01580000000000001,-65.64999999999999,0.27,0.3409296255396045,-64.88999999999997,0.1
0.7,-0.5,5,100,10,90,0.1,-0.6489,-64.89,0.0592925485648014,-64.41000000000001,0.1,-21.43,1.46,100,68,41,24,0.7600000000000001,0.007600000000000001,-65.64999999999999,0.27,0.3409296255396045,-64.88999999999997,0.1
0.7,-0.5,6,100,8,92,0.08,-0.6698000000000002,-66.98000000000002,0.01673517322372284,-66.50000000000003,0.0,-21.43,-0.19,100,72,43,26,-1.3299999999999992,-0.013299999999999992,-65.64999999999999,0.27,0.3409296255396045,-64.88999999999997,0.0
0.7,-0.5,8,100,8,92,0.08,-0.6568000000000002,-65.68000000000002,0.01706076025142173,-65.20000000000002,0.0,-21.49,-0.19,100,75,45,26,-0.029999999999999916,-0.00029999999999999916,-65.64999999999999,0.27,0.3409296255396045,-64.88999999999997,0.0
0.7,-0.5,10,100,8,92,0.08,-0.6513000000000001,-65.13000000000001,0.01720235400633771,-64.65,0.0,-20.939999999999998,-0.19,100,76,46,26,0.5199999999999999,0.005199999999999999,-65.64999999999999,0.27,0.3409296255396045,-64.88999999999997,0.0
0.7,-0.5,12,100,7,93,0.07,-0.6498,-64.98,0.01216175129218607,-64.50000000000001,0.0,-20.43,-0.19,100,78,47,27,0.6700000000000003,0.006700000000000003,-65.64999999999999,0.27,0.3409296255396045,-64.88999999999997,0.0
0.7,-0.4,2,100,20,80,0.2,-0.6876000000000001,-68.76,0.09882044560943642,-68.0,0.1,-24.119999999999997,1.46,100,45,25,19,-3.110000000000001,-0.031100000000000013,-65.64999999999999,0.27,0.3409296255396045,-64.88999999999997,0.1
0.7,-0.4,3,100,18,82,0.18,-0.6949000000000001,-69.49000000000001,0.08142762723066754,-68.72999999999999,0.1,-24.07,1.46,100,50,28,21,-3.8400000000000034,-0.03840000000000003,-65.64999999999999,0.27,0.3409296255396045,-64.88999999999997,0.1
0.7,-0.4,4,100,17,83,0.17,-0.6822000000000001,-68.22000000000001,0.07798351128530884,-67.46,0.1,-24.07,1.46,100,52,29,22,-2.570000000000003,-0.02570000000000003,-65.64999999999999,0.27,0.3409296255396045,-64.88999999999997,0.1
0.7,-0.4,5,100,16,84,0.16,-0.6584,-65.84,0.07838745800671892,-65.08000000000001,0.1,-24.07,1.46,100,56,32,23,-0.19000000000000172,-0.0019000000000000171,-65.64999999999999,0.27,0.3409296255396045,-64.88999999999997,0.1
0.7,-0.4,6,100,15,85,0.15,-0.6630000000000001,-66.30000000000001,0.03647725621275978,-65.54000000000002,0.0,-21.21,-0.19,100,61,34,26,-0.6500000000000004,-0.006500000000000003,-65.64999999999999,0.27,0.3409296255396045,-64.88999999999997,0.0
0.7,-0.4,8,100,15,85,0.15,-0.6513000000000001,-65.13000000000001,0.03710821998817269,-64.37000000000002,0.0,-21.21,-0.19,100,62,35,26,0.5199999999999996,0.005199999999999995,-65.64999999999999,0.27,0.3409296255396045,-64.88999999999997,0.0
0.7,-0.4,10,100,15,85,0.15,-0.6411,-64.11,0.037676373461423,-63.35,0.0,-20.98,-0.19,100,65,38,26,1.5399999999999987,0.015399999999999987,-65.64999999999999,0.27,0.3409296255396045,-64.88999999999997,0.0
0.7,-0.4,12,100,14,86,0.14,-0.6431,-64.31,0.03264139590854392,-63.55000000000002,0.0,-20.47,-0.19,100,68,39,27,1.3399999999999985,0.013399999999999985,-65.64999999999999,0.27,0.3409296255396045,-64.88999999999997,0.0
0.7,-0.3,2,100,25,75,0.25,-0.6104999999999999,-61.05,0.17242781618544126,-60.29,0.1,-20.599999999999998,1.46,100,41,24,16,4.599999999999999,0.045999999999999985,-65.64999999999999,0.27,0.3409296255396045,-64.88999999999997,0.1
0.7,-0.3,3,100,23,77,0.23,-0.6305,-63.05,0.13948409990446295,-62.28999999999999,0.1,-21.57,1.46,100,45,26,18,2.5999999999999988,0.02599999999999999,-65.64999999999999,0.27,0.3409296255396045,-64.88999999999997,0.1
0.7,-0.3,4,100,22,78,0.22,-0.6177999999999999,-61.779999999999994,0.1372713308197179,-61.019999999999996,0.1,-21.57,1.46,100,47,27,19,3.8699999999999988,0.038699999999999984,-65.64999999999999,0.27,0.3409296255396045,-64.88999999999997,0.1
0.7,-0.3,5,100,21,79,0.21,-0.6144999999999999,-61.449999999999996,0.13584587259175923,-60.69,0.1,-21.57,1.46,100,49,28,20,4.199999999999998,0.04199999999999998,-65.64999999999999,0.27,0.3409296255396045,-64.88999999999997,0.1
0.7,-0.3,6,100,20,80,0.2,-0.6075,-60.75,0.09759358288770055,-59.99,0.0,-21.57,-0.19,100,55,31,23,4.899999999999999,0.04899999999999999,-65.64999999999999,0.27,0.3409296255396045,-64.88999999999997,0.0
0.7,-0.3,8,100,19,81,0.19,-0.5876,-58.76,0.09586090167718112,-58.0,0.0,-18.94,-0.19,100,58,33,24,6.889999999999999,0.06889999999999999,-65.64999999999999,0.27,0.3409296255396045,-64.88999999999997,0.0
0.7,-0.3,10,100,18,82,0.18,-0.6107,-61.07,0.05303147774848813,-60.31,0.0,-20.33,-0.19,100,61,35,25,4.579999999999997,0.04579999999999997,-65.64999999999999,0.27,0.3409296255396045,-64.88999999999997,0.0
0.7,-0.3,12,100,17,83,0.17,-0.6057,-60.57,0.04838963079340143,-59.81,0.0,-20.33,-0.19,100,64,37,26,5.079999999999998,0.050799999999999984,-65.64999999999999,0.27,0.3409296255396045,-64.88999999999997,0.0
0.7,-0.2,2,100,28,72,0.28,-0.6714,-67.14,0.18021978021978025,-66.37999999999998,0.1,-25.59,1.46,100,31,17,14,-1.4899999999999993,-0.014899999999999993,-65.64999999999999,0.27,0.3409296255396045,-64.88999999999997,0.1
0.7,-0.2,3,100,26,74,0.26,-0.6913999999999999,-69.13999999999999,0.1506142506142506,-68.37999999999997,0.1,-24.86,1.46,100,35,19,16,-3.49,-0.0349,-65.64999999999999,0.27,0.3409296255396045,-64.88999999999997,0.1
0.7,-0.2,4,100,25,75,0.25,-0.6645999999999997,-66.45999999999998,0.15045379010609744,-65.69999999999999,0.2,-24.86,1.46,100,40,22,18,-0.8099999999999996,-0.008099999999999996,-65.64999999999999,0.27,0.3409296255396045,-64.88999999999997,0.2
0.7,-0.2,5,100,24,76,0.24,-0.6277,-62.77,0.1406078860898138,-62.01000000000001,0.2,-21.5,1.46,100,44,24,20,2.8800000000000003,0.028800000000000003,-65.64999999999999,0.27,0.3409296255396045,-64.88999999999997,0.2
0.7,-0.2,6,100,23,77,0.23,-0.6342,-63.42,0.10169971671388103,-62.660000000000004,0.1,-21.22,0.08,100,49,26,23,2.2300000000000004,0.022300000000000004,-65.64999999999999,0.27,0.3409296255396045,-64.88999999999997,0.1
0.7,-0.2,8,100,23,77,0.23,-0.6027,-60.27,0.10325844368397562,-59.51000000000001,0.1,-19.76,0.08,100,53,29,24,5.379999999999999,0.05379999999999999,-65.64999999999999,0.27,0.3409296255396045,-64.88999999999997,0.1
0.7,-0.2,10,100,22,78,0.22,-0.6295000000000001,-62.95000000000001,0.061568276684555764,-62.19000000000001,0.1,-20.98,0.08,100,55,30,25,2.6999999999999993,0.026999999999999993,-65.64999999999999,0.27,0.3409296255396045,-64.88999999999997,0.1
0.7,-0.2,12,100,22,78,0.22,-0.6251,-62.51,0.05915111378687538,-61.750000000000014,0.1,-20.98,0.08,100,57,31,26,3.1399999999999992,0.03139999999999999,-65.64999999999999,0.27,0.3409296255396045,-64.88999999999997,0.1
0.7,-0.1,2,100,28,72,0.28,-0.7391999999999999,-73.91999999999999,0.1664411366711773,-73.15999999999997,0.1,-25.939999999999998,1.46,100,23,9,14,-8.27,-0.0827,-65.64999999999999,0.27,0.3409296255396045,-64.88999999999997,0.1
0.7,-0.1,3,100,28,72,0.28,-0.7410999999999999,-74.10999999999999,0.15380223795387077,-73.34999999999997,0.1,-24.58,1.46,100,27,12,15,-8.46,-0.08460000000000001,-65.64999999999999,0.27,0.3409296255396045,-64.88999999999997,0.1
0.7,-0.1,4,100,28,72,0.28,-0.6986999999999999,-69.86999999999999,0.15134215960160335,-69.10999999999997,0.2,-24.58,1.46,100,33,16,17,-4.22,-0.042199999999999994,-65.64999999999999,0.27,0.3409296255396045,-64.88999999999997,0.2
0.7,-0.1,5,100,29,71,0.29,-0.6452,-64.52,0.15505500261917238,-63.76,0.2,-21.22,1.46,100,37,19,18,1.1299999999999994,0.011299999999999994,-65.64999999999999,0.27,0.3409296255396045,-64.88999999999997,0.2
0.7,-0.1,6,100,30,70,0.3,-0.6202,-62.019999999999996,0.15676410605030594,-61.26,0.2,-20.09,1.46,100,41,21,20,3.6299999999999994,0.03629999999999999,-65.64999999999999,0.27,0.3409296255396045,-64.88999999999997,0.2
0.7,-0.1,8,100,30,70,0.3,-0.6022,-60.21999999999999,0.14057371200228344,-59.46000000000001,0.2,-18.47,1.46,100,46,24,22,5.429999999999998,0.05429999999999998,-65.64999999999999,0.27,0.3409296255396045,-64.88999999999997,0.2
0.7,-0.1,10,100,29,71,0.29,-0.6271999999999999,-62.71999999999999,0.10091743119266057,-61.96000000000001,0.2,-20.52,1.46,100,48,25,23,2.929999999999999,0.02929999999999999,-65.64999999999999,0.27,0.3409296255396045,-64.88999999999997,0.2
0.7,-0.1,12,100,29,71,0.29,-0.6227999999999999,-62.279999999999994,0.09895833333333336,-61.52,0.2,-20.52,1.46,100,50,26,24,3.3699999999999988,0.03369999999999999,-65.64999999999999,0.27,0.3409296255396045,-64.88999999999997,0.2
0.7,0.0,2,100,32,68,0.32,-0.6711,-67.11,0.26016977180024253,-66.34999999999998,0.2,-25.88,3.94,100,16,6,10,-1.4600000000000004,-0.014600000000000004,-65.64999999999999,0.27,0.3409296255396045,-64.88999999999997,0.2
0.7,0.0,3,100,35,65,0.35,-0.6525,-65.25,0.2707052643344138,-64.49,0.2,-25.25,3.94,100,19,9,10,0.3999999999999997,0.003999999999999997,-65.64999999999999,0.27,0.3409296255396045,-64.88999999999997,0.2
0.7,0.0,4,100,37,63,0.37,-0.6557000000000001,-65.57000000000001,0.23318910068997778,-64.80999999999999,0.3,-24.74,1.46,100,26,13,13,0.08000000000000007,0.0008000000000000007,-65.64999999999999,0.27,0.3409296255396045,-64.88999999999997,0.3
0.7,0.0,5,100,39,61,0.39,-0.6564,-65.64,0.210867997114691,-64.87999999999998,0.3,-27.43,1.46,100,31,15,16,0.009999999999999787,9.999999999999786e-05,-65.64999999999999,0.27,0.3409296255396045,-64.88999999999997,0.3
0.7,0.0,6,100,41,59,0.41,-0.6050999999999999,-60.509999999999984,0.21180148495506051,-59.75,0.3,-21.1,1.46,100,36,17,19,5.140000000000001,0.05140000000000001,-65.64999999999999,0.27,0.3409296255396045,-64.88999999999997,0.3
0.7,0.0,8,100,44,56,0.44,-0.5640999999999999,-56.40999999999999,0.2277891854893909,-55.65,0.3,-18.619999999999997,1.46,100,39,20,19,9.239999999999998,0.09239999999999998,-65.64999999999999,0.27,0.3409296255396045,-64.88999999999997,0.3
0.7,0.0,10,100,44,56,0.44,-0.5901,-59.00999999999999,0.19219712525667357,-58.25,0.3,-18.619999999999997,1.46,100,41,20,21,6.64,0.0664,-65.64999999999999,0.27,0.3409296255396045,-64.88999999999997,0.3
0.7,0.0,12,100,46,54,0.46,-0.6029999999999999,-60.29999999999999,0.16215089620675283,-59.54,0.3,-20.71,1.46,100,44,22,22,5.35,0.0535,-65.64999999999999,0.27,0.3409296255396045,-64.88999999999997,0.3
0.7,0.1,2,100,31,69,0.31,-0.6652,-66.52,0.2904533333333334,-65.75999999999998,0.3,-27.83,3.94,100,11,4,6,-0.8700000000000001,-0.008700000000000001,-65.64999999999999,0.27,0.3409296255396045,-64.88999999999997,0.3
0.7,0.1,3,100,34,66,0.34,-0.6386,-63.86,0.3033707865168539,-63.099999999999994,0.3,-26.009999999999998,3.94,100,15,7,7,1.7899999999999996,0.017899999999999996,-65.64999999999999,0.27,0.3409296255396045,-64.88999999999997,0.3
0.7,0.1,4,100,38,62,0.38,-0.6419999999999999,-64.19999999999999,0.2726860768097882,-63.43999999999999,0.3,-25.5,1.46,100,21,11,9,1.4499999999999997,0.014499999999999997,-65.64999999999999,0.27,0.3409296255396045,-64.88999999999997,0.3
0.7,0.1,5,100,41,59,0.41,-0.6285000000000001,-62.85,0.26206410707995775,-62.08999999999999,0.3,-26.86,1.46,100,27,14,12,2.8,0.027999999999999997,-65.64999999999999,0.27,0.3409296255396045,-64.88999999999997,0.3
0.7,0.1,6,100,42,58,0.42,-0.6134,-61.339999999999996,0.26556513409961685,-60.57999999999999,0.3,-25.35,1.46,100,29,15,13,4.3100000000000005,0.043100000000000006,-65.64999999999999,0.27,0.3409296255396045,-64.88999999999997,0.3
0.7,0.1,8,100,45,55,0.45,-0.5379999999999999,-53.79999999999999,0.2977418091632946,-53.03999999999999,0.3,-17.58,1.46,100,35,18,15,11.850000000000001,0.11850000000000001,-65.64999999999999,0.27,0.3409296255396045,-64.88999999999997,0.3
0.7,0.1,10,100,45,55,0.45,-0.5596999999999999,-55.96999999999999,0.2694165252577993,-55.209999999999994,0.3,-18.63,1.46,100,37,18,17,9.68,0.0968,-65.64999999999999,0.27,0.3409296255396045,-64.88999999999997,0.3
0.7,0.1,12,100,47,53,0.47,-0.5872999999999999,-58.73,0.22242817423540312,-57.96999999999999,0.3,-21.41,1.46,100,42,20,20,6.919999999999999,0.06919999999999998,-65.64999999999999,0.27,0.3409296255396045,-64.88999999999997,0.3
0.7,0.2,2,100,31,69,0.31,-0.6543000000000001,-65.43,0.30208000000000007,-64.66999999999999,0.3,-27.13,3.94,100,10,4,5,0.21999999999999975,0.0021999999999999975,-65.64999999999999,0.27,0.3409296255396045,-64.88999999999997,0.3
0.7,0.2,3,100,32,68,0.32,-0.6505,-65.05,0.30188881734277745,-64.28999999999998,0.3,-27.59,3.94,100,13,5,7,0.6000000000000001,0.006000000000000001,-65.64999999999999,0.27,0.3409296255396045,-64.88999999999997,0.3
0.7,0.2,4,100,34,66,0.34,-0.6457999999999998,-64.57999999999998,0.28347941861755244,-63.819999999999986,0.3,-24.9,1.46,100,17,7,9,1.0700000000000003,0.010700000000000003,-65.64999999999999,0.27,0.3409296255396045,-64.88999999999997,0.3
0.7,0.2,5,100,37,63,0.37,-0.6323000000000001,-63.230000000000004,0.27346891876364476,-62.469999999999985,0.3,-26.259999999999998,1.46,100,23,10,12,2.4200000000000004,0.024200000000000003,-65.64999999999999,0.27,0.3409296255396045,-64.88999999999997,0.3
0.7,0.2,6,100,40,60,0.4,-0.5972,-59.72,0.2895550797049727,-58.95999999999999,0.3,-23.9,1.46,100,27,13,13,5.93,0.0593,-65.64999999999999,0.27,0.3409296255396045,-64.88999999999997,0.3
0.7,0.2,8,100,42,58,0.42,-0.539,-53.9,0.3157293385806779,-53.139999999999986,0.3,-17.85,1.46,100,32,15,15,11.75,0.1175,-65.64999999999999,0.27,0.3409296255396045,-64.88999999999997,0.3
0.7,0.2,10,100,42,58,0.42,-0.5607,-56.07,0.2881807794845753,-55.30999999999999,0.3,-18.9,1.46,100,34,15,17,9.580000000000002,0.09580000000000002,-65.64999999999999,0.27,0.3409296255396045,-64.88999999999997,0.3
0.7,0.2,12,100,42,58,0.42,-0.5977999999999999,-59.779999999999994,0.24108163006220637,-59.01999999999999,0.3,-21.83,1.46,100,37,15,20,5.870000000000002,0.058700000000000016,-65.64999999999999,0.27,0.3409296255396045,-64.88999999999997,0.3
0.7,0.3,2,100,28,72,0.28,-0.6988999999999999,-69.88999999999999,0.2894469296461976,-69.12999999999997,0.3,-27.13,3.94,100,6,1,4,-4.24,-0.0424,-65.64999999999999,0.27,0.3409296255396045,-64.88999999999997,0.3
0.7,0.3,3,100,29,71,0.29,-0.6938999999999999,-69.38999999999999,0.29041824317414877,-68.62999999999998,0.3,-27.13,3.94,100,8,2,5,-3.74,-0.0374,-65.64999999999999,0.27,0.3409296255396045,-64.88999999999997,0.3
0.7,0.3,4,100,30,70,0.3,-0.7005999999999999,-70.05999999999999,0.2757907794087245,-69.29999999999997,0.3,-24.8,1.46,100,11,3,7,-4.41,-0.0441,-65.64999999999999,0.27,0.3409296255396045,-64.88999999999997,0.3
0.7,0.3,5,100,32,68,0.32,-0.7049,-70.49,0.26064610866372984,-69.72999999999998,0.3,-24.8,1.46,100,16,5,10,-4.840000000000001,-0.048400000000000006,-65.64999999999999,0.27,0.3409296255396045,-64.88999999999997,0.3
0.7,0.3,6,100,33,67,0.33,-0.7005999999999999,-70.05999999999999,0.2615935919055649,-69.29999999999997,0.3,-24.369999999999997,1.46,100,18,6,11,-4.41,-0.0441,-65.64999999999999,0.27,0.3409296255396045,-64.88999999999997,0.3
0.7,0.3,8,100,35,65,0.35,-0.6446,-64.46,0.27784001792516244,-63.699999999999996,0.3,-20.16,1.46,100,23,8,13,1.1899999999999995,0.011899999999999996,-65.64999999999999,0.27,0.3409296255396045,-64.88999999999997,0.3
0.7,0.3,10,100,36,64,0.36,-0.6519999999999999,-65.19999999999999,0.26518652090611977,-64.43999999999998,0.3,-20.24,1.46,100,27,9,15,0.4499999999999993,0.004499999999999993,-65.64999999999999,0.27,0.3409296255396045,-64.88999999999997,0.3
0.7,0.3,12,100,36,64,0.36,-0.6890999999999999,-68.91,0.22337428152823177,-68.14999999999999,0.3,-23.17,1.46,100,30,9,18,-3.2600000000000007,-0.032600000000000004,-65.64999999999999,0.27,0.3409296255396045,-64.88999999999997,0.3
0.7,0.4,2,100,28,72,0.28,-0.699,-69.89999999999999,0.2893452623017487,-69.13999999999997,0.3,-27.13,3.94,100,5,1,4,-4.25,-0.0425,-65.64999999999999,0.27,0.3409296255396045,-64.88999999999997,0.3
0.7,0.4,3,100,29,71,0.29,-0.6827999999999999,-68.27999999999999,0.3017690970446877,-67.51999999999998,0.3,-27.13,3.94,100,8,2,5,-2.63,-0.0263,-65.64999999999999,0.27,0.3409296255396045,-64.88999999999997,0.3
0.7,0.4,4,100,30,70,0.3,-0.6858999999999998,-68.58999999999999,0.29098614843911524,-67.82999999999998,0.3,-24.439999999999998,1.46,100,10,3,6,-2.9400000000000004,-0.029400000000000003,-65.64999999999999,0.27,0.3409296255396045,-64.88999999999997,0.3
0.7,0.4,5,100,32,68,0.32,-0.6901999999999999,-69.02,0.27606461086637296,-68.25999999999998,0.3,-24.439999999999998,1.46,100,15,5,9,-3.3700000000000006,-0.03370000000000001,-65.64999999999999,0.27,0.3409296255396045,-64.88999999999997,0.3
0.7,0.4,6,100,32,68,0.32,-0.6944,-69.44,0.27165932452276065,-68.67999999999998,0.3,-24.86,1.46,100,16,5,10,-3.7900000000000005,-0.0379,-65.64999999999999,0.27,0.3409296255396045,-64.88999999999997,0.3
0.7,0.4,8,100,35,65,0.35,-0.6286,-62.86,0.2957651803719471,-62.099999999999994,0.3,-19.67,1.46,100,22,8,12,2.789999999999999,0.02789999999999999,-65.64999999999999,0.27,0.3409296255396045,-64.88999999999997,0.3
0.7,0.4,10,100,36,64,0.36,-0.6143,-61.43,0.3076749690071003,-60.669999999999995,0.3,-18.7,1.46,100,24,9,12,4.219999999999999,0.04219999999999999,-65.64999999999999,0.27,0.3409296255396045,-64.88999999999997,0.3
0.7,0.4,12,100,36,64,0.36,-0.6325999999999999,-63.26,0.2870506029527782,-62.49999999999999,0.3,-18.7,1.46,100,26,9,14,2.389999999999999,0.023899999999999987,-65.64999999999999,0.27,0.3409296255396045,-64.88999999999997,0.3
0.75,-0.5,2,100,14,86,0.14,-0.7121000000000001,-71.21000000000001,0.07579493835171965,-70.45,0.1,-22.84,1.46,100,53,30,20,-5.560000000000001,-0.05560000000000001,-65.64999999999999,0.27,0.3409296255396045,-64.88999999999997,0.1
0.75,-0.5,3,100,11,89,0.11,-0.7207000000000002,-72.07000000000002,0.05581029739289924,-71.31000000000002,0.1,-23.939999999999998,1.46,100,59,33,23,-6.420000000000001,-0.06420000000000001,-65.64999999999999,0.27,0.3409296255396045,-64.88999999999997,0.1
0.75,-0.5,4,100,10,90,0.1,-0.6775000000000003,-67.75000000000003,0.056932071269487745,-66.99000000000002,0.1,-22.84,1.46,100,64,37,24,-2.1000000000000005,-0.021000000000000005,-65.64999999999999,0.27,0.3409296255396045,-64.88999999999997,0.1
0.75,-0.5,5,100,10,90,0.1,-0.6539000000000001,-65.39000000000001,0.05886586067933219,-64.63000000000001,0.1,-21.650000000000002,1.46,100,66,39,24,0.2600000000000001,0.002600000000000001,-65.64999999999999,0.27,0.3409296255396045,-64.88999999999997,0.1
0.75,-0.5,6,100,8,92,0.08,-0.6729000000000002,-67.29000000000002,0.016659359929855327,-66.53000000000003,0.0,-21.259999999999998,-0.19,100,71,42,26,-1.6399999999999988,-0.016399999999999988,-65.64999999999999,0.27,0.3409296255396045,-64.88999999999997,0.0
0.75,-0.5,8,100,8,92,0.08,-0.6618000000000002,-66.18000000000002,0.01693404634581105,-65.42000000000002,0.0,-21.32,-0.19,100,73,43,26,-0.5299999999999999,-0.005299999999999999,-65.64999999999999,0.27,0.3409296255396045,-64.88999999999997,0.0
0.75,-0.5,10,100,8,92,0.08,-0.6510000000000001,-65.10000000000001,0.017210144927536235,-64.87,0.0,-20.77,-0.19,100,75,45,26,0.5499999999999997,0.005499999999999997,-65.64999999999999,0.27,0.3409296255396045,-64.88999999999997,0.0
0.75,-0.5,12,100,7,93,0.07,-0.6495000000000001,-64.95,0.012167300380228133,-64.72000000000001,0.0,-20.259999999999998,-0.19,100,77,46,27,0.7000000000000001,0.007000000000000001,-65.64999999999999,0.27,0.3409296255396045,-64.88999999999997,0.0
0.75,-0.4,2,100,20,80,0.2,-0.6918000000000001,-69.18,0.09827945776850887,-68.42,0.1,-24.15,1.46,100,44,24,19,-3.530000000000001,-0.03530000000000001,-65.64999999999999,0.27,0.3409296255396045,-64.88999999999997,0.1
0.75,-0.4,3,100,17,83,0.17,-0.7030000000000001,-70.30000000000001,0.07585118969370318,-69.53999999999999,0.1,-24.1,1.46,100,50,27,22,-4.650000000000002,-0.04650000000000002,-65.64999999999999,0.27,0.3409296255396045,-64.88999999999997,0.1
0.75,-0.4,4,100,16,84,0.16,-0.6896000000000001,-68.96000000000001,0.07510729613733905,-68.2,0.1,-24.1,1.46,100,52,28,23,-3.3100000000000023,-0.033100000000000025,-65.64999999999999,0.27,0.3409296255396045,-64.88999999999997,0.1
0.75,-0.4,5,100,16,84,0.16,-0.6626000000000001,-66.26,0.07792930698580573,-65.5,0.1,-24.1,1.46,100,55,31,23,-0.6100000000000021,-0.006100000000000021,-65.64999999999999,0.27,0.3409296255396045,-64.88999999999997,0.1
0.75,-0.4,6,100,15,85,0.15,-0.6672000000000001,-66.72000000000001,0.03625595839953778,-65.96000000000002,0.0,-21.24,-0.19,100,60,33,26,-1.0700000000000003,-0.010700000000000003,-65.64999999999999,0.27,0.3409296255396045,-64.88999999999997,0.0
0.75,-0.4,8,100,15,85,0.15,-0.6555,-65.55,0.03687922421392889,-64.79000000000002,0.0,-21.24,-0.19,100,61,34,26,0.09999999999999964,0.0009999999999999966,-65.64999999999999,0.27,0.3409296255396045,-64.88999999999997,0.0
0.75,-0.4,10,100,15,85,0.15,-0.64,-64.0,0.03773868591189296,-63.77000000000002,0.0,-21.009999999999998,-0.19,100,65,38,26,1.649999999999999,0.01649999999999999,-65.64999999999999,0.27,0.3409296255396045,-64.88999999999997,0.0
0.75,-0.4,12,100,14,86,0.14,-0.642,-64.2,0.032695494952538796,-63.97000000000002,0.0,-20.5,-0.19,100,68,39,27,1.4499999999999988,0.014499999999999989,-65.64999999999999,0.27,0.3409296255396045,-64.88999999999997,0.0
0.75,-0.3,2,100,25,75,0.25,-0.617,-61.699999999999996,0.17092179521633974,-60.940000000000005,0.1,-20.63,1.46,100,40,23,16,3.9499999999999993,0.03949999999999999,-65.64999999999999,0.27,0.3409296255396045,-64.88999999999997,0.1
0.75,-0.3,3,100,22,78,0.22,-0.6408999999999999,-64.08999999999999,0.1329816017316017,-63.32999999999999,0.1,-21.57,1.46,100,45,25,19,1.5599999999999978,0.015599999999999978,-65.64999999999999,0.27,0.3409296255396045,-64.88999999999997,0.1
0.75,-0.3,4,100,21,79,0.21,-0.6275,-62.74999999999999,0.1334069879850849,-61.99,0.1,-21.57,1.46,100,47,26,20,2.899999999999998,0.02899999999999998,-65.64999999999999,0.27,0.3409296255396045,-64.88999999999997,0.1
0.75,-0.3,5,100,21,79,0.21,-0.621,-62.099999999999994,0.1346153846153846,-61.34,0.1,-21.57,1.46,100,48,27,20,3.5499999999999985,0.03549999999999998,-65.64999999999999,0.27,0.3409296255396045,-64.88999999999997,0.1
0.75,-0.3,6,100,20,80,0.2,-0.614,-61.4,0.0966602913049875,-60.64000000000001,0.0,-21.57,-0.19,100,54,30,23,4.25,0.0425,-65.64999999999999,0.27,0.3409296255396045,-64.88999999999997,0.0
0.75,-0.3,8,100,19,81,0.19,-0.5941000000000001,-59.410000000000004,0.0949116392443632,-58.650000000000006,0.0,-18.94,-0.19,100,57,32,24,6.239999999999999,0.06239999999999999,-65.64999999999999,0.27,0.3409296255396045,-64.88999999999997,0.0
0.75,-0.3,10,100,18,82,0.18,-0.6119,-61.19,0.052932982510447306,-60.96000000000001,0.0,-20.36,-0.19,100,61,35,25,4.459999999999998,0.04459999999999998,-65.64999999999999,0.27,0.3409296255396045,-64.88999999999997,0.0
0.75,-0.3,12,100,17,83,0.17,-0.6069,-60.69,0.04829857299670692,-60.46000000000001,0.0,-20.36,-0.19,100,64,37,26,4.959999999999999,0.04959999999999999,-65.64999999999999,0.27,0.3409296255396045,-64.88999999999997,0.0
0.75,-0.2,2,100,28,72,0.28,-0.6775999999999999,-67.75999999999999,0.17886572952011637,-66.99999999999999,0.1,-25.59,1.46,100,30,16,14,-2.1099999999999994,-0.021099999999999994,-65.64999999999999,0.27,0.3409296255396045,-64.88999999999997,0.1
0.75,-0.2,3,100,25,75,0.25,-0.7014999999999999,-70.14999999999999,0.14472079980492564,-69.38999999999997,0.1,-24.86,1.46,100,35,18,17,-4.5,-0.045,-65.64999999999999,0.27,0.3409296255396045,-64.88999999999997,0.1
0.75,-0.2,4,100,24,76,0.24,-0.6271,-62.71,0.1561028125420536,-61.95,0.2,-21.22,1.46,100,41,22,19,2.9400000000000004,0.029400000000000003,-65.64999999999999,0.27,0.3409296255396045,-64.88999999999997,0.2
0.75,-0.2,5,100,24,76,0.24,-0.6339000000000001,-63.39000000000001,0.13942438229704046,-62.63000000000002,0.2,-21.5,1.46,100,43,23,20,2.2600000000000002,0.022600000000000002,-65.64999999999999,0.27,0.3409296255396045,-64.88999999999997,0.2
0.75,-0.2,6,100,23,77,0.23,-0.6404000000000001,-64.04,0.10081437798371246,-63.28000000000001,0.1,-21.22,0.08,100,48,25,23,1.6099999999999999,0.0161,-65.64999999999999,0.27,0.3409296255396045,-64.88999999999997,0.1
0.75,-0.2,8,100,23,77,0.23,-0.6089000000000001,-60.89000000000001,0.10231461005454816,-60.130000000000024,0.1,-19.76,0.08,100,52,28,24,4.76,0.047599999999999996,-65.64999999999999,0.27,0.3409296255396045,-64.88999999999997,0.1
0.75,-0.2,10,100,22,78,0.22,-0.6357,-63.57000000000001,0.061004431314623346,-62.810000000000024,0.1,-20.98,0.08,100,54,29,25,2.0799999999999996,0.020799999999999996,-65.64999999999999,0.27,0.3409296255396045,-64.88999999999997,0.1
0.75,-0.2,12,100,23,77,0.23,-0.6191,-61.910000000000004,0.06621417797888386,-62.37000000000002,0.1,-20.98,0.08,100,57,31,26,3.7399999999999993,0.037399999999999996,-65.64999999999999,0.27,0.3409296255396045,-64.88999999999997,0.1
0.75,-0.1,2,100,28,72,0.28,-0.7391999999999999,-73.91999999999999,0.1664411366711773,-73.15999999999997,0.1,-25.939999999999998,1.46,100,23,9,14,-8.27,-0.0827,-65.64999999999999,0.27,0.3409296255396045,-64.88999999999997,0.1
0.75,-0.1,3,100,27,73,0.27,-0.745,-74.5,0.14934916647636448,-73.73999999999997,0.1,-24.58,1.46,100,28,12,16,-8.850000000000001,-0.08850000000000001,-65.64999999999999,0.27,0.3409296255396045,-64.88999999999997,0.1
0.75,-0.1,4,100,28,72,0.28,-0.6518,-65.18,0.1604842864502834,-64.41999999999999,0.2,-21.26,1.46,100,34,17,17,0.4700000000000002,0.004700000000000002,-65.64999999999999,0.27,0.3409296255396045,-64.88999999999997,0.2
0.75,-0.1,5,100,29,71,0.29,-0.6452,-64.52,0.15505500261917238,-63.76,0.2,-21.22,1.46,100,37,19,18,1.1299999999999994,0.011299999999999994,-65.64999999999999,0.27,0.3409296255396045,-64.88999999999997,0.2
0.75,-0.1,6,100,30,70,0.3,-0.6202,-62.019999999999996,0.15676410605030594,-61.26,0.2,-20.09,1.46,100,41,21,20,3.6299999999999994,0.03629999999999999,-65.64999999999999,0.27,0.3409296255396045,-64.88999999999997,0.2
0.75,-0.1,8,100,30,70,0.3,-0.6022,-60.21999999999999,0.14057371200228344,-59.46000000000001,0.2,-18.47,1.46,100,46,24,22,5.429999999999998,0.05429999999999998,-65.64999999999999,0.27,0.3409296255396045,-64.88999999999997,0.2
0.75,-0.1,10,100,29,71,0.29,-0.6271999999999999,-62.71999999999999,0.10091743119266057,-61.96000000000001,0.2,-20.52,1.46,100,48,25,23,2.929999999999999,0.02929999999999999,-65.64999999999999,0.27,0.3409296255396045,-64.88999999999997,0.2
0.75,-0.1,12,100,30,70,0.3,-0.6105999999999999,-61.059999999999995,0.10678759508484496,-61.52000000000001,0.2,-20.52,1.46,100,51,27,24,4.589999999999998,0.04589999999999998,-65.64999999999999,0.27,0.3409296255396045,-64.88999999999997,0.2
0.75,0.0,2,100,33,67,0.33,-0.6613,-66.13,0.2663634346571999,-65.36999999999999,0.2,-25.88,3.94,100,17,7,10,-0.4800000000000004,-0.004800000000000004,-65.64999999999999,0.27,0.3409296255396045,-64.88999999999997,0.2
0.75,0.0,3,100,34,66,0.34,-0.6564,-65.64,0.2663462613166424,-64.87999999999998,0.2,-25.25,3.94,100,20,9,11,0.009999999999999787,9.999999999999786e-05,-65.64999999999999,0.27,0.3409296255396045,-64.88999999999997,0.2
0.75,0.0,4,100,37,63,0.37,-0.6557000000000001,-65.57000000000001,0.23318910068997778,-64.80999999999999,0.3,-24.74,1.46,100,26,13,13,0.08000000000000007,0.0008000000000000007,-65.64999999999999,0.27,0.3409296255396045,-64.88999999999997,0.3
0.75,0.0,5,100,40,60,0.4,-0.6082,-60.81999999999999,0.22443254271869423,-60.059999999999995,0.3,-22.61,1.46,100,32,16,16,4.83,0.0483,-65.64999999999999,0.27,0.3409296255396045,-64.88999999999997,0.3
0.75,0.0,6,100,41,59,0.41,-0.6050999999999999,-60.509999999999984,0.21180148495506051,-59.75,0.3,-21.1,1.46,100,36,17,19,5.140000000000001,0.05140000000000001,-65.64999999999999,0.27,0.3409296255396045,-64.88999999999997,0.3
0.75,0.0,8,100,44,56,0.44,-0.5640999999999999,-56.40999999999999,0.2277891854893909,-55.65,0.3,-18.619999999999997,1.46,100,39,20,19,9.239999999999998,0.09239999999999998,-65.64999999999999,0.27,0.3409296255396045,-64.88999999999997,0.3
0.75,0.0,10,100,44,56,0.44,-0.5901,-59.00999999999999,0.19219712525667357,-58.25,0.3,-18.619999999999997,1.46,100,41,20,21,6.64,0.0664,-65.64999999999999,0.27,0.3409296255396045,-64.88999999999997,0.3
0.75,0.0,12,100,47,53,0.47,-0.5907999999999999,-59.07999999999999,0.17034124420727426,-59.54,0.3,-20.71,1.46,100,45,23,22,6.569999999999998,0.06569999999999998,-65.64999999999999,0.27,0.3409296255396045,-64.88999999999997,0.3
0.75,0.1,2,100,32,68,0.32,-0.6553999999999999,-65.53999999999999,0.29663017814981757,-64.77999999999999,0.3,-27.83,3.94,100,12,5,6,0.10999999999999943,0.0010999999999999942,-65.64999999999999,0.27,0.3409296255396045,-64.88999999999997,0.3
0.75,0.1,3,100,34,66,0.34,-0.6386,-63.86,0.3033707865168539,-63.099999999999994,0.3,-26.009999999999998,3.94,100,15,7,7,1.7899999999999996,0.017899999999999996,-65.64999999999999,0.27,0.3409296255396045,-64.88999999999997,0.3
0.75,0.1,4,100,38,62,0.38,-0.6419999999999999,-64.19999999999999,0.2726860768097882,-63.43999999999999,0.3,-25.5,1.46,100,21,11,9,1.4499999999999997,0.014499999999999997,-65.64999999999999,0.27,0.3409296255396045,-64.88999999999997,0.3
0.75,0.1,5,100,41,59,0.41,-0.6285000000000001,-62.85,0.26206410707995775,-62.08999999999999,0.3,-26.86,1.46,100,27,14,12,2.8,0.027999999999999997,-65.64999999999999,0.27,0.3409296255396045,-64.88999999999997,0.3
0.75,0.1,6,100,43,57,0.43,-0.5616,-56.16,0.286947689182326,-55.39999999999999,0.3,-20.06,1.46,100,31,16,14,9.489999999999998,0.09489999999999998,-65.64999999999999,0.27,0.3409296255396045,-64.88999999999997,0.3
0.75,0.1,8,100,45,55,0.45,-0.5379999999999999,-53.79999999999999,0.2977418091632946,-53.03999999999999,0.3,-17.58,1.46,100,35,18,15,11.850000000000001,0.11850000000000001,-65.64999999999999,0.27,0.3409296255396045,-64.88999999999997,0.3
0.75,0.1,10,100,45,55,0.45,-0.5596999999999999,-55.96999999999999,0.2694165252577993,-55.209999999999994,0.3,-18.63,1.46,100,37,18,17,9.68,0.0968,-65.64999999999999,0.27,0.3409296255396045,-64.88999999999997,0.3
0.75,0.1,12,100,48,52,0.48,-0.5751,-57.51,0.23084124648923363,-57.96999999999999,0.3,-21.41,1.46,100,43,21,20,8.14,0.0814,-65.64999999999999,0.27,0.3409296255396045,-64.88999999999997,0.3
0.75,0.2,2,100,32,68,0.32,-0.6444999999999999,-64.44999999999999,0.3083279673749732,-63.68999999999999,0.3,-27.13,3.94,100,11,5,5,1.2000000000000002,0.012000000000000002,-65.64999999999999,0.27,0.3409296255396045,-64.88999999999997,0.3
0.75,0.2,3,100,32,68,0.32,-0.6505,-65.05,0.30188881734277745,-64.28999999999998,0.3,-27.59,3.94,100,13,5,7,0.6000000000000001,0.006000000000000001,-65.64999999999999,0.27,0.3409296255396045,-64.88999999999997,0.3
0.75,0.2,4,100,34,66,0.34,-0.6457999999999998,-64.57999999999998,0.28347941861755244,-63.819999999999986,0.3,-24.9,1.46,100,17,7,9,1.0700000000000003,0.010700000000000003,-65.64999999999999,0.27,0.3409296255396045,-64.88999999999997,0.3
0.75,0.2,5,100,37,63,0.37,-0.6323000000000001,-63.230000000000004,0.27346891876364476,-62.469999999999985,0.3,-26.259999999999998,1.46,100,23,10,12,2.4200000000000004,0.024200000000000003,-65.64999999999999,0.27,0.3409296255396045,-64.88999999999997,0.3
0.75,0.2,6,100,41,59,0.41,-0.5454,-54.54,0.31223203026481716,-53.77999999999999,0.3,-18.61,1.46,100,29,14,14,11.11,0.11109999999999999,-65.64999999999999,0.27,0.3409296255396045,-64.88999999999997,0.3
0.75,0.2,8,100,42,58,0.42,-0.539,-53.9,0.3157293385806779,-53.139999999999986,0.3,-17.85,1.46,100,32,15,15,11.75,0.1175,-65.64999999999999,0.27,0.3409296255396045,-64.88999999999997,0.3
0.75,0.2,10,100,42,58,0.42,-0.5607,-56.07,0.2881807794845753,-55.30999999999999,0.3,-18.9,1.46,100,34,15,17,9.580000000000002,0.09580000000000002,-65.64999999999999,0.27,0.3409296255396045,-64.88999999999997,0.3
0.75,0.2,12,100,43,57,0.43,-0.5855999999999999,-58.559999999999995,0.24932700935777463,-59.01999999999999,0.3,-21.83,1.46,100,38,16,20,7.090000000000001,0.0709,-65.64999999999999,0.27,0.3409296255396045,-64.88999999999997,0.3
0.75,0.3,2,100,29,71,0.29,-0.6890999999999999,-68.91,0.295326720523571,-68.14999999999998,0.3,-27.13,3.94,100,7,2,4,-3.26,-0.0326,-65.64999999999999,0.27,0.3409296255396045,-64.88999999999997,0.3
0.75,0.3,3,100,29,71,0.29,-0.6938999999999999,-69.38999999999999,0.29041824317414877,-68.62999999999998,0.3,-27.13,3.94,100,8,2,5,-3.74,-0.0374,-65.64999999999999,0.27,0.3409296255396045,-64.88999999999997,0.3
0.75,0.3,4,100,30,70,0.3,-0.7005999999999999,-70.05999999999999,0.2757907794087245,-69.29999999999997,0.3,-24.8,1.46,100,11,3,7,-4.41,-0.0441,-65.64999999999999,0.27,0.3409296255396045,-64.88999999999997,0.3
0.75,0.3,5,100,32,68,0.32,-0.7049,-70.49,0.26064610866372984,-69.72999999999998,0.3,-24.8,1.46,100,16,5,10,-4.840000000000001,-0.048400000000000006,-65.64999999999999,0.27,0.3409296255396045,-64.88999999999997,0.3
0.75,0.3,6,100,34,66,0.34,-0.6476999999999999,-64.77,0.28129161118508655,-64.00999999999999,0.3,-19.08,1.46,100,19,7,11,0.8799999999999999,0.008799999999999999,-65.64999999999999,0.27,0.3409296255396045,-64.88999999999997,0.3
0.75,0.3,8,100,35,65,0.35,-0.6446,-64.46,0.27784001792516244,-63.699999999999996,0.3,-20.16,1.46,100,23,8,13,1.1899999999999995,0.011899999999999996,-65.64999999999999,0.27,0.3409296255396045,-64.88999999999997,0.3
0.75,0.3,10,100,36,64,0.36,-0.6519999999999999,-65.19999999999999,0.26518652090611977,-64.43999999999998,0.3,-20.24,1.46,100,27,9,15,0.4499999999999993,0.004499999999999993,-65.64999999999999,0.27,0.3409296255396045,-64.88999999999997,0.3
0.75,0.3,12,100,37,63,0.37,-0.6769,-67.69,0.2305331362964648,-68.14999999999998,0.3,-23.17,1.46,100,31,10,18,-2.040000000000001,-0.02040000000000001,-65.64999999999999,0.27,0.3409296255396045,-64.88999999999997,0.3
0.75,0.4,2,100,29,71,0.29,-0.6891999999999999,-68.91999999999999,0.29522446057879137,-68.15999999999998,0.3,-27.13,3.94,100,6,2,4,-3.2699999999999996,-0.03269999999999999,-65.64999999999999,0.27,0.3409296255396045,-64.88999999999997,0.3
0.75,0.4,3,100,29,71,0.29,-0.6827999999999999,-68.27999999999999,0.3017690970446877,-67.51999999999998,0.3,-27.13,3.94,100,8,2,5,-2.63,-0.0263,-65.64999999999999,0.27,0.3409296255396045,-64.88999999999997,0.3
0.75,0.4,4,100,30,70,0.3,-0.6858999999999998,-68.58999999999999,0.29098614843911524,-67.82999999999998,0.3,-24.439999999999998,1.46,100,10,3,6,-2.9400000000000004,-0.029400000000000003,-65.64999999999999,0.27,0.3409296255396045,-64.88999999999997,0.3
0.75,0.4,5,100,32,68,0.32,-0.6901999999999999,-69.02,0.27606461086637296,-68.25999999999998,0.3,-24.439999999999998,1.46,100,15,5,9,-3.3700000000000006,-0.03370000000000001,-65.64999999999999,0.27,0.3409296255396045,-64.88999999999997,0.3
0.75,0.4,6,100,33,67,0.33,-0.6415000000000001,-64.15,0.2917862662839479,-63.38999999999999,0.3,-19.57,1.46,100,17,6,10,1.4999999999999991,0.01499999999999999,-65.64999999999999,0.27,0.3409296255396045,-64.88999999999997,0.3
0.75,0.4,8,100,35,65,0.35,-0.6286,-62.86,0.2957651803719471,-62.099999999999994,0.3,-19.67,1.46,100,22,8,12,2.789999999999999,0.02789999999999999,-65.64999999999999,0.27,0.3409296255396045,-64.88999999999997,0.3
0.75,0.4,10,100,36,64,0.36,-0.6143,-61.43,0.3076749690071003,-60.669999999999995,0.3,-18.7,1.46,100,24,9,12,4.219999999999999,0.04219999999999999,-65.64999999999999,0.27,0.3409296255396045,-64.88999999999997,0.3
0.75,0.4,12,100,37,63,0.37,-0.6204,-62.04,0.29475957712856665,-62.49999999999999,0.3,-18.7,1.46,100,27,10,14,3.6099999999999994,0.03609999999999999,-65.64999999999999,0.27,0.3409296255396045,-64.88999999999997,0.3
0.8,-0.5,2,100,17,83,0.17,-0.7088999999999999,-70.88999999999999,0.12145247242533153,-70.13,0.1,-23.78,1.46,97,46,26,17,-5.240000000000001,-0.05240000000000001,-65.64999999999999,0.27,0.3409296255396045,-64.88999999999997,0.1
0.8,-0.5,3,100,13,87,0.13,-0.7219000000000001,-72.19000000000001,0.10032402791625127,-71.43,0.1,-25.47,1.46,97,55,30,21,-6.540000000000001,-0.06540000000000001,-65.64999999999999,0.27,0.3409296255396045,-64.88999999999997,0.1
0.8,-0.5,4,100,13,87,0.13,-0.6785000000000001,-67.85000000000001,0.10606060606060608,-67.09,0.1,-23.96,1.46,97,58,33,21,-2.200000000000001,-0.02200000000000001,-65.64999999999999,0.27,0.3409296255396045,-64.88999999999997,0.1
0.8,-0.5,5,100,13,87,0.13,-0.6548999999999999,-65.49,0.10946423714985042,-64.73,0.1,-22.79,1.46,97,60,35,21,0.15999999999999875,0.0015999999999999875,-65.64999999999999,0.27,0.3409296255396045,-64.88999999999997,0.1
0.8,-0.5,6,100,11,89,0.11,-0.6739,-67.39,0.07035453165953923,-66.63000000000001,0.0,-22.79,-0.19,97,65,38,23,-1.7399999999999989,-0.01739999999999999,-65.64999999999999,0.27,0.3409296255396045,-64.88999999999997,0.0
0.8,-0.5,8,100,11,89,0.11,-0.6573,-65.73,0.07200338839474799,-64.97,0.0,-22.3,-0.19,97,68,40,23,-0.08000000000000013,-0.0008000000000000012,-65.64999999999999,0.27,0.3409296255396045,-64.88999999999997,0.0
0.8,-0.5,10,100,11,89,0.11,-0.652,-65.2,0.07254623044096728,-64.97,0.0,-22.3,-0.19,97,69,41,23,0.4499999999999997,0.004499999999999997,-65.64999999999999,0.27,0.3409296255396045,-64.88999999999997,0.0
0.8,-0.5,12,100,10,90,0.1,-0.6505,-65.05,0.06818507377166594,-64.82000000000001,0.0,-21.79,-0.19,97,71,42,24,0.5999999999999992,0.005999999999999992,-65.64999999999999,0.27,0.3409296255396045,-64.88999999999997,0.0
0.8,-0.4,2,100,20,80,0.2,-0.7034,-70.34,0.12621118012422364,-69.57999999999998,0.1,-25.05,1.46,97,40,21,17,-4.690000000000002,-0.046900000000000025,-65.64999999999999,0.27,0.3409296255396045,-64.88999999999997,0.1
0.8,-0.4,3,100,17,83,0.17,-0.706,-70.6,0.11595291760581018,-69.83999999999999,0.1,-25.0,1.46,97,46,24,20,-4.950000000000004,-0.04950000000000004,-65.64999999999999,0.27,0.3409296255396045,-64.88999999999997,0.1
0.8,-0.4,4,100,17,83,0.17,-0.6829000000000001,-68.29,0.11940683430045135,-67.53,0.1,-25.0,1.46,97,48,26,20,-2.6400000000000023,-0.026400000000000024,-65.64999999999999,0.27,0.3409296255396045,-64.88999999999997,0.1
0.8,-0.4,5,100,17,83,0.17,-0.6624000000000001,-66.24000000000001,0.12264900662251657,-65.48,0.1,-25.0,1.46,97,50,28,20,-0.5900000000000021,-0.005900000000000021,-65.64999999999999,0.27,0.3409296255396045,-64.88999999999997,0.1
0.8,-0.4,6,100,16,84,0.16,-0.667,-66.7,0.08467133250994922,-65.94000000000001,0.0,-22.14,-0.19,97,55,30,23,-1.0499999999999998,-0.010499999999999999,-65.64999999999999,0.27,0.3409296255396045,-64.88999999999997,0.0
0.8,-0.4,8,100,16,84,0.16,-0.6588,-65.88000000000001,0.08563497571131158,-65.12000000000002,0.0,-22.14,-0.19,97,57,31,23,-0.22999999999999993,-0.002299999999999999,-65.64999999999999,0.27,0.3409296255396045,-64.88999999999997,0.0
0.8,-0.4,10,100,16,84,0.16,-0.6433000000000001,-64.33000000000001,0.0875177304964539,-64.10000000000001,0.0,-21.91,-0.19,97,61,35,23,1.3199999999999998,0.013199999999999998,-65.64999999999999,0.27,0.3409296255396045,-64.88999999999997,0.0
0.8,-0.4,12,100,15,85,0.15,-0.6418,-64.18,0.08327381802599629,-63.950000000000024,0.0,-21.4,-0.19,97,63,36,24,1.4699999999999998,0.014699999999999998,-65.64999999999999,0.27,0.3409296255396045,-64.88999999999997,0.0
0.8,-0.3,2,100,26,74,0.26,-0.6231,-62.309999999999995,0.19817269334705961,-61.550000000000004,0.1,-21.240000000000002,1.46,97,35,20,14,3.3400000000000003,0.033400000000000006,-65.64999999999999,0.27,0.3409296255396045,-64.88999999999997,0.1
0.8,-0.3,3,100,23,77,0.23,-0.6384000000000001,-63.84,0.17327117327117325,-63.08,0.1,-20.509999999999998,1.46,97,40,22,17,1.81,0.0181,-65.64999999999999,0.27,0.3409296255396045,-64.88999999999997,0.1
0.8,-0.3,4,100,23,77,0.23,-0.6153,-61.53,0.17861433720464553,-60.77,0.1,-20.509999999999998,1.46,97,42,24,17,4.119999999999999,0.041199999999999994,-65.64999999999999,0.27,0.3409296255396045,-64.88999999999997,0.1
0.8,-0.3,5,100,23,77,0.23,-0.6153,-61.53,0.17861433720464553,-60.77,0.1,-20.509999999999998,1.46,97,42,24,17,4.119999999999999,0.041199999999999994,-65.64999999999999,0.27,0.3409296255396045,-64.88999999999997,0.1
0.8,-0.3,6,100,22,78,0.22,-0.6083,-60.83,0.14468503937007876,-60.07,0.0,-20.33,-0.19,97,48,27,20,4.82,0.0482,-65.64999999999999,0.27,0.3409296255396045,-64.88999999999997,0.0
0.8,-0.3,8,100,21,79,0.21,-0.5884,-58.84,0.14464311673208316,-58.080000000000005,0.0,-18.29,-0.19,97,52,29,21,6.81,0.0681,-65.64999999999999,0.27,0.3409296255396045,-64.88999999999997,0.0
0.8,-0.3,10,100,20,80,0.2,-0.6062,-60.62,0.10537190082644629,-60.39000000000001,0.0,-20.97,-0.19,97,56,32,22,5.0299999999999985,0.050299999999999984,-65.64999999999999,0.27,0.3409296255396045,-64.88999999999997,0.0
0.8,-0.3,12,100,19,81,0.19,-0.6012,-60.12,0.10161386730424388,-59.89000000000001,0.0,-20.97,-0.19,97,59,34,23,5.529999999999999,0.055299999999999995,-65.64999999999999,0.27,0.3409296255396045,-64.88999999999997,0.0
0.8,-0.2,2,100,29,71,0.29,-0.6817,-68.17,0.2012888107791447,-67.40999999999998,0.1,-26.88,1.46,97,26,14,12,-2.5199999999999996,-0.025199999999999997,-65.64999999999999,0.27,0.3409296255396045,-64.88999999999997,0.1
0.8,-0.2,3,100,26,74,0.26,-0.6969999999999998,-69.69999999999999,0.1786471835965119,-68.93999999999998,0.1,-26.15,1.46,97,31,16,15,-4.05,-0.0405,-65.64999999999999,0.27,0.3409296255396045,-64.88999999999997,0.1
0.8,-0.2,4,100,25,75,0.25,-0.623,-62.3,0.1931097008159565,-61.54,0.2,-21.46,1.46,97,36,20,16,3.3500000000000005,0.0335,-65.64999999999999,0.27,0.3409296255396045,-64.88999999999997,0.2
0.8,-0.2,5,100,25,75,0.25,-0.6363,-63.629999999999995,0.1758839528558477,-62.870000000000005,0.2,-22.79,1.46,97,37,20,17,2.0200000000000005,0.020200000000000006,-65.64999999999999,0.27,0.3409296255396045,-64.88999999999997,0.2
0.8,-0.2,6,100,24,76,0.24,-0.6427999999999998,-64.27999999999999,0.14029691052561188,-63.52,0.1,-21.28,0.08,97,42,22,20,1.3700000000000006,0.013700000000000006,-65.64999999999999,0.27,0.3409296255396045,-64.88999999999997,0.1
0.8,-0.2,8,100,24,76,0.24,-0.6113,-61.129999999999995,0.1435976463995517,-60.37000000000001,0.1,-19.59,0.08,97,46,25,21,4.52,0.0452,-65.64999999999999,0.27,0.3409296255396045,-64.88999999999997,0.1
0.8,-0.2,10,100,24,76,0.24,-0.6259,-62.589999999999996,0.11207263441622926,-63.050000000000004,0.1,-22.27,0.08,97,49,27,22,3.06,0.030600000000000002,-65.64999999999999,0.27,0.3409296255396045,-64.88999999999997,0.1
0.8,-0.2,12,100,24,76,0.24,-0.6214999999999999,-62.15,0.11023622047244096,-62.61000000000001,0.1,-22.27,0.08,97,51,28,23,3.5,0.035,-65.64999999999999,0.27,0.3409296255396045,-64.88999999999997,0.1
0.8,-0.1,2,100,31,69,0.31,-0.7067999999999999,-70.67999999999999,0.20646682384641296,-69.91999999999999,0.1,-26.6,1.46,97,20,9,11,-5.03,-0.050300000000000004,-65.64999999999999,0.27,0.3409296255396045,-64.88999999999997,0.1
0.8,-0.1,3,100,28,72,0.28,-0.7297,-72.97,0.1752006329829321,-72.20999999999997,0.1,-25.869999999999997,1.46,97,25,11,14,-7.320000000000001,-0.07320000000000002,-65.64999999999999,0.27,0.3409296255396045,-64.88999999999997,0.1
0.8,-0.1,4,100,28,72,0.28,-0.6519999999999999,-65.19999999999999,0.1920693928128873,-64.43999999999998,0.2,-21.18,1.46,97,29,15,14,0.4500000000000002,0.004500000000000001,-65.64999999999999,0.27,0.3409296255396045,-64.88999999999997,0.2
0.8,-0.1,5,100,29,71,0.29,-0.6518999999999999,-65.19,0.18583739228175347,-64.42999999999999,0.2,-22.509999999999998,1.46,97,31,16,15,0.45999999999999996,0.0046,-65.64999999999999,0.27,0.3409296255396045,-64.88999999999997,0.2
0.8,-0.1,6,100,30,70,0.3,-0.6269,-62.69,0.18858400207092932,-61.93,0.2,-21.0,1.46,97,35,18,17,2.96,0.0296,-65.64999999999999,0.27,0.3409296255396045,-64.88999999999997,0.2
0.8,-0.1,8,100,30,70,0.3,-0.6089,-60.89,0.1747085931146652,-60.13000000000001,0.2,-19.31,1.46,97,40,21,19,4.759999999999999,0.04759999999999999,-65.64999999999999,0.27,0.3409296255396045,-64.88999999999997,0.2
0.8,-0.1,10,100,30,70,0.3,-0.6217,-62.17,0.14495942786411772,-62.63000000000001,0.2,-21.81,1.46,97,43,23,20,3.4799999999999995,0.0348,-65.64999999999999,0.27,0.3409296255396045,-64.88999999999997,0.2
0.8,-0.1,12,100,30,70,0.3,-0.6173000000000001,-61.730000000000004,0.14347162480921324,-62.190000000000005,0.2,-21.81,1.46,97,45,24,21,3.919999999999999,0.03919999999999999,-65.64999999999999,0.27,0.3409296255396045,-64.88999999999997,0.2
0.8,0.0,2,100,35,65,0.35,-0.6289999999999999,-62.89999999999999,0.2918261652780905,-62.14,0.2,-24.9,3.94,97,17,9,8,2.75,0.0275,-65.64999999999999,0.27,0.3409296255396045,-64.88999999999997,0.2
0.8,0.0,3,100,34,66,0.34,-0.6328999999999999,-63.28999999999999,0.2874352623283044,-62.53,0.2,-24.9,3.94,97,18,9,9,2.36,0.0236,-65.64999999999999,0.27,0.3409296255396045,-64.88999999999997,0.2
0.8,0.0,4,100,35,65,0.35,-0.6500999999999999,-65.00999999999999,0.2588919288645691,-64.24999999999999,0.3,-24.39,1.46,97,21,11,10,0.6400000000000001,0.006400000000000001,-65.64999999999999,0.27,0.3409296255396045,-64.88999999999997,0.3
0.8,0.0,5,100,38,62,0.38,-0.6129,-61.29,0.23986109388565047,-60.53000000000001,0.3,-22.259999999999998,1.46,97,28,14,14,4.36,0.0436,-65.64999999999999,0.27,0.3409296255396045,-64.88999999999997,0.3
0.8,0.0,6,100,39,61,0.39,-0.5994999999999999,-59.949999999999996,0.24094707520891365,-59.19000000000001,0.3,-20.75,1.46,97,31,15,16,5.7,0.057,-65.64999999999999,0.27,0.3409296255396045,-64.88999999999997,0.3
0.8,0.0,8,100,42,58,0.42,-0.5585,-55.85,0.2579059261227744,-55.09,0.3,-18.27,1.46,97,34,18,16,9.8,0.098,-65.64999999999999,0.27,0.3409296255396045,-64.88999999999997,0.3
0.8,0.0,10,100,43,57,0.43,-0.5722999999999999,-57.23,0.2318120805369128,-57.69000000000001,0.3,-18.27,1.46,97,37,19,18,8.420000000000002,0.08420000000000001,-65.64999999999999,0.27,0.3409296255396045,-64.88999999999997,0.3
0.8,0.0,12,100,45,55,0.45,-0.5851999999999999,-58.519999999999996,0.20294197766276223,-58.980000000000004,0.3,-20.36,1.46,97,41,21,19,7.129999999999999,0.07129999999999999,-65.64999999999999,0.27,0.3409296255396045,-64.88999999999997,0.3
0.8,0.1,2,100,34,66,0.34,-0.5989,-59.89,0.34802961027650775,-59.129999999999995,0.3,-24.43,3.94,97,11,7,3,5.76,0.0576,-65.64999999999999,0.27,0.3409296255396045,-64.88999999999997,0.3
0.8,0.1,3,100,35,65,0.35,-0.6095999999999999,-60.959999999999994,0.3287082920383218,-60.199999999999996,0.3,-25.36,3.94,97,14,8,5,4.6899999999999995,0.0469,-65.64999999999999,0.27,0.3409296255396045,-64.88999999999997,0.3
0.8,0.1,4,100,36,64,0.36,-0.6345,-63.449999999999996,0.29874005305039786,-62.69,0.3,-24.849999999999998,1.46,97,16,9,6,2.1999999999999997,0.022,-65.64999999999999,0.27,0.3409296255396045,-64.88999999999997,0.3
0.8,0.1,5,100,39,61,0.39,-0.621,-62.1,0.2893110551613643,-61.339999999999996,0.3,-26.21,1.46,97,22,12,9,3.55,0.0355,-65.64999999999999,0.27,0.3409296255396045,-64.88999999999997,0.3
0.8,0.1,6,100,41,59,0.41,-0.5578,-55.78,0.31110287760899097,-55.01999999999999,0.3,-19.41,1.46,97,27,14,12,9.870000000000001,0.09870000000000001,-65.64999999999999,0.27,0.3409296255396045,-64.88999999999997,0.3
0.8,0.1,8,100,43,57,0.43,-0.5305,-53.05,0.3269474752600862,-52.289999999999985,0.3,-16.93,1.46,97,30,16,12,12.600000000000001,0.126,-65.64999999999999,0.27,0.3409296255396045,-64.88999999999997,0.3
0.8,0.1,10,100,44,56,0.44,-0.54,-54.0,0.3082244427363567,-54.459999999999994,0.3,-17.98,1.46,97,33,17,14,11.649999999999999,0.11649999999999999,-65.64999999999999,0.27,0.3409296255396045,-64.88999999999997,0.3
0.8,0.1,12,100,46,54,0.46,-0.5676000000000001,-56.760000000000005,0.2626656274356976,-57.21999999999999,0.3,-20.759999999999998,1.46,97,39,19,17,8.89,0.0889,-65.64999999999999,0.27,0.3409296255396045,-64.88999999999997,0.3
0.8,0.2,2,100,32,68,0.32,-0.6105999999999999,-61.059999999999995,0.3447091650568792,-60.29999999999999,0.3,-24.59,3.94,97,8,5,2,4.59,0.045899999999999996,-65.64999999999999,0.27,0.3409296255396045,-64.88999999999997,0.3
0.8,0.2,3,100,32,68,0.32,-0.6378,-63.78,0.3155183515775918,-63.01999999999999,0.3,-27.169999999999998,3.94,97,11,5,5,1.87,0.0187,-65.64999999999999,0.27,0.3409296255396045,-64.88999999999997,0.3
0.8,0.2,4,100,34,66,0.34,-0.6294,-62.94,0.3103977210474417,-62.17999999999999,0.3,-24.48,1.46,97,14,7,6,2.71,0.0271,-65.64999999999999,0.27,0.3409296255396045,-64.88999999999997,0.3
0.8,0.2,5,100,38,62,0.38,-0.6074,-60.74000000000001,0.30749059400296436,-59.97999999999999,0.3,-24.99,1.46,97,21,11,9,4.91,0.049100000000000005,-65.64999999999999,0.27,0.3409296255396045,-64.88999999999997,0.3
0.8,0.2,6,100,40,60,0.4,-0.5442,-54.42,0.33062730627306275,-53.65999999999998,0.3,-18.189999999999998,1.46,97,26,13,12,11.23,0.11230000000000001,-65.64999999999999,0.27,0.3409296255396045,-64.88999999999997,0.3
0.8,0.2,8,100,41,59,0.41,-0.5341,-53.41,0.3387396310511328,-52.649999999999984,0.3,-17.43,1.46,97,28,14,12,12.239999999999998,0.12239999999999998,-65.64999999999999,0.27,0.3409296255396045,-64.88999999999997,0.3
0.8,0.2,10,100,42,58,0.42,-0.5436,-54.36,0.3205849268841395,-54.81999999999999,0.3,-18.48,1.46,97,31,15,14,11.29,0.11289999999999999,-65.64999999999999,0.27,0.3409296255396045,-64.88999999999997,0.3
0.8,0.2,12,100,42,58,0.42,-0.5807,-58.07,0.2742157230346207,-58.529999999999994,0.3,-21.41,1.46,97,35,15,17,7.58,0.0758,-65.64999999999999,0.27,0.3409296255396045,-64.88999999999997,0.3
0.8,0.3,2,100,29,71,0.29,-0.6552,-65.52,0.3299928418038655,-64.75999999999999,0.3,-24.59,3.94,97,4,2,1,0.1299999999999999,0.0012999999999999989,-65.64999999999999,0.27,0.3409296255396045,-64.88999999999997,0.3
0.8,0.3,3,100,29,71,0.29,-0.6811999999999999,-68.11999999999999,0.30340525616116176,-67.35999999999999,0.3,-26.71,3.94,97,6,2,3,-2.4700000000000006,-0.024700000000000007,-65.64999999999999,0.27,0.3409296255396045,-64.88999999999997,0.3
0.8,0.3,4,100,30,70,0.3,-0.6879,-68.78999999999999,0.2889187512921233,-68.02999999999997,0.3,-24.38,1.46,97,9,3,5,-3.1400000000000006,-0.031400000000000004,-65.64999999999999,0.27,0.3409296255396045,-64.88999999999997,0.3
0.8,0.3,5,100,34,66,0.34,-0.6567999999999999,-65.67999999999999,0.3014252286747501,-64.91999999999999,0.3,-23.53,1.46,97,15,7,7,-0.03000000000000025,-0.00030000000000000247,-65.64999999999999,0.27,0.3409296255396045,-64.88999999999997,0.3
0.8,0.3,6,100,35,65,0.35,-0.6118,-61.18,0.31458660094107105,-60.419999999999995,0.3,-18.66,1.46,97,18,8,9,4.47,0.0447,-65.64999999999999,0.27,0.3409296255396045,-64.88999999999997,0.3
0.8,0.3,8,100,35,65,0.35,-0.6201,-62.01,0.30528792292180146,-61.24999999999999,0.3,-19.740000000000002,1.46,97,20,8,10,3.6399999999999997,0.036399999999999995,-65.64999999999999,0.27,0.3409296255396045,-64.88999999999997,0.3
0.8,0.3,10,100,37,63,0.37,-0.6153,-61.53,0.30055700807093333,-61.989999999999995,0.3,-19.82,1.46,97,25,10,12,4.119999999999999,0.041199999999999994,-65.64999999999999,0.27,0.3409296255396045,-64.88999999999997,0.3
0.8,0.3,12,100,37,63,0.37,-0.6524,-65.24,0.2583835398431284,-65.69999999999999,0.3,-22.75,1.46,97,29,10,15,0.4099999999999997,0.004099999999999997,-65.64999999999999,0.27,0.3409296255396045,-64.88999999999997,0.3
0.8,0.4,2,100,29,71,0.29,-0.6552999999999999,-65.52999999999999,0.3298905818590859,-64.76999999999998,0.3,-24.59,3.94,97,3,2,1,0.1200000000000001,0.001200000000000001,-65.64999999999999,0.27,0.3409296255396045,-64.88999999999997,0.3
0.8,0.4,3,100,29,71,0.29,-0.6488999999999998,-64.88999999999999,0.3364352183249822,-64.12999999999998,0.3,-24.59,3.94,97,5,2,2,0.7599999999999998,0.007599999999999998,-65.64999999999999,0.27,0.3409296255396045,-64.88999999999997,0.3
0.8,0.4,4,100,30,70,0.3,-0.6519999999999999,-65.19999999999999,0.3260285300806286,-64.43999999999998,0.3,-21.9,1.46,97,7,3,3,0.44999999999999973,0.004499999999999997,-65.64999999999999,0.27,0.3409296255396045,-64.88999999999997,0.3
0.8,0.4,5,100,33,67,0.33,-0.6472999999999999,-64.72999999999999,0.3148814563928874,-63.96999999999999,0.3,-23.689999999999998,1.46,97,13,6,6,0.9199999999999999,0.0092,-65.64999999999999,0.27,0.3409296255396045,-64.88999999999997,0.3
0.8,0.4,6,100,35,65,0.35,-0.5925,-59.25,0.3362088281425051,-58.489999999999995,0.3,-17.84,1.46,97,17,8,8,6.3999999999999995,0.064,-65.64999999999999,0.27,0.3409296255396045,-64.88999999999997,0.3
0.8,0.4,8,100,35,65,0.35,-0.6008,-60.080000000000005,0.3269101501232355,-59.31999999999999,0.3,-18.92,1.46,97,19,8,9,5.569999999999999,0.05569999999999999,-65.64999999999999,0.27,0.3409296255396045,-64.88999999999997,0.3
0.8,0.4,10,100,37,63,0.37,-0.5743,-57.43,0.3471638058429011,-57.889999999999986,0.3,-17.95,1.46,97,22,10,9,8.22,0.08220000000000001,-65.64999999999999,0.27,0.3409296255396045,-64.88999999999997,0.3
0.8,0.4,12,100,37,63,0.37,-0.5926,-59.26,0.3263612595202911,-59.71999999999999,0.3,-17.95,1.46,97,24,10,11,6.39,0.0639,-65.64999999999999,0.27,0.3409296255396045,-64.88999999999997,0.3
0.85,-0.5,2,100,18,82,0.18,-0.6822,-68.22,0.16540249571813068,-67.46000000000001,0.1,-21.53,1.46,96,41,22,16,-2.5699999999999994,-0.025699999999999994,-65.64999999999999,0.27,0.3409296255396045,-64.88999999999997,0.1
0.85,-0.5,3,100,15,85,0.15,-0.6879000000000001,-68.79,0.14790040876997396,-68.03000000000002,0.1,-22.16,1.46,96,50,27,19,-3.1399999999999997,-0.0314,-65.64999999999999,0.27,0.3409296255396045,-64.88999999999997,0.1
0.85,-0.5,4,100,15,85,0.15,-0.6445000000000001,-64.45,0.15630318104463933,-63.690000000000005,0.1,-21.53,1.46,96,53,30,19,1.1999999999999993,0.011999999999999993,-65.64999999999999,0.27,0.3409296255396045,-64.88999999999997,0.1
0.85,-0.5,5,100,15,85,0.15,-0.6164000000000001,-61.64,0.16227235661864634,-60.88000000000001,0.1,-20.34,1.46,96,56,33,19,4.009999999999998,0.04009999999999998,-65.64999999999999,0.27,0.3409296255396045,-64.88999999999997,0.1
0.85,-0.5,6,100,13,87,0.13,-0.6354000000000001,-63.540000000000006,0.1239487108782573,-62.780000000000015,0.0,-19.48,-0.19,96,61,36,21,2.11,0.021099999999999997,-65.64999999999999,0.27,0.3409296255396045,-64.88999999999997,0.0
0.85,-0.5,8,100,12,88,0.12,-0.6479,-64.79,0.08707904748485276,-64.03,0.0,-21.9,-0.19,96,65,38,22,0.8599999999999999,0.008599999999999998,-65.64999999999999,0.27,0.3409296255396045,-64.88999999999997,0.0
0.85,-0.5,10,100,12,88,0.12,-0.6375000000000001,-63.75000000000001,0.08837408837408837,-63.52000000000002,0.0,-21.39,-0.19,96,67,40,22,1.9000000000000004,0.019000000000000003,-65.64999999999999,0.27,0.3409296255396045,-64.88999999999997,0.0
0.85,-0.5,12,100,11,89,0.11,-0.6411000000000001,-64.11000000000001,0.08348820586132952,-63.88000000000002,0.0,-21.39,-0.19,96,68,40,23,1.54,0.0154,-65.64999999999999,0.27,0.3409296255396045,-64.88999999999997,0.0
0.85,-0.4,2,100,21,79,0.21,-0.6690999999999999,-66.91,0.1718034410199282,-66.14999999999999,0.1,-21.67,1.46,96,36,18,16,-1.2600000000000016,-0.012600000000000016,-65.64999999999999,0.27,0.3409296255396045,-64.88999999999997,0.1
0.85,-0.4,3,100,19,81,0.19,-0.6659999999999999,-66.6,0.1648902821316615,-65.83999999999999,0.1,-21.689999999999998,1.46,96,42,22,18,-0.950000000000002,-0.009500000000000019,-65.64999999999999,0.27,0.3409296255396045,-64.88999999999997,0.1
0.85,-0.4,4,100,19,81,0.19,-0.6428999999999999,-64.28999999999999,0.1698088842975207,-63.53000000000001,0.1,-21.689999999999998,1.46,96,44,24,18,1.3599999999999977,0.013599999999999977,-65.64999999999999,0.27,0.3409296255396045,-64.88999999999997,0.1
0.85,-0.4,5,100,19,81,0.19,-0.6179000000000001,-61.790000000000006,0.17547371230317588,-61.03000000000001,0.1,-21.689999999999998,1.46,96,47,27,18,3.859999999999997,0.038599999999999975,-65.64999999999999,0.27,0.3409296255396045,-64.88999999999997,0.1
0.85,-0.4,6,100,18,82,0.18,-0.6225,-62.25,0.13912321947171896,-61.490000000000016,0.0,-19.68,-0.19,96,52,29,21,3.3999999999999986,0.03399999999999999,-65.64999999999999,0.27,0.3409296255396045,-64.88999999999997,0.0
0.85,-0.4,8,100,17,83,0.17,-0.6434000000000001,-64.34,0.10127112725240955,-63.58000000000002,0.0,-21.740000000000002,-0.19,96,55,30,22,1.3099999999999992,0.013099999999999992,-65.64999999999999,0.27,0.3409296255396045,-64.88999999999997,0.0
0.85,-0.4,10,100,17,83,0.17,-0.6273,-62.73,0.1036010288653901,-62.50000000000002,0.0,-21.0,-0.19,96,59,34,22,2.9199999999999977,0.029199999999999976,-65.64999999999999,0.27,0.3409296255396045,-64.88999999999997,0.0
0.85,-0.4,12,100,16,84,0.16,-0.6309,-63.089999999999996,0.0987142857142857,-62.86000000000002,0.0,-21.0,-0.19,96,60,34,23,2.559999999999998,0.025599999999999977,-65.64999999999999,0.27,0.3409296255396045,-64.88999999999997,0.0
0.85,-0.3,2,100,25,75,0.25,-0.6274000000000001,-62.74,0.20400913473737625,-61.98,0.1,-21.02,1.46,96,33,18,14,2.9099999999999993,0.029099999999999994,-65.64999999999999,0.27,0.3409296255396045,-64.88999999999997,0.1
0.85,-0.3,3,100,23,77,0.23,-0.6402000000000001,-64.02000000000001,0.18185303514376994,-63.26,0.1,-20.83,1.46,96,37,20,16,1.629999999999999,0.01629999999999999,-65.64999999999999,0.27,0.3409296255396045,-64.88999999999997,0.1
0.85,-0.3,4,100,23,77,0.23,-0.6171,-61.71,0.1873847774558862,-60.95,0.1,-20.83,1.46,96,39,22,16,3.9399999999999995,0.0394,-65.64999999999999,0.27,0.3409296255396045,-64.88999999999997,0.1
0.85,-0.3,5,100,23,77,0.23,-0.6171,-61.71,0.1873847774558862,-60.95,0.1,-20.83,1.46,96,39,22,16,3.9399999999999995,0.0394,-65.64999999999999,0.27,0.3409296255396045,-64.88999999999997,0.1
0.85,-0.3,6,100,22,78,0.22,-0.6100999999999999,-61.00999999999999,0.1544005544005544,-60.250000000000014,0.0,-20.83,-0.19,96,45,25,19,4.640000000000001,0.046400000000000004,-65.64999999999999,0.27,0.3409296255396045,-64.88999999999997,0.0
0.85,-0.3,8,100,20,80,0.2,-0.6193,-61.92999999999999,0.1142734553775744,-61.170000000000016,0.0,-21.05,-0.19,96,50,27,21,3.7200000000000006,0.037200000000000004,-65.64999999999999,0.27,0.3409296255396045,-64.88999999999997,0.0
0.85,-0.3,10,100,20,80,0.2,-0.6037,-60.37,0.11688121708601522,-60.14000000000001,0.0,-20.82,-0.19,96,54,31,21,5.279999999999999,0.05279999999999999,-65.64999999999999,0.27,0.3409296255396045,-64.88999999999997,0.0
0.85,-0.3,12,100,19,81,0.19,-0.603,-60.3,0.11258278145695366,-60.07000000000001,0.0,-20.82,-0.19,96,56,32,22,5.35,0.0535,-65.64999999999999,0.27,0.3409296255396045,-64.88999999999997,0.0
0.85,-0.2,2,100,27,73,0.27,-0.6888999999999998,-68.88999999999999,0.2045034642032333,-68.12999999999998,0.1,-26.4,1.46,96,25,13,12,-3.2399999999999993,-0.03239999999999999,-65.64999999999999,0.27,0.3409296255396045,-64.88999999999997,0.1
0.85,-0.2,3,100,25,75,0.25,-0.7016999999999999,-70.16999999999999,0.18435429501336745,-69.40999999999998,0.1,-25.74,1.46,96,29,15,14,-4.519999999999999,-0.04519999999999999,-65.64999999999999,0.27,0.3409296255396045,-64.88999999999997,0.1
0.85,-0.2,4,100,24,76,0.24,-0.6276999999999999,-62.769999999999996,0.19915794845623885,-62.010000000000005,0.2,-21.05,1.46,96,34,19,15,2.8800000000000012,0.028800000000000013,-65.64999999999999,0.27,0.3409296255396045,-64.88999999999997,0.2
0.85,-0.2,5,100,24,76,0.24,-0.6409999999999999,-64.1,0.18218933401377904,-63.34000000000001,0.2,-22.38,1.46,96,35,19,16,1.5500000000000012,0.015500000000000012,-65.64999999999999,0.27,0.3409296255396045,-64.88999999999997,0.2
0.85,-0.2,6,100,23,77,0.23,-0.6475,-64.75,0.14735317355807215,-63.99,0.1,-20.869999999999997,0.08,96,40,21,19,0.9000000000000012,0.009000000000000013,-65.64999999999999,0.27,0.3409296255396045,-64.88999999999997,0.1
0.85,-0.2,8,100,22,78,0.22,-0.6492,-64.92,0.11141527511634278,-64.16000000000001,0.1,-22.5,0.08,96,44,23,21,0.7300000000000004,0.007300000000000004,-65.64999999999999,0.27,0.3409296255396045,-64.88999999999997,0.1
0.85,-0.2,10,100,23,77,0.23,-0.6347,-63.47,0.11932843069238244,-63.930000000000014,0.1,-22.27,0.08,96,46,25,21,2.1800000000000006,0.021800000000000007,-65.64999999999999,0.27,0.3409296255396045,-64.88999999999997,0.1
0.85,-0.2,12,100,23,77,0.23,-0.6303,-63.03,0.11759764804703908,-63.490000000000016,0.1,-22.27,0.08,96,48,26,22,2.6200000000000006,0.026200000000000005,-65.64999999999999,0.27,0.3409296255396045,-64.88999999999997,0.1
0.85,-0.1,2,100,31,69,0.31,-0.6872,-68.72,0.23123391878286167,-67.95999999999998,0.1,-26.119999999999997,1.46,96,18,9,9,-3.0699999999999994,-0.030699999999999995,-65.64999999999999,0.27,0.3409296255396045,-64.88999999999997,0.1
0.85,-0.1,3,100,28,72,0.28,-0.7175999999999999,-71.75999999999999,0.19243754220121537,-70.99999999999997,0.1,-25.46,1.46,96,24,11,13,-6.109999999999999,-0.061099999999999995,-65.64999999999999,0.27,0.3409296255396045,-64.88999999999997,0.1
0.85,-0.1,4,100,28,72,0.28,-0.6399,-63.99,0.21087680355160937,-63.23,0.2,-20.77,1.46,96,28,15,13,1.660000000000001,0.01660000000000001,-65.64999999999999,0.27,0.3409296255396045,-64.88999999999997,0.2
0.85,-0.1,5,100,28,72,0.28,-0.6531999999999999,-65.32,0.1944752743864842,-64.55999999999999,0.2,-22.1,1.46,96,29,15,14,0.33000000000000096,0.0033000000000000095,-65.64999999999999,0.27,0.3409296255396045,-64.88999999999997,0.2
0.85,-0.1,6,100,29,71,0.29,-0.6282,-62.81999999999999,0.19749616760347471,-62.06,0.2,-20.59,1.46,96,33,17,16,2.830000000000001,0.02830000000000001,-65.64999999999999,0.27,0.3409296255396045,-64.88999999999997,0.2
0.85,-0.1,8,100,28,72,0.28,-0.6433999999999999,-64.33999999999999,0.14566458637631124,-63.580000000000005,0.2,-22.22,1.46,96,38,19,19,1.31,0.0131,-65.64999999999999,0.27,0.3409296255396045,-64.88999999999997,0.2
0.85,-0.1,10,100,29,71,0.29,-0.6271,-62.709999999999994,0.154167790666307,-63.17,0.2,-21.81,1.46,96,40,21,19,2.9399999999999995,0.029399999999999996,-65.64999999999999,0.27,0.3409296255396045,-64.88999999999997,0.2
0.85,-0.1,12,100,29,71,0.29,-0.6226999999999999,-62.269999999999996,0.15278911564625855,-62.730000000000004,0.2,-21.81,1.46,96,42,22,20,3.379999999999999,0.03379999999999999,-65.64999999999999,0.27,0.3409296255396045,-64.88999999999997,0.2
0.85,0.0,2,100,34,66,0.34,-0.6306,-63.06,0.2968331846565566,-62.3,0.2,-24.9,3.94,96,15,8,7,2.5900000000000007,0.025900000000000006,-65.64999999999999,0.27,0.3409296255396045,-64.88999999999997,0.2
0.85,0.0,3,100,33,67,0.33,-0.6413,-64.13,0.28490187332738626,-63.37,0.2,-24.9,3.94,96,17,8,9,1.5200000000000005,0.015200000000000005,-65.64999999999999,0.27,0.3409296255396045,-64.88999999999997,0.2
0.85,0.0,4,100,34,66,0.34,-0.6585,-65.85,0.2566041995935877,-65.08999999999999,0.3,-24.39,1.46,96,20,10,10,-0.1999999999999993,-0.001999999999999993,-65.64999999999999,0.27,0.3409296255396045,-64.88999999999997,0.3
0.85,0.0,5,100,36,64,0.36,-0.6278999999999999,-62.78999999999999,0.23538723818801754,-62.03,0.3,-22.259999999999998,1.46,96,25,12,13,2.86,0.0286,-65.64999999999999,0.27,0.3409296255396045,-64.88999999999997,0.3
0.85,0.0,6,100,38,62,0.38,-0.6068999999999999,-60.68999999999999,0.24080560420315233,-59.93000000000001,0.3,-19.99,1.46,96,29,14,15,4.960000000000001,0.049600000000000005,-65.64999999999999,0.27,0.3409296255396045,-64.88999999999997,0.3
0.85,0.0,8,100,40,60,0.4,-0.5734999999999999,-57.349999999999994,0.2527687296416938,-56.59,0.3,-18.27,1.46,96,31,16,15,8.3,0.083,-65.64999999999999,0.27,0.3409296255396045,-64.88999999999997,0.3
0.85,0.0,10,100,41,59,0.41,-0.6139,-61.39,0.19213054349256478,-61.85,0.3,-20.93,1.46,96,35,17,18,4.259999999999999,0.04259999999999999,-65.64999999999999,0.27,0.3409296255396045,-64.88999999999997,0.3
0.85,0.0,12,100,43,57,0.43,-0.6002,-60.019999999999996,0.1987718595648111,-60.480000000000004,0.3,-20.36,1.46,96,38,19,18,5.629999999999999,0.05629999999999999,-65.64999999999999,0.27,0.3409296255396045,-64.88999999999997,0.3
0.85,0.1,2,100,33,67,0.33,-0.6004999999999999,-60.05,0.35235116479723905,-59.28999999999999,0.3,-24.43,3.94,96,9,6,2,5.6,0.055999999999999994,-65.64999999999999,0.27,0.3409296255396045,-64.88999999999997,0.3
0.85,0.1,3,100,34,66,0.34,-0.618,-61.8,0.32584269662921345,-61.03999999999999,0.3,-25.36,3.94,96,13,7,5,3.849999999999999,0.03849999999999999,-65.64999999999999,0.27,0.3409296255396045,-64.88999999999997,0.3
0.85,0.1,4,100,35,65,0.35,-0.6428999999999999,-64.28999999999999,0.29614626669586164,-63.529999999999994,0.3,-24.849999999999998,1.46,96,15,8,6,1.3599999999999994,0.013599999999999994,-65.64999999999999,0.27,0.3409296255396045,-64.88999999999997,0.3
0.85,0.1,5,100,37,63,0.37,-0.636,-63.6,0.284347923933836,-62.83999999999999,0.3,-26.21,1.46,96,19,10,8,2.05,0.020499999999999997,-65.64999999999999,0.27,0.3409296255396045,-64.88999999999997,0.3
0.85,0.1,6,100,40,60,0.4,-0.5651999999999999,-56.519999999999996,0.31014280483339446,-55.76,0.3,-18.65,1.46,96,25,13,11,9.130000000000003,0.09130000000000002,-65.64999999999999,0.27,0.3409296255396045,-64.88999999999997,0.3
0.85,0.1,8,100,41,59,0.41,-0.5455,-54.55,0.32075706636782464,-53.78999999999999,0.3,-16.93,1.46,96,27,14,11,11.100000000000001,0.11100000000000002,-65.64999999999999,0.27,0.3409296255396045,-64.88999999999997,0.3
0.85,0.1,10,100,42,58,0.42,-0.5816,-58.16,0.2688874921433061,-58.620000000000005,0.3,-20.64,1.46,96,31,15,14,7.489999999999999,0.0749,-65.64999999999999,0.27,0.3409296255396045,-64.88999999999997,0.3
0.85,0.1,12,100,44,56,0.44,-0.5825999999999999,-58.25999999999999,0.2575506563017714,-58.72,0.3,-20.759999999999998,1.46,96,36,17,16,7.39,0.0739,-65.64999999999999,0.27,0.3409296255396045,-64.88999999999997,0.3
0.85,0.2,2,100,32,68,0.32,-0.6067,-60.67,0.3488946125778064,-59.90999999999999,0.3,-25.049999999999997,3.94,96,8,5,2,4.98,0.049800000000000004,-65.64999999999999,0.27,0.3409296255396045,-64.88999999999997,0.3
0.85,0.2,3,100,32,68,0.32,-0.6361,-63.61,0.31734277742004724,-62.84999999999999,0.3,-27.169999999999998,3.94,96,11,5,5,2.039999999999999,0.02039999999999999,-65.64999999999999,0.27,0.3409296255396045,-64.88999999999997,0.3
0.85,0.2,4,100,33,67,0.33,-0.6392,-63.92,0.3061977640290893,-63.15999999999999,0.3,-24.48,1.46,96,13,6,6,1.7299999999999995,0.017299999999999996,-65.64999999999999,0.27,0.3409296255396045,-64.88999999999997,0.3
0.85,0.2,5,100,36,64,0.36,-0.6238,-62.38,0.3006726457399103,-61.61999999999998,0.3,-24.99,1.46,96,18,9,8,3.2699999999999996,0.03269999999999999,-65.64999999999999,0.27,0.3409296255396045,-64.88999999999997,0.3
0.85,0.2,6,100,39,61,0.39,-0.5529999999999999,-55.3,0.32774130804765395,-54.53999999999999,0.3,-17.43,1.46,96,24,12,11,10.350000000000001,0.10350000000000001,-65.64999999999999,0.27,0.3409296255396045,-64.88999999999997,0.3
0.85,0.2,8,100,39,61,0.39,-0.5505,-55.05,0.3307804522246537,-54.28999999999999,0.3,-17.43,1.46,96,25,12,11,10.600000000000001,0.10600000000000001,-65.64999999999999,0.27,0.3409296255396045,-64.88999999999997,0.3
0.85,0.2,10,100,40,60,0.4,-0.5847,-58.47,0.2825766871165644,-58.92999999999999,0.3,-20.95,1.46,96,29,13,14,7.180000000000001,0.0718,-65.64999999999999,0.27,0.3409296255396045,-64.88999999999997,0.3
0.85,0.2,12,100,40,60,0.4,-0.5971,-59.709999999999994,0.267361963190184,-60.169999999999995,0.3,-21.41,1.46,96,32,13,16,5.94,0.0594,-65.64999999999999,0.27,0.3409296255396045,-64.88999999999997,0.3
0.85,0.3,2,100,29,71,0.29,-0.6552,-65.52,0.3299928418038655,-64.75999999999999,0.3,-24.59,3.94,96,4,2,1,0.1299999999999999,0.0012999999999999989,-65.64999999999999,0.27,0.3409296255396045,-64.88999999999997,0.3
0.85,0.3,3,100,29,71,0.29,-0.6868,-68.67999999999999,0.2976786992535025,-67.91999999999999,0.3,-27.07,3.94,96,7,2,4,-3.0300000000000002,-0.030300000000000004,-65.64999999999999,0.27,0.3409296255396045,-64.88999999999997,0.3
0.85,0.3,4,100,30,70,0.3,-0.6899,-68.99,0.28685135414513135,-68.22999999999998,0.3,-24.38,1.46,96,9,3,5,-3.3400000000000007,-0.033400000000000006,-65.64999999999999,0.27,0.3409296255396045,-64.88999999999997,0.3
0.85,0.3,5,100,32,68,0.32,-0.6805,-68.05,0.28750916134436183,-67.28999999999998,0.3,-23.53,1.46,96,12,5,6,-2.4000000000000004,-0.024000000000000004,-65.64999999999999,0.27,0.3409296255396045,-64.88999999999997,0.3
0.85,0.3,6,100,33,67,0.33,-0.6355000000000001,-63.550000000000004,0.29972451790633614,-62.79,0.3,-18.66,1.46,96,15,6,8,2.0999999999999996,0.020999999999999998,-65.64999999999999,0.27,0.3409296255396045,-64.88999999999997,0.3
0.85,0.3,8,100,33,67,0.33,-0.6437999999999999,-64.38,0.2905785123966942,-63.62,0.3,-19.740000000000002,1.46,96,17,6,9,1.27,0.0127,-65.64999999999999,0.27,0.3409296255396045,-64.88999999999997,0.3
0.85,0.3,10,100,35,65,0.35,-0.6637000000000001,-66.37,0.25810418063939194,-66.82999999999998,0.3,-22.29,1.46,96,23,8,12,-0.7199999999999993,-0.007199999999999993,-65.64999999999999,0.27,0.3409296255396045,-64.88999999999997,0.3
0.85,0.3,12,100,35,65,0.35,-0.6761,-67.61,0.2442432372009837,-68.07,0.3,-22.75,1.46,96,26,8,14,-1.959999999999999,-0.019599999999999992,-65.64999999999999,0.27,0.3409296255396045,-64.88999999999997,0.3
0.85,0.4,2,100,29,71,0.29,-0.6552999999999999,-65.52999999999999,0.3298905818590859,-64.76999999999998,0.3,-24.59,3.94,96,3,2,1,0.1200000000000001,0.001200000000000001,-65.64999999999999,0.27,0.3409296255396045,-64.88999999999997,0.3
0.85,0.4,3,100,29,71,0.29,-0.6508999999999999,-65.08999999999999,0.3343900194293896,-64.32999999999998,0.3,-24.59,3.94,96,5,2,2,0.56,0.005600000000000001,-65.64999999999999,0.27,0.3409296255396045,-64.88999999999997,0.3
0.85,0.4,4,100,30,70,0.3,-0.654,-65.4,0.32396113293363665,-64.63999999999999,0.3,-21.9,1.46,96,7,3,3,0.24999999999999978,0.002499999999999998,-65.64999999999999,0.27,0.3409296255396045,-64.88999999999997,0.3
0.85,0.4,5,100,31,69,0.31,-0.6709999999999999,-67.1,0.30082317390851315,-66.33999999999997,0.3,-23.689999999999998,1.46,96,10,4,5,-1.4500000000000002,-0.014500000000000002,-65.64999999999999,0.27,0.3409296255396045,-64.88999999999997,0.3
0.85,0.4,6,100,33,67,0.33,-0.6162000000000001,-61.620000000000005,0.3209917355371901,-60.86,0.3,-18.32,1.46,96,14,6,7,4.029999999999999,0.040299999999999996,-65.64999999999999,0.27,0.3409296255396045,-64.88999999999997,0.3
0.85,0.4,8,100,33,67,0.33,-0.6245,-62.45,0.31184573002754823,-61.69,0.3,-18.92,1.46,96,16,6,8,3.2,0.032,-65.64999999999999,0.27,0.3409296255396045,-64.88999999999997,0.3
0.85,0.4,10,100,35,65,0.35,-0.5980000000000001,-59.800000000000004,0.33154482450257106,-60.25999999999999,0.3,-17.95,1.46,96,19,8,8,5.8500000000000005,0.0585,-65.64999999999999,0.27,0.3409296255396045,-64.88999999999997,0.3
0.85,0.4,12,100,35,65,0.35,-0.639,-63.9,0.28571428571428575,-64.36,0.3,-20.22,1.46,96,22,8,11,1.7500000000000009,0.01750000000000001,-65.64999999999999,0.27,0.3409296255396045,-64.88999999999997,0.3
0.9,-0.5,2,100,18,82,0.18,-0.7006,-70.06,0.1730406043437205,-69.3,0.1,-22.12,1.46,92,35,17,15,-4.41,-0.0441,-65.64999999999999,0.27,0.3409296255396045,-64.88999999999997,0.1
0.9,-0.5,3,100,16,84,0.16,-0.7117,-71.17,0.1586475942782835,-70.41000000000001,0.1,-22.72,1.46,92,41,20,17,-5.52,-0.0552,-65.64999999999999,0.27,0.3409296255396045,-64.88999999999997,0.1
0.9,-0.5,4,100,16,84,0.16,-0.6646,-66.46,0.16800200300450677,-65.69999999999999,0.1,-21.21,1.46,92,45,24,17,-0.8099999999999996,-0.008099999999999996,-65.64999999999999,0.27,0.3409296255396045,-64.88999999999997,0.1
0.9,-0.5,5,100,16,84,0.16,-0.6258,-62.58,0.17657894736842106,-61.82000000000001,0.1,-20.04,1.46,92,49,28,17,3.07,0.030699999999999998,-65.64999999999999,0.27,0.3409296255396045,-64.88999999999997,0.1
0.9,-0.5,6,100,13,87,0.13,-0.6846000000000001,-68.46000000000001,0.10063058328954283,-67.7,0.0,-22.95,-0.19,92,54,30,20,-2.8099999999999996,-0.028099999999999997,-65.64999999999999,0.27,0.3409296255396045,-64.88999999999997,0.0
0.9,-0.5,8,100,13,87,0.13,-0.6679999999999999,-66.8,0.10287402632285791,-66.04,0.0,-22.46,-0.19,92,57,32,20,-1.1500000000000017,-0.011500000000000017,-65.64999999999999,0.27,0.3409296255396045,-64.88999999999997,0.0
0.9,-0.5,10,100,13,87,0.13,-0.6576000000000001,-65.76,0.1043312448923999,-65.53000000000002,0.0,-21.95,-0.19,92,59,34,20,-0.10999999999999904,-0.0010999999999999905,-65.64999999999999,0.27,0.3409296255396045,-64.88999999999997,0.0
0.9,-0.5,12,100,12,88,0.12,-0.6612,-66.12,0.09967320261437909,-65.89000000000001,0.0,-21.95,-0.19,92,60,34,21,-0.46999999999999936,-0.004699999999999993,-65.64999999999999,0.27,0.3409296255396045,-64.88999999999997,0.0
0.9,-0.4,2,100,21,79,0.21,-0.7199,-71.99,0.1726238363406505,-71.22999999999998,0.1,-25.509999999999998,1.46,92,29,12,15,-6.340000000000001,-0.06340000000000001,-65.64999999999999,0.27,0.3409296255396045,-64.88999999999997,0.1
0.9,-0.4,3,100,20,80,0.2,-0.7106999999999999,-71.07,0.1707117852975496,-70.30999999999999,0.1,-24.85,1.46,92,33,15,16,-5.42,-0.0542,-65.64999999999999,0.27,0.3409296255396045,-64.88999999999997,0.1
0.9,-0.4,4,100,20,80,0.2,-0.6818,-68.17999999999999,0.17666948436179203,-67.42,0.1,-24.85,1.46,92,36,18,16,-2.530000000000001,-0.02530000000000001,-65.64999999999999,0.27,0.3409296255396045,-64.88999999999997,0.1
0.9,-0.4,5,100,20,80,0.2,-0.6653999999999999,-66.53999999999999,0.18023900455833433,-65.78,0.1,-24.85,1.46,92,38,20,16,-0.8900000000000015,-0.008900000000000014,-65.64999999999999,0.27,0.3409296255396045,-64.88999999999997,0.1
0.9,-0.4,6,100,18,82,0.18,-0.6990999999999999,-69.91,0.1110122075279756,-69.15,0.0,-24.9,-0.19,92,44,22,20,-4.259999999999999,-0.04259999999999999,-65.64999999999999,0.27,0.3409296255396045,-64.88999999999997,0.0
0.9,-0.4,8,100,18,82,0.18,-0.6909000000000001,-69.09,0.11218195836545877,-68.33000000000001,0.0,-24.9,-0.19,92,46,23,20,-3.439999999999999,-0.03439999999999999,-65.64999999999999,0.27,0.3409296255396045,-64.88999999999997,0.0
0.9,-0.4,10,100,18,82,0.18,-0.6748000000000001,-67.48,0.11455189607663038,-67.25000000000003,0.0,-24.16,-0.19,92,50,27,20,-1.83,-0.0183,-65.64999999999999,0.27,0.3409296255396045,-64.88999999999997,0.0
0.9,-0.4,12,100,17,83,0.17,-0.6784,-67.84,0.11006165551620098,-67.61000000000003,0.0,-24.16,-0.19,92,51,27,21,-2.1900000000000004,-0.021900000000000003,-65.64999999999999,0.27,0.3409296255396045,-64.88999999999997,0.0
0.9,-0.3,2,100,25,75,0.25,-0.6945,-69.45,0.1881940385739334,-68.68999999999998,0.1,-24.18,1.46,92,25,11,13,-3.8000000000000007,-0.038000000000000006,-65.64999999999999,0.27,0.3409296255396045,-64.88999999999997,0.1
0.9,-0.3,3,100,24,76,0.24,-0.6853,-68.53,0.18649097815764484,-67.77,0.1,-23.52,1.46,92,29,14,14,-2.880000000000001,-0.028800000000000006,-65.64999999999999,0.27,0.3409296255396045,-64.88999999999997,0.1
0.9,-0.3,4,100,24,76,0.24,-0.6687000000000001,-66.87,0.19023976749818358,-66.11,0.1,-23.52,1.46,92,30,15,14,-1.2200000000000006,-0.012200000000000006,-65.64999999999999,0.27,0.3409296255396045,-64.88999999999997,0.1
0.9,-0.3,5,100,24,76,0.24,-0.6570999999999999,-65.71,0.19295013510194056,-64.95,0.1,-23.52,1.46,92,31,16,14,-0.0600000000000005,-0.0006000000000000049,-65.64999999999999,0.27,0.3409296255396045,-64.88999999999997,0.1
0.9,-0.3,6,100,21,79,0.21,-0.6972,-69.72,0.11958580628867282,-68.96000000000001,0.0,-24.21,-0.19,92,38,18,19,-4.069999999999999,-0.04069999999999999,-65.64999999999999,0.27,0.3409296255396045,-64.88999999999997,0.0
0.9,-0.3,8,100,21,79,0.21,-0.6659,-66.59,0.12450696818301342,-65.83,0.0,-24.21,-0.19,92,42,21,19,-0.94,-0.009399999999999999,-65.64999999999999,0.27,0.3409296255396045,-64.88999999999997,0.0
0.9,-0.3,10,100,21,79,0.21,-0.6503,-65.03,0.12711409395973156,-64.80000000000001,0.0,-23.98,-0.19,92,46,25,19,0.6199999999999992,0.006199999999999992,-65.64999999999999,0.27,0.3409296255396045,-64.88999999999997,0.0
0.9,-0.3,12,100,20,80,0.2,-0.6539,-65.39,0.12251744498121309,-65.16000000000001,0.0,-23.98,-0.19,92,47,25,20,0.2599999999999998,0.0025999999999999977,-65.64999999999999,0.27,0.3409296255396045,-64.88999999999997,0.0
0.9,-0.2,2,100,26,74,0.26,-0.7346,-73.46000000000001,0.1922146470200132,-72.69999999999997,0.1,-26.88,1.46,92,20,8,12,-7.81,-0.0781,-65.64999999999999,0.27,0.3409296255396045,-64.88999999999997,0.1
0.9,-0.2,3,100,25,75,0.25,-0.7253999999999999,-72.53999999999999,0.1906727658150173,-71.77999999999999,0.1,-26.22,1.46,92,24,11,13,-6.889999999999998,-0.06889999999999998,-65.64999999999999,0.27,0.3409296255396045,-64.88999999999997,0.1
0.9,-0.2,4,100,25,75,0.25,-0.6542,-65.42,0.20712640892013093,-64.66,0.2,-21.53,1.46,92,27,14,13,0.23000000000000043,0.0023000000000000043,-65.64999999999999,0.27,0.3409296255396045,-64.88999999999997,0.2
0.9,-0.2,5,100,25,75,0.25,-0.6559,-65.59,0.1937307928703135,-64.83,0.2,-22.86,1.46,92,29,15,14,0.0600000000000005,0.0006000000000000049,-65.64999999999999,0.27,0.3409296255396045,-64.88999999999997,0.2
0.9,-0.2,6,100,23,77,0.23,-0.7031000000000001,-70.31,0.12298864912061866,-69.55000000000001,0.1,-24.259999999999998,0.08,92,34,16,18,-4.659999999999999,-0.046599999999999996,-65.64999999999999,0.27,0.3409296255396045,-64.88999999999997,0.1
0.9,-0.2,8,100,23,77,0.23,-0.6707,-67.07,0.12544008345286214,-66.31000000000002,0.1,-22.98,0.08,92,38,19,19,-1.4199999999999995,-0.014199999999999996,-65.64999999999999,0.27,0.3409296255396045,-64.88999999999997,0.1
0.9,-0.2,10,100,24,76,0.24,-0.6562,-65.62,0.1331571994715984,-66.08000000000001,0.1,-22.75,0.08,92,40,21,19,0.030000000000000693,0.0003000000000000069,-65.64999999999999,0.27,0.3409296255396045,-64.88999999999997,0.1
0.9,-0.2,12,100,24,76,0.24,-0.6518,-65.18,0.13162803090860645,-65.64,0.1,-22.75,0.08,92,42,22,20,0.47000000000000064,0.004700000000000006,-65.64999999999999,0.27,0.3409296255396045,-64.88999999999997,0.1
0.9,-0.1,2,100,30,70,0.3,-0.7071999999999999,-70.72,0.2242211496270294,-69.95999999999998,0.1,-26.6,1.46,92,16,7,9,-5.069999999999999,-0.050699999999999995,-65.64999999999999,0.27,0.3409296255396045,-64.88999999999997,0.1
0.9,-0.1,3,100,28,72,0.28,-0.7156,-71.56,0.20391589720769832,-70.79999999999997,0.1,-25.939999999999998,1.46,92,22,10,12,-5.909999999999999,-0.05909999999999999,-65.64999999999999,0.27,0.3409296255396045,-64.88999999999997,0.1
0.9,-0.1,4,100,28,72,0.28,-0.6444,-64.44,0.22145704965567234,-63.68,0.2,-21.25,1.46,92,25,13,12,1.21,0.0121,-65.64999999999999,0.27,0.3409296255396045,-64.88999999999997,0.2
0.9,-0.1,5,100,28,72,0.28,-0.6461,-64.61,0.20830780541600294,-63.85,0.2,-22.58,1.46,92,27,14,13,1.04,0.0104,-65.64999999999999,0.27,0.3409296255396045,-64.88999999999997,0.2
0.9,-0.1,6,100,28,72,0.28,-0.6600999999999999,-66.00999999999999,0.17549337996502623,-65.25000000000001,0.2,-23.98,1.46,92,30,15,15,-0.3599999999999999,-0.0035999999999999986,-65.64999999999999,0.27,0.3409296255396045,-64.88999999999997,0.2
0.9,-0.1,8,100,28,72,0.28,-0.6393,-63.93,0.1621231979030144,-63.170000000000016,0.2,-22.7,1.46,92,35,18,17,1.7199999999999998,0.017199999999999997,-65.64999999999999,0.27,0.3409296255396045,-64.88999999999997,0.2
0.9,-0.1,10,100,29,71,0.29,-0.623,-62.3,0.17077066418208436,-62.760000000000005,0.2,-22.29,1.46,92,37,20,17,3.35,0.0335,-65.64999999999999,0.27,0.3409296255396045,-64.88999999999997,0.2
0.9,-0.1,12,100,29,71,0.29,-0.6186,-61.86,0.16955296012887636,-62.32000000000001,0.2,-22.29,1.46,92,39,21,18,3.7899999999999996,0.037899999999999996,-65.64999999999999,0.27,0.3409296255396045,-64.88999999999997,0.2
0.9,0.0,2,100,33,67,0.33,-0.6457999999999999,-64.58,0.29009563592393095,-63.819999999999986,0.2,-24.9,3.94,92,14,7,7,1.0700000000000007,0.010700000000000008,-65.64999999999999,0.27,0.3409296255396045,-64.88999999999997,0.2
0.9,0.0,3,100,32,68,0.32,-0.6565000000000001,-65.65,0.2783335165439156,-64.88999999999999,0.2,-24.9,3.94,92,16,7,9,4.440892098500626e-16,4.440892098500626e-18,-65.64999999999999,0.27,0.3409296255396045,-64.88999999999997,0.2
0.9,0.0,4,100,33,67,0.33,-0.6737000000000001,-67.37,0.2503616334705686,-66.60999999999999,0.3,-24.39,1.46,92,19,9,10,-1.7199999999999993,-0.017199999999999993,-65.64999999999999,0.27,0.3409296255396045,-64.88999999999997,0.3
0.9,0.0,5,100,35,65,0.35,-0.6431,-64.31,0.22898932981656878,-63.54999999999999,0.3,-22.259999999999998,1.46,92,24,11,13,1.339999999999999,0.01339999999999999,-65.64999999999999,0.27,0.3409296255396045,-64.88999999999997,0.3
0.9,0.0,6,100,36,64,0.36,-0.628,-62.8,0.2318982387475539,-62.04,0.3,-20.75,1.46,92,26,12,14,2.8499999999999996,0.028499999999999998,-65.64999999999999,0.27,0.3409296255396045,-64.88999999999997,0.3
0.9,0.0,8,100,38,62,0.38,-0.6143,-61.42999999999999,0.21122239342578322,-60.67,0.3,-21.689999999999998,1.46,92,30,15,15,4.220000000000001,0.04220000000000001,-65.64999999999999,0.27,0.3409296255396045,-64.88999999999997,0.3
0.9,0.0,10,100,39,61,0.39,-0.6169,-61.69,0.20007780082987553,-62.15,0.3,-21.689999999999998,1.46,92,32,16,16,3.9599999999999995,0.039599999999999996,-65.64999999999999,0.27,0.3409296255396045,-64.88999999999997,0.3
0.9,0.0,12,100,41,59,0.41,-0.6032,-60.32,0.20673329826407158,-60.779999999999994,0.3,-21.12,1.46,92,35,18,16,5.33,0.0533,-65.64999999999999,0.27,0.3409296255396045,-64.88999999999997,0.3
0.9,0.1,2,100,32,68,0.32,-0.6156999999999999,-61.56999999999999,0.34506967343899586,-60.80999999999999,0.3,-24.43,3.94,92,8,5,2,4.08,0.0408,-65.64999999999999,0.27,0.3409296255396045,-64.88999999999997,0.3
0.9,0.1,3,100,33,67,0.33,-0.6332000000000001,-63.32000000000001,0.31884681583476765,-62.559999999999995,0.3,-25.36,3.94,92,12,6,5,2.329999999999999,0.02329999999999999,-65.64999999999999,0.27,0.3409296255396045,-64.88999999999997,0.3
0.9,0.1,4,100,34,66,0.34,-0.6581,-65.81,0.2895390262334017,-65.05,0.3,-24.849999999999998,1.46,92,14,7,6,-0.1600000000000006,-0.001600000000000006,-65.64999999999999,0.27,0.3409296255396045,-64.88999999999997,0.3
0.9,0.1,5,100,36,64,0.36,-0.6512,-65.12,0.27772848269742684,-64.35999999999999,0.3,-26.21,1.46,92,18,9,8,0.5299999999999998,0.005299999999999998,-65.64999999999999,0.27,0.3409296255396045,-64.88999999999997,0.3
0.9,0.1,6,100,38,62,0.38,-0.588,-58.8,0.2979104477611941,-58.03999999999999,0.3,-19.41,1.46,92,23,11,11,6.85,0.06849999999999999,-65.64999999999999,0.27,0.3409296255396045,-64.88999999999997,0.3
0.9,0.1,8,100,39,61,0.39,-0.5973999999999999,-59.739999999999995,0.27261658346523815,-58.98,0.3,-20.35,1.46,92,25,12,12,5.909999999999999,0.05909999999999999,-65.64999999999999,0.27,0.3409296255396045,-64.88999999999997,0.3
0.9,0.1,10,100,40,60,0.4,-0.5956999999999999,-59.56999999999999,0.2679120068821433,-60.03,0.3,-21.4,1.46,92,27,13,13,6.079999999999999,0.06079999999999999,-65.64999999999999,0.27,0.3409296255396045,-64.88999999999997,0.3
0.9,0.1,12,100,42,58,0.42,-0.5966999999999999,-59.669999999999995,0.2568190310125794,-60.129999999999995,0.3,-21.52,1.46,92,32,15,15,5.9799999999999995,0.05979999999999999,-65.64999999999999,0.27,0.3409296255396045,-64.88999999999997,0.3
0.9,0.2,2,100,31,69,0.31,-0.6219,-62.19,0.3416957764369642,-61.429999999999986,0.3,-25.049999999999997,3.94,92,7,4,2,3.46,0.0346,-65.64999999999999,0.27,0.3409296255396045,-64.88999999999997,0.3
0.9,0.2,3,100,31,69,0.31,-0.6513000000000001,-65.13000000000001,0.310574785646237,-64.36999999999999,0.3,-27.169999999999998,3.94,92,10,4,5,0.5199999999999996,0.005199999999999995,-65.64999999999999,0.27,0.3409296255396045,-64.88999999999997,0.3
0.9,0.2,4,100,32,68,0.32,-0.6544,-65.44,0.29950760008563476,-64.67999999999999,0.3,-24.48,1.46,92,12,5,6,0.20999999999999952,0.002099999999999995,-65.64999999999999,0.27,0.3409296255396045,-64.88999999999997,0.3
0.9,0.2,5,100,35,65,0.35,-0.639,-63.900000000000006,0.29384462371532766,-63.139999999999986,0.3,-24.99,1.46,92,17,8,8,1.7499999999999998,0.017499999999999998,-65.64999999999999,0.27,0.3409296255396045,-64.88999999999997,0.3
0.9,0.2,6,100,37,63,0.37,-0.5758,-57.58,0.31517602283539486,-56.819999999999986,0.3,-18.32,1.46,92,22,10,11,8.07,0.08070000000000001,-65.64999999999999,0.27,0.3409296255396045,-64.88999999999997,0.3
0.9,0.2,8,100,37,63,0.37,-0.5758,-57.58,0.31517602283539486,-56.819999999999986,0.3,-18.32,1.46,92,22,10,11,8.07,0.08070000000000001,-65.64999999999999,0.27,0.3409296255396045,-64.88999999999997,0.3
0.9,0.2,10,100,38,62,0.38,-0.5988,-59.88,0.28132501200192034,-60.33999999999999,0.3,-21.71,1.46,92,25,11,13,5.769999999999999,0.05769999999999999,-65.64999999999999,0.27,0.3409296255396045,-64.88999999999997,0.3
0.9,0.2,12,100,38,62,0.38,-0.6112000000000001,-61.120000000000005,0.2664426308209314,-61.57999999999999,0.3,-22.169999999999998,1.46,92,28,11,15,4.529999999999999,0.04529999999999999,-65.64999999999999,0.27,0.3409296255396045,-64.88999999999997,0.3
0.9,0.3,2,100,29,71,0.29,-0.6552,-65.52,0.3299928418038655,-64.75999999999999,0.3,-24.59,3.94,92,4,2,1,0.1299999999999999,0.0012999999999999989,-65.64999999999999,0.27,0.3409296255396045,-64.88999999999997,0.3
0.9,0.3,3,100,29,71,0.29,-0.6868,-68.67999999999999,0.2976786992535025,-67.91999999999999,0.3,-27.07,3.94,92,7,2,4,-3.0300000000000002,-0.030300000000000004,-65.64999999999999,0.27,0.3409296255396045,-64.88999999999997,0.3
0.9,0.3,4,100,30,70,0.3,-0.6899,-68.99,0.28685135414513135,-68.22999999999998,0.3,-24.38,1.46,92,9,3,5,-3.3400000000000007,-0.033400000000000006,-65.64999999999999,0.27,0.3409296255396045,-64.88999999999997,0.3
0.9,0.3,5,100,32,68,0.32,-0.6805,-68.05,0.28750916134436183,-67.28999999999998,0.3,-23.53,1.46,92,12,5,6,-2.4000000000000004,-0.024000000000000004,-65.64999999999999,0.27,0.3409296255396045,-64.88999999999997,0.3
0.9,0.3,6,100,33,67,0.33,-0.6355000000000001,-63.550000000000004,0.29972451790633614,-62.79,0.3,-18.66,1.46,92,15,6,8,2.0999999999999996,0.020999999999999998,-65.64999999999999,0.27,0.3409296255396045,-64.88999999999997,0.3
0.9,0.3,8,100,33,67,0.33,-0.6463,-64.63,0.28782369146005504,-63.87,0.3,-19.740000000000002,1.46,92,16,6,9,1.02,0.0102,-65.64999999999999,0.27,0.3409296255396045,-64.88999999999997,0.3
0.9,0.3,10,100,34,66,0.34,-0.6647,-66.47,0.2613623735970663,-66.92999999999998,0.3,-23.259999999999998,1.46,92,20,7,11,-0.8199999999999998,-0.008199999999999999,-65.64999999999999,0.27,0.3409296255396045,-64.88999999999997,0.3
0.9,0.3,12,100,34,66,0.34,-0.6770999999999999,-67.71,0.2475830647849761,-68.16999999999999,0.3,-23.72,1.46,92,23,7,13,-2.0599999999999996,-0.020599999999999997,-65.64999999999999,0.27,0.3409296255396045,-64.88999999999997,0.3
0.9,0.4,2,100,29,71,0.29,-0.6552999999999999,-65.52999999999999,0.3298905818590859,-64.76999999999998,0.3,-24.59,3.94,92,3,2,1,0.1200000000000001,0.001200000000000001,-65.64999999999999,0.27,0.3409296255396045,-64.88999999999997,0.3
0.9,0.4,3,100,29,71,0.29,-0.6508999999999999,-65.08999999999999,0.3343900194293896,-64.32999999999998,0.3,-24.59,3.94,92,5,2,2,0.56,0.005600000000000001,-65.64999999999999,0.27,0.3409296255396045,-64.88999999999997,0.3
0.9,0.4,4,100,30,70,0.3,-0.654,-65.4,0.32396113293363665,-64.63999999999999,0.3,-21.9,1.46,92,7,3,3,0.24999999999999978,0.002499999999999998,-65.64999999999999,0.27,0.3409296255396045,-64.88999999999997,0.3
0.9,0.4,5,100,31,69,0.31,-0.6709999999999999,-67.1,0.30082317390851315,-66.33999999999997,0.3,-23.689999999999998,1.46,92,10,4,5,-1.4500000000000002,-0.014500000000000002,-65.64999999999999,0.27,0.3409296255396045,-64.88999999999997,0.3
0.9,0.4,6,100,33,67,0.33,-0.6162000000000001,-61.620000000000005,0.3209917355371901,-60.86,0.3,-18.32,1.46,92,14,6,7,4.029999999999999,0.040299999999999996,-65.64999999999999,0.27,0.3409296255396045,-64.88999999999997,0.3
0.9,0.4,8,100,33,67,0.33,-0.627,-62.7,0.3090909090909091,-61.94,0.3,-18.92,1.46,92,15,6,8,2.95,0.029500000000000002,-65.64999999999999,0.27,0.3409296255396045,-64.88999999999997,0.3
0.9,0.4,10,100,34,66,0.34,-0.6329,-63.29,0.2966996332925881,-63.74999999999999,0.3,-21.189999999999998,1.46,92,18,7,9,2.3600000000000003,0.023600000000000003,-65.64999999999999,0.27,0.3409296255396045,-64.88999999999997,0.3
0.9,0.4,12,100,34,66,0.34,-0.6406999999999999,-64.07,0.28803200355595066,-64.52999999999999,0.3,-21.189999999999998,1.46,92,19,7,10,1.58,0.0158,-65.64999999999999,0.27,0.3409296255396045,-64.88999999999997,0.3
0.95,-0.5,2,100,20,80,0.2,-0.7132,-71.32,0.20579064587973267,-70.56,0.1,-24.45,1.46,87,28,13,12,-5.67,-0.0567,-65.64999999999999,0.27,0.3409296255396045,-64.88999999999997,0.1
0.95,-0.5,3,100,19,81,0.19,-0.7147,-71.47,0.20198749441715047,-70.71000000000001,0.1,-23.79,1.46,87,32,15,13,-5.819999999999999,-0.058199999999999995,-65.64999999999999,0.27,0.3409296255396045,-64.88999999999997,0.1
0.95,-0.5,4,100,18,82,0.18,-0.6796999999999999,-67.96999999999998,0.20260441107461286,-67.21,0.1,-23.490000000000002,1.46,87,37,19,14,-2.3200000000000003,-0.023200000000000002,-65.64999999999999,0.27,0.3409296255396045,-64.88999999999997,0.1
0.95,-0.5,5,100,17,83,0.17,-0.6533,-65.33,0.19455061028233264,-64.57000000000001,0.1,-22.32,1.46,87,44,24,15,0.32000000000000023,0.0032000000000000023,-65.64999999999999,0.27,0.3409296255396045,-64.88999999999997,0.1
0.95,-0.5,6,100,15,85,0.15,-0.6837000000000001,-68.37,0.14409113670505758,-67.61000000000001,0.0,-25.23,-0.19,87,49,27,17,-2.7200000000000015,-0.027200000000000016,-65.64999999999999,0.27,0.3409296255396045,-64.88999999999997,0.0
0.95,-0.5,8,100,15,85,0.15,-0.6788,-67.88,0.144980476130495,-67.12,0.0,-24.740000000000002,-0.19,87,51,28,17,-2.230000000000002,-0.02230000000000002,-65.64999999999999,0.27,0.3409296255396045,-64.88999999999997,0.0
0.95,-0.5,10,100,15,85,0.15,-0.6684,-66.84,0.1469049138481174,-66.61000000000001,0.0,-24.23,-0.19,87,53,30,17,-1.1900000000000004,-0.011900000000000004,-65.64999999999999,0.27,0.3409296255396045,-64.88999999999997,0.0
0.95,-0.5,12,100,14,86,0.14,-0.672,-67.2,0.14252902896516526,-66.97000000000001,0.0,-24.23,-0.19,87,54,30,18,-1.5500000000000007,-0.015500000000000007,-65.64999999999999,0.27,0.3409296255396045,-64.88999999999997,0.0
0.95,-0.4,2,100,23,77,0.23,-0.7302000000000001,-73.02000000000001,0.2102530824140169,-72.25999999999998,0.1,-26.58,1.46,87,21,8,11,-7.37,-0.0737,-65.64999999999999,0.27,0.3409296255396045,-64.88999999999997,0.1
0.95,-0.4,3,100,22,78,0.22,-0.7124000000000001,-71.24000000000001,0.21098682024587442,-70.48,0.1,-25.919999999999998,1.46,87,26,12,12,-5.589999999999999,-0.05589999999999999,-65.64999999999999,0.27,0.3409296255396045,-64.88999999999997,0.1
0.95,-0.4,4,100,21,79,0.21,-0.7041999999999998,-70.41999999999999,0.20564015792442192,-69.66,0.1,-27.13,1.46,87,29,14,13,-4.77,-0.04769999999999999,-65.64999999999999,0.27,0.3409296255396045,-64.88999999999997,0.1
0.95,-0.4,5,100,20,80,0.2,-0.7044,-70.44,0.18810511756569845,-69.68,0.1,-27.55,1.46,87,34,17,15,-4.79,-0.0479,-65.64999999999999,0.27,0.3409296255396045,-64.88999999999997,0.1
0.95,-0.4,6,100,19,81,0.19,-0.7055,-70.55,0.14876930501930502,-69.79,0.0,-27.18,-0.19,87,39,20,17,-4.900000000000001,-0.049000000000000016,-65.64999999999999,0.27,0.3409296255396045,-64.88999999999997,0.0
0.95,-0.4,8,100,19,81,0.19,-0.7090000000000001,-70.9,0.14814369818575035,-70.14000000000001,0.0,-27.18,-0.19,87,40,20,17,-5.250000000000001,-0.05250000000000001,-65.64999999999999,0.27,0.3409296255396045,-64.88999999999997,0.0
0.95,-0.4,10,100,19,81,0.19,-0.6929000000000001,-69.29,0.1510659152168586,-69.06000000000002,0.0,-26.44,-0.19,87,44,24,17,-3.640000000000001,-0.03640000000000001,-65.64999999999999,0.27,0.3409296255396045,-64.88999999999997,0.0
0.95,-0.4,12,100,18,82,0.18,-0.6965,-69.65,0.14686428221460068,-69.42000000000002,0.0,-26.44,-0.19,87,45,24,18,-4.000000000000001,-0.04000000000000001,-65.64999999999999,0.27,0.3409296255396045,-64.88999999999997,0.0
0.95,-0.3,2,100,26,74,0.26,-0.7196000000000001,-71.96000000000001,0.22138065353819522,-71.19999999999997,0.1,-25.65,1.46,87,17,7,9,-6.31,-0.06309999999999999,-65.64999999999999,0.27,0.3409296255396045,-64.88999999999997,0.1
0.95,-0.3,3,100,25,75,0.25,-0.6938,-69.38,0.22437115707098942,-68.61999999999999,0.1,-24.99,1.46,87,22,11,10,-3.7300000000000004,-0.03730000000000001,-65.64999999999999,0.27,0.3409296255396045,-64.88999999999997,0.1
0.95,-0.3,4,100,25,75,0.25,-0.6656,-66.56,0.23167493939743738,-65.8,0.1,-24.99,1.46,87,24,13,10,-0.9100000000000001,-0.009100000000000002,-65.64999999999999,0.27,0.3409296255396045,-64.88999999999997,0.1
0.95,-0.3,5,100,24,76,0.24,-0.6822,-68.22,0.21023385042833992,-67.46000000000001,0.1,-25.41,1.46,87,27,14,12,-2.570000000000001,-0.02570000000000001,-65.64999999999999,0.27,0.3409296255396045,-64.88999999999997,0.1
0.95,-0.3,6,100,21,79,0.21,-0.6994,-69.94,0.1568414707655214,-69.18000000000002,0.0,-26.65,-0.19,87,34,17,16,-4.29,-0.0429,-65.64999999999999,0.27,0.3409296255396045,-64.88999999999997,0.0
0.95,-0.3,8,100,21,79,0.21,-0.6797999999999998,-67.97999999999999,0.16063711569329545,-67.22000000000001,0.0,-26.65,-0.19,87,37,19,16,-2.330000000000001,-0.023300000000000008,-65.64999999999999,0.27,0.3409296255396045,-64.88999999999997,0.0
0.95,-0.3,10,100,21,79,0.21,-0.6685,-66.85,0.16291009266215875,-66.62000000000002,0.0,-26.42,-0.19,87,40,22,16,-1.200000000000001,-0.01200000000000001,-65.64999999999999,0.27,0.3409296255396045,-64.88999999999997,0.0
0.95,-0.3,12,100,20,80,0.2,-0.6721,-67.21000000000001,0.15861291937906863,-66.98,0.0,-26.42,-0.19,87,41,22,17,-1.5600000000000005,-0.015600000000000004,-65.64999999999999,0.27,0.3409296255396045,-64.88999999999997,0.0
0.95,-0.2,2,100,27,73,0.27,-0.7114,-71.14,0.23488922348892233,-70.37999999999998,0.1,-24.02,1.46,87,14,6,8,-5.489999999999999,-0.05489999999999999,-65.64999999999999,0.27,0.3409296255396045,-64.88999999999997,0.1
0.95,-0.2,3,100,26,74,0.26,-0.6856,-68.56,0.23830685479391175,-67.8,0.1,-23.36,1.46,87,19,10,9,-2.9099999999999993,-0.029099999999999994,-65.64999999999999,0.27,0.3409296255396045,-64.88999999999997,0.1
0.95,-0.2,4,100,26,74,0.26,-0.6574,-65.74,0.24601445119853194,-64.98,0.1,-23.36,1.46,87,21,12,9,-0.08999999999999941,-0.0008999999999999941,-65.64999999999999,0.27,0.3409296255396045,-64.88999999999997,0.1
0.95,-0.2,5,100,25,75,0.25,-0.6916,-69.16,0.20842394414558774,-68.4,0.1,-25.11,1.46,87,24,12,12,-3.509999999999999,-0.03509999999999999,-65.64999999999999,0.27,0.3409296255396045,-64.88999999999997,0.1
0.95,-0.2,6,100,23,77,0.23,-0.7275999999999999,-72.75999999999999,0.1555246053853296,-72.00000000000001,0.0,-27.060000000000002,-0.03,87,28,13,15,-7.11,-0.0711,-65.64999999999999,0.27,0.3409296255396045,-64.88999999999997,0.0
0.95,-0.2,8,100,23,77,0.23,-0.6951999999999999,-69.52,0.1591678761490082,-68.76000000000002,0.0,-25.78,-0.03,87,32,16,16,-3.869999999999999,-0.03869999999999999,-65.64999999999999,0.27,0.3409296255396045,-64.88999999999997,0.0
0.95,-0.2,10,100,24,76,0.24,-0.6807,-68.07,0.16672787366874772,-68.53000000000002,0.0,-25.55,-0.03,87,34,18,16,-2.42,-0.0242,-65.64999999999999,0.27,0.3409296255396045,-64.88999999999997,0.0
0.95,-0.2,12,100,24,76,0.24,-0.6762999999999999,-67.63,0.16557680444170267,-68.09000000000002,0.0,-25.55,-0.03,87,36,19,17,-1.98,-0.019799999999999998,-65.64999999999999,0.27,0.3409296255396045,-64.88999999999997,0.0
0.95,-0.1,2,100,29,71,0.29,-0.6986,-69.86,0.2524344569288389,-69.09999999999998,0.1,-24.02,1.46,87,11,5,6,-4.21,-0.0421,-65.64999999999999,0.27,0.3409296255396045,-64.88999999999997,0.1
0.95,-0.1,3,100,28,72,0.28,-0.6962,-69.62,0.2444106794009116,-68.85999999999999,0.1,-23.36,1.46,87,16,8,8,-3.9699999999999998,-0.0397,-65.64999999999999,0.27,0.3409296255396045,-64.88999999999997,0.1
0.95,-0.1,4,100,28,72,0.28,-0.6679999999999999,-66.8,0.2521271831616659,-66.04,0.1,-23.36,1.46,87,18,10,8,-1.1500000000000004,-0.011500000000000003,-65.64999999999999,0.27,0.3409296255396045,-64.88999999999997,0.1
0.95,-0.1,5,100,28,72,0.28,-0.6855,-68.55,0.23253470667263765,-67.78999999999999,0.1,-25.11,1.46,87,20,10,10,-2.8999999999999995,-0.028999999999999995,-65.64999999999999,0.27,0.3409296255396045,-64.88999999999997,0.1
0.95,-0.1,6,100,27,73,0.27,-0.7103999999999999,-71.03999999999999,0.19079621824809206,-70.28,0.1,-26.09,1.46,87,23,11,12,-5.39,-0.053899999999999997,-65.64999999999999,0.27,0.3409296255396045,-64.88999999999997,0.1
0.95,-0.1,8,100,27,73,0.27,-0.6835999999999999,-68.35999999999999,0.18715814506539832,-67.60000000000001,0.1,-25.72,1.46,87,28,14,14,-2.71,-0.0271,-65.64999999999999,0.27,0.3409296255396045,-64.88999999999997,0.1
0.95,-0.1,10,100,28,72,0.28,-0.6672999999999999,-66.72999999999999,0.1953454720848909,-67.19000000000001,0.1,-25.31,1.46,87,30,16,14,-1.08,-0.0108,-65.64999999999999,0.27,0.3409296255396045,-64.88999999999997,0.1
0.95,-0.1,12,100,28,72,0.28,-0.6628999999999999,-66.28999999999999,0.19443431765706648,-66.75000000000001,0.1,-25.31,1.46,87,32,17,15,-0.6400000000000001,-0.006400000000000001,-65.64999999999999,0.27,0.3409296255396045,-64.88999999999997,0.1
0.95,0.0,2,100,32,68,0.32,-0.6372000000000001,-63.720000000000006,0.3167488741153764,-62.959999999999994,0.2,-22.32,3.94,87,9,5,4,1.9300000000000002,0.0193,-65.64999999999999,0.27,0.3409296255396045,-64.88999999999997,0.2
0.95,0.0,3,100,31,69,0.31,-0.6479,-64.79,0.30527557366502256,-64.02999999999999,0.2,-22.32,3.94,87,11,5,6,0.86,0.0086,-65.64999999999999,0.27,0.3409296255396045,-64.88999999999997,0.2
0.95,0.0,4,100,32,68,0.32,-0.6728000000000001,-67.28,0.2760142042397503,-66.52,0.2,-21.81,1.46,87,13,6,7,-1.6299999999999994,-0.016299999999999995,-65.64999999999999,0.27,0.3409296255396045,-64.88999999999997,0.2
0.95,0.0,5,100,33,67,0.33,-0.6843,-68.43,0.24991779020059188,-67.66999999999999,0.2,-24.919999999999998,1.46,87,17,7,10,-2.7800000000000002,-0.027800000000000002,-65.64999999999999,0.27,0.3409296255396045,-64.88999999999997,0.2
0.95,0.0,6,100,34,66,0.34,-0.665,-66.5,0.25764679615985714,-65.74,0.2,-22.99,1.46,87,18,8,10,-0.8500000000000005,-0.008500000000000006,-65.64999999999999,0.27,0.3409296255396045,-64.88999999999997,0.2
0.95,0.0,8,100,36,64,0.36,-0.6581999999999999,-65.82,0.23197199533255544,-65.06,0.2,-24.619999999999997,1.46,87,23,11,12,-0.16999999999999993,-0.0016999999999999993,-65.64999999999999,0.27,0.3409296255396045,-64.88999999999997,0.2
0.95,0.0,10,100,37,63,0.37,-0.6608000000000002,-66.08000000000001,0.22203908641393932,-66.54,0.2,-24.619999999999997,1.46,87,25,12,13,-0.42999999999999927,-0.004299999999999993,-65.64999999999999,0.27,0.3409296255396045,-64.88999999999997,0.2
0.95,0.0,12,100,39,61,0.39,-0.6470999999999999,-64.71,0.22835678511805385,-65.17,0.2,-24.05,1.46,87,28,14,13,0.9400000000000003,0.009400000000000002,-65.64999999999999,0.27,0.3409296255396045,-64.88999999999997,0.2
0.95,0.1,2,100,31,69,0.31,-0.6309999999999999,-63.099999999999994,0.3375328083989502,-62.339999999999996,0.3,-23.87,3.94,87,6,4,2,2.55,0.0255,-65.64999999999999,0.27,0.3409296255396045,-64.88999999999997,0.3
0.95,0.1,3,100,31,69,0.31,-0.6392,-63.92,0.32892388451443577,-63.16,0.3,-23.87,3.94,87,8,4,4,1.7299999999999995,0.017299999999999996,-65.64999999999999,0.27,0.3409296255396045,-64.88999999999997,0.3
0.95,0.1,4,100,32,68,0.32,-0.6640999999999999,-66.41,0.30035819637589556,-65.64999999999999,0.3,-23.36,1.46,87,10,5,5,-0.7600000000000002,-0.007600000000000003,-65.64999999999999,0.27,0.3409296255396045,-64.88999999999997,0.3
0.95,0.1,5,100,33,67,0.33,-0.6739000000000002,-67.39000000000001,0.2770864621325896,-66.62999999999998,0.2,-25.14,1.46,87,14,6,8,-1.7400000000000002,-0.017400000000000002,-65.64999999999999,0.27,0.3409296255396045,-64.88999999999997,0.2
0.95,0.1,6,100,34,66,0.34,-0.6557,-65.57,0.28393578682974774,-64.80999999999999,0.2,-23.21,1.46,87,16,7,9,0.08000000000000007,0.0008000000000000007,-65.64999999999999,0.27,0.3409296255396045,-64.88999999999997,0.2
0.95,0.1,8,100,35,65,0.35,-0.6719999999999999,-67.19999999999999,0.25291828793774324,-66.43999999999998,0.2,-24.84,1.46,87,19,8,11,-1.5499999999999998,-0.015499999999999998,-65.64999999999999,0.27,0.3409296255396045,-64.88999999999997,0.2
0.95,0.1,10,100,36,64,0.36,-0.6781,-67.81,0.2397129723063124,-68.27,0.2,-25.89,1.46,87,22,9,13,-2.16,-0.0216,-65.64999999999999,0.27,0.3409296255396045,-64.88999999999997,0.2
0.95,0.1,12,100,38,62,0.38,-0.6644,-66.44,0.2459425717852685,-66.89999999999999,0.2,-25.32,1.46,87,25,11,13,-0.7900000000000005,-0.007900000000000004,-65.64999999999999,0.27,0.3409296255396045,-64.88999999999997,0.2
0.95,0.2,2,100,30,70,0.3,-0.6427999999999998,-64.27999999999999,0.332502596053998,-63.51999999999999,0.3,-25.049999999999997,3.94,87,5,3,2,1.37,0.0137,-65.64999999999999,0.27,0.3409296255396045,-64.88999999999997,0.3
0.95,0.2,3,100,31,69,0.31,-0.6241,-62.410000000000004,0.34477690288713914,-61.64999999999999,0.3,-22.36,3.94,87,8,4,4,3.2399999999999998,0.0324,-65.64999999999999,0.27,0.3409296255396045,-64.88999999999997,0.3
0.95,0.2,4,100,31,69,0.31,-0.6541,-65.41,0.31328083989501315,-64.64999999999999,0.3,-22.36,1.46,87,9,4,5,0.23999999999999977,0.0023999999999999976,-65.64999999999999,0.27,0.3409296255396045,-64.88999999999997,0.3
0.95,0.2,5,100,32,68,0.32,-0.6639,-66.39,0.29032602886157144,-65.62999999999998,0.2,-24.14,1.46,87,13,5,8,-0.7400000000000002,-0.007400000000000002,-65.64999999999999,0.27,0.3409296255396045,-64.88999999999997,0.2
0.95,0.2,6,100,33,67,0.33,-0.6456999999999999,-64.57,0.2973884657236126,-63.80999999999998,0.2,-22.21,1.46,87,15,6,9,1.0800000000000003,0.010800000000000002,-65.64999999999999,0.27,0.3409296255396045,-64.88999999999997,0.2
0.95,0.2,8,100,33,67,0.33,-0.6456999999999999,-64.57,0.2973884657236126,-63.80999999999998,0.2,-22.21,1.46,87,15,6,9,1.0800000000000003,0.010800000000000002,-65.64999999999999,0.27,0.3409296255396045,-64.88999999999997,0.2
0.95,0.2,10,100,34,66,0.34,-0.6810999999999998,-68.10999999999999,0.25268817204301075,-68.56999999999998,0.2,-26.189999999999998,1.46,87,20,7,13,-2.46,-0.0246,-65.64999999999999,0.27,0.3409296255396045,-64.88999999999997,0.2
0.95,0.2,12,100,34,66,0.34,-0.6810999999999998,-68.10999999999999,0.25268817204301075,-68.56999999999998,0.2,-26.189999999999998,1.46,87,21,7,13,-2.46,-0.0246,-65.64999999999999,0.27,0.3409296255396045,-64.88999999999997,0.2
0.95,0.3,2,100,29,71,0.29,-0.6552999999999999,-65.52999999999999,0.3298905818590859,-64.76999999999998,0.3,-24.59,3.94,87,3,2,1,0.1200000000000001,0.001200000000000001,-65.64999999999999,0.27,0.3409296255396045,-64.88999999999997,0.3
0.95,0.3,3,100,30,70,0.3,-0.6388,-63.88,0.33967335125077536,-63.12,0.3,-22.259999999999998,3.94,87,6,3,3,1.7699999999999996,0.017699999999999997,-65.64999999999999,0.27,0.3409296255396045,-64.88999999999997,0.3
0.95,0.3,4,100,30,70,0.3,-0.6688,-66.88,0.3086623940458963,-66.11999999999998,0.3,-22.259999999999998,1.46,87,7,3,4,-1.2300000000000004,-0.012300000000000004,-65.64999999999999,0.27,0.3409296255396045,-64.88999999999997,0.3
0.95,0.3,5,100,30,70,0.3,-0.6846,-68.46,0.29232995658466004,-67.69999999999999,0.2,-22.68,1.46,87,9,3,6,-2.8100000000000005,-0.028100000000000003,-65.64999999999999,0.27,0.3409296255396045,-64.88999999999997,0.2
0.95,0.3,6,100,30,70,0.3,-0.6846,-68.46,0.29232995658466004,-67.69999999999999,0.2,-22.68,1.46,87,9,3,6,-2.8100000000000005,-0.028100000000000003,-65.64999999999999,0.27,0.3409296255396045,-64.88999999999997,0.2
0.95,0.3,8,100,30,70,0.3,-0.6953999999999999,-69.53999999999999,0.2811660119909035,-68.77999999999997,0.2,-23.759999999999998,1.46,87,10,3,7,-3.8899999999999997,-0.0389,-65.64999999999999,0.27,0.3409296255396045,-64.88999999999997,0.2
0.95,0.3,10,100,31,69,0.31,-0.7262,-72.61999999999999,0.2433840383413212,-73.07999999999997,0.2,-27.74,1.46,87,16,4,11,-6.970000000000001,-0.06970000000000001,-65.64999999999999,0.27,0.3409296255396045,-64.88999999999997,0.2
0.95,0.3,12,100,31,69,0.31,-0.7262,-72.61999999999999,0.2433840383413212,-73.07999999999997,0.2,-27.74,1.46,87,17,4,11,-6.970000000000001,-0.06970000000000001,-65.64999999999999,0.27,0.3409296255396045,-64.88999999999997,0.2
0.95,0.4,2,100,29,71,0.29,-0.6552999999999999,-65.52999999999999,0.3298905818590859,-64.76999999999998,0.3,-24.59,3.94,87,3,2,1,0.1200000000000001,0.001200000000000001,-65.64999999999999,0.27,0.3409296255396045,-64.88999999999997,0.3
0.95,0.4,3,100,30,70,0.3,-0.6352,-63.52,0.3433946661153608,-62.76,0.3,-21.9,3.94,87,5,3,2,2.13,0.0213,-65.64999999999999,0.27,0.3409296255396045,-64.88999999999997,0.3
0.95,0.4,4,100,30,70,0.3,-0.6652,-66.52,0.3123837089104818,-65.75999999999999,0.3,-21.9,1.46,87,6,3,3,-0.8700000000000003,-0.008700000000000003,-65.64999999999999,0.27,0.3409296255396045,-64.88999999999997,0.3
0.95,0.4,5,100,30,70,0.3,-0.6809999999999999,-68.1,0.2960512714492455,-67.33999999999997,0.2,-22.32,1.46,87,8,3,5,-2.45,-0.0245,-65.64999999999999,0.27,0.3409296255396045,-64.88999999999997,0.2
0.95,0.4,6,100,30,70,0.3,-0.6809999999999999,-68.1,0.2960512714492455,-67.33999999999997,0.2,-22.32,1.46,87,8,3,5,-2.45,-0.0245,-65.64999999999999,0.27,0.3409296255396045,-64.88999999999997,0.2
0.95,0.4,8,100,30,70,0.3,-0.6918,-69.17999999999999,0.284887326855489,-68.41999999999997,0.2,-23.4,1.46,87,9,3,6,-3.53,-0.0353,-65.64999999999999,0.27,0.3409296255396045,-64.88999999999997,0.2
0.95,0.4,10,100,31,69,0.31,-0.7058,-70.58,0.2646384663471557,-71.03999999999998,0.2,-25.7,1.46,87,14,4,9,-4.93,-0.0493,-65.64999999999999,0.27,0.3409296255396045,-64.88999999999997,0.2
0.95,0.4,12,100,31,69,0.31,-0.7058,-70.58,0.2646384663471557,-71.03999999999998,0.2,-25.7,1.46,87,14,4,9,-4.93,-0.0493,-65.64999999999999,0.27,0.3409296255396045,-64.88999999999997,0.2
1.0,-0.5,2,100,23,77,0.23,-0.6509,-65.09,0.2808529444260303,-64.32999999999998,0.1,-23.36,1.46,81,20,10,7,0.5599999999999996,0.0055999999999999965,-65.64999999999999,0.27,0.3409296255396045,-64.88999999999997,0.1
1.0,-0.5,3,100,22,78,0.22,-0.659,-65.9,0.27526668866160786,-65.13999999999999,0.1,-23.36,1.46,81,22,10,8,-0.2500000000000005,-0.002500000000000005,-65.64999999999999,0.27,0.3409296255396045,-64.88999999999997,0.1
1.0,-0.5,4,100,21,79,0.21,-0.6003999999999999,-60.03999999999999,0.28735905044510385,-59.28,0.1,-21.89,1.46,81,29,16,9,5.6099999999999985,0.05609999999999998,-65.64999999999999,0.27,0.3409296255396045,-64.88999999999997,0.1
1.0,-0.5,5,100,19,81,0.19,-0.6251000000000001,-62.510000000000005,0.24156758068429993,-61.75000000000001,0.1,-24.8,1.46,81,36,20,11,3.1399999999999997,0.0314,-65.64999999999999,0.27,0.3409296255396045,-64.88999999999997,0.1
1.0,-0.5,6,100,18,82,0.18,-0.628,-62.800000000000004,0.22707692307692307,-62.040000000000006,0.0,-24.8,-0.19,81,39,22,12,2.8499999999999996,0.028499999999999998,-65.64999999999999,0.27,0.3409296255396045,-64.88999999999997,0.0
1.0,-0.5,8,100,18,82,0.18,-0.6233,-62.33,0.22839811834612528,-61.57,0.0,-24.33,-0.19,81,42,23,12,3.3199999999999994,0.03319999999999999,-65.64999999999999,0.27,0.3409296255396045,-64.88999999999997,0.0
1.0,-0.5,10,100,17,83,0.17,-0.6165,-61.650000000000006,0.22705616850551652,-61.42,0.0,-23.82,-0.19,81,45,25,13,4.000000000000001,0.04000000000000001,-65.64999999999999,0.27,0.3409296255396045,-64.88999999999997,0.0
1.0,-0.5,12,100,17,83,0.17,-0.6165,-61.650000000000006,0.22705616850551652,-61.42,0.0,-23.82,-0.19,81,45,25,13,4.000000000000001,0.04000000000000001,-65.64999999999999,0.27,0.3409296255396045,-64.88999999999997,0.0
1.0,-0.4,2,100,26,74,0.26,-0.6680000000000001,-66.80000000000001,0.2831079630822065,-66.03999999999998,0.1,-25.49,1.46,81,14,6,6,-1.1500000000000004,-0.011500000000000003,-65.64999999999999,0.27,0.3409296255396045,-64.88999999999997,0.1
1.0,-0.4,3,100,25,75,0.25,-0.6568,-65.68,0.28351696301952656,-64.92,0.1,-25.49,1.46,81,17,8,7,-0.03000000000000025,-0.00030000000000000247,-65.64999999999999,0.27,0.3409296255396045,-64.88999999999997,0.1
1.0,-0.4,4,100,24,76,0.24,-0.6366999999999999,-63.669999999999995,0.28331832507879334,-62.91,0.1,-26.7,1.46,81,21,11,8,1.9799999999999995,0.019799999999999995,-65.64999999999999,0.27,0.3409296255396045,-64.88999999999997,0.1
1.0,-0.4,5,100,22,78,0.22,-0.6644,-66.44,0.23535504661065718,-65.68,0.1,-28.68,1.46,81,27,14,11,-0.79,-0.0079,-65.64999999999999,0.27,0.3409296255396045,-64.88999999999997,0.1
1.0,-0.4,6,100,22,78,0.22,-0.6498999999999999,-64.99,0.22869689057678624,-64.23,0.0,-26.75,-0.19,81,30,16,12,0.6599999999999993,0.006599999999999992,-65.64999999999999,0.27,0.3409296255396045,-64.88999999999997,0.0
1.0,-0.4,8,100,22,78,0.22,-0.6502000000000001,-65.02000000000001,0.2286154941274173,-64.26000000000002,0.0,-26.77,-0.19,81,33,17,12,0.6300000000000003,0.0063000000000000035,-65.64999999999999,0.27,0.3409296255396045,-64.88999999999997,0.0
1.0,-0.4,10,100,21,79,0.21,-0.6411,-64.11,0.22796242774566472,-63.88000000000002,0.0,-26.03,-0.19,81,37,20,13,1.5399999999999996,0.015399999999999995,-65.64999999999999,0.27,0.3409296255396045,-64.88999999999997,0.0
1.0,-0.4,12,100,21,79,0.21,-0.6411,-64.11,0.22796242774566472,-63.88000000000002,0.0,-26.03,-0.19,81,37,20,13,1.5399999999999996,0.015399999999999995,-65.64999999999999,0.27,0.3409296255396045,-64.88999999999997,0.0
1.0,-0.3,2,100,28,72,0.28,-0.6568,-65.68,0.2893313135684916,-64.91999999999999,0.1,-24.81,1.46,81,12,6,4,-0.03000000000000025,-0.00030000000000000247,-65.64999999999999,0.27,0.3409296255396045,-64.88999999999997,0.1
1.0,-0.3,3,100,27,73,0.27,-0.6542,-65.42,0.28713087065489806,-64.66,0.1,-24.81,1.46,81,14,7,5,0.22999999999999954,0.002299999999999995,-65.64999999999999,0.27,0.3409296255396045,-64.88999999999997,0.1
1.0,-0.3,4,100,27,73,0.27,-0.6260000000000001,-62.60000000000001,0.2962338392355255,-61.839999999999996,0.1,-24.81,1.46,81,16,9,5,3.05,0.0305,-65.64999999999999,0.27,0.3409296255396045,-64.88999999999997,0.1
1.0,-0.3,5,100,25,75,0.25,-0.6581999999999999,-65.82,0.24734133790737567,-65.06000000000002,0.1,-26.79,1.46,81,21,11,8,-0.16999999999999993,-0.0016999999999999993,-65.64999999999999,0.27,0.3409296255396045,-64.88999999999997,0.1
1.0,-0.3,6,100,23,77,0.23,-0.6452,-64.52,0.23016346498031262,-63.76000000000001,0.0,-26.47,-0.19,81,27,14,11,1.129999999999999,0.01129999999999999,-65.64999999999999,0.27,0.3409296255396045,-64.88999999999997,0.0
1.0,-0.3,8,100,23,77,0.23,-0.6402,-64.02,0.2315448325531149,-63.26000000000001,0.0,-26.47,-0.19,81,28,15,11,1.629999999999999,0.01629999999999999,-65.64999999999999,0.27,0.3409296255396045,-64.88999999999997,0.0
1.0,-0.3,10,100,22,78,0.22,-0.6325,-63.25,0.23053527980535288,-63.02,0.0,-26.24,-0.19,81,32,18,12,2.399999999999999,0.02399999999999999,-65.64999999999999,0.27,0.3409296255396045,-64.88999999999997,0.0
1.0,-0.3,12,100,22,78,0.22,-0.632,-63.2,0.2306755934266586,-62.970000000000006,0.0,-26.189999999999998,-0.19,81,33,19,12,2.4499999999999997,0.024499999999999997,-65.64999999999999,0.27,0.3409296255396045,-64.88999999999997,0.0
1.0,-0.2,2,100,29,71,0.29,-0.6648000000000001,-66.48,0.29725158562367865,-65.71999999999998,0.1,-23.18,1.46,81,7,4,3,-0.8300000000000001,-0.0083,-65.64999999999999,0.27,0.3409296255396045,-64.88999999999997,0.1
1.0,-0.2,3,100,28,72,0.28,-0.6622,-66.22,0.2951569984034061,-65.45999999999998,0.1,-23.18,1.46,81,9,5,4,-0.5699999999999998,-0.0056999999999999985,-65.64999999999999,0.27,0.3409296255396045,-64.88999999999997,0.1
1.0,-0.2,4,100,28,72,0.28,-0.6472999999999999,-64.72999999999999,0.28969603862613846,-63.970000000000006,0.1,-24.509999999999998,1.46,81,12,7,5,0.9200000000000004,0.009200000000000003,-65.64999999999999,0.27,0.3409296255396045,-64.88999999999997,0.1
1.0,-0.2,5,100,26,74,0.26,-0.6973,-69.73,0.23717317580133462,-68.96999999999998,0.1,-27.84,1.46,81,15,7,8,-4.079999999999999,-0.04079999999999999,-65.64999999999999,0.27,0.3409296255396045,-64.88999999999997,0.1
1.0,-0.2,6,100,25,75,0.25,-0.6896,-68.96,0.2220216606498195,-68.19999999999997,0.0,-26.88,-0.03,81,19,9,10,-3.3100000000000005,-0.033100000000000004,-65.64999999999999,0.27,0.3409296255396045,-64.88999999999997,0.0
1.0,-0.2,8,100,25,75,0.25,-0.6718,-67.17999999999999,0.22442853844377747,-66.41999999999999,0.0,-25.6,-0.03,81,22,11,11,-1.5299999999999998,-0.015299999999999998,-65.64999999999999,0.27,0.3409296255396045,-64.88999999999997,0.0
1.0,-0.2,10,100,26,74,0.26,-0.6528999999999999,-65.28999999999999,0.23179197552653258,-65.75000000000001,0.0,-25.37,-0.03,81,26,14,12,0.36000000000000076,0.0036000000000000077,-65.64999999999999,0.27,0.3409296255396045,-64.88999999999997,0.0
1.0,-0.2,12,100,26,74,0.26,-0.6528999999999999,-65.28999999999999,0.23179197552653258,-65.75000000000001,0.0,-25.37,-0.03,81,26,14,12,0.36000000000000076,0.0036000000000000077,-65.64999999999999,0.27,0.3409296255396045,-64.88999999999997,0.0
1.0,-0.1,2,100,29,71,0.29,-0.6648000000000001,-66.48,0.29725158562367865,-65.71999999999998,0.1,-23.18,1.46,81,7,4,3,-0.8300000000000001,-0.0083,-65.64999999999999,0.27,0.3409296255396045,-64.88999999999997,0.1
1.0,-0.1,3,100,28,72,0.28,-0.6622,-66.22,0.2951569984034061,-65.45999999999998,0.1,-23.18,1.46,81,9,5,4,-0.5699999999999998,-0.0056999999999999985,-65.64999999999999,0.27,0.3409296255396045,-64.88999999999997,0.1
1.0,-0.1,4,100,28,72,0.28,-0.6472999999999999,-64.72999999999999,0.28969603862613846,-63.970000000000006,0.1,-24.509999999999998,1.46,81,12,7,5,0.9200000000000004,0.009200000000000003,-65.64999999999999,0.27,0.3409296255396045,-64.88999999999997,0.1
1.0,-0.1,5,100,27,73,0.27,-0.6806,-68.06,0.2539734736380576,-67.3,0.1,-27.84,1.46,81,14,7,7,-2.4099999999999993,-0.024099999999999993,-65.64999999999999,0.27,0.3409296255396045,-64.88999999999997,0.1
1.0,-0.1,6,100,27,73,0.27,-0.6764,-67.64,0.2450892857142857,-66.87999999999998,0.1,-25.91,1.46,81,16,8,8,-1.9899999999999989,-0.019899999999999987,-65.64999999999999,0.27,0.3409296255396045,-64.88999999999997,0.1
1.0,-0.1,8,100,27,73,0.27,-0.6496,-64.96,0.24385985333488536,-64.2,0.1,-25.54,1.46,81,21,11,10,0.6900000000000004,0.006900000000000004,-65.64999999999999,0.27,0.3409296255396045,-64.88999999999997,0.1
1.0,-0.1,10,100,28,72,0.28,-0.6289,-62.89,0.2521997621878716,-63.35000000000001,0.1,-25.13,1.46,81,25,14,11,2.7600000000000007,0.027600000000000006,-65.64999999999999,0.27,0.3409296255396045,-64.88999999999997,0.1
1.0,-0.1,12,100,28,72,0.28,-0.6289,-62.89,0.2521997621878716,-63.35000000000001,0.1,-25.13,1.46,81,25,14,11,2.7600000000000007,0.027600000000000006,-65.64999999999999,0.27,0.3409296255396045,-64.88999999999997,0.1
1.0,0.0,2,100,31,69,0.31,-0.6204000000000001,-62.040000000000006,0.3435615278806476,-61.27999999999999,0.2,-23.18,3.94,81,6,4,2,3.61,0.0361,-65.64999999999999,0.27,0.3409296255396045,-64.88999999999997,0.2
1.0,0.0,3,100,30,70,0.3,-0.6243,-62.43,0.3394349804253519,-61.66999999999999,0.2,-23.18,3.94,81,7,4,3,3.22,0.0322,-65.64999999999999,0.27,0.3409296255396045,-64.88999999999997,0.2
1.0,0.0,4,100,30,70,0.3,-0.6675999999999999,-66.75999999999999,0.2936197227806582,-65.99999999999999,0.2,-24.509999999999998,1.46,81,9,4,5,-1.1099999999999994,-0.011099999999999994,-65.64999999999999,0.27,0.3409296255396045,-64.88999999999997,0.2
1.0,0.0,5,100,31,69,0.31,-0.6522,-65.22,0.2972740006464821,-64.46,0.2,-24.93,1.46,81,11,5,6,0.43000000000000016,0.004300000000000002,-65.64999999999999,0.27,0.3409296255396045,-64.88999999999997,0.2
1.0,0.0,6,100,32,68,0.32,-0.6329,-63.29,0.30572619569986836,-62.53,0.2,-23.0,1.46,81,12,6,6,2.3600000000000003,0.023600000000000003,-65.64999999999999,0.27,0.3409296255396045,-64.88999999999997,0.2
1.0,0.0,8,100,34,66,0.34,-0.6261,-62.61,0.282653528872594,-61.85,0.2,-24.63,1.46,81,17,9,8,3.04,0.0304,-65.64999999999999,0.27,0.3409296255396045,-64.88999999999997,0.2
1.0,0.0,10,100,36,64,0.36,-0.6206999999999999,-62.06999999999999,0.27707896575821106,-62.53,0.2,-24.63,1.46,81,20,11,9,3.58,0.0358,-65.64999999999999,0.27,0.3409296255396045,-64.88999999999997,0.2
1.0,0.0,12,100,37,63,0.37,-0.615,-61.5,0.28019662921348315,-61.96,0.2,-24.06,1.46,81,22,12,9,4.15,0.0415,-65.64999999999999,0.27,0.3409296255396045,-64.88999999999997,0.2
1.0,0.1,2,100,30,70,0.3,-0.6176999999999999,-61.769999999999996,0.35989637305699484,-61.00999999999999,0.3,-25.08,3.94,81,3,3,0,3.88,0.0388,-65.64999999999999,0.27,0.3409296255396045,-64.88999999999997,0.3
1.0,0.1,3,100,30,70,0.3,-0.6191,-61.91,0.35844559585492236,-61.14999999999999,0.3,-25.08,3.94,81,4,3,1,3.7399999999999998,0.037399999999999996,-65.64999999999999,0.27,0.3409296255396045,-64.88999999999997,0.3
1.0,0.1,4,100,30,70,0.3,-0.6491,-64.91,0.32735751295336796,-64.14999999999998,0.3,-25.08,1.46,81,5,3,2,0.7399999999999998,0.007399999999999998,-65.64999999999999,0.27,0.3409296255396045,-64.88999999999997,0.3
1.0,0.1,5,100,31,69,0.31,-0.6452999999999999,-64.52999999999999,0.3193037974683545,-63.76999999999999,0.2,-25.5,1.46,81,8,4,4,1.12,0.011200000000000002,-65.64999999999999,0.27,0.3409296255396045,-64.88999999999997,0.2
1.0,0.1,6,100,32,68,0.32,-0.6271,-62.709999999999994,0.3267847557702631,-61.949999999999996,0.2,-23.57,1.46,81,10,5,5,2.9400000000000004,0.029400000000000003,-65.64999999999999,0.27,0.3409296255396045,-64.88999999999997,0.2
1.0,0.1,8,100,33,67,0.33,-0.6538999999999998,-65.38999999999999,0.28558942423249206,-64.63,0.2,-26.25,1.46,81,14,6,8,0.2600000000000007,0.002600000000000007,-65.64999999999999,0.27,0.3409296255396045,-64.88999999999997,0.2
1.0,0.1,10,100,35,65,0.35,-0.6415,-64.14999999999999,0.2880923315947176,-64.60999999999999,0.2,-26.25,1.46,81,17,8,9,1.5,0.015,-65.64999999999999,0.27,0.3409296255396045,-64.88999999999997,0.2
1.0,0.1,12,100,36,64,0.36,-0.6358,-63.58,0.2911138365481102,-64.03999999999999,0.2,-25.68,1.46,81,19,9,9,2.07,0.0207,-65.64999999999999,0.27,0.3409296255396045,-64.88999999999997,0.2
1.0,0.2,2,100,29,71,0.29,-0.6295999999999999,-62.959999999999994,0.3545873910814967,-62.19999999999999,0.3,-26.27,3.94,81,2,2,0,2.69,0.0269,-65.64999999999999,0.27,0.3409296255396045,-64.88999999999997,0.3
1.0,0.2,3,100,30,70,0.3,-0.6041,-60.41,0.37398963730569956,-59.64999999999999,0.3,-23.58,3.94,81,4,3,1,5.24,0.0524,-65.64999999999999,0.27,0.3409296255396045,-64.88999999999997,0.3
1.0,0.2,4,100,30,70,0.3,-0.6341,-63.41,0.34290155440414516,-62.64999999999999,0.3,-23.58,1.46,81,5,3,2,2.2399999999999998,0.022399999999999996,-65.64999999999999,0.27,0.3409296255396045,-64.88999999999997,0.3
1.0,0.2,5,100,31,69,0.31,-0.6303,-63.029999999999994,0.33512658227848113,-62.269999999999996,0.2,-24.0,1.46,81,8,4,4,2.62,0.0262,-65.64999999999999,0.27,0.3409296255396045,-64.88999999999997,0.2
1.0,0.2,6,100,32,68,0.32,-0.6121,-61.209999999999994,0.3428878153515835,-60.449999999999996,0.2,-22.07,1.46,81,10,5,5,4.44,0.0444,-65.64999999999999,0.27,0.3409296255396045,-64.88999999999997,0.2
1.0,0.2,8,100,32,68,0.32,-0.6472999999999999,-64.72999999999999,0.30509930220075154,-63.96999999999999,0.2,-25.59,1.46,81,12,5,7,0.9200000000000004,0.009200000000000003,-65.64999999999999,0.27,0.3409296255396045,-64.88999999999997,0.2
1.0,0.2,10,100,33,67,0.33,-0.6474999999999999,-64.74999999999999,0.2991665764693148,-65.20999999999998,0.2,-26.049999999999997,1.46,81,15,6,9,0.9000000000000004,0.009000000000000003,-65.64999999999999,0.27,0.3409296255396045,-64.88999999999997,0.2
1.0,0.2,12,100,33,67,0.33,-0.6474999999999999,-64.74999999999999,0.2991665764693148,-65.20999999999998,0.2,-26.049999999999997,1.46,81,16,6,9,0.9000000000000004,0.009000000000000003,-65.64999999999999,0.27,0.3409296255396045,-64.88999999999997,0.2
1.0,0.3,2,100,28,72,0.28,-0.6466999999999998,-64.66999999999999,0.3470315024232633,-63.90999999999999,0.3,-26.27,3.94,81,1,1,0,0.98,0.0098,-65.64999999999999,0.27,0.3409296255396045,-64.88999999999997,0.3
1.0,0.3,3,100,29,71,0.29,-0.6198,-61.98,0.3674864782120625,-61.21999999999999,0.3,-23.58,3.94,81,2,2,0,3.67,0.036699999999999997,-65.64999999999999,0.27,0.3409296255396045,-64.88999999999997,0.3
1.0,0.3,4,100,29,71,0.29,-0.6497999999999999,-64.97999999999999,0.3368711092968671,-64.21999999999998,0.3,-23.58,1.46,81,3,2,1,0.6699999999999999,0.006699999999999999,-65.64999999999999,0.27,0.3409296255396045,-64.88999999999997,0.3
1.0,0.3,5,100,29,71,0.29,-0.6655999999999999,-66.55999999999999,0.32074701500153086,-65.79999999999997,0.2,-24.0,1.46,81,5,2,3,-0.9099999999999997,-0.009099999999999997,-65.64999999999999,0.27,0.3409296255396045,-64.88999999999997,0.2
1.0,0.3,6,100,29,71,0.29,-0.6655999999999999,-66.55999999999999,0.32074701500153086,-65.79999999999997,0.2,-24.0,1.46,81,5,2,3,-0.9099999999999997,-0.009099999999999997,-65.64999999999999,0.27,0.3409296255396045,-64.88999999999997,0.2
1.0,0.3,8,100,29,71,0.29,-0.7008,-70.08,0.28482498214103485,-69.31999999999996,0.2,-27.52,1.46,81,7,2,5,-4.4300000000000015,-0.04430000000000001,-65.64999999999999,0.27,0.3409296255396045,-64.88999999999997,0.2
1.0,0.3,10,100,30,70,0.3,-0.6964,-69.64,0.2837601563303508,-70.09999999999998,0.2,-27.98,1.46,81,11,3,7,-3.9900000000000007,-0.039900000000000005,-65.64999999999999,0.27,0.3409296255396045,-64.88999999999997,0.2
1.0,0.3,12,100,30,70,0.3,-0.6964,-69.64,0.2837601563303508,-70.09999999999998,0.2,-27.98,1.46,81,12,3,7,-3.9900000000000007,-0.039900000000000005,-65.64999999999999,0.27,0.3409296255396045,-64.88999999999997,0.2
1.0,0.4,2,100,28,72,0.28,-0.6466999999999998,-64.66999999999999,0.3470315024232633,-63.90999999999999,0.3,-26.27,3.94,81,1,1,0,0.98,0.0098,-65.64999999999999,0.27,0.3409296255396045,-64.88999999999997,0.3
1.0,0.4,3,100,29,71,0.29,-0.6198,-61.98,0.3674864782120625,-61.21999999999999,0.3,-23.58,3.94,81,2,2,0,3.67,0.036699999999999997,-65.64999999999999,0.27,0.3409296255396045,-64.88999999999997,0.3
1.0,0.4,4,100,29,71,0.29,-0.6497999999999999,-64.97999999999999,0.3368711092968671,-64.21999999999998,0.3,-23.58,1.46,81,3,2,1,0.6699999999999999,0.006699999999999999,-65.64999999999999,0.27,0.3409296255396045,-64.88999999999997,0.3
1.0,0.4,5,100,29,71,0.29,-0.6655999999999999,-66.55999999999999,0.32074701500153086,-65.79999999999997,0.2,-24.0,1.46,81,5,2,3,-0.9099999999999997,-0.009099999999999997,-65.64999999999999,0.27,0.3409296255396045,-64.88999999999997,0.2
1.0,0.4,6,100,29,71,0.29,-0.6655999999999999,-66.55999999999999,0.32074701500153086,-65.79999999999997,0.2,-24.0,1.46,81,5,2,3,-0.9099999999999997,-0.009099999999999997,-65.64999999999999,0.27,0.3409296255396045,-64.88999999999997,0.2
1.0,0.4,8,100,29,71,0.29,-0.6655999999999999,-66.55999999999999,0.32074701500153086,-65.79999999999997,0.2,-24.0,1.46,81,5,2,3,-0.9099999999999997,-0.009099999999999997,-65.64999999999999,0.27,0.3409296255396045,-64.88999999999997,0.2
1.0,0.4,10,100,30,70,0.3,-0.6796,-67.96,0.30103877404093393,-68.41999999999999,0.2,-26.299999999999997,1.46,81,10,3,6,-2.3099999999999996,-0.023099999999999996,-65.64999999999999,0.27,0.3409296255396045,-64.88999999999997,0.2
1.0,0.4,12,100,30,70,0.3,-0.6796,-67.96,0.30103877404093393,-68.41999999999999,0.2,-26.299999999999997,1.46,81,10,3,6,-2.3099999999999996,-0.023099999999999996,-65.64999999999999,0.27,0.3409296255396045,-64.88999999999997,0.2
