window,train_start,validation_start,validation_end,stop_points,rr,horizon,trades,wins,losses,WR,mean_R,total_R,PF,max_DD_R,worst_streak
1,2019-05-06 09:30:00-04:00,2021-05-06 09:30:00-04:00,2021-08-06 09:30:00-04:00,15.0,1.0,10,124,57,67,0.4596774193548387,-0.11405376344086017,-14.142666666666662,0.7781820843397431,-19.728000000000005,9
1,2019-05-06 09:30:00-04:00,2021-05-06 09:30:00-04:00,2021-08-06 09:30:00-04:00,15.0,1.0,15,119,56,63,0.47058823529411764,-0.11475630252100837,-13.655999999999995,0.7874398140461566,-19.76333333333334,9
1,2019-05-06 09:30:00-04:00,2021-05-06 09:30:00-04:00,2021-08-06 09:30:00-04:00,15.0,1.0,20,118,56,62,0.4745762711864407,-0.12851977401129938,-15.165333333333326,0.7672410264805797,-21.30600000000001,9
1,2019-05-06 09:30:00-04:00,2021-05-06 09:30:00-04:00,2021-08-06 09:30:00-04:00,15.0,1.3,10,119,46,73,0.3865546218487395,-0.1487899159663866,-17.706000000000007,0.7359362882538926,-19.91533333333335,9
1,2019-05-06 09:30:00-04:00,2021-05-06 09:30:00-04:00,2021-08-06 09:30:00-04:00,15.0,1.3,15,113,44,69,0.3893805309734513,-0.16574041297935105,-18.72866666666667,0.7315758797618933,-22.59333333333335,9
1,2019-05-06 09:30:00-04:00,2021-05-06 09:30:00-04:00,2021-08-06 09:30:00-04:00,15.0,1.3,20,112,44,68,0.39285714285714285,-0.1912619047619048,-21.421333333333337,0.6999757231694337,-25.002666666666688,9
1,2019-05-06 09:30:00-04:00,2021-05-06 09:30:00-04:00,2021-08-06 09:30:00-04:00,15.0,1.5,10,116,42,74,0.3620689655172414,-0.16049425287356323,-18.617333333333335,0.7279201862839663,-21.51733333333334,9
1,2019-05-06 09:30:00-04:00,2021-05-06 09:30:00-04:00,2021-08-06 09:30:00-04:00,15.0,1.5,15,110,40,70,0.36363636363636365,-0.17703030303030307,-19.473333333333336,0.7251340924061354,-22.762000000000008,9
1,2019-05-06 09:30:00-04:00,2021-05-06 09:30:00-04:00,2021-08-06 09:30:00-04:00,15.0,1.5,20,109,40,69,0.3669724770642202,-0.18653822629969424,-20.33266666666667,0.717429169677766,-24.588000000000015,9
1,2019-05-06 09:30:00-04:00,2021-05-06 09:30:00-04:00,2021-08-06 09:30:00-04:00,15.0,1.75,10,113,37,76,0.3274336283185841,-0.23078466076696166,-26.078666666666667,0.6314351398206077,-26.417333333333353,9
1,2019-05-06 09:30:00-04:00,2021-05-06 09:30:00-04:00,2021-08-06 09:30:00-04:00,15.0,1.75,15,107,35,72,0.32710280373831774,-0.23786292834890965,-25.451333333333334,0.6500476661900046,-28.13600000000002,9
1,2019-05-06 09:30:00-04:00,2021-05-06 09:30:00-04:00,2021-08-06 09:30:00-04:00,15.0,1.75,20,104,33,71,0.3173076923076923,-0.2557307692307692,-26.596,0.6386609423400904,-29.138000000000023,9
1,2019-05-06 09:30:00-04:00,2021-05-06 09:30:00-04:00,2021-08-06 09:30:00-04:00,20.0,1.0,10,116,48,68,0.41379310344827586,-0.13082327586206893,-15.175499999999996,0.7175941864468285,-15.970000000000008,8
1,2019-05-06 09:30:00-04:00,2021-05-06 09:30:00-04:00,2021-08-06 09:30:00-04:00,20.0,1.0,15,108,48,60,0.4444444444444444,-0.1419583333333333,-15.331499999999995,0.7299841493483619,-17.629500000000007,8
1,2019-05-06 09:30:00-04:00,2021-05-06 09:30:00-04:00,2021-08-06 09:30:00-04:00,20.0,1.0,20,106,46,60,0.4339622641509434,-0.1780235849056603,-18.870499999999993,0.6841360840272834,-19.567500000000006,8
1,2019-05-06 09:30:00-04:00,2021-05-06 09:30:00-04:00,2021-08-06 09:30:00-04:00,20.0,1.3,10,109,40,69,0.3669724770642202,-0.17820642201834855,-19.42449999999999,0.6458097808249151,-20.410499999999995,8
1,2019-05-06 09:30:00-04:00,2021-05-06 09:30:00-04:00,2021-08-06 09:30:00-04:00,20.0,1.3,15,101,39,62,0.38613861386138615,-0.200549504950495,-20.255499999999994,0.6486683375684044,-21.643999999999995,8
1,2019-05-06 09:30:00-04:00,2021-05-06 09:30:00-04:00,2021-08-06 09:30:00-04:00,20.0,1.3,20,97,35,62,0.36082474226804123,-0.23230412371134018,-22.533499999999997,0.6273360235504248,-22.652499999999993,8
1,2019-05-06 09:30:00-04:00,2021-05-06 09:30:00-04:00,2021-08-06 09:30:00-04:00,20.0,1.5,10,109,38,71,0.3486238532110092,-0.18394036697247695,-20.049499999999988,0.6419923932646463,-21.415999999999997,8
1,2019-05-06 09:30:00-04:00,2021-05-06 09:30:00-04:00,2021-08-06 09:30:00-04:00,20.0,1.5,15,101,36,65,0.3564356435643564,-0.21156435643564345,-21.367999999999988,0.6384891934187709,-24.51749999999999,8
1,2019-05-06 09:30:00-04:00,2021-05-06 09:30:00-04:00,2021-08-06 09:30:00-04:00,20.0,1.5,20,97,33,64,0.3402061855670103,-0.2378453608247422,-23.070999999999994,0.6294678348015322,-24.650999999999993,8
1,2019-05-06 09:30:00-04:00,2021-05-06 09:30:00-04:00,2021-08-06 09:30:00-04:00,20.0,1.75,10,106,37,69,0.3490566037735849,-0.16057075471698104,-17.02049999999999,0.6783547820171211,-18.985500000000005,8
1,2019-05-06 09:30:00-04:00,2021-05-06 09:30:00-04:00,2021-08-06 09:30:00-04:00,20.0,1.75,15,97,34,63,0.35051546391752575,-0.19828350515463913,-19.233499999999996,0.6600894245723172,-22.618999999999993,8
1,2019-05-06 09:30:00-04:00,2021-05-06 09:30:00-04:00,2021-08-06 09:30:00-04:00,20.0,1.75,20,93,32,61,0.34408602150537637,-0.18977419354838704,-17.648999999999994,0.7029313000227232,-21.84,8
1,2019-05-06 09:30:00-04:00,2021-05-06 09:30:00-04:00,2021-08-06 09:30:00-04:00,25.0,1.0,10,107,43,64,0.40186915887850466,-0.10393271028037379,-11.120799999999996,0.7354810473435835,-13.053599999999996,8
1,2019-05-06 09:30:00-04:00,2021-05-06 09:30:00-04:00,2021-08-06 09:30:00-04:00,25.0,1.0,15,96,41,55,0.4270833333333333,-0.15908749999999997,-15.272399999999998,0.6730518924473367,-16.90599999999999,7
1,2019-05-06 09:30:00-04:00,2021-05-06 09:30:00-04:00,2021-08-06 09:30:00-04:00,25.0,1.0,20,93,39,54,0.41935483870967744,-0.16891612903225803,-15.709199999999996,0.67554773470804,-16.14719999999999,7
1,2019-05-06 09:30:00-04:00,2021-05-06 09:30:00-04:00,2021-08-06 09:30:00-04:00,25.0,1.3,10,104,39,65,0.375,-0.11863076923076922,-12.337599999999998,0.7057291418213044,-16.113999999999997,8
1,2019-05-06 09:30:00-04:00,2021-05-06 09:30:00-04:00,2021-08-06 09:30:00-04:00,25.0,1.3,15,93,36,57,0.3870967741935484,-0.1731096774193548,-16.099199999999996,0.6598578515469843,-19.146399999999996,7
1,2019-05-06 09:30:00-04:00,2021-05-06 09:30:00-04:00,2021-08-06 09:30:00-04:00,25.0,1.3,20,89,33,56,0.3707865168539326,-0.17541123595505617,-15.6116,0.682474210029614,-17.93599999999999,7
1,2019-05-06 09:30:00-04:00,2021-05-06 09:30:00-04:00,2021-08-06 09:30:00-04:00,25.0,1.5,10,104,37,67,0.3557692307692308,-0.14718846153846152,-15.307599999999997,0.63592168353756,-16.423999999999996,8
1,2019-05-06 09:30:00-04:00,2021-05-06 09:30:00-04:00,2021-08-06 09:30:00-04:00,25.0,1.5,15,92,34,58,0.3695652173913043,-0.19353043478260865,-17.804799999999997,0.6149081219503754,-19.672399999999985,7
1,2019-05-06 09:30:00-04:00,2021-05-06 09:30:00-04:00,2021-08-06 09:30:00-04:00,25.0,1.5,20,88,31,57,0.3522727272727273,-0.2037181818181818,-17.9272,0.6390797007497363,-20.34159999999999,7
1,2019-05-06 09:30:00-04:00,2021-05-06 09:30:00-04:00,2021-08-06 09:30:00-04:00,25.0,1.75,10,104,38,66,0.36538461538461536,-0.13988076923076923,-14.5476,0.650972639418048,-16.163999999999994,8
1,2019-05-06 09:30:00-04:00,2021-05-06 09:30:00-04:00,2021-08-06 09:30:00-04:00,25.0,1.75,15,91,33,58,0.3626373626373626,-0.20187252747252743,-18.370399999999997,0.6026750181679759,-20.207599999999992,7
1,2019-05-06 09:30:00-04:00,2021-05-06 09:30:00-04:00,2021-08-06 09:30:00-04:00,25.0,1.75,20,86,28,58,0.32558139534883723,-0.2335860465116278,-20.08839999999999,0.5958491264495465,-23.557199999999984,7
2,2019-08-06 09:30:00-04:00,2021-08-06 09:30:00-04:00,2021-11-06 09:30:00-04:00,15.0,1.0,10,19,7,12,0.3684210526315789,-0.33715789473684216,-6.406000000000001,0.5029484792054625,-9.184,5
2,2019-08-06 09:30:00-04:00,2021-08-06 09:30:00-04:00,2021-11-06 09:30:00-04:00,15.0,1.0,15,19,7,12,0.3684210526315789,-0.33715789473684216,-6.406000000000001,0.5029484792054625,-9.184,5
2,2019-08-06 09:30:00-04:00,2021-08-06 09:30:00-04:00,2021-11-06 09:30:00-04:00,15.0,1.0,20,19,7,12,0.3684210526315789,-0.33715789473684216,-6.406000000000001,0.5029484792054625,-9.184,5
2,2019-08-06 09:30:00-04:00,2021-08-06 09:30:00-04:00,2021-11-06 09:30:00-04:00,15.0,1.3,10,19,7,12,0.3684210526315789,-0.22663157894736846,-4.306000000000001,0.6658907510862819,-8.44,5
2,2019-08-06 09:30:00-04:00,2021-08-06 09:30:00-04:00,2021-11-06 09:30:00-04:00,15.0,1.3,15,19,7,12,0.3684210526315789,-0.22663157894736846,-4.306000000000001,0.6658907510862819,-8.44,5
2,2019-08-06 09:30:00-04:00,2021-08-06 09:30:00-04:00,2021-11-06 09:30:00-04:00,15.0,1.3,20,19,7,12,0.3684210526315789,-0.22663157894736846,-4.306000000000001,0.6658907510862819,-8.44,5
2,2019-08-06 09:30:00-04:00,2021-08-06 09:30:00-04:00,2021-11-06 09:30:00-04:00,15.0,1.5,10,18,7,11,0.3888888888888889,-0.15640740740740744,-2.815333333333334,0.7616951639298009,-8.24,5
2,2019-08-06 09:30:00-04:00,2021-08-06 09:30:00-04:00,2021-11-06 09:30:00-04:00,15.0,1.5,15,18,6,12,0.3333333333333333,-0.2406666666666667,-4.332000000000001,0.6638733705772811,-8.962,5
2,2019-08-06 09:30:00-04:00,2021-08-06 09:30:00-04:00,2021-11-06 09:30:00-04:00,15.0,1.5,20,18,6,12,0.3333333333333333,-0.2406666666666667,-4.332000000000001,0.6638733705772811,-8.962,5
2,2019-08-06 09:30:00-04:00,2021-08-06 09:30:00-04:00,2021-11-06 09:30:00-04:00,15.0,1.75,10,18,7,11,0.3888888888888889,-0.07307407407407412,-1.3153333333333344,0.8886631679927769,-7.99,5
2,2019-08-06 09:30:00-04:00,2021-08-06 09:30:00-04:00,2021-11-06 09:30:00-04:00,15.0,1.75,15,18,6,12,0.3333333333333333,-0.15733333333333338,-2.8320000000000007,0.7802607076350092,-8.462,5
2,2019-08-06 09:30:00-04:00,2021-08-06 09:30:00-04:00,2021-11-06 09:30:00-04:00,15.0,1.75,20,18,6,12,0.3333333333333333,-0.15733333333333338,-2.8320000000000007,0.7802607076350092,-8.462,5
2,2019-08-06 09:30:00-04:00,2021-08-06 09:30:00-04:00,2021-11-06 09:30:00-04:00,20.0,1.0,10,17,9,8,0.5294117647058824,0.003323529411764777,0.056500000000001216,1.0066911416390338,-3.388499999999999,3
2,2019-08-06 09:30:00-04:00,2021-08-06 09:30:00-04:00,2021-11-06 09:30:00-04:00,20.0,1.0,15,17,9,8,0.5294117647058824,0.003323529411764777,0.056500000000001216,1.0066911416390338,-3.388499999999999,3
2,2019-08-06 09:30:00-04:00,2021-08-06 09:30:00-04:00,2021-11-06 09:30:00-04:00,20.0,1.0,20,17,9,8,0.5294117647058824,0.003323529411764777,0.056500000000001216,1.0066911416390338,-3.388499999999999,3
2,2019-08-06 09:30:00-04:00,2021-08-06 09:30:00-04:00,2021-11-06 09:30:00-04:00,20.0,1.3,10,16,9,7,0.5625,0.18121875000000004,2.8995000000000006,1.3924341882655478,-3.1664999999999996,3
2,2019-08-06 09:30:00-04:00,2021-08-06 09:30:00-04:00,2021-11-06 09:30:00-04:00,20.0,1.3,15,16,8,8,0.5,0.09450000000000003,1.5120000000000005,1.179062055897679,-3.1664999999999996,3
2,2019-08-06 09:30:00-04:00,2021-08-06 09:30:00-04:00,2021-11-06 09:30:00-04:00,20.0,1.3,20,16,8,8,0.5,0.09450000000000003,1.5120000000000005,1.179062055897679,-3.1664999999999996,3
2,2019-08-06 09:30:00-04:00,2021-08-06 09:30:00-04:00,2021-11-06 09:30:00-04:00,20.0,1.5,10,16,8,8,0.5,0.04528125000000011,0.7245000000000018,1.0922166359065746,-3.761999999999999,3
2,2019-08-06 09:30:00-04:00,2021-08-06 09:30:00-04:00,2021-11-06 09:30:00-04:00,20.0,1.5,15,16,7,9,0.4375,-0.014874999999999888,-0.2379999999999982,0.9722027563653353,-4.124499999999999,4
2,2019-08-06 09:30:00-04:00,2021-08-06 09:30:00-04:00,2021-11-06 09:30:00-04:00,20.0,1.5,20,16,6,10,0.375,-0.039093749999999886,-0.6254999999999982,0.9326876513317193,-4.292499999999999,4
2,2019-08-06 09:30:00-04:00,2021-08-06 09:30:00-04:00,2021-11-06 09:30:00-04:00,20.0,1.75,10,16,8,8,0.5,0.12340625000000013,1.9745000000000021,1.251320562591485,-3.511999999999999,3
2,2019-08-06 09:30:00-04:00,2021-08-06 09:30:00-04:00,2021-11-06 09:30:00-04:00,20.0,1.75,15,16,7,9,0.4375,0.06325000000000011,1.0120000000000018,1.1181966830179866,-3.874499999999999,4
2,2019-08-06 09:30:00-04:00,2021-08-06 09:30:00-04:00,2021-11-06 09:30:00-04:00,20.0,1.75,20,16,6,10,0.375,0.05465625000000013,0.874500000000002,1.0941081517352704,-3.792499999999999,4
2,2019-08-06 09:30:00-04:00,2021-08-06 09:30:00-04:00,2021-11-06 09:30:00-04:00,25.0,1.0,10,16,9,7,0.5625,0.08685000000000001,1.3896000000000002,1.2131026867868975,-2.5208,3
2,2019-08-06 09:30:00-04:00,2021-08-06 09:30:00-04:00,2021-11-06 09:30:00-04:00,25.0,1.0,15,16,9,7,0.5625,0.02935,0.4696,1.0642337363899985,-3.3108,3
2,2019-08-06 09:30:00-04:00,2021-08-06 09:30:00-04:00,2021-11-06 09:30:00-04:00,25.0,1.0,20,15,9,6,0.6,0.15560000000000002,2.334,1.3724626579854464,-3.3108,3
2,2019-08-06 09:30:00-04:00,2021-08-06 09:30:00-04:00,2021-11-06 09:30:00-04:00,25.0,1.3,10,16,8,8,0.5,0.029350000000000036,0.4696000000000006,1.0681053486483352,-3.1196,3
2,2019-08-06 09:30:00-04:00,2021-08-06 09:30:00-04:00,2021-11-06 09:30:00-04:00,25.0,1.3,15,16,8,8,0.5,-0.0068999999999999895,-0.11039999999999983,0.9850915572840707,-3.2276,4
2,2019-08-06 09:30:00-04:00,2021-08-06 09:30:00-04:00,2021-11-06 09:30:00-04:00,25.0,1.3,20,15,7,8,0.4666666666666667,0.12293333333333335,1.8440000000000003,1.2655071128261246,-3.2176,4
2,2019-08-06 09:30:00-04:00,2021-08-06 09:30:00-04:00,2021-11-06 09:30:00-04:00,25.0,1.5,10,16,7,9,0.4375,-0.070025,-1.1204,0.8588845785681897,-4.2296,4
2,2019-08-06 09:30:00-04:00,2021-08-06 09:30:00-04:00,2021-11-06 09:30:00-04:00,25.0,1.5,15,16,6,10,0.375,-0.1269,-2.0304,0.7675291962445615,-4.308400000000001,4
2,2019-08-06 09:30:00-04:00,2021-08-06 09:30:00-04:00,2021-11-06 09:30:00-04:00,25.0,1.5,20,16,5,11,0.3125,-0.11252499999999999,-1.8003999999999998,0.8016831159675714,-4.0784,4
2,2019-08-06 09:30:00-04:00,2021-08-06 09:30:00-04:00,2021-11-06 09:30:00-04:00,25.0,1.75,10,16,7,9,0.4375,-0.040025000000000005,-0.6404000000000001,0.9193410247367625,-3.9796,4
2,2019-08-06 09:30:00-04:00,2021-08-06 09:30:00-04:00,2021-11-06 09:30:00-04:00,25.0,1.75,15,16,6,10,0.375,-0.06439999999999999,-1.0303999999999998,0.882024272956263,-4.0584,4
2,2019-08-06 09:30:00-04:00,2021-08-06 09:30:00-04:00,2021-11-06 09:30:00-04:00,25.0,1.75,20,16,5,11,0.3125,-0.034399999999999986,-0.5503999999999998,0.9393725766654918,-3.6008,4
3,2019-11-06 09:30:00-05:00,2021-11-06 09:30:00-04:00,2022-02-06 09:30:00-05:00,15.0,1.0,10,141,65,76,0.46099290780141844,-0.10886997635933804,-15.350666666666664,0.7840185346727827,-17.60133333333332,5
3,2019-11-06 09:30:00-05:00,2021-11-06 09:30:00-04:00,2022-02-06 09:30:00-05:00,15.0,1.0,15,141,66,75,0.46808510638297873,-0.13558392434988178,-19.11733333333333,0.7535367425870221,-19.9826666666667,5
3,2019-11-06 09:30:00-05:00,2021-11-06 09:30:00-04:00,2022-02-06 09:30:00-05:00,15.0,1.0,20,140,65,75,0.4642857142857143,-0.1447142857142857,-20.259999999999998,0.7441919191919192,-20.742000000000054,5
3,2019-11-06 09:30:00-05:00,2021-11-06 09:30:00-04:00,2022-02-06 09:30:00-05:00,15.0,1.3,10,128,51,77,0.3984375,-0.13689062500000004,-17.522000000000006,0.753146367119994,-21.20533333333335,8
3,2019-11-06 09:30:00-05:00,2021-11-06 09:30:00-04:00,2022-02-06 09:30:00-05:00,15.0,1.3,15,126,52,74,0.4126984126984127,-0.1491322751322752,-18.790666666666674,0.7510928213777939,-21.423333333333368,6
3,2019-11-06 09:30:00-05:00,2021-11-06 09:30:00-04:00,2022-02-06 09:30:00-05:00,15.0,1.3,20,125,49,76,0.392,-0.16680000000000003,-20.850000000000005,0.7348137973137974,-23.22333333333334,11
3,2019-11-06 09:30:00-05:00,2021-11-06 09:30:00-04:00,2022-02-06 09:30:00-05:00,15.0,1.5,10,123,46,77,0.37398373983739835,-0.14988075880758808,-18.435333333333332,0.739053712301363,-20.793333333333347,8
3,2019-11-06 09:30:00-05:00,2021-11-06 09:30:00-04:00,2022-02-06 09:30:00-05:00,15.0,1.5,15,121,46,75,0.38016528925619836,-0.16587327823691464,-20.07066666666667,0.7368356643356644,-21.862000000000016,6
3,2019-11-06 09:30:00-05:00,2021-11-06 09:30:00-04:00,2022-02-06 09:30:00-05:00,15.0,1.5,20,121,43,78,0.35537190082644626,-0.18019834710743807,-21.804000000000006,0.727524930644073,-23.21200000000004,10
3,2019-11-06 09:30:00-05:00,2021-11-06 09:30:00-04:00,2022-02-06 09:30:00-05:00,15.0,1.75,10,118,42,76,0.3559322033898305,-0.14928248587570633,-17.615333333333346,0.7435556504522692,-19.588666666666672,8
3,2019-11-06 09:30:00-05:00,2021-11-06 09:30:00-04:00,2022-02-06 09:30:00-05:00,15.0,1.75,15,116,43,73,0.3706896551724138,-0.15848275862068972,-18.384000000000007,0.7496004649135551,-20.36466666666668,7
3,2019-11-06 09:30:00-05:00,2021-11-06 09:30:00-04:00,2022-02-06 09:30:00-05:00,15.0,1.75,20,115,40,75,0.34782608695652173,-0.16226086956521746,-18.660000000000007,0.75703125,-24.398000000000017,10
3,2019-11-06 09:30:00-05:00,2021-11-06 09:30:00-04:00,2022-02-06 09:30:00-05:00,20.0,1.0,10,125,53,72,0.424,-0.1376999999999999,-17.212499999999988,0.6992583015192151,-19.013000000000005,6
3,2019-11-06 09:30:00-05:00,2021-11-06 09:30:00-04:00,2022-02-06 09:30:00-05:00,20.0,1.0,15,123,53,70,0.43089430894308944,-0.18751219512195114,-23.06399999999999,0.6479316134941229,-24.30199999999997,5
3,2019-11-06 09:30:00-05:00,2021-11-06 09:30:00-04:00,2022-02-06 09:30:00-05:00,20.0,1.0,20,121,50,71,0.4132231404958678,-0.19599586776859498,-23.71549999999999,0.6523444085288533,-24.98949999999996,5
3,2019-11-06 09:30:00-05:00,2021-11-06 09:30:00-04:00,2022-02-06 09:30:00-05:00,20.0,1.3,10,115,44,71,0.3826086956521739,-0.14180434782608695,-16.307499999999997,0.7032464105690317,-16.496499999999997,6
3,2019-11-06 09:30:00-05:00,2021-11-06 09:30:00-04:00,2022-02-06 09:30:00-05:00,20.0,1.3,15,113,46,67,0.40707964601769914,-0.1753008849557522,-19.808999999999997,0.68327643959804,-19.99799999999999,5
3,2019-11-06 09:30:00-05:00,2021-11-06 09:30:00-04:00,2022-02-06 09:30:00-05:00,20.0,1.3,20,110,44,66,0.4,-0.14799999999999994,-16.279999999999994,0.7413327401569798,-18.464000000000006,5
3,2019-11-06 09:30:00-05:00,2021-11-06 09:30:00-04:00,2022-02-06 09:30:00-05:00,20.0,1.5,10,115,45,70,0.391304347826087,-0.0982173913043478,-11.294999999999996,0.7904355489586713,-13.608500000000008,6
3,2019-11-06 09:30:00-05:00,2021-11-06 09:30:00-04:00,2022-02-06 09:30:00-05:00,20.0,1.5,15,111,46,65,0.4144144144144144,-0.13568018018018008,-15.060499999999989,0.749284168470118,-17.283000000000012,6
3,2019-11-06 09:30:00-05:00,2021-11-06 09:30:00-04:00,2022-02-06 09:30:00-05:00,20.0,1.5,20,109,43,66,0.3944954128440367,-0.13187614678899076,-14.374499999999992,0.7685284337485203,-17.794500000000014,6
3,2019-11-06 09:30:00-05:00,2021-11-06 09:30:00-04:00,2022-02-06 09:30:00-05:00,20.0,1.75,10,113,43,70,0.3805309734513274,-0.10561061946902647,-11.933999999999992,0.7750848096494533,-12.613000000000005,6
3,2019-11-06 09:30:00-05:00,2021-11-06 09:30:00-04:00,2022-02-06 09:30:00-05:00,20.0,1.75,15,107,42,65,0.3925233644859813,-0.1382102803738317,-14.788499999999994,0.7468047767838034,-15.427500000000018,5
3,2019-11-06 09:30:00-05:00,2021-11-06 09:30:00-04:00,2022-02-06 09:30:00-05:00,20.0,1.75,20,104,39,65,0.375,-0.16523557692307686,-17.184499999999993,0.7184945531984599,-18.515500000000003,6
3,2019-11-06 09:30:00-05:00,2021-11-06 09:30:00-04:00,2022-02-06 09:30:00-05:00,25.0,1.0,10,117,48,69,0.41025641025641024,-0.12798974358974358,-14.974799999999998,0.6743447663949754,-15.594399999999988,6
3,2019-11-06 09:30:00-05:00,2021-11-06 09:30:00-04:00,2022-02-06 09:30:00-05:00,25.0,1.0,15,113,54,59,0.4778761061946903,-0.09501946902654865,-10.737199999999998,0.7758394642126445,-13.09119999999999,5
3,2019-11-06 09:30:00-05:00,2021-11-06 09:30:00-04:00,2022-02-06 09:30:00-05:00,25.0,1.0,20,110,50,60,0.45454545454545453,-0.09376363636363633,-10.313999999999997,0.7982946767317242,-14.626799999999989,5
3,2019-11-06 09:30:00-05:00,2021-11-06 09:30:00-04:00,2022-02-06 09:30:00-05:00,25.0,1.3,10,112,45,67,0.4017857142857143,-0.09654285714285714,-10.8128,0.7515715178472961,-12.020399999999999,6
3,2019-11-06 09:30:00-05:00,2021-11-06 09:30:00-04:00,2022-02-06 09:30:00-05:00,25.0,1.3,15,106,50,56,0.4716981132075472,-0.0588339622641509,-6.236399999999995,0.8610935397938365,-10.086799999999998,5
3,2019-11-06 09:30:00-05:00,2021-11-06 09:30:00-04:00,2022-02-06 09:30:00-05:00,25.0,1.3,20,103,45,58,0.4368932038834951,-0.06993398058252423,-7.203199999999996,0.8534600611939328,-13.043599999999998,6
3,2019-11-06 09:30:00-05:00,2021-11-06 09:30:00-04:00,2022-02-06 09:30:00-05:00,25.0,1.5,10,110,43,67,0.39090909090909093,-0.09512727272727271,-10.463999999999999,0.755826651856968,-11.956,6
3,2019-11-06 09:30:00-05:00,2021-11-06 09:30:00-04:00,2022-02-06 09:30:00-05:00,25.0,1.5,15,103,48,55,0.46601941747572817,-0.06682718446601939,-6.883199999999997,0.843035665420049,-9.432799999999993,5
3,2019-11-06 09:30:00-05:00,2021-11-06 09:30:00-04:00,2022-02-06 09:30:00-05:00,25.0,1.5,20,99,41,58,0.41414141414141414,-0.11874343434343432,-11.755599999999998,0.7518617335652408,-13.390399999999987,6
3,2019-11-06 09:30:00-05:00,2021-11-06 09:30:00-04:00,2022-02-06 09:30:00-05:00,25.0,1.75,10,107,40,67,0.37383177570093457,-0.11449345794392524,-12.2508,0.7141323725697003,-13.637199999999993,6
3,2019-11-06 09:30:00-05:00,2021-11-06 09:30:00-04:00,2022-02-06 09:30:00-05:00,25.0,1.75,15,99,46,53,0.46464646464646464,-0.04682424242424241,-4.635599999999998,0.8909609250773873,-7.642800000000001,5
3,2019-11-06 09:30:00-05:00,2021-11-06 09:30:00-04:00,2022-02-06 09:30:00-05:00,25.0,1.75,20,94,39,55,0.4148936170212766,-0.09248510638297866,-8.693599999999995,0.8034989376610456,-11.490799999999993,6
4,2020-02-06 09:30:00-05:00,2022-02-06 09:30:00-05:00,2022-05-06 09:30:00-04:00,15.0,1.0,10,247,116,131,0.46963562753036436,-0.13412145748987855,-33.128,0.7622858673657322,-39.57600000000012,8
4,2020-02-06 09:30:00-05:00,2022-02-06 09:30:00-05:00,2022-05-06 09:30:00-04:00,15.0,1.0,15,245,115,130,0.46938775510204084,-0.13114285714285712,-32.129999999999995,0.768215264752561,-38.57800000000011,8
4,2020-02-06 09:30:00-05:00,2022-02-06 09:30:00-05:00,2022-05-06 09:30:00-04:00,15.0,1.0,20,244,116,128,0.47540983606557374,-0.1252295081967213,-30.555999999999997,0.7777292830540038,-37.00400000000012,7
4,2020-02-06 09:30:00-05:00,2022-02-06 09:30:00-05:00,2022-05-06 09:30:00-04:00,15.0,1.3,10,233,100,133,0.4291845493562232,-0.0891645207439199,-20.775333333333336,0.8523696278329417,-29.02333333333335,8
4,2020-02-06 09:30:00-05:00,2022-02-06 09:30:00-05:00,2022-05-06 09:30:00-04:00,15.0,1.3,15,232,100,132,0.43103448275862066,-0.08362643678160919,-19.401333333333334,0.8621751155565657,-27.649333333333345,8
4,2020-02-06 09:30:00-05:00,2022-02-06 09:30:00-05:00,2022-05-06 09:30:00-04:00,15.0,1.3,20,231,101,130,0.43722943722943725,-0.07183549783549784,-16.594,0.8811488325454804,-24.842000000000017,7
4,2020-02-06 09:30:00-05:00,2022-02-06 09:30:00-05:00,2022-05-06 09:30:00-04:00,15.0,1.5,10,220,90,130,0.4090909090909091,-0.0564242424242424,-12.413333333333327,0.9097234006448329,-24.083333333333318,8
4,2020-02-06 09:30:00-05:00,2022-02-06 09:30:00-05:00,2022-05-06 09:30:00-04:00,15.0,1.5,15,219,90,129,0.410958904109589,-0.0494946727549467,-10.839333333333327,0.9211948487536292,-22.509333333333313,8
4,2020-02-06 09:30:00-05:00,2022-02-06 09:30:00-05:00,2022-05-06 09:30:00-04:00,15.0,1.5,20,217,90,127,0.4147465437788018,-0.041741935483870965,-9.058,0.933183179491214,-20.727999999999977,7
4,2020-02-06 09:30:00-05:00,2022-02-06 09:30:00-05:00,2022-05-06 09:30:00-04:00,15.0,1.75,10,211,77,134,0.36492890995260663,-0.08213586097946289,-17.33066666666667,0.8779381520749012,-27.22266666666671,8
4,2020-02-06 09:30:00-05:00,2022-02-06 09:30:00-05:00,2022-05-06 09:30:00-04:00,15.0,1.75,15,210,76,134,0.3619047619047619,-0.08519047619047618,-17.889999999999997,0.8740134930210942,-27.782000000000064,8
4,2020-02-06 09:30:00-05:00,2022-02-06 09:30:00-05:00,2022-05-06 09:30:00-04:00,15.0,1.75,20,208,76,132,0.36538461538461536,-0.07640384615384616,-15.892,0.8872385313289373,-25.78400000000005,7
4,2020-02-06 09:30:00-05:00,2022-02-06 09:30:00-05:00,2022-05-06 09:30:00-04:00,20.0,1.0,10,214,106,108,0.4953271028037383,-0.055383177570093436,-11.851999999999995,0.8916452965080932,-15.574000000000018,6
4,2020-02-06 09:30:00-05:00,2022-02-06 09:30:00-05:00,2022-05-06 09:30:00-04:00,20.0,1.0,15,212,107,105,0.5047169811320755,-0.04400235849056599,-9.32849999999999,0.9147420371978247,-12.831500000000002,5
4,2020-02-06 09:30:00-05:00,2022-02-06 09:30:00-05:00,2022-05-06 09:30:00-04:00,20.0,1.0,20,211,108,103,0.5118483412322274,-0.0318625592417061,-6.7229999999999865,0.9378098867756977,-12.831500000000002,5
4,2020-02-06 09:30:00-05:00,2022-02-06 09:30:00-05:00,2022-05-06 09:30:00-04:00,20.0,1.3,10,196,86,110,0.4387755102040816,-0.04408418367346935,-8.640499999999992,0.9223796797448741,-16.264499999999995,6
4,2020-02-06 09:30:00-05:00,2022-02-06 09:30:00-05:00,2022-05-06 09:30:00-04:00,20.0,1.3,15,195,87,108,0.4461538461538462,-0.03197435897435894,-6.234999999999994,0.9446178990331452,-13.858999999999998,6
4,2020-02-06 09:30:00-05:00,2022-02-06 09:30:00-05:00,2022-05-06 09:30:00-04:00,20.0,1.3,20,192,86,106,0.4479166666666667,-0.026528645833333295,-5.093499999999993,0.9538613439859416,-13.265,6
4,2020-02-06 09:30:00-05:00,2022-02-06 09:30:00-05:00,2022-05-06 09:30:00-04:00,20.0,1.5,10,185,75,110,0.40540540540540543,-0.06691891891891882,-12.379999999999983,0.8884609320449582,-21.27000000000002,6
4,2020-02-06 09:30:00-05:00,2022-02-06 09:30:00-05:00,2022-05-06 09:30:00-04:00,20.0,1.5,15,182,74,108,0.4065934065934066,-0.04801373626373619,-8.738499999999986,0.9220083181607226,-17.628500000000017,10
4,2020-02-06 09:30:00-05:00,2022-02-06 09:30:00-05:00,2022-05-06 09:30:00-04:00,20.0,1.5,20,179,73,106,0.40782122905027934,-0.04362849162011166,-7.8094999999999875,0.9292588918932383,-17.024000000000008,10
4,2020-02-06 09:30:00-05:00,2022-02-06 09:30:00-05:00,2022-05-06 09:30:00-04:00,20.0,1.75,10,177,66,111,0.3728813559322034,-0.07315536723163835,-12.948499999999987,0.8830418072359895,-21.514500000000012,7
4,2020-02-06 09:30:00-05:00,2022-02-06 09:30:00-05:00,2022-05-06 09:30:00-04:00,20.0,1.75,15,172,62,110,0.36046511627906974,-0.0893662790697674,-15.370999999999992,0.8630096698008114,-23.261500000000012,11
4,2020-02-06 09:30:00-05:00,2022-02-06 09:30:00-05:00,2022-05-06 09:30:00-04:00,20.0,1.75,20,168,61,107,0.3630952380952381,-0.07447321428571423,-12.51149999999999,0.8877399036347814,-21.041000000000018,11
4,2020-02-06 09:30:00-05:00,2022-02-06 09:30:00-05:00,2022-05-06 09:30:00-04:00,25.0,1.0,10,185,93,92,0.5027027027027027,-0.0019135135135134817,-0.3539999999999941,0.995792966410284,-11.733599999999996,5
4,2020-02-06 09:30:00-05:00,2022-02-06 09:30:00-05:00,2022-05-06 09:30:00-04:00,25.0,1.0,15,184,96,88,0.5217391304347826,-0.006084782608695624,-1.1195999999999948,0.9875096500113796,-12.909199999999995,5
4,2020-02-06 09:30:00-05:00,2022-02-06 09:30:00-05:00,2022-05-06 09:30:00-04:00,25.0,1.0,20,180,92,88,0.5111111111111111,-0.00995555555555554,-1.7919999999999972,0.9797461944998266,-12.909199999999995,5
4,2020-02-06 09:30:00-05:00,2022-02-06 09:30:00-05:00,2022-05-06 09:30:00-04:00,25.0,1.3,10,167,73,94,0.437125748502994,-0.03026826347305385,-5.054799999999993,0.9405762276696499,-12.789599999999995,6
4,2020-02-06 09:30:00-05:00,2022-02-06 09:30:00-05:00,2022-05-06 09:30:00-04:00,25.0,1.3,15,165,73,92,0.44242424242424244,-0.05179393939393935,-8.545999999999992,0.9056157835679137,-15.205199999999992,10
4,2020-02-06 09:30:00-05:00,2022-02-06 09:30:00-05:00,2022-05-06 09:30:00-04:00,25.0,1.3,20,160,69,91,0.43125,-0.04233749999999993,-6.7739999999999885,0.9246667052192833,-13.655199999999994,10
4,2020-02-06 09:30:00-05:00,2022-02-06 09:30:00-05:00,2022-05-06 09:30:00-04:00,25.0,1.5,10,160,69,91,0.43125,-2.499999999996949e-05,-0.003999999999995119,0.9999503478135666,-10.079999999999995,6
4,2020-02-06 09:30:00-05:00,2022-02-06 09:30:00-05:00,2022-05-06 09:30:00-04:00,25.0,1.5,15,156,64,92,0.41025641025641024,-0.05798974358974358,-9.046399999999998,0.8970183778664195,-14.19559999999999,10
4,2020-02-06 09:30:00-05:00,2022-02-06 09:30:00-05:00,2022-05-06 09:30:00-04:00,25.0,1.5,20,151,60,91,0.3973509933774834,-0.06453245033112581,-9.744399999999997,0.8916330443369919,-15.647199999999957,10
4,2020-02-06 09:30:00-05:00,2022-02-06 09:30:00-05:00,2022-05-06 09:30:00-04:00,25.0,1.75,10,156,65,91,0.4166666666666667,-0.018246153846153808,-2.846399999999994,0.9649503019317726,-16.60519999999999,6
4,2020-02-06 09:30:00-05:00,2022-02-06 09:30:00-05:00,2022-05-06 09:30:00-04:00,25.0,1.75,15,152,59,93,0.3881578947368421,-0.07229473684210524,-10.988799999999998,0.8785891378997943,-19.671999999999986,10
4,2020-02-06 09:30:00-05:00,2022-02-06 09:30:00-05:00,2022-05-06 09:30:00-04:00,25.0,1.75,20,146,55,91,0.3767123287671233,-0.040427397260273945,-5.902399999999996,0.9343597225990995,-18.802799999999994,10
5,2020-05-06 09:30:00-04:00,2022-05-06 09:30:00-04:00,2022-08-06 09:30:00-04:00,15.0,1.0,10,392,180,212,0.45918367346938777,-0.14194217687074828,-55.64133333333332,0.7470710523604319,-60.12333333333314,10
5,2020-05-06 09:30:00-04:00,2022-05-06 09:30:00-04:00,2022-08-06 09:30:00-04:00,15.0,1.0,15,390,180,210,0.46153846153846156,-0.14686324786324786,-57.27666666666667,0.7427386513354893,-61.758666666666485,10
5,2020-05-06 09:30:00-04:00,2022-05-06 09:30:00-04:00,2022-08-06 09:30:00-04:00,15.0,1.0,20,390,179,211,0.45897435897435895,-0.14639316239316238,-57.093333333333334,0.7438006886627917,-61.575333333333155,10
5,2020-05-06 09:30:00-04:00,2022-05-06 09:30:00-04:00,2022-08-06 09:30:00-04:00,15.0,1.3,10,362,157,205,0.43370165745856354,-0.069902394106814,-25.304666666666666,0.8798372799797392,-38.03800000000006,10
5,2020-05-06 09:30:00-04:00,2022-05-06 09:30:00-04:00,2022-08-06 09:30:00-04:00,15.0,1.3,15,359,156,203,0.43454038997214484,-0.07553203342618388,-27.116000000000014,0.8739994052192014,-40.06600000000007,10
5,2020-05-06 09:30:00-04:00,2022-05-06 09:30:00-04:00,2022-08-06 09:30:00-04:00,15.0,1.3,20,359,154,205,0.42896935933147634,-0.07757474466109568,-27.849333333333348,0.8713082053572804,-40.799333333333394,10
5,2020-05-06 09:30:00-04:00,2022-05-06 09:30:00-04:00,2022-08-06 09:30:00-04:00,15.0,1.5,10,335,130,205,0.3880597014925373,-0.1059900497512438,-35.506666666666675,0.8306275937733539,-43.3080000000001,10
5,2020-05-06 09:30:00-04:00,2022-05-06 09:30:00-04:00,2022-08-06 09:30:00-04:00,15.0,1.5,15,331,127,204,0.38368580060422963,-0.11820946626384694,-39.12733333333334,0.8183610372649079,-47.50333333333338,10
5,2020-05-06 09:30:00-04:00,2022-05-06 09:30:00-04:00,2022-08-06 09:30:00-04:00,15.0,1.5,20,330,125,205,0.3787878787878788,-0.11905050505050506,-39.28666666666667,0.8179234060959969,-47.66266666666672,10
5,2020-05-06 09:30:00-04:00,2022-05-06 09:30:00-04:00,2022-08-06 09:30:00-04:00,15.0,1.75,10,318,117,201,0.36792452830188677,-0.09166247379454928,-29.14866666666667,0.857014382607444,-40.54866666666675,10
5,2020-05-06 09:30:00-04:00,2022-05-06 09:30:00-04:00,2022-08-06 09:30:00-04:00,15.0,1.75,15,311,110,201,0.3536977491961415,-0.11547909967845663,-35.91400000000001,0.8296224374260716,-48.86400000000003,10
5,2020-05-06 09:30:00-04:00,2022-05-06 09:30:00-04:00,2022-08-06 09:30:00-04:00,15.0,1.75,20,310,108,202,0.34838709677419355,-0.1173870967741936,-36.390000000000015,0.8287916141295139,-49.34000000000003,10
5,2020-05-06 09:30:00-04:00,2022-05-06 09:30:00-04:00,2022-08-06 09:30:00-04:00,20.0,1.0,10,318,156,162,0.49056603773584906,-0.04280345911949681,-13.611499999999985,0.9112120727837265,-23.69900000000002,10
5,2020-05-06 09:30:00-04:00,2022-05-06 09:30:00-04:00,2022-08-06 09:30:00-04:00,20.0,1.0,15,306,155,151,0.5065359477124183,-0.022697712418300587,-6.94549999999998,0.9535201983530807,-20.093999999999994,10
5,2020-05-06 09:30:00-04:00,2022-05-06 09:30:00-04:00,2022-08-06 09:30:00-04:00,20.0,1.0,20,303,154,149,0.5082508250825083,-0.02274422442244219,-6.891499999999984,0.9544460015071191,-19.064999999999994,10
5,2020-05-06 09:30:00-04:00,2022-05-06 09:30:00-04:00,2022-08-06 09:30:00-04:00,20.0,1.3,10,288,125,163,0.4340277777777778,-0.06266145833333331,-18.04649999999999,0.8815430613765328,-25.07249999999998,10
5,2020-05-06 09:30:00-04:00,2022-05-06 09:30:00-04:00,2022-08-06 09:30:00-04:00,20.0,1.3,15,274,117,157,0.42700729927007297,-0.060107664233576615,-16.469499999999993,0.8913628538070327,-23.835499999999996,10
5,2020-05-06 09:30:00-04:00,2022-05-06 09:30:00-04:00,2022-08-06 09:30:00-04:00,20.0,1.3,20,269,115,154,0.4275092936802974,-0.06470074349442376,-17.40449999999999,0.8869264952378475,-25.067999999999987,10
5,2020-05-06 09:30:00-04:00,2022-05-06 09:30:00-04:00,2022-08-06 09:30:00-04:00,20.0,1.5,10,275,109,166,0.39636363636363636,-0.09095454545454536,-25.012499999999974,0.8375816961633242,-32.00799999999993,10
5,2020-05-06 09:30:00-04:00,2022-05-06 09:30:00-04:00,2022-08-06 09:30:00-04:00,20.0,1.5,15,262,101,161,0.38549618320610685,-0.08598664122137396,-22.52849999999998,0.8550037651329383,-29.081999999999994,10
5,2020-05-06 09:30:00-04:00,2022-05-06 09:30:00-04:00,2022-08-06 09:30:00-04:00,20.0,1.5,20,257,101,156,0.39299610894941633,-0.07573346303501938,-19.46349999999998,0.8752603615901765,-26.7045,10
5,2020-05-06 09:30:00-04:00,2022-05-06 09:30:00-04:00,2022-08-06 09:30:00-04:00,20.0,1.75,10,264,102,162,0.38636363636363635,-0.06345454545454537,-16.751999999999978,0.8877426228903997,-28.635999999999996,9
5,2020-05-06 09:30:00-04:00,2022-05-06 09:30:00-04:00,2022-08-06 09:30:00-04:00,20.0,1.75,15,248,89,159,0.3588709677419355,-0.07041935483870959,-17.463999999999977,0.8850859848198219,-28.294999999999987,9
5,2020-05-06 09:30:00-04:00,2022-05-06 09:30:00-04:00,2022-08-06 09:30:00-04:00,20.0,1.75,20,241,89,152,0.36929460580912865,-0.056796680497925245,-13.687999999999985,0.9098352556797598,-25.2065,9
5,2020-05-06 09:30:00-04:00,2022-05-06 09:30:00-04:00,2022-08-06 09:30:00-04:00,25.0,1.0,10,278,135,143,0.4856115107913669,-0.03429208633093524,-9.533199999999995,0.9221138700252941,-19.03479999999997,6
5,2020-05-06 09:30:00-04:00,2022-05-06 09:30:00-04:00,2022-08-06 09:30:00-04:00,25.0,1.0,15,266,131,135,0.4924812030075188,-0.030603007518796965,-8.140399999999993,0.9343907668004579,-18.63599999999998,6
5,2020-05-06 09:30:00-04:00,2022-05-06 09:30:00-04:00,2022-08-06 09:30:00-04:00,25.0,1.0,20,260,128,132,0.49230769230769234,-0.028861538461538425,-7.503999999999991,0.939881814569367,-17.535599999999988,6
5,2020-05-06 09:30:00-04:00,2022-05-06 09:30:00-04:00,2022-08-06 09:30:00-04:00,25.0,1.3,10,258,114,144,0.4418604651162791,-0.030872868217054233,-7.965199999999992,0.9339829064362772,-20.78719999999999,9
5,2020-05-06 09:30:00-04:00,2022-05-06 09:30:00-04:00,2022-08-06 09:30:00-04:00,25.0,1.3,15,241,107,134,0.44398340248962653,-0.02352863070539415,-5.67039999999999,0.9538502607642572,-21.16839999999999,8
5,2020-05-06 09:30:00-04:00,2022-05-06 09:30:00-04:00,2022-08-06 09:30:00-04:00,25.0,1.3,20,235,102,133,0.4340425531914894,-0.03078297872340422,-7.233999999999992,0.9423425778622279,-20.244799999999998,7
5,2020-05-06 09:30:00-04:00,2022-05-06 09:30:00-04:00,2022-08-06 09:30:00-04:00,25.0,1.5,10,247,105,142,0.4251012145748988,-0.025371659919028327,-6.266799999999996,0.9459641232405661,-18.383999999999997,9
5,2020-05-06 09:30:00-04:00,2022-05-06 09:30:00-04:00,2022-08-06 09:30:00-04:00,25.0,1.5,15,226,92,134,0.40707964601769914,-0.05041769911504422,-11.394399999999994,0.9055344239244701,-21.14879999999998,8
5,2020-05-06 09:30:00-04:00,2022-05-06 09:30:00-04:00,2022-08-06 09:30:00-04:00,25.0,1.5,20,219,88,131,0.4018264840182648,-0.05604383561643833,-12.273599999999995,0.9005835258439419,-22.102399999999978,7
5,2020-05-06 09:30:00-04:00,2022-05-06 09:30:00-04:00,2022-08-06 09:30:00-04:00,25.0,1.75,10,239,97,142,0.40585774058577406,-0.04732887029288702,-11.311599999999999,0.9030169383408726,-24.723199999999977,8
5,2020-05-06 09:30:00-04:00,2022-05-06 09:30:00-04:00,2022-08-06 09:30:00-04:00,25.0,1.75,15,216,83,133,0.38425925925925924,-0.06458518518518516,-13.950399999999995,0.8850543648426403,-23.50119999999998,7
5,2020-05-06 09:30:00-04:00,2022-05-06 09:30:00-04:00,2022-08-06 09:30:00-04:00,25.0,1.75,20,205,78,127,0.3804878048780488,-0.04883902439024386,-10.011999999999992,0.9159776701343089,-18.55279999999999,7
6,2020-08-06 09:30:00-04:00,2022-08-06 09:30:00-04:00,2022-11-06 09:30:00-05:00,15.0,1.0,10,217,97,120,0.4470046082949309,-0.14811674347158216,-32.14133333333333,0.7026611983101545,-37.63533333333338,7
6,2020-08-06 09:30:00-04:00,2022-08-06 09:30:00-04:00,2022-11-06 09:30:00-05:00,15.0,1.0,15,201,91,110,0.4527363184079602,-0.13262354892205636,-26.65733333333333,0.7488079907026415,-31.592000000000034,7
6,2020-08-06 09:30:00-04:00,2022-08-06 09:30:00-04:00,2022-11-06 09:30:00-05:00,15.0,1.0,20,198,88,110,0.4444444444444444,-0.16608754208754214,-32.88533333333334,0.7080924342397255,-37.701333333333416,7
6,2020-08-06 09:30:00-04:00,2022-08-06 09:30:00-04:00,2022-11-06 09:30:00-05:00,15.0,1.3,10,203,87,116,0.42857142857142855,-0.12071592775041053,-24.505333333333336,0.7634635555755757,-29.195333333333352,7
6,2020-08-06 09:30:00-04:00,2022-08-06 09:30:00-04:00,2022-11-06 09:30:00-05:00,15.0,1.3,15,185,76,109,0.41081081081081083,-0.10751351351351351,-19.89,0.8059183992089719,-25.413333333333348,10
6,2020-08-06 09:30:00-04:00,2022-08-06 09:30:00-04:00,2022-11-06 09:30:00-05:00,15.0,1.3,20,182,77,105,0.4230769230769231,-0.12079487179487189,-21.984666666666683,0.7983736357800129,-27.874666666666705,10
6,2020-08-06 09:30:00-04:00,2022-08-06 09:30:00-04:00,2022-11-06 09:30:00-05:00,15.0,1.5,10,194,82,112,0.422680412371134,-0.11326116838487972,-21.972666666666665,0.7786233392888329,-26.31466666666667,9
6,2020-08-06 09:30:00-04:00,2022-08-06 09:30:00-04:00,2022-11-06 09:30:00-05:00,15.0,1.5,15,175,69,106,0.3942857142857143,-0.11695238095238095,-20.466666666666665,0.7950477665547331,-24.773333333333362,11
6,2020-08-06 09:30:00-04:00,2022-08-06 09:30:00-04:00,2022-11-06 09:30:00-05:00,15.0,1.5,20,171,66,105,0.38596491228070173,-0.13384405458089668,-22.887333333333334,0.78805408075071,-30.724,11
6,2020-08-06 09:30:00-04:00,2022-08-06 09:30:00-04:00,2022-11-06 09:30:00-05:00,15.0,1.75,10,190,78,112,0.4105263157894737,-0.10207017543859649,-19.393333333333334,0.8010014912916776,-25.052,9
6,2020-08-06 09:30:00-04:00,2022-08-06 09:30:00-04:00,2022-11-06 09:30:00-05:00,15.0,1.75,15,170,63,107,0.37058823529411766,-0.11674509803921566,-19.846666666666664,0.8022610128062064,-26.206000000000014,11
6,2020-08-06 09:30:00-04:00,2022-08-06 09:30:00-04:00,2022-11-06 09:30:00-05:00,15.0,1.75,20,165,61,104,0.3696969696969697,-0.12511111111111117,-20.643333333333345,0.8050909869137466,-30.85,13
6,2020-08-06 09:30:00-04:00,2022-08-06 09:30:00-04:00,2022-11-06 09:30:00-05:00,20.0,1.0,10,196,91,105,0.4642857142857143,-0.09121428571428568,-17.877999999999993,0.7762523074997651,-21.316500000000023,7
6,2020-08-06 09:30:00-04:00,2022-08-06 09:30:00-04:00,2022-11-06 09:30:00-05:00,20.0,1.0,15,174,77,97,0.4425287356321839,-0.10808620689655167,-18.80699999999999,0.7690153645865314,-22.151,9
6,2020-08-06 09:30:00-04:00,2022-08-06 09:30:00-04:00,2022-11-06 09:30:00-05:00,20.0,1.0,20,170,78,92,0.4588235294117647,-0.11858823529411759,-20.15999999999999,0.7698459360568991,-24.826500000000006,8
6,2020-08-06 09:30:00-04:00,2022-08-06 09:30:00-04:00,2022-11-06 09:30:00-05:00,20.0,1.3,10,187,85,102,0.45454545454545453,-0.06325401069518713,-11.828499999999993,0.84111835698503,-16.077999999999996,7
6,2020-08-06 09:30:00-04:00,2022-08-06 09:30:00-04:00,2022-11-06 09:30:00-05:00,20.0,1.3,15,163,68,95,0.4171779141104294,-0.08809202453987727,-14.358999999999995,0.8169603875203161,-17.813999999999993,10
6,2020-08-06 09:30:00-04:00,2022-08-06 09:30:00-04:00,2022-11-06 09:30:00-05:00,20.0,1.3,20,157,68,89,0.43312101910828027,-0.0630636942675159,-9.900999999999996,0.8773710513441378,-17.876,11
6,2020-08-06 09:30:00-04:00,2022-08-06 09:30:00-04:00,2022-11-06 09:30:00-05:00,20.0,1.5,10,185,85,100,0.4594594594594595,-0.0603648648648648,-11.167499999999988,0.8514713216957606,-15.840499999999999,7
6,2020-08-06 09:30:00-04:00,2022-08-06 09:30:00-04:00,2022-11-06 09:30:00-05:00,20.0,1.5,15,162,66,96,0.4074074074074074,-0.08049999999999995,-13.040999999999991,0.8365850907860607,-18.2325,10
6,2020-08-06 09:30:00-04:00,2022-08-06 09:30:00-04:00,2022-11-06 09:30:00-05:00,20.0,1.5,20,154,64,90,0.4155844155844156,-0.07554870129870124,-11.63449999999999,0.8577602542942726,-18.920000000000012,11
6,2020-08-06 09:30:00-04:00,2022-08-06 09:30:00-04:00,2022-11-06 09:30:00-05:00,20.0,1.75,10,182,85,97,0.46703296703296704,-0.03372802197802192,-6.138499999999989,0.9155011975883051,-14.115499999999995,7
6,2020-08-06 09:30:00-04:00,2022-08-06 09:30:00-04:00,2022-11-06 09:30:00-05:00,20.0,1.75,15,157,63,94,0.4012738853503185,-0.0798630573248407,-12.538499999999988,0.8362949133068728,-18.855999999999998,10
6,2020-08-06 09:30:00-04:00,2022-08-06 09:30:00-04:00,2022-11-06 09:30:00-05:00,20.0,1.75,20,146,62,84,0.4246575342465753,-0.041886986301369784,-6.115499999999988,0.919426346682126,-18.088499999999996,10
6,2020-08-06 09:30:00-04:00,2022-08-06 09:30:00-04:00,2022-11-06 09:30:00-05:00,25.0,1.0,10,185,85,100,0.4594594594594595,-0.06526486486486484,-12.073999999999996,0.8017731078640618,-14.067599999999986,7
6,2020-08-06 09:30:00-04:00,2022-08-06 09:30:00-04:00,2022-11-06 09:30:00-05:00,25.0,1.0,15,159,68,91,0.4276729559748428,-0.1025761006289308,-16.309599999999996,0.7493930584323394,-18.847599999999982,9
6,2020-08-06 09:30:00-04:00,2022-08-06 09:30:00-04:00,2022-11-06 09:30:00-05:00,25.0,1.0,20,154,74,80,0.4805194805194805,-0.052451948051948034,-8.077599999999997,0.8762091583399744,-14.056799999999985,10
6,2020-08-06 09:30:00-04:00,2022-08-06 09:30:00-04:00,2022-11-06 09:30:00-05:00,25.0,1.3,10,179,84,95,0.4692737430167598,-0.04981899441340779,-8.917599999999995,0.8478173316495444,-11.584800000000001,7
6,2020-08-06 09:30:00-04:00,2022-08-06 09:30:00-04:00,2022-11-06 09:30:00-05:00,25.0,1.3,15,154,65,89,0.42207792207792205,-0.08829610389610389,-13.597599999999998,0.7837586829851659,-17.105599999999992,9
6,2020-08-06 09:30:00-04:00,2022-08-06 09:30:00-04:00,2022-11-06 09:30:00-05:00,25.0,1.3,20,144,69,75,0.4791666666666667,-0.03460833333333329,-4.983599999999994,0.9183551769331588,-11.479999999999995,9
6,2020-08-06 09:30:00-04:00,2022-08-06 09:30:00-04:00,2022-11-06 09:30:00-05:00,25.0,1.5,10,177,84,93,0.4745762711864407,-0.03106666666666666,-5.498799999999998,0.9030351336291115,-10.316,7
6,2020-08-06 09:30:00-04:00,2022-08-06 09:30:00-04:00,2022-11-06 09:30:00-05:00,25.0,1.5,15,149,62,87,0.4161073825503356,-0.07554093959731543,-11.2556,0.8121649856148245,-17.863999999999994,9
6,2020-08-06 09:30:00-04:00,2022-08-06 09:30:00-04:00,2022-11-06 09:30:00-05:00,25.0,1.5,20,138,67,71,0.4855072463768116,0.004078260869565232,0.562800000000002,1.010185982871332,-9.7656,9
6,2020-08-06 09:30:00-04:00,2022-08-06 09:30:00-04:00,2022-11-06 09:30:00-05:00,25.0,1.75,10,177,84,93,0.4745762711864407,-0.03603841807909604,-6.378799999999998,0.8875173693157373,-11.202,7
6,2020-08-06 09:30:00-04:00,2022-08-06 09:30:00-04:00,2022-11-06 09:30:00-05:00,25.0,1.75,15,149,62,87,0.4161073825503356,-0.06091006711409397,-9.075600000000001,0.8483173109063925,-17.003999999999998,9
6,2020-08-06 09:30:00-04:00,2022-08-06 09:30:00-04:00,2022-11-06 09:30:00-05:00,25.0,1.75,20,137,66,71,0.48175182481751827,0.024359124087591274,3.3372000000000046,1.0600189919859573,-10.230799999999999,9
7,2020-11-06 09:30:00-05:00,2022-11-06 09:30:00-05:00,2023-02-06 09:30:00-05:00,15.0,1.0,10,145,68,77,0.4689655172413793,-0.12779310344827588,-18.53,0.765139800755406,-18.38199999999999,5
7,2020-11-06 09:30:00-05:00,2022-11-06 09:30:00-05:00,2023-02-06 09:30:00-05:00,15.0,1.0,15,142,69,73,0.4859154929577465,-0.11214553990610326,-15.924666666666663,0.7960171814556418,-15.776666666666648,4
7,2020-11-06 09:30:00-05:00,2022-11-06 09:30:00-05:00,2023-02-06 09:30:00-05:00,15.0,1.0,20,142,69,73,0.4859154929577465,-0.10991549295774643,-15.607999999999993,0.7999025666008566,-15.459999999999981,4
7,2020-11-06 09:30:00-05:00,2022-11-06 09:30:00-05:00,2023-02-06 09:30:00-05:00,15.0,1.3,10,132,57,75,0.4318181818181818,-0.08460606060606064,-11.168000000000005,0.8519160220994474,-13.368666666666666,5
7,2020-11-06 09:30:00-05:00,2022-11-06 09:30:00-05:00,2023-02-06 09:30:00-05:00,15.0,1.3,15,128,57,71,0.4453125,-0.06605729166666668,-8.455333333333336,0.8863846064265303,-10.962,5
7,2020-11-06 09:30:00-05:00,2022-11-06 09:30:00-05:00,2023-02-06 09:30:00-05:00,15.0,1.3,20,128,57,71,0.4453125,-0.06775,-8.672,0.8854233645436053,-10.911999999999999,5
7,2020-11-06 09:30:00-05:00,2022-11-06 09:30:00-05:00,2023-02-06 09:30:00-05:00,15.0,1.5,10,124,50,74,0.4032258064516129,-0.08529032258064513,-10.575999999999997,0.8540758319995586,-13.054666666666662,5
7,2020-11-06 09:30:00-05:00,2022-11-06 09:30:00-05:00,2023-02-06 09:30:00-05:00,15.0,1.5,15,120,48,72,0.4,-0.08608333333333332,-10.329999999999998,0.8601433316484944,-10.839333333333325,7
7,2020-11-06 09:30:00-05:00,2022-11-06 09:30:00-05:00,2023-02-06 09:30:00-05:00,15.0,1.5,20,120,49,71,0.4083333333333333,-0.0856666666666667,-10.280000000000003,0.8638182123270128,-11.105999999999991,5
7,2020-11-06 09:30:00-05:00,2022-11-06 09:30:00-05:00,2023-02-06 09:30:00-05:00,15.0,1.75,10,120,49,71,0.4083333333333333,0.0008611111111111421,0.10333333333333705,1.0014842336087946,-9.332666666666665,5
7,2020-11-06 09:30:00-05:00,2022-11-06 09:30:00-05:00,2023-02-06 09:30:00-05:00,15.0,1.75,15,116,47,69,0.4051724137931034,0.004160919540229879,0.4826666666666659,1.0068328315669268,-8.804000000000002,7
7,2020-11-06 09:30:00-05:00,2022-11-06 09:30:00-05:00,2023-02-06 09:30:00-05:00,15.0,1.75,20,116,46,70,0.39655172413793105,-0.025724137931034497,-2.9840000000000018,0.9598996595592189,-8.804,5
7,2020-11-06 09:30:00-05:00,2022-11-06 09:30:00-05:00,2023-02-06 09:30:00-05:00,20.0,1.0,10,123,63,60,0.5121951219512195,-0.0007235772357723069,-0.08899999999999375,0.9983447249732641,-5.2574999999999985,5
7,2020-11-06 09:30:00-05:00,2022-11-06 09:30:00-05:00,2023-02-06 09:30:00-05:00,20.0,1.0,15,120,63,57,0.525,-0.012270833333333276,-1.472499999999993,0.9740189851083347,-6.423499999999997,5
7,2020-11-06 09:30:00-05:00,2022-11-06 09:30:00-05:00,2023-02-06 09:30:00-05:00,20.0,1.0,20,119,64,55,0.5378151260504201,0.01120168067226898,1.3330000000000086,1.0236284676061327,-5.911,4
7,2020-11-06 09:30:00-05:00,2022-11-06 09:30:00-05:00,2023-02-06 09:30:00-05:00,20.0,1.3,10,113,51,62,0.45132743362831856,0.0022433628318584333,0.25350000000000295,1.0047468798861496,-5.913999999999998,5
7,2020-11-06 09:30:00-05:00,2022-11-06 09:30:00-05:00,2023-02-06 09:30:00-05:00,20.0,1.3,15,110,51,59,0.4636363636363636,-0.0058409090909090754,-0.6424999999999983,0.9886131024643552,-8.8265,7
7,2020-11-06 09:30:00-05:00,2022-11-06 09:30:00-05:00,2023-02-06 09:30:00-05:00,20.0,1.3,20,107,50,57,0.4672897196261682,0.008985981308411248,0.9615000000000036,1.0170286999566092,-8.514,4
7,2020-11-06 09:30:00-05:00,2022-11-06 09:30:00-05:00,2023-02-06 09:30:00-05:00,20.0,1.5,10,108,43,65,0.39814814814814814,-0.04797685185185177,-5.181499999999991,0.9055031231477683,-9.760999999999996,5
7,2020-11-06 09:30:00-05:00,2022-11-06 09:30:00-05:00,2023-02-06 09:30:00-05:00,20.0,1.5,15,103,42,61,0.4077669902912621,-0.06375242718446592,-6.566499999999989,0.887024069645407,-8.289000000000003,7
7,2020-11-06 09:30:00-05:00,2022-11-06 09:30:00-05:00,2023-02-06 09:30:00-05:00,20.0,1.5,20,101,41,60,0.40594059405940597,-0.05748019801980189,-5.8054999999999914,0.9032900216558385,-8.755499999999998,5
7,2020-11-06 09:30:00-05:00,2022-11-06 09:30:00-05:00,2023-02-06 09:30:00-05:00,20.0,1.75,10,103,38,65,0.36893203883495146,-0.07297572815533974,-7.5164999999999935,0.8638191865205183,-8.686,5
7,2020-11-06 09:30:00-05:00,2022-11-06 09:30:00-05:00,2023-02-06 09:30:00-05:00,20.0,1.75,15,98,37,61,0.37755102040816324,-0.0972091836734693,-9.526499999999992,0.8385284246923622,-9.110999999999999,7
7,2020-11-06 09:30:00-05:00,2022-11-06 09:30:00-05:00,2023-02-06 09:30:00-05:00,20.0,1.75,20,97,37,60,0.38144329896907214,-0.06774226804123702,-6.570999999999991,0.8908562411759817,-9.811000000000002,5
7,2020-11-06 09:30:00-05:00,2022-11-06 09:30:00-05:00,2023-02-06 09:30:00-05:00,25.0,1.0,10,113,56,57,0.49557522123893805,0.016396460176991173,1.8528000000000024,1.0427594228585673,-4.9548000000000005,5
7,2020-11-06 09:30:00-05:00,2022-11-06 09:30:00-05:00,2023-02-06 09:30:00-05:00,25.0,1.0,15,110,54,56,0.4909090909090909,-0.043854545454545424,-4.823999999999996,0.9047325639263455,-7.861199999999997,7
7,2020-11-06 09:30:00-05:00,2022-11-06 09:30:00-05:00,2023-02-06 09:30:00-05:00,25.0,1.0,20,107,54,53,0.5046728971962616,-0.017390654205607467,-1.860799999999999,0.9626519372501159,-7.531199999999994,4
7,2020-11-06 09:30:00-05:00,2022-11-06 09:30:00-05:00,2023-02-06 09:30:00-05:00,25.0,1.3,10,103,41,62,0.39805825242718446,-0.06634174757281551,-6.833199999999998,0.8532791672392467,-6.8908000000000005,5
7,2020-11-06 09:30:00-05:00,2022-11-06 09:30:00-05:00,2023-02-06 09:30:00-05:00,25.0,1.3,15,97,39,58,0.4020618556701031,-0.10233814432989687,-9.926799999999997,0.8021966635581804,-9.846399999999996,7
7,2020-11-06 09:30:00-05:00,2022-11-06 09:30:00-05:00,2023-02-06 09:30:00-05:00,25.0,1.3,20,95,40,55,0.42105263157894735,-0.087978947368421,-8.357999999999995,0.8373676836861766,-10.306399999999998,5
7,2020-11-06 09:30:00-05:00,2022-11-06 09:30:00-05:00,2023-02-06 09:30:00-05:00,25.0,1.5,10,99,40,59,0.40404040404040403,-0.017228282828282804,-1.7055999999999976,0.9605272902318003,-7.118799999999999,5
7,2020-11-06 09:30:00-05:00,2022-11-06 09:30:00-05:00,2023-02-06 09:30:00-05:00,25.0,1.5,15,90,38,52,0.4222222222222222,-0.04895555555555552,-4.405999999999997,0.9050815617810021,-8.494399999999999,7
7,2020-11-06 09:30:00-05:00,2022-11-06 09:30:00-05:00,2023-02-06 09:30:00-05:00,25.0,1.5,20,90,36,54,0.4,-0.09228888888888884,-8.305999999999996,0.8392416136998814,-8.984399999999994,6
7,2020-11-06 09:30:00-05:00,2022-11-06 09:30:00-05:00,2023-02-06 09:30:00-05:00,25.0,1.75,10,97,37,60,0.38144329896907214,-0.047492783505154616,-4.606799999999998,0.8958067580404397,-7.311199999999998,5
7,2020-11-06 09:30:00-05:00,2022-11-06 09:30:00-05:00,2023-02-06 09:30:00-05:00,25.0,1.75,15,88,35,53,0.3977272727272727,-0.06860454545454543,-6.037199999999999,0.8734954906628218,-10.244399999999997,8
7,2020-11-06 09:30:00-05:00,2022-11-06 09:30:00-05:00,2023-02-06 09:30:00-05:00,25.0,1.75,20,86,33,53,0.38372093023255816,-0.11730697674418601,-10.088399999999996,0.8024330633411143,-10.734399999999996,6
8,2021-02-06 09:30:00-05:00,2023-02-06 09:30:00-05:00,2023-05-06 09:30:00-04:00,15.0,1.0,10,87,42,45,0.4827586206896552,-0.10158620689655169,-8.837999999999997,0.8091007271941828,-13.750666666666664,6
8,2021-02-06 09:30:00-05:00,2023-02-06 09:30:00-05:00,2023-05-06 09:30:00-04:00,15.0,1.0,15,87,41,46,0.47126436781609193,-0.12591570881226052,-10.954666666666666,0.7746138863742356,-15.23866666666666,6
8,2021-02-06 09:30:00-05:00,2023-02-06 09:30:00-05:00,2023-05-06 09:30:00-04:00,15.0,1.0,20,87,41,46,0.47126436781609193,-0.12419157088122605,-10.804666666666666,0.7784597298922852,-14.921999999999993,6
8,2021-02-06 09:30:00-05:00,2023-02-06 09:30:00-05:00,2023-05-06 09:30:00-04:00,15.0,1.3,10,79,33,46,0.4177215189873418,-0.1406666666666667,-11.112666666666668,0.7654103805449225,-15.509333333333338,7
8,2021-02-06 09:30:00-05:00,2023-02-06 09:30:00-05:00,2023-05-06 09:30:00-04:00,15.0,1.3,15,79,32,47,0.4050632911392405,-0.14003375527426162,-11.062666666666669,0.77731255955017,-16.442666666666668,7
8,2021-02-06 09:30:00-05:00,2023-02-06 09:30:00-05:00,2023-05-06 09:30:00-04:00,15.0,1.3,20,79,32,47,0.4050632911392405,-0.13940084388185656,-11.012666666666668,0.77906028060508,-16.226,7
8,2021-02-06 09:30:00-05:00,2023-02-06 09:30:00-05:00,2023-05-06 09:30:00-04:00,15.0,1.5,10,75,32,43,0.4266666666666667,-0.08555555555555554,-6.416666666666665,0.8546577473083372,-12.964666666666663,7
8,2021-02-06 09:30:00-05:00,2023-02-06 09:30:00-05:00,2023-05-06 09:30:00-04:00,15.0,1.5,15,73,29,44,0.3972602739726027,-0.07651141552511416,-5.585333333333334,0.8772166368672513,-11.95733333333333,7
8,2021-02-06 09:30:00-05:00,2023-02-06 09:30:00-05:00,2023-05-06 09:30:00-04:00,15.0,1.5,20,73,29,44,0.3972602739726027,-0.07011872146118721,-5.118666666666666,0.888415759566336,-11.490666666666664,7
8,2021-02-06 09:30:00-05:00,2023-02-06 09:30:00-05:00,2023-05-06 09:30:00-04:00,15.0,1.75,10,74,31,43,0.4189189189189189,-0.03728828828828833,-2.7593333333333363,0.9374990562191385,-11.633999999999997,7
8,2021-02-06 09:30:00-05:00,2023-02-06 09:30:00-05:00,2023-05-06 09:30:00-04:00,15.0,1.75,15,72,29,43,0.4027777777777778,0.006787037037037024,0.4886666666666657,1.0107678521587122,-10.378,7
8,2021-02-06 09:30:00-05:00,2023-02-06 09:30:00-05:00,2023-05-06 09:30:00-04:00,15.0,1.75,20,72,29,43,0.4027777777777778,0.02368518518518516,1.7053333333333316,1.0374398079709617,-9.944666666666668,7
8,2021-02-06 09:30:00-05:00,2023-02-06 09:30:00-05:00,2023-05-06 09:30:00-04:00,20.0,1.0,10,75,32,43,0.4266666666666667,-0.18949999999999995,-14.212499999999995,0.6513253928339242,-16.130500000000005,6
8,2021-02-06 09:30:00-05:00,2023-02-06 09:30:00-05:00,2023-05-06 09:30:00-04:00,20.0,1.0,15,74,34,40,0.4594594594594595,-0.14299999999999993,-10.581999999999995,0.7345041711095781,-14.755500000000007,6
8,2021-02-06 09:30:00-05:00,2023-02-06 09:30:00-05:00,2023-05-06 09:30:00-04:00,20.0,1.0,20,74,32,42,0.43243243243243246,-0.1674932432432432,-12.394499999999995,0.7069407828626149,-15.105500000000005,6
8,2021-02-06 09:30:00-05:00,2023-02-06 09:30:00-05:00,2023-05-06 09:30:00-04:00,20.0,1.3,10,73,31,42,0.4246575342465753,-0.12724657534246567,-9.288999999999994,0.7681720054406829,-13.653500000000001,5
8,2021-02-06 09:30:00-05:00,2023-02-06 09:30:00-05:00,2023-05-06 09:30:00-04:00,20.0,1.3,15,71,31,40,0.43661971830985913,-0.07469014084507039,-5.302999999999997,0.8669510129837545,-10.651000000000002,5
8,2021-02-06 09:30:00-05:00,2023-02-06 09:30:00-05:00,2023-05-06 09:30:00-04:00,20.0,1.3,20,71,30,41,0.4225352112676056,-0.07961971830985912,-5.652999999999997,0.8646004239470187,-10.6635,5
8,2021-02-06 09:30:00-05:00,2023-02-06 09:30:00-05:00,2023-05-06 09:30:00-04:00,20.0,1.5,10,72,30,42,0.4166666666666667,-0.09022222222222213,-6.495999999999993,0.836397521785121,-13.932500000000005,5
8,2021-02-06 09:30:00-05:00,2023-02-06 09:30:00-05:00,2023-05-06 09:30:00-04:00,20.0,1.5,15,69,31,38,0.4492753623188406,-0.032855072463768,-2.2669999999999924,0.9399414515253071,-11.114499999999998,5
8,2021-02-06 09:30:00-05:00,2023-02-06 09:30:00-05:00,2023-05-06 09:30:00-04:00,20.0,1.5,20,69,28,41,0.4057971014492754,-0.035753623188405685,-2.466999999999992,0.9387278642922783,-11.302000000000001,5
8,2021-02-06 09:30:00-05:00,2023-02-06 09:30:00-05:00,2023-05-06 09:30:00-04:00,20.0,1.75,10,68,29,39,0.4264705882352941,-0.06671323529411752,-4.536499999999991,0.8787096946687346,-10.054,5
8,2021-02-06 09:30:00-05:00,2023-02-06 09:30:00-05:00,2023-05-06 09:30:00-04:00,20.0,1.75,15,65,27,38,0.4153846153846154,-0.05646153846153835,-3.669999999999993,0.9021568156975659,-8.404500000000002,5
8,2021-02-06 09:30:00-05:00,2023-02-06 09:30:00-05:00,2023-05-06 09:30:00-04:00,20.0,1.75,20,65,26,39,0.4,-0.02088461538461528,-1.3574999999999933,0.9648902740239754,-7.9445,5
8,2021-02-06 09:30:00-05:00,2023-02-06 09:30:00-05:00,2023-05-06 09:30:00-04:00,25.0,1.0,10,71,34,37,0.4788732394366197,-0.12228732394366194,-8.682399999999998,0.7318823573007893,-10.923999999999994,5
8,2021-02-06 09:30:00-05:00,2023-02-06 09:30:00-05:00,2023-05-06 09:30:00-04:00,25.0,1.0,15,67,31,36,0.4626865671641791,-0.10231044776119402,-6.854799999999999,0.7961603882432706,-8.72519999999999,4
8,2021-02-06 09:30:00-05:00,2023-02-06 09:30:00-05:00,2023-05-06 09:30:00-04:00,25.0,1.0,20,67,31,36,0.4626865671641791,-0.10171343283582086,-6.814799999999998,0.804612596908115,-8.25519999999999,4
8,2021-02-06 09:30:00-05:00,2023-02-06 09:30:00-05:00,2023-05-06 09:30:00-04:00,25.0,1.3,10,69,29,40,0.42028985507246375,-0.1551246376811594,-10.703599999999998,0.6919472745064182,-13.7024,5
8,2021-02-06 09:30:00-05:00,2023-02-06 09:30:00-05:00,2023-05-06 09:30:00-04:00,25.0,1.3,15,65,29,36,0.4461538461538462,-0.11286153846153842,-7.335999999999997,0.7880283399405924,-9.333599999999992,5
8,2021-02-06 09:30:00-05:00,2023-02-06 09:30:00-05:00,2023-05-06 09:30:00-04:00,25.0,1.3,20,65,28,37,0.4307692307692308,-0.09778461538461533,-6.355999999999996,0.8224223866252429,-9.423599999999993,5
8,2021-02-06 09:30:00-05:00,2023-02-06 09:30:00-05:00,2023-05-06 09:30:00-04:00,25.0,1.5,10,67,29,38,0.43283582089552236,-0.10305671641791045,-6.9048,0.7885672990948397,-11.098399999999994,5
8,2021-02-06 09:30:00-05:00,2023-02-06 09:30:00-05:00,2023-05-06 09:30:00-04:00,25.0,1.5,15,62,28,34,0.45161290322580644,-0.04778709677419356,-2.9628000000000005,0.906741035455278,-6.794799999999993,5
8,2021-02-06 09:30:00-05:00,2023-02-06 09:30:00-05:00,2023-05-06 09:30:00-04:00,25.0,1.5,20,62,27,35,0.43548387096774194,-0.0590774193548387,-3.6627999999999994,0.8913244718727745,-7.634799999999993,5
8,2021-02-06 09:30:00-05:00,2023-02-06 09:30:00-05:00,2023-05-06 09:30:00-04:00,25.0,1.75,10,64,27,37,0.421875,-0.08424374999999998,-5.391599999999999,0.8294488308533252,-10.640399999999998,5
8,2021-02-06 09:30:00-05:00,2023-02-06 09:30:00-05:00,2023-05-06 09:30:00-04:00,25.0,1.75,15,58,27,31,0.46551724137931033,-0.014917241379310326,-0.8651999999999989,0.9705578090545286,-5.6936,5
8,2021-02-06 09:30:00-05:00,2023-02-06 09:30:00-05:00,2023-05-06 09:30:00-04:00,25.0,1.75,20,58,25,33,0.43103448275862066,-0.03888275862068967,-2.2552000000000008,0.928667223360915,-6.4571999999999985,5
9,2021-05-06 09:30:00-04:00,2023-05-06 09:30:00-04:00,2023-08-06 09:30:00-04:00,15.0,1.0,10,131,56,75,0.42748091603053434,-0.16394910941475824,-21.47733333333333,0.7005252149663026,-22.86533333333338,6
9,2021-05-06 09:30:00-04:00,2023-05-06 09:30:00-04:00,2023-08-06 09:30:00-04:00,15.0,1.0,15,131,56,75,0.42748091603053434,-0.2014809160305343,-26.393999999999995,0.6590656620021528,-27.332000000000086,6
9,2021-05-06 09:30:00-04:00,2023-05-06 09:30:00-04:00,2023-08-06 09:30:00-04:00,15.0,1.0,20,131,56,75,0.42748091603053434,-0.21483969465648853,-28.144,0.643521215959468,-28.626000000000097,6
9,2021-05-06 09:30:00-04:00,2023-05-06 09:30:00-04:00,2023-08-06 09:30:00-04:00,15.0,1.3,10,118,43,75,0.3644067796610169,-0.1847344632768362,-21.798666666666673,0.6774549938347719,-24.15866666666671,8
9,2021-05-06 09:30:00-04:00,2023-05-06 09:30:00-04:00,2023-08-06 09:30:00-04:00,15.0,1.3,15,118,42,76,0.3559322033898305,-0.23261581920903956,-27.448666666666668,0.6364768101994508,-30.245333333333374,7
9,2021-05-06 09:30:00-04:00,2023-05-06 09:30:00-04:00,2023-08-06 09:30:00-04:00,15.0,1.3,20,117,42,75,0.358974358974359,-0.24280341880341885,-28.408000000000005,0.6321001510900065,-30.471333333333373,7
9,2021-05-06 09:30:00-04:00,2023-05-06 09:30:00-04:00,2023-08-06 09:30:00-04:00,15.0,1.5,10,116,41,75,0.35344827586206895,-0.18075287356321845,-20.96733333333334,0.6897558569667078,-24.294000000000032,9
9,2021-05-06 09:30:00-04:00,2023-05-06 09:30:00-04:00,2023-08-06 09:30:00-04:00,15.0,1.5,15,116,39,77,0.33620689655172414,-0.23693103448275868,-27.484000000000005,0.6411135872971656,-29.668000000000053,7
9,2021-05-06 09:30:00-04:00,2023-05-06 09:30:00-04:00,2023-08-06 09:30:00-04:00,15.0,1.5,20,115,39,76,0.3391304347826087,-0.24907246376811598,-28.643333333333338,0.6341411492217038,-30.427333333333387,7
9,2021-05-06 09:30:00-04:00,2023-05-06 09:30:00-04:00,2023-08-06 09:30:00-04:00,15.0,1.75,10,111,38,73,0.34234234234234234,-0.167993993993994,-18.647333333333336,0.7080362827886395,-23.44800000000001,10
9,2021-05-06 09:30:00-04:00,2023-05-06 09:30:00-04:00,2023-08-06 09:30:00-04:00,15.0,1.75,15,111,36,75,0.32432432432432434,-0.23481081081081084,-26.064000000000004,0.6441774744027302,-29.248000000000037,7
9,2021-05-06 09:30:00-04:00,2023-05-06 09:30:00-04:00,2023-08-06 09:30:00-04:00,15.0,1.75,20,110,35,75,0.3181818181818182,-0.26945454545454545,-29.64,0.6094003953437295,-32.42400000000005,7
9,2021-05-06 09:30:00-04:00,2023-05-06 09:30:00-04:00,2023-08-06 09:30:00-04:00,20.0,1.0,10,115,49,66,0.4260869565217391,-0.10028260869565213,-11.532499999999995,0.7697552307938028,-13.48750000000001,8
9,2021-05-06 09:30:00-04:00,2023-05-06 09:30:00-04:00,2023-08-06 09:30:00-04:00,20.0,1.0,15,115,52,63,0.45217391304347826,-0.12767391304347822,-14.682499999999996,0.7484645760345372,-16.935500000000015,7
9,2021-05-06 09:30:00-04:00,2023-05-06 09:30:00-04:00,2023-08-06 09:30:00-04:00,20.0,1.0,20,113,51,62,0.45132743362831856,-0.1324911504424779,-14.9715,0.7502293922356982,-16.424500000000013,7
9,2021-05-06 09:30:00-04:00,2023-05-06 09:30:00-04:00,2023-08-06 09:30:00-04:00,20.0,1.3,10,110,43,67,0.39090909090909093,-0.10049999999999995,-11.054999999999994,0.7804085929663215,-16.067,10
9,2021-05-06 09:30:00-04:00,2023-05-06 09:30:00-04:00,2023-08-06 09:30:00-04:00,20.0,1.3,15,109,46,63,0.42201834862385323,-0.13898623853211003,-15.149499999999994,0.7384477266645375,-16.875999999999998,7
9,2021-05-06 09:30:00-04:00,2023-05-06 09:30:00-04:00,2023-08-06 09:30:00-04:00,20.0,1.3,20,106,44,62,0.41509433962264153,-0.1570330188679245,-16.6455,0.7174706361599564,-17.6835,7
9,2021-05-06 09:30:00-04:00,2023-05-06 09:30:00-04:00,2023-08-06 09:30:00-04:00,20.0,1.5,10,106,41,65,0.3867924528301887,-0.10019339622641503,-10.620499999999993,0.7802617286504941,-14.799000000000003,10
9,2021-05-06 09:30:00-04:00,2023-05-06 09:30:00-04:00,2023-08-06 09:30:00-04:00,20.0,1.5,15,105,41,64,0.3904761904761905,-0.15157142857142852,-15.914999999999994,0.7194457665661855,-20.46900000000001,7
9,2021-05-06 09:30:00-04:00,2023-05-06 09:30:00-04:00,2023-08-06 09:30:00-04:00,20.0,1.5,20,102,39,63,0.38235294117647056,-0.1762107843137254,-17.97349999999999,0.693332082103431,-21.9225,7
9,2021-05-06 09:30:00-04:00,2023-05-06 09:30:00-04:00,2023-08-06 09:30:00-04:00,20.0,1.75,10,104,39,65,0.375,-0.09937019230769224,-10.334499999999993,0.7817769096763976,-14.875500000000002,10
9,2021-05-06 09:30:00-04:00,2023-05-06 09:30:00-04:00,2023-08-06 09:30:00-04:00,20.0,1.75,15,103,40,63,0.3883495145631068,-0.12795145631067953,-13.178999999999991,0.7632720512290848,-17.59050000000001,7
9,2021-05-06 09:30:00-04:00,2023-05-06 09:30:00-04:00,2023-08-06 09:30:00-04:00,20.0,1.75,20,99,38,61,0.3838383838383838,-0.11888383838383836,-11.769499999999997,0.7915445311323843,-16.71850000000001,6
9,2021-05-06 09:30:00-04:00,2023-05-06 09:30:00-04:00,2023-08-06 09:30:00-04:00,25.0,1.0,10,109,45,64,0.41284403669724773,-0.09008807339449539,-9.819599999999998,0.7578492587222206,-14.437999999999994,9
9,2021-05-06 09:30:00-04:00,2023-05-06 09:30:00-04:00,2023-08-06 09:30:00-04:00,25.0,1.0,15,108,52,56,0.48148148148148145,-0.06689999999999996,-7.225199999999996,0.8355532087289811,-11.361199999999993,6
9,2021-05-06 09:30:00-04:00,2023-05-06 09:30:00-04:00,2023-08-06 09:30:00-04:00,25.0,1.0,20,105,50,55,0.47619047619047616,-0.0678285714285714,-7.121999999999998,0.8452815432742438,-10.068799999999994,6
9,2021-05-06 09:30:00-04:00,2023-05-06 09:30:00-04:00,2023-08-06 09:30:00-04:00,25.0,1.3,10,103,41,62,0.39805825242718446,-0.08964271844660192,-9.233199999999998,0.7604429361644718,-12.514399999999997,9
9,2021-05-06 09:30:00-04:00,2023-05-06 09:30:00-04:00,2023-08-06 09:30:00-04:00,25.0,1.3,15,102,45,57,0.4411764705882353,-0.06694901960784311,-6.828799999999997,0.8396272498403038,-12.416399999999998,6
9,2021-05-06 09:30:00-04:00,2023-05-06 09:30:00-04:00,2023-08-06 09:30:00-04:00,25.0,1.3,20,98,42,56,0.42857142857142855,-0.07093061224489794,-6.951199999999997,0.8448960648334092,-12.50879999999999,6
9,2021-05-06 09:30:00-04:00,2023-05-06 09:30:00-04:00,2023-08-06 09:30:00-04:00,25.0,1.5,10,102,40,62,0.39215686274509803,-0.0812627450980392,-8.288799999999998,0.7793348738645681,-12.069999999999995,9
9,2021-05-06 09:30:00-04:00,2023-05-06 09:30:00-04:00,2023-08-06 09:30:00-04:00,25.0,1.5,15,100,44,56,0.44,-0.05899999999999997,-5.899999999999997,0.8579559133675524,-11.031999999999995,6
9,2021-05-06 09:30:00-04:00,2023-05-06 09:30:00-04:00,2023-08-06 09:30:00-04:00,25.0,1.5,20,94,40,54,0.425531914893617,-0.04471914893617017,-4.203599999999996,0.9006419650370147,-9.879999999999999,6
9,2021-05-06 09:30:00-04:00,2023-05-06 09:30:00-04:00,2023-08-06 09:30:00-04:00,25.0,1.75,10,100,40,60,0.4,-0.07629999999999998,-7.629999999999998,0.784912893950499,-11.5972,9
9,2021-05-06 09:30:00-04:00,2023-05-06 09:30:00-04:00,2023-08-06 09:30:00-04:00,25.0,1.75,15,97,43,54,0.44329896907216493,-0.05986391752577317,-5.806799999999997,0.8489291735175973,-10.3532,6
9,2021-05-06 09:30:00-04:00,2023-05-06 09:30:00-04:00,2023-08-06 09:30:00-04:00,25.0,1.75,20,91,39,52,0.42857142857142855,-0.03538901098901099,-3.2204,0.9200671154266197,-9.8184,6
10,2021-08-06 09:30:00-04:00,2023-08-06 09:30:00-04:00,2023-11-06 09:30:00-05:00,15.0,1.0,10,158,80,78,0.5063291139240507,-0.04963291139240504,-7.841999999999997,0.8950977856652367,-10.163999999999996,6
10,2021-08-06 09:30:00-04:00,2023-08-06 09:30:00-04:00,2023-11-06 09:30:00-05:00,15.0,1.0,15,156,76,80,0.48717948717948717,-0.06887179487179487,-10.744,0.8670351883173139,-12.151999999999983,6
10,2021-08-06 09:30:00-04:00,2023-08-06 09:30:00-04:00,2023-11-06 09:30:00-05:00,15.0,1.0,20,156,77,79,0.4935897435897436,-0.07592307692307691,-11.844,0.8565453312231519,-13.25199999999998,6
10,2021-08-06 09:30:00-04:00,2023-08-06 09:30:00-04:00,2023-11-06 09:30:00-05:00,15.0,1.3,10,144,67,77,0.4652777777777778,-0.034763888888888914,-5.006000000000004,0.931029098390771,-12.898666666666664,6
10,2021-08-06 09:30:00-04:00,2023-08-06 09:30:00-04:00,2023-11-06 09:30:00-05:00,15.0,1.3,15,142,61,81,0.4295774647887324,-0.06155868544600936,-8.74133333333333,0.8901759764136324,-17.44533333333334,8
10,2021-08-06 09:30:00-04:00,2023-08-06 09:30:00-04:00,2023-11-06 09:30:00-05:00,15.0,1.3,20,141,61,80,0.4326241134751773,-0.06927186761229316,-9.767333333333335,0.8806970400228002,-18.471333333333337,7
10,2021-08-06 09:30:00-04:00,2023-08-06 09:30:00-04:00,2023-11-06 09:30:00-05:00,15.0,1.5,10,136,62,74,0.45588235294117646,-0.01848529411764708,-2.514000000000003,0.9634996225100183,-10.222666666666663,6
10,2021-08-06 09:30:00-04:00,2023-08-06 09:30:00-04:00,2023-11-06 09:30:00-05:00,15.0,1.5,15,134,53,81,0.39552238805970147,-0.05210945273631845,-6.982666666666672,0.9107578003851203,-15.789333333333328,8
10,2021-08-06 09:30:00-04:00,2023-08-06 09:30:00-04:00,2023-11-06 09:30:00-05:00,15.0,1.5,20,133,55,78,0.41353383458646614,-0.0518195488721805,-6.892000000000007,0.9133866184084855,-14.465333333333326,7
10,2021-08-06 09:30:00-04:00,2023-08-06 09:30:00-04:00,2023-11-06 09:30:00-05:00,15.0,1.75,10,134,60,74,0.44776119402985076,-0.002980099502487579,-0.39933333333333554,0.994199333746514,-10.397999999999996,6
10,2021-08-06 09:30:00-04:00,2023-08-06 09:30:00-04:00,2023-11-06 09:30:00-05:00,15.0,1.75,15,132,51,81,0.38636363636363635,-0.01490909090909095,-1.9680000000000053,0.974847911660958,-15.71533333333333,8
10,2021-08-06 09:30:00-04:00,2023-08-06 09:30:00-04:00,2023-11-06 09:30:00-05:00,15.0,1.75,20,131,51,80,0.3893129770992366,-0.011913486005089095,-1.5606666666666715,0.9804395053475938,-13.89133333333333,7
10,2021-08-06 09:30:00-04:00,2023-08-06 09:30:00-04:00,2023-11-06 09:30:00-05:00,20.0,1.0,10,139,71,68,0.5107913669064749,-0.024834532374100663,-3.451999999999992,0.9400423802410804,-8.505999999999998,5
10,2021-08-06 09:30:00-04:00,2023-08-06 09:30:00-04:00,2023-11-06 09:30:00-05:00,20.0,1.0,15,135,67,68,0.4962962962962963,-0.006518518518518462,-0.8799999999999923,0.985184935773329,-9.279,7
10,2021-08-06 09:30:00-04:00,2023-08-06 09:30:00-04:00,2023-11-06 09:30:00-05:00,20.0,1.0,20,134,68,66,0.5074626865671642,-0.0011156716417909766,-0.14949999999999086,0.9975320055137801,-11.098499999999996,7
10,2021-08-06 09:30:00-04:00,2023-08-06 09:30:00-04:00,2023-11-06 09:30:00-05:00,20.0,1.3,10,129,64,65,0.49612403100775193,0.0069031007751938316,0.8905000000000043,1.0167167261122583,-6.568999999999999,5
10,2021-08-06 09:30:00-04:00,2023-08-06 09:30:00-04:00,2023-11-06 09:30:00-05:00,20.0,1.3,15,126,56,70,0.4444444444444444,0.005115079365079399,0.6445000000000043,1.0107421142547603,-9.802499999999998,7
10,2021-08-06 09:30:00-04:00,2023-08-06 09:30:00-04:00,2023-11-06 09:30:00-05:00,20.0,1.3,20,125,56,69,0.448,-0.0016999999999999958,-0.21249999999999947,0.996572829391415,-9.444499999999998,7
10,2021-08-06 09:30:00-04:00,2023-08-06 09:30:00-04:00,2023-11-06 09:30:00-05:00,20.0,1.5,10,125,65,60,0.52,0.036200000000000065,4.525000000000008,1.0910829307568437,-8.111999999999998,5
10,2021-08-06 09:30:00-04:00,2023-08-06 09:30:00-04:00,2023-11-06 09:30:00-05:00,20.0,1.5,15,122,49,73,0.4016393442622951,-0.022405737704917966,-2.733499999999992,0.9541081861527095,-13.054000000000002,7
10,2021-08-06 09:30:00-04:00,2023-08-06 09:30:00-04:00,2023-11-06 09:30:00-05:00,20.0,1.5,20,121,52,69,0.4297520661157025,0.009789256198347177,1.1845000000000083,1.0194285433103152,-10.995999999999995,7
10,2021-08-06 09:30:00-04:00,2023-08-06 09:30:00-04:00,2023-11-06 09:30:00-05:00,20.0,1.75,10,118,60,58,0.5084745762711864,0.023207627118644096,2.7385000000000033,1.0580264440394964,-9.399499999999998,5
10,2021-08-06 09:30:00-04:00,2023-08-06 09:30:00-04:00,2023-11-06 09:30:00-05:00,20.0,1.75,15,117,46,71,0.39316239316239315,-0.040542735042735,-4.743499999999995,0.9189013600499223,-11.130000000000006,7
10,2021-08-06 09:30:00-04:00,2023-08-06 09:30:00-04:00,2023-11-06 09:30:00-05:00,20.0,1.75,20,113,48,65,0.4247787610619469,0.003128318584070856,0.35350000000000675,1.0061164460593477,-10.947499999999996,6
10,2021-08-06 09:30:00-04:00,2023-08-06 09:30:00-04:00,2023-11-06 09:30:00-05:00,25.0,1.0,10,128,67,61,0.5234375,0.03153750000000001,4.036800000000001,1.100172711571675,-4.933999999999999,5
10,2021-08-06 09:30:00-04:00,2023-08-06 09:30:00-04:00,2023-11-06 09:30:00-05:00,25.0,1.0,15,124,60,64,0.4838709677419355,0.025841935483870985,3.204400000000002,1.068467744692489,-6.737599999999999,7
10,2021-08-06 09:30:00-04:00,2023-08-06 09:30:00-04:00,2023-11-06 09:30:00-05:00,25.0,1.0,20,123,63,60,0.5121951219512195,0.016819512195121972,2.0688000000000026,1.0414555947419042,-7.5312,7
10,2021-08-06 09:30:00-04:00,2023-08-06 09:30:00-04:00,2023-11-06 09:30:00-05:00,25.0,1.3,10,119,64,55,0.5378151260504201,0.05425546218487397,6.456400000000002,1.181451295598898,-6.4696,5
10,2021-08-06 09:30:00-04:00,2023-08-06 09:30:00-04:00,2023-11-06 09:30:00-05:00,25.0,1.3,15,116,50,66,0.43103448275862066,0.001462068965517269,0.1696000000000032,1.003731540316477,-9.58,7
10,2021-08-06 09:30:00-04:00,2023-08-06 09:30:00-04:00,2023-11-06 09:30:00-05:00,25.0,1.3,20,115,56,59,0.48695652173913045,0.03968695652173918,4.564000000000006,1.094142690946295,-9.2724,6
10,2021-08-06 09:30:00-04:00,2023-08-06 09:30:00-04:00,2023-11-06 09:30:00-05:00,25.0,1.5,10,117,62,55,0.5299145299145299,0.056711111111111136,6.635200000000003,1.1864763082457417,-6.2696,5
10,2021-08-06 09:30:00-04:00,2023-08-06 09:30:00-04:00,2023-11-06 09:30:00-05:00,25.0,1.5,15,115,49,66,0.4260869565217391,-0.00013913043478259627,-0.01599999999999857,0.9996559169383491,-8.2252,7
10,2021-08-06 09:30:00-04:00,2023-08-06 09:30:00-04:00,2023-11-06 09:30:00-05:00,25.0,1.5,20,111,53,58,0.4774774774774775,0.038933333333333375,4.3216000000000045,1.0911053394947208,-6.9636000000000005,6
10,2021-08-06 09:30:00-04:00,2023-08-06 09:30:00-04:00,2023-11-06 09:30:00-05:00,25.0,1.75,10,115,59,56,0.5130434782608696,0.028643478260869597,3.2940000000000036,1.0927197802197801,-6.0196000000000005,5
10,2021-08-06 09:30:00-04:00,2023-08-06 09:30:00-04:00,2023-11-06 09:30:00-05:00,25.0,1.75,15,110,47,63,0.42727272727272725,0.03714545454545457,4.086000000000003,1.0942186721762064,-7.785199999999998,7
10,2021-08-06 09:30:00-04:00,2023-08-06 09:30:00-04:00,2023-11-06 09:30:00-05:00,25.0,1.75,20,106,50,56,0.4716981132075472,0.058335849056603814,6.183600000000005,1.1391561872698959,-6.0648,7
11,2021-11-06 09:30:00-04:00,2023-11-06 09:30:00-05:00,2024-02-06 09:30:00-05:00,15.0,1.0,10,169,69,100,0.40828402366863903,-0.21433530571992113,-36.22266666666667,0.6017298882169693,-38.81666666666672,12
11,2021-11-06 09:30:00-04:00,2023-11-06 09:30:00-05:00,2024-02-06 09:30:00-05:00,15.0,1.0,15,160,71,89,0.44375,-0.16952083333333334,-27.123333333333335,0.6897330110044309,-32.662666666666745,6
11,2021-11-06 09:30:00-04:00,2023-11-06 09:30:00-05:00,2024-02-06 09:30:00-05:00,15.0,1.0,20,156,70,86,0.44871794871794873,-0.16011111111111112,-24.977333333333334,0.7156194495468556,-35.25533333333341,7
11,2021-11-06 09:30:00-04:00,2023-11-06 09:30:00-05:00,2024-02-06 09:30:00-05:00,15.0,1.3,10,157,53,104,0.3375796178343949,-0.2796263269639066,-43.90133333333334,0.5269048953259479,-45.43133333333332,16
11,2021-11-06 09:30:00-04:00,2023-11-06 09:30:00-05:00,2024-02-06 09:30:00-05:00,15.0,1.3,15,146,49,97,0.3356164383561644,-0.28016438356164386,-40.904,0.5570507591125999,-42.43400000000002,8
11,2021-11-06 09:30:00-04:00,2023-11-06 09:30:00-05:00,2024-02-06 09:30:00-05:00,15.0,1.3,20,143,46,97,0.32167832167832167,-0.31327738927738935,-44.798666666666676,0.5317767233150079,-47.621999999999986,12
11,2021-11-06 09:30:00-04:00,2023-11-06 09:30:00-05:00,2024-02-06 09:30:00-05:00,15.0,1.5,10,149,49,100,0.3288590604026846,-0.2744474272930649,-40.89266666666667,0.5309577518638884,-41.720000000000006,16
11,2021-11-06 09:30:00-04:00,2023-11-06 09:30:00-05:00,2024-02-06 09:30:00-05:00,15.0,1.5,15,139,43,96,0.30935251798561153,-0.3121294964028778,-43.38600000000001,0.5210588676856956,-44.09,8
11,2021-11-06 09:30:00-04:00,2023-11-06 09:30:00-05:00,2024-02-06 09:30:00-05:00,15.0,1.5,20,134,39,95,0.291044776119403,-0.3414129353233831,-45.74933333333334,0.5053947890014056,-46.55533333333329,12
11,2021-11-06 09:30:00-04:00,2023-11-06 09:30:00-05:00,2024-02-06 09:30:00-05:00,15.0,1.75,10,145,46,99,0.31724137931034485,-0.30894252873563216,-44.79666666666667,0.4787610344881084,-44.59066666666667,16
11,2021-11-06 09:30:00-04:00,2023-11-06 09:30:00-05:00,2024-02-06 09:30:00-05:00,15.0,1.75,15,134,40,94,0.29850746268656714,-0.3384278606965175,-45.34933333333334,0.48703330844814474,-44.27533333333331,8
11,2021-11-06 09:30:00-04:00,2023-11-06 09:30:00-05:00,2024-02-06 09:30:00-05:00,15.0,1.75,20,128,34,94,0.265625,-0.386109375,-49.422,0.453534229207056,-48.44999999999994,13
11,2021-11-06 09:30:00-04:00,2023-11-06 09:30:00-05:00,2024-02-06 09:30:00-05:00,20.0,1.0,10,147,54,93,0.3673469387755102,-0.21459863945578225,-31.545999999999992,0.5352270383357397,-32.44349999999993,15
11,2021-11-06 09:30:00-04:00,2023-11-06 09:30:00-05:00,2024-02-06 09:30:00-05:00,20.0,1.0,15,135,50,85,0.37037037037037035,-0.22577777777777772,-30.479999999999993,0.5483942660295591,-31.20249999999992,8
11,2021-11-06 09:30:00-04:00,2023-11-06 09:30:00-05:00,2024-02-06 09:30:00-05:00,20.0,1.0,20,130,48,82,0.36923076923076925,-0.23819230769230765,-30.964999999999993,0.5630331552915112,-34.007499999999915,12
11,2021-11-06 09:30:00-04:00,2023-11-06 09:30:00-05:00,2024-02-06 09:30:00-05:00,20.0,1.3,10,138,50,88,0.36231884057971014,-0.21709420289855066,-29.958999999999993,0.518607192210046,-29.34949999999998,15
11,2021-11-06 09:30:00-04:00,2023-11-06 09:30:00-05:00,2024-02-06 09:30:00-05:00,20.0,1.3,15,125,45,80,0.36,-0.23349999999999999,-29.187499999999996,0.5406436890147938,-28.131999999999984,8
11,2021-11-06 09:30:00-04:00,2023-11-06 09:30:00-05:00,2024-02-06 09:30:00-05:00,20.0,1.3,20,118,40,78,0.3389830508474576,-0.24702542372881345,-29.148999999999987,0.5536414308465026,-30.456499999999984,13
11,2021-11-06 09:30:00-04:00,2023-11-06 09:30:00-05:00,2024-02-06 09:30:00-05:00,20.0,1.5,10,136,47,89,0.34558823529411764,-0.2590845588235294,-35.235499999999995,0.44924738577926465,-35.23849999999999,15
11,2021-11-06 09:30:00-04:00,2023-11-06 09:30:00-05:00,2024-02-06 09:30:00-05:00,20.0,1.5,15,120,40,80,0.3333333333333333,-0.28935416666666663,-34.7225,0.45990822834033285,-33.66699999999996,7
11,2021-11-06 09:30:00-04:00,2023-11-06 09:30:00-05:00,2024-02-06 09:30:00-05:00,20.0,1.5,20,112,33,79,0.29464285714285715,-0.30996428571428564,-34.715999999999994,0.47437430920405177,-33.92349999999997,14
11,2021-11-06 09:30:00-04:00,2023-11-06 09:30:00-05:00,2024-02-06 09:30:00-05:00,20.0,1.75,10,134,45,89,0.3358208955223881,-0.26286940298507455,-35.22449999999999,0.4421162663625782,-35.477499999999985,17
11,2021-11-06 09:30:00-04:00,2023-11-06 09:30:00-05:00,2024-02-06 09:30:00-05:00,20.0,1.75,15,118,36,82,0.3050847457627119,-0.3172584745762712,-37.4365,0.4296563754503835,-36.38099999999998,8
11,2021-11-06 09:30:00-04:00,2023-11-06 09:30:00-05:00,2024-02-06 09:30:00-05:00,20.0,1.75,20,108,29,79,0.26851851851851855,-0.34925,-37.719,0.4237811165682598,-37.1765,14
11,2021-11-06 09:30:00-04:00,2023-11-06 09:30:00-05:00,2024-02-06 09:30:00-05:00,25.0,1.0,10,140,52,88,0.37142857142857144,-0.17018571428571425,-23.825999999999993,0.5384990857532465,-23.187199999999976,15
11,2021-11-06 09:30:00-04:00,2023-11-06 09:30:00-05:00,2024-02-06 09:30:00-05:00,25.0,1.0,15,126,48,78,0.38095238095238093,-0.19741587301587296,-24.874399999999994,0.5451180618544635,-23.829999999999984,6
11,2021-11-06 09:30:00-04:00,2023-11-06 09:30:00-05:00,2024-02-06 09:30:00-05:00,25.0,1.0,20,119,41,78,0.3445378151260504,-0.24204705882352937,-28.803599999999996,0.509167870872754,-29.369599999999977,8
11,2021-11-06 09:30:00-04:00,2023-11-06 09:30:00-05:00,2024-02-06 09:30:00-05:00,25.0,1.3,10,134,48,86,0.3582089552238806,-0.18828059701492536,-25.229599999999998,0.488330588702939,-25.331999999999976,15
11,2021-11-06 09:30:00-04:00,2023-11-06 09:30:00-05:00,2024-02-06 09:30:00-05:00,25.0,1.3,15,116,42,74,0.3620689655172414,-0.22086551724137926,-25.620399999999993,0.5006315100106031,-24.575999999999983,6
11,2021-11-06 09:30:00-04:00,2023-11-06 09:30:00-05:00,2024-02-06 09:30:00-05:00,25.0,1.3,20,108,32,76,0.2962962962962963,-0.27467777777777774,-29.6652,0.46389226231783487,-28.681999999999977,8
11,2021-11-06 09:30:00-04:00,2023-11-06 09:30:00-05:00,2024-02-06 09:30:00-05:00,25.0,1.5,10,132,47,85,0.3560606060606061,-0.1993242424242424,-26.310799999999997,0.46527111616941713,-26.613199999999985,15
11,2021-11-06 09:30:00-04:00,2023-11-06 09:30:00-05:00,2024-02-06 09:30:00-05:00,25.0,1.5,15,115,40,75,0.34782608695652173,-0.2454434782608695,-28.225999999999996,0.46184938036224976,-27.181599999999996,6
11,2021-11-06 09:30:00-04:00,2023-11-06 09:30:00-05:00,2024-02-06 09:30:00-05:00,25.0,1.5,20,104,29,75,0.27884615384615385,-0.3195923076923077,-33.2376,0.3889023717595146,-32.30359999999999,8
11,2021-11-06 09:30:00-04:00,2023-11-06 09:30:00-05:00,2024-02-06 09:30:00-05:00,25.0,1.75,10,132,46,86,0.3484848484848485,-0.19947575757575756,-26.330799999999996,0.46922698575241284,-26.883199999999984,16
11,2021-11-06 09:30:00-04:00,2023-11-06 09:30:00-05:00,2024-02-06 09:30:00-05:00,25.0,1.75,15,115,39,76,0.3391304347826087,-0.26813913043478255,-30.83599999999999,0.41470340366408265,-29.791599999999992,6
11,2021-11-06 09:30:00-04:00,2023-11-06 09:30:00-05:00,2024-02-06 09:30:00-05:00,25.0,1.75,20,103,28,75,0.27184466019417475,-0.350516504854369,-36.10320000000001,0.3332742382271468,-35.120000000000005,8
12,2022-02-06 09:30:00-05:00,2024-02-06 09:30:00-05:00,2024-05-06 09:30:00-04:00,15.0,1.0,10,211,107,104,0.5071090047393365,-0.05559557661927327,-11.73066666666666,0.8882928408636419,-13.901999999999983,5
12,2022-02-06 09:30:00-05:00,2024-02-06 09:30:00-05:00,2024-05-06 09:30:00-04:00,15.0,1.0,15,211,109,102,0.5165876777251185,-0.049829383886255886,-10.513999999999992,0.9018740433792511,-13.151999999999985,5
12,2022-02-06 09:30:00-05:00,2024-02-06 09:30:00-05:00,2024-05-06 09:30:00-04:00,15.0,1.0,20,211,108,103,0.5118483412322274,-0.052830963665086855,-11.147333333333327,0.8965815824792961,-14.335333333333322,5
12,2022-02-06 09:30:00-05:00,2024-02-06 09:30:00-05:00,2024-05-06 09:30:00-04:00,15.0,1.3,10,196,88,108,0.4489795918367347,-0.05699319727891158,-11.17066666666667,0.8925814806267147,-14.572666666666663,7
12,2022-02-06 09:30:00-05:00,2024-02-06 09:30:00-05:00,2024-05-06 09:30:00-04:00,15.0,1.3,15,194,92,102,0.4742268041237113,-0.022281786941580752,-4.322666666666666,0.9585877423805023,-11.82733333333333,8
12,2022-02-06 09:30:00-05:00,2024-02-06 09:30:00-05:00,2024-05-06 09:30:00-04:00,15.0,1.3,20,194,90,104,0.4639175257731959,-0.02099312714776634,-4.07266666666667,0.9623700290740649,-11.715999999999994,8
12,2022-02-06 09:30:00-05:00,2024-02-06 09:30:00-05:00,2024-05-06 09:30:00-04:00,15.0,1.5,10,189,83,106,0.43915343915343913,-0.03034920634920635,-5.736000000000001,0.9436785672204547,-14.113999999999992,7
12,2022-02-06 09:30:00-05:00,2024-02-06 09:30:00-05:00,2024-05-06 09:30:00-04:00,15.0,1.5,15,188,88,100,0.46808510638297873,0.02076950354609927,3.904666666666663,1.038193674600587,-9.874666666666664,8
12,2022-02-06 09:30:00-05:00,2024-02-06 09:30:00-05:00,2024-05-06 09:30:00-04:00,15.0,1.5,20,188,83,105,0.44148936170212766,0.012258865248226919,2.3046666666666606,1.0215752355988268,-10.857999999999997,8
12,2022-02-06 09:30:00-05:00,2024-02-06 09:30:00-05:00,2024-05-06 09:30:00-04:00,15.0,1.75,10,180,76,104,0.4222222222222222,-0.011314814814814826,-2.036666666666669,0.9794371638767174,-17.153333333333325,7
12,2022-02-06 09:30:00-05:00,2024-02-06 09:30:00-05:00,2024-05-06 09:30:00-04:00,15.0,1.75,15,178,81,97,0.4550561797752809,0.04201123595505618,7.478,1.0758202538832786,-11.219999999999994,8
12,2022-02-06 09:30:00-05:00,2024-02-06 09:30:00-05:00,2024-05-06 09:30:00-04:00,15.0,1.75,20,177,73,104,0.4124293785310734,0.009050847457627116,1.6019999999999994,1.0152746966354986,-13.82533333333332,9
12,2022-02-06 09:30:00-05:00,2024-02-06 09:30:00-05:00,2024-05-06 09:30:00-04:00,20.0,1.0,10,185,88,97,0.4756756756756757,-0.0776621621621621,-14.367499999999987,0.8272794484483099,-16.25650000000002,7
12,2022-02-06 09:30:00-05:00,2024-02-06 09:30:00-05:00,2024-05-06 09:30:00-04:00,20.0,1.0,15,183,93,90,0.5081967213114754,-0.06028142076502725,-11.031499999999987,0.8746171113573724,-14.634,8
12,2022-02-06 09:30:00-05:00,2024-02-06 09:30:00-05:00,2024-05-06 09:30:00-04:00,20.0,1.0,20,183,92,91,0.5027322404371585,-0.05850546448087424,-10.706499999999986,0.8827333913833987,-14.57150000000001,8
12,2022-02-06 09:30:00-05:00,2024-02-06 09:30:00-05:00,2024-05-06 09:30:00-04:00,20.0,1.3,10,172,80,92,0.46511627906976744,-0.02352325581395346,-4.045999999999995,0.9471584267681884,-11.3455,7
12,2022-02-06 09:30:00-05:00,2024-02-06 09:30:00-05:00,2024-05-06 09:30:00-04:00,20.0,1.3,15,170,83,87,0.48823529411764705,-0.027485294117647024,-4.672499999999994,0.9447227858059711,-14.3235,8
12,2022-02-06 09:30:00-05:00,2024-02-06 09:30:00-05:00,2024-05-06 09:30:00-04:00,20.0,1.3,20,169,76,93,0.44970414201183434,-0.0578668639053254,-9.779499999999993,0.890913451349151,-17.8165,9
12,2022-02-06 09:30:00-05:00,2024-02-06 09:30:00-05:00,2024-05-06 09:30:00-04:00,20.0,1.5,10,167,75,92,0.4491017964071856,-0.01343413173652686,-2.243499999999986,0.9703998363975807,-12.6515,7
12,2022-02-06 09:30:00-05:00,2024-02-06 09:30:00-05:00,2024-05-06 09:30:00-04:00,20.0,1.5,15,163,78,85,0.4785276073619632,-0.0020490797546011486,-0.3339999999999872,0.9959394565679901,-12.790500000000005,8
12,2022-02-06 09:30:00-05:00,2024-02-06 09:30:00-05:00,2024-05-06 09:30:00-04:00,20.0,1.5,20,160,69,91,0.43125,-0.04362499999999993,-6.979999999999989,0.9203995985767724,-17.383500000000012,9
12,2022-02-06 09:30:00-05:00,2024-02-06 09:30:00-05:00,2024-05-06 09:30:00-04:00,20.0,1.75,10,164,70,94,0.4268292682926829,-0.03987499999999992,-6.539499999999987,0.9177855724020019,-11.264000000000001,7
12,2022-02-06 09:30:00-05:00,2024-02-06 09:30:00-05:00,2024-05-06 09:30:00-04:00,20.0,1.75,15,160,68,92,0.425,-0.06479687499999992,-10.367499999999987,0.8834863622571114,-14.903000000000002,8
12,2022-02-06 09:30:00-05:00,2024-02-06 09:30:00-05:00,2024-05-06 09:30:00-04:00,20.0,1.75,20,158,61,97,0.3860759493670886,-0.08279430379746827,-13.081499999999988,0.8613087223417903,-18.433500000000016,9
12,2022-02-06 09:30:00-05:00,2024-02-06 09:30:00-05:00,2024-05-06 09:30:00-04:00,25.0,1.0,10,167,87,80,0.5209580838323353,0.037216766467065905,6.2152000000000065,1.1120219170181322,-8.390399999999994,6
12,2022-02-06 09:30:00-05:00,2024-02-06 09:30:00-05:00,2024-05-06 09:30:00-04:00,25.0,1.0,15,164,93,71,0.5670731707317073,0.04938048780487808,8.098400000000005,1.1323432321660856,-8.640399999999993,8
12,2022-02-06 09:30:00-05:00,2024-02-06 09:30:00-05:00,2024-05-06 09:30:00-04:00,25.0,1.0,20,163,86,77,0.5276073619631901,0.011550920245398793,1.8828000000000031,1.0277867966965184,-9.150399999999998,8
12,2022-02-06 09:30:00-05:00,2024-02-06 09:30:00-05:00,2024-05-06 09:30:00-04:00,25.0,1.3,10,160,77,83,0.48125,0.03285000000000003,5.256000000000005,1.0909260758547674,-8.890399999999996,6
12,2022-02-06 09:30:00-05:00,2024-02-06 09:30:00-05:00,2024-05-06 09:30:00-04:00,25.0,1.3,15,155,81,74,0.5225806451612903,0.03992258064516134,6.188000000000008,1.0968151750120474,-9.040399999999995,8
12,2022-02-06 09:30:00-05:00,2024-02-06 09:30:00-05:00,2024-05-06 09:30:00-04:00,25.0,1.3,20,153,72,81,0.47058823529411764,-0.0006745098039215176,-0.10319999999999219,0.9985665949964166,-10.427999999999987,8
12,2022-02-06 09:30:00-05:00,2024-02-06 09:30:00-05:00,2024-05-06 09:30:00-04:00,25.0,1.5,10,158,74,84,0.46835443037974683,0.01623291139240509,2.5648000000000044,1.0425131278841562,-8.690399999999997,7
12,2022-02-06 09:30:00-05:00,2024-02-06 09:30:00-05:00,2024-05-06 09:30:00-04:00,25.0,1.5,15,151,78,73,0.5165562913907285,0.054739072847682146,8.265600000000004,1.1299802488394624,-8.96239999999999,8
12,2022-02-06 09:30:00-05:00,2024-02-06 09:30:00-05:00,2024-05-06 09:30:00-04:00,25.0,1.5,20,148,68,80,0.4594594594594595,0.019383783783783796,2.868800000000002,1.0404786093238518,-9.687999999999997,8
12,2022-02-06 09:30:00-05:00,2024-02-06 09:30:00-05:00,2024-05-06 09:30:00-04:00,25.0,1.75,10,154,70,84,0.45454545454545453,0.00709350649350652,1.092400000000004,1.0180622887717508,-8.440399999999999,7
12,2022-02-06 09:30:00-05:00,2024-02-06 09:30:00-05:00,2024-05-06 09:30:00-04:00,25.0,1.75,15,148,74,74,0.5,0.0729648648648649,10.798800000000005,1.167590586570157,-8.712399999999992,8
12,2022-02-06 09:30:00-05:00,2024-02-06 09:30:00-05:00,2024-05-06 09:30:00-04:00,25.0,1.75,20,144,65,79,0.4513888888888889,0.06282222222222225,9.046400000000004,1.1284861293383106,-8.937999999999999,8
13,2022-05-06 09:30:00-04:00,2024-05-06 09:30:00-04:00,2024-08-06 09:30:00-04:00,15.0,1.0,10,76,31,45,0.40789473684210525,-0.25821052631578956,-19.624000000000006,0.5939582040140698,-20.549999999999997,6
13,2022-05-06 09:30:00-04:00,2024-05-06 09:30:00-04:00,2024-08-06 09:30:00-04:00,15.0,1.0,15,76,31,45,0.40789473684210525,-0.25821052631578956,-19.624000000000006,0.5939582040140698,-20.549999999999997,6
13,2022-05-06 09:30:00-04:00,2024-05-06 09:30:00-04:00,2024-08-06 09:30:00-04:00,15.0,1.0,20,76,31,45,0.40789473684210525,-0.25821052631578956,-19.624000000000006,0.5939582040140698,-20.549999999999997,6
13,2022-05-06 09:30:00-04:00,2024-05-06 09:30:00-04:00,2024-08-06 09:30:00-04:00,15.0,1.3,10,71,23,48,0.323943661971831,-0.32892957746478885,-23.35400000000001,0.5469816883923028,-24.88400000000003,8
13,2022-05-06 09:30:00-04:00,2024-05-06 09:30:00-04:00,2024-08-06 09:30:00-04:00,15.0,1.3,15,71,23,48,0.323943661971831,-0.32892957746478885,-23.35400000000001,0.5469816883923028,-24.88400000000003,8
13,2022-05-06 09:30:00-04:00,2024-05-06 09:30:00-04:00,2024-08-06 09:30:00-04:00,15.0,1.3,20,71,23,48,0.323943661971831,-0.32892957746478885,-23.35400000000001,0.5469816883923028,-24.88400000000003,8
13,2022-05-06 09:30:00-04:00,2024-05-06 09:30:00-04:00,2024-08-06 09:30:00-04:00,15.0,1.5,10,69,20,49,0.2898550724637681,-0.34936231884057983,-24.10600000000001,0.5419374453692091,-26.236000000000033,11
13,2022-05-06 09:30:00-04:00,2024-05-06 09:30:00-04:00,2024-08-06 09:30:00-04:00,15.0,1.5,15,69,20,49,0.2898550724637681,-0.34936231884057983,-24.10600000000001,0.5419374453692091,-26.236000000000033,11
13,2022-05-06 09:30:00-04:00,2024-05-06 09:30:00-04:00,2024-08-06 09:30:00-04:00,15.0,1.5,20,69,20,49,0.2898550724637681,-0.34936231884057983,-24.10600000000001,0.5419374453692091,-26.236000000000033,11
13,2022-05-06 09:30:00-04:00,2024-05-06 09:30:00-04:00,2024-08-06 09:30:00-04:00,15.0,1.75,10,65,20,45,0.3076923076923077,-0.22784615384615386,-14.81,0.6935650734533416,-21.904,11
13,2022-05-06 09:30:00-04:00,2024-05-06 09:30:00-04:00,2024-08-06 09:30:00-04:00,15.0,1.75,15,65,20,45,0.3076923076923077,-0.22784615384615386,-14.81,0.6935650734533416,-21.904,11
13,2022-05-06 09:30:00-04:00,2024-05-06 09:30:00-04:00,2024-08-06 09:30:00-04:00,15.0,1.75,20,65,20,45,0.3076923076923077,-0.22784615384615386,-14.81,0.6935650734533416,-21.904,11
13,2022-05-06 09:30:00-04:00,2024-05-06 09:30:00-04:00,2024-08-06 09:30:00-04:00,20.0,1.0,10,65,25,40,0.38461538461538464,-0.2862692307692306,-18.60749999999999,0.5592728564661298,-20.385500000000004,10
13,2022-05-06 09:30:00-04:00,2024-05-06 09:30:00-04:00,2024-08-06 09:30:00-04:00,20.0,1.0,15,65,25,40,0.38461538461538464,-0.2862692307692306,-18.60749999999999,0.5592728564661298,-20.385500000000004,10
13,2022-05-06 09:30:00-04:00,2024-05-06 09:30:00-04:00,2024-08-06 09:30:00-04:00,20.0,1.0,20,65,25,40,0.38461538461538464,-0.2862692307692306,-18.60749999999999,0.5592728564661298,-20.385500000000004,10
13,2022-05-06 09:30:00-04:00,2024-05-06 09:30:00-04:00,2024-08-06 09:30:00-04:00,20.0,1.3,10,60,22,38,0.36666666666666664,-0.23779166666666665,-14.267499999999998,0.6442818320077784,-17.213,11
13,2022-05-06 09:30:00-04:00,2024-05-06 09:30:00-04:00,2024-08-06 09:30:00-04:00,20.0,1.3,15,60,22,38,0.36666666666666664,-0.21216666666666664,-12.729999999999999,0.6826148744670768,-15.6755,11
13,2022-05-06 09:30:00-04:00,2024-05-06 09:30:00-04:00,2024-08-06 09:30:00-04:00,20.0,1.3,20,60,22,38,0.36666666666666664,-0.21216666666666664,-12.729999999999999,0.6826148744670768,-15.6755,11
13,2022-05-06 09:30:00-04:00,2024-05-06 09:30:00-04:00,2024-08-06 09:30:00-04:00,20.0,1.5,10,58,20,38,0.3448275862068966,-0.20937931034482749,-12.143999999999995,0.6972250617068488,-17.7825,11
13,2022-05-06 09:30:00-04:00,2024-05-06 09:30:00-04:00,2024-08-06 09:30:00-04:00,20.0,1.5,15,58,20,38,0.3448275862068966,-0.19343103448275853,-11.218999999999994,0.7202872173327682,-17.22,11
13,2022-05-06 09:30:00-04:00,2024-05-06 09:30:00-04:00,2024-08-06 09:30:00-04:00,20.0,1.5,20,58,20,38,0.3448275862068966,-0.19343103448275853,-11.218999999999994,0.7202872173327682,-17.22,11
13,2022-05-06 09:30:00-04:00,2024-05-06 09:30:00-04:00,2024-08-06 09:30:00-04:00,20.0,1.75,10,52,19,33,0.36538461538461536,-0.10309615384615375,-5.360999999999995,0.8460875931269112,-11.6105,11
13,2022-05-06 09:30:00-04:00,2024-05-06 09:30:00-04:00,2024-08-06 09:30:00-04:00,20.0,1.75,15,52,18,34,0.34615384615384615,-0.103576923076923,-5.385999999999996,0.8499177975311395,-11.6105,11
13,2022-05-06 09:30:00-04:00,2024-05-06 09:30:00-04:00,2024-08-06 09:30:00-04:00,20.0,1.75,20,52,18,34,0.34615384615384615,-0.103576923076923,-5.385999999999996,0.8499177975311395,-11.6105,11
13,2022-05-06 09:30:00-04:00,2024-05-06 09:30:00-04:00,2024-08-06 09:30:00-04:00,25.0,1.0,10,57,23,34,0.40350877192982454,-0.25282105263157895,-14.4108,0.5910623276087128,-15.366399999999986,10
13,2022-05-06 09:30:00-04:00,2024-05-06 09:30:00-04:00,2024-08-06 09:30:00-04:00,25.0,1.0,15,57,23,34,0.40350877192982454,-0.2373824561403509,-13.530800000000001,0.6189537477189268,-14.486399999999989,10
13,2022-05-06 09:30:00-04:00,2024-05-06 09:30:00-04:00,2024-08-06 09:30:00-04:00,25.0,1.0,20,57,23,34,0.40350877192982454,-0.2373824561403509,-13.530800000000001,0.6189537477189268,-14.486399999999989,10
13,2022-05-06 09:30:00-04:00,2024-05-06 09:30:00-04:00,2024-08-06 09:30:00-04:00,25.0,1.3,10,51,21,30,0.4117647058823529,-0.14596862745098033,-7.444399999999996,0.760337389736656,-11.043999999999999,10
13,2022-05-06 09:30:00-04:00,2024-05-06 09:30:00-04:00,2024-08-06 09:30:00-04:00,25.0,1.3,15,51,21,30,0.4117647058823529,-0.0973411764705882,-4.964399999999998,0.8415549597855231,-10.443999999999999,10
13,2022-05-06 09:30:00-04:00,2024-05-06 09:30:00-04:00,2024-08-06 09:30:00-04:00,25.0,1.3,20,51,21,30,0.4117647058823529,-0.0973411764705882,-4.964399999999998,0.8415549597855231,-10.443999999999999,10
13,2022-05-06 09:30:00-04:00,2024-05-06 09:30:00-04:00,2024-08-06 09:30:00-04:00,25.0,1.5,10,45,19,26,0.4222222222222222,-0.11951111111111107,-5.377999999999998,0.7984590247485425,-11.110799999999998,10
13,2022-05-06 09:30:00-04:00,2024-05-06 09:30:00-04:00,2024-08-06 09:30:00-04:00,25.0,1.5,15,45,16,29,0.35555555555555557,-0.17439999999999997,-7.847999999999999,0.7408840581624163,-11.450799999999997,10
13,2022-05-06 09:30:00-04:00,2024-05-06 09:30:00-04:00,2024-08-06 09:30:00-04:00,25.0,1.5,20,45,16,29,0.35555555555555557,-0.1957333333333333,-8.807999999999998,0.7091879184880941,-11.580799999999998,10
13,2022-05-06 09:30:00-04:00,2024-05-06 09:30:00-04:00,2024-08-06 09:30:00-04:00,25.0,1.75,10,42,17,25,0.40476190476190477,-0.16487619047619045,-6.924799999999999,0.7299219968798754,-10.496399999999998,10
13,2022-05-06 09:30:00-04:00,2024-05-06 09:30:00-04:00,2024-08-06 09:30:00-04:00,25.0,1.75,15,41,12,29,0.2926829268292683,-0.273180487804878,-11.200399999999998,0.6178329170590565,-13.031599999999994,10
13,2022-05-06 09:30:00-04:00,2024-05-06 09:30:00-04:00,2024-08-06 09:30:00-04:00,25.0,1.75,20,41,12,29,0.2926829268292683,-0.29391219512195116,-12.050399999999998,0.5889704477856307,-12.355999999999993,10
14,2022-08-06 09:30:00-04:00,2024-08-06 09:30:00-04:00,2024-11-06 09:30:00-05:00,15.0,1.0,10,209,119,90,0.569377990430622,0.05749920255183418,12.017333333333344,1.124993932669972,-10.47800000000004,6
14,2022-08-06 09:30:00-04:00,2024-08-06 09:30:00-04:00,2024-11-06 09:30:00-05:00,15.0,1.0,15,209,116,93,0.5550239234449761,0.044181818181818225,9.234000000000009,1.0940498258336562,-10.478000000000018,6
14,2022-08-06 09:30:00-04:00,2024-08-06 09:30:00-04:00,2024-11-06 09:30:00-05:00,15.0,1.0,20,209,116,93,0.5550239234449761,0.04442105263157899,9.28400000000001,1.094607263685648,-10.478000000000018,6
14,2022-08-06 09:30:00-04:00,2024-08-06 09:30:00-04:00,2024-11-06 09:30:00-05:00,15.0,1.3,10,201,101,100,0.5024875621890548,0.059416252072968495,11.942666666666668,1.1117355371900826,-9.694666666666677,6
14,2022-08-06 09:30:00-04:00,2024-08-06 09:30:00-04:00,2024-11-06 09:30:00-05:00,15.0,1.3,15,201,97,104,0.48258706467661694,0.046232172470978446,9.292666666666667,1.0847644182822114,-9.078000000000005,6
14,2022-08-06 09:30:00-04:00,2024-08-06 09:30:00-04:00,2024-11-06 09:30:00-05:00,15.0,1.3,20,201,97,104,0.48258706467661694,0.04465671641791044,8.975999999999999,1.081640077856402,-9.078000000000001,6
14,2022-08-06 09:30:00-04:00,2024-08-06 09:30:00-04:00,2024-11-06 09:30:00-05:00,15.0,1.5,10,186,93,93,0.5,0.14087455197132617,26.20266666666667,1.2637002844721166,-7.090000000000014,6
14,2022-08-06 09:30:00-04:00,2024-08-06 09:30:00-04:00,2024-11-06 09:30:00-05:00,15.0,1.5,15,186,89,97,0.478494623655914,0.13334767025089606,24.802666666666667,1.2428982744324824,-7.873333333333349,6
14,2022-08-06 09:30:00-04:00,2024-08-06 09:30:00-04:00,2024-11-06 09:30:00-05:00,15.0,1.5,20,186,89,97,0.478494623655914,0.13164516129032258,24.486,1.2390557269496623,-8.240000000000016,6
14,2022-08-06 09:30:00-04:00,2024-08-06 09:30:00-04:00,2024-11-06 09:30:00-05:00,15.0,1.75,10,175,86,89,0.49142857142857144,0.21304761904761896,37.28333333333332,1.3950091468367485,-8.516000000000009,6
14,2022-08-06 09:30:00-04:00,2024-08-06 09:30:00-04:00,2024-11-06 09:30:00-05:00,15.0,1.75,15,175,81,94,0.46285714285714286,0.20409523809523802,35.716666666666654,1.3630751089394753,-9.299333333333347,9
14,2022-08-06 09:30:00-04:00,2024-08-06 09:30:00-04:00,2024-11-06 09:30:00-05:00,15.0,1.75,20,174,82,92,0.47126436781609193,0.2204444444444444,38.35733333333332,1.3952001208899145,-9.666000000000011,9
14,2022-08-06 09:30:00-04:00,2024-08-06 09:30:00-04:00,2024-11-06 09:30:00-05:00,20.0,1.0,10,193,104,89,0.538860103626943,0.009266839378238422,1.7885000000000155,1.019650714995962,-8.386500000000007,6
14,2022-08-06 09:30:00-04:00,2024-08-06 09:30:00-04:00,2024-11-06 09:30:00-05:00,20.0,1.0,15,193,99,94,0.5129533678756477,-0.008673575129533593,-1.6739999999999835,0.9824121790931871,-8.6365,6
14,2022-08-06 09:30:00-04:00,2024-08-06 09:30:00-04:00,2024-11-06 09:30:00-05:00,20.0,1.0,20,193,100,93,0.5181347150259067,-0.008608808290155352,-1.6614999999999829,0.9826132909173675,-8.935499999999992,6
14,2022-08-06 09:30:00-04:00,2024-08-06 09:30:00-04:00,2024-11-06 09:30:00-05:00,20.0,1.3,10,172,89,83,0.5174418604651163,0.089921511627907,15.466500000000003,1.1837007387699838,-8.658500000000002,6
14,2022-08-06 09:30:00-04:00,2024-08-06 09:30:00-04:00,2024-11-06 09:30:00-05:00,20.0,1.3,15,172,84,88,0.4883720930232558,0.08352616279069768,14.3665,1.1615184408605175,-8.783500000000002,6
14,2022-08-06 09:30:00-04:00,2024-08-06 09:30:00-04:00,2024-11-06 09:30:00-05:00,20.0,1.3,20,171,86,85,0.5029239766081871,0.09815497076023391,16.784499999999998,1.1909390819634837,-8.183500000000002,6
14,2022-08-06 09:30:00-04:00,2024-08-06 09:30:00-04:00,2024-11-06 09:30:00-05:00,20.0,1.5,10,165,79,86,0.47878787878787876,0.06737878787878797,11.117500000000016,1.131902877719181,-10.1125,7
14,2022-08-06 09:30:00-04:00,2024-08-06 09:30:00-04:00,2024-11-06 09:30:00-05:00,20.0,1.5,15,164,74,90,0.45121951219512196,0.06210670731707327,10.185500000000015,1.1140178546441664,-10.853000000000002,6
14,2022-08-06 09:30:00-04:00,2024-08-06 09:30:00-04:00,2024-11-06 09:30:00-05:00,20.0,1.5,20,161,76,85,0.4720496894409938,0.11142546583850942,17.939500000000017,1.2077413004458344,-7.559999999999998,6
14,2022-08-06 09:30:00-04:00,2024-08-06 09:30:00-04:00,2024-11-06 09:30:00-05:00,20.0,1.75,10,157,75,82,0.47770700636942676,0.16209554140127402,25.449000000000023,1.3178601984674663,-8.408499999999998,6
14,2022-08-06 09:30:00-04:00,2024-08-06 09:30:00-04:00,2024-11-06 09:30:00-05:00,20.0,1.75,15,155,72,83,0.4645161290322581,0.18070967741935495,28.01000000000002,1.3393855679346673,-10.9085,6
14,2022-08-06 09:30:00-04:00,2024-08-06 09:30:00-04:00,2024-11-06 09:30:00-05:00,20.0,1.75,20,151,74,77,0.4900662251655629,0.2565860927152319,38.744500000000016,1.4972917816482916,-7.365499999999997,6
14,2022-08-06 09:30:00-04:00,2024-08-06 09:30:00-04:00,2024-11-06 09:30:00-05:00,25.0,1.0,10,167,96,71,0.5748502994011976,0.10128862275449105,16.915200000000006,1.2601441964615274,-6.395199999999981,6
14,2022-08-06 09:30:00-04:00,2024-08-06 09:30:00-04:00,2024-11-06 09:30:00-05:00,25.0,1.0,15,166,93,73,0.5602409638554217,0.0868048192771085,14.40960000000001,1.2061423838217378,-6.125199999999991,5
14,2022-08-06 09:30:00-04:00,2024-08-06 09:30:00-04:00,2024-11-06 09:30:00-05:00,25.0,1.0,20,165,95,70,0.5757575757575758,0.10693333333333337,17.644000000000005,1.2559772516248848,-5.848,5
14,2022-08-06 09:30:00-04:00,2024-08-06 09:30:00-04:00,2024-11-06 09:30:00-05:00,25.0,1.3,10,153,79,74,0.5163398692810458,0.11827973856209154,18.096800000000005,1.285548381395995,-8.6824,6
14,2022-08-06 09:30:00-04:00,2024-08-06 09:30:00-04:00,2024-11-06 09:30:00-05:00,25.0,1.3,15,151,78,73,0.5165562913907285,0.12851390728476828,19.40560000000001,1.282504891456257,-10.592399999999998,6
14,2022-08-06 09:30:00-04:00,2024-08-06 09:30:00-04:00,2024-11-06 09:30:00-05:00,25.0,1.3,20,147,82,65,0.5578231292517006,0.20410340136054425,30.003200000000007,1.4770287458661921,-6.6815999999999995,5
14,2022-08-06 09:30:00-04:00,2024-08-06 09:30:00-04:00,2024-11-06 09:30:00-05:00,25.0,1.5,10,146,77,69,0.5273972602739726,0.1941616438356165,28.347600000000007,1.4729834350014015,-7.9516,6
14,2022-08-06 09:30:00-04:00,2024-08-06 09:30:00-04:00,2024-11-06 09:30:00-05:00,25.0,1.5,15,144,76,68,0.5277777777777778,0.2155305555555556,31.036400000000004,1.4843443738373767,-9.358,5
14,2022-08-06 09:30:00-04:00,2024-08-06 09:30:00-04:00,2024-11-06 09:30:00-05:00,25.0,1.5,20,141,78,63,0.5531914893617021,0.2715574468085107,38.28960000000001,1.6367040700265394,-8.5816,5
14,2022-08-06 09:30:00-04:00,2024-08-06 09:30:00-04:00,2024-11-06 09:30:00-05:00,25.0,1.75,10,140,73,67,0.5214285714285715,0.19602857142857147,27.444000000000006,1.4690897157156335,-7.451599999999999,6
14,2022-08-06 09:30:00-04:00,2024-08-06 09:30:00-04:00,2024-11-06 09:30:00-05:00,25.0,1.75,15,137,68,69,0.49635036496350365,0.23859270072992703,32.687200000000004,1.5159485806647137,-8.636,5
14,2022-08-06 09:30:00-04:00,2024-08-06 09:30:00-04:00,2024-11-06 09:30:00-05:00,25.0,1.75,20,133,71,62,0.5338345864661654,0.3291338345864663,43.77480000000001,1.7444339385199346,-8.0816,5
15,2022-11-06 09:30:00-05:00,2024-11-06 09:30:00-05:00,2025-02-06 09:30:00-05:00,15.0,1.0,10,150,77,73,0.5133333333333333,-0.04733333333333332,-7.099999999999998,0.9094410856865897,-16.773999999999997,8
15,2022-11-06 09:30:00-05:00,2024-11-06 09:30:00-05:00,2025-02-06 09:30:00-05:00,15.0,1.0,15,150,77,73,0.5133333333333333,-0.04733333333333332,-7.099999999999998,0.9094410856865897,-16.773999999999997,8
15,2022-11-06 09:30:00-05:00,2024-11-06 09:30:00-05:00,2025-02-06 09:30:00-05:00,15.0,1.0,20,150,77,73,0.5133333333333333,-0.04733333333333332,-7.099999999999998,0.9094410856865897,-16.773999999999997,8
15,2022-11-06 09:30:00-05:00,2024-11-06 09:30:00-05:00,2025-02-06 09:30:00-05:00,15.0,1.3,10,137,62,75,0.45255474452554745,-0.030934306569343095,-4.238000000000004,0.947190031152648,-14.447999999999997,7
15,2022-11-06 09:30:00-05:00,2024-11-06 09:30:00-05:00,2025-02-06 09:30:00-05:00,15.0,1.3,15,137,63,74,0.45985401459854014,-0.025216545012165466,-3.454666666666669,0.9565319509453587,-14.447999999999997,7
15,2022-11-06 09:30:00-05:00,2024-11-06 09:30:00-05:00,2025-02-06 09:30:00-05:00,15.0,1.3,20,137,63,74,0.45985401459854014,-0.016335766423357694,-2.238000000000004,0.9718405556394383,-14.447999999999997,7
15,2022-11-06 09:30:00-05:00,2024-11-06 09:30:00-05:00,2025-02-06 09:30:00-05:00,15.0,1.5,10,129,60,69,0.46511627906976744,0.07277002583979326,9.38733333333333,1.1271892980697142,-9.331999999999997,7
15,2022-11-06 09:30:00-05:00,2024-11-06 09:30:00-05:00,2025-02-06 09:30:00-05:00,15.0,1.5,15,129,60,69,0.46511627906976744,0.06811886304909559,8.787333333333331,1.1185778929281482,-9.331999999999997,7
15,2022-11-06 09:30:00-05:00,2024-11-06 09:30:00-05:00,2025-02-06 09:30:00-05:00,15.0,1.5,20,129,59,70,0.4573643410852713,0.06941085271317828,8.953999999999997,1.119100824687417,-9.331999999999997,7
15,2022-11-06 09:30:00-05:00,2024-11-06 09:30:00-05:00,2025-02-06 09:30:00-05:00,15.0,1.75,10,125,55,70,0.44,0.11226666666666665,14.033333333333331,1.1891794733531051,-12.182000000000013,8
15,2022-11-06 09:30:00-05:00,2024-11-06 09:30:00-05:00,2025-02-06 09:30:00-05:00,15.0,1.75,15,124,56,68,0.45161290322580644,0.13097311827956987,16.240666666666662,1.2223774053382992,-10.008000000000015,7
15,2022-11-06 09:30:00-05:00,2024-11-06 09:30:00-05:00,2025-02-06 09:30:00-05:00,15.0,1.75,20,124,54,70,0.43548387096774194,0.12962903225806444,16.07399999999999,1.2159613059250305,-10.008000000000012,7
15,2022-11-06 09:30:00-05:00,2024-11-06 09:30:00-05:00,2025-02-06 09:30:00-05:00,20.0,1.0,10,127,61,66,0.48031496062992124,-0.09172047244094483,-11.648499999999993,0.8295457871169772,-18.62600000000001,7
15,2022-11-06 09:30:00-05:00,2024-11-06 09:30:00-05:00,2025-02-06 09:30:00-05:00,20.0,1.0,15,127,62,65,0.4881889763779528,-0.08886614173228341,-11.285999999999992,0.8342609589544017,-18.85100000000001,7
15,2022-11-06 09:30:00-05:00,2024-11-06 09:30:00-05:00,2025-02-06 09:30:00-05:00,20.0,1.0,20,127,61,66,0.48031496062992124,-0.09487007874015745,-12.048499999999995,0.8270459210771857,-20.55100000000001,7
15,2022-11-06 09:30:00-05:00,2024-11-06 09:30:00-05:00,2025-02-06 09:30:00-05:00,20.0,1.3,10,118,55,63,0.4661016949152542,-0.004334745762711841,-0.5114999999999972,0.9922525237990657,-13.967000000000002,8
15,2022-11-06 09:30:00-05:00,2024-11-06 09:30:00-05:00,2025-02-06 09:30:00-05:00,20.0,1.3,15,117,56,61,0.47863247863247865,0.018645299145299166,2.1815000000000024,1.0338818522804047,-12.099000000000002,7
15,2022-11-06 09:30:00-05:00,2024-11-06 09:30:00-05:00,2025-02-06 09:30:00-05:00,20.0,1.3,20,117,54,63,0.46153846153846156,0.006038461538461555,0.7065000000000019,1.010624619340868,-12.099,7
15,2022-11-06 09:30:00-05:00,2024-11-06 09:30:00-05:00,2025-02-06 09:30:00-05:00,20.0,1.5,10,117,47,70,0.4017094017094017,-0.05026495726495722,-5.880999999999995,0.9167557238401927,-18.306000000000004,8
15,2022-11-06 09:30:00-05:00,2024-11-06 09:30:00-05:00,2025-02-06 09:30:00-05:00,20.0,1.5,15,116,50,66,0.43103448275862066,-0.008409482758620622,-0.9754999999999923,0.9857279756548964,-14.888000000000003,7
15,2022-11-06 09:30:00-05:00,2024-11-06 09:30:00-05:00,2025-02-06 09:30:00-05:00,20.0,1.5,20,116,48,68,0.41379310344827586,-0.014012931034482676,-1.6254999999999904,0.9770932125166465,-15.775500000000003,7
15,2022-11-06 09:30:00-05:00,2024-11-06 09:30:00-05:00,2025-02-06 09:30:00-05:00,20.0,1.75,10,114,40,74,0.3508771929824561,-0.09946929824561399,-11.339499999999994,0.8470621556555106,-24.443500000000007,10
15,2022-11-06 09:30:00-05:00,2024-11-06 09:30:00-05:00,2025-02-06 09:30:00-05:00,20.0,1.75,15,111,43,68,0.38738738738738737,-0.03658108108108101,-4.060499999999992,0.9423727851379833,-21.025500000000008,7
15,2022-11-06 09:30:00-05:00,2024-11-06 09:30:00-05:00,2025-02-06 09:30:00-05:00,20.0,1.75,20,111,41,70,0.36936936936936937,-0.05234684684684679,-5.810499999999994,0.9204830818707451,-23.063000000000002,10
15,2022-11-06 09:30:00-05:00,2024-11-06 09:30:00-05:00,2025-02-06 09:30:00-05:00,25.0,1.0,10,114,61,53,0.5350877192982456,0.020600000000000007,2.3484000000000007,1.043721096490248,-12.500799999999987,10
15,2022-11-06 09:30:00-05:00,2024-11-06 09:30:00-05:00,2025-02-06 09:30:00-05:00,25.0,1.0,15,113,62,51,0.5486725663716814,0.031883185840707984,3.6028000000000024,1.0676399246025488,-11.754799999999994,10
15,2022-11-06 09:30:00-05:00,2024-11-06 09:30:00-05:00,2025-02-06 09:30:00-05:00,25.0,1.0,20,113,60,53,0.5309734513274337,0.02506902654867261,2.8328000000000046,1.051974929912372,-11.754799999999994,10
15,2022-11-06 09:30:00-05:00,2024-11-06 09:30:00-05:00,2025-02-06 09:30:00-05:00,25.0,1.3,10,108,46,62,0.42592592592592593,-0.04699259259259253,-5.0751999999999935,0.9144477334178427,-15.962799999999998,10
15,2022-11-06 09:30:00-05:00,2024-11-06 09:30:00-05:00,2025-02-06 09:30:00-05:00,25.0,1.3,15,105,49,56,0.4666666666666667,0.001980952380952429,0.20800000000000507,1.0036467939771798,-12.553599999999996,9
15,2022-11-06 09:30:00-05:00,2024-11-06 09:30:00-05:00,2025-02-06 09:30:00-05:00,25.0,1.3,20,105,47,58,0.44761904761904764,-0.005066666666666638,-0.5319999999999969,0.9909639372774958,-13.556799999999997,9
15,2022-11-06 09:30:00-05:00,2024-11-06 09:30:00-05:00,2025-02-06 09:30:00-05:00,25.0,1.5,10,108,40,68,0.37037037037037035,-0.10106666666666662,-10.915199999999995,0.8311887558151045,-21.639199999999988,12
15,2022-11-06 09:30:00-05:00,2024-11-06 09:30:00-05:00,2025-02-06 09:30:00-05:00,25.0,1.5,15,104,43,61,0.41346153846153844,-0.06507307692307689,-6.767599999999996,0.8912982023309303,-19.387599999999992,9
15,2022-11-06 09:30:00-05:00,2024-11-06 09:30:00-05:00,2025-02-06 09:30:00-05:00,25.0,1.5,20,104,41,63,0.3942307692307692,-0.06141923076923074,-6.387599999999997,0.9003451008780415,-20.56759999999999,11
15,2022-11-06 09:30:00-05:00,2024-11-06 09:30:00-05:00,2025-02-06 09:30:00-05:00,25.0,1.75,10,100,35,65,0.35,-0.08799999999999994,-8.799999999999994,0.8583295769206002,-20.24159999999999,13
15,2022-11-06 09:30:00-05:00,2024-11-06 09:30:00-05:00,2025-02-06 09:30:00-05:00,25.0,1.75,15,97,38,59,0.3917525773195876,-0.05831752577319581,-5.656799999999993,0.9072345505710104,-17.63399999999999,9
15,2022-11-06 09:30:00-05:00,2024-11-06 09:30:00-05:00,2025-02-06 09:30:00-05:00,25.0,1.75,20,97,35,62,0.36082474226804123,-0.06584329896907208,-6.386799999999992,0.8970083595644768,-19.26679999999999,12
16,2023-02-06 09:30:00-05:00,2025-02-06 09:30:00-05:00,2025-05-06 09:30:00-04:00,15.0,1.0,10,481,254,227,0.5280665280665281,-0.015649341649341605,-7.527333333333313,0.9687789474266343,-25.69733333333333,8
16,2023-02-06 09:30:00-05:00,2025-02-06 09:30:00-05:00,2025-05-06 09:30:00-04:00,15.0,1.0,15,475,250,225,0.5263157894736842,-0.019192982456140314,-9.11666666666665,0.961966346822417,-24.90666666666666,8
16,2023-02-06 09:30:00-05:00,2025-02-06 09:30:00-05:00,2025-05-06 09:30:00-04:00,15.0,1.0,20,471,249,222,0.5286624203821656,-0.019364472753007757,-9.120666666666654,0.9616931080634594,-25.50666666666666,8
16,2023-02-06 09:30:00-05:00,2025-02-06 09:30:00-05:00,2025-05-06 09:30:00-04:00,15.0,1.3,10,444,213,231,0.4797297297297297,0.027351351351351322,12.143999999999988,1.049487762536981,-28.165333333333336,8
16,2023-02-06 09:30:00-05:00,2025-02-06 09:30:00-05:00,2025-05-06 09:30:00-04:00,15.0,1.3,15,438,208,230,0.4748858447488584,0.019911719939117178,8.721333333333323,1.035587111165517,-27.374666666666666,8
16,2023-02-06 09:30:00-05:00,2025-02-06 09:30:00-05:00,2025-05-06 09:30:00-04:00,15.0,1.3,20,434,207,227,0.4769585253456221,0.018703533026113647,8.117333333333322,1.0333409091531418,-27.974666666666664,8
16,2023-02-06 09:30:00-05:00,2025-02-06 09:30:00-05:00,2025-05-06 09:30:00-04:00,15.0,1.5,10,427,187,240,0.4379391100702576,0.01811553473848555,7.73533333333333,1.0303910526729352,-35.96666666666675,8
16,2023-02-06 09:30:00-05:00,2025-02-06 09:30:00-05:00,2025-05-06 09:30:00-04:00,15.0,1.5,15,421,182,239,0.4323040380047506,0.008026920031670621,3.3793333333333315,1.0132660218160496,-35.342000000000006,8
16,2023-02-06 09:30:00-05:00,2025-02-06 09:30:00-05:00,2025-05-06 09:30:00-04:00,15.0,1.5,20,418,182,236,0.4354066985645933,0.009094098883572564,3.801333333333332,1.015017276979478,-35.468666666666735,8
16,2023-02-06 09:30:00-05:00,2025-02-06 09:30:00-05:00,2025-05-06 09:30:00-04:00,15.0,1.75,10,403,166,237,0.4119106699751861,0.04671960297766748,18.827999999999996,1.0747623472232144,-32.80733333333333,8
16,2023-02-06 09:30:00-05:00,2025-02-06 09:30:00-05:00,2025-05-06 09:30:00-04:00,15.0,1.75,15,397,162,235,0.4080604534005038,0.046570948782535655,18.488666666666656,1.0738247351328327,-32.499999999999986,8
16,2023-02-06 09:30:00-05:00,2025-02-06 09:30:00-05:00,2025-05-06 09:30:00-04:00,15.0,1.75,20,394,162,232,0.41116751269035534,0.0496886632825719,19.57733333333333,1.07867606871497,-32.499999999999986,8
16,2023-02-06 09:30:00-05:00,2025-02-06 09:30:00-05:00,2025-05-06 09:30:00-04:00,20.0,1.0,10,416,228,188,0.5480769230769231,0.044139423076923125,18.36200000000002,1.095252669611431,-20.165500000000005,6
16,2023-02-06 09:30:00-05:00,2025-02-06 09:30:00-05:00,2025-05-06 09:30:00-04:00,20.0,1.0,15,410,223,187,0.5439024390243903,0.03626829268292689,14.870000000000024,1.076328432982917,-19.32250000000001,7
16,2023-02-06 09:30:00-05:00,2025-02-06 09:30:00-05:00,2025-05-06 09:30:00-04:00,20.0,1.0,20,408,223,185,0.5465686274509803,0.036932598039215746,15.068500000000025,1.0777307781589331,-19.772500000000008,7
16,2023-02-06 09:30:00-05:00,2025-02-06 09:30:00-05:00,2025-05-06 09:30:00-04:00,20.0,1.3,10,377,188,189,0.4986737400530504,0.08750397877984085,32.989000000000004,1.1710032164508113,-17.607,6
16,2023-02-06 09:30:00-05:00,2025-02-06 09:30:00-05:00,2025-05-06 09:30:00-04:00,20.0,1.3,15,371,182,189,0.49056603773584906,0.07131940700808627,26.459500000000006,1.1348069310209552,-20.776500000000002,7
16,2023-02-06 09:30:00-05:00,2025-02-06 09:30:00-05:00,2025-05-06 09:30:00-04:00,20.0,1.3,20,369,181,188,0.4905149051490515,0.07027913279132794,25.93300000000001,1.1316252287186934,-21.2265,7
16,2023-02-06 09:30:00-05:00,2025-02-06 09:30:00-05:00,2025-05-06 09:30:00-04:00,20.0,1.5,10,363,159,204,0.4380165289256198,0.01760606060606066,6.3910000000000196,1.0305209721247202,-22.54050000000002,8
16,2023-02-06 09:30:00-05:00,2025-02-06 09:30:00-05:00,2025-05-06 09:30:00-04:00,20.0,1.5,15,356,152,204,0.42696629213483145,0.008755617977528137,3.117000000000017,1.0146503446379596,-26.708500000000015,8
16,2023-02-06 09:30:00-05:00,2025-02-06 09:30:00-05:00,2025-05-06 09:30:00-04:00,20.0,1.5,20,354,150,204,0.423728813559322,0.0028686440677966585,1.0155000000000172,1.0047685123227657,-27.15850000000001,8
16,2023-02-06 09:30:00-05:00,2025-02-06 09:30:00-05:00,2025-05-06 09:30:00-04:00,20.0,1.75,10,347,150,197,0.4322766570605187,0.0866829971181557,30.07900000000003,1.1491211327237079,-22.038500000000013,9
16,2023-02-06 09:30:00-05:00,2025-02-06 09:30:00-05:00,2025-05-06 09:30:00-04:00,20.0,1.75,15,339,140,199,0.41297935103244837,0.07410914454277293,25.123000000000022,1.1214290375046219,-26.05100000000001,11
16,2023-02-06 09:30:00-05:00,2025-02-06 09:30:00-05:00,2025-05-06 09:30:00-04:00,20.0,1.75,20,337,139,198,0.4124629080118694,0.07294955489614248,24.584000000000017,1.1189779626524186,-26.051000000000005,11
16,2023-02-06 09:30:00-05:00,2025-02-06 09:30:00-05:00,2025-05-06 09:30:00-04:00,25.0,1.0,10,361,207,154,0.5734072022160664,0.10629252077562332,38.371600000000015,1.2544745058612252,-10.24200000000009,5
16,2023-02-06 09:30:00-05:00,2025-02-06 09:30:00-05:00,2025-05-06 09:30:00-04:00,25.0,1.0,15,353,199,154,0.5637393767705382,0.0830220963172805,29.306800000000017,1.1863972992019218,-11.703999999999976,7
16,2023-02-06 09:30:00-05:00,2025-02-06 09:30:00-05:00,2025-05-06 09:30:00-04:00,25.0,1.0,20,351,197,154,0.5612535612535613,0.08047179487179491,28.245600000000014,1.178489910747462,-12.063999999999975,6
16,2023-02-06 09:30:00-05:00,2025-02-06 09:30:00-05:00,2025-05-06 09:30:00-04:00,25.0,1.3,10,338,167,171,0.4940828402366864,0.06885443786982252,23.27280000000001,1.138609096713329,-12.041199999999996,8
16,2023-02-06 09:30:00-05:00,2025-02-06 09:30:00-05:00,2025-05-06 09:30:00-04:00,25.0,1.3,15,327,159,168,0.48623853211009177,0.06560000000000005,21.451200000000014,1.1252484392990685,-16.441199999999995,10
16,2023-02-06 09:30:00-05:00,2025-02-06 09:30:00-05:00,2025-05-06 09:30:00-04:00,25.0,1.3,20,324,153,171,0.4722222222222222,0.044951851851851916,14.56440000000002,1.0831384887979618,-16.441199999999995,10
16,2023-02-06 09:30:00-05:00,2025-02-06 09:30:00-05:00,2025-05-06 09:30:00-04:00,25.0,1.5,10,319,150,169,0.4702194357366771,0.0813993730407524,25.966400000000014,1.1576936250634633,-20.303599999999996,8
16,2023-02-06 09:30:00-05:00,2025-02-06 09:30:00-05:00,2025-05-06 09:30:00-04:00,25.0,1.5,15,305,136,169,0.4459016393442623,0.06209180327868858,18.938000000000017,1.1108758831781067,-24.089199999999988,10
16,2023-02-06 09:30:00-05:00,2025-02-06 09:30:00-05:00,2025-05-06 09:30:00-04:00,25.0,1.5,20,303,131,172,0.43234323432343236,0.038603300330033063,11.69680000000002,1.0663735595267012,-26.019199999999984,10
16,2023-02-06 09:30:00-05:00,2025-02-06 09:30:00-05:00,2025-05-06 09:30:00-04:00,25.0,1.75,10,303,133,170,0.4389438943894389,0.06952739273927395,21.066800000000008,1.1285125176906938,-12.287199999999997,8
16,2023-02-06 09:30:00-05:00,2025-02-06 09:30:00-05:00,2025-05-06 09:30:00-04:00,25.0,1.75,15,288,118,170,0.4097222222222222,0.047787500000000045,13.762800000000013,1.0806266037094756,-16.837199999999996,10
16,2023-02-06 09:30:00-05:00,2025-02-06 09:30:00-05:00,2025-05-06 09:30:00-04:00,25.0,1.75,20,285,111,174,0.3894736842105263,0.02465263157894742,7.026000000000014,1.039626497978632,-18.03719999999999,10
17,2023-05-06 09:30:00-04:00,2025-05-06 09:30:00-04:00,2025-08-06 09:30:00-04:00,15.0,1.0,10,81,49,32,0.6049382716049383,0.13587654320987658,11.006000000000002,1.320239757914339,-5.035999999999998,2
17,2023-05-06 09:30:00-04:00,2025-05-06 09:30:00-04:00,2025-08-06 09:30:00-04:00,15.0,1.0,15,81,49,32,0.6049382716049383,0.13587654320987658,11.006000000000002,1.320239757914339,-5.035999999999998,2
17,2023-05-06 09:30:00-04:00,2025-05-06 09:30:00-04:00,2025-08-06 09:30:00-04:00,15.0,1.0,20,81,49,32,0.6049382716049383,0.13587654320987658,11.006000000000002,1.320239757914339,-5.035999999999998,2
17,2023-05-06 09:30:00-04:00,2025-05-06 09:30:00-04:00,2025-08-06 09:30:00-04:00,15.0,1.3,10,77,44,33,0.5714285714285714,0.24028571428571419,18.501999999999992,1.5220360024829298,-4.762000000000018,4
17,2023-05-06 09:30:00-04:00,2025-05-06 09:30:00-04:00,2025-08-06 09:30:00-04:00,15.0,1.3,15,77,44,33,0.5714285714285714,0.24028571428571419,18.501999999999992,1.5220360024829298,-4.762000000000018,4
17,2023-05-06 09:30:00-04:00,2025-05-06 09:30:00-04:00,2025-08-06 09:30:00-04:00,15.0,1.3,20,77,44,33,0.5714285714285714,0.24028571428571419,18.501999999999992,1.5220360024829298,-4.762000000000018,4
17,2023-05-06 09:30:00-04:00,2025-05-06 09:30:00-04:00,2025-08-06 09:30:00-04:00,15.0,1.5,10,74,40,34,0.5405405405405406,0.27735135135135125,20.523999999999994,1.562054989593603,-6.443999999999999,6
17,2023-05-06 09:30:00-04:00,2025-05-06 09:30:00-04:00,2025-08-06 09:30:00-04:00,15.0,1.5,15,74,40,34,0.5405405405405406,0.27735135135135125,20.523999999999994,1.562054989593603,-6.443999999999999,6
17,2023-05-06 09:30:00-04:00,2025-05-06 09:30:00-04:00,2025-08-06 09:30:00-04:00,15.0,1.5,20,74,40,34,0.5405405405405406,0.27735135135135125,20.523999999999994,1.562054989593603,-6.443999999999999,6
17,2023-05-06 09:30:00-04:00,2025-05-06 09:30:00-04:00,2025-08-06 09:30:00-04:00,15.0,1.75,10,70,36,34,0.5142857142857142,0.3174285714285713,22.219999999999988,1.6085003833935811,-6.443999999999999,6
17,2023-05-06 09:30:00-04:00,2025-05-06 09:30:00-04:00,2025-08-06 09:30:00-04:00,15.0,1.75,15,70,36,34,0.5142857142857142,0.32909523809523794,23.036666666666655,1.6308650089458503,-6.443999999999999,6
17,2023-05-06 09:30:00-04:00,2025-05-06 09:30:00-04:00,2025-08-06 09:30:00-04:00,15.0,1.75,20,70,36,34,0.5142857142857142,0.3209999999999999,22.46999999999999,1.6153466973381534,-6.443999999999999,6
17,2023-05-06 09:30:00-04:00,2025-05-06 09:30:00-04:00,2025-08-06 09:30:00-04:00,20.0,1.0,10,74,47,27,0.6351351351351351,0.21477027027027035,15.893000000000006,1.557678474305665,-4.665999999999984,3
17,2023-05-06 09:30:00-04:00,2025-05-06 09:30:00-04:00,2025-08-06 09:30:00-04:00,20.0,1.0,15,74,47,27,0.6351351351351351,0.21477027027027035,15.893000000000006,1.557678474305665,-4.665999999999984,3
17,2023-05-06 09:30:00-04:00,2025-05-06 09:30:00-04:00,2025-08-06 09:30:00-04:00,20.0,1.0,20,74,47,27,0.6351351351351351,0.21477027027027035,15.893000000000006,1.557678474305665,-4.665999999999984,3
17,2023-05-06 09:30:00-04:00,2025-05-06 09:30:00-04:00,2025-08-06 09:30:00-04:00,20.0,1.3,10,68,40,28,0.5882352941176471,0.27997794117647057,19.0385,1.6441936793665837,-4.2219999999999995,4
17,2023-05-06 09:30:00-04:00,2025-05-06 09:30:00-04:00,2025-08-06 09:30:00-04:00,20.0,1.3,15,68,40,28,0.5882352941176471,0.28898529411764706,19.651,1.6649184543547408,-4.2219999999999995,4
17,2023-05-06 09:30:00-04:00,2025-05-06 09:30:00-04:00,2025-08-06 09:30:00-04:00,20.0,1.3,20,68,40,28,0.5882352941176471,0.28273529411764703,19.226,1.6505379982405095,-4.2219999999999995,4
17,2023-05-06 09:30:00-04:00,2025-05-06 09:30:00-04:00,2025-08-06 09:30:00-04:00,20.0,1.5,10,67,35,32,0.5223880597014925,0.22976119402985085,15.394000000000007,1.45576740881099,-4.2219999999999995,4
17,2023-05-06 09:30:00-04:00,2025-05-06 09:30:00-04:00,2025-08-06 09:30:00-04:00,20.0,1.5,15,67,35,32,0.5223880597014925,0.238902985074627,16.00650000000001,1.4739015869256278,-4.2219999999999995,4
17,2023-05-06 09:30:00-04:00,2025-05-06 09:30:00-04:00,2025-08-06 09:30:00-04:00,20.0,1.5,20,67,35,32,0.5223880597014925,0.23255970149253744,15.581500000000007,1.461318687825675,-4.2219999999999995,4
17,2023-05-06 09:30:00-04:00,2025-05-06 09:30:00-04:00,2025-08-06 09:30:00-04:00,20.0,1.75,10,64,27,37,0.421875,0.08707812500000012,5.5730000000000075,1.14459925793311,-4.638500000000002,4
17,2023-05-06 09:30:00-04:00,2025-05-06 09:30:00-04:00,2025-08-06 09:30:00-04:00,20.0,1.75,15,64,28,36,0.4375,0.1060234375000001,6.785500000000006,1.1785751881677982,-4.638500000000002,4
17,2023-05-06 09:30:00-04:00,2025-05-06 09:30:00-04:00,2025-08-06 09:30:00-04:00,20.0,1.75,20,64,27,37,0.421875,0.08200000000000011,5.248000000000007,1.1343797610969564,-4.638500000000002,4
17,2023-05-06 09:30:00-04:00,2025-05-06 09:30:00-04:00,2025-08-06 09:30:00-04:00,25.0,1.0,10,68,42,26,0.6176470588235294,0.20192352941176472,13.730800000000002,1.5200193907076094,-4.4439999999999955,4
17,2023-05-06 09:30:00-04:00,2025-05-06 09:30:00-04:00,2025-08-06 09:30:00-04:00,25.0,1.0,15,68,42,26,0.6176470588235294,0.20354117647058825,13.840800000000002,1.526378240233662,-4.4439999999999955,4
17,2023-05-06 09:30:00-04:00,2025-05-06 09:30:00-04:00,2025-08-06 09:30:00-04:00,25.0,1.0,20,68,43,25,0.6323529411764706,0.2089823529411765,14.210800000000003,1.544266564534661,-4.4439999999999955,4
17,2023-05-06 09:30:00-04:00,2025-05-06 09:30:00-04:00,2025-08-06 09:30:00-04:00,25.0,1.3,10,63,30,33,0.47619047619047616,0.052107936507936554,3.282800000000003,1.0989534350960959,-6.4659999999999975,6
17,2023-05-06 09:30:00-04:00,2025-05-06 09:30:00-04:00,2025-08-06 09:30:00-04:00,25.0,1.3,15,63,30,33,0.47619047619047616,0.053060317460317516,3.3428000000000035,1.0994727006534704,-6.4659999999999975,6
17,2023-05-06 09:30:00-04:00,2025-05-06 09:30:00-04:00,2025-08-06 09:30:00-04:00,25.0,1.3,20,63,31,32,0.49206349206349204,0.05353650793650798,3.372800000000003,1.1009191880505556,-6.4659999999999975,6
17,2023-05-06 09:30:00-04:00,2025-05-06 09:30:00-04:00,2025-08-06 09:30:00-04:00,25.0,1.5,10,61,28,33,0.45901639344262296,0.09707540983606563,5.921600000000003,1.181838281355557,-8.355199999999996,8
17,2023-05-06 09:30:00-04:00,2025-05-06 09:30:00-04:00,2025-08-06 09:30:00-04:00,25.0,1.5,15,61,29,32,0.47540983606557374,0.12002622950819677,7.321600000000004,1.224859340065354,-8.355199999999996,8
17,2023-05-06 09:30:00-04:00,2025-05-06 09:30:00-04:00,2025-08-06 09:30:00-04:00,25.0,1.5,20,61,29,32,0.47540983606557374,0.1064196721311476,6.491600000000004,1.1955843185461026,-8.355199999999996,8
17,2023-05-06 09:30:00-04:00,2025-05-06 09:30:00-04:00,2025-08-06 09:30:00-04:00,25.0,1.75,10,56,26,30,0.4642857142857143,0.20167142857142858,11.293600000000001,1.3864759427828348,-8.355199999999996,8
17,2023-05-06 09:30:00-04:00,2025-05-06 09:30:00-04:00,2025-08-06 09:30:00-04:00,25.0,1.75,15,55,26,29,0.4727272727272727,0.1881454545454546,10.348000000000003,1.3610909496957175,-7.585199999999997,8
17,2023-05-06 09:30:00-04:00,2025-05-06 09:30:00-04:00,2025-08-06 09:30:00-04:00,25.0,1.75,20,55,26,29,0.4727272727272727,0.2046909090909092,11.258000000000006,1.374547535398701,-8.355199999999996,8
18,2023-08-06 09:30:00-04:00,2025-08-06 09:30:00-04:00,2025-11-06 09:30:00-05:00,15.0,1.0,10,135,59,76,0.43703703703703706,-0.19955555555555554,-26.939999999999998,0.6660634157225378,-25.866000000000067,6
18,2023-08-06 09:30:00-04:00,2025-08-06 09:30:00-04:00,2025-11-06 09:30:00-05:00,15.0,1.0,15,135,58,77,0.42962962962962964,-0.2011604938271605,-27.156666666666666,0.6641714139673696,-26.08266666666673,6
18,2023-08-06 09:30:00-04:00,2025-08-06 09:30:00-04:00,2025-11-06 09:30:00-05:00,15.0,1.0,20,135,59,76,0.43703703703703706,-0.19906172839506173,-26.87333333333333,0.6665453402379102,-25.799333333333394,6
18,2023-08-06 09:30:00-04:00,2025-08-06 09:30:00-04:00,2025-11-06 09:30:00-05:00,15.0,1.3,10,126,47,79,0.373015873015873,-0.23140740740740748,-29.15733333333334,0.6524585995359334,-28.083333333333414,6
18,2023-08-06 09:30:00-04:00,2025-08-06 09:30:00-04:00,2025-11-06 09:30:00-05:00,15.0,1.3,15,125,45,80,0.36,-0.2313333333333334,-28.916666666666675,0.6561087766590026,-27.84266666666674,6
18,2023-08-06 09:30:00-04:00,2025-08-06 09:30:00-04:00,2025-11-06 09:30:00-05:00,15.0,1.3,20,125,46,79,0.368,-0.22906666666666672,-28.63333333333334,0.6583650840366214,-27.559333333333406,6
18,2023-08-06 09:30:00-04:00,2025-08-06 09:30:00-04:00,2025-11-06 09:30:00-05:00,15.0,1.5,10,122,40,82,0.32786885245901637,-0.2798743169398907,-34.144666666666666,0.6080641581915716,-33.07066666666674,6
18,2023-08-06 09:30:00-04:00,2025-08-06 09:30:00-04:00,2025-11-06 09:30:00-05:00,15.0,1.5,15,121,38,83,0.3140495867768595,-0.27592837465564735,-33.38733333333333,0.6175942823545582,-32.31333333333341,6
18,2023-08-06 09:30:00-04:00,2025-08-06 09:30:00-04:00,2025-11-06 09:30:00-05:00,15.0,1.5,20,121,39,82,0.32231404958677684,-0.2713829201101928,-32.83733333333333,0.6227097248605922,-31.763333333333403,6
18,2023-08-06 09:30:00-04:00,2025-08-06 09:30:00-04:00,2025-11-06 09:30:00-05:00,15.0,1.75,10,119,38,81,0.31932773109243695,-0.23660504201680682,-28.156000000000013,0.6704099390515137,-27.082000000000065,6
18,2023-08-06 09:30:00-04:00,2025-08-06 09:30:00-04:00,2025-11-06 09:30:00-05:00,15.0,1.75,15,118,36,82,0.3050847457627119,-0.223858757062147,-26.415333333333347,0.6936808089554085,-25.710666666666725,6
18,2023-08-06 09:30:00-04:00,2025-08-06 09:30:00-04:00,2025-11-06 09:30:00-05:00,15.0,1.75,20,117,37,80,0.3162393162393162,-0.2227179487179488,-26.05800000000001,0.6930259954449071,-25.460666666666725,6
18,2023-08-06 09:30:00-04:00,2025-08-06 09:30:00-04:00,2025-11-06 09:30:00-05:00,20.0,1.0,10,112,50,62,0.44642857142857145,-0.15427232142857134,-17.27849999999999,0.7260794089903848,-17.147500000000008,5
18,2023-08-06 09:30:00-04:00,2025-08-06 09:30:00-04:00,2025-11-06 09:30:00-05:00,20.0,1.0,15,111,49,62,0.44144144144144143,-0.1536981981981981,-17.06049999999999,0.7306562889755449,-17.010000000000012,5
18,2023-08-06 09:30:00-04:00,2025-08-06 09:30:00-04:00,2025-11-06 09:30:00-05:00,20.0,1.0,20,111,50,61,0.45045045045045046,-0.15381081081081072,-17.07299999999999,0.7305418991327401,-17.210000000000008,5
18,2023-08-06 09:30:00-04:00,2025-08-06 09:30:00-04:00,2025-11-06 09:30:00-05:00,20.0,1.3,10,104,40,64,0.38461538461538464,-0.196125,-20.397,0.6834091297126981,-19.421,5
18,2023-08-06 09:30:00-04:00,2025-08-06 09:30:00-04:00,2025-11-06 09:30:00-05:00,20.0,1.3,15,103,39,64,0.3786407766990291,-0.16787864077669898,-17.291499999999996,0.7358140316567868,-17.4375,5
18,2023-08-06 09:30:00-04:00,2025-08-06 09:30:00-04:00,2025-11-06 09:30:00-05:00,20.0,1.3,20,102,40,62,0.39215686274509803,-0.16665196078431369,-16.998499999999996,0.7361136984600098,-17.25,5
18,2023-08-06 09:30:00-04:00,2025-08-06 09:30:00-04:00,2025-11-06 09:30:00-05:00,20.0,1.5,10,103,39,64,0.3786407766990291,-0.15974757281553392,-16.453999999999994,0.7462349339522975,-15.764500000000014,5
18,2023-08-06 09:30:00-04:00,2025-08-06 09:30:00-04:00,2025-11-06 09:30:00-05:00,20.0,1.5,15,102,37,65,0.3627450980392157,-0.1518235294117647,-15.485999999999997,0.7671540803668759,-15.208500000000013,5
18,2023-08-06 09:30:00-04:00,2025-08-06 09:30:00-04:00,2025-11-06 09:30:00-05:00,20.0,1.5,20,100,37,63,0.37,-0.16024999999999995,-16.024999999999995,0.7552370115240981,-15.828500000000014,5
18,2023-08-06 09:30:00-04:00,2025-08-06 09:30:00-04:00,2025-11-06 09:30:00-05:00,20.0,1.75,10,98,34,64,0.3469387755102041,-0.1815204081632652,-17.78899999999999,0.715442017451951,-18.099500000000013,7
18,2023-08-06 09:30:00-04:00,2025-08-06 09:30:00-04:00,2025-11-06 09:30:00-05:00,20.0,1.75,15,97,33,64,0.3402061855670103,-0.16348969072164943,-15.858499999999994,0.7539486749829332,-16.32450000000002,5
18,2023-08-06 09:30:00-04:00,2025-08-06 09:30:00-04:00,2025-11-06 09:30:00-05:00,20.0,1.75,20,94,33,61,0.35106382978723405,-0.1793031914893616,-16.85449999999999,0.7339904198988327,-17.908000000000012,4
18,2023-08-06 09:30:00-04:00,2025-08-06 09:30:00-04:00,2025-11-06 09:30:00-05:00,25.0,1.0,10,97,43,54,0.44329896907216493,-0.158420618556701,-15.366799999999998,0.7050382359264148,-14.480799999999979,5
18,2023-08-06 09:30:00-04:00,2025-08-06 09:30:00-04:00,2025-11-06 09:30:00-05:00,25.0,1.0,15,96,41,55,0.4270833333333333,-0.13648333333333332,-13.1024,0.7481373265157047,-13.04879999999998,5
18,2023-08-06 09:30:00-04:00,2025-08-06 09:30:00-04:00,2025-11-06 09:30:00-05:00,25.0,1.0,20,94,43,51,0.4574468085106383,-0.13439999999999996,-12.633599999999996,0.7566455549905228,-11.58919999999998,4
18,2023-08-06 09:30:00-04:00,2025-08-06 09:30:00-04:00,2025-11-06 09:30:00-05:00,25.0,1.3,10,94,37,57,0.39361702127659576,-0.16429361702127657,-15.443599999999998,0.7075120073938274,-14.399199999999995,5
18,2023-08-06 09:30:00-04:00,2025-08-06 09:30:00-04:00,2025-11-06 09:30:00-05:00,25.0,1.3,15,93,36,57,0.3870967741935484,-0.12784086021505375,-11.889199999999999,0.7761434585809291,-12.031999999999991,5
18,2023-08-06 09:30:00-04:00,2025-08-06 09:30:00-04:00,2025-11-06 09:30:00-05:00,25.0,1.3,20,89,37,52,0.4157303370786517,-0.13979325842696622,-12.441599999999994,0.7648481916051773,-12.268799999999992,4
18,2023-08-06 09:30:00-04:00,2025-08-06 09:30:00-04:00,2025-11-06 09:30:00-05:00,25.0,1.5,10,87,33,54,0.3793103448275862,-0.15014712643678155,-13.062799999999996,0.7342669292235586,-13.315599999999982,6
18,2023-08-06 09:30:00-04:00,2025-08-06 09:30:00-04:00,2025-11-06 09:30:00-05:00,25.0,1.5,15,86,33,53,0.38372093023255816,-0.08788837209302322,-7.558399999999997,0.845536363859302,-9.325599999999985,5
18,2023-08-06 09:30:00-04:00,2025-08-06 09:30:00-04:00,2025-11-06 09:30:00-05:00,25.0,1.5,20,82,34,48,0.4146341463414634,-0.10074146341463408,-8.260799999999994,0.8304823193354566,-10.132399999999981,4
18,2023-08-06 09:30:00-04:00,2025-08-06 09:30:00-04:00,2025-11-06 09:30:00-05:00,25.0,1.75,10,87,31,56,0.3563218390804598,-0.14715862068965516,-12.8028,0.7451489358313892,-11.849999999999985,7
18,2023-08-06 09:30:00-04:00,2025-08-06 09:30:00-04:00,2025-11-06 09:30:00-05:00,25.0,1.75,15,85,31,54,0.36470588235294116,-0.07157647058823523,-6.083999999999994,0.8757545805798116,-7.703999999999993,5
18,2023-08-06 09:30:00-04:00,2025-08-06 09:30:00-04:00,2025-11-06 09:30:00-05:00,25.0,1.75,20,81,32,49,0.3950617283950617,-0.1197086419753086,-9.696399999999997,0.8051977274005737,-8.651999999999983,4
19,2023-11-06 09:30:00-05:00,2025-11-06 09:30:00-05:00,2026-02-06 09:30:00-05:00,15.0,1.0,10,238,130,108,0.5462184873949579,0.04833893557422972,11.504666666666672,1.1109503786855945,-10.345333333333329,5
19,2023-11-06 09:30:00-05:00,2025-11-06 09:30:00-05:00,2026-02-06 09:30:00-05:00,15.0,1.0,15,235,129,106,0.548936170212766,0.033163120567375914,7.79333333333334,1.0720866272831544,-10.571333333333328,5
19,2023-11-06 09:30:00-05:00,2025-11-06 09:30:00-05:00,2026-02-06 09:30:00-05:00,15.0,1.0,20,235,128,107,0.5446808510638298,0.027843971631205708,6.543333333333341,1.059036883766812,-12.121333333333329,5
19,2023-11-06 09:30:00-05:00,2025-11-06 09:30:00-05:00,2026-02-06 09:30:00-05:00,15.0,1.3,10,211,98,113,0.46445497630331756,0.022050552922590828,4.652666666666665,1.0434847625753145,-9.78533333333333,5
19,2023-11-06 09:30:00-05:00,2025-11-06 09:30:00-05:00,2026-02-06 09:30:00-05:00,15.0,1.3,15,208,96,112,0.46153846153846156,-0.0022051282051282098,-0.45866666666666767,0.9959285604383897,-12.491999999999999,5
19,2023-11-06 09:30:00-05:00,2025-11-06 09:30:00-05:00,2026-02-06 09:30:00-05:00,15.0,1.3,20,207,97,110,0.46859903381642515,0.0024895330112721377,0.5153333333333325,1.004479601298099,-11.18533333333333,5
19,2023-11-06 09:30:00-05:00,2025-11-06 09:30:00-05:00,2026-02-06 09:30:00-05:00,15.0,1.5,10,205,89,116,0.43414634146341463,0.009414634146341444,1.9299999999999962,1.0177388618942285,-13.460666666666663,5
19,2023-11-06 09:30:00-05:00,2025-11-06 09:30:00-05:00,2026-02-06 09:30:00-05:00,15.0,1.5,15,201,84,117,0.417910447761194,-0.026653399668325063,-5.3573333333333375,0.9543050801196394,-17.32599999999999,5
19,2023-11-06 09:30:00-05:00,2025-11-06 09:30:00-05:00,2026-02-06 09:30:00-05:00,15.0,1.5,20,199,86,113,0.4321608040201005,-0.012693467336683438,-2.5260000000000042,0.9786406453467725,-17.292666666666662,5
19,2023-11-06 09:30:00-05:00,2025-11-06 09:30:00-05:00,2026-02-06 09:30:00-05:00,15.0,1.75,10,195,80,115,0.41025641025641024,0.021213675213675204,4.136666666666665,1.0381693476455571,-10.47599999999999,7
19,2023-11-06 09:30:00-05:00,2025-11-06 09:30:00-05:00,2026-02-06 09:30:00-05:00,15.0,1.75,15,189,75,114,0.3968253968253968,-0.00530511463844797,-1.0026666666666664,0.9912254089752864,-11.760666666666662,7
19,2023-11-06 09:30:00-05:00,2025-11-06 09:30:00-05:00,2026-02-06 09:30:00-05:00,15.0,1.75,20,185,76,109,0.41081081081081083,0.00870270270270271,1.6100000000000012,1.0141270203393995,-13.319333333333322,7
19,2023-11-06 09:30:00-05:00,2025-11-06 09:30:00-05:00,2026-02-06 09:30:00-05:00,20.0,1.0,10,202,103,99,0.5099009900990099,0.01906683168316839,3.8515000000000144,1.0454953518315084,-10.112000000000025,5
19,2023-11-06 09:30:00-05:00,2025-11-06 09:30:00-05:00,2026-02-06 09:30:00-05:00,20.0,1.0,15,197,99,98,0.5025380710659898,-0.012479695431472027,-2.4584999999999892,0.9729765378971494,-16.327500000000008,5
19,2023-11-06 09:30:00-05:00,2025-11-06 09:30:00-05:00,2026-02-06 09:30:00-05:00,20.0,1.0,20,196,100,96,0.5102040816326531,-0.025334183673469332,-4.965499999999989,0.9481764432685734,-19.50950000000001,5
19,2023-11-06 09:30:00-05:00,2025-11-06 09:30:00-05:00,2026-02-06 09:30:00-05:00,20.0,1.3,10,189,88,101,0.4656084656084656,0.014208994708994761,2.68550000000001,1.0309905314723244,-11.368000000000002,5
19,2023-11-06 09:30:00-05:00,2025-11-06 09:30:00-05:00,2026-02-06 09:30:00-05:00,20.0,1.3,15,182,79,103,0.4340659340659341,-0.04231318681318676,-7.70099999999999,0.919417369057149,-20.5685,5
19,2023-11-06 09:30:00-05:00,2025-11-06 09:30:00-05:00,2026-02-06 09:30:00-05:00,20.0,1.3,20,178,80,98,0.449438202247191,-0.03541573033707863,-6.303999999999996,0.9356251882789643,-20.159,5
19,2023-11-06 09:30:00-05:00,2025-11-06 09:30:00-05:00,2026-02-06 09:30:00-05:00,20.0,1.5,10,184,82,102,0.44565217391304346,0.0201114130434783,3.700500000000007,1.0426762463816588,-16.273500000000002,6
19,2023-11-06 09:30:00-05:00,2025-11-06 09:30:00-05:00,2026-02-06 09:30:00-05:00,20.0,1.5,15,176,72,104,0.4090909090909091,-0.04200568181818173,-7.392999999999984,0.9232669413681794,-23.584000000000003,6
19,2023-11-06 09:30:00-05:00,2025-11-06 09:30:00-05:00,2026-02-06 09:30:00-05:00,20.0,1.5,20,174,73,101,0.41954022988505746,-0.05700862068965511,-9.919499999999989,0.9014265058804241,-27.310500000000008,6
19,2023-11-06 09:30:00-05:00,2025-11-06 09:30:00-05:00,2026-02-06 09:30:00-05:00,20.0,1.75,10,175,73,102,0.41714285714285715,-0.007571428571428516,-1.3249999999999904,0.9845949936636013,-16.8355,7
19,2023-11-06 09:30:00-05:00,2025-11-06 09:30:00-05:00,2026-02-06 09:30:00-05:00,20.0,1.75,15,165,62,103,0.37575757575757573,-0.06686363636363629,-11.032499999999988,0.882933739382332,-22.242000000000004,7
19,2023-11-06 09:30:00-05:00,2025-11-06 09:30:00-05:00,2026-02-06 09:30:00-05:00,20.0,1.75,20,163,64,99,0.39263803680981596,-0.06493251533742324,-10.583999999999989,0.8928007130413644,-21.4185,7
19,2023-11-06 09:30:00-05:00,2025-11-06 09:30:00-05:00,2026-02-06 09:30:00-05:00,25.0,1.0,10,181,89,92,0.49171270718232046,-0.011582320441988916,-2.096399999999994,0.9705664319169733,-11.793599999999987,5
19,2023-11-06 09:30:00-05:00,2025-11-06 09:30:00-05:00,2026-02-06 09:30:00-05:00,25.0,1.0,15,175,82,93,0.4685714285714286,-0.06337142857142854,-11.089999999999993,0.8610609978551532,-20.807199999999987,5
19,2023-11-06 09:30:00-05:00,2025-11-06 09:30:00-05:00,2026-02-06 09:30:00-05:00,25.0,1.0,20,169,81,88,0.47928994082840237,-0.0741633136094674,-12.533599999999991,0.8484215211060481,-21.83519999999998,5
19,2023-11-06 09:30:00-05:00,2025-11-06 09:30:00-05:00,2026-02-06 09:30:00-05:00,25.0,1.3,10,172,78,94,0.45348837209302323,0.0088558139534884,1.5232000000000048,1.0218243506567941,-13.891199999999992,6
19,2023-11-06 09:30:00-05:00,2025-11-06 09:30:00-05:00,2026-02-06 09:30:00-05:00,25.0,1.3,15,161,69,92,0.42857142857142855,-0.04359254658385091,-7.018399999999996,0.9088221080145715,-19.214799999999993,6
19,2023-11-06 09:30:00-05:00,2025-11-06 09:30:00-05:00,2026-02-06 09:30:00-05:00,25.0,1.3,20,159,72,87,0.4528301886792453,-0.05502893081761003,-8.749599999999996,0.8944340683471125,-21.317199999999993,6
19,2023-11-06 09:30:00-05:00,2025-11-06 09:30:00-05:00,2026-02-06 09:30:00-05:00,25.0,1.5,10,165,74,91,0.4484848484848485,-0.01639999999999998,-2.705999999999997,0.9609074781422822,-14.49799999999999,7
19,2023-11-06 09:30:00-05:00,2025-11-06 09:30:00-05:00,2026-02-06 09:30:00-05:00,25.0,1.5,15,153,60,93,0.39215686274509803,-0.05263529411764704,-8.053199999999997,0.8911865011376968,-19.88319999999999,10
19,2023-11-06 09:30:00-05:00,2025-11-06 09:30:00-05:00,2026-02-06 09:30:00-05:00,25.0,1.5,20,150,65,85,0.43333333333333335,-0.055199999999999985,-8.279999999999998,0.8952747141556212,-22.33999999999999,9
19,2023-11-06 09:30:00-05:00,2025-11-06 09:30:00-05:00,2026-02-06 09:30:00-05:00,25.0,1.75,10,164,72,92,0.43902439024390244,-0.010680487804878036,-1.751599999999998,0.9750714440231814,-13.973599999999994,7
19,2023-11-06 09:30:00-05:00,2025-11-06 09:30:00-05:00,2026-02-06 09:30:00-05:00,25.0,1.75,15,151,57,94,0.37748344370860926,-0.04777748344370859,-7.214399999999998,0.904411608827458,-18.068799999999996,10
19,2023-11-06 09:30:00-05:00,2025-11-06 09:30:00-05:00,2026-02-06 09:30:00-05:00,25.0,1.75,20,149,62,87,0.4161073825503356,-0.057621476510067084,-8.585599999999996,0.8944905422942319,-21.606399999999987,9
20,2024-02-06 09:30:00-05:00,2026-02-06 09:30:00-05:00,2026-05-06 09:30:00-04:00,15.0,1.0,10,259,111,148,0.42857142857142855,-0.1892509652509652,-49.015999999999984,0.6726126334725575,-51.006666666666455,12
20,2024-02-06 09:30:00-05:00,2026-02-06 09:30:00-05:00,2026-05-06 09:30:00-04:00,15.0,1.0,15,256,114,142,0.4453125,-0.17790624999999996,-45.54399999999999,0.6962545351070641,-49.051333333333154,11
20,2024-02-06 09:30:00-05:00,2026-02-06 09:30:00-05:00,2026-05-06 09:30:00-04:00,15.0,1.0,20,256,114,142,0.4453125,-0.18480729166666665,-47.31066666666666,0.6887961164197038,-51.53466666666645,11
20,2024-02-06 09:30:00-05:00,2026-02-06 09:30:00-05:00,2026-05-06 09:30:00-04:00,15.0,1.3,10,236,92,144,0.3898305084745763,-0.15761581920903955,-37.19733333333333,0.7413666830448608,-41.38933333333333,14
20,2024-02-06 09:30:00-05:00,2026-02-06 09:30:00-05:00,2026-05-06 09:30:00-04:00,15.0,1.3,15,230,92,138,0.4,-0.1467536231884058,-33.75333333333333,0.7668625211817578,-37.76266666666676,13
20,2024-02-06 09:30:00-05:00,2026-02-06 09:30:00-05:00,2026-05-06 09:30:00-04:00,15.0,1.3,20,230,92,138,0.4,-0.15689855072463765,-36.08666666666666,0.7557233306106238,-41.11266666666675,13
20,2024-02-06 09:30:00-05:00,2026-02-06 09:30:00-05:00,2026-05-06 09:30:00-04:00,15.0,1.5,10,227,80,147,0.3524229074889868,-0.1874361233480176,-42.547999999999995,0.7101200452383873,-44.37466666666668,14
20,2024-02-06 09:30:00-05:00,2026-02-06 09:30:00-05:00,2026-05-06 09:30:00-04:00,15.0,1.5,15,218,80,138,0.3669724770642202,-0.1576391437308868,-34.365333333333325,0.763126211986141,-39.168666666666745,13
20,2024-02-06 09:30:00-05:00,2026-02-06 09:30:00-05:00,2026-05-06 09:30:00-04:00,15.0,1.5,20,218,79,139,0.3623853211009174,-0.16849541284403668,-36.732,0.7518711664730202,-42.752000000000045,13
20,2024-02-06 09:30:00-05:00,2026-02-06 09:30:00-05:00,2026-05-06 09:30:00-04:00,15.0,1.75,10,214,68,146,0.3177570093457944,-0.20406230529595012,-43.66933333333333,0.6961865625260895,-45.16400000000001,16
20,2024-02-06 09:30:00-05:00,2026-02-06 09:30:00-05:00,2026-05-06 09:30:00-04:00,15.0,1.75,15,204,67,137,0.3284313725490196,-0.19262745098039216,-39.296,0.7271199544459208,-44.62200000000011,16
20,2024-02-06 09:30:00-05:00,2026-02-06 09:30:00-05:00,2026-05-06 09:30:00-04:00,15.0,1.75,20,203,65,138,0.32019704433497537,-0.20084729064039408,-40.772,0.7225677385990937,-47.44800000000007,16
20,2024-02-06 09:30:00-05:00,2026-02-06 09:30:00-05:00,2026-05-06 09:30:00-04:00,20.0,1.0,10,215,97,118,0.4511627906976744,-0.10991860465116274,-23.63249999999999,0.7791334498453257,-33.04649999999995,11
20,2024-02-06 09:30:00-05:00,2026-02-06 09:30:00-05:00,2026-05-06 09:30:00-04:00,20.0,1.0,15,209,98,111,0.4688995215311005,-0.10215071770334921,-21.349499999999985,0.8068975809624597,-31.83549999999995,10
20,2024-02-06 09:30:00-05:00,2026-02-06 09:30:00-05:00,2026-05-06 09:30:00-04:00,20.0,1.0,20,208,98,110,0.47115384615384615,-0.0995504807692307,-20.706499999999988,0.8146944985122045,-30.86049999999996,7
20,2024-02-06 09:30:00-05:00,2026-02-06 09:30:00-05:00,2026-05-06 09:30:00-04:00,20.0,1.3,10,199,77,122,0.3869346733668342,-0.13954522613065323,-27.769499999999994,0.7426867801447357,-35.45099999999998,11
20,2024-02-06 09:30:00-05:00,2026-02-06 09:30:00-05:00,2026-05-06 09:30:00-04:00,20.0,1.3,15,191,77,114,0.4031413612565445,-0.12356282722513087,-23.600499999999997,0.7900115224286968,-33.80399999999998,11
20,2024-02-06 09:30:00-05:00,2026-02-06 09:30:00-05:00,2026-05-06 09:30:00-04:00,20.0,1.3,20,189,76,113,0.4021164021164021,-0.12428306878306876,-23.489499999999996,0.7947780427926159,-35.42349999999998,11
20,2024-02-06 09:30:00-05:00,2026-02-06 09:30:00-05:00,2026-05-06 09:30:00-04:00,20.0,1.5,10,188,69,119,0.3670212765957447,-0.14831914893617013,-27.883999999999986,0.7340695916722699,-36.27349999999997,11
20,2024-02-06 09:30:00-05:00,2026-02-06 09:30:00-05:00,2026-05-06 09:30:00-04:00,20.0,1.5,15,181,68,113,0.3756906077348066,-0.13685359116022092,-24.770499999999984,0.7781842278468543,-35.149999999999956,11
20,2024-02-06 09:30:00-05:00,2026-02-06 09:30:00-05:00,2026-05-06 09:30:00-04:00,20.0,1.5,20,179,65,114,0.36312849162011174,-0.16010893854748595,-28.659499999999987,0.7520042919754768,-37.29449999999996,11
20,2024-02-06 09:30:00-05:00,2026-02-06 09:30:00-05:00,2026-05-06 09:30:00-04:00,20.0,1.75,10,180,62,118,0.34444444444444444,-0.16786111111111104,-30.21499999999999,0.7126117000280591,-37.00699999999998,11
20,2024-02-06 09:30:00-05:00,2026-02-06 09:30:00-05:00,2026-05-06 09:30:00-04:00,20.0,1.75,15,172,60,112,0.3488372093023256,-0.16204069767441853,-27.870999999999988,0.745884562607986,-37.07249999999996,11
20,2024-02-06 09:30:00-05:00,2026-02-06 09:30:00-05:00,2026-05-06 09:30:00-04:00,20.0,1.75,20,170,56,114,0.32941176470588235,-0.1905735294117646,-32.39749999999998,0.717489121619854,-40.80999999999996,11
20,2024-02-06 09:30:00-05:00,2026-02-06 09:30:00-05:00,2026-05-06 09:30:00-04:00,25.0,1.0,10,190,84,106,0.4421052631578947,-0.11192631578947365,-21.265999999999995,0.7527393310265285,-27.49119999999997,9
20,2024-02-06 09:30:00-05:00,2026-02-06 09:30:00-05:00,2026-05-06 09:30:00-04:00,25.0,1.0,15,181,82,99,0.4530386740331492,-0.09738342541436462,-17.626399999999997,0.8019852699976188,-25.51359999999998,9
20,2024-02-06 09:30:00-05:00,2026-02-06 09:30:00-05:00,2026-05-06 09:30:00-04:00,25.0,1.0,20,179,80,99,0.44692737430167595,-0.10926033519553072,-19.557599999999997,0.7906164084380384,-28.392399999999963,7
20,2024-02-06 09:30:00-05:00,2026-02-06 09:30:00-05:00,2026-05-06 09:30:00-04:00,25.0,1.3,10,174,70,104,0.40229885057471265,-0.1237103448275862,-21.525599999999997,0.7443138894564049,-27.544799999999974,9
20,2024-02-06 09:30:00-05:00,2026-02-06 09:30:00-05:00,2026-05-06 09:30:00-04:00,25.0,1.3,15,165,69,96,0.41818181818181815,-0.09367272727272725,-15.455999999999998,0.8191485378365226,-24.0572,9
20,2024-02-06 09:30:00-05:00,2026-02-06 09:30:00-05:00,2026-05-06 09:30:00-04:00,25.0,1.3,20,162,64,98,0.3950617283950617,-0.12835061728395059,-20.792799999999996,0.7722614817768005,-28.482799999999976,7
20,2024-02-06 09:30:00-05:00,2026-02-06 09:30:00-05:00,2026-05-06 09:30:00-04:00,25.0,1.5,10,171,70,101,0.4093567251461988,-0.10627134502923977,-18.1724,0.7819863138598565,-26.324799999999975,8
20,2024-02-06 09:30:00-05:00,2026-02-06 09:30:00-05:00,2026-05-06 09:30:00-04:00,25.0,1.5,15,160,65,95,0.40625,-0.08814999999999999,-14.104,0.8335575538719349,-22.89919999999999,8
20,2024-02-06 09:30:00-05:00,2026-02-06 09:30:00-05:00,2026-05-06 09:30:00-04:00,25.0,1.5,20,157,59,98,0.37579617834394907,-0.11631082802547771,-18.2608,0.7979803343688326,-26.462799999999977,7
20,2024-02-06 09:30:00-05:00,2026-02-06 09:30:00-05:00,2026-05-06 09:30:00-04:00,25.0,1.75,10,168,66,102,0.39285714285714285,-0.10023333333333334,-16.8392,0.7961819827932631,-23.875999999999976,8
20,2024-02-06 09:30:00-05:00,2026-02-06 09:30:00-05:00,2026-05-06 09:30:00-04:00,25.0,1.75,15,155,62,93,0.4,-0.07201290322580642,-11.161999999999995,0.8655329770676023,-20.995999999999988,8
20,2024-02-06 09:30:00-05:00,2026-02-06 09:30:00-05:00,2026-05-06 09:30:00-04:00,25.0,1.75,20,152,56,96,0.3684210526315789,-0.09242631578947366,-14.048799999999996,0.8435587467595523,-24.219599999999982,7
21,2024-05-06 09:30:00-04:00,2026-05-06 09:30:00-04:00,2026-08-06 09:30:00-04:00,15.0,1.0,10,168,74,94,0.44047619047619047,-0.19304761904761902,-32.431999999999995,0.6787511391101074,-39.915999999999976,8
21,2024-05-06 09:30:00-04:00,2026-05-06 09:30:00-04:00,2026-08-06 09:30:00-04:00,15.0,1.0,15,168,74,94,0.44047619047619047,-0.19304761904761902,-32.431999999999995,0.6787511391101074,-39.915999999999976,8
21,2024-05-06 09:30:00-04:00,2026-05-06 09:30:00-04:00,2026-08-06 09:30:00-04:00,15.0,1.0,20,168,74,94,0.44047619047619047,-0.19304761904761902,-32.431999999999995,0.6787511391101074,-39.915999999999976,8
21,2024-05-06 09:30:00-04:00,2026-05-06 09:30:00-04:00,2026-08-06 09:30:00-04:00,15.0,1.3,10,167,66,101,0.39520958083832336,-0.16501796407185626,-27.557999999999996,0.7459483378505448,-41.31800000000003,8
21,2024-05-06 09:30:00-04:00,2026-05-06 09:30:00-04:00,2026-08-06 09:30:00-04:00,15.0,1.3,15,167,66,101,0.39520958083832336,-0.16501796407185626,-27.557999999999996,0.7459483378505448,-41.31800000000003,8
21,2024-05-06 09:30:00-04:00,2026-05-06 09:30:00-04:00,2026-08-06 09:30:00-04:00,15.0,1.3,20,167,66,101,0.39520958083832336,-0.16501796407185626,-27.557999999999996,0.7459483378505448,-41.31800000000003,8
21,2024-05-06 09:30:00-04:00,2026-05-06 09:30:00-04:00,2026-08-06 09:30:00-04:00,15.0,1.5,10,165,66,99,0.4,-0.07400000000000002,-12.210000000000004,0.8851644941030417,-32.38200000000006,8
21,2024-05-06 09:30:00-04:00,2026-05-06 09:30:00-04:00,2026-08-06 09:30:00-04:00,15.0,1.5,15,165,66,99,0.4,-0.07400000000000002,-12.210000000000004,0.8851644941030417,-32.38200000000006,8
21,2024-05-06 09:30:00-04:00,2026-05-06 09:30:00-04:00,2026-08-06 09:30:00-04:00,15.0,1.5,20,165,66,99,0.4,-0.07400000000000002,-12.210000000000004,0.8851644941030417,-32.38200000000006,8
21,2024-05-06 09:30:00-04:00,2026-05-06 09:30:00-04:00,2026-08-06 09:30:00-04:00,15.0,1.75,10,163,62,101,0.3803680981595092,-0.027987730061349744,-4.562000000000008,0.9579438390766453,-29.196000000000073,8
21,2024-05-06 09:30:00-04:00,2026-05-06 09:30:00-04:00,2026-08-06 09:30:00-04:00,15.0,1.75,15,163,62,101,0.3803680981595092,-0.027987730061349744,-4.562000000000008,0.9579438390766453,-29.196000000000073,8
21,2024-05-06 09:30:00-04:00,2026-05-06 09:30:00-04:00,2026-08-06 09:30:00-04:00,15.0,1.75,20,163,62,101,0.3803680981595092,-0.027987730061349744,-4.562000000000008,0.9579438390766453,-29.196000000000073,8
21,2024-05-06 09:30:00-04:00,2026-05-06 09:30:00-04:00,2026-08-06 09:30:00-04:00,20.0,1.0,10,162,78,84,0.48148148148148145,-0.09253703703703697,-14.990999999999989,0.8309196724639646,-27.66099999999995,7
21,2024-05-06 09:30:00-04:00,2026-05-06 09:30:00-04:00,2026-08-06 09:30:00-04:00,20.0,1.0,15,162,78,84,0.48148148148148145,-0.09253703703703697,-14.990999999999989,0.8309196724639646,-27.66099999999995,7
21,2024-05-06 09:30:00-04:00,2026-05-06 09:30:00-04:00,2026-08-06 09:30:00-04:00,20.0,1.0,20,162,78,84,0.48148148148148145,-0.09253703703703697,-14.990999999999989,0.8309196724639646,-27.66099999999995,7
21,2024-05-06 09:30:00-04:00,2026-05-06 09:30:00-04:00,2026-08-06 09:30:00-04:00,20.0,1.3,10,156,73,83,0.46794871794871795,0.018378205128205156,2.8670000000000044,1.0327258822119365,-18.304,7
21,2024-05-06 09:30:00-04:00,2026-05-06 09:30:00-04:00,2026-08-06 09:30:00-04:00,20.0,1.3,15,156,73,83,0.46794871794871795,0.020782051282051312,3.2420000000000044,1.0370063865124166,-17.929,7
21,2024-05-06 09:30:00-04:00,2026-05-06 09:30:00-04:00,2026-08-06 09:30:00-04:00,20.0,1.3,20,156,73,83,0.46794871794871795,0.020782051282051312,3.2420000000000044,1.0370063865124166,-17.929,7
21,2024-05-06 09:30:00-04:00,2026-05-06 09:30:00-04:00,2026-08-06 09:30:00-04:00,20.0,1.5,10,151,64,87,0.423841059602649,0.00029470198675503296,0.044500000000009976,1.0004845990079334,-19.348500000000005,7
21,2024-05-06 09:30:00-04:00,2026-05-06 09:30:00-04:00,2026-08-06 09:30:00-04:00,20.0,1.5,15,151,64,87,0.423841059602649,0.0041026490066225895,0.619500000000011,1.006746271582352,-18.773500000000013,7
21,2024-05-06 09:30:00-04:00,2026-05-06 09:30:00-04:00,2026-08-06 09:30:00-04:00,20.0,1.5,20,151,64,87,0.423841059602649,0.0041026490066225895,0.619500000000011,1.006746271582352,-18.773500000000013,7
21,2024-05-06 09:30:00-04:00,2026-05-06 09:30:00-04:00,2026-08-06 09:30:00-04:00,20.0,1.75,10,144,54,90,0.375,-0.02997916666666657,-4.316999999999986,0.9545555029212066,-24.54249999999997,9
21,2024-05-06 09:30:00-04:00,2026-05-06 09:30:00-04:00,2026-08-06 09:30:00-04:00,20.0,1.75,15,144,54,90,0.375,-0.02424999999999993,-3.4919999999999902,0.9632401705352915,-23.717499999999973,9
21,2024-05-06 09:30:00-04:00,2026-05-06 09:30:00-04:00,2026-08-06 09:30:00-04:00,20.0,1.75,20,144,54,90,0.375,-0.02424999999999993,-3.4919999999999902,0.9632401705352915,-23.717499999999973,9
21,2024-05-06 09:30:00-04:00,2026-05-06 09:30:00-04:00,2026-08-06 09:30:00-04:00,25.0,1.0,10,154,79,75,0.512987012987013,-0.02011428571428568,-3.0975999999999946,0.9604544874249977,-15.968399999999974,7
21,2024-05-06 09:30:00-04:00,2026-05-06 09:30:00-04:00,2026-08-06 09:30:00-04:00,25.0,1.0,15,154,79,75,0.512987012987013,-0.01842597402597399,-2.837599999999995,0.9637737776075588,-15.708399999999976,7
21,2024-05-06 09:30:00-04:00,2026-05-06 09:30:00-04:00,2026-08-06 09:30:00-04:00,25.0,1.0,20,154,79,75,0.512987012987013,-0.01842597402597399,-2.837599999999995,0.9637737776075588,-15.708399999999976,7
21,2024-05-06 09:30:00-04:00,2026-05-06 09:30:00-04:00,2026-08-06 09:30:00-04:00,25.0,1.3,10,146,67,79,0.4589041095890411,0.007243835616438459,1.057600000000015,1.0128182131100658,-19.52399999999999,7
21,2024-05-06 09:30:00-04:00,2026-05-06 09:30:00-04:00,2026-08-06 09:30:00-04:00,25.0,1.3,15,146,67,79,0.4589041095890411,0.011079452054794615,1.6176000000000137,1.0196054666479215,-18.96399999999999,7
21,2024-05-06 09:30:00-04:00,2026-05-06 09:30:00-04:00,2026-08-06 09:30:00-04:00,25.0,1.3,20,146,67,79,0.4589041095890411,0.011079452054794615,1.6176000000000137,1.0196054666479215,-18.96399999999999,7
21,2024-05-06 09:30:00-04:00,2026-05-06 09:30:00-04:00,2026-08-06 09:30:00-04:00,25.0,1.5,10,139,57,82,0.41007194244604317,-0.019939568345323674,-2.7715999999999905,0.967385574153221,-21.628799999999956,9
21,2024-05-06 09:30:00-04:00,2026-05-06 09:30:00-04:00,2026-08-06 09:30:00-04:00,25.0,1.5,15,139,57,82,0.41007194244604317,-0.013824460431654624,-1.9215999999999926,0.9773638603947665,-20.778799999999958,9
21,2024-05-06 09:30:00-04:00,2026-05-06 09:30:00-04:00,2026-08-06 09:30:00-04:00,25.0,1.5,20,139,58,81,0.4172661870503597,-0.00814100719424457,-1.1315999999999953,0.9866235442642955,-19.98879999999996,9
21,2024-05-06 09:30:00-04:00,2026-05-06 09:30:00-04:00,2026-08-06 09:30:00-04:00,25.0,1.75,10,136,46,90,0.3382352941176471,-0.1138117647058823,-15.478399999999993,0.8334330542582276,-28.424399999999956,13
21,2024-05-06 09:30:00-04:00,2026-05-06 09:30:00-04:00,2026-08-06 09:30:00-04:00,25.0,1.75,15,136,47,89,0.34558823529411764,-0.08851764705882348,-12.038399999999994,0.8694339360705243,-24.984399999999958,9
21,2024-05-06 09:30:00-04:00,2026-05-06 09:30:00-04:00,2026-08-06 09:30:00-04:00,25.0,1.75,20,136,48,88,0.35294117647058826,-0.08270882352941172,-11.248399999999995,0.8776113296890781,-24.19439999999996,9
22,2024-08-06 09:30:00-04:00,2026-08-06 09:30:00-04:00,2026-08-26 16:59:00-04:00,15.0,1.0,10,15,6,9,0.4,-0.274,-4.11,0.5747982619490999,-4.296,4
22,2024-08-06 09:30:00-04:00,2026-08-06 09:30:00-04:00,2026-08-26 16:59:00-04:00,15.0,1.0,15,15,6,9,0.4,-0.274,-4.11,0.5747982619490999,-4.296,4
22,2024-08-06 09:30:00-04:00,2026-08-06 09:30:00-04:00,2026-08-26 16:59:00-04:00,15.0,1.0,20,15,6,9,0.4,-0.274,-4.11,0.5747982619490999,-4.296,4
22,2024-08-06 09:30:00-04:00,2026-08-06 09:30:00-04:00,2026-08-26 16:59:00-04:00,15.0,1.3,10,14,5,9,0.35714285714285715,-0.2525714285714286,-3.5360000000000005,0.6341816677012208,-4.296,4
22,2024-08-06 09:30:00-04:00,2026-08-06 09:30:00-04:00,2026-08-26 16:59:00-04:00,15.0,1.3,15,14,5,9,0.35714285714285715,-0.2525714285714286,-3.5360000000000005,0.6341816677012208,-4.296,4
22,2024-08-06 09:30:00-04:00,2026-08-06 09:30:00-04:00,2026-08-26 16:59:00-04:00,15.0,1.3,20,14,5,9,0.35714285714285715,-0.2525714285714286,-3.5360000000000005,0.6341816677012208,-4.296,4
22,2024-08-06 09:30:00-04:00,2026-08-06 09:30:00-04:00,2026-08-26 16:59:00-04:00,15.0,1.5,10,14,4,10,0.2857142857142857,-0.35971428571428576,-5.0360000000000005,0.531098696461825,-5.37,5
22,2024-08-06 09:30:00-04:00,2026-08-06 09:30:00-04:00,2026-08-26 16:59:00-04:00,15.0,1.5,15,14,4,10,0.2857142857142857,-0.35971428571428576,-5.0360000000000005,0.531098696461825,-5.37,5
22,2024-08-06 09:30:00-04:00,2026-08-06 09:30:00-04:00,2026-08-26 16:59:00-04:00,15.0,1.5,20,14,4,10,0.2857142857142857,-0.35971428571428576,-5.0360000000000005,0.531098696461825,-5.37,5
22,2024-08-06 09:30:00-04:00,2026-08-06 09:30:00-04:00,2026-08-26 16:59:00-04:00,15.0,1.75,10,12,3,9,0.25,-0.38650000000000007,-4.638000000000001,0.5201738050900061,-4.295999999999999,4
22,2024-08-06 09:30:00-04:00,2026-08-06 09:30:00-04:00,2026-08-26 16:59:00-04:00,15.0,1.75,15,12,3,9,0.25,-0.38650000000000007,-4.638000000000001,0.5201738050900061,-4.295999999999999,4
22,2024-08-06 09:30:00-04:00,2026-08-06 09:30:00-04:00,2026-08-26 16:59:00-04:00,15.0,1.75,20,12,3,9,0.25,-0.38650000000000007,-4.638000000000001,0.5201738050900061,-4.295999999999999,4
22,2024-08-06 09:30:00-04:00,2026-08-06 09:30:00-04:00,2026-08-26 16:59:00-04:00,20.0,1.0,10,14,6,8,0.42857142857142855,-0.19835714285714282,-2.7769999999999992,0.6711274277593559,-4.2219999999999995,4
22,2024-08-06 09:30:00-04:00,2026-08-06 09:30:00-04:00,2026-08-26 16:59:00-04:00,20.0,1.0,15,14,6,8,0.42857142857142855,-0.19835714285714282,-2.7769999999999992,0.6711274277593559,-4.2219999999999995,4
22,2024-08-06 09:30:00-04:00,2026-08-06 09:30:00-04:00,2026-08-26 16:59:00-04:00,20.0,1.0,20,14,6,8,0.42857142857142855,-0.19835714285714282,-2.7769999999999992,0.6711274277593559,-4.2219999999999995,4
22,2024-08-06 09:30:00-04:00,2026-08-06 09:30:00-04:00,2026-08-26 16:59:00-04:00,20.0,1.3,10,11,4,7,0.36363636363636365,-0.21913636363636357,-2.4104999999999994,0.6737497462272449,-3.1664999999999996,4
22,2024-08-06 09:30:00-04:00,2026-08-06 09:30:00-04:00,2026-08-26 16:59:00-04:00,20.0,1.3,15,11,4,7,0.36363636363636365,-0.21913636363636357,-2.4104999999999994,0.6737497462272449,-3.1664999999999996,4
22,2024-08-06 09:30:00-04:00,2026-08-06 09:30:00-04:00,2026-08-26 16:59:00-04:00,20.0,1.3,20,11,4,7,0.36363636363636365,-0.21913636363636357,-2.4104999999999994,0.6737497462272449,-3.1664999999999996,4
22,2024-08-06 09:30:00-04:00,2026-08-06 09:30:00-04:00,2026-08-26 16:59:00-04:00,20.0,1.5,10,11,4,7,0.36363636363636365,-0.1464090909090908,-1.6104999999999987,0.782026121675577,-3.1664999999999996,4
22,2024-08-06 09:30:00-04:00,2026-08-06 09:30:00-04:00,2026-08-26 16:59:00-04:00,20.0,1.5,15,11,4,7,0.36363636363636365,-0.1464090909090908,-1.6104999999999987,0.782026121675577,-3.1664999999999996,4
22,2024-08-06 09:30:00-04:00,2026-08-06 09:30:00-04:00,2026-08-26 16:59:00-04:00,20.0,1.5,20,11,4,7,0.36363636363636365,-0.1464090909090908,-1.6104999999999987,0.782026121675577,-3.1664999999999996,4
22,2024-08-06 09:30:00-04:00,2026-08-06 09:30:00-04:00,2026-08-26 16:59:00-04:00,20.0,1.75,10,12,3,9,0.25,-0.3679999999999999,-4.415999999999999,0.535133428075162,-4.2219999999999995,4
22,2024-08-06 09:30:00-04:00,2026-08-06 09:30:00-04:00,2026-08-26 16:59:00-04:00,20.0,1.75,15,12,3,9,0.25,-0.3679999999999999,-4.415999999999999,0.535133428075162,-4.2219999999999995,4
22,2024-08-06 09:30:00-04:00,2026-08-06 09:30:00-04:00,2026-08-26 16:59:00-04:00,20.0,1.75,20,12,3,9,0.25,-0.3679999999999999,-4.415999999999999,0.535133428075162,-4.2219999999999995,4
22,2024-08-06 09:30:00-04:00,2026-08-06 09:30:00-04:00,2026-08-26 16:59:00-04:00,25.0,1.0,10,12,5,7,0.4166666666666667,-0.21106666666666665,-2.5328,0.6535536466597365,-3.1332,4
22,2024-08-06 09:30:00-04:00,2026-08-06 09:30:00-04:00,2026-08-26 16:59:00-04:00,25.0,1.0,15,12,5,7,0.4166666666666667,-0.21106666666666665,-2.5328,0.6535536466597365,-3.1332,4
22,2024-08-06 09:30:00-04:00,2026-08-06 09:30:00-04:00,2026-08-26 16:59:00-04:00,25.0,1.0,20,12,5,7,0.4166666666666667,-0.21106666666666665,-2.5328,0.6535536466597365,-3.1332,4
22,2024-08-06 09:30:00-04:00,2026-08-06 09:30:00-04:00,2026-08-26 16:59:00-04:00,25.0,1.3,10,11,4,7,0.36363636363636365,-0.20803636363636357,-2.2883999999999993,0.6869836406412433,-3.1332,4
22,2024-08-06 09:30:00-04:00,2026-08-06 09:30:00-04:00,2026-08-26 16:59:00-04:00,25.0,1.3,15,11,4,7,0.36363636363636365,-0.20803636363636357,-2.2883999999999993,0.6869836406412433,-3.1332,4
22,2024-08-06 09:30:00-04:00,2026-08-06 09:30:00-04:00,2026-08-26 16:59:00-04:00,25.0,1.3,20,11,4,7,0.36363636363636365,-0.20803636363636357,-2.2883999999999993,0.6869836406412433,-3.1332,4
22,2024-08-06 09:30:00-04:00,2026-08-06 09:30:00-04:00,2026-08-26 16:59:00-04:00,25.0,1.5,10,11,4,7,0.36363636363636365,-0.20894545454545455,-2.2984,0.6856158012802978,-3.1332,4
22,2024-08-06 09:30:00-04:00,2026-08-06 09:30:00-04:00,2026-08-26 16:59:00-04:00,25.0,1.5,15,11,4,7,0.36363636363636365,-0.1353090909090909,-1.4884,0.7964107895168793,-3.1332,4
22,2024-08-06 09:30:00-04:00,2026-08-06 09:30:00-04:00,2026-08-26 16:59:00-04:00,25.0,1.5,20,11,4,7,0.36363636363636365,-0.1353090909090909,-1.4884,0.7964107895168793,-3.1332,4
22,2024-08-06 09:30:00-04:00,2026-08-06 09:30:00-04:00,2026-08-26 16:59:00-04:00,25.0,1.75,10,11,4,7,0.36363636363636365,-0.14076363636363637,-1.5484,0.7882037533512065,-3.1332,4
22,2024-08-06 09:30:00-04:00,2026-08-06 09:30:00-04:00,2026-08-26 16:59:00-04:00,25.0,1.75,15,11,4,7,0.36363636363636365,-0.044399999999999995,-0.48839999999999995,0.9331947256114244,-3.1332,4
22,2024-08-06 09:30:00-04:00,2026-08-06 09:30:00-04:00,2026-08-26 16:59:00-04:00,25.0,1.75,20,11,4,7,0.36363636363636365,-0.044399999999999995,-0.48839999999999995,0.9331947256114244,-3.1332,4
