entry_timestamp,exit_timestamp,session_id,quality,hmm_state,vol_percentile,stop_points,target_points,rr,horizon,mae_threshold_R,recovery_threshold_R,recovery_deadline_bars,raw_points,net_points,net_R,exit_reason,holding_bars,window,validation_start,validation_end
2021-05-06 13:14:00-04:00,2021-05-06 13:34:00-04:00,2021-05-06,1.0,2,0.4654910138620245,20.0,35.0,1.75,20,0.7,0.2,6,-7.75,-8.86,-0.44299999999999995,timeout,20,1,2021-05-06 09:30:00-04:00,2021-08-06 09:30:00-04:00
2021-05-06 13:41:00-04:00,2021-05-06 14:01:00-04:00,2021-05-06,0.9223800784730922,2,0.5362618874919407,20.0,35.0,1.75,20,0.7,0.2,6,17.0,15.89,0.7945,timeout,20,1,2021-05-06 09:30:00-04:00,2021-08-06 09:30:00-04:00
2021-05-07 12:35:00-04:00,2021-05-07 12:55:00-04:00,2021-05-07,1.0,2,0.41839438265635076,20.0,35.0,1.75,20,0.7,0.2,6,-3.25,-4.359999999999999,-0.21799999999999997,timeout,20,1,2021-05-06 09:30:00-04:00,2021-08-06 09:30:00-04:00
2021-05-07 14:01:00-04:00,2021-05-07 14:09:00-04:00,2021-05-07,0.7880323155720438,2,0.5118169729206963,20.0,35.0,1.75,20,0.7,0.2,6,-29.75,-30.86,-1.543,recovery_deadline,8,1,2021-05-06 09:30:00-04:00,2021-08-06 09:30:00-04:00
2021-05-10 13:55:00-04:00,2021-05-10 14:01:00-04:00,2021-05-10,1.0,2,0.4195629835589942,20.0,35.0,1.75,20,0.7,0.2,6,9.75,8.64,0.43200000000000005,recovery,6,1,2021-05-06 09:30:00-04:00,2021-08-06 09:30:00-04:00
2021-05-10 14:04:00-04:00,2021-05-10 14:15:00-04:00,2021-05-10,0.7651805892412238,2,0.519463249516441,20.0,35.0,1.75,20,0.7,0.2,6,35.0,33.89,1.6945000000000001,target,11,1,2021-05-06 09:30:00-04:00,2021-08-06 09:30:00-04:00
2021-05-17 13:33:00-04:00,2021-05-17 13:40:00-04:00,2021-05-17,1.0,2,0.4061492585428756,20.0,35.0,1.75,20,0.7,0.2,6,9.0,7.890000000000001,0.3945,recovery,7,1,2021-05-06 09:30:00-04:00,2021-08-06 09:30:00-04:00
2021-05-18 11:45:00-04:00,2021-05-18 11:54:00-04:00,2021-05-18,1.0,2,0.4179309719535783,20.0,35.0,1.75,20,0.7,0.2,6,-7.0,-8.11,-0.40549999999999997,recovery_deadline,9,1,2021-05-06 09:30:00-04:00,2021-08-06 09:30:00-04:00
2021-05-18 11:58:00-04:00,2021-05-18 12:12:00-04:00,2021-05-18,1.0,2,0.44553413120567376,20.0,35.0,1.75,20,0.7,0.2,6,-16.5,-17.61,-0.8805,recovery_deadline,14,1,2021-05-06 09:30:00-04:00,2021-08-06 09:30:00-04:00
2021-05-18 14:23:00-04:00,2021-05-18 14:35:00-04:00,2021-05-18,0.8302946088503951,2,0.41427909413281755,20.0,35.0,1.75,20,0.7,0.2,6,35.0,33.89,1.6945000000000001,target,12,1,2021-05-06 09:30:00-04:00,2021-08-06 09:30:00-04:00
2021-05-21 12:09:00-04:00,2021-05-21 12:29:00-04:00,2021-05-21,0.7562681699902782,2,0.5630339297227596,20.0,35.0,1.75,20,0.7,0.2,6,-14.0,-15.11,-0.7555,timeout,20,1,2021-05-06 09:30:00-04:00,2021-08-06 09:30:00-04:00
2021-05-25 11:18:00-04:00,2021-05-25 11:26:00-04:00,2021-05-25,0.8374059163122407,2,0.5653660944551901,20.0,35.0,1.75,20,0.7,0.2,6,5.75,4.640000000000001,0.23200000000000004,recovery,8,1,2021-05-06 09:30:00-04:00,2021-08-06 09:30:00-04:00
2021-05-25 11:27:00-04:00,2021-05-25 11:47:00-04:00,2021-05-25,1.0,2,0.5989885557704706,20.0,35.0,1.75,20,0.7,0.2,6,-2.25,-3.36,-0.16799999999999998,timeout,20,1,2021-05-06 09:30:00-04:00,2021-08-06 09:30:00-04:00
2021-05-26 10:05:00-04:00,2021-05-26 10:16:00-04:00,2021-05-26,0.7581928692391608,2,0.5166021921341071,20.0,35.0,1.75,20,0.7,0.2,6,-12.0,-13.11,-0.6555,recovery_deadline,11,1,2021-05-06 09:30:00-04:00,2021-08-06 09:30:00-04:00
2021-05-27 09:49:00-04:00,2021-05-27 09:57:00-04:00,2021-05-27,0.7613120255006647,2,0.5814293197936815,20.0,35.0,1.75,20,0.7,0.2,6,-4.25,-5.359999999999999,-0.26799999999999996,recovery_deadline,8,1,2021-05-06 09:30:00-04:00,2021-08-06 09:30:00-04:00
2021-06-01 09:54:00-04:00,2021-06-01 10:02:00-04:00,2021-06-01,0.7995261438817348,2,0.4623730657640232,20.0,35.0,1.75,20,0.7,0.2,6,4.25,3.14,0.157,recovery,8,1,2021-05-06 09:30:00-04:00,2021-08-06 09:30:00-04:00
2021-06-01 10:03:00-04:00,2021-06-01 10:14:00-04:00,2021-06-01,0.7667884525328451,2,0.5727454061895552,20.0,35.0,1.75,20,0.7,0.2,6,35.0,33.89,1.6945000000000001,target,11,1,2021-05-06 09:30:00-04:00,2021-08-06 09:30:00-04:00
2021-06-08 10:56:00-04:00,2021-06-08 11:04:00-04:00,2021-06-08,0.7821072298885672,2,0.5488394584139265,20.0,35.0,1.75,20,0.7,0.2,6,9.5,8.39,0.41950000000000004,recovery,8,1,2021-05-06 09:30:00-04:00,2021-08-06 09:30:00-04:00
2021-06-10 10:38:00-04:00,2021-06-10 10:45:00-04:00,2021-06-10,0.7993706287708305,2,0.46603501773049644,20.0,35.0,1.75,20,0.7,0.2,6,35.0,33.89,1.6945000000000001,target,7,1,2021-05-06 09:30:00-04:00,2021-08-06 09:30:00-04:00
2021-06-15 10:23:00-04:00,2021-06-15 10:43:00-04:00,2021-06-15,1.0,2,0.543354086073501,20.0,35.0,1.75,20,0.7,0.2,6,17.75,16.64,0.8320000000000001,timeout,20,1,2021-05-06 09:30:00-04:00,2021-08-06 09:30:00-04:00
2021-06-16 12:24:00-04:00,2021-06-16 12:37:00-04:00,2021-06-16,1.0,2,0.45130661669890393,20.0,35.0,1.75,20,0.7,0.2,6,-17.25,-18.36,-0.9179999999999999,recovery_deadline,13,1,2021-05-06 09:30:00-04:00,2021-08-06 09:30:00-04:00
2021-06-17 12:07:00-04:00,2021-06-17 12:19:00-04:00,2021-06-17,0.9389952153110048,2,0.48475278046421666,20.0,35.0,1.75,20,0.7,0.2,6,35.0,33.89,1.6945000000000001,target,12,1,2021-05-06 09:30:00-04:00,2021-08-06 09:30:00-04:00
2021-06-18 14:51:00-04:00,2021-06-18 15:11:00-04:00,2021-06-18,0.8894961004156077,2,0.4650981221792392,20.0,35.0,1.75,20,0.7,0.2,6,11.5,10.39,0.5195000000000001,timeout,20,1,2021-05-06 09:30:00-04:00,2021-08-06 09:30:00-04:00
2021-07-01 10:17:00-04:00,2021-07-01 10:37:00-04:00,2021-07-01,0.9586770358936768,2,0.41941187137330754,20.0,35.0,1.75,20,0.7,0.2,6,-24.0,-25.11,-1.2555,timeout,20,1,2021-05-06 09:30:00-04:00,2021-08-06 09:30:00-04:00
2021-07-01 11:11:00-04:00,2021-07-01 11:21:00-04:00,2021-07-01,1.0,2,0.42225278046421666,20.0,35.0,1.75,20,0.7,0.2,6,1.0,-0.10999999999999988,-0.005499999999999994,recovery_deadline,10,1,2021-05-06 09:30:00-04:00,2021-08-06 09:30:00-04:00
2021-07-01 11:24:00-04:00,2021-07-01 11:36:00-04:00,2021-07-01,0.7984189723320159,2,0.5198813265635074,20.0,35.0,1.75,20,0.7,0.2,6,-18.75,-19.86,-0.993,recovery_deadline,12,1,2021-05-06 09:30:00-04:00,2021-08-06 09:30:00-04:00
2021-07-06 12:02:00-04:00,2021-07-06 12:09:00-04:00,2021-07-06,0.828504938656959,2,0.5364180367504836,20.0,35.0,1.75,20,0.7,0.2,6,35.0,33.89,1.6945000000000001,target,7,1,2021-05-06 09:30:00-04:00,2021-08-06 09:30:00-04:00
2021-07-08 14:30:00-04:00,2021-07-08 14:40:00-04:00,2021-07-08,0.7747220262129211,2,0.4175683027079304,20.0,35.0,1.75,20,0.7,0.2,6,-13.25,-14.36,-0.718,recovery_deadline,10,1,2021-05-06 09:30:00-04:00,2021-08-06 09:30:00-04:00
2021-07-13 13:23:00-04:00,2021-07-13 13:38:00-04:00,2021-07-13,0.8145973154362416,2,0.4461285058027079,20.0,35.0,1.75,20,0.7,0.2,6,35.0,33.89,1.6945000000000001,target,15,1,2021-05-06 09:30:00-04:00,2021-08-06 09:30:00-04:00
2021-07-14 11:40:00-04:00,2021-07-14 11:58:00-04:00,2021-07-14,1.0,2,0.582915256286267,20.0,35.0,1.75,20,0.7,0.2,6,35.0,33.89,1.6945000000000001,target,18,1,2021-05-06 09:30:00-04:00,2021-08-06 09:30:00-04:00
2021-07-15 11:58:00-04:00,2021-07-15 12:10:00-04:00,2021-07-15,0.9192286008125674,2,0.4975822050290135,20.0,35.0,1.75,20,0.7,0.2,6,35.0,33.89,1.6945000000000001,target,12,1,2021-05-06 09:30:00-04:00,2021-08-06 09:30:00-04:00
2021-07-15 13:19:00-04:00,2021-07-15 13:31:00-04:00,2021-07-15,0.8376383910280798,2,0.4777260638297872,20.0,35.0,1.75,20,0.7,0.2,6,5.0,3.89,0.1945,recovery,12,1,2021-05-06 09:30:00-04:00,2021-08-06 09:30:00-04:00
2021-07-15 13:54:00-04:00,2021-07-15 14:09:00-04:00,2021-07-15,0.9513036306193335,2,0.4162284413281754,20.0,35.0,1.75,20,0.7,0.2,6,-15.75,-16.86,-0.843,recovery_deadline,15,1,2021-05-06 09:30:00-04:00,2021-08-06 09:30:00-04:00
2021-07-16 10:04:00-04:00,2021-07-16 10:12:00-04:00,2021-07-16,0.7515495833014693,2,0.592274137653127,20.0,35.0,1.75,20,0.7,0.2,6,35.0,33.89,1.6945000000000001,target,8,1,2021-05-06 09:30:00-04:00,2021-08-06 09:30:00-04:00
2021-07-16 10:21:00-04:00,2021-07-16 10:41:00-04:00,2021-07-16,0.8354525729658866,2,0.5791021921341071,20.0,35.0,1.75,20,0.7,0.2,6,-12.25,-13.36,-0.6679999999999999,timeout,20,1,2021-05-06 09:30:00-04:00,2021-08-06 09:30:00-04:00
2021-07-16 11:14:00-04:00,2021-07-16 11:24:00-04:00,2021-07-16,1.0,2,0.5812530222437138,20.0,35.0,1.75,20,0.7,0.2,6,-5.0,-6.109999999999999,-0.3055,recovery_deadline,10,1,2021-05-06 09:30:00-04:00,2021-08-06 09:30:00-04:00
2021-07-19 12:01:00-04:00,2021-07-19 12:21:00-04:00,2021-07-19,0.9090016352954495,2,0.4850902643455835,20.0,35.0,1.75,20,0.7,0.2,6,19.5,18.39,0.9195,timeout,20,1,2021-05-06 09:30:00-04:00,2021-08-06 09:30:00-04:00
2021-07-22 12:09:00-04:00,2021-07-22 12:20:00-04:00,2021-07-22,0.8512118079249429,2,0.4152613233397808,20.0,35.0,1.75,20,0.7,0.2,6,5.75,4.640000000000001,0.23200000000000004,recovery,11,1,2021-05-06 09:30:00-04:00,2021-08-06 09:30:00-04:00
2021-07-22 12:21:00-04:00,2021-07-22 12:32:00-04:00,2021-07-22,1.0,2,0.43332930367504835,20.0,35.0,1.75,20,0.7,0.2,6,-28.75,-29.86,-1.4929999999999999,recovery_deadline,11,1,2021-05-06 09:30:00-04:00,2021-08-06 09:30:00-04:00
2021-07-27 09:49:00-04:00,2021-07-27 09:57:00-04:00,2021-07-27,0.8461538461538461,2,0.5051227030947776,20.0,35.0,1.75,20,0.7,0.2,6,3.75,2.64,0.132,recovery_deadline,8,1,2021-05-06 09:30:00-04:00,2021-08-06 09:30:00-04:00
2021-07-27 09:58:00-04:00,2021-07-27 10:05:00-04:00,2021-07-27,1.0,2,0.5810515393294649,20.0,35.0,1.75,20,0.7,0.2,6,24.5,23.39,1.1695,recovery,7,1,2021-05-06 09:30:00-04:00,2021-08-06 09:30:00-04:00
2021-07-27 13:13:00-04:00,2021-07-27 13:17:00-04:00,2021-07-27,1.0,2,0.5320357833655706,20.0,35.0,1.75,20,0.7,0.2,6,10.0,8.89,0.4445,recovery,4,1,2021-05-06 09:30:00-04:00,2021-08-06 09:30:00-04:00
2021-07-28 11:47:00-04:00,2021-07-28 12:03:00-04:00,2021-07-28,0.9610967036387639,2,0.5197654738878144,20.0,35.0,1.75,20,0.7,0.2,6,-12.75,-13.86,-0.693,recovery_deadline,16,1,2021-05-06 09:30:00-04:00,2021-08-06 09:30:00-04:00
2021-07-30 10:33:00-04:00,2021-07-30 10:42:00-04:00,2021-07-30,1.0,2,0.4843951482914249,20.0,35.0,1.75,20,0.7,0.2,6,-26.0,-27.11,-1.3555,recovery_deadline,9,1,2021-05-06 09:30:00-04:00,2021-08-06 09:30:00-04:00
2021-08-02 12:07:00-04:00,2021-08-02 12:19:00-04:00,2021-08-02,1.0,2,0.4521377337201805,20.0,35.0,1.75,20,0.7,0.2,6,-21.0,-22.11,-1.1055,recovery_deadline,12,1,2021-05-06 09:30:00-04:00,2021-08-06 09:30:00-04:00
2021-08-06 10:05:00-04:00,2021-08-06 10:12:00-04:00,2021-08-06,0.8422690245593996,2,0.5313422923469362,20.0,35.0,1.75,20,0.7,0.2,6,-25.0,-26.11,-1.3054999999999999,recovery_deadline,7,2,2021-08-06 09:30:00-04:00,2021-11-06 09:30:00-04:00
2021-08-06 11:04:00-04:00,2021-08-06 11:24:00-04:00,2021-08-06,1.0,2,0.4572669138697002,20.0,35.0,1.75,20,0.7,0.2,6,-23.25,-24.36,-1.218,recovery_deadline,20,2,2021-08-06 09:30:00-04:00,2021-11-06 09:30:00-04:00
2021-08-10 10:27:00-04:00,2021-08-10 10:30:00-04:00,2021-08-10,0.7995108712679161,2,0.4296351826602334,20.0,35.0,1.75,20,0.7,0.2,6,35.0,33.89,1.6945000000000001,target,3,2,2021-08-06 09:30:00-04:00,2021-11-06 09:30:00-04:00
2021-08-10 10:31:00-04:00,2021-08-10 10:40:00-04:00,2021-08-10,1.0,2,0.5666567718369667,20.0,35.0,1.75,20,0.7,0.2,6,35.0,33.89,1.6945000000000001,target,9,2,2021-08-06 09:30:00-04:00,2021-11-06 09:30:00-04:00
2021-08-11 10:59:00-04:00,2021-08-11 11:11:00-04:00,2021-08-11,0.8105781535575235,2,0.4642955971362015,20.0,35.0,1.75,20,0.7,0.2,6,35.0,33.89,1.6945000000000001,target,12,2,2021-08-06 09:30:00-04:00,2021-11-06 09:30:00-04:00
2021-08-11 11:13:00-04:00,2021-08-11 11:33:00-04:00,2021-08-11,0.8108695652173913,2,0.4848080822310661,20.0,35.0,1.75,20,0.7,0.2,6,-11.25,-12.36,-0.618,timeout,20,2,2021-08-06 09:30:00-04:00,2021-11-06 09:30:00-04:00
2021-08-17 11:15:00-04:00,2021-08-17 11:35:00-04:00,2021-08-17,0.8041933191186923,2,0.4128357743375076,20.0,35.0,1.75,20,0.7,0.2,6,12.75,11.64,0.5820000000000001,timeout,20,2,2021-08-06 09:30:00-04:00,2021-11-06 09:30:00-04:00
2021-08-17 11:42:00-04:00,2021-08-17 11:52:00-04:00,2021-08-17,0.9294888966753692,2,0.5096424276880814,20.0,35.0,1.75,20,0.7,0.2,6,8.0,6.890000000000001,0.34450000000000003,recovery,10,2,2021-08-06 09:30:00-04:00,2021-11-06 09:30:00-04:00
2021-08-17 11:54:00-04:00,2021-08-17 12:14:00-04:00,2021-08-17,0.9550561307159443,2,0.5602016532751047,20.0,35.0,1.75,20,0.7,0.2,6,3.75,2.64,0.132,timeout,20,2,2021-08-06 09:30:00-04:00,2021-11-06 09:30:00-04:00
2021-08-18 11:36:00-04:00,2021-08-18 11:44:00-04:00,2021-08-18,0.7992839041147927,2,0.4212732130189125,20.0,35.0,1.75,20,0.7,0.2,6,-26.25,-27.36,-1.3679999999999999,recovery_deadline,8,2,2021-08-06 09:30:00-04:00,2021-11-06 09:30:00-04:00
2021-08-18 15:31:00-04:00,2021-08-18 15:49:00-04:00,2021-08-18,1.0,2,0.493502115648757,20.0,35.0,1.75,20,0.7,0.2,6,35.0,33.89,1.6945000000000001,target,18,2,2021-08-06 09:30:00-04:00,2021-11-06 09:30:00-04:00
2021-08-19 14:15:00-04:00,2021-08-19 14:29:00-04:00,2021-08-19,1.0,2,0.5488108594917411,20.0,35.0,1.75,20,0.7,0.2,6,24.25,23.14,1.157,recovery,14,2,2021-08-06 09:30:00-04:00,2021-11-06 09:30:00-04:00
2021-08-20 11:55:00-04:00,2021-08-20 12:07:00-04:00,2021-08-20,1.0,2,0.4147577192249833,20.0,35.0,1.75,20,0.7,0.2,6,-33.75,-34.86,-1.7429999999999999,recovery_deadline,12,2,2021-08-06 09:30:00-04:00,2021-11-06 09:30:00-04:00
2021-08-25 10:08:00-04:00,2021-08-25 10:22:00-04:00,2021-08-25,0.8817257971928292,2,0.40673284462937154,20.0,35.0,1.75,20,0.7,0.2,6,-19.5,-20.61,-1.0305,recovery_deadline,14,2,2021-08-06 09:30:00-04:00,2021-11-06 09:30:00-04:00
2021-09-03 10:39:00-04:00,2021-09-03 10:54:00-04:00,2021-09-03,0.8104929150446953,2,0.45166711109545826,20.0,35.0,1.75,20,0.7,0.2,6,-9.5,-10.61,-0.5305,recovery_deadline,15,2,2021-08-06 09:30:00-04:00,2021-11-06 09:30:00-04:00
2021-09-07 10:12:00-04:00,2021-09-07 10:21:00-04:00,2021-09-07,0.8892586259406745,2,0.5694591888587571,20.0,35.0,1.75,20,0.7,0.2,6,-27.5,-28.61,-1.4304999999999999,recovery_deadline,9,2,2021-08-06 09:30:00-04:00,2021-11-06 09:30:00-04:00
2021-09-08 10:33:00-04:00,2021-09-08 10:53:00-04:00,2021-09-08,0.7519484642012487,2,0.4944329004764612,20.0,35.0,1.75,20,0.7,0.2,6,35.0,33.89,1.6945000000000001,target,20,2,2021-08-06 09:30:00-04:00,2021-11-06 09:30:00-04:00
2021-09-08 11:50:00-04:00,2021-09-08 12:07:00-04:00,2021-09-08,0.8623180968497268,2,0.49335620883792775,20.0,35.0,1.75,20,0.7,0.2,6,-27.75,-28.86,-1.443,recovery_deadline,17,2,2021-08-06 09:30:00-04:00,2021-11-06 09:30:00-04:00
2021-09-10 10:07:00-04:00,2021-09-10 10:27:00-04:00,2021-09-10,0.9558972834905403,2,0.5407256096640621,20.0,35.0,1.75,20,0.7,0.2,6,-4.0,-5.109999999999999,-0.25549999999999995,timeout,20,2,2021-08-06 09:30:00-04:00,2021-11-06 09:30:00-04:00
2021-09-10 10:32:00-04:00,2021-09-10 10:40:00-04:00,2021-09-10,1.0,2,0.5971865141856639,20.0,35.0,1.75,20,0.7,0.2,6,-9.25,-10.36,-0.518,recovery_deadline,8,2,2021-08-06 09:30:00-04:00,2021-11-06 09:30:00-04:00
2021-09-10 11:29:00-04:00,2021-09-10 11:38:00-04:00,2021-09-10,1.0,2,0.46370693862354534,20.0,35.0,1.75,20,0.7,0.2,6,-15.25,-16.36,-0.818,recovery_deadline,9,2,2021-08-06 09:30:00-04:00,2021-11-06 09:30:00-04:00
2021-09-10 11:54:00-04:00,2021-09-10 12:02:00-04:00,2021-09-10,0.9015069587132571,2,0.5301046000895566,20.0,35.0,1.75,20,0.7,0.2,6,-21.25,-22.36,-1.1179999999999999,recovery_deadline,8,2,2021-08-06 09:30:00-04:00,2021-11-06 09:30:00-04:00
2021-09-10 15:38:00-04:00,2021-09-10 15:54:00-04:00,2021-09-10,0.7787794729542302,2,0.41693625884874497,20.0,35.0,1.75,20,0.7,0.2,6,35.0,33.89,1.6945000000000001,target,16,2,2021-08-06 09:30:00-04:00,2021-11-06 09:30:00-04:00
2021-09-13 13:54:00-04:00,2021-09-13 14:08:00-04:00,2021-09-13,0.8003274884015263,2,0.42477497647881585,20.0,35.0,1.75,20,0.7,0.2,6,-18.0,-19.11,-0.9555,recovery_deadline,14,2,2021-08-06 09:30:00-04:00,2021-11-06 09:30:00-04:00
2021-09-14 15:29:00-04:00,2021-09-14 15:49:00-04:00,2021-09-14,0.8916027160662046,2,0.4034524570203817,20.0,35.0,1.75,20,0.7,0.2,6,-3.0,-4.109999999999999,-0.20549999999999996,timeout,20,2,2021-08-06 09:30:00-04:00,2021-11-06 09:30:00-04:00
2021-09-16 10:14:00-04:00,2021-09-16 10:30:00-04:00,2021-09-16,0.9734317789827504,2,0.5490523604200104,20.0,35.0,1.75,20,0.7,0.2,6,-12.25,-13.36,-0.6679999999999999,recovery_deadline,16,2,2021-08-06 09:30:00-04:00,2021-11-06 09:30:00-04:00
2021-09-17 11:50:00-04:00,2021-09-17 12:04:00-04:00,2021-09-17,0.8831371364599703,2,0.5414501124488698,20.0,35.0,1.75,20,0.7,0.2,6,-29.75,-30.86,-1.543,recovery_deadline,14,2,2021-08-06 09:30:00-04:00,2021-11-06 09:30:00-04:00
2021-09-17 13:49:00-04:00,2021-09-17 14:06:00-04:00,2021-09-17,0.8799299103625654,2,0.4131376504978441,20.0,35.0,1.75,20,0.7,0.2,6,-15.25,-16.36,-0.818,recovery_deadline,17,2,2021-08-06 09:30:00-04:00,2021-11-06 09:30:00-04:00
2021-09-20 12:06:00-04:00,2021-09-20 12:20:00-04:00,2021-09-20,1.0,2,0.5719446359121942,20.0,35.0,1.75,20,0.7,0.2,6,6.5,5.390000000000001,0.2695,recovery,14,2,2021-08-06 09:30:00-04:00,2021-11-06 09:30:00-04:00
2021-09-20 12:22:00-04:00,2021-09-20 12:31:00-04:00,2021-09-20,0.801512327585544,2,0.5856649073994878,20.0,35.0,1.75,20,0.7,0.2,6,-14.5,-15.61,-0.7805,recovery_deadline,9,2,2021-08-06 09:30:00-04:00,2021-11-06 09:30:00-04:00
2021-09-20 14:07:00-04:00,2021-09-20 14:22:00-04:00,2021-09-20,0.946879665115703,2,0.51673148618665,20.0,35.0,1.75,20,0.7,0.2,6,35.0,33.89,1.6945000000000001,target,15,2,2021-08-06 09:30:00-04:00,2021-11-06 09:30:00-04:00
2021-09-23 11:20:00-04:00,2021-09-23 11:31:00-04:00,2021-09-23,1.0,2,0.41005348239307293,20.0,35.0,1.75,20,0.7,0.2,6,-30.5,-31.61,-1.5805,recovery_deadline,11,2,2021-08-06 09:30:00-04:00,2021-11-06 09:30:00-04:00
2021-09-27 11:45:00-04:00,2021-09-27 12:02:00-04:00,2021-09-27,1.0,2,0.4021191706455622,20.0,35.0,1.75,20,0.7,0.2,6,-12.25,-13.36,-0.6679999999999999,recovery_deadline,17,2,2021-08-06 09:30:00-04:00,2021-11-06 09:30:00-04:00
2021-09-29 11:35:00-04:00,2021-09-29 11:55:00-04:00,2021-09-29,1.0,2,0.49945410727672485,20.0,35.0,1.75,20,0.7,0.2,6,-2.0,-3.11,-0.1555,recovery_deadline,20,2,2021-08-06 09:30:00-04:00,2021-11-06 09:30:00-04:00
2021-10-01 12:16:00-04:00,2021-10-01 12:26:00-04:00,2021-10-01,0.9197304495289323,2,0.5836976810879617,20.0,35.0,1.75,20,0.7,0.2,6,-23.5,-24.61,-1.2305,recovery_deadline,10,2,2021-08-06 09:30:00-04:00,2021-11-06 09:30:00-04:00
2021-10-06 14:59:00-04:00,2021-10-06 15:11:00-04:00,2021-10-06,0.9288620736037649,2,0.41208108393666637,20.0,35.0,1.75,20,0.7,0.2,6,-9.75,-10.86,-0.5429999999999999,recovery_deadline,12,2,2021-08-06 09:30:00-04:00,2021-11-06 09:30:00-04:00
2021-10-08 11:50:00-04:00,2021-10-08 11:58:00-04:00,2021-10-08,1.0,2,0.4231951579063882,20.0,35.0,1.75,20,0.7,0.2,6,-9.25,-10.36,-0.518,recovery_deadline,8,2,2021-08-06 09:30:00-04:00,2021-11-06 09:30:00-04:00
2021-10-08 15:37:00-04:00,2021-10-08 15:57:00-04:00,2021-10-08,1.0,2,0.42436241239302264,20.0,35.0,1.75,20,0.7,0.2,6,6.0,4.890000000000001,0.24450000000000002,timeout,20,2,2021-08-06 09:30:00-04:00,2021-11-06 09:30:00-04:00
2021-10-11 13:23:00-04:00,2021-10-11 13:43:00-04:00,2021-10-11,0.8458268832182487,2,0.554244630377798,20.0,35.0,1.75,20,0.7,0.2,6,-2.75,-3.86,-0.193,timeout,20,2,2021-08-06 09:30:00-04:00,2021-11-06 09:30:00-04:00
2021-10-13 11:32:00-04:00,2021-10-13 11:47:00-04:00,2021-10-13,0.7570105988948376,2,0.5386527266964183,20.0,35.0,1.75,20,0.7,0.2,6,-45.75,-46.86,-2.343,recovery_deadline,15,2,2021-08-06 09:30:00-04:00,2021-11-06 09:30:00-04:00
2021-10-20 13:18:00-04:00,2021-10-20 13:36:00-04:00,2021-10-20,1.0,2,0.4092132604134697,20.0,35.0,1.75,20,0.7,0.2,6,-14.75,-15.86,-0.7929999999999999,recovery_deadline,18,2,2021-08-06 09:30:00-04:00,2021-11-06 09:30:00-04:00
2021-10-22 11:06:00-04:00,2021-10-22 11:17:00-04:00,2021-10-22,0.9152034480945609,2,0.4154369405857404,20.0,35.0,1.75,20,0.7,0.2,6,35.0,33.89,1.6945000000000001,target,11,2,2021-08-06 09:30:00-04:00,2021-11-06 09:30:00-04:00
2021-10-22 11:18:00-04:00,2021-10-22 11:24:00-04:00,2021-10-22,0.8949967083607637,2,0.5688252489220506,20.0,35.0,1.75,20,0.7,0.2,6,35.0,33.89,1.6945000000000001,target,6,2,2021-08-06 09:30:00-04:00,2021-11-06 09:30:00-04:00
2021-10-26 11:07:00-04:00,2021-10-26 11:24:00-04:00,2021-10-26,0.8377277877377498,2,0.5257424895726943,20.0,35.0,1.75,20,0.7,0.2,6,-16.25,-17.36,-0.868,recovery_deadline,17,2,2021-08-06 09:30:00-04:00,2021-11-06 09:30:00-04:00
2021-10-26 12:43:00-04:00,2021-10-26 13:03:00-04:00,2021-10-26,1.0,2,0.4668917321150953,20.0,35.0,1.75,20,0.7,0.2,6,-2.5,-3.61,-0.1805,timeout,20,2,2021-08-06 09:30:00-04:00,2021-11-06 09:30:00-04:00
2021-10-27 15:15:00-04:00,2021-10-27 15:35:00-04:00,2021-10-27,0.8921933085501859,2,0.4397228776848111,20.0,35.0,1.75,20,0.7,0.2,6,2.0,0.8900000000000001,0.044500000000000005,timeout,20,2,2021-08-06 09:30:00-04:00,2021-11-06 09:30:00-04:00
2021-11-01 09:44:00-04:00,2021-11-01 09:49:00-04:00,2021-11-01,0.7551948051948052,2,0.439642377375388,20.0,35.0,1.75,20,0.7,0.2,6,12.75,11.64,0.5820000000000001,recovery,5,2,2021-08-06 09:30:00-04:00,2021-11-06 09:30:00-04:00
2021-11-02 10:14:00-04:00,2021-11-02 10:22:00-04:00,2021-11-02,0.7744226399317542,2,0.5865353169951247,20.0,35.0,1.75,20,0.7,0.2,6,-22.5,-23.61,-1.1804999999999999,recovery_deadline,8,2,2021-08-06 09:30:00-04:00,2021-11-06 09:30:00-04:00
2021-11-02 12:09:00-04:00,2021-11-02 12:20:00-04:00,2021-11-02,0.7884619215038767,2,0.4026122350407784,20.0,35.0,1.75,20,0.7,0.2,6,-18.75,-19.86,-0.993,recovery_deadline,11,2,2021-08-06 09:30:00-04:00,2021-11-06 09:30:00-04:00
2021-11-04 11:21:00-04:00,2021-11-04 11:27:00-04:00,2021-11-04,0.8559456008110342,2,0.4521148940666241,20.0,35.0,1.75,20,0.7,0.2,6,35.0,33.89,1.6945000000000001,target,6,2,2021-08-06 09:30:00-04:00,2021-11-06 09:30:00-04:00
2021-11-04 11:28:00-04:00,2021-11-04 11:38:00-04:00,2021-11-04,1.0,2,0.4962290636304633,20.0,35.0,1.75,20,0.7,0.2,6,-4.25,-5.359999999999999,-0.26799999999999996,recovery_deadline,10,2,2021-08-06 09:30:00-04:00,2021-11-06 09:30:00-04:00
2021-11-04 15:00:00-04:00,2021-11-04 15:07:00-04:00,2021-11-04,0.7800798602410574,2,0.44777290862711755,20.0,35.0,1.75,20,0.7,0.2,6,-6.5,-7.609999999999999,-0.38049999999999995,recovery_deadline,7,2,2021-08-06 09:30:00-04:00,2021-11-06 09:30:00-04:00
2021-11-05 13:09:00-04:00,2021-11-05 13:25:00-04:00,2021-11-05,0.9145360306506412,2,0.5288920641788717,20.0,35.0,1.75,20,0.7,0.2,6,35.0,33.89,1.6945000000000001,target,16,2,2021-08-06 09:30:00-04:00,2021-11-06 09:30:00-04:00
2021-11-05 13:28:00-04:00,2021-11-05 13:38:00-04:00,2021-11-05,1.0,2,0.597095951337563,20.0,35.0,1.75,20,0.7,0.2,6,-13.5,-14.61,-0.7304999999999999,recovery_deadline,10,2,2021-08-06 09:30:00-04:00,2021-11-06 09:30:00-04:00
2021-12-13 09:32:00-05:00,2021-12-13 09:38:00-05:00,2021-12-13,0.7690722535967162,2,0.4797591016120268,20.0,35.0,1.75,20,0.7,0.2,6,6.0,4.890000000000001,0.24450000000000002,recovery,6,3,2021-11-06 09:30:00-04:00,2022-02-06 09:30:00-05:00
2022-02-08 13:15:00-05:00,2022-02-08 13:35:00-05:00,2022-02-08,0.8638613861386139,2,0.44775564168690085,20.0,35.0,1.75,20,0.7,0.2,6,-5.75,-6.859999999999999,-0.34299999999999997,timeout,20,4,2022-02-06 09:30:00-05:00,2022-05-06 09:30:00-04:00
2022-02-09 12:06:00-05:00,2022-02-09 12:19:00-05:00,2022-02-09,0.9050038884578235,2,0.4464536172651455,20.0,35.0,1.75,20,0.7,0.2,6,-27.25,-28.36,-1.418,recovery_deadline,13,4,2022-02-06 09:30:00-05:00,2022-05-06 09:30:00-04:00
2022-02-15 12:47:00-05:00,2022-02-15 13:01:00-05:00,2022-02-15,1.0,2,0.46163552365009225,20.0,35.0,1.75,20,0.7,0.2,6,-33.0,-34.11,-1.7055,recovery_deadline,14,4,2022-02-06 09:30:00-05:00,2022-05-06 09:30:00-04:00
2022-02-15 15:36:00-05:00,2022-02-15 15:40:00-05:00,2022-02-15,0.9611851852461633,2,0.5015659482910301,20.0,35.0,1.75,20,0.7,0.2,6,12.25,11.14,0.557,recovery,4,4,2022-02-06 09:30:00-05:00,2022-05-06 09:30:00-04:00
2022-02-16 09:31:00-05:00,2022-02-16 09:35:00-05:00,2022-02-16,0.8765765312380578,2,0.5610920918354523,20.0,35.0,1.75,20,0.7,0.2,6,4.0,2.89,0.14450000000000002,recovery,4,4,2022-02-06 09:30:00-05:00,2022-05-06 09:30:00-04:00
2022-02-17 11:58:00-05:00,2022-02-17 12:08:00-05:00,2022-02-17,0.7718564329114543,2,0.44393502948406655,20.0,35.0,1.75,20,0.7,0.2,6,35.0,33.89,1.6945000000000001,target,10,4,2022-02-06 09:30:00-05:00,2022-05-06 09:30:00-04:00
2022-02-17 12:09:00-05:00,2022-02-17 12:28:00-05:00,2022-02-17,0.7711245344321114,2,0.5469105825930897,20.0,35.0,1.75,20,0.7,0.2,6,-14.0,-15.11,-0.7555,recovery_deadline,19,4,2022-02-06 09:30:00-05:00,2022-05-06 09:30:00-04:00
2022-02-17 13:13:00-05:00,2022-02-17 13:33:00-05:00,2022-02-17,0.8876131004041174,2,0.47183052568607636,20.0,35.0,1.75,20,0.7,0.2,6,-8.5,-9.61,-0.4805,timeout,20,4,2022-02-06 09:30:00-05:00,2022-05-06 09:30:00-04:00
2022-02-17 15:04:00-05:00,2022-02-17 15:16:00-05:00,2022-02-17,0.81688596790861,2,0.5300395634447846,20.0,35.0,1.75,20,0.7,0.2,6,35.0,33.89,1.6945000000000001,target,12,4,2022-02-06 09:30:00-05:00,2022-05-06 09:30:00-04:00
2022-03-03 13:45:00-05:00,2022-03-03 13:55:00-05:00,2022-03-03,1.0,2,0.5721668401023522,20.0,35.0,1.75,20,0.7,0.2,6,-18.0,-19.11,-0.9555,recovery_deadline,10,4,2022-02-06 09:30:00-05:00,2022-05-06 09:30:00-04:00
2022-03-03 14:43:00-05:00,2022-03-03 14:50:00-05:00,2022-03-03,1.0,2,0.5947084520990745,20.0,35.0,1.75,20,0.7,0.2,6,35.0,33.89,1.6945000000000001,target,7,4,2022-02-06 09:30:00-05:00,2022-05-06 09:30:00-04:00
2022-03-09 13:46:00-05:00,2022-03-09 13:57:00-05:00,2022-03-09,0.9109721046850954,2,0.5380879846773342,20.0,35.0,1.75,20,0.7,0.2,6,-14.5,-15.61,-0.7805,recovery_deadline,11,4,2022-02-06 09:30:00-05:00,2022-05-06 09:30:00-04:00
2022-03-10 12:52:00-05:00,2022-03-10 13:04:00-05:00,2022-03-10,1.0,2,0.5392844395513797,20.0,35.0,1.75,20,0.7,0.2,6,11.5,10.39,0.5195000000000001,recovery,12,4,2022-02-06 09:30:00-05:00,2022-05-06 09:30:00-04:00
2022-03-11 09:31:00-05:00,2022-03-11 09:33:00-05:00,2022-03-11,1.0,2,0.5165618511871547,20.0,35.0,1.75,20,0.7,0.2,6,35.0,33.89,1.6945000000000001,target,2,4,2022-02-06 09:30:00-05:00,2022-05-06 09:30:00-04:00
2022-03-16 12:39:00-04:00,2022-03-16 12:46:00-04:00,2022-03-16,0.9197063482639005,2,0.49467879208328935,20.0,35.0,1.75,20,0.7,0.2,6,28.5,27.39,1.3695,recovery,7,4,2022-02-06 09:30:00-05:00,2022-05-06 09:30:00-04:00
2022-03-17 14:24:00-04:00,2022-03-17 14:38:00-04:00,2022-03-17,1.0,2,0.5953318151426948,20.0,35.0,1.75,20,0.7,0.2,6,-16.0,-17.11,-0.8554999999999999,recovery_deadline,14,4,2022-02-06 09:30:00-05:00,2022-05-06 09:30:00-04:00
2022-03-22 11:57:00-04:00,2022-03-22 12:17:00-04:00,2022-03-22,1.0,2,0.41172626318990957,20.0,35.0,1.75,20,0.7,0.2,6,20.5,19.39,0.9695,timeout,20,4,2022-02-06 09:30:00-05:00,2022-05-06 09:30:00-04:00
2022-03-22 12:21:00-04:00,2022-03-22 12:41:00-04:00,2022-03-22,1.0,2,0.4756410836462716,20.0,35.0,1.75,20,0.7,0.2,6,-2.75,-3.86,-0.193,timeout,20,4,2022-02-06 09:30:00-05:00,2022-05-06 09:30:00-04:00
2022-03-23 12:45:00-04:00,2022-03-23 12:54:00-04:00,2022-03-23,0.8000443104380417,2,0.5877207534649433,20.0,35.0,1.75,20,0.7,0.2,6,-24.0,-25.11,-1.2555,recovery_deadline,9,4,2022-02-06 09:30:00-05:00,2022-05-06 09:30:00-04:00
2022-03-23 13:21:00-04:00,2022-03-23 13:29:00-04:00,2022-03-23,0.9581726395311488,2,0.5648423243398133,20.0,35.0,1.75,20,0.7,0.2,6,35.0,33.89,1.6945000000000001,target,8,4,2022-02-06 09:30:00-05:00,2022-05-06 09:30:00-04:00
2022-03-25 15:31:00-04:00,2022-03-25 15:42:00-04:00,2022-03-25,1.0,2,0.5771587715726344,20.0,35.0,1.75,20,0.7,0.2,6,-34.75,-35.86,-1.793,recovery_deadline,11,4,2022-02-06 09:30:00-05:00,2022-05-06 09:30:00-04:00
2022-03-30 11:06:00-04:00,2022-03-30 11:26:00-04:00,2022-03-30,1.0,2,0.46461157947124737,20.0,35.0,1.75,20,0.7,0.2,6,16.0,14.89,0.7445,timeout,20,4,2022-02-06 09:30:00-05:00,2022-05-06 09:30:00-04:00
2022-03-30 15:01:00-04:00,2022-03-30 15:18:00-04:00,2022-03-30,0.8428648200309665,2,0.4591571528395695,20.0,35.0,1.75,20,0.7,0.2,6,35.0,33.89,1.6945000000000001,target,17,4,2022-02-06 09:30:00-05:00,2022-05-06 09:30:00-04:00
2022-03-30 15:19:00-04:00,2022-03-30 15:38:00-04:00,2022-03-30,1.0,2,0.48199033787282386,20.0,35.0,1.75,20,0.7,0.2,6,5.5,4.390000000000001,0.21950000000000003,recovery,19,4,2022-02-06 09:30:00-05:00,2022-05-06 09:30:00-04:00
2022-03-31 12:34:00-04:00,2022-03-31 12:42:00-04:00,2022-03-31,0.9564266657473317,2,0.4394608915096948,20.0,35.0,1.75,20,0.7,0.2,6,-20.5,-21.61,-1.0805,recovery_deadline,8,4,2022-02-06 09:30:00-05:00,2022-05-06 09:30:00-04:00
2022-03-31 15:31:00-04:00,2022-03-31 15:40:00-04:00,2022-03-31,1.0,2,0.5520231649750403,20.0,35.0,1.75,20,0.7,0.2,6,4.25,3.14,0.157,recovery,9,4,2022-02-06 09:30:00-05:00,2022-05-06 09:30:00-04:00
2022-04-01 15:12:00-04:00,2022-04-01 15:19:00-04:00,2022-04-01,0.7998013627939484,2,0.5685774754802158,20.0,35.0,1.75,20,0.7,0.2,6,21.5,20.39,1.0195,recovery,7,4,2022-02-06 09:30:00-05:00,2022-05-06 09:30:00-04:00
2022-04-05 12:21:00-04:00,2022-04-05 12:41:00-04:00,2022-04-05,0.8179831231554989,2,0.4478209942640546,20.0,35.0,1.75,20,0.7,0.2,6,2.75,1.6400000000000001,0.082,timeout,20,4,2022-02-06 09:30:00-05:00,2022-05-06 09:30:00-04:00
2022-04-05 15:05:00-04:00,2022-04-05 15:25:00-04:00,2022-04-05,0.8606569732615778,2,0.5988306915810799,20.0,35.0,1.75,20,0.7,0.2,6,16.0,14.89,0.7445,timeout,20,4,2022-02-06 09:30:00-05:00,2022-05-06 09:30:00-04:00
2022-04-06 12:22:00-04:00,2022-04-06 12:42:00-04:00,2022-04-06,0.8184818481848185,2,0.46564716646306825,20.0,35.0,1.75,20,0.7,0.2,6,1.0,-0.10999999999999988,-0.005499999999999994,timeout,20,4,2022-02-06 09:30:00-05:00,2022-05-06 09:30:00-04:00
2022-04-08 09:30:00-04:00,2022-04-08 09:32:00-04:00,2022-04-08,1.0,2,0.45653299551078064,20.0,35.0,1.75,20,0.7,0.2,6,13.0,11.89,0.5945,recovery,2,4,2022-02-06 09:30:00-05:00,2022-05-06 09:30:00-04:00
2022-04-11 15:28:00-04:00,2022-04-11 15:45:00-04:00,2022-04-11,1.0,2,0.5259223510840987,20.0,35.0,1.75,20,0.7,0.2,6,35.0,33.89,1.6945000000000001,target,17,4,2022-02-06 09:30:00-05:00,2022-05-06 09:30:00-04:00
2022-04-12 12:00:00-04:00,2022-04-12 12:07:00-04:00,2022-04-12,0.8509787029838354,2,0.5548031630647342,20.0,35.0,1.75,20,0.7,0.2,6,35.0,33.89,1.6945000000000001,target,7,4,2022-02-06 09:30:00-05:00,2022-05-06 09:30:00-04:00
2022-04-12 12:08:00-04:00,2022-04-12 12:23:00-04:00,2022-04-12,1.0,2,0.5962668597081253,20.0,35.0,1.75,20,0.7,0.2,6,9.0,7.890000000000001,0.3945,recovery,15,4,2022-02-06 09:30:00-05:00,2022-05-06 09:30:00-04:00
2022-04-13 13:47:00-04:00,2022-04-13 14:05:00-04:00,2022-04-13,1.0,2,0.41305342321826255,20.0,35.0,1.75,20,0.7,0.2,6,-17.0,-18.11,-0.9055,recovery_deadline,18,4,2022-02-06 09:30:00-05:00,2022-05-06 09:30:00-04:00
2022-04-14 12:04:00-04:00,2022-04-14 12:13:00-04:00,2022-04-14,0.7516773332943512,2,0.593878977081354,20.0,35.0,1.75,20,0.7,0.2,6,-5.5,-6.609999999999999,-0.33049999999999996,recovery_deadline,9,4,2022-02-06 09:30:00-05:00,2022-05-06 09:30:00-04:00
2022-04-14 12:41:00-04:00,2022-04-14 13:01:00-04:00,2022-04-14,1.0,2,0.5120826860914635,20.0,35.0,1.75,20,0.7,0.2,6,-16.0,-17.11,-0.8554999999999999,timeout,20,4,2022-02-06 09:30:00-05:00,2022-05-06 09:30:00-04:00
2022-04-14 14:54:00-04:00,2022-04-14 15:14:00-04:00,2022-04-14,0.9410880852077146,2,0.5563213537032289,20.0,35.0,1.75,20,0.7,0.2,6,13.25,12.14,0.607,timeout,20,4,2022-02-06 09:30:00-05:00,2022-05-06 09:30:00-04:00
2022-04-18 11:09:00-04:00,2022-04-18 11:18:00-04:00,2022-04-18,0.7664129224894835,2,0.5925367356890424,20.0,35.0,1.75,20,0.7,0.2,6,35.0,33.89,1.6945000000000001,target,9,4,2022-02-06 09:30:00-05:00,2022-05-06 09:30:00-04:00
2022-04-18 11:24:00-04:00,2022-04-18 11:44:00-04:00,2022-04-18,1.0,2,0.5625298485328346,20.0,35.0,1.75,20,0.7,0.2,6,8.0,6.890000000000001,0.34450000000000003,timeout,20,4,2022-02-06 09:30:00-05:00,2022-05-06 09:30:00-04:00
2022-04-18 12:13:00-04:00,2022-04-18 12:26:00-04:00,2022-04-18,0.8915447888210003,2,0.5431000246328944,20.0,35.0,1.75,20,0.7,0.2,6,35.0,33.89,1.6945000000000001,target,13,4,2022-02-06 09:30:00-05:00,2022-05-06 09:30:00-04:00
2022-04-18 12:27:00-04:00,2022-04-18 12:41:00-04:00,2022-04-18,0.8643193541152725,2,0.49099893927740157,20.0,35.0,1.75,20,0.7,0.2,6,-5.5,-6.609999999999999,-0.33049999999999996,recovery_deadline,14,4,2022-02-06 09:30:00-05:00,2022-05-06 09:30:00-04:00
2022-04-18 14:55:00-04:00,2022-04-18 14:59:00-04:00,2022-04-18,0.9966882275747915,2,0.5568793641696955,20.0,35.0,1.75,20,0.7,0.2,6,5.0,3.89,0.1945,recovery,4,4,2022-02-06 09:30:00-05:00,2022-05-06 09:30:00-04:00
2022-04-18 15:03:00-04:00,2022-04-18 15:23:00-04:00,2022-04-18,0.9021405044951333,2,0.5998964413008179,20.0,35.0,1.75,20,0.7,0.2,6,28.25,27.14,1.357,timeout,20,4,2022-02-06 09:30:00-05:00,2022-05-06 09:30:00-04:00
2022-04-18 15:30:00-04:00,2022-04-18 15:40:00-04:00,2022-04-18,1.0,2,0.5568391471991394,20.0,35.0,1.75,20,0.7,0.2,6,35.0,33.89,1.6945000000000001,target,10,4,2022-02-06 09:30:00-05:00,2022-05-06 09:30:00-04:00
2022-04-20 14:35:00-04:00,2022-04-20 14:54:00-04:00,2022-04-20,1.0,2,0.46443563022506423,20.0,35.0,1.75,20,0.7,0.2,6,35.0,33.89,1.6945000000000001,target,19,4,2022-02-06 09:30:00-05:00,2022-05-06 09:30:00-04:00
2022-04-20 14:55:00-04:00,2022-04-20 15:03:00-04:00,2022-04-20,1.0,2,0.583628676710855,20.0,35.0,1.75,20,0.7,0.2,6,-47.75,-48.86,-2.443,recovery_deadline,8,4,2022-02-06 09:30:00-05:00,2022-05-06 09:30:00-04:00
2022-04-22 12:09:00-04:00,2022-04-22 12:23:00-04:00,2022-04-22,1.0,2,0.5882536283248123,20.0,35.0,1.75,20,0.7,0.2,6,-17.0,-18.11,-0.9055,recovery_deadline,14,4,2022-02-06 09:30:00-05:00,2022-05-06 09:30:00-04:00
2022-04-22 14:04:00-04:00,2022-04-22 14:12:00-04:00,2022-04-22,1.0,2,0.44047637001623763,20.0,35.0,1.75,20,0.7,0.2,6,-10.75,-11.86,-0.593,recovery_deadline,8,4,2022-02-06 09:30:00-05:00,2022-05-06 09:30:00-04:00
2022-04-22 14:53:00-04:00,2022-04-22 15:13:00-04:00,2022-04-22,0.8294044665012407,2,0.5026518064960461,20.0,35.0,1.75,20,0.7,0.2,6,-32.5,-33.61,-1.6804999999999999,timeout,20,4,2022-02-06 09:30:00-05:00,2022-05-06 09:30:00-04:00
2022-07-11 14:11:00-04:00,2022-07-11 14:31:00-04:00,2022-07-11,0.8615016049600737,2,0.4475414120295915,20.0,35.0,1.75,20,0.7,0.2,6,6.0,4.890000000000001,0.24450000000000002,timeout,20,5,2022-05-06 09:30:00-04:00,2022-08-06 09:30:00-04:00
2022-07-11 15:03:00-04:00,2022-07-11 15:23:00-04:00,2022-07-11,0.7680936535898193,2,0.5318028304921196,20.0,35.0,1.75,20,0.7,0.2,6,5.75,4.640000000000001,0.23200000000000004,timeout,20,5,2022-05-06 09:30:00-04:00,2022-08-06 09:30:00-04:00
2022-07-12 14:58:00-04:00,2022-07-12 15:04:00-04:00,2022-07-12,0.8591500032258721,2,0.5120969363139273,20.0,35.0,1.75,20,0.7,0.2,6,35.0,33.89,1.6945000000000001,target,6,5,2022-05-06 09:30:00-04:00,2022-08-06 09:30:00-04:00
2022-07-18 13:33:00-04:00,2022-07-18 13:44:00-04:00,2022-07-18,1.0,2,0.4678202396268897,20.0,35.0,1.75,20,0.7,0.2,6,35.0,33.89,1.6945000000000001,target,11,5,2022-05-06 09:30:00-04:00,2022-08-06 09:30:00-04:00
2022-07-25 15:05:00-04:00,2022-07-25 15:25:00-04:00,2022-07-25,0.8310011280569418,2,0.5719785300739788,20.0,35.0,1.75,20,0.7,0.2,6,-18.25,-19.36,-0.968,recovery_deadline,20,5,2022-05-06 09:30:00-04:00,2022-08-06 09:30:00-04:00
2022-07-28 13:01:00-04:00,2022-07-28 13:12:00-04:00,2022-07-28,0.8360431839951357,2,0.5269881794789322,20.0,35.0,1.75,20,0.7,0.2,6,-29.0,-30.11,-1.5055,recovery_deadline,11,5,2022-05-06 09:30:00-04:00,2022-08-06 09:30:00-04:00
2022-07-29 09:36:00-04:00,2022-07-29 09:43:00-04:00,2022-07-29,0.857623555325249,2,0.5994341026053394,20.0,35.0,1.75,20,0.7,0.2,6,-99.25,-100.36,-5.018,recovery_deadline,7,5,2022-05-06 09:30:00-04:00,2022-08-06 09:30:00-04:00
2022-08-08 11:38:00-04:00,2022-08-08 11:42:00-04:00,2022-08-08,1.0,2,0.5499333484242561,20.0,35.0,1.75,20,0.7,0.2,6,35.0,33.89,1.6945000000000001,target,4,6,2022-08-06 09:30:00-04:00,2022-11-06 09:30:00-05:00
2022-08-10 12:22:00-04:00,2022-08-10 12:30:00-04:00,2022-08-10,0.9540568246112539,2,0.4353127593752358,20.0,35.0,1.75,20,0.7,0.2,6,-20.0,-21.11,-1.0554999999999999,recovery_deadline,8,6,2022-08-06 09:30:00-04:00,2022-11-06 09:30:00-05:00
2022-08-11 14:53:00-04:00,2022-08-11 15:04:00-04:00,2022-08-11,0.787871350029476,2,0.5929122965869363,20.0,35.0,1.75,20,0.7,0.2,6,-22.25,-23.36,-1.168,recovery_deadline,11,6,2022-08-06 09:30:00-04:00,2022-11-06 09:30:00-05:00
2022-08-16 14:35:00-04:00,2022-08-16 14:39:00-04:00,2022-08-16,0.8256931282477509,2,0.4590859931084786,20.0,35.0,1.75,20,0.7,0.2,6,35.0,33.89,1.6945000000000001,target,4,6,2022-08-06 09:30:00-04:00,2022-11-06 09:30:00-05:00
2022-08-16 14:40:00-04:00,2022-08-16 14:46:00-04:00,2022-08-16,1.0,2,0.5888528383510652,20.0,35.0,1.75,20,0.7,0.2,6,35.0,33.89,1.6945000000000001,target,6,6,2022-08-06 09:30:00-04:00,2022-11-06 09:30:00-05:00
2022-08-19 13:30:00-04:00,2022-08-19 13:50:00-04:00,2022-08-19,0.892123739094967,2,0.4289946930254785,20.0,35.0,1.75,20,0.7,0.2,6,-15.25,-16.36,-0.818,timeout,20,6,2022-08-06 09:30:00-04:00,2022-11-06 09:30:00-05:00
2022-08-24 12:44:00-04:00,2022-08-24 13:04:00-04:00,2022-08-24,0.9897247138883054,2,0.4520687140018612,20.0,35.0,1.75,20,0.7,0.2,6,10.0,8.89,0.4445,timeout,20,6,2022-08-06 09:30:00-04:00,2022-11-06 09:30:00-05:00
2022-08-25 11:17:00-04:00,2022-08-25 11:24:00-04:00,2022-08-25,1.0,2,0.5713624588143565,20.0,35.0,1.75,20,0.7,0.2,6,15.75,14.64,0.732,recovery,7,6,2022-08-06 09:30:00-04:00,2022-11-06 09:30:00-05:00
2022-09-13 15:07:00-04:00,2022-09-13 15:27:00-04:00,2022-09-13,0.9891504692683555,2,0.4660932115998893,20.0,35.0,1.75,20,0.7,0.2,6,24.5,23.39,1.1695,timeout,20,6,2022-08-06 09:30:00-04:00,2022-11-06 09:30:00-05:00
2022-09-13 15:29:00-04:00,2022-09-13 15:33:00-04:00,2022-09-13,1.0,2,0.5126939812369526,20.0,35.0,1.75,20,0.7,0.2,6,35.0,33.89,1.6945000000000001,target,4,6,2022-08-06 09:30:00-04:00,2022-11-06 09:30:00-05:00
2022-09-14 13:45:00-04:00,2022-09-14 13:48:00-04:00,2022-09-14,1.0,2,0.5918358107598279,20.0,35.0,1.75,20,0.7,0.2,6,35.0,33.89,1.6945000000000001,target,3,6,2022-08-06 09:30:00-04:00,2022-11-06 09:30:00-05:00
2022-09-15 09:31:00-04:00,2022-09-15 09:38:00-04:00,2022-09-15,1.0,2,0.5211298070877034,20.0,35.0,1.75,20,0.7,0.2,6,-0.25,-1.3599999999999999,-0.06799999999999999,recovery_deadline,7,6,2022-08-06 09:30:00-04:00,2022-11-06 09:30:00-05:00
2022-09-20 12:32:00-04:00,2022-09-20 12:52:00-04:00,2022-09-20,1.0,2,0.5705425186750169,20.0,35.0,1.75,20,0.7,0.2,6,-2.5,-3.61,-0.1805,timeout,20,6,2022-08-06 09:30:00-04:00,2022-11-06 09:30:00-05:00
2022-09-20 13:29:00-04:00,2022-09-20 13:49:00-04:00,2022-09-20,1.0,2,0.5841847128951936,20.0,35.0,1.75,20,0.7,0.2,6,23.0,21.89,1.0945,timeout,20,6,2022-08-06 09:30:00-04:00,2022-11-06 09:30:00-05:00
2022-10-07 15:28:00-04:00,2022-10-07 15:45:00-04:00,2022-10-07,0.8299889684767927,2,0.5500540758067356,20.0,35.0,1.75,20,0.7,0.2,6,-18.0,-19.11,-0.9555,recovery_deadline,17,6,2022-08-06 09:30:00-04:00,2022-11-06 09:30:00-05:00
2022-10-26 14:27:00-04:00,2022-10-26 14:42:00-04:00,2022-10-26,0.7590324113677055,2,0.5118841017128197,20.0,35.0,1.75,20,0.7,0.2,6,8.5,7.390000000000001,0.36950000000000005,recovery,15,6,2022-08-06 09:30:00-04:00,2022-11-06 09:30:00-05:00
2022-10-27 14:11:00-04:00,2022-10-27 14:24:00-04:00,2022-10-27,1.0,2,0.4560879297769059,20.0,35.0,1.75,20,0.7,0.2,6,-22.0,-23.11,-1.1555,recovery_deadline,13,6,2022-08-06 09:30:00-04:00,2022-11-06 09:30:00-05:00
2022-11-08 09:31:00-05:00,2022-11-08 09:41:00-05:00,2022-11-08,0.8899696082697073,2,0.5118671404450492,20.0,35.0,1.75,20,0.7,0.2,6,35.0,33.89,1.6945000000000001,target,10,7,2022-11-06 09:30:00-05:00,2023-02-06 09:30:00-05:00
2022-11-11 09:30:00-05:00,2022-11-11 09:35:00-05:00,2022-11-11,1.0,2,0.5299564023084096,20.0,35.0,1.75,20,0.7,0.2,6,35.0,33.89,1.6945000000000001,target,5,7,2022-11-06 09:30:00-05:00,2023-02-06 09:30:00-05:00
2022-11-11 15:09:00-05:00,2022-11-11 15:29:00-05:00,2022-11-11,0.8152650069868659,2,0.597041405206522,20.0,35.0,1.75,20,0.7,0.2,6,-19.0,-20.11,-1.0055,timeout,20,7,2022-11-06 09:30:00-05:00,2023-02-06 09:30:00-05:00
2022-11-17 14:08:00-05:00,2022-11-17 14:17:00-05:00,2022-11-17,0.9860135442202104,2,0.49251782969179203,20.0,35.0,1.75,20,0.7,0.2,6,35.0,33.89,1.6945000000000001,target,9,7,2022-11-06 09:30:00-05:00,2023-02-06 09:30:00-05:00
2022-11-17 14:36:00-05:00,2022-11-17 14:44:00-05:00,2022-11-17,1.0,2,0.5452836370051158,20.0,35.0,1.75,20,0.7,0.2,6,-6.75,-7.859999999999999,-0.39299999999999996,recovery_deadline,8,7,2022-11-06 09:30:00-05:00,2023-02-06 09:30:00-05:00
2022-11-22 09:37:00-05:00,2022-11-22 09:41:00-05:00,2022-11-22,0.961023948899852,2,0.42652654923011013,20.0,35.0,1.75,20,0.7,0.2,6,35.0,33.89,1.6945000000000001,target,4,7,2022-11-06 09:30:00-05:00,2023-02-06 09:30:00-05:00
2022-11-23 11:48:00-05:00,2022-11-23 11:54:00-05:00,2022-11-23,0.7721332504262937,2,0.49576371563216654,20.0,35.0,1.75,20,0.7,0.2,6,35.0,33.89,1.6945000000000001,target,6,7,2022-11-06 09:30:00-05:00,2023-02-06 09:30:00-05:00
2022-11-23 12:53:00-05:00,2022-11-23 13:13:00-05:00,2022-11-23,0.9099723209787909,2,0.4762883999899196,20.0,35.0,1.75,20,0.7,0.2,6,-1.0,-2.11,-0.1055,timeout,20,7,2022-11-06 09:30:00-05:00,2023-02-06 09:30:00-05:00
2022-11-28 13:56:00-05:00,2022-11-28 14:16:00-05:00,2022-11-28,1.0,2,0.40194047529044125,20.0,35.0,1.75,20,0.7,0.2,6,23.5,22.39,1.1195,timeout,20,7,2022-11-06 09:30:00-05:00,2023-02-06 09:30:00-05:00
2022-11-30 12:20:00-05:00,2022-11-30 12:36:00-05:00,2022-11-30,1.0,2,0.42823013532925075,20.0,35.0,1.75,20,0.7,0.2,6,4.0,2.89,0.14450000000000002,recovery,16,7,2022-11-06 09:30:00-05:00,2023-02-06 09:30:00-05:00
2022-12-05 11:35:00-05:00,2022-12-05 11:44:00-05:00,2022-12-05,1.0,2,0.5286862730273935,20.0,35.0,1.75,20,0.7,0.2,6,-17.0,-18.11,-0.9055,recovery_deadline,9,7,2022-11-06 09:30:00-05:00,2023-02-06 09:30:00-05:00
2022-12-05 13:58:00-05:00,2022-12-05 14:18:00-05:00,2022-12-05,0.869965776641129,2,0.427408583453038,20.0,35.0,1.75,20,0.7,0.2,6,-4.75,-5.859999999999999,-0.293,timeout,20,7,2022-11-06 09:30:00-05:00,2023-02-06 09:30:00-05:00
2022-12-06 09:34:00-05:00,2022-12-06 09:35:00-05:00,2022-12-06,0.9757431643820643,2,0.41303394571709384,20.0,35.0,1.75,20,0.7,0.2,6,4.25,3.14,0.157,recovery,1,7,2022-11-06 09:30:00-05:00,2023-02-06 09:30:00-05:00
2022-12-06 09:39:00-05:00,2022-12-06 09:44:00-05:00,2022-12-06,0.9955459962212189,2,0.537224364305335,20.0,35.0,1.75,20,0.7,0.2,6,35.0,33.89,1.6945000000000001,target,5,7,2022-11-06 09:30:00-05:00,2023-02-06 09:30:00-05:00
2022-12-06 14:22:00-05:00,2022-12-06 14:42:00-05:00,2022-12-06,0.9848238894510892,2,0.4089917088783045,20.0,35.0,1.75,20,0.7,0.2,6,9.0,7.890000000000001,0.3945,timeout,20,7,2022-11-06 09:30:00-05:00,2023-02-06 09:30:00-05:00
2022-12-07 14:03:00-05:00,2022-12-07 14:14:00-05:00,2022-12-07,1.0,2,0.5295985484236788,20.0,35.0,1.75,20,0.7,0.2,6,-35.75,-36.86,-1.843,recovery_deadline,11,7,2022-11-06 09:30:00-05:00,2023-02-06 09:30:00-05:00
2022-12-08 09:33:00-05:00,2022-12-08 09:44:00-05:00,2022-12-08,1.0,2,0.46093596431541545,20.0,35.0,1.75,20,0.7,0.2,6,35.0,33.89,1.6945000000000001,target,11,7,2022-11-06 09:30:00-05:00,2023-02-06 09:30:00-05:00
2022-12-08 14:04:00-05:00,2022-12-08 14:24:00-05:00,2022-12-08,0.8480501919356986,2,0.599596784355233,20.0,35.0,1.75,20,0.7,0.2,6,-6.25,-7.359999999999999,-0.368,timeout,20,7,2022-11-06 09:30:00-05:00,2023-02-06 09:30:00-05:00
2022-12-09 15:36:00-05:00,2022-12-09 15:50:00-05:00,2022-12-09,0.8416455005642084,2,0.42115874095914924,20.0,35.0,1.75,20,0.7,0.2,6,35.0,33.89,1.6945000000000001,target,14,7,2022-11-06 09:30:00-05:00,2023-02-06 09:30:00-05:00
2022-12-19 09:31:00-05:00,2022-12-19 09:36:00-05:00,2022-12-19,0.8787604336637433,2,0.5463168770948312,20.0,35.0,1.75,20,0.7,0.2,6,35.0,33.89,1.6945000000000001,target,5,7,2022-11-06 09:30:00-05:00,2023-02-06 09:30:00-05:00
2022-12-19 14:00:00-05:00,2022-12-19 14:20:00-05:00,2022-12-19,1.0,2,0.4599279252034979,20.0,35.0,1.75,20,0.7,0.2,6,11.25,10.14,0.507,timeout,20,7,2022-11-06 09:30:00-05:00,2023-02-06 09:30:00-05:00
2022-12-22 12:25:00-05:00,2022-12-22 12:45:00-05:00,2022-12-22,0.8564972647903432,2,0.5095133691187218,20.0,35.0,1.75,20,0.7,0.2,6,12.5,11.39,0.5695,timeout,20,7,2022-11-06 09:30:00-05:00,2023-02-06 09:30:00-05:00
2022-12-27 09:33:00-05:00,2022-12-27 09:36:00-05:00,2022-12-27,0.7968571715693444,2,0.5589929689271944,20.0,35.0,1.75,20,0.7,0.2,6,35.0,33.89,1.6945000000000001,target,3,7,2022-11-06 09:30:00-05:00,2023-02-06 09:30:00-05:00
2022-12-27 12:43:00-05:00,2022-12-27 13:03:00-05:00,2022-12-27,1.0,2,0.43906655578236436,20.0,35.0,1.75,20,0.7,0.2,6,-16.0,-17.11,-0.8554999999999999,timeout,20,7,2022-11-06 09:30:00-05:00,2023-02-06 09:30:00-05:00
2023-01-04 13:00:00-05:00,2023-01-04 13:19:00-05:00,2023-01-04,1.0,2,0.5856203220684962,20.0,35.0,1.75,20,0.7,0.2,6,-34.25,-35.36,-1.768,recovery_deadline,19,7,2022-11-06 09:30:00-05:00,2023-02-06 09:30:00-05:00
2023-01-23 14:38:00-05:00,2023-01-23 14:47:00-05:00,2023-01-23,0.7502114967497997,2,0.4050149945817898,20.0,35.0,1.75,20,0.7,0.2,6,35.0,33.89,1.6945000000000001,target,9,7,2022-11-06 09:30:00-05:00,2023-02-06 09:30:00-05:00
2023-01-31 12:02:00-05:00,2023-01-31 12:12:00-05:00,2023-01-31,0.7587668004327408,2,0.41865376376603414,20.0,35.0,1.75,20,0.7,0.2,6,-9.5,-10.61,-0.5305,recovery_deadline,10,7,2022-11-06 09:30:00-05:00,2023-02-06 09:30:00-05:00
2023-05-08 14:07:00-04:00,2023-05-08 14:18:00-04:00,2023-05-08,0.9475047980394706,2,0.41097205468435866,20.0,35.0,1.75,20,0.7,0.2,6,-30.75,-31.86,-1.593,recovery_deadline,11,9,2023-05-06 09:30:00-04:00,2023-08-06 09:30:00-04:00
2023-05-10 13:17:00-04:00,2023-05-10 13:27:00-04:00,2023-05-10,0.7740123131757753,2,0.43055388017692,20.0,35.0,1.75,20,0.7,0.2,6,35.0,33.89,1.6945000000000001,target,10,9,2023-05-06 09:30:00-04:00,2023-08-06 09:30:00-04:00
2023-05-12 10:01:00-04:00,2023-05-12 10:21:00-04:00,2023-05-12,0.7539277643352014,2,0.5118315239244069,20.0,35.0,1.75,20,0.7,0.2,6,12.5,11.39,0.5695,timeout,20,9,2023-05-06 09:30:00-04:00,2023-08-06 09:30:00-04:00
2023-05-23 12:42:00-04:00,2023-05-23 13:02:00-04:00,2023-05-23,0.9692999590426761,2,0.41722959388821873,20.0,35.0,1.75,20,0.7,0.2,6,-4.5,-5.609999999999999,-0.28049999999999997,timeout,20,9,2023-05-06 09:30:00-04:00,2023-08-06 09:30:00-04:00
2023-05-24 10:05:00-04:00,2023-05-24 10:22:00-04:00,2023-05-24,0.7907710831180405,2,0.47677422597507035,20.0,35.0,1.75,20,0.7,0.2,6,-3.5,-4.609999999999999,-0.23049999999999998,recovery_deadline,17,9,2023-05-06 09:30:00-04:00,2023-08-06 09:30:00-04:00
2023-05-25 09:31:00-04:00,2023-05-25 09:37:00-04:00,2023-05-25,0.9641449467862058,2,0.43814334539605954,20.0,35.0,1.75,20,0.7,0.2,6,35.0,33.89,1.6945000000000001,target,6,9,2023-05-06 09:30:00-04:00,2023-08-06 09:30:00-04:00
2023-05-25 14:49:00-04:00,2023-05-25 15:09:00-04:00,2023-05-25,0.772704081632653,2,0.448818858061922,20.0,35.0,1.75,20,0.7,0.2,6,-44.75,-45.86,-2.293,timeout,20,9,2023-05-06 09:30:00-04:00,2023-08-06 09:30:00-04:00
2023-05-30 13:55:00-04:00,2023-05-30 14:15:00-04:00,2023-05-30,0.7895644692737841,2,0.5207981503819863,20.0,35.0,1.75,20,0.7,0.2,6,-6.25,-7.359999999999999,-0.368,timeout,20,9,2023-05-06 09:30:00-04:00,2023-08-06 09:30:00-04:00
2023-06-05 14:32:00-04:00,2023-06-05 14:34:00-04:00,2023-06-05,0.8048501548241428,2,0.44229493365500605,20.0,35.0,1.75,20,0.7,0.2,6,35.0,33.89,1.6945000000000001,target,2,9,2023-05-06 09:30:00-04:00,2023-08-06 09:30:00-04:00
2023-06-07 12:25:00-04:00,2023-06-07 12:37:00-04:00,2023-06-07,0.9333715806522905,2,0.42255729794933655,20.0,35.0,1.75,20,0.7,0.2,6,-24.0,-25.11,-1.2555,recovery_deadline,12,9,2023-05-06 09:30:00-04:00,2023-08-06 09:30:00-04:00
2023-06-09 10:43:00-04:00,2023-06-09 10:49:00-04:00,2023-06-09,0.9590722287193059,2,0.46947125050261357,20.0,35.0,1.75,20,0.7,0.2,6,22.0,20.89,1.0445,recovery,6,9,2023-05-06 09:30:00-04:00,2023-08-06 09:30:00-04:00
2023-06-13 14:28:00-04:00,2023-06-13 14:48:00-04:00,2023-06-13,0.8944459234210668,2,0.4382790510655408,20.0,35.0,1.75,20,0.7,0.2,6,-16.0,-17.11,-0.8554999999999999,timeout,20,9,2023-05-06 09:30:00-04:00,2023-08-06 09:30:00-04:00
2023-06-23 15:01:00-04:00,2023-06-23 15:09:00-04:00,2023-06-23,0.9581902177890469,2,0.4897617611580217,20.0,35.0,1.75,20,0.7,0.2,6,-25.0,-26.11,-1.3054999999999999,recovery_deadline,8,9,2023-05-06 09:30:00-04:00,2023-08-06 09:30:00-04:00
2023-06-26 10:40:00-04:00,2023-06-26 10:50:00-04:00,2023-06-26,1.0,2,0.5819963811821471,20.0,35.0,1.75,20,0.7,0.2,6,-49.0,-50.11,-2.5055,recovery_deadline,10,9,2023-05-06 09:30:00-04:00,2023-08-06 09:30:00-04:00
2023-06-28 11:24:00-04:00,2023-06-28 11:35:00-04:00,2023-06-28,0.8872813762367956,2,0.5803980699638118,20.0,35.0,1.75,20,0.7,0.2,6,-40.5,-41.61,-2.0805,recovery_deadline,11,9,2023-05-06 09:30:00-04:00,2023-08-06 09:30:00-04:00
2023-06-28 15:05:00-04:00,2023-06-28 15:15:00-04:00,2023-06-28,0.9469255840017003,2,0.4589867310012063,20.0,35.0,1.75,20,0.7,0.2,6,-33.0,-34.11,-1.7055,recovery_deadline,10,9,2023-05-06 09:30:00-04:00,2023-08-06 09:30:00-04:00
2023-07-10 12:01:00-04:00,2023-07-10 12:15:00-04:00,2023-07-10,1.0,2,0.43976678729392843,20.0,35.0,1.75,20,0.7,0.2,6,35.0,33.89,1.6945000000000001,target,14,9,2023-05-06 09:30:00-04:00,2023-08-06 09:30:00-04:00
2023-07-12 11:40:00-04:00,2023-07-12 11:51:00-04:00,2023-07-12,0.9880144681887754,2,0.5242159227985524,20.0,35.0,1.75,20,0.7,0.2,6,12.5,11.39,0.5695,recovery,11,9,2023-05-06 09:30:00-04:00,2023-08-06 09:30:00-04:00
2023-07-18 09:37:00-04:00,2023-07-18 09:44:00-04:00,2023-07-18,0.7935484029511972,2,0.4493918375552875,20.0,35.0,1.75,20,0.7,0.2,6,-6.75,-7.859999999999999,-0.39299999999999996,recovery_deadline,7,9,2023-05-06 09:30:00-04:00,2023-08-06 09:30:00-04:00
2023-07-20 10:05:00-04:00,2023-07-20 10:15:00-04:00,2023-07-20,0.7845501732732614,2,0.4224065138721351,20.0,35.0,1.75,20,0.7,0.2,6,5.5,4.390000000000001,0.21950000000000003,recovery,10,9,2023-05-06 09:30:00-04:00,2023-08-06 09:30:00-04:00
2023-07-20 12:37:00-04:00,2023-07-20 12:46:00-04:00,2023-07-20,0.8803522099447514,2,0.4164404905508645,20.0,35.0,1.75,20,0.7,0.2,6,-10.0,-11.11,-0.5555,recovery_deadline,9,9,2023-05-06 09:30:00-04:00,2023-08-06 09:30:00-04:00
2023-07-20 15:16:00-04:00,2023-07-20 15:36:00-04:00,2023-07-20,0.9305152741310472,2,0.44361178126256534,20.0,35.0,1.75,20,0.7,0.2,6,-19.5,-20.61,-1.0305,timeout,20,9,2023-05-06 09:30:00-04:00,2023-08-06 09:30:00-04:00
2023-07-26 11:00:00-04:00,2023-07-26 11:10:00-04:00,2023-07-26,1.0,2,0.41184660233212705,20.0,35.0,1.75,20,0.7,0.2,6,-14.0,-15.11,-0.7555,recovery_deadline,10,9,2023-05-06 09:30:00-04:00,2023-08-06 09:30:00-04:00
2023-07-27 10:25:00-04:00,2023-07-27 10:30:00-04:00,2023-07-27,1.0,2,0.5653648974668275,20.0,35.0,1.75,20,0.7,0.2,6,35.0,33.89,1.6945000000000001,target,5,9,2023-05-06 09:30:00-04:00,2023-08-06 09:30:00-04:00
2023-07-27 13:06:00-04:00,2023-07-27 13:15:00-04:00,2023-07-27,0.9149461604276908,2,0.4436017289907519,20.0,35.0,1.75,20,0.7,0.2,6,-12.5,-13.61,-0.6805,recovery_deadline,9,9,2023-05-06 09:30:00-04:00,2023-08-06 09:30:00-04:00
2023-08-02 09:36:00-04:00,2023-08-02 09:49:00-04:00,2023-08-02,0.8957015694646037,2,0.544692400482509,20.0,35.0,1.75,20,0.7,0.2,6,-13.25,-14.36,-0.718,recovery_deadline,13,9,2023-05-06 09:30:00-04:00,2023-08-06 09:30:00-04:00
2023-08-04 14:01:00-04:00,2023-08-04 14:18:00-04:00,2023-08-04,0.9292520258490534,2,0.48890229191797346,20.0,35.0,1.75,20,0.7,0.2,6,35.0,33.89,1.6945000000000001,target,17,9,2023-05-06 09:30:00-04:00,2023-08-06 09:30:00-04:00
2023-09-29 13:12:00-04:00,2023-09-29 13:32:00-04:00,2023-09-29,0.7711626017101327,2,0.585001891789633,20.0,35.0,1.75,20,0.7,0.2,6,-18.0,-19.11,-0.9555,recovery_deadline,20,10,2023-08-06 09:30:00-04:00,2023-11-06 09:30:00-05:00
2023-10-02 11:51:00-04:00,2023-10-02 11:53:00-04:00,2023-10-02,0.7727089942924688,2,0.4190036574599571,20.0,35.0,1.75,20,0.7,0.2,6,35.0,33.89,1.6945000000000001,target,2,10,2023-08-06 09:30:00-04:00,2023-11-06 09:30:00-05:00
2023-10-12 13:22:00-04:00,2023-10-12 13:42:00-04:00,2023-10-12,0.8138054666212619,2,0.5582444192205827,20.0,35.0,1.75,20,0.7,0.2,6,22.0,20.89,1.0445,timeout,20,10,2023-08-06 09:30:00-04:00,2023-11-06 09:30:00-05:00
2023-10-20 10:46:00-04:00,2023-10-20 10:56:00-04:00,2023-10-20,0.8001266276797423,2,0.5820406104174549,20.0,35.0,1.75,20,0.7,0.2,6,35.0,33.89,1.6945000000000001,target,10,10,2023-08-06 09:30:00-04:00,2023-11-06 09:30:00-05:00
2023-10-25 09:40:00-04:00,2023-10-25 09:45:00-04:00,2023-10-25,0.8981719303979335,2,0.5555404212384916,20.0,35.0,1.75,20,0.7,0.2,6,35.0,33.89,1.6945000000000001,target,5,10,2023-08-06 09:30:00-04:00,2023-11-06 09:30:00-05:00
2023-10-26 11:20:00-04:00,2023-10-26 11:40:00-04:00,2023-10-26,0.765237981463533,2,0.5965241518476478,20.0,35.0,1.75,20,0.7,0.2,6,20.5,19.39,0.9695,timeout,20,10,2023-08-06 09:30:00-04:00,2023-11-06 09:30:00-05:00
2023-11-08 12:07:00-05:00,2023-11-08 12:17:00-05:00,2023-11-08,0.9515567333779249,2,0.41553610060858487,20.0,35.0,1.75,20,0.7,0.2,6,-13.75,-14.86,-0.743,recovery_deadline,10,11,2023-11-06 09:30:00-05:00,2024-02-06 09:30:00-05:00
2023-11-09 14:02:00-05:00,2023-11-09 14:14:00-05:00,2023-11-09,0.9227381487708051,2,0.5566024383833074,20.0,35.0,1.75,20,0.7,0.2,6,0.75,-0.3599999999999999,-0.017999999999999995,recovery_deadline,12,11,2023-11-06 09:30:00-05:00,2024-02-06 09:30:00-05:00
2023-11-09 15:00:00-05:00,2023-11-09 15:07:00-05:00,2023-11-09,1.0,2,0.5195970399725025,20.0,35.0,1.75,20,0.7,0.2,6,-13.5,-14.61,-0.7304999999999999,recovery_deadline,7,11,2023-11-06 09:30:00-05:00,2024-02-06 09:30:00-05:00
2023-11-21 10:24:00-05:00,2023-11-21 10:44:00-05:00,2023-11-21,0.8835823502972828,2,0.4062506318364706,20.0,35.0,1.75,20,0.7,0.2,6,8.5,7.390000000000001,0.36950000000000005,timeout,20,11,2023-11-06 09:30:00-05:00,2024-02-06 09:30:00-05:00
2023-11-29 10:07:00-05:00,2023-11-29 10:20:00-05:00,2023-11-29,0.9633800264657397,2,0.4040670049940355,20.0,35.0,1.75,20,0.7,0.2,6,35.0,33.89,1.6945000000000001,target,13,11,2023-11-06 09:30:00-05:00,2024-02-06 09:30:00-05:00
2023-11-29 10:23:00-05:00,2023-11-29 10:31:00-05:00,2023-11-29,1.0,2,0.49001192907256513,20.0,35.0,1.75,20,0.7,0.2,6,-24.5,-25.61,-1.2805,recovery_deadline,8,11,2023-11-06 09:30:00-05:00,2024-02-06 09:30:00-05:00
2023-11-29 11:20:00-05:00,2023-11-29 11:40:00-05:00,2023-11-29,0.8716274123441616,2,0.41728502395923894,20.0,35.0,1.75,20,0.7,0.2,6,-5.0,-6.109999999999999,-0.3055,timeout,20,11,2023-11-06 09:30:00-05:00,2024-02-06 09:30:00-05:00
2023-11-30 09:40:00-05:00,2023-11-30 09:47:00-05:00,2023-11-30,0.8372288082082469,2,0.4693584585211994,20.0,35.0,1.75,20,0.7,0.2,6,35.0,33.89,1.6945000000000001,target,7,11,2023-11-06 09:30:00-05:00,2024-02-06 09:30:00-05:00
2023-12-04 10:24:00-05:00,2023-12-04 10:44:00-05:00,2023-12-04,1.0,2,0.4878080834630704,20.0,35.0,1.75,20,0.7,0.2,6,17.5,16.39,0.8195,timeout,20,11,2023-11-06 09:30:00-05:00,2024-02-06 09:30:00-05:00
2023-12-05 11:18:00-05:00,2023-12-05 11:38:00-05:00,2023-12-05,0.8989155191104867,2,0.40186315938454076,20.0,35.0,1.75,20,0.7,0.2,6,-1.25,-2.36,-0.118,timeout,20,11,2023-11-06 09:30:00-05:00,2024-02-06 09:30:00-05:00
2023-12-06 09:34:00-05:00,2023-12-06 09:54:00-05:00,2023-12-06,0.8794159231706634,2,0.41162882387432015,20.0,35.0,1.75,20,0.7,0.2,6,16.75,15.64,0.782,timeout,20,11,2023-11-06 09:30:00-05:00,2024-02-06 09:30:00-05:00
2023-12-06 10:01:00-05:00,2023-12-06 10:10:00-05:00,2023-12-06,1.0,2,0.5177722962453749,20.0,35.0,1.75,20,0.7,0.2,6,-34.5,-35.61,-1.7805,recovery_deadline,9,11,2023-11-06 09:30:00-05:00,2024-02-06 09:30:00-05:00
2023-12-06 11:33:00-05:00,2023-12-06 11:41:00-05:00,2023-12-06,0.7559420511634538,2,0.5566479306091915,20.0,35.0,1.75,20,0.7,0.2,6,-5.75,-6.859999999999999,-0.34299999999999997,recovery_deadline,8,11,2023-11-06 09:30:00-05:00,2024-02-06 09:30:00-05:00
2023-12-13 15:26:00-05:00,2023-12-13 15:33:00-05:00,2023-12-13,1.0,2,0.5683748155037506,20.0,35.0,1.75,20,0.7,0.2,6,-40.25,-41.36,-2.068,recovery_deadline,7,11,2023-11-06 09:30:00-05:00,2024-02-06 09:30:00-05:00
2023-12-14 10:17:00-05:00,2023-12-14 10:25:00-05:00,2023-12-14,0.8922915776040279,2,0.5707555753250166,20.0,35.0,1.75,20,0.7,0.2,6,-11.0,-12.11,-0.6054999999999999,recovery_deadline,8,11,2023-11-06 09:30:00-05:00,2024-02-06 09:30:00-05:00
2023-12-14 13:00:00-05:00,2023-12-14 13:20:00-05:00,2023-12-14,1.0,2,0.45388604702885216,20.0,35.0,1.75,20,0.7,0.2,6,13.25,12.14,0.607,timeout,20,11,2023-11-06 09:30:00-05:00,2024-02-06 09:30:00-05:00
2023-12-20 14:48:00-05:00,2023-12-20 14:51:00-05:00,2023-12-20,1.0,2,0.40960694716836166,20.0,35.0,1.75,20,0.7,0.2,6,35.0,33.89,1.6945000000000001,target,3,11,2023-11-06 09:30:00-05:00,2024-02-06 09:30:00-05:00
2023-12-20 14:52:00-05:00,2023-12-20 14:53:00-05:00,2023-12-20,1.0,2,0.5650690470895084,20.0,35.0,1.75,20,0.7,0.2,6,35.0,33.89,1.6945000000000001,target,1,11,2023-11-06 09:30:00-05:00,2024-02-06 09:30:00-05:00
2023-12-22 14:17:00-05:00,2023-12-22 14:22:00-05:00,2023-12-22,0.9719577724959656,2,0.48966821003255223,20.0,35.0,1.75,20,0.7,0.2,6,5.25,4.140000000000001,0.20700000000000002,recovery,5,11,2023-11-06 09:30:00-05:00,2024-02-06 09:30:00-05:00
2023-12-29 11:16:00-05:00,2023-12-29 11:24:00-05:00,2023-12-29,0.9485074647005622,2,0.4133979659920338,20.0,35.0,1.75,20,0.7,0.2,6,1.0,-0.10999999999999988,-0.005499999999999994,recovery_deadline,8,11,2023-11-06 09:30:00-05:00,2024-02-06 09:30:00-05:00
2024-01-02 09:41:00-05:00,2024-01-02 09:48:00-05:00,2024-01-02,0.9891534164052159,2,0.40903071230716354,20.0,35.0,1.75,20,0.7,0.2,6,35.0,33.89,1.6945000000000001,target,7,11,2023-11-06 09:30:00-05:00,2024-02-06 09:30:00-05:00
2024-01-02 10:30:00-05:00,2024-01-02 10:49:00-05:00,2024-01-02,0.8574208110250511,2,0.5558695080773974,20.0,35.0,1.75,20,0.7,0.2,6,15.5,14.39,0.7195,recovery,19,11,2023-11-06 09:30:00-05:00,2024-02-06 09:30:00-05:00
2024-01-03 10:37:00-05:00,2024-01-03 10:49:00-05:00,2024-01-03,0.822238090434368,2,0.4700307325259306,20.0,35.0,1.75,20,0.7,0.2,6,-6.75,-7.859999999999999,-0.39299999999999996,recovery_deadline,12,11,2023-11-06 09:30:00-05:00,2024-02-06 09:30:00-05:00
2024-01-09 13:33:00-05:00,2024-01-09 13:43:00-05:00,2024-01-09,0.876113343387547,2,0.41342829414262317,20.0,35.0,1.75,20,0.7,0.2,6,-11.5,-12.61,-0.6305,recovery_deadline,10,11,2023-11-06 09:30:00-05:00,2024-02-06 09:30:00-05:00
2024-01-11 11:13:00-05:00,2024-01-11 11:33:00-05:00,2024-01-11,1.0,2,0.5233678400291151,20.0,35.0,1.75,20,0.7,0.2,6,16.75,15.64,0.782,timeout,20,11,2023-11-06 09:30:00-05:00,2024-02-06 09:30:00-05:00
2024-01-17 09:34:00-05:00,2024-01-17 09:43:00-05:00,2024-01-17,0.7918649398990445,2,0.4747265411755191,20.0,35.0,1.75,20,0.7,0.2,6,8.75,7.640000000000001,0.382,recovery,9,11,2023-11-06 09:30:00-05:00,2024-02-06 09:30:00-05:00
2024-01-17 09:44:00-05:00,2024-01-17 10:00:00-05:00,2024-01-17,1.0,2,0.5490911664206717,20.0,35.0,1.75,20,0.7,0.2,6,35.0,33.89,1.6945000000000001,target,16,11,2023-11-06 09:30:00-05:00,2024-02-06 09:30:00-05:00
2024-01-23 09:34:00-05:00,2024-01-23 09:42:00-05:00,2024-01-23,0.9872644331629221,2,0.4140399118461756,20.0,35.0,1.75,20,0.7,0.2,6,-46.75,-47.86,-2.393,recovery_deadline,8,11,2023-11-06 09:30:00-05:00,2024-02-06 09:30:00-05:00
2024-02-05 10:04:00-05:00,2024-02-05 10:11:00-05:00,2024-02-05,0.8822877354870432,2,0.5268960148810126,20.0,35.0,1.75,20,0.7,0.2,6,-7.75,-8.86,-0.44299999999999995,recovery_deadline,7,11,2023-11-06 09:30:00-05:00,2024-02-06 09:30:00-05:00
2024-02-05 10:16:00-05:00,2024-02-05 10:36:00-05:00,2024-02-05,0.7628591899908267,2,0.5951697365494653,20.0,35.0,1.75,20,0.7,0.2,6,15.0,13.89,0.6945,timeout,20,11,2023-11-06 09:30:00-05:00,2024-02-06 09:30:00-05:00
2024-02-05 10:41:00-05:00,2024-02-05 11:01:00-05:00,2024-02-05,1.0,2,0.5101953132897956,20.0,35.0,1.75,20,0.7,0.2,6,-21.0,-22.11,-1.1055,timeout,20,11,2023-11-06 09:30:00-05:00,2024-02-06 09:30:00-05:00
2024-02-06 09:50:00-05:00,2024-02-06 09:56:00-05:00,2024-02-06,0.9806315194912865,2,0.5658980165389514,20.0,35.0,1.75,20,0.7,0.2,6,6.25,5.140000000000001,0.257,recovery,6,12,2024-02-06 09:30:00-05:00,2024-05-06 09:30:00-04:00
2024-02-06 10:10:00-05:00,2024-02-06 10:17:00-05:00,2024-02-06,1.0,2,0.5343061930083504,20.0,35.0,1.75,20,0.7,0.2,6,-36.5,-37.61,-1.8805,recovery_deadline,7,12,2024-02-06 09:30:00-05:00,2024-05-06 09:30:00-04:00
2024-02-06 10:25:00-05:00,2024-02-06 10:32:00-05:00,2024-02-06,0.9972548460725927,2,0.5295952202834671,20.0,35.0,1.75,20,0.7,0.2,6,-31.5,-32.61,-1.6305,recovery_deadline,7,12,2024-02-06 09:30:00-05:00,2024-05-06 09:30:00-04:00
2024-02-14 10:54:00-05:00,2024-02-14 11:00:00-05:00,2024-02-14,0.9216405257448766,2,0.44191653692957805,20.0,35.0,1.75,20,0.7,0.2,6,35.0,33.89,1.6945000000000001,target,6,12,2024-02-06 09:30:00-05:00,2024-05-06 09:30:00-04:00
2024-02-14 11:01:00-05:00,2024-02-14 11:08:00-05:00,2024-02-14,1.0,2,0.5824672961442812,20.0,35.0,1.75,20,0.7,0.2,6,-22.25,-23.36,-1.168,recovery_deadline,7,12,2024-02-06 09:30:00-05:00,2024-05-06 09:30:00-04:00
2024-02-15 09:54:00-05:00,2024-02-15 10:14:00-05:00,2024-02-15,0.8267647227245547,2,0.5692341131037829,20.0,35.0,1.75,20,0.7,0.2,6,-31.25,-32.36,-1.6179999999999999,timeout,20,12,2024-02-06 09:30:00-05:00,2024-05-06 09:30:00-04:00
2024-02-16 09:49:00-05:00,2024-02-16 09:52:00-05:00,2024-02-16,0.8080856726094625,2,0.5950635880224024,20.0,35.0,1.75,20,0.7,0.2,6,35.0,33.89,1.6945000000000001,target,3,12,2024-02-06 09:30:00-05:00,2024-05-06 09:30:00-04:00
2024-02-29 11:38:00-05:00,2024-02-29 11:40:00-05:00,2024-02-29,0.9291028786553461,2,0.4069532339917912,20.0,35.0,1.75,20,0.7,0.2,6,35.0,33.89,1.6945000000000001,target,2,12,2024-02-06 09:30:00-05:00,2024-05-06 09:30:00-04:00
2024-03-05 09:36:00-05:00,2024-03-05 09:44:00-05:00,2024-03-05,0.9902807905342377,2,0.4282941426231828,20.0,35.0,1.75,20,0.7,0.2,6,-3.25,-4.359999999999999,-0.21799999999999997,recovery_deadline,8,12,2024-02-06 09:30:00-05:00,2024-05-06 09:30:00-04:00
2024-03-05 09:47:00-05:00,2024-03-05 09:52:00-05:00,2024-03-05,1.0,2,0.5132534018075577,20.0,35.0,1.75,20,0.7,0.2,6,5.5,4.390000000000001,0.21950000000000003,recovery,5,12,2024-02-06 09:30:00-05:00,2024-05-06 09:30:00-04:00
2024-03-08 15:39:00-05:00,2024-03-08 15:46:00-05:00,2024-03-08,0.8025215085849964,2,0.5998756545825835,20.0,35.0,1.75,20,0.7,0.2,6,-22.75,-23.86,-1.193,recovery_deadline,7,12,2024-02-06 09:30:00-05:00,2024-05-06 09:30:00-04:00
2024-03-13 09:45:00-04:00,2024-03-13 10:00:00-04:00,2024-03-13,1.0,2,0.4174922663215997,20.0,35.0,1.75,20,0.7,0.2,6,35.0,33.89,1.6945000000000001,target,15,12,2024-02-06 09:30:00-05:00,2024-05-06 09:30:00-04:00
2024-03-13 10:01:00-04:00,2024-03-13 10:10:00-04:00,2024-03-13,1.0,2,0.41200287106492245,20.0,35.0,1.75,20,0.7,0.2,6,-11.25,-12.36,-0.618,recovery_deadline,9,12,2024-02-06 09:30:00-05:00,2024-05-06 09:30:00-04:00
2024-03-13 15:28:00-04:00,2024-03-13 15:35:00-04:00,2024-03-13,0.9619256854574356,2,0.5936027821023474,20.0,35.0,1.75,20,0.7,0.2,6,-19.75,-20.86,-1.043,recovery_deadline,7,12,2024-02-06 09:30:00-05:00,2024-05-06 09:30:00-04:00
2024-03-14 15:18:00-04:00,2024-03-14 15:25:00-04:00,2024-03-14,0.8781798245614035,2,0.443038678501385,20.0,35.0,1.75,20,0.7,0.2,6,9.25,8.14,0.40700000000000003,recovery,7,12,2024-02-06 09:30:00-05:00,2024-05-06 09:30:00-04:00
2024-03-15 09:31:00-04:00,2024-03-15 09:37:00-04:00,2024-03-15,1.0,2,0.5080066317555956,20.0,35.0,1.75,20,0.7,0.2,6,22.5,21.39,1.0695000000000001,recovery,6,12,2024-02-06 09:30:00-05:00,2024-05-06 09:30:00-04:00
2024-03-15 11:18:00-04:00,2024-03-15 11:34:00-04:00,2024-03-15,0.7609556415913035,2,0.49608766857397035,20.0,35.0,1.75,20,0.7,0.2,6,12.75,11.64,0.5820000000000001,recovery,16,12,2024-02-06 09:30:00-05:00,2024-05-06 09:30:00-04:00
2024-03-19 09:43:00-04:00,2024-03-19 09:50:00-04:00,2024-03-19,1.0,2,0.40049333791625386,20.0,35.0,1.75,20,0.7,0.2,6,-18.5,-19.61,-0.9804999999999999,recovery_deadline,7,12,2024-02-06 09:30:00-05:00,2024-05-06 09:30:00-04:00
2024-03-27 09:55:00-04:00,2024-03-27 10:01:00-04:00,2024-03-27,1.0,2,0.40531551385996484,20.0,35.0,1.75,20,0.7,0.2,6,35.0,33.89,1.6945000000000001,target,6,12,2024-02-06 09:30:00-05:00,2024-05-06 09:30:00-04:00
2024-04-01 10:39:00-04:00,2024-04-01 10:47:00-04:00,2024-04-01,1.0,2,0.5087395620615055,20.0,35.0,1.75,20,0.7,0.2,6,-12.75,-13.86,-0.693,recovery_deadline,8,12,2024-02-06 09:30:00-05:00,2024-05-06 09:30:00-04:00
2024-04-02 09:40:00-04:00,2024-04-02 09:50:00-04:00,2024-04-02,1.0,2,0.40378394225520126,20.0,35.0,1.75,20,0.7,0.2,6,-16.5,-17.61,-0.8805,recovery_deadline,10,12,2024-02-06 09:30:00-05:00,2024-05-06 09:30:00-04:00
2024-04-04 14:18:00-04:00,2024-04-04 14:27:00-04:00,2024-04-04,1.0,2,0.46330799247861865,20.0,35.0,1.75,20,0.7,0.2,6,28.5,27.39,1.3695,recovery,9,12,2024-02-06 09:30:00-05:00,2024-05-06 09:30:00-04:00
2024-04-05 13:57:00-04:00,2024-04-05 14:01:00-04:00,2024-04-05,1.0,2,0.41334236438261995,20.0,35.0,1.75,20,0.7,0.2,6,35.0,33.89,1.6945000000000001,target,4,12,2024-02-06 09:30:00-05:00,2024-05-06 09:30:00-04:00
2024-04-08 09:38:00-04:00,2024-04-08 09:48:00-04:00,2024-04-08,1.0,2,0.4351078671222629,20.0,35.0,1.75,20,0.7,0.2,6,-34.5,-35.61,-1.7805,recovery_deadline,10,12,2024-02-06 09:30:00-05:00,2024-05-06 09:30:00-04:00
2024-04-10 11:10:00-04:00,2024-04-10 11:27:00-04:00,2024-04-10,0.768110111132535,2,0.5170292565559352,20.0,35.0,1.75,20,0.7,0.2,6,-23.0,-24.11,-1.2055,recovery_deadline,17,12,2024-02-06 09:30:00-05:00,2024-05-06 09:30:00-04:00
2024-04-15 12:30:00-04:00,2024-04-15 12:50:00-04:00,2024-04-15,1.0,2,0.44442871873673145,20.0,35.0,1.75,20,0.7,0.2,6,13.5,12.39,0.6195,timeout,20,12,2024-02-06 09:30:00-05:00,2024-05-06 09:30:00-04:00
2024-04-15 13:20:00-04:00,2024-04-15 13:26:00-04:00,2024-04-15,0.7731639656730143,2,0.5822398350148608,20.0,35.0,1.75,20,0.7,0.2,6,35.0,33.89,1.6945000000000001,target,6,12,2024-02-06 09:30:00-05:00,2024-05-06 09:30:00-04:00
2024-04-17 11:31:00-04:00,2024-04-17 11:51:00-04:00,2024-04-17,0.7842964824120603,2,0.5799652237206575,20.0,35.0,1.75,20,0.7,0.2,6,14.5,13.39,0.6695,timeout,20,12,2024-02-06 09:30:00-05:00,2024-05-06 09:30:00-04:00
2024-04-17 12:23:00-04:00,2024-04-17 12:31:00-04:00,2024-04-17,0.8114257438203613,2,0.559443175155179,20.0,35.0,1.75,20,0.7,0.2,6,-7.75,-8.86,-0.44299999999999995,recovery_deadline,8,12,2024-02-06 09:30:00-05:00,2024-05-06 09:30:00-04:00
2024-04-17 12:46:00-04:00,2024-04-17 12:53:00-04:00,2024-04-17,1.0,2,0.5598222770375463,20.0,35.0,1.75,20,0.7,0.2,6,-29.25,-30.36,-1.518,recovery_deadline,7,12,2024-02-06 09:30:00-05:00,2024-05-06 09:30:00-04:00
2024-04-18 09:35:00-04:00,2024-04-18 09:38:00-04:00,2024-04-18,1.0,2,0.4991053195576134,20.0,35.0,1.75,20,0.7,0.2,6,35.0,33.89,1.6945000000000001,target,3,12,2024-02-06 09:30:00-05:00,2024-05-06 09:30:00-04:00
2024-04-19 12:07:00-04:00,2024-04-19 12:11:00-04:00,2024-04-19,0.990639818114169,2,0.4801754988980772,20.0,35.0,1.75,20,0.7,0.2,6,13.0,11.89,0.5945,recovery,4,12,2024-02-06 09:30:00-05:00,2024-05-06 09:30:00-04:00
2024-04-19 12:13:00-04:00,2024-04-19 12:29:00-04:00,2024-04-19,1.0,2,0.543667482156938,20.0,35.0,1.75,20,0.7,0.2,6,35.0,33.89,1.6945000000000001,target,16,12,2024-02-06 09:30:00-05:00,2024-05-06 09:30:00-04:00
2024-04-19 14:40:00-04:00,2024-04-19 15:00:00-04:00,2024-04-19,1.0,2,0.5609292545340585,20.0,35.0,1.75,20,0.7,0.2,6,15.0,13.89,0.6945,timeout,20,12,2024-02-06 09:30:00-05:00,2024-05-06 09:30:00-04:00
2024-04-22 15:35:00-04:00,2024-04-22 15:50:00-04:00,2024-04-22,0.8854040099787075,2,0.40407711437756527,20.0,35.0,1.75,20,0.7,0.2,6,-11.25,-12.36,-0.618,recovery_deadline,15,12,2024-02-06 09:30:00-05:00,2024-05-06 09:30:00-04:00
2024-04-24 11:07:00-04:00,2024-04-24 11:27:00-04:00,2024-04-24,0.8238760554640296,2,0.41322610647202734,20.0,35.0,1.75,20,0.7,0.2,6,-3.5,-4.609999999999999,-0.23049999999999998,timeout,20,12,2024-02-06 09:30:00-05:00,2024-05-06 09:30:00-04:00
2024-04-24 12:07:00-04:00,2024-04-24 12:27:00-04:00,2024-04-24,0.881519211677362,2,0.488899896884288,20.0,35.0,1.75,20,0.7,0.2,6,1.0,-0.10999999999999988,-0.005499999999999994,timeout,20,12,2024-02-06 09:30:00-05:00,2024-05-06 09:30:00-04:00
2024-04-25 09:31:00-04:00,2024-04-25 09:36:00-04:00,2024-04-25,0.7845999757526083,2,0.4504488566287228,20.0,35.0,1.75,20,0.7,0.2,6,5.75,4.640000000000001,0.23200000000000004,recovery,5,12,2024-02-06 09:30:00-05:00,2024-05-06 09:30:00-04:00
2024-04-26 09:31:00-04:00,2024-04-26 09:39:00-04:00,2024-04-26,0.853261282621205,2,0.42750561070785903,20.0,35.0,1.75,20,0.7,0.2,6,-72.25,-73.36,-3.668,recovery_deadline,8,12,2024-02-06 09:30:00-05:00,2024-05-06 09:30:00-04:00
2024-04-29 09:43:00-04:00,2024-04-29 09:51:00-04:00,2024-04-29,0.9687414738761724,2,0.5679451667037344,20.0,35.0,1.75,20,0.7,0.2,6,-9.5,-10.61,-0.5305,recovery_deadline,8,12,2024-02-06 09:30:00-05:00,2024-05-06 09:30:00-04:00
2024-05-10 10:54:00-04:00,2024-05-10 11:02:00-04:00,2024-05-10,0.9878000269359701,2,0.4255797731454336,20.0,35.0,1.75,20,0.7,0.2,6,-28.75,-29.86,-1.4929999999999999,recovery_deadline,8,13,2024-05-06 09:30:00-04:00,2024-08-06 09:30:00-04:00
2024-05-22 14:02:00-04:00,2024-05-22 14:11:00-04:00,2024-05-22,1.0,2,0.5153662629652844,20.0,35.0,1.75,20,0.7,0.2,6,-24.75,-25.86,-1.293,recovery_deadline,9,13,2024-05-06 09:30:00-04:00,2024-08-06 09:30:00-04:00
2024-05-23 09:47:00-04:00,2024-05-23 09:51:00-04:00,2024-05-23,1.0,2,0.4421793809013526,20.0,35.0,1.75,20,0.7,0.2,6,35.0,33.89,1.6945000000000001,target,4,13,2024-05-06 09:30:00-04:00,2024-08-06 09:30:00-04:00
2024-05-28 09:45:00-04:00,2024-05-28 10:05:00-04:00,2024-05-28,0.9163664401314393,2,0.5331587779777189,20.0,35.0,1.75,20,0.7,0.2,6,-23.75,-24.86,-1.2429999999999999,timeout,20,13,2024-05-06 09:30:00-04:00,2024-08-06 09:30:00-04:00
2024-05-30 09:36:00-04:00,2024-05-30 09:43:00-04:00,2024-05-30,0.8805304568160043,2,0.5002982268141288,20.0,35.0,1.75,20,0.7,0.2,6,-41.75,-42.86,-2.143,recovery_deadline,7,13,2024-05-06 09:30:00-04:00,2024-08-06 09:30:00-04:00
2024-05-30 10:38:00-04:00,2024-05-30 10:58:00-04:00,2024-05-30,1.0,2,0.5230948866738107,20.0,35.0,1.75,20,0.7,0.2,6,11.0,9.89,0.49450000000000005,timeout,20,13,2024-05-06 09:30:00-04:00,2024-08-06 09:30:00-04:00
2024-05-30 15:35:00-04:00,2024-05-30 15:48:00-04:00,2024-05-30,0.9532280708653467,2,0.4158292727309489,20.0,35.0,1.75,20,0.7,0.2,6,35.0,33.89,1.6945000000000001,target,13,13,2024-05-06 09:30:00-04:00,2024-08-06 09:30:00-04:00
2024-05-31 11:30:00-04:00,2024-05-31 11:41:00-04:00,2024-05-31,0.9646952027975118,2,0.5334620594836127,20.0,35.0,1.75,20,0.7,0.2,6,-10.75,-11.86,-0.593,recovery_deadline,11,13,2024-05-06 09:30:00-04:00,2024-08-06 09:30:00-04:00
2024-06-04 15:03:00-04:00,2024-06-04 15:07:00-04:00,2024-06-04,0.7745974611259269,2,0.44417598414848664,20.0,35.0,1.75,20,0.7,0.2,6,35.0,33.89,1.6945000000000001,target,4,13,2024-05-06 09:30:00-04:00,2024-08-06 09:30:00-04:00
2024-06-06 09:58:00-04:00,2024-06-06 10:07:00-04:00,2024-06-06,0.7867885016441793,2,0.5756687357204958,20.0,35.0,1.75,20,0.7,0.2,6,-31.5,-32.61,-1.6305,recovery_deadline,9,13,2024-05-06 09:30:00-04:00,2024-08-06 09:30:00-04:00
2024-06-07 14:03:00-04:00,2024-06-07 14:08:00-04:00,2024-06-07,0.8078677934013768,2,0.4898147960937342,20.0,35.0,1.75,20,0.7,0.2,6,35.0,33.89,1.6945000000000001,target,5,13,2024-05-06 09:30:00-04:00,2024-08-06 09:30:00-04:00
2024-06-07 14:09:00-04:00,2024-06-07 14:14:00-04:00,2024-06-07,0.7515432098765432,2,0.5742736407933844,20.0,35.0,1.75,20,0.7,0.2,6,35.0,33.89,1.6945000000000001,target,5,13,2024-05-06 09:30:00-04:00,2024-08-06 09:30:00-04:00
2024-06-13 10:17:00-04:00,2024-06-13 10:23:00-04:00,2024-06-13,0.8952778183530089,2,0.48313754827230637,20.0,35.0,1.75,20,0.7,0.2,6,35.0,33.89,1.6945000000000001,target,6,13,2024-05-06 09:30:00-04:00,2024-08-06 09:30:00-04:00
2024-06-13 10:24:00-04:00,2024-06-13 10:31:00-04:00,2024-06-13,0.9334490740740741,2,0.556425524171536,20.0,35.0,1.75,20,0.7,0.2,6,-40.75,-41.86,-2.093,recovery_deadline,7,13,2024-05-06 09:30:00-04:00,2024-08-06 09:30:00-04:00
2024-06-13 12:22:00-04:00,2024-06-13 12:40:00-04:00,2024-06-13,1.0,2,0.40027093147859844,20.0,35.0,1.75,20,0.7,0.2,6,-15.0,-16.11,-0.8055,recovery_deadline,18,13,2024-05-06 09:30:00-04:00,2024-08-06 09:30:00-04:00
2024-06-20 12:27:00-04:00,2024-06-20 12:30:00-04:00,2024-06-20,0.9856106106106106,2,0.5021735174589054,20.0,35.0,1.75,20,0.7,0.2,6,35.0,33.89,1.6945000000000001,target,3,13,2024-05-06 09:30:00-04:00,2024-08-06 09:30:00-04:00
2024-06-24 13:08:00-04:00,2024-06-24 13:21:00-04:00,2024-06-24,1.0,2,0.4912654926302594,20.0,35.0,1.75,20,0.7,0.2,6,-13.0,-14.11,-0.7055,recovery_deadline,13,13,2024-05-06 09:30:00-04:00,2024-08-06 09:30:00-04:00
2024-06-25 13:05:00-04:00,2024-06-25 13:12:00-04:00,2024-06-25,0.8951477788767833,2,0.4093339938130573,20.0,35.0,1.75,20,0.7,0.2,6,-40.5,-41.61,-2.0805,recovery_deadline,7,13,2024-05-06 09:30:00-04:00,2024-08-06 09:30:00-04:00
2024-06-28 15:32:00-04:00,2024-06-28 15:41:00-04:00,2024-06-28,0.9218303147648851,2,0.4414363412119129,20.0,35.0,1.75,20,0.7,0.2,6,-50.75,-51.86,-2.593,recovery_deadline,9,13,2024-05-06 09:30:00-04:00,2024-08-06 09:30:00-04:00
2024-07-11 09:52:00-04:00,2024-07-11 10:01:00-04:00,2024-07-11,0.9739284891606248,2,0.526633170909238,20.0,35.0,1.75,20,0.7,0.2,6,-19.25,-20.36,-1.018,recovery_deadline,9,13,2024-05-06 09:30:00-04:00,2024-08-06 09:30:00-04:00
2024-07-11 13:47:00-04:00,2024-07-11 13:53:00-04:00,2024-07-11,0.930828730970185,2,0.4013779089751107,20.0,35.0,1.75,20,0.7,0.2,6,6.75,5.640000000000001,0.28200000000000003,recovery,6,13,2024-05-06 09:30:00-04:00,2024-08-06 09:30:00-04:00
2024-07-11 14:03:00-04:00,2024-07-11 14:11:00-04:00,2024-07-11,1.0,2,0.45079763036050063,20.0,35.0,1.75,20,0.7,0.2,6,-8.0,-9.11,-0.45549999999999996,recovery_deadline,8,13,2024-05-06 09:30:00-04:00,2024-08-06 09:30:00-04:00
2024-07-12 15:36:00-04:00,2024-07-12 15:38:00-04:00,2024-07-12,1.0,2,0.4385046199882731,20.0,35.0,1.75,20,0.7,0.2,6,35.0,33.89,1.6945000000000001,target,2,13,2024-05-06 09:30:00-04:00,2024-08-06 09:30:00-04:00
2024-07-12 15:39:00-04:00,2024-07-12 15:44:00-04:00,2024-07-12,0.7816455696202531,2,0.5533674356537739,20.0,35.0,1.75,20,0.7,0.2,6,35.0,33.89,1.6945000000000001,target,5,13,2024-05-06 09:30:00-04:00,2024-08-06 09:30:00-04:00
2024-07-15 11:44:00-04:00,2024-07-15 11:46:00-04:00,2024-07-15,0.8594896314026266,2,0.5791160355041549,20.0,35.0,1.75,20,0.7,0.2,6,35.0,33.89,1.6945000000000001,target,2,13,2024-05-06 09:30:00-04:00,2024-08-06 09:30:00-04:00
2024-07-16 12:17:00-04:00,2024-07-16 12:24:00-04:00,2024-07-16,0.9168361466259742,2,0.5455933197193635,20.0,35.0,1.75,20,0.7,0.2,6,-13.75,-14.86,-0.743,recovery_deadline,7,13,2024-05-06 09:30:00-04:00,2024-08-06 09:30:00-04:00
2024-07-18 09:36:00-04:00,2024-07-18 09:40:00-04:00,2024-07-18,0.9273838194013853,2,0.4600729897490851,20.0,35.0,1.75,20,0.7,0.2,6,11.0,9.89,0.49450000000000005,recovery,4,13,2024-05-06 09:30:00-04:00,2024-08-06 09:30:00-04:00
2024-07-19 09:30:00-04:00,2024-07-19 09:39:00-04:00,2024-07-19,1.0,2,0.45417416445945125,20.0,35.0,1.75,20,0.7,0.2,6,-73.75,-74.86,-3.743,recovery_deadline,9,13,2024-05-06 09:30:00-04:00,2024-08-06 09:30:00-04:00
2024-07-24 09:35:00-04:00,2024-07-24 09:39:00-04:00,2024-07-24,0.8058123455375865,2,0.581693928304252,20.0,35.0,1.75,20,0.7,0.2,6,35.0,33.89,1.6945000000000001,target,4,13,2024-05-06 09:30:00-04:00,2024-08-06 09:30:00-04:00
2024-07-24 10:12:00-04:00,2024-07-24 10:24:00-04:00,2024-07-24,0.7991286668660332,2,0.5067581228896662,20.0,35.0,1.75,20,0.7,0.2,6,-8.75,-9.86,-0.493,recovery_deadline,12,13,2024-05-06 09:30:00-04:00,2024-08-06 09:30:00-04:00
2024-07-24 14:46:00-04:00,2024-07-24 14:52:00-04:00,2024-07-24,0.9018645819487661,2,0.4513789199134637,20.0,35.0,1.75,20,0.7,0.2,6,35.0,33.89,1.6945000000000001,target,6,13,2024-05-06 09:30:00-04:00,2024-08-06 09:30:00-04:00
2024-07-29 09:31:00-04:00,2024-07-29 09:38:00-04:00,2024-07-29,1.0,2,0.47625305808851776,20.0,35.0,1.75,20,0.7,0.2,6,-66.75,-67.86,-3.393,recovery_deadline,7,13,2024-05-06 09:30:00-04:00,2024-08-06 09:30:00-04:00
2024-07-29 14:15:00-04:00,2024-07-29 14:22:00-04:00,2024-07-29,0.9230687531478665,2,0.4486645504357144,20.0,35.0,1.75,20,0.7,0.2,6,-10.5,-11.61,-0.5805,recovery_deadline,7,13,2024-05-06 09:30:00-04:00,2024-08-06 09:30:00-04:00
2024-08-14 12:22:00-04:00,2024-08-14 12:23:00-04:00,2024-08-14,0.8970962386257079,2,0.5365379848333848,20.0,35.0,1.75,20,0.7,0.2,6,35.0,33.89,1.6945000000000001,target,1,14,2024-08-06 09:30:00-04:00,2024-11-06 09:30:00-05:00
2024-08-20 13:00:00-04:00,2024-08-20 13:07:00-04:00,2024-08-20,1.0,2,0.48109232006718233,20.0,35.0,1.75,20,0.7,0.2,6,-28.5,-29.61,-1.4805,recovery_deadline,7,14,2024-08-06 09:30:00-04:00,2024-11-06 09:30:00-05:00
2024-08-22 12:56:00-04:00,2024-08-22 13:06:00-04:00,2024-08-22,1.0,2,0.5816432354771311,20.0,35.0,1.75,20,0.7,0.2,6,35.0,33.89,1.6945000000000001,target,10,14,2024-08-06 09:30:00-04:00,2024-11-06 09:30:00-05:00
2024-08-26 13:45:00-04:00,2024-08-26 14:05:00-04:00,2024-08-26,0.7785206157767042,2,0.5632642117457796,20.0,35.0,1.75,20,0.7,0.2,6,16.25,15.14,0.757,timeout,20,14,2024-08-06 09:30:00-04:00,2024-11-06 09:30:00-05:00
2024-08-27 11:33:00-04:00,2024-08-27 11:41:00-04:00,2024-08-27,1.0,2,0.5281452514531721,20.0,35.0,1.75,20,0.7,0.2,6,-12.0,-13.11,-0.6555,recovery_deadline,8,14,2024-08-06 09:30:00-04:00,2024-11-06 09:30:00-05:00
2024-09-03 14:02:00-04:00,2024-09-03 14:14:00-04:00,2024-09-03,0.910509333974035,2,0.40275508294084617,20.0,35.0,1.75,20,0.7,0.2,6,35.0,33.89,1.6945000000000001,target,12,14,2024-08-06 09:30:00-04:00,2024-11-06 09:30:00-05:00
2024-09-03 14:21:00-04:00,2024-09-03 14:39:00-04:00,2024-09-03,0.9073816155988859,2,0.45900511455904003,20.0,35.0,1.75,20,0.7,0.2,6,-11.0,-12.11,-0.6054999999999999,recovery_deadline,18,14,2024-08-06 09:30:00-04:00,2024-11-06 09:30:00-05:00
2024-09-09 13:42:00-04:00,2024-09-09 13:56:00-04:00,2024-09-09,0.7862980869316143,2,0.5573098734766354,20.0,35.0,1.75,20,0.7,0.2,6,4.5,3.39,0.1695,recovery,14,14,2024-08-06 09:30:00-04:00,2024-11-06 09:30:00-05:00
2024-09-09 14:28:00-04:00,2024-09-09 14:37:00-04:00,2024-09-09,0.7534524270829304,2,0.4301136737305927,20.0,35.0,1.75,20,0.7,0.2,6,13.0,11.89,0.5945,recovery,9,14,2024-08-06 09:30:00-04:00,2024-11-06 09:30:00-05:00
2024-09-17 12:22:00-04:00,2024-09-17 12:34:00-04:00,2024-09-17,1.0,2,0.5360270348204845,20.0,35.0,1.75,20,0.7,0.2,6,-4.25,-5.359999999999999,-0.26799999999999996,recovery_deadline,12,14,2024-08-06 09:30:00-04:00,2024-11-06 09:30:00-05:00
2024-09-18 11:33:00-04:00,2024-09-18 11:46:00-04:00,2024-09-18,0.891625020742331,2,0.41955572643432776,20.0,35.0,1.75,20,0.7,0.2,6,35.0,33.89,1.6945000000000001,target,13,14,2024-08-06 09:30:00-04:00,2024-11-06 09:30:00-05:00
2024-09-18 11:47:00-04:00,2024-09-18 11:54:00-04:00,2024-09-18,1.0,2,0.4494791851106131,20.0,35.0,1.75,20,0.7,0.2,6,-17.0,-18.11,-0.9055,recovery_deadline,7,14,2024-08-06 09:30:00-04:00,2024-11-06 09:30:00-05:00
2024-09-19 14:18:00-04:00,2024-09-19 14:25:00-04:00,2024-09-19,1.0,2,0.44711667366482694,20.0,35.0,1.75,20,0.7,0.2,6,-15.75,-16.86,-0.843,recovery_deadline,7,14,2024-08-06 09:30:00-04:00,2024-11-06 09:30:00-05:00
2024-09-20 11:11:00-04:00,2024-09-20 11:15:00-04:00,2024-09-20,1.0,2,0.4437828513034284,20.0,35.0,1.75,20,0.7,0.2,6,35.0,33.89,1.6945000000000001,target,4,14,2024-08-06 09:30:00-04:00,2024-11-06 09:30:00-05:00
2024-09-23 09:32:00-04:00,2024-09-23 09:35:00-04:00,2024-09-23,0.8159549304635159,2,0.44221458888759607,20.0,35.0,1.75,20,0.7,0.2,6,6.25,5.140000000000001,0.257,recovery,3,14,2024-08-06 09:30:00-04:00,2024-11-06 09:30:00-05:00
2024-09-26 09:34:00-04:00,2024-09-26 09:39:00-04:00,2024-09-26,1.0,2,0.41643437833571945,20.0,35.0,1.75,20,0.7,0.2,6,4.0,2.89,0.14450000000000002,recovery,5,14,2024-08-06 09:30:00-04:00,2024-11-06 09:30:00-05:00
2024-09-26 10:28:00-04:00,2024-09-26 10:33:00-04:00,2024-09-26,1.0,2,0.4909015485326629,20.0,35.0,1.75,20,0.7,0.2,6,35.0,33.89,1.6945000000000001,target,5,14,2024-08-06 09:30:00-04:00,2024-11-06 09:30:00-05:00
2024-09-27 09:36:00-04:00,2024-09-27 09:44:00-04:00,2024-09-27,0.8976380372910829,2,0.5013380819644764,20.0,35.0,1.75,20,0.7,0.2,6,-5.75,-6.859999999999999,-0.34299999999999997,recovery_deadline,8,14,2024-08-06 09:30:00-04:00,2024-11-06 09:30:00-05:00
2024-09-27 14:35:00-04:00,2024-09-27 14:43:00-04:00,2024-09-27,1.0,2,0.4597234799237116,20.0,35.0,1.75,20,0.7,0.2,6,-21.75,-22.86,-1.143,recovery_deadline,8,14,2024-08-06 09:30:00-04:00,2024-11-06 09:30:00-05:00
2024-10-01 15:34:00-04:00,2024-10-01 15:44:00-04:00,2024-10-01,0.8036822248875695,2,0.4044144057550172,20.0,35.0,1.75,20,0.7,0.2,6,6.5,5.390000000000001,0.2695,recovery,10,14,2024-08-06 09:30:00-04:00,2024-11-06 09:30:00-05:00
2024-10-02 12:59:00-04:00,2024-10-02 13:06:00-04:00,2024-10-02,1.0,2,0.43717591351285723,20.0,35.0,1.75,20,0.7,0.2,6,-12.5,-13.61,-0.6805,recovery_deadline,7,14,2024-08-06 09:30:00-04:00,2024-11-06 09:30:00-05:00
2024-10-03 12:43:00-04:00,2024-10-03 12:49:00-04:00,2024-10-03,0.9574833596857717,2,0.5045403726393857,20.0,35.0,1.75,20,0.7,0.2,6,35.0,33.89,1.6945000000000001,target,6,14,2024-08-06 09:30:00-04:00,2024-11-06 09:30:00-05:00
2024-10-03 12:50:00-04:00,2024-10-03 12:57:00-04:00,2024-10-03,1.0,2,0.5765742066362795,20.0,35.0,1.75,20,0.7,0.2,6,5.0,3.89,0.1945,recovery,7,14,2024-08-06 09:30:00-04:00,2024-11-06 09:30:00-05:00
2024-10-03 12:58:00-04:00,2024-10-03 13:01:00-04:00,2024-10-03,0.793904958677686,2,0.5987980027419297,20.0,35.0,1.75,20,0.7,0.2,6,35.0,33.89,1.6945000000000001,target,3,14,2024-08-06 09:30:00-04:00,2024-11-06 09:30:00-05:00
2024-10-07 14:30:00-04:00,2024-10-07 14:36:00-04:00,2024-10-07,0.8987890753342307,2,0.41607519565338363,20.0,35.0,1.75,20,0.7,0.2,6,35.0,33.89,1.6945000000000001,target,6,14,2024-08-06 09:30:00-04:00,2024-11-06 09:30:00-05:00
2024-10-07 14:44:00-04:00,2024-10-07 14:46:00-04:00,2024-10-07,0.9733715153255647,2,0.5839248043466163,20.0,35.0,1.75,20,0.7,0.2,6,35.0,33.89,1.6945000000000001,target,2,14,2024-08-06 09:30:00-04:00,2024-11-06 09:30:00-05:00
2024-10-08 13:08:00-04:00,2024-10-08 13:18:00-04:00,2024-10-08,0.7900123401566504,2,0.44781986229644205,20.0,35.0,1.75,20,0.7,0.2,6,-7.25,-8.36,-0.418,recovery_deadline,10,14,2024-08-06 09:30:00-04:00,2024-11-06 09:30:00-05:00
2024-10-10 12:46:00-04:00,2024-10-10 13:06:00-04:00,2024-10-10,0.9813166674333801,2,0.49126579012601745,20.0,35.0,1.75,20,0.7,0.2,6,2.25,1.1400000000000001,0.05700000000000001,timeout,20,14,2024-08-06 09:30:00-04:00,2024-11-06 09:30:00-05:00
2024-10-14 10:58:00-04:00,2024-10-14 11:01:00-04:00,2024-10-14,0.9870884566606959,2,0.43349302629116054,20.0,35.0,1.75,20,0.7,0.2,6,35.0,33.89,1.6945000000000001,target,3,14,2024-08-06 09:30:00-04:00,2024-11-06 09:30:00-05:00
2024-10-14 11:02:00-04:00,2024-10-14 11:14:00-04:00,2024-10-14,0.7546948356807511,2,0.4862524093063727,20.0,35.0,1.75,20,0.7,0.2,6,-32.25,-33.36,-1.668,recovery_deadline,12,14,2024-08-06 09:30:00-04:00,2024-11-06 09:30:00-05:00
2024-10-17 09:33:00-04:00,2024-10-17 09:34:00-04:00,2024-10-17,0.9352565849022069,2,0.45964759625842944,20.0,35.0,1.75,20,0.7,0.2,6,35.0,33.89,1.6945000000000001,target,1,14,2024-08-06 09:30:00-04:00,2024-11-06 09:30:00-05:00
2024-10-17 14:17:00-04:00,2024-10-17 14:36:00-04:00,2024-10-17,0.925392670157068,2,0.4843856711404303,20.0,35.0,1.75,20,0.7,0.2,6,35.0,33.89,1.6945000000000001,target,19,14,2024-08-06 09:30:00-04:00,2024-11-06 09:30:00-05:00
2024-10-23 11:12:00-04:00,2024-10-23 11:14:00-04:00,2024-10-23,0.9721815860503477,2,0.4877397291459041,20.0,35.0,1.75,20,0.7,0.2,6,35.0,33.89,1.6945000000000001,target,2,14,2024-08-06 09:30:00-04:00,2024-11-06 09:30:00-05:00
2024-10-23 13:12:00-04:00,2024-10-23 13:32:00-04:00,2024-10-23,1.0,2,0.44856858112722653,20.0,35.0,1.75,20,0.7,0.2,6,9.0,7.890000000000001,0.3945,timeout,20,14,2024-08-06 09:30:00-04:00,2024-11-06 09:30:00-05:00
2024-10-23 13:40:00-04:00,2024-10-23 13:50:00-04:00,2024-10-23,0.8494709710818041,2,0.5232684612310354,20.0,35.0,1.75,20,0.7,0.2,6,5.75,4.640000000000001,0.23200000000000004,recovery,10,14,2024-08-06 09:30:00-04:00,2024-11-06 09:30:00-05:00
2024-10-24 09:31:00-04:00,2024-10-24 09:39:00-04:00,2024-10-24,0.9977735689826472,2,0.5374941190159406,20.0,35.0,1.75,20,0.7,0.2,6,-32.25,-33.36,-1.668,recovery_deadline,8,14,2024-08-06 09:30:00-04:00,2024-11-06 09:30:00-05:00
2024-10-24 11:47:00-04:00,2024-10-24 12:00:00-04:00,2024-10-24,1.0,2,0.5041457775799182,20.0,35.0,1.75,20,0.7,0.2,6,-39.75,-40.86,-2.043,recovery_deadline,13,14,2024-08-06 09:30:00-04:00,2024-11-06 09:30:00-05:00
2024-10-25 13:21:00-04:00,2024-10-25 13:29:00-04:00,2024-10-25,1.0,2,0.408663891010821,20.0,35.0,1.75,20,0.7,0.2,6,-4.5,-5.609999999999999,-0.28049999999999997,recovery_deadline,8,14,2024-08-06 09:30:00-04:00,2024-11-06 09:30:00-05:00
2024-10-25 13:33:00-04:00,2024-10-25 13:40:00-04:00,2024-10-25,0.9244354593144027,2,0.5571479883240333,20.0,35.0,1.75,20,0.7,0.2,6,35.0,33.89,1.6945000000000001,target,7,14,2024-08-06 09:30:00-04:00,2024-11-06 09:30:00-05:00
2024-10-28 09:30:00-04:00,2024-10-28 09:37:00-04:00,2024-10-28,1.0,2,0.5609168770330498,20.0,35.0,1.75,20,0.7,0.2,6,5.75,4.640000000000001,0.23200000000000004,recovery,7,14,2024-08-06 09:30:00-04:00,2024-11-06 09:30:00-05:00
2024-11-04 11:32:00-05:00,2024-11-04 11:40:00-05:00,2024-11-04,0.8096620332196618,2,0.4332299629181822,20.0,35.0,1.75,20,0.7,0.2,6,35.0,33.89,1.6945000000000001,target,8,14,2024-08-06 09:30:00-04:00,2024-11-06 09:30:00-05:00
2024-11-04 11:43:00-05:00,2024-11-04 11:57:00-05:00,2024-11-04,1.0,2,0.5650904786235715,20.0,35.0,1.75,20,0.7,0.2,6,35.0,33.89,1.6945000000000001,target,14,14,2024-08-06 09:30:00-04:00,2024-11-06 09:30:00-05:00
2024-11-11 13:06:00-05:00,2024-11-11 13:21:00-05:00,2024-11-11,0.8683912424875704,2,0.41668475873594496,20.0,35.0,1.75,20,0.7,0.2,6,15.25,14.14,0.7070000000000001,recovery,15,15,2024-11-06 09:30:00-05:00,2025-02-06 09:30:00-05:00
2024-11-12 12:57:00-05:00,2024-11-12 13:17:00-05:00,2024-11-12,1.0,2,0.4025931404971196,20.0,35.0,1.75,20,0.7,0.2,6,-33.25,-34.36,-1.718,recovery_deadline,20,15,2024-11-06 09:30:00-05:00,2025-02-06 09:30:00-05:00
2024-11-14 12:15:00-05:00,2024-11-14 12:31:00-05:00,2024-11-14,0.7612092140413275,2,0.4933126662997763,20.0,35.0,1.75,20,0.7,0.2,6,35.0,33.89,1.6945000000000001,target,16,15,2024-11-06 09:30:00-05:00,2025-02-06 09:30:00-05:00
2024-11-14 12:32:00-05:00,2024-11-14 12:39:00-05:00,2024-11-14,0.7591224320585197,2,0.4687495266609782,20.0,35.0,1.75,20,0.7,0.2,6,-48.75,-49.86,-2.493,recovery_deadline,7,15,2024-11-06 09:30:00-05:00,2025-02-06 09:30:00-05:00
2024-11-14 15:06:00-05:00,2024-11-14 15:14:00-05:00,2024-11-14,0.969482391602749,2,0.58224991290562,20.0,35.0,1.75,20,0.7,0.2,6,-5.75,-6.859999999999999,-0.34299999999999997,recovery_deadline,8,15,2024-11-06 09:30:00-05:00,2025-02-06 09:30:00-05:00
2024-11-15 09:39:00-05:00,2024-11-15 09:43:00-05:00,2024-11-15,1.0,2,0.4077885096005776,20.0,35.0,1.75,20,0.7,0.2,6,8.5,7.390000000000001,0.36950000000000005,recovery,4,15,2024-11-06 09:30:00-05:00,2025-02-06 09:30:00-05:00
2024-11-15 11:55:00-05:00,2024-11-15 12:15:00-05:00,2024-11-15,0.886686264252777,2,0.47442454597321027,20.0,35.0,1.75,20,0.7,0.2,6,9.0,7.890000000000001,0.3945,timeout,20,15,2024-11-06 09:30:00-05:00,2025-02-06 09:30:00-05:00
2024-11-18 09:46:00-05:00,2024-11-18 10:05:00-05:00,2024-11-18,0.8678188594933911,2,0.5765345019968595,20.0,35.0,1.75,20,0.7,0.2,6,-61.75,-62.86,-3.143,recovery_deadline,19,15,2024-11-06 09:30:00-05:00,2025-02-06 09:30:00-05:00
2024-11-18 12:06:00-05:00,2024-11-18 12:17:00-05:00,2024-11-18,0.9455088020045508,2,0.4228091345595549,20.0,35.0,1.75,20,0.7,0.2,6,7.75,6.640000000000001,0.332,recovery,11,15,2024-11-06 09:30:00-05:00,2025-02-06 09:30:00-05:00
2024-11-19 14:40:00-05:00,2024-11-19 14:50:00-05:00,2024-11-19,0.9155386485079291,2,0.4015126652899864,20.0,35.0,1.75,20,0.7,0.2,6,-18.0,-19.11,-0.9555,recovery_deadline,10,15,2024-11-06 09:30:00-05:00,2025-02-06 09:30:00-05:00
2024-11-20 09:33:00-05:00,2024-11-20 09:35:00-05:00,2024-11-20,0.8696921199767158,2,0.43793073850985303,20.0,35.0,1.75,20,0.7,0.2,6,10.5,9.39,0.46950000000000003,recovery,2,15,2024-11-06 09:30:00-05:00,2025-02-06 09:30:00-05:00
2024-11-20 09:36:00-05:00,2024-11-20 09:39:00-05:00,2024-11-20,1.0,2,0.5378595483209718,20.0,35.0,1.75,20,0.7,0.2,6,35.0,33.89,1.6945000000000001,target,3,15,2024-11-06 09:30:00-05:00,2025-02-06 09:30:00-05:00
2024-11-22 11:20:00-05:00,2024-11-22 11:27:00-05:00,2024-11-22,1.0,2,0.5888387920893058,20.0,35.0,1.75,20,0.7,0.2,6,-11.0,-12.11,-0.6054999999999999,recovery_deadline,7,15,2024-11-06 09:30:00-05:00,2025-02-06 09:30:00-05:00
2024-12-09 10:28:00-05:00,2024-12-09 10:36:00-05:00,2024-12-09,0.9378991457630008,2,0.479109971170498,20.0,35.0,1.75,20,0.7,0.2,6,-2.5,-3.61,-0.1805,recovery_deadline,8,15,2024-11-06 09:30:00-05:00,2025-02-06 09:30:00-05:00
2024-12-17 09:33:00-05:00,2024-12-17 09:37:00-05:00,2024-12-17,0.8214559805447882,2,0.5239093006699956,20.0,35.0,1.75,20,0.7,0.2,6,5.75,4.640000000000001,0.23200000000000004,recovery,4,15,2024-11-06 09:30:00-05:00,2025-02-06 09:30:00-05:00
2024-12-18 11:15:00-05:00,2024-12-18 11:34:00-05:00,2024-12-18,0.7685990971652517,2,0.40033626004109846,20.0,35.0,1.75,20,0.7,0.2,6,-24.25,-25.36,-1.268,recovery_deadline,19,15,2024-11-06 09:30:00-05:00,2025-02-06 09:30:00-05:00
2024-12-20 13:15:00-05:00,2024-12-20 13:20:00-05:00,2024-12-20,0.9316279943514068,2,0.5540060890331766,20.0,35.0,1.75,20,0.7,0.2,6,15.0,13.89,0.6945,recovery,5,15,2024-11-06 09:30:00-05:00,2025-02-06 09:30:00-05:00
2024-12-23 15:08:00-05:00,2024-12-23 15:18:00-05:00,2024-12-23,0.8217359878382803,2,0.4820383619188028,20.0,35.0,1.75,20,0.7,0.2,6,-6.75,-7.859999999999999,-0.39299999999999996,recovery_deadline,10,15,2024-11-06 09:30:00-05:00,2025-02-06 09:30:00-05:00
2024-12-26 12:47:00-05:00,2024-12-26 13:00:00-05:00,2024-12-26,0.9732717842243209,2,0.442060779254876,20.0,35.0,1.75,20,0.7,0.2,6,-11.75,-12.86,-0.643,recovery_deadline,13,15,2024-11-06 09:30:00-05:00,2025-02-06 09:30:00-05:00
2024-12-27 09:31:00-05:00,2024-12-27 09:34:00-05:00,2024-12-27,0.9596175299365681,2,0.4385517593064763,20.0,35.0,1.75,20,0.7,0.2,6,35.0,33.89,1.6945000000000001,target,3,15,2024-11-06 09:30:00-05:00,2025-02-06 09:30:00-05:00
2024-12-30 15:28:00-05:00,2024-12-30 15:41:00-05:00,2024-12-30,0.778692432632926,2,0.43483068347630277,20.0,35.0,1.75,20,0.7,0.2,6,10.75,9.64,0.48200000000000004,recovery,13,15,2024-11-06 09:30:00-05:00,2025-02-06 09:30:00-05:00
2025-01-06 12:41:00-05:00,2025-01-06 12:55:00-05:00,2025-01-06,0.8716682972132135,2,0.4385012698108159,20.0,35.0,1.75,20,0.7,0.2,6,6.75,5.640000000000001,0.28200000000000003,recovery,14,15,2024-11-06 09:30:00-05:00,2025-02-06 09:30:00-05:00
2025-01-07 09:38:00-05:00,2025-01-07 09:49:00-05:00,2025-01-07,0.8658826971154236,2,0.41039881652622173,20.0,35.0,1.75,20,0.7,0.2,6,-32.0,-33.11,-1.6555,recovery_deadline,11,15,2024-11-06 09:30:00-05:00,2025-02-06 09:30:00-05:00
2025-01-07 15:22:00-05:00,2025-01-07 15:28:00-05:00,2025-01-07,1.0,2,0.4401472273693458,20.0,35.0,1.75,20,0.7,0.2,6,4.5,3.39,0.1695,recovery,6,15,2024-11-06 09:30:00-05:00,2025-02-06 09:30:00-05:00
2025-01-07 15:29:00-05:00,2025-01-07 15:32:00-05:00,2025-01-07,1.0,2,0.5783369769919369,20.0,35.0,1.75,20,0.7,0.2,6,6.0,4.890000000000001,0.24450000000000002,recovery,3,15,2024-11-06 09:30:00-05:00,2025-02-06 09:30:00-05:00
2025-01-07 15:36:00-05:00,2025-01-07 15:44:00-05:00,2025-01-07,1.0,2,0.5762820545185574,20.0,35.0,1.75,20,0.7,0.2,6,-35.75,-36.86,-1.843,recovery_deadline,8,15,2024-11-06 09:30:00-05:00,2025-02-06 09:30:00-05:00
2025-01-13 09:36:00-05:00,2025-01-13 09:41:00-05:00,2025-01-13,0.9563364072105474,2,0.4484880920524485,20.0,35.0,1.75,20,0.7,0.2,6,8.75,7.640000000000001,0.382,recovery,5,15,2024-11-06 09:30:00-05:00,2025-02-06 09:30:00-05:00
2025-01-14 14:56:00-05:00,2025-01-14 15:00:00-05:00,2025-01-14,1.0,2,0.5397529044082379,20.0,35.0,1.75,20,0.7,0.2,6,35.0,33.89,1.6945000000000001,target,4,15,2024-11-06 09:30:00-05:00,2025-02-06 09:30:00-05:00
2025-01-16 13:36:00-05:00,2025-01-16 13:43:00-05:00,2025-01-16,1.0,2,0.41064116610539175,20.0,35.0,1.75,20,0.7,0.2,6,5.5,4.390000000000001,0.21950000000000003,recovery,7,15,2024-11-06 09:30:00-05:00,2025-02-06 09:30:00-05:00
2025-01-16 13:45:00-05:00,2025-01-16 13:56:00-05:00,2025-01-16,1.0,2,0.4176541570526252,20.0,35.0,1.75,20,0.7,0.2,6,7.0,5.890000000000001,0.29450000000000004,recovery,11,15,2024-11-06 09:30:00-05:00,2025-02-06 09:30:00-05:00
2025-01-20 10:20:00-05:00,2025-01-20 10:40:00-05:00,2025-01-20,0.8580906585011893,2,0.5009315311949349,20.0,35.0,1.75,20,0.7,0.2,6,5.75,4.640000000000001,0.23200000000000004,timeout,20,15,2024-11-06 09:30:00-05:00,2025-02-06 09:30:00-05:00
2025-01-20 12:25:00-05:00,2025-01-20 12:32:00-05:00,2025-01-20,0.7549784030141709,2,0.5862739257097561,20.0,35.0,1.75,20,0.7,0.2,6,-32.75,-33.86,-1.693,recovery_deadline,7,15,2024-11-06 09:30:00-05:00,2025-02-06 09:30:00-05:00
2025-01-21 09:37:00-05:00,2025-01-21 09:40:00-05:00,2025-01-21,0.9907452214147181,2,0.5980177824003716,20.0,35.0,1.75,20,0.7,0.2,6,35.0,33.89,1.6945000000000001,target,3,15,2024-11-06 09:30:00-05:00,2025-02-06 09:30:00-05:00
2025-01-24 13:12:00-05:00,2025-01-24 13:20:00-05:00,2025-01-24,0.7686389364937631,2,0.4973467770030445,20.0,35.0,1.75,20,0.7,0.2,6,-27.5,-28.61,-1.4304999999999999,recovery_deadline,8,15,2024-11-06 09:30:00-05:00,2025-02-06 09:30:00-05:00
2025-01-24 13:56:00-05:00,2025-01-24 14:03:00-05:00,2025-01-24,0.9025306832198382,2,0.4317154815940544,20.0,35.0,1.75,20,0.7,0.2,6,6.75,5.640000000000001,0.28200000000000003,recovery,7,15,2024-11-06 09:30:00-05:00,2025-02-06 09:30:00-05:00
2025-01-29 09:34:00-05:00,2025-01-29 09:37:00-05:00,2025-01-29,1.0,2,0.5140688979657783,20.0,35.0,1.75,20,0.7,0.2,6,5.5,4.390000000000001,0.21950000000000003,recovery,3,15,2024-11-06 09:30:00-05:00,2025-02-06 09:30:00-05:00
2025-02-06 14:32:00-05:00,2025-02-06 14:33:00-05:00,2025-02-06,0.8397950843532176,2,0.4604438695072159,20.0,35.0,1.75,20,0.7,0.2,6,35.0,33.89,1.6945000000000001,target,1,16,2025-02-06 09:30:00-05:00,2025-05-06 09:30:00-04:00
2025-02-07 13:45:00-05:00,2025-02-07 14:00:00-05:00,2025-02-07,0.8222921898155159,2,0.5221530500869144,20.0,35.0,1.75,20,0.7,0.2,6,35.0,33.89,1.6945000000000001,target,15,16,2025-02-06 09:30:00-05:00,2025-05-06 09:30:00-04:00
2025-02-18 09:44:00-05:00,2025-02-18 09:46:00-05:00,2025-02-18,0.9462328864396341,2,0.5609259408982495,20.0,35.0,1.75,20,0.7,0.2,6,35.0,33.89,1.6945000000000001,target,2,16,2025-02-06 09:30:00-05:00,2025-05-06 09:30:00-04:00
2025-02-19 10:08:00-05:00,2025-02-19 10:18:00-05:00,2025-02-19,0.9300010526938977,2,0.595004446780127,20.0,35.0,1.75,20,0.7,0.2,6,-24.0,-25.11,-1.2555,recovery_deadline,10,16,2025-02-06 09:30:00-05:00,2025-05-06 09:30:00-04:00
2025-02-21 09:30:00-05:00,2025-02-21 09:36:00-05:00,2025-02-21,0.821568584683283,2,0.40812851194566846,20.0,35.0,1.75,20,0.7,0.2,6,13.25,12.14,0.607,recovery,6,16,2025-02-06 09:30:00-05:00,2025-05-06 09:30:00-04:00
2025-02-21 12:20:00-05:00,2025-02-21 12:27:00-05:00,2025-02-21,0.9074841044912163,2,0.5265290859845575,20.0,35.0,1.75,20,0.7,0.2,6,-31.0,-32.11,-1.6055,recovery_deadline,7,16,2025-02-06 09:30:00-05:00,2025-05-06 09:30:00-04:00
2025-02-21 14:21:00-05:00,2025-02-21 14:29:00-05:00,2025-02-21,0.7604676584107428,2,0.511859764724906,20.0,35.0,1.75,20,0.7,0.2,6,35.0,33.89,1.6945000000000001,target,8,16,2025-02-06 09:30:00-05:00,2025-05-06 09:30:00-04:00
2025-03-26 11:52:00-04:00,2025-03-26 11:56:00-04:00,2025-03-26,0.9643200826777505,2,0.5957068359138133,20.0,35.0,1.75,20,0.7,0.2,6,35.0,33.89,1.6945000000000001,target,4,16,2025-02-06 09:30:00-05:00,2025-05-06 09:30:00-04:00
2025-05-07 10:53:00-04:00,2025-05-07 10:55:00-04:00,2025-05-07,0.7720707913923003,2,0.5110442582032915,20.0,35.0,1.75,20,0.7,0.2,6,35.0,33.89,1.6945000000000001,target,2,17,2025-05-06 09:30:00-04:00,2025-08-06 09:30:00-04:00
2025-05-07 13:55:00-04:00,2025-05-07 14:04:00-04:00,2025-05-07,0.7867128885176986,2,0.5782737068528176,20.0,35.0,1.75,20,0.7,0.2,6,-10.5,-11.61,-0.5805,recovery_deadline,9,17,2025-05-06 09:30:00-04:00,2025-08-06 09:30:00-04:00
2025-06-05 15:14:00-04:00,2025-06-05 15:15:00-04:00,2025-06-05,0.761519994092199,2,0.5295815661843788,20.0,35.0,1.75,20,0.7,0.2,6,15.25,14.14,0.7070000000000001,recovery,1,17,2025-05-06 09:30:00-04:00,2025-08-06 09:30:00-04:00
2025-06-19 09:47:00-04:00,2025-06-19 10:01:00-04:00,2025-06-19,0.751386065030155,2,0.4680188315509649,20.0,35.0,1.75,20,0.7,0.2,6,6.75,5.640000000000001,0.28200000000000003,recovery,14,17,2025-05-06 09:30:00-04:00,2025-08-06 09:30:00-04:00
2025-07-09 10:31:00-04:00,2025-07-09 10:36:00-04:00,2025-07-09,0.7768563397587975,2,0.5215000304389293,20.0,35.0,1.75,20,0.7,0.2,6,35.0,33.89,1.6945000000000001,target,5,17,2025-05-06 09:30:00-04:00,2025-08-06 09:30:00-04:00
2025-07-31 13:27:00-04:00,2025-07-31 13:42:00-04:00,2025-07-31,0.8122831280255495,2,0.47571480752450335,20.0,35.0,1.75,20,0.7,0.2,6,-24.0,-25.11,-1.2555,recovery_deadline,15,17,2025-05-06 09:30:00-04:00,2025-08-06 09:30:00-04:00
2025-09-23 13:41:00-04:00,2025-09-23 13:48:00-04:00,2025-09-23,0.8259904348121592,2,0.4836004982127125,20.0,35.0,1.75,20,0.7,0.2,6,-45.25,-46.36,-2.318,recovery_deadline,7,18,2025-08-06 09:30:00-04:00,2025-11-06 09:30:00-05:00
2025-09-24 11:58:00-04:00,2025-09-24 12:09:00-04:00,2025-09-24,0.7820902195719803,2,0.535933085577147,20.0,35.0,1.75,20,0.7,0.2,6,35.0,33.89,1.6945000000000001,target,11,18,2025-08-06 09:30:00-04:00,2025-11-06 09:30:00-05:00
2025-10-02 09:40:00-04:00,2025-10-02 09:50:00-04:00,2025-10-02,0.7807656344047176,2,0.48162081151965,20.0,35.0,1.75,20,0.7,0.2,6,35.0,33.89,1.6945000000000001,target,10,18,2025-08-06 09:30:00-04:00,2025-11-06 09:30:00-05:00
2025-10-03 13:05:00-04:00,2025-10-03 13:13:00-04:00,2025-10-03,0.7583698093469375,2,0.49364576266037485,20.0,35.0,1.75,20,0.7,0.2,6,-53.75,-54.86,-2.743,recovery_deadline,8,18,2025-08-06 09:30:00-04:00,2025-11-06 09:30:00-05:00
2025-10-07 11:06:00-04:00,2025-10-07 11:09:00-04:00,2025-10-07,0.7562508992753438,2,0.5613297823863579,20.0,35.0,1.75,20,0.7,0.2,6,35.0,33.89,1.6945000000000001,target,3,18,2025-08-06 09:30:00-04:00,2025-11-06 09:30:00-05:00
2025-10-31 09:45:00-04:00,2025-10-31 09:52:00-04:00,2025-10-31,0.758351661448174,2,0.5756787135580691,20.0,35.0,1.75,20,0.7,0.2,6,-15.0,-16.11,-0.8055,recovery_deadline,7,18,2025-08-06 09:30:00-04:00,2025-11-06 09:30:00-05:00
2025-11-06 09:30:00-05:00,2025-11-06 09:33:00-05:00,2025-11-06,1.0,2,0.5906132514047783,20.0,35.0,1.75,20,0.7,0.2,6,19.75,18.64,0.932,recovery,3,19,2025-11-06 09:30:00-05:00,2026-02-06 09:30:00-05:00
2025-11-06 15:29:00-05:00,2025-11-06 15:31:00-05:00,2025-11-06,0.7530089099605971,2,0.5250080850547763,20.0,35.0,1.75,20,0.7,0.2,6,12.75,11.64,0.5820000000000001,recovery,2,19,2025-11-06 09:30:00-05:00,2026-02-06 09:30:00-05:00
2025-11-06 15:38:00-05:00,2025-11-06 15:43:00-05:00,2025-11-06,0.765883876790088,2,0.5601780733314469,20.0,35.0,1.75,20,0.7,0.2,6,35.0,33.89,1.6945000000000001,target,5,19,2025-11-06 09:30:00-05:00,2026-02-06 09:30:00-05:00
2025-11-10 10:50:00-05:00,2025-11-10 10:52:00-05:00,2025-11-10,0.9395212488346788,2,0.5630331082993087,20.0,35.0,1.75,20,0.7,0.2,6,35.0,33.89,1.6945000000000001,target,2,19,2025-11-06 09:30:00-05:00,2026-02-06 09:30:00-05:00
2025-11-11 09:53:00-05:00,2025-11-11 10:02:00-05:00,2025-11-11,0.7807814353049869,2,0.5449882766705745,20.0,35.0,1.75,20,0.7,0.2,6,-44.25,-45.36,-2.268,recovery_deadline,9,19,2025-11-06 09:30:00-05:00,2026-02-06 09:30:00-05:00
2025-11-12 14:32:00-05:00,2025-11-12 14:40:00-05:00,2025-11-12,0.8420362396913299,2,0.4270728059182601,20.0,35.0,1.75,20,0.7,0.2,6,-17.25,-18.36,-0.9179999999999999,recovery_deadline,8,19,2025-11-06 09:30:00-05:00,2026-02-06 09:30:00-05:00
2025-11-17 12:37:00-05:00,2025-11-17 12:40:00-05:00,2025-11-17,0.7828409234257689,2,0.5421736669765937,20.0,35.0,1.75,20,0.7,0.2,6,35.0,33.89,1.6945000000000001,target,3,19,2025-11-06 09:30:00-05:00,2026-02-06 09:30:00-05:00
2025-11-17 12:41:00-05:00,2025-11-17 12:44:00-05:00,2025-11-17,1.0,2,0.585610623761976,20.0,35.0,1.75,20,0.7,0.2,6,7.0,5.890000000000001,0.29450000000000004,recovery,3,19,2025-11-06 09:30:00-05:00,2026-02-06 09:30:00-05:00
2025-11-25 09:30:00-05:00,2025-11-25 09:37:00-05:00,2025-11-25,0.972798954441528,2,0.47879189069005945,20.0,35.0,1.75,20,0.7,0.2,6,-14.25,-15.36,-0.768,recovery_deadline,7,19,2025-11-06 09:30:00-05:00,2026-02-06 09:30:00-05:00
2025-11-25 14:42:00-05:00,2025-11-25 14:49:00-05:00,2025-11-25,0.7823498964803313,2,0.42156486235194246,20.0,35.0,1.75,20,0.7,0.2,6,-13.5,-14.61,-0.7304999999999999,recovery_deadline,7,19,2025-11-06 09:30:00-05:00,2026-02-06 09:30:00-05:00
2025-12-02 12:56:00-05:00,2025-12-02 13:08:00-05:00,2025-12-02,1.0,2,0.44127218336904234,20.0,35.0,1.75,20,0.7,0.2,6,-28.25,-29.36,-1.468,recovery_deadline,12,19,2025-11-06 09:30:00-05:00,2026-02-06 09:30:00-05:00
2025-12-04 11:04:00-05:00,2025-12-04 11:11:00-05:00,2025-12-04,0.9433483261295135,2,0.5566610745037798,20.0,35.0,1.75,20,0.7,0.2,6,4.25,3.14,0.157,recovery,7,19,2025-11-06 09:30:00-05:00,2026-02-06 09:30:00-05:00
2025-12-04 15:07:00-05:00,2025-12-04 15:15:00-05:00,2025-12-04,0.8470680248078727,2,0.4238337308485265,20.0,35.0,1.75,20,0.7,0.2,6,-23.75,-24.86,-1.2429999999999999,recovery_deadline,8,19,2025-11-06 09:30:00-05:00,2026-02-06 09:30:00-05:00
2025-12-05 10:45:00-05:00,2025-12-05 10:51:00-05:00,2025-12-05,0.8142074764587601,2,0.5034715203945507,20.0,35.0,1.75,20,0.7,0.2,6,16.5,15.39,0.7695000000000001,recovery,6,19,2025-11-06 09:30:00-05:00,2026-02-06 09:30:00-05:00
2025-12-08 10:25:00-05:00,2025-12-08 10:33:00-05:00,2025-12-08,1.0,2,0.5561001738286777,20.0,35.0,1.75,20,0.7,0.2,6,-40.0,-41.11,-2.0555,recovery_deadline,8,19,2025-11-06 09:30:00-05:00,2026-02-06 09:30:00-05:00
2025-12-08 11:01:00-05:00,2025-12-08 11:08:00-05:00,2025-12-08,1.0,2,0.5547206613574807,20.0,35.0,1.75,20,0.7,0.2,6,-16.5,-17.61,-0.8805,recovery_deadline,7,19,2025-11-06 09:30:00-05:00,2026-02-06 09:30:00-05:00
2025-12-08 13:56:00-05:00,2025-12-08 14:16:00-05:00,2025-12-08,1.0,2,0.4381139588470712,20.0,35.0,1.75,20,0.7,0.2,6,9.25,8.14,0.40700000000000003,timeout,20,19,2025-11-06 09:30:00-05:00,2026-02-06 09:30:00-05:00
2025-12-10 10:36:00-05:00,2025-12-10 10:48:00-05:00,2025-12-10,1.0,2,0.4987367101912115,20.0,35.0,1.75,20,0.7,0.2,6,-28.0,-29.11,-1.4555,recovery_deadline,12,19,2025-11-06 09:30:00-05:00,2026-02-06 09:30:00-05:00
2025-12-12 13:46:00-05:00,2025-12-12 13:54:00-05:00,2025-12-12,1.0,2,0.440079637789546,20.0,35.0,1.75,20,0.7,0.2,6,-14.5,-15.61,-0.7805,recovery_deadline,8,19,2025-11-06 09:30:00-05:00,2026-02-06 09:30:00-05:00
2025-12-12 13:58:00-05:00,2025-12-12 14:13:00-05:00,2025-12-12,0.9088289548195596,2,0.459625257711121,20.0,35.0,1.75,20,0.7,0.2,6,35.0,33.89,1.6945000000000001,target,15,19,2025-11-06 09:30:00-05:00,2026-02-06 09:30:00-05:00
2025-12-12 14:21:00-05:00,2025-12-12 14:37:00-05:00,2025-12-12,1.0,2,0.46083296276832275,20.0,35.0,1.75,20,0.7,0.2,6,0.5,-0.6099999999999999,-0.030499999999999992,recovery_deadline,16,19,2025-11-06 09:30:00-05:00,2026-02-06 09:30:00-05:00
2025-12-12 15:31:00-05:00,2025-12-12 15:36:00-05:00,2025-12-12,0.9226422673312845,2,0.4973420382423091,20.0,35.0,1.75,20,0.7,0.2,6,9.0,7.890000000000001,0.3945,recovery,5,19,2025-11-06 09:30:00-05:00,2026-02-06 09:30:00-05:00
2025-12-12 15:37:00-05:00,2025-12-12 15:46:00-05:00,2025-12-12,1.0,2,0.5974198568945305,20.0,35.0,1.75,20,0.7,0.2,6,-42.0,-43.11,-2.1555,recovery_deadline,9,19,2025-11-06 09:30:00-05:00,2026-02-06 09:30:00-05:00
2025-12-15 14:36:00-05:00,2025-12-15 14:45:00-05:00,2025-12-15,1.0,2,0.4033381169907426,20.0,35.0,1.75,20,0.7,0.2,6,6.0,4.890000000000001,0.24450000000000002,recovery,9,19,2025-11-06 09:30:00-05:00,2026-02-06 09:30:00-05:00
2025-12-17 09:30:00-05:00,2025-12-17 09:31:00-05:00,2025-12-17,0.7867158690328793,2,0.4300996483001172,20.0,35.0,1.75,20,0.7,0.2,6,4.0,2.89,0.14450000000000002,recovery,1,19,2025-11-06 09:30:00-05:00,2026-02-06 09:30:00-05:00
2025-12-17 09:32:00-05:00,2025-12-17 09:34:00-05:00,2025-12-17,1.0,2,0.4117364676395683,20.0,35.0,1.75,20,0.7,0.2,6,9.75,8.64,0.43200000000000005,recovery,2,19,2025-11-06 09:30:00-05:00,2026-02-06 09:30:00-05:00
2025-12-17 09:35:00-05:00,2025-12-17 09:36:00-05:00,2025-12-17,1.0,2,0.5203086469660831,20.0,35.0,1.75,20,0.7,0.2,6,35.0,33.89,1.6945000000000001,target,1,19,2025-11-06 09:30:00-05:00,2026-02-06 09:30:00-05:00
2025-12-17 13:37:00-05:00,2025-12-17 13:40:00-05:00,2025-12-17,0.8465481700769677,2,0.5404353801997008,20.0,35.0,1.75,20,0.7,0.2,6,35.0,33.89,1.6945000000000001,target,3,19,2025-11-06 09:30:00-05:00,2026-02-06 09:30:00-05:00
2025-12-18 12:06:00-05:00,2025-12-18 12:09:00-05:00,2025-12-18,1.0,2,0.5894004931883413,20.0,35.0,1.75,20,0.7,0.2,6,35.0,33.89,1.6945000000000001,target,3,19,2025-11-06 09:30:00-05:00,2026-02-06 09:30:00-05:00
2025-12-18 14:01:00-05:00,2025-12-18 14:03:00-05:00,2025-12-18,0.8391733140094095,2,0.5761258438775922,20.0,35.0,1.75,20,0.7,0.2,6,35.0,33.89,1.6945000000000001,target,2,19,2025-11-06 09:30:00-05:00,2026-02-06 09:30:00-05:00
2025-12-22 10:36:00-05:00,2025-12-22 10:45:00-05:00,2025-12-22,1.0,2,0.46363241298459795,20.0,35.0,1.75,20,0.7,0.2,6,-33.25,-34.36,-1.718,recovery_deadline,9,19,2025-11-06 09:30:00-05:00,2026-02-06 09:30:00-05:00
2025-12-26 10:14:00-05:00,2025-12-26 10:23:00-05:00,2025-12-26,0.9880264244426094,2,0.5954188058374096,20.0,35.0,1.75,20,0.7,0.2,6,-41.0,-42.11,-2.1055,recovery_deadline,9,19,2025-11-06 09:30:00-05:00,2026-02-06 09:30:00-05:00
2025-12-30 10:25:00-05:00,2025-12-30 10:45:00-05:00,2025-12-30,0.7931305917510402,2,0.40501071269757855,20.0,35.0,1.75,20,0.7,0.2,6,5.0,3.89,0.1945,timeout,20,19,2025-11-06 09:30:00-05:00,2026-02-06 09:30:00-05:00
2025-12-31 15:00:00-05:00,2025-12-31 15:20:00-05:00,2025-12-31,0.9920680254923551,2,0.5128855560496423,20.0,35.0,1.75,20,0.7,0.2,6,25.25,24.14,1.207,timeout,20,19,2025-11-06 09:30:00-05:00,2026-02-06 09:30:00-05:00
2025-12-31 15:21:00-05:00,2025-12-31 15:38:00-05:00,2025-12-31,1.0,2,0.4006346767999353,20.0,35.0,1.75,20,0.7,0.2,6,-15.75,-16.86,-0.843,recovery_deadline,17,19,2025-11-06 09:30:00-05:00,2026-02-06 09:30:00-05:00
2026-01-02 12:49:00-05:00,2026-01-02 12:57:00-05:00,2026-01-02,0.7568893050502666,2,0.5963384808182075,20.0,35.0,1.75,20,0.7,0.2,6,5.5,4.390000000000001,0.21950000000000003,recovery,8,19,2025-11-06 09:30:00-05:00,2026-02-06 09:30:00-05:00
2026-01-05 12:31:00-05:00,2026-01-05 12:41:00-05:00,2026-01-05,0.8639231389917326,2,0.404434652544771,20.0,35.0,1.75,20,0.7,0.2,6,-13.75,-14.86,-0.743,recovery_deadline,10,19,2025-11-06 09:30:00-05:00,2026-02-06 09:30:00-05:00
2026-01-06 10:54:00-05:00,2026-01-06 11:04:00-05:00,2026-01-06,0.866789159393661,2,0.400690261551522,20.0,35.0,1.75,20,0.7,0.2,6,35.0,33.89,1.6945000000000001,target,10,19,2025-11-06 09:30:00-05:00,2026-02-06 09:30:00-05:00
2026-01-06 11:08:00-05:00,2026-01-06 11:15:00-05:00,2026-01-06,0.8066666666666666,2,0.4818490520273275,20.0,35.0,1.75,20,0.7,0.2,6,-19.25,-20.36,-1.018,recovery_deadline,7,19,2025-11-06 09:30:00-05:00,2026-02-06 09:30:00-05:00
2026-01-13 12:43:00-05:00,2026-01-13 12:50:00-05:00,2026-01-13,0.9005343669965246,2,0.5653525083882444,20.0,35.0,1.75,20,0.7,0.2,6,8.5,7.390000000000001,0.36950000000000005,recovery,7,19,2025-11-06 09:30:00-05:00,2026-02-06 09:30:00-05:00
2026-01-13 12:52:00-05:00,2026-01-13 12:57:00-05:00,2026-01-13,1.0,2,0.5084034038080608,20.0,35.0,1.75,20,0.7,0.2,6,35.0,33.89,1.6945000000000001,target,5,19,2025-11-06 09:30:00-05:00,2026-02-06 09:30:00-05:00
2026-01-13 12:58:00-05:00,2026-01-13 13:03:00-05:00,2026-01-13,1.0,2,0.5465395965557667,20.0,35.0,1.75,20,0.7,0.2,6,7.75,6.640000000000001,0.332,recovery,5,19,2025-11-06 09:30:00-05:00,2026-02-06 09:30:00-05:00
2026-01-13 13:56:00-05:00,2026-01-13 14:03:00-05:00,2026-01-13,0.8242608321576458,2,0.400887334761693,20.0,35.0,1.75,20,0.7,0.2,6,5.0,3.89,0.1945,recovery,7,19,2025-11-06 09:30:00-05:00,2026-02-06 09:30:00-05:00
2026-01-13 14:04:00-05:00,2026-01-13 14:22:00-05:00,2026-01-13,0.8807472581022661,2,0.4513330234062336,20.0,35.0,1.75,20,0.7,0.2,6,-23.25,-24.36,-1.218,recovery_deadline,18,19,2025-11-06 09:30:00-05:00,2026-02-06 09:30:00-05:00
2026-01-14 13:37:00-05:00,2026-01-14 13:46:00-05:00,2026-01-14,0.8436783571361104,2,0.5508297287464122,20.0,35.0,1.75,20,0.7,0.2,6,-48.5,-49.61,-2.4805,recovery_deadline,9,19,2025-11-06 09:30:00-05:00,2026-02-06 09:30:00-05:00
2026-01-14 15:00:00-05:00,2026-01-14 15:08:00-05:00,2026-01-14,0.7657597679997454,2,0.4667047337995715,20.0,35.0,1.75,20,0.7,0.2,6,-109.0,-110.11,-5.5055,recovery_deadline,8,19,2025-11-06 09:30:00-05:00,2026-02-06 09:30:00-05:00
2026-01-15 09:38:00-05:00,2026-01-15 09:45:00-05:00,2026-01-15,0.7863898386448313,2,0.5831851073291021,20.0,35.0,1.75,20,0.7,0.2,6,-50.0,-51.11,-2.5555,recovery_deadline,7,19,2025-11-06 09:30:00-05:00,2026-02-06 09:30:00-05:00
2026-01-15 14:25:00-05:00,2026-01-15 14:30:00-05:00,2026-01-15,1.0,2,0.4154202207219954,20.0,35.0,1.75,20,0.7,0.2,6,35.0,33.89,1.6945000000000001,target,5,19,2025-11-06 09:30:00-05:00,2026-02-06 09:30:00-05:00
2026-01-15 14:56:00-05:00,2026-01-15 15:00:00-05:00,2026-01-15,0.8228505103335113,2,0.5094746735659134,20.0,35.0,1.75,20,0.7,0.2,6,8.0,6.890000000000001,0.34450000000000003,recovery,4,19,2025-11-06 09:30:00-05:00,2026-02-06 09:30:00-05:00
2026-01-15 15:19:00-05:00,2026-01-15 15:25:00-05:00,2026-01-15,1.0,2,0.4809041112503537,20.0,35.0,1.75,20,0.7,0.2,6,10.5,9.39,0.46950000000000003,recovery,6,19,2025-11-06 09:30:00-05:00,2026-02-06 09:30:00-05:00
2026-01-19 09:30:00-05:00,2026-01-19 09:40:00-05:00,2026-01-19,0.9974047931215126,2,0.43927618547115654,20.0,35.0,1.75,20,0.7,0.2,6,35.0,33.89,1.6945000000000001,target,10,19,2025-11-06 09:30:00-05:00,2026-02-06 09:30:00-05:00
2026-01-20 12:44:00-05:00,2026-01-20 12:52:00-05:00,2026-01-20,0.9775165092564466,2,0.5998605328051098,20.0,35.0,1.75,20,0.7,0.2,6,35.0,33.89,1.6945000000000001,target,8,19,2025-11-06 09:30:00-05:00,2026-02-06 09:30:00-05:00
2026-01-20 14:27:00-05:00,2026-01-20 14:43:00-05:00,2026-01-20,0.841985181344163,2,0.43106985487326677,20.0,35.0,1.75,20,0.7,0.2,6,5.0,3.89,0.1945,recovery,16,19,2025-11-06 09:30:00-05:00,2026-02-06 09:30:00-05:00
2026-01-23 11:30:00-05:00,2026-01-23 11:43:00-05:00,2026-01-23,0.8360587610452942,2,0.40522799854469016,20.0,35.0,1.75,20,0.7,0.2,6,-23.75,-24.86,-1.2429999999999999,recovery_deadline,13,19,2025-11-06 09:30:00-05:00,2026-02-06 09:30:00-05:00
2026-01-23 12:42:00-05:00,2026-01-23 12:51:00-05:00,2026-01-23,1.0,2,0.4196951934349355,20.0,35.0,1.75,20,0.7,0.2,6,35.0,33.89,1.6945000000000001,target,9,19,2025-11-06 09:30:00-05:00,2026-02-06 09:30:00-05:00
2026-01-23 12:52:00-05:00,2026-01-23 12:59:00-05:00,2026-01-23,1.0,2,0.588405020819016,20.0,35.0,1.75,20,0.7,0.2,6,-1.5,-2.61,-0.1305,recovery_deadline,7,19,2025-11-06 09:30:00-05:00,2026-02-06 09:30:00-05:00
2026-01-28 10:34:00-05:00,2026-01-28 10:42:00-05:00,2026-01-28,0.8588882084403542,2,0.5302330517039253,20.0,35.0,1.75,20,0.7,0.2,6,2.25,1.1400000000000001,0.05700000000000001,recovery_deadline,8,19,2025-11-06 09:30:00-05:00,2026-02-06 09:30:00-05:00
2026-01-28 11:42:00-05:00,2026-01-28 12:02:00-05:00,2026-01-28,1.0,2,0.4102003072320815,20.0,35.0,1.75,20,0.7,0.2,6,-9.25,-10.36,-0.518,timeout,20,19,2025-11-06 09:30:00-05:00,2026-02-06 09:30:00-05:00
2026-02-10 13:25:00-05:00,2026-02-10 13:34:00-05:00,2026-02-10,0.8026795735129069,2,0.49099534215676854,20.0,35.0,1.75,20,0.7,0.2,6,35.0,33.89,1.6945000000000001,target,9,20,2026-02-06 09:30:00-05:00,2026-05-06 09:30:00-04:00
2026-02-10 13:37:00-05:00,2026-02-10 13:45:00-05:00,2026-02-10,0.8298743057585501,2,0.5169700249328634,20.0,35.0,1.75,20,0.7,0.2,6,-1.0,-2.11,-0.1055,recovery_deadline,8,20,2026-02-06 09:30:00-05:00,2026-05-06 09:30:00-04:00
2026-02-12 15:31:00-05:00,2026-02-12 15:40:00-05:00,2026-02-12,1.0,2,0.5618542363109477,20.0,35.0,1.75,20,0.7,0.2,6,-30.25,-31.36,-1.568,recovery_deadline,9,20,2026-02-06 09:30:00-05:00,2026-05-06 09:30:00-04:00
2026-02-13 13:05:00-05:00,2026-02-13 13:12:00-05:00,2026-02-13,0.9346645169654233,2,0.5968259908663791,20.0,35.0,1.75,20,0.7,0.2,6,-34.75,-35.86,-1.793,recovery_deadline,7,20,2026-02-06 09:30:00-05:00,2026-05-06 09:30:00-04:00
2026-02-13 14:41:00-05:00,2026-02-13 14:48:00-05:00,2026-02-13,0.7877855156273345,2,0.5980094168339816,20.0,35.0,1.75,20,0.7,0.2,6,-17.0,-18.11,-0.9055,recovery_deadline,7,20,2026-02-06 09:30:00-05:00,2026-05-06 09:30:00-04:00
2026-02-16 10:25:00-05:00,2026-02-16 10:33:00-05:00,2026-02-16,0.752086424867743,2,0.4786047711284523,20.0,35.0,1.75,20,0.7,0.2,6,35.0,33.89,1.6945000000000001,target,8,20,2026-02-06 09:30:00-05:00,2026-05-06 09:30:00-04:00
2026-02-16 10:34:00-05:00,2026-02-16 10:44:00-05:00,2026-02-16,0.8188753734528382,2,0.5068552730730134,20.0,35.0,1.75,20,0.7,0.2,6,9.5,8.39,0.41950000000000004,recovery,10,20,2026-02-06 09:30:00-05:00,2026-05-06 09:30:00-04:00
2026-02-16 10:46:00-05:00,2026-02-16 10:53:00-05:00,2026-02-16,0.808939393939394,2,0.5424794291234051,20.0,35.0,1.75,20,0.7,0.2,6,-25.75,-26.86,-1.343,recovery_deadline,7,20,2026-02-06 09:30:00-05:00,2026-05-06 09:30:00-04:00
2026-02-16 11:38:00-05:00,2026-02-16 11:48:00-05:00,2026-02-16,0.8469896560130722,2,0.4504705888302795,20.0,35.0,1.75,20,0.7,0.2,6,-36.0,-37.11,-1.8555,recovery_deadline,10,20,2026-02-06 09:30:00-05:00,2026-05-06 09:30:00-04:00
2026-02-17 15:23:00-05:00,2026-02-17 15:31:00-05:00,2026-02-17,0.790002733630764,2,0.5092929282712372,20.0,35.0,1.75,20,0.7,0.2,6,35.0,33.89,1.6945000000000001,target,8,20,2026-02-06 09:30:00-05:00,2026-05-06 09:30:00-04:00
2026-02-17 15:37:00-05:00,2026-02-17 15:46:00-05:00,2026-02-17,1.0,2,0.4029059682093349,20.0,35.0,1.75,20,0.7,0.2,6,-34.0,-35.11,-1.7555,recovery_deadline,9,20,2026-02-06 09:30:00-05:00,2026-05-06 09:30:00-04:00
2026-02-18 13:51:00-05:00,2026-02-18 14:00:00-05:00,2026-02-18,1.0,2,0.4520687196241358,20.0,35.0,1.75,20,0.7,0.2,6,-12.75,-13.86,-0.693,recovery_deadline,9,20,2026-02-06 09:30:00-05:00,2026-05-06 09:30:00-04:00
2026-02-18 14:31:00-05:00,2026-02-18 14:36:00-05:00,2026-02-18,1.0,2,0.4223616934117564,20.0,35.0,1.75,20,0.7,0.2,6,35.0,33.89,1.6945000000000001,target,5,20,2026-02-06 09:30:00-05:00,2026-05-06 09:30:00-04:00
2026-02-18 14:37:00-05:00,2026-02-18 14:42:00-05:00,2026-02-18,1.0,2,0.46705878188043354,20.0,35.0,1.75,20,0.7,0.2,6,4.25,3.14,0.157,recovery,5,20,2026-02-06 09:30:00-05:00,2026-05-06 09:30:00-04:00
2026-02-18 14:43:00-05:00,2026-02-18 14:51:00-05:00,2026-02-18,1.0,2,0.49227991564296947,20.0,35.0,1.75,20,0.7,0.2,6,-5.5,-6.609999999999999,-0.33049999999999996,recovery_deadline,8,20,2026-02-06 09:30:00-05:00,2026-05-06 09:30:00-04:00
2026-02-18 14:52:00-05:00,2026-02-18 14:57:00-05:00,2026-02-18,1.0,2,0.560822531621243,20.0,35.0,1.75,20,0.7,0.2,6,35.0,33.89,1.6945000000000001,target,5,20,2026-02-06 09:30:00-05:00,2026-05-06 09:30:00-04:00
2026-02-19 12:50:00-05:00,2026-02-19 12:52:00-05:00,2026-02-19,0.7732166159199652,2,0.5918748198309824,20.0,35.0,1.75,20,0.7,0.2,6,28.5,27.39,1.3695,recovery,2,20,2026-02-06 09:30:00-05:00,2026-05-06 09:30:00-04:00
2026-02-19 14:37:00-05:00,2026-02-19 14:57:00-05:00,2026-02-19,1.0,2,0.415913539101102,20.0,35.0,1.75,20,0.7,0.2,6,10.5,9.39,0.46950000000000003,timeout,20,20,2026-02-06 09:30:00-05:00,2026-05-06 09:30:00-04:00
2026-02-23 14:02:00-05:00,2026-02-23 14:12:00-05:00,2026-02-23,0.976421973748177,2,0.4075385245611462,20.0,35.0,1.75,20,0.7,0.2,6,-22.75,-23.86,-1.193,recovery_deadline,10,20,2026-02-06 09:30:00-05:00,2026-05-06 09:30:00-04:00
2026-02-26 12:37:00-05:00,2026-02-26 12:46:00-05:00,2026-02-26,0.888576149821563,2,0.5139355993749083,20.0,35.0,1.75,20,0.7,0.2,6,5.0,3.89,0.1945,recovery,9,20,2026-02-06 09:30:00-05:00,2026-05-06 09:30:00-04:00
2026-02-27 13:25:00-05:00,2026-02-27 13:34:00-05:00,2026-02-27,0.9392421767070234,2,0.5550571230611285,20.0,35.0,1.75,20,0.7,0.2,6,-22.5,-23.61,-1.1804999999999999,recovery_deadline,9,20,2026-02-06 09:30:00-05:00,2026-05-06 09:30:00-04:00
2026-03-02 13:47:00-05:00,2026-03-02 13:54:00-05:00,2026-03-02,1.0,2,0.44416909842159297,20.0,35.0,1.75,20,0.7,0.2,6,-6.25,-7.359999999999999,-0.368,recovery_deadline,7,20,2026-02-06 09:30:00-05:00,2026-05-06 09:30:00-04:00
2026-03-09 13:34:00-04:00,2026-03-09 13:54:00-04:00,2026-03-09,0.9869938321265754,2,0.41328876099347095,20.0,35.0,1.75,20,0.7,0.2,6,-17.0,-18.11,-0.9055,timeout,20,20,2026-02-06 09:30:00-05:00,2026-05-06 09:30:00-04:00
2026-03-12 15:02:00-04:00,2026-03-12 15:10:00-04:00,2026-03-12,0.8663296841923872,2,0.5466871658971026,20.0,35.0,1.75,20,0.7,0.2,6,-19.0,-20.11,-1.0055,recovery_deadline,8,20,2026-02-06 09:30:00-05:00,2026-05-06 09:30:00-04:00
2026-03-13 15:20:00-04:00,2026-03-13 15:39:00-04:00,2026-03-13,1.0,2,0.4994209304560236,20.0,35.0,1.75,20,0.7,0.2,6,35.0,33.89,1.6945000000000001,target,19,20,2026-02-06 09:30:00-05:00,2026-05-06 09:30:00-04:00
2026-03-16 12:01:00-04:00,2026-03-16 12:13:00-04:00,2026-03-16,0.8411572679061305,2,0.5646155635686867,20.0,35.0,1.75,20,0.7,0.2,6,0.0,-1.1099999999999999,-0.055499999999999994,recovery_deadline,12,20,2026-02-06 09:30:00-05:00,2026-05-06 09:30:00-04:00
2026-03-16 13:50:00-04:00,2026-03-16 13:57:00-04:00,2026-03-16,1.0,2,0.4065877378863203,20.0,35.0,1.75,20,0.7,0.2,6,-29.0,-30.11,-1.5055,recovery_deadline,7,20,2026-02-06 09:30:00-05:00,2026-05-06 09:30:00-04:00
2026-03-17 11:13:00-04:00,2026-03-17 11:21:00-04:00,2026-03-17,0.9177451743739794,2,0.4393747060400241,20.0,35.0,1.75,20,0.7,0.2,6,10.75,9.64,0.48200000000000004,recovery,8,20,2026-02-06 09:30:00-05:00,2026-05-06 09:30:00-04:00
2026-03-18 13:11:00-04:00,2026-03-18 13:19:00-04:00,2026-03-18,0.8265087935883659,2,0.5781389868053062,20.0,35.0,1.75,20,0.7,0.2,6,-21.75,-22.86,-1.143,recovery_deadline,8,20,2026-02-06 09:30:00-05:00,2026-05-06 09:30:00-04:00
2026-03-20 13:36:00-04:00,2026-03-20 13:45:00-04:00,2026-03-20,1.0,2,0.517324041247958,20.0,35.0,1.75,20,0.7,0.2,6,-6.75,-7.859999999999999,-0.39299999999999996,recovery_deadline,9,20,2026-02-06 09:30:00-05:00,2026-05-06 09:30:00-04:00
2026-03-25 13:05:00-04:00,2026-03-25 13:09:00-04:00,2026-03-25,0.7675572181314929,2,0.554682877242314,20.0,35.0,1.75,20,0.7,0.2,6,6.75,5.640000000000001,0.28200000000000003,recovery,4,20,2026-02-06 09:30:00-05:00,2026-05-06 09:30:00-04:00
2026-03-26 12:16:00-04:00,2026-03-26 12:21:00-04:00,2026-03-26,0.8919512544242967,2,0.5951823436891535,20.0,35.0,1.75,20,0.7,0.2,6,4.25,3.14,0.157,recovery,5,20,2026-02-06 09:30:00-05:00,2026-05-06 09:30:00-04:00
2026-03-26 13:24:00-04:00,2026-03-26 13:35:00-04:00,2026-03-26,0.9739620619283739,2,0.40940469627928855,20.0,35.0,1.75,20,0.7,0.2,6,-19.25,-20.36,-1.018,recovery_deadline,11,20,2026-02-06 09:30:00-05:00,2026-05-06 09:30:00-04:00
2026-03-26 13:50:00-04:00,2026-03-26 13:59:00-04:00,2026-03-26,1.0,2,0.42201779184852145,20.0,35.0,1.75,20,0.7,0.2,6,35.0,33.89,1.6945000000000001,target,9,20,2026-02-06 09:30:00-05:00,2026-05-06 09:30:00-04:00
2026-03-26 15:31:00-04:00,2026-03-26 15:41:00-04:00,2026-03-26,0.9856682534213366,2,0.5150785663350714,20.0,35.0,1.75,20,0.7,0.2,6,-9.5,-10.61,-0.5305,recovery_deadline,10,20,2026-02-06 09:30:00-05:00,2026-05-06 09:30:00-04:00
2026-03-27 12:37:00-04:00,2026-03-27 12:48:00-04:00,2026-03-27,1.0,2,0.46739256869180856,20.0,35.0,1.75,20,0.7,0.2,6,-46.5,-47.61,-2.3805,recovery_deadline,11,20,2026-02-06 09:30:00-05:00,2026-05-06 09:30:00-04:00
2026-03-30 13:14:00-04:00,2026-03-30 13:21:00-04:00,2026-03-30,0.8756720973970151,2,0.5086809857837162,20.0,35.0,1.75,20,0.7,0.2,6,35.0,33.89,1.6945000000000001,target,7,20,2026-02-06 09:30:00-05:00,2026-05-06 09:30:00-04:00
2026-03-30 14:57:00-04:00,2026-03-30 15:07:00-04:00,2026-03-30,0.8109359824954372,2,0.41737512074485034,20.0,35.0,1.75,20,0.7,0.2,6,35.0,33.89,1.6945000000000001,target,10,20,2026-02-06 09:30:00-05:00,2026-05-06 09:30:00-04:00
2026-03-30 15:08:00-04:00,2026-03-30 15:11:00-04:00,2026-03-30,0.9864751812604573,2,0.46304322539207304,20.0,35.0,1.75,20,0.7,0.2,6,35.0,33.89,1.6945000000000001,target,3,20,2026-02-06 09:30:00-05:00,2026-05-06 09:30:00-04:00
2026-03-30 15:12:00-04:00,2026-03-30 15:21:00-04:00,2026-03-30,1.0,2,0.4899737522189237,20.0,35.0,1.75,20,0.7,0.2,6,5.0,3.89,0.1945,recovery,9,20,2026-02-06 09:30:00-05:00,2026-05-06 09:30:00-04:00
2026-03-30 15:22:00-04:00,2026-03-30 15:42:00-04:00,2026-03-30,0.8849275724275725,2,0.5614395314846938,20.0,35.0,1.75,20,0.7,0.2,6,-29.75,-30.86,-1.543,recovery_deadline,20,20,2026-02-06 09:30:00-05:00,2026-05-06 09:30:00-04:00
2026-04-01 14:16:00-04:00,2026-04-01 14:20:00-04:00,2026-04-01,1.0,2,0.4080493195300686,20.0,35.0,1.75,20,0.7,0.2,6,35.0,33.89,1.6945000000000001,target,4,20,2026-02-06 09:30:00-05:00,2026-05-06 09:30:00-04:00
2026-04-01 14:21:00-04:00,2026-04-01 14:24:00-04:00,2026-04-01,1.0,2,0.49746372597114263,20.0,35.0,1.75,20,0.7,0.2,6,16.75,15.64,0.782,recovery,3,20,2026-02-06 09:30:00-05:00,2026-05-06 09:30:00-04:00
2026-04-01 14:25:00-04:00,2026-04-01 14:29:00-04:00,2026-04-01,0.9110446570972887,2,0.545786952981576,20.0,35.0,1.75,20,0.7,0.2,6,4.25,3.14,0.157,recovery,4,20,2026-02-06 09:30:00-05:00,2026-05-06 09:30:00-04:00
2026-04-01 14:35:00-04:00,2026-04-01 14:43:00-04:00,2026-04-01,1.0,2,0.4309845193722785,20.0,35.0,1.75,20,0.7,0.2,6,-57.0,-58.11,-2.9055,recovery_deadline,8,20,2026-02-06 09:30:00-05:00,2026-05-06 09:30:00-04:00
2026-04-02 13:47:00-04:00,2026-04-02 13:57:00-04:00,2026-04-02,1.0,2,0.4141535722774881,20.0,35.0,1.75,20,0.7,0.2,6,8.75,7.640000000000001,0.382,recovery,10,20,2026-02-06 09:30:00-05:00,2026-05-06 09:30:00-04:00
2026-04-06 13:10:00-04:00,2026-04-06 13:12:00-04:00,2026-04-06,0.9494038748137108,2,0.4221644557504893,20.0,35.0,1.75,20,0.7,0.2,6,35.0,33.89,1.6945000000000001,target,2,20,2026-02-06 09:30:00-05:00,2026-05-06 09:30:00-04:00
2026-04-07 13:20:00-04:00,2026-04-07 13:29:00-04:00,2026-04-07,0.8708283411803983,2,0.4913392437200034,20.0,35.0,1.75,20,0.7,0.2,6,-12.75,-13.86,-0.693,recovery_deadline,9,20,2026-02-06 09:30:00-05:00,2026-05-06 09:30:00-04:00
2026-04-09 14:04:00-04:00,2026-04-09 14:11:00-04:00,2026-04-09,0.8078932791833342,2,0.43218817484360067,20.0,35.0,1.75,20,0.7,0.2,6,-13.25,-14.36,-0.718,recovery_deadline,7,20,2026-02-06 09:30:00-05:00,2026-05-06 09:30:00-04:00
2026-04-10 11:39:00-04:00,2026-04-10 11:55:00-04:00,2026-04-10,0.9342118161653923,2,0.42124401333124295,20.0,35.0,1.75,20,0.7,0.2,6,35.0,33.89,1.6945000000000001,target,16,20,2026-02-06 09:30:00-05:00,2026-05-06 09:30:00-04:00
2026-04-10 11:56:00-04:00,2026-04-10 12:16:00-04:00,2026-04-10,1.0,2,0.4307215358239224,20.0,35.0,1.75,20,0.7,0.2,6,-39.0,-40.11,-2.0055,recovery_deadline,20,20,2026-02-06 09:30:00-05:00,2026-05-06 09:30:00-04:00
2026-04-15 12:48:00-04:00,2026-04-15 12:52:00-04:00,2026-04-15,0.8311617266759499,2,0.5016461758651906,20.0,35.0,1.75,20,0.7,0.2,6,10.75,9.64,0.48200000000000004,recovery,4,20,2026-02-06 09:30:00-05:00,2026-05-06 09:30:00-04:00
2026-04-15 12:55:00-04:00,2026-04-15 13:03:00-04:00,2026-04-15,1.0,2,0.5955616468838978,20.0,35.0,1.75,20,0.7,0.2,6,-33.5,-34.61,-1.7305,recovery_deadline,8,20,2026-02-06 09:30:00-05:00,2026-05-06 09:30:00-04:00
2026-04-16 13:14:00-04:00,2026-04-16 13:29:00-04:00,2026-04-16,0.8067437983013938,2,0.469789764882593,20.0,35.0,1.75,20,0.7,0.2,6,-33.25,-34.36,-1.718,recovery_deadline,15,20,2026-02-06 09:30:00-05:00,2026-05-06 09:30:00-04:00
2026-04-16 14:08:00-04:00,2026-04-16 14:23:00-04:00,2026-04-16,0.8629428493523665,2,0.47384072300246294,20.0,35.0,1.75,20,0.7,0.2,6,35.0,33.89,1.6945000000000001,target,15,20,2026-02-06 09:30:00-05:00,2026-05-06 09:30:00-04:00
2026-04-16 14:24:00-04:00,2026-04-16 14:37:00-04:00,2026-04-16,1.0,2,0.5552341312186759,20.0,35.0,1.75,20,0.7,0.2,6,-45.5,-46.61,-2.3305,recovery_deadline,13,20,2026-02-06 09:30:00-05:00,2026-05-06 09:30:00-04:00
2026-04-21 10:47:00-04:00,2026-04-21 10:58:00-04:00,2026-04-21,1.0,2,0.481861721227324,20.0,35.0,1.75,20,0.7,0.2,6,35.0,33.89,1.6945000000000001,target,11,20,2026-02-06 09:30:00-05:00,2026-05-06 09:30:00-04:00
2026-04-21 10:59:00-04:00,2026-04-21 11:00:00-04:00,2026-04-21,1.0,2,0.43880827993587246,20.0,35.0,1.75,20,0.7,0.2,6,19.25,18.14,0.907,recovery,1,20,2026-02-06 09:30:00-05:00,2026-05-06 09:30:00-04:00
2026-04-21 11:01:00-04:00,2026-04-21 11:05:00-04:00,2026-04-21,1.0,2,0.5276764897765146,20.0,35.0,1.75,20,0.7,0.2,6,35.0,33.89,1.6945000000000001,target,4,20,2026-02-06 09:30:00-05:00,2026-05-06 09:30:00-04:00
2026-04-21 12:44:00-04:00,2026-04-21 12:51:00-04:00,2026-04-21,0.7889904381911479,2,0.46089384062185496,20.0,35.0,1.75,20,0.7,0.2,6,-16.25,-17.36,-0.868,recovery_deadline,7,20,2026-02-06 09:30:00-05:00,2026-05-06 09:30:00-04:00
2026-04-21 13:05:00-04:00,2026-04-21 13:10:00-04:00,2026-04-21,1.0,2,0.5580207453560646,20.0,35.0,1.75,20,0.7,0.2,6,10.25,9.14,0.457,recovery,5,20,2026-02-06 09:30:00-05:00,2026-05-06 09:30:00-04:00
2026-04-21 13:12:00-04:00,2026-04-21 13:18:00-04:00,2026-04-21,0.8523823925982688,2,0.5991574411700745,20.0,35.0,1.75,20,0.7,0.2,6,12.75,11.64,0.5820000000000001,recovery,6,20,2026-02-06 09:30:00-05:00,2026-05-06 09:30:00-04:00
2026-04-21 13:19:00-04:00,2026-04-21 13:27:00-04:00,2026-04-21,1.0,2,0.5790189702171131,20.0,35.0,1.75,20,0.7,0.2,6,-18.25,-19.36,-0.968,recovery_deadline,8,20,2026-02-06 09:30:00-05:00,2026-05-06 09:30:00-04:00
2026-04-23 12:04:00-04:00,2026-04-23 12:12:00-04:00,2026-04-23,1.0,2,0.5355761109790574,20.0,35.0,1.75,20,0.7,0.2,6,-26.0,-27.11,-1.3555,recovery_deadline,8,20,2026-02-06 09:30:00-05:00,2026-05-06 09:30:00-04:00
2026-04-23 14:59:00-04:00,2026-04-23 15:06:00-04:00,2026-04-23,1.0,2,0.5412757736520829,20.0,35.0,1.75,20,0.7,0.2,6,-30.5,-31.61,-1.5805,recovery_deadline,7,20,2026-02-06 09:30:00-05:00,2026-05-06 09:30:00-04:00
2026-04-29 11:12:00-04:00,2026-04-29 11:22:00-04:00,2026-04-29,0.8482985520478749,2,0.4661939705964163,20.0,35.0,1.75,20,0.7,0.2,6,-28.5,-29.61,-1.4805,recovery_deadline,10,20,2026-02-06 09:30:00-05:00,2026-05-06 09:30:00-04:00
2026-04-29 12:30:00-04:00,2026-04-29 12:46:00-04:00,2026-04-29,0.8083726879439224,2,0.4240255700927017,20.0,35.0,1.75,20,0.7,0.2,6,-21.75,-22.86,-1.143,recovery_deadline,16,20,2026-02-06 09:30:00-05:00,2026-05-06 09:30:00-04:00
2026-05-01 12:25:00-04:00,2026-05-01 12:33:00-04:00,2026-05-01,0.868502849850876,2,0.5962039336269983,20.0,35.0,1.75,20,0.7,0.2,6,7.75,6.640000000000001,0.332,recovery,8,20,2026-02-06 09:30:00-05:00,2026-05-06 09:30:00-04:00
2026-05-04 11:12:00-04:00,2026-05-04 11:18:00-04:00,2026-05-04,0.9562721510766342,2,0.43299735499238867,20.0,35.0,1.75,20,0.7,0.2,6,35.0,33.89,1.6945000000000001,target,6,20,2026-02-06 09:30:00-05:00,2026-05-06 09:30:00-04:00
2026-05-05 12:40:00-04:00,2026-05-05 12:50:00-04:00,2026-05-05,0.8653936113159765,2,0.400068780312647,20.0,35.0,1.75,20,0.7,0.2,6,-28.0,-29.11,-1.4555,recovery_deadline,10,20,2026-02-06 09:30:00-05:00,2026-05-06 09:30:00-04:00
2026-05-27 09:35:00-04:00,2026-05-27 09:36:00-04:00,2026-05-27,0.7888038073567563,2,0.5859958143518073,20.0,35.0,1.75,20,0.7,0.2,6,14.5,13.39,0.6695,recovery,1,21,2026-05-06 09:30:00-04:00,2026-08-06 09:30:00-04:00
2026-07-27 09:32:00-04:00,2026-07-27 09:40:00-04:00,2026-07-27,0.8536390782894541,2,0.5950106668153096,20.0,35.0,1.75,20,0.7,0.2,6,16.75,15.64,0.782,recovery,8,21,2026-05-06 09:30:00-04:00,2026-08-06 09:30:00-04:00
2026-08-07 12:25:00-04:00,2026-08-07 12:30:00-04:00,2026-08-07,1.0,2,0.42473646370236856,20.0,35.0,1.75,20,0.7,0.2,6,35.0,33.89,1.6945000000000001,target,5,22,2026-08-06 09:30:00-04:00,2026-08-26 15:59:00-04:00
2026-08-10 11:12:00-04:00,2026-08-10 11:19:00-04:00,2026-08-10,1.0,2,0.5864733223294483,20.0,35.0,1.75,20,0.7,0.2,6,-29.75,-30.86,-1.543,recovery_deadline,7,22,2026-08-06 09:30:00-04:00,2026-08-26 15:59:00-04:00
2026-08-10 12:32:00-04:00,2026-08-10 12:43:00-04:00,2026-08-10,0.9177752777965676,2,0.4610492845786963,20.0,35.0,1.75,20,0.7,0.2,6,35.0,33.89,1.6945000000000001,target,11,22,2026-08-06 09:30:00-04:00,2026-08-26 15:59:00-04:00
2026-08-10 12:44:00-04:00,2026-08-10 12:52:00-04:00,2026-08-10,0.8102453249795701,2,0.5087744169797374,20.0,35.0,1.75,20,0.7,0.2,6,-9.5,-10.61,-0.5305,recovery_deadline,8,22,2026-08-06 09:30:00-04:00,2026-08-26 15:59:00-04:00
2026-08-11 11:33:00-04:00,2026-08-11 11:53:00-04:00,2026-08-11,1.0,2,0.4003625206322846,20.0,35.0,1.75,20,0.7,0.2,6,35.0,33.89,1.6945000000000001,target,20,22,2026-08-06 09:30:00-04:00,2026-08-26 15:59:00-04:00
2026-08-13 11:04:00-04:00,2026-08-13 11:11:00-04:00,2026-08-13,0.7827993813069865,2,0.4587050519984203,20.0,35.0,1.75,20,0.7,0.2,6,-25.75,-26.86,-1.343,recovery_deadline,7,22,2026-08-06 09:30:00-04:00,2026-08-26 15:59:00-04:00
2026-08-13 11:36:00-04:00,2026-08-13 11:47:00-04:00,2026-08-13,0.8814570644471187,2,0.4917825281257278,20.0,35.0,1.75,20,0.7,0.2,6,1.5,0.3900000000000001,0.019500000000000007,recovery_deadline,11,22,2026-08-06 09:30:00-04:00,2026-08-26 15:59:00-04:00
2026-08-14 10:18:00-04:00,2026-08-14 10:24:00-04:00,2026-08-14,0.9195719102676703,2,0.568078944437131,20.0,35.0,1.75,20,0.7,0.2,6,35.0,33.89,1.6945000000000001,target,6,22,2026-08-06 09:30:00-04:00,2026-08-26 15:59:00-04:00
2026-08-14 10:30:00-04:00,2026-08-14 10:37:00-04:00,2026-08-14,1.0,2,0.5547426407299019,20.0,35.0,1.75,20,0.7,0.2,6,-26.75,-27.86,-1.393,recovery_deadline,7,22,2026-08-06 09:30:00-04:00,2026-08-26 15:59:00-04:00
2026-08-14 11:48:00-04:00,2026-08-14 11:58:00-04:00,2026-08-14,0.9037215712114848,2,0.42755663119095116,20.0,35.0,1.75,20,0.7,0.2,6,-30.5,-31.61,-1.5805,recovery_deadline,10,22,2026-08-06 09:30:00-04:00,2026-08-26 15:59:00-04:00
2026-08-18 11:08:00-04:00,2026-08-18 11:19:00-04:00,2026-08-18,0.896976483762598,2,0.48762569238402886,20.0,35.0,1.75,20,0.7,0.2,6,6.75,5.640000000000001,0.28200000000000003,recovery,11,22,2026-08-06 09:30:00-04:00,2026-08-26 15:59:00-04:00
2026-08-20 11:35:00-04:00,2026-08-20 11:38:00-04:00,2026-08-20,0.8696387404729792,2,0.5754204935546262,20.0,35.0,1.75,20,0.7,0.2,6,11.0,9.89,0.49450000000000005,recovery,3,22,2026-08-06 09:30:00-04:00,2026-08-26 15:59:00-04:00
