entry_timestamp,exit_timestamp,session_id,quality,vol_percentile,stop_points,rr,horizon,raw_points,net_points,net_R,exit_reason,holding_bars,window,validation_start,validation_end,early_1_MAE_R,early_1_MFE_R,early_1_close_R,early_1_adverse_points,early_1_favorable_points,early_2_MAE_R,early_2_MFE_R,early_2_close_R,early_2_adverse_points,early_2_favorable_points,early_3_MAE_R,early_3_MFE_R,early_3_close_R,early_3_adverse_points,early_3_favorable_points,early_5_MAE_R,early_5_MFE_R,early_5_close_R,early_5_adverse_points,early_5_favorable_points,early_8_MAE_R,early_8_MFE_R,early_8_close_R,early_8_adverse_points,early_8_favorable_points,early_10_MAE_R,early_10_MFE_R,early_10_close_R,early_10_adverse_points,early_10_favorable_points,early_15_MAE_R,early_15_MFE_R,early_15_close_R,early_15_adverse_points,early_15_favorable_points,original_net_R,early_exit_triggered,early_exit_reason
2021-05-06 13:14:00-04:00,2021-05-06 13:34:00-04:00,2021-05-05,0.9977525830778488,0.4739338852701669,25.0,1.75,20,-7.75,-8.86,-0.3544,timeout,20,1,2021-05-06 09:30:00-04:00,2021-08-06 09:30:00-04:00,0.34,0.01,-0.24,8.5,0.25,0.34,0.01,-0.09,8.5,0.25,0.34,0.16,0.02,8.5,4.0,0.34,0.48,0.29,8.5,12.0,0.34,0.48,0.1,8.5,12.0,0.34,0.65,0.38,8.5,16.25,0.34,0.65,0.12,8.5,16.25,-0.3544,False,BENCHMARK
2021-05-06 13:41:00-04:00,2021-05-06 14:01:00-04:00,2021-05-05,0.9094552229569572,0.5438644933210814,25.0,1.75,20,17.0,15.89,0.6356,timeout,20,1,2021-05-06 09:30:00-04:00,2021-08-06 09:30:00-04:00,0.24,0.09,0.01,6.0,2.25,0.41,0.16,-0.41,10.25,4.0,0.52,0.16,-0.14,13.0,4.0,0.52,0.31,0.15,13.0,7.75,0.52,0.31,-0.14,13.0,7.75,0.52,0.31,0.1,13.0,7.75,0.52,0.74,0.58,13.0,18.5,0.6356,False,BENCHMARK
2021-05-07 12:14:00-04:00,2021-05-07 12:34:00-04:00,2021-05-06,1.0,0.4060447494330501,25.0,1.75,20,14.75,13.64,0.5456,timeout,20,1,2021-05-06 09:30:00-04:00,2021-08-06 09:30:00-04:00,0.31,0.07,-0.31,7.75,1.75,0.5,0.07,-0.43,12.5,1.75,0.5,0.07,-0.34,12.5,1.75,0.5,0.07,-0.34,12.5,1.75,0.5,0.07,-0.25,12.5,1.75,0.5,0.07,0.03,12.5,1.75,0.5,0.76,0.63,12.5,19.0,0.5456,False,BENCHMARK
2021-05-07 12:35:00-04:00,2021-05-07 12:55:00-04:00,2021-05-06,1.0,0.426812542153459,25.0,1.75,20,-3.25,-4.359999999999999,-0.1743999999999999,timeout,20,1,2021-05-06 09:30:00-04:00,2021-08-06 09:30:00-04:00,0.07,0.22,-0.05,1.75,5.5,0.12,0.22,0.02,3.0,5.5,0.12,0.22,0.17,3.0,5.5,0.12,0.43,0.38,3.0,10.75,0.12,0.58,0.47,3.0,14.5,0.12,0.63,0.19,3.0,15.75,0.16,0.63,-0.08,4.0,15.75,-0.1743999999999999,False,BENCHMARK
2021-05-07 14:01:00-04:00,2021-05-07 14:08:00-04:00,2021-05-06,0.7770225312476939,0.5199507511802969,25.0,1.75,20,-25.0,-26.11,-1.2344,stop,7,1,2021-05-06 09:30:00-04:00,2021-08-06 09:30:00-04:00,0.42,0.06,-0.32,10.5,1.5,0.96,0.06,-0.76,24.0,1.5,0.96,0.06,-0.54,24.0,1.5,0.96,0.06,-0.79,24.0,1.5,1.24,0.06,-1.19,31.0,1.5,1.3,0.06,-1.24,32.5,1.5,1.35,0.06,-0.89,33.75,1.5,-1.0444,True,MAE>=0.75R
2021-05-10 13:55:00-04:00,2021-05-10 14:15:00-04:00,2021-05-09,1.0,0.4279803910030373,25.0,1.75,20,43.75,42.64,0.2656,target,20,1,2021-05-06 09:30:00-04:00,2021-08-06 09:30:00-04:00,0.23,0.04,0.03,5.75,1.0,0.63,0.07,-0.43,15.75,1.75,0.84,0.07,-0.69,21.0,1.75,0.84,0.1,0.03,21.0,2.5,0.84,0.94,0.31,21.0,23.5,0.84,0.94,0.17,21.0,23.5,0.84,1.14,0.75,21.0,28.5,1.7056,True,MAE>=0.75R
2021-05-17 13:31:00-04:00,2021-05-17 13:51:00-04:00,2021-05-16,0.8767274041889735,0.4062756032754086,25.0,1.75,20,5.25,4.140000000000001,-0.20439999999999997,timeout,20,1,2021-05-06 09:30:00-04:00,2021-08-06 09:30:00-04:00,0.15,0.1,0.08,3.75,2.5,0.15,0.37,0.23,3.75,9.25,0.26,0.37,-0.25,6.5,9.25,0.88,0.37,-0.75,22.0,9.25,0.88,0.37,-0.16,22.0,9.25,0.88,0.99,0.66,22.0,24.75,0.88,0.99,-0.14,22.0,24.75,0.1656,True,MAE>=0.75R
2021-05-18 11:45:00-04:00,2021-05-18 12:05:00-04:00,2021-05-17,1.0,0.4263236751931703,25.0,1.75,20,-7.0,-8.11,-0.3243999999999999,timeout,20,1,2021-05-06 09:30:00-04:00,2021-08-06 09:30:00-04:00,0.23,0.12,-0.18,5.75,3.0,0.36,0.12,-0.36,9.0,3.0,0.6,0.12,-0.54,15.0,3.0,0.67,0.12,-0.49,16.75,3.0,0.67,0.12,-0.15,16.75,3.0,0.67,0.12,-0.41,16.75,3.0,0.67,0.18,-0.13,16.75,4.5,-0.3243999999999999,False,BENCHMARK
2021-05-18 14:23:00-04:00,2021-05-18 14:41:00-04:00,2021-05-17,0.8013228570463733,0.4227024384502917,25.0,1.75,20,43.75,42.64,1.7056,target,18,1,2021-05-06 09:30:00-04:00,2021-08-06 09:30:00-04:00,0.22,0.01,-0.12,5.5,0.25,0.22,0.03,-0.09,5.5,0.75,0.34,0.03,-0.16,8.5,0.75,0.37,0.03,-0.21,9.25,0.75,0.37,0.12,0.0,9.25,3.0,0.37,0.48,0.46,9.25,12.0,0.37,1.69,1.35,9.25,42.25,1.7056,False,BENCHMARK
2021-05-18 15:50:00-04:00,2021-05-18 15:59:00-04:00,2021-05-17,0.760319988741285,0.4835030033632236,25.0,1.75,20,43.75,42.64,1.7056,target,9,1,2021-05-06 09:30:00-04:00,2021-08-06 09:30:00-04:00,0.29,0.14,-0.15,7.25,3.5,0.29,0.25,0.06,7.25,6.25,0.29,0.93,0.55,7.25,23.25,0.29,1.35,0.99,7.25,33.75,0.29,1.35,1.05,7.25,33.75,0.29,1.9,1.3,7.25,47.5,0.29,1.9,1.67,7.25,47.5,1.7056,False,BENCHMARK
2021-05-18 16:39:00-04:00,2021-05-18 16:59:00-04:00,2021-05-17,0.7518491139723474,0.5913479601120772,25.0,1.75,20,-4.5,-5.609999999999999,-0.2244,timeout,20,1,2021-05-06 09:30:00-04:00,2021-08-06 09:30:00-04:00,0.14,0.02,-0.05,3.5,0.5,0.27,0.02,-0.27,6.75,0.5,0.31,0.02,-0.23,7.75,0.5,0.42,0.02,-0.39,10.5,0.5,0.43,0.02,-0.12,10.75,0.5,0.43,0.02,-0.17,10.75,0.5,0.43,0.02,-0.18,10.75,0.5,-0.2244,False,BENCHMARK
2021-05-21 12:10:00-04:00,2021-05-21 12:30:00-04:00,2021-05-20,0.9902775836802492,0.5517633159664854,25.0,1.75,20,-21.0,-22.11,-0.8844,timeout,20,1,2021-05-06 09:30:00-04:00,2021-08-06 09:30:00-04:00,0.08,0.19,0.13,2.0,4.75,0.19,0.22,-0.15,4.75,5.5,0.27,0.22,-0.13,6.75,5.5,0.32,0.22,-0.1,8.0,5.5,0.32,0.22,0.16,8.0,5.5,0.32,0.22,-0.25,8.0,5.5,0.49,0.22,-0.36,12.25,5.5,-0.8844,False,BENCHMARK
2021-05-21 15:51:00-04:00,2021-05-21 16:11:00-04:00,2021-05-20,0.76625,0.4075294564976303,25.0,1.75,20,1.0,-0.1099999999999998,-0.0043999999999999,timeout,20,1,2021-05-06 09:30:00-04:00,2021-08-06 09:30:00-04:00,0.52,0.0,-0.39,13.0,0.0,0.62,0.0,-0.61,15.5,0.0,0.63,0.39,0.18,15.75,9.75,0.63,0.59,0.52,15.75,14.75,0.63,0.59,0.05,15.75,14.75,0.63,0.59,-0.05,15.75,14.75,0.63,0.59,0.12,15.75,14.75,-0.0043999999999999,False,BENCHMARK
2021-05-25 11:18:00-04:00,2021-05-25 11:38:00-04:00,2021-05-24,0.8256225004154417,0.5725039494113227,25.0,1.75,20,22.0,20.89,0.8356,timeout,20,1,2021-05-06 09:30:00-04:00,2021-08-06 09:30:00-04:00,0.13,0.22,-0.04,3.25,5.5,0.26,0.22,-0.17,6.5,5.5,0.61,0.22,-0.44,15.25,5.5,0.61,0.22,-0.23,15.25,5.5,0.68,0.31,0.23,17.0,7.75,0.68,0.57,0.48,17.0,14.25,0.68,1.28,1.24,17.0,32.0,0.8356,False,BENCHMARK
2021-05-26 10:02:00-04:00,2021-05-26 10:21:00-04:00,2021-05-25,0.8686741538892716,0.5436245863868657,25.0,1.75,20,-25.0,-26.11,-1.0444,stop,19,1,2021-05-06 09:30:00-04:00,2021-08-06 09:30:00-04:00,0.38,0.08,-0.33,9.5,2.0,0.38,0.08,-0.07,9.5,2.0,0.41,0.08,-0.09,10.25,2.0,0.5,0.08,-0.35,12.5,2.0,0.74,0.08,-0.36,18.5,2.0,0.74,0.09,-0.21,18.5,2.25,0.78,0.11,-0.74,19.5,2.75,-1.0444,False,BENCHMARK
2021-06-01 09:54:00-04:00,2021-06-01 10:14:00-04:00,2021-05-31,0.7704389032504194,0.4707743562120053,25.0,1.75,20,43.75,42.64,1.7056,target,20,1,2021-05-06 09:30:00-04:00,2021-08-06 09:30:00-04:00,0.02,0.42,0.29,0.5,10.5,0.02,0.42,0.14,0.5,10.5,0.14,0.42,-0.08,3.5,10.5,0.37,0.42,-0.29,9.25,10.5,0.63,0.42,0.17,15.75,10.5,0.63,0.62,0.61,15.75,15.5,0.63,0.91,0.26,15.75,22.75,1.7056,False,BENCHMARK
2021-06-08 10:56:00-04:00,2021-06-08 11:16:00-04:00,2021-06-07,0.7711276290374045,0.5563079680787981,25.0,1.75,20,14.75,13.64,0.5456,timeout,20,1,2021-05-06 09:30:00-04:00,2021-08-06 09:30:00-04:00,0.02,0.18,0.1,0.5,4.5,0.02,0.35,0.11,0.5,8.75,0.1,0.35,-0.09,2.5,8.75,0.63,0.35,-0.62,15.75,8.75,0.7,0.59,0.38,17.5,14.75,0.7,0.59,0.21,17.5,14.75,0.72,0.59,-0.41,18.0,14.75,0.5456,False,BENCHMARK
2021-06-10 10:38:00-04:00,2021-06-10 10:46:00-04:00,2021-06-09,0.7698588641440891,0.4744634911438128,25.0,1.75,20,43.75,42.64,1.7056,target,8,1,2021-05-06 09:30:00-04:00,2021-08-06 09:30:00-04:00,-0.02,0.44,0.36,-0.5,11.0,-0.02,0.44,0.2,-0.5,11.0,-0.02,0.44,0.3,-0.5,11.0,-0.02,0.73,0.61,-0.5,18.25,-0.02,2.01,2.0,-0.5,50.25,-0.02,2.21,1.91,-0.5,55.25,-0.02,3.02,2.45,-0.5,75.5,1.7056,False,BENCHMARK
2021-06-11 10:45:00-04:00,2021-06-11 11:05:00-04:00,2021-06-10,0.9311900056933436,0.4140522091807404,25.0,1.75,20,1.25,0.1400000000000001,0.0056,timeout,20,1,2021-05-06 09:30:00-04:00,2021-08-06 09:30:00-04:00,0.05,0.21,0.03,1.25,5.25,0.05,0.38,0.03,1.25,9.5,0.11,0.38,-0.1,2.75,9.5,0.2,0.38,0.13,5.0,9.5,0.57,0.38,-0.55,14.25,9.5,0.59,0.38,-0.44,14.75,9.5,0.59,0.38,0.0,14.75,9.5,0.0056,False,BENCHMARK
2021-06-15 10:23:00-04:00,2021-06-15 10:43:00-04:00,2021-06-14,1.0,0.5509032722400518,25.0,1.75,20,17.75,16.64,0.6656,timeout,20,1,2021-05-06 09:30:00-04:00,2021-08-06 09:30:00-04:00,0.23,0.19,-0.16,5.75,4.75,0.33,0.31,0.28,8.25,7.75,0.33,0.48,0.14,8.25,12.0,0.33,0.48,0.3,8.25,12.0,0.33,0.55,0.18,8.25,13.75,0.33,0.55,-0.04,8.25,13.75,0.33,0.55,0.32,8.25,13.75,0.6656,False,BENCHMARK
2021-06-16 12:21:00-04:00,2021-06-16 12:41:00-04:00,2021-06-15,1.0,0.4063570811021234,25.0,1.75,20,-10.5,-11.61,-0.4644,timeout,20,1,2021-05-06 09:30:00-04:00,2021-08-06 09:30:00-04:00,0.14,0.02,-0.13,3.5,0.5,0.16,0.02,-0.14,4.0,0.5,0.16,0.29,0.29,4.0,7.25,0.16,0.64,0.41,4.0,16.0,0.16,0.64,-0.05,4.0,16.0,0.49,0.64,-0.48,12.25,16.0,0.63,0.64,-0.41,15.75,16.0,-0.4644,False,BENCHMARK
2021-06-17 12:07:00-04:00,2021-06-17 12:20:00-04:00,2021-06-16,0.9389952153110048,0.4930178029051372,25.0,1.75,20,43.75,42.64,1.7056,target,13,1,2021-05-06 09:30:00-04:00,2021-08-06 09:30:00-04:00,0.08,0.13,-0.02,2.0,3.25,0.08,0.41,0.15,2.0,10.25,0.08,0.45,0.39,2.0,11.25,0.08,0.5,0.13,2.0,12.5,0.15,0.5,0.34,3.75,12.5,0.15,0.89,0.89,3.75,22.25,0.15,2.23,1.66,3.75,55.75,1.7056,False,BENCHMARK
2021-06-18 14:51:00-04:00,2021-06-18 15:11:00-04:00,2021-06-17,0.8771345250637859,0.4735446023203074,25.0,1.75,20,11.5,10.39,0.4156,timeout,20,1,2021-05-06 09:30:00-04:00,2021-08-06 09:30:00-04:00,0.05,0.23,0.08,1.25,5.75,0.12,0.32,0.3,3.0,8.0,0.12,0.38,0.35,3.0,9.5,0.12,0.47,0.3,3.0,11.75,0.12,0.65,0.39,3.0,16.25,0.12,0.82,0.17,3.0,20.5,0.26,1.04,0.94,6.5,26.0,0.4156,False,BENCHMARK
2021-06-24 13:45:00-04:00,2021-06-24 14:05:00-04:00,2021-06-23,0.9227742602417492,0.4011198674627352,25.0,1.75,20,-20.5,-21.61,-0.8644,timeout,20,1,2021-05-06 09:30:00-04:00,2021-08-06 09:30:00-04:00,0.33,0.03,-0.23,8.25,0.75,0.33,0.03,-0.22,8.25,0.75,0.33,0.09,0.05,8.25,2.25,0.33,0.49,0.44,8.25,12.25,0.33,0.49,-0.17,8.25,12.25,0.46,0.49,-0.44,11.5,12.25,0.74,0.49,-0.69,18.5,12.25,-0.8644,False,BENCHMARK
2021-07-01 10:17:00-04:00,2021-07-01 10:37:00-04:00,2021-06-30,0.9453079968836298,0.4278310149873935,25.0,1.75,20,-25.0,-26.11,-1.0444,stop,20,1,2021-05-06 09:30:00-04:00,2021-08-06 09:30:00-04:00,0.14,0.18,0.07,3.5,4.5,0.14,0.36,0.32,3.5,9.0,0.14,0.67,0.51,3.5,16.75,0.14,0.67,0.03,3.5,16.75,0.22,0.67,-0.11,5.5,16.75,0.22,0.67,0.08,5.5,16.75,0.49,0.67,-0.22,12.25,16.75,-1.0444,False,BENCHMARK
2021-07-01 11:11:00-04:00,2021-07-01 11:31:00-04:00,2021-06-30,1.0,0.4306555796468388,25.0,1.75,20,-7.25,-8.36,-0.3344,timeout,20,1,2021-05-06 09:30:00-04:00,2021-08-06 09:30:00-04:00,0.27,0.15,-0.25,6.75,3.75,0.3,0.15,-0.12,7.5,3.75,0.44,0.15,-0.34,11.0,3.75,0.61,0.15,-0.51,15.25,3.75,0.64,0.16,-0.05,16.0,4.0,0.64,0.28,0.04,16.0,7.0,0.64,0.73,0.29,16.0,18.25,-0.3344,False,BENCHMARK
2021-07-06 12:02:00-04:00,2021-07-06 12:15:00-04:00,2021-07-05,0.8168827296287858,0.544027448974511,25.0,1.75,20,43.75,42.64,1.7056,target,13,1,2021-05-06 09:30:00-04:00,2021-08-06 09:30:00-04:00,0.14,0.08,0.04,3.5,2.0,0.14,0.13,0.1,3.5,3.25,0.19,0.13,-0.15,4.75,3.25,0.32,0.57,0.5,8.0,14.25,0.32,1.61,1.33,8.0,40.25,0.32,1.61,1.48,8.0,40.25,0.32,2.13,2.01,8.0,53.25,1.7056,False,BENCHMARK
2021-07-08 14:32:00-04:00,2021-07-08 14:52:00-04:00,2021-07-07,0.8874261971043897,0.4113000692561527,25.0,1.75,20,2.5,1.39,-0.5144,timeout,20,1,2021-05-06 09:30:00-04:00,2021-08-06 09:30:00-04:00,0.36,0.0,-0.32,9.0,0.0,0.68,0.0,-0.65,17.0,0.0,0.68,0.0,-0.56,17.0,0.0,0.75,0.0,-0.52,18.75,0.0,0.75,0.0,-0.47,18.75,0.0,0.75,0.0,-0.71,18.75,0.0,0.84,0.0,-0.32,21.0,0.0,0.0556,True,MAE>=0.75R
2021-07-13 13:23:00-04:00,2021-07-13 13:41:00-04:00,2021-07-12,0.8145973154362416,0.4546462730684097,25.0,1.75,20,43.75,42.64,1.7056,target,18,1,2021-05-06 09:30:00-04:00,2021-08-06 09:30:00-04:00,0.32,0.04,-0.26,8.0,1.0,0.32,0.27,0.07,8.0,6.75,0.32,0.27,0.1,8.0,6.75,0.32,1.11,0.63,8.0,27.75,0.32,1.11,0.78,8.0,27.75,0.32,1.11,0.42,8.0,27.75,0.32,1.58,1.48,8.0,39.5,1.7056,False,BENCHMARK
2021-07-14 11:40:00-04:00,2021-07-14 12:00:00-04:00,2021-07-13,1.0,0.5896776646644245,25.0,1.75,20,21.75,20.64,0.8256,timeout,20,1,2021-05-06 09:30:00-04:00,2021-08-06 09:30:00-04:00,0.15,0.22,0.21,3.75,5.5,0.15,0.47,0.4,3.75,11.75,0.15,0.47,0.34,3.75,11.75,0.37,0.47,-0.25,9.25,11.75,0.37,0.6,0.23,9.25,15.0,0.37,0.6,0.38,9.25,15.0,0.37,1.16,0.99,9.25,29.0,0.8256,False,BENCHMARK
2021-07-15 11:58:00-04:00,2021-07-15 12:18:00-04:00,2021-07-14,0.9064676377381372,0.505773609331927,25.0,1.75,20,15.75,14.64,0.5856,timeout,20,1,2021-05-06 09:30:00-04:00,2021-08-06 09:30:00-04:00,0.28,0.08,-0.23,7.0,2.0,0.28,0.1,0.06,7.0,2.5,0.28,0.53,0.38,7.0,13.25,0.28,0.9,0.33,7.0,22.5,0.28,0.9,0.35,7.0,22.5,0.28,1.11,1.1,7.0,27.75,0.28,1.5,0.81,7.0,37.5,0.5856,False,BENCHMARK
2021-07-15 13:19:00-04:00,2021-07-15 13:39:00-04:00,2021-07-14,0.824087875944383,0.4860469221750959,25.0,1.75,20,27.25,26.14,1.0456,timeout,20,1,2021-05-06 09:30:00-04:00,2021-08-06 09:30:00-04:00,0.28,0.15,-0.08,7.0,3.75,0.37,0.15,-0.21,9.25,3.75,0.37,0.15,-0.18,9.25,3.75,0.54,0.15,-0.34,13.5,3.75,0.68,0.15,-0.48,17.0,3.75,0.68,0.15,-0.25,17.0,3.75,0.68,0.78,0.58,17.0,19.5,1.0456,False,BENCHMARK
2021-07-15 13:54:00-04:00,2021-07-15 14:14:00-04:00,2021-07-14,0.9381058254361276,0.424648853199589,25.0,1.75,20,-14.25,-15.36,-0.6144,timeout,20,1,2021-05-06 09:30:00-04:00,2021-08-06 09:30:00-04:00,0.04,0.44,0.39,1.0,11.0,0.04,0.54,0.44,1.0,13.5,0.04,0.54,0.1,1.0,13.5,0.04,0.54,0.45,1.0,13.5,0.55,0.54,-0.52,13.75,13.5,0.62,0.54,-0.45,15.5,13.5,0.93,0.54,-0.63,23.25,13.5,-0.6144,False,BENCHMARK
2021-07-16 10:11:00-04:00,2021-07-16 10:31:00-04:00,2021-07-15,1.0,0.5717480162412468,25.0,1.75,20,6.5,5.390000000000001,-0.4844,timeout,20,1,2021-05-06 09:30:00-04:00,2021-08-06 09:30:00-04:00,0.11,0.24,0.12,2.75,6.0,0.5,0.24,-0.24,12.5,6.0,0.56,0.24,-0.32,14.0,6.0,0.56,0.24,-0.11,14.0,6.0,0.77,0.24,-0.44,19.25,6.0,0.77,0.46,0.43,19.25,11.5,0.77,1.56,0.69,19.25,39.0,0.2156,True,MAE>=0.75R
2021-07-16 11:14:00-04:00,2021-07-16 11:34:00-04:00,2021-07-15,1.0,0.5880662143138435,25.0,1.75,20,-12.5,-13.61,-0.6844,timeout,20,1,2021-05-06 09:30:00-04:00,2021-08-06 09:30:00-04:00,0.27,0.02,-0.06,6.75,0.5,0.27,0.14,0.06,6.75,3.5,0.27,0.19,0.13,6.75,4.75,0.71,0.19,-0.46,17.75,4.75,0.8,0.19,-0.64,20.0,4.75,0.8,0.19,-0.2,20.0,4.75,0.8,0.3,0.29,20.0,7.5,-0.5444,True,MAE>=0.75R
2021-07-19 12:01:00-04:00,2021-07-19 12:21:00-04:00,2021-07-18,0.8963212513730298,0.4933527673038534,25.0,1.75,20,19.5,18.39,0.7356,timeout,20,1,2021-05-06 09:30:00-04:00,2021-08-06 09:30:00-04:00,0.02,0.26,0.18,0.5,6.5,0.02,0.65,0.41,0.5,16.25,0.02,0.71,0.7,0.5,17.75,0.02,0.91,0.51,0.5,22.75,0.02,1.05,0.99,0.5,26.25,0.02,1.1,0.82,0.5,27.5,0.12,1.1,-0.03,3.0,27.5,0.7356,False,BENCHMARK
2021-07-22 12:09:00-04:00,2021-07-22 12:29:00-04:00,2021-07-21,0.8217430792930238,0.4237028051005119,25.0,1.75,20,-13.5,-14.61,-0.5844,timeout,20,1,2021-05-06 09:30:00-04:00,2021-08-06 09:30:00-04:00,0.15,0.05,-0.09,3.75,1.25,0.26,0.05,-0.16,6.5,1.25,0.29,0.08,0.07,7.25,2.0,0.31,0.08,-0.18,7.75,2.0,0.56,0.08,-0.54,14.0,2.0,0.56,0.08,0.03,14.0,2.0,0.56,0.51,0.33,14.0,12.75,-0.5844,False,BENCHMARK
2021-07-27 09:43:00-04:00,2021-07-27 10:03:00-04:00,2021-07-26,1.0,0.4136583996849524,25.0,1.75,20,25.25,24.14,0.9656,timeout,20,1,2021-05-06 09:30:00-04:00,2021-08-06 09:30:00-04:00,0.17,0.51,0.4,4.25,12.75,0.27,0.51,-0.11,6.75,12.75,0.43,0.51,-0.08,10.75,12.75,0.43,0.51,0.02,10.75,12.75,0.43,0.51,-0.1,10.75,12.75,0.43,0.51,-0.06,10.75,12.75,0.43,0.93,0.88,10.75,23.25,0.9656,False,BENCHMARK
2021-07-27 13:13:00-04:00,2021-07-27 13:33:00-04:00,2021-07-26,1.0,0.5397951285312717,25.0,1.75,20,11.25,10.14,0.4056,timeout,20,1,2021-05-06 09:30:00-04:00,2021-08-06 09:30:00-04:00,0.14,0.23,0.06,3.5,5.75,0.29,0.23,-0.2,7.25,5.75,0.6,0.23,-0.45,15.0,5.75,0.6,0.62,0.52,15.0,15.5,0.6,1.21,1.18,15.0,30.25,0.6,1.21,0.98,15.0,30.25,0.6,1.21,0.67,15.0,30.25,0.4056,False,BENCHMARK
2021-07-28 11:47:00-04:00,2021-07-28 12:06:00-04:00,2021-07-27,0.9477436676386792,0.5278224145501292,25.0,1.75,20,-25.0,-26.11,-1.0444,stop,19,1,2021-05-06 09:30:00-04:00,2021-08-06 09:30:00-04:00,0.18,0.25,0.03,4.5,6.25,0.18,0.25,-0.12,4.5,6.25,0.33,0.25,-0.08,8.25,6.25,0.33,0.25,0.06,8.25,6.25,0.33,0.3,-0.24,8.25,7.5,0.61,0.3,-0.49,15.25,7.5,0.95,0.3,-0.45,23.75,7.5,-1.0444,False,BENCHMARK
2021-07-28 16:05:00-04:00,2021-07-28 16:25:00-04:00,2021-07-27,1.0,0.4143328550283135,25.0,1.75,20,10.0,8.89,0.3556,timeout,20,1,2021-05-06 09:30:00-04:00,2021-08-06 09:30:00-04:00,0.25,0.06,-0.12,6.25,1.5,0.25,0.09,0.07,6.25,2.25,0.25,0.15,0.11,6.25,3.75,0.25,0.27,-0.03,6.25,6.75,0.45,0.27,-0.36,11.25,6.75,0.49,0.27,-0.28,12.25,6.75,0.49,0.3,0.21,12.25,7.5,0.3556,False,BENCHMARK
2021-07-30 10:33:00-04:00,2021-07-30 10:41:00-04:00,2021-07-29,1.0,0.4926647323227065,25.0,1.75,20,-25.0,-26.11,-0.9944,stop,8,1,2021-05-06 09:30:00-04:00,2021-08-06 09:30:00-04:00,0.18,0.11,-0.18,4.5,2.75,0.45,0.11,-0.44,11.25,2.75,0.9,0.11,-0.72,22.5,2.75,0.9,0.11,-0.19,22.5,2.75,1.07,0.11,-0.95,26.75,2.75,1.28,0.11,-0.99,32.0,2.75,1.36,0.11,-0.82,34.0,2.75,-1.0444,True,MAE>=0.75R
2021-08-02 12:07:00-04:00,2021-08-02 12:23:00-04:00,2021-08-01,1.0,0.4605760482348734,25.0,1.75,20,-25.0,-26.11,-0.6344,stop,16,1,2021-05-06 09:30:00-04:00,2021-08-06 09:30:00-04:00,0.04,0.19,0.08,1.0,4.75,0.04,0.25,0.22,1.0,6.25,0.16,0.31,-0.06,4.0,7.75,0.42,0.31,-0.4,10.5,7.75,0.75,0.31,-0.59,18.75,7.75,0.8,0.31,-0.72,20.0,7.75,0.87,0.31,-0.52,21.75,7.75,-1.0444,True,MAE>=0.75R
2021-09-22 09:36:00-04:00,2021-09-22 09:51:00-04:00,2021-09-21,0.750463411585552,0.4675149525038114,25.0,1.75,20,-25.0,-26.11,0.03560000000000001,stop,15,2,2021-08-06 09:30:00-04:00,2021-11-06 09:30:00-04:00,0.55,0.05,-0.32,13.75,1.25,0.81,0.05,-0.29,20.25,1.25,0.81,0.05,-0.19,20.25,1.25,0.81,0.05,-0.37,20.25,1.25,0.81,0.36,0.08,20.25,9.0,0.81,0.36,-0.21,20.25,9.0,1.17,0.36,-0.99,29.25,9.0,-1.0444,True,MAE>=0.75R
2021-11-08 10:42:00-05:00,2021-11-08 10:46:00-05:00,2021-11-07,0.7595911694432955,0.5843040225601049,25.0,1.75,20,-25.0,-26.11,-1.3144,stop,4,3,2021-11-06 09:30:00-04:00,2022-02-06 09:30:00-05:00,0.44,-0.01,-0.34,11.0,-0.25,0.53,-0.01,-0.45,13.25,-0.25,0.78,-0.01,-0.77,19.5,-0.25,1.54,-0.01,-1.21,38.5,-0.25,1.57,-0.01,-1.27,39.25,-0.25,1.57,-0.01,-1.36,39.25,-0.25,1.68,-0.01,-1.46,42.0,-0.25,-1.0444,True,MAE>=0.75R
2021-11-08 12:04:00-05:00,2021-11-08 12:24:00-05:00,2021-11-07,1.0,0.4082013884523157,25.0,1.75,20,-9.25,-10.36,-0.4144,timeout,20,3,2021-11-06 09:30:00-04:00,2022-02-06 09:30:00-05:00,0.23,0.01,0.0,5.75,0.25,0.25,0.12,0.05,6.25,3.0,0.25,0.12,-0.14,6.25,3.0,0.47,0.12,-0.32,11.75,3.0,0.61,0.12,-0.21,15.25,3.0,0.61,0.12,-0.13,15.25,3.0,0.71,0.23,-0.69,17.75,5.75,-0.4144,False,BENCHMARK
2021-11-09 13:39:00-05:00,2021-11-09 13:59:00-05:00,2021-11-08,0.9913139575745006,0.4207253001877015,25.0,1.75,20,14.5,13.39,0.5356000000000001,timeout,20,3,2021-11-06 09:30:00-04:00,2022-02-06 09:30:00-05:00,0.35,0.0,-0.26,8.75,0.0,0.35,0.05,-0.1,8.75,1.25,0.35,0.22,-0.14,8.75,5.5,0.35,0.24,0.08,8.75,6.0,0.42,0.42,0.31,10.5,10.5,0.42,0.94,0.6,10.5,23.5,0.42,0.94,0.79,10.5,23.5,0.5356000000000001,False,BENCHMARK
2021-11-10 11:42:00-05:00,2021-11-10 11:52:00-05:00,2021-11-09,1.0,0.4550055232740891,25.0,1.75,20,-25.0,-26.11,-0.7243999999999999,stop,10,3,2021-11-06 09:30:00-04:00,2022-02-06 09:30:00-05:00,0.02,0.43,0.22,0.5,10.75,0.02,0.43,0.31,0.5,10.75,0.23,0.43,-0.2,5.75,10.75,0.61,0.43,-0.58,15.25,10.75,0.98,0.43,-0.68,24.5,10.75,1.17,0.43,-1.04,29.25,10.75,1.53,0.43,-1.08,38.25,10.75,-1.0444,True,MAE>=0.75R
2021-11-11 12:08:00-05:00,2021-11-11 12:28:00-05:00,2021-11-10,0.871254105090312,0.418996470493143,25.0,1.75,20,9.25,8.14,0.3256,timeout,20,3,2021-11-06 09:30:00-04:00,2022-02-06 09:30:00-05:00,0.24,0.01,0.0,6.0,0.25,0.24,0.19,-0.15,6.0,4.75,0.26,0.19,-0.08,6.5,4.75,0.26,0.19,0.07,6.5,4.75,0.26,0.53,0.51,6.5,13.25,0.26,0.93,0.52,6.5,23.25,0.26,0.93,0.19,6.5,23.25,0.3256,False,BENCHMARK
2021-11-15 10:32:00-05:00,2021-11-15 10:52:00-05:00,2021-11-14,0.910427316723056,0.4821503947120263,25.0,1.75,20,-19.75,-20.86,0.4756,timeout,20,3,2021-11-06 09:30:00-04:00,2022-02-06 09:30:00-05:00,0.32,0.02,-0.2,8.0,0.5,0.43,0.02,-0.33,10.75,0.5,0.84,0.02,-0.75,21.0,0.5,0.84,0.02,-0.41,21.0,0.5,0.84,0.65,0.52,21.0,16.25,0.84,0.65,0.13,21.0,16.25,0.84,0.65,0.11,21.0,16.25,-0.8344,True,MAE>=0.75R
2021-11-17 12:22:00-05:00,2021-11-17 12:42:00-05:00,2021-11-16,1.0,0.4318751291009187,25.0,1.75,20,7.75,6.640000000000001,0.2656,timeout,20,3,2021-11-06 09:30:00-04:00,2022-02-06 09:30:00-05:00,0.23,0.0,-0.13,5.75,0.0,0.27,0.0,-0.07,6.75,0.0,0.27,0.0,-0.07,6.75,0.0,0.48,0.0,-0.28,12.0,0.0,0.48,0.82,0.4,12.0,20.5,0.48,0.82,0.56,12.0,20.5,0.48,0.82,0.08,12.0,20.5,0.2656,False,BENCHMARK
2021-11-17 13:10:00-05:00,2021-11-17 13:23:00-05:00,2021-11-16,0.8232667510004555,0.4467520454075996,25.0,1.75,20,-25.0,-26.11,-1.0444,stop,13,3,2021-11-06 09:30:00-04:00,2022-02-06 09:30:00-05:00,0.27,0.31,-0.2,6.75,7.75,0.37,0.31,-0.35,9.25,7.75,0.47,0.31,-0.43,11.75,7.75,0.53,0.31,-0.42,13.25,7.75,0.53,0.31,-0.2,13.25,7.75,0.53,0.31,-0.42,13.25,7.75,1.25,0.31,-1.23,31.25,7.75,-1.0444,False,BENCHMARK
2021-11-17 16:07:00-05:00,2021-11-17 16:20:00-05:00,2021-11-16,0.995829352596056,0.4244928017818172,25.0,1.75,20,-25.0,-26.11,-0.5244,stop,13,3,2021-11-06 09:30:00-04:00,2022-02-06 09:30:00-05:00,0.1,0.05,-0.02,2.5,1.25,0.22,0.05,-0.18,5.5,1.25,0.35,0.05,-0.28,8.75,1.25,0.43,0.05,-0.41,10.75,1.25,0.76,0.05,-0.48,19.0,1.25,0.76,0.05,-0.48,19.0,1.25,1.18,0.05,-0.91,29.5,1.25,-1.0444,True,MAE>=0.75R
2021-11-18 12:57:00-05:00,2021-11-18 13:10:00-05:00,2021-11-17,1.0,0.5484700979819842,25.0,1.75,20,-25.0,-26.11,-0.9444,stop,13,3,2021-11-06 09:30:00-04:00,2022-02-06 09:30:00-05:00,0.15,0.08,-0.08,3.75,2.0,0.49,0.08,-0.37,12.25,2.0,0.49,0.08,-0.13,12.25,2.0,0.49,0.08,-0.3,12.25,2.0,0.94,0.08,-0.9,23.5,2.0,0.99,0.08,-0.86,24.75,2.0,1.27,0.08,-1.21,31.75,2.0,-1.0444,True,MAE>=0.75R
2021-11-22 11:11:00-05:00,2021-11-22 11:28:00-05:00,2021-11-21,1.0,0.5732305315814525,25.0,1.75,20,43.75,42.64,1.7056,target,17,3,2021-11-06 09:30:00-04:00,2022-02-06 09:30:00-05:00,0.06,0.5,0.04,1.5,12.5,0.06,0.5,0.11,1.5,12.5,0.35,0.5,-0.17,8.75,12.5,0.35,0.5,0.11,8.75,12.5,0.35,0.5,0.32,8.75,12.5,0.35,0.5,0.29,8.75,12.5,0.35,1.34,1.25,8.75,33.5,1.7056,False,BENCHMARK
2021-11-22 15:36:00-05:00,2021-11-22 15:44:00-05:00,2021-11-21,1.0,0.4249463389224676,25.0,1.75,20,43.75,42.64,1.7056,target,8,3,2021-11-06 09:30:00-04:00,2022-02-06 09:30:00-05:00,0.12,0.16,0.09,3.0,4.0,0.12,0.23,0.15,3.0,5.75,0.12,0.57,0.4,3.0,14.25,0.12,0.85,0.84,3.0,21.25,0.12,1.8,1.62,3.0,45.0,0.12,1.8,1.27,3.0,45.0,0.12,3.83,3.45,3.0,95.75,1.7056,False,BENCHMARK
2021-11-22 15:45:00-05:00,2021-11-22 15:50:00-05:00,2021-11-21,0.9215152652652652,0.4968342209489254,25.0,1.75,20,43.75,42.64,1.7056,target,5,3,2021-11-06 09:30:00-04:00,2022-02-06 09:30:00-05:00,0.4,0.13,-0.22,10.0,3.25,0.48,0.13,-0.13,12.0,3.25,0.48,0.64,0.45,12.0,16.0,0.48,2.08,1.88,12.0,52.0,0.48,2.86,2.76,12.0,71.5,0.48,3.78,3.55,12.0,94.5,0.48,4.98,4.69,12.0,124.5,1.7056,False,BENCHMARK
2021-11-24 12:23:00-05:00,2021-11-24 12:36:00-05:00,2021-11-23,0.963720673117654,0.5772854230468715,25.0,1.75,20,-25.0,-26.11,-1.0444,stop,13,3,2021-11-06 09:30:00-04:00,2022-02-06 09:30:00-05:00,0.39,0.03,-0.29,9.75,0.75,0.39,0.16,0.08,9.75,4.0,0.39,0.16,0.01,9.75,4.0,0.39,0.16,-0.1,9.75,4.0,0.66,0.16,-0.44,16.5,4.0,0.66,0.16,-0.31,16.5,4.0,1.15,0.16,-1.06,28.75,4.0,-1.0444,False,BENCHMARK
2021-12-06 14:42:00-05:00,2021-12-06 15:02:00-05:00,2021-12-05,0.9649947540616874,0.5072476133169281,25.0,1.75,20,-4.75,-5.859999999999999,-0.2343999999999999,timeout,20,3,2021-11-06 09:30:00-04:00,2022-02-06 09:30:00-05:00,0.28,0.46,0.32,7.0,11.5,0.28,0.76,0.56,7.0,19.0,0.28,0.76,0.16,7.0,19.0,0.28,0.76,0.36,7.0,19.0,0.28,0.77,0.66,7.0,19.25,0.28,0.77,0.22,7.0,19.25,0.28,0.77,0.18,7.0,19.25,-0.2343999999999999,False,BENCHMARK
2021-12-07 15:24:00-05:00,2021-12-07 15:44:00-05:00,2021-12-06,0.8775949965269682,0.526736238964678,25.0,1.75,20,-9.25,-10.36,-0.4144,timeout,20,3,2021-11-06 09:30:00-04:00,2022-02-06 09:30:00-05:00,0.26,0.12,-0.11,6.5,3.0,0.33,0.12,-0.19,8.25,3.0,0.33,0.12,-0.21,8.25,3.0,0.35,0.14,0.14,8.75,3.5,0.51,0.18,-0.23,12.75,4.5,0.51,0.18,-0.2,12.75,4.5,0.51,0.3,0.15,12.75,7.5,-0.4144,False,BENCHMARK
2021-12-09 12:04:00-05:00,2021-12-09 12:24:00-05:00,2021-12-08,1.0,0.4958777515334944,25.0,1.75,20,-19.25,-20.36,-0.8144,timeout,20,3,2021-11-06 09:30:00-04:00,2022-02-06 09:30:00-05:00,0.04,0.27,0.22,1.0,6.75,0.15,0.3,-0.08,3.75,7.5,0.15,0.46,0.05,3.75,11.5,0.48,0.46,-0.41,12.0,11.5,0.58,0.46,-0.46,14.5,11.5,0.67,0.46,-0.47,16.75,11.5,0.67,0.46,0.02,16.75,11.5,-0.8144,False,BENCHMARK
2021-12-09 13:23:00-05:00,2021-12-09 13:43:00-05:00,2021-12-08,0.9564679643630096,0.4156016776383737,25.0,1.75,20,3.0,1.89,0.0756,timeout,20,3,2021-11-06 09:30:00-04:00,2022-02-06 09:30:00-05:00,0.14,0.07,0.01,3.5,1.75,0.19,0.22,0.04,4.75,5.5,0.28,0.22,-0.05,7.0,5.5,0.28,0.22,-0.08,7.0,5.5,0.51,0.22,-0.4,12.75,5.5,0.51,0.22,-0.05,12.75,5.5,0.87,0.22,-0.68,21.75,5.5,0.0756,False,BENCHMARK
2021-12-09 14:56:00-05:00,2021-12-09 15:01:00-05:00,2021-12-08,1.0,0.5015761538254286,25.0,1.75,20,-25.0,-26.11,-0.9244,stop,5,3,2021-11-06 09:30:00-04:00,2022-02-06 09:30:00-05:00,0.38,0.01,-0.34,9.5,0.25,0.51,0.01,-0.42,12.75,0.25,0.71,0.01,-0.46,17.75,0.25,1.29,0.01,-1.28,32.25,0.25,1.7,0.01,-0.88,42.5,0.25,1.7,0.01,-0.11,42.5,0.25,1.7,1.14,0.83,42.5,28.5,-1.0444,True,MAE>=0.75R
2021-12-13 11:39:00-05:00,2021-12-13 11:59:00-05:00,2021-12-12,0.8453207014968774,0.5951484997350625,25.0,1.75,20,11.25,10.14,0.4056,timeout,20,3,2021-11-06 09:30:00-04:00,2022-02-06 09:30:00-05:00,0.38,0.04,-0.2,9.5,1.0,0.57,0.04,-0.44,14.25,1.0,0.68,0.04,-0.52,17.0,1.0,0.68,0.04,0.02,17.0,1.0,0.68,0.56,0.28,17.0,14.0,0.68,0.86,0.81,17.0,21.5,0.68,1.45,1.14,17.0,36.25,0.4056,False,BENCHMARK
2021-12-13 15:27:00-05:00,2021-12-13 15:36:00-05:00,2021-12-12,0.85354604543926,0.4233836564972563,25.0,1.75,20,-25.0,-26.11,-0.8543999999999999,stop,9,3,2021-11-06 09:30:00-04:00,2022-02-06 09:30:00-05:00,0.18,0.21,0.03,4.5,5.25,0.18,0.28,0.23,4.5,7.0,0.23,0.32,-0.14,5.75,8.0,0.4,0.32,-0.36,10.0,8.0,0.89,0.32,-0.81,22.25,8.0,1.37,0.32,-0.86,34.25,8.0,1.37,0.32,-0.23,34.25,8.0,-1.0444,True,MAE>=0.75R
2021-12-13 15:50:00-05:00,2021-12-13 15:59:00-05:00,2021-12-12,0.863086174620229,0.5564990525115181,25.0,1.75,20,43.75,42.64,1.7056,target,9,3,2021-11-06 09:30:00-04:00,2022-02-06 09:30:00-05:00,0.07,0.29,0.25,1.75,7.25,0.07,0.57,0.52,1.75,14.25,0.07,0.93,0.6,1.75,23.25,0.07,1.5,0.79,1.75,37.5,0.07,1.5,1.05,1.75,37.5,0.07,2.11,1.8,1.75,52.75,0.07,2.47,1.94,1.75,61.75,1.7056,False,BENCHMARK
2021-12-15 11:09:00-05:00,2021-12-15 11:29:00-05:00,2021-12-14,1.0,0.5872722210746585,25.0,1.75,20,17.25,16.14,0.6456000000000001,timeout,20,3,2021-11-06 09:30:00-04:00,2022-02-06 09:30:00-05:00,0.09,0.33,-0.02,2.25,8.25,0.29,0.33,-0.15,7.25,8.25,0.29,0.33,0.07,7.25,8.25,0.29,0.58,0.21,7.25,14.5,0.29,0.7,0.46,7.25,17.5,0.29,1.04,0.84,7.25,26.0,0.29,1.07,0.33,7.25,26.75,0.6456000000000001,False,BENCHMARK
2021-12-15 11:30:00-05:00,2021-12-15 11:50:00-05:00,2021-12-14,0.8874963285463242,0.5775189273173054,25.0,1.75,20,22.5,21.39,0.8556,timeout,20,3,2021-11-06 09:30:00-04:00,2022-02-06 09:30:00-05:00,0.06,0.31,0.1,1.5,7.75,0.09,0.73,0.61,2.25,18.25,0.09,0.75,0.54,2.25,18.75,0.09,0.77,0.49,2.25,19.25,0.09,1.03,0.83,2.25,25.75,0.09,1.22,1.21,2.25,30.5,0.09,1.45,1.01,2.25,36.25,0.8556,False,BENCHMARK
2021-12-16 09:31:00-05:00,2021-12-16 09:35:00-05:00,2021-12-15,0.8033300298750413,0.544244568780479,25.0,1.75,20,-25.0,-26.11,1.1156,stop,4,3,2021-11-06 09:30:00-04:00,2022-02-06 09:30:00-05:00,0.83,0.45,-0.7,20.75,11.25,0.99,0.45,0.28,24.75,11.25,0.99,0.45,-0.64,24.75,11.25,1.9,0.54,0.38,47.5,13.5,1.9,1.36,1.16,47.5,34.0,1.9,3.18,2.83,47.5,79.5,1.9,3.28,1.59,47.5,82.0,-1.0444,True,MAE>=0.75R
2021-12-16 14:24:00-05:00,2021-12-16 14:26:00-05:00,2021-12-15,1.0,0.5484700979819842,25.0,1.75,20,-25.0,-26.11,-0.6244,stop,2,3,2021-11-06 09:30:00-04:00,2022-02-06 09:30:00-05:00,0.75,0.06,-0.55,18.75,1.5,1.25,0.06,-0.93,31.25,1.5,1.25,0.06,-0.78,31.25,1.5,1.25,0.06,-0.83,31.25,1.5,1.45,0.06,-0.58,36.25,1.5,1.45,0.06,-0.32,36.25,1.5,2.11,0.06,-1.96,52.75,1.5,-1.0444,True,MAE>=0.75R
2021-12-21 15:42:00-05:00,2021-12-21 15:53:00-05:00,2021-12-20,0.8572397812535737,0.4605467592301543,25.0,1.75,20,-25.0,-26.11,-1.0444,stop,11,3,2021-11-06 09:30:00-04:00,2022-02-06 09:30:00-05:00,0.21,0.22,-0.15,5.25,5.5,0.22,0.61,0.17,5.5,15.25,0.22,0.61,0.35,5.5,15.25,0.22,0.63,0.08,5.5,15.75,0.49,0.63,-0.27,12.25,15.75,0.88,0.63,-0.73,22.0,15.75,2.28,0.63,-1.83,57.0,15.75,-1.0444,False,BENCHMARK
2021-12-22 13:26:00-05:00,2021-12-22 13:46:00-05:00,2021-12-21,0.7984867171621822,0.4012187126729952,25.0,1.75,20,13.0,11.89,0.4756,timeout,20,3,2021-11-06 09:30:00-04:00,2022-02-06 09:30:00-05:00,0.04,0.09,0.04,1.0,2.25,0.04,0.27,0.19,1.0,6.75,0.04,0.32,0.2,1.0,8.0,0.55,0.32,-0.33,13.75,8.0,0.63,0.32,-0.55,15.75,8.0,0.63,0.64,0.47,15.75,16.0,0.63,1.66,1.54,15.75,41.5,0.4756,False,BENCHMARK
2021-12-28 11:30:00-05:00,2021-12-28 11:50:00-05:00,2021-12-27,0.7657831647607711,0.5732035887810178,25.0,1.75,20,-10.75,-11.86,-0.4744,timeout,20,3,2021-11-06 09:30:00-04:00,2022-02-06 09:30:00-05:00,0.26,0.04,-0.01,6.5,1.0,0.26,0.04,-0.04,6.5,1.0,0.26,0.18,0.0,6.5,4.5,0.28,0.24,0.09,7.0,6.0,0.28,0.63,0.48,7.0,15.75,0.28,0.63,-0.05,7.0,15.75,0.28,0.63,0.0,7.0,15.75,-0.4744,False,BENCHMARK
2021-12-31 10:51:00-05:00,2021-12-31 10:53:00-05:00,2021-12-30,0.976894721631538,0.5351648450339929,25.0,1.75,20,-25.0,-26.11,-1.1643999999999999,stop,2,3,2021-11-06 09:30:00-04:00,2022-02-06 09:30:00-05:00,0.35,0.07,-0.3,8.75,1.75,1.0,0.07,-0.96,25.0,1.75,1.14,0.07,-1.05,28.5,1.75,1.33,0.07,-1.27,33.25,1.75,1.36,0.07,-1.12,34.0,1.75,1.36,0.07,-0.68,34.0,1.75,1.36,0.07,-0.33,34.0,1.75,-1.0444,True,MAE>=0.75R
2022-01-03 11:37:00-05:00,2022-01-03 11:44:00-05:00,2022-01-02,0.8914123526397322,0.4443182124350004,25.0,1.75,20,-25.0,-26.11,-0.9044,stop,7,3,2021-11-06 09:30:00-04:00,2022-02-06 09:30:00-05:00,-0.01,0.42,0.25,-0.25,10.5,-0.01,0.42,0.38,-0.25,10.5,0.06,0.42,0.0,1.5,10.5,0.86,0.42,-0.7,21.5,10.5,1.02,0.42,-0.86,25.5,10.5,1.67,0.42,-1.61,41.75,10.5,1.92,0.42,-0.66,48.0,10.5,-1.0444,True,MAE>=0.75R
2022-01-05 11:46:00-05:00,2022-01-05 12:03:00-05:00,2022-01-04,0.7926238145930637,0.5284830305261929,25.0,1.75,20,-25.0,-26.11,-1.0444,stop,17,3,2021-11-06 09:30:00-04:00,2022-02-06 09:30:00-05:00,0.5,0.06,-0.26,12.5,1.5,0.51,0.06,-0.24,12.75,1.5,0.51,0.06,-0.26,12.75,1.5,0.7,0.06,-0.29,17.5,1.5,0.7,0.06,-0.21,17.5,1.5,0.7,0.06,-0.33,17.5,1.5,0.81,0.09,-0.24,20.25,2.25,-1.0444,False,BENCHMARK
2022-01-05 12:09:00-05:00,2022-01-05 12:29:00-05:00,2022-01-04,0.7648963149635788,0.4350813223526453,25.0,1.75,20,-9.5,-10.61,-0.5144,timeout,20,3,2021-11-06 09:30:00-04:00,2022-02-06 09:30:00-05:00,0.2,0.1,0.03,5.0,2.5,0.2,0.15,-0.13,5.0,3.75,0.42,0.15,-0.28,10.5,3.75,0.42,0.17,-0.28,10.5,4.25,0.91,0.17,-0.47,22.75,4.25,0.91,0.17,-0.48,22.75,4.25,0.98,0.17,-0.64,24.5,4.25,-0.4244,True,MAE>=0.75R
2022-01-05 12:33:00-05:00,2022-01-05 12:44:00-05:00,2022-01-04,0.9893220977955536,0.4212327229292212,25.0,1.75,20,43.75,42.64,1.7056,target,11,3,2021-11-06 09:30:00-04:00,2022-02-06 09:30:00-05:00,0.15,0.09,-0.06,3.75,2.25,0.21,0.31,0.02,5.25,7.75,0.21,0.73,0.63,5.25,18.25,0.21,1.39,1.21,5.25,34.75,0.21,1.45,1.14,5.25,36.25,0.21,1.72,1.32,5.25,43.0,0.21,1.94,1.59,5.25,48.5,1.7056,False,BENCHMARK
2022-01-05 13:01:00-05:00,2022-01-05 13:21:00-05:00,2022-01-04,0.7508457977207977,0.4097955041447008,25.0,1.75,20,-20.25,-21.36,-0.8543999999999999,timeout,20,3,2021-11-06 09:30:00-04:00,2022-02-06 09:30:00-05:00,0.02,0.45,0.38,0.5,11.25,0.02,0.61,0.46,0.5,15.25,0.02,0.61,0.29,0.5,15.25,0.02,0.68,0.45,0.5,17.0,0.02,1.01,0.77,0.5,25.25,0.02,1.27,1.15,0.5,31.75,0.22,1.27,-0.02,5.5,31.75,-0.8543999999999999,False,BENCHMARK
2022-01-07 13:50:00-05:00,2022-01-07 14:10:00-05:00,2022-01-06,0.950854238239974,0.5051101511491104,25.0,1.75,20,-8.75,-9.86,-0.6444,timeout,20,3,2021-11-06 09:30:00-04:00,2022-02-06 09:30:00-05:00,0.47,0.1,-0.35,11.75,2.5,0.58,0.1,-0.42,14.5,2.5,0.73,0.1,-0.65,18.25,2.5,0.73,0.1,-0.38,18.25,2.5,0.84,0.1,-0.6,21.0,2.5,0.84,0.1,-0.52,21.0,2.5,0.84,0.85,0.63,21.0,21.25,-0.3944,True,MAE>=0.75R
2022-01-12 14:03:00-05:00,2022-01-12 14:09:00-05:00,2022-01-11,1.0,0.5616585987947588,25.0,1.75,20,-25.0,-26.11,-0.6844,stop,6,3,2021-11-06 09:30:00-04:00,2022-02-06 09:30:00-05:00,0.53,0.07,-0.18,13.25,1.75,0.7,0.07,-0.27,17.5,1.75,0.71,0.07,-0.42,17.75,1.75,0.74,0.07,-0.49,18.5,1.75,1.01,0.07,-0.64,25.25,1.75,1.33,0.07,-0.88,33.25,1.75,1.42,0.07,-1.3,35.5,1.75,-1.0444,True,MAE>=0.75R
2022-01-17 09:47:00-05:00,2022-01-17 10:07:00-05:00,2022-01-16,0.8116317611765452,0.551483201163929,25.0,1.75,20,-4.25,-5.359999999999999,-0.2143999999999999,timeout,20,3,2021-11-06 09:30:00-04:00,2022-02-06 09:30:00-05:00,-0.02,0.33,0.08,-0.5,8.25,-0.02,0.6,0.6,-0.5,15.0,-0.02,0.79,0.37,-0.5,19.75,-0.02,0.79,0.13,-0.5,19.75,0.15,0.79,-0.09,3.75,19.75,0.49,0.79,-0.4,12.25,19.75,0.62,0.79,-0.3,15.5,19.75,-0.2143999999999999,False,BENCHMARK
2022-04-22 12:02:00-04:00,2022-04-22 12:22:00-04:00,2022-04-21,0.7824780337618399,0.5035072199585389,25.0,1.75,20,2.25,1.14,0.6056,timeout,20,4,2022-02-06 09:30:00-05:00,2022-05-06 09:30:00-04:00,0.19,0.09,-0.07,4.75,2.25,0.35,0.09,-0.32,8.75,2.25,0.76,0.09,-0.32,19.0,2.25,0.79,0.09,-0.46,19.75,2.25,0.79,0.83,0.65,19.75,20.75,0.79,0.96,0.38,19.75,24.0,0.79,0.96,-0.19,19.75,24.0,0.0456,True,MAE>=0.75R
2022-05-26 09:30:00-04:00,2022-05-26 09:32:00-04:00,2022-05-25,1.0,0.5134271924556838,25.0,1.75,20,-25.0,-26.11,-5.2144,stop,2,5,2022-05-06 09:30:00-04:00,2022-08-06 09:30:00-04:00,0.74,0.02,-0.69,18.5,0.5,1.52,0.02,-0.99,38.0,0.5,1.8,0.02,-1.39,45.0,0.5,3.86,0.02,-3.67,96.5,0.5,5.75,0.02,-5.17,143.75,0.5,5.75,0.02,-4.99,143.75,0.5,5.88,0.02,-4.86,147.0,0.5,-1.0444,True,MAE>=0.75R
2022-05-27 12:33:00-04:00,2022-05-27 12:53:00-04:00,2022-05-26,0.7861789836449808,0.4891127866373079,25.0,1.75,20,-2.0,-3.11,-0.1244,timeout,20,5,2022-05-06 09:30:00-04:00,2022-08-06 09:30:00-04:00,0.15,0.16,0.03,3.75,4.0,0.15,0.47,0.37,3.75,11.75,0.15,0.57,0.09,3.75,14.25,0.21,0.57,0.12,5.25,14.25,0.36,0.57,-0.25,9.0,14.25,0.52,0.57,-0.41,13.0,14.25,0.52,0.57,0.0,13.0,14.25,-0.1244,False,BENCHMARK
2022-06-06 14:21:00-04:00,2022-06-06 14:29:00-04:00,2022-06-05,0.8139567651805679,0.5954760792686995,25.0,1.75,20,43.75,42.64,1.7056,target,8,5,2022-05-06 09:30:00-04:00,2022-08-06 09:30:00-04:00,0.05,0.63,0.56,1.25,15.75,0.05,1.0,0.8,1.25,25.0,0.05,1.12,0.66,1.25,28.0,0.05,1.32,1.12,1.25,33.0,0.05,1.75,1.39,1.25,43.75,0.05,1.75,1.3,1.25,43.75,0.05,1.75,1.11,1.25,43.75,1.7056,False,BENCHMARK
2022-06-09 13:29:00-04:00,2022-06-09 13:44:00-04:00,2022-06-08,0.8199098976215495,0.5489068303640934,25.0,1.75,20,43.75,42.64,1.7056,target,15,5,2022-05-06 09:30:00-04:00,2022-08-06 09:30:00-04:00,0.01,0.72,0.57,0.25,18.0,0.01,0.84,0.79,0.25,21.0,0.01,1.02,0.95,0.25,25.5,0.01,1.02,0.59,0.25,25.5,0.01,1.33,0.87,0.25,33.25,0.01,1.33,0.8,0.25,33.25,0.01,1.95,1.7,0.25,48.75,1.7056,False,BENCHMARK
2022-06-09 13:45:00-04:00,2022-06-09 13:58:00-04:00,2022-06-08,0.938095238095238,0.5816329707969129,25.0,1.75,20,-25.0,-26.11,-0.6043999999999999,stop,13,5,2022-05-06 09:30:00-04:00,2022-08-06 09:30:00-04:00,0.37,0.0,-0.21,9.25,0.0,0.47,0.0,-0.37,11.75,0.0,0.55,0.0,-0.48,13.75,0.0,0.71,0.0,-0.49,17.75,0.0,0.78,0.0,-0.56,19.5,0.0,0.78,0.0,-0.52,19.5,0.0,1.32,0.0,-0.8,33.0,0.0,-1.0444,True,MAE>=0.75R
2022-06-09 14:43:00-04:00,2022-06-09 15:01:00-04:00,2022-06-08,0.9268292682926828,0.5296323480349636,25.0,1.75,20,43.75,42.64,1.7056,target,18,5,2022-05-06 09:30:00-04:00,2022-08-06 09:30:00-04:00,0.07,0.21,0.1,1.75,5.25,0.21,0.28,-0.2,5.25,7.0,0.32,0.28,-0.27,8.0,7.0,0.52,0.28,-0.17,13.0,7.0,0.52,0.28,0.01,13.0,7.0,0.52,0.45,0.29,13.0,11.25,0.52,0.79,0.63,13.0,19.75,1.7056,False,BENCHMARK
2022-06-14 15:04:00-04:00,2022-06-14 15:13:00-04:00,2022-06-13,0.8477443609022557,0.5968417072574008,25.0,1.75,20,43.75,42.64,1.7056,target,9,5,2022-05-06 09:30:00-04:00,2022-08-06 09:30:00-04:00,0.07,0.33,0.13,1.75,8.25,0.07,0.51,0.47,1.75,12.75,0.07,0.67,0.63,1.75,16.75,0.07,1.24,1.18,1.75,31.0,0.07,1.63,1.52,1.75,40.75,0.07,2.05,2.03,1.75,51.25,0.07,2.66,2.31,1.75,66.5,1.7056,False,BENCHMARK
2022-06-15 12:52:00-04:00,2022-06-15 13:12:00-04:00,2022-06-14,1.0,0.5975045039033829,25.0,1.75,20,5.25,4.140000000000001,0.1656,timeout,20,5,2022-05-06 09:30:00-04:00,2022-08-06 09:30:00-04:00,0.0,0.55,0.51,0.0,13.75,0.0,0.63,0.51,0.0,15.75,0.0,0.82,0.57,0.0,20.5,0.0,0.99,0.92,0.0,24.75,0.0,1.35,0.98,0.0,33.75,0.0,1.35,0.56,0.0,33.75,0.0,1.35,0.68,0.0,33.75,0.1656,False,BENCHMARK
2022-06-21 13:43:00-04:00,2022-06-21 14:03:00-04:00,2022-06-20,0.9481513737520584,0.4938947087475812,25.0,1.75,20,21.0,19.89,0.7956,timeout,20,5,2022-05-06 09:30:00-04:00,2022-08-06 09:30:00-04:00,0.24,0.01,-0.19,6.0,0.25,0.27,0.08,0.06,6.75,2.0,0.27,0.21,-0.05,6.75,5.25,0.27,0.21,-0.1,6.75,5.25,0.46,0.21,-0.31,11.5,5.25,0.46,0.21,-0.02,11.5,5.25,0.46,0.32,0.23,11.5,8.0,0.7956,False,BENCHMARK
2022-06-21 14:06:00-04:00,2022-06-21 14:26:00-04:00,2022-06-20,1.0,0.4044749894352883,25.0,1.75,20,-8.5,-9.61,-0.3843999999999999,timeout,20,5,2022-05-06 09:30:00-04:00,2022-08-06 09:30:00-04:00,0.38,0.05,-0.3,9.5,1.25,0.5,0.05,-0.35,12.5,1.25,0.5,0.05,-0.22,12.5,1.25,0.5,0.05,-0.29,12.5,1.25,0.5,0.26,0.22,12.5,6.5,0.5,0.28,-0.26,12.5,7.0,0.61,0.28,-0.18,15.25,7.0,-0.3843999999999999,False,BENCHMARK
2022-06-21 15:40:00-04:00,2022-06-21 15:50:00-04:00,2022-06-20,0.8019643510783283,0.5699962189453082,25.0,1.75,20,-25.0,-26.11,-1.0444,stop,10,5,2022-05-06 09:30:00-04:00,2022-08-06 09:30:00-04:00,0.24,0.05,-0.2,6.0,1.25,0.49,0.05,-0.49,12.25,1.25,0.63,0.05,-0.39,15.75,1.25,0.63,0.05,-0.36,15.75,1.25,0.63,0.05,-0.17,15.75,1.25,1.05,0.05,-0.44,26.25,1.25,1.05,0.41,0.39,26.25,10.25,-1.0444,False,BENCHMARK
2022-06-27 12:17:00-04:00,2022-06-27 12:32:00-04:00,2022-06-26,0.8381983121813945,0.5957563221458597,25.0,1.75,20,43.75,42.64,1.7056,target,15,5,2022-05-06 09:30:00-04:00,2022-08-06 09:30:00-04:00,0.27,0.19,-0.23,6.75,4.75,0.32,0.19,-0.24,8.0,4.75,0.36,0.19,-0.18,9.0,4.75,0.4,0.19,0.02,10.0,4.75,0.4,1.25,1.13,10.0,31.25,0.4,1.45,1.32,10.0,36.25,0.4,1.75,1.71,10.0,43.75,1.7056,False,BENCHMARK
2022-06-27 13:41:00-04:00,2022-06-27 14:01:00-04:00,2022-06-26,0.8332816318166246,0.5432886279219769,25.0,1.75,20,10.75,9.64,0.3856,timeout,20,5,2022-05-06 09:30:00-04:00,2022-08-06 09:30:00-04:00,0.22,0.23,0.15,5.5,5.75,0.22,0.25,0.2,5.5,6.25,0.22,0.37,0.12,5.5,9.25,0.22,0.83,0.6,5.5,20.75,0.22,0.84,0.42,5.5,21.0,0.22,0.84,0.34,5.5,21.0,0.22,0.84,0.31,5.5,21.0,0.3856,False,BENCHMARK
2022-06-28 14:31:00-04:00,2022-06-28 14:51:00-04:00,2022-06-27,0.953125,0.5266208491804008,25.0,1.75,20,-2.75,-3.86,-0.1543999999999999,timeout,20,5,2022-05-06 09:30:00-04:00,2022-08-06 09:30:00-04:00,0.05,0.38,0.1,1.25,9.5,0.05,0.38,0.18,1.25,9.5,0.05,0.56,0.5,1.25,14.0,0.05,0.91,0.79,1.25,22.75,0.05,1.09,0.91,1.25,27.25,0.05,1.15,1.12,1.25,28.75,0.05,1.28,0.32,1.25,32.0,-0.1543999999999999,False,BENCHMARK
2022-06-29 14:37:00-04:00,2022-06-29 14:57:00-04:00,2022-06-28,0.8010359972202614,0.5836569471319588,25.0,1.75,20,13.75,12.64,0.5056,timeout,20,5,2022-05-06 09:30:00-04:00,2022-08-06 09:30:00-04:00,0.27,0.08,-0.16,6.75,2.0,0.27,0.09,0.07,6.75,2.25,0.27,0.32,0.32,6.75,8.0,0.27,0.87,0.61,6.75,21.75,0.27,1.16,0.96,6.75,29.0,0.27,1.27,1.16,6.75,31.75,0.27,1.35,1.08,6.75,33.75,0.5056,False,BENCHMARK
2022-06-29 15:01:00-04:00,2022-06-29 15:06:00-04:00,2022-06-28,0.7714911488528294,0.5811836925335291,25.0,1.75,20,-25.0,-26.11,-1.1643999999999999,stop,5,5,2022-05-06 09:30:00-04:00,2022-08-06 09:30:00-04:00,0.14,0.2,0.11,3.5,5.0,0.14,0.43,0.04,3.5,10.75,0.36,0.43,-0.27,9.0,10.75,1.01,0.43,-0.75,25.25,10.75,1.28,0.43,-1.12,32.0,10.75,1.28,0.43,-0.58,32.0,10.75,1.28,0.43,-1.0,32.0,10.75,-1.0444,True,MAE>=0.75R
2022-07-11 14:09:00-04:00,2022-07-11 14:29:00-04:00,2022-07-10,0.971301771392545,0.4566446475834612,25.0,1.75,20,16.25,15.14,0.6056,timeout,20,5,2022-05-06 09:30:00-04:00,2022-08-06 09:30:00-04:00,0.17,0.47,0.14,4.25,11.75,0.17,0.47,0.3,4.25,11.75,0.17,0.47,0.21,4.25,11.75,0.17,0.47,0.25,4.25,11.75,0.17,0.47,0.32,4.25,11.75,0.17,0.47,0.15,4.25,11.75,0.17,0.54,0.27,4.25,13.5,0.6056,False,BENCHMARK
2022-07-11 14:56:00-04:00,2022-07-11 15:16:00-04:00,2022-07-10,0.8067398635585683,0.4498787838348791,25.0,1.75,20,36.5,35.39,1.4156,timeout,20,5,2022-05-06 09:30:00-04:00,2022-08-06 09:30:00-04:00,0.2,0.02,-0.05,5.0,0.5,0.2,0.1,0.1,5.0,2.5,0.2,0.63,0.63,5.0,15.75,0.2,0.7,0.48,5.0,17.5,0.2,1.44,1.36,5.0,36.0,0.2,1.56,1.36,5.0,39.0,0.2,1.56,1.17,5.0,39.0,1.4156,False,BENCHMARK
2022-07-11 15:17:00-04:00,2022-07-11 15:37:00-04:00,2022-07-10,0.8116883116883117,0.5784835746535887,25.0,1.75,20,-0.25,-1.36,-0.0544,timeout,20,5,2022-05-06 09:30:00-04:00,2022-08-06 09:30:00-04:00,0.03,0.49,0.33,0.75,12.25,0.03,0.49,0.16,0.75,12.25,0.03,0.49,0.29,0.75,12.25,0.26,0.49,0.27,6.5,12.25,0.26,0.49,0.01,6.5,12.25,0.26,0.49,0.0,6.5,12.25,0.66,0.49,-0.51,16.5,12.25,-0.0544,False,BENCHMARK
2022-07-12 14:31:00-04:00,2022-07-12 14:51:00-04:00,2022-07-11,0.993222125510022,0.4085718734013923,25.0,1.75,20,7.75,6.640000000000001,0.2656,timeout,20,5,2022-05-06 09:30:00-04:00,2022-08-06 09:30:00-04:00,0.15,0.37,0.34,3.75,9.25,0.15,0.42,0.31,3.75,10.5,0.15,0.48,0.4,3.75,12.0,0.15,0.48,0.21,3.75,12.0,0.15,0.48,0.03,3.75,12.0,0.15,0.48,0.45,3.75,12.0,0.15,0.48,0.3,3.75,12.0,0.2656,False,BENCHMARK
2022-07-19 14:39:00-04:00,2022-07-19 14:59:00-04:00,2022-07-18,0.8509316770186335,0.4067347256511198,25.0,1.75,20,-14.0,-15.11,-0.6043999999999999,timeout,20,5,2022-05-06 09:30:00-04:00,2022-08-06 09:30:00-04:00,0.13,0.21,0.0,3.25,5.25,0.15,0.21,-0.05,3.75,5.25,0.63,0.21,-0.42,15.75,5.25,0.63,0.21,-0.38,15.75,5.25,0.63,0.48,0.31,15.75,12.0,0.63,0.64,0.12,15.75,16.0,0.63,0.64,-0.47,15.75,16.0,-0.6043999999999999,False,BENCHMARK
2022-07-22 13:03:00-04:00,2022-07-22 13:23:00-04:00,2022-07-21,0.8912263775495001,0.5183470118547185,25.0,1.75,20,16.5,15.39,0.6156,timeout,20,5,2022-05-06 09:30:00-04:00,2022-08-06 09:30:00-04:00,0.04,0.24,0.06,1.0,6.0,0.41,0.24,-0.3,10.25,6.0,0.41,0.24,-0.17,10.25,6.0,0.55,0.24,-0.3,13.75,6.0,0.58,0.24,0.11,14.5,6.0,0.58,0.24,-0.03,14.5,6.0,0.58,0.44,0.23,14.5,11.0,0.6156,False,BENCHMARK
2022-07-22 13:27:00-04:00,2022-07-22 13:47:00-04:00,2022-07-21,0.8648037011551284,0.5879895909788483,25.0,1.75,20,-7.5,-8.61,-0.3444,timeout,20,5,2022-05-06 09:30:00-04:00,2022-08-06 09:30:00-04:00,0.42,0.06,-0.31,10.5,1.5,0.54,0.06,-0.31,13.5,1.5,0.54,0.23,0.04,13.5,5.75,0.54,0.41,0.21,13.5,10.25,0.54,1.1,0.87,13.5,27.5,0.54,1.1,0.81,13.5,27.5,0.54,1.1,0.55,13.5,27.5,-0.3444,False,BENCHMARK
2022-07-22 14:25:00-04:00,2022-07-22 14:33:00-04:00,2022-07-21,0.9909730264796642,0.5603523053312871,25.0,1.75,20,-25.0,-26.11,-0.8744,stop,8,5,2022-05-06 09:30:00-04:00,2022-08-06 09:30:00-04:00,0.54,0.01,-0.39,13.5,0.25,0.67,0.01,-0.42,16.75,0.25,0.71,0.01,-0.65,17.75,0.25,0.71,0.01,-0.23,17.75,0.25,1.11,0.35,-0.83,27.75,8.75,1.27,0.35,-0.83,31.75,8.75,1.27,0.35,-0.47,31.75,8.75,-1.0444,True,MAE>=0.75R
2022-07-25 13:44:00-04:00,2022-07-25 14:04:00-04:00,2022-07-24,0.8314606741573034,0.4355152243055092,25.0,1.75,20,33.25,32.14,1.2856,timeout,20,5,2022-05-06 09:30:00-04:00,2022-08-06 09:30:00-04:00,0.21,0.08,-0.03,5.25,2.0,0.21,0.22,0.19,5.25,5.5,0.21,0.26,-0.02,5.25,6.5,0.21,0.26,0.14,5.25,6.5,0.21,0.66,0.62,5.25,16.5,0.21,0.86,0.6,5.25,21.5,0.21,0.87,0.82,5.25,21.75,1.2856,False,BENCHMARK
2022-07-25 14:05:00-04:00,2022-07-25 14:25:00-04:00,2022-07-24,0.7936507936507936,0.4032383621360735,25.0,1.75,20,-2.75,-3.86,-0.1543999999999999,timeout,20,5,2022-05-06 09:30:00-04:00,2022-08-06 09:30:00-04:00,0.41,0.0,-0.22,10.25,0.0,0.41,0.23,0.13,10.25,5.75,0.41,0.33,0.1,10.25,8.25,0.41,0.33,-0.27,10.25,8.25,0.42,0.33,-0.36,10.5,8.25,0.42,0.33,-0.21,10.5,8.25,0.42,0.4,0.27,10.5,10.0,-0.1543999999999999,False,BENCHMARK
2022-07-25 15:11:00-04:00,2022-07-25 15:31:00-04:00,2022-07-24,0.775,0.598483129823625,25.0,1.75,20,-7.75,-8.86,-0.3544,timeout,20,5,2022-05-06 09:30:00-04:00,2022-08-06 09:30:00-04:00,0.21,0.11,0.02,5.25,2.75,0.21,0.31,0.18,5.25,7.75,0.21,0.31,0.04,5.25,7.75,0.39,0.33,-0.1,9.75,8.25,0.46,0.33,-0.24,11.5,8.25,0.77,0.33,-0.76,19.25,8.25,0.99,0.33,-0.63,24.75,8.25,-0.3544,False,BENCHMARK
2022-07-26 11:38:00-04:00,2022-07-26 11:58:00-04:00,2022-07-25,0.9050970943597062,0.5648940192611375,25.0,1.75,20,6.75,5.640000000000001,0.2256,timeout,20,5,2022-05-06 09:30:00-04:00,2022-08-06 09:30:00-04:00,0.19,0.08,-0.14,4.75,2.0,0.44,0.08,-0.33,11.0,2.0,0.44,0.08,-0.2,11.0,2.0,0.63,0.08,-0.53,15.75,2.0,0.63,0.08,-0.26,15.75,2.0,0.63,0.08,-0.15,15.75,2.0,0.63,0.85,0.81,15.75,21.25,0.2256,False,BENCHMARK
2022-07-26 13:39:00-04:00,2022-07-26 13:59:00-04:00,2022-07-25,0.7761000603570378,0.4658659727319232,25.0,1.75,20,8.25,7.140000000000001,0.2856,timeout,20,5,2022-05-06 09:30:00-04:00,2022-08-06 09:30:00-04:00,0.26,0.12,0.0,6.5,3.0,0.36,0.12,-0.22,9.0,3.0,0.36,0.12,-0.12,9.0,3.0,0.39,0.12,-0.31,9.75,3.0,0.39,0.16,0.03,9.75,4.0,0.39,0.3,0.22,9.75,7.5,0.39,0.43,0.07,9.75,10.75,0.2856,False,BENCHMARK
2022-07-26 14:35:00-04:00,2022-07-26 14:55:00-04:00,2022-07-25,0.8467153284671532,0.5593425413135829,25.0,1.75,20,-1.75,-2.86,-0.1144,timeout,20,5,2022-05-06 09:30:00-04:00,2022-08-06 09:30:00-04:00,0.17,0.26,0.22,4.25,6.5,0.17,0.34,0.22,4.25,8.5,0.17,0.34,0.18,4.25,8.5,0.17,0.37,0.18,4.25,9.25,0.17,0.37,0.05,4.25,9.25,0.17,0.37,-0.04,4.25,9.25,0.27,0.37,0.2,6.75,9.25,-0.1144,False,BENCHMARK
2022-07-28 12:20:00-04:00,2022-07-28 12:24:00-04:00,2022-07-27,0.93528836806556,0.511385422922088,25.0,1.75,20,-25.0,-26.11,-1.2544,stop,4,5,2022-05-06 09:30:00-04:00,2022-08-06 09:30:00-04:00,0.42,0.06,-0.34,10.5,1.5,0.81,0.06,-0.79,20.25,1.5,0.9,0.06,-0.88,22.5,1.5,1.18,0.06,-0.83,29.5,1.5,1.23,0.06,-1.21,30.75,1.5,1.44,0.06,-1.38,36.0,1.5,1.65,0.06,-1.07,41.25,1.5,-1.0444,True,MAE>=0.75R
2022-07-28 13:00:00-04:00,2022-07-28 13:11:00-04:00,2022-07-27,0.9782104133696152,0.5405929583416739,25.0,1.75,20,-25.0,-26.11,-1.0444,stop,11,5,2022-05-06 09:30:00-04:00,2022-08-06 09:30:00-04:00,0.22,0.31,0.2,5.5,7.75,0.22,0.31,0.13,5.5,7.75,0.27,0.31,-0.05,6.75,7.75,0.27,0.31,0.07,6.75,7.75,0.72,0.31,-0.46,18.0,7.75,0.72,0.31,-0.53,18.0,7.75,1.34,0.31,-1.2,33.5,7.75,-1.0444,False,BENCHMARK
2022-07-28 14:13:00-04:00,2022-07-28 14:33:00-04:00,2022-07-27,1.0,0.4090433931629634,25.0,1.75,20,-13.0,-14.11,-0.5644,timeout,20,5,2022-05-06 09:30:00-04:00,2022-08-06 09:30:00-04:00,0.32,0.04,-0.22,8.0,1.0,0.55,0.04,-0.49,13.75,1.0,0.71,0.04,-0.59,17.75,1.0,0.74,0.04,-0.67,18.5,1.0,0.74,0.04,-0.29,18.5,1.0,0.74,0.04,-0.52,18.5,1.0,0.81,0.04,-0.58,20.25,1.0,-0.5644,False,BENCHMARK
2022-07-28 15:36:00-04:00,2022-07-28 15:56:00-04:00,2022-07-27,0.7574881740706568,0.5674251017548542,25.0,1.75,20,4.0,2.89,0.1156,timeout,20,5,2022-05-06 09:30:00-04:00,2022-08-06 09:30:00-04:00,0.1,0.27,0.19,2.5,6.75,0.1,0.54,0.49,2.5,13.5,0.1,0.54,0.15,2.5,13.5,0.1,0.74,0.53,2.5,18.5,0.1,0.74,0.26,2.5,18.5,0.1,0.74,0.14,2.5,18.5,0.73,0.74,-0.42,18.25,18.5,0.1156,False,BENCHMARK
2022-07-29 09:30:00-04:00,2022-07-29 09:31:00-04:00,2022-07-28,0.7927603907093141,0.4680812259513801,25.0,1.75,20,-25.0,-26.11,0.7056,stop,1,5,2022-05-06 09:30:00-04:00,2022-08-06 09:30:00-04:00,1.06,0.01,-0.18,26.5,0.25,1.06,0.63,0.25,26.5,15.75,1.06,0.63,0.45,26.5,15.75,1.06,1.65,1.64,26.5,41.25,1.06,2.02,0.75,26.5,50.5,1.22,2.02,-1.14,30.5,50.5,3.2,2.02,-2.38,80.0,50.5,-1.0444,True,MAE>=0.75R
2022-07-29 16:04:00-04:00,2022-07-29 16:24:00-04:00,2022-07-28,0.7641572800845435,0.4490558484019483,25.0,1.75,20,-7.75,-8.86,-0.3544,timeout,20,5,2022-05-06 09:30:00-04:00,2022-08-06 09:30:00-04:00,0.13,0.16,-0.06,3.25,4.0,0.18,0.16,-0.15,4.5,4.0,0.3,0.16,-0.16,7.5,4.0,0.3,0.16,0.06,7.5,4.0,0.3,0.16,0.03,7.5,4.0,0.3,0.16,-0.03,7.5,4.0,0.37,0.16,-0.29,9.25,4.0,-0.3544,False,BENCHMARK
2022-08-02 13:23:00-04:00,2022-08-02 13:28:00-04:00,2022-08-01,0.866655316242273,0.5557260737083249,25.0,1.75,20,43.75,42.64,1.7056,target,5,5,2022-05-06 09:30:00-04:00,2022-08-06 09:30:00-04:00,0.05,0.62,0.6,1.25,15.5,0.05,0.84,0.76,1.25,21.0,0.05,0.96,0.76,1.25,24.0,0.05,2.46,2.44,1.25,61.5,0.05,3.36,3.34,1.25,84.0,0.05,4.07,3.61,1.25,101.75,0.05,5.18,4.88,1.25,129.5,1.7056,False,BENCHMARK
2022-08-02 16:11:00-04:00,2022-08-02 16:31:00-04:00,2022-08-01,0.8862815884476534,0.5379506683570205,25.0,1.75,20,-10.25,-11.36,-0.4543999999999999,timeout,20,5,2022-05-06 09:30:00-04:00,2022-08-06 09:30:00-04:00,0.16,0.06,-0.01,4.0,1.5,0.25,0.06,-0.22,6.25,1.5,0.53,0.06,-0.51,13.25,1.5,0.62,0.06,-0.57,15.5,1.5,0.62,0.06,-0.36,15.5,1.5,0.62,0.06,-0.3,15.5,1.5,0.62,0.06,-0.56,15.5,1.5,-0.4543999999999999,False,BENCHMARK
2022-08-03 16:08:00-04:00,2022-08-03 16:28:00-04:00,2022-08-02,0.9538096239814602,0.5471008207112831,25.0,1.75,20,-0.5,-1.61,-0.0644,timeout,20,5,2022-05-06 09:30:00-04:00,2022-08-06 09:30:00-04:00,0.01,0.15,0.09,0.25,3.75,0.19,0.15,-0.04,4.75,3.75,0.19,0.15,-0.07,4.75,3.75,0.32,0.15,-0.26,8.0,3.75,0.37,0.15,-0.16,9.25,3.75,0.37,0.15,-0.17,9.25,3.75,0.37,0.17,0.13,9.25,4.25,-0.0644,False,BENCHMARK
2022-08-04 09:30:00-04:00,2022-08-04 09:33:00-04:00,2022-08-03,0.9997392971884982,0.531785325059496,25.0,1.75,20,-25.0,-26.11,-0.1144,stop,3,5,2022-05-06 09:30:00-04:00,2022-08-06 09:30:00-04:00,0.28,0.85,0.55,7.0,21.25,0.89,0.85,-0.83,22.25,21.25,1.01,0.85,-0.28,25.25,21.25,1.95,0.85,-1.58,48.75,21.25,1.95,0.85,-0.07,48.75,21.25,1.95,0.85,-0.27,48.75,21.25,2.67,0.85,-2.12,66.75,21.25,-1.0444,True,MAE>=0.75R
2022-08-04 14:10:00-04:00,2022-08-04 14:28:00-04:00,2022-08-03,0.7835899347139506,0.4059518249149262,25.0,1.75,20,-25.0,-26.11,-1.0444,stop,18,5,2022-05-06 09:30:00-04:00,2022-08-06 09:30:00-04:00,0.03,0.31,0.13,0.75,7.75,0.55,0.31,-0.43,13.75,7.75,0.55,0.31,-0.13,13.75,7.75,0.55,0.31,-0.14,13.75,7.75,0.56,0.31,-0.53,14.0,7.75,0.79,0.31,-0.69,19.75,7.75,0.79,0.31,-0.53,19.75,7.75,-1.0444,False,BENCHMARK
2022-08-04 15:46:00-04:00,2022-08-04 15:59:00-04:00,2022-08-03,0.8072625698324022,0.4096572585129334,25.0,1.75,20,-25.0,-26.11,-1.0444,stop,13,5,2022-05-06 09:30:00-04:00,2022-08-06 09:30:00-04:00,0.26,0.13,0.07,6.5,3.25,0.26,0.23,-0.05,6.5,5.75,0.29,0.23,-0.1,7.25,5.75,0.63,0.23,-0.44,15.75,5.75,0.63,0.23,-0.44,15.75,5.75,0.64,0.23,-0.64,16.0,5.75,1.67,0.23,-1.67,41.75,5.75,-1.0444,False,BENCHMARK
2022-08-05 13:56:00-04:00,2022-08-05 14:16:00-04:00,2022-08-04,1.0,0.5557616601054247,25.0,1.75,20,-0.75,-1.86,-0.0744,timeout,20,5,2022-05-06 09:30:00-04:00,2022-08-06 09:30:00-04:00,0.39,0.03,-0.32,9.75,0.75,0.55,0.03,-0.41,13.75,0.75,0.57,0.03,-0.44,14.25,0.75,0.57,0.03,-0.22,14.25,0.75,0.6,0.03,-0.39,15.0,0.75,0.63,0.03,-0.61,15.75,0.75,0.63,0.39,0.33,15.75,9.75,-0.0744,False,BENCHMARK
2022-08-08 11:34:00-04:00,2022-08-08 11:39:00-04:00,2022-08-07,0.9043367346938777,0.5396809208776006,25.0,1.75,20,43.75,42.64,1.7056,target,5,6,2022-08-06 09:30:00-04:00,2022-11-06 09:30:00-05:00,0.3,0.22,-0.12,7.5,5.5,0.3,0.22,0.17,7.5,5.5,0.3,0.42,0.29,7.5,10.5,0.3,1.95,1.69,7.5,48.75,0.3,2.5,2.45,7.5,62.5,0.3,3.58,3.16,7.5,89.5,0.3,3.58,2.75,7.5,89.5,1.7056,False,BENCHMARK
2022-08-09 12:01:00-04:00,2022-08-09 12:21:00-04:00,2022-08-08,0.8775206930325947,0.5652303080825101,25.0,1.75,20,21.5,20.39,0.8156,timeout,20,6,2022-08-06 09:30:00-04:00,2022-11-06 09:30:00-05:00,0.15,0.13,0.13,3.75,3.25,0.15,0.59,0.34,3.75,14.75,0.23,0.59,-0.2,5.75,14.75,0.39,0.59,-0.18,9.75,14.75,0.39,0.59,0.14,9.75,14.75,0.39,0.65,0.16,9.75,16.25,0.39,0.72,0.25,9.75,18.0,0.8156,False,BENCHMARK
2022-08-09 12:22:00-04:00,2022-08-09 12:42:00-04:00,2022-08-08,0.8398656964732875,0.5033965342934676,25.0,1.75,20,10.5,9.39,0.3756,timeout,20,6,2022-08-06 09:30:00-04:00,2022-11-06 09:30:00-05:00,0.04,0.49,0.47,1.0,12.25,0.04,0.52,0.36,1.0,13.0,0.04,0.52,0.13,1.0,13.0,0.14,0.71,0.6,3.5,17.75,0.14,1.01,0.77,3.5,25.25,0.14,1.01,0.74,3.5,25.25,0.14,1.01,0.21,3.5,25.25,0.3756,False,BENCHMARK
2022-08-10 12:26:00-04:00,2022-08-10 12:36:00-04:00,2022-08-09,0.8364825581395349,0.4807337578262181,25.0,1.75,20,-25.0,-26.11,-0.7544,stop,10,6,2022-08-06 09:30:00-04:00,2022-11-06 09:30:00-05:00,0.32,0.03,-0.29,8.0,0.75,0.47,0.03,-0.4,11.75,0.75,0.63,0.03,-0.6,15.75,0.75,0.63,0.03,-0.53,15.75,0.75,0.84,0.03,-0.71,21.0,0.75,1.04,0.03,-0.72,26.0,0.75,1.12,0.03,-1.04,28.0,0.75,-1.0444,True,MAE>=0.75R
2022-08-11 10:45:00-04:00,2022-08-11 11:05:00-04:00,2022-08-10,1.0,0.5885227292882353,25.0,1.75,20,43.75,42.64,1.7056,target,20,6,2022-08-06 09:30:00-04:00,2022-11-06 09:30:00-05:00,0.07,0.37,0.0,1.75,9.25,0.07,0.83,0.76,1.75,20.75,0.07,1.17,1.14,1.75,29.25,0.07,1.23,0.58,1.75,30.75,0.07,1.23,0.19,1.75,30.75,0.07,1.23,0.51,1.75,30.75,0.07,1.23,0.71,1.75,30.75,1.7056,False,BENCHMARK
2022-08-11 13:49:00-04:00,2022-08-11 14:03:00-04:00,2022-08-10,0.7823920016172792,0.4035401997126691,25.0,1.75,20,43.75,42.64,1.7056,target,14,6,2022-08-06 09:30:00-04:00,2022-11-06 09:30:00-05:00,0.32,0.03,-0.27,8.0,0.75,0.46,0.03,-0.17,11.5,0.75,0.46,0.05,-0.06,11.5,1.25,0.46,0.43,0.2,11.5,10.75,0.46,0.61,0.42,11.5,15.25,0.46,0.61,0.31,11.5,15.25,0.46,1.76,1.38,11.5,44.0,1.7056,False,BENCHMARK
2022-08-11 14:08:00-04:00,2022-08-11 14:28:00-04:00,2022-08-10,1.0,0.5540651992692573,25.0,1.75,20,6.75,5.640000000000001,0.2256,timeout,20,6,2022-08-06 09:30:00-04:00,2022-11-06 09:30:00-05:00,0.17,0.13,-0.02,4.25,3.25,0.22,0.13,0.04,5.5,3.25,0.22,0.31,0.18,5.5,7.75,0.22,0.68,0.32,5.5,17.0,0.22,0.83,0.25,5.5,20.75,0.22,0.83,0.18,5.5,20.75,0.24,0.83,0.19,6.0,20.75,0.2256,False,BENCHMARK
2022-08-17 11:52:00-04:00,2022-08-17 12:03:00-04:00,2022-08-16,1.0,0.5472144871499264,25.0,1.75,20,-25.0,-26.11,-0.8844,stop,11,6,2022-08-06 09:30:00-04:00,2022-11-06 09:30:00-05:00,0.24,0.14,-0.17,6.0,3.5,0.51,0.14,-0.46,12.75,3.5,0.79,0.14,-0.64,19.75,3.5,0.79,0.14,-0.72,19.75,3.5,0.97,0.14,-0.84,24.25,3.5,0.98,0.14,-0.87,24.5,3.5,1.82,0.14,-1.36,45.5,3.5,-1.0444,True,MAE>=0.75R
2022-08-18 12:38:00-04:00,2022-08-18 12:58:00-04:00,2022-08-17,0.9035051420028634,0.5685381600184459,25.0,1.75,20,5.0,3.89,0.1556,timeout,20,6,2022-08-06 09:30:00-04:00,2022-11-06 09:30:00-05:00,0.16,0.27,-0.12,4.0,6.75,0.19,0.27,0.07,4.75,6.75,0.19,0.45,0.4,4.75,11.25,0.19,0.64,0.61,4.75,16.0,0.19,1.06,0.44,4.75,26.5,0.19,1.06,0.02,4.75,26.5,0.19,1.06,0.09,4.75,26.5,0.1556,False,BENCHMARK
2022-08-18 15:55:00-04:00,2022-08-18 16:15:00-04:00,2022-08-17,1.0,0.4650148099537078,25.0,1.75,20,-15.5,-16.61,-0.7444,timeout,20,6,2022-08-06 09:30:00-04:00,2022-11-06 09:30:00-05:00,0.03,0.18,0.12,0.75,4.5,0.24,0.18,0.08,6.0,4.5,0.24,0.2,-0.07,6.0,5.0,0.61,0.2,-0.41,15.25,5.0,0.83,0.2,-0.7,20.75,5.0,0.83,0.2,-0.6,20.75,5.0,0.83,0.2,-0.54,20.75,5.0,-0.6644,True,MAE>=0.75R
2022-08-19 11:01:00-04:00,2022-08-19 11:21:00-04:00,2022-08-18,0.8405651934862068,0.4723931821003529,25.0,1.75,20,6.75,5.640000000000001,0.2256,timeout,20,6,2022-08-06 09:30:00-04:00,2022-11-06 09:30:00-05:00,0.37,0.02,-0.18,9.25,0.5,0.41,0.1,0.07,10.25,2.5,0.41,0.17,0.02,10.25,4.25,0.44,0.17,-0.23,11.0,4.25,0.44,0.54,0.48,11.0,13.5,0.44,0.78,0.75,11.0,19.5,0.44,0.78,0.36,11.0,19.5,0.2256,False,BENCHMARK
2022-08-19 13:26:00-04:00,2022-08-19 13:46:00-04:00,2022-08-18,0.868979724157942,0.4393146627409943,25.0,1.75,20,14.0,12.89,0.5156000000000001,timeout,20,6,2022-08-06 09:30:00-04:00,2022-11-06 09:30:00-05:00,-0.01,0.19,0.06,-0.25,4.75,0.0,0.19,0.09,0.0,4.75,0.07,0.19,0.13,1.75,4.75,0.07,1.25,1.24,1.75,31.25,0.07,1.42,0.74,1.75,35.5,0.07,1.42,0.99,1.75,35.5,0.07,1.42,0.67,1.75,35.5,0.5156000000000001,False,BENCHMARK
2022-08-22 11:10:00-04:00,2022-08-22 11:30:00-04:00,2022-08-21,0.8515001869843771,0.48714105815789,25.0,1.75,20,1.75,0.6400000000000001,0.0256,timeout,20,6,2022-08-06 09:30:00-04:00,2022-11-06 09:30:00-05:00,0.18,0.14,0.12,4.5,3.5,0.18,0.32,-0.05,4.5,8.0,0.33,0.32,-0.28,8.25,8.0,0.5,0.32,-0.38,12.5,8.0,0.72,0.32,-0.54,18.0,8.0,0.83,0.32,-0.75,20.75,8.0,0.98,0.32,-0.31,24.5,8.0,0.0256,False,BENCHMARK
2022-08-22 15:46:00-04:00,2022-08-22 15:50:00-04:00,2022-08-21,0.8671055423432213,0.4562219542044305,25.0,1.75,20,-25.0,-26.11,-0.8944,stop,4,6,2022-08-06 09:30:00-04:00,2022-11-06 09:30:00-05:00,0.17,-0.02,-0.03,4.25,-0.5,0.35,-0.02,-0.16,8.75,-0.5,0.58,-0.02,-0.56,14.5,-0.5,1.25,-0.02,-1.18,31.25,-0.5,1.5,-0.02,-0.85,37.5,-0.5,1.5,-0.02,-0.84,37.5,-0.5,1.56,-0.02,-1.53,39.0,-0.5,-1.0444,True,MAE>=0.75R
2022-08-23 12:20:00-04:00,2022-08-23 12:35:00-04:00,2022-08-22,1.0,0.5883010233944059,25.0,1.75,20,-25.0,-26.11,-0.25439999999999996,stop,15,6,2022-08-06 09:30:00-04:00,2022-11-06 09:30:00-05:00,0.35,0.02,-0.33,8.75,0.5,0.45,0.02,-0.33,11.25,0.5,0.45,0.02,-0.37,11.25,0.5,0.5,0.09,-0.29,12.5,2.25,0.81,0.09,-0.21,20.25,2.25,0.81,0.09,-0.23,20.25,2.25,1.13,0.09,-1.06,28.25,2.25,-1.0444,True,MAE>=0.75R
2022-08-24 12:49:00-04:00,2022-08-24 13:09:00-04:00,2022-08-23,1.0,0.4403699827956226,25.0,1.75,20,-14.25,-15.36,-0.6144,timeout,20,6,2022-08-06 09:30:00-04:00,2022-11-06 09:30:00-05:00,0.03,0.34,0.32,0.75,8.5,0.03,0.46,0.38,0.75,11.5,0.03,0.56,0.39,0.75,14.0,0.03,0.56,0.27,0.75,14.0,0.03,0.56,0.1,0.75,14.0,0.03,0.56,0.06,0.75,14.0,0.13,0.56,0.31,3.25,14.0,-0.6144,False,BENCHMARK
2022-08-24 13:36:00-04:00,2022-08-24 13:56:00-04:00,2022-08-23,0.768612204174251,0.4302823646263812,25.0,1.75,20,-14.75,-15.86,-0.6344,timeout,20,6,2022-08-06 09:30:00-04:00,2022-11-06 09:30:00-05:00,0.14,0.08,0.03,3.5,2.0,0.22,0.08,-0.15,5.5,2.0,0.37,0.08,-0.31,9.25,2.0,0.45,0.08,-0.37,11.25,2.0,0.6,0.08,-0.56,15.0,2.0,0.83,0.08,-0.79,20.75,2.0,0.89,0.08,-0.68,22.25,2.0,-0.6344,False,BENCHMARK
2022-08-25 11:01:00-04:00,2022-08-25 11:16:00-04:00,2022-08-24,0.8947090342468056,0.5240329188911158,25.0,1.75,20,43.75,42.64,1.7056,target,15,6,2022-08-06 09:30:00-04:00,2022-11-06 09:30:00-05:00,0.3,0.08,-0.3,7.5,2.0,0.46,0.08,-0.3,11.5,2.0,0.46,0.08,-0.01,11.5,2.0,0.46,0.51,0.39,11.5,12.75,0.46,0.51,0.27,11.5,12.75,0.46,0.56,0.02,11.5,14.0,0.46,1.92,1.56,11.5,48.0,1.7056,False,BENCHMARK
2022-08-25 11:19:00-04:00,2022-08-25 11:39:00-04:00,2022-08-24,0.817485754985755,0.593032227168727,25.0,1.75,20,-4.5,-5.609999999999999,-0.2244,timeout,20,6,2022-08-06 09:30:00-04:00,2022-11-06 09:30:00-05:00,0.11,0.24,-0.03,2.75,6.0,0.19,0.29,0.24,4.75,7.25,0.19,0.31,0.23,4.75,7.75,0.19,1.12,1.04,4.75,28.0,0.19,1.14,0.25,4.75,28.5,0.19,1.14,0.18,4.75,28.5,0.27,1.14,0.16,6.75,28.5,-0.2244,False,BENCHMARK
2022-08-26 13:31:00-04:00,2022-08-26 13:51:00-04:00,2022-08-25,0.7553726831377876,0.4910608183607953,25.0,1.75,20,25.25,24.14,0.9656,timeout,20,6,2022-08-06 09:30:00-04:00,2022-11-06 09:30:00-05:00,0.16,0.19,0.15,4.0,4.75,0.16,0.23,0.06,4.0,5.75,0.16,0.23,-0.11,4.0,5.75,0.34,0.23,-0.12,8.5,5.75,0.34,0.35,0.28,8.5,8.75,0.34,0.92,0.81,8.5,23.0,0.34,0.98,0.69,8.5,24.5,0.9656,False,BENCHMARK
2022-08-26 13:52:00-04:00,2022-08-26 14:12:00-04:00,2022-08-25,0.996109505732406,0.4137564073003317,25.0,1.75,20,13.25,12.14,0.4856,timeout,20,6,2022-08-06 09:30:00-04:00,2022-11-06 09:30:00-05:00,0.02,0.27,0.06,0.5,6.75,0.2,0.27,-0.11,5.0,6.75,0.29,0.27,0.06,7.25,6.75,0.29,0.27,-0.11,7.25,6.75,0.33,0.27,-0.17,8.25,6.75,0.43,0.27,-0.01,10.75,6.75,0.43,0.27,-0.03,10.75,6.75,0.4856,False,BENCHMARK
2022-08-26 15:12:00-04:00,2022-08-26 15:18:00-04:00,2022-08-25,0.8702492188315304,0.4961467515652436,25.0,1.75,20,-25.0,-26.11,-0.6043999999999999,stop,6,6,2022-08-06 09:30:00-04:00,2022-11-06 09:30:00-05:00,0.05,0.18,0.16,1.25,4.5,0.17,0.18,-0.13,4.25,4.5,0.51,0.18,-0.4,12.75,4.5,0.58,0.18,-0.55,14.5,4.5,1.02,0.18,-0.56,25.5,4.5,1.02,0.29,0.25,25.5,7.25,1.02,0.29,-0.39,25.5,7.25,-1.0444,True,MAE>=0.75R
2022-08-26 15:32:00-04:00,2022-08-26 15:46:00-04:00,2022-08-25,1.0,0.5859376385661836,25.0,1.75,20,43.75,42.64,1.7056,target,14,6,2022-08-06 09:30:00-04:00,2022-11-06 09:30:00-05:00,0.28,0.03,-0.02,7.0,0.75,0.28,0.19,0.16,7.0,4.75,0.28,0.28,0.24,7.0,7.0,0.28,0.68,0.66,7.0,17.0,0.28,0.8,0.73,7.0,20.0,0.28,1.22,1.17,7.0,30.5,0.28,1.79,1.54,7.0,44.75,1.7056,False,BENCHMARK
2022-08-26 15:47:00-04:00,2022-08-26 16:07:00-04:00,2022-08-25,0.9782229965156796,0.5383728561040066,25.0,1.75,20,31.25,30.14,0.1456,timeout,20,6,2022-08-06 09:30:00-04:00,2022-11-06 09:30:00-05:00,0.25,0.13,-0.22,6.25,3.25,0.42,0.13,-0.33,10.5,3.25,0.99,0.13,-0.21,24.75,3.25,0.99,0.14,-0.45,24.75,3.5,0.99,0.45,0.19,24.75,11.25,0.99,0.45,0.25,24.75,11.25,0.99,1.15,1.1,24.75,28.75,1.2056,True,MAE>=0.75R
2022-08-26 16:17:00-04:00,2022-08-26 16:37:00-04:00,2022-08-25,0.8691399122852798,0.4803834625139674,25.0,1.75,20,2.0,0.8900000000000001,0.0356,timeout,20,6,2022-08-06 09:30:00-04:00,2022-11-06 09:30:00-05:00,0.0,0.35,0.24,0.0,8.75,0.0,0.66,0.23,0.0,16.5,0.0,0.66,0.2,0.0,16.5,0.0,0.66,0.21,0.0,16.5,0.0,0.66,0.09,0.0,16.5,0.0,0.66,0.22,0.0,16.5,0.47,0.66,-0.27,11.75,16.5,0.0356,False,BENCHMARK
2022-08-29 14:16:00-04:00,2022-08-29 14:36:00-04:00,2022-08-28,0.9529367469879516,0.5648135010021106,25.0,1.75,20,-18.25,-19.36,-0.7744,timeout,20,6,2022-08-06 09:30:00-04:00,2022-11-06 09:30:00-05:00,0.13,0.28,0.17,3.25,7.0,0.13,0.33,0.11,3.25,8.25,0.13,0.33,0.14,3.25,8.25,0.13,0.48,0.4,3.25,12.0,0.13,0.48,0.15,3.25,12.0,0.43,0.48,-0.09,10.75,12.0,0.5,0.48,-0.19,12.5,12.0,-0.7744,False,BENCHMARK
2022-08-31 12:46:00-04:00,2022-08-31 13:06:00-04:00,2022-08-30,0.9039804469273744,0.5220952093790462,25.0,1.75,20,0.25,-0.8599999999999999,-0.0343999999999999,timeout,20,6,2022-08-06 09:30:00-04:00,2022-11-06 09:30:00-05:00,0.34,0.0,-0.23,8.5,0.0,0.41,0.0,-0.34,10.25,0.0,0.62,0.0,-0.47,15.5,0.0,0.62,0.0,-0.16,15.5,0.0,0.62,0.36,0.21,15.5,9.0,0.62,0.49,0.35,15.5,12.25,0.62,0.53,-0.02,15.5,13.25,-0.0343999999999999,False,BENCHMARK
2022-08-31 14:46:00-04:00,2022-08-31 15:03:00-04:00,2022-08-30,0.8012164275733027,0.5603705148897679,25.0,1.75,20,-25.0,-26.11,-1.0444,stop,17,6,2022-08-06 09:30:00-04:00,2022-11-06 09:30:00-05:00,0.42,0.05,-0.35,10.5,1.25,0.72,0.05,-0.45,18.0,1.25,0.72,0.05,-0.3,18.0,1.25,0.72,0.05,-0.45,18.0,1.25,0.72,0.05,-0.41,18.0,1.25,0.72,0.08,-0.26,18.0,2.0,0.72,0.17,-0.09,18.0,4.25,-1.0444,False,BENCHMARK
2022-09-08 11:48:00-04:00,2022-09-08 12:02:00-04:00,2022-09-07,0.9944327077824388,0.5688219435625477,25.0,1.75,20,43.75,42.64,1.7056,target,14,6,2022-08-06 09:30:00-04:00,2022-11-06 09:30:00-05:00,0.06,0.12,0.03,1.5,3.0,0.06,0.35,0.15,1.5,8.75,0.08,0.42,0.07,2.0,10.5,0.39,0.42,-0.23,9.75,10.5,0.63,0.42,-0.31,15.75,10.5,0.63,0.42,-0.13,15.75,10.5,0.63,2.87,2.55,15.75,71.75,1.7056,False,BENCHMARK
2022-09-09 12:05:00-04:00,2022-09-09 12:25:00-04:00,2022-09-08,0.9121214993844368,0.5360449442187971,25.0,1.75,20,13.75,12.64,-0.7243999999999999,timeout,20,6,2022-08-06 09:30:00-04:00,2022-11-06 09:30:00-05:00,0.26,0.08,-0.06,6.5,2.0,0.26,0.08,0.0,6.5,2.0,0.48,0.08,-0.38,12.0,2.0,0.67,0.08,-0.46,16.75,2.0,0.85,0.08,-0.68,21.25,2.0,0.87,0.08,-0.25,21.75,2.0,0.87,0.23,-0.42,21.75,5.75,0.5056,True,MAE>=0.75R
2022-09-09 14:53:00-04:00,2022-09-09 15:02:00-04:00,2022-09-08,0.779318207811307,0.5227292882353984,25.0,1.75,20,-25.0,-26.11,-0.9044,stop,9,6,2022-08-06 09:30:00-04:00,2022-11-06 09:30:00-05:00,0.2,0.07,-0.13,5.0,1.75,0.47,0.07,-0.36,11.75,1.75,0.5,0.07,-0.3,12.5,1.75,0.74,0.07,-0.59,18.5,1.75,0.91,0.07,-0.86,22.75,1.75,1.21,0.07,-1.15,30.25,1.75,1.39,0.07,-1.12,34.75,1.75,-1.0444,True,MAE>=0.75R
2022-09-12 11:09:00-04:00,2022-09-12 11:21:00-04:00,2022-09-11,0.8532863849765259,0.5707330483673578,25.0,1.75,20,-25.0,-26.11,-1.0444,stop,12,6,2022-08-06 09:30:00-04:00,2022-11-06 09:30:00-05:00,0.46,0.02,-0.3,11.5,0.5,0.46,0.21,-0.15,11.5,5.25,0.46,0.21,0.0,11.5,5.25,0.61,0.21,-0.6,15.25,5.25,0.61,0.21,-0.18,15.25,5.25,0.94,0.21,-0.78,23.5,5.25,1.53,0.21,-1.51,38.25,5.25,-1.0444,False,BENCHMARK
2022-09-12 11:54:00-04:00,2022-09-12 12:10:00-04:00,2022-09-11,0.7974647929873425,0.4924930384349337,25.0,1.75,20,43.75,42.64,1.7056,target,16,6,2022-08-06 09:30:00-04:00,2022-11-06 09:30:00-05:00,0.01,0.36,0.28,0.25,9.0,0.01,1.65,1.27,0.25,41.25,0.01,1.65,0.75,0.25,41.25,0.01,1.65,0.9,0.25,41.25,0.01,1.65,1.06,0.25,41.25,0.01,1.65,1.16,0.25,41.25,0.01,1.65,1.4,0.25,41.25,1.7056,False,BENCHMARK
2022-09-13 13:57:00-04:00,2022-09-13 14:17:00-04:00,2022-09-12,0.7706020895446493,0.5511697202958443,25.0,1.75,20,7.25,6.140000000000001,0.2456,timeout,20,6,2022-08-06 09:30:00-04:00,2022-11-06 09:30:00-05:00,0.09,0.09,-0.07,2.25,2.25,0.09,0.2,0.16,2.25,5.0,0.11,0.33,0.31,2.75,8.25,0.11,0.67,0.48,2.75,16.75,0.11,1.12,0.46,2.75,28.0,0.11,1.12,0.45,2.75,28.0,0.11,1.12,0.82,2.75,28.0,0.2456,False,BENCHMARK
2022-09-13 14:26:00-04:00,2022-09-13 14:46:00-04:00,2022-09-12,0.7951437207685038,0.5695491388943084,25.0,1.75,20,27.5,26.39,1.0556,timeout,20,6,2022-08-06 09:30:00-04:00,2022-11-06 09:30:00-05:00,-0.01,0.32,0.08,-0.25,8.0,-0.01,0.32,0.1,-0.25,8.0,-0.01,0.34,0.18,-0.25,8.5,-0.01,0.37,0.34,-0.25,9.25,-0.01,0.44,0.35,-0.25,11.0,-0.01,0.55,0.38,-0.25,13.75,-0.01,0.89,0.79,-0.25,22.25,1.0556,False,BENCHMARK
2022-09-13 14:47:00-04:00,2022-09-13 15:07:00-04:00,2022-09-12,1.0,0.4178003228037814,25.0,1.75,20,30.75,29.64,1.1856,timeout,20,6,2022-08-06 09:30:00-04:00,2022-11-06 09:30:00-05:00,0.16,0.06,0.06,4.0,1.5,0.16,0.09,0.07,4.0,2.25,0.16,0.09,0.06,4.0,2.25,0.16,0.61,0.61,4.0,15.25,0.16,0.88,0.41,4.0,22.0,0.16,0.88,0.62,4.0,22.0,0.16,0.91,0.46,4.0,22.75,1.1856,False,BENCHMARK
2022-09-13 15:08:00-04:00,2022-09-13 15:28:00-04:00,2022-09-12,1.0,0.4813101931501747,25.0,1.75,20,33.75,32.64,1.3056,timeout,20,6,2022-08-06 09:30:00-04:00,2022-11-06 09:30:00-05:00,0.1,0.08,-0.04,2.5,2.0,0.17,0.17,0.12,4.25,4.25,0.17,0.83,0.77,4.25,20.75,0.17,0.83,0.6,4.25,20.75,0.17,0.83,0.42,4.25,20.75,0.17,0.83,0.39,4.25,20.75,0.17,1.0,0.52,4.25,25.0,1.3056,False,BENCHMARK
2022-09-13 15:29:00-04:00,2022-09-13 15:34:00-04:00,2022-09-12,1.0,0.5361247583405757,25.0,1.75,20,43.75,42.64,1.7056,target,5,6,2022-08-06 09:30:00-04:00,2022-11-06 09:30:00-05:00,0.05,0.26,0.02,1.25,6.5,0.05,0.43,0.42,1.25,10.75,0.05,0.92,0.84,1.25,23.0,0.05,1.95,1.44,1.25,48.75,0.05,2.59,1.19,1.25,64.75,0.05,2.59,1.21,1.25,64.75,0.05,2.59,1.9,1.25,64.75,1.7056,False,BENCHMARK
2022-09-15 09:30:00-04:00,2022-09-15 09:40:00-04:00,2022-09-14,0.9777843601895736,0.4807692307692308,25.0,1.75,20,-25.0,-26.11,0.48560000000000003,stop,10,6,2022-08-06 09:30:00-04:00,2022-11-06 09:30:00-05:00,0.02,0.78,0.54,0.5,19.5,0.08,0.78,0.35,2.0,19.5,0.21,0.78,-0.05,5.25,19.5,0.81,0.78,-0.17,20.25,19.5,0.81,0.78,0.53,20.25,19.5,1.27,0.78,-1.22,31.75,19.5,2.09,0.78,-1.24,52.25,19.5,-1.0444,True,MAE>=0.75R
2022-09-15 13:56:00-04:00,2022-09-15 14:02:00-04:00,2022-09-14,0.784919028340081,0.5967214132420496,25.0,1.75,20,43.75,42.64,1.7056,target,6,6,2022-08-06 09:30:00-04:00,2022-11-06 09:30:00-05:00,0.3,0.04,-0.28,7.5,1.0,0.32,0.04,-0.16,8.0,1.0,0.32,0.04,-0.14,8.0,1.0,0.32,1.43,1.35,8.0,35.75,0.32,1.93,1.88,8.0,48.25,0.32,2.05,1.95,8.0,51.25,0.32,2.31,1.61,8.0,57.75,1.7056,False,BENCHMARK
2022-09-20 12:26:00-04:00,2022-09-20 12:38:00-04:00,2022-09-19,0.8982457209909989,0.4598712332168638,25.0,1.75,20,43.75,42.64,1.7056,target,12,6,2022-08-06 09:30:00-04:00,2022-11-06 09:30:00-05:00,0.05,0.57,0.44,1.25,14.25,0.05,0.79,0.67,1.25,19.75,0.05,0.79,0.66,1.25,19.75,0.05,0.84,0.72,1.25,21.0,0.05,1.61,1.4,1.25,40.25,0.05,1.65,1.49,1.25,41.25,0.05,1.78,1.28,1.25,44.5,1.7056,False,BENCHMARK
2022-09-20 12:40:00-04:00,2022-09-20 13:00:00-04:00,2022-09-19,0.9817607003891052,0.5551692946205282,25.0,1.75,20,-9.0,-10.11,-0.4044,timeout,20,6,2022-08-06 09:30:00-04:00,2022-11-06 09:30:00-05:00,0.34,0.01,-0.3,8.5,0.25,0.37,0.01,-0.15,9.25,0.25,0.41,0.01,-0.32,10.25,0.25,0.41,0.02,-0.2,10.25,0.5,0.41,0.19,-0.31,10.25,4.75,0.41,0.19,-0.09,10.25,4.75,0.59,0.19,-0.26,14.75,4.75,-0.4044,False,BENCHMARK
2022-09-20 13:15:00-04:00,2022-09-20 13:30:00-04:00,2022-09-19,0.8774495505054463,0.5359252230361292,25.0,1.75,20,43.75,42.64,1.7056,target,15,6,2022-08-06 09:30:00-04:00,2022-11-06 09:30:00-05:00,0.05,0.26,0.15,1.25,6.5,0.05,0.26,0.02,1.25,6.5,0.09,0.26,-0.03,2.25,6.5,0.18,0.26,0.18,4.5,6.5,0.18,0.38,-0.06,4.5,9.5,0.24,0.38,-0.05,6.0,9.5,0.24,1.86,1.83,6.0,46.5,1.7056,False,BENCHMARK
2022-09-23 13:40:00-04:00,2022-09-23 14:00:00-04:00,2022-09-22,0.9673637198455084,0.5555284581685319,25.0,1.75,20,-11.75,-12.86,-0.6344,timeout,20,6,2022-08-06 09:30:00-04:00,2022-11-06 09:30:00-05:00,0.07,0.19,0.07,1.75,4.75,0.42,0.19,-0.3,10.5,4.75,0.42,0.19,-0.29,10.5,4.75,0.42,0.19,-0.32,10.5,4.75,0.97,0.19,-0.59,24.25,4.75,0.97,0.19,-0.52,24.25,4.75,0.97,0.19,-0.54,24.25,4.75,-0.5144,True,MAE>=0.75R
2022-09-29 13:23:00-04:00,2022-09-29 13:35:00-04:00,2022-09-28,0.828067022888485,0.5615987655415832,25.0,1.75,20,-25.0,-26.11,-0.43439999999999995,stop,12,6,2022-08-06 09:30:00-04:00,2022-11-06 09:30:00-05:00,0.09,0.16,-0.06,2.25,4.0,0.48,0.16,-0.36,12.0,4.0,0.48,0.18,-0.12,12.0,4.5,0.8,0.18,-0.12,20.0,4.5,0.8,0.43,-0.39,20.0,10.75,0.8,0.43,-0.58,20.0,10.75,1.23,0.43,-0.75,30.75,10.75,-1.0444,True,MAE>=0.75R
2022-09-29 13:56:00-04:00,2022-09-29 14:16:00-04:00,2022-09-28,0.8802433314191229,0.5974973838704528,25.0,1.75,20,26.5,25.39,1.0156,timeout,20,6,2022-08-06 09:30:00-04:00,2022-11-06 09:30:00-05:00,0.18,0.33,-0.02,4.5,8.25,0.18,0.45,0.35,4.5,11.25,0.18,0.64,0.45,4.5,16.0,0.18,0.92,0.64,4.5,23.0,0.18,1.08,0.86,4.5,27.0,0.18,1.08,0.06,4.5,27.0,0.18,1.08,0.35,4.5,27.0,1.0156,False,BENCHMARK
2022-10-04 12:58:00-04:00,2022-10-04 13:14:00-04:00,2022-10-03,0.7878959276018099,0.5298061403664355,25.0,1.75,20,43.75,42.64,1.7056,target,16,6,2022-08-06 09:30:00-04:00,2022-11-06 09:30:00-05:00,0.09,0.12,0.07,2.25,3.0,0.18,0.21,-0.14,4.5,5.25,0.18,0.43,0.4,4.5,10.75,0.18,0.74,0.32,4.5,18.5,0.18,1.28,1.11,4.5,32.0,0.18,1.38,1.25,4.5,34.5,0.18,1.7,1.61,4.5,42.5,1.7056,False,BENCHMARK
2022-10-06 14:16:00-04:00,2022-10-06 14:31:00-04:00,2022-10-05,1.0,0.5858622585622816,25.0,1.75,20,-25.0,-26.11,-0.6444,stop,15,6,2022-08-06 09:30:00-04:00,2022-11-06 09:30:00-05:00,0.28,0.01,-0.14,7.0,0.25,0.28,0.06,-0.15,7.0,1.5,0.28,0.06,-0.13,7.0,1.5,0.62,0.06,-0.53,15.5,1.5,0.81,0.06,-0.6,20.25,1.5,0.93,0.06,-0.74,23.25,1.5,1.08,0.06,-0.97,27.0,1.5,-1.0444,True,MAE>=0.75R
2022-10-07 12:43:00-04:00,2022-10-07 13:03:00-04:00,2022-10-06,1.0,0.598987247476987,25.0,1.75,20,16.25,15.14,0.6056,timeout,20,6,2022-08-06 09:30:00-04:00,2022-11-06 09:30:00-05:00,0.11,0.16,-0.1,2.75,4.0,0.17,0.16,0.01,4.25,4.0,0.17,0.36,0.28,4.25,9.0,0.17,0.51,0.42,4.25,12.75,0.17,0.51,-0.13,4.25,12.75,0.2,0.51,0.0,5.0,12.75,0.32,0.51,-0.11,8.0,12.75,0.6056,False,BENCHMARK
2022-10-07 13:09:00-04:00,2022-10-07 13:14:00-04:00,2022-10-06,0.9617357434201153,0.4797981589542576,25.0,1.75,20,-25.0,-26.11,-1.5444,stop,5,6,2022-08-06 09:30:00-04:00,2022-11-06 09:30:00-05:00,0.28,0.0,-0.28,7.0,0.0,0.52,0.0,-0.47,13.0,0.0,0.72,0.0,-0.59,18.0,0.0,1.05,0.0,-1.05,26.25,0.0,1.55,0.0,-1.5,38.75,0.0,1.69,0.0,-1.49,42.25,0.0,1.69,0.0,-0.8,42.25,0.0,-1.0444,True,MAE>=0.75R
2022-10-07 14:32:00-04:00,2022-10-07 14:37:00-04:00,2022-10-06,0.8188671714072113,0.5171689044181551,25.0,1.75,20,-25.0,-26.11,-0.8344,stop,5,6,2022-08-06 09:30:00-04:00,2022-11-06 09:30:00-05:00,0.18,0.05,-0.11,4.5,1.25,0.59,0.05,-0.5,14.75,1.25,0.87,0.05,-0.64,21.75,1.25,1.16,0.05,-0.94,29.0,1.25,1.16,0.05,-0.79,29.0,1.25,1.16,0.05,-0.62,29.0,1.25,1.16,0.05,-0.33,29.0,1.25,-1.0444,True,MAE>=0.75R
2022-10-07 15:26:00-04:00,2022-10-07 15:46:00-04:00,2022-10-06,0.7573865022929754,0.5315265781025523,25.0,1.75,20,-3.25,-4.359999999999999,-0.1743999999999999,timeout,20,6,2022-08-06 09:30:00-04:00,2022-11-06 09:30:00-05:00,0.0,0.57,0.53,0.0,14.25,0.0,0.58,0.58,0.0,14.5,0.0,0.61,0.24,0.0,15.25,0.0,0.79,0.59,0.0,19.75,0.0,1.36,1.1,0.0,34.0,0.0,1.36,1.0,0.0,34.0,0.71,1.36,-0.61,17.75,34.0,-0.1743999999999999,False,BENCHMARK
2022-10-10 13:01:00-04:00,2022-10-10 13:12:00-04:00,2022-10-09,0.9105082748030766,0.4561155353753924,25.0,1.75,20,-25.0,-26.11,-1.0444,stop,11,6,2022-08-06 09:30:00-04:00,2022-11-06 09:30:00-05:00,0.07,0.11,0.08,1.75,2.75,0.07,0.37,0.34,1.75,9.25,0.07,0.37,0.28,1.75,9.25,0.07,0.46,0.4,1.75,11.5,0.07,0.56,0.33,1.75,14.0,0.64,0.81,-0.46,16.0,20.25,1.32,0.81,-0.84,33.0,20.25,-1.0444,False,BENCHMARK
2022-10-12 13:36:00-04:00,2022-10-12 13:56:00-04:00,2022-10-11,1.0,0.5137812383604405,25.0,1.75,20,-5.0,-6.109999999999999,-0.2443999999999999,timeout,20,6,2022-08-06 09:30:00-04:00,2022-11-06 09:30:00-05:00,0.19,0.21,-0.17,4.75,5.25,0.22,0.21,-0.09,5.5,5.25,0.37,0.21,-0.33,9.25,5.25,0.5,0.21,-0.16,12.5,5.25,0.5,0.21,-0.29,12.5,5.25,0.5,0.21,-0.37,12.5,5.25,0.73,0.21,-0.35,18.25,5.25,-0.2443999999999999,False,BENCHMARK
2022-10-12 16:03:00-04:00,2022-10-12 16:23:00-04:00,2022-10-11,0.803396633208831,0.451149323353612,25.0,1.75,20,-9.25,-10.36,-0.4144,timeout,20,6,2022-08-06 09:30:00-04:00,2022-11-06 09:30:00-05:00,0.07,0.0,0.0,1.75,0.0,0.07,0.22,0.13,1.75,5.5,0.07,0.22,0.06,1.75,5.5,0.34,0.22,-0.25,8.5,5.5,0.36,0.22,-0.3,9.0,5.5,0.49,0.22,-0.38,12.25,5.5,0.49,0.22,-0.2,12.25,5.5,-0.4144,False,BENCHMARK
2022-10-17 15:11:00-04:00,2022-10-17 15:23:00-04:00,2022-10-16,0.8406449611370778,0.5986103474574768,25.0,1.75,20,-25.0,-26.11,-0.7143999999999999,stop,12,6,2022-08-06 09:30:00-04:00,2022-11-06 09:30:00-05:00,0.41,0.03,-0.31,10.25,0.75,0.71,0.03,-0.59,17.75,0.75,0.83,0.03,-0.66,20.75,0.75,0.89,0.03,-0.65,22.25,0.75,0.89,0.03,-0.67,22.25,0.75,0.89,0.03,-0.72,22.25,0.75,1.24,0.03,-1.2,31.0,0.75,-1.0444,True,MAE>=0.75R
2022-10-24 09:30:00-04:00,2022-10-24 09:32:00-04:00,2022-10-23,0.9992927907378704,0.5518215356237031,25.0,1.75,20,43.75,42.64,-1.2744,target,2,6,2022-08-06 09:30:00-04:00,2022-11-06 09:30:00-05:00,0.11,1.16,1.09,2.75,29.0,0.11,1.98,1.42,2.75,49.5,0.11,2.05,1.7,2.75,51.25,0.6,2.05,-0.38,15.0,51.25,1.88,2.05,-1.23,47.0,51.25,1.88,2.05,0.9,47.0,51.25,3.04,2.05,-2.38,76.0,51.25,1.7056,True,MAE>=0.75R
2022-10-24 15:49:00-04:00,2022-10-24 16:09:00-04:00,2022-10-23,1.0,0.4037308667813625,25.0,1.75,20,4.5,3.39,0.1356,timeout,20,6,2022-08-06 09:30:00-04:00,2022-11-06 09:30:00-05:00,0.34,0.04,-0.07,8.5,1.0,0.34,0.17,0.12,8.5,4.25,0.34,0.23,0.19,8.5,5.75,0.34,0.87,0.82,8.5,21.75,0.34,0.91,0.23,8.5,22.75,0.34,0.91,-0.11,8.5,22.75,0.36,0.91,-0.08,9.0,22.75,0.1356,False,BENCHMARK
2022-10-26 12:08:00-04:00,2022-10-26 12:28:00-04:00,2022-10-25,0.8821374365223216,0.5997410475160072,25.0,1.75,20,4.0,2.89,0.1156,timeout,20,6,2022-08-06 09:30:00-04:00,2022-11-06 09:30:00-05:00,0.39,0.17,0.02,9.75,4.25,0.51,0.17,-0.34,12.75,4.25,0.63,0.17,-0.56,15.75,4.25,0.63,0.17,-0.38,15.75,4.25,0.63,0.33,0.11,15.75,8.25,0.74,0.33,-0.62,18.5,8.25,0.82,0.33,-0.4,20.5,8.25,0.1156,False,BENCHMARK
2022-10-27 13:58:00-04:00,2022-10-27 14:18:00-04:00,2022-10-26,0.9051341552089808,0.4306326599386318,25.0,1.75,20,22.5,21.39,0.8556,timeout,20,6,2022-08-06 09:30:00-04:00,2022-11-06 09:30:00-05:00,0.19,0.09,-0.01,4.75,2.25,0.42,0.09,-0.38,10.5,2.25,0.42,0.09,-0.11,10.5,2.25,0.42,0.24,-0.01,10.5,6.0,0.42,0.24,-0.02,10.5,6.0,0.42,0.3,0.28,10.5,7.5,0.42,1.34,0.92,10.5,33.5,0.8556,False,BENCHMARK
2022-11-01 15:38:00-04:00,2022-11-01 15:58:00-04:00,2022-10-31,0.9438687258705688,0.4989225093559887,25.0,1.75,20,3.75,2.64,0.1056,timeout,20,6,2022-08-06 09:30:00-04:00,2022-11-06 09:30:00-05:00,0.15,0.24,0.21,3.75,6.0,0.15,0.31,-0.14,3.75,7.75,0.35,0.31,-0.07,8.75,7.75,0.35,0.31,-0.07,8.75,7.75,0.35,0.31,-0.05,8.75,7.75,0.43,0.31,-0.23,10.75,7.75,0.88,0.31,-0.19,22.0,7.75,0.1056,False,BENCHMARK
2022-11-01 16:05:00-04:00,2022-11-01 16:25:00-04:00,2022-10-31,0.8680535145233488,0.463715613415867,25.0,1.75,20,4.25,3.14,0.1256,timeout,20,6,2022-08-06 09:30:00-04:00,2022-11-06 09:30:00-05:00,0.25,-0.01,-0.12,6.25,-0.25,0.25,0.06,-0.12,6.25,1.5,0.25,0.06,-0.16,6.25,1.5,0.27,0.13,0.1,6.75,3.25,0.27,0.75,0.38,6.75,18.75,0.27,0.75,0.71,6.75,18.75,0.33,0.95,-0.26,8.25,23.75,0.1256,False,BENCHMARK
2022-11-01 16:26:00-04:00,2022-11-01 16:46:00-04:00,2022-10-31,0.8360339506172839,0.4641501569677728,25.0,1.75,20,-19.5,-20.61,-0.8244,timeout,20,6,2022-08-06 09:30:00-04:00,2022-11-06 09:30:00-05:00,0.35,0.02,-0.33,8.75,0.5,0.53,0.02,-0.53,13.25,0.5,0.64,0.02,-0.6,16.0,0.5,0.69,0.02,-0.62,17.25,0.5,0.69,0.02,-0.52,17.25,0.5,0.82,0.02,-0.78,20.5,0.5,0.87,0.02,-0.74,21.75,0.5,-0.8244,False,BENCHMARK
2022-11-02 11:13:00-04:00,2022-11-02 11:33:00-04:00,2022-11-01,0.8181155326333116,0.5677976623330555,25.0,1.75,20,4.25,3.14,0.1256,timeout,20,6,2022-08-06 09:30:00-04:00,2022-11-06 09:30:00-05:00,0.1,0.07,0.04,2.5,1.75,0.15,0.22,0.2,3.75,5.5,0.15,0.41,0.36,3.75,10.25,0.15,0.46,0.31,3.75,11.5,0.15,0.48,0.33,3.75,12.0,0.15,0.53,0.17,3.75,13.25,0.15,0.59,0.51,3.75,14.75,0.1256,False,BENCHMARK
2022-11-02 11:39:00-04:00,2022-11-02 11:59:00-04:00,2022-11-01,0.7680289163039156,0.4849949451056207,25.0,1.75,20,-7.25,-8.36,-0.3344,timeout,20,6,2022-08-06 09:30:00-04:00,2022-11-06 09:30:00-05:00,0.16,0.11,-0.13,4.0,2.75,0.39,0.11,-0.24,9.75,2.75,0.5,0.11,-0.49,12.5,2.75,0.55,0.11,-0.38,13.75,2.75,0.59,0.11,-0.52,14.75,2.75,0.72,0.11,-0.58,18.0,2.75,0.72,0.11,-0.47,18.0,2.75,-0.3344,False,BENCHMARK
2022-11-02 12:18:00-04:00,2022-11-02 12:38:00-04:00,2022-11-01,0.8191198522130395,0.4443651230024299,25.0,1.75,20,20.0,18.89,0.7556,timeout,20,6,2022-08-06 09:30:00-04:00,2022-11-06 09:30:00-05:00,0.2,0.02,-0.13,5.0,0.5,0.39,0.02,-0.37,9.75,0.5,0.39,0.02,-0.31,9.75,0.5,0.39,0.24,0.14,9.75,6.0,0.39,0.28,0.13,9.75,7.0,0.39,0.39,0.33,9.75,9.75,0.39,0.47,0.3,9.75,11.75,0.7556,False,BENCHMARK
2022-11-03 13:35:00-04:00,2022-11-03 13:55:00-04:00,2022-11-02,0.7710742468934474,0.5999450169383302,25.0,1.75,20,-5.0,-6.109999999999999,-0.2443999999999999,timeout,20,6,2022-08-06 09:30:00-04:00,2022-11-06 09:30:00-05:00,0.08,0.13,-0.01,2.0,3.25,0.08,0.36,0.33,2.0,9.0,0.22,0.36,-0.13,5.5,9.0,0.44,0.36,-0.24,11.0,9.0,0.44,0.36,-0.08,11.0,9.0,0.44,0.42,0.31,11.0,10.5,0.44,0.42,0.17,11.0,10.5,-0.2443999999999999,False,BENCHMARK
2022-11-03 14:11:00-04:00,2022-11-03 14:22:00-04:00,2022-11-02,0.7566319433946957,0.5496532519820507,25.0,1.75,20,-25.0,-26.11,-1.0444,stop,11,6,2022-08-06 09:30:00-04:00,2022-11-06 09:30:00-05:00,0.05,0.26,0.18,1.25,6.5,0.05,0.26,0.06,1.25,6.5,0.39,0.26,-0.3,9.75,6.5,0.5,0.26,-0.42,12.5,6.5,0.5,0.26,-0.43,12.5,6.5,0.97,0.26,-0.78,24.25,6.5,1.36,0.26,-1.22,34.0,6.5,-1.0444,False,BENCHMARK
2022-11-03 16:09:00-04:00,2022-11-03 16:29:00-04:00,2022-11-02,0.7624577702702703,0.5948457813802522,25.0,1.75,20,5.5,4.390000000000001,0.1756,timeout,20,6,2022-08-06 09:30:00-04:00,2022-11-06 09:30:00-05:00,0.09,0.07,0.0,2.25,1.75,0.3,0.07,-0.24,7.5,1.75,0.4,0.07,-0.34,10.0,1.75,0.42,0.07,-0.29,10.5,1.75,0.42,0.07,-0.07,10.5,1.75,0.42,0.07,-0.11,10.5,1.75,0.42,0.16,0.03,10.5,4.0,0.1756,False,BENCHMARK
2022-11-16 13:56:00-05:00,2022-11-16 14:16:00-05:00,2022-11-15,0.7737983364681742,0.5145831213586435,25.0,1.75,20,8.0,6.890000000000001,0.2756,timeout,20,7,2022-11-06 09:30:00-05:00,2023-02-06 09:30:00-05:00,0.05,0.61,0.55,1.25,15.25,0.05,0.62,0.44,1.25,15.5,0.05,0.62,0.33,1.25,15.5,0.05,0.62,0.18,1.25,15.5,0.24,0.62,-0.15,6.0,15.5,0.26,0.62,0.12,6.5,15.5,0.28,0.62,-0.01,7.0,15.5,0.2756,False,BENCHMARK
2022-12-16 16:25:00-05:00,2022-12-16 16:45:00-05:00,2022-12-15,0.8075776774751298,0.5875230591597397,25.0,1.75,20,-5.75,-6.859999999999999,-0.2744,timeout,20,7,2022-11-06 09:30:00-05:00,2023-02-06 09:30:00-05:00,0.26,0.02,-0.19,6.5,0.5,0.55,0.02,-0.54,13.75,0.5,0.58,0.02,-0.42,14.5,0.5,0.62,0.02,-0.21,15.5,0.5,0.62,0.06,-0.11,15.5,1.5,0.62,0.06,-0.23,15.5,1.5,0.62,0.06,-0.34,15.5,1.5,-0.2744,False,BENCHMARK
2022-12-19 11:08:00-05:00,2022-12-19 11:28:00-05:00,2022-12-18,0.7996808492468365,0.5930749527757256,25.0,1.75,20,-9.5,-10.61,-0.4244,timeout,20,7,2022-11-06 09:30:00-05:00,2023-02-06 09:30:00-05:00,0.21,0.1,-0.16,5.25,2.5,0.23,0.1,-0.13,5.75,2.5,0.48,0.1,-0.39,12.0,2.5,0.52,0.1,-0.2,13.0,2.5,0.7,0.1,-0.52,17.5,2.5,0.84,0.1,-0.75,21.0,2.5,0.89,0.1,-0.27,22.25,2.5,-0.4244,False,BENCHMARK
2023-02-16 16:21:00-05:00,2023-02-16 16:41:00-05:00,2023-02-15,0.7816112676965995,0.4294630058440842,25.0,1.75,20,-5.5,-6.609999999999999,-0.2643999999999999,timeout,20,8,2023-02-06 09:30:00-05:00,2023-05-06 09:30:00-04:00,0.07,0.12,0.05,1.75,3.0,0.07,0.12,0.0,1.75,3.0,0.07,0.12,0.04,1.75,3.0,0.07,0.19,0.04,1.75,4.75,0.07,0.28,0.25,1.75,7.0,0.07,0.33,0.11,1.75,8.25,0.22,0.33,-0.12,5.5,8.25,-0.2643999999999999,False,BENCHMARK
2023-03-09 13:37:00-05:00,2023-03-09 13:50:00-05:00,2023-03-08,0.980581954072579,0.5434777814533025,25.0,1.75,20,43.75,42.64,1.7056,target,13,8,2023-02-06 09:30:00-05:00,2023-05-06 09:30:00-04:00,0.2,0.05,-0.03,5.0,1.25,0.2,0.6,0.47,5.0,15.0,0.2,0.6,0.1,5.0,15.0,0.2,0.6,0.09,5.0,15.0,0.41,0.6,-0.05,10.25,15.0,0.41,0.6,0.3,10.25,15.0,0.41,1.79,1.03,10.25,44.75,1.7056,False,BENCHMARK
2023-03-10 13:20:00-05:00,2023-03-10 13:27:00-05:00,2023-03-09,0.7830678605941277,0.5332142463336641,25.0,1.75,20,43.75,42.64,1.7056,target,7,8,2023-02-06 09:30:00-05:00,2023-05-06 09:30:00-04:00,0.18,0.3,0.24,4.5,7.5,0.18,0.62,0.46,4.5,15.5,0.18,0.7,0.27,4.5,17.5,0.18,0.91,0.75,4.5,22.75,0.18,1.79,1.21,4.5,44.75,0.18,1.79,1.65,4.5,44.75,0.18,2.4,2.34,4.5,60.0,1.7056,False,BENCHMARK
2023-03-28 10:41:00-04:00,2023-03-28 11:01:00-04:00,2023-03-27,0.7616336439749278,0.5070062851472048,25.0,1.75,20,-18.75,-19.86,-0.6244,timeout,20,8,2023-02-06 09:30:00-05:00,2023-05-06 09:30:00-04:00,0.52,0.02,-0.24,13.0,0.5,0.52,0.02,-0.15,13.0,0.5,0.52,0.02,-0.15,13.0,0.5,0.66,0.02,-0.42,16.5,0.5,0.76,0.02,-0.58,19.0,0.5,0.76,0.02,-0.39,19.0,0.5,0.78,0.02,-0.37,19.5,0.5,-0.7944,True,MAE>=0.75R
2023-04-03 10:58:00-04:00,2023-04-03 11:18:00-04:00,2023-04-02,0.856148663018,0.4191597750578895,25.0,1.75,20,7.5,6.390000000000001,0.2556,timeout,20,8,2023-02-06 09:30:00-05:00,2023-05-06 09:30:00-04:00,0.09,0.42,0.36,2.25,10.5,0.09,0.42,0.09,2.25,10.5,0.09,0.42,0.11,2.25,10.5,0.09,0.42,0.2,2.25,10.5,0.09,0.56,0.48,2.25,14.0,0.09,0.72,0.68,2.25,18.0,0.09,1.34,0.89,2.25,33.5,0.2556,False,BENCHMARK
2023-04-05 10:50:00-04:00,2023-04-05 11:10:00-04:00,2023-04-04,0.7907459934647019,0.5049862167824457,25.0,1.75,20,13.75,12.64,0.5056,timeout,20,8,2023-02-06 09:30:00-05:00,2023-05-06 09:30:00-04:00,0.05,0.43,0.38,1.25,10.75,0.05,0.53,0.2,1.25,13.25,0.05,0.53,0.46,1.25,13.25,0.05,0.55,0.17,1.25,13.75,0.05,0.69,0.51,1.25,17.25,0.05,0.96,0.95,1.25,24.0,0.05,1.18,0.37,1.25,29.5,0.5056,False,BENCHMARK
2023-05-08 14:07:00-04:00,2023-05-08 14:16:00-04:00,2023-05-07,0.957532060372418,0.4491399717334897,25.0,1.75,20,-25.0,-26.11,-0.8744,stop,9,9,2023-05-06 09:30:00-04:00,2023-08-06 09:30:00-04:00,0.18,0.28,-0.12,4.5,7.0,0.3,0.28,-0.14,7.5,7.0,0.3,0.28,-0.1,7.5,7.0,0.8,0.28,-0.65,20.0,7.0,0.92,0.28,-0.83,23.0,7.0,1.27,0.28,-1.23,31.75,7.0,1.86,0.28,-1.76,46.5,7.0,-1.0444,True,MAE>=0.75R
2023-05-10 13:17:00-04:00,2023-05-10 13:37:00-04:00,2023-05-09,0.7894267282501057,0.467920136169319,25.0,1.75,20,37.25,36.14,1.4456,timeout,20,9,2023-05-06 09:30:00-04:00,2023-08-06 09:30:00-04:00,0.49,0.03,-0.44,12.25,0.75,0.49,0.03,-0.09,12.25,0.75,0.49,0.11,0.1,12.25,2.75,0.49,0.25,-0.3,12.25,6.25,0.49,1.11,0.94,12.25,27.75,0.49,1.47,1.36,12.25,36.75,0.49,1.61,1.19,12.25,40.25,1.4456,False,BENCHMARK
2023-05-11 13:47:00-04:00,2023-05-11 13:59:00-04:00,2023-05-10,0.8529774313386594,0.4018526378429939,25.0,1.75,20,-25.0,-26.11,-1.0444,stop,12,9,2023-05-06 09:30:00-04:00,2023-08-06 09:30:00-04:00,0.28,0.07,-0.16,7.0,1.75,0.28,0.11,-0.05,7.0,2.75,0.28,0.22,0.06,7.0,5.5,0.65,0.22,-0.62,16.25,5.5,0.74,0.22,-0.59,18.5,5.5,0.74,0.22,-0.61,18.5,5.5,1.21,0.22,-0.93,30.25,5.5,-1.0444,False,BENCHMARK
2023-05-12 10:01:00-04:00,2023-05-12 10:21:00-04:00,2023-05-11,0.7687357003175843,0.5447254079172482,25.0,1.75,20,12.5,11.39,0.4556,timeout,20,9,2023-05-06 09:30:00-04:00,2023-08-06 09:30:00-04:00,0.43,0.07,-0.14,10.75,1.75,0.45,0.28,0.14,11.25,7.0,0.45,0.6,0.48,11.25,15.0,0.45,0.82,0.68,11.25,20.5,0.45,0.92,0.17,11.25,23.0,0.45,0.92,0.21,11.25,23.0,0.45,0.92,0.44,11.25,23.0,0.4556,False,BENCHMARK
2023-05-23 12:42:00-04:00,2023-05-23 13:02:00-04:00,2023-05-22,0.9754207644418342,0.4551214453550598,25.0,1.75,20,-4.5,-5.609999999999999,-0.2244,timeout,20,9,2023-05-06 09:30:00-04:00,2023-08-06 09:30:00-04:00,0.17,0.11,0.09,4.25,2.75,0.17,0.11,-0.06,4.25,2.75,0.26,0.11,-0.16,6.5,2.75,0.35,0.46,0.43,8.75,11.5,0.35,0.49,0.23,8.75,12.25,0.41,0.49,-0.13,10.25,12.25,0.57,0.49,-0.42,14.25,12.25,-0.2244,False,BENCHMARK
2023-05-23 14:23:00-04:00,2023-05-23 14:43:00-04:00,2023-05-22,0.8141335628474674,0.4132992618327725,25.0,1.75,20,-5.25,-6.359999999999999,-0.7544,timeout,20,9,2023-05-06 09:30:00-04:00,2023-08-06 09:30:00-04:00,0.06,0.47,0.32,1.5,11.75,0.06,0.63,0.41,1.5,15.75,0.06,0.63,0.2,1.5,15.75,0.42,0.63,-0.38,10.5,15.75,0.75,0.63,-0.71,18.75,15.75,0.88,0.63,-0.71,22.0,15.75,0.88,0.63,0.21,22.0,15.75,-0.2543999999999999,True,MAE>=0.75R
2023-05-24 10:05:00-04:00,2023-05-24 10:25:00-04:00,2023-05-23,0.8051099534302899,0.5116500903565694,25.0,1.75,20,9.0,7.890000000000001,0.3156,timeout,20,9,2023-05-06 09:30:00-04:00,2023-08-06 09:30:00-04:00,0.05,0.2,0.02,1.25,5.0,0.08,0.22,0.05,2.0,5.5,0.09,0.23,0.1,2.25,5.75,0.11,0.35,-0.01,2.75,8.75,0.11,0.36,0.24,2.75,9.0,0.37,0.36,0.05,9.25,9.0,0.87,0.36,-0.29,21.75,9.0,0.3156,False,BENCHMARK
2023-05-25 09:31:00-04:00,2023-05-25 09:38:00-04:00,2023-05-24,0.9738049954599792,0.4750217687134362,25.0,1.75,20,43.75,42.64,1.7056,target,7,9,2023-05-06 09:30:00-04:00,2023-08-06 09:30:00-04:00,0.44,0.6,0.5,11.0,15.0,0.44,0.93,0.79,11.0,23.25,0.44,1.05,0.68,11.0,26.25,0.44,1.38,1.07,11.0,34.5,0.44,1.99,1.63,11.0,49.75,0.44,1.99,0.81,11.0,49.75,0.44,1.99,1.3,11.0,49.75,1.7056,False,BENCHMARK
2023-05-25 14:49:00-04:00,2023-05-25 15:05:00-04:00,2023-05-24,0.8040816326530612,0.4851469552242724,25.0,1.75,20,-25.0,-26.11,-1.0444,stop,16,9,2023-05-06 09:30:00-04:00,2023-08-06 09:30:00-04:00,0.32,0.09,-0.28,8.0,2.25,0.4,0.09,-0.12,10.0,2.25,0.52,0.09,-0.46,13.0,2.25,0.54,0.09,-0.4,13.5,2.25,0.54,0.09,0.0,13.5,2.25,0.54,0.09,0.03,13.5,2.25,0.79,0.09,-0.77,19.75,2.25,-1.0444,False,BENCHMARK
2023-05-30 13:30:00-04:00,2023-05-30 13:50:00-04:00,2023-05-29,1.0,0.4142575227860453,25.0,1.75,20,-17.0,-18.11,-0.5444,timeout,20,9,2023-05-06 09:30:00-04:00,2023-08-06 09:30:00-04:00,0.34,0.14,-0.28,8.5,3.5,0.65,0.14,-0.44,16.25,3.5,0.92,0.14,-0.81,23.0,3.5,0.92,0.14,-0.49,23.0,3.5,0.92,0.14,-0.5,23.0,3.5,0.92,0.14,-0.34,23.0,3.5,0.92,0.14,-0.36,23.0,3.5,-0.7243999999999999,True,MAE>=0.75R
2023-05-30 13:55:00-04:00,2023-05-30 14:15:00-04:00,2023-05-29,0.8037280549276217,0.5532884978056262,25.0,1.75,20,-6.25,-7.359999999999999,-0.2944,timeout,20,9,2023-05-06 09:30:00-04:00,2023-08-06 09:30:00-04:00,0.18,0.33,0.18,4.5,8.25,0.19,0.33,0.03,4.75,8.25,0.24,0.33,-0.07,6.0,8.25,0.35,0.33,0.12,8.75,8.25,0.35,0.53,0.25,8.75,13.25,0.35,0.64,0.35,8.75,16.0,0.35,0.64,-0.13,8.75,16.0,-0.2944,False,BENCHMARK
2023-06-01 15:38:00-04:00,2023-06-01 15:47:00-04:00,2023-05-31,1.0,0.4073177882112024,25.0,1.75,20,-25.0,-26.11,-0.7844,stop,9,9,2023-05-06 09:30:00-04:00,2023-08-06 09:30:00-04:00,0.22,0.1,0.01,5.5,2.5,0.22,0.26,-0.09,5.5,6.5,0.22,0.26,-0.01,5.5,6.5,0.38,0.26,-0.38,9.5,6.5,0.8,0.26,-0.74,20.0,6.5,1.08,0.26,-0.83,27.0,6.5,1.15,0.26,-0.84,28.75,6.5,-1.0444,True,MAE>=0.75R
2023-06-05 13:37:00-04:00,2023-06-05 13:57:00-04:00,2023-06-04,0.9886931665503154,0.4285001684614005,25.0,1.75,20,4.0,2.89,0.1156,timeout,20,9,2023-05-06 09:30:00-04:00,2023-08-06 09:30:00-04:00,0.42,0.13,-0.31,10.5,3.25,0.54,0.13,-0.39,13.5,3.25,0.54,0.13,-0.13,13.5,3.25,0.54,0.13,-0.33,13.5,3.25,0.54,0.13,0.05,13.5,3.25,0.54,0.13,-0.21,13.5,3.25,0.54,0.6,0.38,13.5,15.0,0.1156,False,BENCHMARK
2023-06-05 14:32:00-04:00,2023-06-05 14:52:00-04:00,2023-06-04,0.8195024445003299,0.4790210861165928,25.0,1.75,20,14.75,13.64,0.5456,timeout,20,9,2023-05-06 09:30:00-04:00,2023-08-06 09:30:00-04:00,0.03,0.67,0.58,0.75,16.75,0.03,1.52,1.16,0.75,38.0,0.03,1.52,0.59,0.75,38.0,0.03,1.52,0.22,0.75,38.0,0.03,1.52,0.22,0.75,38.0,0.07,1.52,0.05,1.75,38.0,0.07,1.52,0.4,1.75,38.0,0.5456,False,BENCHMARK
2023-06-06 12:57:00-04:00,2023-06-06 13:07:00-04:00,2023-06-05,0.982695832540224,0.4035285006060234,25.0,1.75,20,-25.0,-26.11,-1.0444,stop,10,9,2023-05-06 09:30:00-04:00,2023-08-06 09:30:00-04:00,0.43,0.04,-0.19,10.75,1.0,0.43,0.04,-0.08,10.75,1.0,0.47,0.04,-0.37,11.75,1.0,0.51,0.04,-0.42,12.75,1.0,0.6,0.04,-0.56,15.0,1.0,1.03,0.04,-1.03,25.75,1.0,1.56,0.04,-1.47,39.0,1.0,-1.0444,False,BENCHMARK
2023-06-07 12:25:00-04:00,2023-06-07 12:34:00-04:00,2023-06-06,0.943352782323585,0.4602277948183899,25.0,1.75,20,-25.0,-26.11,-0.9643999999999999,stop,9,9,2023-05-06 09:30:00-04:00,2023-08-06 09:30:00-04:00,0.14,0.21,0.1,3.5,5.25,0.14,0.58,0.5,3.5,14.5,0.14,0.58,0.12,3.5,14.5,0.5,0.58,-0.49,12.5,14.5,0.96,0.58,-0.92,24.0,14.5,1.27,0.58,-0.99,31.75,14.5,1.38,0.58,-1.16,34.5,14.5,-1.0444,True,MAE>=0.75R
2023-06-09 10:43:00-04:00,2023-06-09 10:51:00-04:00,2023-06-08,0.9684167140355092,0.5047453607480561,25.0,1.75,20,43.75,42.64,1.7056,target,8,9,2023-05-06 09:30:00-04:00,2023-08-06 09:30:00-04:00,0.24,0.09,-0.14,6.0,2.25,0.24,0.33,0.06,6.0,8.25,0.24,0.33,-0.2,6.0,8.25,0.6,0.33,-0.28,15.0,8.25,0.6,1.79,1.39,15.0,44.75,0.6,1.79,1.2,15.0,44.75,0.6,1.79,0.93,15.0,44.75,1.7056,False,BENCHMARK
2023-06-13 14:28:00-04:00,2023-06-13 14:48:00-04:00,2023-06-12,0.9085818001460082,0.4751530373371722,25.0,1.75,20,-16.0,-17.11,-0.6844,timeout,20,9,2023-05-06 09:30:00-04:00,2023-08-06 09:30:00-04:00,0.15,0.52,0.03,3.75,13.0,0.16,0.52,-0.01,4.0,13.0,0.42,0.52,-0.22,10.5,13.0,0.42,0.52,0.2,10.5,13.0,0.42,0.6,0.1,10.5,15.0,0.42,0.6,0.24,10.5,15.0,0.42,0.6,-0.17,10.5,15.0,-0.6844,False,BENCHMARK
2023-06-21 15:58:00-04:00,2023-06-21 16:18:00-04:00,2023-06-20,0.9542535002974004,0.4021458044360043,25.0,1.75,20,-0.75,-1.86,-0.4144,timeout,20,9,2023-05-06 09:30:00-04:00,2023-08-06 09:30:00-04:00,0.2,0.33,-0.15,5.0,8.25,0.73,0.33,-0.63,18.25,8.25,0.79,0.33,-0.6,19.75,8.25,0.79,0.33,-0.34,19.75,8.25,0.79,0.33,-0.37,19.75,8.25,0.79,0.33,-0.39,19.75,8.25,0.79,0.33,-0.44,19.75,8.25,-0.0744,True,MAE>=0.75R
2023-06-22 13:04:00-04:00,2023-06-22 13:10:00-04:00,2023-06-21,0.7826421498393997,0.4206065485540761,25.0,1.75,20,-25.0,-26.11,-1.0544,stop,6,9,2023-05-06 09:30:00-04:00,2023-08-06 09:30:00-04:00,0.31,0.22,-0.19,7.75,5.5,0.64,0.22,-0.58,16.0,5.5,0.93,0.22,-0.7,23.25,5.5,0.93,0.22,-0.59,23.25,5.5,1.13,0.22,-1.01,28.25,5.5,1.13,0.22,-0.87,28.25,5.5,1.13,0.22,-1.07,28.25,5.5,-1.0444,True,MAE>=0.75R
2023-06-23 14:45:00-04:00,2023-06-23 15:05:00-04:00,2023-06-22,0.9629326624549386,0.4249471643789462,25.0,1.75,20,-4.25,-5.359999999999999,-0.4144,timeout,20,9,2023-05-06 09:30:00-04:00,2023-08-06 09:30:00-04:00,0.76,0.03,-0.63,19.0,0.75,0.76,0.03,-0.45,19.0,0.75,0.76,0.03,-0.64,19.0,0.75,0.76,0.03,-0.51,19.0,0.75,0.76,0.03,-0.37,19.0,0.75,0.76,0.03,-0.54,19.0,0.75,0.76,0.35,0.3,19.0,8.75,-0.2143999999999999,True,MAE>=0.75R
2023-06-26 11:19:00-04:00,2023-06-26 11:28:00-04:00,2023-06-25,1.0,0.539549048521259,25.0,1.75,20,-25.0,-26.11,-0.8744,stop,9,9,2023-05-06 09:30:00-04:00,2023-08-06 09:30:00-04:00,0.23,0.07,-0.05,5.75,1.75,0.27,0.25,0.16,6.75,6.25,0.54,0.27,-0.51,13.5,6.75,0.56,0.27,-0.04,14.0,6.75,0.9,0.27,-0.83,22.5,6.75,1.05,0.27,-0.38,26.25,6.75,1.43,0.27,-1.14,35.75,6.75,-1.0444,True,MAE>=0.75R
2023-06-26 15:57:00-04:00,2023-06-26 16:01:00-04:00,2023-06-25,0.9813068161554588,0.4493237478067201,25.0,1.75,20,-25.0,-26.11,-0.7644,stop,4,9,2023-05-06 09:30:00-04:00,2023-08-06 09:30:00-04:00,0.53,0.0,-0.18,13.25,0.0,0.53,0.13,-0.04,13.25,3.25,0.79,0.13,-0.77,19.75,3.25,1.03,0.13,-0.74,25.75,3.25,1.03,0.13,-0.72,25.75,3.25,1.03,0.13,-0.73,25.75,3.25,1.03,0.13,-0.86,25.75,3.25,-1.0444,True,MAE>=0.75R
2023-06-28 11:25:00-04:00,2023-06-28 11:30:00-04:00,2023-06-27,0.8411520839700375,0.5992281404924323,25.0,1.75,20,-25.0,-26.11,-1.5744,stop,5,9,2023-05-06 09:30:00-04:00,2023-08-06 09:30:00-04:00,0.44,0.02,-0.43,11.0,0.5,0.53,0.02,-0.29,13.25,0.5,0.7,0.02,-0.56,17.5,0.5,1.0,0.02,-0.94,25.0,0.5,1.68,0.02,-1.53,42.0,0.5,1.8,0.02,-1.77,45.0,0.5,2.49,0.02,-2.08,62.25,0.5,-1.0444,True,MAE>=0.75R
2023-06-28 15:05:00-04:00,2023-06-28 15:11:00-04:00,2023-06-27,0.9606416078768316,0.4947951990688679,25.0,1.75,20,-25.0,-26.11,-1.3544,stop,6,9,2023-05-06 09:30:00-04:00,2023-08-06 09:30:00-04:00,0.31,0.1,0.09,7.75,2.5,0.31,0.39,-0.05,7.75,9.75,0.49,0.39,-0.38,12.25,9.75,0.82,0.39,-0.73,20.5,9.75,1.4,0.39,-1.31,35.0,9.75,1.54,0.39,-1.32,38.5,9.75,2.09,0.39,-2.03,52.25,9.75,-1.0444,True,MAE>=0.75R
2023-07-07 15:53:00-04:00,2023-07-07 16:13:00-04:00,2023-07-06,0.9664570230607966,0.4199283273314401,25.0,1.75,20,-7.25,-8.36,-0.3344,timeout,20,9,2023-05-06 09:30:00-04:00,2023-08-06 09:30:00-04:00,0.0,0.4,0.12,0.0,10.0,0.0,0.41,0.26,0.0,10.25,0.0,0.65,0.5,0.0,16.25,0.0,0.65,0.5,0.0,16.25,0.23,0.67,-0.04,5.75,16.75,0.26,0.67,0.0,6.5,16.75,0.43,0.67,-0.35,10.75,16.75,-0.3344,False,BENCHMARK
2023-07-10 12:01:00-04:00,2023-07-10 12:21:00-04:00,2023-07-09,1.0,0.4765444847487737,25.0,1.75,20,7.0,5.890000000000001,0.2356,timeout,20,9,2023-05-06 09:30:00-04:00,2023-08-06 09:30:00-04:00,0.02,0.98,0.91,0.5,24.5,0.02,1.02,0.38,0.5,25.5,0.02,1.02,0.26,0.5,25.5,0.02,1.02,0.46,0.5,25.5,0.02,1.16,1.07,0.5,29.0,0.02,1.34,1.11,0.5,33.5,0.02,1.42,0.91,0.5,35.5,0.2356,False,BENCHMARK
2023-07-12 11:40:00-04:00,2023-07-12 12:00:00-04:00,2023-07-11,0.9919410057915402,0.5565308328119052,25.0,1.75,20,9.0,7.890000000000001,0.3156,timeout,20,9,2023-05-06 09:30:00-04:00,2023-08-06 09:30:00-04:00,0.2,0.64,0.14,5.0,16.0,0.2,0.64,-0.12,5.0,16.0,0.32,0.64,-0.25,8.0,16.0,0.32,0.98,0.62,8.0,24.5,0.46,0.98,-0.43,11.5,24.5,0.56,0.98,0.01,14.0,24.5,0.56,1.32,0.5,14.0,33.0,0.3156,False,BENCHMARK
2023-07-18 09:37:00-04:00,2023-07-18 09:41:00-04:00,2023-07-17,0.8051197169748825,0.48568515658159,25.0,1.75,20,-25.0,-26.11,-0.5844,stop,4,9,2023-05-06 09:30:00-04:00,2023-08-06 09:30:00-04:00,0.67,0.06,-0.44,16.75,1.5,0.67,0.06,-0.13,16.75,1.5,0.67,0.11,-0.5,16.75,2.75,1.3,0.11,-0.8,32.5,2.75,1.3,0.11,-0.54,32.5,2.75,1.3,0.11,-0.97,32.5,2.75,1.3,0.87,0.54,32.5,21.75,-1.0444,True,MAE>=0.75R
2023-07-19 12:25:00-04:00,2023-07-19 12:45:00-04:00,2023-07-18,0.7636382429298687,0.583909092102442,25.0,1.75,20,-2.0,-3.11,-0.2744,timeout,20,9,2023-05-06 09:30:00-04:00,2023-08-06 09:30:00-04:00,0.17,0.22,0.06,4.25,5.5,0.66,0.22,-0.63,16.5,5.5,0.81,0.22,-0.31,20.25,5.5,0.81,0.35,0.2,20.25,8.75,0.81,0.93,-0.23,20.25,23.25,0.81,0.93,-0.59,20.25,23.25,0.81,1.08,0.7,20.25,27.0,-0.1244,True,MAE>=0.75R
2023-07-20 10:05:00-04:00,2023-07-20 10:24:00-04:00,2023-07-19,0.7998127786237815,0.4600833993322802,25.0,1.75,20,43.75,42.64,-0.3344,target,19,9,2023-05-06 09:30:00-04:00,2023-08-06 09:30:00-04:00,0.32,0.07,-0.2,8.0,1.75,0.32,0.19,0.14,8.0,4.75,0.32,0.44,-0.15,8.0,11.0,0.32,0.76,0.37,8.0,19.0,0.84,0.76,-0.29,21.0,19.0,0.84,0.76,0.22,21.0,19.0,0.84,1.56,1.34,21.0,39.0,1.7056,True,MAE>=0.75R
2023-07-20 12:34:00-04:00,2023-07-20 12:50:00-04:00,2023-07-19,1.0,0.4188169196504754,25.0,1.75,20,-25.0,-26.11,-0.9444,stop,16,9,2023-05-06 09:30:00-04:00,2023-08-06 09:30:00-04:00,0.45,0.16,-0.43,11.25,4.0,0.51,0.16,-0.46,12.75,4.0,0.51,0.16,-0.07,12.75,4.0,0.51,0.16,-0.33,12.75,4.0,0.97,0.16,-0.9,24.25,4.0,0.97,0.16,-0.72,24.25,4.0,0.97,0.16,-0.58,24.25,4.0,-1.0444,True,MAE>=0.75R
2023-07-20 15:16:00-04:00,2023-07-20 15:36:00-04:00,2023-07-19,0.9402483159358748,0.4802462599381287,25.0,1.75,20,-19.5,-20.61,-0.8244,timeout,20,9,2023-05-06 09:30:00-04:00,2023-08-06 09:30:00-04:00,0.08,0.52,0.34,2.0,13.0,0.1,0.52,0.32,2.5,13.0,0.1,0.52,0.41,2.5,13.0,0.1,0.52,0.35,2.5,13.0,0.1,0.58,0.33,2.5,14.5,0.1,0.66,0.66,2.5,16.5,0.61,0.8,-0.56,15.25,20.0,-0.8244,False,BENCHMARK
2023-07-26 11:00:00-04:00,2023-07-26 11:14:00-04:00,2023-07-25,1.0,0.449958212821444,25.0,1.75,20,-25.0,-26.11,-1.0444,stop,14,9,2023-05-06 09:30:00-04:00,2023-08-06 09:30:00-04:00,0.33,0.29,0.26,8.25,7.25,0.33,0.29,0.06,8.25,7.25,0.33,0.29,-0.12,8.25,7.25,0.69,0.29,-0.47,17.25,7.25,0.69,0.29,-0.3,17.25,7.25,0.73,0.29,-0.56,18.25,7.25,1.06,0.29,-0.98,26.5,7.25,-1.0444,False,BENCHMARK
2023-07-27 10:25:00-04:00,2023-07-27 10:45:00-04:00,2023-07-26,1.0,0.5956226289604838,25.0,1.75,20,-15.5,-16.61,-0.6644,timeout,20,9,2023-05-06 09:30:00-04:00,2023-08-06 09:30:00-04:00,0.12,0.44,0.42,3.0,11.0,0.12,0.96,0.5,3.0,24.0,0.12,1.01,0.73,3.0,25.25,0.12,1.44,1.14,3.0,36.0,0.12,1.52,0.7,3.0,38.0,0.12,1.52,0.66,3.0,38.0,0.13,1.52,-0.11,3.25,38.0,-0.6644,False,BENCHMARK
2023-07-27 13:06:00-04:00,2023-07-27 13:20:00-04:00,2023-07-26,0.9251408967218676,0.4802375086965463,25.0,1.75,20,43.75,42.64,-0.7044,target,14,9,2023-05-06 09:30:00-04:00,2023-08-06 09:30:00-04:00,0.23,0.57,0.49,5.75,14.25,0.26,0.92,-0.15,6.5,23.0,0.73,0.92,-0.39,18.25,23.0,0.82,0.92,-0.7,20.5,23.0,0.92,0.92,-0.66,23.0,23.0,0.92,0.92,0.39,23.0,23.0,0.92,2.08,1.54,23.0,52.0,1.7056,True,MAE>=0.75R
2023-07-28 13:47:00-04:00,2023-07-28 13:52:00-04:00,2023-07-27,0.9349914726636958,0.408468576479288,25.0,1.75,20,-25.0,-26.11,-1.5044,stop,5,9,2023-05-06 09:30:00-04:00,2023-08-06 09:30:00-04:00,0.48,0.04,-0.27,12.0,1.0,0.48,0.04,-0.1,12.0,1.0,0.6,0.04,-0.6,15.0,1.0,1.35,0.04,-1.33,33.75,1.0,1.59,0.04,-1.46,39.75,1.0,2.1,0.04,-1.93,52.5,1.0,2.5,0.04,-2.3,62.5,1.0,-1.0444,True,MAE>=0.75R
2023-08-02 09:36:00-04:00,2023-08-02 09:44:00-04:00,2023-08-01,0.909141297696147,0.576046101540656,25.0,1.75,20,-25.0,-26.11,-0.18439999999999998,stop,8,9,2023-05-06 09:30:00-04:00,2023-08-06 09:30:00-04:00,0.25,0.64,0.41,6.25,16.0,0.25,0.71,0.18,6.25,17.75,0.4,0.71,-0.38,10.0,17.75,0.45,0.71,0.0,11.25,17.75,1.11,0.71,-0.14,27.75,17.75,1.11,0.71,-0.1,27.75,17.75,1.11,0.71,0.4,27.75,17.75,-1.0444,True,MAE>=0.75R
2023-08-02 15:27:00-04:00,2023-08-02 15:38:00-04:00,2023-08-01,0.9374490150878756,0.4305392077500996,25.0,1.75,20,-25.0,-26.11,-1.0444,stop,11,9,2023-05-06 09:30:00-04:00,2023-08-06 09:30:00-04:00,0.38,0.05,-0.1,9.5,1.25,0.38,0.06,-0.03,9.5,1.5,0.38,0.14,0.01,9.5,3.5,0.38,0.14,-0.14,9.5,3.5,0.62,0.14,-0.55,15.5,3.5,0.97,0.14,-0.91,24.25,3.5,1.02,0.14,-0.47,25.5,3.5,-1.0444,False,BENCHMARK
2023-08-04 14:01:00-04:00,2023-08-04 14:18:00-04:00,2023-08-03,0.9427586143679813,0.5229829482057767,25.0,1.75,20,43.75,42.64,1.7056,target,17,9,2023-05-06 09:30:00-04:00,2023-08-06 09:30:00-04:00,0.03,0.42,0.07,0.75,10.5,0.09,0.42,0.26,2.25,10.5,0.09,1.06,0.94,2.25,26.5,0.09,1.28,0.66,2.25,32.0,0.09,1.28,0.57,2.25,32.0,0.09,1.28,0.63,2.25,32.0,0.09,1.28,0.89,2.25,32.0,1.7056,False,BENCHMARK
2023-08-08 09:47:00-04:00,2023-08-08 10:01:00-04:00,2023-08-07,0.7669790858842285,0.5949623954699251,25.0,1.75,20,43.75,42.64,1.7056,target,14,10,2023-08-06 09:30:00-04:00,2023-11-06 09:30:00-05:00,0.02,0.47,0.42,0.5,11.75,0.02,1.18,1.08,0.5,29.5,0.02,1.58,1.21,0.5,39.5,0.02,1.58,1.27,0.5,39.5,0.02,1.58,0.78,0.5,39.5,0.02,1.58,0.87,0.5,39.5,0.02,1.94,1.47,0.5,48.5,1.7056,False,BENCHMARK
2023-08-09 09:43:00-04:00,2023-08-09 10:03:00-04:00,2023-08-08,1.0,0.4600462824985536,25.0,1.75,20,8.25,7.140000000000001,0.2856,timeout,20,10,2023-08-06 09:30:00-04:00,2023-11-06 09:30:00-05:00,0.02,0.65,0.09,0.5,16.25,0.02,0.65,0.01,0.5,16.25,0.25,0.65,-0.03,6.25,16.25,0.32,0.65,0.1,8.0,16.25,0.32,1.28,0.84,8.0,32.0,0.32,1.37,0.79,8.0,34.25,0.32,1.37,0.56,8.0,34.25,0.2856,False,BENCHMARK
2023-08-09 15:55:00-04:00,2023-08-09 16:01:00-04:00,2023-08-08,1.0,0.4786557037920093,25.0,1.75,20,-25.0,-26.11,-0.7944,stop,6,10,2023-08-06 09:30:00-04:00,2023-11-06 09:30:00-05:00,0.51,0.31,-0.35,12.75,7.75,0.57,0.31,-0.26,14.25,7.75,0.57,0.31,-0.05,14.25,7.75,0.75,0.31,-0.74,18.75,7.75,1.15,0.31,-0.75,28.75,7.75,1.15,0.31,-0.94,28.75,7.75,1.15,0.31,-0.87,28.75,7.75,-1.0444,True,MAE>=0.75R
2023-08-15 10:24:00-04:00,2023-08-15 10:44:00-04:00,2023-08-14,1.0,0.5648568573482232,25.0,1.75,20,-16.5,-17.61,0.2156,timeout,20,10,2023-08-06 09:30:00-04:00,2023-11-06 09:30:00-05:00,0.35,0.31,-0.14,8.75,7.75,0.43,0.31,-0.33,10.75,7.75,0.54,0.31,-0.44,13.5,7.75,0.8,0.31,-0.63,20.0,7.75,0.8,0.51,0.26,20.0,12.75,0.8,0.51,0.19,20.0,12.75,0.8,0.51,-0.44,20.0,12.75,-0.7044,True,MAE>=0.75R
2023-08-16 15:11:00-04:00,2023-08-16 15:31:00-04:00,2023-08-15,1.0,0.5785838256692555,25.0,1.75,20,-1.25,-2.36,-0.0944,timeout,20,10,2023-08-06 09:30:00-04:00,2023-11-06 09:30:00-05:00,0.04,0.45,0.04,1.0,11.25,0.07,0.45,0.39,1.75,11.25,0.07,0.51,0.32,1.75,12.75,0.07,0.57,0.39,1.75,14.25,0.07,0.92,0.33,1.75,23.0,0.28,0.92,0.33,7.0,23.0,0.28,0.92,0.22,7.0,23.0,-0.0944,False,BENCHMARK
2023-08-17 09:51:00-04:00,2023-08-17 10:11:00-04:00,2023-08-16,0.8515544920056943,0.5825984817937975,25.0,1.75,20,21.25,20.14,0.8056,timeout,20,10,2023-08-06 09:30:00-04:00,2023-11-06 09:30:00-05:00,0.21,0.18,-0.08,5.25,4.5,0.22,0.2,0.15,5.5,5.0,0.22,0.81,0.71,5.5,20.25,0.22,1.02,-0.08,5.5,25.5,0.39,1.02,0.18,9.75,25.5,0.43,1.02,0.39,10.75,25.5,0.43,1.19,0.38,10.75,29.75,0.8056,False,BENCHMARK
2023-08-17 13:30:00-04:00,2023-08-17 13:50:00-04:00,2023-08-16,0.8608396283116002,0.408009151312214,25.0,1.75,20,22.25,21.14,0.8456,timeout,20,10,2023-08-06 09:30:00-04:00,2023-11-06 09:30:00-05:00,0.14,0.24,0.15,3.5,6.0,0.14,0.24,0.14,3.5,6.0,0.14,0.24,0.1,3.5,6.0,0.14,0.34,0.11,3.5,8.5,0.14,0.34,0.2,3.5,8.5,0.14,0.34,0.08,3.5,8.5,0.14,1.37,1.13,3.5,34.25,0.8456,False,BENCHMARK
2023-08-17 14:56:00-04:00,2023-08-17 15:15:00-04:00,2023-08-16,0.9134657851635276,0.4130187058431654,25.0,1.75,20,43.75,42.64,0.055600000000000004,target,19,10,2023-08-06 09:30:00-04:00,2023-11-06 09:30:00-05:00,0.68,0.02,-0.36,17.0,0.5,0.68,0.02,-0.18,17.0,0.5,0.68,0.02,-0.36,17.0,0.5,0.77,0.02,-0.69,19.25,0.5,0.77,0.17,0.1,19.25,4.25,0.77,0.17,-0.39,19.25,4.25,0.77,1.21,1.1,19.25,30.25,1.7056,True,MAE>=0.75R
2023-08-22 09:38:00-04:00,2023-08-22 09:58:00-04:00,2023-08-21,0.8703099450083192,0.5121360074332497,25.0,1.75,20,32.25,31.14,1.2456,timeout,20,10,2023-08-06 09:30:00-04:00,2023-11-06 09:30:00-05:00,0.42,0.04,-0.11,10.5,1.0,0.42,0.49,0.41,10.5,12.25,0.42,0.66,0.12,10.5,16.5,0.42,0.66,-0.12,10.5,16.5,0.71,0.66,-0.17,17.75,16.5,0.94,0.66,-0.1,23.5,16.5,0.94,0.66,0.41,23.5,16.5,1.2456,False,BENCHMARK
2023-08-22 12:13:00-04:00,2023-08-22 12:33:00-04:00,2023-08-21,0.907763775215574,0.4491637594011325,25.0,1.75,20,-0.5,-1.61,-0.0644,timeout,20,10,2023-08-06 09:30:00-04:00,2023-11-06 09:30:00-05:00,0.01,0.38,0.29,0.25,9.5,0.01,0.38,0.25,0.25,9.5,0.01,0.76,0.57,0.25,19.0,0.01,0.76,0.15,0.25,19.0,0.01,0.76,0.28,0.25,19.0,0.01,0.76,0.24,0.25,19.0,0.49,0.76,-0.46,12.25,19.0,-0.0644,False,BENCHMARK
2023-08-24 09:32:00-04:00,2023-08-24 09:38:00-04:00,2023-08-23,0.9127764431613864,0.5418821549411826,25.0,1.75,20,43.75,42.64,1.7056,target,6,10,2023-08-06 09:30:00-04:00,2023-11-06 09:30:00-05:00,0.07,0.51,0.38,1.75,12.75,0.07,1.05,0.94,1.75,26.25,0.07,1.12,1.02,1.75,28.0,0.07,1.69,1.66,1.75,42.25,0.07,2.16,1.59,1.75,54.0,0.07,2.71,2.55,1.75,67.75,0.07,3.08,2.86,1.75,77.0,1.7056,False,BENCHMARK
2023-08-24 15:55:00-04:00,2023-08-24 15:57:00-04:00,2023-08-23,0.9402104855055582,0.5553110920215284,25.0,1.75,20,-25.0,-26.11,0.7756000000000001,stop,2,10,2023-08-06 09:30:00-04:00,2023-11-06 09:30:00-05:00,0.77,0.09,-0.71,19.25,2.25,1.09,0.09,-0.74,27.25,2.25,1.09,0.09,-0.84,27.25,2.25,1.09,0.54,0.27,27.25,13.5,1.09,1.08,0.82,27.25,27.0,1.09,1.08,0.47,27.25,27.0,1.09,1.08,0.58,27.25,27.0,-1.0444,True,MAE>=0.75R
2023-08-28 13:54:00-04:00,2023-08-28 14:14:00-04:00,2023-08-27,0.9101745651784447,0.4992768359600988,25.0,1.75,20,6.75,5.640000000000001,0.2256,timeout,20,10,2023-08-06 09:30:00-04:00,2023-11-06 09:30:00-05:00,-0.02,0.7,0.6,-0.5,17.5,-0.02,0.82,0.59,-0.5,20.5,-0.02,1.04,0.97,-0.5,26.0,-0.02,1.06,0.63,-0.5,26.5,-0.02,1.06,0.4,-0.5,26.5,-0.02,1.06,0.34,-0.5,26.5,0.17,1.06,-0.04,4.25,26.5,0.2256,False,BENCHMARK
2023-09-11 09:40:00-04:00,2023-09-11 10:00:00-04:00,2023-09-10,0.7652111901234809,0.4709375712207009,25.0,1.75,20,0.75,-0.3599999999999999,-0.0143999999999999,timeout,20,10,2023-08-06 09:30:00-04:00,2023-11-06 09:30:00-05:00,0.22,0.19,-0.07,5.5,4.75,0.37,0.19,-0.17,9.25,4.75,0.37,0.2,-0.15,9.25,5.0,0.39,0.31,0.3,9.75,7.75,0.39,1.15,0.64,9.75,28.75,0.39,1.15,0.47,9.75,28.75,0.51,1.15,-0.44,12.75,28.75,-0.0143999999999999,False,BENCHMARK
2023-09-12 10:52:00-04:00,2023-09-12 11:12:00-04:00,2023-09-11,1.0,0.4532660717729352,25.0,1.75,20,23.5,22.39,0.8956000000000001,timeout,20,10,2023-08-06 09:30:00-04:00,2023-11-06 09:30:00-05:00,0.17,0.15,0.06,4.25,3.75,0.17,0.37,0.37,4.25,9.25,0.17,0.39,-0.05,4.25,9.75,0.2,0.39,0.06,5.0,9.75,0.2,0.63,0.1,5.0,15.75,0.2,0.63,-0.09,5.0,15.75,0.45,0.63,0.19,11.25,15.75,0.8956000000000001,False,BENCHMARK
2023-09-13 15:06:00-04:00,2023-09-13 15:26:00-04:00,2023-09-12,0.893156066188346,0.4402228221805368,25.0,1.75,20,-6.5,-7.609999999999999,-0.3044,timeout,20,10,2023-08-06 09:30:00-04:00,2023-11-06 09:30:00-05:00,0.01,0.34,0.25,0.25,8.5,0.05,0.34,0.21,1.25,8.5,0.05,0.41,0.2,1.25,10.25,0.05,0.42,0.05,1.25,10.5,0.12,0.68,0.54,3.0,17.0,0.12,0.69,0.08,3.0,17.25,0.31,0.69,-0.1,7.75,17.25,-0.3044,False,BENCHMARK
2023-09-20 09:31:00-04:00,2023-09-20 09:35:00-04:00,2023-09-19,0.884594566719967,0.4118221980680563,25.0,1.75,20,-25.0,-26.11,-1.5044,stop,4,10,2023-08-06 09:30:00-04:00,2023-11-06 09:30:00-05:00,0.64,0.01,-0.38,16.0,0.25,0.64,0.01,-0.56,16.0,0.25,0.85,0.01,-0.51,21.25,0.25,1.22,0.01,-0.82,30.5,0.25,1.47,0.01,-1.46,36.75,0.25,2.13,0.01,-1.97,53.25,0.25,2.22,0.01,-2.07,55.5,0.25,-1.0444,True,MAE>=0.75R
2023-09-22 09:40:00-04:00,2023-09-22 09:45:00-04:00,2023-09-21,1.0,0.4050682842166161,25.0,1.75,20,-25.0,-26.11,-2.1844,stop,5,10,2023-08-06 09:30:00-04:00,2023-11-06 09:30:00-05:00,0.43,0.11,-0.16,10.75,2.75,0.81,0.11,-0.71,20.25,2.75,0.81,0.11,-0.56,20.25,2.75,1.4,0.11,-1.39,35.0,2.75,2.34,0.11,-2.14,58.5,2.75,2.34,0.11,-1.55,58.5,2.75,2.34,0.11,-1.33,58.5,2.75,-1.0444,True,MAE>=0.75R
2023-09-22 13:38:00-04:00,2023-09-22 13:58:00-04:00,2023-09-21,1.0,0.4475465016391718,25.0,1.75,20,-7.0,-8.11,-0.3243999999999999,timeout,20,10,2023-08-06 09:30:00-04:00,2023-11-06 09:30:00-05:00,0.28,0.02,-0.24,7.0,0.5,0.38,0.02,-0.21,9.5,0.5,0.38,0.02,-0.07,9.5,0.5,0.38,0.22,0.07,9.5,5.5,0.38,0.22,-0.12,9.5,5.5,0.38,0.32,0.24,9.5,8.0,0.55,0.36,0.01,13.75,9.0,-0.3243999999999999,False,BENCHMARK
2023-09-22 15:44:00-04:00,2023-09-22 15:52:00-04:00,2023-09-21,0.855561191600045,0.4037402920706158,25.0,1.75,20,43.75,42.64,1.7056,target,8,10,2023-08-06 09:30:00-04:00,2023-11-06 09:30:00-05:00,0.37,0.18,-0.18,9.25,4.5,0.37,0.27,0.21,9.25,6.75,0.37,0.65,0.6,9.25,16.25,0.37,0.73,0.39,9.25,18.25,0.37,1.84,1.79,9.25,46.0,0.37,1.84,1.56,9.25,46.0,0.37,1.84,1.25,9.25,46.0,1.7056,False,BENCHMARK
2023-09-27 13:40:00-04:00,2023-09-27 14:00:00-04:00,2023-09-26,1.0,0.4341920723689977,25.0,1.75,20,-12.5,-13.61,-0.5444,timeout,20,10,2023-08-06 09:30:00-04:00,2023-11-06 09:30:00-05:00,0.2,0.47,0.43,5.0,11.75,0.2,0.5,0.43,5.0,12.5,0.2,0.5,0.05,5.0,12.5,0.59,0.5,-0.47,14.75,12.5,0.59,0.5,-0.26,14.75,12.5,0.59,0.5,-0.39,14.75,12.5,0.99,0.5,-0.62,24.75,12.5,-0.5444,False,BENCHMARK
2023-09-27 15:37:00-04:00,2023-09-27 15:57:00-04:00,2023-09-26,0.8818846896240157,0.5446564751669851,25.0,1.75,20,4.25,3.14,0.1256,timeout,20,10,2023-08-06 09:30:00-04:00,2023-11-06 09:30:00-05:00,0.36,0.1,-0.32,9.0,2.5,0.5,0.1,-0.21,12.5,2.5,0.5,0.67,0.59,12.5,16.75,0.5,1.36,1.23,12.5,34.0,0.5,1.52,1.32,12.5,38.0,0.5,1.52,0.99,12.5,38.0,0.5,1.52,0.51,12.5,38.0,0.1256,False,BENCHMARK
2023-09-29 11:53:00-04:00,2023-09-29 11:56:00-04:00,2023-09-28,1.0,0.591868129941621,25.0,1.75,20,-25.0,-26.11,-0.8344,stop,3,10,2023-08-06 09:30:00-04:00,2023-11-06 09:30:00-05:00,0.64,0.06,-0.54,16.0,1.5,0.89,0.06,-0.84,22.25,1.5,1.29,0.06,-1.13,32.25,1.5,1.44,0.06,-1.25,36.0,1.5,1.44,0.06,-0.79,36.0,1.5,1.44,0.06,-0.73,36.0,1.5,1.65,0.06,-1.38,41.25,1.5,-1.0444,True,MAE>=0.75R
2023-10-12 13:02:00-04:00,2023-10-12 13:09:00-04:00,2023-10-11,0.9160568286588712,0.4022019249311898,25.0,1.75,20,43.75,42.64,1.7056,target,7,10,2023-08-06 09:30:00-04:00,2023-11-06 09:30:00-05:00,0.02,0.76,0.74,0.5,19.0,0.02,0.89,0.52,0.5,22.25,0.02,1.22,1.02,0.5,30.5,0.02,1.23,1.2,0.5,30.75,0.02,1.85,1.66,0.5,46.25,0.02,2.19,2.17,0.5,54.75,0.02,3.63,3.49,0.5,90.75,1.7056,False,BENCHMARK
2023-10-12 14:08:00-04:00,2023-10-12 14:28:00-04:00,2023-10-11,0.8985419952262432,0.542986623656668,25.0,1.75,20,-18.25,-19.36,-0.7744,timeout,20,10,2023-08-06 09:30:00-04:00,2023-11-06 09:30:00-05:00,0.04,0.38,0.34,1.0,9.5,0.04,0.75,0.65,1.0,18.75,0.04,1.16,0.98,1.0,29.0,0.04,1.16,0.88,1.0,29.0,0.04,1.16,0.79,1.0,29.0,0.04,1.16,0.69,1.0,29.0,0.49,1.16,-0.43,12.25,29.0,-0.7744,False,BENCHMARK
2023-10-13 13:06:00-04:00,2023-10-13 13:26:00-04:00,2023-10-12,0.7554601608912833,0.5146035307936396,25.0,1.75,20,41.5,40.39,1.6156,timeout,20,10,2023-08-06 09:30:00-04:00,2023-11-06 09:30:00-05:00,0.29,0.01,-0.22,7.25,0.25,0.29,0.11,0.01,7.25,2.75,0.29,0.2,-0.04,7.25,5.0,0.62,0.2,-0.58,15.5,5.0,0.65,0.53,0.45,16.25,13.25,0.65,0.77,0.62,16.25,19.25,0.65,0.77,0.43,16.25,19.25,1.6156,False,BENCHMARK
2023-10-17 09:40:00-04:00,2023-10-17 09:52:00-04:00,2023-10-16,0.7776584243675297,0.4514735015164531,25.0,1.75,20,43.75,42.64,1.7056,target,12,10,2023-08-06 09:30:00-04:00,2023-11-06 09:30:00-05:00,0.69,0.23,-0.53,17.25,5.75,0.69,0.23,-0.28,17.25,5.75,0.69,0.32,0.11,17.25,8.0,0.69,1.3,1.09,17.25,32.5,0.69,1.53,1.35,17.25,38.25,0.69,1.53,0.95,17.25,38.25,0.69,2.41,1.53,17.25,60.25,1.7056,False,BENCHMARK
2023-10-17 13:52:00-04:00,2023-10-17 14:12:00-04:00,2023-10-16,0.7531846701936166,0.4989568906575972,25.0,1.75,20,0.25,-0.8599999999999999,-0.0343999999999999,timeout,20,10,2023-08-06 09:30:00-04:00,2023-11-06 09:30:00-05:00,0.26,0.6,0.46,6.5,15.0,0.26,0.6,0.44,6.5,15.0,0.26,0.88,0.74,6.5,22.0,0.26,1.03,0.28,6.5,25.75,0.26,1.03,0.34,6.5,25.75,0.26,1.03,0.69,6.5,25.75,0.26,1.03,0.22,6.5,25.75,-0.0343999999999999,False,BENCHMARK
2023-10-18 12:38:00-04:00,2023-10-18 12:58:00-04:00,2023-10-17,0.932941242107956,0.4513639312073771,25.0,1.75,20,8.5,7.390000000000001,-0.25439999999999996,timeout,20,10,2023-08-06 09:30:00-04:00,2023-11-06 09:30:00-05:00,0.15,0.28,0.2,3.75,7.0,0.15,0.28,0.07,3.75,7.0,0.15,0.28,-0.07,3.75,7.0,0.76,0.28,-0.42,19.0,7.0,0.76,0.28,-0.21,19.0,7.0,0.76,0.28,0.08,19.0,7.0,0.76,0.72,0.62,19.0,18.0,0.2956,True,MAE>=0.75R
2023-10-18 15:47:00-04:00,2023-10-18 15:51:00-04:00,2023-10-17,0.8984125921780961,0.5170754369663926,25.0,1.75,20,-25.0,-26.11,-1.4544,stop,4,10,2023-08-06 09:30:00-04:00,2023-11-06 09:30:00-05:00,0.17,0.16,-0.12,4.25,4.0,0.46,0.16,-0.32,11.5,4.0,0.87,0.16,-0.86,21.75,4.0,1.3,0.16,-0.79,32.5,4.0,2.13,0.16,-1.41,53.25,4.0,2.13,0.16,-1.53,53.25,4.0,3.35,0.16,-2.44,83.75,4.0,-1.0444,True,MAE>=0.75R
2023-10-19 09:40:00-04:00,2023-10-19 09:53:00-04:00,2023-10-18,0.7945339812383613,0.5806349818551568,25.0,1.75,20,-25.0,-26.11,-1.0444,stop,13,10,2023-08-06 09:30:00-04:00,2023-11-06 09:30:00-05:00,0.19,0.29,0.27,4.75,7.25,0.19,0.74,0.42,4.75,18.5,0.19,0.74,0.09,4.75,18.5,0.19,0.86,0.05,4.75,21.5,0.23,0.86,0.52,5.75,21.5,0.43,0.86,-0.31,10.75,21.5,1.38,0.86,-0.58,34.5,21.5,-1.0444,False,BENCHMARK
2023-10-24 12:32:00-04:00,2023-10-24 12:52:00-04:00,2023-10-23,1.0,0.4037622061324311,25.0,1.75,20,27.0,25.89,1.0356,timeout,20,10,2023-08-06 09:30:00-04:00,2023-11-06 09:30:00-05:00,0.16,0.02,-0.06,4.0,0.5,0.23,0.11,-0.06,5.75,2.75,0.23,0.34,0.32,5.75,8.5,0.23,0.38,-0.02,5.75,9.5,0.23,0.38,0.17,5.75,9.5,0.23,0.72,0.59,5.75,18.0,0.23,1.08,0.99,5.75,27.0,1.0356,False,BENCHMARK
2023-10-25 09:32:00-04:00,2023-10-25 09:36:00-04:00,2023-10-24,1.0,0.4381716659946354,25.0,1.75,20,43.75,42.64,1.7056,target,4,10,2023-08-06 09:30:00-04:00,2023-11-06 09:30:00-05:00,0.22,0.34,0.2,5.5,8.5,0.22,0.84,0.69,5.5,21.0,0.22,1.53,1.43,5.5,38.25,0.22,1.85,1.34,5.5,46.25,0.22,1.91,1.52,5.5,47.75,0.22,2.53,1.73,5.5,63.25,0.22,3.16,2.58,5.5,79.0,1.7056,False,BENCHMARK
2023-10-25 09:37:00-04:00,2023-10-25 09:46:00-04:00,2023-10-24,0.883131067961165,0.5650277870303817,25.0,1.75,20,43.75,42.64,1.7056,target,9,10,2023-08-06 09:30:00-04:00,2023-11-06 09:30:00-05:00,0.28,0.57,0.07,7.0,14.25,0.28,0.57,-0.16,7.0,14.25,0.46,0.57,0.18,11.5,14.25,0.46,1.19,0.39,11.5,29.75,0.46,1.63,1.6,11.5,40.75,0.46,1.82,1.24,11.5,45.5,0.46,2.04,1.38,11.5,51.0,1.7056,False,BENCHMARK
2023-10-25 13:02:00-04:00,2023-10-25 13:22:00-04:00,2023-10-24,1.0,0.4334294630178293,25.0,1.75,20,4.25,3.14,0.1256,timeout,20,10,2023-08-06 09:30:00-04:00,2023-11-06 09:30:00-05:00,0.2,0.03,-0.11,5.0,0.75,0.2,0.45,0.29,5.0,11.25,0.2,0.5,0.39,5.0,12.5,0.2,0.5,0.24,5.0,12.5,0.26,0.5,-0.03,6.5,12.5,0.26,0.5,0.02,6.5,12.5,0.71,0.5,-0.04,17.75,12.5,0.1256,False,BENCHMARK
2023-10-26 11:43:00-04:00,2023-10-26 11:46:00-04:00,2023-10-25,0.8402085684237182,0.5398134675058291,25.0,1.75,20,-25.0,-26.11,-1.3444,stop,3,10,2023-08-06 09:30:00-04:00,2023-11-06 09:30:00-05:00,0.45,0.08,0.07,11.25,2.0,0.58,0.08,-0.55,14.5,2.0,1.14,0.08,-1.07,28.5,2.0,1.4,0.08,-1.22,35.0,2.0,1.46,0.08,-1.3,36.5,2.0,1.56,0.08,-1.29,39.0,2.0,2.14,0.08,-1.69,53.5,2.0,-1.0444,True,MAE>=0.75R
2023-10-26 15:35:00-04:00,2023-10-26 15:45:00-04:00,2023-10-25,1.0,0.5333794989568906,25.0,1.75,20,43.75,42.64,1.7056,target,10,10,2023-08-06 09:30:00-04:00,2023-11-06 09:30:00-05:00,0.26,0.17,0.16,6.5,4.25,0.26,0.37,0.19,6.5,9.25,0.26,0.56,0.45,6.5,14.0,0.26,1.32,0.99,6.5,33.0,0.26,1.35,1.17,6.5,33.75,0.26,1.98,1.85,6.5,49.5,0.26,2.03,0.9,6.5,50.75,1.7056,False,BENCHMARK
2023-10-27 13:05:00-04:00,2023-10-27 13:25:00-04:00,2023-10-26,1.0,0.5041242264336179,25.0,1.75,20,17.0,15.89,0.6356,timeout,20,10,2023-08-06 09:30:00-04:00,2023-11-06 09:30:00-05:00,0.08,0.88,0.7,2.0,22.0,0.08,0.94,0.76,2.0,23.5,0.08,0.94,0.44,2.0,23.5,0.08,0.94,0.24,2.0,23.5,0.22,0.94,0.58,5.5,23.5,0.22,0.95,0.44,5.5,23.75,0.22,1.52,1.33,5.5,38.0,0.6356,False,BENCHMARK
2023-10-30 12:43:00-04:00,2023-10-30 13:03:00-04:00,2023-10-29,0.9841186262921656,0.5030504374046738,25.0,1.75,20,-9.0,-10.11,-0.5844,timeout,20,10,2023-08-06 09:30:00-04:00,2023-11-06 09:30:00-05:00,0.19,0.06,-0.04,4.75,1.5,0.19,0.24,0.2,4.75,6.0,0.19,0.47,0.12,4.75,11.75,0.44,0.47,-0.16,11.0,11.75,0.84,0.47,-0.54,21.0,11.75,0.84,0.47,-0.26,21.0,11.75,0.84,0.47,-0.27,21.0,11.75,-0.4044,True,MAE>=0.75R
2023-10-31 09:35:00-04:00,2023-10-31 09:53:00-04:00,2023-10-30,1.0,0.5522299749303133,25.0,1.75,20,43.75,42.64,1.7056,target,18,10,2023-08-06 09:30:00-04:00,2023-11-06 09:30:00-05:00,0.02,0.62,0.46,0.5,15.5,0.02,1.22,1.04,0.5,30.5,0.02,1.23,0.78,0.5,30.75,0.02,1.23,0.87,0.5,30.75,0.02,1.23,0.51,0.5,30.75,0.02,1.23,0.37,0.5,30.75,0.02,1.23,0.58,0.5,30.75,1.7056,False,BENCHMARK
2023-10-31 11:30:00-04:00,2023-10-31 11:34:00-04:00,2023-10-30,0.7820343894009522,0.5522518889921285,25.0,1.75,20,-25.0,-26.11,-0.9444,stop,4,10,2023-08-06 09:30:00-04:00,2023-11-06 09:30:00-05:00,0.09,0.15,-0.03,2.25,3.75,0.76,0.15,-0.53,19.0,3.75,0.83,0.15,-0.8,20.75,3.75,1.42,0.15,-0.97,35.5,3.75,1.42,0.15,-0.9,35.5,3.75,1.42,0.15,-1.1,35.5,3.75,1.42,0.29,-0.18,35.5,7.25,-1.0444,True,MAE>=0.75R
2023-11-08 10:21:00-05:00,2023-11-08 10:41:00-05:00,2023-11-07,0.7952065738363414,0.527011716348434,25.0,1.75,20,5.0,3.89,0.1556,timeout,20,11,2023-11-06 09:30:00-05:00,2024-02-06 09:30:00-05:00,0.03,0.44,0.12,0.75,11.0,0.45,0.44,-0.19,11.25,11.0,0.45,0.44,-0.23,11.25,11.0,0.45,0.44,-0.13,11.25,11.0,0.45,0.44,0.02,11.25,11.0,0.45,0.44,-0.29,11.25,11.0,0.45,0.44,-0.19,11.25,11.0,0.1556,False,BENCHMARK
2023-11-09 10:31:00-05:00,2023-11-09 10:38:00-05:00,2023-11-08,0.7642140316963715,0.4892629415587837,25.0,1.75,20,-25.0,-26.11,-0.7143999999999999,stop,7,11,2023-11-06 09:30:00-05:00,2024-02-06 09:30:00-05:00,0.72,0.02,-0.63,18.0,0.5,0.72,0.02,-0.04,18.0,0.5,0.72,0.02,-0.18,18.0,0.5,0.72,0.1,-0.05,18.0,2.5,1.19,0.1,-0.67,29.75,2.5,1.19,0.1,-0.29,29.75,2.5,1.19,0.1,-0.61,29.75,2.5,-1.0444,True,MAE>=0.75R
2023-11-09 14:05:00-05:00,2023-11-09 14:25:00-05:00,2023-11-08,0.9890332802688272,0.5889309490769203,25.0,1.75,20,-25.0,-26.11,-0.23439999999999997,stop,20,11,2023-11-06 09:30:00-05:00,2024-02-06 09:30:00-05:00,0.24,0.44,0.3,6.0,11.0,0.25,0.62,0.05,6.25,15.5,0.55,0.62,-0.52,13.75,15.5,0.76,0.62,-0.4,19.0,15.5,0.76,0.62,-0.19,19.0,15.5,0.76,0.62,0.17,19.0,15.5,0.76,1.08,0.21,19.0,27.0,-1.0444,True,MAE>=0.75R
2023-11-09 14:54:00-05:00,2023-11-09 15:14:00-05:00,2023-11-08,0.913812301980233,0.4624049254334346,25.0,1.75,20,-4.0,-5.109999999999999,-0.2043999999999999,timeout,20,11,2023-11-06 09:30:00-05:00,2024-02-06 09:30:00-05:00,0.35,0.24,-0.32,8.75,6.0,0.35,0.24,-0.06,8.75,6.0,0.42,0.24,-0.21,10.5,6.0,0.42,0.24,-0.04,10.5,6.0,0.42,0.83,0.47,10.5,20.75,0.42,0.83,0.28,10.5,20.75,0.42,0.83,0.07,10.5,20.75,-0.2043999999999999,False,BENCHMARK
2023-11-21 10:29:00-05:00,2023-11-21 10:49:00-05:00,2023-11-20,0.90065779332897,0.4845992376468935,25.0,1.75,20,-19.5,-20.61,-0.8244,timeout,20,11,2023-11-06 09:30:00-05:00,2024-02-06 09:30:00-05:00,0.1,0.18,0.12,2.5,4.5,0.1,0.39,0.09,2.5,9.75,0.1,0.39,-0.05,2.5,9.75,0.27,0.39,0.06,6.75,9.75,0.57,0.39,-0.05,14.25,9.75,0.57,0.39,0.11,14.25,9.75,0.63,0.39,-0.39,15.75,9.75,-0.8244,False,BENCHMARK
2023-11-29 10:12:00-05:00,2023-11-29 10:32:00-05:00,2023-11-28,0.8809460341048124,0.4470129459502187,25.0,1.75,20,1.25,0.1400000000000001,0.0056,timeout,20,11,2023-11-06 09:30:00-05:00,2024-02-06 09:30:00-05:00,0.08,0.44,0.28,2.0,11.0,0.08,0.44,0.2,2.0,11.0,0.08,0.75,0.62,2.0,18.75,0.08,0.75,0.46,2.0,18.75,0.08,1.15,0.65,2.0,28.75,0.08,1.15,0.72,2.0,28.75,0.08,1.45,0.76,2.0,36.25,0.0056,False,BENCHMARK
2023-11-29 11:20:00-05:00,2023-11-29 11:40:00-05:00,2023-11-28,1.0,0.4581101020569481,25.0,1.75,20,-5.0,-6.109999999999999,-0.2443999999999999,timeout,20,11,2023-11-06 09:30:00-05:00,2024-02-06 09:30:00-05:00,0.17,0.11,-0.16,4.25,2.75,0.19,0.11,-0.06,4.75,2.75,0.36,0.11,-0.26,9.0,2.75,0.36,0.11,-0.06,9.0,2.75,0.36,0.31,0.15,9.0,7.75,0.36,0.5,-0.01,9.0,12.5,0.36,0.75,0.0,9.0,18.75,-0.2443999999999999,False,BENCHMARK
2023-11-30 10:42:00-05:00,2023-11-30 11:00:00-05:00,2023-11-29,0.8694811642148903,0.578720862829138,25.0,1.75,20,-25.0,-26.11,-1.0444,stop,18,11,2023-11-06 09:30:00-05:00,2024-02-06 09:30:00-05:00,0.25,0.19,-0.22,6.25,4.75,0.74,0.19,-0.42,18.5,4.75,0.74,0.19,-0.21,18.5,4.75,0.74,0.41,0.26,18.5,10.25,0.74,0.65,0.11,18.5,16.25,0.74,0.65,0.36,18.5,16.25,0.74,0.65,-0.15,18.5,16.25,-1.0444,False,BENCHMARK
2023-12-04 10:22:00-05:00,2023-12-04 10:32:00-05:00,2023-12-03,1.0,0.4622775738200214,25.0,1.75,20,43.75,42.64,1.7056,target,10,11,2023-11-06 09:30:00-05:00,2024-02-06 09:30:00-05:00,0.11,0.37,0.32,2.75,9.25,0.11,0.99,0.89,2.75,24.75,0.11,1.12,1.08,2.75,28.0,0.11,1.43,1.3,2.75,35.75,0.11,1.6,1.31,2.75,40.0,0.11,1.84,1.15,2.75,46.0,0.11,2.18,1.87,2.75,54.5,1.7056,False,BENCHMARK
2023-12-04 10:33:00-05:00,2023-12-04 10:53:00-05:00,2023-12-03,1.0,0.5277011716348434,25.0,1.75,20,14.25,13.14,0.5256000000000001,timeout,20,11,2023-11-06 09:30:00-05:00,2024-02-06 09:30:00-05:00,0.13,0.34,0.21,3.25,8.5,0.13,0.34,0.05,3.25,8.5,0.13,0.34,0.24,3.25,8.5,0.55,0.38,-0.28,13.75,9.5,0.55,0.38,-0.1,13.75,9.5,0.55,0.38,-0.36,13.75,9.5,0.55,0.38,-0.19,13.75,9.5,0.5256000000000001,False,BENCHMARK
2023-12-05 11:29:00-05:00,2023-12-05 11:47:00-05:00,2023-12-04,0.7557728923359494,0.529031776423264,25.0,1.75,20,-25.0,-26.11,-0.17439999999999997,stop,18,11,2023-11-06 09:30:00-05:00,2024-02-06 09:30:00-05:00,0.5,0.07,-0.38,12.5,1.75,0.54,0.07,-0.23,13.5,1.75,0.75,0.07,-0.67,18.75,1.75,0.83,0.07,-0.32,20.75,1.75,0.83,0.07,-0.13,20.75,1.75,0.83,0.07,-0.35,20.75,1.75,0.83,0.07,-0.4,20.75,1.75,-1.0444,True,MAE>=0.75R
2023-12-05 12:46:00-05:00,2023-12-05 12:49:00-05:00,2023-12-04,0.9775352030888992,0.4080170036361081,25.0,1.75,20,-25.0,-26.11,-0.9244,stop,3,11,2023-11-06 09:30:00-05:00,2024-02-06 09:30:00-05:00,0.6,-0.02,-0.43,15.0,-0.5,0.84,-0.02,-0.75,21.0,-0.5,1.06,-0.02,-1.0,26.5,-0.5,1.15,-0.02,-0.97,28.75,-0.5,1.15,-0.02,-0.88,28.75,-0.5,1.28,-0.02,-1.19,32.0,-0.5,1.85,-0.02,-1.04,46.25,-0.5,-1.0444,True,MAE>=0.75R
2023-12-06 09:47:00-05:00,2023-12-06 10:07:00-05:00,2023-12-05,0.772997359189198,0.592575840081505,25.0,1.75,20,14.5,13.39,-0.0544,timeout,20,11,2023-11-06 09:30:00-05:00,2024-02-06 09:30:00-05:00,0.18,0.19,0.07,4.5,4.75,0.18,0.28,0.08,4.5,7.0,0.47,0.29,-0.47,11.75,7.25,0.86,0.29,-0.74,21.5,7.25,0.86,0.29,-0.01,21.5,7.25,0.86,0.29,-0.02,21.5,7.25,0.86,1.27,1.02,21.5,31.75,0.5356000000000001,True,MAE>=0.75R
2023-12-13 15:26:00-05:00,2023-12-13 15:27:00-05:00,2023-12-12,1.0,0.5996065274289026,25.0,1.75,20,-25.0,-26.11,-1.7444,stop,1,11,2023-11-06 09:30:00-05:00,2024-02-06 09:30:00-05:00,1.03,0.1,-0.9,25.75,2.5,1.16,0.1,-1.11,29.0,2.5,1.48,0.1,-1.33,37.0,2.5,1.52,0.1,-1.52,38.0,2.5,1.81,0.1,-1.7,45.25,2.5,2.56,0.1,-2.28,64.0,2.5,2.87,0.1,-2.65,71.75,2.5,-1.0444,True,MAE>=0.75R
2023-12-14 13:13:00-05:00,2023-12-14 13:33:00-05:00,2023-12-13,1.0,0.5657266068260465,25.0,1.75,20,7.25,6.140000000000001,0.2456,timeout,20,11,2023-11-06 09:30:00-05:00,2024-02-06 09:30:00-05:00,0.23,0.12,-0.18,5.75,3.0,0.23,0.12,0.05,5.75,3.0,0.23,0.18,-0.1,5.75,4.5,0.36,0.18,0.09,9.0,4.5,0.36,0.31,0.15,9.0,7.75,0.36,0.31,0.16,9.0,7.75,0.36,0.63,0.36,9.0,15.75,0.2456,False,BENCHMARK
2023-12-15 14:00:00-05:00,2023-12-15 14:12:00-05:00,2023-12-14,0.8607985327787746,0.5477041578106062,25.0,1.75,20,-25.0,-26.11,-0.8443999999999999,stop,12,11,2023-11-06 09:30:00-05:00,2024-02-06 09:30:00-05:00,0.1,0.11,0.01,2.5,2.75,0.42,0.11,-0.4,10.5,2.75,0.79,0.11,-0.74,19.75,2.75,0.84,0.11,-0.24,21.0,2.75,0.96,0.11,-0.8,24.0,2.75,0.96,0.11,-0.72,24.0,2.75,1.25,0.11,-1.18,31.25,2.75,-1.0444,True,MAE>=0.75R
2023-12-21 10:08:00-05:00,2023-12-21 10:13:00-05:00,2023-12-20,1.0,0.5639305099334259,25.0,1.75,20,-25.0,-26.11,-1.5944,stop,5,11,2023-11-06 09:30:00-05:00,2024-02-06 09:30:00-05:00,0.27,0.36,0.14,6.75,9.0,0.66,0.36,-0.55,16.5,9.0,0.66,0.36,-0.12,16.5,9.0,1.36,0.36,-1.18,34.0,9.0,1.69,0.36,-1.55,42.25,9.0,1.93,0.36,-1.84,48.25,9.0,3.23,0.36,-2.94,80.75,9.0,-1.0444,True,MAE>=0.75R
2023-12-21 10:52:00-05:00,2023-12-21 11:04:00-05:00,2023-12-20,0.7971595029028598,0.5882854081399638,25.0,1.75,20,-25.0,-26.11,-1.0444,stop,12,11,2023-11-06 09:30:00-05:00,2024-02-06 09:30:00-05:00,0.32,0.1,-0.01,8.0,2.5,0.32,0.2,0.04,8.0,5.0,0.32,0.21,-0.15,8.0,5.25,0.32,0.31,-0.04,8.0,7.75,0.66,0.31,-0.31,16.5,7.75,0.66,0.31,-0.41,16.5,7.75,1.27,0.31,-0.52,31.75,7.75,-1.0444,False,BENCHMARK
2023-12-21 12:09:00-05:00,2023-12-21 12:29:00-05:00,2023-12-20,1.0,0.4122547383583059,25.0,1.75,20,-6.5,-7.609999999999999,-0.2244,timeout,20,11,2023-11-06 09:30:00-05:00,2024-02-06 09:30:00-05:00,0.46,0.05,-0.26,11.5,1.25,0.75,0.05,-0.58,18.75,1.25,0.75,0.05,-0.32,18.75,1.25,0.75,0.05,-0.2,18.75,1.25,0.83,0.05,-0.18,20.75,1.25,0.83,0.05,-0.42,20.75,1.25,0.83,0.11,-0.42,20.75,2.75,-0.3044,True,MAE>=0.75R
2023-12-29 11:06:00-05:00,2023-12-29 11:16:00-05:00,2023-12-28,1.0,0.4169579651847037,25.0,1.75,20,43.75,42.64,1.7056,target,10,11,2023-11-06 09:30:00-05:00,2024-02-06 09:30:00-05:00,0.34,0.16,0.12,8.5,4.0,0.34,0.64,0.31,8.5,16.0,0.34,0.64,0.02,8.5,16.0,0.34,0.64,0.23,8.5,16.0,0.34,1.13,1.06,8.5,28.25,0.34,2.15,1.83,8.5,53.75,0.34,2.15,1.55,8.5,53.75,1.7056,False,BENCHMARK
2023-12-29 11:31:00-05:00,2023-12-29 11:47:00-05:00,2023-12-28,0.9644794741450516,0.4005383899242916,25.0,1.75,20,-25.0,-26.11,-1.0444,stop,16,11,2023-11-06 09:30:00-05:00,2024-02-06 09:30:00-05:00,0.24,0.23,0.12,6.0,5.75,0.24,0.23,-0.17,6.0,5.75,0.42,0.23,-0.19,10.5,5.75,0.42,0.23,-0.15,10.5,5.75,0.58,0.23,-0.45,14.5,5.75,0.73,0.23,-0.48,18.25,5.75,0.96,0.23,-0.88,24.0,5.75,-1.0444,False,BENCHMARK
2024-01-02 10:30:00-05:00,2024-01-02 10:50:00-05:00,2024-01-01,0.9938243478368358,0.5881097507421525,25.0,1.75,20,15.25,14.14,0.5656,timeout,20,11,2023-11-06 09:30:00-05:00,2024-02-06 09:30:00-05:00,0.28,0.14,0.12,7.0,3.5,0.28,0.15,0.05,7.0,3.75,0.31,0.15,-0.05,7.75,3.75,0.31,0.31,0.17,7.75,7.75,0.31,0.4,0.32,7.75,10.0,0.31,0.4,0.05,7.75,10.0,0.7,0.4,-0.47,17.5,10.0,0.5656,False,BENCHMARK
2024-01-03 10:32:00-05:00,2024-01-03 10:52:00-05:00,2024-01-02,0.7596515316401689,0.4494853238244128,25.0,1.75,20,-10.0,-11.11,-0.4443999999999999,timeout,20,11,2023-11-06 09:30:00-05:00,2024-02-06 09:30:00-05:00,0.28,0.09,-0.22,7.0,2.25,0.45,0.09,-0.27,11.25,2.25,0.6,0.09,-0.56,15.0,2.25,0.6,0.56,0.51,15.0,14.0,0.6,0.97,0.54,15.0,24.25,0.6,0.97,0.21,15.0,24.25,0.6,0.97,0.17,15.0,24.25,-0.4443999999999999,False,BENCHMARK
2024-01-11 11:39:00-05:00,2024-01-11 11:49:00-05:00,2024-01-10,0.777524676479805,0.5848337402729716,25.0,1.75,20,-25.0,-26.11,-0.6744,stop,10,11,2023-11-06 09:30:00-05:00,2024-02-06 09:30:00-05:00,0.51,0.26,-0.27,12.75,6.5,0.59,0.26,-0.43,14.75,6.5,0.59,0.26,-0.12,14.75,6.5,0.59,0.41,0.37,14.75,10.25,0.75,1.04,-0.63,18.75,26.0,1.17,1.04,-1.1,29.25,26.0,1.38,1.04,0.11,34.5,26.0,-1.0444,True,MAE>=0.75R
2024-01-12 11:56:00-05:00,2024-01-12 12:16:00-05:00,2024-01-11,1.0,0.4002573380877935,25.0,1.75,20,-20.25,-21.36,-0.8543999999999999,timeout,20,11,2023-11-06 09:30:00-05:00,2024-02-06 09:30:00-05:00,0.11,0.19,-0.07,2.75,4.75,0.5,0.19,-0.45,12.5,4.75,0.5,0.19,-0.1,12.5,4.75,0.5,0.34,0.14,12.5,8.5,0.5,0.34,0.12,12.5,8.5,0.51,0.34,-0.43,12.75,8.5,0.51,0.34,-0.45,12.75,8.5,-0.8543999999999999,False,BENCHMARK
2024-01-16 11:57:00-05:00,2024-01-16 12:17:00-05:00,2024-01-15,1.0,0.5026919496214584,25.0,1.75,20,0.25,-0.8599999999999999,-0.0343999999999999,timeout,20,11,2023-11-06 09:30:00-05:00,2024-02-06 09:30:00-05:00,0.23,0.06,-0.01,5.75,1.5,0.3,0.1,-0.21,7.5,2.5,0.67,0.1,-0.59,16.75,2.5,0.67,0.1,-0.09,16.75,2.5,0.67,0.8,0.48,16.75,20.0,0.67,1.14,1.02,16.75,28.5,0.67,1.23,0.92,16.75,30.75,-0.0343999999999999,False,BENCHMARK
2024-01-18 13:18:00-05:00,2024-01-18 13:32:00-05:00,2024-01-17,1.0,0.4314145690245745,25.0,1.75,20,-25.0,-26.11,-1.0444,stop,14,11,2023-11-06 09:30:00-05:00,2024-02-06 09:30:00-05:00,0.37,0.08,-0.23,9.25,2.0,0.37,0.11,-0.11,9.25,2.75,0.37,0.18,-0.02,9.25,4.5,0.55,0.43,-0.39,13.75,10.75,0.55,0.43,-0.02,13.75,10.75,0.67,0.43,-0.34,16.75,10.75,1.26,0.43,-1.18,31.5,10.75,-1.0444,False,BENCHMARK
2024-01-22 10:30:00-05:00,2024-01-22 10:50:00-05:00,2024-01-21,0.8890942299769545,0.576700802754308,25.0,1.75,20,15.5,14.39,0.5756,timeout,20,11,2023-11-06 09:30:00-05:00,2024-02-06 09:30:00-05:00,0.31,0.28,-0.16,7.75,7.0,0.31,0.54,-0.22,7.75,13.5,0.65,0.54,-0.61,16.25,13.5,0.65,0.54,-0.27,16.25,13.5,0.65,0.54,-0.32,16.25,13.5,0.74,0.54,-0.19,18.5,13.5,0.74,0.54,0.31,18.5,13.5,0.5756,False,BENCHMARK
2024-01-24 11:14:00-05:00,2024-01-24 11:22:00-05:00,2024-01-23,1.0,0.4065151328848214,25.0,1.75,20,-25.0,-26.11,-0.9244,stop,8,11,2023-11-06 09:30:00-05:00,2024-02-06 09:30:00-05:00,0.12,0.29,0.01,3.0,7.25,0.31,0.29,-0.23,7.75,7.25,0.43,0.29,-0.4,10.75,7.25,0.68,0.29,-0.64,17.0,7.25,1.11,0.29,-0.88,27.75,7.25,1.11,0.29,-0.64,27.75,7.25,1.11,0.29,-0.52,27.75,7.25,-1.0444,True,MAE>=0.75R
2024-01-24 14:28:00-05:00,2024-01-24 14:40:00-05:00,2024-01-23,0.9283246531855504,0.4597173672469216,25.0,1.75,20,-25.0,-26.11,-0.7644,stop,12,11,2023-11-06 09:30:00-05:00,2024-02-06 09:30:00-05:00,0.25,0.09,-0.2,6.25,2.25,0.69,0.09,-0.63,17.25,2.25,0.77,0.09,-0.48,19.25,2.25,0.77,0.09,-0.07,19.25,2.25,0.77,0.18,-0.72,19.25,4.5,0.77,0.18,-0.35,19.25,4.5,1.43,0.18,-1.32,35.75,4.5,-1.0444,True,MAE>=0.75R
2024-01-24 16:08:00-05:00,2024-01-24 16:28:00-05:00,2024-01-23,0.8749403444305744,0.4450631488345131,25.0,1.75,20,-16.0,-17.11,-0.38439999999999996,timeout,20,11,2023-11-06 09:30:00-05:00,2024-02-06 09:30:00-05:00,0.39,0.14,-0.22,9.75,3.5,0.85,0.14,-0.82,21.25,3.5,0.85,0.14,-0.71,21.25,3.5,0.96,0.14,-0.61,24.0,3.5,0.96,0.14,-0.34,24.0,3.5,0.96,0.14,-0.46,24.0,3.5,0.96,0.14,-0.28,24.0,3.5,-0.6844,True,MAE>=0.75R
2024-01-31 10:37:00-05:00,2024-01-31 10:57:00-05:00,2024-01-30,1.0,0.4030898136275009,25.0,1.75,20,-6.75,-7.859999999999999,-0.49439999999999995,timeout,20,11,2023-11-06 09:30:00-05:00,2024-02-06 09:30:00-05:00,0.49,0.02,-0.35,12.25,0.5,0.54,0.02,-0.3,13.5,0.5,0.67,0.02,-0.48,16.75,0.5,0.79,0.02,-0.69,19.75,0.5,0.93,0.02,-0.45,23.25,0.5,0.93,0.02,-0.73,23.25,0.5,0.93,0.02,-0.43,23.25,0.5,-0.3143999999999999,True,MAE>=0.75R
2024-02-01 11:17:00-05:00,2024-02-01 11:33:00-05:00,2024-01-31,0.7563038208308712,0.451290203586924,25.0,1.75,20,-25.0,-26.11,-0.2244,stop,16,11,2023-11-06 09:30:00-05:00,2024-02-06 09:30:00-05:00,0.18,0.1,-0.07,4.5,2.5,0.3,0.1,-0.05,7.5,2.5,0.3,0.15,-0.1,7.5,3.75,0.73,0.15,-0.69,18.25,3.75,0.82,0.15,-0.18,20.5,3.75,0.82,0.15,-0.21,20.5,3.75,0.82,0.15,-0.7,20.5,3.75,-1.0444,True,MAE>=0.75R
2024-02-05 10:39:00-05:00,2024-02-05 10:42:00-05:00,2024-02-04,0.8900210035135571,0.4893507702576894,25.0,1.75,20,43.75,42.64,1.7056,target,3,11,2023-11-06 09:30:00-05:00,2024-02-06 09:30:00-05:00,0.04,0.82,0.77,1.0,20.5,0.04,1.18,1.04,1.0,29.5,0.04,1.8,1.69,1.0,45.0,0.04,1.8,1.42,1.0,45.0,0.04,1.89,1.15,1.0,47.25,0.04,1.89,0.74,1.0,47.25,0.04,1.89,0.75,1.0,47.25,1.7056,False,BENCHMARK
2024-02-05 10:43:00-05:00,2024-02-05 10:57:00-05:00,2024-02-04,0.7958230815310466,0.5940601450930106,25.0,1.75,20,-25.0,-26.11,-1.0444,stop,14,11,2023-11-06 09:30:00-05:00,2024-02-06 09:30:00-05:00,0.11,0.35,0.14,2.75,8.75,0.11,0.61,0.26,2.75,15.25,0.11,0.61,0.1,2.75,15.25,0.34,0.61,-0.3,8.5,15.25,0.65,0.61,-0.27,16.25,15.25,0.65,0.61,-0.47,16.25,15.25,1.11,0.61,-1.02,27.75,15.25,-1.0444,False,BENCHMARK
2024-02-06 09:50:00-05:00,2024-02-06 10:03:00-05:00,2024-02-05,0.976323277640292,0.5979773050642028,25.0,1.75,20,43.75,42.64,1.7056,target,13,12,2024-02-06 09:30:00-05:00,2024-05-06 09:30:00-04:00,0.0,0.59,0.26,0.0,14.75,0.3,0.59,-0.2,7.5,14.75,0.68,0.59,-0.41,17.0,14.75,0.68,0.59,-0.07,17.0,14.75,0.68,0.59,0.24,17.0,14.75,0.68,1.43,1.08,17.0,35.75,0.68,1.98,1.68,17.0,49.5,1.7056,False,BENCHMARK
2024-02-06 10:10:00-05:00,2024-02-06 10:15:00-05:00,2024-02-05,1.0,0.5685283423211368,25.0,1.75,20,-25.0,-26.11,-1.5544,stop,5,12,2024-02-06 09:30:00-05:00,2024-05-06 09:30:00-04:00,0.7,0.0,-0.48,17.5,0.0,0.7,0.0,-0.42,17.5,0.0,0.7,0.0,-0.55,17.5,0.0,1.27,0.0,-1.11,31.75,0.0,1.8,0.0,-1.51,45.0,0.0,1.85,0.0,-1.37,46.25,0.0,1.89,0.55,0.46,47.25,13.75,-1.0444,True,MAE>=0.75R
2024-02-06 10:25:00-05:00,2024-02-06 10:27:00-05:00,2024-02-05,0.9895065336103332,0.5641281245059636,25.0,1.75,20,-25.0,-26.11,-1.5444,stop,2,12,2024-02-06 09:30:00-05:00,2024-05-06 09:30:00-04:00,0.67,0.05,-0.61,16.75,1.25,1.0,0.05,-0.8,25.0,1.25,1.08,0.05,-0.86,27.0,1.25,1.43,0.05,-1.22,35.75,1.25,1.61,0.05,-1.5,40.25,1.25,2.25,0.05,-2.2,56.25,1.25,2.3,0.05,-1.66,57.5,1.25,-1.0444,True,MAE>=0.75R
2024-02-12 14:19:00-05:00,2024-02-12 14:22:00-05:00,2024-02-11,0.9175501255655608,0.4399427356883135,25.0,1.75,20,-25.0,-26.11,-0.9544,stop,3,12,2024-02-06 09:30:00-05:00,2024-05-06 09:30:00-04:00,0.37,0.33,-0.3,9.25,8.25,0.99,0.33,-0.88,24.75,8.25,1.18,0.33,-1.01,29.5,8.25,1.27,0.33,-1.07,31.75,8.25,1.49,0.33,-0.91,37.25,8.25,1.49,0.33,-1.34,37.25,8.25,1.49,0.33,-1.15,37.25,8.25,-1.0444,True,MAE>=0.75R
2024-02-14 10:54:00-05:00,2024-02-14 11:00:00-05:00,2024-02-13,0.905089782541943,0.4822586028210578,25.0,1.75,20,43.75,42.64,1.7056,target,6,12,2024-02-06 09:30:00-05:00,2024-05-06 09:30:00-04:00,0.03,0.43,0.18,0.75,10.75,0.09,0.43,0.32,2.25,10.75,0.09,0.83,0.66,2.25,20.75,0.09,1.27,1.25,2.25,31.75,0.09,2.83,2.11,2.25,70.75,0.09,2.83,2.11,2.25,70.75,0.09,2.83,1.82,2.25,70.75,1.7056,False,BENCHMARK
2024-02-15 09:58:00-05:00,2024-02-15 10:09:00-05:00,2024-02-14,0.7920031074096211,0.5915087213898014,25.0,1.75,20,-25.0,-26.11,-1.0444,stop,11,12,2024-02-06 09:30:00-05:00,2024-05-06 09:30:00-04:00,0.21,0.1,-0.14,5.25,2.5,0.54,0.1,-0.32,13.5,2.5,0.54,0.1,-0.32,13.5,2.5,0.54,0.61,0.53,13.5,15.25,0.54,0.65,-0.4,13.5,16.25,0.9,0.65,-0.57,22.5,16.25,1.75,0.65,-1.42,43.75,16.25,-1.0444,False,BENCHMARK
2024-02-27 09:41:00-05:00,2024-02-27 09:48:00-05:00,2024-02-26,0.9604610093213696,0.4020885664599765,25.0,1.75,20,-25.0,-26.11,-1.1244,stop,7,12,2024-02-06 09:30:00-05:00,2024-05-06 09:30:00-04:00,0.54,0.02,-0.15,13.5,0.5,0.54,0.28,-0.05,13.5,7.0,0.55,0.28,-0.43,13.75,7.0,0.7,0.28,-0.52,17.5,7.0,1.14,0.28,-1.08,28.5,7.0,1.19,0.28,-0.76,29.75,7.0,1.52,0.28,-1.44,38.0,7.0,-1.0444,True,MAE>=0.75R
2024-02-29 11:38:00-05:00,2024-02-29 11:50:00-05:00,2024-02-28,0.9193514455758474,0.4493140578615468,25.0,1.75,20,-25.0,-26.11,-1.0444,stop,12,12,2024-02-06 09:30:00-05:00,2024-05-06 09:30:00-04:00,-0.02,0.67,0.55,-0.5,16.75,-0.02,1.45,1.15,-0.5,36.25,-0.02,1.53,0.31,-0.5,38.25,-0.02,1.53,0.53,-0.5,38.25,0.17,1.53,0.01,4.25,38.25,0.77,1.53,-0.7,19.25,38.25,1.4,1.53,-1.4,35.0,38.25,-1.0444,False,BENCHMARK
2024-03-05 09:36:00-05:00,2024-03-05 09:56:00-05:00,2024-03-04,0.98238240707076,0.4694180470410511,25.0,1.75,20,26.0,24.89,-0.17439999999999997,timeout,20,12,2024-02-06 09:30:00-05:00,2024-05-06 09:30:00-04:00,0.45,0.12,-0.09,11.25,3.0,0.64,0.12,-0.52,16.0,3.0,0.75,0.12,-0.73,18.75,3.0,0.93,0.12,-0.48,23.25,3.0,0.93,0.33,-0.13,23.25,8.25,0.93,0.78,0.67,23.25,19.5,0.93,1.57,0.65,23.25,39.25,0.9956,True,MAE>=0.75R
2024-03-13 09:43:00-04:00,2024-03-13 10:00:00-04:00,2024-03-12,0.9406545172562928,0.4348662368915666,25.0,1.75,20,43.75,42.64,1.7056,target,17,12,2024-02-06 09:30:00-05:00,2024-05-06 09:30:00-04:00,0.43,0.15,0.01,10.75,3.75,0.43,0.82,0.46,10.75,20.5,0.43,0.96,0.66,10.75,24.0,0.43,1.17,0.79,10.75,29.25,0.43,1.39,0.73,10.75,34.75,0.43,1.39,0.81,10.75,34.75,0.43,1.39,1.16,10.75,34.75,1.7056,False,BENCHMARK
2024-03-13 10:01:00-04:00,2024-03-13 10:05:00-04:00,2024-03-12,1.0,0.4541138962567408,25.0,1.75,20,-25.0,-26.11,-1.1743999999999999,stop,4,12,2024-02-06 09:30:00-05:00,2024-05-06 09:30:00-04:00,0.54,0.26,-0.43,13.5,6.5,0.54,0.26,-0.42,13.5,6.5,0.87,0.26,-0.73,21.75,6.5,1.2,0.26,-1.04,30.0,6.5,1.2,0.26,-1.13,30.0,6.5,1.61,0.26,-1.56,40.25,6.5,1.97,0.26,-0.72,49.25,6.5,-1.0444,True,MAE>=0.75R
2024-03-14 15:00:00-04:00,2024-03-14 15:09:00-04:00,2024-03-13,0.9039810326957785,0.4119561207820267,25.0,1.75,20,43.75,42.64,1.7056,target,9,12,2024-02-06 09:30:00-05:00,2024-05-06 09:30:00-04:00,0.14,0.45,-0.08,3.5,11.25,0.46,0.45,-0.2,11.5,11.25,0.46,0.45,-0.22,11.5,11.25,0.46,0.45,0.32,11.5,11.25,0.46,1.19,1.12,11.5,29.75,0.46,1.8,1.52,11.5,45.0,0.46,2.22,1.96,11.5,55.5,1.7056,False,BENCHMARK
2024-03-14 15:10:00-04:00,2024-03-14 15:30:00-04:00,2024-03-13,0.984903869200698,0.4199221837727696,25.0,1.75,20,14.0,12.89,0.5156000000000001,timeout,20,12,2024-02-06 09:30:00-05:00,2024-05-06 09:30:00-04:00,0.1,0.26,0.08,2.5,6.5,0.21,0.29,0.07,5.25,7.25,0.21,0.66,0.54,5.25,16.5,0.21,0.7,0.44,5.25,17.5,0.32,0.74,0.47,8.0,18.5,0.32,0.74,-0.05,8.0,18.5,0.32,1.03,0.84,8.0,25.75,0.5156000000000001,False,BENCHMARK
2024-03-15 09:31:00-04:00,2024-03-15 09:43:00-04:00,2024-03-14,1.0,0.5440460925011857,25.0,1.75,20,43.75,42.64,1.0056,target,12,12,2024-02-06 09:30:00-05:00,2024-05-06 09:30:00-04:00,0.8,0.5,-0.24,20.0,12.5,0.8,0.5,-0.06,20.0,12.5,0.97,0.5,-0.41,24.25,12.5,0.97,0.5,-0.2,24.25,12.5,0.97,1.5,1.05,24.25,37.5,0.97,1.5,0.68,24.25,37.5,0.97,2.8,2.43,24.25,70.0,1.7056,True,MAE>=0.75R
2024-03-19 09:40:00-04:00,2024-03-19 09:51:00-04:00,2024-03-18,0.9375668158747128,0.4172346255862565,25.0,1.75,20,-25.0,-26.11,-1.0444,stop,11,12,2024-02-06 09:30:00-05:00,2024-05-06 09:30:00-04:00,0.54,0.01,-0.14,13.5,0.25,0.54,0.23,0.0,13.5,5.75,0.54,0.47,0.43,13.5,11.75,0.54,0.51,-0.12,13.5,12.75,0.54,0.51,-0.45,13.5,12.75,0.6,0.51,-0.31,15.0,12.75,1.42,0.51,-0.95,35.5,12.75,-1.0444,False,BENCHMARK
2024-03-26 15:56:00-04:00,2024-03-26 16:00:00-04:00,2024-03-25,1.0,0.4352570746016968,25.0,1.75,20,-25.0,-26.11,-0.8944,stop,4,12,2024-02-06 09:30:00-05:00,2024-05-06 09:30:00-04:00,0.36,0.06,-0.15,9.0,1.5,0.37,0.06,-0.3,9.25,1.5,0.56,0.06,-0.39,14.0,1.5,1.29,0.06,-0.79,32.25,1.5,1.29,0.06,-0.85,32.25,1.5,1.29,0.06,-1.01,32.25,1.5,1.29,0.06,-1.09,32.25,1.5,-1.0444,True,MAE>=0.75R
2024-03-27 09:54:00-04:00,2024-03-27 10:02:00-04:00,2024-03-26,1.0,0.4374923149888458,25.0,1.75,20,43.75,42.64,1.7056,target,8,12,2024-02-06 09:30:00-05:00,2024-05-06 09:30:00-04:00,0.34,0.4,0.28,8.5,10.0,0.34,0.74,0.47,8.5,18.5,0.34,0.86,0.42,8.5,21.5,0.34,0.86,0.67,8.5,21.5,0.34,2.94,2.7,8.5,73.5,0.34,3.21,2.43,8.5,80.25,0.34,3.21,2.32,8.5,80.25,1.7056,False,BENCHMARK
2024-04-01 10:39:00-04:00,2024-04-01 10:59:00-04:00,2024-03-31,1.0,0.5447223734827592,25.0,1.75,20,6.25,5.140000000000001,-0.5544,timeout,20,12,2024-02-06 09:30:00-05:00,2024-05-06 09:30:00-04:00,0.36,0.19,-0.29,9.0,4.75,0.58,0.19,-0.31,14.5,4.75,0.69,0.19,-0.62,17.25,4.75,0.87,0.19,-0.64,21.75,4.75,0.87,0.19,-0.51,21.75,4.75,0.87,0.19,-0.27,21.75,4.75,0.87,0.88,0.54,21.75,22.0,0.2056,True,MAE>=0.75R
2024-04-02 09:40:00-04:00,2024-04-02 09:59:00-04:00,2024-04-01,1.0,0.4463410564035904,25.0,1.75,20,-25.0,-26.11,-0.5044,stop,19,12,2024-02-06 09:30:00-05:00,2024-05-06 09:30:00-04:00,0.44,0.22,-0.02,11.0,5.5,0.44,0.22,-0.24,11.0,5.5,0.44,0.22,-0.36,11.0,5.5,0.83,0.22,-0.39,20.75,5.5,0.88,0.22,-0.46,22.0,5.5,0.88,0.22,-0.66,22.0,5.5,0.88,0.22,-0.42,22.0,5.5,-1.0444,True,MAE>=0.75R
2024-04-04 14:13:00-04:00,2024-04-04 14:18:00-04:00,2024-04-03,1.0,0.411960512216972,25.0,1.75,20,43.75,42.64,1.7056,target,5,12,2024-02-06 09:30:00-05:00,2024-05-06 09:30:00-04:00,0.07,0.52,0.44,1.75,13.0,0.07,0.84,0.64,1.75,21.0,0.07,1.09,0.54,1.75,27.25,0.07,1.92,1.58,1.75,48.0,0.07,2.08,1.46,1.75,52.0,0.07,2.08,1.07,1.75,52.0,0.07,3.65,3.44,1.75,91.25,1.7056,False,BENCHMARK
2024-04-04 14:19:00-04:00,2024-04-04 14:28:00-04:00,2024-04-03,1.0,0.5024679864392488,25.0,1.75,20,43.75,42.64,1.7056,target,9,12,2024-02-06 09:30:00-05:00,2024-05-06 09:30:00-04:00,0.5,0.4,-0.42,12.5,10.0,0.54,0.4,-0.22,13.5,10.0,0.54,0.4,-0.22,13.5,10.0,0.74,0.4,-0.61,18.5,10.0,0.74,1.43,1.04,18.5,35.75,0.74,2.33,2.05,18.5,58.25,0.74,4.8,4.47,18.5,120.0,1.7056,False,BENCHMARK
2024-04-05 13:57:00-04:00,2024-04-05 14:07:00-04:00,2024-04-04,1.0,0.4553522809113106,25.0,1.75,20,-25.0,-26.11,-1.0444,stop,10,12,2024-02-06 09:30:00-05:00,2024-05-06 09:30:00-04:00,0.39,0.38,-0.29,9.75,9.5,0.39,0.38,-0.09,9.75,9.5,0.39,0.73,0.53,9.75,18.25,0.39,1.53,0.9,9.75,38.25,0.39,1.53,0.1,9.75,38.25,1.49,1.53,-0.87,37.25,38.25,1.74,1.53,-0.87,43.5,38.25,-1.0444,False,BENCHMARK
2024-04-08 09:38:00-04:00,2024-04-08 09:44:00-04:00,2024-04-07,1.0,0.4758207591912733,25.0,1.75,20,-25.0,-26.11,-0.9843999999999999,stop,6,12,2024-02-06 09:30:00-05:00,2024-05-06 09:30:00-04:00,0.13,0.89,0.77,3.25,22.25,0.13,1.05,0.56,3.25,26.25,0.32,1.05,-0.21,8.0,26.25,0.91,1.05,-0.8,22.75,26.25,1.2,1.05,-0.94,30.0,26.25,1.41,1.05,-1.38,35.25,26.25,1.56,1.05,-1.47,39.0,26.25,-1.0444,True,MAE>=0.75R
2024-04-10 11:10:00-04:00,2024-04-10 11:27:00-04:00,2024-04-09,0.7592266716155285,0.5523986017671134,25.0,1.75,20,-25.0,-26.11,-1.0444,stop,17,12,2024-02-06 09:30:00-05:00,2024-05-06 09:30:00-04:00,0.36,0.01,-0.22,9.0,0.25,0.36,0.15,0.13,9.0,3.75,0.38,0.55,-0.3,9.5,13.75,0.47,0.55,-0.18,11.75,13.75,0.53,0.55,-0.19,13.25,13.75,0.53,0.55,-0.33,13.25,13.75,0.8,0.55,-0.42,20.0,13.75,-1.0444,False,BENCHMARK
2024-04-12 12:40:00-04:00,2024-04-12 13:00:00-04:00,2024-04-11,1.0,0.4259604068225333,25.0,1.75,20,1.75,0.6400000000000001,0.0256,timeout,20,12,2024-02-06 09:30:00-05:00,2024-05-06 09:30:00-04:00,0.28,0.16,0.11,7.0,4.0,0.28,0.24,0.14,7.0,6.0,0.28,0.3,0.21,7.0,7.5,0.28,0.54,0.1,7.0,13.5,0.28,0.69,0.39,7.0,17.25,0.28,0.69,-0.1,7.0,17.25,0.36,0.69,-0.07,9.0,17.25,0.0256,False,BENCHMARK
2024-04-15 12:30:00-04:00,2024-04-15 12:50:00-04:00,2024-04-14,1.0,0.484669500606018,25.0,1.75,20,13.5,12.39,0.4956,timeout,20,12,2024-02-06 09:30:00-05:00,2024-05-06 09:30:00-04:00,0.12,0.31,0.13,3.0,7.75,0.14,0.31,0.05,3.5,7.75,0.44,0.31,-0.24,11.0,7.75,0.44,0.31,-0.21,11.0,7.75,0.44,0.91,0.71,11.0,22.75,0.44,0.91,0.33,11.0,22.75,0.44,1.09,0.96,11.0,27.25,0.4956,False,BENCHMARK
2024-04-15 15:04:00-04:00,2024-04-15 15:24:00-04:00,2024-04-14,0.7590253392175194,0.4126148360238191,25.0,1.75,20,-25.0,-26.11,-0.43439999999999995,stop,20,12,2024-02-06 09:30:00-05:00,2024-05-06 09:30:00-04:00,0.44,0.28,-0.31,11.0,7.0,0.44,0.28,0.04,11.0,7.0,0.44,0.28,0.05,11.0,7.0,0.59,0.28,-0.57,14.75,7.0,0.81,0.28,-0.39,20.25,7.0,0.81,0.28,-0.12,20.25,7.0,0.81,0.86,0.75,20.25,21.5,-1.0444,True,MAE>=0.75R
2024-04-17 12:23:00-04:00,2024-04-17 12:43:00-04:00,2024-04-16,0.7964290011874449,0.5919742134940013,25.0,1.75,20,36.5,35.39,-0.3544,timeout,20,12,2024-02-06 09:30:00-05:00,2024-05-06 09:30:00-04:00,0.29,0.09,-0.03,7.25,2.25,0.85,0.09,-0.81,21.25,2.25,0.89,0.09,-0.39,22.25,2.25,0.89,0.09,-0.09,22.25,2.25,0.89,0.09,-0.31,22.25,2.25,0.89,0.39,-0.06,22.25,9.75,0.89,0.63,0.33,22.25,15.75,1.4156,True,MAE>=0.75R
2024-04-17 12:46:00-04:00,2024-04-17 12:49:00-04:00,2024-04-16,1.0,0.5923255282896239,25.0,1.75,20,-25.0,-26.11,-1.3444,stop,3,12,2024-02-06 09:30:00-05:00,2024-05-06 09:30:00-04:00,0.81,0.02,-0.74,20.25,0.5,0.9,0.02,-0.9,22.5,0.5,1.36,0.02,-1.24,34.0,0.5,1.43,0.02,-1.16,35.75,0.5,1.52,0.02,-1.3,38.0,0.5,1.52,0.02,-1.05,38.0,0.5,1.56,0.02,-1.51,39.0,0.5,-1.0444,True,MAE>=0.75R
2024-04-18 09:33:00-04:00,2024-04-18 09:36:00-04:00,2024-04-17,0.88819059818421,0.4064624356654781,25.0,1.75,20,43.75,42.64,1.7056,target,3,12,2024-02-06 09:30:00-05:00,2024-05-06 09:30:00-04:00,0.49,0.02,-0.09,12.25,0.5,0.49,0.91,0.89,12.25,22.75,0.49,1.8,1.73,12.25,45.0,0.49,2.67,2.56,12.25,66.75,0.49,3.21,1.82,12.25,80.25,0.49,3.21,1.62,12.25,80.25,0.49,3.21,0.3,12.25,80.25,1.7056,False,BENCHMARK
2024-04-18 09:37:00-04:00,2024-04-18 09:46:00-04:00,2024-04-17,1.0,0.5994045214214196,25.0,1.75,20,-25.0,-26.11,-1.0444,stop,9,12,2024-02-06 09:30:00-05:00,2024-05-06 09:30:00-04:00,0.35,0.84,0.73,8.75,21.0,0.35,1.38,0.86,8.75,34.5,0.35,1.38,0.35,8.75,34.5,0.35,1.38,0.26,8.75,34.5,0.64,1.38,-0.47,16.0,34.5,1.7,1.38,-0.98,42.5,34.5,2.46,1.38,-1.26,61.5,34.5,-1.0444,False,BENCHMARK
2024-04-18 13:10:00-04:00,2024-04-18 13:24:00-04:00,2024-04-17,0.9860444375590302,0.4281868643397917,25.0,1.75,20,43.75,42.64,1.7056,target,14,12,2024-02-06 09:30:00-05:00,2024-05-06 09:30:00-04:00,0.07,0.53,0.32,1.75,13.25,0.07,0.58,0.48,1.75,14.5,0.07,0.67,0.56,1.75,16.75,0.07,0.71,0.56,1.75,17.75,0.07,1.61,1.49,1.75,40.25,0.07,1.67,1.22,1.75,41.75,0.07,2.39,1.74,1.75,59.75,1.7056,False,BENCHMARK
2024-04-19 12:07:00-04:00,2024-04-19 12:27:00-04:00,2024-04-18,0.9849371139952336,0.5179741432310422,25.0,1.75,20,34.25,33.14,1.2456,timeout,20,12,2024-02-06 09:30:00-05:00,2024-05-06 09:30:00-04:00,0.6,0.15,-0.53,15.0,3.75,0.77,0.15,-0.42,19.25,3.75,0.77,0.21,0.13,19.25,5.25,0.77,0.69,0.36,19.25,17.25,0.77,1.5,1.29,19.25,37.5,0.77,1.5,1.07,19.25,37.5,0.77,1.5,1.0,19.25,37.5,1.3256,True,MAE>=0.75R
2024-04-19 14:40:00-04:00,2024-04-19 15:00:00-04:00,2024-04-18,1.0,0.5933794726764918,25.0,1.75,20,15.0,13.89,0.5556,timeout,20,12,2024-02-06 09:30:00-05:00,2024-05-06 09:30:00-04:00,0.33,0.12,-0.04,8.25,3.0,0.33,0.24,-0.03,8.25,6.0,0.33,0.24,0.09,8.25,6.0,0.33,0.7,0.5,8.25,17.5,0.33,1.27,1.1,8.25,31.75,0.4,1.27,0.38,10.0,31.75,0.4,1.27,-0.04,10.0,31.75,0.5556,False,BENCHMARK
2024-04-22 15:34:00-04:00,2024-04-22 15:54:00-04:00,2024-04-21,0.7999398145956914,0.4380412443570061,25.0,1.75,20,19.75,18.64,0.7456,timeout,20,12,2024-02-06 09:30:00-05:00,2024-05-06 09:30:00-04:00,0.16,0.44,0.24,4.0,11.0,0.16,0.48,0.37,4.0,12.0,0.16,0.48,0.45,4.0,12.0,0.16,0.82,0.73,4.0,20.5,0.16,0.94,0.32,4.0,23.5,0.33,0.94,-0.27,8.25,23.5,0.97,0.94,-0.81,24.25,23.5,0.7456,False,BENCHMARK
2024-04-24 11:07:00-04:00,2024-04-24 11:27:00-04:00,2024-04-23,0.8103033560890177,0.4552468864726238,25.0,1.75,20,-3.5,-4.609999999999999,-0.1843999999999999,timeout,20,12,2024-02-06 09:30:00-05:00,2024-05-06 09:30:00-04:00,0.22,0.6,0.24,5.5,15.0,0.22,0.6,0.01,5.5,15.0,0.46,0.6,-0.29,11.5,15.0,0.46,0.6,-0.01,11.5,15.0,0.46,0.6,0.17,11.5,15.0,0.46,0.68,0.15,11.5,17.0,0.46,0.7,0.24,11.5,17.5,-0.1843999999999999,False,BENCHMARK
2024-04-24 12:07:00-04:00,2024-04-24 12:27:00-04:00,2024-04-23,0.865100806967393,0.5261334293593775,25.0,1.75,20,1.0,-0.1099999999999998,-0.0043999999999999,timeout,20,12,2024-02-06 09:30:00-05:00,2024-05-06 09:30:00-04:00,0.16,0.03,-0.04,4.0,0.75,0.16,0.33,0.16,4.0,8.25,0.16,0.52,0.46,4.0,13.0,0.16,0.65,0.43,4.0,16.25,0.16,0.85,0.29,4.0,21.25,0.17,0.85,0.08,4.25,21.25,0.17,0.85,0.21,4.25,21.25,-0.0043999999999999,False,BENCHMARK
2024-04-24 14:28:00-04:00,2024-04-24 14:48:00-04:00,2024-04-23,0.893555252814224,0.4201241897802526,25.0,1.75,20,4.25,3.14,0.1256,timeout,20,12,2024-02-06 09:30:00-05:00,2024-05-06 09:30:00-04:00,0.32,0.09,-0.05,8.0,2.25,0.32,0.32,0.14,8.0,8.0,0.32,0.63,0.4,8.0,15.75,0.32,0.93,0.36,8.0,23.25,0.32,0.93,0.49,8.0,23.25,0.32,0.93,0.37,8.0,23.25,0.32,0.93,0.2,8.0,23.25,0.1256,False,BENCHMARK
2024-04-25 09:31:00-04:00,2024-04-25 09:42:00-04:00,2024-04-24,0.7717479701747733,0.4902334486816912,25.0,1.75,20,-25.0,-26.11,-0.44439999999999996,stop,11,12,2024-02-06 09:30:00-05:00,2024-05-06 09:30:00-04:00,0.29,0.66,0.19,7.25,16.5,0.29,0.66,0.22,7.25,16.5,0.37,0.66,0.44,9.25,16.5,0.86,0.66,0.23,21.5,16.5,0.86,0.66,-0.4,21.5,16.5,0.86,0.66,-0.46,21.5,16.5,2.15,0.66,-2.13,53.75,16.5,-1.0444,True,MAE>=0.75R
2024-04-26 09:31:00-04:00,2024-04-26 09:33:00-04:00,2024-04-25,0.8395850269885285,0.4686758945352983,25.0,1.75,20,-25.0,-26.11,-2.9344,stop,2,12,2024-02-06 09:30:00-05:00,2024-05-06 09:30:00-04:00,0.23,0.55,0.53,5.75,13.75,1.46,0.55,-1.17,36.5,13.75,2.15,0.55,-2.06,53.75,13.75,2.29,0.55,-1.42,57.25,13.75,3.3,0.55,-2.89,82.5,13.75,3.3,0.55,-1.4,82.5,13.75,3.3,0.55,-2.23,82.5,13.75,-1.0444,True,MAE>=0.75R
2024-04-29 09:43:00-04:00,2024-04-29 09:47:00-04:00,2024-04-28,0.9645947757035798,0.5998875792654008,25.0,1.75,20,-25.0,-26.11,-0.4244,stop,4,12,2024-02-06 09:30:00-05:00,2024-05-06 09:30:00-04:00,0.44,0.01,-0.43,11.0,0.25,0.67,0.01,-0.64,16.75,0.25,0.97,0.01,-0.84,24.25,0.25,1.24,0.01,-0.99,31.0,0.25,1.38,0.01,-0.38,34.5,0.25,1.38,0.06,-0.11,34.5,1.5,1.38,0.25,-0.98,34.5,6.25,-1.0444,True,MAE>=0.75R
2024-04-30 11:12:00-04:00,2024-04-30 11:32:00-04:00,2024-04-29,1.0,0.4358279611445836,25.0,1.75,20,8.5,7.390000000000001,0.2956,timeout,20,12,2024-02-06 09:30:00-05:00,2024-05-06 09:30:00-04:00,0.3,0.3,-0.09,7.5,7.5,0.3,0.43,0.27,7.5,10.75,0.3,0.47,0.01,7.5,11.75,0.51,0.47,-0.27,12.75,11.75,0.7,0.47,-0.63,17.5,11.75,0.7,0.47,-0.26,17.5,11.75,0.7,0.47,-0.11,17.5,11.75,0.2956,False,BENCHMARK
2024-05-01 11:18:00-04:00,2024-05-01 11:22:00-04:00,2024-04-30,1.0,0.4026462786980274,25.0,1.75,20,-25.0,-26.11,-1.0944,stop,4,12,2024-02-06 09:30:00-05:00,2024-05-06 09:30:00-04:00,0.17,0.23,-0.11,4.25,5.75,0.39,0.23,-0.08,9.75,5.75,0.62,0.23,-0.55,15.5,5.75,1.17,0.23,-0.99,29.25,5.75,1.17,0.23,-1.05,29.25,5.75,1.43,0.23,-1.27,35.75,5.75,1.57,0.23,-1.48,39.25,5.75,-1.0444,True,MAE>=0.75R
2024-07-11 11:03:00-04:00,2024-07-11 11:07:00-04:00,2024-07-10,0.7879223915264038,0.5444017987317535,25.0,1.75,20,-25.0,-26.11,-1.7644,stop,4,13,2024-05-06 09:30:00-04:00,2024-08-06 09:30:00-04:00,0.36,0.21,-0.02,9.0,5.25,0.47,0.21,-0.42,11.75,5.25,0.47,0.21,-0.34,11.75,5.25,1.42,0.21,-1.4,35.5,5.25,2.17,0.21,-1.72,54.25,5.25,2.17,0.21,-0.19,54.25,5.25,2.17,0.21,-0.68,54.25,5.25,-1.0444,True,MAE>=0.75R
2024-08-14 12:22:00-04:00,2024-08-14 12:24:00-04:00,2024-08-13,0.8873421195910037,0.5703038801535005,25.0,1.75,20,43.75,42.64,1.7056,target,2,14,2024-08-06 09:30:00-04:00,2024-11-06 09:30:00-05:00,0.03,1.46,1.3,0.75,36.5,0.03,1.89,1.31,0.75,47.25,0.03,2.4,2.02,0.75,60.0,0.03,2.4,1.34,0.75,60.0,0.03,2.4,1.22,0.75,60.0,0.03,2.4,0.87,0.75,60.0,0.03,2.4,1.04,0.75,60.0,1.7056,False,BENCHMARK
2024-08-20 13:00:00-04:00,2024-08-20 13:06:00-04:00,2024-08-19,0.9957188243793724,0.5186007358532865,25.0,1.75,20,-25.0,-26.11,-1.0244,stop,6,14,2024-08-06 09:30:00-04:00,2024-11-06 09:30:00-05:00,0.71,0.01,-0.38,17.75,0.25,0.71,0.01,-0.44,17.75,0.25,0.71,0.01,-0.15,17.75,0.25,0.71,0.01,-0.3,17.75,0.25,1.32,0.01,-0.98,33.0,0.25,1.52,0.01,-1.2,38.0,0.25,1.52,0.01,-0.79,38.0,0.25,-1.0444,True,MAE>=0.75R
2024-08-26 13:45:00-04:00,2024-08-26 14:05:00-04:00,2024-08-25,0.7691178590864742,0.5952367346400517,25.0,1.75,20,16.25,15.14,0.6056,timeout,20,14,2024-08-06 09:30:00-04:00,2024-11-06 09:30:00-05:00,0.27,0.72,0.63,6.75,18.0,0.27,0.95,0.33,6.75,23.75,0.27,0.95,0.28,6.75,23.75,0.27,0.95,0.16,6.75,23.75,0.27,0.95,0.25,6.75,23.75,0.27,0.95,0.41,6.75,23.75,0.27,0.95,0.47,6.75,23.75,0.6056,False,BENCHMARK
2024-08-27 11:33:00-04:00,2024-08-27 11:53:00-04:00,2024-08-26,1.0,0.5623826876667648,25.0,1.75,20,4.25,3.14,-0.5244,timeout,20,14,2024-08-06 09:30:00-04:00,2024-11-06 09:30:00-05:00,0.41,0.29,-0.4,10.25,7.25,0.71,0.29,-0.53,17.75,7.25,0.76,0.29,-0.73,19.0,7.25,0.95,0.29,-0.75,23.75,7.25,0.95,0.29,-0.48,23.75,7.25,0.95,0.29,-0.65,23.75,7.25,0.98,0.29,-0.47,24.5,7.25,0.1256,True,MAE>=0.75R
2024-09-03 14:02:00-04:00,2024-09-03 14:19:00-04:00,2024-09-02,0.9015874580596032,0.4444395602463394,25.0,1.75,20,43.75,42.64,1.7056,target,17,14,2024-08-06 09:30:00-04:00,2024-11-06 09:30:00-05:00,0.15,0.44,0.44,3.75,11.0,0.15,1.05,0.65,3.75,26.25,0.15,1.05,0.68,3.75,26.25,0.15,1.05,0.85,3.75,26.25,0.15,1.35,0.94,3.75,33.75,0.15,1.36,0.84,3.75,34.0,0.15,1.58,1.26,3.75,39.5,1.7056,False,BENCHMARK
2024-09-03 14:21:00-04:00,2024-09-03 14:34:00-04:00,2024-09-02,0.907381615598886,0.4977383720674664,25.0,1.75,20,-25.0,-26.11,-1.0444,stop,13,14,2024-08-06 09:30:00-04:00,2024-11-06 09:30:00-05:00,0.25,0.09,0.07,6.25,2.25,0.25,0.59,0.32,6.25,14.75,0.25,0.59,0.17,6.25,14.75,0.32,0.59,-0.11,8.0,14.75,0.37,0.59,0.36,9.25,14.75,0.37,0.59,0.14,9.25,14.75,1.26,0.59,-0.34,31.5,14.75,-1.0444,False,BENCHMARK
2024-09-03 15:35:00-04:00,2024-09-03 15:41:00-04:00,2024-09-02,0.989353464476331,0.4098228061769476,25.0,1.75,20,43.75,42.64,1.7056,target,6,14,2024-08-06 09:30:00-04:00,2024-11-06 09:30:00-05:00,0.24,0.1,0.0,6.0,2.5,0.29,0.29,0.16,7.25,7.25,0.29,0.61,0.33,7.25,15.25,0.29,1.39,0.95,7.25,34.75,0.29,1.86,0.66,7.25,46.5,0.29,1.96,1.84,7.25,49.0,0.29,3.67,1.32,7.25,91.75,1.7056,False,BENCHMARK
2024-09-09 13:42:00-04:00,2024-09-09 14:02:00-04:00,2024-09-08,0.7754778971539622,0.5897595948850723,25.0,1.75,20,37.75,36.64,1.4656,timeout,20,14,2024-08-06 09:30:00-04:00,2024-11-06 09:30:00-05:00,0.25,0.48,0.32,6.25,12.0,0.25,0.87,0.79,6.25,21.75,0.25,1.07,0.11,6.25,26.75,0.25,1.07,-0.09,6.25,26.75,0.51,1.07,-0.21,12.75,26.75,0.59,1.07,-0.46,14.75,26.75,0.63,1.07,0.43,15.75,26.75,1.4656,False,BENCHMARK
2024-09-17 12:20:00-04:00,2024-09-17 12:23:00-04:00,2024-09-16,0.9787358114245834,0.4351688638231842,25.0,1.75,20,43.75,42.64,1.7056,target,3,14,2024-08-06 09:30:00-04:00,2024-11-06 09:30:00-05:00,0.27,0.25,0.09,6.75,6.25,0.27,1.15,1.05,6.75,28.75,0.27,2.2,2.01,6.75,55.0,0.27,2.35,0.99,6.75,58.75,0.27,2.35,0.4,6.75,58.75,0.27,2.35,0.98,6.75,58.75,0.27,2.35,0.66,6.75,58.75,1.7056,False,BENCHMARK
2024-09-18 11:33:00-04:00,2024-09-18 11:46:00-04:00,2024-09-17,0.8818599345838019,0.4603610692291123,25.0,1.75,20,43.75,42.64,1.7056,target,13,14,2024-08-06 09:30:00-04:00,2024-11-06 09:30:00-05:00,0.16,0.34,0.09,4.0,8.5,0.16,0.34,-0.06,4.0,8.5,0.22,0.34,0.02,5.5,8.5,0.32,0.34,-0.05,8.0,8.5,0.32,0.62,0.53,8.0,15.5,0.32,0.88,0.68,8.0,22.0,0.32,2.01,1.53,8.0,50.25,1.7056,False,BENCHMARK
2024-09-18 11:47:00-04:00,2024-09-18 11:55:00-04:00,2024-09-17,1.0,0.4886039447714415,25.0,1.75,20,-25.0,-26.11,-0.9643999999999999,stop,8,14,2024-08-06 09:30:00-04:00,2024-11-06 09:30:00-05:00,0.61,0.06,-0.37,15.25,1.5,0.61,0.06,-0.41,15.25,1.5,0.86,0.06,-0.79,21.5,1.5,0.86,0.06,-0.44,21.5,1.5,1.0,0.06,-0.92,25.0,1.5,1.0,0.06,-0.72,25.0,1.5,1.0,0.23,-0.19,25.0,5.75,-1.0444,True,MAE>=0.75R
2024-09-19 14:16:00-04:00,2024-09-19 14:28:00-04:00,2024-09-18,0.9595531322317736,0.4378327054696669,25.0,1.75,20,-25.0,-26.11,-0.9144,stop,12,14,2024-08-06 09:30:00-04:00,2024-11-06 09:30:00-05:00,0.25,0.16,-0.23,6.25,4.0,0.27,0.51,0.32,6.75,12.75,0.38,0.51,-0.32,9.5,12.75,0.62,0.51,-0.32,15.5,12.75,0.94,0.51,-0.87,23.5,12.75,0.94,0.51,-0.54,23.5,12.75,1.08,0.51,-0.77,27.0,12.75,-1.0444,True,MAE>=0.75R
2024-09-20 11:11:00-04:00,2024-09-20 11:16:00-04:00,2024-09-19,1.0,0.4832059290257636,25.0,1.75,20,43.75,42.64,1.7056,target,5,14,2024-08-06 09:30:00-04:00,2024-11-06 09:30:00-05:00,0.51,0.06,-0.04,12.75,1.5,0.51,0.73,0.69,12.75,18.25,0.51,0.95,0.59,12.75,23.75,0.51,1.97,1.91,12.75,49.25,0.51,1.97,0.57,12.75,49.25,0.51,1.97,0.01,12.75,49.25,0.66,1.97,-0.23,16.5,49.25,1.7056,False,BENCHMARK
2024-09-20 14:06:00-04:00,2024-09-20 14:26:00-04:00,2024-09-19,0.8065241965434633,0.4146889327489879,25.0,1.75,20,7.75,6.640000000000001,0.2656,timeout,20,14,2024-08-06 09:30:00-04:00,2024-11-06 09:30:00-05:00,0.36,0.01,-0.16,9.0,0.25,0.36,0.27,0.1,9.0,6.75,0.36,0.67,0.29,9.0,16.75,0.36,0.99,0.62,9.0,24.75,0.46,0.99,0.02,11.5,24.75,0.46,0.99,-0.09,11.5,24.75,0.46,0.99,-0.03,11.5,24.75,0.2656,False,BENCHMARK
2024-09-23 09:32:00-04:00,2024-09-23 09:45:00-04:00,2024-09-22,0.8116666243643076,0.4817025728490358,25.0,1.75,20,-25.0,-26.11,-0.5544,stop,13,14,2024-08-06 09:30:00-04:00,2024-11-06 09:30:00-05:00,0.83,0.26,-0.83,20.75,6.5,0.93,0.26,-0.44,23.25,6.5,0.93,0.4,0.25,23.25,10.0,0.93,0.4,-0.53,23.25,10.0,0.99,0.4,-0.51,24.75,10.0,0.99,0.4,-0.38,24.75,10.0,1.49,0.4,-0.96,37.25,10.0,-1.0444,True,MAE>=0.75R
2024-09-26 09:34:00-04:00,2024-09-26 09:48:00-04:00,2024-09-25,1.0,0.4573631484322457,25.0,1.75,20,43.75,42.64,1.7056,target,14,14,2024-08-06 09:30:00-04:00,2024-11-06 09:30:00-05:00,0.13,0.94,0.92,3.25,23.5,0.13,1.08,0.65,3.25,27.0,0.17,1.08,-0.16,4.25,27.0,0.61,1.08,0.16,15.25,27.0,0.61,1.23,0.89,15.25,30.75,0.61,1.23,0.54,15.25,30.75,0.61,1.8,0.95,15.25,45.0,1.7056,False,BENCHMARK
2024-09-26 10:28:00-04:00,2024-09-26 10:48:00-04:00,2024-09-25,1.0,0.5278186829369074,25.0,1.75,20,43.75,42.64,1.7056,target,20,14,2024-08-06 09:30:00-04:00,2024-11-06 09:30:00-05:00,0.19,0.32,0.0,4.75,8.0,0.28,0.32,-0.01,7.0,8.0,0.28,1.05,0.77,7.0,26.25,0.28,1.56,1.48,7.0,39.0,0.28,1.56,0.09,7.0,39.0,0.81,1.56,-0.57,20.25,39.0,0.81,1.56,0.7,20.25,39.0,1.7056,False,BENCHMARK
2024-09-27 09:36:00-04:00,2024-09-27 09:38:00-04:00,2024-09-26,0.8906587824648646,0.5374718120716864,25.0,1.75,20,-25.0,-26.11,-0.2744,stop,2,14,2024-08-06 09:30:00-04:00,2024-11-06 09:30:00-05:00,0.53,0.41,-0.5,13.25,10.25,1.03,0.41,-0.99,25.75,10.25,1.11,0.41,-0.31,27.75,10.25,1.11,0.41,-0.53,27.75,10.25,1.11,0.41,-0.23,27.75,10.25,1.28,0.41,-0.86,32.0,10.25,1.67,0.41,-1.0,41.75,10.25,-1.0444,True,MAE>=0.75R
2024-09-27 14:29:00-04:00,2024-09-27 14:45:00-04:00,2024-09-26,1.0,0.4357007529968218,25.0,1.75,20,-25.0,-26.11,-1.0444,stop,16,14,2024-08-06 09:30:00-04:00,2024-11-06 09:30:00-05:00,0.2,0.21,0.0,5.0,5.25,0.2,1.11,0.29,5.0,27.75,0.38,1.11,-0.28,9.5,27.75,0.41,1.11,0.01,10.25,27.75,0.41,1.11,-0.04,10.25,27.75,0.41,1.11,0.13,10.25,27.75,0.67,1.11,-0.49,16.75,27.75,-1.0444,False,BENCHMARK
2024-10-01 15:34:00-04:00,2024-10-01 15:54:00-04:00,2024-09-30,0.7952109618850978,0.4460484151021359,25.0,1.75,20,28.0,26.89,1.0756,timeout,20,14,2024-08-06 09:30:00-04:00,2024-11-06 09:30:00-05:00,0.29,0.7,0.6,7.25,17.5,0.29,0.84,0.24,7.25,21.0,0.29,0.84,0.71,7.25,21.0,0.29,1.02,0.35,7.25,25.5,0.46,1.02,-0.32,11.5,25.5,0.57,1.02,0.26,14.25,25.5,0.57,1.14,0.82,14.25,28.5,1.0756,False,BENCHMARK
2024-10-02 12:59:00-04:00,2024-10-02 13:01:00-04:00,2024-10-01,1.0,0.4769375491777696,25.0,1.75,20,-25.0,-26.11,-0.5444,stop,2,14,2024-08-06 09:30:00-04:00,2024-11-06 09:30:00-05:00,0.98,0.23,-0.87,24.5,5.75,1.1,0.23,-0.92,27.5,5.75,1.1,0.23,-0.79,27.5,5.75,1.1,0.23,-0.84,27.5,5.75,1.1,0.23,-0.5,27.5,5.75,1.1,0.23,-0.32,27.5,5.75,1.1,0.31,-0.58,27.5,7.75,-1.0444,True,MAE>=0.75R
2024-10-03 12:43:00-04:00,2024-10-03 12:49:00-04:00,2024-10-02,0.9545128034661384,0.5404081919724297,25.0,1.75,20,43.75,42.64,1.7056,target,6,14,2024-08-06 09:30:00-04:00,2024-11-06 09:30:00-05:00,0.38,0.24,-0.15,9.5,6.0,0.38,0.45,0.31,9.5,11.25,0.38,0.8,0.64,9.5,20.0,0.38,0.98,0.67,9.5,24.5,0.38,1.8,1.63,9.5,45.0,0.38,2.51,2.29,9.5,62.75,0.38,2.72,2.11,9.5,68.0,1.7056,False,BENCHMARK
2024-10-03 12:52:00-04:00,2024-10-03 13:01:00-04:00,2024-10-02,1.0,0.5721896690418522,25.0,1.75,20,43.75,42.64,1.4356,target,9,14,2024-08-06 09:30:00-04:00,2024-11-06 09:30:00-05:00,0.35,0.77,0.55,8.75,19.25,0.35,0.98,0.58,8.75,24.5,0.35,0.98,0.1,8.75,24.5,0.9,0.98,0.0,22.5,24.5,0.9,1.67,1.48,22.5,41.75,0.9,1.91,0.99,22.5,47.75,0.9,1.91,0.35,22.5,47.75,1.7056,True,MAE>=0.75R
2024-10-07 14:30:00-04:00,2024-10-07 14:45:00-04:00,2024-10-06,0.890120341447564,0.4570246735035672,25.0,1.75,20,43.75,42.64,1.7056,target,15,14,2024-08-06 09:30:00-04:00,2024-11-06 09:30:00-05:00,0.34,0.48,0.14,8.5,12.0,0.34,0.72,0.23,8.5,18.0,0.34,0.91,0.69,8.5,22.75,0.34,1.38,1.26,8.5,34.5,0.34,1.71,0.48,8.5,42.75,0.34,1.71,0.23,8.5,42.75,0.34,1.8,1.56,8.5,45.0,1.7056,False,BENCHMARK
2024-10-08 13:08:00-04:00,2024-10-08 13:14:00-04:00,2024-10-07,0.7824535247307162,0.4870478392551793,25.0,1.75,20,-25.0,-26.11,-0.5244,stop,6,14,2024-08-06 09:30:00-04:00,2024-11-06 09:30:00-05:00,0.07,0.66,0.11,1.75,16.5,0.2,0.66,0.42,5.0,16.5,0.2,0.66,0.12,5.0,16.5,0.88,0.66,-0.49,22.0,16.5,1.13,0.66,-0.48,28.25,16.5,1.13,0.66,-0.29,28.25,16.5,1.13,0.66,-0.68,28.25,16.5,-1.0444,True,MAE>=0.75R
2024-10-10 12:46:00-04:00,2024-10-10 13:06:00-04:00,2024-10-09,0.9725723836273876,0.5281395747524078,25.0,1.75,20,2.25,1.14,0.0456,timeout,20,14,2024-08-06 09:30:00-04:00,2024-11-06 09:30:00-05:00,0.12,0.33,0.17,3.0,8.25,0.12,0.75,0.04,3.0,18.75,0.12,0.75,0.24,3.0,18.75,0.12,0.75,0.45,3.0,18.75,0.21,0.75,-0.09,5.25,18.75,0.23,0.75,0.09,5.75,18.75,0.45,0.75,-0.38,11.25,18.75,0.0456,False,BENCHMARK
2024-10-11 09:39:00-04:00,2024-10-11 09:43:00-04:00,2024-10-10,0.8001542702877217,0.4310983731224532,25.0,1.75,20,-25.0,-26.11,-1.4744,stop,4,14,2024-08-06 09:30:00-04:00,2024-11-06 09:30:00-05:00,0.51,0.22,-0.41,12.75,5.5,0.77,0.22,-0.53,19.25,5.5,0.85,0.22,-0.68,21.25,5.5,1.34,0.22,-0.85,33.5,5.5,1.76,0.22,-1.43,44.0,5.5,1.76,0.22,-1.58,44.0,5.5,2.02,0.22,-1.47,50.5,5.5,-1.0444,True,MAE>=0.75R
2024-10-14 10:58:00-04:00,2024-10-14 11:18:00-04:00,2024-10-13,0.980943909638718,0.4733945518723818,25.0,1.75,20,0.0,-1.11,-0.0443999999999999,timeout,20,14,2024-08-06 09:30:00-04:00,2024-11-06 09:30:00-05:00,0.18,0.75,0.27,4.5,18.75,0.18,0.99,0.75,4.5,24.75,0.18,1.7,1.16,4.5,42.5,0.18,1.7,1.03,4.5,42.5,0.18,1.7,0.58,4.5,42.5,0.18,1.7,0.33,4.5,42.5,0.18,1.7,-0.02,4.5,42.5,-0.0443999999999999,False,BENCHMARK
2024-10-15 15:05:00-04:00,2024-10-15 15:23:00-04:00,2024-10-14,0.9983181934732543,0.4095458721443925,25.0,1.75,20,-25.0,-26.11,0.0756,stop,18,14,2024-08-06 09:30:00-04:00,2024-11-06 09:30:00-05:00,0.05,0.58,0.49,1.25,14.5,0.05,0.84,0.51,1.25,21.0,0.76,0.85,-0.22,19.0,21.25,0.81,0.85,-0.38,20.25,21.25,0.81,0.85,0.12,20.25,21.25,0.81,0.85,0.65,20.25,21.25,0.81,0.85,0.1,20.25,21.25,-1.0444,True,MAE>=0.75R
2024-10-17 09:33:00-04:00,2024-10-17 09:35:00-04:00,2024-10-16,0.9280605455811406,0.4983230105806384,25.0,1.75,20,43.75,42.64,1.7056,target,2,14,2024-08-06 09:30:00-04:00,2024-11-06 09:30:00-05:00,0.05,1.45,1.1,1.25,36.25,0.05,3.04,2.66,1.25,76.0,0.05,4.23,3.41,1.25,105.75,0.05,4.23,3.83,1.25,105.75,0.05,4.23,2.54,1.25,105.75,0.05,4.23,2.62,1.25,105.75,0.05,4.23,1.3,1.25,105.75,1.7056,False,BENCHMARK
2024-10-17 12:33:00-04:00,2024-10-17 12:38:00-04:00,2024-10-16,0.8917050685526369,0.4276916449441956,25.0,1.75,20,-25.0,-26.11,-1.2144,stop,5,14,2024-08-06 09:30:00-04:00,2024-11-06 09:30:00-05:00,0.45,0.07,-0.41,11.25,1.75,0.76,0.07,-0.73,19.0,1.75,0.84,0.07,-0.82,21.0,1.75,1.12,0.07,-1.02,28.0,1.75,1.35,0.07,-1.17,33.75,1.75,1.69,0.07,-1.46,42.25,1.75,1.69,0.07,-1.31,42.25,1.75,-1.0444,True,MAE>=0.75R
2024-10-17 14:08:00-04:00,2024-10-17 14:28:00-04:00,2024-10-16,0.9650194885439216,0.4129086425397049,25.0,1.75,20,20.75,19.64,0.7856000000000001,timeout,20,14,2024-08-06 09:30:00-04:00,2024-11-06 09:30:00-05:00,0.21,0.26,0.09,5.25,6.5,0.21,0.49,0.12,5.25,12.25,0.21,0.49,0.44,5.25,12.25,0.31,0.68,-0.26,7.75,17.0,0.57,0.68,-0.07,14.25,17.0,0.57,0.68,0.45,14.25,17.0,0.57,1.56,1.35,14.25,39.0,0.7856000000000001,False,BENCHMARK
2024-10-23 11:12:00-04:00,2024-10-23 11:27:00-04:00,2024-10-22,0.9606704678842518,0.5248559283663969,25.0,1.75,20,43.75,42.64,1.7056,target,15,14,2024-08-06 09:30:00-04:00,2024-11-06 09:30:00-05:00,0.14,1.38,1.3,3.5,34.5,0.14,1.7,1.04,3.5,42.5,0.14,1.7,1.0,3.5,42.5,0.14,1.7,0.9,3.5,42.5,0.14,1.7,0.96,3.5,42.5,0.14,1.7,0.3,3.5,42.5,0.14,1.98,1.64,3.5,49.5,1.7056,False,BENCHMARK
2024-10-23 13:12:00-04:00,2024-10-23 13:32:00-04:00,2024-10-22,1.0,0.4877599553388925,25.0,1.75,20,9.0,7.890000000000001,0.3156,timeout,20,14,2024-08-06 09:30:00-04:00,2024-11-06 09:30:00-05:00,0.18,0.35,0.11,4.5,8.75,0.18,0.85,0.83,4.5,21.25,0.18,1.06,0.96,4.5,26.5,0.18,1.06,0.48,4.5,26.5,0.18,1.06,0.57,4.5,26.5,0.18,1.17,0.91,4.5,29.25,0.18,1.17,0.4,4.5,29.25,0.3156,False,BENCHMARK
2024-10-23 13:40:00-04:00,2024-10-23 14:00:00-04:00,2024-10-22,0.8387925957574164,0.5578726191365813,25.0,1.75,20,27.0,25.89,-0.4644,timeout,20,14,2024-08-06 09:30:00-04:00,2024-11-06 09:30:00-05:00,0.48,0.12,-0.34,12.0,3.0,0.48,0.12,-0.37,12.0,3.0,0.48,0.12,0.1,12.0,3.0,0.48,0.18,-0.24,12.0,4.5,0.83,0.18,-0.42,20.75,4.5,0.83,0.31,0.23,20.75,7.75,0.83,0.98,0.84,20.75,24.5,1.0356,True,MAE>=0.75R
2024-10-24 09:31:00-04:00,2024-10-24 09:33:00-04:00,2024-10-23,0.995418895765774,0.5711830358124058,25.0,1.75,20,-25.0,-26.11,-1.3344,stop,2,14,2024-08-06 09:30:00-04:00,2024-11-06 09:30:00-05:00,0.53,0.13,-0.25,13.25,3.25,1.01,0.13,-0.75,25.25,3.25,1.03,0.13,-0.46,25.75,3.25,1.72,0.13,-0.94,43.0,3.25,1.72,0.13,-1.29,43.0,3.25,1.79,0.13,-0.81,44.75,3.25,1.79,0.13,0.03,44.75,3.25,-1.0444,True,MAE>=0.75R
2024-10-24 11:47:00-04:00,2024-10-24 11:56:00-04:00,2024-10-23,1.0,0.5400565297088676,25.0,1.75,20,-25.0,-26.11,-0.9044,stop,9,14,2024-08-06 09:30:00-04:00,2024-11-06 09:30:00-05:00,0.28,0.84,0.53,7.0,21.0,0.28,0.86,0.8,7.0,21.5,0.28,1.08,1.05,7.0,27.0,0.28,1.08,0.26,7.0,27.0,0.96,1.08,-0.86,24.0,27.0,1.34,1.08,-1.26,33.5,27.0,1.95,1.08,-1.08,48.75,27.0,-1.0444,True,MAE>=0.75R
2024-10-25 13:21:00-04:00,2024-10-25 13:24:00-04:00,2024-10-24,1.0,0.4500573649067436,25.0,1.75,20,-25.0,-26.11,-0.2244,stop,3,14,2024-08-06 09:30:00-04:00,2024-11-06 09:30:00-05:00,0.5,0.27,-0.45,12.5,6.75,0.9,0.27,-0.86,22.5,6.75,1.08,0.27,-1.01,27.0,6.75,1.08,0.27,-0.59,27.0,6.75,1.08,0.27,-0.18,27.0,6.75,1.08,0.27,-0.6,27.0,6.75,1.08,1.24,0.16,27.0,31.0,-1.0444,True,MAE>=0.75R
2024-10-25 13:33:00-04:00,2024-10-25 13:41:00-04:00,2024-10-24,0.9190948691843412,0.589614534201353,25.0,1.75,20,43.75,42.64,1.7056,target,8,14,2024-08-06 09:30:00-04:00,2024-11-06 09:30:00-05:00,-0.01,0.79,0.7,-0.25,19.75,-0.01,1.23,0.8,-0.25,30.75,-0.01,1.23,0.15,-0.25,30.75,-0.01,1.23,0.4,-0.25,30.75,-0.01,1.98,1.48,-0.25,49.5,-0.01,2.36,2.21,-0.25,59.0,-0.01,3.07,0.41,-0.25,76.75,1.7056,False,BENCHMARK
2024-10-28 09:30:00-04:00,2024-10-28 09:50:00-04:00,2024-10-27,1.0,0.5930871990540285,25.0,1.75,20,43.75,42.64,0.49560000000000004,target,20,14,2024-08-06 09:30:00-04:00,2024-11-06 09:30:00-05:00,0.38,0.78,0.76,9.5,19.5,0.57,0.81,-0.21,14.25,20.25,0.78,0.81,-0.12,19.5,20.25,0.78,0.81,-0.25,19.5,20.25,0.78,0.81,0.54,19.5,20.25,0.78,0.81,-0.02,19.5,20.25,0.78,1.12,0.54,19.5,28.0,1.7056,True,MAE>=0.75R
2024-10-30 13:39:00-04:00,2024-10-30 13:43:00-04:00,2024-10-29,0.9777659327239042,0.4097304948327626,25.0,1.75,20,-25.0,-26.11,-1.2744,stop,4,14,2024-08-06 09:30:00-04:00,2024-11-06 09:30:00-05:00,0.08,0.26,0.25,2.0,6.5,0.34,0.44,-0.32,8.5,11.0,0.88,0.44,-0.67,22.0,11.0,1.04,0.44,-0.82,26.0,11.0,1.38,0.44,-1.23,34.5,11.0,1.47,0.44,-1.44,36.75,11.0,1.92,0.44,-0.96,48.0,11.0,-1.0444,True,MAE>=0.75R
2024-11-01 15:50:00-04:00,2024-11-01 15:54:00-04:00,2024-10-31,0.8222048032091418,0.5429797222747273,25.0,1.75,20,-25.0,-26.11,-0.5444,stop,4,14,2024-08-06 09:30:00-04:00,2024-11-06 09:30:00-05:00,0.39,0.34,0.27,9.75,8.5,0.39,0.34,-0.12,9.75,8.5,0.39,0.34,0.02,9.75,8.5,1.57,0.34,-1.26,39.25,8.5,1.57,0.34,-0.5,39.25,8.5,1.57,0.34,-1.31,39.25,8.5,1.57,0.34,-1.1,39.25,8.5,-1.0444,True,MAE>=0.75R
2024-11-04 11:32:00-05:00,2024-11-04 11:43:00-05:00,2024-11-03,0.8010019952739877,0.4731439925095937,25.0,1.75,20,43.75,42.64,1.7056,target,11,14,2024-08-06 09:30:00-04:00,2024-11-06 09:30:00-05:00,0.44,0.11,-0.2,11.0,2.75,0.44,0.15,0.1,11.0,3.75,0.44,0.27,-0.09,11.0,6.75,0.44,0.66,0.37,11.0,16.5,0.44,1.41,1.06,11.0,35.25,0.44,1.41,1.04,11.0,35.25,0.44,2.48,2.26,11.0,62.0,1.7056,False,BENCHMARK
2024-11-05 13:37:00-05:00,2024-11-05 13:42:00-05:00,2024-11-04,0.9982342680425262,0.4154406108373518,25.0,1.75,20,-25.0,-26.11,-1.0244,stop,5,14,2024-08-06 09:30:00-04:00,2024-11-06 09:30:00-05:00,0.28,0.16,-0.21,7.0,4.0,0.54,0.16,-0.52,13.5,4.0,0.69,0.16,-0.25,17.25,4.0,1.17,0.16,-1.13,29.25,4.0,1.3,0.16,-0.98,32.5,4.0,1.34,0.16,-0.96,33.5,4.0,1.34,0.16,-0.73,33.5,4.0,-1.0444,True,MAE>=0.75R
2024-12-20 16:30:00-05:00,2024-12-20 16:40:00-05:00,2024-12-19,0.8401326411841669,0.5657735993085931,25.0,1.75,20,-25.0,-26.11,-0.5744,stop,10,15,2024-11-06 09:30:00-05:00,2025-02-06 09:30:00-05:00,0.34,-0.03,-0.31,8.5,-0.75,0.69,-0.03,-0.56,17.25,-0.75,0.69,-0.03,-0.55,17.25,-0.75,0.99,-0.03,-0.82,24.75,-0.75,0.99,-0.03,-0.53,24.75,-0.75,1.16,-0.03,-0.84,29.0,-0.75,1.2,-0.03,-0.74,30.0,-0.75,-1.0444,True,MAE>=0.75R
2025-01-07 15:33:00-05:00,2025-01-07 15:40:00-05:00,2025-01-06,0.8584252972912452,0.5924603296467068,25.0,1.75,20,-25.0,-26.11,-1.2544,stop,7,15,2024-11-06 09:30:00-05:00,2025-02-06 09:30:00-05:00,0.01,0.75,0.68,0.25,18.75,0.01,1.42,1.35,0.25,35.5,0.01,1.52,1.39,0.25,38.0,0.01,1.59,0.92,0.25,39.75,1.41,1.59,-1.21,35.25,39.75,1.51,1.59,-1.33,37.75,39.75,1.51,1.59,-0.83,37.75,39.75,-1.0444,True,MAE>=0.75R
2025-01-16 16:09:00-05:00,2025-01-16 16:14:00-05:00,2025-01-15,0.8109958057059607,0.5463694552537718,25.0,1.75,20,43.75,42.64,1.7056,target,5,15,2024-11-06 09:30:00-05:00,2025-02-06 09:30:00-05:00,0.01,0.4,0.35,0.25,10.0,0.01,0.86,0.7,0.25,21.5,0.01,1.06,0.84,0.25,26.5,0.01,1.76,1.68,0.25,44.0,0.01,1.76,0.96,0.25,44.0,0.01,1.76,1.27,0.25,44.0,0.01,2.39,1.99,0.25,59.75,1.7056,False,BENCHMARK
2025-01-20 10:25:00-05:00,2025-01-20 10:44:00-05:00,2025-01-19,0.7909673344769942,0.5082806515721173,25.0,1.75,20,43.75,42.64,1.7056,target,19,15,2024-11-06 09:30:00-05:00,2025-02-06 09:30:00-05:00,0.21,0.14,-0.07,5.25,3.5,0.25,0.31,-0.15,6.25,7.75,0.43,0.31,-0.02,10.75,7.75,0.43,0.31,-0.23,10.75,7.75,0.43,0.61,-0.08,10.75,15.25,0.45,0.61,-0.42,11.25,15.25,0.53,0.61,0.05,13.25,15.25,1.7056,False,BENCHMARK
2025-01-27 12:57:00-05:00,2025-01-27 13:02:00-05:00,2025-01-26,0.8842362222720928,0.4877270872725837,25.0,1.75,20,-25.0,-26.11,-1.5444,stop,5,15,2024-11-06 09:30:00-05:00,2025-02-06 09:30:00-05:00,0.4,0.07,-0.27,10.0,1.75,0.4,0.28,0.17,10.0,7.0,0.4,0.33,0.17,10.0,8.25,1.03,0.33,-0.66,25.75,8.25,1.69,0.33,-1.5,42.25,8.25,1.69,0.33,-0.78,42.25,8.25,1.69,0.33,-0.87,42.25,8.25,-1.0444,True,MAE>=0.75R
2025-02-07 13:54:00-05:00,2025-02-07 14:12:00-05:00,2025-02-06,0.7734847668071397,0.5826380228003303,25.0,1.75,20,43.75,42.64,1.7056,target,18,16,2025-02-06 09:30:00-05:00,2025-05-06 09:30:00-04:00,0.1,0.15,0.03,2.5,3.75,0.18,0.22,0.14,4.5,5.5,0.18,0.48,0.35,4.5,12.0,0.18,0.9,0.72,4.5,22.5,0.18,0.99,0.57,4.5,24.75,0.18,0.99,0.41,4.5,24.75,0.18,1.37,0.91,4.5,34.25,1.7056,False,BENCHMARK
2025-02-21 12:36:00-05:00,2025-02-21 12:56:00-05:00,2025-02-20,0.8339978457074144,0.5571193943332924,25.0,1.75,20,43.75,42.64,1.7056,target,20,16,2025-02-06 09:30:00-05:00,2025-05-06 09:30:00-04:00,0.08,1.08,0.96,2.0,27.0,0.08,1.08,0.89,2.0,27.0,0.08,1.12,0.66,2.0,28.0,0.08,1.12,0.53,2.0,28.0,0.08,1.12,0.18,2.0,28.0,0.08,1.12,0.64,2.0,28.0,0.08,1.73,1.1,2.0,43.25,1.7056,False,BENCHMARK
2025-02-21 13:05:00-05:00,2025-02-21 13:13:00-05:00,2025-02-20,0.8626528423021227,0.4894122503469233,25.0,1.75,20,43.75,42.64,1.7056,target,8,16,2025-02-06 09:30:00-05:00,2025-05-06 09:30:00-04:00,0.15,0.3,0.2,3.75,7.5,0.15,0.57,0.13,3.75,14.25,0.15,0.57,0.31,3.75,14.25,0.15,1.26,1.02,3.75,31.5,0.15,1.75,1.18,3.75,43.75,0.3,1.75,-0.26,7.5,43.75,0.59,1.75,0.55,14.75,43.75,1.7056,False,BENCHMARK
2025-02-21 14:07:00-05:00,2025-02-21 14:14:00-05:00,2025-02-20,0.8098510669337888,0.5592404574118639,25.0,1.75,20,-25.0,-26.11,-0.4644,stop,7,16,2025-02-06 09:30:00-05:00,2025-05-06 09:30:00-04:00,0.37,0.1,-0.06,9.25,2.5,0.37,0.1,-0.27,9.25,2.5,0.38,0.1,-0.21,9.5,2.5,0.38,0.82,-0.11,9.5,20.5,1.06,0.82,-0.42,26.5,20.5,1.06,0.82,-0.09,26.5,20.5,1.06,1.63,1.58,26.5,40.75,-1.0444,True,MAE>=0.75R
2025-02-25 14:22:00-05:00,2025-02-25 14:34:00-05:00,2025-02-24,0.7945204043428298,0.5842540708601943,25.0,1.75,20,-25.0,-26.11,-1.0444,stop,12,16,2025-02-06 09:30:00-05:00,2025-05-06 09:30:00-04:00,0.11,0.38,0.14,2.75,9.5,0.35,0.38,-0.04,8.75,9.5,0.4,0.38,0.06,10.0,9.5,0.4,0.44,-0.08,10.0,11.0,0.4,0.44,-0.22,10.0,11.0,0.79,0.44,-0.42,19.75,11.0,1.35,0.44,-1.34,33.75,11.0,-1.0444,False,BENCHMARK
2025-03-26 14:58:00-04:00,2025-03-26 15:18:00-04:00,2025-03-25,0.8149097764048943,0.5611024258286638,25.0,1.75,20,-19.25,-20.36,-0.044399999999999995,timeout,20,16,2025-02-06 09:30:00-05:00,2025-05-06 09:30:00-04:00,0.11,0.25,0.08,2.75,6.25,0.63,0.25,-0.5,15.75,6.25,0.63,0.25,-0.42,15.75,6.25,0.94,0.25,-0.27,23.5,6.25,0.94,0.25,0.0,23.5,6.25,0.94,0.74,-0.1,23.5,18.5,0.94,0.74,0.21,23.5,18.5,-0.8144,True,MAE>=0.75R
2025-03-28 16:25:00-04:00,2025-03-28 16:45:00-04:00,2025-03-27,0.9062033278933282,0.5122784521070105,25.0,1.75,20,3.5,2.39,0.0956,timeout,20,16,2025-02-06 09:30:00-05:00,2025-05-06 09:30:00-04:00,0.1,0.16,0.13,2.5,4.0,0.1,0.17,0.06,2.5,4.25,0.1,0.25,0.14,2.5,6.25,0.1,0.26,0.17,2.5,6.5,0.11,0.37,0.26,2.75,9.25,0.11,0.37,-0.01,2.75,9.25,0.11,0.5,0.05,2.75,12.5,0.0956,False,BENCHMARK
2025-04-28 16:20:00-04:00,2025-04-28 16:40:00-04:00,2025-04-27,0.9088992837931608,0.5767842400182683,25.0,1.75,20,2.5,1.39,0.0556,timeout,20,16,2025-02-06 09:30:00-05:00,2025-05-06 09:30:00-04:00,-0.01,0.11,0.09,-0.25,2.75,0.05,0.21,0.12,1.25,5.25,0.05,0.27,0.2,1.25,6.75,0.05,0.35,0.0,1.25,8.75,0.07,0.35,0.18,1.75,8.75,0.07,0.35,0.09,1.75,8.75,0.19,0.35,0.01,4.75,8.75,0.0556,False,BENCHMARK
2025-05-07 10:53:00-04:00,2025-05-07 10:56:00-04:00,2025-05-06,0.7903427387155184,0.542481758261138,25.0,1.75,20,43.75,42.64,1.7056,target,3,17,2025-05-06 09:30:00-04:00,2025-08-06 09:30:00-04:00,-0.01,1.28,0.99,-0.25,32.0,-0.01,1.68,1.39,-0.25,42.0,-0.01,1.75,1.34,-0.25,43.75,-0.01,1.79,1.03,-0.25,44.75,-0.01,2.61,2.17,-0.25,65.25,-0.01,2.66,2.42,-0.25,66.5,-0.01,2.94,1.64,-0.25,73.5,1.7056,False,BENCHMARK
2025-06-05 15:13:00-04:00,2025-06-05 15:16:00-04:00,2025-06-04,0.7661180778225253,0.5427242466327183,25.0,1.75,20,43.75,42.64,1.7056,target,3,17,2025-05-06 09:30:00-04:00,2025-08-06 09:30:00-04:00,0.25,0.69,0.47,6.25,17.25,0.25,1.24,1.08,6.25,31.0,0.25,2.61,2.52,6.25,65.25,0.25,3.97,3.8,6.25,99.25,0.25,5.0,3.99,6.25,125.0,0.25,5.0,4.24,6.25,125.0,0.25,5.0,2.61,6.25,125.0,1.7056,False,BENCHMARK
2025-06-19 09:47:00-04:00,2025-06-19 10:07:00-04:00,2025-06-18,0.770906133659536,0.5020435156405,25.0,1.75,20,-19.25,-20.36,-0.8144,timeout,20,17,2025-05-06 09:30:00-04:00,2025-08-06 09:30:00-04:00,-0.01,1.35,1.05,-0.25,33.75,-0.01,1.35,0.15,-0.25,33.75,0.29,1.35,-0.04,7.25,33.75,0.29,1.35,0.04,7.25,33.75,0.54,1.35,-0.45,13.5,33.75,0.77,1.35,-0.39,19.25,33.75,0.77,1.35,0.09,19.25,33.75,-0.8144,False,BENCHMARK
2025-07-09 10:31:00-04:00,2025-07-09 10:48:00-04:00,2025-07-08,0.7948395259558918,0.5524634614112823,25.0,1.75,20,43.75,42.64,1.7056,target,17,17,2025-05-06 09:30:00-04:00,2025-08-06 09:30:00-04:00,0.55,0.57,-0.48,13.75,14.25,0.55,0.57,-0.37,13.75,14.25,0.55,0.57,0.09,13.75,14.25,0.55,1.53,1.21,13.75,38.25,0.55,1.53,-0.16,13.75,38.25,0.55,1.53,0.78,13.75,38.25,0.55,1.53,0.17,13.75,38.25,1.7056,False,BENCHMARK
2025-07-31 13:27:00-04:00,2025-07-31 13:37:00-04:00,2025-07-30,0.8281286533964618,0.5092476247161783,25.0,1.75,20,-25.0,-26.11,-1.0444,stop,10,17,2025-05-06 09:30:00-04:00,2025-08-06 09:30:00-04:00,0.03,0.63,0.58,0.75,15.75,0.27,0.69,-0.01,6.75,17.25,0.27,0.86,0.58,6.75,21.5,0.27,1.35,1.25,6.75,33.75,0.27,1.35,-0.12,6.75,33.75,1.09,1.35,-0.8,27.25,33.75,1.17,1.35,-0.96,29.25,33.75,-1.0444,False,BENCHMARK
2025-08-14 16:11:00-04:00,2025-08-14 16:31:00-04:00,2025-08-13,0.8089892601795211,0.4237696081666777,25.0,1.75,20,1.25,0.1400000000000001,0.0056,timeout,20,18,2025-08-06 09:30:00-04:00,2025-11-06 09:30:00-05:00,0.01,0.28,0.27,0.25,7.0,0.01,0.3,0.2,0.25,7.5,0.01,0.46,0.46,0.25,11.5,0.35,0.46,-0.28,8.75,11.5,0.37,0.46,-0.34,9.25,11.5,0.37,0.46,-0.03,9.25,11.5,0.37,0.46,0.03,9.25,11.5,0.0056,False,BENCHMARK
2025-09-02 11:10:00-04:00,2025-09-02 11:30:00-04:00,2025-09-01,0.86459172129493,0.5967614898906562,25.0,1.75,20,33.5,32.39,1.2956,timeout,20,18,2025-08-06 09:30:00-04:00,2025-11-06 09:30:00-05:00,0.73,0.22,-0.54,18.25,5.5,0.73,0.22,-0.01,18.25,5.5,0.73,0.31,0.08,18.25,7.75,0.73,0.64,0.55,18.25,16.0,0.73,1.45,1.16,18.25,36.25,0.73,1.45,1.14,18.25,36.25,0.73,1.51,0.9,18.25,37.75,1.2956,False,BENCHMARK
2025-09-02 11:31:00-04:00,2025-09-02 11:36:00-04:00,2025-09-01,0.7850802125235826,0.4477680241128198,25.0,1.75,20,43.75,42.64,1.7056,target,5,18,2025-08-06 09:30:00-04:00,2025-11-06 09:30:00-05:00,0.07,0.43,0.26,1.75,10.75,0.07,0.48,0.21,1.75,12.0,0.07,0.63,0.54,1.75,15.75,0.07,1.76,1.63,1.75,44.0,0.07,1.89,1.84,1.75,47.25,0.07,2.04,1.66,1.75,51.0,0.07,2.04,1.69,1.75,51.0,1.7056,False,BENCHMARK
2025-09-02 11:40:00-04:00,2025-09-02 12:00:00-04:00,2025-09-01,0.8188854823384651,0.5366290453875432,25.0,1.75,20,1.75,0.6400000000000001,0.0256,timeout,20,18,2025-08-06 09:30:00-04:00,2025-11-06 09:30:00-05:00,0.24,0.26,0.01,6.0,6.5,0.24,0.26,-0.1,6.0,6.5,0.28,0.26,-0.03,7.0,6.5,0.28,0.39,-0.05,7.0,9.75,0.28,0.39,0.29,7.0,9.75,0.28,1.06,1.05,7.0,26.5,0.28,1.37,0.44,7.0,34.25,0.0256,False,BENCHMARK
2025-09-03 11:22:00-04:00,2025-09-03 11:29:00-04:00,2025-09-02,0.7532158846107745,0.4597452313378655,25.0,1.75,20,43.75,42.64,1.7056,target,7,18,2025-08-06 09:30:00-04:00,2025-11-06 09:30:00-05:00,0.12,0.36,0.14,3.0,9.0,0.26,0.36,-0.2,6.5,9.0,0.26,0.68,0.66,6.5,17.0,0.26,1.22,1.13,6.5,30.5,0.26,1.8,1.72,6.5,45.0,0.26,2.37,2.02,6.5,59.25,0.26,2.37,2.0,6.5,59.25,1.7056,False,BENCHMARK
2025-09-03 12:51:00-04:00,2025-09-03 13:01:00-04:00,2025-09-02,0.7574894341862695,0.5421512331419268,25.0,1.75,20,-25.0,-26.11,-0.6244,stop,10,18,2025-08-06 09:30:00-04:00,2025-11-06 09:30:00-05:00,0.24,0.12,-0.01,6.0,3.0,0.24,0.13,-0.03,6.0,3.25,0.24,0.24,-0.14,6.0,6.0,0.65,0.24,-0.55,16.25,6.0,0.91,0.24,-0.58,22.75,6.0,1.12,0.24,-1.0,28.0,6.0,1.61,0.24,-1.34,40.25,6.0,-1.0444,True,MAE>=0.75R
2025-09-05 09:37:00-04:00,2025-09-05 09:40:00-04:00,2025-09-04,0.8028085966685061,0.5916045145534948,25.0,1.75,20,-25.0,-26.11,-0.6144,stop,3,18,2025-08-06 09:30:00-04:00,2025-11-06 09:30:00-05:00,0.26,0.24,0.04,6.5,6.0,0.75,0.25,-0.36,18.75,6.25,1.06,0.25,-0.33,26.5,6.25,2.05,0.25,-1.71,51.25,6.25,2.16,0.25,-0.57,54.0,6.25,2.16,0.25,-0.71,54.0,6.25,2.64,0.25,-0.76,66.0,6.25,-1.0444,True,MAE>=0.75R
2025-09-09 10:39:00-04:00,2025-09-09 10:52:00-04:00,2025-09-08,0.8763939469106183,0.5792840956592524,25.0,1.75,20,-25.0,-26.11,-0.3344,stop,13,18,2025-08-06 09:30:00-04:00,2025-11-06 09:30:00-05:00,0.6,0.14,-0.45,15.0,3.5,0.6,0.14,-0.29,15.0,3.5,0.6,0.15,-0.02,15.0,3.75,0.6,0.66,-0.05,15.0,16.5,0.84,0.66,-0.29,21.0,16.5,0.87,0.66,-0.71,21.75,16.5,1.84,0.66,-1.79,46.0,16.5,-1.0444,True,MAE>=0.75R
2025-09-16 09:56:00-04:00,2025-09-16 10:08:00-04:00,2025-09-15,0.8780702709972923,0.4791410907970871,25.0,1.75,20,-25.0,-26.11,-1.0444,stop,12,18,2025-08-06 09:30:00-04:00,2025-11-06 09:30:00-05:00,0.28,0.28,-0.06,7.0,7.0,0.46,0.28,-0.4,11.5,7.0,0.63,0.28,-0.31,15.75,7.0,0.66,0.28,-0.25,16.5,7.0,0.66,0.28,-0.23,16.5,7.0,0.71,0.28,-0.48,17.75,7.0,1.0,0.28,-0.28,25.0,7.0,-1.0444,False,BENCHMARK
2025-09-23 09:59:00-04:00,2025-09-23 10:19:00-04:00,2025-09-22,0.7872518381262426,0.4337227465733835,25.0,1.75,20,-18.0,-19.11,-0.20439999999999997,timeout,20,18,2025-08-06 09:30:00-04:00,2025-11-06 09:30:00-05:00,0.04,0.43,0.29,1.0,10.75,0.49,0.43,-0.11,12.25,10.75,0.49,0.43,0.04,12.25,10.75,0.49,0.43,-0.03,12.25,10.75,0.81,0.43,-0.16,20.25,10.75,0.81,0.43,-0.5,20.25,10.75,0.87,0.43,-0.71,21.75,10.75,-0.7644,True,MAE>=0.75R
2025-09-24 12:03:00-04:00,2025-09-24 12:12:00-04:00,2025-09-23,1.0,0.5429784612676831,25.0,1.75,20,43.75,42.64,1.7056,target,9,18,2025-08-06 09:30:00-04:00,2025-11-06 09:30:00-05:00,0.3,0.12,-0.07,7.5,3.0,0.41,0.58,0.49,10.25,14.5,0.41,0.66,0.55,10.25,16.5,0.41,0.86,0.77,10.25,21.5,0.41,1.36,1.3,10.25,34.0,0.41,1.82,1.03,10.25,45.5,0.41,1.82,0.44,10.25,45.5,1.7056,False,BENCHMARK
2025-09-25 13:36:00-04:00,2025-09-25 13:56:00-04:00,2025-09-24,0.8012032540878635,0.5954854465051812,25.0,1.75,20,28.0,26.89,1.0756,timeout,20,18,2025-08-06 09:30:00-04:00,2025-11-06 09:30:00-05:00,0.24,0.13,-0.06,6.0,3.25,0.62,0.13,-0.46,15.5,3.25,0.74,0.13,-0.24,18.5,3.25,0.74,0.41,0.2,18.5,10.25,0.74,0.82,-0.01,18.5,20.5,0.74,0.82,0.32,18.5,20.5,0.74,1.1,0.64,18.5,27.5,1.0756,False,BENCHMARK
2025-09-30 11:40:00-04:00,2025-09-30 11:49:00-04:00,2025-09-29,0.8397778733997974,0.5207929069588366,25.0,1.75,20,-25.0,-26.11,-1.0444,stop,9,18,2025-08-06 09:30:00-04:00,2025-11-06 09:30:00-05:00,0.27,0.39,0.02,6.75,9.75,0.27,0.39,-0.16,6.75,9.75,0.27,0.39,0.2,6.75,9.75,0.39,0.39,-0.31,9.75,9.75,0.42,0.39,-0.21,10.5,9.75,1.26,0.39,-0.96,31.5,9.75,1.51,0.39,-1.08,37.75,9.75,-1.0444,False,BENCHMARK
2025-10-21 16:09:00-04:00,2025-10-21 16:29:00-04:00,2025-10-20,0.7625693157170519,0.5345125734274966,25.0,1.75,20,-19.75,-20.86,-0.9544,timeout,20,18,2025-08-06 09:30:00-04:00,2025-11-06 09:30:00-05:00,0.09,0.33,0.26,2.25,8.25,0.09,0.37,0.2,2.25,9.25,0.09,0.37,-0.03,2.25,9.25,0.35,0.37,-0.27,8.75,9.25,0.94,0.37,-0.91,23.5,9.25,0.94,0.37,-0.57,23.5,9.25,0.94,0.37,-0.53,23.5,9.25,-0.8344,True,MAE>=0.75R
2025-10-30 11:42:00-04:00,2025-10-30 11:45:00-04:00,2025-10-29,0.8443368898729058,0.4352980001320045,25.0,1.75,20,-25.0,-26.11,-0.15439999999999998,stop,3,18,2025-08-06 09:30:00-04:00,2025-11-06 09:30:00-05:00,0.43,0.38,-0.31,10.75,9.5,0.7,0.38,-0.63,17.5,9.5,1.09,0.38,-0.59,27.25,9.5,1.09,0.64,0.41,27.25,16.0,1.09,0.65,-0.11,27.25,16.25,1.09,0.65,0.09,27.25,16.25,1.25,0.65,-0.58,31.25,16.25,-1.0444,True,MAE>=0.75R
2025-10-30 11:46:00-04:00,2025-10-30 11:56:00-04:00,2025-10-29,0.7671677641979673,0.4233075924581436,25.0,1.75,20,-25.0,-26.11,-1.0444,stop,10,18,2025-08-06 09:30:00-04:00,2025-11-06 09:30:00-05:00,0.21,0.7,0.47,5.25,17.5,0.22,0.71,0.0,5.5,17.75,0.48,0.71,0.3,12.0,17.75,0.48,0.71,0.18,12.0,17.75,0.48,0.71,-0.28,12.0,17.75,1.19,0.71,-0.83,29.75,17.75,1.19,0.71,-0.3,29.75,17.75,-1.0444,False,BENCHMARK
2025-10-31 13:16:00-04:00,2025-10-31 13:17:00-04:00,2025-10-30,0.951650010539018,0.5823333993355774,25.0,1.75,20,-25.0,-26.11,-0.38439999999999996,stop,1,18,2025-08-06 09:30:00-04:00,2025-11-06 09:30:00-05:00,1.07,0.03,-0.94,26.75,0.75,1.07,0.03,-0.49,26.75,0.75,1.07,0.13,0.03,26.75,3.25,1.07,0.34,0.07,26.75,8.5,1.07,0.35,-0.34,26.75,8.75,1.07,0.35,-0.95,26.75,8.75,1.85,0.35,-1.73,46.25,8.75,-1.0444,True,MAE>=0.75R
2025-10-31 16:20:00-04:00,2025-10-31 16:40:00-04:00,2025-10-30,0.8898104265402844,0.5452841396607485,25.0,1.75,20,-3.5,-4.609999999999999,-0.1843999999999999,timeout,20,18,2025-08-06 09:30:00-04:00,2025-11-06 09:30:00-05:00,0.17,0.11,0.07,4.25,2.75,0.23,0.11,-0.12,5.75,2.75,0.23,0.11,-0.11,5.75,2.75,0.25,0.11,-0.23,6.25,2.75,0.37,0.17,-0.3,9.25,4.25,0.37,0.17,-0.32,9.25,4.25,0.37,0.17,-0.04,9.25,4.25,-0.1843999999999999,False,BENCHMARK
2025-11-04 14:43:00-05:00,2025-11-04 15:01:00-05:00,2025-11-03,0.7649715180225451,0.5887400171605834,25.0,1.75,20,-25.0,-26.11,-0.024399999999999995,stop,18,18,2025-08-06 09:30:00-04:00,2025-11-06 09:30:00-05:00,0.43,-0.01,-0.27,10.75,-0.25,0.79,0.0,-0.52,19.75,0.0,0.79,0.11,-0.05,19.75,2.75,0.79,0.17,0.04,19.75,4.25,0.79,0.41,0.02,19.75,10.25,0.79,0.41,-0.21,19.75,10.25,0.95,0.41,-0.36,23.75,10.25,-1.0444,True,MAE>=0.75R
2025-11-05 16:15:00-05:00,2025-11-05 16:24:00-05:00,2025-11-04,0.8308783415166394,0.5666116647966031,25.0,1.75,20,-25.0,-26.11,-0.6644,stop,9,18,2025-08-06 09:30:00-04:00,2025-11-06 09:30:00-05:00,0.26,0.07,-0.05,6.5,1.75,0.54,0.07,-0.46,13.5,1.75,0.68,0.07,-0.62,17.0,1.75,0.84,0.07,-0.47,21.0,1.75,0.84,0.07,-0.62,21.0,1.75,1.02,0.07,-0.87,25.5,1.75,1.02,0.07,-0.47,25.5,1.75,-1.0444,True,MAE>=0.75R
2025-12-04 14:22:00-05:00,2025-12-04 14:25:00-05:00,2025-12-03,0.7722607110561125,0.5586808071492875,25.0,1.75,20,-25.0,-26.11,-1.5144,stop,3,19,2025-11-06 09:30:00-05:00,2026-02-06 09:30:00-05:00,0.48,0.52,-0.06,12.0,13.0,0.66,0.52,-0.47,16.5,13.0,1.36,0.52,-0.96,34.0,13.0,1.96,0.52,-1.9,49.0,13.0,2.05,0.52,-1.47,51.25,13.0,2.35,0.52,-2.32,58.75,13.0,4.4,0.52,-4.28,110.0,13.0,-1.0444,True,MAE>=0.75R
2026-01-08 09:36:00-05:00,2026-01-08 09:42:00-05:00,2026-01-07,0.7546441314718091,0.5918143293151528,25.0,1.75,20,43.75,42.64,3.2756,target,6,19,2025-11-06 09:30:00-05:00,2026-02-06 09:30:00-05:00,0.98,0.09,-0.35,24.5,2.25,0.98,1.09,0.66,24.5,27.25,0.98,1.15,1.05,24.5,28.75,0.98,1.56,1.08,24.5,39.0,0.98,3.68,3.32,24.5,92.0,0.98,4.31,2.04,24.5,107.75,0.98,4.31,2.86,24.5,107.75,1.7056,True,MAE>=0.75R
2026-02-10 13:25:00-05:00,2026-02-10 13:45:00-05:00,2026-02-09,0.8004544071672488,0.5205635412545606,25.0,1.75,20,22.5,21.39,0.8556,timeout,20,20,2026-02-06 09:30:00-05:00,2026-05-06 09:30:00-04:00,0.08,0.24,0.02,2.0,6.0,0.08,0.74,0.51,2.0,18.5,0.08,0.74,0.24,2.0,18.5,0.08,0.94,0.82,2.0,23.5,0.08,1.06,0.96,2.0,26.5,0.08,1.64,0.65,2.0,41.0,0.08,1.64,0.29,2.0,41.0,0.8556,False,BENCHMARK
2026-02-11 13:12:00-05:00,2026-02-11 13:16:00-05:00,2026-02-10,1.0,0.5085718053540815,25.0,1.75,20,-25.0,-26.11,-0.5444,stop,4,20,2026-02-06 09:30:00-05:00,2026-05-06 09:30:00-04:00,0.3,0.31,0.04,7.5,7.75,0.3,0.4,0.17,7.5,10.0,0.3,0.57,0.42,7.5,14.25,1.29,0.57,-1.25,32.25,14.25,1.66,0.57,-0.5,41.5,14.25,1.66,0.57,-1.12,41.5,14.25,2.02,0.57,-1.88,50.5,14.25,-1.0444,True,MAE>=0.75R
2026-02-12 15:31:00-05:00,2026-02-12 15:38:00-05:00,2026-02-11,1.0,0.5876522044925052,25.0,1.75,20,-25.0,-26.11,-0.6944,stop,7,20,2026-02-06 09:30:00-05:00,2026-05-06 09:30:00-04:00,0.29,0.51,-0.29,7.25,12.75,0.5,0.51,-0.44,12.5,12.75,0.84,0.51,-0.35,21.0,12.75,0.87,0.51,-0.56,21.75,12.75,1.05,0.51,-0.65,26.25,12.75,1.54,0.51,-0.81,38.5,12.75,1.54,0.67,0.34,38.5,16.75,-1.0444,True,MAE>=0.75R
2026-02-12 15:43:00-05:00,2026-02-12 15:50:00-05:00,2026-02-11,0.9259333576837996,0.4935205943118378,25.0,1.75,20,43.75,42.64,1.7056,target,7,20,2026-02-06 09:30:00-05:00,2026-05-06 09:30:00-04:00,0.36,0.08,-0.22,9.0,2.0,0.39,0.25,0.25,9.75,6.25,0.39,0.77,0.44,9.75,19.25,0.39,1.21,1.07,9.75,30.25,0.39,3.03,2.91,9.75,75.75,0.39,3.09,1.91,9.75,77.25,0.39,3.09,1.34,9.75,77.25,1.7056,False,BENCHMARK
2026-02-16 10:31:00-05:00,2026-02-16 10:51:00-05:00,2026-02-15,1.0,0.4682227790232537,25.0,1.75,20,-25.0,-26.11,-1.0444,stop,20,20,2026-02-06 09:30:00-05:00,2026-05-06 09:30:00-04:00,0.57,0.07,-0.19,14.25,1.75,0.57,0.6,0.55,14.25,15.0,0.57,0.66,0.2,14.25,16.5,0.57,0.66,0.45,14.25,16.5,0.57,0.7,0.04,14.25,17.5,0.57,0.7,-0.29,14.25,17.5,0.57,0.89,0.32,14.25,22.25,-1.0444,False,BENCHMARK
2026-02-16 11:38:00-05:00,2026-02-16 11:45:00-05:00,2026-02-15,0.8138084670836507,0.4817090861136753,25.0,1.75,20,-25.0,-26.11,-1.3644,stop,7,20,2026-02-06 09:30:00-05:00,2026-05-06 09:30:00-04:00,-0.05,0.5,0.39,-1.25,12.5,-0.01,0.5,0.17,-0.25,12.5,0.45,0.5,-0.33,11.25,12.5,0.75,0.5,-0.41,18.75,12.5,1.33,0.5,-1.32,33.25,12.5,1.5,0.5,-1.44,37.5,12.5,2.01,0.5,-1.82,50.25,12.5,-1.0444,True,MAE>=0.75R
2026-02-17 15:23:00-05:00,2026-02-17 15:37:00-05:00,2026-02-16,0.7558115389350492,0.5380016704030947,25.0,1.75,20,43.75,42.64,1.7056,target,14,20,2026-02-06 09:30:00-05:00,2026-05-06 09:30:00-04:00,0.02,0.56,0.31,0.5,14.0,0.24,0.56,0.11,6.0,14.0,0.24,0.56,0.28,6.0,14.0,0.24,0.7,0.18,6.0,17.5,0.24,1.51,1.07,6.0,37.75,0.24,1.54,1.45,6.0,38.5,0.24,1.86,1.79,6.0,46.5,1.7056,False,BENCHMARK
2026-02-17 15:38:00-05:00,2026-02-17 15:41:00-05:00,2026-02-16,1.0,0.4284144357993757,25.0,1.75,20,-25.0,-26.11,-1.5344,stop,3,20,2026-02-06 09:30:00-05:00,2026-05-06 09:30:00-04:00,0.26,0.1,-0.17,6.5,2.5,0.83,0.1,-0.76,20.75,2.5,1.33,0.1,-1.24,33.25,2.5,1.94,0.1,-1.79,48.5,2.5,2.31,0.1,-1.49,57.75,2.5,2.31,0.1,-1.25,57.75,2.5,2.31,0.1,-0.64,57.75,2.5,-1.0444,True,MAE>=0.75R
2026-02-18 13:51:00-05:00,2026-02-18 14:11:00-05:00,2026-02-17,1.0,0.4833267396369071,25.0,1.75,20,-11.75,-12.86,-0.6244,timeout,20,20,2026-02-06 09:30:00-05:00,2026-05-06 09:30:00-04:00,0.03,0.78,0.72,0.75,19.5,0.03,1.23,0.53,0.75,30.75,0.66,1.23,-0.36,16.5,30.75,0.83,1.23,-0.65,20.75,30.75,0.96,1.23,-0.58,24.0,30.75,0.96,1.23,-0.51,24.0,30.75,0.96,1.23,-0.38,24.0,30.75,-0.5144,True,MAE>=0.75R
2026-02-18 14:30:00-05:00,2026-02-18 14:36:00-05:00,2026-02-17,0.75899196749089,0.4106598092223834,25.0,1.75,20,43.75,42.64,1.7056,target,6,20,2026-02-06 09:30:00-05:00,2026-05-06 09:30:00-04:00,0.07,0.98,0.59,1.75,24.5,0.07,0.98,0.7,1.75,24.5,0.07,0.98,0.7,1.75,24.5,0.07,1.05,0.76,1.75,26.25,0.07,2.52,2.22,1.75,63.0,0.07,2.65,1.94,1.75,66.25,0.07,2.65,2.04,1.75,66.25,1.7056,False,BENCHMARK
2026-02-18 14:37:00-05:00,2026-02-18 14:57:00-05:00,2026-02-17,1.0,0.4977493516198514,25.0,1.75,20,43.75,42.64,-0.0544,target,20,20,2026-02-06 09:30:00-05:00,2026-05-06 09:30:00-04:00,0.11,0.47,0.17,2.75,11.75,0.25,0.6,-0.03,6.25,15.0,0.35,0.6,-0.11,8.75,15.0,0.79,0.6,0.17,19.75,15.0,0.79,0.6,-0.01,19.75,15.0,0.93,0.6,-0.77,23.25,15.0,0.93,0.81,0.69,23.25,20.25,1.7056,True,MAE>=0.75R
2026-02-19 14:37:00-05:00,2026-02-19 14:57:00-05:00,2026-02-18,0.9876993866934896,0.4486570838278605,25.0,1.75,20,10.5,9.39,0.3756,timeout,20,20,2026-02-06 09:30:00-05:00,2026-05-06 09:30:00-04:00,0.24,0.24,0.1,6.0,6.0,0.24,1.05,1.04,6.0,26.25,0.24,1.22,0.71,6.0,30.5,0.24,1.22,0.63,6.0,30.5,0.24,1.22,0.29,6.0,30.5,0.24,1.39,1.32,6.0,34.75,0.24,1.39,0.47,6.0,34.75,0.3756,False,BENCHMARK
2026-02-23 12:36:00-05:00,2026-02-23 12:43:00-05:00,2026-02-22,1.0,0.4217284276231922,25.0,1.75,20,-25.0,-26.11,-0.03439999999999999,stop,7,20,2026-02-06 09:30:00-05:00,2026-05-06 09:30:00-04:00,0.0,0.73,0.51,0.0,18.25,0.0,0.73,0.58,0.0,18.25,0.0,0.83,0.76,0.0,20.75,0.4,0.95,-0.1,10.0,23.75,1.06,0.95,0.01,26.5,23.75,1.06,0.95,-0.39,26.5,23.75,1.06,0.95,-0.29,26.5,23.75,-1.0444,True,MAE>=0.75R
2026-02-23 13:55:00-05:00,2026-02-23 14:15:00-05:00,2026-02-22,1.0,0.4218163435755417,25.0,1.75,20,-7.0,-8.11,-0.3243999999999999,timeout,20,20,2026-02-06 09:30:00-05:00,2026-05-06 09:30:00-04:00,0.05,0.36,0.21,1.25,9.0,0.05,0.47,0.35,1.25,11.75,0.05,0.86,0.68,1.25,21.5,0.18,0.86,-0.02,4.5,21.5,0.18,0.86,0.43,4.5,21.5,0.18,0.86,0.19,4.5,21.5,0.52,0.86,0.11,13.0,21.5,-0.3243999999999999,False,BENCHMARK
2026-02-26 12:37:00-05:00,2026-02-26 12:57:00-05:00,2026-02-25,0.8666520754638691,0.5423930722229549,25.0,1.75,20,14.25,13.14,0.5256000000000001,timeout,20,20,2026-02-06 09:30:00-05:00,2026-05-06 09:30:00-04:00,0.34,0.05,-0.21,8.5,1.25,0.48,0.05,-0.36,12.0,1.25,0.67,0.05,-0.36,16.75,1.25,0.67,0.05,-0.01,16.75,1.25,0.67,0.31,0.14,16.75,7.75,0.67,0.46,0.31,16.75,11.5,0.67,1.37,-0.05,16.75,34.25,0.5256000000000001,False,BENCHMARK
2026-02-26 13:06:00-05:00,2026-02-26 13:20:00-05:00,2026-02-25,0.9833367746527146,0.4097103169370082,25.0,1.75,20,-25.0,-26.11,-1.0444,stop,14,20,2026-02-06 09:30:00-05:00,2026-05-06 09:30:00-04:00,0.27,0.04,-0.01,6.75,1.0,0.27,0.72,0.21,6.75,18.0,0.27,0.72,0.08,6.75,18.0,0.64,0.72,-0.38,16.0,18.0,0.64,0.72,-0.05,16.0,18.0,0.64,0.72,0.27,16.0,18.0,1.01,0.72,-0.37,25.25,18.0,-1.0444,False,BENCHMARK
2026-02-27 13:05:00-05:00,2026-02-27 13:25:00-05:00,2026-02-26,0.9375766338559064,0.4316980966196316,25.0,1.75,20,40.0,38.89,0.015600000000000004,timeout,20,20,2026-02-06 09:30:00-05:00,2026-05-06 09:30:00-04:00,0.64,0.01,-0.54,16.0,0.25,0.96,0.01,-0.92,24.0,0.25,0.96,0.01,-0.35,24.0,0.25,0.96,0.24,-0.1,24.0,6.0,0.96,0.34,0.06,24.0,8.5,0.96,0.52,0.52,24.0,13.0,0.96,1.13,0.61,24.0,28.25,1.5556,True,MAE>=0.75R
2026-02-27 13:26:00-05:00,2026-02-27 13:29:00-05:00,2026-02-26,0.8591063143433781,0.5788342344718449,25.0,1.75,20,-25.0,-26.11,-0.8144,stop,3,20,2026-02-06 09:30:00-05:00,2026-05-06 09:30:00-04:00,0.12,0.32,0.02,3.0,8.0,0.75,0.32,-0.7,18.75,8.0,1.41,0.32,-1.14,35.25,8.0,1.41,0.32,-1.21,35.25,8.0,1.41,0.32,-0.77,35.25,8.0,1.41,0.32,-0.95,35.25,8.0,1.85,0.32,-1.62,46.25,8.0,-1.0444,True,MAE>=0.75R
2026-03-02 13:47:00-05:00,2026-03-02 14:07:00-05:00,2026-03-01,1.0,0.4756780517824959,25.0,1.75,20,-13.25,-14.36,0.18560000000000001,timeout,20,20,2026-02-06 09:30:00-05:00,2026-05-06 09:30:00-04:00,0.84,0.12,-0.77,21.0,3.0,0.88,0.12,-0.5,22.0,3.0,0.88,0.12,-0.59,22.0,3.0,0.88,0.16,-0.04,22.0,4.0,0.88,0.33,0.23,22.0,8.25,0.88,0.33,0.19,22.0,8.25,0.88,0.79,0.12,22.0,19.75,-0.5744,True,MAE>=0.75R
2026-03-09 13:34:00-04:00,2026-03-09 13:54:00-04:00,2026-03-08,0.9868471626329344,0.4461690623763682,25.0,1.75,20,-17.0,-18.11,-0.7243999999999999,timeout,20,20,2026-02-06 09:30:00-05:00,2026-05-06 09:30:00-04:00,0.45,0.46,-0.29,11.25,11.5,0.45,0.46,0.13,11.25,11.5,0.45,0.46,0.13,11.25,11.5,0.45,0.66,0.41,11.25,16.5,0.45,1.06,0.89,11.25,26.5,0.45,1.24,0.9,11.25,31.0,0.55,1.24,0.25,13.75,31.0,-0.7243999999999999,False,BENCHMARK
2026-03-12 15:02:00-04:00,2026-03-12 15:05:00-04:00,2026-03-11,0.8446213623856165,0.573295529473823,25.0,1.75,20,-25.0,-26.11,-0.8044,stop,3,20,2026-02-06 09:30:00-05:00,2026-05-06 09:30:00-04:00,0.13,0.17,0.09,3.25,4.25,0.56,0.17,-0.46,14.0,4.25,1.22,0.17,-0.79,30.5,4.25,1.38,0.17,-0.41,34.5,4.25,1.38,0.17,-0.76,34.5,4.25,1.38,0.59,-0.02,34.5,14.75,1.38,0.59,-0.3,34.5,14.75,-1.0444,True,MAE>=0.75R
2026-03-12 16:07:00-04:00,2026-03-12 16:27:00-04:00,2026-03-11,1.0,0.5178029803507846,25.0,1.75,20,-9.25,-10.36,-0.4144,timeout,20,20,2026-02-06 09:30:00-05:00,2026-05-06 09:30:00-04:00,0.19,0.14,-0.05,4.75,3.5,0.21,0.14,-0.01,5.25,3.5,0.21,0.41,0.25,5.25,10.25,0.21,1.06,0.76,5.25,26.5,0.21,1.06,0.24,5.25,26.5,0.21,1.06,0.1,5.25,26.5,0.44,1.06,-0.28,11.0,26.5,-0.4144,False,BENCHMARK
2026-03-13 15:20:00-04:00,2026-03-13 15:40:00-04:00,2026-03-12,1.0,0.5287880785968614,25.0,1.75,20,43.75,42.64,1.7056,target,20,20,2026-02-06 09:30:00-05:00,2026-05-06 09:30:00-04:00,0.08,0.65,0.46,2.0,16.25,0.08,0.73,0.73,2.0,18.25,0.08,0.76,0.5,2.0,19.0,0.08,0.8,0.66,2.0,20.0,0.08,1.08,0.5,2.0,27.0,0.08,1.08,0.11,2.0,27.0,0.15,1.08,0.66,3.75,27.0,1.7056,False,BENCHMARK
2026-03-16 12:01:00-04:00,2026-03-16 12:08:00-04:00,2026-03-15,0.8187978190213634,0.5903248494439316,25.0,1.75,20,-25.0,-26.11,-0.2944,stop,7,20,2026-02-06 09:30:00-05:00,2026-05-06 09:30:00-04:00,0.25,0.24,0.03,6.25,6.0,0.38,0.24,-0.34,9.5,6.0,0.55,0.43,0.37,13.75,10.75,0.55,0.43,-0.24,13.75,10.75,1.16,0.43,-0.25,29.0,10.75,1.16,0.43,-0.4,29.0,10.75,1.16,0.43,0.33,29.0,10.75,-1.0444,True,MAE>=0.75R
2026-03-16 13:50:00-04:00,2026-03-16 13:52:00-04:00,2026-03-15,1.0,0.4397336146643809,25.0,1.75,20,-25.0,-26.11,-1.3544,stop,2,20,2026-02-06 09:30:00-05:00,2026-05-06 09:30:00-04:00,0.95,0.04,-0.83,23.75,1.0,1.0,0.04,-0.84,25.0,1.0,1.21,0.04,-0.94,30.25,1.0,1.21,0.04,-0.84,30.25,1.0,1.45,0.04,-1.31,36.25,1.0,1.45,0.04,-0.95,36.25,1.0,1.87,0.04,-1.77,46.75,1.0,-1.0444,True,MAE>=0.75R
2026-03-17 11:13:00-04:00,2026-03-17 11:16:00-04:00,2026-03-16,0.9043760691482644,0.4710536726889094,25.0,1.75,20,-25.0,-26.11,0.3856,stop,3,20,2026-02-06 09:30:00-05:00,2026-05-06 09:30:00-04:00,0.43,-0.01,-0.1,10.75,-0.25,0.91,-0.01,-0.63,22.75,-0.25,1.17,-0.01,-1.16,29.25,-0.25,1.31,0.01,-0.41,32.75,0.25,1.31,0.51,0.43,32.75,12.75,1.31,0.51,-0.29,32.75,12.75,1.31,0.51,0.21,32.75,12.75,-1.0444,True,MAE>=0.75R
2026-03-18 15:43:00-04:00,2026-03-18 16:03:00-04:00,2026-03-17,1.0,0.5178205635412546,25.0,1.75,20,24.0,22.89,0.9156,timeout,20,20,2026-02-06 09:30:00-05:00,2026-05-06 09:30:00-04:00,0.32,0.44,-0.04,8.0,11.0,0.32,0.44,0.19,8.0,11.0,0.32,0.45,0.45,8.0,11.25,0.32,0.54,0.13,8.0,13.5,0.32,0.59,0.31,8.0,14.75,0.32,0.59,0.05,8.0,14.75,0.32,1.31,1.23,8.0,32.75,0.9156,False,BENCHMARK
2026-03-18 16:04:00-04:00,2026-03-18 16:20:00-04:00,2026-03-17,0.8908682410068292,0.4371664688557738,25.0,1.75,20,43.75,42.64,1.7056,target,16,20,2026-02-06 09:30:00-05:00,2026-05-06 09:30:00-04:00,0.05,0.77,0.59,1.25,19.25,0.05,1.37,1.11,1.25,34.25,0.05,1.37,0.99,1.25,34.25,0.05,1.43,0.68,1.25,35.75,0.05,1.44,1.05,1.25,36.0,0.05,1.45,1.1,1.25,36.25,0.05,1.68,1.6,1.25,42.0,1.7056,False,BENCHMARK
2026-03-18 16:25:00-04:00,2026-03-18 16:45:00-04:00,2026-03-17,1.0,0.4278253989186338,25.0,1.75,20,-23.75,-24.86,-0.9944,timeout,20,20,2026-02-06 09:30:00-05:00,2026-05-06 09:30:00-04:00,-0.08,0.65,0.65,-2.0,16.25,-0.08,1.07,0.64,-2.0,26.75,-0.08,1.07,0.59,-2.0,26.75,0.01,1.07,0.24,0.25,26.75,0.24,1.07,-0.19,6.0,26.75,0.33,1.07,-0.27,8.25,26.75,0.65,1.07,-0.51,16.25,26.75,-0.9944,False,BENCHMARK
2026-03-20 13:36:00-04:00,2026-03-20 13:40:00-04:00,2026-03-19,1.0,0.5456547540551233,25.0,1.75,20,-25.0,-26.11,-0.49439999999999995,stop,4,20,2026-02-06 09:30:00-05:00,2026-05-06 09:30:00-04:00,0.28,0.28,-0.14,7.0,7.0,0.36,0.28,-0.36,9.0,7.0,0.99,0.28,-0.87,24.75,7.0,1.43,0.28,-0.93,35.75,7.0,1.43,0.28,-0.45,35.75,7.0,1.43,0.28,-0.47,35.75,7.0,1.43,0.42,-0.56,35.75,10.5,-1.0444,True,MAE>=0.75R
2026-03-23 15:16:00-04:00,2026-03-23 15:36:00-04:00,2026-03-22,0.8428658437135019,0.428278166073234,25.0,1.75,20,-0.75,-1.86,-0.0744,timeout,20,20,2026-02-06 09:30:00-05:00,2026-05-06 09:30:00-04:00,0.63,0.0,-0.18,15.75,0.0,0.63,0.0,-0.16,15.75,0.0,0.63,0.0,-0.48,15.75,0.0,0.64,0.01,-0.21,16.0,0.25,0.64,0.24,-0.17,16.0,6.0,0.64,0.51,0.11,16.0,12.75,0.64,0.51,-0.01,16.0,12.75,-0.0744,False,BENCHMARK
2026-03-23 15:57:00-04:00,2026-03-23 16:01:00-04:00,2026-03-22,0.7560361848577879,0.5633961932392633,25.0,1.75,20,43.75,42.64,1.7056,target,4,20,2026-02-06 09:30:00-05:00,2026-05-06 09:30:00-04:00,0.1,0.53,0.42,2.5,13.25,0.1,0.85,0.84,2.5,21.25,0.1,1.62,1.53,2.5,40.5,0.1,2.48,1.85,2.5,62.0,0.1,2.48,1.76,2.5,62.0,0.1,2.48,1.23,2.5,62.0,0.1,2.48,0.61,2.5,62.0,1.7056,False,BENCHMARK
2026-03-24 15:45:00-04:00,2026-03-24 16:05:00-04:00,2026-03-23,1.0,0.4497648248274649,25.0,1.75,20,2.5,1.39,0.0556,timeout,20,20,2026-02-06 09:30:00-05:00,2026-05-06 09:30:00-04:00,0.08,0.66,0.43,2.0,16.5,0.08,0.66,0.3,2.0,16.5,0.08,0.66,0.23,2.0,16.5,0.54,0.66,0.26,13.5,16.5,0.54,1.01,0.94,13.5,25.25,0.54,1.34,1.09,13.5,33.5,0.54,1.56,0.19,13.5,39.0,0.0556,False,BENCHMARK
2026-03-26 13:24:00-04:00,2026-03-26 13:33:00-04:00,2026-03-25,0.956211115148597,0.4424106554134248,25.0,1.75,20,-25.0,-26.11,-0.5044,stop,9,20,2026-02-06 09:30:00-05:00,2026-05-06 09:30:00-04:00,0.12,0.28,0.12,3.0,7.0,0.22,0.28,-0.02,5.5,7.0,0.22,0.38,0.09,5.5,9.5,0.57,0.38,-0.52,14.25,9.5,0.93,0.38,-0.46,23.25,9.5,1.18,0.38,-1.14,29.5,9.5,1.26,0.38,-0.15,31.5,9.5,-1.0444,True,MAE>=0.75R
2026-03-26 13:49:00-04:00,2026-03-26 13:59:00-04:00,2026-03-25,1.0,0.4862895072310871,25.0,1.75,20,43.75,42.64,1.7056,target,10,20,2026-02-06 09:30:00-05:00,2026-05-06 09:30:00-04:00,0.06,0.67,0.38,1.5,16.75,0.06,0.67,0.46,1.5,16.75,0.06,0.67,0.38,1.5,16.75,0.06,1.08,0.93,1.5,27.0,0.06,1.2,0.9,1.5,30.0,0.06,1.88,1.48,1.5,47.0,0.1,1.88,0.74,2.5,47.0,1.7056,False,BENCHMARK
2026-03-26 15:25:00-04:00,2026-03-26 15:45:00-04:00,2026-03-25,1.0,0.4252890236933491,25.0,1.75,20,16.5,15.39,0.25560000000000005,timeout,20,20,2026-02-06 09:30:00-05:00,2026-05-06 09:30:00-04:00,0.3,-0.01,-0.2,7.5,-0.25,0.39,-0.01,-0.32,9.75,-0.25,0.45,-0.01,-0.24,11.25,-0.25,0.95,-0.01,-0.77,23.75,-0.25,0.95,0.47,0.3,23.75,11.75,0.95,0.47,-0.44,23.75,11.75,0.95,0.47,-0.39,23.75,11.75,0.6156,True,MAE>=0.75R
2026-03-26 15:54:00-04:00,2026-03-26 16:11:00-04:00,2026-03-25,0.9272071232917818,0.5358345421776781,25.0,1.75,20,-25.0,-26.11,0.015600000000000004,stop,17,20,2026-02-06 09:30:00-05:00,2026-05-06 09:30:00-04:00,0.57,0.18,-0.51,14.25,4.5,0.74,0.18,-0.73,18.5,4.5,0.91,0.18,-0.61,22.75,4.5,0.91,0.25,-0.23,22.75,6.25,0.91,0.4,0.06,22.75,10.0,0.91,0.77,0.17,22.75,19.25,0.91,0.77,-0.46,22.75,19.25,-1.0444,True,MAE>=0.75R
2026-03-27 12:37:00-04:00,2026-03-27 12:46:00-04:00,2026-03-26,1.0,0.4980702448459272,25.0,1.75,20,-25.0,-26.11,-0.7944,stop,9,20,2026-02-06 09:30:00-05:00,2026-05-06 09:30:00-04:00,0.34,0.32,0.22,8.5,8.0,0.34,0.32,0.19,8.5,8.0,0.34,0.6,0.29,8.5,15.0,0.85,0.6,-0.25,21.25,15.0,0.93,0.6,-0.75,23.25,15.0,1.75,0.6,-1.63,43.75,15.0,2.22,0.6,-0.78,55.5,15.0,-1.0444,True,MAE>=0.75R
2026-03-27 15:46:00-04:00,2026-03-27 15:53:00-04:00,2026-03-26,0.8379642713187814,0.5809749879115566,25.0,1.75,20,-25.0,-26.11,-1.0844,stop,7,20,2026-02-06 09:30:00-05:00,2026-05-06 09:30:00-04:00,0.97,0.03,-0.63,24.25,0.75,0.97,0.03,-0.71,24.25,0.75,0.97,0.03,-0.73,24.25,0.75,0.97,0.42,0.18,24.25,10.5,1.63,0.56,-1.04,40.75,14.0,2.56,0.56,-1.6,64.0,14.0,2.73,0.56,-0.69,68.25,14.0,-1.0444,True,MAE>=0.75R
2026-03-30 13:14:00-04:00,2026-03-30 13:27:00-04:00,2026-03-29,0.8538814334819277,0.5374082377247351,25.0,1.75,20,43.75,42.64,1.7056,target,13,20,2026-02-06 09:30:00-05:00,2026-05-06 09:30:00-04:00,0.34,1.08,0.8,8.5,27.0,0.34,1.38,0.96,8.5,34.5,0.34,1.38,0.77,8.5,34.5,0.34,1.38,0.45,8.5,34.5,0.34,1.57,1.41,8.5,39.25,0.34,1.57,1.26,8.5,39.25,0.34,2.24,2.03,8.5,56.0,1.7056,False,BENCHMARK
2026-03-30 14:51:00-04:00,2026-03-30 15:07:00-04:00,2026-03-29,1.0,0.4552727592421645,25.0,1.75,20,43.75,42.64,1.7056,target,16,20,2026-02-06 09:30:00-05:00,2026-05-06 09:30:00-04:00,0.15,0.17,0.01,3.75,4.25,0.17,0.17,0.07,4.25,4.25,0.26,0.38,-0.15,6.5,9.5,0.52,0.38,-0.2,13.0,9.5,0.52,0.51,0.26,13.0,12.75,0.52,0.7,0.28,13.0,17.5,0.52,1.4,1.06,13.0,35.0,1.7056,False,BENCHMARK
2026-03-30 15:08:00-04:00,2026-03-30 15:11:00-04:00,2026-03-29,0.9863226629833274,0.4938722581212361,25.0,1.75,20,43.75,42.64,1.7056,target,3,20,2026-02-06 09:30:00-05:00,2026-05-06 09:30:00-04:00,0.03,0.4,0.34,0.75,10.0,0.03,1.14,1.08,0.75,28.5,0.03,1.87,1.44,0.75,46.75,0.03,1.87,1.29,0.75,46.75,0.03,1.87,1.17,0.75,46.75,0.03,1.87,1.18,0.75,46.75,0.03,1.87,1.24,0.75,46.75,1.7056,False,BENCHMARK
2026-03-30 15:12:00-04:00,2026-03-30 15:32:00-04:00,2026-03-29,1.0,0.5195920699810981,25.0,1.75,20,16.0,14.89,0.5956,timeout,20,20,2026-02-06 09:30:00-05:00,2026-05-06 09:30:00-04:00,0.33,0.12,-0.24,8.25,3.0,0.33,0.17,0.0,8.25,4.25,0.72,0.17,-0.44,18.0,4.25,0.72,0.17,-0.34,18.0,4.25,0.72,0.17,-0.58,18.0,4.25,0.72,0.28,0.01,18.0,7.0,0.72,0.5,0.3,18.0,12.5,0.5956,False,BENCHMARK
2026-04-01 14:09:00-04:00,2026-04-01 14:18:00-04:00,2026-03-31,0.7827758320993075,0.403846322915293,25.0,1.75,20,43.75,42.64,1.7056,target,9,20,2026-02-06 09:30:00-05:00,2026-05-06 09:30:00-04:00,0.42,0.04,-0.1,10.5,1.0,0.58,0.04,-0.26,14.5,1.0,0.58,0.04,-0.12,14.5,1.0,0.58,0.31,0.25,14.5,7.75,0.58,1.56,1.46,14.5,39.0,0.58,2.41,1.8,14.5,60.25,0.58,3.59,3.24,14.5,89.75,1.7056,False,BENCHMARK
2026-04-01 14:19:00-04:00,2026-04-01 14:24:00-04:00,2026-03-31,0.9344292372435988,0.4903336410391665,25.0,1.75,20,43.75,42.64,1.7056,target,5,20,2026-02-06 09:30:00-05:00,2026-05-06 09:30:00-04:00,0.37,0.63,0.54,9.25,15.75,0.37,0.82,0.77,9.25,20.5,0.37,0.82,0.58,9.25,20.5,0.37,1.79,1.44,9.25,44.75,0.37,1.9,0.92,9.25,47.5,0.37,1.9,1.38,9.25,47.5,0.37,2.24,1.79,9.25,56.0,1.7056,False,BENCHMARK
2026-04-01 14:25:00-04:00,2026-04-01 14:40:00-04:00,2026-03-31,0.9100415149552532,0.5724647237241197,25.0,1.75,20,-25.0,-26.11,0.4756,stop,15,20,2026-02-06 09:30:00-05:00,2026-05-06 09:30:00-04:00,0.77,0.04,-0.4,19.25,1.0,0.94,0.04,-0.29,23.5,1.0,0.94,0.04,-0.11,23.5,1.0,0.94,0.44,0.1,23.5,11.0,0.94,1.03,0.52,23.5,25.75,0.94,1.24,1.08,23.5,31.0,1.34,1.32,-1.05,33.5,33.0,-1.0444,True,MAE>=0.75R
2026-04-02 13:47:00-04:00,2026-04-02 14:01:00-04:00,2026-04-01,1.0,0.4469778891379841,25.0,1.75,20,-25.0,-26.11,-1.0444,stop,14,20,2026-02-06 09:30:00-05:00,2026-05-06 09:30:00-04:00,0.16,0.63,0.55,4.0,15.75,0.16,0.77,0.64,4.0,19.25,0.16,0.77,0.15,4.0,19.25,0.16,1.07,0.61,4.0,26.75,0.56,1.07,0.05,14.0,26.75,0.56,1.07,0.35,14.0,26.75,1.0,1.07,-0.74,25.0,26.75,-1.0444,False,BENCHMARK
2026-04-06 13:06:00-04:00,2026-04-06 13:09:00-04:00,2026-04-05,0.9195951958331344,0.410923557079432,25.0,1.75,20,-25.0,-26.11,1.4756,stop,3,20,2026-02-06 09:30:00-05:00,2026-05-06 09:30:00-04:00,0.45,0.13,-0.33,11.25,3.25,0.93,0.13,-0.66,23.25,3.25,1.01,0.13,-0.52,25.25,3.25,1.01,0.5,0.14,25.25,12.5,1.01,2.52,1.52,25.25,63.0,1.01,2.52,1.34,25.25,63.0,1.01,2.52,0.65,25.25,63.0,-1.0444,True,MAE>=0.75R
2026-04-06 13:10:00-04:00,2026-04-06 13:13:00-04:00,2026-04-05,0.9488333064392672,0.4546661391709525,25.0,1.75,20,43.75,42.64,1.7056,target,3,20,2026-02-06 09:30:00-05:00,2026-05-06 09:30:00-04:00,0.17,0.31,0.1,4.25,7.75,0.17,1.7,1.6,4.25,42.5,0.17,2.39,2.22,4.25,59.75,0.17,2.48,1.7,4.25,62.0,0.17,2.48,1.03,4.25,62.0,0.17,2.48,1.28,4.25,62.0,1.36,2.48,-1.32,34.0,62.0,1.7056,False,BENCHMARK
2026-04-07 13:20:00-04:00,2026-04-07 13:30:00-04:00,2026-04-06,0.8490741423499436,0.5208932260758715,25.0,1.75,20,-25.0,-26.11,-0.32439999999999997,stop,10,20,2026-02-06 09:30:00-05:00,2026-05-06 09:30:00-04:00,0.09,0.22,0.08,2.25,5.5,0.33,0.22,-0.2,8.25,5.5,0.67,0.22,-0.46,16.75,5.5,0.73,0.22,-0.25,18.25,5.5,0.86,0.22,-0.28,21.5,5.5,1.01,0.22,-0.42,25.25,5.5,3.86,0.22,-3.58,96.5,5.5,-1.0444,True,MAE>=0.75R
2026-04-07 14:47:00-04:00,2026-04-07 14:54:00-04:00,2026-04-06,1.0,0.4266780957404721,25.0,1.75,20,43.75,42.64,1.7056,target,7,20,2026-02-06 09:30:00-05:00,2026-05-06 09:30:00-04:00,0.02,0.37,0.19,0.5,9.25,0.02,0.42,0.25,0.5,10.5,0.02,0.53,0.32,0.5,13.25,0.02,0.88,0.74,0.5,22.0,0.02,3.08,2.94,0.5,77.0,0.02,3.08,2.14,0.5,77.0,0.02,3.08,1.31,0.5,77.0,1.7056,False,BENCHMARK
2026-04-09 14:04:00-04:00,2026-04-09 14:06:00-04:00,2026-04-08,0.7745562110410582,0.4640907292628247,25.0,1.75,20,-25.0,-26.11,-0.3444,stop,2,20,2026-02-06 09:30:00-05:00,2026-05-06 09:30:00-04:00,0.86,0.02,-0.73,21.5,0.5,1.08,0.02,-0.73,27.0,0.5,1.08,0.02,-0.51,27.0,0.5,1.08,0.02,-0.74,27.0,0.5,1.08,0.02,-0.3,27.0,0.5,1.08,0.08,-0.47,27.0,2.0,1.1,0.08,-0.51,27.5,2.0,-1.0444,True,MAE>=0.75R
2026-04-09 14:08:00-04:00,2026-04-09 14:28:00-04:00,2026-04-08,0.7815567673014422,0.4465690799595586,25.0,1.75,20,9.25,8.14,0.3256,timeout,20,20,2026-02-06 09:30:00-05:00,2026-05-06 09:30:00-04:00,0.45,0.31,-0.4,11.25,7.75,0.72,0.31,-0.35,18.0,7.75,0.72,0.31,-0.19,18.0,7.75,0.72,0.31,0.24,18.0,7.75,0.72,0.42,-0.18,18.0,10.5,0.76,0.42,-0.21,19.0,10.5,0.76,0.88,0.8,19.0,22.0,0.3256,False,BENCHMARK
2026-04-10 11:39:00-04:00,2026-04-10 11:57:00-04:00,2026-04-09,0.9107713366387016,0.453786979647457,25.0,1.75,20,43.75,42.64,1.7056,target,18,20,2026-02-06 09:30:00-05:00,2026-05-06 09:30:00-04:00,0.13,0.65,0.45,3.25,16.25,0.13,0.65,-0.04,3.25,16.25,0.24,0.65,0.35,6.0,16.25,0.26,0.65,-0.08,6.5,16.25,0.51,0.65,-0.17,12.75,16.25,0.51,0.65,0.17,12.75,16.25,0.51,1.03,0.92,12.75,25.75,1.7056,False,BENCHMARK
2026-04-10 11:58:00-04:00,2026-04-10 12:11:00-04:00,2026-04-09,0.8181274106704035,0.4843157941008396,25.0,1.75,20,-25.0,-26.11,-1.0444,stop,13,20,2026-02-06 09:30:00-05:00,2026-05-06 09:30:00-04:00,0.17,0.19,-0.16,4.25,4.75,0.32,0.24,0.17,8.0,6.0,0.32,0.51,0.43,8.0,12.75,0.45,0.51,-0.19,11.25,12.75,0.45,0.51,0.04,11.25,12.75,0.45,0.51,-0.18,11.25,12.75,1.56,0.51,-1.52,39.0,12.75,-1.0444,False,BENCHMARK
2026-04-10 12:41:00-04:00,2026-04-10 12:50:00-04:00,2026-04-09,0.907567443823814,0.4221284452063827,25.0,1.75,20,-25.0,-26.11,-1.0444,stop,9,20,2026-02-06 09:30:00-05:00,2026-05-06 09:30:00-04:00,0.3,0.15,-0.02,7.5,3.75,0.33,0.15,0.12,8.25,3.75,0.33,0.45,0.24,8.25,11.25,0.49,0.45,-0.39,12.25,11.25,0.74,0.45,-0.66,18.5,11.25,1.15,0.45,-0.69,28.75,11.25,1.57,0.45,-1.16,39.25,11.25,-1.0444,False,BENCHMARK
2026-04-15 12:48:00-04:00,2026-04-15 13:05:00-04:00,2026-04-14,0.8292577512470083,0.5309112488461031,25.0,1.75,20,-25.0,-26.11,0.8456,stop,17,20,2026-02-06 09:30:00-05:00,2026-05-06 09:30:00-04:00,0.56,0.01,-0.5,14.0,0.25,0.98,0.01,-0.94,24.5,0.25,0.98,0.18,0.08,24.5,4.5,0.98,1.0,0.47,24.5,25.0,0.98,1.56,0.89,24.5,39.0,0.98,1.56,-0.07,24.5,39.0,0.98,1.56,-0.68,24.5,39.0,-1.0444,True,MAE>=0.75R
2026-04-16 13:14:00-04:00,2026-04-16 13:24:00-04:00,2026-04-15,0.7725762865366768,0.5003384764165458,25.0,1.75,20,-25.0,-26.11,-1.0444,stop,10,20,2026-02-06 09:30:00-05:00,2026-05-06 09:30:00-04:00,0.21,0.45,0.21,5.25,11.25,0.21,0.48,-0.16,5.25,12.0,0.32,0.48,0.02,8.0,12.0,0.32,0.48,-0.15,8.0,12.0,0.48,0.48,0.0,12.0,12.0,1.47,0.48,-1.4,36.75,12.0,1.83,0.48,-1.33,45.75,12.0,-1.0444,False,BENCHMARK
2026-04-16 14:08:00-04:00,2026-04-16 14:24:00-04:00,2026-04-15,0.8327814479148489,0.5041804035342213,25.0,1.75,20,43.75,42.64,1.7056,target,16,20,2026-02-06 09:30:00-05:00,2026-05-06 09:30:00-04:00,0.07,1.03,0.43,1.75,25.75,0.07,1.09,0.89,1.75,27.25,0.07,1.09,0.46,1.75,27.25,0.07,1.09,0.4,1.75,27.25,0.34,1.09,0.31,8.5,27.25,0.34,1.09,0.46,8.5,27.25,0.34,1.61,1.53,8.5,40.25,1.7056,False,BENCHMARK
2026-04-16 14:25:00-04:00,2026-04-16 14:31:00-04:00,2026-04-15,1.0,0.5127873752692426,25.0,1.75,20,-25.0,-26.11,-1.6144,stop,6,20,2026-02-06 09:30:00-05:00,2026-05-06 09:30:00-04:00,0.07,0.26,0.16,1.75,6.5,0.07,0.74,0.49,1.75,18.5,0.07,0.84,0.47,1.75,21.0,0.42,0.84,-0.16,10.5,21.0,1.58,0.84,-1.57,39.5,21.0,1.81,0.84,-1.6,45.25,21.0,2.56,0.84,-2.4,64.0,21.0,-1.0444,True,MAE>=0.75R
2026-04-21 10:47:00-04:00,2026-04-21 10:58:00-04:00,2026-04-20,1.0,0.511824695591015,25.0,1.75,20,43.75,42.64,1.7056,target,11,20,2026-02-06 09:30:00-05:00,2026-05-06 09:30:00-04:00,0.15,0.5,-0.07,3.75,12.5,0.42,0.5,-0.02,10.5,12.5,0.42,0.5,0.17,10.5,12.5,0.42,0.76,0.14,10.5,19.0,0.54,0.76,0.37,13.5,19.0,0.54,1.2,1.01,13.5,30.0,0.54,4.17,4.02,13.5,104.25,1.7056,False,BENCHMARK
2026-04-21 10:59:00-04:00,2026-04-21 11:01:00-04:00,2026-04-20,1.0,0.4704998021891072,25.0,1.75,20,43.75,42.64,1.7056,target,2,20,2026-02-06 09:30:00-05:00,2026-05-06 09:30:00-04:00,0.6,1.25,0.77,15.0,31.25,0.6,1.86,1.39,15.0,46.5,0.6,1.86,1.71,15.0,46.5,0.6,2.65,1.82,15.0,66.25,0.6,3.0,0.82,15.0,75.0,0.6,3.0,-0.34,15.0,75.0,1.35,3.0,-0.97,33.75,75.0,1.7056,False,BENCHMARK
2026-04-21 11:02:00-04:00,2026-04-21 11:07:00-04:00,2026-04-20,1.0,0.5606004659545475,25.0,1.75,20,-25.0,-26.11,-2.8944,stop,5,20,2026-02-06 09:30:00-05:00,2026-05-06 09:30:00-04:00,0.09,0.94,0.8,2.25,23.5,0.34,0.94,0.11,8.5,23.5,0.34,1.29,0.74,8.5,32.25,1.04,1.29,-0.89,26.0,32.25,2.98,1.29,-2.85,74.5,32.25,2.99,1.29,-2.79,74.75,32.25,3.1,1.29,-2.53,77.5,32.25,-1.0444,True,MAE>=0.75R
2026-04-21 12:44:00-04:00,2026-04-21 12:46:00-04:00,2026-04-20,0.7555709034446223,0.4918633786100488,25.0,1.75,20,-25.0,-26.11,-0.7143999999999999,stop,2,20,2026-02-06 09:30:00-05:00,2026-05-06 09:30:00-04:00,0.63,0.01,-0.5,15.75,0.25,1.09,0.01,-0.99,27.25,0.25,1.09,0.01,-0.97,27.25,0.25,1.39,0.01,-1.25,34.75,0.25,1.39,0.01,-0.67,34.75,0.25,1.39,0.01,-0.48,34.75,0.25,1.39,0.58,0.42,34.75,14.5,-1.0444,True,MAE>=0.75R
2026-04-21 13:05:00-04:00,2026-04-21 13:12:00-04:00,2026-04-20,0.99479917877588,0.5839992966723812,25.0,1.75,20,43.75,42.64,1.0456,target,7,20,2026-02-06 09:30:00-05:00,2026-05-06 09:30:00-04:00,0.24,1.18,0.66,6.0,29.5,0.24,1.18,0.3,6.0,29.5,0.24,1.18,0.11,6.0,29.5,0.78,1.35,0.41,19.5,33.75,0.78,1.91,1.09,19.5,47.75,0.78,1.91,0.91,19.5,47.75,0.78,2.59,2.01,19.5,64.75,1.7056,True,MAE>=0.75R
2026-04-23 12:04:00-04:00,2026-04-23 12:12:00-04:00,2026-04-22,1.0,0.5629829882632204,25.0,1.75,20,-25.0,-26.11,-1.0844,stop,8,20,2026-02-06 09:30:00-05:00,2026-05-06 09:30:00-04:00,0.29,0.32,-0.02,7.25,8.0,0.64,0.32,-0.59,16.0,8.0,0.69,0.32,-0.44,17.25,8.0,0.78,0.32,-0.14,19.5,8.0,1.2,0.32,-1.04,30.0,8.0,1.45,0.32,-1.37,36.25,8.0,1.83,0.32,-1.49,45.75,8.0,-1.0444,True,MAE>=0.75R
2026-04-23 14:59:00-04:00,2026-04-23 15:05:00-04:00,2026-04-22,1.0,0.5682755285946635,25.0,1.75,20,-25.0,-26.11,-1.5444,stop,6,20,2026-02-06 09:30:00-05:00,2026-05-06 09:30:00-04:00,0.66,0.27,-0.43,16.5,6.75,0.66,0.44,-0.27,16.5,11.0,0.66,0.73,-0.02,16.5,18.25,0.66,0.73,-0.06,16.5,18.25,1.73,0.73,-1.5,43.25,18.25,1.76,0.73,-1.22,44.0,18.25,1.78,0.73,-1.72,44.5,18.25,-1.0444,True,MAE>=0.75R
2026-04-29 11:12:00-04:00,2026-04-29 11:17:00-04:00,2026-04-28,0.8136318662296649,0.4968701920963558,25.0,1.75,20,-25.0,-26.11,-1.1743999999999999,stop,5,20,2026-02-06 09:30:00-05:00,2026-05-06 09:30:00-04:00,0.22,0.41,0.16,5.5,10.25,0.22,0.41,0.19,5.5,10.25,0.38,0.59,-0.21,9.5,14.75,1.06,0.59,-0.89,26.5,14.75,1.27,0.59,-1.13,31.75,14.75,1.47,0.59,-1.14,36.75,14.75,1.91,0.59,-1.53,47.75,14.75,-1.0444,True,MAE>=0.75R
2026-04-29 12:30:00-04:00,2026-04-29 12:40:00-04:00,2026-04-28,0.7748492652824692,0.4564244582179436,25.0,1.75,20,-25.0,-26.11,-1.0444,stop,10,20,2026-02-06 09:30:00-05:00,2026-05-06 09:30:00-04:00,0.08,0.84,0.4,2.0,21.0,0.08,0.84,0.17,2.0,21.0,0.18,0.84,0.53,4.5,21.0,0.18,1.13,0.61,4.5,28.25,0.18,1.13,0.15,4.5,28.25,1.16,1.13,-1.01,29.0,28.25,1.16,1.13,-0.69,29.0,28.25,-1.0444,False,BENCHMARK
2026-05-04 11:12:00-04:00,2026-05-04 11:19:00-04:00,2026-05-03,0.9340451387601824,0.4648863686315882,25.0,1.75,20,43.75,42.64,1.7056,target,7,20,2026-02-06 09:30:00-05:00,2026-05-06 09:30:00-04:00,0.06,0.54,0.07,1.5,13.5,0.06,0.92,0.31,1.5,23.0,0.21,0.92,0.1,5.25,23.0,0.21,1.29,0.95,5.25,32.25,0.21,4.03,3.72,5.25,100.75,0.21,6.02,4.36,5.25,150.5,0.21,6.02,3.11,5.25,150.5,1.7056,False,BENCHMARK
2026-05-05 12:40:00-04:00,2026-05-05 12:46:00-04:00,2026-05-04,0.8427740198896719,0.4335091652380324,25.0,1.75,20,-25.0,-26.11,-1.2544,stop,6,20,2026-02-06 09:30:00-05:00,2026-05-06 09:30:00-04:00,0.45,0.09,-0.38,11.25,2.25,0.5,0.09,-0.21,12.5,2.25,0.5,0.09,-0.27,12.5,2.25,0.92,0.09,-0.82,23.0,2.25,1.36,0.09,-1.21,34.0,2.25,1.36,0.09,-1.12,34.0,2.25,1.59,0.09,-1.52,39.75,2.25,-1.0444,True,MAE>=0.75R
2026-05-27 09:30:00-04:00,2026-05-27 09:31:00-04:00,2026-05-26,0.7565108901330925,0.5798361522198732,25.0,1.75,20,-25.0,-26.11,2.7156000000000002,stop,1,21,2026-05-06 09:30:00-04:00,2026-08-06 09:30:00-04:00,1.21,0.55,-0.21,30.25,13.75,1.21,0.55,-0.24,30.25,13.75,1.21,0.55,-0.03,30.25,13.75,1.21,1.44,0.94,30.25,36.0,1.21,3.45,2.76,30.25,86.25,1.21,3.61,3.37,30.25,90.25,1.21,7.06,4.39,30.25,176.5,-1.0444,True,MAE>=0.75R
2026-08-06 15:50:00-04:00,2026-08-06 15:53:00-04:00,2026-08-05,0.8104829306454324,0.511869403559721,25.0,1.75,20,-25.0,-26.11,-1.3444,stop,3,22,2026-08-06 09:30:00-04:00,2026-08-26 16:59:00-04:00,0.27,0.26,-0.08,6.75,6.5,0.33,0.26,-0.02,8.25,6.5,1.78,0.26,-1.31,44.5,6.5,2.19,0.26,-1.65,54.75,6.5,2.19,0.26,-1.3,54.75,6.5,2.34,0.26,-2.13,58.5,6.5,2.67,0.26,-2.42,66.75,6.5,-1.0444,True,MAE>=0.75R
2026-08-07 12:25:00-04:00,2026-08-07 12:30:00-04:00,2026-08-06,1.0,0.4587463973775108,25.0,1.75,20,43.75,42.64,1.7056,target,5,22,2026-08-06 09:30:00-04:00,2026-08-26 16:59:00-04:00,0.1,1.16,0.73,2.5,29.0,0.1,1.3,0.41,2.5,32.5,0.1,1.3,0.32,2.5,32.5,0.1,1.88,1.78,2.5,47.0,0.1,2.1,0.48,2.5,52.5,0.69,2.1,-0.25,17.25,52.5,1.59,2.1,-1.15,39.75,52.5,1.7056,False,BENCHMARK
2026-08-10 12:32:00-04:00,2026-08-10 12:43:00-04:00,2026-08-09,0.9041465626205728,0.4935911821001914,25.0,1.75,20,43.75,42.64,1.7056,target,11,22,2026-08-06 09:30:00-04:00,2026-08-26 16:59:00-04:00,0.01,0.67,0.06,0.25,16.75,0.17,0.67,0.19,4.25,16.75,0.35,0.67,-0.26,8.75,16.75,0.54,0.67,0.31,13.5,16.75,0.54,0.9,0.48,13.5,22.5,0.54,1.37,1.31,13.5,34.25,0.54,2.1,0.89,13.5,52.5,1.7056,False,BENCHMARK
2026-08-10 12:44:00-04:00,2026-08-10 12:49:00-04:00,2026-08-09,0.7961505076035287,0.539110729764812,25.0,1.75,20,-25.0,-26.11,-0.4244,stop,5,22,2026-08-06 09:30:00-04:00,2026-08-26 16:59:00-04:00,0.12,0.4,0.05,3.0,10.0,0.6,0.4,-0.49,15.0,10.0,0.85,0.4,-0.72,21.25,10.0,1.04,0.4,-0.96,26.0,10.0,1.04,0.4,-0.38,26.0,10.0,1.04,0.4,-0.53,26.0,10.0,1.54,0.4,-1.49,38.5,10.0,-1.0444,True,MAE>=0.75R
2026-08-11 11:27:00-04:00,2026-08-11 11:40:00-04:00,2026-08-10,0.755306650012133,0.407317448793259,25.0,1.75,20,43.75,42.64,1.7056,target,13,22,2026-08-06 09:30:00-04:00,2026-08-26 16:59:00-04:00,0.24,0.24,0.2,6.0,6.0,0.24,0.24,0.19,6.0,6.0,0.38,0.25,-0.37,9.5,6.25,0.47,0.25,-0.1,11.75,6.25,0.47,1.66,1.17,11.75,41.5,0.47,1.66,0.88,11.75,41.5,0.47,1.75,1.0,11.75,43.75,1.7056,False,BENCHMARK
2026-08-11 11:52:00-04:00,2026-08-11 12:12:00-04:00,2026-08-10,0.7987185184491761,0.4433678745077332,25.0,1.75,20,0.25,-0.8599999999999999,-0.0343999999999999,timeout,20,22,2026-08-06 09:30:00-04:00,2026-08-26 16:59:00-04:00,0.12,0.21,0.09,3.0,5.25,0.22,0.21,-0.02,5.5,5.25,0.42,0.21,-0.04,10.5,5.25,0.42,0.21,0.15,10.5,5.25,0.42,0.29,-0.23,10.5,7.25,0.42,0.53,0.32,10.5,13.25,0.59,0.74,-0.36,14.75,18.5,-0.0343999999999999,False,BENCHMARK
2026-08-13 11:04:00-04:00,2026-08-13 11:06:00-04:00,2026-08-12,0.769792479931498,0.4913911072976481,25.0,1.75,20,-25.0,-26.11,-0.5744,stop,2,22,2026-08-06 09:30:00-04:00,2026-08-26 16:59:00-04:00,0.86,0.02,-0.84,21.5,0.5,1.02,0.02,-0.65,25.5,0.5,1.02,0.02,-0.26,25.5,0.5,1.02,0.02,-0.63,25.5,0.5,1.2,0.02,-0.53,30.0,0.5,1.25,0.02,-0.76,31.25,0.5,1.25,0.02,-1.11,31.25,0.5,-1.0444,True,MAE>=0.75R
2026-08-13 11:36:00-04:00,2026-08-13 11:42:00-04:00,2026-08-12,0.8675489243615778,0.5229269795173036,25.0,1.75,20,-25.0,-26.11,-0.6644,stop,6,22,2026-08-06 09:30:00-04:00,2026-08-26 16:59:00-04:00,0.14,0.51,-0.1,3.5,12.75,0.2,0.51,-0.16,5.0,12.75,0.48,0.51,-0.42,12.0,12.75,0.72,0.51,-0.66,18.0,12.75,1.43,0.51,-0.62,35.75,12.75,1.43,0.51,-0.19,35.75,12.75,1.43,1.05,0.85,35.75,26.25,-1.0444,True,MAE>=0.75R
2026-08-13 11:45:00-04:00,2026-08-13 12:05:00-04:00,2026-08-12,0.8582675100522849,0.5624667238686115,25.0,1.75,20,-25.0,-26.11,-1.0444,stop,20,22,2026-08-06 09:30:00-04:00,2026-08-26 16:59:00-04:00,0.39,0.01,-0.19,9.75,0.25,0.39,0.32,0.06,9.75,8.0,0.39,0.33,0.28,9.75,8.25,0.39,0.63,0.25,9.75,15.75,0.39,1.49,0.64,9.75,37.25,0.39,1.49,0.72,9.75,37.25,0.39,1.49,0.47,9.75,37.25,-1.0444,False,BENCHMARK
2026-08-14 10:18:00-04:00,2026-08-14 10:28:00-04:00,2026-08-13,0.9060228268654216,0.5958242580247728,25.0,1.75,20,43.75,42.64,1.7056,target,10,22,2026-08-06 09:30:00-04:00,2026-08-26 16:59:00-04:00,0.15,0.79,0.51,3.75,19.75,0.3,0.79,-0.06,7.5,19.75,0.3,0.79,0.07,7.5,19.75,0.3,1.15,0.95,7.5,28.75,0.3,1.46,1.13,7.5,36.5,0.3,2.06,1.68,7.5,51.5,0.3,2.27,2.0,7.5,56.75,1.7056,False,BENCHMARK
2026-08-14 10:30:00-04:00,2026-08-14 10:36:00-04:00,2026-08-13,1.0,0.5831914285085693,25.0,1.75,20,-25.0,-26.11,-1.2244,stop,6,22,2026-08-06 09:30:00-04:00,2026-08-26 16:59:00-04:00,0.74,0.13,-0.58,18.5,3.25,0.96,0.13,-0.43,24.0,3.25,0.96,0.13,-0.14,24.0,3.25,0.96,0.13,-0.71,24.0,3.25,1.6,0.13,-1.18,40.0,3.25,1.76,0.13,-0.55,44.0,3.25,1.76,0.13,-0.6,44.0,3.25,-1.0444,True,MAE>=0.75R
2026-08-14 11:22:00-04:00,2026-08-14 11:42:00-04:00,2026-08-13,1.0,0.4183310232547906,25.0,1.75,20,26.75,25.64,1.0256,timeout,20,22,2026-08-06 09:30:00-04:00,2026-08-26 16:59:00-04:00,0.25,0.16,-0.16,6.25,4.0,0.25,0.7,0.6,6.25,17.5,0.25,0.71,0.58,6.25,17.75,0.25,1.18,0.52,6.25,29.5,0.51,1.18,0.1,12.75,29.5,0.51,1.18,0.24,12.75,29.5,0.51,1.18,0.53,12.75,29.5,1.0256,False,BENCHMARK
2026-08-14 11:48:00-04:00,2026-08-14 11:54:00-04:00,2026-08-13,0.8900849564655272,0.4614040877389831,25.0,1.75,20,-25.0,-26.11,-1.0044,stop,6,22,2026-08-06 09:30:00-04:00,2026-08-26 16:59:00-04:00,0.25,0.11,-0.1,6.25,2.75,0.37,0.11,-0.15,9.25,2.75,0.37,0.41,-0.31,9.25,10.25,0.95,0.41,-0.81,23.75,10.25,1.14,0.41,-0.96,28.5,10.25,1.51,0.41,-1.22,37.75,10.25,1.97,0.41,-1.58,49.25,10.25,-1.0444,True,MAE>=0.75R
2026-08-18 11:08:00-04:00,2026-08-18 11:22:00-04:00,2026-08-17,0.8962986444060379,0.5190196466679867,25.0,1.75,20,-25.0,-26.11,-0.5444,stop,14,22,2026-08-06 09:30:00-04:00,2026-08-26 16:59:00-04:00,0.14,0.8,0.48,3.5,20.0,0.14,1.13,0.56,3.5,28.25,0.14,1.13,0.31,3.5,28.25,0.14,1.13,0.02,3.5,28.25,0.76,1.13,-0.5,19.0,28.25,0.76,1.13,-0.39,19.0,28.25,1.28,1.13,-1.15,32.0,28.25,-1.0444,True,MAE>=0.75R
2026-08-19 15:50:00-04:00,2026-08-19 15:54:00-04:00,2026-08-18,1.0,0.4518557630959453,25.0,1.75,20,-25.0,-26.11,-0.9044,stop,4,22,2026-08-06 09:30:00-04:00,2026-08-26 16:59:00-04:00,0.29,0.11,0.02,7.25,2.75,0.34,0.2,-0.17,8.5,5.0,0.49,0.2,-0.28,12.25,5.0,1.04,0.23,0.22,26.0,5.75,1.04,0.23,-0.86,26.0,5.75,1.91,0.23,-1.82,47.75,5.75,1.91,0.23,-1.06,47.75,5.75,-1.0444,True,MAE>=0.75R
2026-08-19 15:55:00-04:00,2026-08-19 15:58:00-04:00,2026-08-18,1.0,0.4625349261874903,25.0,1.75,20,-25.0,-26.11,-1.7844,stop,3,22,2026-08-06 09:30:00-04:00,2026-08-26 16:59:00-04:00,0.53,0.01,-0.32,13.25,0.25,0.99,0.01,-0.94,24.75,0.25,1.26,0.01,-1.08,31.5,0.25,2.13,0.01,-2.04,53.25,0.25,2.13,0.01,-1.74,53.25,0.25,2.13,0.01,-1.28,53.25,0.25,2.13,0.01,-1.71,53.25,0.25,-1.0444,True,MAE>=0.75R
2026-08-24 16:00:00-04:00,2026-08-24 16:07:00-04:00,2026-08-23,1.0,0.4110839768552131,25.0,1.75,20,-25.0,-26.11,-0.7644,stop,7,22,2026-08-06 09:30:00-04:00,2026-08-26 16:59:00-04:00,0.31,0.01,-0.2,7.75,0.25,0.37,0.01,-0.26,9.25,0.25,0.43,0.01,-0.37,10.75,0.25,0.75,0.01,-0.62,18.75,0.25,1.04,0.01,-0.72,26.0,0.25,1.04,0.01,-0.47,26.0,0.25,1.04,0.01,-0.4,26.0,0.25,-1.0444,True,MAE>=0.75R
