rule_type,decision_bar,threshold_a,threshold_b,window,trades,win_rate,mean_R,total_R,profit_factor,max_drawdown_R
MAE,1,0.25,,1,43,0.4186046511627907,0.1230418604651163,5.290800000000001,1.4657394366197185,-3.297599999999999
MAE,1,0.25,,2,1,0.0,-0.3644,-0.3644,0.0,0.0
MAE,1,0.25,,3,38,0.2894736842105263,-0.11755789473684208,-4.467199999999999,0.6856032881031475,-4.1008
MAE,1,0.25,,4,1,1.0,0.0456,0.0456,inf,0.0
MAE,1,0.25,,5,43,0.3953488372093023,0.1007162790697675,4.330800000000003,1.408396514654295,-2.708400000000001
MAE,1,0.25,,6,69,0.4057971014492754,0.07284637681159423,5.0264000000000015,1.2557912307128607,-5.8911999999999995
MAE,1,0.25,,7,3,0.3333333333333333,-0.12773333333333334,-0.3832,0.41833636915604133,-0.6588
MAE,1,0.25,,8,6,0.6666666666666666,0.6039333333333333,3.6235999999999997,7.602769679300292,-0.28439999999999976
MAE,1,0.25,,9,40,0.275,-0.13565,-5.425999999999999,0.5838191078112537,-7.6996
MAE,1,0.25,,10,41,0.43902439024390244,0.10023414634146342,4.1096,1.4048388367877689,-4.2204
MAE,1,0.25,,11,35,0.2857142857142857,-0.24468571428571423,-8.563999999999998,0.37443389335281235,-9.380799999999999
MAE,1,0.25,,12,43,0.27906976744186046,-0.027655813953488362,-1.1891999999999996,0.9056669628125398,-3.2512
MAE,1,0.25,,13,1,0.0,-0.0644,-0.0644,0.0,0.0
MAE,1,0.25,,14,44,0.5,0.20082727272727272,8.8364,1.790601961205354,-4.082799999999997
MAE,1,0.25,,15,5,0.4,0.3396,1.698,1.9911277142190054,-1.0444
MAE,1,0.25,,16,8,0.625,0.4130999999999999,3.3047999999999993,2.6833740831295843,-1.9632
MAE,1,0.25,,17,5,0.4,-0.05039999999999996,-0.2519999999999998,0.8942598187311179,-2.3832
MAE,1,0.25,,18,20,0.25,-0.12139999999999998,-2.4279999999999995,0.6504463000287936,-5.286
MAE,1,0.25,,19,2,0.0,-0.24939999999999998,-0.49879999999999997,0.0,-0.3944
MAE,1,0.25,,20,71,0.323943661971831,0.059543661971830995,4.227600000000001,1.1595248517048284,-5.914
MAE,1,0.25,,21,1,0.0,-0.25439999999999996,-0.25439999999999996,0.0,0.0
MAE,1,0.25,,22,17,0.23529411764705882,0.04736470588235295,0.8052000000000001,1.1338163930067142,-3.1428
MAE,1,0.5,,1,43,0.5813953488372093,0.2460651162790698,10.580800000000002,1.8766778245451232,-2.777599999999998
MAE,1,0.5,,2,1,0.0,-0.3644,-0.3644,0.0,0.0
MAE,1,0.5,,3,38,0.34210526315789475,-0.16624210526315789,-6.3172,0.6572327726532827,-6.1080000000000005
MAE,1,0.5,,4,1,1.0,0.0456,0.0456,inf,0.0
MAE,1,0.5,,5,43,0.4186046511627907,0.07792558139534887,3.3508000000000018,1.2472915129151292,-5.2516
MAE,1,0.5,,6,69,0.5652173913043478,0.18415072463768115,12.706399999999999,1.5570050850429602,-5.4496
MAE,1,0.5,,7,3,0.3333333333333333,-0.14106666666666665,-0.42319999999999997,0.3943903835145965,-0.6988
MAE,1,0.5,,8,6,0.6666666666666666,0.6039333333333333,3.6235999999999997,7.602769679300292,-0.28439999999999976
MAE,1,0.5,,9,40,0.3,-0.2324,-9.296,0.5626070427041575,-12.356399999999997
MAE,1,0.5,,10,41,0.4878048780487805,0.24779512195121953,10.159600000000001,1.8741395925110134,-2.4019999999999984
MAE,1,0.5,,11,35,0.2857142857142857,-0.30011428571428567,-10.503999999999998,0.42380691168403745,-11.320799999999998
MAE,1,0.5,,12,43,0.4186046511627907,0.0016465116279069916,0.07080000000000064,1.003736147757256,-4.341199999999999
MAE,1,0.5,,13,1,0.0,-1.0444,-1.0444,0.0,0.0
MAE,1,0.5,,14,44,0.5454545454545454,0.3708272727272728,16.3164,2.0886309047237788,-2.541999999999998
MAE,1,0.5,,15,5,0.4,0.055600000000000004,0.278,1.088727179879995,-1.0444
MAE,1,0.5,,16,8,0.625,0.2956,2.3648,1.8145494626618903,-2.9031999999999996
MAE,1,0.5,,17,5,0.4,0.2056,1.028,1.4313528029540115,-2.3832
MAE,1,0.5,,18,20,0.3,-0.2989,-5.978,0.5100642538683451,-8.836
MAE,1,0.5,,19,2,0.0,-0.7194,-1.4388,0.0,-0.3944000000000001
MAE,1,0.5,,20,71,0.4084507042253521,0.04616338028169018,3.2776000000000027,1.0914896942899883,-7.771600000000001
MAE,1,0.5,,21,1,0.0,-0.25439999999999996,-0.25439999999999996,0.0,0.0
MAE,1,0.5,,22,17,0.29411764705882354,-0.14204705882352942,-2.4148,0.7647035896636396,-5.4428
MAE,1,0.75,,1,43,0.5813953488372093,0.2560651162790698,11.010800000000001,1.9460100350539558,-2.777599999999998
MAE,1,0.75,,2,1,0.0,-1.0444,-1.0444,0.0,0.0
MAE,1,0.75,,3,38,0.34210526315789475,-0.20729473684210528,-7.8772,0.605942971485743,-7.649999999999999
MAE,1,0.75,,4,1,1.0,0.0456,0.0456,inf,0.0
MAE,1,0.75,,5,43,0.4186046511627907,0.05653023255813955,2.4308000000000005,1.1679889426399446,-5.3524
MAE,1,0.75,,6,69,0.5652173913043478,0.18415072463768115,12.706399999999999,1.5570050850429602,-5.4496
MAE,1,0.75,,7,3,0.3333333333333333,-0.14106666666666665,-0.42319999999999997,0.3943903835145965,-0.6988
MAE,1,0.75,,8,6,0.6666666666666666,0.5189333333333334,3.1136,3.9406875708349074,-0.7944
MAE,1,0.75,,9,40,0.3,-0.2669,-10.676,0.5283035540710108,-13.736399999999996
MAE,1,0.75,,10,41,0.5365853658536586,0.31267317073170736,12.819600000000001,2.0360444817999617,-2.7176
MAE,1,0.75,,11,35,0.2857142857142857,-0.3655428571428571,-12.793999999999999,0.3765107212475634,-13.610799999999996
MAE,1,0.75,,12,43,0.46511627906976744,0.022111627906976777,0.9508000000000014,1.045059048774477,-4.5608
MAE,1,0.75,,13,1,0.0,-1.0444,-1.0444,0.0,0.0
MAE,1,0.75,,14,44,0.5681818181818182,0.3287818181818183,14.466400000000004,1.780128993291486,-3.1331999999999987
MAE,1,0.75,,15,5,0.4,0.055600000000000004,0.278,1.088727179879995,-1.0444
MAE,1,0.75,,16,8,0.625,0.2956,2.3648,1.8145494626618903,-2.9031999999999996
MAE,1,0.75,,17,5,0.6,0.6516000000000001,3.2580000000000005,2.7527437056165267,-1.0444
MAE,1,0.75,,18,20,0.35,-0.23240000000000002,-4.648000000000001,0.6179893484121245,-9.386
MAE,1,0.75,,19,2,0.0,-0.7194,-1.4388,0.0,-0.3944000000000001
MAE,1,0.75,,20,71,0.4225352112676056,0.05179718309859158,3.677600000000002,1.0968799064288044,-5.6316
MAE,1,0.75,,21,1,0.0,-0.25439999999999996,-0.25439999999999996,0.0,0.0
MAE,1,0.75,,22,17,0.29411764705882354,-0.20675294117647058,-3.5147999999999997,0.6906748336677581,-6.5428
MAE,1,1.0,,1,43,0.5813953488372093,0.2560651162790698,11.010800000000001,1.9460100350539558,-2.777599999999998
MAE,1,1.0,,2,1,0.0,-1.0444,-1.0444,0.0,0.0
MAE,1,1.0,,3,38,0.34210526315789475,-0.22703157894736842,-8.6272,0.5840308582449374,-8.399999999999999
MAE,1,1.0,,4,1,1.0,0.0456,0.0456,inf,0.0
MAE,1,1.0,,5,43,0.4186046511627907,0.05653023255813955,2.4308000000000005,1.1679889426399446,-5.3524
MAE,1,1.0,,6,69,0.5652173913043478,0.18415072463768115,12.706399999999999,1.5570050850429602,-5.4496
MAE,1,1.0,,7,3,0.3333333333333333,-0.14106666666666665,-0.42319999999999997,0.3943903835145965,-0.6988
MAE,1,1.0,,8,6,0.6666666666666666,0.5189333333333334,3.1136,3.9406875708349074,-0.7944
MAE,1,1.0,,9,40,0.3,-0.25539999999999996,-10.216,0.5392636155358722,-13.276399999999995
MAE,1,1.0,,10,41,0.5365853658536586,0.30560000000000004,12.529600000000002,1.9894184907925079,-2.7176
MAE,1,1.0,,11,35,0.2857142857142857,-0.3655428571428571,-12.793999999999999,0.3765107212475634,-13.610799999999996
MAE,1,1.0,,12,43,0.4883720930232558,0.06234418604651167,2.680800000000002,1.1271919836028241,-4.5608
MAE,1,1.0,,13,1,0.0,-1.0444,-1.0444,0.0,0.0
MAE,1,1.0,,14,44,0.5681818181818182,0.32196363636363645,14.166400000000003,1.7517884056125157,-3.1331999999999987
MAE,1,1.0,,15,5,0.4,0.055600000000000004,0.278,1.088727179879995,-1.0444
MAE,1,1.0,,16,8,0.625,0.2956,2.3648,1.8145494626618903,-2.9031999999999996
MAE,1,1.0,,17,5,0.6,0.6516000000000001,3.2580000000000005,2.7527437056165267,-1.0444
MAE,1,1.0,,18,20,0.35,-0.23240000000000002,-4.648000000000001,0.6179893484121245,-9.386
MAE,1,1.0,,19,2,0.5,0.3306,0.6612,1.6330907698199923,0.0
MAE,1,1.0,,20,71,0.4225352112676056,0.035318309859154975,2.507600000000003,1.0640831680739267,-5.5616
MAE,1,1.0,,21,1,0.0,-0.25439999999999996,-0.25439999999999996,0.0,0.0
MAE,1,1.0,,22,17,0.29411764705882354,-0.21616470588235293,-3.6748,0.6810844586385254,-6.7028
MAE,2,0.25,,1,43,0.3953488372093023,-0.01184186046511626,-0.5091999999999992,0.9577931766188126,-3.5527999999999995
MAE,2,0.25,,2,1,0.0,-0.3344,-0.3344,0.0,0.0
MAE,2,0.25,,3,38,0.3157894736842105,-0.1262421052631579,-4.7972,0.6608410395633607,-4.8911999999999995
MAE,2,0.25,,4,1,0.0,-0.3644,-0.3644,0.0,0.0
MAE,2,0.25,,5,43,0.37209302325581395,0.027693023255813975,1.190800000000001,1.0999932822786511,-4.4712
MAE,2,0.25,,6,69,0.42028985507246375,0.07994782608695657,5.516400000000003,1.3113795439151048,-5.377999999999998
MAE,2,0.25,,7,3,0.3333333333333333,-0.24440000000000003,-0.7332000000000001,0.2731958762886598,-1.0088000000000001
MAE,2,0.25,,8,6,0.6666666666666666,0.6189333333333332,3.7135999999999996,9.094158674803838,-0.1943999999999999
MAE,2,0.25,,9,40,0.3,-0.12589999999999998,-5.036,0.5447971653771062,-7.067599999999998
MAE,2,0.25,,10,41,0.43902439024390244,0.11633170731707321,4.769600000000001,1.477858373742636,-3.5804
MAE,2,0.25,,11,35,0.2571428571428571,-0.20411428571428566,-7.143999999999998,0.41174533118145007,-8.0912
MAE,2,0.25,,12,43,0.3488372093023256,-0.0541674418604651,-2.3291999999999993,0.811906453905291,-3.9431999999999996
MAE,2,0.25,,13,1,0.0,-0.4644,-0.4644,0.0,0.0
MAE,2,0.25,,14,44,0.5454545454545454,0.14650909090909092,6.446400000000001,1.5355042365841503,-4.5771999999999995
MAE,2,0.25,,15,5,0.4,-0.002400000000000002,-0.01200000000000001,0.9934895833333334,-1.0444
MAE,2,0.25,,16,8,0.625,0.5406000000000001,4.324800000000001,5.585241730279899,-0.9431999999999992
MAE,2,0.25,,17,5,0.4,0.29159999999999997,1.458,2.136221945137157,-1.2832000000000001
MAE,2,0.25,,18,20,0.2,-0.2774,-5.548,0.2823139811652696,-7.2304
MAE,2,0.25,,19,2,0.5,0.050600000000000034,0.10120000000000007,1.1967340590979785,0.0
MAE,2,0.25,,20,71,0.4225352112676056,0.05827605633802818,4.137600000000001,1.1612445636077382,-4.9315999999999995
MAE,2,0.25,,21,1,0.0,-0.2844,-0.2844,0.0,0.0
MAE,2,0.25,,22,17,0.29411764705882354,-0.00028235294117642644,-0.004799999999999249,0.9991568296795951,-4.522799999999999
MAE,2,0.5,,1,43,0.4883720930232558,0.14304186046511633,6.150800000000002,1.440072119512335,-2.777599999999998
MAE,2,0.5,,2,1,0.0,-0.3344,-0.3344,0.0,0.0
MAE,2,0.5,,3,38,0.34210526315789475,-0.14676842105263158,-5.5771999999999995,0.6816666666666668,-5.9
MAE,2,0.5,,4,1,1.0,0.0456,0.0456,inf,0.0
MAE,2,0.5,,5,43,0.4418604651162791,0.09373953488372096,4.030800000000001,1.3082688366117046,-4.221599999999999
MAE,2,0.5,,6,69,0.5507246376811594,0.21719420289855074,14.986400000000001,1.7340373425285562,-4.009599999999999
MAE,2,0.5,,7,3,0.3333333333333333,-0.24440000000000003,-0.7332000000000001,0.2731958762886598,-1.0088000000000001
MAE,2,0.5,,8,6,0.6666666666666666,0.6189333333333332,3.7135999999999996,9.094158674803838,-0.1943999999999999
MAE,2,0.5,,9,40,0.275,-0.21139999999999998,-8.456,0.5833990225445373,-11.516399999999997
MAE,2,0.5,,10,41,0.4634146341463415,0.2682829268292683,10.999600000000001,2.0321672547106076,-2.1519999999999997
MAE,2,0.5,,11,35,0.2857142857142857,-0.2635428571428571,-9.223999999999998,0.4558112094395281,-10.040799999999997
MAE,2,0.5,,12,43,0.3488372093023256,-0.0669581395348837,-2.879199999999999,0.8506886823763691,-6.271199999999999
MAE,2,0.5,,13,1,0.0,-1.0444,-1.0444,0.0,0.0
MAE,2,0.5,,14,44,0.5227272727272727,0.3149181818181818,13.8564,1.8520513577331759,-3.380799999999999
MAE,2,0.5,,15,5,0.4,0.1436,0.718,1.2665973563047674,-1.0444
MAE,2,0.5,,16,8,0.625,0.32935000000000003,2.6348000000000003,2.000607625702567,-2.6331999999999995
MAE,2,0.5,,17,5,0.4,0.22759999999999997,1.138,1.500615871898645,-2.2732
MAE,2,0.5,,18,20,0.25,-0.21939999999999998,-4.388,0.5398489932885905,-7.776
MAE,2,0.5,,19,2,0.5,0.050600000000000034,0.10120000000000007,1.1967340590979785,0.0
MAE,2,0.5,,20,71,0.39436619718309857,0.061938028169014094,4.397600000000001,1.1301095883926244,-6.6815999999999995
MAE,2,0.5,,21,1,0.0,-0.2844,-0.2844,0.0,0.0
MAE,2,0.5,,22,17,0.29411764705882354,-0.12851764705882351,-2.1847999999999996,0.7822342715891876,-5.722799999999999
MAE,2,0.75,,1,43,0.5813953488372093,0.26164651162790703,11.250800000000002,1.9869815425643906,-2.777599999999998
MAE,2,0.75,,2,1,0.0,-0.3344,-0.3344,0.0,0.0
MAE,2,0.75,,3,38,0.3684210526315789,-0.19045263157894735,-7.2372,0.6304836206192306,-7.01
MAE,2,0.75,,4,1,1.0,0.0456,0.0456,inf,0.0
MAE,2,0.75,,5,43,0.4418604651162791,0.07560000000000001,3.2508000000000004,1.2346199370651578,-4.542399999999999
MAE,2,0.75,,6,69,0.5652173913043478,0.18415072463768115,12.706399999999999,1.5570050850429602,-5.4496
MAE,2,0.75,,7,3,0.3333333333333333,-0.14106666666666665,-0.42319999999999997,0.3943903835145965,-0.6988
MAE,2,0.75,,8,6,0.6666666666666666,0.5189333333333334,3.1136,3.9406875708349074,-0.7944
MAE,2,0.75,,9,40,0.3,-0.2624,-10.496,0.5325387917980511,-13.556399999999996
MAE,2,0.75,,10,41,0.5365853658536586,0.3343804878048781,13.709600000000002,2.1938416524434845,-2.427600000000001
MAE,2,0.75,,11,35,0.2857142857142857,-0.3786857142857143,-13.254,0.3682554814108675,-14.070799999999993
MAE,2,0.75,,12,43,0.4186046511627907,-0.06835348837209299,-2.9391999999999983,0.8679011235955056,-6.3668
MAE,2,0.75,,13,1,0.0,-1.0444,-1.0444,0.0,0.0
MAE,2,0.75,,14,44,0.5681818181818182,0.3624181818181819,15.946400000000004,1.9345272978738368,-2.7432
MAE,2,0.75,,15,5,0.4,0.055600000000000004,0.278,1.088727179879995,-1.0444
MAE,2,0.75,,16,8,0.625,0.2956,2.3648,1.8145494626618903,-2.9031999999999996
MAE,2,0.75,,17,5,0.6,0.6516000000000001,3.2580000000000005,2.7527437056165267,-1.0444
MAE,2,0.75,,18,20,0.35,-0.15390000000000004,-3.0780000000000007,0.709545917789605,-7.816000000000001
MAE,2,0.75,,19,2,0.5,-0.21439999999999998,-0.42879999999999996,0.5894293374186136,0.0
MAE,2,0.75,,20,71,0.4084507042253521,0.03898028169014087,2.7676000000000016,1.0741689624492152,-7.2216
MAE,2,0.75,,21,1,0.0,-0.2844,-0.2844,0.0,0.0
MAE,2,0.75,,22,17,0.29411764705882354,-0.1585176470588235,-2.6948,0.7443942785597754,-5.722799999999999
MAE,2,1.0,,1,43,0.5813953488372093,0.2560651162790698,11.010800000000001,1.9460100350539558,-2.777599999999998
MAE,2,1.0,,2,1,0.0,-1.0444,-1.0444,0.0,0.0
MAE,2,1.0,,3,38,0.34210526315789475,-0.22413684210526313,-8.517199999999999,0.5871449345613186,-8.29
MAE,2,1.0,,4,1,1.0,0.0456,0.0456,inf,0.0
MAE,2,1.0,,5,43,0.4418604651162791,0.06676279069767443,2.870800000000001,1.201663435331142,-4.922399999999999
MAE,2,1.0,,6,69,0.5652173913043478,0.18415072463768115,12.706399999999999,1.5570050850429602,-5.4496
MAE,2,1.0,,7,3,0.3333333333333333,-0.14106666666666665,-0.42319999999999997,0.3943903835145965,-0.6988
MAE,2,1.0,,8,6,0.6666666666666666,0.5189333333333334,3.1136,3.9406875708349074,-0.7944
MAE,2,1.0,,9,40,0.3,-0.25539999999999996,-10.216,0.5392636155358722,-13.276399999999995
MAE,2,1.0,,10,41,0.5365853658536586,0.31194146341463425,12.789600000000004,2.031119997420104,-2.7176
MAE,2,1.0,,11,35,0.2857142857142857,-0.3715428571428571,-13.004,0.3726965750120598,-13.820799999999995
MAE,2,1.0,,12,43,0.4883720930232558,0.06304186046511631,2.710800000000001,1.1287986772335936,-4.360799999999999
MAE,2,1.0,,13,1,0.0,-1.0444,-1.0444,0.0,0.0
MAE,2,1.0,,14,44,0.5681818181818182,0.32969090909090915,14.506400000000003,1.783977172009771,-3.131999999999998
MAE,2,1.0,,15,5,0.4,0.055600000000000004,0.278,1.088727179879995,-1.0444
MAE,2,1.0,,16,8,0.625,0.2956,2.3648,1.8145494626618903,-2.9031999999999996
MAE,2,1.0,,17,5,0.6,0.6516000000000001,3.2580000000000005,2.7527437056165267,-1.0444
MAE,2,1.0,,18,20,0.35,-0.20990000000000003,-4.198,0.6417232785989827,-8.936
MAE,2,1.0,,19,2,0.5,0.3306,0.6612,1.6330907698199923,0.0
MAE,2,1.0,,20,71,0.4225352112676056,0.04151549295774652,2.947600000000003,1.0761842731013374,-5.4016
MAE,2,1.0,,21,1,0.0,-0.2844,-0.2844,0.0,0.0
MAE,2,1.0,,22,17,0.29411764705882354,-0.19557647058823524,-3.3247999999999993,0.702420163253616,-6.352799999999999
MAE,3,0.25,,1,43,0.4186046511627907,0.003972093023255831,0.17080000000000073,1.0162821734985703,-3.571599999999999
MAE,3,0.25,,2,1,0.0,-0.23439999999999997,-0.23439999999999997,0.0,0.0
MAE,3,0.25,,3,38,0.21052631578947367,-0.21992631578947366,-8.357199999999999,0.4556279312141741,-7.542799999999997
MAE,3,0.25,,4,1,0.0,-0.3644,-0.3644,0.0,0.0
MAE,3,0.25,,5,43,0.32558139534883723,0.04653023255813955,2.000800000000001,1.2042132767208298,-2.5671999999999993
MAE,3,0.25,,6,69,0.37681159420289856,0.07444057971014496,5.136400000000003,1.2895508252908814,-5.637999999999998
MAE,3,0.25,,7,3,0.3333333333333333,-0.20773333333333333,-0.6232,0.3066310636404095,-0.8988
MAE,3,0.25,,8,6,0.6666666666666666,0.6189333333333332,3.7135999999999996,9.094158674803838,-0.1943999999999999
MAE,3,0.25,,9,40,0.225,-0.22615,-9.046,0.3844751095506382,-11.6064
MAE,3,0.25,,10,41,0.4878048780487805,0.12462439024390244,5.1096,1.4747639931613765,-2.2404
MAE,3,0.25,,11,35,0.14285714285714285,-0.27782857142857137,-9.723999999999998,0.3010350776308224,-10.110800000000001
MAE,3,0.25,,12,43,0.3953488372093023,-0.09765581395348835,-4.199199999999999,0.7288109322931468,-5.113199999999999
MAE,3,0.25,,13,1,0.0,-0.38439999999999996,-0.38439999999999996,0.0,0.0
MAE,3,0.25,,14,44,0.5681818181818182,0.2499181818181819,10.996400000000003,2.155861083081063,-2.031999999999999
MAE,3,0.25,,15,5,0.4,0.025600000000000046,0.12800000000000022,1.0751526538280884,-1.0444
MAE,3,0.25,,16,8,0.75,0.5706,4.5648,7.350584307178632,-0.7032000000000007
MAE,3,0.25,,17,5,0.8,0.9356000000000002,4.678000000000001,56.426540284360215,-0.08439999999999959
MAE,3,0.25,,18,20,0.35,-0.06739999999999999,-1.3479999999999999,0.7086791147994469,-3.6359999999999997
MAE,3,0.25,,19,2,0.5,0.0006000000000000449,0.0012000000000000899,1.001194743130227,0.0
MAE,3,0.25,,20,71,0.4507042253521127,0.09123380281690142,6.477600000000002,1.2771568912697466,-5.5935999999999995
MAE,3,0.25,,21,1,0.0,-0.0744,-0.0744,0.0,0.0
MAE,3,0.25,,22,17,0.23529411764705882,-0.27263529411764703,-4.634799999999999,0.35061368603934323,-4.985999999999999
MAE,3,0.5,,1,43,0.4418604651162791,0.09257674418604653,3.980800000000001,1.2763369800633086,-3.3984
MAE,3,0.5,,2,1,0.0,-0.23439999999999997,-0.23439999999999997,0.0,0.0
MAE,3,0.5,,3,38,0.3157894736842105,-0.19045263157894737,-7.2372000000000005,0.6179768163678977,-7.280000000000001
MAE,3,0.5,,4,1,0.0,-0.3644,-0.3644,0.0,0.0
MAE,3,0.5,,5,43,0.4418604651162791,0.13676279069767447,5.880800000000002,1.5147038229939784,-3.491600000000001
MAE,3,0.5,,6,69,0.5362318840579711,0.20777391304347825,14.3364,1.721844034479981,-4.339600000000001
MAE,3,0.5,,7,3,0.3333333333333333,-0.2044,-0.6132,0.3100810081008101,-0.8888
MAE,3,0.5,,8,6,0.6666666666666666,0.6189333333333332,3.7135999999999996,9.094158674803838,-0.1943999999999999
MAE,3,0.5,,9,40,0.25,-0.25539999999999996,-10.216,0.49803459119496857,-13.276399999999999
MAE,3,0.5,,10,41,0.5121951219512195,0.2829170731707317,11.5996,2.087326584176978,-1.9487999999999994
MAE,3,0.5,,11,35,0.2571428571428571,-0.2824,-9.883999999999999,0.41976236321795907,-10.7008
MAE,3,0.5,,12,43,0.37209302325581395,-0.13695813953488373,-5.8892,0.7203449389328928,-6.2844
MAE,3,0.5,,13,1,0.0,-1.0444,-1.0444,0.0,0.0
MAE,3,0.5,,14,44,0.5454545454545454,0.3712818181818182,16.3364,2.1762960829493085,-2.8208
MAE,3,0.5,,15,5,0.4,0.14560000000000003,0.7280000000000002,1.2713178294573644,-1.0444
MAE,3,0.5,,16,8,0.625,0.33935000000000004,2.7148000000000003,2.0632931223562587,-2.5531999999999995
MAE,3,0.5,,17,5,0.6,0.3196,1.5979999999999999,1.859694426511728,-1.8132000000000001
MAE,3,0.5,,18,20,0.3,-0.11089999999999997,-2.2179999999999995,0.7003350626891482,-5.696
MAE,3,0.5,,19,2,0.5,0.0006000000000000449,0.0012000000000000899,1.001194743130227,0.0
MAE,3,0.5,,20,71,0.39436619718309857,0.07320563380281692,5.197600000000001,1.1613700433416538,-7.161599999999999
MAE,3,0.5,,21,1,0.0,-0.0744,-0.0744,0.0,0.0
MAE,3,0.5,,22,17,0.29411764705882354,-0.12851764705882351,-2.1847999999999996,0.7822342715891876,-5.302
MAE,3,0.75,,1,43,0.5581395348837209,0.21653023255813955,9.3108,1.8003369550268191,-2.4975999999999985
MAE,3,0.75,,2,1,0.0,-0.23439999999999997,-0.23439999999999997,0.0,0.0
MAE,3,0.75,,3,38,0.34210526315789475,-0.2059789473684211,-7.827200000000001,0.6074623871614845,-7.869999999999999
MAE,3,0.75,,4,1,0.0,-0.3644,-0.3644,0.0,0.0
MAE,3,0.75,,5,43,0.4418604651162791,0.08164651162790702,3.510800000000002,1.2544869378642467,-3.882399999999999
MAE,3,0.75,,6,69,0.5507246376811594,0.17835362318840578,12.306399999999998,1.5592191362512728,-4.749599999999999
MAE,3,0.75,,7,3,0.3333333333333333,-0.14106666666666665,-0.42319999999999997,0.3943903835145965,-0.6988
MAE,3,0.75,,8,6,0.6666666666666666,0.5189333333333334,3.1136,3.9406875708349074,-0.7944
MAE,3,0.75,,9,40,0.3,-0.27715,-11.086,0.5189036244965978,-14.1464
MAE,3,0.75,,10,41,0.5365853658536586,0.33560000000000006,13.759600000000002,2.2034354883851104,-1.9488000000000003
MAE,3,0.75,,11,35,0.2857142857142857,-0.3498285714285713,-12.243999999999996,0.38688032048072113,-13.060799999999995
MAE,3,0.75,,12,43,0.4186046511627907,-0.1181209302325581,-5.079199999999998,0.7836797274275978,-6.784800000000001
MAE,3,0.75,,13,1,0.0,-1.0444,-1.0444,0.0,0.0
MAE,3,0.75,,14,44,0.5454545454545454,0.3612818181818182,15.8964,2.0263688016528927,-2.820800000000002
MAE,3,0.75,,15,5,0.4,0.055600000000000004,0.278,1.088727179879995,-1.0444
MAE,3,0.75,,16,8,0.625,0.2956,2.3648,1.8145494626618903,-2.9031999999999996
MAE,3,0.75,,17,5,0.6,0.6516000000000001,3.2580000000000005,2.7527437056165267,-1.0444
MAE,3,0.75,,18,20,0.35,-0.08240000000000001,-1.6480000000000004,0.8202286412426913,-6.386
MAE,3,0.75,,19,2,0.5,0.0006000000000000449,0.0012000000000000899,1.001194743130227,0.0
MAE,3,0.75,,20,71,0.4225352112676056,0.06531830985915496,4.637600000000003,1.130708785695764,-7.6015999999999995
MAE,3,0.75,,21,1,0.0,-0.0744,-0.0744,0.0,0.0
MAE,3,0.75,,22,17,0.29411764705882354,-0.12851764705882351,-2.1847999999999996,0.7822342715891876,-5.302
MAE,3,1.0,,1,43,0.5813953488372093,0.2560651162790698,11.010800000000001,1.9460100350539558,-2.777599999999998
MAE,3,1.0,,2,1,0.0,-1.0444,-1.0444,0.0,0.0
MAE,3,1.0,,3,38,0.34210526315789475,-0.22255789473684212,-8.4572,0.5888575595527467,-8.23
MAE,3,1.0,,4,1,1.0,0.0456,0.0456,inf,0.0
MAE,3,1.0,,5,43,0.4418604651162791,0.0788558139534884,3.390800000000001,1.243668975825692,-4.002399999999998
MAE,3,1.0,,6,69,0.5652173913043478,0.18415072463768115,12.706399999999999,1.5570050850429602,-5.4496
MAE,3,1.0,,7,3,0.3333333333333333,-0.14106666666666665,-0.42319999999999997,0.3943903835145965,-0.6988
MAE,3,1.0,,8,6,0.6666666666666666,0.5189333333333334,3.1136,3.9406875708349074,-0.7944
MAE,3,1.0,,9,40,0.3,-0.25539999999999996,-10.216,0.5392636155358722,-13.276399999999995
MAE,3,1.0,,10,41,0.5365853658536586,0.30462439024390253,12.489600000000003,1.9831543814351837,-2.717599999999999
MAE,3,1.0,,11,35,0.2857142857142857,-0.3778285714285714,-13.223999999999998,0.368782816229117,-14.040799999999994
MAE,3,1.0,,12,43,0.4883720930232558,0.03513488372093028,1.510800000000002,1.067910890555046,-5.0052
MAE,3,1.0,,13,1,0.0,-1.0444,-1.0444,0.0,0.0
MAE,3,1.0,,14,44,0.5681818181818182,0.3544636363636364,15.596400000000003,1.895644783387697,-3.131999999999998
MAE,3,1.0,,15,5,0.4,0.055600000000000004,0.278,1.088727179879995,-1.0444
MAE,3,1.0,,16,8,0.625,0.2956,2.3648,1.8145494626618903,-2.9031999999999996
MAE,3,1.0,,17,5,0.6,0.6516000000000001,3.2580000000000005,2.7527437056165267,-1.0444
MAE,3,1.0,,18,20,0.35,-0.12990000000000002,-2.5980000000000003,0.7432095836792789,-7.336
MAE,3,1.0,,19,2,0.5,0.3506,0.7012,1.6981282357626444,0.0
MAE,3,1.0,,20,71,0.4225352112676056,0.04560000000000005,3.2376000000000036,1.0843116217539397,-5.5916
MAE,3,1.0,,21,1,0.0,-0.0744,-0.0744,0.0,0.0
MAE,3,1.0,,22,17,0.29411764705882354,-0.1955764705882353,-3.3248,0.702420163253616,-6.0428
MAE,5,0.25,,1,43,0.37209302325581395,-0.04672558139534881,-2.009199999999999,0.814286242466817,-3.816
MAE,5,0.25,,2,1,0.0,-0.4144,-0.4144,0.0,0.0
MAE,5,0.25,,3,38,0.34210526315789475,-0.12913684210526313,-4.907199999999999,0.6444057971014494,-5.287199999999998
MAE,5,0.25,,4,1,0.0,-0.5044,-0.5044,0.0,0.0
MAE,5,0.25,,5,43,0.3953488372093023,-0.009283720930232546,-0.3991999999999995,0.9715960837887067,-3.4763999999999995
MAE,5,0.25,,6,69,0.37681159420289856,0.03429565217391306,2.3664000000000014,1.120065756093601,-7.999999999999998
MAE,5,0.25,,7,3,0.3333333333333333,-0.07439999999999998,-0.22319999999999993,0.5525260625501204,-0.4987999999999999
MAE,5,0.25,,8,6,0.6666666666666666,0.5739333333333333,3.4436,5.7250274423710215,-0.4643999999999999
MAE,5,0.25,,9,40,0.3,-0.2299,-9.196,0.4002556543969948,-11.1364
MAE,5,0.25,,10,41,0.5365853658536586,0.11242926829268296,4.609600000000001,1.350443984916677,-3.6104
MAE,5,0.25,,11,35,0.3142857142857143,-0.1784,-6.244,0.43927583605732967,-8.645599999999998
MAE,5,0.25,,12,43,0.3953488372093023,-0.08463255813953485,-3.639199999999999,0.7867373010477955,-6.073199999999999
MAE,5,0.25,,13,1,0.0,-1.4444,-1.4444,0.0,0.0
MAE,5,0.25,,14,44,0.4318181818181818,0.09650909090909097,4.246400000000003,1.319518434913469,-3.3119999999999994
MAE,5,0.25,,15,5,0.2,-0.2364,-1.182,0.5906635268042665,-1.0444
MAE,5,0.25,,16,8,0.625,0.58435,4.6748,8.880647336480108,-0.5931999999999995
MAE,5,0.25,,17,5,0.8,1.5655999999999999,7.827999999999999,1780.090909090911,-0.004400000000000404
MAE,5,0.25,,18,20,0.4,0.0006000000000000282,0.012000000000000566,1.0025571087623595,-2.8659999999999997
MAE,5,0.25,,19,2,0.5,-0.4543999999999999,-0.9087999999999998,0.532606459576219,0.0
MAE,5,0.25,,20,71,0.4225352112676056,0.05757183098591549,4.0876,1.175581175581176,-4.130800000000001
MAE,5,0.25,,21,1,1.0,0.8956000000000001,0.8956000000000001,inf,0.0
MAE,5,0.25,,22,17,0.4117647058823529,-0.3402823529411765,-5.7848,0.39891936824605156,-6.061599999999999
MAE,5,0.5,,1,43,0.4186046511627907,0.09211162790697675,3.9608000000000003,1.2914495952906548,-2.7363999999999997
MAE,5,0.5,,2,1,0.0,-0.4144,-0.4144,0.0,0.0
MAE,5,0.5,,3,38,0.3157894736842105,-0.1644,-6.247199999999999,0.6493174061433447,-7.189999999999998
MAE,5,0.5,,4,1,0.0,-0.5044,-0.5044,0.0,0.0
MAE,5,0.5,,5,43,0.3953488372093023,0.030716279069767462,1.3208000000000009,1.0892770237387122,-3.719199999999999
MAE,5,0.5,,6,69,0.4927536231884058,0.191831884057971,13.2364,1.7069215979491563,-5.324000000000002
MAE,5,0.5,,7,3,0.3333333333333333,-0.07439999999999998,-0.22319999999999993,0.5525260625501204,-0.4987999999999999
MAE,5,0.5,,8,6,0.6666666666666666,0.5739333333333333,3.4436,5.7250274423710215,-0.4643999999999999
MAE,5,0.5,,9,40,0.25,-0.2479,-9.916,0.46405793968219655,-13.706399999999999
MAE,5,0.5,,10,41,0.4878048780487805,0.21072195121951223,8.639600000000002,1.6370258951218075,-2.9276
MAE,5,0.5,,11,35,0.3142857142857143,-0.21039999999999992,-7.363999999999997,0.4940778806782269,-8.2956
MAE,5,0.5,,12,43,0.37209302325581395,-0.1037023255813953,-4.459199999999998,0.7753415823626617,-5.0196
MAE,5,0.5,,13,1,0.0,-1.4444,-1.4444,0.0,0.0
MAE,5,0.5,,14,44,0.5,0.2869636363636364,12.626400000000002,1.8190026464635982,-3.420799999999998
MAE,5,0.5,,15,5,0.4,0.15960000000000002,0.7980000000000002,1.3053727230981174,-1.0444
MAE,5,0.5,,16,8,0.625,0.3581,2.8648,2.1920772303595206,-2.4031999999999996
MAE,5,0.5,,17,5,0.6,0.5436,2.718,2.462233699160749,-1.0444
MAE,5,0.5,,18,20,0.45,-0.04639999999999995,-0.9279999999999989,0.8698165086134336,-4.8759999999999994
MAE,5,0.5,,19,2,0.5,-0.4543999999999999,-0.9087999999999998,0.532606459576219,0.0
MAE,5,0.5,,20,71,0.4225352112676056,0.07813521126760564,5.547600000000001,1.1989071508476037,-5.246
MAE,5,0.5,,21,1,1.0,0.8956000000000001,0.8956000000000001,inf,0.0
MAE,5,0.5,,22,17,0.35294117647058826,-0.23381176470588236,-3.9748,0.6235414456735869,-4.9528
MAE,5,0.75,,1,43,0.5116279069767442,0.2030418604651163,8.7308,1.7280277509089088,-2.2432
MAE,5,0.75,,2,1,0.0,-0.4144,-0.4144,0.0,0.0
MAE,5,0.75,,3,38,0.3684210526315789,-0.18834736842105262,-7.1572,0.6349410372546619,-7.1
MAE,5,0.75,,4,1,0.0,-0.5044,-0.5044,0.0,0.0
MAE,5,0.75,,5,43,0.4418604651162791,0.03304186046511627,1.4207999999999996,1.0832064466255946,-4.3064
MAE,5,0.75,,6,69,0.5507246376811594,0.1909623188405797,13.1764,1.6233984973789295,-5.089600000000003
MAE,5,0.75,,7,3,0.3333333333333333,-0.14106666666666665,-0.42319999999999997,0.3943903835145965,-0.6988
MAE,5,0.75,,8,6,0.6666666666666666,0.5189333333333334,3.1136,3.9406875708349074,-0.7944
MAE,5,0.75,,9,40,0.3,-0.29064999999999996,-11.626,0.47234173883049213,-15.0364
MAE,5,0.75,,10,41,0.5121951219512195,0.2548682926829269,10.449600000000002,1.8057988895743367,-2.9351999999999996
MAE,5,0.75,,11,35,0.2571428571428571,-0.34982857142857143,-12.244,0.36998312271024586,-13.060799999999997
MAE,5,0.75,,12,43,0.4186046511627907,-0.06951627906976741,-2.9891999999999985,0.8616111111111112,-5.5632
MAE,5,0.75,,13,1,0.0,-1.4444,-1.4444,0.0,0.0
MAE,5,0.75,,14,44,0.5,0.2881000000000001,12.676400000000003,1.754691369784721,-3.420799999999998
MAE,5,0.75,,15,5,0.4,0.15960000000000002,0.7980000000000002,1.3053727230981174,-1.0444
MAE,5,0.75,,16,8,0.625,0.3581,2.8648,2.1920772303595206,-2.4031999999999996
MAE,5,0.75,,17,5,0.6,0.6516000000000001,3.2580000000000005,2.7527437056165267,-1.0444
MAE,5,0.75,,18,20,0.45,-0.06840000000000002,-1.3680000000000003,0.8525607863424728,-6.106
MAE,5,0.75,,19,2,0.5,-0.4543999999999999,-0.9087999999999998,0.532606459576219,0.0
MAE,5,0.75,,20,71,0.4507042253521127,0.07940281690140849,5.637600000000003,1.178283198826119,-5.963599999999999
MAE,5,0.75,,21,1,1.0,0.8956000000000001,0.8956000000000001,inf,0.0
MAE,5,0.75,,22,17,0.35294117647058826,-0.1691058823529412,-2.8748,0.7362181604639213,-5.2928
MAE,5,1.0,,1,43,0.5813953488372093,0.2560651162790698,11.010800000000001,1.9460100350539558,-2.777599999999998
MAE,5,1.0,,2,1,0.0,-1.0444,-1.0444,0.0,0.0
MAE,5,1.0,,3,38,0.3684210526315789,-0.20624210526315787,-7.837199999999999,0.6136569783491738,-7.399999999999999
MAE,5,1.0,,4,1,1.0,0.0456,0.0456,inf,0.0
MAE,5,1.0,,5,43,0.4418604651162791,0.03304186046511627,1.4207999999999996,1.0832064466255946,-4.3064
MAE,5,1.0,,6,69,0.5652173913043478,0.18168695652173913,12.5364,1.5454877730397707,-5.439599999999999
MAE,5,1.0,,7,3,0.3333333333333333,-0.14106666666666665,-0.42319999999999997,0.3943903835145965,-0.6988
MAE,5,1.0,,8,6,0.6666666666666666,0.5189333333333334,3.1136,3.9406875708349074,-0.7944
MAE,5,1.0,,9,40,0.3,-0.25065,-10.026,0.5439244513992504,-13.086399999999998
MAE,5,1.0,,10,41,0.5609756097560976,0.32584390243902445,13.359600000000002,2.107834682234311,-2.9351999999999983
MAE,5,1.0,,11,35,0.2857142857142857,-0.38754285714285713,-13.564,0.36289337717238146,-14.380799999999995
MAE,5,1.0,,12,43,0.4883720930232558,0.04397209302325585,1.8908000000000016,1.0864689849452136,-4.9608
MAE,5,1.0,,13,1,0.0,-1.4444,-1.4444,0.0,0.0
MAE,5,1.0,,14,44,0.5681818181818182,0.3451454545454546,15.1864,1.8520388698130568,-2.9819999999999975
MAE,5,1.0,,15,5,0.4,0.1236,0.618,1.2212516110554203,-1.0444
MAE,5,1.0,,16,8,0.625,0.2956,2.3648,1.8145494626618903,-2.9031999999999996
MAE,5,1.0,,17,5,0.6,0.6516000000000001,3.2580000000000005,2.7527437056165267,-1.0444
MAE,5,1.0,,18,20,0.45,-0.1469,-2.938,0.7291766527782899,-7.676
MAE,5,1.0,,19,2,0.5,-0.11939999999999995,-0.2387999999999999,0.87718576424604,0.0
MAE,5,1.0,,20,71,0.43661971830985913,0.05686760563380286,4.037600000000003,1.1071095076400672,-4.695999999999996
MAE,5,1.0,,21,1,1.0,0.8956000000000001,0.8956000000000001,inf,0.0
MAE,5,1.0,,22,17,0.35294117647058826,-0.21969411764705885,-3.7348000000000003,0.6823717512586747,-6.152799999999999
MAE,8,0.25,,1,43,0.4186046511627907,-0.016027906976744163,-0.6891999999999989,0.9380772686433064,-3.4327999999999994
MAE,8,0.25,,2,1,1.0,0.03560000000000001,0.03560000000000001,inf,0.0
MAE,8,0.25,,3,38,0.39473684210526316,-0.024136842105263127,-0.9171999999999988,0.935685636552324,-4.627199999999999
MAE,8,0.25,,4,1,1.0,0.6056,0.6056,inf,0.0
MAE,8,0.25,,5,43,0.4186046511627907,0.016530232558139533,0.7107999999999999,1.0493954134815844,-3.2152
MAE,8,0.25,,6,69,0.4782608695652174,0.06806376811594207,4.696400000000003,1.2330904687220823,-7.5067999999999975
MAE,8,0.25,,7,3,0.3333333333333333,-0.14773333333333333,-0.4432,0.3834168057874235,-0.7188
MAE,8,0.25,,8,6,0.5,0.24726666666666666,1.4836,2.508950366151343,-0.6244
MAE,8,0.25,,9,40,0.3,-0.30539999999999995,-12.215999999999998,0.3710614110960089,-14.766400000000003
MAE,8,0.25,,10,41,0.5609756097560976,0.23194146341463417,9.5096,1.7349449734141213,-4.1576
MAE,8,0.25,,11,35,0.34285714285714286,-0.15468571428571426,-5.413999999999999,0.5423963756846305,-8.0456
MAE,8,0.25,,12,43,0.4418604651162791,-0.029981395348837193,-1.2891999999999992,0.9352343059239608,-5.624
MAE,8,0.25,,13,1,0.0,-1.7644,-1.7644,0.0,0.0
MAE,8,0.25,,14,44,0.4772727272727273,0.06037272727272727,2.6564,1.1810622171328864,-2.9276000000000004
MAE,8,0.25,,15,5,0.2,-0.3584,-1.792,0.48764867337602924,-1.6688
MAE,8,0.25,,16,8,0.625,0.56185,4.4948,6.813243662700466,-0.773200000000001
MAE,8,0.25,,17,5,0.4,0.9576000000000002,4.788000000000001,6.546802594995367,-0.8631999999999991
MAE,8,0.25,,18,20,0.25,0.0201,0.402,1.0718370264474626,-3.956
MAE,8,0.25,,19,2,0.5,0.8805999999999999,1.7611999999999999,2.1629688325409404,0.0
MAE,8,0.25,,20,71,0.4788732394366197,0.08940281690140847,6.347600000000002,1.236385032473336,-8.3492
MAE,8,0.25,,21,1,1.0,2.7156000000000002,2.7156000000000002,inf,0.0
MAE,8,0.25,,22,17,0.35294117647058826,-0.26498823529411764,-4.5047999999999995,0.5262294392326785,-6.1708
MAE,8,0.5,,1,43,0.4418604651162791,0.08350697674418607,3.590800000000001,1.2710937971854803,-2.3228000000000004
MAE,8,0.5,,2,1,1.0,0.03560000000000001,0.03560000000000001,inf,0.0
MAE,8,0.5,,3,38,0.34210526315789475,-0.0715052631578947,-2.7171999999999983,0.8269299363057327,-6.2672
MAE,8,0.5,,4,1,1.0,0.6056,0.6056,inf,0.0
MAE,8,0.5,,5,43,0.46511627906976744,0.05815813953488374,2.500800000000001,1.180027643400138,-2.7352000000000003
MAE,8,0.5,,6,69,0.5362318840579711,0.16255652173913043,11.2164,1.563615533043898,-6.374000000000002
MAE,8,0.5,,7,3,0.3333333333333333,-0.14773333333333333,-0.4432,0.3834168057874235,-0.7188
MAE,8,0.5,,8,6,0.6666666666666666,0.5472666666666667,3.2836,4.694419441944195,-0.6244000000000001
MAE,8,0.5,,9,40,0.25,-0.30189999999999995,-12.075999999999999,0.4007542675664946,-15.216400000000004
MAE,8,0.5,,10,41,0.5365853658536586,0.2307219512195122,9.4596,1.723565047117856,-4.3176000000000005
MAE,8,0.5,,11,35,0.3142857142857143,-0.14554285714285714,-5.094,0.5843532752374425,-6.9256
MAE,8,0.5,,12,43,0.3953488372093023,-0.07649302325581396,-3.2892,0.8443674767204179,-5.6352
MAE,8,0.5,,13,1,0.0,-1.7644,-1.7644,0.0,0.0
MAE,8,0.5,,14,44,0.5,0.22423636363636368,9.866400000000002,1.605791192867844,-2.9276
MAE,8,0.5,,15,5,0.4,0.007600000000000007,0.038000000000000034,1.0112652674018736,-1.5444
MAE,8,0.5,,16,8,0.625,0.46435000000000004,3.7148000000000003,3.391707442698944,-1.5532000000000004
MAE,8,0.5,,17,5,0.4,0.3336,1.6680000000000001,1.9568609453877928,-1.7431999999999999
MAE,8,0.5,,18,20,0.3,-0.014899999999999991,-0.2979999999999998,0.9545842477444526,-4.856
MAE,8,0.5,,19,2,0.5,0.8805999999999999,1.7611999999999999,2.1629688325409404,0.0
MAE,8,0.5,,20,71,0.4647887323943662,0.06813521126760566,4.837600000000002,1.1633375200896776,-8.949199999999996
MAE,8,0.5,,21,1,1.0,2.7156000000000002,2.7156000000000002,inf,0.0
MAE,8,0.5,,22,17,0.29411764705882354,-0.2767529411764706,-4.7048,0.5437902412535878,-6.7828
MAE,8,0.75,,1,43,0.5116279069767442,0.1874604651162791,8.0608,1.6340895503602781,-2.5784000000000002
MAE,8,0.75,,2,1,1.0,0.03560000000000001,0.03560000000000001,inf,0.0
MAE,8,0.75,,3,38,0.39473684210526316,-0.09782105263157892,-3.717199999999999,0.7866277868344317,-5.9872
MAE,8,0.75,,4,1,1.0,0.6056,0.6056,inf,0.0
MAE,8,0.75,,5,43,0.4418604651162791,0.009320930232558172,0.4008000000000014,1.0232947412470361,-3.6015999999999995
MAE,8,0.75,,6,69,0.5507246376811594,0.1708173913043478,11.786399999999999,1.5626933506473668,-6.512400000000001
MAE,8,0.75,,7,3,0.3333333333333333,-0.14106666666666665,-0.42319999999999997,0.3943903835145965,-0.6988
MAE,8,0.75,,8,6,0.6666666666666666,0.5472666666666667,3.2836,4.694419441944195,-0.6244000000000001
MAE,8,0.75,,9,40,0.25,-0.36515000000000003,-14.606000000000002,0.36912577747062886,-17.336400000000005
MAE,8,0.75,,10,41,0.5609756097560976,0.27169756097560976,11.1396,1.850403078050568,-4.3176000000000005
MAE,8,0.75,,11,35,0.2571428571428571,-0.3032571428571428,-10.613999999999997,0.4038552267978703,-11.4308
MAE,8,0.75,,12,43,0.4186046511627907,-0.06021395348837209,-2.5892,0.8871808278867102,-5.735200000000001
MAE,8,0.75,,13,1,0.0,-1.7644,-1.7644,0.0,0.0
MAE,8,0.75,,14,44,0.5454545454545454,0.3301454545454546,14.526400000000002,1.912576956904134,-2.9276
MAE,8,0.75,,15,5,0.4,0.007600000000000007,0.038000000000000034,1.0112652674018736,-1.5444
MAE,8,0.75,,16,8,0.625,0.46435000000000004,3.7148000000000003,3.391707442698944,-1.5532000000000004
MAE,8,0.75,,17,5,0.6,0.6516000000000001,3.2580000000000005,2.7527437056165267,-1.0444
MAE,8,0.75,,18,20,0.35,0.012100000000000017,0.24200000000000033,1.0332545484527018,-4.4959999999999996
MAE,8,0.75,,19,2,0.5,0.8805999999999999,1.7611999999999999,2.1629688325409404,0.0
MAE,8,0.75,,20,71,0.49295774647887325,0.1263042253521127,8.967600000000001,1.2821029054623698,-7.4108
MAE,8,0.75,,21,1,1.0,2.7156000000000002,2.7156000000000002,inf,0.0
MAE,8,0.75,,22,17,0.29411764705882354,-0.1449882352941176,-2.4647999999999994,0.7609960437514545,-5.812799999999999
MAE,8,1.0,,1,43,0.5813953488372093,0.2528093023255814,10.870800000000001,1.922881010594947,-2.727599999999999
MAE,8,1.0,,2,1,0.0,-1.0444,-1.0444,0.0,0.0
MAE,8,1.0,,3,38,0.3684210526315789,-0.15308421052631577,-5.817199999999999,0.6945646238501282,-5.647199999999999
MAE,8,1.0,,4,1,1.0,0.0456,0.0456,inf,0.0
MAE,8,1.0,,5,43,0.4418604651162791,-0.0009116279069767206,-0.039199999999998986,0.997778483021263,-3.601599999999999
MAE,8,1.0,,6,69,0.5507246376811594,0.14531014492753622,10.026399999999999,1.4215181784549158,-7.2424
MAE,8,1.0,,7,3,0.3333333333333333,-0.14106666666666665,-0.42319999999999997,0.3943903835145965,-0.6988
MAE,8,1.0,,8,6,0.6666666666666666,0.5189333333333334,3.1136,3.9406875708349074,-0.7944
MAE,8,1.0,,9,40,0.3,-0.24815,-9.926,0.5464100314396433,-12.9864
MAE,8,1.0,,10,41,0.5609756097560976,0.30730731707317077,12.5996,1.9424348502528197,-4.3176
MAE,8,1.0,,11,35,0.2857142857142857,-0.38782857142857136,-13.573999999999998,0.3627230046948357,-14.390799999999995
MAE,8,1.0,,12,43,0.4883720930232558,0.0032744186046511996,0.1408000000000016,1.0059618576606484,-5.5608
MAE,8,1.0,,13,1,0.0,-1.7644,-1.7644,0.0,0.0
MAE,8,1.0,,14,44,0.5681818181818182,0.36991818181818187,16.276400000000002,1.9726777262513744,-3.041999999999998
MAE,8,1.0,,15,5,0.4,-0.08639999999999999,-0.43199999999999994,0.88759367194005,-1.5444
MAE,8,1.0,,16,8,0.625,0.3681,2.9448,2.2675619834710745,-2.3232000000000004
MAE,8,1.0,,17,5,0.6,0.6516000000000001,3.2580000000000005,2.7527437056165267,-1.0444
MAE,8,1.0,,18,20,0.35,-0.13640000000000002,-2.728,0.7337809352798814,-7.465999999999999
MAE,8,1.0,,19,2,0.5,0.09560000000000002,0.19120000000000004,1.1262546222926573,0.0
MAE,8,1.0,,20,71,0.4507042253521127,0.09376901408450705,6.6576,1.1807087640059064,-7.425999999999995
MAE,8,1.0,,21,1,1.0,2.7156000000000002,2.7156000000000002,inf,0.0
MAE,8,1.0,,22,17,0.29411764705882354,-0.17439999999999997,-2.9647999999999994,0.7258064516129031,-6.312799999999999
MAE,10,0.25,,1,43,0.4418604651162791,0.071646511627907,3.080800000000001,1.3088335538714464,-2.6575999999999995
MAE,10,0.25,,2,1,0.0,-0.25439999999999996,-0.25439999999999996,0.0,0.0
MAE,10,0.25,,3,38,0.39473684210526316,0.05744210526315794,2.1828000000000016,1.1545760983485827,-5.167199999999999
MAE,10,0.25,,4,1,1.0,0.3356,0.3356,inf,0.0
MAE,10,0.25,,5,43,0.3953488372093023,-0.04881860465116274,-2.099199999999998,0.8751546293653062,-6.139199999999999
MAE,10,0.25,,6,69,0.4782608695652174,0.11270144927536235,7.776400000000002,1.3825387143110128,-5.746800000000002
MAE,10,0.25,,7,3,0.3333333333333333,-0.3310666666666667,-0.9932,0.07073353293413173,-1.0688
MAE,10,0.25,,8,6,0.6666666666666666,0.33726666666666666,2.0236,3.895821408128221,-0.4343999999999999
MAE,10,0.25,,9,40,0.3,-0.33865,-13.546,0.33803119746667193,-15.2928
MAE,10,0.25,,10,41,0.6097560975609756,0.24633170731707313,10.099599999999999,1.8237577893054062,-3.9132000000000007
MAE,10,0.25,,11,35,0.34285714285714286,-0.21125714285714287,-7.394,0.49360326548502864,-10.3156
MAE,10,0.25,,12,43,0.37209302325581395,-0.06788837209302326,-2.9192,0.8584204706384464,-5.714
MAE,10,0.25,,13,1,0.0,-0.23439999999999997,-0.23439999999999997,0.0,0.0
MAE,10,0.25,,14,44,0.5,0.05900909090909091,2.5964,1.1574835626076623,-4.009600000000001
MAE,10,0.25,,15,5,0.2,-0.36839999999999995,-1.8419999999999999,0.48077573570864807,-1.3744
MAE,10,0.25,,16,8,0.5,0.31435,2.5148,3.4005345551737305,-1.0476
MAE,10,0.25,,17,5,0.6,1.0715999999999997,5.357999999999999,5.189865498905223,-0.8444000000000003
MAE,10,0.25,,18,20,0.35,-0.08139999999999999,-1.6279999999999997,0.8132427843803056,-7.3359999999999985
MAE,10,0.25,,19,2,0.5,-0.1843999999999999,-0.3687999999999998,0.8440196244290307,0.0
MAE,10,0.25,,20,71,0.4647887323943662,0.018839436619718358,1.3376000000000035,1.0423596772354737,-11.2192
MAE,10,0.25,,21,1,1.0,3.3256,3.3256,inf,0.0
MAE,10,0.25,,22,17,0.35294117647058826,-0.3055764705882353,-5.1948,0.4845610414351484,-5.8008
MAE,10,0.5,,1,43,0.4883720930232558,0.1704837209302326,7.330800000000002,1.6827732657775127,-1.977599999999999
MAE,10,0.5,,2,1,0.0,-0.25439999999999996,-0.25439999999999996,0.0,0.0
MAE,10,0.5,,3,38,0.3684210526315789,0.01875789473684214,0.7128000000000013,1.049139642620781,-5.3172
MAE,10,0.5,,4,1,1.0,0.3356,0.3356,inf,0.0
MAE,10,0.5,,5,43,0.4186046511627907,-0.03137674418604648,-1.3491999999999988,0.9196426444312094,-6.0592
MAE,10,0.5,,6,69,0.5362318840579711,0.15965797101449275,11.016399999999999,1.5293597555115612,-4.872400000000001
MAE,10,0.5,,7,3,0.3333333333333333,-0.26439999999999997,-0.7931999999999999,0.2578592814371258,-1.0688
MAE,10,0.5,,8,6,0.6666666666666666,0.5789333333333332,3.4735999999999994,5.970807097882084,-0.4344000000000001
MAE,10,0.5,,9,40,0.25,-0.3424,-13.696,0.3712239463777431,-16.416400000000003
MAE,10,0.5,,10,41,0.5365853658536586,0.1985268292682927,8.139600000000002,1.6077230916258514,-4.2376000000000005
MAE,10,0.5,,11,35,0.34285714285714286,-0.1978285714285714,-6.9239999999999995,0.5277330641420893,-9.705600000000002
MAE,10,0.5,,12,43,0.4186046511627907,-0.012074418604651171,-0.5192000000000003,0.9743604938271604,-5.5008
MAE,10,0.5,,13,1,0.0,-0.23439999999999997,-0.23439999999999997,0.0,0.0
MAE,10,0.5,,14,44,0.4772727272727273,0.10014545454545458,4.406400000000001,1.2389432357981045,-4.000800000000001
MAE,10,0.5,,15,5,0.4,0.06560000000000002,0.32800000000000007,1.1063829787234043,-1.3744
MAE,10,0.5,,16,8,0.625,0.5656,4.5248,7.088266953713671,-0.7432000000000007
MAE,10,0.5,,17,5,0.6,0.5736,2.868,3.242727557084767,-0.8443999999999998
MAE,10,0.5,,18,20,0.4,-0.09489999999999996,-1.8979999999999992,0.7757243465519686,-6.436
MAE,10,0.5,,19,2,0.5,-0.1843999999999999,-0.3687999999999998,0.8440196244290307,0.0
MAE,10,0.5,,20,71,0.4507042253521127,0.016304225352112702,1.157600000000002,1.0342468995550507,-10.749199999999998
MAE,10,0.5,,21,1,1.0,3.3256,3.3256,inf,0.0
MAE,10,0.5,,22,17,0.23529411764705882,-0.36969411764705873,-6.284799999999999,0.4367045495285555,-6.2128
MAE,10,0.75,,1,43,0.5581395348837209,0.22304186046511632,9.590800000000002,1.7963399647945797,-2.4875999999999987
MAE,10,0.75,,2,1,0.0,-0.25439999999999996,-0.25439999999999996,0.0,0.0
MAE,10,0.75,,3,38,0.39473684210526316,-0.054663157894736816,-2.077199999999999,0.8782500644737768,-5.937199999999999
MAE,10,0.75,,4,1,1.0,0.3356,0.3356,inf,0.0
MAE,10,0.75,,5,43,0.4186046511627907,-0.01579534883720926,-0.6791999999999982,0.9613651877133105,-5.9992
MAE,10,0.75,,6,69,0.5507246376811594,0.18139710144927532,12.516399999999997,1.600987208543004,-5.0196000000000005
MAE,10,0.75,,7,3,0.3333333333333333,-0.26439999999999997,-0.7931999999999999,0.2578592814371258,-1.0688
MAE,10,0.75,,8,6,0.6666666666666666,0.5789333333333332,3.4735999999999994,5.970807097882084,-0.4344000000000001
MAE,10,0.75,,9,40,0.3,-0.35714999999999997,-14.285999999999998,0.38826370690098144,-16.616400000000002
MAE,10,0.75,,10,41,0.5365853658536586,0.22072195121951224,9.049600000000002,1.6701620308658434,-4.2376000000000005
MAE,10,0.75,,11,35,0.2857142857142857,-0.33525714285714286,-11.734,0.3840419947506561,-12.550799999999999
MAE,10,0.75,,12,43,0.4418604651162791,-0.021144186046511623,-0.9091999999999998,0.9573257735055573,-5.5008
MAE,10,0.75,,13,1,0.0,-0.23439999999999997,-0.23439999999999997,0.0,0.0
MAE,10,0.75,,14,44,0.5227272727272727,0.24014545454545455,10.5664,1.590222539994638,-4.000799999999998
MAE,10,0.75,,15,5,0.4,0.06560000000000002,0.32800000000000007,1.1063829787234043,-1.3744
MAE,10,0.75,,16,8,0.625,0.5656,4.5248,7.088266953713671,-0.7432000000000007
MAE,10,0.75,,17,5,0.6,0.7676,3.8379999999999996,4.001251172974664,-0.8443999999999998
MAE,10,0.75,,18,20,0.4,-0.07089999999999999,-1.4179999999999997,0.8421427617224029,-6.156
MAE,10,0.75,,19,2,0.5,-0.1843999999999999,-0.3687999999999998,0.8440196244290307,0.0
MAE,10,0.75,,20,71,0.43661971830985913,0.04813521126760565,3.417600000000001,1.0942630185348627,-7.410800000000001
MAE,10,0.75,,21,1,1.0,3.3256,3.3256,inf,0.0
MAE,10,0.75,,22,17,0.29411764705882354,-0.1773411764705882,-3.0147999999999993,0.7224656626284198,-5.402
MAE,10,1.0,,1,43,0.5813953488372093,0.2507162790697675,10.780800000000003,1.9083004751794561,-2.767599999999998
MAE,10,1.0,,2,1,0.0,-1.0444,-1.0444,0.0,0.0
MAE,10,1.0,,3,38,0.3684210526315789,-0.09624210526315786,-3.657199999999999,0.8029058613033264,-5.9372
MAE,10,1.0,,4,1,1.0,0.0456,0.0456,inf,0.0
MAE,10,1.0,,5,43,0.4186046511627907,-0.023702325581395314,-1.0191999999999986,0.9431250000000001,-5.861599999999999
MAE,10,1.0,,6,69,0.5797101449275363,0.18936811594202899,13.0664,1.5991672627891196,-5.559600000000001
MAE,10,1.0,,7,3,0.3333333333333333,-0.14106666666666665,-0.42319999999999997,0.3943903835145965,-0.6988
MAE,10,1.0,,8,6,0.6666666666666666,0.5189333333333334,3.1136,3.9406875708349074,-0.7944
MAE,10,1.0,,9,40,0.3,-0.25915,-10.366,0.5356400516055047,-13.196399999999997
MAE,10,1.0,,10,41,0.5609756097560976,0.28999024390243905,11.889600000000002,1.866008216065029,-4.2376000000000005
MAE,10,1.0,,11,35,0.2857142857142857,-0.40668571428571426,-14.234,0.35182149362477233,-15.050799999999994
MAE,10,1.0,,12,43,0.4883720930232558,0.008855813953488357,0.38079999999999936,1.0162896547003868,-6.2308
MAE,10,1.0,,13,1,0.0,-0.23439999999999997,-0.23439999999999997,0.0,0.0
MAE,10,1.0,,14,44,0.5681818181818182,0.3262818181818182,14.356399999999999,1.7696315992623406,-3.001999999999999
MAE,10,1.0,,15,5,0.4,0.06560000000000002,0.32800000000000007,1.1063829787234043,-1.3744
MAE,10,1.0,,16,8,0.625,0.40935,3.2748,2.6429861529199274,-1.9932000000000003
MAE,10,1.0,,17,5,0.6,0.6916000000000001,3.4580000000000006,3.084639498432602,-0.8443999999999998
MAE,10,1.0,,18,20,0.4,-0.14690000000000003,-2.9380000000000006,0.7202650721712305,-7.676
MAE,10,1.0,,19,2,0.5,-0.3293999999999999,-0.6587999999999998,0.7213669429876503,0.0
MAE,10,1.0,,20,71,0.43661971830985913,0.06588169014084513,4.677600000000004,1.1222710163111662,-7.365999999999998
MAE,10,1.0,,21,1,1.0,3.3256,3.3256,inf,0.0
MAE,10,1.0,,22,17,0.29411764705882354,-0.21322352941176467,-3.6247999999999996,0.684052715989122,-6.0120000000000005
MAE,15,0.25,,1,43,0.6046511627906976,0.291646511627907,12.5408,2.608867450094935,-1.7576
MAE,15,0.25,,2,1,0.0,-1.0344,-1.0344,0.0,0.0
MAE,15,0.25,,3,38,0.47368421052631576,0.035863157894736875,1.3628000000000013,1.0779277218664227,-4.727200000000002
MAE,15,0.25,,4,1,0.0,-0.23439999999999997,-0.23439999999999997,0.0,0.0
MAE,15,0.25,,5,43,0.5348837209302325,-0.08695813953488365,-3.739199999999997,0.8196933166168385,-9.4728
MAE,15,0.25,,6,69,0.43478260869565216,0.06357101449275365,4.386400000000002,1.1638452688670082,-10.5368
MAE,15,0.25,,7,3,0.0,-0.2510666666666666,-0.7531999999999999,0.0,-0.6987999999999999
MAE,15,0.25,,8,6,0.6666666666666666,0.46226666666666666,2.7736,5.086034177961109,-0.4144000000000001
MAE,15,0.25,,9,40,0.4,-0.27915,-11.166,0.5112406765416536,-12.256399999999998
MAE,15,0.25,,10,41,0.5853658536585366,0.16584390243902444,6.799600000000002,1.4827615585595821,-4.4239999999999995
MAE,15,0.25,,11,35,0.34285714285714286,-0.32039999999999996,-11.213999999999999,0.40826966102410406,-12.195599999999999
MAE,15,0.25,,12,43,0.46511627906976744,0.0009488372093023863,0.04080000000000261,1.00165778182291,-8.7868
MAE,15,0.25,,13,1,0.0,-0.7243999999999999,-0.7243999999999999,0.0,0.0
MAE,15,0.25,,14,44,0.5227272727272727,0.2221909090909091,9.7764,1.675987387985397,-2.7076000000000002
MAE,15,0.25,,15,5,0.4,-0.17239999999999994,-0.8619999999999998,0.6650085496657858,-0.9144
MAE,15,0.25,,16,8,0.875,0.5481,4.3848,4.167292689973997,-1.3844000000000003
MAE,15,0.25,,17,5,0.8,0.6876000000000002,3.438000000000001,4.4229390681003595,-1.0044
MAE,15,0.25,,18,20,0.3,-0.23290000000000002,-4.658,0.5589683381305862,-9.556000000000001
MAE,15,0.25,,19,2,0.5,-0.7544,-1.5088,0.6510961058181481,0.0
MAE,15,0.25,,20,71,0.49295774647887325,0.010388732394366228,0.7376000000000023,1.018773989269097,-12.185599999999997
MAE,15,0.25,,21,1,1.0,4.3456,4.3456,inf,0.0
MAE,15,0.25,,22,17,0.35294117647058826,-0.4732235294117646,-8.044799999999999,0.4048999881642798,-6.280799999999999
MAE,15,0.5,,1,43,0.5813953488372093,0.2621116279069768,11.270800000000001,2.1978489138290187,-1.7787999999999995
MAE,15,0.5,,2,1,0.0,-1.0344,-1.0344,0.0,0.0
MAE,15,0.5,,3,38,0.4473684210526316,-0.03466315789473681,-1.3171999999999988,0.9274365924065138,-5.1572
MAE,15,0.5,,4,1,0.0,-0.23439999999999997,-0.23439999999999997,0.0,0.0
MAE,15,0.5,,5,43,0.46511627906976744,-0.09719069767441858,-4.179199999999999,0.8018510089516006,-9.757200000000001
MAE,15,0.5,,6,69,0.4927536231884058,0.10560000000000001,7.286400000000001,1.2757493188010904,-9.1324
MAE,15,0.5,,7,3,0.3333333333333333,-0.14106666666666665,-0.4231999999999999,0.39439038351459654,-0.6987999999999999
MAE,15,0.5,,8,6,0.6666666666666666,0.5822666666666666,3.4936,6.146729522687096,-0.4144000000000001
MAE,15,0.5,,9,40,0.4,-0.27215,-10.886,0.5343007238316878,-12.7864
MAE,15,0.5,,10,41,0.5365853658536586,0.2197463414634147,9.009600000000002,1.6329811151079139,-3.8276000000000003
MAE,15,0.5,,11,35,0.34285714285714286,-0.3178285714285714,-11.123999999999999,0.41823734912034816,-12.065599999999998
MAE,15,0.5,,12,43,0.4883720930232558,0.022576744186046566,0.9708000000000023,1.0394685487543096,-8.069600000000001
MAE,15,0.5,,13,1,0.0,-0.7243999999999999,-0.7243999999999999,0.0,0.0
MAE,15,0.5,,14,44,0.5681818181818182,0.2687818181818182,11.8264,1.8469449139190468,-2.2375999999999987
MAE,15,0.5,,15,5,0.4,-0.17239999999999994,-0.8619999999999998,0.6650085496657858,-0.9144
MAE,15,0.5,,16,8,0.875,0.5481,4.3848,4.167292689973997,-1.3844000000000003
MAE,15,0.5,,17,5,0.8,0.5156,2.578,3.566706491437674,-1.0044
MAE,15,0.5,,18,20,0.35,-0.2024,-4.048,0.6198061462168457,-8.346
MAE,15,0.5,,19,2,0.5,-0.7544,-1.5088,0.6510961058181481,0.0
MAE,15,0.5,,20,71,0.49295774647887325,0.009684507042253519,0.6875999999999998,1.0174613493691973,-11.965599999999997
MAE,15,0.5,,21,1,1.0,4.3456,4.3456,inf,0.0
MAE,15,0.5,,22,17,0.29411764705882354,-0.5302823529411764,-9.0148,0.38097069244925424,-6.5504
MAE,15,0.75,,1,43,0.5581395348837209,0.27862325581395353,11.980800000000002,2.1834525267691336,-2.243199999999999
MAE,15,0.75,,2,1,0.0,-1.0344,-1.0344,0.0,0.0
MAE,15,0.75,,3,38,0.42105263157894735,-0.10229473684210527,-3.8872000000000004,0.7944020140901688,-6.0472
MAE,15,0.75,,4,1,0.0,-0.23439999999999997,-0.23439999999999997,0.0,0.0
MAE,15,0.75,,5,43,0.4418604651162791,-0.08091162790697669,-3.479199999999998,0.8321303122708149,-9.4192
MAE,15,0.75,,6,69,0.4927536231884058,0.08371594202898552,5.7764000000000015,1.2128842043193047,-8.322399999999998
MAE,15,0.75,,7,3,0.3333333333333333,-0.10439999999999998,-0.3131999999999999,0.4680706521739131,-0.5888
MAE,15,0.75,,8,6,0.6666666666666666,0.5822666666666666,3.4936,6.146729522687096,-0.4144000000000001
MAE,15,0.75,,9,40,0.4,-0.26015,-10.405999999999999,0.5544537498501431,-12.546400000000002
MAE,15,0.75,,10,41,0.5609756097560976,0.2563317073170732,10.509600000000002,1.7523408641869258,-4.3751999999999995
MAE,15,0.75,,11,35,0.34285714285714286,-0.3444,-12.053999999999998,0.4105969331872947,-12.850799999999998
MAE,15,0.75,,12,43,0.5116279069767442,-0.028586046511627886,-1.2291999999999992,0.9497103394102052,-7.619599999999999
MAE,15,0.75,,13,1,0.0,-0.7243999999999999,-0.7243999999999999,0.0,0.0
MAE,15,0.75,,14,44,0.5909090909090909,0.3399181818181818,14.956399999999999,2.05332694799707,-2.2375999999999987
MAE,15,0.75,,15,5,0.4,0.16760000000000003,0.8380000000000002,1.3256645422042592,-0.9144
MAE,15,0.75,,16,8,0.875,0.6980999999999999,5.5847999999999995,5.034094192429934,-1.3844000000000003
MAE,15,0.75,,17,5,0.8,0.8315999999999999,4.1579999999999995,5.139784946236559,-1.0044000000000004
MAE,15,0.75,,18,20,0.35,-0.1564,-3.128,0.7062138402584716,-7.8660000000000005
MAE,15,0.75,,19,2,0.5,-0.7544,-1.5088,0.6510961058181481,0.0
MAE,15,0.75,,20,71,0.4647887323943662,-0.053273239436619685,-3.7823999999999978,0.9095924201428395,-13.4056
MAE,15,0.75,,21,1,1.0,4.3456,4.3456,inf,0.0
MAE,15,0.75,,22,17,0.29411764705882354,-0.42616470588235295,-7.2448,0.4895439941378727,-6.122
MAE,15,1.0,,1,43,0.5813953488372093,0.2628093023255814,11.3008,1.9957353822295845,-2.597599999999998
MAE,15,1.0,,2,1,0.0,-1.0344,-1.0344,0.0,0.0
MAE,15,1.0,,3,38,0.39473684210526316,-0.1438736842105263,-5.467199999999999,0.7254208686568364,-7.527199999999999
MAE,15,1.0,,4,1,1.0,0.0456,0.0456,inf,0.0
MAE,15,1.0,,5,43,0.4418604651162791,-0.08300465116279065,-3.569199999999998,0.8285324468187322,-9.511599999999998
MAE,15,1.0,,6,69,0.5507246376811594,0.11907826086956522,8.2164,1.3209982653810695,-7.462400000000001
MAE,15,1.0,,7,3,0.3333333333333333,-0.14106666666666665,-0.42319999999999997,0.3943903835145965,-0.6988
MAE,15,1.0,,8,6,0.6666666666666666,0.5189333333333334,3.1136,3.9406875708349074,-0.7944
MAE,15,1.0,,9,40,0.35,-0.28415,-11.366,0.529833211992852,-13.736399999999998
MAE,15,1.0,,10,41,0.5609756097560976,0.2821853658536586,11.569600000000003,1.8171083112040227,-4.2552
MAE,15,1.0,,11,35,0.3142857142857143,-0.4218285714285714,-14.764,0.345439713419284,-15.560799999999997
MAE,15,1.0,,12,43,0.5116279069767442,-0.03765581395348837,-1.6191999999999998,0.9372218172795087,-6.765199999999999
MAE,15,1.0,,13,1,0.0,-0.7243999999999999,-0.7243999999999999,0.0,0.0
MAE,15,1.0,,14,44,0.5909090909090909,0.41809999999999997,18.3964,2.2489748255166604,-3.2819999999999983
MAE,15,1.0,,15,5,0.4,0.16760000000000003,0.8380000000000002,1.3256645422042592,-0.9144
MAE,15,1.0,,16,8,0.75,0.5756,4.6048,3.0942332181189736,-2.1988000000000003
MAE,15,1.0,,17,5,0.6,0.6596000000000001,3.2980000000000005,2.8132834836155705,-1.0044
MAE,15,1.0,,18,20,0.35,-0.20189999999999997,-4.037999999999999,0.6506074135603779,-8.776
MAE,15,1.0,,19,2,0.5,-1.3094,-2.6188,0.39441309777078903,0.0
MAE,15,1.0,,20,71,0.4647887323943662,-0.04186478873239434,-2.972399999999998,0.930757188915187,-14.4156
MAE,15,1.0,,21,1,1.0,4.3456,4.3456,inf,0.0
MAE,15,1.0,,22,17,0.29411764705882354,-0.42616470588235295,-7.2448,0.4895439941378727,-6.122
PROGRESS,1,0.0,,1,43,0.32558139534883723,0.04025116279069766,1.7307999999999995,1.1729485590950877,-2.4776000000000002
PROGRESS,1,0.0,,2,1,0.0,-0.3644,-0.3644,0.0,0.0
PROGRESS,1,0.0,,3,38,0.15789473684210525,-0.1365052631578947,-5.187199999999999,0.5570584417802371,-5.924399999999999
PROGRESS,1,0.0,,4,1,0.0,-0.1144,-0.1144,0.0,0.0
PROGRESS,1,0.0,,5,43,0.2558139534883721,-0.013702325581395322,-0.5891999999999988,0.9477233204386558,-6.4639999999999995
PROGRESS,1,0.0,,6,69,0.2753623188405797,0.03719420289855074,2.566400000000001,1.169064558629776,-4.93
PROGRESS,1,0.0,,7,3,0.3333333333333333,-0.054399999999999976,-0.16319999999999993,0.6280765724703739,-0.43879999999999997
PROGRESS,1,0.0,,8,6,0.5,0.3072666666666667,1.8436000000000001,3.9582798459563553,-0.2844
PROGRESS,1,0.0,,9,40,0.175,-0.2029,-8.116,0.4458252533253216,-10.5288
PROGRESS,1,0.0,,10,41,0.3170731707317073,0.13608780487804878,5.5796,1.5846676167323328,-3.8948
PROGRESS,1,0.0,,11,35,0.22857142857142856,-0.1818285714285714,-6.363999999999999,0.5203786325816955,-7.180800000000001
PROGRESS,1,0.0,,12,43,0.23255813953488372,-0.025562790697674403,-1.0991999999999993,0.9161888495791143,-5.401199999999999
PROGRESS,1,0.0,,13,1,0.0,-0.0644,-0.0644,0.0,0.0
PROGRESS,1,0.0,,14,44,0.38636363636363635,0.2194636363636364,9.656400000000001,1.720691405200466,-2.5876
PROGRESS,1,0.0,,15,5,0.2,-0.024399999999999998,-0.122,0.9332457868242503,-1.0444
PROGRESS,1,0.0,,16,8,0.625,0.4130999999999999,3.3047999999999993,2.6833740831295843,-1.9632
PROGRESS,1,0.0,,17,5,0.4,0.2056,1.028,1.4313528029540115,-2.3832
PROGRESS,1,0.0,,18,20,0.2,-0.2339,-4.678,0.42392000394069257,-7.536
PROGRESS,1,0.0,,19,2,0.0,-0.24939999999999998,-0.49879999999999997,0.0,-0.3944
PROGRESS,1,0.0,,20,71,0.29577464788732394,0.04813521126760565,3.417600000000001,1.1196219810990553,-6.036
PROGRESS,1,0.0,,21,1,0.0,-0.25439999999999996,-0.25439999999999996,0.0,0.0
PROGRESS,1,0.0,,22,17,0.23529411764705882,0.040305882352941205,0.6852000000000005,1.111647005148928,-3.6708000000000003
PROGRESS,1,-0.25,,1,43,0.5116279069767442,0.20094883720930237,8.640800000000002,1.7383784522832921,-2.777599999999998
PROGRESS,1,-0.25,,2,1,0.0,-0.3644,-0.3644,0.0,0.0
PROGRESS,1,-0.25,,3,38,0.3157894736842105,-0.13808421052631578,-5.247199999999999,0.6881196357671002,-5.3016
PROGRESS,1,-0.25,,4,1,1.0,0.0456,0.0456,inf,0.0
PROGRESS,1,-0.25,,5,43,0.4186046511627907,0.06815813953488374,2.930800000000001,1.2097924123120976,-5.701599999999997
PROGRESS,1,-0.25,,6,69,0.5217391304347826,0.16313623188405793,11.256399999999998,1.5879489375927125,-4.1116
PROGRESS,1,-0.25,,7,3,0.3333333333333333,-0.14106666666666665,-0.42319999999999997,0.3943903835145965,-0.6988
PROGRESS,1,-0.25,,8,6,0.6666666666666666,0.5189333333333334,3.1136,3.9406875708349074,-0.7944
PROGRESS,1,-0.25,,9,40,0.25,-0.23815,-9.526,0.5218351571127398,-10.656399999999998
PROGRESS,1,-0.25,,10,41,0.4634146341463415,0.23584390243902445,9.669600000000003,1.8066873560917012,-2.401999999999999
PROGRESS,1,-0.25,,11,35,0.2857142857142857,-0.3069714285714285,-10.743999999999998,0.41829994585814845,-11.560799999999999
PROGRESS,1,-0.25,,12,43,0.4186046511627907,0.057693023255813984,2.4808000000000012,1.1375166297117518,-3.3752
PROGRESS,1,-0.25,,13,1,0.0,-1.0444,-1.0444,0.0,0.0
PROGRESS,1,-0.25,,14,44,0.5227272727272727,0.37969090909090913,16.706400000000002,2.1032861369399836,-2.541999999999998
PROGRESS,1,-0.25,,15,5,0.4,0.3396,1.698,1.9911277142190054,-1.0444
PROGRESS,1,-0.25,,16,8,0.625,0.2956,2.3648,1.8145494626618903,-2.9031999999999996
PROGRESS,1,-0.25,,17,5,0.4,0.2056,1.028,1.4313528029540115,-2.3832
PROGRESS,1,-0.25,,18,20,0.3,-0.2279,-4.558,0.5772427098018847,-7.416
PROGRESS,1,-0.25,,19,2,0.0,-0.7194,-1.4388,0.0,-0.3944000000000001
PROGRESS,1,-0.25,,20,71,0.39436619718309857,0.073487323943662,5.217600000000002,1.1510631398526887,-7.381600000000001
PROGRESS,1,-0.25,,21,1,0.0,-1.0444,-1.0444,0.0,0.0
PROGRESS,1,-0.25,,22,17,0.29411764705882354,-0.14204705882352942,-2.4148,0.7647035896636396,-5.4428
PROGRESS,1,-0.5,,1,43,0.5813953488372093,0.2560651162790698,11.010800000000001,1.9460100350539558,-2.777599999999998
PROGRESS,1,-0.5,,2,1,0.0,-1.0444,-1.0444,0.0,0.0
PROGRESS,1,-0.5,,3,38,0.34210526315789475,-0.20729473684210528,-7.8772,0.605942971485743,-7.649999999999999
PROGRESS,1,-0.5,,4,1,1.0,0.0456,0.0456,inf,0.0
PROGRESS,1,-0.5,,5,43,0.4186046511627907,0.04466976744186048,1.9208000000000005,1.1282242990654203,-6.172399999999998
PROGRESS,1,-0.5,,6,69,0.5652173913043478,0.18415072463768115,12.706399999999999,1.5570050850429602,-5.4496
PROGRESS,1,-0.5,,7,3,0.3333333333333333,-0.14106666666666665,-0.42319999999999997,0.3943903835145965,-0.6988
PROGRESS,1,-0.5,,8,6,0.6666666666666666,0.5189333333333334,3.1136,3.9406875708349074,-0.7944
PROGRESS,1,-0.5,,9,40,0.3,-0.2669,-10.676,0.5283035540710108,-13.736399999999996
PROGRESS,1,-0.5,,10,41,0.5121951219512195,0.2682829268292683,10.999600000000001,1.8808135810377966,-2.7176
PROGRESS,1,-0.5,,11,35,0.2857142857142857,-0.35497142857142855,-12.424,0.38342431761786605,-13.240799999999997
PROGRESS,1,-0.5,,12,43,0.46511627906976744,0.033274418604651204,1.4308000000000018,1.0681294402224635,-4.1708
PROGRESS,1,-0.5,,13,1,0.0,-1.0444,-1.0444,0.0,0.0
PROGRESS,1,-0.5,,14,44,0.5681818181818182,0.34014545454545464,14.966400000000004,1.8294575361901173,-3.1331999999999987
PROGRESS,1,-0.5,,15,5,0.4,0.055600000000000004,0.278,1.088727179879995,-1.0444
PROGRESS,1,-0.5,,16,8,0.625,0.2956,2.3648,1.8145494626618903,-2.9031999999999996
PROGRESS,1,-0.5,,17,5,0.6,0.6516000000000001,3.2580000000000005,2.7527437056165267,-1.0444
PROGRESS,1,-0.5,,18,20,0.3,-0.3264,-6.5280000000000005,0.4880642429185357,-9.386
PROGRESS,1,-0.5,,19,2,0.5,0.3306,0.6612,1.6330907698199923,0.0
PROGRESS,1,-0.5,,20,71,0.4084507042253521,0.03419154929577466,2.4276000000000013,1.0644698683833131,-7.771599999999999
PROGRESS,1,-0.5,,21,1,0.0,-1.0444,-1.0444,0.0,0.0
PROGRESS,1,-0.5,,22,17,0.29411764705882354,-0.1820470588235294,-3.0947999999999998,0.7171839017436124,-6.1228
PROGRESS,1,-0.75,,1,43,0.5813953488372093,0.2560651162790698,11.010800000000001,1.9460100350539558,-2.777599999999998
PROGRESS,1,-0.75,,2,1,0.0,-1.0444,-1.0444,0.0,0.0
PROGRESS,1,-0.75,,3,38,0.34210526315789475,-0.22703157894736842,-8.6272,0.5840308582449374,-8.399999999999999
PROGRESS,1,-0.75,,4,1,1.0,0.0456,0.0456,inf,0.0
PROGRESS,1,-0.75,,5,43,0.4186046511627907,0.03746046511627907,1.6108,1.1053499018966644,-6.1724
PROGRESS,1,-0.75,,6,69,0.5652173913043478,0.18415072463768115,12.706399999999999,1.5570050850429602,-5.4496
PROGRESS,1,-0.75,,7,3,0.3333333333333333,-0.14106666666666665,-0.42319999999999997,0.3943903835145965,-0.6988
PROGRESS,1,-0.75,,8,6,0.6666666666666666,0.5189333333333334,3.1136,3.9406875708349074,-0.7944
PROGRESS,1,-0.75,,9,40,0.3,-0.25539999999999996,-10.216,0.5392636155358722,-13.276399999999995
PROGRESS,1,-0.75,,10,41,0.5365853658536586,0.30560000000000004,12.529600000000002,1.9894184907925079,-2.7176
PROGRESS,1,-0.75,,11,35,0.2857142857142857,-0.3655428571428571,-12.793999999999999,0.3765107212475634,-13.610799999999996
PROGRESS,1,-0.75,,12,43,0.4883720930232558,0.06234418604651167,2.680800000000002,1.1271919836028241,-4.5608
PROGRESS,1,-0.75,,13,1,0.0,-1.0444,-1.0444,0.0,0.0
PROGRESS,1,-0.75,,14,44,0.5681818181818182,0.3287818181818183,14.466400000000004,1.780128993291486,-3.1331999999999987
PROGRESS,1,-0.75,,15,5,0.4,0.055600000000000004,0.278,1.088727179879995,-1.0444
PROGRESS,1,-0.75,,16,8,0.625,0.2956,2.3648,1.8145494626618903,-2.9031999999999996
PROGRESS,1,-0.75,,17,5,0.6,0.6516000000000001,3.2580000000000005,2.7527437056165267,-1.0444
PROGRESS,1,-0.75,,18,20,0.35,-0.23240000000000002,-4.648000000000001,0.6179893484121245,-9.386
PROGRESS,1,-0.75,,19,2,0.5,0.3306,0.6612,1.6330907698199923,0.0
PROGRESS,1,-0.75,,20,71,0.4225352112676056,0.03433239436619722,2.437600000000003,1.0621830389485818,-5.6316
PROGRESS,1,-0.75,,21,1,0.0,-1.0444,-1.0444,0.0,0.0
PROGRESS,1,-0.75,,22,17,0.29411764705882354,-0.20675294117647058,-3.5147999999999997,0.6906748336677581,-6.5428
PROGRESS,2,0.0,,1,43,0.3488372093023256,0.08466976744186047,3.6408,1.3342268571218738,-2.902799999999998
PROGRESS,2,0.0,,2,1,0.0,-0.3344,-0.3344,0.0,0.0
PROGRESS,2,0.0,,3,38,0.18421052631578946,-0.18650526315789473,-7.087199999999999,0.5372803008539867,-6.6843999999999975
PROGRESS,2,0.0,,4,1,0.0,-0.3644,-0.3644,0.0,0.0
PROGRESS,2,0.0,,5,43,0.3023255813953488,-0.00788837209302324,-0.33919999999999934,0.9732955440088175,-5.339199999999999
PROGRESS,2,0.0,,6,69,0.36231884057971014,0.1076289855072464,7.426400000000001,1.439078611295052,-5.497999999999999
PROGRESS,2,0.0,,7,3,0.3333333333333333,-0.16106666666666666,-0.48319999999999996,0.3632050606220348,-0.7587999999999999
PROGRESS,2,0.0,,8,6,0.6666666666666666,0.6556000000000001,3.9336,17.472361809045225,-0.1943999999999999
PROGRESS,2,0.0,,9,40,0.2,-0.10815,-4.326,0.6593915343915344,-7.7364
PROGRESS,2,0.0,,10,41,0.4146341463414634,0.2153560975609756,8.8296,1.8754660109463,-1.9176000000000002
PROGRESS,2,0.0,,11,35,0.22857142857142856,-0.17897142857142856,-6.263999999999999,0.5275590551181103,-6.690799999999999
PROGRESS,2,0.0,,12,43,0.27906976744186046,-0.0957953488372093,-4.1192,0.7512019521151942,-5.242399999999999
PROGRESS,2,0.0,,13,1,0.0,-0.4644,-0.4644,0.0,0.0
PROGRESS,2,0.0,,14,44,0.45454545454545453,0.2603727272727273,11.456400000000002,1.74998036083689,-3.1576000000000004
PROGRESS,2,0.0,,15,5,0.2,-0.2364,-1.182,0.5906635268042665,-1.2388
PROGRESS,2,0.0,,16,8,0.625,0.5406000000000001,4.324800000000001,5.585241730279899,-0.9431999999999992
PROGRESS,2,0.0,,17,5,0.4,0.42560000000000003,2.128,2.658354114713217,-1.2832
PROGRESS,2,0.0,,18,20,0.15,-0.1234,-2.468,0.5806144643828167,-4.1248000000000005
PROGRESS,2,0.0,,19,2,0.5,0.5956,1.1912,3.3157076205287717,0.0
PROGRESS,2,0.0,,20,71,0.29577464788732394,-0.005667605633802818,-0.4024000000000001,0.9872658227848101,-6.5916
PROGRESS,2,0.0,,21,1,0.0,-0.2844,-0.2844,0.0,0.0
PROGRESS,2,0.0,,22,17,0.23529411764705882,0.012658823529411794,0.2152000000000005,1.0363071939533,-4.3027999999999995
PROGRESS,2,-0.25,,1,43,0.4883720930232558,0.13839069767441864,5.950800000000001,1.4325715282623865,-2.6207999999999996
PROGRESS,2,-0.25,,2,1,0.0,-0.3344,-0.3344,0.0,0.0
PROGRESS,2,-0.25,,3,38,0.3157894736842105,-0.1546631578947368,-5.877199999999998,0.6657719342144175,-7.939999999999999
PROGRESS,2,-0.25,,4,1,0.0,-0.3644,-0.3644,0.0,0.0
PROGRESS,2,-0.25,,5,43,0.37209302325581395,0.05490232558139536,2.3608000000000002,1.1723362630303384,-6.551200000000001
PROGRESS,2,-0.25,,6,69,0.4927536231884058,0.16342608695652172,11.276399999999999,1.5752091409916347,-5.232399999999998
PROGRESS,2,-0.25,,7,3,0.3333333333333333,-0.24440000000000003,-0.7332000000000001,0.2731958762886598,-1.0088000000000001
PROGRESS,2,-0.25,,8,6,0.6666666666666666,0.5189333333333334,3.1136,3.9406875708349074,-0.7944
PROGRESS,2,-0.25,,9,40,0.275,-0.25715,-10.286,0.5351506715595004,-13.3464
PROGRESS,2,-0.25,,10,41,0.5121951219512195,0.3492585365853659,14.319600000000001,2.5619109947643977,-1.9875999999999996
PROGRESS,2,-0.25,,11,35,0.2857142857142857,-0.29211428571428566,-10.223999999999998,0.4304178272980502,-11.040799999999999
PROGRESS,2,-0.25,,12,43,0.3953488372093023,-0.008120930232558127,-0.3491999999999995,0.9826823510741703,-6.006799999999999
PROGRESS,2,-0.25,,13,1,0.0,-0.4644,-0.4644,0.0,0.0
PROGRESS,2,-0.25,,14,44,0.5227272727272727,0.3660545454545456,16.106400000000004,2.023122268523224,-3.1576000000000004
PROGRESS,2,-0.25,,15,5,0.4,0.1436,0.718,1.2665973563047674,-1.0444
PROGRESS,2,-0.25,,16,8,0.625,0.4206000000000001,3.3648000000000007,2.7679697351828496,-1.9032
PROGRESS,2,-0.25,,17,5,0.4,0.22759999999999997,1.138,1.500615871898645,-2.2732
PROGRESS,2,-0.25,,18,20,0.3,-0.12190000000000001,-2.438,0.7254999099261396,-7.175999999999999
PROGRESS,2,-0.25,,19,2,0.5,0.5956,1.1912,3.3157076205287717,0.0
PROGRESS,2,-0.25,,20,71,0.352112676056338,0.027290140845070424,1.9376000000000002,1.0554036897667871,-6.951599999999999
PROGRESS,2,-0.25,,21,1,0.0,-1.0444,-1.0444,0.0,0.0
PROGRESS,2,-0.25,,22,17,0.29411764705882354,-0.08498823529411763,-1.4447999999999996,0.8445247933884299,-4.982799999999999
PROGRESS,2,-0.5,,1,43,0.5581395348837209,0.2290883720930233,9.850800000000001,1.772999780281867,-2.777599999999998
PROGRESS,2,-0.5,,2,1,0.0,-1.0444,-1.0444,0.0,0.0
PROGRESS,2,-0.5,,3,38,0.34210526315789475,-0.22413684210526313,-8.517199999999999,0.5871449345613186,-8.29
PROGRESS,2,-0.5,,4,1,1.0,0.0456,0.0456,inf,0.0
PROGRESS,2,-0.5,,5,43,0.4186046511627907,0.04653023255813955,2.000800000000001,1.134281879194631,-5.792399999999999
PROGRESS,2,-0.5,,6,69,0.5652173913043478,0.2009623188405797,13.866399999999999,1.640421208202476,-4.5396
PROGRESS,2,-0.5,,7,3,0.3333333333333333,-0.24440000000000003,-0.7332000000000001,0.2731958762886598,-1.0088000000000001
PROGRESS,2,-0.5,,8,6,0.6666666666666666,0.5189333333333334,3.1136,3.9406875708349074,-0.7944
PROGRESS,2,-0.5,,9,40,0.3,-0.27365,-10.946,0.5220755178315694,-14.0064
PROGRESS,2,-0.5,,10,41,0.5365853658536586,0.35608780487804886,14.599600000000002,2.3781528470019633,-2.088799999999999
PROGRESS,2,-0.5,,11,35,0.2857142857142857,-0.35525714285714277,-12.433999999999997,0.383234126984127,-13.250799999999995
PROGRESS,2,-0.5,,12,43,0.4418604651162791,-0.012539534883720907,-0.539199999999999,0.9753627956281757,-5.4552
PROGRESS,2,-0.5,,13,1,0.0,-1.0444,-1.0444,0.0,0.0
PROGRESS,2,-0.5,,14,44,0.5454545454545454,0.34469090909090916,15.166400000000003,1.8559882605260187,-2.7432
PROGRESS,2,-0.5,,15,5,0.4,0.1436,0.718,1.2665973563047674,-1.0444
PROGRESS,2,-0.5,,16,8,0.625,0.32935000000000003,2.6348000000000003,2.000607625702567,-2.6331999999999995
PROGRESS,2,-0.5,,17,5,0.6,0.6516000000000001,3.2580000000000005,2.7527437056165267,-1.0444
PROGRESS,2,-0.5,,18,20,0.35,-0.19290000000000002,-3.858,0.6609007488661535,-8.596
PROGRESS,2,-0.5,,19,2,0.5,0.3306,0.6612,1.6330907698199923,0.0
PROGRESS,2,-0.5,,20,71,0.4084507042253521,0.038557746478873244,2.7376000000000005,1.073306055997086,-7.2216
PROGRESS,2,-0.5,,21,1,0.0,-1.0444,-1.0444,0.0,0.0
PROGRESS,2,-0.5,,22,17,0.29411764705882354,-0.1920470588235294,-3.2647999999999997,0.7062126556763372,-6.2928
PROGRESS,2,-0.75,,1,43,0.5813953488372093,0.26164651162790703,11.250800000000002,1.9869815425643906,-2.777599999999998
PROGRESS,2,-0.75,,2,1,0.0,-1.0444,-1.0444,0.0,0.0
PROGRESS,2,-0.75,,3,38,0.34210526315789475,-0.22413684210526313,-8.517199999999999,0.5871449345613186,-8.29
PROGRESS,2,-0.75,,4,1,1.0,0.0456,0.0456,inf,0.0
PROGRESS,2,-0.75,,5,43,0.4186046511627907,0.04653023255813955,2.000800000000001,1.134281879194631,-5.792399999999999
PROGRESS,2,-0.75,,6,69,0.5652173913043478,0.18415072463768115,12.706399999999999,1.5570050850429602,-5.4496
PROGRESS,2,-0.75,,7,3,0.3333333333333333,-0.14106666666666665,-0.42319999999999997,0.3943903835145965,-0.6988
PROGRESS,2,-0.75,,8,6,0.6666666666666666,0.5189333333333334,3.1136,3.9406875708349074,-0.7944
PROGRESS,2,-0.75,,9,40,0.3,-0.25539999999999996,-10.216,0.5392636155358722,-13.276399999999995
PROGRESS,2,-0.75,,10,41,0.5365853658536586,0.3095024390243903,12.689600000000002,2.0148757157938517,-2.7176
PROGRESS,2,-0.75,,11,35,0.2857142857142857,-0.3695428571428571,-12.934,0.37395934172313655,-13.750799999999995
PROGRESS,2,-0.75,,12,43,0.46511627906976744,0.015367441860465148,0.6608000000000014,1.0304780178218915,-5.4552
PROGRESS,2,-0.75,,13,1,0.0,-1.0444,-1.0444,0.0,0.0
PROGRESS,2,-0.75,,14,44,0.5681818181818182,0.3328727272727274,14.646400000000003,1.7975778169857763,-3.131999999999998
PROGRESS,2,-0.75,,15,5,0.4,0.055600000000000004,0.278,1.088727179879995,-1.0444
PROGRESS,2,-0.75,,16,8,0.625,0.2956,2.3648,1.8145494626618903,-2.9031999999999996
PROGRESS,2,-0.75,,17,5,0.6,0.6516000000000001,3.2580000000000005,2.7527437056165267,-1.0444
PROGRESS,2,-0.75,,18,20,0.35,-0.2354,-4.708,0.6149568175870191,-9.446
PROGRESS,2,-0.75,,19,2,0.5,0.3306,0.6612,1.6330907698199923,0.0
PROGRESS,2,-0.75,,20,71,0.4084507042253521,0.006445070422535233,0.45760000000000156,1.0115483232722935,-7.9216
PROGRESS,2,-0.75,,21,1,0.0,-1.0444,-1.0444,0.0,0.0
PROGRESS,2,-0.75,,22,17,0.29411764705882354,-0.21263529411764703,-3.6147999999999993,0.6846494748229055,-6.642799999999999
PROGRESS,3,0.0,,1,43,0.23255813953488372,-0.048120930232558104,-2.0691999999999986,0.8341349236885983,-3.1452
PROGRESS,3,0.0,,2,1,0.0,-0.23439999999999997,-0.23439999999999997,0.0,0.0
PROGRESS,3,0.0,,3,38,0.18421052631578946,-0.13518947368421053,-5.1372,0.6313825665164605,-4.8999999999999995
PROGRESS,3,0.0,,4,1,0.0,-0.3644,-0.3644,0.0,0.0
PROGRESS,3,0.0,,5,43,0.2558139534883721,-0.02719069767441859,-1.1691999999999994,0.8978935969539248,-5.6912
PROGRESS,3,0.0,,6,69,0.34782608695652173,0.09313623188405798,6.4264,1.3867132025514504,-5.5779999999999985
PROGRESS,3,0.0,,7,3,0.3333333333333333,-0.20773333333333333,-0.6232,0.3066310636404095,-0.8988
PROGRESS,3,0.0,,8,6,0.6666666666666666,0.6189333333333332,3.7135999999999996,9.094158674803838,-0.1943999999999999
PROGRESS,3,0.0,,9,40,0.175,-0.23539999999999997,-9.415999999999999,0.4049996208578723,-13.3964
PROGRESS,3,0.0,,10,41,0.4146341463414634,0.22901463414634146,9.3896,1.8531656611179763,-2.5252000000000008
PROGRESS,3,0.0,,11,35,0.14285714285714285,-0.21868571428571423,-7.653999999999998,0.4245978048413772,-8.581199999999997
PROGRESS,3,0.0,,12,43,0.3023255813953488,-0.15928372093023252,-6.849199999999999,0.6686726006191952,-6.8431999999999995
PROGRESS,3,0.0,,13,1,0.0,-0.38439999999999996,-0.38439999999999996,0.0,0.0
PROGRESS,3,0.0,,14,44,0.4772727272727273,0.3158272727272728,13.896400000000002,2.001816713766653,-3.249599999999999
PROGRESS,3,0.0,,15,5,0.2,-0.20839999999999997,-1.0419999999999998,0.6207599359440967,-1.1088
PROGRESS,3,0.0,,16,8,0.625,0.43810000000000004,3.5048000000000004,2.987749546279492,-1.7632000000000003
PROGRESS,3,0.0,,17,5,0.6,0.7976,3.988,4.532955350815024,-1.0444
PROGRESS,3,0.0,,18,20,0.25,-0.021899999999999996,-0.4379999999999999,0.9361143523920655,-5.076
PROGRESS,3,0.0,,19,2,0.5,0.3506,0.7012,1.6981282357626444,0.0
PROGRESS,3,0.0,,20,71,0.30985915492957744,-0.022709859154929554,-1.6123999999999983,0.9532848914693648,-8.678799999999995
PROGRESS,3,0.0,,21,1,0.0,-0.0744,-0.0744,0.0,0.0
PROGRESS,3,0.0,,22,17,0.17647058823529413,-0.22028235294117646,-3.7447999999999997,0.5422900166226654,-4.096
PROGRESS,3,-0.25,,1,43,0.4186046511627907,0.09653023255813954,4.1508,1.2848867536032942,-3.3984000000000005
PROGRESS,3,-0.25,,2,1,0.0,-1.0444,-1.0444,0.0,0.0
PROGRESS,3,-0.25,,3,38,0.3157894736842105,-0.1538736842105263,-5.847199999999999,0.6669097206398397,-7.18
PROGRESS,3,-0.25,,4,1,0.0,-0.3644,-0.3644,0.0,0.0
PROGRESS,3,-0.25,,5,43,0.3953488372093023,0.042111627906976756,1.8108000000000004,1.1352918322823586,-5.8116
PROGRESS,3,-0.25,,6,69,0.4927536231884058,0.21081739130434782,14.5464,1.750046406104981,-4.526800000000003
PROGRESS,3,-0.25,,7,3,0.3333333333333333,-0.20773333333333333,-0.6232,0.3066310636404095,-0.8988
PROGRESS,3,-0.25,,8,6,0.6666666666666666,0.5189333333333334,3.1136,3.9406875708349074,-0.7944
PROGRESS,3,-0.25,,9,40,0.25,-0.2399,-9.596,0.5087036657792341,-12.656399999999998
PROGRESS,3,-0.25,,10,41,0.5121951219512195,0.28950243902439027,11.8696,2.021656050955414,-1.9488000000000003
PROGRESS,3,-0.25,,11,35,0.22857142857142856,-0.41354285714285705,-14.473999999999997,0.313664125033193,-15.290799999999997
PROGRESS,3,-0.25,,12,43,0.37209302325581395,-0.06788837209302327,-2.9192000000000005,0.8586261671380417,-4.6752
PROGRESS,3,-0.25,,13,1,0.0,-0.38439999999999996,-0.38439999999999996,0.0,0.0
PROGRESS,3,-0.25,,14,44,0.5454545454545454,0.40650909090909093,17.886400000000002,2.1925856780904125,-2.8119999999999976
PROGRESS,3,-0.25,,15,5,0.4,0.14560000000000003,0.7280000000000002,1.2713178294573644,-1.0444
PROGRESS,3,-0.25,,16,8,0.625,0.33935000000000004,2.7148000000000003,2.0632931223562587,-2.5531999999999995
PROGRESS,3,-0.25,,17,5,0.6,0.6516000000000001,3.2580000000000005,2.7527437056165267,-1.0444
PROGRESS,3,-0.25,,18,20,0.35,-0.12789999999999999,-2.558,0.7461596475211368,-7.296
PROGRESS,3,-0.25,,19,2,0.5,0.3506,0.7012,1.6981282357626444,0.0
PROGRESS,3,-0.25,,20,71,0.38028169014084506,0.03968450704225353,2.8176000000000005,1.077955710001217,-8.5316
PROGRESS,3,-0.25,,21,1,0.0,-1.0444,-1.0444,0.0,0.0
PROGRESS,3,-0.25,,22,17,0.17647058823529413,-0.26792941176470586,-4.554799999999999,0.49343832020997375,-4.905999999999999
PROGRESS,3,-0.5,,1,43,0.5348837209302325,0.19513488372093024,8.3908,1.671371419427108,-2.4975999999999985
PROGRESS,3,-0.5,,2,1,0.0,-1.0444,-1.0444,0.0,0.0
PROGRESS,3,-0.5,,3,38,0.3157894736842105,-0.23939999999999997,-9.097199999999999,0.5627271154178924,-9.139999999999999
PROGRESS,3,-0.5,,4,1,1.0,0.0456,0.0456,inf,0.0
PROGRESS,3,-0.5,,5,43,0.4186046511627907,0.03536744186046515,1.5208000000000015,1.09888166449935,-6.121600000000001
PROGRESS,3,-0.5,,6,69,0.5507246376811594,0.2098028985507246,14.476399999999996,1.6917768942579714,-4.339600000000001
PROGRESS,3,-0.5,,7,3,0.3333333333333333,-0.14106666666666665,-0.42319999999999997,0.3943903835145965,-0.6988
PROGRESS,3,-0.5,,8,6,0.6666666666666666,0.5189333333333334,3.1136,3.9406875708349074,-0.7944
PROGRESS,3,-0.5,,9,40,0.3,-0.22565,-9.026,0.5698463532730946,-12.086399999999998
PROGRESS,3,-0.5,,10,41,0.5365853658536586,0.33560000000000006,13.759600000000002,2.2034354883851104,-1.9488000000000003
PROGRESS,3,-0.5,,11,35,0.2571428571428571,-0.40611428571428565,-14.213999999999997,0.33468761116623924,-15.030799999999997
PROGRESS,3,-0.5,,12,43,0.4418604651162791,0.004669767441860475,0.20080000000000042,1.0089820894988282,-4.7552
PROGRESS,3,-0.5,,13,1,0.0,-1.0444,-1.0444,0.0,0.0
PROGRESS,3,-0.5,,14,44,0.5454545454545454,0.3296909090909091,14.506400000000001,1.7893350745456524,-3.1431999999999984
PROGRESS,3,-0.5,,15,5,0.4,0.14560000000000003,0.7280000000000002,1.2713178294573644,-1.0444
PROGRESS,3,-0.5,,16,8,0.625,0.2956,2.3648,1.8145494626618903,-2.9031999999999996
PROGRESS,3,-0.5,,17,5,0.6,0.6516000000000001,3.2580000000000005,2.7527437056165267,-1.0444
PROGRESS,3,-0.5,,18,20,0.35,-0.19590000000000002,-3.918,0.6574336376036093,-8.655999999999999
PROGRESS,3,-0.5,,19,2,0.5,0.3506,0.7012,1.6981282357626444,0.0
PROGRESS,3,-0.5,,20,71,0.4225352112676056,0.05588169014084511,3.967600000000003,1.1053240740740735,-5.6516
PROGRESS,3,-0.5,,21,1,0.0,-1.0444,-1.0444,0.0,0.0
PROGRESS,3,-0.5,,22,17,0.29411764705882354,-0.22263529411764707,-3.7848,0.6746441097586136,-6.7828
PROGRESS,3,-0.75,,1,43,0.5813953488372093,0.2560651162790698,11.010800000000001,1.9460100350539558,-2.777599999999998
PROGRESS,3,-0.75,,2,1,0.0,-1.0444,-1.0444,0.0,0.0
PROGRESS,3,-0.75,,3,38,0.34210526315789475,-0.2154526315789474,-8.1872,0.5966896551724139,-8.229999999999999
PROGRESS,3,-0.75,,4,1,1.0,0.0456,0.0456,inf,0.0
PROGRESS,3,-0.75,,5,43,0.4186046511627907,0.03118139534883723,1.3408000000000009,1.0861696658097688,-6.0524000000000004
PROGRESS,3,-0.75,,6,69,0.5652173913043478,0.18415072463768115,12.706399999999999,1.5570050850429602,-5.4496
PROGRESS,3,-0.75,,7,3,0.3333333333333333,-0.14106666666666665,-0.42319999999999997,0.3943903835145965,-0.6988
PROGRESS,3,-0.75,,8,6,0.6666666666666666,0.5189333333333334,3.1136,3.9406875708349074,-0.7944
PROGRESS,3,-0.75,,9,40,0.3,-0.2529,-10.116,0.54170668502981,-13.176399999999997
PROGRESS,3,-0.75,,10,41,0.5365853658536586,0.31291707317073175,12.829600000000003,2.037691287327316,-2.717599999999999
PROGRESS,3,-0.75,,11,35,0.2857142857142857,-0.3778285714285714,-13.223999999999998,0.368782816229117,-14.040799999999994
PROGRESS,3,-0.75,,12,43,0.4883720930232558,0.03885581395348842,1.670800000000002,1.0756469927739645,-4.8452
PROGRESS,3,-0.75,,13,1,0.0,-1.0444,-1.0444,0.0,0.0
PROGRESS,3,-0.75,,14,44,0.5681818181818182,0.3353727272727273,14.756400000000003,1.8084103957575492,-3.1431999999999984
PROGRESS,3,-0.75,,15,5,0.4,0.055600000000000004,0.278,1.088727179879995,-1.0444
PROGRESS,3,-0.75,,16,8,0.625,0.2956,2.3648,1.8145494626618903,-2.9031999999999996
PROGRESS,3,-0.75,,17,5,0.6,0.6516000000000001,3.2580000000000005,2.7527437056165267,-1.0444
PROGRESS,3,-0.75,,18,20,0.35,-0.2354,-4.708,0.6149568175870191,-9.446
PROGRESS,3,-0.75,,19,2,0.5,0.3506,0.7012,1.6981282357626444,0.0
PROGRESS,3,-0.75,,20,71,0.4225352112676056,0.03376901408450707,2.397600000000002,1.0611002945943462,-5.5916
PROGRESS,3,-0.75,,21,1,0.0,-1.0444,-1.0444,0.0,0.0
PROGRESS,3,-0.75,,22,17,0.29411764705882354,-0.23910588235294117,-4.0648,0.6587871868914109,-6.7828
PROGRESS,5,0.0,,1,43,0.32558139534883723,0.0372279069767442,1.6008000000000004,1.1226892302032558,-2.4631999999999996
PROGRESS,5,0.0,,2,1,0.0,-0.4144,-0.4144,0.0,0.0
PROGRESS,5,0.0,,3,38,0.2631578947368421,-0.1222947368421052,-4.647199999999998,0.7085152290631743,-6.851599999999998
PROGRESS,5,0.0,,4,1,0.0,-0.5044,-0.5044,0.0,0.0
PROGRESS,5,0.0,,5,43,0.3023255813953488,-0.08370232558139534,-3.5991999999999997,0.7866761498340448,-7.2912
PROGRESS,5,0.0,,6,69,0.37681159420289856,0.10023768115942029,6.9164,1.350922411868569,-6.537999999999997
PROGRESS,5,0.0,,7,3,0.3333333333333333,-0.07439999999999998,-0.22319999999999993,0.5525260625501204,-0.4987999999999999
PROGRESS,5,0.0,,8,6,0.6666666666666666,0.5739333333333333,3.4436,5.7250274423710215,-0.4643999999999999
PROGRESS,5,0.0,,9,40,0.175,-0.25115,-10.046,0.39899014071025174,-11.5064
PROGRESS,5,0.0,,10,41,0.3902439024390244,0.0909658536585366,3.7296000000000005,1.2526829268292683,-3.361999999999999
PROGRESS,5,0.0,,11,35,0.17142857142857143,-0.26897142857142853,-9.413999999999998,0.3866141937501628,-10.600800000000001
PROGRESS,5,0.0,,12,43,0.3023255813953488,-0.13974883720930228,-6.009199999999998,0.717107616985218,-6.063200000000001
PROGRESS,5,0.0,,13,1,0.0,-1.4444,-1.4444,0.0,0.0
PROGRESS,5,0.0,,14,44,0.4090909090909091,0.20764545454545458,9.136400000000002,1.5954224342431116,-3.705199999999998
PROGRESS,5,0.0,,15,5,0.2,-0.2364,-1.182,0.5906635268042665,-1.0444
PROGRESS,5,0.0,,16,8,0.5,0.5718500000000001,4.574800000000001,8.175031367628607,-0.5931999999999995
PROGRESS,5,0.0,,17,5,0.6,0.6516000000000001,3.2580000000000005,2.7527437056165267,-1.0444
PROGRESS,5,0.0,,18,20,0.25,-0.06889999999999995,-1.377999999999999,0.8445747800586512,-5.666
PROGRESS,5,0.0,,19,2,0.5,-0.11939999999999995,-0.2387999999999999,0.87718576424604,0.0
PROGRESS,5,0.0,,20,71,0.3380281690140845,0.08405070422535213,5.967600000000001,1.2060151621856745,-3.7640000000000002
PROGRESS,5,0.0,,21,1,0.0,-1.0444,-1.0444,0.0,0.0
PROGRESS,5,0.0,,22,17,0.23529411764705882,-0.3296941176470588,-5.6048,0.5228820484881503,-7.321599999999999
PROGRESS,5,-0.25,,1,43,0.4186046511627907,0.08280930232558141,3.5608000000000004,1.2507605633802816,-2.4631999999999996
PROGRESS,5,-0.25,,2,1,0.0,-0.4144,-0.4144,0.0,0.0
PROGRESS,5,-0.25,,3,38,0.2894736842105263,-0.14071578947368416,-5.347199999999998,0.6801684331411345,-7.039999999999999
PROGRESS,5,-0.25,,4,1,0.0,-0.5044,-0.5044,0.0,0.0
PROGRESS,5,-0.25,,5,43,0.3488372093023256,-0.055562790697674426,-2.3892,0.8684593023255813,-8.9412
PROGRESS,5,-0.25,,6,69,0.4782608695652174,0.16864347826086956,11.6364,1.577534692581049,-5.408000000000001
PROGRESS,5,-0.25,,7,3,0.3333333333333333,-0.14106666666666665,-0.42319999999999997,0.3943903835145965,-0.6988
PROGRESS,5,-0.25,,8,6,0.6666666666666666,0.5739333333333333,3.4436,5.7250274423710215,-0.4643999999999999
PROGRESS,5,-0.25,,9,40,0.2,-0.3124,-12.496,0.3585479035768551,-14.326400000000001
PROGRESS,5,-0.25,,10,41,0.4634146341463415,0.16999024390243905,6.969600000000002,1.477147629871019,-3.2703999999999995
PROGRESS,5,-0.25,,11,35,0.2,-0.3929714285714285,-13.753999999999998,0.30686582809224316,-15.270799999999998
PROGRESS,5,-0.25,,12,43,0.3953488372093023,-0.04114418604651163,-1.7692,0.9207503897081222,-5.0052
PROGRESS,5,-0.25,,13,1,0.0,-1.4444,-1.4444,0.0,0.0
PROGRESS,5,-0.25,,14,44,0.5,0.33446363636363635,14.7164,1.938737497448459,-3.420799999999998
PROGRESS,5,-0.25,,15,5,0.4,0.15960000000000002,0.7980000000000002,1.3053727230981174,-1.0444
PROGRESS,5,-0.25,,16,8,0.625,0.3581,2.8648,2.1920772303595206,-2.4031999999999996
PROGRESS,5,-0.25,,17,5,0.6,0.6516000000000001,3.2580000000000005,2.7527437056165267,-1.0444
PROGRESS,5,-0.25,,18,20,0.3,-0.14040000000000002,-2.8080000000000007,0.7279491551697412,-7.216
PROGRESS,5,-0.25,,19,2,0.5,-0.11939999999999995,-0.2387999999999999,0.87718576424604,0.0
PROGRESS,5,-0.25,,20,71,0.39436619718309857,0.06658591549295777,4.727600000000002,1.132428737898888,-4.590799999999998
PROGRESS,5,-0.25,,21,1,0.0,-1.0444,-1.0444,0.0,0.0
PROGRESS,5,-0.25,,22,17,0.29411764705882354,-0.22087058823529412,-3.7548,0.6763884579584238,-6.1728
PROGRESS,5,-0.5,,1,43,0.5116279069767442,0.1909488372093024,8.210800000000003,1.6005383107574382,-2.777599999999998
PROGRESS,5,-0.5,,2,1,0.0,-1.0444,-1.0444,0.0,0.0
PROGRESS,5,-0.5,,3,38,0.34210526315789475,-0.2236105263157895,-8.497200000000001,0.5877147016011645,-8.479999999999999
PROGRESS,5,-0.5,,4,1,1.0,0.0456,0.0456,inf,0.0
PROGRESS,5,-0.5,,5,43,0.3953488372093023,-0.0541674418604651,-2.3291999999999993,0.8774389088842586,-7.692399999999999
PROGRESS,5,-0.5,,6,69,0.5652173913043478,0.2250202898550725,15.526400000000002,1.776630652260905,-4.6508
PROGRESS,5,-0.5,,7,3,0.3333333333333333,-0.14106666666666665,-0.42319999999999997,0.3943903835145965,-0.6988
PROGRESS,5,-0.5,,8,6,0.6666666666666666,0.5189333333333334,3.1136,3.9406875708349074,-0.7944
PROGRESS,5,-0.5,,9,40,0.275,-0.28514999999999996,-11.405999999999999,0.47334884751773043,-15.196399999999999
PROGRESS,5,-0.5,,10,41,0.4878048780487805,0.18779512195121956,7.699600000000002,1.5432813073297396,-2.9352
PROGRESS,5,-0.5,,11,35,0.2571428571428571,-0.4172571428571428,-14.604,0.3299196123774915,-15.420799999999996
PROGRESS,5,-0.5,,12,43,0.4418604651162791,-0.0057953488372093015,-0.24919999999999998,0.9887217364543166,-4.4808
PROGRESS,5,-0.5,,13,1,0.0,-1.4444,-1.4444,0.0,0.0
PROGRESS,5,-0.5,,14,44,0.5454545454545454,0.3349181818181819,14.736400000000003,1.812012342957902,-2.9819999999999975
PROGRESS,5,-0.5,,15,5,0.4,0.15960000000000002,0.7980000000000002,1.3053727230981174,-1.0444
PROGRESS,5,-0.5,,16,8,0.625,0.2956,2.3648,1.8145494626618903,-2.9031999999999996
PROGRESS,5,-0.5,,17,5,0.6,0.6516000000000001,3.2580000000000005,2.7527437056165267,-1.0444
PROGRESS,5,-0.5,,18,20,0.35,-0.2484,-4.968,0.6021526042667692,-9.706
PROGRESS,5,-0.5,,19,2,0.5,-0.11939999999999995,-0.2387999999999999,0.87718576424604,0.0
PROGRESS,5,-0.5,,20,71,0.4084507042253521,0.017008450704225367,1.2076000000000011,1.030330429890392,-6.078799999999999
PROGRESS,5,-0.5,,21,1,0.0,-1.0444,-1.0444,0.0,0.0
PROGRESS,5,-0.5,,22,17,0.29411764705882354,-0.22087058823529412,-3.7548,0.6763884579584238,-6.1728
PROGRESS,5,-0.75,,1,43,0.5581395348837209,0.23862325581395352,10.260800000000001,1.8394253738669464,-2.777599999999998
PROGRESS,5,-0.75,,2,1,0.0,-1.0444,-1.0444,0.0,0.0
PROGRESS,5,-0.75,,3,38,0.34210526315789475,-0.2425578947368421,-9.2172,0.5678762306610409,-8.78
PROGRESS,5,-0.75,,4,1,1.0,0.0456,0.0456,inf,0.0
PROGRESS,5,-0.75,,5,43,0.4186046511627907,-0.028353488372093016,-1.2191999999999996,0.9327152317880795,-6.5824
PROGRESS,5,-0.75,,6,69,0.5652173913043478,0.18168695652173913,12.5364,1.5454877730397707,-5.439599999999999
PROGRESS,5,-0.75,,7,3,0.3333333333333333,-0.14106666666666665,-0.42319999999999997,0.3943903835145965,-0.6988
PROGRESS,5,-0.75,,8,6,0.6666666666666666,0.5189333333333334,3.1136,3.9406875708349074,-0.7944
PROGRESS,5,-0.75,,9,40,0.3,-0.25715,-10.286,0.5375665371888937,-13.346399999999996
PROGRESS,5,-0.75,,10,41,0.5365853658536586,0.29486829268292686,12.0896,1.92261668549101,-2.9351999999999987
PROGRESS,5,-0.75,,11,35,0.2857142857142857,-0.38754285714285713,-13.564,0.36289337717238146,-14.380799999999995
PROGRESS,5,-0.75,,12,43,0.4883720930232558,0.048623255813953506,2.0908000000000007,1.0964978677054293,-4.9608
PROGRESS,5,-0.75,,13,1,0.0,-1.4444,-1.4444,0.0,0.0
PROGRESS,5,-0.75,,14,44,0.5454545454545454,0.3042363636363637,13.386400000000002,1.6865524669196843,-3.0732
PROGRESS,5,-0.75,,15,5,0.4,0.09160000000000004,0.4580000000000002,1.1550860083976704,-1.0444
PROGRESS,5,-0.75,,16,8,0.625,0.2956,2.3648,1.8145494626618903,-2.9031999999999996
PROGRESS,5,-0.75,,17,5,0.6,0.6516000000000001,3.2580000000000005,2.7527437056165267,-1.0444
PROGRESS,5,-0.75,,18,20,0.35,-0.2709,-5.417999999999999,0.5812076801780912,-10.155999999999999
PROGRESS,5,-0.75,,19,2,0.5,-0.11939999999999995,-0.2387999999999999,0.87718576424604,0.0
PROGRESS,5,-0.75,,20,71,0.4084507042253521,0.002923943661971839,0.20760000000000056,1.0050863902309939,-6.5588
PROGRESS,5,-0.75,,21,1,0.0,-1.0444,-1.0444,0.0,0.0
PROGRESS,5,-0.75,,22,17,0.29411764705882354,-0.30204705882352945,-5.1348,0.6044920972363435,-7.552799999999999
PROGRESS,8,0.0,,1,43,0.3488372093023256,0.1358325581395349,5.840800000000001,1.525573192239859,-4.1628
PROGRESS,8,0.0,,2,1,0.0,-1.0444,-1.0444,0.0,0.0
PROGRESS,8,0.0,,3,38,0.2894736842105263,-0.1370315789473684,-5.207199999999999,0.689470922188827,-6.6099999999999985
PROGRESS,8,0.0,,4,1,1.0,0.0456,0.0456,inf,0.0
PROGRESS,8,0.0,,5,43,0.37209302325581395,-0.02788837209302324,-1.1991999999999994,0.9297842939784996,-4.709199999999999
PROGRESS,8,0.0,,6,69,0.42028985507246375,0.08893333333333335,6.136400000000001,1.2853343253045661,-7.869199999999999
PROGRESS,8,0.0,,7,3,0.0,-0.3044,-0.9132,0.0,-0.7188
PROGRESS,8,0.0,,8,6,0.5,0.24726666666666666,1.4836,2.508950366151343,-0.6244
PROGRESS,8,0.0,,9,40,0.225,-0.30365000000000003,-12.146,0.40391825837733847,-15.2864
PROGRESS,8,0.0,,10,41,0.4634146341463415,0.2143804878048781,8.789600000000002,1.5964388469681343,-4.1576
PROGRESS,8,0.0,,11,35,0.2,-0.24411428571428562,-8.543999999999997,0.4161222425716864,-10.0908
PROGRESS,8,0.0,,12,43,0.3953488372093023,-0.006725581395348858,-0.2892000000000009,0.9863161480808539,-5.635199999999999
PROGRESS,8,0.0,,13,1,0.0,-1.7644,-1.7644,0.0,0.0
PROGRESS,8,0.0,,14,44,0.4318181818181818,0.2637818181818182,11.6064,1.6879905157083583,-3.7515999999999963
PROGRESS,8,0.0,,15,5,0.2,-0.3584,-1.792,0.48764867337602924,-1.6688
PROGRESS,8,0.0,,16,8,0.625,0.56185,4.4948,6.813243662700466,-0.773200000000001
PROGRESS,8,0.0,,17,5,0.4,0.5096,2.548,3.9518072289156634,-0.8632
PROGRESS,8,0.0,,18,20,0.25,-0.008899999999999958,-0.17799999999999916,0.9730955259975816,-4.526
PROGRESS,8,0.0,,19,2,0.5,0.09560000000000002,0.19120000000000004,1.1262546222926573,0.0
PROGRESS,8,0.0,,20,71,0.36619718309859156,0.007853521126760549,0.557599999999999,1.015173614890606,-6.915599999999998
PROGRESS,8,0.0,,21,1,0.0,-1.0444,-1.0444,0.0,0.0
PROGRESS,8,0.0,,22,17,0.29411764705882354,-0.1591058823529411,-2.7047999999999988,0.7436888787809869,-6.0527999999999995
PROGRESS,8,-0.25,,1,43,0.4418604651162791,0.15792558139534885,6.790800000000001,1.4980198891137904,-3.812800000000003
PROGRESS,8,-0.25,,2,1,0.0,-1.0444,-1.0444,0.0,0.0
PROGRESS,8,-0.25,,3,38,0.2894736842105263,-0.18887368421052628,-7.177199999999998,0.6169872136956476,-7.619999999999997
PROGRESS,8,-0.25,,4,1,1.0,0.0456,0.0456,inf,0.0
PROGRESS,8,-0.25,,5,43,0.37209302325581395,-0.0671906976744186,-2.8891999999999998,0.8460636801500361,-5.5692
PROGRESS,8,-0.25,,6,69,0.5072463768115942,0.1319768115942029,9.1064,1.4052764624203369,-6.3039999999999985
PROGRESS,8,-0.25,,7,3,0.3333333333333333,-0.1877333333333333,-0.5631999999999999,0.3285646161182642,-0.8388
PROGRESS,8,-0.25,,8,6,0.6666666666666666,0.5472666666666667,3.2836,4.694419441944195,-0.6244000000000001
PROGRESS,8,-0.25,,9,40,0.225,-0.35264999999999996,-14.105999999999998,0.3684747765978403,-17.2464
PROGRESS,8,-0.25,,10,41,0.5365853658536586,0.26438048780487805,10.8396,1.7551833686322595,-4.3176
PROGRESS,8,-0.25,,11,35,0.2571428571428571,-0.33068571428571425,-11.573999999999998,0.38187605477345077,-13.120800000000001
PROGRESS,8,-0.25,,12,43,0.4186046511627907,0.0016465116279069658,0.07079999999999953,1.0032521819016995,-5.635199999999999
PROGRESS,8,-0.25,,13,1,0.0,-1.7644,-1.7644,0.0,0.0
PROGRESS,8,-0.25,,14,44,0.5,0.2694636363636364,11.8564,1.6267656263215766,-3.7476000000000003
PROGRESS,8,-0.25,,15,5,0.4,0.007600000000000007,0.038000000000000034,1.0112652674018736,-1.5444
PROGRESS,8,-0.25,,16,8,0.625,0.3681,2.9448,2.2675619834710745,-2.3232000000000004
PROGRESS,8,-0.25,,17,5,0.6,0.7156000000000001,3.5780000000000007,3.325188458539121,-1.0444
PROGRESS,8,-0.25,,18,20,0.3,-0.10289999999999999,-2.058,0.7849889255714824,-6.406000000000001
PROGRESS,8,-0.25,,19,2,0.5,0.09560000000000002,0.19120000000000004,1.1262546222926573,0.0
PROGRESS,8,-0.25,,20,71,0.4084507042253521,0.031233802816901416,2.2176000000000005,1.0571181306793591,-7.085999999999997
PROGRESS,8,-0.25,,21,1,0.0,-1.0444,-1.0444,0.0,0.0
PROGRESS,8,-0.25,,22,17,0.29411764705882354,-0.1449882352941176,-2.4647999999999994,0.7609960437514545,-5.812799999999999
PROGRESS,8,-0.5,,1,43,0.5581395348837209,0.2462976744186047,10.590800000000002,1.8786420654410305,-2.3175999999999988
PROGRESS,8,-0.5,,2,1,0.0,-1.0444,-1.0444,0.0,0.0
PROGRESS,8,-0.5,,3,38,0.3157894736842105,-0.22861052631578946,-8.687199999999999,0.5725728680797466,-8.609999999999998
PROGRESS,8,-0.5,,4,1,1.0,0.0456,0.0456,inf,0.0
PROGRESS,8,-0.5,,5,43,0.4186046511627907,-0.04207441860465112,-1.8091999999999984,0.9033030464991982,-5.8116
PROGRESS,8,-0.5,,6,69,0.5217391304347826,0.13574492753623185,9.366399999999999,1.3916504984277782,-6.482399999999998
PROGRESS,8,-0.5,,7,3,0.3333333333333333,-0.1877333333333333,-0.5631999999999999,0.3285646161182642,-0.8388
PROGRESS,8,-0.5,,8,6,0.6666666666666666,0.5472666666666667,3.2836,4.694419441944195,-0.6244000000000001
PROGRESS,8,-0.5,,9,40,0.275,-0.2859,-11.436,0.47269407403308805,-14.5764
PROGRESS,8,-0.5,,10,41,0.5365853658536586,0.2585268292682927,10.5996,1.7263183861418705,-4.3176
PROGRESS,8,-0.5,,11,35,0.2857142857142857,-0.36354285714285706,-12.723999999999997,0.377799511002445,-13.540799999999997
PROGRESS,8,-0.5,,12,43,0.4418604651162791,-0.05137674418604649,-2.209199999999999,0.9132476752953,-6.855199999999999
PROGRESS,8,-0.5,,13,1,0.0,-1.7644,-1.7644,0.0,0.0
PROGRESS,8,-0.5,,14,44,0.5681818181818182,0.33923636363636367,14.926400000000001,1.8254108695171314,-3.5619999999999976
PROGRESS,8,-0.5,,15,5,0.4,0.007600000000000007,0.038000000000000034,1.0112652674018736,-1.5444
PROGRESS,8,-0.5,,16,8,0.625,0.2956,2.3648,1.8145494626618903,-2.9031999999999996
PROGRESS,8,-0.5,,17,5,0.6,0.6516000000000001,3.2580000000000005,2.7527437056165267,-1.0444
PROGRESS,8,-0.5,,18,20,0.35,-0.1799,-3.5980000000000003,0.6763573561688195,-8.336
PROGRESS,8,-0.5,,19,2,0.5,0.09560000000000002,0.19120000000000004,1.1262546222926573,0.0
PROGRESS,8,-0.5,,20,71,0.4084507042253521,-0.014681690140845086,-1.042400000000001,0.975230962247652,-7.086
PROGRESS,8,-0.5,,21,1,0.0,-1.0444,-1.0444,0.0,0.0
PROGRESS,8,-0.5,,22,17,0.29411764705882354,-0.18145882352941173,-3.0847999999999995,0.7178398946290062,-5.812799999999999
PROGRESS,8,-0.75,,1,43,0.5813953488372093,0.2528093023255814,10.870800000000001,1.922881010594947,-2.727599999999999
PROGRESS,8,-0.75,,2,1,0.0,-1.0444,-1.0444,0.0,0.0
PROGRESS,8,-0.75,,3,38,0.34210526315789475,-0.22282105263157895,-8.4672,0.5885714285714286,-8.069999999999999
PROGRESS,8,-0.75,,4,1,1.0,0.0456,0.0456,inf,0.0
PROGRESS,8,-0.75,,5,43,0.4186046511627907,-0.06323720930232554,-2.7191999999999985,0.8614067278287462,-6.281599999999999
PROGRESS,8,-0.75,,6,69,0.5507246376811594,0.14328115942028982,9.886399999999998,1.4132004814765282,-7.2424
PROGRESS,8,-0.75,,7,3,0.3333333333333333,-0.14106666666666665,-0.42319999999999997,0.3943903835145965,-0.6988
PROGRESS,8,-0.75,,8,6,0.6666666666666666,0.5189333333333334,3.1136,3.9406875708349074,-0.7944
PROGRESS,8,-0.75,,9,40,0.3,-0.27515,-11.006,0.5207113991081382,-14.236399999999998
PROGRESS,8,-0.75,,10,41,0.5365853658536586,0.2629170731707317,10.7796,1.7478770050507852,-4.3176
PROGRESS,8,-0.75,,11,35,0.2857142857142857,-0.39154285714285714,-13.703999999999999,0.3605226318245451,-14.520799999999996
PROGRESS,8,-0.75,,12,43,0.4883720930232558,-0.01114418604651159,-0.4791999999999984,0.9802284129918142,-5.8852
PROGRESS,8,-0.75,,13,1,0.0,-1.7644,-1.7644,0.0,0.0
PROGRESS,8,-0.75,,14,44,0.5681818181818182,0.30537272727272735,13.436400000000003,1.6864552254056484,-3.5619999999999976
PROGRESS,8,-0.75,,15,5,0.4,-0.08639999999999999,-0.43199999999999994,0.88759367194005,-1.5444
PROGRESS,8,-0.75,,16,8,0.625,0.2956,2.3648,1.8145494626618903,-2.9031999999999996
PROGRESS,8,-0.75,,17,5,0.6,0.6516000000000001,3.2580000000000005,2.7527437056165267,-1.0444
PROGRESS,8,-0.75,,18,20,0.35,-0.2414,-4.828,0.6089801736426073,-9.565999999999999
PROGRESS,8,-0.75,,19,2,0.5,0.09560000000000002,0.19120000000000004,1.1262546222926573,0.0
PROGRESS,8,-0.75,,20,71,0.4225352112676056,-0.017357746478873247,-1.2324000000000006,0.9712528924386054,-7.756
PROGRESS,8,-0.75,,21,1,0.0,-1.0444,-1.0444,0.0,0.0
PROGRESS,8,-0.75,,22,17,0.29411764705882354,-0.2773411764705882,-4.714799999999999,0.6247014996656797,-7.4428
PROGRESS,10,0.0,,1,43,0.4418604651162791,0.1939720930232558,8.3408,1.7436784478761722,-3.022800000000002
PROGRESS,10,0.0,,2,1,0.0,-0.25439999999999996,-0.25439999999999996,0.0,0.0
PROGRESS,10,0.0,,3,38,0.3157894736842105,-0.11045263157894736,-4.1972,0.7414625733011386,-6.1616
PROGRESS,10,0.0,,4,1,1.0,0.0456,0.0456,inf,0.0
PROGRESS,10,0.0,,5,43,0.3488372093023256,-0.05742325581395345,-2.4691999999999985,0.8607583515665533,-6.611199999999999
PROGRESS,10,0.0,,6,69,0.42028985507246375,0.11864347826086954,8.186399999999999,1.3761095286226224,-5.506800000000004
PROGRESS,10,0.0,,7,3,0.3333333333333333,-0.26439999999999997,-0.7931999999999999,0.2578592814371258,-1.0688
PROGRESS,10,0.0,,8,6,0.6666666666666666,0.5789333333333332,3.4735999999999994,5.970807097882084,-0.4344000000000001
PROGRESS,10,0.0,,9,40,0.275,-0.2649,-10.596,0.527756979356081,-13.366399999999999
PROGRESS,10,0.0,,10,41,0.4634146341463415,0.16486829268292685,6.759600000000001,1.463405270518551,-5.2052
PROGRESS,10,0.0,,11,35,0.17142857142857143,-0.3504,-12.264,0.32606497560117825,-13.120799999999997
PROGRESS,10,0.0,,12,43,0.3488372093023256,-0.0057953488372093406,-0.24920000000000164,0.988021073680972,-5.5008
PROGRESS,10,0.0,,13,1,0.0,-0.23439999999999997,-0.23439999999999997,0.0,0.0
PROGRESS,10,0.0,,14,44,0.45454545454545453,0.18537272727272727,8.1564,1.416448819540887,-4.000799999999996
PROGRESS,10,0.0,,15,5,0.2,-0.36839999999999995,-1.8419999999999999,0.48077573570864807,-1.3744
PROGRESS,10,0.0,,16,8,0.375,0.2956,2.3648,3.145916515426497,-1.1019999999999999
PROGRESS,10,0.0,,17,5,0.6,0.7676,3.8379999999999996,4.001251172974664,-0.8443999999999998
PROGRESS,10,0.0,,18,20,0.3,-0.11239999999999999,-2.2479999999999998,0.7697098836256351,-6.905999999999999
PROGRESS,10,0.0,,19,2,0.5,-0.3293999999999999,-0.6587999999999998,0.7213669429876503,0.0
PROGRESS,10,0.0,,20,71,0.36619718309859156,-0.012005633802816868,-0.8523999999999976,0.9776495883370916,-7.7059999999999995
PROGRESS,10,0.0,,21,1,0.0,-1.0444,-1.0444,0.0,0.0
PROGRESS,10,0.0,,22,17,0.23529411764705882,-0.2949882352941176,-5.014799999999999,0.5505323916394793,-5.402
PROGRESS,10,-0.25,,1,43,0.4883720930232558,0.2128093023255814,9.1508,1.76023527847933,-2.6576000000000004
PROGRESS,10,-0.25,,2,1,0.0,-1.0444,-1.0444,0.0,0.0
PROGRESS,10,-0.25,,3,38,0.34210526315789475,-0.15018947368421054,-5.7072,0.6797306397306399,-6.541599999999999
PROGRESS,10,-0.25,,4,1,1.0,0.0456,0.0456,inf,0.0
PROGRESS,10,-0.25,,5,43,0.4186046511627907,-0.013237209302325553,-0.5691999999999988,0.9674184315970238,-5.639200000000001
PROGRESS,10,-0.25,,6,69,0.5217391304347826,0.17936811594202895,12.376399999999997,1.5501795938689142,-4.834
PROGRESS,10,-0.25,,7,3,0.3333333333333333,-0.26439999999999997,-0.7931999999999999,0.2578592814371258,-1.0688
PROGRESS,10,-0.25,,8,6,0.6666666666666666,0.5789333333333332,3.4735999999999994,5.970807097882084,-0.4344000000000001
PROGRESS,10,-0.25,,9,40,0.3,-0.28664999999999996,-11.466,0.5104853307831552,-14.186399999999999
PROGRESS,10,-0.25,,10,41,0.5121951219512195,0.2238926829268293,9.1796,1.6415711490075482,-4.2376000000000005
PROGRESS,10,-0.25,,11,35,0.22857142857142856,-0.33811428571428565,-11.833999999999998,0.37315931097315513,-12.690799999999996
PROGRESS,10,-0.25,,12,43,0.4186046511627907,0.006530232558139533,0.28079999999999994,1.0126315789473683,-5.5008
PROGRESS,10,-0.25,,13,1,0.0,-1.0444,-1.0444,0.0,0.0
PROGRESS,10,-0.25,,14,44,0.5,0.23469090909090912,10.326400000000001,1.5326510821796275,-3.001999999999999
PROGRESS,10,-0.25,,15,5,0.2,-0.36839999999999995,-1.8419999999999999,0.48077573570864807,-1.3744
PROGRESS,10,-0.25,,16,8,0.5,0.11685000000000004,0.9348000000000003,1.3557619120109605,-2.6276
PROGRESS,10,-0.25,,17,5,0.6,0.7676,3.8379999999999996,4.001251172974664,-0.8443999999999998
PROGRESS,10,-0.25,,18,20,0.35,-0.14789999999999998,-2.9579999999999997,0.7176726606345206,-7.696
PROGRESS,10,-0.25,,19,2,0.5,-0.3293999999999999,-0.6587999999999998,0.7213669429876503,0.0
PROGRESS,10,-0.25,,20,71,0.38028169014084506,-0.04228732394366192,-3.002399999999996,0.9260740244647111,-9.456
PROGRESS,10,-0.25,,21,1,0.0,-1.0444,-1.0444,0.0,0.0
PROGRESS,10,-0.25,,22,17,0.23529411764705882,-0.34263529411764704,-5.8248,0.5132696035831271,-6.1928
PROGRESS,10,-0.5,,1,43,0.5581395348837209,0.23839069767441864,10.250800000000002,1.8304546485628181,-2.4875999999999987
PROGRESS,10,-0.5,,2,1,0.0,-1.0444,-1.0444,0.0,0.0
PROGRESS,10,-0.5,,3,38,0.34210526315789475,-0.23203157894736837,-8.817199999999998,0.5787290969899667,-8.33
PROGRESS,10,-0.5,,4,1,1.0,0.0456,0.0456,inf,0.0
PROGRESS,10,-0.5,,5,43,0.4186046511627907,-0.039981395348837157,-1.7191999999999976,0.907669172932331,-6.4792000000000005
PROGRESS,10,-0.5,,6,69,0.5362318840579711,0.17502028985507243,12.076399999999998,1.51828263407265,-5.0196000000000005
PROGRESS,10,-0.5,,7,3,0.3333333333333333,-0.26439999999999997,-0.7931999999999999,0.2578592814371258,-1.0688
PROGRESS,10,-0.5,,8,6,0.6666666666666666,0.5189333333333334,3.1136,3.9406875708349074,-0.7944
PROGRESS,10,-0.5,,9,40,0.3,-0.30165,-12.065999999999999,0.4977355223284159,-14.7864
PROGRESS,10,-0.5,,10,41,0.5365853658536586,0.25413658536585365,10.419599999999999,1.7052851031569827,-4.2376000000000005
PROGRESS,10,-0.5,,11,35,0.2857142857142857,-0.4321142857142857,-15.123999999999999,0.3381181619256018,-15.940799999999998
PROGRESS,10,-0.5,,12,43,0.4883720930232558,0.013041860465116267,0.5607999999999995,1.0241757483790868,-5.5008
PROGRESS,10,-0.5,,13,1,0.0,-1.0444,-1.0444,0.0,0.0
PROGRESS,10,-0.5,,14,44,0.5227272727272727,0.23378181818181823,10.286400000000002,1.4923512856349679,-3.711999999999998
PROGRESS,10,-0.5,,15,5,0.4,0.06560000000000002,0.32800000000000007,1.1063829787234043,-1.3744
PROGRESS,10,-0.5,,16,8,0.625,0.2956,2.3648,1.8145494626618903,-2.9031999999999996
PROGRESS,10,-0.5,,17,5,0.6,0.6916000000000001,3.4580000000000006,3.084639498432602,-0.8443999999999998
PROGRESS,10,-0.5,,18,20,0.35,-0.16489999999999996,-3.297999999999999,0.6951151869245276,-8.036
PROGRESS,10,-0.5,,19,2,0.5,-0.3293999999999999,-0.6587999999999998,0.7213669429876503,0.0
PROGRESS,10,-0.5,,20,71,0.4084507042253521,-0.0744,-5.2824,0.8831709971071416,-8.1372
PROGRESS,10,-0.5,,21,1,0.0,-1.0444,-1.0444,0.0,0.0
PROGRESS,10,-0.5,,22,17,0.29411764705882354,-0.29204705882352944,-4.9648,0.6125124875124875,-7.332799999999999
PROGRESS,10,-0.75,,1,43,0.5813953488372093,0.2507162790697675,10.780800000000003,1.9083004751794561,-2.767599999999998
PROGRESS,10,-0.75,,2,1,0.0,-1.0444,-1.0444,0.0,0.0
PROGRESS,10,-0.75,,3,38,0.34210526315789475,-0.2430842105263158,-9.2372,0.5673442622950821,-8.75
PROGRESS,10,-0.75,,4,1,1.0,0.0456,0.0456,inf,0.0
PROGRESS,10,-0.75,,5,43,0.4186046511627907,-0.0739348837209302,-3.1791999999999985,0.8416733067729083,-7.039199999999999
PROGRESS,10,-0.75,,6,69,0.5507246376811594,0.16748405797101446,11.556399999999996,1.482796076268779,-5.939599999999999
PROGRESS,10,-0.75,,7,3,0.3333333333333333,-0.26439999999999997,-0.7931999999999999,0.2578592814371258,-1.0688
PROGRESS,10,-0.75,,8,6,0.6666666666666666,0.5189333333333334,3.1136,3.9406875708349074,-0.7944
PROGRESS,10,-0.75,,9,40,0.3,-0.30165,-12.065999999999999,0.4977355223284159,-14.8964
PROGRESS,10,-0.75,,10,41,0.5365853658536586,0.2475512195121951,10.1496,1.6746789332340661,-4.2376000000000005
PROGRESS,10,-0.75,,11,35,0.2857142857142857,-0.4372571428571428,-15.303999999999998,0.3354754667824577,-16.120799999999996
PROGRESS,10,-0.75,,12,43,0.4883720930232558,-0.011841860465116294,-0.5092000000000007,0.9790165988098967,-6.2308
PROGRESS,10,-0.75,,13,1,0.0,-1.0444,-1.0444,0.0,0.0
PROGRESS,10,-0.75,,14,44,0.5681818181818182,0.2792363636363636,12.286399999999999,1.5928699646779516,-3.711999999999998
PROGRESS,10,-0.75,,15,5,0.4,0.06560000000000002,0.32800000000000007,1.1063829787234043,-1.3744
PROGRESS,10,-0.75,,16,8,0.625,0.2956,2.3648,1.8145494626618903,-2.9031999999999996
PROGRESS,10,-0.75,,17,5,0.6,0.6916000000000001,3.4580000000000006,3.084639498432602,-0.8443999999999998
PROGRESS,10,-0.75,,18,20,0.35,-0.21590000000000004,-4.3180000000000005,0.6352177879904031,-9.056000000000001
PROGRESS,10,-0.75,,19,2,0.5,-0.3293999999999999,-0.6587999999999998,0.7213669429876503,0.0
PROGRESS,10,-0.75,,20,71,0.4084507042253521,-0.07820281690140841,-5.552399999999998,0.8779284508231319,-8.196
PROGRESS,10,-0.75,,21,1,0.0,-1.0444,-1.0444,0.0,0.0
PROGRESS,10,-0.75,,22,17,0.29411764705882354,-0.34616470588235293,-5.8848,0.5714785040195736,-7.7828
PROGRESS,15,0.0,,1,43,0.46511627906976744,0.26746046511627913,11.500800000000002,2.192880554287848,-1.8584000000000014
PROGRESS,15,0.0,,2,1,0.0,-1.0344,-1.0344,0.0,0.0
PROGRESS,15,0.0,,3,38,0.3157894736842105,-0.24782105263157894,-9.4172,0.5610597359982102,-7.9799999999999995
PROGRESS,15,0.0,,4,1,0.0,-0.23439999999999997,-0.23439999999999997,0.0,0.0
PROGRESS,15,0.0,,5,43,0.3953488372093023,-0.13370232558139528,-5.749199999999997,0.7448700653223517,-10.129199999999997
PROGRESS,15,0.0,,6,69,0.42028985507246375,0.06444057971014497,4.446400000000002,1.1633144788070227,-10.412400000000002
PROGRESS,15,0.0,,7,3,0.0,-0.2510666666666666,-0.7531999999999999,0.0,-0.6987999999999999
PROGRESS,15,0.0,,8,6,0.6666666666666666,0.5989333333333332,3.5935999999999995,7.208707671043538,-0.4144000000000001
PROGRESS,15,0.0,,9,40,0.275,-0.3343999999999999,-13.375999999999998,0.46533640317216685,-14.856399999999997
PROGRESS,15,0.0,,10,41,0.4878048780487805,0.2246243902439025,9.209600000000002,1.5891353854814363,-4.9327999999999985
PROGRESS,15,0.0,,11,35,0.2,-0.4355428571428571,-15.244,0.2982617662222877,-15.650799999999998
PROGRESS,15,0.0,,12,43,0.3953488372093023,-0.11044651162790693,-4.749199999999998,0.8233473687342845,-8.416799999999999
PROGRESS,15,0.0,,13,1,0.0,-0.7243999999999999,-0.7243999999999999,0.0,0.0
PROGRESS,15,0.0,,14,44,0.4772727272727273,0.30150909090909095,13.2664,1.7537213371815559,-3.7719999999999985
PROGRESS,15,0.0,,15,5,0.4,0.16760000000000003,0.8380000000000002,1.3256645422042592,-0.9144
PROGRESS,15,0.0,,16,8,0.625,0.2531,2.0248,1.6243216576221016,-3.2432
PROGRESS,15,0.0,,17,5,0.6,0.6596000000000001,3.2980000000000005,2.8132834836155705,-1.0044
PROGRESS,15,0.0,,18,20,0.35,-0.15139999999999998,-3.0279999999999996,0.7129095873786406,-7.766000000000001
PROGRESS,15,0.0,,19,2,0.5,-1.3094,-2.6188,0.39441309777078903,0.0
PROGRESS,15,0.0,,20,71,0.36619718309859156,-0.14214647887323942,-10.092399999999998,0.7860782568146168,-17.165599999999998
PROGRESS,15,0.0,,21,1,0.0,-1.0444,-1.0444,0.0,0.0
PROGRESS,15,0.0,,22,17,0.23529411764705882,-0.5567529411764705,-9.464799999999999,0.3935619457686196,-7.6827999999999985
PROGRESS,15,-0.25,,1,43,0.5348837209302325,0.2728093023255814,11.730800000000002,2.1369257608063577,-2.1132
PROGRESS,15,-0.25,,2,1,0.0,-1.0344,-1.0344,0.0,0.0
PROGRESS,15,-0.25,,3,38,0.3157894736842105,-0.32018947368421047,-12.167199999999998,0.4973145378526219,-10.729999999999997
PROGRESS,15,-0.25,,4,1,1.0,0.0456,0.0456,inf,0.0
PROGRESS,15,-0.25,,5,43,0.3953488372093023,-0.1392837209302325,-5.989199999999998,0.7370205142616271,-10.129199999999997
PROGRESS,15,-0.25,,6,69,0.4782608695652174,0.06922318840579711,4.776400000000001,1.1692054810049457,-9.2224
PROGRESS,15,-0.25,,7,3,0.3333333333333333,-0.14106666666666665,-0.4231999999999999,0.39439038351459654,-0.6987999999999999
PROGRESS,15,-0.25,,8,6,0.6666666666666666,0.5822666666666666,3.4936,6.146729522687096,-0.4144000000000001
PROGRESS,15,-0.25,,9,40,0.275,-0.3619,-14.475999999999999,0.4457377400680002,-15.956399999999997
PROGRESS,15,-0.25,,10,41,0.5365853658536586,0.21340487804878056,8.749600000000003,1.5320975942007837,-4.7828
PROGRESS,15,-0.25,,11,35,0.2571428571428571,-0.43268571428571423,-15.143999999999998,0.3210308279980633,-15.940800000000001
PROGRESS,15,-0.25,,12,43,0.46511627906976744,-0.08184186046511627,-3.519199999999999,0.8673561693402485,-7.6196
PROGRESS,15,-0.25,,13,1,0.0,-0.7243999999999999,-0.7243999999999999,0.0,0.0
PROGRESS,15,-0.25,,14,44,0.5227272727272727,0.3362818181818181,14.796399999999998,1.8200904535981912,-3.751999999999999
PROGRESS,15,-0.25,,15,5,0.4,0.16760000000000003,0.8380000000000002,1.3256645422042592,-0.9144
PROGRESS,15,-0.25,,16,8,0.625,0.2531,2.0248,1.6243216576221016,-3.2432
PROGRESS,15,-0.25,,17,5,0.6,0.6596000000000001,3.2980000000000005,2.8132834836155705,-1.0044
PROGRESS,15,-0.25,,18,20,0.35,-0.1564,-3.128,0.7062138402584716,-7.8660000000000005
PROGRESS,15,-0.25,,19,2,0.5,-1.3094,-2.6188,0.39441309777078903,0.0
PROGRESS,15,-0.25,,20,71,0.38028169014084506,-0.1456676056338028,-10.342399999999998,0.7843248473524405,-17.1656
PROGRESS,15,-0.25,,21,1,0.0,-1.0444,-1.0444,0.0,0.0
PROGRESS,15,-0.25,,22,17,0.23529411764705882,-0.5567529411764705,-9.464799999999999,0.3935619457686196,-7.6827999999999985
PROGRESS,15,-0.5,,1,43,0.5813953488372093,0.281646511627907,12.110800000000001,2.149119477759223,-2.1175999999999995
PROGRESS,15,-0.5,,2,1,0.0,-1.0344,-1.0344,0.0,0.0
PROGRESS,15,-0.5,,3,38,0.3157894736842105,-0.3344,-12.707199999999998,0.48646158322691196,-11.269999999999996
PROGRESS,15,-0.5,,4,1,1.0,0.0456,0.0456,inf,0.0
PROGRESS,15,-0.5,,5,43,0.4186046511627907,-0.14067906976744185,-6.0492,0.7364183006535948,-9.95
PROGRESS,15,-0.5,,6,69,0.5507246376811594,0.09299130434782613,6.416400000000003,1.2342059540669579,-8.5724
PROGRESS,15,-0.5,,7,3,0.3333333333333333,-0.14106666666666665,-0.42319999999999997,0.3943903835145965,-0.6988
PROGRESS,15,-0.5,,8,6,0.6666666666666666,0.5189333333333334,3.1136,3.9406875708349074,-0.7944
PROGRESS,15,-0.5,,9,40,0.3,-0.34914999999999996,-13.966,0.4612547833600791,-16.336399999999998
PROGRESS,15,-0.5,,10,41,0.5365853658536586,0.22072195121951224,9.049600000000002,1.560568894174781,-4.3751999999999995
PROGRESS,15,-0.5,,11,35,0.2857142857142857,-0.44154285714285707,-15.453999999999997,0.3333045729076791,-16.250799999999995
PROGRESS,15,-0.5,,12,43,0.46511627906976744,-0.10881860465116279,-4.6792,0.8310221297740801,-7.7668
PROGRESS,15,-0.5,,13,1,0.0,-0.7243999999999999,-0.7243999999999999,0.0,0.0
PROGRESS,15,-0.5,,14,44,0.5681818181818182,0.33491818181818184,14.7364,1.8064311356273532,-3.2819999999999983
PROGRESS,15,-0.5,,15,5,0.4,0.16760000000000003,0.8380000000000002,1.3256645422042592,-0.9144
PROGRESS,15,-0.5,,16,8,0.625,0.2531,2.0248,1.6243216576221016,-3.2432
PROGRESS,15,-0.5,,17,5,0.6,0.6596000000000001,3.2980000000000005,2.8132834836155705,-1.0044
PROGRESS,15,-0.5,,18,20,0.35,-0.2859,-5.718,0.5680355362161182,-10.456
PROGRESS,15,-0.5,,19,2,0.5,-1.3094,-2.6188,0.39441309777078903,0.0
PROGRESS,15,-0.5,,20,71,0.39436619718309857,-0.16975211267605628,-12.052399999999995,0.7602905376378302,-17.1656
PROGRESS,15,-0.5,,21,1,0.0,-1.0444,-1.0444,0.0,0.0
PROGRESS,15,-0.5,,22,17,0.23529411764705882,-0.5702823529411765,-9.694799999999999,0.38784633647361905,-7.912799999999999
PROGRESS,15,-0.75,,1,43,0.5813953488372093,0.2628093023255814,11.3008,1.9957353822295845,-2.597599999999998
PROGRESS,15,-0.75,,2,1,0.0,-1.0344,-1.0344,0.0,0.0
PROGRESS,15,-0.75,,3,38,0.34210526315789475,-0.3070315789473684,-11.6672,0.5093692178301094,-10.549999999999997
PROGRESS,15,-0.75,,4,1,1.0,0.0456,0.0456,inf,0.0
PROGRESS,15,-0.75,,5,43,0.4186046511627907,-0.12765581395348835,-5.489199999999999,0.7548369807949977,-9.6124
PROGRESS,15,-0.75,,6,69,0.5507246376811594,0.10052753623188408,6.936400000000002,1.2580851602149101,-8.1324
PROGRESS,15,-0.75,,7,3,0.3333333333333333,-0.14106666666666665,-0.42319999999999997,0.3943903835145965,-0.6988
PROGRESS,15,-0.75,,8,6,0.6666666666666666,0.5189333333333334,3.1136,3.9406875708349074,-0.7944
PROGRESS,15,-0.75,,9,40,0.3,-0.36515,-14.606,0.45014154921093846,-16.976399999999998
PROGRESS,15,-0.75,,10,41,0.5365853658536586,0.21340487804878056,8.749600000000003,1.5320975942007833,-4.2552
PROGRESS,15,-0.75,,11,35,0.2857142857142857,-0.4886857142857143,-17.104,0.31115585984695937,-17.900799999999993
PROGRESS,15,-0.75,,12,43,0.46511627906976744,-0.11533023255813951,-4.959199999999999,0.8227033520192198,-7.7668
PROGRESS,15,-0.75,,13,1,0.0,-1.0444,-1.0444,0.0,0.0
PROGRESS,15,-0.75,,14,44,0.5681818181818182,0.3119636363636364,13.726400000000002,1.7118172955257316,-3.6019999999999985
PROGRESS,15,-0.75,,15,5,0.4,0.1156,0.578,1.204009600451786,-0.9144
PROGRESS,15,-0.75,,16,8,0.625,0.2531,2.0248,1.6243216576221016,-3.2432
PROGRESS,15,-0.75,,17,5,0.6,0.6596000000000001,3.2980000000000005,2.8132834836155705,-1.0044
PROGRESS,15,-0.75,,18,20,0.35,-0.32039999999999996,-6.4079999999999995,0.5398931587110115,-11.146
PROGRESS,15,-0.75,,19,2,0.5,-1.3094,-2.6188,0.39441309777078903,0.0
PROGRESS,15,-0.75,,20,71,0.39436619718309857,-0.21101971830985913,-14.982399999999998,0.7184246333340849,-18.5456
PROGRESS,15,-0.75,,21,1,0.0,-1.0444,-1.0444,0.0,0.0
PROGRESS,15,-0.75,,22,17,0.23529411764705882,-0.5938117647058823,-10.0948,0.37829182371344805,-8.3128
COMBINED,1,0.25,0.0,1,43,0.4186046511627907,0.1230418604651163,5.290800000000001,1.4657394366197185,-3.297599999999999
COMBINED,1,0.25,0.0,2,1,0.0,-0.3644,-0.3644,0.0,0.0
COMBINED,1,0.25,0.0,3,38,0.2631578947368421,-0.13097894736842103,-4.977199999999999,0.6553949263321148,-4.6108
COMBINED,1,0.25,0.0,4,1,1.0,0.0456,0.0456,inf,0.0
COMBINED,1,0.25,0.0,5,43,0.3488372093023256,0.03978604651162794,1.7108000000000014,1.134780827529701,-5.0192000000000005
COMBINED,1,0.25,0.0,6,69,0.42028985507246375,0.07487536231884061,5.166400000000002,1.2632426373178434,-5.8911999999999995
COMBINED,1,0.25,0.0,7,3,0.3333333333333333,-0.12773333333333334,-0.3832,0.41833636915604133,-0.6588
COMBINED,1,0.25,0.0,8,6,0.6666666666666666,0.6039333333333333,3.6235999999999997,7.602769679300292,-0.28439999999999976
COMBINED,1,0.25,0.0,9,40,0.2,-0.19839999999999997,-7.935999999999998,0.509238875009276,-9.4688
COMBINED,1,0.25,0.0,10,41,0.3902439024390244,0.1429170731707317,5.8596,1.5217809439002674,-4.6704
COMBINED,1,0.25,0.0,11,35,0.2571428571428571,-0.21668571428571423,-7.583999999999998,0.48528613313063323,-8.4008
COMBINED,1,0.25,0.0,12,43,0.2558139534883721,-0.02184186046511629,-0.9392000000000005,0.9359380115682637,-6.2112
COMBINED,1,0.25,0.0,13,1,0.0,-0.0644,-0.0644,0.0,0.0
COMBINED,1,0.25,0.0,14,44,0.4318181818181818,0.27628181818181824,12.156400000000003,1.8495038434661075,-2.5876
COMBINED,1,0.25,0.0,15,5,0.4,0.3396,1.698,1.9911277142190054,-1.0444
COMBINED,1,0.25,0.0,16,8,0.625,0.4130999999999999,3.3047999999999993,2.6833740831295843,-1.9632
COMBINED,1,0.25,0.0,17,5,0.4,0.2056,1.028,1.4313528029540115,-2.3832
COMBINED,1,0.25,0.0,18,20,0.25,-0.2244,-4.4879999999999995,0.5016655562958028,-7.346
COMBINED,1,0.25,0.0,19,2,0.0,-0.24939999999999998,-0.49879999999999997,0.0,-0.3944
COMBINED,1,0.25,0.0,20,71,0.30985915492957744,0.05743098591549296,4.0776,1.1376841934656061,-6.356
COMBINED,1,0.25,0.0,21,1,0.0,-0.25439999999999996,-0.25439999999999996,0.0,0.0
COMBINED,1,0.25,0.0,22,17,0.23529411764705882,-0.01263529411764704,-0.21479999999999969,0.9694764963337692,-4.1628
COMBINED,1,0.25,-0.25,1,43,0.5116279069767442,0.20094883720930237,8.640800000000002,1.7383784522832921,-2.777599999999998
COMBINED,1,0.25,-0.25,2,1,0.0,-0.3644,-0.3644,0.0,0.0
COMBINED,1,0.25,-0.25,3,38,0.3157894736842105,-0.13808421052631578,-5.247199999999999,0.6881196357671002,-5.3016
COMBINED,1,0.25,-0.25,4,1,1.0,0.0456,0.0456,inf,0.0
COMBINED,1,0.25,-0.25,5,43,0.4186046511627907,0.06815813953488374,2.930800000000001,1.2097924123120976,-5.701599999999997
COMBINED,1,0.25,-0.25,6,69,0.5217391304347826,0.16313623188405793,11.256399999999998,1.5879489375927125,-4.1116
COMBINED,1,0.25,-0.25,7,3,0.3333333333333333,-0.14106666666666665,-0.42319999999999997,0.3943903835145965,-0.6988
COMBINED,1,0.25,-0.25,8,6,0.6666666666666666,0.5189333333333334,3.1136,3.9406875708349074,-0.7944
COMBINED,1,0.25,-0.25,9,40,0.25,-0.23815,-9.526,0.5218351571127398,-10.656399999999998
COMBINED,1,0.25,-0.25,10,41,0.4634146341463415,0.23584390243902445,9.669600000000003,1.8066873560917012,-2.401999999999999
COMBINED,1,0.25,-0.25,11,35,0.2857142857142857,-0.3069714285714285,-10.743999999999998,0.41829994585814845,-11.560799999999999
COMBINED,1,0.25,-0.25,12,43,0.4186046511627907,0.057693023255813984,2.4808000000000012,1.1375166297117518,-3.3752
COMBINED,1,0.25,-0.25,13,1,0.0,-1.0444,-1.0444,0.0,0.0
COMBINED,1,0.25,-0.25,14,44,0.5227272727272727,0.37969090909090913,16.706400000000002,2.1032861369399836,-2.541999999999998
COMBINED,1,0.25,-0.25,15,5,0.4,0.3396,1.698,1.9911277142190054,-1.0444
COMBINED,1,0.25,-0.25,16,8,0.625,0.2956,2.3648,1.8145494626618903,-2.9031999999999996
COMBINED,1,0.25,-0.25,17,5,0.4,0.2056,1.028,1.4313528029540115,-2.3832
COMBINED,1,0.25,-0.25,18,20,0.3,-0.2279,-4.558,0.5772427098018847,-7.416
COMBINED,1,0.25,-0.25,19,2,0.0,-0.7194,-1.4388,0.0,-0.3944000000000001
COMBINED,1,0.25,-0.25,20,71,0.39436619718309857,0.073487323943662,5.217600000000002,1.1510631398526887,-7.381600000000001
COMBINED,1,0.25,-0.25,21,1,0.0,-1.0444,-1.0444,0.0,0.0
COMBINED,1,0.25,-0.25,22,17,0.29411764705882354,-0.14204705882352942,-2.4148,0.7647035896636396,-5.4428
COMBINED,1,0.25,-0.5,1,43,0.5813953488372093,0.2560651162790698,11.010800000000001,1.9460100350539558,-2.777599999999998
COMBINED,1,0.25,-0.5,2,1,0.0,-1.0444,-1.0444,0.0,0.0
COMBINED,1,0.25,-0.5,3,38,0.34210526315789475,-0.20729473684210528,-7.8772,0.605942971485743,-7.649999999999999
COMBINED,1,0.25,-0.5,4,1,1.0,0.0456,0.0456,inf,0.0
COMBINED,1,0.25,-0.5,5,43,0.4186046511627907,0.04466976744186048,1.9208000000000005,1.1282242990654203,-6.172399999999998
COMBINED,1,0.25,-0.5,6,69,0.5652173913043478,0.18415072463768115,12.706399999999999,1.5570050850429602,-5.4496
COMBINED,1,0.25,-0.5,7,3,0.3333333333333333,-0.14106666666666665,-0.42319999999999997,0.3943903835145965,-0.6988
COMBINED,1,0.25,-0.5,8,6,0.6666666666666666,0.5189333333333334,3.1136,3.9406875708349074,-0.7944
COMBINED,1,0.25,-0.5,9,40,0.3,-0.2669,-10.676,0.5283035540710108,-13.736399999999996
COMBINED,1,0.25,-0.5,10,41,0.5121951219512195,0.2682829268292683,10.999600000000001,1.8808135810377966,-2.7176
COMBINED,1,0.25,-0.5,11,35,0.2857142857142857,-0.35497142857142855,-12.424,0.38342431761786605,-13.240799999999997
COMBINED,1,0.25,-0.5,12,43,0.46511627906976744,0.033274418604651204,1.4308000000000018,1.0681294402224635,-4.1708
COMBINED,1,0.25,-0.5,13,1,0.0,-1.0444,-1.0444,0.0,0.0
COMBINED,1,0.25,-0.5,14,44,0.5681818181818182,0.34014545454545464,14.966400000000004,1.8294575361901173,-3.1331999999999987
COMBINED,1,0.25,-0.5,15,5,0.4,0.055600000000000004,0.278,1.088727179879995,-1.0444
COMBINED,1,0.25,-0.5,16,8,0.625,0.2956,2.3648,1.8145494626618903,-2.9031999999999996
COMBINED,1,0.25,-0.5,17,5,0.6,0.6516000000000001,3.2580000000000005,2.7527437056165267,-1.0444
COMBINED,1,0.25,-0.5,18,20,0.3,-0.3264,-6.5280000000000005,0.4880642429185357,-9.386
COMBINED,1,0.25,-0.5,19,2,0.5,0.3306,0.6612,1.6330907698199923,0.0
COMBINED,1,0.25,-0.5,20,71,0.4084507042253521,0.03419154929577466,2.4276000000000013,1.0644698683833131,-7.771599999999999
COMBINED,1,0.25,-0.5,21,1,0.0,-1.0444,-1.0444,0.0,0.0
COMBINED,1,0.25,-0.5,22,17,0.29411764705882354,-0.1820470588235294,-3.0947999999999998,0.7171839017436124,-6.1228
COMBINED,1,0.25,-0.75,1,43,0.5813953488372093,0.2560651162790698,11.010800000000001,1.9460100350539558,-2.777599999999998
COMBINED,1,0.25,-0.75,2,1,0.0,-1.0444,-1.0444,0.0,0.0
COMBINED,1,0.25,-0.75,3,38,0.34210526315789475,-0.22703157894736842,-8.6272,0.5840308582449374,-8.399999999999999
COMBINED,1,0.25,-0.75,4,1,1.0,0.0456,0.0456,inf,0.0
COMBINED,1,0.25,-0.75,5,43,0.4186046511627907,0.03746046511627907,1.6108,1.1053499018966644,-6.1724
COMBINED,1,0.25,-0.75,6,69,0.5652173913043478,0.18415072463768115,12.706399999999999,1.5570050850429602,-5.4496
COMBINED,1,0.25,-0.75,7,3,0.3333333333333333,-0.14106666666666665,-0.42319999999999997,0.3943903835145965,-0.6988
COMBINED,1,0.25,-0.75,8,6,0.6666666666666666,0.5189333333333334,3.1136,3.9406875708349074,-0.7944
COMBINED,1,0.25,-0.75,9,40,0.3,-0.25539999999999996,-10.216,0.5392636155358722,-13.276399999999995
COMBINED,1,0.25,-0.75,10,41,0.5365853658536586,0.30560000000000004,12.529600000000002,1.9894184907925079,-2.7176
COMBINED,1,0.25,-0.75,11,35,0.2857142857142857,-0.3655428571428571,-12.793999999999999,0.3765107212475634,-13.610799999999996
COMBINED,1,0.25,-0.75,12,43,0.4883720930232558,0.06234418604651167,2.680800000000002,1.1271919836028241,-4.5608
COMBINED,1,0.25,-0.75,13,1,0.0,-1.0444,-1.0444,0.0,0.0
COMBINED,1,0.25,-0.75,14,44,0.5681818181818182,0.3287818181818183,14.466400000000004,1.780128993291486,-3.1331999999999987
COMBINED,1,0.25,-0.75,15,5,0.4,0.055600000000000004,0.278,1.088727179879995,-1.0444
COMBINED,1,0.25,-0.75,16,8,0.625,0.2956,2.3648,1.8145494626618903,-2.9031999999999996
COMBINED,1,0.25,-0.75,17,5,0.6,0.6516000000000001,3.2580000000000005,2.7527437056165267,-1.0444
COMBINED,1,0.25,-0.75,18,20,0.35,-0.23240000000000002,-4.648000000000001,0.6179893484121245,-9.386
COMBINED,1,0.25,-0.75,19,2,0.5,0.3306,0.6612,1.6330907698199923,0.0
COMBINED,1,0.25,-0.75,20,71,0.4225352112676056,0.03433239436619722,2.437600000000003,1.0621830389485818,-5.6316
COMBINED,1,0.25,-0.75,21,1,0.0,-1.0444,-1.0444,0.0,0.0
COMBINED,1,0.25,-0.75,22,17,0.29411764705882354,-0.20675294117647058,-3.5147999999999997,0.6906748336677581,-6.5428
COMBINED,1,0.5,0.0,1,43,0.5813953488372093,0.2460651162790698,10.580800000000002,1.8766778245451232,-2.777599999999998
COMBINED,1,0.5,0.0,2,1,0.0,-0.3644,-0.3644,0.0,0.0
COMBINED,1,0.5,0.0,3,38,0.34210526315789475,-0.16624210526315789,-6.3172,0.6572327726532827,-6.1080000000000005
COMBINED,1,0.5,0.0,4,1,1.0,0.0456,0.0456,inf,0.0
COMBINED,1,0.5,0.0,5,43,0.4186046511627907,0.07792558139534887,3.3508000000000018,1.2472915129151292,-5.2516
COMBINED,1,0.5,0.0,6,69,0.5652173913043478,0.18415072463768115,12.706399999999999,1.5570050850429602,-5.4496
COMBINED,1,0.5,0.0,7,3,0.3333333333333333,-0.14106666666666665,-0.42319999999999997,0.3943903835145965,-0.6988
COMBINED,1,0.5,0.0,8,6,0.6666666666666666,0.6039333333333333,3.6235999999999997,7.602769679300292,-0.28439999999999976
COMBINED,1,0.5,0.0,9,40,0.3,-0.2324,-9.296,0.5626070427041575,-12.356399999999997
COMBINED,1,0.5,0.0,10,41,0.4878048780487805,0.24779512195121953,10.159600000000001,1.8741395925110134,-2.4019999999999984
COMBINED,1,0.5,0.0,11,35,0.2857142857142857,-0.30011428571428567,-10.503999999999998,0.42380691168403745,-11.320799999999998
COMBINED,1,0.5,0.0,12,43,0.4186046511627907,0.0016465116279069916,0.07080000000000064,1.003736147757256,-4.341199999999999
COMBINED,1,0.5,0.0,13,1,0.0,-1.0444,-1.0444,0.0,0.0
COMBINED,1,0.5,0.0,14,44,0.5454545454545454,0.3708272727272728,16.3164,2.0886309047237788,-2.541999999999998
COMBINED,1,0.5,0.0,15,5,0.4,0.055600000000000004,0.278,1.088727179879995,-1.0444
COMBINED,1,0.5,0.0,16,8,0.625,0.2956,2.3648,1.8145494626618903,-2.9031999999999996
COMBINED,1,0.5,0.0,17,5,0.4,0.2056,1.028,1.4313528029540115,-2.3832
COMBINED,1,0.5,0.0,18,20,0.3,-0.2989,-5.978,0.5100642538683451,-8.836
COMBINED,1,0.5,0.0,19,2,0.0,-0.7194,-1.4388,0.0,-0.3944000000000001
COMBINED,1,0.5,0.0,20,71,0.4084507042253521,0.05996619718309859,4.2576,1.1188450458899972,-7.771600000000001
COMBINED,1,0.5,0.0,21,1,0.0,-0.25439999999999996,-0.25439999999999996,0.0,0.0
COMBINED,1,0.5,0.0,22,17,0.29411764705882354,-0.14204705882352942,-2.4148,0.7647035896636396,-5.4428
COMBINED,1,0.5,-0.25,1,43,0.5813953488372093,0.2460651162790698,10.580800000000002,1.8766778245451232,-2.777599999999998
COMBINED,1,0.5,-0.25,2,1,0.0,-0.3644,-0.3644,0.0,0.0
COMBINED,1,0.5,-0.25,3,38,0.34210526315789475,-0.18782105263157894,-7.1372,0.6292363636363637,-6.91
COMBINED,1,0.5,-0.25,4,1,1.0,0.0456,0.0456,inf,0.0
COMBINED,1,0.5,-0.25,5,43,0.4186046511627907,0.0588558139534884,2.530800000000001,1.176116910229645,-6.071599999999998
COMBINED,1,0.5,-0.25,6,69,0.5652173913043478,0.18415072463768115,12.706399999999999,1.5570050850429602,-5.4496
COMBINED,1,0.5,-0.25,7,3,0.3333333333333333,-0.14106666666666665,-0.42319999999999997,0.3943903835145965,-0.6988
COMBINED,1,0.5,-0.25,8,6,0.6666666666666666,0.5189333333333334,3.1136,3.9406875708349074,-0.7944
COMBINED,1,0.5,-0.25,9,40,0.3,-0.2529,-10.116,0.5417066850298099,-13.176399999999997
COMBINED,1,0.5,-0.25,10,41,0.4878048780487805,0.24779512195121953,10.159600000000001,1.8741395925110134,-2.4019999999999984
COMBINED,1,0.5,-0.25,11,35,0.2857142857142857,-0.30011428571428567,-10.503999999999998,0.42380691168403745,-11.320799999999998
COMBINED,1,0.5,-0.25,12,43,0.4418604651162791,0.008158139534883762,0.3508000000000018,1.01721667092012,-4.341199999999999
COMBINED,1,0.5,-0.25,13,1,0.0,-1.0444,-1.0444,0.0,0.0
COMBINED,1,0.5,-0.25,14,44,0.5681818181818182,0.41150909090909094,18.1064,2.214901097721356,-2.541999999999998
COMBINED,1,0.5,-0.25,15,5,0.4,0.055600000000000004,0.278,1.088727179879995,-1.0444
COMBINED,1,0.5,-0.25,16,8,0.625,0.2956,2.3648,1.8145494626618903,-2.9031999999999996
COMBINED,1,0.5,-0.25,17,5,0.4,0.2056,1.028,1.4313528029540115,-2.3832
COMBINED,1,0.5,-0.25,18,20,0.3,-0.2989,-5.978,0.5100642538683451,-8.836
COMBINED,1,0.5,-0.25,19,2,0.0,-0.7194,-1.4388,0.0,-0.3944000000000001
COMBINED,1,0.5,-0.25,20,71,0.4084507042253521,0.050670422535211285,3.5976000000000012,1.0986054466517556,-7.771599999999999
COMBINED,1,0.5,-0.25,21,1,0.0,-1.0444,-1.0444,0.0,0.0
COMBINED,1,0.5,-0.25,22,17,0.29411764705882354,-0.14204705882352942,-2.4148,0.7647035896636396,-5.4428
COMBINED,1,0.5,-0.5,1,43,0.5813953488372093,0.2560651162790698,11.010800000000001,1.9460100350539558,-2.777599999999998
COMBINED,1,0.5,-0.5,2,1,0.0,-1.0444,-1.0444,0.0,0.0
COMBINED,1,0.5,-0.5,3,38,0.34210526315789475,-0.20729473684210528,-7.8772,0.605942971485743,-7.649999999999999
COMBINED,1,0.5,-0.5,4,1,1.0,0.0456,0.0456,inf,0.0
COMBINED,1,0.5,-0.5,5,43,0.4186046511627907,0.04466976744186048,1.9208000000000005,1.1282242990654203,-6.172399999999998
COMBINED,1,0.5,-0.5,6,69,0.5652173913043478,0.18415072463768115,12.706399999999999,1.5570050850429602,-5.4496
COMBINED,1,0.5,-0.5,7,3,0.3333333333333333,-0.14106666666666665,-0.42319999999999997,0.3943903835145965,-0.6988
COMBINED,1,0.5,-0.5,8,6,0.6666666666666666,0.5189333333333334,3.1136,3.9406875708349074,-0.7944
COMBINED,1,0.5,-0.5,9,40,0.3,-0.2669,-10.676,0.5283035540710108,-13.736399999999996
COMBINED,1,0.5,-0.5,10,41,0.5121951219512195,0.2682829268292683,10.999600000000001,1.8808135810377966,-2.7176
COMBINED,1,0.5,-0.5,11,35,0.2857142857142857,-0.35497142857142855,-12.424,0.38342431761786605,-13.240799999999997
COMBINED,1,0.5,-0.5,12,43,0.46511627906976744,0.033274418604651204,1.4308000000000018,1.0681294402224635,-4.1708
COMBINED,1,0.5,-0.5,13,1,0.0,-1.0444,-1.0444,0.0,0.0
COMBINED,1,0.5,-0.5,14,44,0.5681818181818182,0.34014545454545464,14.966400000000004,1.8294575361901173,-3.1331999999999987
COMBINED,1,0.5,-0.5,15,5,0.4,0.055600000000000004,0.278,1.088727179879995,-1.0444
COMBINED,1,0.5,-0.5,16,8,0.625,0.2956,2.3648,1.8145494626618903,-2.9031999999999996
COMBINED,1,0.5,-0.5,17,5,0.6,0.6516000000000001,3.2580000000000005,2.7527437056165267,-1.0444
COMBINED,1,0.5,-0.5,18,20,0.3,-0.3264,-6.5280000000000005,0.4880642429185357,-9.386
COMBINED,1,0.5,-0.5,19,2,0.5,0.3306,0.6612,1.6330907698199923,0.0
COMBINED,1,0.5,-0.5,20,71,0.4084507042253521,0.03419154929577466,2.4276000000000013,1.0644698683833131,-7.771599999999999
COMBINED,1,0.5,-0.5,21,1,0.0,-1.0444,-1.0444,0.0,0.0
COMBINED,1,0.5,-0.5,22,17,0.29411764705882354,-0.1820470588235294,-3.0947999999999998,0.7171839017436124,-6.1228
COMBINED,1,0.5,-0.75,1,43,0.5813953488372093,0.2560651162790698,11.010800000000001,1.9460100350539558,-2.777599999999998
COMBINED,1,0.5,-0.75,2,1,0.0,-1.0444,-1.0444,0.0,0.0
COMBINED,1,0.5,-0.75,3,38,0.34210526315789475,-0.22703157894736842,-8.6272,0.5840308582449374,-8.399999999999999
COMBINED,1,0.5,-0.75,4,1,1.0,0.0456,0.0456,inf,0.0
COMBINED,1,0.5,-0.75,5,43,0.4186046511627907,0.03746046511627907,1.6108,1.1053499018966644,-6.1724
COMBINED,1,0.5,-0.75,6,69,0.5652173913043478,0.18415072463768115,12.706399999999999,1.5570050850429602,-5.4496
COMBINED,1,0.5,-0.75,7,3,0.3333333333333333,-0.14106666666666665,-0.42319999999999997,0.3943903835145965,-0.6988
COMBINED,1,0.5,-0.75,8,6,0.6666666666666666,0.5189333333333334,3.1136,3.9406875708349074,-0.7944
COMBINED,1,0.5,-0.75,9,40,0.3,-0.25539999999999996,-10.216,0.5392636155358722,-13.276399999999995
COMBINED,1,0.5,-0.75,10,41,0.5365853658536586,0.30560000000000004,12.529600000000002,1.9894184907925079,-2.7176
COMBINED,1,0.5,-0.75,11,35,0.2857142857142857,-0.3655428571428571,-12.793999999999999,0.3765107212475634,-13.610799999999996
COMBINED,1,0.5,-0.75,12,43,0.4883720930232558,0.06234418604651167,2.680800000000002,1.1271919836028241,-4.5608
COMBINED,1,0.5,-0.75,13,1,0.0,-1.0444,-1.0444,0.0,0.0
COMBINED,1,0.5,-0.75,14,44,0.5681818181818182,0.3287818181818183,14.466400000000004,1.780128993291486,-3.1331999999999987
COMBINED,1,0.5,-0.75,15,5,0.4,0.055600000000000004,0.278,1.088727179879995,-1.0444
COMBINED,1,0.5,-0.75,16,8,0.625,0.2956,2.3648,1.8145494626618903,-2.9031999999999996
COMBINED,1,0.5,-0.75,17,5,0.6,0.6516000000000001,3.2580000000000005,2.7527437056165267,-1.0444
COMBINED,1,0.5,-0.75,18,20,0.35,-0.23240000000000002,-4.648000000000001,0.6179893484121245,-9.386
COMBINED,1,0.5,-0.75,19,2,0.5,0.3306,0.6612,1.6330907698199923,0.0
COMBINED,1,0.5,-0.75,20,71,0.4225352112676056,0.03433239436619722,2.437600000000003,1.0621830389485818,-5.6316
COMBINED,1,0.5,-0.75,21,1,0.0,-1.0444,-1.0444,0.0,0.0
COMBINED,1,0.5,-0.75,22,17,0.29411764705882354,-0.20675294117647058,-3.5147999999999997,0.6906748336677581,-6.5428
COMBINED,1,0.75,0.0,1,43,0.5813953488372093,0.2560651162790698,11.010800000000001,1.9460100350539558,-2.777599999999998
COMBINED,1,0.75,0.0,2,1,0.0,-1.0444,-1.0444,0.0,0.0
COMBINED,1,0.75,0.0,3,38,0.34210526315789475,-0.20729473684210528,-7.8772,0.605942971485743,-7.649999999999999
COMBINED,1,0.75,0.0,4,1,1.0,0.0456,0.0456,inf,0.0
COMBINED,1,0.75,0.0,5,43,0.4186046511627907,0.05653023255813955,2.4308000000000005,1.1679889426399446,-5.3524
COMBINED,1,0.75,0.0,6,69,0.5652173913043478,0.18415072463768115,12.706399999999999,1.5570050850429602,-5.4496
COMBINED,1,0.75,0.0,7,3,0.3333333333333333,-0.14106666666666665,-0.42319999999999997,0.3943903835145965,-0.6988
COMBINED,1,0.75,0.0,8,6,0.6666666666666666,0.5189333333333334,3.1136,3.9406875708349074,-0.7944
COMBINED,1,0.75,0.0,9,40,0.3,-0.2669,-10.676,0.5283035540710108,-13.736399999999996
COMBINED,1,0.75,0.0,10,41,0.5365853658536586,0.31267317073170736,12.819600000000001,2.0360444817999617,-2.7176
COMBINED,1,0.75,0.0,11,35,0.2857142857142857,-0.3655428571428571,-12.793999999999999,0.3765107212475634,-13.610799999999996
COMBINED,1,0.75,0.0,12,43,0.46511627906976744,0.022111627906976777,0.9508000000000014,1.045059048774477,-4.5608
COMBINED,1,0.75,0.0,13,1,0.0,-1.0444,-1.0444,0.0,0.0
COMBINED,1,0.75,0.0,14,44,0.5681818181818182,0.3287818181818183,14.466400000000004,1.780128993291486,-3.1331999999999987
COMBINED,1,0.75,0.0,15,5,0.4,0.055600000000000004,0.278,1.088727179879995,-1.0444
COMBINED,1,0.75,0.0,16,8,0.625,0.2956,2.3648,1.8145494626618903,-2.9031999999999996
COMBINED,1,0.75,0.0,17,5,0.6,0.6516000000000001,3.2580000000000005,2.7527437056165267,-1.0444
COMBINED,1,0.75,0.0,18,20,0.35,-0.23240000000000002,-4.648000000000001,0.6179893484121245,-9.386
COMBINED,1,0.75,0.0,19,2,0.0,-0.7194,-1.4388,0.0,-0.3944000000000001
COMBINED,1,0.75,0.0,20,71,0.4225352112676056,0.05179718309859158,3.677600000000002,1.0968799064288044,-5.6316
COMBINED,1,0.75,0.0,21,1,0.0,-0.25439999999999996,-0.25439999999999996,0.0,0.0
COMBINED,1,0.75,0.0,22,17,0.29411764705882354,-0.20675294117647058,-3.5147999999999997,0.6906748336677581,-6.5428
COMBINED,1,0.75,-0.25,1,43,0.5813953488372093,0.2560651162790698,11.010800000000001,1.9460100350539558,-2.777599999999998
COMBINED,1,0.75,-0.25,2,1,0.0,-1.0444,-1.0444,0.0,0.0
COMBINED,1,0.75,-0.25,3,38,0.34210526315789475,-0.20729473684210528,-7.8772,0.605942971485743,-7.649999999999999
COMBINED,1,0.75,-0.25,4,1,1.0,0.0456,0.0456,inf,0.0
COMBINED,1,0.75,-0.25,5,43,0.4186046511627907,0.03746046511627907,1.6108,1.1053499018966644,-6.1724
COMBINED,1,0.75,-0.25,6,69,0.5652173913043478,0.18415072463768115,12.706399999999999,1.5570050850429602,-5.4496
COMBINED,1,0.75,-0.25,7,3,0.3333333333333333,-0.14106666666666665,-0.42319999999999997,0.3943903835145965,-0.6988
COMBINED,1,0.75,-0.25,8,6,0.6666666666666666,0.5189333333333334,3.1136,3.9406875708349074,-0.7944
COMBINED,1,0.75,-0.25,9,40,0.3,-0.2669,-10.676,0.5283035540710108,-13.736399999999996
COMBINED,1,0.75,-0.25,10,41,0.5365853658536586,0.31267317073170736,12.819600000000001,2.0360444817999617,-2.7176
COMBINED,1,0.75,-0.25,11,35,0.2857142857142857,-0.3655428571428571,-12.793999999999999,0.3765107212475634,-13.610799999999996
COMBINED,1,0.75,-0.25,12,43,0.4883720930232558,0.06839069767441865,2.9408000000000016,1.1412705122785443,-4.5608
COMBINED,1,0.75,-0.25,13,1,0.0,-1.0444,-1.0444,0.0,0.0
COMBINED,1,0.75,-0.25,14,44,0.5681818181818182,0.3287818181818183,14.466400000000004,1.780128993291486,-3.1331999999999987
COMBINED,1,0.75,-0.25,15,5,0.4,0.055600000000000004,0.278,1.088727179879995,-1.0444
COMBINED,1,0.75,-0.25,16,8,0.625,0.2956,2.3648,1.8145494626618903,-2.9031999999999996
COMBINED,1,0.75,-0.25,17,5,0.6,0.6516000000000001,3.2580000000000005,2.7527437056165267,-1.0444
COMBINED,1,0.75,-0.25,18,20,0.35,-0.23240000000000002,-4.648000000000001,0.6179893484121245,-9.386
COMBINED,1,0.75,-0.25,19,2,0.0,-0.7194,-1.4388,0.0,-0.3944000000000001
COMBINED,1,0.75,-0.25,20,71,0.4225352112676056,0.05179718309859158,3.677600000000002,1.0968799064288044,-5.6316
COMBINED,1,0.75,-0.25,21,1,0.0,-1.0444,-1.0444,0.0,0.0
COMBINED,1,0.75,-0.25,22,17,0.29411764705882354,-0.20675294117647058,-3.5147999999999997,0.6906748336677581,-6.5428
COMBINED,1,0.75,-0.5,1,43,0.5813953488372093,0.2560651162790698,11.010800000000001,1.9460100350539558,-2.777599999999998
COMBINED,1,0.75,-0.5,2,1,0.0,-1.0444,-1.0444,0.0,0.0
COMBINED,1,0.75,-0.5,3,38,0.34210526315789475,-0.20729473684210528,-7.8772,0.605942971485743,-7.649999999999999
COMBINED,1,0.75,-0.5,4,1,1.0,0.0456,0.0456,inf,0.0
COMBINED,1,0.75,-0.5,5,43,0.4186046511627907,0.03746046511627907,1.6108,1.1053499018966644,-6.1724
COMBINED,1,0.75,-0.5,6,69,0.5652173913043478,0.18415072463768115,12.706399999999999,1.5570050850429602,-5.4496
COMBINED,1,0.75,-0.5,7,3,0.3333333333333333,-0.14106666666666665,-0.42319999999999997,0.3943903835145965,-0.6988
COMBINED,1,0.75,-0.5,8,6,0.6666666666666666,0.5189333333333334,3.1136,3.9406875708349074,-0.7944
COMBINED,1,0.75,-0.5,9,40,0.3,-0.2669,-10.676,0.5283035540710108,-13.736399999999996
COMBINED,1,0.75,-0.5,10,41,0.5365853658536586,0.31267317073170736,12.819600000000001,2.0360444817999617,-2.7176
COMBINED,1,0.75,-0.5,11,35,0.2857142857142857,-0.3655428571428571,-12.793999999999999,0.3765107212475634,-13.610799999999996
COMBINED,1,0.75,-0.5,12,43,0.4883720930232558,0.06839069767441865,2.9408000000000016,1.1412705122785443,-4.5608
COMBINED,1,0.75,-0.5,13,1,0.0,-1.0444,-1.0444,0.0,0.0
COMBINED,1,0.75,-0.5,14,44,0.5681818181818182,0.3287818181818183,14.466400000000004,1.780128993291486,-3.1331999999999987
COMBINED,1,0.75,-0.5,15,5,0.4,0.055600000000000004,0.278,1.088727179879995,-1.0444
COMBINED,1,0.75,-0.5,16,8,0.625,0.2956,2.3648,1.8145494626618903,-2.9031999999999996
COMBINED,1,0.75,-0.5,17,5,0.6,0.6516000000000001,3.2580000000000005,2.7527437056165267,-1.0444
COMBINED,1,0.75,-0.5,18,20,0.35,-0.23240000000000002,-4.648000000000001,0.6179893484121245,-9.386
COMBINED,1,0.75,-0.5,19,2,0.5,0.3306,0.6612,1.6330907698199923,0.0
COMBINED,1,0.75,-0.5,20,71,0.4225352112676056,0.04334647887323946,3.0776000000000017,1.0798124500783182,-5.6316
COMBINED,1,0.75,-0.5,21,1,0.0,-1.0444,-1.0444,0.0,0.0
COMBINED,1,0.75,-0.5,22,17,0.29411764705882354,-0.20675294117647058,-3.5147999999999997,0.6906748336677581,-6.5428
COMBINED,1,0.75,-0.75,1,43,0.5813953488372093,0.2560651162790698,11.010800000000001,1.9460100350539558,-2.777599999999998
COMBINED,1,0.75,-0.75,2,1,0.0,-1.0444,-1.0444,0.0,0.0
COMBINED,1,0.75,-0.75,3,38,0.34210526315789475,-0.22703157894736842,-8.6272,0.5840308582449374,-8.399999999999999
COMBINED,1,0.75,-0.75,4,1,1.0,0.0456,0.0456,inf,0.0
COMBINED,1,0.75,-0.75,5,43,0.4186046511627907,0.03746046511627907,1.6108,1.1053499018966644,-6.1724
COMBINED,1,0.75,-0.75,6,69,0.5652173913043478,0.18415072463768115,12.706399999999999,1.5570050850429602,-5.4496
COMBINED,1,0.75,-0.75,7,3,0.3333333333333333,-0.14106666666666665,-0.42319999999999997,0.3943903835145965,-0.6988
COMBINED,1,0.75,-0.75,8,6,0.6666666666666666,0.5189333333333334,3.1136,3.9406875708349074,-0.7944
COMBINED,1,0.75,-0.75,9,40,0.3,-0.25539999999999996,-10.216,0.5392636155358722,-13.276399999999995
COMBINED,1,0.75,-0.75,10,41,0.5365853658536586,0.30560000000000004,12.529600000000002,1.9894184907925079,-2.7176
COMBINED,1,0.75,-0.75,11,35,0.2857142857142857,-0.3655428571428571,-12.793999999999999,0.3765107212475634,-13.610799999999996
COMBINED,1,0.75,-0.75,12,43,0.4883720930232558,0.06234418604651167,2.680800000000002,1.1271919836028241,-4.5608
COMBINED,1,0.75,-0.75,13,1,0.0,-1.0444,-1.0444,0.0,0.0
COMBINED,1,0.75,-0.75,14,44,0.5681818181818182,0.3287818181818183,14.466400000000004,1.780128993291486,-3.1331999999999987
COMBINED,1,0.75,-0.75,15,5,0.4,0.055600000000000004,0.278,1.088727179879995,-1.0444
COMBINED,1,0.75,-0.75,16,8,0.625,0.2956,2.3648,1.8145494626618903,-2.9031999999999996
COMBINED,1,0.75,-0.75,17,5,0.6,0.6516000000000001,3.2580000000000005,2.7527437056165267,-1.0444
COMBINED,1,0.75,-0.75,18,20,0.35,-0.23240000000000002,-4.648000000000001,0.6179893484121245,-9.386
COMBINED,1,0.75,-0.75,19,2,0.5,0.3306,0.6612,1.6330907698199923,0.0
COMBINED,1,0.75,-0.75,20,71,0.4225352112676056,0.03433239436619722,2.437600000000003,1.0621830389485818,-5.6316
COMBINED,1,0.75,-0.75,21,1,0.0,-1.0444,-1.0444,0.0,0.0
COMBINED,1,0.75,-0.75,22,17,0.29411764705882354,-0.20675294117647058,-3.5147999999999997,0.6906748336677581,-6.5428
COMBINED,1,1.0,0.0,1,43,0.5813953488372093,0.2560651162790698,11.010800000000001,1.9460100350539558,-2.777599999999998
COMBINED,1,1.0,0.0,2,1,0.0,-1.0444,-1.0444,0.0,0.0
COMBINED,1,1.0,0.0,3,38,0.34210526315789475,-0.22703157894736842,-8.6272,0.5840308582449374,-8.399999999999999
COMBINED,1,1.0,0.0,4,1,1.0,0.0456,0.0456,inf,0.0
COMBINED,1,1.0,0.0,5,43,0.4186046511627907,0.05653023255813955,2.4308000000000005,1.1679889426399446,-5.3524
COMBINED,1,1.0,0.0,6,69,0.5652173913043478,0.18415072463768115,12.706399999999999,1.5570050850429602,-5.4496
COMBINED,1,1.0,0.0,7,3,0.3333333333333333,-0.14106666666666665,-0.42319999999999997,0.3943903835145965,-0.6988
COMBINED,1,1.0,0.0,8,6,0.6666666666666666,0.5189333333333334,3.1136,3.9406875708349074,-0.7944
COMBINED,1,1.0,0.0,9,40,0.3,-0.25539999999999996,-10.216,0.5392636155358722,-13.276399999999995
COMBINED,1,1.0,0.0,10,41,0.5365853658536586,0.30560000000000004,12.529600000000002,1.9894184907925079,-2.7176
COMBINED,1,1.0,0.0,11,35,0.2857142857142857,-0.3655428571428571,-12.793999999999999,0.3765107212475634,-13.610799999999996
COMBINED,1,1.0,0.0,12,43,0.4883720930232558,0.06234418604651167,2.680800000000002,1.1271919836028241,-4.5608
COMBINED,1,1.0,0.0,13,1,0.0,-1.0444,-1.0444,0.0,0.0
COMBINED,1,1.0,0.0,14,44,0.5681818181818182,0.32196363636363645,14.166400000000003,1.7517884056125157,-3.1331999999999987
COMBINED,1,1.0,0.0,15,5,0.4,0.055600000000000004,0.278,1.088727179879995,-1.0444
COMBINED,1,1.0,0.0,16,8,0.625,0.2956,2.3648,1.8145494626618903,-2.9031999999999996
COMBINED,1,1.0,0.0,17,5,0.6,0.6516000000000001,3.2580000000000005,2.7527437056165267,-1.0444
COMBINED,1,1.0,0.0,18,20,0.35,-0.23240000000000002,-4.648000000000001,0.6179893484121245,-9.386
COMBINED,1,1.0,0.0,19,2,0.5,0.3306,0.6612,1.6330907698199923,0.0
COMBINED,1,1.0,0.0,20,71,0.4225352112676056,0.035318309859154975,2.507600000000003,1.0640831680739267,-5.5616
COMBINED,1,1.0,0.0,21,1,0.0,-0.25439999999999996,-0.25439999999999996,0.0,0.0
COMBINED,1,1.0,0.0,22,17,0.29411764705882354,-0.21616470588235293,-3.6748,0.6810844586385254,-6.7028
COMBINED,1,1.0,-0.25,1,43,0.5813953488372093,0.2560651162790698,11.010800000000001,1.9460100350539558,-2.777599999999998
COMBINED,1,1.0,-0.25,2,1,0.0,-1.0444,-1.0444,0.0,0.0
COMBINED,1,1.0,-0.25,3,38,0.34210526315789475,-0.22703157894736842,-8.6272,0.5840308582449374,-8.399999999999999
COMBINED,1,1.0,-0.25,4,1,1.0,0.0456,0.0456,inf,0.0
COMBINED,1,1.0,-0.25,5,43,0.4186046511627907,0.03746046511627907,1.6108,1.1053499018966644,-6.1724
COMBINED,1,1.0,-0.25,6,69,0.5652173913043478,0.18415072463768115,12.706399999999999,1.5570050850429602,-5.4496
COMBINED,1,1.0,-0.25,7,3,0.3333333333333333,-0.14106666666666665,-0.42319999999999997,0.3943903835145965,-0.6988
COMBINED,1,1.0,-0.25,8,6,0.6666666666666666,0.5189333333333334,3.1136,3.9406875708349074,-0.7944
COMBINED,1,1.0,-0.25,9,40,0.3,-0.25539999999999996,-10.216,0.5392636155358722,-13.276399999999995
COMBINED,1,1.0,-0.25,10,41,0.5365853658536586,0.30560000000000004,12.529600000000002,1.9894184907925079,-2.7176
COMBINED,1,1.0,-0.25,11,35,0.2857142857142857,-0.3655428571428571,-12.793999999999999,0.3765107212475634,-13.610799999999996
COMBINED,1,1.0,-0.25,12,43,0.4883720930232558,0.06234418604651167,2.680800000000002,1.1271919836028241,-4.5608
COMBINED,1,1.0,-0.25,13,1,0.0,-1.0444,-1.0444,0.0,0.0
COMBINED,1,1.0,-0.25,14,44,0.5681818181818182,0.32196363636363645,14.166400000000003,1.7517884056125157,-3.1331999999999987
COMBINED,1,1.0,-0.25,15,5,0.4,0.055600000000000004,0.278,1.088727179879995,-1.0444
COMBINED,1,1.0,-0.25,16,8,0.625,0.2956,2.3648,1.8145494626618903,-2.9031999999999996
COMBINED,1,1.0,-0.25,17,5,0.6,0.6516000000000001,3.2580000000000005,2.7527437056165267,-1.0444
COMBINED,1,1.0,-0.25,18,20,0.35,-0.23240000000000002,-4.648000000000001,0.6179893484121245,-9.386
COMBINED,1,1.0,-0.25,19,2,0.5,0.3306,0.6612,1.6330907698199923,0.0
COMBINED,1,1.0,-0.25,20,71,0.4225352112676056,0.035318309859154975,2.507600000000003,1.0640831680739267,-5.5616
COMBINED,1,1.0,-0.25,21,1,0.0,-1.0444,-1.0444,0.0,0.0
COMBINED,1,1.0,-0.25,22,17,0.29411764705882354,-0.21616470588235293,-3.6748,0.6810844586385254,-6.7028
COMBINED,1,1.0,-0.5,1,43,0.5813953488372093,0.2560651162790698,11.010800000000001,1.9460100350539558,-2.777599999999998
COMBINED,1,1.0,-0.5,2,1,0.0,-1.0444,-1.0444,0.0,0.0
COMBINED,1,1.0,-0.5,3,38,0.34210526315789475,-0.22703157894736842,-8.6272,0.5840308582449374,-8.399999999999999
COMBINED,1,1.0,-0.5,4,1,1.0,0.0456,0.0456,inf,0.0
COMBINED,1,1.0,-0.5,5,43,0.4186046511627907,0.03746046511627907,1.6108,1.1053499018966644,-6.1724
COMBINED,1,1.0,-0.5,6,69,0.5652173913043478,0.18415072463768115,12.706399999999999,1.5570050850429602,-5.4496
COMBINED,1,1.0,-0.5,7,3,0.3333333333333333,-0.14106666666666665,-0.42319999999999997,0.3943903835145965,-0.6988
COMBINED,1,1.0,-0.5,8,6,0.6666666666666666,0.5189333333333334,3.1136,3.9406875708349074,-0.7944
COMBINED,1,1.0,-0.5,9,40,0.3,-0.25539999999999996,-10.216,0.5392636155358722,-13.276399999999995
COMBINED,1,1.0,-0.5,10,41,0.5365853658536586,0.30560000000000004,12.529600000000002,1.9894184907925079,-2.7176
COMBINED,1,1.0,-0.5,11,35,0.2857142857142857,-0.3655428571428571,-12.793999999999999,0.3765107212475634,-13.610799999999996
COMBINED,1,1.0,-0.5,12,43,0.4883720930232558,0.06234418604651167,2.680800000000002,1.1271919836028241,-4.5608
COMBINED,1,1.0,-0.5,13,1,0.0,-1.0444,-1.0444,0.0,0.0
COMBINED,1,1.0,-0.5,14,44,0.5681818181818182,0.32196363636363645,14.166400000000003,1.7517884056125157,-3.1331999999999987
COMBINED,1,1.0,-0.5,15,5,0.4,0.055600000000000004,0.278,1.088727179879995,-1.0444
COMBINED,1,1.0,-0.5,16,8,0.625,0.2956,2.3648,1.8145494626618903,-2.9031999999999996
COMBINED,1,1.0,-0.5,17,5,0.6,0.6516000000000001,3.2580000000000005,2.7527437056165267,-1.0444
COMBINED,1,1.0,-0.5,18,20,0.35,-0.23240000000000002,-4.648000000000001,0.6179893484121245,-9.386
COMBINED,1,1.0,-0.5,19,2,0.5,0.3306,0.6612,1.6330907698199923,0.0
COMBINED,1,1.0,-0.5,20,71,0.4225352112676056,0.035318309859154975,2.507600000000003,1.0640831680739267,-5.5616
COMBINED,1,1.0,-0.5,21,1,0.0,-1.0444,-1.0444,0.0,0.0
COMBINED,1,1.0,-0.5,22,17,0.29411764705882354,-0.21616470588235293,-3.6748,0.6810844586385254,-6.7028
COMBINED,1,1.0,-0.75,1,43,0.5813953488372093,0.2560651162790698,11.010800000000001,1.9460100350539558,-2.777599999999998
COMBINED,1,1.0,-0.75,2,1,0.0,-1.0444,-1.0444,0.0,0.0
COMBINED,1,1.0,-0.75,3,38,0.34210526315789475,-0.22703157894736842,-8.6272,0.5840308582449374,-8.399999999999999
COMBINED,1,1.0,-0.75,4,1,1.0,0.0456,0.0456,inf,0.0
COMBINED,1,1.0,-0.75,5,43,0.4186046511627907,0.03746046511627907,1.6108,1.1053499018966644,-6.1724
COMBINED,1,1.0,-0.75,6,69,0.5652173913043478,0.18415072463768115,12.706399999999999,1.5570050850429602,-5.4496
COMBINED,1,1.0,-0.75,7,3,0.3333333333333333,-0.14106666666666665,-0.42319999999999997,0.3943903835145965,-0.6988
COMBINED,1,1.0,-0.75,8,6,0.6666666666666666,0.5189333333333334,3.1136,3.9406875708349074,-0.7944
COMBINED,1,1.0,-0.75,9,40,0.3,-0.25539999999999996,-10.216,0.5392636155358722,-13.276399999999995
COMBINED,1,1.0,-0.75,10,41,0.5365853658536586,0.30560000000000004,12.529600000000002,1.9894184907925079,-2.7176
COMBINED,1,1.0,-0.75,11,35,0.2857142857142857,-0.3655428571428571,-12.793999999999999,0.3765107212475634,-13.610799999999996
COMBINED,1,1.0,-0.75,12,43,0.4883720930232558,0.06234418604651167,2.680800000000002,1.1271919836028241,-4.5608
COMBINED,1,1.0,-0.75,13,1,0.0,-1.0444,-1.0444,0.0,0.0
COMBINED,1,1.0,-0.75,14,44,0.5681818181818182,0.32196363636363645,14.166400000000003,1.7517884056125157,-3.1331999999999987
COMBINED,1,1.0,-0.75,15,5,0.4,0.055600000000000004,0.278,1.088727179879995,-1.0444
COMBINED,1,1.0,-0.75,16,8,0.625,0.2956,2.3648,1.8145494626618903,-2.9031999999999996
COMBINED,1,1.0,-0.75,17,5,0.6,0.6516000000000001,3.2580000000000005,2.7527437056165267,-1.0444
COMBINED,1,1.0,-0.75,18,20,0.35,-0.23240000000000002,-4.648000000000001,0.6179893484121245,-9.386
COMBINED,1,1.0,-0.75,19,2,0.5,0.3306,0.6612,1.6330907698199923,0.0
COMBINED,1,1.0,-0.75,20,71,0.4225352112676056,0.035318309859154975,2.507600000000003,1.0640831680739267,-5.5616
COMBINED,1,1.0,-0.75,21,1,0.0,-1.0444,-1.0444,0.0,0.0
COMBINED,1,1.0,-0.75,22,17,0.29411764705882354,-0.21616470588235293,-3.6748,0.6810844586385254,-6.7028
COMBINED,2,0.25,0.0,1,43,0.37209302325581395,0.08443720930232561,3.630800000000001,1.287957616902481,-3.7827999999999977
COMBINED,2,0.25,0.0,2,1,0.0,-0.3344,-0.3344,0.0,0.0
COMBINED,2,0.25,0.0,3,38,0.21052631578947367,-0.2191368421052631,-8.327199999999998,0.5067409074754176,-7.832799999999998
COMBINED,2,0.25,0.0,4,1,0.0,-0.3644,-0.3644,0.0,0.0
COMBINED,2,0.25,0.0,5,43,0.32558139534883723,0.02234418604651164,0.9608000000000005,1.073300985687693,-5.9612
COMBINED,2,0.25,0.0,6,69,0.42028985507246375,0.12965797101449272,8.946399999999999,1.5049898396929327,-5.318
COMBINED,2,0.25,0.0,7,3,0.3333333333333333,-0.24440000000000003,-0.7332000000000001,0.2731958762886598,-1.0088000000000001
COMBINED,2,0.25,0.0,8,6,0.6666666666666666,0.6189333333333332,3.7135999999999996,9.094158674803838,-0.1943999999999999
COMBINED,2,0.25,0.0,9,40,0.225,-0.13765,-5.505999999999999,0.6121551942746049,-8.796399999999998
COMBINED,2,0.25,0.0,10,41,0.43902439024390244,0.24316097560975608,9.9696,1.9988378150923736,-1.9176000000000002
COMBINED,2,0.25,0.0,11,35,0.22857142857142856,-0.20668571428571422,-7.233999999999998,0.49159451253795133,-7.6608
COMBINED,2,0.25,0.0,12,43,0.27906976744186046,-0.0957953488372093,-4.1192,0.7512019521151942,-5.242399999999999
COMBINED,2,0.25,0.0,13,1,0.0,-0.4644,-0.4644,0.0,0.0
COMBINED,2,0.25,0.0,14,44,0.4772727272727273,0.30150909090909095,13.2664,1.8744463193419112,-3.1576000000000004
COMBINED,2,0.25,0.0,15,5,0.2,-0.2364,-1.182,0.5906635268042665,-1.2388
COMBINED,2,0.25,0.0,16,8,0.625,0.5406000000000001,4.324800000000001,5.585241730279899,-0.9431999999999992
COMBINED,2,0.25,0.0,17,5,0.4,0.42560000000000003,2.128,2.658354114713217,-1.2832
COMBINED,2,0.25,0.0,18,20,0.2,-0.2144,-4.288,0.4453068405257167,-5.970400000000001
COMBINED,2,0.25,0.0,19,2,0.5,0.5956,1.1912,3.3157076205287717,0.0
COMBINED,2,0.25,0.0,20,71,0.30985915492957744,-0.011160563380281674,-0.7923999999999989,0.9764835764906991,-6.951599999999999
COMBINED,2,0.25,0.0,21,1,0.0,-0.2844,-0.2844,0.0,0.0
COMBINED,2,0.25,0.0,22,17,0.23529411764705882,-0.0349882352941176,-0.5947999999999991,0.9117140651902866,-5.112799999999999
COMBINED,2,0.25,-0.25,1,43,0.4883720930232558,0.13839069767441864,5.950800000000001,1.4325715282623865,-2.6207999999999996
COMBINED,2,0.25,-0.25,2,1,0.0,-0.3344,-0.3344,0.0,0.0
COMBINED,2,0.25,-0.25,3,38,0.3157894736842105,-0.1546631578947368,-5.877199999999998,0.6657719342144175,-7.939999999999999
COMBINED,2,0.25,-0.25,4,1,0.0,-0.3644,-0.3644,0.0,0.0
COMBINED,2,0.25,-0.25,5,43,0.37209302325581395,0.05490232558139536,2.3608000000000002,1.1723362630303384,-6.551200000000001
COMBINED,2,0.25,-0.25,6,69,0.4927536231884058,0.16342608695652172,11.276399999999999,1.5752091409916347,-5.232399999999998
COMBINED,2,0.25,-0.25,7,3,0.3333333333333333,-0.24440000000000003,-0.7332000000000001,0.2731958762886598,-1.0088000000000001
COMBINED,2,0.25,-0.25,8,6,0.6666666666666666,0.5189333333333334,3.1136,3.9406875708349074,-0.7944
COMBINED,2,0.25,-0.25,9,40,0.275,-0.25715,-10.286,0.5351506715595004,-13.3464
COMBINED,2,0.25,-0.25,10,41,0.5121951219512195,0.3492585365853659,14.319600000000001,2.5619109947643977,-1.9875999999999996
COMBINED,2,0.25,-0.25,11,35,0.2857142857142857,-0.29211428571428566,-10.223999999999998,0.4304178272980502,-11.040799999999999
COMBINED,2,0.25,-0.25,12,43,0.3953488372093023,-0.008120930232558127,-0.3491999999999995,0.9826823510741703,-6.006799999999999
COMBINED,2,0.25,-0.25,13,1,0.0,-0.4644,-0.4644,0.0,0.0
COMBINED,2,0.25,-0.25,14,44,0.5227272727272727,0.3660545454545456,16.106400000000004,2.023122268523224,-3.1576000000000004
COMBINED,2,0.25,-0.25,15,5,0.4,0.1436,0.718,1.2665973563047674,-1.0444
COMBINED,2,0.25,-0.25,16,8,0.625,0.4206000000000001,3.3648000000000007,2.7679697351828496,-1.9032
COMBINED,2,0.25,-0.25,17,5,0.4,0.22759999999999997,1.138,1.500615871898645,-2.2732
COMBINED,2,0.25,-0.25,18,20,0.3,-0.12190000000000001,-2.438,0.7254999099261396,-7.175999999999999
COMBINED,2,0.25,-0.25,19,2,0.5,0.5956,1.1912,3.3157076205287717,0.0
COMBINED,2,0.25,-0.25,20,71,0.352112676056338,0.027290140845070424,1.9376000000000002,1.0554036897667871,-6.951599999999999
COMBINED,2,0.25,-0.25,21,1,0.0,-1.0444,-1.0444,0.0,0.0
COMBINED,2,0.25,-0.25,22,17,0.29411764705882354,-0.08498823529411763,-1.4447999999999996,0.8445247933884299,-4.982799999999999
COMBINED,2,0.25,-0.5,1,43,0.5581395348837209,0.2290883720930233,9.850800000000001,1.772999780281867,-2.777599999999998
COMBINED,2,0.25,-0.5,2,1,0.0,-1.0444,-1.0444,0.0,0.0
COMBINED,2,0.25,-0.5,3,38,0.34210526315789475,-0.22413684210526313,-8.517199999999999,0.5871449345613186,-8.29
COMBINED,2,0.25,-0.5,4,1,1.0,0.0456,0.0456,inf,0.0
COMBINED,2,0.25,-0.5,5,43,0.4186046511627907,0.04653023255813955,2.000800000000001,1.134281879194631,-5.792399999999999
COMBINED,2,0.25,-0.5,6,69,0.5652173913043478,0.2009623188405797,13.866399999999999,1.640421208202476,-4.5396
COMBINED,2,0.25,-0.5,7,3,0.3333333333333333,-0.24440000000000003,-0.7332000000000001,0.2731958762886598,-1.0088000000000001
COMBINED,2,0.25,-0.5,8,6,0.6666666666666666,0.5189333333333334,3.1136,3.9406875708349074,-0.7944
COMBINED,2,0.25,-0.5,9,40,0.3,-0.27365,-10.946,0.5220755178315694,-14.0064
COMBINED,2,0.25,-0.5,10,41,0.5365853658536586,0.35608780487804886,14.599600000000002,2.3781528470019633,-2.088799999999999
COMBINED,2,0.25,-0.5,11,35,0.2857142857142857,-0.35525714285714277,-12.433999999999997,0.383234126984127,-13.250799999999995
COMBINED,2,0.25,-0.5,12,43,0.4418604651162791,-0.012539534883720907,-0.539199999999999,0.9753627956281757,-5.4552
COMBINED,2,0.25,-0.5,13,1,0.0,-1.0444,-1.0444,0.0,0.0
COMBINED,2,0.25,-0.5,14,44,0.5454545454545454,0.34469090909090916,15.166400000000003,1.8559882605260187,-2.7432
COMBINED,2,0.25,-0.5,15,5,0.4,0.1436,0.718,1.2665973563047674,-1.0444
COMBINED,2,0.25,-0.5,16,8,0.625,0.32935000000000003,2.6348000000000003,2.000607625702567,-2.6331999999999995
COMBINED,2,0.25,-0.5,17,5,0.6,0.6516000000000001,3.2580000000000005,2.7527437056165267,-1.0444
COMBINED,2,0.25,-0.5,18,20,0.35,-0.19290000000000002,-3.858,0.6609007488661535,-8.596
COMBINED,2,0.25,-0.5,19,2,0.5,0.3306,0.6612,1.6330907698199923,0.0
COMBINED,2,0.25,-0.5,20,71,0.4084507042253521,0.038557746478873244,2.7376000000000005,1.073306055997086,-7.2216
COMBINED,2,0.25,-0.5,21,1,0.0,-1.0444,-1.0444,0.0,0.0
COMBINED,2,0.25,-0.5,22,17,0.29411764705882354,-0.1920470588235294,-3.2647999999999997,0.7062126556763372,-6.2928
COMBINED,2,0.25,-0.75,1,43,0.5813953488372093,0.26164651162790703,11.250800000000002,1.9869815425643906,-2.777599999999998
COMBINED,2,0.25,-0.75,2,1,0.0,-1.0444,-1.0444,0.0,0.0
COMBINED,2,0.25,-0.75,3,38,0.34210526315789475,-0.22413684210526313,-8.517199999999999,0.5871449345613186,-8.29
COMBINED,2,0.25,-0.75,4,1,1.0,0.0456,0.0456,inf,0.0
COMBINED,2,0.25,-0.75,5,43,0.4186046511627907,0.04653023255813955,2.000800000000001,1.134281879194631,-5.792399999999999
COMBINED,2,0.25,-0.75,6,69,0.5652173913043478,0.18415072463768115,12.706399999999999,1.5570050850429602,-5.4496
COMBINED,2,0.25,-0.75,7,3,0.3333333333333333,-0.14106666666666665,-0.42319999999999997,0.3943903835145965,-0.6988
COMBINED,2,0.25,-0.75,8,6,0.6666666666666666,0.5189333333333334,3.1136,3.9406875708349074,-0.7944
COMBINED,2,0.25,-0.75,9,40,0.3,-0.25539999999999996,-10.216,0.5392636155358722,-13.276399999999995
COMBINED,2,0.25,-0.75,10,41,0.5365853658536586,0.3095024390243903,12.689600000000002,2.0148757157938517,-2.7176
COMBINED,2,0.25,-0.75,11,35,0.2857142857142857,-0.3695428571428571,-12.934,0.37395934172313655,-13.750799999999995
COMBINED,2,0.25,-0.75,12,43,0.46511627906976744,0.015367441860465148,0.6608000000000014,1.0304780178218915,-5.4552
COMBINED,2,0.25,-0.75,13,1,0.0,-1.0444,-1.0444,0.0,0.0
COMBINED,2,0.25,-0.75,14,44,0.5681818181818182,0.3328727272727274,14.646400000000003,1.7975778169857763,-3.131999999999998
COMBINED,2,0.25,-0.75,15,5,0.4,0.055600000000000004,0.278,1.088727179879995,-1.0444
COMBINED,2,0.25,-0.75,16,8,0.625,0.2956,2.3648,1.8145494626618903,-2.9031999999999996
COMBINED,2,0.25,-0.75,17,5,0.6,0.6516000000000001,3.2580000000000005,2.7527437056165267,-1.0444
COMBINED,2,0.25,-0.75,18,20,0.35,-0.2354,-4.708,0.6149568175870191,-9.446
COMBINED,2,0.25,-0.75,19,2,0.5,0.3306,0.6612,1.6330907698199923,0.0
COMBINED,2,0.25,-0.75,20,71,0.4084507042253521,0.006445070422535233,0.45760000000000156,1.0115483232722935,-7.9216
COMBINED,2,0.25,-0.75,21,1,0.0,-1.0444,-1.0444,0.0,0.0
COMBINED,2,0.25,-0.75,22,17,0.29411764705882354,-0.21263529411764703,-3.6147999999999993,0.6846494748229055,-6.642799999999999
COMBINED,2,0.5,0.0,1,43,0.4883720930232558,0.14304186046511633,6.150800000000002,1.440072119512335,-2.777599999999998
COMBINED,2,0.5,0.0,2,1,0.0,-0.3344,-0.3344,0.0,0.0
COMBINED,2,0.5,0.0,3,38,0.3157894736842105,-0.1804526315789474,-6.857200000000001,0.6306263601301417,-7.18
COMBINED,2,0.5,0.0,4,1,1.0,0.0456,0.0456,inf,0.0
COMBINED,2,0.5,0.0,5,43,0.4186046511627907,0.0646697674418605,2.780800000000001,1.1969405099150143,-5.4716
COMBINED,2,0.5,0.0,6,69,0.5507246376811594,0.21719420289855074,14.986400000000001,1.7340373425285562,-4.009599999999999
COMBINED,2,0.5,0.0,7,3,0.3333333333333333,-0.24440000000000003,-0.7332000000000001,0.2731958762886598,-1.0088000000000001
COMBINED,2,0.5,0.0,8,6,0.6666666666666666,0.6189333333333332,3.7135999999999996,9.094158674803838,-0.1943999999999999
COMBINED,2,0.5,0.0,9,40,0.275,-0.21139999999999998,-8.456,0.5833990225445373,-11.516399999999997
COMBINED,2,0.5,0.0,10,41,0.4634146341463415,0.2682829268292683,10.999600000000001,2.0321672547106076,-2.1519999999999997
COMBINED,2,0.5,0.0,11,35,0.2857142857142857,-0.2635428571428571,-9.223999999999998,0.4558112094395281,-10.040799999999997
COMBINED,2,0.5,0.0,12,43,0.3488372093023256,-0.0669581395348837,-2.879199999999999,0.8506886823763691,-6.271199999999999
COMBINED,2,0.5,0.0,13,1,0.0,-1.0444,-1.0444,0.0,0.0
COMBINED,2,0.5,0.0,14,44,0.5227272727272727,0.339009090909091,14.916400000000003,1.9172323888232978,-3.3808000000000007
COMBINED,2,0.5,0.0,15,5,0.4,0.1436,0.718,1.2665973563047674,-1.0444
COMBINED,2,0.5,0.0,16,8,0.625,0.32935000000000003,2.6348000000000003,2.000607625702567,-2.6331999999999995
COMBINED,2,0.5,0.0,17,5,0.4,0.22759999999999997,1.138,1.500615871898645,-2.2732
COMBINED,2,0.5,0.0,18,20,0.25,-0.21939999999999998,-4.388,0.5398489932885905,-7.776
COMBINED,2,0.5,0.0,19,2,0.5,0.5956,1.1912,3.3157076205287717,0.0
COMBINED,2,0.5,0.0,20,71,0.38028169014084506,0.0451774647887324,3.2076000000000002,1.0920570779138776,-6.6815999999999995
COMBINED,2,0.5,0.0,21,1,0.0,-0.2844,-0.2844,0.0,0.0
COMBINED,2,0.5,0.0,22,17,0.29411764705882354,-0.12851764705882351,-2.1847999999999996,0.7822342715891876,-5.722799999999999
COMBINED,2,0.5,-0.25,1,43,0.5116279069767442,0.1546697674418605,6.650800000000002,1.485729309690047,-2.777599999999998
COMBINED,2,0.5,-0.25,2,1,0.0,-0.3344,-0.3344,0.0,0.0
COMBINED,2,0.5,-0.25,3,38,0.3157894736842105,-0.20045263157894738,-7.6172,0.6058247604065328,-7.9399999999999995
COMBINED,2,0.5,-0.25,4,1,1.0,0.0456,0.0456,inf,0.0
COMBINED,2,0.5,-0.25,5,43,0.4186046511627907,0.0646697674418605,2.780800000000001,1.1969405099150143,-5.4716
COMBINED,2,0.5,-0.25,6,69,0.5507246376811594,0.21719420289855074,14.986400000000001,1.7340373425285562,-4.009599999999999
COMBINED,2,0.5,-0.25,7,3,0.3333333333333333,-0.24440000000000003,-0.7332000000000001,0.2731958762886598,-1.0088000000000001
COMBINED,2,0.5,-0.25,8,6,0.6666666666666666,0.5189333333333334,3.1136,3.9406875708349074,-0.7944
COMBINED,2,0.5,-0.25,9,40,0.275,-0.25715,-10.286,0.5351506715595004,-13.3464
COMBINED,2,0.5,-0.25,10,41,0.5121951219512195,0.3246243902439025,13.309600000000001,2.307683238357241,-2.1519999999999992
COMBINED,2,0.5,-0.25,11,35,0.2857142857142857,-0.3129714285714285,-10.953999999999999,0.4135974304068524,-11.770799999999998
COMBINED,2,0.5,-0.25,12,43,0.3953488372093023,-0.024399999999999974,-1.0491999999999988,0.9497133873967141,-6.0068
COMBINED,2,0.5,-0.25,13,1,0.0,-1.0444,-1.0444,0.0,0.0
COMBINED,2,0.5,-0.25,14,44,0.5454545454545454,0.38355454545454554,16.876400000000004,2.054247876061969,-2.7432
COMBINED,2,0.5,-0.25,15,5,0.4,0.1436,0.718,1.2665973563047674,-1.0444
COMBINED,2,0.5,-0.25,16,8,0.625,0.32935000000000003,2.6348000000000003,2.000607625702567,-2.6331999999999995
COMBINED,2,0.5,-0.25,17,5,0.4,0.22759999999999997,1.138,1.500615871898645,-2.2732
COMBINED,2,0.5,-0.25,18,20,0.3,-0.15189999999999998,-3.038,0.6795899426257171,-7.776
COMBINED,2,0.5,-0.25,19,2,0.5,0.5956,1.1912,3.3157076205287717,0.0
COMBINED,2,0.5,-0.25,20,71,0.38028169014084506,0.035881690140845086,2.547600000000001,1.0717561036063943,-6.6815999999999995
COMBINED,2,0.5,-0.25,21,1,0.0,-1.0444,-1.0444,0.0,0.0
COMBINED,2,0.5,-0.25,22,17,0.29411764705882354,-0.12851764705882351,-2.1847999999999996,0.7822342715891876,-5.722799999999999
COMBINED,2,0.5,-0.5,1,43,0.5581395348837209,0.2290883720930233,9.850800000000001,1.772999780281867,-2.777599999999998
COMBINED,2,0.5,-0.5,2,1,0.0,-1.0444,-1.0444,0.0,0.0
COMBINED,2,0.5,-0.5,3,38,0.34210526315789475,-0.22413684210526313,-8.517199999999999,0.5871449345613186,-8.29
COMBINED,2,0.5,-0.5,4,1,1.0,0.0456,0.0456,inf,0.0
COMBINED,2,0.5,-0.5,5,43,0.4186046511627907,0.04653023255813955,2.000800000000001,1.134281879194631,-5.792399999999999
COMBINED,2,0.5,-0.5,6,69,0.5652173913043478,0.2009623188405797,13.866399999999999,1.640421208202476,-4.5396
COMBINED,2,0.5,-0.5,7,3,0.3333333333333333,-0.24440000000000003,-0.7332000000000001,0.2731958762886598,-1.0088000000000001
COMBINED,2,0.5,-0.5,8,6,0.6666666666666666,0.5189333333333334,3.1136,3.9406875708349074,-0.7944
COMBINED,2,0.5,-0.5,9,40,0.3,-0.27365,-10.946,0.5220755178315694,-14.0064
COMBINED,2,0.5,-0.5,10,41,0.5365853658536586,0.35608780487804886,14.599600000000002,2.3781528470019633,-2.088799999999999
COMBINED,2,0.5,-0.5,11,35,0.2857142857142857,-0.35525714285714277,-12.433999999999997,0.383234126984127,-13.250799999999995
COMBINED,2,0.5,-0.5,12,43,0.4418604651162791,-0.012539534883720907,-0.539199999999999,0.9753627956281757,-5.4552
COMBINED,2,0.5,-0.5,13,1,0.0,-1.0444,-1.0444,0.0,0.0
COMBINED,2,0.5,-0.5,14,44,0.5454545454545454,0.34469090909090916,15.166400000000003,1.8559882605260187,-2.7432
COMBINED,2,0.5,-0.5,15,5,0.4,0.1436,0.718,1.2665973563047674,-1.0444
COMBINED,2,0.5,-0.5,16,8,0.625,0.32935000000000003,2.6348000000000003,2.000607625702567,-2.6331999999999995
COMBINED,2,0.5,-0.5,17,5,0.6,0.6516000000000001,3.2580000000000005,2.7527437056165267,-1.0444
COMBINED,2,0.5,-0.5,18,20,0.35,-0.19290000000000002,-3.858,0.6609007488661535,-8.596
COMBINED,2,0.5,-0.5,19,2,0.5,0.3306,0.6612,1.6330907698199923,0.0
COMBINED,2,0.5,-0.5,20,71,0.4084507042253521,0.038557746478873244,2.7376000000000005,1.073306055997086,-7.2216
COMBINED,2,0.5,-0.5,21,1,0.0,-1.0444,-1.0444,0.0,0.0
COMBINED,2,0.5,-0.5,22,17,0.29411764705882354,-0.1920470588235294,-3.2647999999999997,0.7062126556763372,-6.2928
COMBINED,2,0.5,-0.75,1,43,0.5813953488372093,0.26164651162790703,11.250800000000002,1.9869815425643906,-2.777599999999998
COMBINED,2,0.5,-0.75,2,1,0.0,-1.0444,-1.0444,0.0,0.0
COMBINED,2,0.5,-0.75,3,38,0.34210526315789475,-0.22413684210526313,-8.517199999999999,0.5871449345613186,-8.29
COMBINED,2,0.5,-0.75,4,1,1.0,0.0456,0.0456,inf,0.0
COMBINED,2,0.5,-0.75,5,43,0.4186046511627907,0.04653023255813955,2.000800000000001,1.134281879194631,-5.792399999999999
COMBINED,2,0.5,-0.75,6,69,0.5652173913043478,0.18415072463768115,12.706399999999999,1.5570050850429602,-5.4496
COMBINED,2,0.5,-0.75,7,3,0.3333333333333333,-0.14106666666666665,-0.42319999999999997,0.3943903835145965,-0.6988
COMBINED,2,0.5,-0.75,8,6,0.6666666666666666,0.5189333333333334,3.1136,3.9406875708349074,-0.7944
COMBINED,2,0.5,-0.75,9,40,0.3,-0.25539999999999996,-10.216,0.5392636155358722,-13.276399999999995
COMBINED,2,0.5,-0.75,10,41,0.5365853658536586,0.3095024390243903,12.689600000000002,2.0148757157938517,-2.7176
COMBINED,2,0.5,-0.75,11,35,0.2857142857142857,-0.3695428571428571,-12.934,0.37395934172313655,-13.750799999999995
COMBINED,2,0.5,-0.75,12,43,0.46511627906976744,0.015367441860465148,0.6608000000000014,1.0304780178218915,-5.4552
COMBINED,2,0.5,-0.75,13,1,0.0,-1.0444,-1.0444,0.0,0.0
COMBINED,2,0.5,-0.75,14,44,0.5681818181818182,0.3328727272727274,14.646400000000003,1.7975778169857763,-3.131999999999998
COMBINED,2,0.5,-0.75,15,5,0.4,0.055600000000000004,0.278,1.088727179879995,-1.0444
COMBINED,2,0.5,-0.75,16,8,0.625,0.2956,2.3648,1.8145494626618903,-2.9031999999999996
COMBINED,2,0.5,-0.75,17,5,0.6,0.6516000000000001,3.2580000000000005,2.7527437056165267,-1.0444
COMBINED,2,0.5,-0.75,18,20,0.35,-0.2354,-4.708,0.6149568175870191,-9.446
COMBINED,2,0.5,-0.75,19,2,0.5,0.3306,0.6612,1.6330907698199923,0.0
COMBINED,2,0.5,-0.75,20,71,0.4084507042253521,0.006445070422535233,0.45760000000000156,1.0115483232722935,-7.9216
COMBINED,2,0.5,-0.75,21,1,0.0,-1.0444,-1.0444,0.0,0.0
COMBINED,2,0.5,-0.75,22,17,0.29411764705882354,-0.21263529411764703,-3.6147999999999993,0.6846494748229055,-6.642799999999999
COMBINED,2,0.75,0.0,1,43,0.5813953488372093,0.26164651162790703,11.250800000000002,1.9869815425643906,-2.777599999999998
COMBINED,2,0.75,0.0,2,1,0.0,-0.3344,-0.3344,0.0,0.0
COMBINED,2,0.75,0.0,3,38,0.34210526315789475,-0.22413684210526313,-8.517199999999999,0.5871449345613186,-8.29
COMBINED,2,0.75,0.0,4,1,1.0,0.0456,0.0456,inf,0.0
COMBINED,2,0.75,0.0,5,43,0.4186046511627907,0.04653023255813955,2.000800000000001,1.134281879194631,-5.792399999999999
COMBINED,2,0.75,0.0,6,69,0.5652173913043478,0.18415072463768115,12.706399999999999,1.5570050850429602,-5.4496
COMBINED,2,0.75,0.0,7,3,0.3333333333333333,-0.14106666666666665,-0.42319999999999997,0.3943903835145965,-0.6988
COMBINED,2,0.75,0.0,8,6,0.6666666666666666,0.5189333333333334,3.1136,3.9406875708349074,-0.7944
COMBINED,2,0.75,0.0,9,40,0.3,-0.2624,-10.496,0.5325387917980511,-13.556399999999996
COMBINED,2,0.75,0.0,10,41,0.5365853658536586,0.3343804878048781,13.709600000000002,2.1938416524434845,-2.427600000000001
COMBINED,2,0.75,0.0,11,35,0.2857142857142857,-0.3786857142857143,-13.254,0.3682554814108675,-14.070799999999993
COMBINED,2,0.75,0.0,12,43,0.4186046511627907,-0.06835348837209299,-2.9391999999999983,0.8679011235955056,-6.3668
COMBINED,2,0.75,0.0,13,1,0.0,-1.0444,-1.0444,0.0,0.0
COMBINED,2,0.75,0.0,14,44,0.5681818181818182,0.3624181818181819,15.946400000000004,1.9345272978738368,-2.7432
COMBINED,2,0.75,0.0,15,5,0.4,0.055600000000000004,0.278,1.088727179879995,-1.0444
COMBINED,2,0.75,0.0,16,8,0.625,0.2956,2.3648,1.8145494626618903,-2.9031999999999996
COMBINED,2,0.75,0.0,17,5,0.6,0.6516000000000001,3.2580000000000005,2.7527437056165267,-1.0444
COMBINED,2,0.75,0.0,18,20,0.35,-0.15390000000000004,-3.0780000000000007,0.709545917789605,-7.816000000000001
COMBINED,2,0.75,0.0,19,2,0.5,0.3306,0.6612,1.6330907698199923,0.0
COMBINED,2,0.75,0.0,20,71,0.4084507042253521,0.03898028169014087,2.7676000000000016,1.0741689624492152,-7.2216
COMBINED,2,0.75,0.0,21,1,0.0,-0.2844,-0.2844,0.0,0.0
COMBINED,2,0.75,0.0,22,17,0.29411764705882354,-0.1585176470588235,-2.6948,0.7443942785597754,-5.722799999999999
COMBINED,2,0.75,-0.25,1,43,0.5813953488372093,0.26164651162790703,11.250800000000002,1.9869815425643906,-2.777599999999998
COMBINED,2,0.75,-0.25,2,1,0.0,-0.3344,-0.3344,0.0,0.0
COMBINED,2,0.75,-0.25,3,38,0.34210526315789475,-0.22413684210526313,-8.517199999999999,0.5871449345613186,-8.29
COMBINED,2,0.75,-0.25,4,1,1.0,0.0456,0.0456,inf,0.0
COMBINED,2,0.75,-0.25,5,43,0.4186046511627907,0.04653023255813955,2.000800000000001,1.134281879194631,-5.792399999999999
COMBINED,2,0.75,-0.25,6,69,0.5652173913043478,0.18415072463768115,12.706399999999999,1.5570050850429602,-5.4496
COMBINED,2,0.75,-0.25,7,3,0.3333333333333333,-0.14106666666666665,-0.42319999999999997,0.3943903835145965,-0.6988
COMBINED,2,0.75,-0.25,8,6,0.6666666666666666,0.5189333333333334,3.1136,3.9406875708349074,-0.7944
COMBINED,2,0.75,-0.25,9,40,0.3,-0.2624,-10.496,0.5325387917980511,-13.556399999999996
COMBINED,2,0.75,-0.25,10,41,0.5365853658536586,0.3343804878048781,13.709600000000002,2.1938416524434845,-2.427600000000001
COMBINED,2,0.75,-0.25,11,35,0.2857142857142857,-0.3786857142857143,-13.254,0.3682554814108675,-14.070799999999993
COMBINED,2,0.75,-0.25,12,43,0.4418604651162791,-0.026260465116279018,-1.1291999999999978,0.9490101871252076,-6.3668
COMBINED,2,0.75,-0.25,13,1,0.0,-1.0444,-1.0444,0.0,0.0
COMBINED,2,0.75,-0.25,14,44,0.5681818181818182,0.3624181818181819,15.946400000000004,1.9345272978738368,-2.7432
COMBINED,2,0.75,-0.25,15,5,0.4,0.055600000000000004,0.278,1.088727179879995,-1.0444
COMBINED,2,0.75,-0.25,16,8,0.625,0.2956,2.3648,1.8145494626618903,-2.9031999999999996
COMBINED,2,0.75,-0.25,17,5,0.6,0.6516000000000001,3.2580000000000005,2.7527437056165267,-1.0444
COMBINED,2,0.75,-0.25,18,20,0.35,-0.15390000000000004,-3.0780000000000007,0.709545917789605,-7.816000000000001
COMBINED,2,0.75,-0.25,19,2,0.5,0.3306,0.6612,1.6330907698199923,0.0
COMBINED,2,0.75,-0.25,20,71,0.4084507042253521,0.03898028169014087,2.7676000000000016,1.0741689624492152,-7.2216
COMBINED,2,0.75,-0.25,21,1,0.0,-1.0444,-1.0444,0.0,0.0
COMBINED,2,0.75,-0.25,22,17,0.29411764705882354,-0.1585176470588235,-2.6948,0.7443942785597754,-5.722799999999999
COMBINED,2,0.75,-0.5,1,43,0.5813953488372093,0.26164651162790703,11.250800000000002,1.9869815425643906,-2.777599999999998
COMBINED,2,0.75,-0.5,2,1,0.0,-1.0444,-1.0444,0.0,0.0
COMBINED,2,0.75,-0.5,3,38,0.34210526315789475,-0.22413684210526313,-8.517199999999999,0.5871449345613186,-8.29
COMBINED,2,0.75,-0.5,4,1,1.0,0.0456,0.0456,inf,0.0
COMBINED,2,0.75,-0.5,5,43,0.4186046511627907,0.04653023255813955,2.000800000000001,1.134281879194631,-5.792399999999999
COMBINED,2,0.75,-0.5,6,69,0.5652173913043478,0.18415072463768115,12.706399999999999,1.5570050850429602,-5.4496
COMBINED,2,0.75,-0.5,7,3,0.3333333333333333,-0.14106666666666665,-0.42319999999999997,0.3943903835145965,-0.6988
COMBINED,2,0.75,-0.5,8,6,0.6666666666666666,0.5189333333333334,3.1136,3.9406875708349074,-0.7944
COMBINED,2,0.75,-0.5,9,40,0.3,-0.25539999999999996,-10.216,0.5392636155358722,-13.276399999999995
COMBINED,2,0.75,-0.5,10,41,0.5365853658536586,0.3343804878048781,13.709600000000002,2.1938416524434845,-2.427600000000001
COMBINED,2,0.75,-0.5,11,35,0.2857142857142857,-0.3786857142857143,-13.254,0.3682554814108675,-14.070799999999993
COMBINED,2,0.75,-0.5,12,43,0.46511627906976744,0.015367441860465148,0.6608000000000014,1.0304780178218915,-5.4552
COMBINED,2,0.75,-0.5,13,1,0.0,-1.0444,-1.0444,0.0,0.0
COMBINED,2,0.75,-0.5,14,44,0.5681818181818182,0.3496909090909091,15.386400000000002,1.8730565832179578,-2.7432
COMBINED,2,0.75,-0.5,15,5,0.4,0.055600000000000004,0.278,1.088727179879995,-1.0444
COMBINED,2,0.75,-0.5,16,8,0.625,0.2956,2.3648,1.8145494626618903,-2.9031999999999996
COMBINED,2,0.75,-0.5,17,5,0.6,0.6516000000000001,3.2580000000000005,2.7527437056165267,-1.0444
COMBINED,2,0.75,-0.5,18,20,0.35,-0.21139999999999998,-4.228,0.6400844456551349,-8.966
COMBINED,2,0.75,-0.5,19,2,0.5,0.3306,0.6612,1.6330907698199923,0.0
COMBINED,2,0.75,-0.5,20,71,0.4084507042253521,0.02898028169014085,2.0576000000000003,1.054112053186341,-7.2216
COMBINED,2,0.75,-0.5,21,1,0.0,-1.0444,-1.0444,0.0,0.0
COMBINED,2,0.75,-0.5,22,17,0.29411764705882354,-0.1920470588235294,-3.2647999999999997,0.7062126556763372,-6.2928
COMBINED,2,0.75,-0.75,1,43,0.5813953488372093,0.26164651162790703,11.250800000000002,1.9869815425643906,-2.777599999999998
COMBINED,2,0.75,-0.75,2,1,0.0,-1.0444,-1.0444,0.0,0.0
COMBINED,2,0.75,-0.75,3,38,0.34210526315789475,-0.22413684210526313,-8.517199999999999,0.5871449345613186,-8.29
COMBINED,2,0.75,-0.75,4,1,1.0,0.0456,0.0456,inf,0.0
COMBINED,2,0.75,-0.75,5,43,0.4186046511627907,0.04653023255813955,2.000800000000001,1.134281879194631,-5.792399999999999
COMBINED,2,0.75,-0.75,6,69,0.5652173913043478,0.18415072463768115,12.706399999999999,1.5570050850429602,-5.4496
COMBINED,2,0.75,-0.75,7,3,0.3333333333333333,-0.14106666666666665,-0.42319999999999997,0.3943903835145965,-0.6988
COMBINED,2,0.75,-0.75,8,6,0.6666666666666666,0.5189333333333334,3.1136,3.9406875708349074,-0.7944
COMBINED,2,0.75,-0.75,9,40,0.3,-0.25539999999999996,-10.216,0.5392636155358722,-13.276399999999995
COMBINED,2,0.75,-0.75,10,41,0.5365853658536586,0.3095024390243903,12.689600000000002,2.0148757157938517,-2.7176
COMBINED,2,0.75,-0.75,11,35,0.2857142857142857,-0.3695428571428571,-12.934,0.37395934172313655,-13.750799999999995
COMBINED,2,0.75,-0.75,12,43,0.46511627906976744,0.015367441860465148,0.6608000000000014,1.0304780178218915,-5.4552
COMBINED,2,0.75,-0.75,13,1,0.0,-1.0444,-1.0444,0.0,0.0
COMBINED,2,0.75,-0.75,14,44,0.5681818181818182,0.3328727272727274,14.646400000000003,1.7975778169857763,-3.131999999999998
COMBINED,2,0.75,-0.75,15,5,0.4,0.055600000000000004,0.278,1.088727179879995,-1.0444
COMBINED,2,0.75,-0.75,16,8,0.625,0.2956,2.3648,1.8145494626618903,-2.9031999999999996
COMBINED,2,0.75,-0.75,17,5,0.6,0.6516000000000001,3.2580000000000005,2.7527437056165267,-1.0444
COMBINED,2,0.75,-0.75,18,20,0.35,-0.2354,-4.708,0.6149568175870191,-9.446
COMBINED,2,0.75,-0.75,19,2,0.5,0.3306,0.6612,1.6330907698199923,0.0
COMBINED,2,0.75,-0.75,20,71,0.4084507042253521,0.006445070422535233,0.45760000000000156,1.0115483232722935,-7.9216
COMBINED,2,0.75,-0.75,21,1,0.0,-1.0444,-1.0444,0.0,0.0
COMBINED,2,0.75,-0.75,22,17,0.29411764705882354,-0.21263529411764703,-3.6147999999999993,0.6846494748229055,-6.642799999999999
COMBINED,2,1.0,0.0,1,43,0.5813953488372093,0.2560651162790698,11.010800000000001,1.9460100350539558,-2.777599999999998
COMBINED,2,1.0,0.0,2,1,0.0,-1.0444,-1.0444,0.0,0.0
COMBINED,2,1.0,0.0,3,38,0.34210526315789475,-0.22413684210526313,-8.517199999999999,0.5871449345613186,-8.29
COMBINED,2,1.0,0.0,4,1,1.0,0.0456,0.0456,inf,0.0
COMBINED,2,1.0,0.0,5,43,0.4186046511627907,0.037693023255813966,1.6208000000000007,1.1060732984293193,-6.1724
COMBINED,2,1.0,0.0,6,69,0.5652173913043478,0.18415072463768115,12.706399999999999,1.5570050850429602,-5.4496
COMBINED,2,1.0,0.0,7,3,0.3333333333333333,-0.14106666666666665,-0.42319999999999997,0.3943903835145965,-0.6988
COMBINED,2,1.0,0.0,8,6,0.6666666666666666,0.5189333333333334,3.1136,3.9406875708349074,-0.7944
COMBINED,2,1.0,0.0,9,40,0.3,-0.25539999999999996,-10.216,0.5392636155358722,-13.276399999999995
COMBINED,2,1.0,0.0,10,41,0.5365853658536586,0.31194146341463425,12.789600000000004,2.031119997420104,-2.7176
COMBINED,2,1.0,0.0,11,35,0.2857142857142857,-0.3715428571428571,-13.004,0.3726965750120598,-13.820799999999995
COMBINED,2,1.0,0.0,12,43,0.4883720930232558,0.06304186046511631,2.710800000000001,1.1287986772335936,-4.360799999999999
COMBINED,2,1.0,0.0,13,1,0.0,-1.0444,-1.0444,0.0,0.0
COMBINED,2,1.0,0.0,14,44,0.5681818181818182,0.32969090909090915,14.506400000000003,1.783977172009771,-3.131999999999998
COMBINED,2,1.0,0.0,15,5,0.4,0.055600000000000004,0.278,1.088727179879995,-1.0444
COMBINED,2,1.0,0.0,16,8,0.625,0.2956,2.3648,1.8145494626618903,-2.9031999999999996
COMBINED,2,1.0,0.0,17,5,0.6,0.6516000000000001,3.2580000000000005,2.7527437056165267,-1.0444
COMBINED,2,1.0,0.0,18,20,0.35,-0.20990000000000003,-4.198,0.6417232785989827,-8.936
COMBINED,2,1.0,0.0,19,2,0.5,0.3306,0.6612,1.6330907698199923,0.0
COMBINED,2,1.0,0.0,20,71,0.4225352112676056,0.04151549295774652,2.947600000000003,1.0761842731013374,-5.4016
COMBINED,2,1.0,0.0,21,1,0.0,-0.2844,-0.2844,0.0,0.0
COMBINED,2,1.0,0.0,22,17,0.29411764705882354,-0.19557647058823524,-3.3247999999999993,0.702420163253616,-6.352799999999999
COMBINED,2,1.0,-0.25,1,43,0.5813953488372093,0.2560651162790698,11.010800000000001,1.9460100350539558,-2.777599999999998
COMBINED,2,1.0,-0.25,2,1,0.0,-1.0444,-1.0444,0.0,0.0
COMBINED,2,1.0,-0.25,3,38,0.34210526315789475,-0.22413684210526313,-8.517199999999999,0.5871449345613186,-8.29
COMBINED,2,1.0,-0.25,4,1,1.0,0.0456,0.0456,inf,0.0
COMBINED,2,1.0,-0.25,5,43,0.4186046511627907,0.037693023255813966,1.6208000000000007,1.1060732984293193,-6.1724
COMBINED,2,1.0,-0.25,6,69,0.5652173913043478,0.18415072463768115,12.706399999999999,1.5570050850429602,-5.4496
COMBINED,2,1.0,-0.25,7,3,0.3333333333333333,-0.14106666666666665,-0.42319999999999997,0.3943903835145965,-0.6988
COMBINED,2,1.0,-0.25,8,6,0.6666666666666666,0.5189333333333334,3.1136,3.9406875708349074,-0.7944
COMBINED,2,1.0,-0.25,9,40,0.3,-0.25539999999999996,-10.216,0.5392636155358722,-13.276399999999995
COMBINED,2,1.0,-0.25,10,41,0.5365853658536586,0.31194146341463425,12.789600000000004,2.031119997420104,-2.7176
COMBINED,2,1.0,-0.25,11,35,0.2857142857142857,-0.3715428571428571,-13.004,0.3726965750120598,-13.820799999999995
COMBINED,2,1.0,-0.25,12,43,0.4883720930232558,0.06304186046511631,2.710800000000001,1.1287986772335936,-4.360799999999999
COMBINED,2,1.0,-0.25,13,1,0.0,-1.0444,-1.0444,0.0,0.0
COMBINED,2,1.0,-0.25,14,44,0.5681818181818182,0.32969090909090915,14.506400000000003,1.783977172009771,-3.131999999999998
COMBINED,2,1.0,-0.25,15,5,0.4,0.055600000000000004,0.278,1.088727179879995,-1.0444
COMBINED,2,1.0,-0.25,16,8,0.625,0.2956,2.3648,1.8145494626618903,-2.9031999999999996
COMBINED,2,1.0,-0.25,17,5,0.6,0.6516000000000001,3.2580000000000005,2.7527437056165267,-1.0444
COMBINED,2,1.0,-0.25,18,20,0.35,-0.20990000000000003,-4.198,0.6417232785989827,-8.936
COMBINED,2,1.0,-0.25,19,2,0.5,0.3306,0.6612,1.6330907698199923,0.0
COMBINED,2,1.0,-0.25,20,71,0.4225352112676056,0.04151549295774652,2.947600000000003,1.0761842731013374,-5.4016
COMBINED,2,1.0,-0.25,21,1,0.0,-1.0444,-1.0444,0.0,0.0
COMBINED,2,1.0,-0.25,22,17,0.29411764705882354,-0.19557647058823524,-3.3247999999999993,0.702420163253616,-6.352799999999999
COMBINED,2,1.0,-0.5,1,43,0.5813953488372093,0.2560651162790698,11.010800000000001,1.9460100350539558,-2.777599999999998
COMBINED,2,1.0,-0.5,2,1,0.0,-1.0444,-1.0444,0.0,0.0
COMBINED,2,1.0,-0.5,3,38,0.34210526315789475,-0.22413684210526313,-8.517199999999999,0.5871449345613186,-8.29
COMBINED,2,1.0,-0.5,4,1,1.0,0.0456,0.0456,inf,0.0
COMBINED,2,1.0,-0.5,5,43,0.4186046511627907,0.037693023255813966,1.6208000000000007,1.1060732984293193,-6.1724
COMBINED,2,1.0,-0.5,6,69,0.5652173913043478,0.18415072463768115,12.706399999999999,1.5570050850429602,-5.4496
COMBINED,2,1.0,-0.5,7,3,0.3333333333333333,-0.14106666666666665,-0.42319999999999997,0.3943903835145965,-0.6988
COMBINED,2,1.0,-0.5,8,6,0.6666666666666666,0.5189333333333334,3.1136,3.9406875708349074,-0.7944
COMBINED,2,1.0,-0.5,9,40,0.3,-0.25539999999999996,-10.216,0.5392636155358722,-13.276399999999995
COMBINED,2,1.0,-0.5,10,41,0.5365853658536586,0.31194146341463425,12.789600000000004,2.031119997420104,-2.7176
COMBINED,2,1.0,-0.5,11,35,0.2857142857142857,-0.3715428571428571,-13.004,0.3726965750120598,-13.820799999999995
COMBINED,2,1.0,-0.5,12,43,0.4883720930232558,0.06304186046511631,2.710800000000001,1.1287986772335936,-4.360799999999999
COMBINED,2,1.0,-0.5,13,1,0.0,-1.0444,-1.0444,0.0,0.0
COMBINED,2,1.0,-0.5,14,44,0.5681818181818182,0.32969090909090915,14.506400000000003,1.783977172009771,-3.131999999999998
COMBINED,2,1.0,-0.5,15,5,0.4,0.055600000000000004,0.278,1.088727179879995,-1.0444
COMBINED,2,1.0,-0.5,16,8,0.625,0.2956,2.3648,1.8145494626618903,-2.9031999999999996
COMBINED,2,1.0,-0.5,17,5,0.6,0.6516000000000001,3.2580000000000005,2.7527437056165267,-1.0444
COMBINED,2,1.0,-0.5,18,20,0.35,-0.2354,-4.708,0.6149568175870191,-9.446
COMBINED,2,1.0,-0.5,19,2,0.5,0.3306,0.6612,1.6330907698199923,0.0
COMBINED,2,1.0,-0.5,20,71,0.4225352112676056,0.04151549295774652,2.947600000000003,1.0761842731013374,-5.4016
COMBINED,2,1.0,-0.5,21,1,0.0,-1.0444,-1.0444,0.0,0.0
COMBINED,2,1.0,-0.5,22,17,0.29411764705882354,-0.19557647058823524,-3.3247999999999993,0.702420163253616,-6.352799999999999
COMBINED,2,1.0,-0.75,1,43,0.5813953488372093,0.2560651162790698,11.010800000000001,1.9460100350539558,-2.777599999999998
COMBINED,2,1.0,-0.75,2,1,0.0,-1.0444,-1.0444,0.0,0.0
COMBINED,2,1.0,-0.75,3,38,0.34210526315789475,-0.22413684210526313,-8.517199999999999,0.5871449345613186,-8.29
COMBINED,2,1.0,-0.75,4,1,1.0,0.0456,0.0456,inf,0.0
COMBINED,2,1.0,-0.75,5,43,0.4186046511627907,0.037693023255813966,1.6208000000000007,1.1060732984293193,-6.1724
COMBINED,2,1.0,-0.75,6,69,0.5652173913043478,0.18415072463768115,12.706399999999999,1.5570050850429602,-5.4496
COMBINED,2,1.0,-0.75,7,3,0.3333333333333333,-0.14106666666666665,-0.42319999999999997,0.3943903835145965,-0.6988
COMBINED,2,1.0,-0.75,8,6,0.6666666666666666,0.5189333333333334,3.1136,3.9406875708349074,-0.7944
COMBINED,2,1.0,-0.75,9,40,0.3,-0.25539999999999996,-10.216,0.5392636155358722,-13.276399999999995
COMBINED,2,1.0,-0.75,10,41,0.5365853658536586,0.30560000000000004,12.529600000000002,1.9894184907925079,-2.7176
COMBINED,2,1.0,-0.75,11,35,0.2857142857142857,-0.3715428571428571,-13.004,0.3726965750120598,-13.820799999999995
COMBINED,2,1.0,-0.75,12,43,0.4883720930232558,0.06304186046511631,2.710800000000001,1.1287986772335936,-4.360799999999999
COMBINED,2,1.0,-0.75,13,1,0.0,-1.0444,-1.0444,0.0,0.0
COMBINED,2,1.0,-0.75,14,44,0.5681818181818182,0.32969090909090915,14.506400000000003,1.783977172009771,-3.131999999999998
COMBINED,2,1.0,-0.75,15,5,0.4,0.055600000000000004,0.278,1.088727179879995,-1.0444
COMBINED,2,1.0,-0.75,16,8,0.625,0.2956,2.3648,1.8145494626618903,-2.9031999999999996
COMBINED,2,1.0,-0.75,17,5,0.6,0.6516000000000001,3.2580000000000005,2.7527437056165267,-1.0444
COMBINED,2,1.0,-0.75,18,20,0.35,-0.2354,-4.708,0.6149568175870191,-9.446
COMBINED,2,1.0,-0.75,19,2,0.5,0.3306,0.6612,1.6330907698199923,0.0
COMBINED,2,1.0,-0.75,20,71,0.4225352112676056,0.03771267605633808,2.6776000000000035,1.0687261937762442,-5.4016
COMBINED,2,1.0,-0.75,21,1,0.0,-1.0444,-1.0444,0.0,0.0
COMBINED,2,1.0,-0.75,22,17,0.29411764705882354,-0.21616470588235293,-3.6748,0.6810844586385254,-6.7028
COMBINED,3,0.25,0.0,1,43,0.32558139534883723,0.03606511627906979,1.550800000000001,1.1209898889027587,-3.7927999999999993
COMBINED,3,0.25,0.0,2,1,0.0,-0.23439999999999997,-0.23439999999999997,0.0,0.0
COMBINED,3,0.25,0.0,3,38,0.18421052631578946,-0.2051894736842105,-7.797199999999999,0.5301872695283314,-6.982799999999999
COMBINED,3,0.25,0.0,4,1,0.0,-0.3644,-0.3644,0.0,0.0
COMBINED,3,0.25,0.0,5,43,0.27906976744186046,0.005367441860465133,0.23080000000000073,1.0203591969231858,-4.2912
COMBINED,3,0.25,0.0,6,69,0.391304347826087,0.12777391304347827,8.8164,1.4976855510646467,-5.647999999999998
COMBINED,3,0.25,0.0,7,3,0.3333333333333333,-0.20773333333333333,-0.6232,0.3066310636404095,-0.8988
COMBINED,3,0.25,0.0,8,6,0.6666666666666666,0.6189333333333332,3.7135999999999996,9.094158674803838,-0.1943999999999999
COMBINED,3,0.25,0.0,9,40,0.2,-0.21589999999999998,-8.636,0.48444253408792404,-12.616399999999995
COMBINED,3,0.25,0.0,10,41,0.4634146341463415,0.2631609756097561,10.7896,1.9993331357439241,-1.9488000000000003
COMBINED,3,0.25,0.0,11,35,0.17142857142857143,-0.22839999999999994,-7.993999999999998,0.4243785823324405,-8.380799999999999
COMBINED,3,0.25,0.0,12,43,0.3023255813953488,-0.15928372093023252,-6.849199999999999,0.6686726006191952,-6.8431999999999995
COMBINED,3,0.25,0.0,13,1,0.0,-0.38439999999999996,-0.38439999999999996,0.0,0.0
COMBINED,3,0.25,0.0,14,44,0.5,0.35923636363636363,15.8064,2.156554570199315,-3.249600000000001
COMBINED,3,0.25,0.0,15,5,0.2,-0.20839999999999997,-1.0419999999999998,0.6207599359440967,-1.1088
COMBINED,3,0.25,0.0,16,8,0.625,0.43810000000000004,3.5048000000000004,2.987749546279492,-1.7632000000000003
COMBINED,3,0.25,0.0,17,5,0.6,0.7976,3.988,4.532955350815024,-1.0444
COMBINED,3,0.25,0.0,18,20,0.25,-0.1044,-2.088,0.7545262167881495,-6.726000000000001
COMBINED,3,0.25,0.0,19,2,0.5,0.3506,0.7012,1.6981282357626444,0.0
COMBINED,3,0.25,0.0,20,71,0.30985915492957744,-0.022709859154929554,-1.6123999999999983,0.9532848914693648,-8.678799999999995
COMBINED,3,0.25,0.0,21,1,0.0,-0.0744,-0.0744,0.0,0.0
COMBINED,3,0.25,0.0,22,17,0.17647058823529413,-0.22028235294117646,-3.7447999999999997,0.5422900166226654,-4.096
COMBINED,3,0.25,-0.25,1,43,0.4186046511627907,0.09653023255813954,4.1508,1.2848867536032942,-3.3984000000000005
COMBINED,3,0.25,-0.25,2,1,0.0,-1.0444,-1.0444,0.0,0.0
COMBINED,3,0.25,-0.25,3,38,0.3157894736842105,-0.1538736842105263,-5.847199999999999,0.6669097206398397,-7.18
COMBINED,3,0.25,-0.25,4,1,0.0,-0.3644,-0.3644,0.0,0.0
COMBINED,3,0.25,-0.25,5,43,0.3953488372093023,0.042111627906976756,1.8108000000000004,1.1352918322823586,-5.8116
COMBINED,3,0.25,-0.25,6,69,0.4927536231884058,0.21081739130434782,14.5464,1.750046406104981,-4.526800000000003
COMBINED,3,0.25,-0.25,7,3,0.3333333333333333,-0.20773333333333333,-0.6232,0.3066310636404095,-0.8988
COMBINED,3,0.25,-0.25,8,6,0.6666666666666666,0.5189333333333334,3.1136,3.9406875708349074,-0.7944
COMBINED,3,0.25,-0.25,9,40,0.25,-0.2399,-9.596,0.5087036657792341,-12.656399999999998
COMBINED,3,0.25,-0.25,10,41,0.5121951219512195,0.28950243902439027,11.8696,2.021656050955414,-1.9488000000000003
COMBINED,3,0.25,-0.25,11,35,0.22857142857142856,-0.41354285714285705,-14.473999999999997,0.313664125033193,-15.290799999999997
COMBINED,3,0.25,-0.25,12,43,0.37209302325581395,-0.06788837209302327,-2.9192000000000005,0.8586261671380417,-4.6752
COMBINED,3,0.25,-0.25,13,1,0.0,-0.38439999999999996,-0.38439999999999996,0.0,0.0
COMBINED,3,0.25,-0.25,14,44,0.5454545454545454,0.40650909090909093,17.886400000000002,2.1925856780904125,-2.8119999999999976
COMBINED,3,0.25,-0.25,15,5,0.4,0.14560000000000003,0.7280000000000002,1.2713178294573644,-1.0444
COMBINED,3,0.25,-0.25,16,8,0.625,0.33935000000000004,2.7148000000000003,2.0632931223562587,-2.5531999999999995
COMBINED,3,0.25,-0.25,17,5,0.6,0.6516000000000001,3.2580000000000005,2.7527437056165267,-1.0444
COMBINED,3,0.25,-0.25,18,20,0.35,-0.12789999999999999,-2.558,0.7461596475211368,-7.296
COMBINED,3,0.25,-0.25,19,2,0.5,0.3506,0.7012,1.6981282357626444,0.0
COMBINED,3,0.25,-0.25,20,71,0.38028169014084506,0.03968450704225353,2.8176000000000005,1.077955710001217,-8.5316
COMBINED,3,0.25,-0.25,21,1,0.0,-1.0444,-1.0444,0.0,0.0
COMBINED,3,0.25,-0.25,22,17,0.17647058823529413,-0.26792941176470586,-4.554799999999999,0.49343832020997375,-4.905999999999999
COMBINED,3,0.25,-0.5,1,43,0.5348837209302325,0.19513488372093024,8.3908,1.671371419427108,-2.4975999999999985
COMBINED,3,0.25,-0.5,2,1,0.0,-1.0444,-1.0444,0.0,0.0
COMBINED,3,0.25,-0.5,3,38,0.3157894736842105,-0.23939999999999997,-9.097199999999999,0.5627271154178924,-9.139999999999999
COMBINED,3,0.25,-0.5,4,1,1.0,0.0456,0.0456,inf,0.0
COMBINED,3,0.25,-0.5,5,43,0.4186046511627907,0.03536744186046515,1.5208000000000015,1.09888166449935,-6.121600000000001
COMBINED,3,0.25,-0.5,6,69,0.5507246376811594,0.2098028985507246,14.476399999999996,1.6917768942579714,-4.339600000000001
COMBINED,3,0.25,-0.5,7,3,0.3333333333333333,-0.14106666666666665,-0.42319999999999997,0.3943903835145965,-0.6988
COMBINED,3,0.25,-0.5,8,6,0.6666666666666666,0.5189333333333334,3.1136,3.9406875708349074,-0.7944
COMBINED,3,0.25,-0.5,9,40,0.3,-0.22565,-9.026,0.5698463532730946,-12.086399999999998
COMBINED,3,0.25,-0.5,10,41,0.5365853658536586,0.33560000000000006,13.759600000000002,2.2034354883851104,-1.9488000000000003
COMBINED,3,0.25,-0.5,11,35,0.2571428571428571,-0.40611428571428565,-14.213999999999997,0.33468761116623924,-15.030799999999997
COMBINED,3,0.25,-0.5,12,43,0.4418604651162791,0.004669767441860475,0.20080000000000042,1.0089820894988282,-4.7552
COMBINED,3,0.25,-0.5,13,1,0.0,-1.0444,-1.0444,0.0,0.0
COMBINED,3,0.25,-0.5,14,44,0.5454545454545454,0.3296909090909091,14.506400000000001,1.7893350745456524,-3.1431999999999984
COMBINED,3,0.25,-0.5,15,5,0.4,0.14560000000000003,0.7280000000000002,1.2713178294573644,-1.0444
COMBINED,3,0.25,-0.5,16,8,0.625,0.2956,2.3648,1.8145494626618903,-2.9031999999999996
COMBINED,3,0.25,-0.5,17,5,0.6,0.6516000000000001,3.2580000000000005,2.7527437056165267,-1.0444
COMBINED,3,0.25,-0.5,18,20,0.35,-0.19590000000000002,-3.918,0.6574336376036093,-8.655999999999999
COMBINED,3,0.25,-0.5,19,2,0.5,0.3506,0.7012,1.6981282357626444,0.0
COMBINED,3,0.25,-0.5,20,71,0.4225352112676056,0.05588169014084511,3.967600000000003,1.1053240740740735,-5.6516
COMBINED,3,0.25,-0.5,21,1,0.0,-1.0444,-1.0444,0.0,0.0
COMBINED,3,0.25,-0.5,22,17,0.29411764705882354,-0.22263529411764707,-3.7848,0.6746441097586136,-6.7828
COMBINED,3,0.25,-0.75,1,43,0.5813953488372093,0.2560651162790698,11.010800000000001,1.9460100350539558,-2.777599999999998
COMBINED,3,0.25,-0.75,2,1,0.0,-1.0444,-1.0444,0.0,0.0
COMBINED,3,0.25,-0.75,3,38,0.34210526315789475,-0.2154526315789474,-8.1872,0.5966896551724139,-8.229999999999999
COMBINED,3,0.25,-0.75,4,1,1.0,0.0456,0.0456,inf,0.0
COMBINED,3,0.25,-0.75,5,43,0.4186046511627907,0.03118139534883723,1.3408000000000009,1.0861696658097688,-6.0524000000000004
COMBINED,3,0.25,-0.75,6,69,0.5652173913043478,0.18415072463768115,12.706399999999999,1.5570050850429602,-5.4496
COMBINED,3,0.25,-0.75,7,3,0.3333333333333333,-0.14106666666666665,-0.42319999999999997,0.3943903835145965,-0.6988
COMBINED,3,0.25,-0.75,8,6,0.6666666666666666,0.5189333333333334,3.1136,3.9406875708349074,-0.7944
COMBINED,3,0.25,-0.75,9,40,0.3,-0.2529,-10.116,0.54170668502981,-13.176399999999997
COMBINED,3,0.25,-0.75,10,41,0.5365853658536586,0.31291707317073175,12.829600000000003,2.037691287327316,-2.717599999999999
COMBINED,3,0.25,-0.75,11,35,0.2857142857142857,-0.3778285714285714,-13.223999999999998,0.368782816229117,-14.040799999999994
COMBINED,3,0.25,-0.75,12,43,0.4883720930232558,0.03885581395348842,1.670800000000002,1.0756469927739645,-4.8452
COMBINED,3,0.25,-0.75,13,1,0.0,-1.0444,-1.0444,0.0,0.0
COMBINED,3,0.25,-0.75,14,44,0.5681818181818182,0.3353727272727273,14.756400000000003,1.8084103957575492,-3.1431999999999984
COMBINED,3,0.25,-0.75,15,5,0.4,0.055600000000000004,0.278,1.088727179879995,-1.0444
COMBINED,3,0.25,-0.75,16,8,0.625,0.2956,2.3648,1.8145494626618903,-2.9031999999999996
COMBINED,3,0.25,-0.75,17,5,0.6,0.6516000000000001,3.2580000000000005,2.7527437056165267,-1.0444
COMBINED,3,0.25,-0.75,18,20,0.35,-0.2354,-4.708,0.6149568175870191,-9.446
COMBINED,3,0.25,-0.75,19,2,0.5,0.3506,0.7012,1.6981282357626444,0.0
COMBINED,3,0.25,-0.75,20,71,0.4225352112676056,0.03376901408450707,2.397600000000002,1.0611002945943462,-5.5916
COMBINED,3,0.25,-0.75,21,1,0.0,-1.0444,-1.0444,0.0,0.0
COMBINED,3,0.25,-0.75,22,17,0.29411764705882354,-0.23910588235294117,-4.0648,0.6587871868914109,-6.7828
COMBINED,3,0.5,0.0,1,43,0.4186046511627907,0.08932093023255815,3.8408,1.2665371269951422,-3.398400000000001
COMBINED,3,0.5,0.0,2,1,0.0,-0.23439999999999997,-0.23439999999999997,0.0,0.0
COMBINED,3,0.5,0.0,3,38,0.3157894736842105,-0.19045263157894737,-7.2372000000000005,0.6179768163678977,-7.280000000000001
COMBINED,3,0.5,0.0,4,1,0.0,-0.3644,-0.3644,0.0,0.0
COMBINED,3,0.5,0.0,5,43,0.4186046511627907,0.09513488372093025,4.090800000000001,1.3193442622950817,-4.9416
COMBINED,3,0.5,0.0,6,69,0.5362318840579711,0.20777391304347825,14.3364,1.721844034479981,-4.339600000000001
COMBINED,3,0.5,0.0,7,3,0.3333333333333333,-0.2044,-0.6132,0.3100810081008101,-0.8888
COMBINED,3,0.5,0.0,8,6,0.6666666666666666,0.6189333333333332,3.7135999999999996,9.094158674803838,-0.1943999999999999
COMBINED,3,0.5,0.0,9,40,0.25,-0.25539999999999996,-10.216,0.49803459119496857,-13.276399999999999
COMBINED,3,0.5,0.0,10,41,0.5121951219512195,0.3126731707317073,12.8196,2.2016872890888637,-1.9488000000000003
COMBINED,3,0.5,0.0,11,35,0.2571428571428571,-0.2824,-9.883999999999999,0.41976236321795907,-10.7008
COMBINED,3,0.5,0.0,12,43,0.3488372093023256,-0.14137674418604648,-6.079199999999999,0.7249629012993594,-6.2232
COMBINED,3,0.5,0.0,13,1,0.0,-1.0444,-1.0444,0.0,0.0
COMBINED,3,0.5,0.0,14,44,0.5227272727272727,0.36923636363636364,16.2464,2.0879965712142727,-2.8208
COMBINED,3,0.5,0.0,15,5,0.4,0.14560000000000003,0.7280000000000002,1.2713178294573644,-1.0444
COMBINED,3,0.5,0.0,16,8,0.625,0.33935000000000004,2.7148000000000003,2.0632931223562587,-2.5531999999999995
COMBINED,3,0.5,0.0,17,5,0.6,0.6516000000000001,3.2580000000000005,2.7527437056165267,-1.0444
COMBINED,3,0.5,0.0,18,20,0.3,-0.09939999999999997,-1.9879999999999995,0.7642203140566439,-6.726000000000001
COMBINED,3,0.5,0.0,19,2,0.5,0.3506,0.7012,1.6981282357626444,0.0
COMBINED,3,0.5,0.0,20,71,0.352112676056338,0.022360563380281678,1.5875999999999992,1.0449205486893927,-8.5316
COMBINED,3,0.5,0.0,21,1,0.0,-0.0744,-0.0744,0.0,0.0
COMBINED,3,0.5,0.0,22,17,0.29411764705882354,-0.12851764705882351,-2.1847999999999996,0.7822342715891876,-5.302
COMBINED,3,0.5,-0.25,1,43,0.4418604651162791,0.10839069767441861,4.6608,1.327634686761894,-3.3984000000000005
COMBINED,3,0.5,-0.25,2,1,0.0,-1.0444,-1.0444,0.0,0.0
COMBINED,3,0.5,-0.25,3,38,0.3157894736842105,-0.19045263157894737,-7.2372000000000005,0.6179768163678977,-7.280000000000001
COMBINED,3,0.5,-0.25,4,1,0.0,-0.3644,-0.3644,0.0,0.0
COMBINED,3,0.5,-0.25,5,43,0.4186046511627907,0.07211162790697678,3.1008000000000018,1.224695652173913,-5.8116
COMBINED,3,0.5,-0.25,6,69,0.5507246376811594,0.22893333333333335,15.796400000000002,1.8056756977313535,-4.339599999999997
COMBINED,3,0.5,-0.25,7,3,0.3333333333333333,-0.2044,-0.6132,0.3100810081008101,-0.8888
COMBINED,3,0.5,-0.25,8,6,0.6666666666666666,0.5189333333333334,3.1136,3.9406875708349074,-0.7944
COMBINED,3,0.5,-0.25,9,40,0.275,-0.2714,-10.856,0.4856828819951108,-13.9164
COMBINED,3,0.5,-0.25,10,41,0.5121951219512195,0.28950243902439027,11.8696,2.021656050955414,-1.9488000000000003
COMBINED,3,0.5,-0.25,11,35,0.2571428571428571,-0.39897142857142853,-13.963999999999999,0.33865039972720046,-14.780799999999997
COMBINED,3,0.5,-0.25,12,43,0.37209302325581395,-0.09556279069767441,-4.1091999999999995,0.8118394783596168,-5.3751999999999995
COMBINED,3,0.5,-0.25,13,1,0.0,-1.0444,-1.0444,0.0,0.0
COMBINED,3,0.5,-0.25,14,44,0.5454545454545454,0.3746909090909091,16.4864,2.0053909013294304,-2.8119999999999976
COMBINED,3,0.5,-0.25,15,5,0.4,0.14560000000000003,0.7280000000000002,1.2713178294573644,-1.0444
COMBINED,3,0.5,-0.25,16,8,0.625,0.33935000000000004,2.7148000000000003,2.0632931223562587,-2.5531999999999995
COMBINED,3,0.5,-0.25,17,5,0.6,0.6516000000000001,3.2580000000000005,2.7527437056165267,-1.0444
COMBINED,3,0.5,-0.25,18,20,0.35,-0.12789999999999999,-2.558,0.7461596475211368,-7.296
COMBINED,3,0.5,-0.25,19,2,0.5,0.3506,0.7012,1.6981282357626444,0.0
COMBINED,3,0.5,-0.25,20,71,0.38028169014084506,0.03024788732394367,2.1476000000000006,1.0583371362757237,-8.5316
COMBINED,3,0.5,-0.25,21,1,0.0,-1.0444,-1.0444,0.0,0.0
COMBINED,3,0.5,-0.25,22,17,0.29411764705882354,-0.17910588235294117,-3.0448,0.7204759106933021,-6.0428
COMBINED,3,0.5,-0.5,1,43,0.5348837209302325,0.19513488372093024,8.3908,1.671371419427108,-2.4975999999999985
COMBINED,3,0.5,-0.5,2,1,0.0,-1.0444,-1.0444,0.0,0.0
COMBINED,3,0.5,-0.5,3,38,0.3157894736842105,-0.23939999999999997,-9.097199999999999,0.5627271154178924,-9.139999999999999
COMBINED,3,0.5,-0.5,4,1,1.0,0.0456,0.0456,inf,0.0
COMBINED,3,0.5,-0.5,5,43,0.4186046511627907,0.03536744186046515,1.5208000000000015,1.09888166449935,-6.121600000000001
COMBINED,3,0.5,-0.5,6,69,0.5507246376811594,0.2098028985507246,14.476399999999996,1.6917768942579714,-4.339600000000001
COMBINED,3,0.5,-0.5,7,3,0.3333333333333333,-0.14106666666666665,-0.42319999999999997,0.3943903835145965,-0.6988
COMBINED,3,0.5,-0.5,8,6,0.6666666666666666,0.5189333333333334,3.1136,3.9406875708349074,-0.7944
COMBINED,3,0.5,-0.5,9,40,0.3,-0.22565,-9.026,0.5698463532730946,-12.086399999999998
COMBINED,3,0.5,-0.5,10,41,0.5365853658536586,0.33560000000000006,13.759600000000002,2.2034354883851104,-1.9488000000000003
COMBINED,3,0.5,-0.5,11,35,0.2571428571428571,-0.40611428571428565,-14.213999999999997,0.33468761116623924,-15.030799999999997
COMBINED,3,0.5,-0.5,12,43,0.4418604651162791,0.004669767441860475,0.20080000000000042,1.0089820894988282,-4.7552
COMBINED,3,0.5,-0.5,13,1,0.0,-1.0444,-1.0444,0.0,0.0
COMBINED,3,0.5,-0.5,14,44,0.5454545454545454,0.3296909090909091,14.506400000000001,1.7893350745456524,-3.1431999999999984
COMBINED,3,0.5,-0.5,15,5,0.4,0.14560000000000003,0.7280000000000002,1.2713178294573644,-1.0444
COMBINED,3,0.5,-0.5,16,8,0.625,0.2956,2.3648,1.8145494626618903,-2.9031999999999996
COMBINED,3,0.5,-0.5,17,5,0.6,0.6516000000000001,3.2580000000000005,2.7527437056165267,-1.0444
COMBINED,3,0.5,-0.5,18,20,0.35,-0.19590000000000002,-3.918,0.6574336376036093,-8.655999999999999
COMBINED,3,0.5,-0.5,19,2,0.5,0.3506,0.7012,1.6981282357626444,0.0
COMBINED,3,0.5,-0.5,20,71,0.4225352112676056,0.05588169014084511,3.967600000000003,1.1053240740740735,-5.6516
COMBINED,3,0.5,-0.5,21,1,0.0,-1.0444,-1.0444,0.0,0.0
COMBINED,3,0.5,-0.5,22,17,0.29411764705882354,-0.22263529411764707,-3.7848,0.6746441097586136,-6.7828
COMBINED,3,0.5,-0.75,1,43,0.5813953488372093,0.2560651162790698,11.010800000000001,1.9460100350539558,-2.777599999999998
COMBINED,3,0.5,-0.75,2,1,0.0,-1.0444,-1.0444,0.0,0.0
COMBINED,3,0.5,-0.75,3,38,0.34210526315789475,-0.2154526315789474,-8.1872,0.5966896551724139,-8.229999999999999
COMBINED,3,0.5,-0.75,4,1,1.0,0.0456,0.0456,inf,0.0
COMBINED,3,0.5,-0.75,5,43,0.4186046511627907,0.03118139534883723,1.3408000000000009,1.0861696658097688,-6.0524000000000004
COMBINED,3,0.5,-0.75,6,69,0.5652173913043478,0.18415072463768115,12.706399999999999,1.5570050850429602,-5.4496
COMBINED,3,0.5,-0.75,7,3,0.3333333333333333,-0.14106666666666665,-0.42319999999999997,0.3943903835145965,-0.6988
COMBINED,3,0.5,-0.75,8,6,0.6666666666666666,0.5189333333333334,3.1136,3.9406875708349074,-0.7944
COMBINED,3,0.5,-0.75,9,40,0.3,-0.2529,-10.116,0.54170668502981,-13.176399999999997
COMBINED,3,0.5,-0.75,10,41,0.5365853658536586,0.31291707317073175,12.829600000000003,2.037691287327316,-2.717599999999999
COMBINED,3,0.5,-0.75,11,35,0.2857142857142857,-0.3778285714285714,-13.223999999999998,0.368782816229117,-14.040799999999994
COMBINED,3,0.5,-0.75,12,43,0.4883720930232558,0.03885581395348842,1.670800000000002,1.0756469927739645,-4.8452
COMBINED,3,0.5,-0.75,13,1,0.0,-1.0444,-1.0444,0.0,0.0
COMBINED,3,0.5,-0.75,14,44,0.5681818181818182,0.3353727272727273,14.756400000000003,1.8084103957575492,-3.1431999999999984
COMBINED,3,0.5,-0.75,15,5,0.4,0.055600000000000004,0.278,1.088727179879995,-1.0444
COMBINED,3,0.5,-0.75,16,8,0.625,0.2956,2.3648,1.8145494626618903,-2.9031999999999996
COMBINED,3,0.5,-0.75,17,5,0.6,0.6516000000000001,3.2580000000000005,2.7527437056165267,-1.0444
COMBINED,3,0.5,-0.75,18,20,0.35,-0.2354,-4.708,0.6149568175870191,-9.446
COMBINED,3,0.5,-0.75,19,2,0.5,0.3506,0.7012,1.6981282357626444,0.0
COMBINED,3,0.5,-0.75,20,71,0.4225352112676056,0.03376901408450707,2.397600000000002,1.0611002945943462,-5.5916
COMBINED,3,0.5,-0.75,21,1,0.0,-1.0444,-1.0444,0.0,0.0
COMBINED,3,0.5,-0.75,22,17,0.29411764705882354,-0.23910588235294117,-4.0648,0.6587871868914109,-6.7828
COMBINED,3,0.75,0.0,1,43,0.5581395348837209,0.21653023255813955,9.3108,1.8003369550268191,-2.4975999999999985
COMBINED,3,0.75,0.0,2,1,0.0,-0.23439999999999997,-0.23439999999999997,0.0,0.0
COMBINED,3,0.75,0.0,3,38,0.34210526315789475,-0.2059789473684211,-7.827200000000001,0.6074623871614845,-7.869999999999999
COMBINED,3,0.75,0.0,4,1,0.0,-0.3644,-0.3644,0.0,0.0
COMBINED,3,0.75,0.0,5,43,0.4186046511627907,0.04792558139534889,2.060800000000002,1.138867924528302,-5.3324
COMBINED,3,0.75,0.0,6,69,0.5507246376811594,0.17835362318840578,12.306399999999998,1.5592191362512728,-4.749599999999999
COMBINED,3,0.75,0.0,7,3,0.3333333333333333,-0.14106666666666665,-0.42319999999999997,0.3943903835145965,-0.6988
COMBINED,3,0.75,0.0,8,6,0.6666666666666666,0.5189333333333334,3.1136,3.9406875708349074,-0.7944
COMBINED,3,0.75,0.0,9,40,0.3,-0.27715,-11.086,0.5189036244965978,-14.1464
COMBINED,3,0.75,0.0,10,41,0.5365853658536586,0.33560000000000006,13.759600000000002,2.2034354883851104,-1.9488000000000003
COMBINED,3,0.75,0.0,11,35,0.2857142857142857,-0.3498285714285713,-12.243999999999996,0.38688032048072113,-13.060799999999995
COMBINED,3,0.75,0.0,12,43,0.4186046511627907,-0.08928372093023254,-3.8391999999999995,0.8364906303236797,-5.693199999999999
COMBINED,3,0.75,0.0,13,1,0.0,-1.0444,-1.0444,0.0,0.0
COMBINED,3,0.75,0.0,14,44,0.5227272727272727,0.3328727272727273,14.646400000000002,1.885920979410128,-2.8207999999999984
COMBINED,3,0.75,0.0,15,5,0.4,0.055600000000000004,0.278,1.088727179879995,-1.0444
COMBINED,3,0.75,0.0,16,8,0.625,0.2956,2.3648,1.8145494626618903,-2.9031999999999996
COMBINED,3,0.75,0.0,17,5,0.6,0.6516000000000001,3.2580000000000005,2.7527437056165267,-1.0444
COMBINED,3,0.75,0.0,18,20,0.35,-0.13390000000000002,-2.6780000000000004,0.7373788883222846,-7.416
COMBINED,3,0.75,0.0,19,2,0.5,0.3506,0.7012,1.6981282357626444,0.0
COMBINED,3,0.75,0.0,20,71,0.4084507042253521,0.05010704225352118,3.557600000000004,1.0974023129490094,-7.6015999999999995
COMBINED,3,0.75,0.0,21,1,0.0,-0.0744,-0.0744,0.0,0.0
COMBINED,3,0.75,0.0,22,17,0.29411764705882354,-0.12851764705882351,-2.1847999999999996,0.7822342715891876,-5.302
COMBINED,3,0.75,-0.25,1,43,0.5581395348837209,0.21653023255813955,9.3108,1.8003369550268191,-2.4975999999999985
COMBINED,3,0.75,-0.25,2,1,0.0,-1.0444,-1.0444,0.0,0.0
COMBINED,3,0.75,-0.25,3,38,0.34210526315789475,-0.2059789473684211,-7.827200000000001,0.6074623871614845,-7.869999999999999
COMBINED,3,0.75,-0.25,4,1,0.0,-0.3644,-0.3644,0.0,0.0
COMBINED,3,0.75,-0.25,5,43,0.4186046511627907,0.04792558139534889,2.060800000000002,1.138867924528302,-5.3324
COMBINED,3,0.75,-0.25,6,69,0.5652173913043478,0.19951304347826085,13.766399999999999,1.6328797351967639,-4.749600000000001
COMBINED,3,0.75,-0.25,7,3,0.3333333333333333,-0.14106666666666665,-0.42319999999999997,0.3943903835145965,-0.6988
COMBINED,3,0.75,-0.25,8,6,0.6666666666666666,0.5189333333333334,3.1136,3.9406875708349074,-0.7944
COMBINED,3,0.75,-0.25,9,40,0.3,-0.27715,-11.086,0.5189036244965978,-14.1464
COMBINED,3,0.75,-0.25,10,41,0.5365853658536586,0.33560000000000006,13.759600000000002,2.2034354883851104,-1.9488000000000003
COMBINED,3,0.75,-0.25,11,35,0.2857142857142857,-0.3498285714285713,-12.243999999999996,0.38688032048072113,-13.060799999999995
COMBINED,3,0.75,-0.25,12,43,0.4186046511627907,-0.08928372093023254,-3.8391999999999995,0.8364906303236797,-5.693199999999999
COMBINED,3,0.75,-0.25,13,1,0.0,-1.0444,-1.0444,0.0,0.0
COMBINED,3,0.75,-0.25,14,44,0.5454545454545454,0.35764545454545454,15.7364,1.9176813622579894,-2.8119999999999976
COMBINED,3,0.75,-0.25,15,5,0.4,0.055600000000000004,0.278,1.088727179879995,-1.0444
COMBINED,3,0.75,-0.25,16,8,0.625,0.2956,2.3648,1.8145494626618903,-2.9031999999999996
COMBINED,3,0.75,-0.25,17,5,0.6,0.6516000000000001,3.2580000000000005,2.7527437056165267,-1.0444
COMBINED,3,0.75,-0.25,18,20,0.35,-0.18140000000000003,-3.6280000000000006,0.6745371034878714,-8.366
COMBINED,3,0.75,-0.25,19,2,0.5,0.3506,0.7012,1.6981282357626444,0.0
COMBINED,3,0.75,-0.25,20,71,0.4084507042253521,0.037571830985915544,2.6676000000000037,1.071297989031078,-7.6015999999999995
COMBINED,3,0.75,-0.25,21,1,0.0,-1.0444,-1.0444,0.0,0.0
COMBINED,3,0.75,-0.25,22,17,0.29411764705882354,-0.17910588235294117,-3.0448,0.7204759106933021,-6.0428
COMBINED,3,0.75,-0.5,1,43,0.5581395348837209,0.21653023255813955,9.3108,1.8003369550268191,-2.4975999999999985
COMBINED,3,0.75,-0.5,2,1,0.0,-1.0444,-1.0444,0.0,0.0
COMBINED,3,0.75,-0.5,3,38,0.34210526315789475,-0.2059789473684211,-7.827200000000001,0.6074623871614845,-7.869999999999999
COMBINED,3,0.75,-0.5,4,1,1.0,0.0456,0.0456,inf,0.0
COMBINED,3,0.75,-0.5,5,43,0.4186046511627907,0.03118139534883723,1.3408000000000009,1.0861696658097688,-6.0524000000000004
COMBINED,3,0.75,-0.5,6,69,0.5652173913043478,0.19951304347826085,13.766399999999999,1.6328797351967639,-4.749600000000001
COMBINED,3,0.75,-0.5,7,3,0.3333333333333333,-0.14106666666666665,-0.42319999999999997,0.3943903835145965,-0.6988
COMBINED,3,0.75,-0.5,8,6,0.6666666666666666,0.5189333333333334,3.1136,3.9406875708349074,-0.7944
COMBINED,3,0.75,-0.5,9,40,0.3,-0.2714,-10.856,0.5241351498255397,-13.9164
COMBINED,3,0.75,-0.5,10,41,0.5365853658536586,0.33560000000000006,13.759600000000002,2.2034354883851104,-1.9488000000000003
COMBINED,3,0.75,-0.5,11,35,0.2857142857142857,-0.3629714285714285,-12.703999999999997,0.3781693587860989,-13.520799999999996
COMBINED,3,0.75,-0.5,12,43,0.46511627906976744,0.00397209302325582,0.17080000000000028,1.007560466022168,-5.2052
COMBINED,3,0.75,-0.5,13,1,0.0,-1.0444,-1.0444,0.0,0.0
COMBINED,3,0.75,-0.5,14,44,0.5454545454545454,0.3296909090909091,14.506400000000001,1.7893350745456524,-3.1431999999999984
COMBINED,3,0.75,-0.5,15,5,0.4,0.055600000000000004,0.278,1.088727179879995,-1.0444
COMBINED,3,0.75,-0.5,16,8,0.625,0.2956,2.3648,1.8145494626618903,-2.9031999999999996
COMBINED,3,0.75,-0.5,17,5,0.6,0.6516000000000001,3.2580000000000005,2.7527437056165267,-1.0444
COMBINED,3,0.75,-0.5,18,20,0.35,-0.2149,-4.298,0.6362928612530888,-9.036
COMBINED,3,0.75,-0.5,19,2,0.5,0.3506,0.7012,1.6981282357626444,0.0
COMBINED,3,0.75,-0.5,20,71,0.4225352112676056,0.05588169014084511,3.967600000000003,1.1053240740740735,-5.6516
COMBINED,3,0.75,-0.5,21,1,0.0,-1.0444,-1.0444,0.0,0.0
COMBINED,3,0.75,-0.5,22,17,0.29411764705882354,-0.22263529411764707,-3.7848,0.6746441097586136,-6.7828
COMBINED,3,0.75,-0.75,1,43,0.5813953488372093,0.2560651162790698,11.010800000000001,1.9460100350539558,-2.777599999999998
COMBINED,3,0.75,-0.75,2,1,0.0,-1.0444,-1.0444,0.0,0.0
COMBINED,3,0.75,-0.75,3,38,0.34210526315789475,-0.2154526315789474,-8.1872,0.5966896551724139,-8.229999999999999
COMBINED,3,0.75,-0.75,4,1,1.0,0.0456,0.0456,inf,0.0
COMBINED,3,0.75,-0.75,5,43,0.4186046511627907,0.03118139534883723,1.3408000000000009,1.0861696658097688,-6.0524000000000004
COMBINED,3,0.75,-0.75,6,69,0.5652173913043478,0.18415072463768115,12.706399999999999,1.5570050850429602,-5.4496
COMBINED,3,0.75,-0.75,7,3,0.3333333333333333,-0.14106666666666665,-0.42319999999999997,0.3943903835145965,-0.6988
COMBINED,3,0.75,-0.75,8,6,0.6666666666666666,0.5189333333333334,3.1136,3.9406875708349074,-0.7944
COMBINED,3,0.75,-0.75,9,40,0.3,-0.2529,-10.116,0.54170668502981,-13.176399999999997
COMBINED,3,0.75,-0.75,10,41,0.5365853658536586,0.31291707317073175,12.829600000000003,2.037691287327316,-2.717599999999999
COMBINED,3,0.75,-0.75,11,35,0.2857142857142857,-0.3778285714285714,-13.223999999999998,0.368782816229117,-14.040799999999994
COMBINED,3,0.75,-0.75,12,43,0.4883720930232558,0.03885581395348842,1.670800000000002,1.0756469927739645,-4.8452
COMBINED,3,0.75,-0.75,13,1,0.0,-1.0444,-1.0444,0.0,0.0
COMBINED,3,0.75,-0.75,14,44,0.5681818181818182,0.3353727272727273,14.756400000000003,1.8084103957575492,-3.1431999999999984
COMBINED,3,0.75,-0.75,15,5,0.4,0.055600000000000004,0.278,1.088727179879995,-1.0444
COMBINED,3,0.75,-0.75,16,8,0.625,0.2956,2.3648,1.8145494626618903,-2.9031999999999996
COMBINED,3,0.75,-0.75,17,5,0.6,0.6516000000000001,3.2580000000000005,2.7527437056165267,-1.0444
COMBINED,3,0.75,-0.75,18,20,0.35,-0.2354,-4.708,0.6149568175870191,-9.446
COMBINED,3,0.75,-0.75,19,2,0.5,0.3506,0.7012,1.6981282357626444,0.0
COMBINED,3,0.75,-0.75,20,71,0.4225352112676056,0.03376901408450707,2.397600000000002,1.0611002945943462,-5.5916
COMBINED,3,0.75,-0.75,21,1,0.0,-1.0444,-1.0444,0.0,0.0
COMBINED,3,0.75,-0.75,22,17,0.29411764705882354,-0.23910588235294117,-4.0648,0.6587871868914109,-6.7828
COMBINED,3,1.0,0.0,1,43,0.5813953488372093,0.2560651162790698,11.010800000000001,1.9460100350539558,-2.777599999999998
COMBINED,3,1.0,0.0,2,1,0.0,-1.0444,-1.0444,0.0,0.0
COMBINED,3,1.0,0.0,3,38,0.34210526315789475,-0.22255789473684212,-8.4572,0.5888575595527467,-8.23
COMBINED,3,1.0,0.0,4,1,1.0,0.0456,0.0456,inf,0.0
COMBINED,3,1.0,0.0,5,43,0.4186046511627907,0.045134883720930274,1.9408000000000019,1.1297326203208555,-5.452399999999999
COMBINED,3,1.0,0.0,6,69,0.5652173913043478,0.18415072463768115,12.706399999999999,1.5570050850429602,-5.4496
COMBINED,3,1.0,0.0,7,3,0.3333333333333333,-0.14106666666666665,-0.42319999999999997,0.3943903835145965,-0.6988
COMBINED,3,1.0,0.0,8,6,0.6666666666666666,0.5189333333333334,3.1136,3.9406875708349074,-0.7944
COMBINED,3,1.0,0.0,9,40,0.3,-0.25539999999999996,-10.216,0.5392636155358722,-13.276399999999995
COMBINED,3,1.0,0.0,10,41,0.5365853658536586,0.30462439024390253,12.489600000000003,1.9831543814351837,-2.717599999999999
COMBINED,3,1.0,0.0,11,35,0.2857142857142857,-0.3778285714285714,-13.223999999999998,0.368782816229117,-14.040799999999994
COMBINED,3,1.0,0.0,12,43,0.4883720930232558,0.03513488372093028,1.510800000000002,1.067910890555046,-5.0052
COMBINED,3,1.0,0.0,13,1,0.0,-1.0444,-1.0444,0.0,0.0
COMBINED,3,1.0,0.0,14,44,0.5681818181818182,0.3544636363636364,15.596400000000003,1.895644783387697,-3.131999999999998
COMBINED,3,1.0,0.0,15,5,0.4,0.055600000000000004,0.278,1.088727179879995,-1.0444
COMBINED,3,1.0,0.0,16,8,0.625,0.2956,2.3648,1.8145494626618903,-2.9031999999999996
COMBINED,3,1.0,0.0,17,5,0.6,0.6516000000000001,3.2580000000000005,2.7527437056165267,-1.0444
COMBINED,3,1.0,0.0,18,20,0.35,-0.18140000000000003,-3.6280000000000006,0.6745371034878714,-8.366
COMBINED,3,1.0,0.0,19,2,0.5,0.3506,0.7012,1.6981282357626444,0.0
COMBINED,3,1.0,0.0,20,71,0.4225352112676056,0.04560000000000005,3.2376000000000036,1.0843116217539397,-5.5916
COMBINED,3,1.0,0.0,21,1,0.0,-0.0744,-0.0744,0.0,0.0
COMBINED,3,1.0,0.0,22,17,0.29411764705882354,-0.1955764705882353,-3.3248,0.702420163253616,-6.0428
COMBINED,3,1.0,-0.25,1,43,0.5813953488372093,0.2560651162790698,11.010800000000001,1.9460100350539558,-2.777599999999998
COMBINED,3,1.0,-0.25,2,1,0.0,-1.0444,-1.0444,0.0,0.0
COMBINED,3,1.0,-0.25,3,38,0.34210526315789475,-0.22255789473684212,-8.4572,0.5888575595527467,-8.23
COMBINED,3,1.0,-0.25,4,1,1.0,0.0456,0.0456,inf,0.0
COMBINED,3,1.0,-0.25,5,43,0.4186046511627907,0.045134883720930274,1.9408000000000019,1.1297326203208555,-5.452399999999999
COMBINED,3,1.0,-0.25,6,69,0.5652173913043478,0.18415072463768115,12.706399999999999,1.5570050850429602,-5.4496
COMBINED,3,1.0,-0.25,7,3,0.3333333333333333,-0.14106666666666665,-0.42319999999999997,0.3943903835145965,-0.6988
COMBINED,3,1.0,-0.25,8,6,0.6666666666666666,0.5189333333333334,3.1136,3.9406875708349074,-0.7944
COMBINED,3,1.0,-0.25,9,40,0.3,-0.25539999999999996,-10.216,0.5392636155358722,-13.276399999999995
COMBINED,3,1.0,-0.25,10,41,0.5365853658536586,0.30462439024390253,12.489600000000003,1.9831543814351837,-2.717599999999999
COMBINED,3,1.0,-0.25,11,35,0.2857142857142857,-0.3778285714285714,-13.223999999999998,0.368782816229117,-14.040799999999994
COMBINED,3,1.0,-0.25,12,43,0.4883720930232558,0.03513488372093028,1.510800000000002,1.067910890555046,-5.0052
COMBINED,3,1.0,-0.25,13,1,0.0,-1.0444,-1.0444,0.0,0.0
COMBINED,3,1.0,-0.25,14,44,0.5681818181818182,0.3544636363636364,15.596400000000003,1.895644783387697,-3.131999999999998
COMBINED,3,1.0,-0.25,15,5,0.4,0.055600000000000004,0.278,1.088727179879995,-1.0444
COMBINED,3,1.0,-0.25,16,8,0.625,0.2956,2.3648,1.8145494626618903,-2.9031999999999996
COMBINED,3,1.0,-0.25,17,5,0.6,0.6516000000000001,3.2580000000000005,2.7527437056165267,-1.0444
COMBINED,3,1.0,-0.25,18,20,0.35,-0.18140000000000003,-3.6280000000000006,0.6745371034878714,-8.366
COMBINED,3,1.0,-0.25,19,2,0.5,0.3506,0.7012,1.6981282357626444,0.0
COMBINED,3,1.0,-0.25,20,71,0.4225352112676056,0.04560000000000005,3.2376000000000036,1.0843116217539397,-5.5916
COMBINED,3,1.0,-0.25,21,1,0.0,-1.0444,-1.0444,0.0,0.0
COMBINED,3,1.0,-0.25,22,17,0.29411764705882354,-0.1955764705882353,-3.3248,0.702420163253616,-6.0428
COMBINED,3,1.0,-0.5,1,43,0.5813953488372093,0.2560651162790698,11.010800000000001,1.9460100350539558,-2.777599999999998
COMBINED,3,1.0,-0.5,2,1,0.0,-1.0444,-1.0444,0.0,0.0
COMBINED,3,1.0,-0.5,3,38,0.34210526315789475,-0.22255789473684212,-8.4572,0.5888575595527467,-8.23
COMBINED,3,1.0,-0.5,4,1,1.0,0.0456,0.0456,inf,0.0
COMBINED,3,1.0,-0.5,5,43,0.4186046511627907,0.02839069767441863,1.2208000000000012,1.0778571428571428,-6.1724
COMBINED,3,1.0,-0.5,6,69,0.5652173913043478,0.18415072463768115,12.706399999999999,1.5570050850429602,-5.4496
COMBINED,3,1.0,-0.5,7,3,0.3333333333333333,-0.14106666666666665,-0.42319999999999997,0.3943903835145965,-0.6988
COMBINED,3,1.0,-0.5,8,6,0.6666666666666666,0.5189333333333334,3.1136,3.9406875708349074,-0.7944
COMBINED,3,1.0,-0.5,9,40,0.3,-0.25539999999999996,-10.216,0.5392636155358722,-13.276399999999995
COMBINED,3,1.0,-0.5,10,41,0.5365853658536586,0.30462439024390253,12.489600000000003,1.9831543814351837,-2.717599999999999
COMBINED,3,1.0,-0.5,11,35,0.2857142857142857,-0.3778285714285714,-13.223999999999998,0.368782816229117,-14.040799999999994
COMBINED,3,1.0,-0.5,12,43,0.4883720930232558,0.03513488372093028,1.510800000000002,1.067910890555046,-5.0052
COMBINED,3,1.0,-0.5,13,1,0.0,-1.0444,-1.0444,0.0,0.0
COMBINED,3,1.0,-0.5,14,44,0.5681818181818182,0.32650909090909097,14.366400000000002,1.7705807891179814,-3.1431999999999984
COMBINED,3,1.0,-0.5,15,5,0.4,0.055600000000000004,0.278,1.088727179879995,-1.0444
COMBINED,3,1.0,-0.5,16,8,0.625,0.2956,2.3648,1.8145494626618903,-2.9031999999999996
COMBINED,3,1.0,-0.5,17,5,0.6,0.6516000000000001,3.2580000000000005,2.7527437056165267,-1.0444
COMBINED,3,1.0,-0.5,18,20,0.35,-0.2149,-4.298,0.6362928612530888,-9.036
COMBINED,3,1.0,-0.5,19,2,0.5,0.3506,0.7012,1.6981282357626444,0.0
COMBINED,3,1.0,-0.5,20,71,0.4225352112676056,0.04560000000000005,3.2376000000000036,1.0843116217539397,-5.5916
COMBINED,3,1.0,-0.5,21,1,0.0,-1.0444,-1.0444,0.0,0.0
COMBINED,3,1.0,-0.5,22,17,0.29411764705882354,-0.23910588235294117,-4.0648,0.6587871868914109,-6.7828
COMBINED,3,1.0,-0.75,1,43,0.5813953488372093,0.2560651162790698,11.010800000000001,1.9460100350539558,-2.777599999999998
COMBINED,3,1.0,-0.75,2,1,0.0,-1.0444,-1.0444,0.0,0.0
COMBINED,3,1.0,-0.75,3,38,0.34210526315789475,-0.22255789473684212,-8.4572,0.5888575595527467,-8.23
COMBINED,3,1.0,-0.75,4,1,1.0,0.0456,0.0456,inf,0.0
COMBINED,3,1.0,-0.75,5,43,0.4186046511627907,0.02839069767441863,1.2208000000000012,1.0778571428571428,-6.1724
COMBINED,3,1.0,-0.75,6,69,0.5652173913043478,0.18415072463768115,12.706399999999999,1.5570050850429602,-5.4496
COMBINED,3,1.0,-0.75,7,3,0.3333333333333333,-0.14106666666666665,-0.42319999999999997,0.3943903835145965,-0.6988
COMBINED,3,1.0,-0.75,8,6,0.6666666666666666,0.5189333333333334,3.1136,3.9406875708349074,-0.7944
COMBINED,3,1.0,-0.75,9,40,0.3,-0.25539999999999996,-10.216,0.5392636155358722,-13.276399999999995
COMBINED,3,1.0,-0.75,10,41,0.5365853658536586,0.30462439024390253,12.489600000000003,1.9831543814351837,-2.717599999999999
COMBINED,3,1.0,-0.75,11,35,0.2857142857142857,-0.3778285714285714,-13.223999999999998,0.368782816229117,-14.040799999999994
COMBINED,3,1.0,-0.75,12,43,0.4883720930232558,0.03513488372093028,1.510800000000002,1.067910890555046,-5.0052
COMBINED,3,1.0,-0.75,13,1,0.0,-1.0444,-1.0444,0.0,0.0
COMBINED,3,1.0,-0.75,14,44,0.5681818181818182,0.32650909090909097,14.366400000000002,1.7705807891179814,-3.1431999999999984
COMBINED,3,1.0,-0.75,15,5,0.4,0.055600000000000004,0.278,1.088727179879995,-1.0444
COMBINED,3,1.0,-0.75,16,8,0.625,0.2956,2.3648,1.8145494626618903,-2.9031999999999996
COMBINED,3,1.0,-0.75,17,5,0.6,0.6516000000000001,3.2580000000000005,2.7527437056165267,-1.0444
COMBINED,3,1.0,-0.75,18,20,0.35,-0.2354,-4.708,0.6149568175870191,-9.446
COMBINED,3,1.0,-0.75,19,2,0.5,0.3506,0.7012,1.6981282357626444,0.0
COMBINED,3,1.0,-0.75,20,71,0.4225352112676056,0.03193802816901413,2.267600000000003,1.0575965700119883,-5.5916
COMBINED,3,1.0,-0.75,21,1,0.0,-1.0444,-1.0444,0.0,0.0
COMBINED,3,1.0,-0.75,22,17,0.29411764705882354,-0.23910588235294117,-4.0648,0.6587871868914109,-6.7828
COMBINED,5,0.25,0.0,1,43,0.32558139534883723,0.0372279069767442,1.6008000000000004,1.1226892302032558,-2.4631999999999996
COMBINED,5,0.25,0.0,2,1,0.0,-0.4144,-0.4144,0.0,0.0
COMBINED,5,0.25,0.0,3,38,0.2631578947368421,-0.1222947368421052,-4.647199999999998,0.7085152290631743,-6.851599999999998
COMBINED,5,0.25,0.0,4,1,0.0,-0.5044,-0.5044,0.0,0.0
COMBINED,5,0.25,0.0,5,43,0.3023255813953488,-0.08370232558139534,-3.5991999999999997,0.7866761498340448,-7.2912
COMBINED,5,0.25,0.0,6,69,0.37681159420289856,0.10023768115942029,6.9164,1.350922411868569,-6.537999999999997
COMBINED,5,0.25,0.0,7,3,0.3333333333333333,-0.07439999999999998,-0.22319999999999993,0.5525260625501204,-0.4987999999999999
COMBINED,5,0.25,0.0,8,6,0.6666666666666666,0.5739333333333333,3.4436,5.7250274423710215,-0.4643999999999999
COMBINED,5,0.25,0.0,9,40,0.2,-0.2419,-9.676,0.41923557092096414,-11.506399999999998
COMBINED,5,0.25,0.0,10,41,0.43902439024390244,0.14047804878048784,5.759600000000001,1.3952728670253651,-3.2703999999999995
COMBINED,5,0.25,0.0,11,35,0.17142857142857143,-0.26897142857142853,-9.413999999999998,0.3866141937501628,-10.600800000000001
COMBINED,5,0.25,0.0,12,43,0.3023255813953488,-0.13974883720930228,-6.009199999999998,0.717107616985218,-6.063200000000001
COMBINED,5,0.25,0.0,13,1,0.0,-1.4444,-1.4444,0.0,0.0
COMBINED,5,0.25,0.0,14,44,0.4090909090909091,0.20764545454545458,9.136400000000002,1.5954224342431116,-3.705199999999998
COMBINED,5,0.25,0.0,15,5,0.2,-0.2364,-1.182,0.5906635268042665,-1.0444
COMBINED,5,0.25,0.0,16,8,0.625,0.58435,4.6748,8.880647336480108,-0.5931999999999995
COMBINED,5,0.25,0.0,17,5,0.6,0.6516000000000001,3.2580000000000005,2.7527437056165267,-1.0444
COMBINED,5,0.25,0.0,18,20,0.25,-0.06889999999999995,-1.377999999999999,0.8445747800586512,-5.666
COMBINED,5,0.25,0.0,19,2,0.5,-0.11939999999999995,-0.2387999999999999,0.87718576424604,0.0
COMBINED,5,0.25,0.0,20,71,0.3380281690140845,0.08038873239436621,5.707600000000001,1.1952865178534768,-4.024
COMBINED,5,0.25,0.0,21,1,0.0,-1.0444,-1.0444,0.0,0.0
COMBINED,5,0.25,0.0,22,17,0.23529411764705882,-0.3296941176470588,-5.6048,0.5228820484881503,-7.321599999999999
COMBINED,5,0.25,-0.25,1,43,0.4186046511627907,0.08280930232558141,3.5608000000000004,1.2507605633802816,-2.4631999999999996
COMBINED,5,0.25,-0.25,2,1,0.0,-0.4144,-0.4144,0.0,0.0
COMBINED,5,0.25,-0.25,3,38,0.2894736842105263,-0.14071578947368416,-5.347199999999998,0.6801684331411345,-7.039999999999999
COMBINED,5,0.25,-0.25,4,1,0.0,-0.5044,-0.5044,0.0,0.0
COMBINED,5,0.25,-0.25,5,43,0.3488372093023256,-0.055562790697674426,-2.3892,0.8684593023255813,-8.9412
COMBINED,5,0.25,-0.25,6,69,0.4782608695652174,0.16864347826086956,11.6364,1.577534692581049,-5.408000000000001
COMBINED,5,0.25,-0.25,7,3,0.3333333333333333,-0.14106666666666665,-0.42319999999999997,0.3943903835145965,-0.6988
COMBINED,5,0.25,-0.25,8,6,0.6666666666666666,0.5739333333333333,3.4436,5.7250274423710215,-0.4643999999999999
COMBINED,5,0.25,-0.25,9,40,0.2,-0.3124,-12.496,0.3585479035768551,-14.326400000000001
COMBINED,5,0.25,-0.25,10,41,0.4634146341463415,0.16999024390243905,6.969600000000002,1.477147629871019,-3.2703999999999995
COMBINED,5,0.25,-0.25,11,35,0.2,-0.3929714285714285,-13.753999999999998,0.30686582809224316,-15.270799999999998
COMBINED,5,0.25,-0.25,12,43,0.3953488372093023,-0.04114418604651163,-1.7692,0.9207503897081222,-5.0052
COMBINED,5,0.25,-0.25,13,1,0.0,-1.4444,-1.4444,0.0,0.0
COMBINED,5,0.25,-0.25,14,44,0.5,0.33446363636363635,14.7164,1.938737497448459,-3.420799999999998
COMBINED,5,0.25,-0.25,15,5,0.4,0.15960000000000002,0.7980000000000002,1.3053727230981174,-1.0444
COMBINED,5,0.25,-0.25,16,8,0.625,0.3581,2.8648,2.1920772303595206,-2.4031999999999996
COMBINED,5,0.25,-0.25,17,5,0.6,0.6516000000000001,3.2580000000000005,2.7527437056165267,-1.0444
COMBINED,5,0.25,-0.25,18,20,0.3,-0.14040000000000002,-2.8080000000000007,0.7279491551697412,-7.216
COMBINED,5,0.25,-0.25,19,2,0.5,-0.11939999999999995,-0.2387999999999999,0.87718576424604,0.0
COMBINED,5,0.25,-0.25,20,71,0.39436619718309857,0.06658591549295777,4.727600000000002,1.132428737898888,-4.590799999999998
COMBINED,5,0.25,-0.25,21,1,0.0,-1.0444,-1.0444,0.0,0.0
COMBINED,5,0.25,-0.25,22,17,0.29411764705882354,-0.22087058823529412,-3.7548,0.6763884579584238,-6.1728
COMBINED,5,0.25,-0.5,1,43,0.5116279069767442,0.1909488372093024,8.210800000000003,1.6005383107574382,-2.777599999999998
COMBINED,5,0.25,-0.5,2,1,0.0,-1.0444,-1.0444,0.0,0.0
COMBINED,5,0.25,-0.5,3,38,0.34210526315789475,-0.2236105263157895,-8.497200000000001,0.5877147016011645,-8.479999999999999
COMBINED,5,0.25,-0.5,4,1,1.0,0.0456,0.0456,inf,0.0
COMBINED,5,0.25,-0.5,5,43,0.3953488372093023,-0.0541674418604651,-2.3291999999999993,0.8774389088842586,-7.692399999999999
COMBINED,5,0.25,-0.5,6,69,0.5652173913043478,0.2250202898550725,15.526400000000002,1.776630652260905,-4.6508
COMBINED,5,0.25,-0.5,7,3,0.3333333333333333,-0.14106666666666665,-0.42319999999999997,0.3943903835145965,-0.6988
COMBINED,5,0.25,-0.5,8,6,0.6666666666666666,0.5189333333333334,3.1136,3.9406875708349074,-0.7944
COMBINED,5,0.25,-0.5,9,40,0.275,-0.28514999999999996,-11.405999999999999,0.47334884751773043,-15.196399999999999
COMBINED,5,0.25,-0.5,10,41,0.4878048780487805,0.18779512195121956,7.699600000000002,1.5432813073297396,-2.9352
COMBINED,5,0.25,-0.5,11,35,0.2571428571428571,-0.4172571428571428,-14.604,0.3299196123774915,-15.420799999999996
COMBINED,5,0.25,-0.5,12,43,0.4418604651162791,-0.0057953488372093015,-0.24919999999999998,0.9887217364543166,-4.4808
COMBINED,5,0.25,-0.5,13,1,0.0,-1.4444,-1.4444,0.0,0.0
COMBINED,5,0.25,-0.5,14,44,0.5454545454545454,0.3349181818181819,14.736400000000003,1.812012342957902,-2.9819999999999975
COMBINED,5,0.25,-0.5,15,5,0.4,0.15960000000000002,0.7980000000000002,1.3053727230981174,-1.0444
COMBINED,5,0.25,-0.5,16,8,0.625,0.2956,2.3648,1.8145494626618903,-2.9031999999999996
COMBINED,5,0.25,-0.5,17,5,0.6,0.6516000000000001,3.2580000000000005,2.7527437056165267,-1.0444
COMBINED,5,0.25,-0.5,18,20,0.35,-0.2484,-4.968,0.6021526042667692,-9.706
COMBINED,5,0.25,-0.5,19,2,0.5,-0.11939999999999995,-0.2387999999999999,0.87718576424604,0.0
COMBINED,5,0.25,-0.5,20,71,0.4084507042253521,0.017008450704225367,1.2076000000000011,1.030330429890392,-6.078799999999999
COMBINED,5,0.25,-0.5,21,1,0.0,-1.0444,-1.0444,0.0,0.0
COMBINED,5,0.25,-0.5,22,17,0.29411764705882354,-0.22087058823529412,-3.7548,0.6763884579584238,-6.1728
COMBINED,5,0.25,-0.75,1,43,0.5581395348837209,0.23862325581395352,10.260800000000001,1.8394253738669464,-2.777599999999998
COMBINED,5,0.25,-0.75,2,1,0.0,-1.0444,-1.0444,0.0,0.0
COMBINED,5,0.25,-0.75,3,38,0.34210526315789475,-0.2425578947368421,-9.2172,0.5678762306610409,-8.78
COMBINED,5,0.25,-0.75,4,1,1.0,0.0456,0.0456,inf,0.0
COMBINED,5,0.25,-0.75,5,43,0.4186046511627907,-0.028353488372093016,-1.2191999999999996,0.9327152317880795,-6.5824
COMBINED,5,0.25,-0.75,6,69,0.5652173913043478,0.18168695652173913,12.5364,1.5454877730397707,-5.439599999999999
COMBINED,5,0.25,-0.75,7,3,0.3333333333333333,-0.14106666666666665,-0.42319999999999997,0.3943903835145965,-0.6988
COMBINED,5,0.25,-0.75,8,6,0.6666666666666666,0.5189333333333334,3.1136,3.9406875708349074,-0.7944
COMBINED,5,0.25,-0.75,9,40,0.3,-0.25715,-10.286,0.5375665371888937,-13.346399999999996
COMBINED,5,0.25,-0.75,10,41,0.5365853658536586,0.29486829268292686,12.0896,1.92261668549101,-2.9351999999999987
COMBINED,5,0.25,-0.75,11,35,0.2857142857142857,-0.38754285714285713,-13.564,0.36289337717238146,-14.380799999999995
COMBINED,5,0.25,-0.75,12,43,0.4883720930232558,0.048623255813953506,2.0908000000000007,1.0964978677054293,-4.9608
COMBINED,5,0.25,-0.75,13,1,0.0,-1.4444,-1.4444,0.0,0.0
COMBINED,5,0.25,-0.75,14,44,0.5454545454545454,0.3042363636363637,13.386400000000002,1.6865524669196843,-3.0732
COMBINED,5,0.25,-0.75,15,5,0.4,0.09160000000000004,0.4580000000000002,1.1550860083976704,-1.0444
COMBINED,5,0.25,-0.75,16,8,0.625,0.2956,2.3648,1.8145494626618903,-2.9031999999999996
COMBINED,5,0.25,-0.75,17,5,0.6,0.6516000000000001,3.2580000000000005,2.7527437056165267,-1.0444
COMBINED,5,0.25,-0.75,18,20,0.35,-0.2709,-5.417999999999999,0.5812076801780912,-10.155999999999999
COMBINED,5,0.25,-0.75,19,2,0.5,-0.11939999999999995,-0.2387999999999999,0.87718576424604,0.0
COMBINED,5,0.25,-0.75,20,71,0.4084507042253521,0.002923943661971839,0.20760000000000056,1.0050863902309939,-6.5588
COMBINED,5,0.25,-0.75,21,1,0.0,-1.0444,-1.0444,0.0,0.0
COMBINED,5,0.25,-0.75,22,17,0.29411764705882354,-0.30204705882352945,-5.1348,0.6044920972363435,-7.552799999999999
COMBINED,5,0.5,0.0,1,43,0.4186046511627907,0.13164651162790703,5.660800000000002,1.4168483063328425,-2.4631999999999996
COMBINED,5,0.5,0.0,2,1,0.0,-0.4144,-0.4144,0.0,0.0
COMBINED,5,0.5,0.0,3,38,0.3157894736842105,-0.1894,-7.1972000000000005,0.6178694304039417,-8.139999999999999
COMBINED,5,0.5,0.0,4,1,0.0,-0.5044,-0.5044,0.0,0.0
COMBINED,5,0.5,0.0,5,43,0.3488372093023256,-0.04253953488372091,-1.8291999999999993,0.8869692026298879,-6.461199999999999
COMBINED,5,0.5,0.0,6,69,0.4927536231884058,0.191831884057971,13.2364,1.7069215979491563,-5.324000000000002
COMBINED,5,0.5,0.0,7,3,0.3333333333333333,-0.07439999999999998,-0.22319999999999993,0.5525260625501204,-0.4987999999999999
COMBINED,5,0.5,0.0,8,6,0.6666666666666666,0.5739333333333333,3.4436,5.7250274423710215,-0.4643999999999999
COMBINED,5,0.5,0.0,9,40,0.225,-0.25489999999999996,-10.195999999999998,0.4526049048662114,-13.986399999999998
COMBINED,5,0.5,0.0,10,41,0.4634146341463415,0.16999024390243905,6.969600000000002,1.477147629871019,-3.2703999999999995
COMBINED,5,0.5,0.0,11,35,0.2,-0.33868571428571426,-11.854,0.33935975745686386,-12.6708
COMBINED,5,0.5,0.0,12,43,0.32558139534883723,-0.14439999999999995,-6.209199999999997,0.7169608343665669,-6.1332
COMBINED,5,0.5,0.0,13,1,0.0,-1.4444,-1.4444,0.0,0.0
COMBINED,5,0.5,0.0,14,44,0.5,0.3194636363636364,14.056400000000002,1.911758601006694,-3.420799999999998
COMBINED,5,0.5,0.0,15,5,0.4,0.15960000000000002,0.7980000000000002,1.3053727230981174,-1.0444
COMBINED,5,0.5,0.0,16,8,0.625,0.3581,2.8648,2.1920772303595206,-2.4031999999999996
COMBINED,5,0.5,0.0,17,5,0.6,0.6516000000000001,3.2580000000000005,2.7527437056165267,-1.0444
COMBINED,5,0.5,0.0,18,20,0.35,-0.13690000000000002,-2.7380000000000004,0.7330655539523457,-7.476000000000001
COMBINED,5,0.5,0.0,19,2,0.5,-0.11939999999999995,-0.2387999999999999,0.87718576424604,0.0
COMBINED,5,0.5,0.0,20,71,0.352112676056338,0.04968450704225353,3.5276000000000005,1.1065341080682762,-4.9239999999999995
COMBINED,5,0.5,0.0,21,1,0.0,-1.0444,-1.0444,0.0,0.0
COMBINED,5,0.5,0.0,22,17,0.29411764705882354,-0.22087058823529412,-3.7548,0.6763884579584238,-6.1728
COMBINED,5,0.5,-0.25,1,43,0.46511627906976744,0.14722790697674423,6.330800000000002,1.4534567229178008,-2.777599999999998
COMBINED,5,0.5,-0.25,2,1,0.0,-0.4144,-0.4144,0.0,0.0
COMBINED,5,0.5,-0.25,3,38,0.3157894736842105,-0.1894,-7.1972000000000005,0.6178694304039417,-8.139999999999999
COMBINED,5,0.5,-0.25,4,1,0.0,-0.5044,-0.5044,0.0,0.0
COMBINED,5,0.5,-0.25,5,43,0.37209302325581395,-0.03137674418604651,-1.3492,0.9224989660401636,-7.901199999999999
COMBINED,5,0.5,-0.25,6,69,0.4927536231884058,0.1689333333333333,11.656399999999998,1.5740937746256898,-5.3640000000000025
COMBINED,5,0.5,-0.25,7,3,0.3333333333333333,-0.14106666666666665,-0.42319999999999997,0.3943903835145965,-0.6988
COMBINED,5,0.5,-0.25,8,6,0.6666666666666666,0.5739333333333333,3.4436,5.7250274423710215,-0.4643999999999999
COMBINED,5,0.5,-0.25,9,40,0.225,-0.2789,-11.155999999999999,0.43042110852428217,-14.946399999999997
COMBINED,5,0.5,-0.25,10,41,0.4634146341463415,0.16999024390243905,6.969600000000002,1.477147629871019,-3.2703999999999995
COMBINED,5,0.5,-0.25,11,35,0.2,-0.4129714285714285,-14.453999999999997,0.2964095175045757,-15.270799999999998
COMBINED,5,0.5,-0.25,12,43,0.3953488372093023,-0.04114418604651163,-1.7692,0.9207503897081222,-5.0052
COMBINED,5,0.5,-0.25,13,1,0.0,-1.4444,-1.4444,0.0,0.0
COMBINED,5,0.5,-0.25,14,44,0.5227272727272727,0.3592363636363637,15.806400000000002,2.028232416538732,-3.420799999999998
COMBINED,5,0.5,-0.25,15,5,0.4,0.15960000000000002,0.7980000000000002,1.3053727230981174,-1.0444
COMBINED,5,0.5,-0.25,16,8,0.625,0.3581,2.8648,2.1920772303595206,-2.4031999999999996
COMBINED,5,0.5,-0.25,17,5,0.6,0.6516000000000001,3.2580000000000005,2.7527437056165267,-1.0444
COMBINED,5,0.5,-0.25,18,20,0.35,-0.18439999999999998,-3.6879999999999997,0.670925833392819,-8.426
COMBINED,5,0.5,-0.25,19,2,0.5,-0.11939999999999995,-0.2387999999999999,0.87718576424604,0.0
COMBINED,5,0.5,-0.25,20,71,0.39436619718309857,0.05799436619718313,4.117600000000002,1.1134037654368585,-4.695999999999996
COMBINED,5,0.5,-0.25,21,1,0.0,-1.0444,-1.0444,0.0,0.0
COMBINED,5,0.5,-0.25,22,17,0.29411764705882354,-0.22087058823529412,-3.7548,0.6763884579584238,-6.1728
COMBINED,5,0.5,-0.5,1,43,0.5116279069767442,0.1909488372093024,8.210800000000003,1.6005383107574382,-2.777599999999998
COMBINED,5,0.5,-0.5,2,1,0.0,-1.0444,-1.0444,0.0,0.0
COMBINED,5,0.5,-0.5,3,38,0.34210526315789475,-0.2236105263157895,-8.497200000000001,0.5877147016011645,-8.479999999999999
COMBINED,5,0.5,-0.5,4,1,1.0,0.0456,0.0456,inf,0.0
COMBINED,5,0.5,-0.5,5,43,0.3953488372093023,-0.0541674418604651,-2.3291999999999993,0.8774389088842586,-7.692399999999999
COMBINED,5,0.5,-0.5,6,69,0.5652173913043478,0.2250202898550725,15.526400000000002,1.776630652260905,-4.6508
COMBINED,5,0.5,-0.5,7,3,0.3333333333333333,-0.14106666666666665,-0.42319999999999997,0.3943903835145965,-0.6988
COMBINED,5,0.5,-0.5,8,6,0.6666666666666666,0.5189333333333334,3.1136,3.9406875708349074,-0.7944
COMBINED,5,0.5,-0.5,9,40,0.275,-0.28514999999999996,-11.405999999999999,0.47334884751773043,-15.196399999999999
COMBINED,5,0.5,-0.5,10,41,0.4878048780487805,0.18779512195121956,7.699600000000002,1.5432813073297396,-2.9352
COMBINED,5,0.5,-0.5,11,35,0.2571428571428571,-0.4172571428571428,-14.604,0.3299196123774915,-15.420799999999996
COMBINED,5,0.5,-0.5,12,43,0.4418604651162791,-0.0057953488372093015,-0.24919999999999998,0.9887217364543166,-4.4808
COMBINED,5,0.5,-0.5,13,1,0.0,-1.4444,-1.4444,0.0,0.0
COMBINED,5,0.5,-0.5,14,44,0.5454545454545454,0.3349181818181819,14.736400000000003,1.812012342957902,-2.9819999999999975
COMBINED,5,0.5,-0.5,15,5,0.4,0.15960000000000002,0.7980000000000002,1.3053727230981174,-1.0444
COMBINED,5,0.5,-0.5,16,8,0.625,0.2956,2.3648,1.8145494626618903,-2.9031999999999996
COMBINED,5,0.5,-0.5,17,5,0.6,0.6516000000000001,3.2580000000000005,2.7527437056165267,-1.0444
COMBINED,5,0.5,-0.5,18,20,0.35,-0.2484,-4.968,0.6021526042667692,-9.706
COMBINED,5,0.5,-0.5,19,2,0.5,-0.11939999999999995,-0.2387999999999999,0.87718576424604,0.0
COMBINED,5,0.5,-0.5,20,71,0.4084507042253521,0.017008450704225367,1.2076000000000011,1.030330429890392,-6.078799999999999
COMBINED,5,0.5,-0.5,21,1,0.0,-1.0444,-1.0444,0.0,0.0
COMBINED,5,0.5,-0.5,22,17,0.29411764705882354,-0.22087058823529412,-3.7548,0.6763884579584238,-6.1728
COMBINED,5,0.5,-0.75,1,43,0.5581395348837209,0.23862325581395352,10.260800000000001,1.8394253738669464,-2.777599999999998
COMBINED,5,0.5,-0.75,2,1,0.0,-1.0444,-1.0444,0.0,0.0
COMBINED,5,0.5,-0.75,3,38,0.34210526315789475,-0.2425578947368421,-9.2172,0.5678762306610409,-8.78
COMBINED,5,0.5,-0.75,4,1,1.0,0.0456,0.0456,inf,0.0
COMBINED,5,0.5,-0.75,5,43,0.4186046511627907,-0.028353488372093016,-1.2191999999999996,0.9327152317880795,-6.5824
COMBINED,5,0.5,-0.75,6,69,0.5652173913043478,0.18168695652173913,12.5364,1.5454877730397707,-5.439599999999999
COMBINED,5,0.5,-0.75,7,3,0.3333333333333333,-0.14106666666666665,-0.42319999999999997,0.3943903835145965,-0.6988
COMBINED,5,0.5,-0.75,8,6,0.6666666666666666,0.5189333333333334,3.1136,3.9406875708349074,-0.7944
COMBINED,5,0.5,-0.75,9,40,0.3,-0.25715,-10.286,0.5375665371888937,-13.346399999999996
COMBINED,5,0.5,-0.75,10,41,0.5365853658536586,0.29486829268292686,12.0896,1.92261668549101,-2.9351999999999987
COMBINED,5,0.5,-0.75,11,35,0.2857142857142857,-0.38754285714285713,-13.564,0.36289337717238146,-14.380799999999995
COMBINED,5,0.5,-0.75,12,43,0.4883720930232558,0.048623255813953506,2.0908000000000007,1.0964978677054293,-4.9608
COMBINED,5,0.5,-0.75,13,1,0.0,-1.4444,-1.4444,0.0,0.0
COMBINED,5,0.5,-0.75,14,44,0.5454545454545454,0.3042363636363637,13.386400000000002,1.6865524669196843,-3.0732
COMBINED,5,0.5,-0.75,15,5,0.4,0.09160000000000004,0.4580000000000002,1.1550860083976704,-1.0444
COMBINED,5,0.5,-0.75,16,8,0.625,0.2956,2.3648,1.8145494626618903,-2.9031999999999996
COMBINED,5,0.5,-0.75,17,5,0.6,0.6516000000000001,3.2580000000000005,2.7527437056165267,-1.0444
COMBINED,5,0.5,-0.75,18,20,0.35,-0.2709,-5.417999999999999,0.5812076801780912,-10.155999999999999
COMBINED,5,0.5,-0.75,19,2,0.5,-0.11939999999999995,-0.2387999999999999,0.87718576424604,0.0
COMBINED,5,0.5,-0.75,20,71,0.4084507042253521,0.002923943661971839,0.20760000000000056,1.0050863902309939,-6.5588
COMBINED,5,0.5,-0.75,21,1,0.0,-1.0444,-1.0444,0.0,0.0
COMBINED,5,0.5,-0.75,22,17,0.29411764705882354,-0.30204705882352945,-5.1348,0.6044920972363435,-7.552799999999999
COMBINED,5,0.75,0.0,1,43,0.5348837209302325,0.24304186046511625,10.4508,1.8724995825680413,-2.243199999999999
COMBINED,5,0.75,0.0,2,1,0.0,-0.4144,-0.4144,0.0,0.0
COMBINED,5,0.75,0.0,3,38,0.34210526315789475,-0.22466315789473684,-8.5372,0.5865762711864407,-8.479999999999999
COMBINED,5,0.75,0.0,4,1,0.0,-0.5044,-0.5044,0.0,0.0
COMBINED,5,0.75,0.0,5,43,0.4186046511627907,-0.028353488372093016,-1.2191999999999996,0.9327152317880795,-6.5824
COMBINED,5,0.75,0.0,6,69,0.5507246376811594,0.1909623188405797,13.1764,1.6233984973789295,-5.089600000000003
COMBINED,5,0.75,0.0,7,3,0.3333333333333333,-0.14106666666666665,-0.42319999999999997,0.3943903835145965,-0.6988
COMBINED,5,0.75,0.0,8,6,0.6666666666666666,0.5189333333333334,3.1136,3.9406875708349074,-0.7944
COMBINED,5,0.75,0.0,9,40,0.275,-0.29764999999999997,-11.905999999999999,0.4626674369065242,-15.3164
COMBINED,5,0.75,0.0,10,41,0.4878048780487805,0.22389268292682932,9.179600000000002,1.6551054780051955,-2.9352
COMBINED,5,0.75,0.0,11,35,0.2571428571428571,-0.34982857142857143,-12.244,0.36998312271024586,-13.060799999999997
COMBINED,5,0.75,0.0,12,43,0.3953488372093023,-0.07463255813953486,-3.209199999999999,0.8582784264542227,-5.5632
COMBINED,5,0.75,0.0,13,1,0.0,-1.4444,-1.4444,0.0,0.0
COMBINED,5,0.75,0.0,14,44,0.5,0.2881000000000001,12.676400000000003,1.754691369784721,-3.420799999999998
COMBINED,5,0.75,0.0,15,5,0.4,0.15960000000000002,0.7980000000000002,1.3053727230981174,-1.0444
COMBINED,5,0.75,0.0,16,8,0.625,0.3581,2.8648,2.1920772303595206,-2.4031999999999996
COMBINED,5,0.75,0.0,17,5,0.6,0.6516000000000001,3.2580000000000005,2.7527437056165267,-1.0444
COMBINED,5,0.75,0.0,18,20,0.35,-0.2444,-4.888,0.6060352053646271,-9.626
COMBINED,5,0.75,0.0,19,2,0.5,-0.11939999999999995,-0.2387999999999999,0.87718576424604,0.0
COMBINED,5,0.75,0.0,20,71,0.39436619718309857,0.05165633802816905,3.667600000000003,1.102449216742273,-5.6416
COMBINED,5,0.75,0.0,21,1,0.0,-1.0444,-1.0444,0.0,0.0
COMBINED,5,0.75,0.0,22,17,0.29411764705882354,-0.2408705882352941,-4.094799999999999,0.6571323307767023,-6.5127999999999995
COMBINED,5,0.75,-0.25,1,43,0.5348837209302325,0.2242046511627907,9.6408,1.753894275883641,-2.777599999999998
COMBINED,5,0.75,-0.25,2,1,0.0,-0.4144,-0.4144,0.0,0.0
COMBINED,5,0.75,-0.25,3,38,0.34210526315789475,-0.22466315789473684,-8.5372,0.5865762711864407,-8.479999999999999
COMBINED,5,0.75,-0.25,4,1,0.0,-0.5044,-0.5044,0.0,0.0
COMBINED,5,0.75,-0.25,5,43,0.4186046511627907,-0.028353488372093016,-1.2191999999999996,0.9327152317880795,-6.5824
COMBINED,5,0.75,-0.25,6,69,0.5507246376811594,0.16617971014492755,11.4664,1.5018908887176976,-5.089599999999999
COMBINED,5,0.75,-0.25,7,3,0.3333333333333333,-0.14106666666666665,-0.42319999999999997,0.3943903835145965,-0.6988
COMBINED,5,0.75,-0.25,8,6,0.6666666666666666,0.5189333333333334,3.1136,3.9406875708349074,-0.7944
COMBINED,5,0.75,-0.25,9,40,0.275,-0.29764999999999997,-11.905999999999999,0.4626674369065242,-15.3164
COMBINED,5,0.75,-0.25,10,41,0.4878048780487805,0.22389268292682932,9.179600000000002,1.6551054780051955,-2.9352
COMBINED,5,0.75,-0.25,11,35,0.2571428571428571,-0.3998285714285713,-13.993999999999996,0.3394195728932611,-14.810799999999997
COMBINED,5,0.75,-0.25,12,43,0.4418604651162791,0.006762790697674423,0.29080000000000017,1.013060505892498,-5.4852
COMBINED,5,0.75,-0.25,13,1,0.0,-1.4444,-1.4444,0.0,0.0
COMBINED,5,0.75,-0.25,14,44,0.5227272727272727,0.3278727272727273,14.426400000000001,1.8611542226785418,-3.420799999999998
COMBINED,5,0.75,-0.25,15,5,0.4,0.15960000000000002,0.7980000000000002,1.3053727230981174,-1.0444
COMBINED,5,0.75,-0.25,16,8,0.625,0.3581,2.8648,2.1920772303595206,-2.4031999999999996
COMBINED,5,0.75,-0.25,17,5,0.6,0.6516000000000001,3.2580000000000005,2.7527437056165267,-1.0444
COMBINED,5,0.75,-0.25,18,20,0.35,-0.2444,-4.888,0.6060352053646271,-9.626
COMBINED,5,0.75,-0.25,19,2,0.5,-0.11939999999999995,-0.2387999999999999,0.87718576424604,0.0
COMBINED,5,0.75,-0.25,20,71,0.4084507042253521,0.04574084507042255,3.247600000000001,1.0859726590213576,-4.695999999999998
COMBINED,5,0.75,-0.25,21,1,0.0,-1.0444,-1.0444,0.0,0.0
COMBINED,5,0.75,-0.25,22,17,0.29411764705882354,-0.2408705882352941,-4.094799999999999,0.6571323307767023,-6.5127999999999995
COMBINED,5,0.75,-0.5,1,43,0.5348837209302325,0.2242046511627907,9.6408,1.753894275883641,-2.777599999999998
COMBINED,5,0.75,-0.5,2,1,0.0,-1.0444,-1.0444,0.0,0.0
COMBINED,5,0.75,-0.5,3,38,0.34210526315789475,-0.23466315789473682,-8.9172,0.5759771754636234,-8.479999999999999
COMBINED,5,0.75,-0.5,4,1,1.0,0.0456,0.0456,inf,0.0
COMBINED,5,0.75,-0.5,5,43,0.4186046511627907,-0.028353488372093016,-1.2191999999999996,0.9327152317880795,-6.5824
COMBINED,5,0.75,-0.5,6,69,0.5652173913043478,0.19081739130434783,13.1664,1.5890479599141019,-5.089600000000003
COMBINED,5,0.75,-0.5,7,3,0.3333333333333333,-0.14106666666666665,-0.42319999999999997,0.3943903835145965,-0.6988
COMBINED,5,0.75,-0.5,8,6,0.6666666666666666,0.5189333333333334,3.1136,3.9406875708349074,-0.7944
COMBINED,5,0.75,-0.5,9,40,0.275,-0.29464999999999997,-11.786,0.46518677169927763,-15.196399999999999
COMBINED,5,0.75,-0.5,10,41,0.5121951219512195,0.24242926829268294,9.9396,1.7336581045172719,-2.9352
COMBINED,5,0.75,-0.5,11,35,0.2571428571428571,-0.4363999999999999,-15.273999999999997,0.3200797706593544,-16.090799999999994
COMBINED,5,0.75,-0.5,12,43,0.46511627906976744,0.027925581395348845,1.2008000000000003,1.0537241848312393,-4.9608
COMBINED,5,0.75,-0.5,13,1,0.0,-1.4444,-1.4444,0.0,0.0
COMBINED,5,0.75,-0.5,14,44,0.5454545454545454,0.3349181818181819,14.736400000000003,1.812012342957902,-2.9819999999999975
COMBINED,5,0.75,-0.5,15,5,0.4,0.15960000000000002,0.7980000000000002,1.3053727230981174,-1.0444
COMBINED,5,0.75,-0.5,16,8,0.625,0.2956,2.3648,1.8145494626618903,-2.9031999999999996
COMBINED,5,0.75,-0.5,17,5,0.6,0.6516000000000001,3.2580000000000005,2.7527437056165267,-1.0444
COMBINED,5,0.75,-0.5,18,20,0.35,-0.2709,-5.417999999999999,0.5812076801780912,-10.155999999999999
COMBINED,5,0.75,-0.5,19,2,0.5,-0.11939999999999995,-0.2387999999999999,0.87718576424604,0.0
COMBINED,5,0.75,-0.5,20,71,0.4084507042253521,0.010247887323943664,0.7276000000000001,1.0180569204959444,-6.5588
COMBINED,5,0.75,-0.5,21,1,0.0,-1.0444,-1.0444,0.0,0.0
COMBINED,5,0.75,-0.5,22,17,0.29411764705882354,-0.2408705882352941,-4.094799999999999,0.6571323307767023,-6.5127999999999995
COMBINED,5,0.75,-0.75,1,43,0.5581395348837209,0.23862325581395352,10.260800000000001,1.8394253738669464,-2.777599999999998
COMBINED,5,0.75,-0.75,2,1,0.0,-1.0444,-1.0444,0.0,0.0
COMBINED,5,0.75,-0.75,3,38,0.34210526315789475,-0.2425578947368421,-9.2172,0.5678762306610409,-8.78
COMBINED,5,0.75,-0.75,4,1,1.0,0.0456,0.0456,inf,0.0
COMBINED,5,0.75,-0.75,5,43,0.4186046511627907,-0.028353488372093016,-1.2191999999999996,0.9327152317880795,-6.5824
COMBINED,5,0.75,-0.75,6,69,0.5652173913043478,0.18168695652173913,12.5364,1.5454877730397707,-5.439599999999999
COMBINED,5,0.75,-0.75,7,3,0.3333333333333333,-0.14106666666666665,-0.42319999999999997,0.3943903835145965,-0.6988
COMBINED,5,0.75,-0.75,8,6,0.6666666666666666,0.5189333333333334,3.1136,3.9406875708349074,-0.7944
COMBINED,5,0.75,-0.75,9,40,0.3,-0.25715,-10.286,0.5375665371888937,-13.346399999999996
COMBINED,5,0.75,-0.75,10,41,0.5365853658536586,0.29486829268292686,12.0896,1.92261668549101,-2.9351999999999987
COMBINED,5,0.75,-0.75,11,35,0.2857142857142857,-0.38754285714285713,-13.564,0.36289337717238146,-14.380799999999995
COMBINED,5,0.75,-0.75,12,43,0.4883720930232558,0.048623255813953506,2.0908000000000007,1.0964978677054293,-4.9608
COMBINED,5,0.75,-0.75,13,1,0.0,-1.4444,-1.4444,0.0,0.0
COMBINED,5,0.75,-0.75,14,44,0.5454545454545454,0.3042363636363637,13.386400000000002,1.6865524669196843,-3.0732
COMBINED,5,0.75,-0.75,15,5,0.4,0.09160000000000004,0.4580000000000002,1.1550860083976704,-1.0444
COMBINED,5,0.75,-0.75,16,8,0.625,0.2956,2.3648,1.8145494626618903,-2.9031999999999996
COMBINED,5,0.75,-0.75,17,5,0.6,0.6516000000000001,3.2580000000000005,2.7527437056165267,-1.0444
COMBINED,5,0.75,-0.75,18,20,0.35,-0.2709,-5.417999999999999,0.5812076801780912,-10.155999999999999
COMBINED,5,0.75,-0.75,19,2,0.5,-0.11939999999999995,-0.2387999999999999,0.87718576424604,0.0
COMBINED,5,0.75,-0.75,20,71,0.4084507042253521,0.002923943661971839,0.20760000000000056,1.0050863902309939,-6.5588
COMBINED,5,0.75,-0.75,21,1,0.0,-1.0444,-1.0444,0.0,0.0
COMBINED,5,0.75,-0.75,22,17,0.29411764705882354,-0.30204705882352945,-5.1348,0.6044920972363435,-7.552799999999999
COMBINED,5,1.0,0.0,1,43,0.5813953488372093,0.2560651162790698,11.010800000000001,1.9460100350539558,-2.777599999999998
COMBINED,5,1.0,0.0,2,1,0.0,-1.0444,-1.0444,0.0,0.0
COMBINED,5,1.0,0.0,3,38,0.34210526315789475,-0.2425578947368421,-9.2172,0.5678762306610409,-8.78
COMBINED,5,1.0,0.0,4,1,1.0,0.0456,0.0456,inf,0.0
COMBINED,5,1.0,0.0,5,43,0.4186046511627907,-0.028353488372093016,-1.2191999999999996,0.9327152317880795,-6.5824
COMBINED,5,1.0,0.0,6,69,0.5652173913043478,0.18168695652173913,12.5364,1.5454877730397707,-5.439599999999999
COMBINED,5,1.0,0.0,7,3,0.3333333333333333,-0.14106666666666665,-0.42319999999999997,0.3943903835145965,-0.6988
COMBINED,5,1.0,0.0,8,6,0.6666666666666666,0.5189333333333334,3.1136,3.9406875708349074,-0.7944
COMBINED,5,1.0,0.0,9,40,0.3,-0.25065,-10.026,0.5439244513992504,-13.086399999999998
COMBINED,5,1.0,0.0,10,41,0.5365853658536586,0.29486829268292686,12.0896,1.92261668549101,-2.9351999999999987
COMBINED,5,1.0,0.0,11,35,0.2857142857142857,-0.38754285714285713,-13.564,0.36289337717238146,-14.380799999999995
COMBINED,5,1.0,0.0,12,43,0.4883720930232558,0.04397209302325585,1.8908000000000016,1.0864689849452136,-4.9608
COMBINED,5,1.0,0.0,13,1,0.0,-1.4444,-1.4444,0.0,0.0
COMBINED,5,1.0,0.0,14,44,0.5681818181818182,0.3451454545454546,15.1864,1.8520388698130568,-2.9819999999999975
COMBINED,5,1.0,0.0,15,5,0.4,0.1236,0.618,1.2212516110554203,-1.0444
COMBINED,5,1.0,0.0,16,8,0.625,0.2956,2.3648,1.8145494626618903,-2.9031999999999996
COMBINED,5,1.0,0.0,17,5,0.6,0.6516000000000001,3.2580000000000005,2.7527437056165267,-1.0444
COMBINED,5,1.0,0.0,18,20,0.35,-0.2709,-5.417999999999999,0.5812076801780912,-10.155999999999999
COMBINED,5,1.0,0.0,19,2,0.5,-0.11939999999999995,-0.2387999999999999,0.87718576424604,0.0
COMBINED,5,1.0,0.0,20,71,0.4225352112676056,0.04081126760563384,2.897600000000003,1.0747953041269576,-4.695999999999998
COMBINED,5,1.0,0.0,21,1,0.0,-1.0444,-1.0444,0.0,0.0
COMBINED,5,1.0,0.0,22,17,0.29411764705882354,-0.29145882352941177,-4.9548000000000005,0.6129909082388227,-7.372799999999999
COMBINED,5,1.0,-0.25,1,43,0.5813953488372093,0.2560651162790698,11.010800000000001,1.9460100350539558,-2.777599999999998
COMBINED,5,1.0,-0.25,2,1,0.0,-1.0444,-1.0444,0.0,0.0
COMBINED,5,1.0,-0.25,3,38,0.34210526315789475,-0.2425578947368421,-9.2172,0.5678762306610409,-8.78
COMBINED,5,1.0,-0.25,4,1,1.0,0.0456,0.0456,inf,0.0
COMBINED,5,1.0,-0.25,5,43,0.4186046511627907,-0.028353488372093016,-1.2191999999999996,0.9327152317880795,-6.5824
COMBINED,5,1.0,-0.25,6,69,0.5652173913043478,0.18168695652173913,12.5364,1.5454877730397707,-5.439599999999999
COMBINED,5,1.0,-0.25,7,3,0.3333333333333333,-0.14106666666666665,-0.42319999999999997,0.3943903835145965,-0.6988
COMBINED,5,1.0,-0.25,8,6,0.6666666666666666,0.5189333333333334,3.1136,3.9406875708349074,-0.7944
COMBINED,5,1.0,-0.25,9,40,0.3,-0.25065,-10.026,0.5439244513992504,-13.086399999999998
COMBINED,5,1.0,-0.25,10,41,0.5365853658536586,0.29486829268292686,12.0896,1.92261668549101,-2.9351999999999987
COMBINED,5,1.0,-0.25,11,35,0.2857142857142857,-0.38754285714285713,-13.564,0.36289337717238146,-14.380799999999995
COMBINED,5,1.0,-0.25,12,43,0.4883720930232558,0.04397209302325585,1.8908000000000016,1.0864689849452136,-4.9608
COMBINED,5,1.0,-0.25,13,1,0.0,-1.4444,-1.4444,0.0,0.0
COMBINED,5,1.0,-0.25,14,44,0.5681818181818182,0.3451454545454546,15.1864,1.8520388698130568,-2.9819999999999975
COMBINED,5,1.0,-0.25,15,5,0.4,0.1236,0.618,1.2212516110554203,-1.0444
COMBINED,5,1.0,-0.25,16,8,0.625,0.2956,2.3648,1.8145494626618903,-2.9031999999999996
COMBINED,5,1.0,-0.25,17,5,0.6,0.6516000000000001,3.2580000000000005,2.7527437056165267,-1.0444
COMBINED,5,1.0,-0.25,18,20,0.35,-0.2709,-5.417999999999999,0.5812076801780912,-10.155999999999999
COMBINED,5,1.0,-0.25,19,2,0.5,-0.11939999999999995,-0.2387999999999999,0.87718576424604,0.0
COMBINED,5,1.0,-0.25,20,71,0.4225352112676056,0.04081126760563384,2.897600000000003,1.0747953041269576,-4.695999999999998
COMBINED,5,1.0,-0.25,21,1,0.0,-1.0444,-1.0444,0.0,0.0
COMBINED,5,1.0,-0.25,22,17,0.29411764705882354,-0.29145882352941177,-4.9548000000000005,0.6129909082388227,-7.372799999999999
COMBINED,5,1.0,-0.5,1,43,0.5813953488372093,0.2560651162790698,11.010800000000001,1.9460100350539558,-2.777599999999998
COMBINED,5,1.0,-0.5,2,1,0.0,-1.0444,-1.0444,0.0,0.0
COMBINED,5,1.0,-0.5,3,38,0.34210526315789475,-0.2425578947368421,-9.2172,0.5678762306610409,-8.78
COMBINED,5,1.0,-0.5,4,1,1.0,0.0456,0.0456,inf,0.0
COMBINED,5,1.0,-0.5,5,43,0.4186046511627907,-0.028353488372093016,-1.2191999999999996,0.9327152317880795,-6.5824
COMBINED,5,1.0,-0.5,6,69,0.5652173913043478,0.18168695652173913,12.5364,1.5454877730397707,-5.439599999999999
COMBINED,5,1.0,-0.5,7,3,0.3333333333333333,-0.14106666666666665,-0.42319999999999997,0.3943903835145965,-0.6988
COMBINED,5,1.0,-0.5,8,6,0.6666666666666666,0.5189333333333334,3.1136,3.9406875708349074,-0.7944
COMBINED,5,1.0,-0.5,9,40,0.3,-0.25065,-10.026,0.5439244513992504,-13.086399999999998
COMBINED,5,1.0,-0.5,10,41,0.5365853658536586,0.29486829268292686,12.0896,1.92261668549101,-2.9351999999999987
COMBINED,5,1.0,-0.5,11,35,0.2857142857142857,-0.38754285714285713,-13.564,0.36289337717238146,-14.380799999999995
COMBINED,5,1.0,-0.5,12,43,0.4883720930232558,0.04397209302325585,1.8908000000000016,1.0864689849452136,-4.9608
COMBINED,5,1.0,-0.5,13,1,0.0,-1.4444,-1.4444,0.0,0.0
COMBINED,5,1.0,-0.5,14,44,0.5681818181818182,0.3451454545454546,15.1864,1.8520388698130568,-2.9819999999999975
COMBINED,5,1.0,-0.5,15,5,0.4,0.1236,0.618,1.2212516110554203,-1.0444
COMBINED,5,1.0,-0.5,16,8,0.625,0.2956,2.3648,1.8145494626618903,-2.9031999999999996
COMBINED,5,1.0,-0.5,17,5,0.6,0.6516000000000001,3.2580000000000005,2.7527437056165267,-1.0444
COMBINED,5,1.0,-0.5,18,20,0.35,-0.2709,-5.417999999999999,0.5812076801780912,-10.155999999999999
COMBINED,5,1.0,-0.5,19,2,0.5,-0.11939999999999995,-0.2387999999999999,0.87718576424604,0.0
COMBINED,5,1.0,-0.5,20,71,0.4225352112676056,0.02419154929577466,1.717600000000001,1.0430256209857611,-5.611599999999999
COMBINED,5,1.0,-0.5,21,1,0.0,-1.0444,-1.0444,0.0,0.0
COMBINED,5,1.0,-0.5,22,17,0.29411764705882354,-0.29145882352941177,-4.9548000000000005,0.6129909082388227,-7.372799999999999
COMBINED,5,1.0,-0.75,1,43,0.5813953488372093,0.2560651162790698,11.010800000000001,1.9460100350539558,-2.777599999999998
COMBINED,5,1.0,-0.75,2,1,0.0,-1.0444,-1.0444,0.0,0.0
COMBINED,5,1.0,-0.75,3,38,0.34210526315789475,-0.2425578947368421,-9.2172,0.5678762306610409,-8.78
COMBINED,5,1.0,-0.75,4,1,1.0,0.0456,0.0456,inf,0.0
COMBINED,5,1.0,-0.75,5,43,0.4186046511627907,-0.028353488372093016,-1.2191999999999996,0.9327152317880795,-6.5824
COMBINED,5,1.0,-0.75,6,69,0.5652173913043478,0.18168695652173913,12.5364,1.5454877730397707,-5.439599999999999
COMBINED,5,1.0,-0.75,7,3,0.3333333333333333,-0.14106666666666665,-0.42319999999999997,0.3943903835145965,-0.6988
COMBINED,5,1.0,-0.75,8,6,0.6666666666666666,0.5189333333333334,3.1136,3.9406875708349074,-0.7944
COMBINED,5,1.0,-0.75,9,40,0.3,-0.25715,-10.286,0.5375665371888937,-13.346399999999996
COMBINED,5,1.0,-0.75,10,41,0.5365853658536586,0.29486829268292686,12.0896,1.92261668549101,-2.9351999999999987
COMBINED,5,1.0,-0.75,11,35,0.2857142857142857,-0.38754285714285713,-13.564,0.36289337717238146,-14.380799999999995
COMBINED,5,1.0,-0.75,12,43,0.4883720930232558,0.04397209302325585,1.8908000000000016,1.0864689849452136,-4.9608
COMBINED,5,1.0,-0.75,13,1,0.0,-1.4444,-1.4444,0.0,0.0
COMBINED,5,1.0,-0.75,14,44,0.5681818181818182,0.32514545454545457,14.306400000000002,1.764900874697919,-3.0732
COMBINED,5,1.0,-0.75,15,5,0.4,0.055600000000000004,0.278,1.088727179879995,-1.0444
COMBINED,5,1.0,-0.75,16,8,0.625,0.2956,2.3648,1.8145494626618903,-2.9031999999999996
COMBINED,5,1.0,-0.75,17,5,0.6,0.6516000000000001,3.2580000000000005,2.7527437056165267,-1.0444
COMBINED,5,1.0,-0.75,18,20,0.35,-0.2709,-5.417999999999999,0.5812076801780912,-10.155999999999999
COMBINED,5,1.0,-0.75,19,2,0.5,-0.11939999999999995,-0.2387999999999999,0.87718576424604,0.0
COMBINED,5,1.0,-0.75,20,71,0.4225352112676056,0.020529577464788742,1.4576000000000007,1.0362763934654704,-5.611599999999999
COMBINED,5,1.0,-0.75,21,1,0.0,-1.0444,-1.0444,0.0,0.0
COMBINED,5,1.0,-0.75,22,17,0.29411764705882354,-0.3132235294117647,-5.3248,0.595773108223005,-7.7428
COMBINED,8,0.25,0.0,1,43,0.3488372093023256,0.10653023255813955,4.580800000000001,1.3702195066757186,-4.162800000000001
COMBINED,8,0.25,0.0,2,1,0.0,-1.0444,-1.0444,0.0,0.0
COMBINED,8,0.25,0.0,3,38,0.2894736842105263,-0.13913684210526311,-5.287199999999999,0.6861972365984522,-6.689999999999998
COMBINED,8,0.25,0.0,4,1,1.0,0.0456,0.0456,inf,0.0
COMBINED,8,0.25,0.0,5,43,0.37209302325581395,-0.02788837209302324,-1.1991999999999994,0.9297842939784996,-4.709199999999999
COMBINED,8,0.25,0.0,6,69,0.4492753623188406,0.12646956521739133,8.726400000000002,1.4110951986131004,-7.089199999999998
COMBINED,8,0.25,0.0,7,3,0.3333333333333333,-0.14773333333333333,-0.4432,0.3834168057874235,-0.7188
COMBINED,8,0.25,0.0,8,6,0.5,0.24726666666666666,1.4836,2.508950366151343,-0.6244
COMBINED,8,0.25,0.0,9,40,0.225,-0.3099,-12.396,0.3990226117984718,-15.5364
COMBINED,8,0.25,0.0,10,41,0.4634146341463415,0.2143804878048781,8.789600000000002,1.5964388469681343,-4.1576
COMBINED,8,0.25,0.0,11,35,0.2,-0.24411428571428562,-8.543999999999997,0.4161222425716864,-10.0908
COMBINED,8,0.25,0.0,12,43,0.3953488372093023,-0.006725581395348858,-0.2892000000000009,0.9863161480808539,-5.635199999999999
COMBINED,8,0.25,0.0,13,1,0.0,-1.7644,-1.7644,0.0,0.0
COMBINED,8,0.25,0.0,14,44,0.45454545454545453,0.26787272727272726,11.7864,1.7042711345873471,-3.5715999999999966
COMBINED,8,0.25,0.0,15,5,0.2,-0.3584,-1.792,0.48764867337602924,-1.6688
COMBINED,8,0.25,0.0,16,8,0.625,0.56185,4.4948,6.813243662700466,-0.773200000000001
COMBINED,8,0.25,0.0,17,5,0.4,0.5096,2.548,3.9518072289156634,-0.8632
COMBINED,8,0.25,0.0,18,20,0.25,-0.008899999999999958,-0.17799999999999916,0.9730955259975816,-4.526
COMBINED,8,0.25,0.0,19,2,0.5,0.09560000000000002,0.19120000000000004,1.1262546222926573,0.0
COMBINED,8,0.25,0.0,20,71,0.36619718309859156,-0.002850704225352099,-0.20239999999999903,0.9946038178521912,-6.915599999999998
COMBINED,8,0.25,0.0,21,1,0.0,-1.0444,-1.0444,0.0,0.0
COMBINED,8,0.25,0.0,22,17,0.29411764705882354,-0.1591058823529411,-2.7047999999999988,0.7436888787809869,-6.0527999999999995
COMBINED,8,0.25,-0.25,1,43,0.4418604651162791,0.15792558139534885,6.790800000000001,1.4980198891137904,-3.812800000000003
COMBINED,8,0.25,-0.25,2,1,0.0,-1.0444,-1.0444,0.0,0.0
COMBINED,8,0.25,-0.25,3,38,0.2894736842105263,-0.18887368421052628,-7.177199999999998,0.6169872136956476,-7.619999999999997
COMBINED,8,0.25,-0.25,4,1,1.0,0.0456,0.0456,inf,0.0
COMBINED,8,0.25,-0.25,5,43,0.37209302325581395,-0.0671906976744186,-2.8891999999999998,0.8460636801500361,-5.5692
COMBINED,8,0.25,-0.25,6,69,0.5072463768115942,0.1319768115942029,9.1064,1.4052764624203369,-6.3039999999999985
COMBINED,8,0.25,-0.25,7,3,0.3333333333333333,-0.1877333333333333,-0.5631999999999999,0.3285646161182642,-0.8388
COMBINED,8,0.25,-0.25,8,6,0.6666666666666666,0.5472666666666667,3.2836,4.694419441944195,-0.6244000000000001
COMBINED,8,0.25,-0.25,9,40,0.225,-0.35264999999999996,-14.105999999999998,0.3684747765978403,-17.2464
COMBINED,8,0.25,-0.25,10,41,0.5365853658536586,0.26438048780487805,10.8396,1.7551833686322595,-4.3176
COMBINED,8,0.25,-0.25,11,35,0.2571428571428571,-0.33068571428571425,-11.573999999999998,0.38187605477345077,-13.120800000000001
COMBINED,8,0.25,-0.25,12,43,0.4186046511627907,0.0016465116279069658,0.07079999999999953,1.0032521819016995,-5.635199999999999
COMBINED,8,0.25,-0.25,13,1,0.0,-1.7644,-1.7644,0.0,0.0
COMBINED,8,0.25,-0.25,14,44,0.5,0.2694636363636364,11.8564,1.6267656263215766,-3.7476000000000003
COMBINED,8,0.25,-0.25,15,5,0.4,0.007600000000000007,0.038000000000000034,1.0112652674018736,-1.5444
COMBINED,8,0.25,-0.25,16,8,0.625,0.3681,2.9448,2.2675619834710745,-2.3232000000000004
COMBINED,8,0.25,-0.25,17,5,0.6,0.7156000000000001,3.5780000000000007,3.325188458539121,-1.0444
COMBINED,8,0.25,-0.25,18,20,0.3,-0.10289999999999999,-2.058,0.7849889255714824,-6.406000000000001
COMBINED,8,0.25,-0.25,19,2,0.5,0.09560000000000002,0.19120000000000004,1.1262546222926573,0.0
COMBINED,8,0.25,-0.25,20,71,0.4084507042253521,0.031233802816901416,2.2176000000000005,1.0571181306793591,-7.085999999999997
COMBINED,8,0.25,-0.25,21,1,0.0,-1.0444,-1.0444,0.0,0.0
COMBINED,8,0.25,-0.25,22,17,0.29411764705882354,-0.1449882352941176,-2.4647999999999994,0.7609960437514545,-5.812799999999999
COMBINED,8,0.25,-0.5,1,43,0.5581395348837209,0.2462976744186047,10.590800000000002,1.8786420654410305,-2.3175999999999988
COMBINED,8,0.25,-0.5,2,1,0.0,-1.0444,-1.0444,0.0,0.0
COMBINED,8,0.25,-0.5,3,38,0.3157894736842105,-0.22861052631578946,-8.687199999999999,0.5725728680797466,-8.609999999999998
COMBINED,8,0.25,-0.5,4,1,1.0,0.0456,0.0456,inf,0.0
COMBINED,8,0.25,-0.5,5,43,0.4186046511627907,-0.04207441860465112,-1.8091999999999984,0.9033030464991982,-5.8116
COMBINED,8,0.25,-0.5,6,69,0.5217391304347826,0.13574492753623185,9.366399999999999,1.3916504984277782,-6.482399999999998
COMBINED,8,0.25,-0.5,7,3,0.3333333333333333,-0.1877333333333333,-0.5631999999999999,0.3285646161182642,-0.8388
COMBINED,8,0.25,-0.5,8,6,0.6666666666666666,0.5472666666666667,3.2836,4.694419441944195,-0.6244000000000001
COMBINED,8,0.25,-0.5,9,40,0.275,-0.2859,-11.436,0.47269407403308805,-14.5764
COMBINED,8,0.25,-0.5,10,41,0.5365853658536586,0.2585268292682927,10.5996,1.7263183861418705,-4.3176
COMBINED,8,0.25,-0.5,11,35,0.2857142857142857,-0.36354285714285706,-12.723999999999997,0.377799511002445,-13.540799999999997
COMBINED,8,0.25,-0.5,12,43,0.4418604651162791,-0.05137674418604649,-2.209199999999999,0.9132476752953,-6.855199999999999
COMBINED,8,0.25,-0.5,13,1,0.0,-1.7644,-1.7644,0.0,0.0
COMBINED,8,0.25,-0.5,14,44,0.5681818181818182,0.33923636363636367,14.926400000000001,1.8254108695171314,-3.5619999999999976
COMBINED,8,0.25,-0.5,15,5,0.4,0.007600000000000007,0.038000000000000034,1.0112652674018736,-1.5444
COMBINED,8,0.25,-0.5,16,8,0.625,0.2956,2.3648,1.8145494626618903,-2.9031999999999996
COMBINED,8,0.25,-0.5,17,5,0.6,0.6516000000000001,3.2580000000000005,2.7527437056165267,-1.0444
COMBINED,8,0.25,-0.5,18,20,0.35,-0.1799,-3.5980000000000003,0.6763573561688195,-8.336
COMBINED,8,0.25,-0.5,19,2,0.5,0.09560000000000002,0.19120000000000004,1.1262546222926573,0.0
COMBINED,8,0.25,-0.5,20,71,0.4084507042253521,-0.014681690140845086,-1.042400000000001,0.975230962247652,-7.086
COMBINED,8,0.25,-0.5,21,1,0.0,-1.0444,-1.0444,0.0,0.0
COMBINED,8,0.25,-0.5,22,17,0.29411764705882354,-0.18145882352941173,-3.0847999999999995,0.7178398946290062,-5.812799999999999
COMBINED,8,0.25,-0.75,1,43,0.5813953488372093,0.2528093023255814,10.870800000000001,1.922881010594947,-2.727599999999999
COMBINED,8,0.25,-0.75,2,1,0.0,-1.0444,-1.0444,0.0,0.0
COMBINED,8,0.25,-0.75,3,38,0.34210526315789475,-0.22282105263157895,-8.4672,0.5885714285714286,-8.069999999999999
COMBINED,8,0.25,-0.75,4,1,1.0,0.0456,0.0456,inf,0.0
COMBINED,8,0.25,-0.75,5,43,0.4186046511627907,-0.06323720930232554,-2.7191999999999985,0.8614067278287462,-6.281599999999999
COMBINED,8,0.25,-0.75,6,69,0.5507246376811594,0.14328115942028982,9.886399999999998,1.4132004814765282,-7.2424
COMBINED,8,0.25,-0.75,7,3,0.3333333333333333,-0.14106666666666665,-0.42319999999999997,0.3943903835145965,-0.6988
COMBINED,8,0.25,-0.75,8,6,0.6666666666666666,0.5189333333333334,3.1136,3.9406875708349074,-0.7944
COMBINED,8,0.25,-0.75,9,40,0.3,-0.27515,-11.006,0.5207113991081382,-14.236399999999998
COMBINED,8,0.25,-0.75,10,41,0.5365853658536586,0.2629170731707317,10.7796,1.7478770050507852,-4.3176
COMBINED,8,0.25,-0.75,11,35,0.2857142857142857,-0.39154285714285714,-13.703999999999999,0.3605226318245451,-14.520799999999996
COMBINED,8,0.25,-0.75,12,43,0.4883720930232558,-0.01114418604651159,-0.4791999999999984,0.9802284129918142,-5.8852
COMBINED,8,0.25,-0.75,13,1,0.0,-1.7644,-1.7644,0.0,0.0
COMBINED,8,0.25,-0.75,14,44,0.5681818181818182,0.30537272727272735,13.436400000000003,1.6864552254056484,-3.5619999999999976
COMBINED,8,0.25,-0.75,15,5,0.4,-0.08639999999999999,-0.43199999999999994,0.88759367194005,-1.5444
COMBINED,8,0.25,-0.75,16,8,0.625,0.2956,2.3648,1.8145494626618903,-2.9031999999999996
COMBINED,8,0.25,-0.75,17,5,0.6,0.6516000000000001,3.2580000000000005,2.7527437056165267,-1.0444
COMBINED,8,0.25,-0.75,18,20,0.35,-0.2414,-4.828,0.6089801736426073,-9.565999999999999
COMBINED,8,0.25,-0.75,19,2,0.5,0.09560000000000002,0.19120000000000004,1.1262546222926573,0.0
COMBINED,8,0.25,-0.75,20,71,0.4225352112676056,-0.017357746478873247,-1.2324000000000006,0.9712528924386054,-7.756
COMBINED,8,0.25,-0.75,21,1,0.0,-1.0444,-1.0444,0.0,0.0
COMBINED,8,0.25,-0.75,22,17,0.29411764705882354,-0.2773411764705882,-4.714799999999999,0.6247014996656797,-7.4428
COMBINED,8,0.5,0.0,1,43,0.4186046511627907,0.15653023255813958,6.730800000000002,1.5079849056603774,-3.0528000000000013
COMBINED,8,0.5,0.0,2,1,0.0,-1.0444,-1.0444,0.0,0.0
COMBINED,8,0.5,0.0,3,38,0.2894736842105263,-0.15834736842105257,-6.017199999999998,0.6577013220470111,-7.419999999999998
COMBINED,8,0.5,0.0,4,1,1.0,0.0456,0.0456,inf,0.0
COMBINED,8,0.5,0.0,5,43,0.3953488372093023,0.010251162790697706,0.44080000000000136,1.027152219977332,-4.3892
COMBINED,8,0.5,0.0,6,69,0.5072463768115942,0.15357101449275362,10.5964,1.5050811264275772,-6.373999999999999
COMBINED,8,0.5,0.0,7,3,0.3333333333333333,-0.14773333333333333,-0.4432,0.3834168057874235,-0.7188
COMBINED,8,0.5,0.0,8,6,0.6666666666666666,0.5472666666666667,3.2836,4.694419441944195,-0.6244000000000001
COMBINED,8,0.5,0.0,9,40,0.25,-0.29015,-11.606,0.42407701468836834,-14.746400000000001
COMBINED,8,0.5,0.0,10,41,0.4878048780487805,0.21535609756097562,8.829600000000001,1.5956930051813472,-4.3176000000000005
COMBINED,8,0.5,0.0,11,35,0.2,-0.24411428571428562,-8.543999999999997,0.4161222425716864,-10.0908
COMBINED,8,0.5,0.0,12,43,0.3953488372093023,-0.006725581395348858,-0.2892000000000009,0.9863161480808539,-5.635199999999999
COMBINED,8,0.5,0.0,13,1,0.0,-1.7644,-1.7644,0.0,0.0
COMBINED,8,0.5,0.0,14,44,0.4772727272727273,0.2787818181818182,12.2664,1.7077640324963075,-3.5715999999999966
COMBINED,8,0.5,0.0,15,5,0.4,0.007600000000000007,0.038000000000000034,1.0112652674018736,-1.5444
COMBINED,8,0.5,0.0,16,8,0.625,0.46435000000000004,3.7148000000000003,3.391707442698944,-1.5532000000000004
COMBINED,8,0.5,0.0,17,5,0.4,0.3336,1.6680000000000001,1.9568609453877928,-1.7431999999999999
COMBINED,8,0.5,0.0,18,20,0.3,-0.056899999999999964,-1.1379999999999992,0.8498997573071646,-5.8759999999999994
COMBINED,8,0.5,0.0,19,2,0.5,0.09560000000000002,0.19120000000000004,1.1262546222926573,0.0
COMBINED,8,0.5,0.0,20,71,0.36619718309859156,-0.016935211267605627,-1.2023999999999995,0.9687753194141474,-7.9155999999999995
COMBINED,8,0.5,0.0,21,1,0.0,-1.0444,-1.0444,0.0,0.0
COMBINED,8,0.5,0.0,22,17,0.29411764705882354,-0.1449882352941176,-2.4647999999999994,0.7609960437514545,-5.812799999999999
COMBINED,8,0.5,-0.25,1,43,0.46511627906976744,0.17560000000000003,7.5508000000000015,1.570681419674708,-3.052800000000002
COMBINED,8,0.5,-0.25,2,1,0.0,-1.0444,-1.0444,0.0,0.0
COMBINED,8,0.5,-0.25,3,38,0.2894736842105263,-0.20808421052631576,-7.907199999999999,0.593852728468113,-8.349999999999998
COMBINED,8,0.5,-0.25,4,1,1.0,0.0456,0.0456,inf,0.0
COMBINED,8,0.5,-0.25,5,43,0.3953488372093023,-0.03067906976744183,-1.3191999999999986,0.9266883030276085,-5.3192
COMBINED,8,0.5,-0.25,6,69,0.5072463768115942,0.13023768115942028,8.9864,1.3978113822289902,-6.373999999999999
COMBINED,8,0.5,-0.25,7,3,0.3333333333333333,-0.1877333333333333,-0.5631999999999999,0.3285646161182642,-0.8388
COMBINED,8,0.5,-0.25,8,6,0.6666666666666666,0.5472666666666667,3.2836,4.694419441944195,-0.6244000000000001
COMBINED,8,0.5,-0.25,9,40,0.25,-0.3329,-13.315999999999999,0.3909065959198609,-16.456400000000002
COMBINED,8,0.5,-0.25,10,41,0.5365853658536586,0.26438048780487805,10.8396,1.7551833686322595,-4.3176
COMBINED,8,0.5,-0.25,11,35,0.2571428571428571,-0.33068571428571425,-11.573999999999998,0.38187605477345077,-13.120800000000001
COMBINED,8,0.5,-0.25,12,43,0.4186046511627907,0.0016465116279069658,0.07079999999999953,1.0032521819016995,-5.635199999999999
COMBINED,8,0.5,-0.25,13,1,0.0,-1.7644,-1.7644,0.0,0.0
COMBINED,8,0.5,-0.25,14,44,0.5227272727272727,0.3021909090909091,13.296400000000002,1.7166943360427762,-3.7476000000000003
COMBINED,8,0.5,-0.25,15,5,0.4,0.007600000000000007,0.038000000000000034,1.0112652674018736,-1.5444
COMBINED,8,0.5,-0.25,16,8,0.625,0.3681,2.9448,2.2675619834710745,-2.3232000000000004
COMBINED,8,0.5,-0.25,17,5,0.6,0.7156000000000001,3.5780000000000007,3.325188458539121,-1.0444
COMBINED,8,0.5,-0.25,18,20,0.35,-0.11140000000000001,-2.228,0.7714215364412345,-6.965999999999999
COMBINED,8,0.5,-0.25,19,2,0.5,0.09560000000000002,0.19120000000000004,1.1262546222926573,0.0
COMBINED,8,0.5,-0.25,20,71,0.4084507042253521,0.031233802816901416,2.2176000000000005,1.0571181306793591,-7.085999999999997
COMBINED,8,0.5,-0.25,21,1,0.0,-1.0444,-1.0444,0.0,0.0
COMBINED,8,0.5,-0.25,22,17,0.29411764705882354,-0.1449882352941176,-2.4647999999999994,0.7609960437514545,-5.812799999999999
COMBINED,8,0.5,-0.5,1,43,0.5581395348837209,0.2462976744186047,10.590800000000002,1.8786420654410305,-2.3175999999999988
COMBINED,8,0.5,-0.5,2,1,0.0,-1.0444,-1.0444,0.0,0.0
COMBINED,8,0.5,-0.5,3,38,0.3157894736842105,-0.22861052631578946,-8.687199999999999,0.5725728680797466,-8.609999999999998
COMBINED,8,0.5,-0.5,4,1,1.0,0.0456,0.0456,inf,0.0
COMBINED,8,0.5,-0.5,5,43,0.4186046511627907,-0.04207441860465112,-1.8091999999999984,0.9033030464991982,-5.8116
COMBINED,8,0.5,-0.5,6,69,0.5217391304347826,0.13574492753623185,9.366399999999999,1.3916504984277782,-6.482399999999998
COMBINED,8,0.5,-0.5,7,3,0.3333333333333333,-0.1877333333333333,-0.5631999999999999,0.3285646161182642,-0.8388
COMBINED,8,0.5,-0.5,8,6,0.6666666666666666,0.5472666666666667,3.2836,4.694419441944195,-0.6244000000000001
COMBINED,8,0.5,-0.5,9,40,0.275,-0.2859,-11.436,0.47269407403308805,-14.5764
COMBINED,8,0.5,-0.5,10,41,0.5365853658536586,0.2585268292682927,10.5996,1.7263183861418705,-4.3176
COMBINED,8,0.5,-0.5,11,35,0.2857142857142857,-0.36354285714285706,-12.723999999999997,0.377799511002445,-13.540799999999997
COMBINED,8,0.5,-0.5,12,43,0.4418604651162791,-0.05137674418604649,-2.209199999999999,0.9132476752953,-6.855199999999999
COMBINED,8,0.5,-0.5,13,1,0.0,-1.7644,-1.7644,0.0,0.0
COMBINED,8,0.5,-0.5,14,44,0.5681818181818182,0.33923636363636367,14.926400000000001,1.8254108695171314,-3.5619999999999976
COMBINED,8,0.5,-0.5,15,5,0.4,0.007600000000000007,0.038000000000000034,1.0112652674018736,-1.5444
COMBINED,8,0.5,-0.5,16,8,0.625,0.2956,2.3648,1.8145494626618903,-2.9031999999999996
COMBINED,8,0.5,-0.5,17,5,0.6,0.6516000000000001,3.2580000000000005,2.7527437056165267,-1.0444
COMBINED,8,0.5,-0.5,18,20,0.35,-0.1799,-3.5980000000000003,0.6763573561688195,-8.336
COMBINED,8,0.5,-0.5,19,2,0.5,0.09560000000000002,0.19120000000000004,1.1262546222926573,0.0
COMBINED,8,0.5,-0.5,20,71,0.4084507042253521,-0.014681690140845086,-1.042400000000001,0.975230962247652,-7.086
COMBINED,8,0.5,-0.5,21,1,0.0,-1.0444,-1.0444,0.0,0.0
COMBINED,8,0.5,-0.5,22,17,0.29411764705882354,-0.18145882352941173,-3.0847999999999995,0.7178398946290062,-5.812799999999999
COMBINED,8,0.5,-0.75,1,43,0.5813953488372093,0.2528093023255814,10.870800000000001,1.922881010594947,-2.727599999999999
COMBINED,8,0.5,-0.75,2,1,0.0,-1.0444,-1.0444,0.0,0.0
COMBINED,8,0.5,-0.75,3,38,0.34210526315789475,-0.22282105263157895,-8.4672,0.5885714285714286,-8.069999999999999
COMBINED,8,0.5,-0.75,4,1,1.0,0.0456,0.0456,inf,0.0
COMBINED,8,0.5,-0.75,5,43,0.4186046511627907,-0.06323720930232554,-2.7191999999999985,0.8614067278287462,-6.281599999999999
COMBINED,8,0.5,-0.75,6,69,0.5507246376811594,0.14328115942028982,9.886399999999998,1.4132004814765282,-7.2424
COMBINED,8,0.5,-0.75,7,3,0.3333333333333333,-0.14106666666666665,-0.42319999999999997,0.3943903835145965,-0.6988
COMBINED,8,0.5,-0.75,8,6,0.6666666666666666,0.5189333333333334,3.1136,3.9406875708349074,-0.7944
COMBINED,8,0.5,-0.75,9,40,0.3,-0.27515,-11.006,0.5207113991081382,-14.236399999999998
COMBINED,8,0.5,-0.75,10,41,0.5365853658536586,0.2629170731707317,10.7796,1.7478770050507852,-4.3176
COMBINED,8,0.5,-0.75,11,35,0.2857142857142857,-0.39154285714285714,-13.703999999999999,0.3605226318245451,-14.520799999999996
COMBINED,8,0.5,-0.75,12,43,0.4883720930232558,-0.01114418604651159,-0.4791999999999984,0.9802284129918142,-5.8852
COMBINED,8,0.5,-0.75,13,1,0.0,-1.7644,-1.7644,0.0,0.0
COMBINED,8,0.5,-0.75,14,44,0.5681818181818182,0.30537272727272735,13.436400000000003,1.6864552254056484,-3.5619999999999976
COMBINED,8,0.5,-0.75,15,5,0.4,-0.08639999999999999,-0.43199999999999994,0.88759367194005,-1.5444
COMBINED,8,0.5,-0.75,16,8,0.625,0.2956,2.3648,1.8145494626618903,-2.9031999999999996
COMBINED,8,0.5,-0.75,17,5,0.6,0.6516000000000001,3.2580000000000005,2.7527437056165267,-1.0444
COMBINED,8,0.5,-0.75,18,20,0.35,-0.2414,-4.828,0.6089801736426073,-9.565999999999999
COMBINED,8,0.5,-0.75,19,2,0.5,0.09560000000000002,0.19120000000000004,1.1262546222926573,0.0
COMBINED,8,0.5,-0.75,20,71,0.4225352112676056,-0.017357746478873247,-1.2324000000000006,0.9712528924386054,-7.756
COMBINED,8,0.5,-0.75,21,1,0.0,-1.0444,-1.0444,0.0,0.0
COMBINED,8,0.5,-0.75,22,17,0.29411764705882354,-0.2773411764705882,-4.714799999999999,0.6247014996656797,-7.4428
COMBINED,8,0.75,0.0,1,43,0.5116279069767442,0.22094883720930236,9.500800000000002,1.7473647776973666,-2.5784000000000002
COMBINED,8,0.75,0.0,2,1,0.0,-1.0444,-1.0444,0.0,0.0
COMBINED,8,0.75,0.0,3,38,0.34210526315789475,-0.18913684210526316,-7.1872,0.6276062176165804,-7.629999999999999
COMBINED,8,0.75,0.0,4,1,1.0,0.0456,0.0456,inf,0.0
COMBINED,8,0.75,0.0,5,43,0.4186046511627907,-0.03137674418604648,-1.3491999999999986,0.9260712328767123,-5.3515999999999995
COMBINED,8,0.75,0.0,6,69,0.5362318840579711,0.16400579710144927,11.3164,1.5145970132964695,-6.512400000000001
COMBINED,8,0.75,0.0,7,3,0.3333333333333333,-0.14106666666666665,-0.42319999999999997,0.3943903835145965,-0.6988
COMBINED,8,0.75,0.0,8,6,0.6666666666666666,0.5472666666666667,3.2836,4.694419441944195,-0.6244000000000001
COMBINED,8,0.75,0.0,9,40,0.25,-0.36515000000000003,-14.606000000000002,0.36912577747062886,-17.336400000000005
COMBINED,8,0.75,0.0,10,41,0.5121951219512195,0.2451121951219512,10.0496,1.6768318965517244,-4.3176
COMBINED,8,0.75,0.0,11,35,0.2571428571428571,-0.3032571428571428,-10.613999999999997,0.4038552267978703,-11.4308
COMBINED,8,0.75,0.0,12,43,0.4186046511627907,-0.042074418604651144,-1.8091999999999993,0.9211677559912854,-5.735200000000001
COMBINED,8,0.75,0.0,13,1,0.0,-1.7644,-1.7644,0.0,0.0
COMBINED,8,0.75,0.0,14,44,0.5227272727272727,0.33832727272727275,14.886400000000002,1.8776116587275387,-3.041999999999998
COMBINED,8,0.75,0.0,15,5,0.4,0.007600000000000007,0.038000000000000034,1.0112652674018736,-1.5444
COMBINED,8,0.75,0.0,16,8,0.625,0.46435000000000004,3.7148000000000003,3.391707442698944,-1.5532000000000004
COMBINED,8,0.75,0.0,17,5,0.6,0.6516000000000001,3.2580000000000005,2.7527437056165267,-1.0444
COMBINED,8,0.75,0.0,18,20,0.35,-0.03889999999999998,-0.7779999999999997,0.9062334281444342,-5.516
COMBINED,8,0.75,0.0,19,2,0.5,0.09560000000000002,0.19120000000000004,1.1262546222926573,0.0
COMBINED,8,0.75,0.0,20,71,0.4084507042253521,0.01883943661971833,1.3376000000000015,1.0346575186294524,-7.425999999999997
COMBINED,8,0.75,0.0,21,1,0.0,-1.0444,-1.0444,0.0,0.0
COMBINED,8,0.75,0.0,22,17,0.29411764705882354,-0.1449882352941176,-2.4647999999999994,0.7609960437514545,-5.812799999999999
COMBINED,8,0.75,-0.25,1,43,0.5348837209302325,0.22955348837209308,9.870800000000003,1.7891589382795015,-2.5784000000000002
COMBINED,8,0.75,-0.25,2,1,0.0,-1.0444,-1.0444,0.0,0.0
COMBINED,8,0.75,-0.25,3,38,0.34210526315789475,-0.18913684210526316,-7.1872,0.6276062176165804,-7.629999999999999
COMBINED,8,0.75,-0.25,4,1,1.0,0.0456,0.0456,inf,0.0
COMBINED,8,0.75,-0.25,5,43,0.4186046511627907,-0.053004651162790656,-2.279199999999998,0.8811678832116788,-6.281599999999999
COMBINED,8,0.75,-0.25,6,69,0.5362318840579711,0.15255652173913045,10.5264,1.4620733249051834,-6.512400000000001
COMBINED,8,0.75,-0.25,7,3,0.3333333333333333,-0.14106666666666665,-0.42319999999999997,0.3943903835145965,-0.6988
COMBINED,8,0.75,-0.25,8,6,0.6666666666666666,0.5472666666666667,3.2836,4.694419441944195,-0.6244000000000001
COMBINED,8,0.75,-0.25,9,40,0.25,-0.3829,-15.316,0.35814265359148434,-18.046400000000002
COMBINED,8,0.75,-0.25,10,41,0.5365853658536586,0.2585268292682927,10.5996,1.7263183861418705,-4.3176
COMBINED,8,0.75,-0.25,11,35,0.2857142857142857,-0.36011428571428566,-12.603999999999997,0.38002951303492377,-13.420799999999998
COMBINED,8,0.75,-0.25,12,43,0.4418604651162791,-0.014865116279069756,-0.6391999999999995,0.9719348776761095,-5.5608
COMBINED,8,0.75,-0.25,13,1,0.0,-1.7644,-1.7644,0.0,0.0
COMBINED,8,0.75,-0.25,14,44,0.5227272727272727,0.3021909090909091,13.296400000000002,1.7166943360427762,-3.7476000000000003
COMBINED,8,0.75,-0.25,15,5,0.4,0.007600000000000007,0.038000000000000034,1.0112652674018736,-1.5444
COMBINED,8,0.75,-0.25,16,8,0.625,0.3681,2.9448,2.2675619834710745,-2.3232000000000004
COMBINED,8,0.75,-0.25,17,5,0.6,0.6516000000000001,3.2580000000000005,2.7527437056165267,-1.0444
COMBINED,8,0.75,-0.25,18,20,0.35,-0.11140000000000001,-2.228,0.7714215364412345,-6.965999999999999
COMBINED,8,0.75,-0.25,19,2,0.5,0.09560000000000002,0.19120000000000004,1.1262546222926573,0.0
COMBINED,8,0.75,-0.25,20,71,0.4225352112676056,0.04362816901408451,3.0976000000000004,1.080372803603491,-7.425999999999997
COMBINED,8,0.75,-0.25,21,1,0.0,-1.0444,-1.0444,0.0,0.0
COMBINED,8,0.75,-0.25,22,17,0.29411764705882354,-0.1449882352941176,-2.4647999999999994,0.7609960437514545,-5.812799999999999
COMBINED,8,0.75,-0.5,1,43,0.5813953488372093,0.25908837209302327,11.1408,1.967990824731519,-2.3175999999999988
COMBINED,8,0.75,-0.5,2,1,0.0,-1.0444,-1.0444,0.0,0.0
COMBINED,8,0.75,-0.5,3,38,0.34210526315789475,-0.20045263157894735,-7.6171999999999995,0.613928028383173,-7.539999999999999
COMBINED,8,0.75,-0.5,4,1,1.0,0.0456,0.0456,inf,0.0
COMBINED,8,0.75,-0.5,5,43,0.4186046511627907,-0.053004651162790656,-2.279199999999998,0.8811678832116788,-6.281599999999999
COMBINED,8,0.75,-0.5,6,69,0.5362318840579711,0.14371594202898552,9.916400000000001,1.4239444567949793,-6.512399999999998
COMBINED,8,0.75,-0.5,7,3,0.3333333333333333,-0.14106666666666665,-0.42319999999999997,0.3943903835145965,-0.6988
COMBINED,8,0.75,-0.5,8,6,0.6666666666666666,0.5472666666666667,3.2836,4.694419441944195,-0.6244000000000001
COMBINED,8,0.75,-0.5,9,40,0.275,-0.3184,-12.736,0.44596217090953383,-15.4664
COMBINED,8,0.75,-0.5,10,41,0.5365853658536586,0.2585268292682927,10.5996,1.7263183861418705,-4.3176
COMBINED,8,0.75,-0.5,11,35,0.2857142857142857,-0.36354285714285706,-12.723999999999997,0.377799511002445,-13.540799999999997
COMBINED,8,0.75,-0.5,12,43,0.46511627906976744,-0.028818604651162767,-1.239199999999999,0.9500145212817451,-5.885199999999999
COMBINED,8,0.75,-0.5,13,1,0.0,-1.7644,-1.7644,0.0,0.0
COMBINED,8,0.75,-0.5,14,44,0.5681818181818182,0.33923636363636367,14.926400000000001,1.8254108695171314,-3.5619999999999976
COMBINED,8,0.75,-0.5,15,5,0.4,0.007600000000000007,0.038000000000000034,1.0112652674018736,-1.5444
COMBINED,8,0.75,-0.5,16,8,0.625,0.2956,2.3648,1.8145494626618903,-2.9031999999999996
COMBINED,8,0.75,-0.5,17,5,0.6,0.6516000000000001,3.2580000000000005,2.7527437056165267,-1.0444
COMBINED,8,0.75,-0.5,18,20,0.35,-0.1799,-3.5980000000000003,0.6763573561688195,-8.336
COMBINED,8,0.75,-0.5,19,2,0.5,0.09560000000000002,0.19120000000000004,1.1262546222926573,0.0
COMBINED,8,0.75,-0.5,20,71,0.4225352112676056,-0.00228732394366197,-0.16239999999999988,0.996114869714165,-7.425999999999998
COMBINED,8,0.75,-0.5,21,1,0.0,-1.0444,-1.0444,0.0,0.0
COMBINED,8,0.75,-0.5,22,17,0.29411764705882354,-0.18145882352941173,-3.0847999999999995,0.7178398946290062,-5.812799999999999
COMBINED,8,0.75,-0.75,1,43,0.5813953488372093,0.2528093023255814,10.870800000000001,1.922881010594947,-2.727599999999999
COMBINED,8,0.75,-0.75,2,1,0.0,-1.0444,-1.0444,0.0,0.0
COMBINED,8,0.75,-0.75,3,38,0.34210526315789475,-0.22282105263157895,-8.4672,0.5885714285714286,-8.069999999999999
COMBINED,8,0.75,-0.75,4,1,1.0,0.0456,0.0456,inf,0.0
COMBINED,8,0.75,-0.75,5,43,0.4186046511627907,-0.06323720930232554,-2.7191999999999985,0.8614067278287462,-6.281599999999999
COMBINED,8,0.75,-0.75,6,69,0.5507246376811594,0.14328115942028982,9.886399999999998,1.4132004814765282,-7.2424
COMBINED,8,0.75,-0.75,7,3,0.3333333333333333,-0.14106666666666665,-0.42319999999999997,0.3943903835145965,-0.6988
COMBINED,8,0.75,-0.75,8,6,0.6666666666666666,0.5189333333333334,3.1136,3.9406875708349074,-0.7944
COMBINED,8,0.75,-0.75,9,40,0.3,-0.27515,-11.006,0.5207113991081382,-14.236399999999998
COMBINED,8,0.75,-0.75,10,41,0.5365853658536586,0.2629170731707317,10.7796,1.7478770050507852,-4.3176
COMBINED,8,0.75,-0.75,11,35,0.2857142857142857,-0.39154285714285714,-13.703999999999999,0.3605226318245451,-14.520799999999996
COMBINED,8,0.75,-0.75,12,43,0.4883720930232558,-0.01114418604651159,-0.4791999999999984,0.9802284129918142,-5.8852
COMBINED,8,0.75,-0.75,13,1,0.0,-1.7644,-1.7644,0.0,0.0
COMBINED,8,0.75,-0.75,14,44,0.5681818181818182,0.30537272727272735,13.436400000000003,1.6864552254056484,-3.5619999999999976
COMBINED,8,0.75,-0.75,15,5,0.4,-0.08639999999999999,-0.43199999999999994,0.88759367194005,-1.5444
COMBINED,8,0.75,-0.75,16,8,0.625,0.2956,2.3648,1.8145494626618903,-2.9031999999999996
COMBINED,8,0.75,-0.75,17,5,0.6,0.6516000000000001,3.2580000000000005,2.7527437056165267,-1.0444
COMBINED,8,0.75,-0.75,18,20,0.35,-0.2414,-4.828,0.6089801736426073,-9.565999999999999
COMBINED,8,0.75,-0.75,19,2,0.5,0.09560000000000002,0.19120000000000004,1.1262546222926573,0.0
COMBINED,8,0.75,-0.75,20,71,0.4225352112676056,-0.017357746478873247,-1.2324000000000006,0.9712528924386054,-7.756
COMBINED,8,0.75,-0.75,21,1,0.0,-1.0444,-1.0444,0.0,0.0
COMBINED,8,0.75,-0.75,22,17,0.29411764705882354,-0.2773411764705882,-4.714799999999999,0.6247014996656797,-7.4428
COMBINED,8,1.0,0.0,1,43,0.5813953488372093,0.2528093023255814,10.870800000000001,1.922881010594947,-2.727599999999999
COMBINED,8,1.0,0.0,2,1,0.0,-1.0444,-1.0444,0.0,0.0
COMBINED,8,1.0,0.0,3,38,0.34210526315789475,-0.20992631578947366,-7.977199999999999,0.6029268292682928,-7.479999999999999
COMBINED,8,1.0,0.0,4,1,1.0,0.0456,0.0456,inf,0.0
COMBINED,8,1.0,0.0,5,43,0.4186046511627907,-0.041609302325581375,-1.789199999999999,0.9042696629213482,-5.3515999999999995
COMBINED,8,1.0,0.0,6,69,0.5507246376811594,0.14531014492753622,10.026399999999999,1.4215181784549158,-7.2424
COMBINED,8,1.0,0.0,7,3,0.3333333333333333,-0.14106666666666665,-0.42319999999999997,0.3943903835145965,-0.6988
COMBINED,8,1.0,0.0,8,6,0.6666666666666666,0.5189333333333334,3.1136,3.9406875708349074,-0.7944
COMBINED,8,1.0,0.0,9,40,0.3,-0.24815,-9.926,0.5464100314396433,-12.9864
COMBINED,8,1.0,0.0,10,41,0.5365853658536586,0.2629170731707317,10.7796,1.7478770050507852,-4.3176
COMBINED,8,1.0,0.0,11,35,0.2857142857142857,-0.38782857142857136,-13.573999999999998,0.3627230046948357,-14.390799999999995
COMBINED,8,1.0,0.0,12,43,0.4883720930232558,0.0032744186046511996,0.1408000000000016,1.0059618576606484,-5.5608
COMBINED,8,1.0,0.0,13,1,0.0,-1.7644,-1.7644,0.0,0.0
COMBINED,8,1.0,0.0,14,44,0.5681818181818182,0.36991818181818187,16.276400000000002,1.9726777262513744,-3.041999999999998
COMBINED,8,1.0,0.0,15,5,0.4,-0.08639999999999999,-0.43199999999999994,0.88759367194005,-1.5444
COMBINED,8,1.0,0.0,16,8,0.625,0.3681,2.9448,2.2675619834710745,-2.3232000000000004
COMBINED,8,1.0,0.0,17,5,0.6,0.6516000000000001,3.2580000000000005,2.7527437056165267,-1.0444
COMBINED,8,1.0,0.0,18,20,0.35,-0.13640000000000002,-2.728,0.7337809352798814,-7.465999999999999
COMBINED,8,1.0,0.0,19,2,0.5,0.09560000000000002,0.19120000000000004,1.1262546222926573,0.0
COMBINED,8,1.0,0.0,20,71,0.4225352112676056,0.02390985915492959,1.6976000000000009,1.0425033299616426,-7.425999999999997
COMBINED,8,1.0,0.0,21,1,0.0,-1.0444,-1.0444,0.0,0.0
COMBINED,8,1.0,0.0,22,17,0.29411764705882354,-0.17439999999999997,-2.9647999999999994,0.7258064516129031,-6.312799999999999
COMBINED,8,1.0,-0.25,1,43,0.5813953488372093,0.2528093023255814,10.870800000000001,1.922881010594947,-2.727599999999999
COMBINED,8,1.0,-0.25,2,1,0.0,-1.0444,-1.0444,0.0,0.0
COMBINED,8,1.0,-0.25,3,38,0.34210526315789475,-0.20992631578947366,-7.977199999999999,0.6029268292682928,-7.479999999999999
COMBINED,8,1.0,-0.25,4,1,1.0,0.0456,0.0456,inf,0.0
COMBINED,8,1.0,-0.25,5,43,0.4186046511627907,-0.06323720930232554,-2.7191999999999985,0.8614067278287462,-6.281599999999999
COMBINED,8,1.0,-0.25,6,69,0.5507246376811594,0.14531014492753622,10.026399999999999,1.4215181784549158,-7.2424
COMBINED,8,1.0,-0.25,7,3,0.3333333333333333,-0.14106666666666665,-0.42319999999999997,0.3943903835145965,-0.6988
COMBINED,8,1.0,-0.25,8,6,0.6666666666666666,0.5189333333333334,3.1136,3.9406875708349074,-0.7944
COMBINED,8,1.0,-0.25,9,40,0.3,-0.26965,-10.786,0.5257483555524289,-13.8464
COMBINED,8,1.0,-0.25,10,41,0.5365853658536586,0.2629170731707317,10.7796,1.7478770050507852,-4.3176
COMBINED,8,1.0,-0.25,11,35,0.2857142857142857,-0.38782857142857136,-13.573999999999998,0.3627230046948357,-14.390799999999995
COMBINED,8,1.0,-0.25,12,43,0.4883720930232558,0.0032744186046511996,0.1408000000000016,1.0059618576606484,-5.5608
COMBINED,8,1.0,-0.25,13,1,0.0,-1.7644,-1.7644,0.0,0.0
COMBINED,8,1.0,-0.25,14,44,0.5681818181818182,0.33378181818181824,14.686400000000003,1.8015018882752298,-3.4231999999999996
COMBINED,8,1.0,-0.25,15,5,0.4,-0.08639999999999999,-0.43199999999999994,0.88759367194005,-1.5444
COMBINED,8,1.0,-0.25,16,8,0.625,0.3681,2.9448,2.2675619834710745,-2.3232000000000004
COMBINED,8,1.0,-0.25,17,5,0.6,0.6516000000000001,3.2580000000000005,2.7527437056165267,-1.0444
COMBINED,8,1.0,-0.25,18,20,0.35,-0.1809,-3.618,0.6751427647882772,-8.356
COMBINED,8,1.0,-0.25,19,2,0.5,0.09560000000000002,0.19120000000000004,1.1262546222926573,0.0
COMBINED,8,1.0,-0.25,20,71,0.4225352112676056,0.02390985915492959,1.6976000000000009,1.0425033299616426,-7.425999999999997
COMBINED,8,1.0,-0.25,21,1,0.0,-1.0444,-1.0444,0.0,0.0
COMBINED,8,1.0,-0.25,22,17,0.29411764705882354,-0.17439999999999997,-2.9647999999999994,0.7258064516129031,-6.312799999999999
COMBINED,8,1.0,-0.5,1,43,0.5813953488372093,0.2528093023255814,10.870800000000001,1.922881010594947,-2.727599999999999
COMBINED,8,1.0,-0.5,2,1,0.0,-1.0444,-1.0444,0.0,0.0
COMBINED,8,1.0,-0.5,3,38,0.34210526315789475,-0.20992631578947366,-7.977199999999999,0.6029268292682928,-7.479999999999999
COMBINED,8,1.0,-0.5,4,1,1.0,0.0456,0.0456,inf,0.0
COMBINED,8,1.0,-0.5,5,43,0.4186046511627907,-0.06323720930232554,-2.7191999999999985,0.8614067278287462,-6.281599999999999
COMBINED,8,1.0,-0.5,6,69,0.5507246376811594,0.14531014492753622,10.026399999999999,1.4215181784549158,-7.2424
COMBINED,8,1.0,-0.5,7,3,0.3333333333333333,-0.14106666666666665,-0.42319999999999997,0.3943903835145965,-0.6988
COMBINED,8,1.0,-0.5,8,6,0.6666666666666666,0.5189333333333334,3.1136,3.9406875708349074,-0.7944
COMBINED,8,1.0,-0.5,9,40,0.3,-0.26965,-10.786,0.5257483555524289,-13.8464
COMBINED,8,1.0,-0.5,10,41,0.5365853658536586,0.2629170731707317,10.7796,1.7478770050507852,-4.3176
COMBINED,8,1.0,-0.5,11,35,0.2857142857142857,-0.38782857142857136,-13.573999999999998,0.3627230046948357,-14.390799999999995
COMBINED,8,1.0,-0.5,12,43,0.4883720930232558,-0.01114418604651159,-0.4791999999999984,0.9802284129918142,-5.8852
COMBINED,8,1.0,-0.5,13,1,0.0,-1.7644,-1.7644,0.0,0.0
COMBINED,8,1.0,-0.5,14,44,0.5681818181818182,0.32196363636363645,14.166400000000003,1.7517884056125157,-3.5619999999999976
COMBINED,8,1.0,-0.5,15,5,0.4,-0.08639999999999999,-0.43199999999999994,0.88759367194005,-1.5444
COMBINED,8,1.0,-0.5,16,8,0.625,0.2956,2.3648,1.8145494626618903,-2.9031999999999996
COMBINED,8,1.0,-0.5,17,5,0.6,0.6516000000000001,3.2580000000000005,2.7527437056165267,-1.0444
COMBINED,8,1.0,-0.5,18,20,0.35,-0.21389999999999998,-4.278,0.6373715796968773,-9.016
COMBINED,8,1.0,-0.5,19,2,0.5,0.09560000000000002,0.19120000000000004,1.1262546222926573,0.0
COMBINED,8,1.0,-0.5,20,71,0.4225352112676056,-0.004259154929577446,-0.30239999999999867,0.9927897683379269,-7.425999999999998
COMBINED,8,1.0,-0.5,21,1,0.0,-1.0444,-1.0444,0.0,0.0
COMBINED,8,1.0,-0.5,22,17,0.29411764705882354,-0.2108705882352941,-3.5847999999999995,0.6864460149744595,-6.312799999999999
COMBINED,8,1.0,-0.75,1,43,0.5813953488372093,0.2528093023255814,10.870800000000001,1.922881010594947,-2.727599999999999
COMBINED,8,1.0,-0.75,2,1,0.0,-1.0444,-1.0444,0.0,0.0
COMBINED,8,1.0,-0.75,3,38,0.34210526315789475,-0.23045263157894735,-8.7572,0.5803929084810734,-8.259999999999998
COMBINED,8,1.0,-0.75,4,1,1.0,0.0456,0.0456,inf,0.0
COMBINED,8,1.0,-0.75,5,43,0.4186046511627907,-0.06323720930232554,-2.7191999999999985,0.8614067278287462,-6.281599999999999
COMBINED,8,1.0,-0.75,6,69,0.5507246376811594,0.13893333333333333,9.5864,1.3957005580688837,-7.2424
COMBINED,8,1.0,-0.75,7,3,0.3333333333333333,-0.14106666666666665,-0.42319999999999997,0.3943903835145965,-0.6988
COMBINED,8,1.0,-0.75,8,6,0.6666666666666666,0.5189333333333334,3.1136,3.9406875708349074,-0.7944
COMBINED,8,1.0,-0.75,9,40,0.3,-0.28815,-11.526,0.5091810315459563,-14.586399999999998
COMBINED,8,1.0,-0.75,10,41,0.5365853658536586,0.2629170731707317,10.7796,1.7478770050507852,-4.3176
COMBINED,8,1.0,-0.75,11,35,0.2857142857142857,-0.3972571428571428,-13.903999999999998,0.35718908922792425,-14.720799999999995
COMBINED,8,1.0,-0.75,12,43,0.4883720930232558,-0.01114418604651159,-0.4791999999999984,0.9802284129918142,-5.8852
COMBINED,8,1.0,-0.75,13,1,0.0,-1.7644,-1.7644,0.0,0.0
COMBINED,8,1.0,-0.75,14,44,0.5681818181818182,0.2992363636363637,13.166400000000003,1.6635086375456067,-3.5619999999999976
COMBINED,8,1.0,-0.75,15,5,0.4,-0.08639999999999999,-0.43199999999999994,0.88759367194005,-1.5444
COMBINED,8,1.0,-0.75,16,8,0.625,0.2956,2.3648,1.8145494626618903,-2.9031999999999996
COMBINED,8,1.0,-0.75,17,5,0.6,0.6516000000000001,3.2580000000000005,2.7527437056165267,-1.0444
COMBINED,8,1.0,-0.75,18,20,0.35,-0.2354,-4.708,0.6149568175870191,-9.446
COMBINED,8,1.0,-0.75,19,2,0.5,0.09560000000000002,0.19120000000000004,1.1262546222926573,0.0
COMBINED,8,1.0,-0.75,20,71,0.4225352112676056,-0.02087887323943663,-1.4824000000000006,0.9656218402426691,-7.756
COMBINED,8,1.0,-0.75,21,1,0.0,-1.0444,-1.0444,0.0,0.0
COMBINED,8,1.0,-0.75,22,17,0.29411764705882354,-0.2773411764705882,-4.714799999999999,0.6247014996656797,-7.4428
COMBINED,10,0.25,0.0,1,43,0.4418604651162791,0.1939720930232558,8.3408,1.7436784478761722,-3.022800000000002
COMBINED,10,0.25,0.0,2,1,0.0,-0.25439999999999996,-0.25439999999999996,0.0,0.0
COMBINED,10,0.25,0.0,3,38,0.3157894736842105,-0.11045263157894736,-4.1972,0.7414625733011386,-6.1616
COMBINED,10,0.25,0.0,4,1,1.0,0.0456,0.0456,inf,0.0
COMBINED,10,0.25,0.0,5,43,0.3488372093023256,-0.05812093023255811,-2.4991999999999988,0.8593046297964333,-6.6411999999999995
COMBINED,10,0.25,0.0,6,69,0.4492753623188406,0.15415072463768115,10.636399999999998,1.4918066138936155,-4.856800000000003
COMBINED,10,0.25,0.0,7,3,0.3333333333333333,-0.26439999999999997,-0.7931999999999999,0.2578592814371258,-1.0688
COMBINED,10,0.25,0.0,8,6,0.6666666666666666,0.5789333333333332,3.4735999999999994,5.970807097882084,-0.4344000000000001
COMBINED,10,0.25,0.0,9,40,0.275,-0.2649,-10.596,0.527756979356081,-13.366399999999999
COMBINED,10,0.25,0.0,10,41,0.4878048780487805,0.18999024390243904,7.789600000000001,1.5389831446680136,-4.2376000000000005
COMBINED,10,0.25,0.0,11,35,0.17142857142857143,-0.3504,-12.264,0.32606497560117825,-13.120799999999997
COMBINED,10,0.25,0.0,12,43,0.3488372093023256,-0.0057953488372093406,-0.24920000000000164,0.988021073680972,-5.5008
COMBINED,10,0.25,0.0,13,1,0.0,-0.23439999999999997,-0.23439999999999997,0.0,0.0
COMBINED,10,0.25,0.0,14,44,0.45454545454545453,0.18537272727272727,8.1564,1.416448819540887,-4.000799999999996
COMBINED,10,0.25,0.0,15,5,0.2,-0.36839999999999995,-1.8419999999999999,0.48077573570864807,-1.3744
COMBINED,10,0.25,0.0,16,8,0.5,0.31435,2.5148,3.4005345551737305,-1.0476
COMBINED,10,0.25,0.0,17,5,0.6,0.7676,3.8379999999999996,4.001251172974664,-0.8443999999999998
COMBINED,10,0.25,0.0,18,20,0.3,-0.11239999999999999,-2.2479999999999998,0.7697098836256351,-6.905999999999999
COMBINED,10,0.25,0.0,19,2,0.5,-0.3293999999999999,-0.6587999999999998,0.7213669429876503,0.0
COMBINED,10,0.25,0.0,20,71,0.36619718309859156,-0.012005633802816868,-0.8523999999999976,0.9776495883370916,-7.7059999999999995
COMBINED,10,0.25,0.0,21,1,0.0,-1.0444,-1.0444,0.0,0.0
COMBINED,10,0.25,0.0,22,17,0.23529411764705882,-0.2949882352941176,-5.014799999999999,0.5505323916394793,-5.402
COMBINED,10,0.25,-0.25,1,43,0.4883720930232558,0.2128093023255814,9.1508,1.76023527847933,-2.6576000000000004
COMBINED,10,0.25,-0.25,2,1,0.0,-1.0444,-1.0444,0.0,0.0
COMBINED,10,0.25,-0.25,3,38,0.34210526315789475,-0.15018947368421054,-5.7072,0.6797306397306399,-6.541599999999999
COMBINED,10,0.25,-0.25,4,1,1.0,0.0456,0.0456,inf,0.0
COMBINED,10,0.25,-0.25,5,43,0.4186046511627907,-0.013237209302325553,-0.5691999999999988,0.9674184315970238,-5.639200000000001
COMBINED,10,0.25,-0.25,6,69,0.5217391304347826,0.17936811594202895,12.376399999999997,1.5501795938689142,-4.834
COMBINED,10,0.25,-0.25,7,3,0.3333333333333333,-0.26439999999999997,-0.7931999999999999,0.2578592814371258,-1.0688
COMBINED,10,0.25,-0.25,8,6,0.6666666666666666,0.5789333333333332,3.4735999999999994,5.970807097882084,-0.4344000000000001
COMBINED,10,0.25,-0.25,9,40,0.3,-0.28664999999999996,-11.466,0.5104853307831552,-14.186399999999999
COMBINED,10,0.25,-0.25,10,41,0.5121951219512195,0.2238926829268293,9.1796,1.6415711490075482,-4.2376000000000005
COMBINED,10,0.25,-0.25,11,35,0.22857142857142856,-0.33811428571428565,-11.833999999999998,0.37315931097315513,-12.690799999999996
COMBINED,10,0.25,-0.25,12,43,0.4186046511627907,0.006530232558139533,0.28079999999999994,1.0126315789473683,-5.5008
COMBINED,10,0.25,-0.25,13,1,0.0,-1.0444,-1.0444,0.0,0.0
COMBINED,10,0.25,-0.25,14,44,0.5,0.23469090909090912,10.326400000000001,1.5326510821796275,-3.001999999999999
COMBINED,10,0.25,-0.25,15,5,0.2,-0.36839999999999995,-1.8419999999999999,0.48077573570864807,-1.3744
COMBINED,10,0.25,-0.25,16,8,0.5,0.11685000000000004,0.9348000000000003,1.3557619120109605,-2.6276
COMBINED,10,0.25,-0.25,17,5,0.6,0.7676,3.8379999999999996,4.001251172974664,-0.8443999999999998
COMBINED,10,0.25,-0.25,18,20,0.35,-0.14789999999999998,-2.9579999999999997,0.7176726606345206,-7.696
COMBINED,10,0.25,-0.25,19,2,0.5,-0.3293999999999999,-0.6587999999999998,0.7213669429876503,0.0
COMBINED,10,0.25,-0.25,20,71,0.38028169014084506,-0.04228732394366192,-3.002399999999996,0.9260740244647111,-9.456
COMBINED,10,0.25,-0.25,21,1,0.0,-1.0444,-1.0444,0.0,0.0
COMBINED,10,0.25,-0.25,22,17,0.23529411764705882,-0.34263529411764704,-5.8248,0.5132696035831271,-6.1928
COMBINED,10,0.25,-0.5,1,43,0.5581395348837209,0.23839069767441864,10.250800000000002,1.8304546485628181,-2.4875999999999987
COMBINED,10,0.25,-0.5,2,1,0.0,-1.0444,-1.0444,0.0,0.0
COMBINED,10,0.25,-0.5,3,38,0.34210526315789475,-0.23203157894736837,-8.817199999999998,0.5787290969899667,-8.33
COMBINED,10,0.25,-0.5,4,1,1.0,0.0456,0.0456,inf,0.0
COMBINED,10,0.25,-0.5,5,43,0.4186046511627907,-0.039981395348837157,-1.7191999999999976,0.907669172932331,-6.4792000000000005
COMBINED,10,0.25,-0.5,6,69,0.5362318840579711,0.17502028985507243,12.076399999999998,1.51828263407265,-5.0196000000000005
COMBINED,10,0.25,-0.5,7,3,0.3333333333333333,-0.26439999999999997,-0.7931999999999999,0.2578592814371258,-1.0688
COMBINED,10,0.25,-0.5,8,6,0.6666666666666666,0.5189333333333334,3.1136,3.9406875708349074,-0.7944
COMBINED,10,0.25,-0.5,9,40,0.3,-0.30165,-12.065999999999999,0.4977355223284159,-14.7864
COMBINED,10,0.25,-0.5,10,41,0.5365853658536586,0.25413658536585365,10.419599999999999,1.7052851031569827,-4.2376000000000005
COMBINED,10,0.25,-0.5,11,35,0.2857142857142857,-0.4321142857142857,-15.123999999999999,0.3381181619256018,-15.940799999999998
COMBINED,10,0.25,-0.5,12,43,0.4883720930232558,0.013041860465116267,0.5607999999999995,1.0241757483790868,-5.5008
COMBINED,10,0.25,-0.5,13,1,0.0,-1.0444,-1.0444,0.0,0.0
COMBINED,10,0.25,-0.5,14,44,0.5227272727272727,0.23378181818181823,10.286400000000002,1.4923512856349679,-3.711999999999998
COMBINED,10,0.25,-0.5,15,5,0.4,0.06560000000000002,0.32800000000000007,1.1063829787234043,-1.3744
COMBINED,10,0.25,-0.5,16,8,0.625,0.2956,2.3648,1.8145494626618903,-2.9031999999999996
COMBINED,10,0.25,-0.5,17,5,0.6,0.6916000000000001,3.4580000000000006,3.084639498432602,-0.8443999999999998
COMBINED,10,0.25,-0.5,18,20,0.35,-0.16489999999999996,-3.297999999999999,0.6951151869245276,-8.036
COMBINED,10,0.25,-0.5,19,2,0.5,-0.3293999999999999,-0.6587999999999998,0.7213669429876503,0.0
COMBINED,10,0.25,-0.5,20,71,0.4084507042253521,-0.0744,-5.2824,0.8831709971071416,-8.1372
COMBINED,10,0.25,-0.5,21,1,0.0,-1.0444,-1.0444,0.0,0.0
COMBINED,10,0.25,-0.5,22,17,0.29411764705882354,-0.29204705882352944,-4.9648,0.6125124875124875,-7.332799999999999
COMBINED,10,0.25,-0.75,1,43,0.5813953488372093,0.2507162790697675,10.780800000000003,1.9083004751794561,-2.767599999999998
COMBINED,10,0.25,-0.75,2,1,0.0,-1.0444,-1.0444,0.0,0.0
COMBINED,10,0.25,-0.75,3,38,0.34210526315789475,-0.2430842105263158,-9.2372,0.5673442622950821,-8.75
COMBINED,10,0.25,-0.75,4,1,1.0,0.0456,0.0456,inf,0.0
COMBINED,10,0.25,-0.75,5,43,0.4186046511627907,-0.0739348837209302,-3.1791999999999985,0.8416733067729083,-7.039199999999999
COMBINED,10,0.25,-0.75,6,69,0.5507246376811594,0.16748405797101446,11.556399999999996,1.482796076268779,-5.939599999999999
COMBINED,10,0.25,-0.75,7,3,0.3333333333333333,-0.26439999999999997,-0.7931999999999999,0.2578592814371258,-1.0688
COMBINED,10,0.25,-0.75,8,6,0.6666666666666666,0.5189333333333334,3.1136,3.9406875708349074,-0.7944
COMBINED,10,0.25,-0.75,9,40,0.3,-0.30165,-12.065999999999999,0.4977355223284159,-14.8964
COMBINED,10,0.25,-0.75,10,41,0.5365853658536586,0.2475512195121951,10.1496,1.6746789332340661,-4.2376000000000005
COMBINED,10,0.25,-0.75,11,35,0.2857142857142857,-0.4372571428571428,-15.303999999999998,0.3354754667824577,-16.120799999999996
COMBINED,10,0.25,-0.75,12,43,0.4883720930232558,-0.011841860465116294,-0.5092000000000007,0.9790165988098967,-6.2308
COMBINED,10,0.25,-0.75,13,1,0.0,-1.0444,-1.0444,0.0,0.0
COMBINED,10,0.25,-0.75,14,44,0.5681818181818182,0.2792363636363636,12.286399999999999,1.5928699646779516,-3.711999999999998
COMBINED,10,0.25,-0.75,15,5,0.4,0.06560000000000002,0.32800000000000007,1.1063829787234043,-1.3744
COMBINED,10,0.25,-0.75,16,8,0.625,0.2956,2.3648,1.8145494626618903,-2.9031999999999996
COMBINED,10,0.25,-0.75,17,5,0.6,0.6916000000000001,3.4580000000000006,3.084639498432602,-0.8443999999999998
COMBINED,10,0.25,-0.75,18,20,0.35,-0.21590000000000004,-4.3180000000000005,0.6352177879904031,-9.056000000000001
COMBINED,10,0.25,-0.75,19,2,0.5,-0.3293999999999999,-0.6587999999999998,0.7213669429876503,0.0
COMBINED,10,0.25,-0.75,20,71,0.4084507042253521,-0.07820281690140841,-5.552399999999998,0.8779284508231319,-8.196
COMBINED,10,0.25,-0.75,21,1,0.0,-1.0444,-1.0444,0.0,0.0
COMBINED,10,0.25,-0.75,22,17,0.29411764705882354,-0.34616470588235293,-5.8848,0.5714785040195736,-7.7828
COMBINED,10,0.5,0.0,1,43,0.5116279069767442,0.23071627906976747,9.920800000000002,1.8535930616740086,-2.243199999999999
COMBINED,10,0.5,0.0,2,1,0.0,-0.25439999999999996,-0.25439999999999996,0.0,0.0
COMBINED,10,0.5,0.0,3,38,0.3157894736842105,-0.11439999999999997,-4.347199999999999,0.734674446424648,-6.3116
COMBINED,10,0.5,0.0,4,1,1.0,0.0456,0.0456,inf,0.0
COMBINED,10,0.5,0.0,5,43,0.37209302325581395,-0.03905116279069765,-1.679199999999999,0.9053374523643086,-6.671199999999999
COMBINED,10,0.5,0.0,6,69,0.5072463768115942,0.1634260869565217,11.276399999999997,1.515148746436664,-4.649600000000001
COMBINED,10,0.5,0.0,7,3,0.3333333333333333,-0.26439999999999997,-0.7931999999999999,0.2578592814371258,-1.0688
COMBINED,10,0.5,0.0,8,6,0.6666666666666666,0.5789333333333332,3.4735999999999994,5.970807097882084,-0.4344000000000001
COMBINED,10,0.5,0.0,9,40,0.275,-0.2734,-10.936,0.5198791795448161,-13.656400000000001
COMBINED,10,0.5,0.0,10,41,0.4878048780487805,0.1731609756097561,7.0996,1.4688556635672023,-4.2376000000000005
COMBINED,10,0.5,0.0,11,35,0.2,-0.3418285714285714,-11.964,0.3372920036337049,-13.310799999999997
COMBINED,10,0.5,0.0,12,43,0.4186046511627907,0.0369953488372093,1.5907999999999998,1.078558024691358,-5.5008
COMBINED,10,0.5,0.0,13,1,0.0,-0.23439999999999997,-0.23439999999999997,0.0,0.0
COMBINED,10,0.5,0.0,14,44,0.4772727272727273,0.1944636363636364,8.556400000000002,1.4398905980093775,-4.000799999999998
COMBINED,10,0.5,0.0,15,5,0.4,0.06560000000000002,0.32800000000000007,1.1063829787234043,-1.3744
COMBINED,10,0.5,0.0,16,8,0.625,0.5656,4.5248,7.088266953713671,-0.7432000000000007
COMBINED,10,0.5,0.0,17,5,0.6,0.7676,3.8379999999999996,4.001251172974664,-0.8443999999999998
COMBINED,10,0.5,0.0,18,20,0.35,-0.09939999999999997,-1.9879999999999995,0.7908953214405923,-6.725999999999999
COMBINED,10,0.5,0.0,19,2,0.5,-0.3293999999999999,-0.6587999999999998,0.7213669429876503,0.0
COMBINED,10,0.5,0.0,20,71,0.36619718309859156,-0.03313239436619715,-2.3523999999999976,0.940652908824865,-8.526
COMBINED,10,0.5,0.0,21,1,0.0,-1.0444,-1.0444,0.0,0.0
COMBINED,10,0.5,0.0,22,17,0.23529411764705882,-0.2949882352941176,-5.014799999999999,0.5505323916394793,-5.402
COMBINED,10,0.5,-0.25,1,43,0.5116279069767442,0.2074604651162791,8.920800000000002,1.7067435669920143,-2.243199999999999
COMBINED,10,0.5,-0.25,2,1,0.0,-1.0444,-1.0444,0.0,0.0
COMBINED,10,0.5,-0.25,3,38,0.34210526315789475,-0.14413684210526315,-5.4772,0.6886185332575328,-6.3115999999999985
COMBINED,10,0.5,-0.25,4,1,1.0,0.0456,0.0456,inf,0.0
COMBINED,10,0.5,-0.25,5,43,0.4186046511627907,-0.013237209302325553,-0.5691999999999988,0.9674184315970238,-5.639200000000001
COMBINED,10,0.5,-0.25,6,69,0.5217391304347826,0.17951304347826083,12.386399999999997,1.5508690160638996,-4.834
COMBINED,10,0.5,-0.25,7,3,0.3333333333333333,-0.26439999999999997,-0.7931999999999999,0.2578592814371258,-1.0688
COMBINED,10,0.5,-0.25,8,6,0.6666666666666666,0.5789333333333332,3.4735999999999994,5.970807097882084,-0.4344000000000001
COMBINED,10,0.5,-0.25,9,40,0.3,-0.28664999999999996,-11.466,0.5104853307831552,-14.186399999999999
COMBINED,10,0.5,-0.25,10,41,0.5121951219512195,0.20706341463414632,8.4896,1.5660488065075342,-4.2376000000000005
COMBINED,10,0.5,-0.25,11,35,0.2571428571428571,-0.3241142857142857,-11.344,0.38827894135156715,-12.690799999999998
COMBINED,10,0.5,-0.25,12,43,0.4418604651162791,0.031181395348837203,1.3407999999999998,1.061180163901513,-5.5008
COMBINED,10,0.5,-0.25,13,1,0.0,-1.0444,-1.0444,0.0,0.0
COMBINED,10,0.5,-0.25,14,44,0.5,0.23469090909090912,10.326400000000001,1.5326510821796275,-3.001999999999999
COMBINED,10,0.5,-0.25,15,5,0.4,0.06560000000000002,0.32800000000000007,1.1063829787234043,-1.3744
COMBINED,10,0.5,-0.25,16,8,0.625,0.3681,2.9448,2.2675619834710745,-2.3231999999999995
COMBINED,10,0.5,-0.25,17,5,0.6,0.7676,3.8379999999999996,4.001251172974664,-0.8443999999999998
COMBINED,10,0.5,-0.25,18,20,0.35,-0.13889999999999997,-2.7779999999999996,0.7302179233189604,-7.516
COMBINED,10,0.5,-0.25,19,2,0.5,-0.3293999999999999,-0.6587999999999998,0.7213669429876503,0.0
COMBINED,10,0.5,-0.25,20,71,0.38028169014084506,-0.05186478873239431,-3.682399999999996,0.9108239533487027,-9.456
COMBINED,10,0.5,-0.25,21,1,0.0,-1.0444,-1.0444,0.0,0.0
COMBINED,10,0.5,-0.25,22,17,0.23529411764705882,-0.34263529411764704,-5.8248,0.5132696035831271,-6.1928
COMBINED,10,0.5,-0.5,1,43,0.5581395348837209,0.23839069767441864,10.250800000000002,1.8304546485628181,-2.4875999999999987
COMBINED,10,0.5,-0.5,2,1,0.0,-1.0444,-1.0444,0.0,0.0
COMBINED,10,0.5,-0.5,3,38,0.34210526315789475,-0.23203157894736837,-8.817199999999998,0.5787290969899667,-8.33
COMBINED,10,0.5,-0.5,4,1,1.0,0.0456,0.0456,inf,0.0
COMBINED,10,0.5,-0.5,5,43,0.4186046511627907,-0.039981395348837157,-1.7191999999999976,0.907669172932331,-6.4792000000000005
COMBINED,10,0.5,-0.5,6,69,0.5362318840579711,0.17502028985507243,12.076399999999998,1.51828263407265,-5.0196000000000005
COMBINED,10,0.5,-0.5,7,3,0.3333333333333333,-0.26439999999999997,-0.7931999999999999,0.2578592814371258,-1.0688
COMBINED,10,0.5,-0.5,8,6,0.6666666666666666,0.5189333333333334,3.1136,3.9406875708349074,-0.7944
COMBINED,10,0.5,-0.5,9,40,0.3,-0.30165,-12.065999999999999,0.4977355223284159,-14.7864
COMBINED,10,0.5,-0.5,10,41,0.5365853658536586,0.25413658536585365,10.419599999999999,1.7052851031569827,-4.2376000000000005
COMBINED,10,0.5,-0.5,11,35,0.2857142857142857,-0.4321142857142857,-15.123999999999999,0.3381181619256018,-15.940799999999998
COMBINED,10,0.5,-0.5,12,43,0.4883720930232558,0.013041860465116267,0.5607999999999995,1.0241757483790868,-5.5008
COMBINED,10,0.5,-0.5,13,1,0.0,-1.0444,-1.0444,0.0,0.0
COMBINED,10,0.5,-0.5,14,44,0.5227272727272727,0.23378181818181823,10.286400000000002,1.4923512856349679,-3.711999999999998
COMBINED,10,0.5,-0.5,15,5,0.4,0.06560000000000002,0.32800000000000007,1.1063829787234043,-1.3744
COMBINED,10,0.5,-0.5,16,8,0.625,0.2956,2.3648,1.8145494626618903,-2.9031999999999996
COMBINED,10,0.5,-0.5,17,5,0.6,0.6916000000000001,3.4580000000000006,3.084639498432602,-0.8443999999999998
COMBINED,10,0.5,-0.5,18,20,0.35,-0.16489999999999996,-3.297999999999999,0.6951151869245276,-8.036
COMBINED,10,0.5,-0.5,19,2,0.5,-0.3293999999999999,-0.6587999999999998,0.7213669429876503,0.0
COMBINED,10,0.5,-0.5,20,71,0.4084507042253521,-0.0744,-5.2824,0.8831709971071416,-8.1372
COMBINED,10,0.5,-0.5,21,1,0.0,-1.0444,-1.0444,0.0,0.0
COMBINED,10,0.5,-0.5,22,17,0.29411764705882354,-0.29204705882352944,-4.9648,0.6125124875124875,-7.332799999999999
COMBINED,10,0.5,-0.75,1,43,0.5813953488372093,0.2507162790697675,10.780800000000003,1.9083004751794561,-2.767599999999998
COMBINED,10,0.5,-0.75,2,1,0.0,-1.0444,-1.0444,0.0,0.0
COMBINED,10,0.5,-0.75,3,38,0.34210526315789475,-0.2430842105263158,-9.2372,0.5673442622950821,-8.75
COMBINED,10,0.5,-0.75,4,1,1.0,0.0456,0.0456,inf,0.0
COMBINED,10,0.5,-0.75,5,43,0.4186046511627907,-0.0739348837209302,-3.1791999999999985,0.8416733067729083,-7.039199999999999
COMBINED,10,0.5,-0.75,6,69,0.5507246376811594,0.16748405797101446,11.556399999999996,1.482796076268779,-5.939599999999999
COMBINED,10,0.5,-0.75,7,3,0.3333333333333333,-0.26439999999999997,-0.7931999999999999,0.2578592814371258,-1.0688
COMBINED,10,0.5,-0.75,8,6,0.6666666666666666,0.5189333333333334,3.1136,3.9406875708349074,-0.7944
COMBINED,10,0.5,-0.75,9,40,0.3,-0.30165,-12.065999999999999,0.4977355223284159,-14.8964
COMBINED,10,0.5,-0.75,10,41,0.5365853658536586,0.2475512195121951,10.1496,1.6746789332340661,-4.2376000000000005
COMBINED,10,0.5,-0.75,11,35,0.2857142857142857,-0.4372571428571428,-15.303999999999998,0.3354754667824577,-16.120799999999996
COMBINED,10,0.5,-0.75,12,43,0.4883720930232558,-0.011841860465116294,-0.5092000000000007,0.9790165988098967,-6.2308
COMBINED,10,0.5,-0.75,13,1,0.0,-1.0444,-1.0444,0.0,0.0
COMBINED,10,0.5,-0.75,14,44,0.5681818181818182,0.2792363636363636,12.286399999999999,1.5928699646779516,-3.711999999999998
COMBINED,10,0.5,-0.75,15,5,0.4,0.06560000000000002,0.32800000000000007,1.1063829787234043,-1.3744
COMBINED,10,0.5,-0.75,16,8,0.625,0.2956,2.3648,1.8145494626618903,-2.9031999999999996
COMBINED,10,0.5,-0.75,17,5,0.6,0.6916000000000001,3.4580000000000006,3.084639498432602,-0.8443999999999998
COMBINED,10,0.5,-0.75,18,20,0.35,-0.21590000000000004,-4.3180000000000005,0.6352177879904031,-9.056000000000001
COMBINED,10,0.5,-0.75,19,2,0.5,-0.3293999999999999,-0.6587999999999998,0.7213669429876503,0.0
COMBINED,10,0.5,-0.75,20,71,0.4084507042253521,-0.07820281690140841,-5.552399999999998,0.8779284508231319,-8.196
COMBINED,10,0.5,-0.75,21,1,0.0,-1.0444,-1.0444,0.0,0.0
COMBINED,10,0.5,-0.75,22,17,0.29411764705882354,-0.34616470588235293,-5.8848,0.5714785040195736,-7.7828
COMBINED,10,0.75,0.0,1,43,0.5581395348837209,0.24536744186046514,10.5508,1.8760503503935702,-2.4875999999999987
COMBINED,10,0.75,0.0,2,1,0.0,-0.25439999999999996,-0.25439999999999996,0.0,0.0
COMBINED,10,0.75,0.0,3,38,0.34210526315789475,-0.1796631578947368,-6.827199999999999,0.6395353748680043,-6.981599999999999
COMBINED,10,0.75,0.0,4,1,1.0,0.0456,0.0456,inf,0.0
COMBINED,10,0.75,0.0,5,43,0.4186046511627907,-0.01579534883720926,-0.6791999999999982,0.9613651877133105,-5.9992
COMBINED,10,0.75,0.0,6,69,0.5362318840579711,0.19009275362318837,13.116399999999997,1.5997220037675812,-5.0196000000000005
COMBINED,10,0.75,0.0,7,3,0.3333333333333333,-0.26439999999999997,-0.7931999999999999,0.2578592814371258,-1.0688
COMBINED,10,0.75,0.0,8,6,0.6666666666666666,0.5789333333333332,3.4735999999999994,5.970807097882084,-0.4344000000000001
COMBINED,10,0.75,0.0,9,40,0.3,-0.2849,-11.395999999999999,0.5120154839593717,-13.7264
COMBINED,10,0.75,0.0,10,41,0.4878048780487805,0.1704780487804878,6.9896,1.4582623062599984,-4.2376000000000005
COMBINED,10,0.75,0.0,11,35,0.2571428571428571,-0.3686857142857143,-12.904,0.3578310375029859,-13.720799999999997
COMBINED,10,0.75,0.0,12,43,0.4418604651162791,0.01932093023255815,0.8308000000000004,1.0389944427756084,-5.5008
COMBINED,10,0.75,0.0,13,1,0.0,-0.23439999999999997,-0.23439999999999997,0.0,0.0
COMBINED,10,0.75,0.0,14,44,0.5,0.23923636363636366,10.5264,1.5555766673000189,-4.000799999999996
COMBINED,10,0.75,0.0,15,5,0.4,0.06560000000000002,0.32800000000000007,1.1063829787234043,-1.3744
COMBINED,10,0.75,0.0,16,8,0.625,0.5656,4.5248,7.088266953713671,-0.7432000000000007
COMBINED,10,0.75,0.0,17,5,0.6,0.7676,3.8379999999999996,4.001251172974664,-0.8443999999999998
COMBINED,10,0.75,0.0,18,20,0.35,-0.12539999999999996,-2.507999999999999,0.7498803255146003,-7.2459999999999996
COMBINED,10,0.75,0.0,19,2,0.5,-0.3293999999999999,-0.6587999999999998,0.7213669429876503,0.0
COMBINED,10,0.75,0.0,20,71,0.38028169014084506,-0.013695774647887276,-0.9723999999999966,0.9756678577505529,-6.5708
COMBINED,10,0.75,0.0,21,1,0.0,-1.0444,-1.0444,0.0,0.0
COMBINED,10,0.75,0.0,22,17,0.29411764705882354,-0.1773411764705882,-3.0147999999999993,0.7224656626284198,-5.402
COMBINED,10,0.75,-0.25,1,43,0.5581395348837209,0.23839069767441864,10.250800000000002,1.8304546485628181,-2.4875999999999987
COMBINED,10,0.75,-0.25,2,1,0.0,-1.0444,-1.0444,0.0,0.0
COMBINED,10,0.75,-0.25,3,38,0.34210526315789475,-0.20308421052631576,-7.717199999999999,0.6108320726172466,-7.75
COMBINED,10,0.75,-0.25,4,1,1.0,0.0456,0.0456,inf,0.0
COMBINED,10,0.75,-0.25,5,43,0.4186046511627907,-0.01579534883720926,-0.6791999999999982,0.9613651877133105,-5.9992
COMBINED,10,0.75,-0.25,6,69,0.5362318840579711,0.1789333333333333,12.346399999999997,1.545316419914491,-5.0196000000000005
COMBINED,10,0.75,-0.25,7,3,0.3333333333333333,-0.26439999999999997,-0.7931999999999999,0.2578592814371258,-1.0688
COMBINED,10,0.75,-0.25,8,6,0.6666666666666666,0.5789333333333332,3.4735999999999994,5.970807097882084,-0.4344000000000001
COMBINED,10,0.75,-0.25,9,40,0.3,-0.3074,-12.296,0.49301535467484703,-14.6264
COMBINED,10,0.75,-0.25,10,41,0.5121951219512195,0.20438048780487805,8.3796,1.5546465448768865,-4.2376000000000005
COMBINED,10,0.75,-0.25,11,35,0.2857142857142857,-0.3741142857142856,-13.093999999999998,0.37108549471661867,-13.910799999999998
COMBINED,10,0.75,-0.25,12,43,0.46511627906976744,0.013506976744186047,0.5808,1.0252838336699865,-5.5008
COMBINED,10,0.75,-0.25,13,1,0.0,-1.0444,-1.0444,0.0,0.0
COMBINED,10,0.75,-0.25,14,44,0.5227272727272727,0.27946363636363636,12.2964,1.6512095920010168,-3.001999999999999
COMBINED,10,0.75,-0.25,15,5,0.4,0.06560000000000002,0.32800000000000007,1.1063829787234043,-1.3744
COMBINED,10,0.75,-0.25,16,8,0.625,0.3681,2.9448,2.2675619834710745,-2.3231999999999995
COMBINED,10,0.75,-0.25,17,5,0.6,0.7676,3.8379999999999996,4.001251172974664,-0.8443999999999998
COMBINED,10,0.75,-0.25,18,20,0.35,-0.16489999999999996,-3.297999999999999,0.6951151869245276,-8.036
COMBINED,10,0.75,-0.25,19,2,0.5,-0.3293999999999999,-0.6587999999999998,0.7213669429876503,0.0
COMBINED,10,0.75,-0.25,20,71,0.39436619718309857,-0.03242816901408446,-2.302399999999997,0.9446793787482699,-7.366
COMBINED,10,0.75,-0.25,21,1,0.0,-1.0444,-1.0444,0.0,0.0
COMBINED,10,0.75,-0.25,22,17,0.29411764705882354,-0.22498823529411763,-3.8247999999999998,0.6723322596120896,-6.192799999999999
COMBINED,10,0.75,-0.5,1,43,0.5581395348837209,0.23839069767441864,10.250800000000002,1.8304546485628181,-2.4875999999999987
COMBINED,10,0.75,-0.5,2,1,0.0,-1.0444,-1.0444,0.0,0.0
COMBINED,10,0.75,-0.5,3,38,0.34210526315789475,-0.23203157894736837,-8.817199999999998,0.5787290969899667,-8.33
COMBINED,10,0.75,-0.5,4,1,1.0,0.0456,0.0456,inf,0.0
COMBINED,10,0.75,-0.5,5,43,0.4186046511627907,-0.04579534883720926,-1.9691999999999983,0.8956438791732909,-6.7292000000000005
COMBINED,10,0.75,-0.5,6,69,0.5507246376811594,0.19052753623188404,13.146399999999998,1.5883005763791935,-5.0196000000000005
COMBINED,10,0.75,-0.5,7,3,0.3333333333333333,-0.26439999999999997,-0.7931999999999999,0.2578592814371258,-1.0688
COMBINED,10,0.75,-0.5,8,6,0.6666666666666666,0.5189333333333334,3.1136,3.9406875708349074,-0.7944
COMBINED,10,0.75,-0.5,9,40,0.3,-0.3224,-12.896,0.48111309610030095,-15.2264
COMBINED,10,0.75,-0.5,10,41,0.5365853658536586,0.25413658536585365,10.419599999999999,1.7052851031569827,-4.2376000000000005
COMBINED,10,0.75,-0.5,11,35,0.2857142857142857,-0.4321142857142857,-15.123999999999999,0.3381181619256018,-15.940799999999998
COMBINED,10,0.75,-0.5,12,43,0.4883720930232558,0.013041860465116267,0.5607999999999995,1.0241757483790868,-5.5008
COMBINED,10,0.75,-0.5,13,1,0.0,-1.0444,-1.0444,0.0,0.0
COMBINED,10,0.75,-0.5,14,44,0.5227272727272727,0.23378181818181823,10.286400000000002,1.4923512856349679,-3.711999999999998
COMBINED,10,0.75,-0.5,15,5,0.4,0.06560000000000002,0.32800000000000007,1.1063829787234043,-1.3744
COMBINED,10,0.75,-0.5,16,8,0.625,0.2956,2.3648,1.8145494626618903,-2.9031999999999996
COMBINED,10,0.75,-0.5,17,5,0.6,0.6916000000000001,3.4580000000000006,3.084639498432602,-0.8443999999999998
COMBINED,10,0.75,-0.5,18,20,0.35,-0.16489999999999996,-3.297999999999999,0.6951151869245276,-8.036
COMBINED,10,0.75,-0.5,19,2,0.5,-0.3293999999999999,-0.6587999999999998,0.7213669429876503,0.0
COMBINED,10,0.75,-0.5,20,71,0.4084507042253521,-0.0744,-5.2824,0.8831709971071416,-8.1372
COMBINED,10,0.75,-0.5,21,1,0.0,-1.0444,-1.0444,0.0,0.0
COMBINED,10,0.75,-0.5,22,17,0.29411764705882354,-0.29204705882352944,-4.9648,0.6125124875124875,-7.332799999999999
COMBINED,10,0.75,-0.75,1,43,0.5813953488372093,0.2507162790697675,10.780800000000003,1.9083004751794561,-2.767599999999998
COMBINED,10,0.75,-0.75,2,1,0.0,-1.0444,-1.0444,0.0,0.0
COMBINED,10,0.75,-0.75,3,38,0.34210526315789475,-0.2430842105263158,-9.2372,0.5673442622950821,-8.75
COMBINED,10,0.75,-0.75,4,1,1.0,0.0456,0.0456,inf,0.0
COMBINED,10,0.75,-0.75,5,43,0.4186046511627907,-0.0739348837209302,-3.1791999999999985,0.8416733067729083,-7.039199999999999
COMBINED,10,0.75,-0.75,6,69,0.5507246376811594,0.16748405797101446,11.556399999999996,1.482796076268779,-5.939599999999999
COMBINED,10,0.75,-0.75,7,3,0.3333333333333333,-0.26439999999999997,-0.7931999999999999,0.2578592814371258,-1.0688
COMBINED,10,0.75,-0.75,8,6,0.6666666666666666,0.5189333333333334,3.1136,3.9406875708349074,-0.7944
COMBINED,10,0.75,-0.75,9,40,0.3,-0.30165,-12.065999999999999,0.4977355223284159,-14.8964
COMBINED,10,0.75,-0.75,10,41,0.5365853658536586,0.2475512195121951,10.1496,1.6746789332340661,-4.2376000000000005
COMBINED,10,0.75,-0.75,11,35,0.2857142857142857,-0.4372571428571428,-15.303999999999998,0.3354754667824577,-16.120799999999996
COMBINED,10,0.75,-0.75,12,43,0.4883720930232558,-0.011841860465116294,-0.5092000000000007,0.9790165988098967,-6.2308
COMBINED,10,0.75,-0.75,13,1,0.0,-1.0444,-1.0444,0.0,0.0
COMBINED,10,0.75,-0.75,14,44,0.5681818181818182,0.2792363636363636,12.286399999999999,1.5928699646779516,-3.711999999999998
COMBINED,10,0.75,-0.75,15,5,0.4,0.06560000000000002,0.32800000000000007,1.1063829787234043,-1.3744
COMBINED,10,0.75,-0.75,16,8,0.625,0.2956,2.3648,1.8145494626618903,-2.9031999999999996
COMBINED,10,0.75,-0.75,17,5,0.6,0.6916000000000001,3.4580000000000006,3.084639498432602,-0.8443999999999998
COMBINED,10,0.75,-0.75,18,20,0.35,-0.21590000000000004,-4.3180000000000005,0.6352177879904031,-9.056000000000001
COMBINED,10,0.75,-0.75,19,2,0.5,-0.3293999999999999,-0.6587999999999998,0.7213669429876503,0.0
COMBINED,10,0.75,-0.75,20,71,0.4084507042253521,-0.07820281690140841,-5.552399999999998,0.8779284508231319,-8.196
COMBINED,10,0.75,-0.75,21,1,0.0,-1.0444,-1.0444,0.0,0.0
COMBINED,10,0.75,-0.75,22,17,0.29411764705882354,-0.34616470588235293,-5.8848,0.5714785040195736,-7.7828
COMBINED,10,1.0,0.0,1,43,0.5813953488372093,0.2507162790697675,10.780800000000003,1.9083004751794561,-2.767599999999998
COMBINED,10,1.0,0.0,2,1,0.0,-1.0444,-1.0444,0.0,0.0
COMBINED,10,1.0,0.0,3,38,0.34210526315789475,-0.1970315789473684,-7.487199999999999,0.6180000000000001,-6.9816
COMBINED,10,1.0,0.0,4,1,1.0,0.0456,0.0456,inf,0.0
COMBINED,10,1.0,0.0,5,43,0.4186046511627907,-0.023702325581395314,-1.0191999999999986,0.9431250000000001,-5.861599999999999
COMBINED,10,1.0,0.0,6,69,0.5652173913043478,0.1835710144927536,12.666399999999998,1.554279712935411,-5.559600000000001
COMBINED,10,1.0,0.0,7,3,0.3333333333333333,-0.14106666666666665,-0.42319999999999997,0.3943903835145965,-0.6988
COMBINED,10,1.0,0.0,8,6,0.6666666666666666,0.5189333333333334,3.1136,3.9406875708349074,-0.7944
COMBINED,10,1.0,0.0,9,40,0.3,-0.25915,-10.366,0.5356400516055047,-13.196399999999997
COMBINED,10,1.0,0.0,10,41,0.5365853658536586,0.25413658536585365,10.419599999999999,1.7052851031569827,-4.2376000000000005
COMBINED,10,1.0,0.0,11,35,0.2857142857142857,-0.40668571428571426,-14.234,0.35182149362477233,-15.050799999999994
COMBINED,10,1.0,0.0,12,43,0.4883720930232558,0.008855813953488357,0.38079999999999936,1.0162896547003868,-6.2308
COMBINED,10,1.0,0.0,13,1,0.0,-0.23439999999999997,-0.23439999999999997,0.0,0.0
COMBINED,10,1.0,0.0,14,44,0.5681818181818182,0.3262818181818182,14.356399999999999,1.7696315992623406,-3.001999999999999
COMBINED,10,1.0,0.0,15,5,0.4,0.06560000000000002,0.32800000000000007,1.1063829787234043,-1.3744
COMBINED,10,1.0,0.0,16,8,0.625,0.40935,3.2748,2.6429861529199274,-1.9932000000000003
COMBINED,10,1.0,0.0,17,5,0.6,0.6916000000000001,3.4580000000000006,3.084639498432602,-0.8443999999999998
COMBINED,10,1.0,0.0,18,20,0.35,-0.20140000000000002,-4.0280000000000005,0.6511708466121657,-8.766
COMBINED,10,1.0,0.0,19,2,0.5,-0.3293999999999999,-0.6587999999999998,0.7213669429876503,0.0
COMBINED,10,1.0,0.0,20,71,0.4225352112676056,0.0329239436619719,2.3376000000000046,1.0594803106329704,-7.366
COMBINED,10,1.0,0.0,21,1,0.0,-1.0444,-1.0444,0.0,0.0
COMBINED,10,1.0,0.0,22,17,0.29411764705882354,-0.21322352941176467,-3.6247999999999996,0.684052715989122,-6.0120000000000005
COMBINED,10,1.0,-0.25,1,43,0.5813953488372093,0.2507162790697675,10.780800000000003,1.9083004751794561,-2.767599999999998
COMBINED,10,1.0,-0.25,2,1,0.0,-1.0444,-1.0444,0.0,0.0
COMBINED,10,1.0,-0.25,3,38,0.34210526315789475,-0.22045263157894732,-8.377199999999998,0.5911566617862373,-7.749999999999999
COMBINED,10,1.0,-0.25,4,1,1.0,0.0456,0.0456,inf,0.0
COMBINED,10,1.0,-0.25,5,43,0.4186046511627907,-0.023702325581395314,-1.0191999999999986,0.9431250000000001,-5.861599999999999
COMBINED,10,1.0,-0.25,6,69,0.5652173913043478,0.1835710144927536,12.666399999999998,1.554279712935411,-5.559600000000001
COMBINED,10,1.0,-0.25,7,3,0.3333333333333333,-0.14106666666666665,-0.42319999999999997,0.3943903835145965,-0.6988
COMBINED,10,1.0,-0.25,8,6,0.6666666666666666,0.5189333333333334,3.1136,3.9406875708349074,-0.7944
COMBINED,10,1.0,-0.25,9,40,0.3,-0.28165,-11.266,0.5148816700540839,-14.096399999999997
COMBINED,10,1.0,-0.25,10,41,0.5365853658536586,0.25413658536585365,10.419599999999999,1.7052851031569827,-4.2376000000000005
COMBINED,10,1.0,-0.25,11,35,0.2857142857142857,-0.40668571428571426,-14.234,0.35182149362477233,-15.050799999999994
COMBINED,10,1.0,-0.25,12,43,0.4883720930232558,-0.011841860465116294,-0.5092000000000007,0.9790165988098967,-6.2308
COMBINED,10,1.0,-0.25,13,1,0.0,-1.0444,-1.0444,0.0,0.0
COMBINED,10,1.0,-0.25,14,44,0.5681818181818182,0.3262818181818182,14.356399999999999,1.7696315992623406,-3.001999999999999
COMBINED,10,1.0,-0.25,15,5,0.4,0.06560000000000002,0.32800000000000007,1.1063829787234043,-1.3744
COMBINED,10,1.0,-0.25,16,8,0.625,0.2956,2.3648,1.8145494626618903,-2.9031999999999996
COMBINED,10,1.0,-0.25,17,5,0.6,0.6916000000000001,3.4580000000000006,3.084639498432602,-0.8443999999999998
COMBINED,10,1.0,-0.25,18,20,0.35,-0.20140000000000002,-4.0280000000000005,0.6511708466121657,-8.766
COMBINED,10,1.0,-0.25,19,2,0.5,-0.3293999999999999,-0.6587999999999998,0.7213669429876503,0.0
COMBINED,10,1.0,-0.25,20,71,0.4225352112676056,0.019121126760563434,1.357600000000004,1.0337037368049966,-7.366
COMBINED,10,1.0,-0.25,21,1,0.0,-1.0444,-1.0444,0.0,0.0
COMBINED,10,1.0,-0.25,22,17,0.29411764705882354,-0.26087058823529413,-4.4348,0.6389422607223109,-6.8027999999999995
COMBINED,10,1.0,-0.5,1,43,0.5813953488372093,0.2507162790697675,10.780800000000003,1.9083004751794561,-2.767599999999998
COMBINED,10,1.0,-0.5,2,1,0.0,-1.0444,-1.0444,0.0,0.0
COMBINED,10,1.0,-0.5,3,38,0.34210526315789475,-0.23834736842105259,-9.057199999999998,0.5721681624940955,-8.43
COMBINED,10,1.0,-0.5,4,1,1.0,0.0456,0.0456,inf,0.0
COMBINED,10,1.0,-0.5,5,43,0.4186046511627907,-0.05370232558139532,-2.309199999999999,0.8797917751171266,-6.5916
COMBINED,10,1.0,-0.5,6,69,0.5652173913043478,0.1835710144927536,12.666399999999998,1.554279712935411,-5.559600000000001
COMBINED,10,1.0,-0.5,7,3,0.3333333333333333,-0.14106666666666665,-0.42319999999999997,0.3943903835145965,-0.6988
COMBINED,10,1.0,-0.5,8,6,0.6666666666666666,0.5189333333333334,3.1136,3.9406875708349074,-0.7944
COMBINED,10,1.0,-0.5,9,40,0.3,-0.29714999999999997,-11.886,0.5014930881760837,-14.716399999999998
COMBINED,10,1.0,-0.5,10,41,0.5365853658536586,0.25413658536585365,10.419599999999999,1.7052851031569827,-4.2376000000000005
COMBINED,10,1.0,-0.5,11,35,0.2857142857142857,-0.42697142857142856,-14.943999999999999,0.340802823114248,-15.760799999999994
COMBINED,10,1.0,-0.5,12,43,0.4883720930232558,-0.011841860465116294,-0.5092000000000007,0.9790165988098967,-6.2308
COMBINED,10,1.0,-0.5,13,1,0.0,-1.0444,-1.0444,0.0,0.0
COMBINED,10,1.0,-0.5,14,44,0.5681818181818182,0.2946909090909091,12.966400000000002,1.6469097367738328,-3.711999999999998
COMBINED,10,1.0,-0.5,15,5,0.4,0.06560000000000002,0.32800000000000007,1.1063829787234043,-1.3744
COMBINED,10,1.0,-0.5,16,8,0.625,0.2956,2.3648,1.8145494626618903,-2.9031999999999996
COMBINED,10,1.0,-0.5,17,5,0.6,0.6916000000000001,3.4580000000000006,3.084639498432602,-0.8443999999999998
COMBINED,10,1.0,-0.5,18,20,0.35,-0.20140000000000002,-4.0280000000000005,0.6511708466121657,-8.766
COMBINED,10,1.0,-0.5,19,2,0.5,-0.3293999999999999,-0.6587999999999998,0.7213669429876503,0.0
COMBINED,10,1.0,-0.5,20,71,0.4225352112676056,-0.03834366197183099,-2.7224000000000004,0.9386299492340011,-7.886
COMBINED,10,1.0,-0.5,21,1,0.0,-1.0444,-1.0444,0.0,0.0
COMBINED,10,1.0,-0.5,22,17,0.29411764705882354,-0.29204705882352944,-4.9648,0.6125124875124875,-7.332799999999999
COMBINED,10,1.0,-0.75,1,43,0.5813953488372093,0.2507162790697675,10.780800000000003,1.9083004751794561,-2.767599999999998
COMBINED,10,1.0,-0.75,2,1,0.0,-1.0444,-1.0444,0.0,0.0
COMBINED,10,1.0,-0.75,3,38,0.34210526315789475,-0.24676842105263153,-9.377199999999998,0.5636482084690555,-8.75
COMBINED,10,1.0,-0.75,4,1,1.0,0.0456,0.0456,inf,0.0
COMBINED,10,1.0,-0.75,5,43,0.4186046511627907,-0.06346976744186043,-2.7291999999999987,0.8609679062659196,-6.5916
COMBINED,10,1.0,-0.75,6,69,0.5652173913043478,0.17400579710144923,12.006399999999998,1.5106498809118754,-5.939599999999999
COMBINED,10,1.0,-0.75,7,3,0.3333333333333333,-0.14106666666666665,-0.42319999999999997,0.3943903835145965,-0.6988
COMBINED,10,1.0,-0.75,8,6,0.6666666666666666,0.5189333333333334,3.1136,3.9406875708349074,-0.7944
COMBINED,10,1.0,-0.75,9,40,0.3,-0.30389999999999995,-12.155999999999999,0.495877776487567,-14.9864
COMBINED,10,1.0,-0.75,10,41,0.5365853658536586,0.2475512195121951,10.1496,1.6746789332340661,-4.2376000000000005
COMBINED,10,1.0,-0.75,11,35,0.2857142857142857,-0.4372571428571428,-15.303999999999998,0.3354754667824577,-16.120799999999996
COMBINED,10,1.0,-0.75,12,43,0.4883720930232558,-0.011841860465116294,-0.5092000000000007,0.9790165988098967,-6.2308
COMBINED,10,1.0,-0.75,13,1,0.0,-1.0444,-1.0444,0.0,0.0
COMBINED,10,1.0,-0.75,14,44,0.5681818181818182,0.2792363636363636,12.286399999999999,1.5928699646779516,-3.711999999999998
COMBINED,10,1.0,-0.75,15,5,0.4,0.06560000000000002,0.32800000000000007,1.1063829787234043,-1.3744
COMBINED,10,1.0,-0.75,16,8,0.625,0.2956,2.3648,1.8145494626618903,-2.9031999999999996
COMBINED,10,1.0,-0.75,17,5,0.6,0.6916000000000001,3.4580000000000006,3.084639498432602,-0.8443999999999998
COMBINED,10,1.0,-0.75,18,20,0.35,-0.21590000000000004,-4.3180000000000005,0.6352177879904031,-9.056000000000001
COMBINED,10,1.0,-0.75,19,2,0.5,-0.3293999999999999,-0.6587999999999998,0.7213669429876503,0.0
COMBINED,10,1.0,-0.75,20,71,0.4225352112676056,-0.042709859154929565,-3.032399999999999,0.932116121637594,-8.196
COMBINED,10,1.0,-0.75,21,1,0.0,-1.0444,-1.0444,0.0,0.0
COMBINED,10,1.0,-0.75,22,17,0.29411764705882354,-0.34616470588235293,-5.8848,0.5714785040195736,-7.7828
COMBINED,15,0.25,0.0,1,43,0.4883720930232558,0.2851348837209302,12.2608,2.274935529490058,-1.5675999999999988
COMBINED,15,0.25,0.0,2,1,0.0,-1.0344,-1.0344,0.0,0.0
COMBINED,15,0.25,0.0,3,38,0.3157894736842105,-0.2686105263157894,-10.207199999999998,0.5411339483195772,-8.77
COMBINED,15,0.25,0.0,4,1,0.0,-0.23439999999999997,-0.23439999999999997,0.0,0.0
COMBINED,15,0.25,0.0,5,43,0.3953488372093023,-0.13370232558139528,-5.749199999999997,0.7448700653223517,-10.129199999999997
COMBINED,15,0.25,0.0,6,69,0.42028985507246375,0.06444057971014497,4.446400000000002,1.1633144788070227,-10.412400000000002
COMBINED,15,0.25,0.0,7,3,0.0,-0.2510666666666666,-0.7531999999999999,0.0,-0.6987999999999999
COMBINED,15,0.25,0.0,8,6,0.6666666666666666,0.5822666666666666,3.4936,6.146729522687096,-0.4144000000000001
COMBINED,15,0.25,0.0,9,40,0.275,-0.34714999999999996,-13.886,0.4560397373822843,-15.366399999999997
COMBINED,15,0.25,0.0,10,41,0.5121951219512195,0.23218536585365865,9.519600000000004,1.612271674813481,-4.6228
COMBINED,15,0.25,0.0,11,35,0.2,-0.4355428571428571,-15.244,0.2982617662222877,-15.650799999999998
COMBINED,15,0.25,0.0,12,43,0.3953488372093023,-0.11044651162790693,-4.749199999999998,0.8233473687342845,-8.416799999999999
COMBINED,15,0.25,0.0,13,1,0.0,-0.7243999999999999,-0.7243999999999999,0.0,0.0
COMBINED,15,0.25,0.0,14,44,0.4772727272727273,0.3019636363636364,13.2864,1.755716333356085,-3.751999999999999
COMBINED,15,0.25,0.0,15,5,0.4,0.16760000000000003,0.8380000000000002,1.3256645422042592,-0.9144
COMBINED,15,0.25,0.0,16,8,0.625,0.2531,2.0248,1.6243216576221016,-3.2432
COMBINED,15,0.25,0.0,17,5,0.6,0.6596000000000001,3.2980000000000005,2.8132834836155705,-1.0044
COMBINED,15,0.25,0.0,18,20,0.35,-0.15139999999999998,-3.0279999999999996,0.7129095873786406,-7.766000000000001
COMBINED,15,0.25,0.0,19,2,0.5,-1.3094,-2.6188,0.39441309777078903,0.0
COMBINED,15,0.25,0.0,20,71,0.36619718309859156,-0.14214647887323942,-10.092399999999998,0.7860782568146168,-17.165599999999998
COMBINED,15,0.25,0.0,21,1,0.0,-1.0444,-1.0444,0.0,0.0
COMBINED,15,0.25,0.0,22,17,0.23529411764705882,-0.5567529411764705,-9.464799999999999,0.3935619457686196,-7.6827999999999985
COMBINED,15,0.25,-0.25,1,43,0.5348837209302325,0.2728093023255814,11.730800000000002,2.1369257608063577,-2.1132
COMBINED,15,0.25,-0.25,2,1,0.0,-1.0344,-1.0344,0.0,0.0
COMBINED,15,0.25,-0.25,3,38,0.3157894736842105,-0.32018947368421047,-12.167199999999998,0.4973145378526219,-10.729999999999997
COMBINED,15,0.25,-0.25,4,1,1.0,0.0456,0.0456,inf,0.0
COMBINED,15,0.25,-0.25,5,43,0.3953488372093023,-0.1392837209302325,-5.989199999999998,0.7370205142616271,-10.129199999999997
COMBINED,15,0.25,-0.25,6,69,0.4782608695652174,0.06922318840579711,4.776400000000001,1.1692054810049457,-9.2224
COMBINED,15,0.25,-0.25,7,3,0.3333333333333333,-0.14106666666666665,-0.4231999999999999,0.39439038351459654,-0.6987999999999999
COMBINED,15,0.25,-0.25,8,6,0.6666666666666666,0.5822666666666666,3.4936,6.146729522687096,-0.4144000000000001
COMBINED,15,0.25,-0.25,9,40,0.275,-0.3619,-14.475999999999999,0.4457377400680002,-15.956399999999997
COMBINED,15,0.25,-0.25,10,41,0.5365853658536586,0.21340487804878056,8.749600000000003,1.5320975942007837,-4.7828
COMBINED,15,0.25,-0.25,11,35,0.2571428571428571,-0.43268571428571423,-15.143999999999998,0.3210308279980633,-15.940800000000001
COMBINED,15,0.25,-0.25,12,43,0.46511627906976744,-0.08184186046511627,-3.519199999999999,0.8673561693402485,-7.6196
COMBINED,15,0.25,-0.25,13,1,0.0,-0.7243999999999999,-0.7243999999999999,0.0,0.0
COMBINED,15,0.25,-0.25,14,44,0.5227272727272727,0.3362818181818181,14.796399999999998,1.8200904535981912,-3.751999999999999
COMBINED,15,0.25,-0.25,15,5,0.4,0.16760000000000003,0.8380000000000002,1.3256645422042592,-0.9144
COMBINED,15,0.25,-0.25,16,8,0.625,0.2531,2.0248,1.6243216576221016,-3.2432
COMBINED,15,0.25,-0.25,17,5,0.6,0.6596000000000001,3.2980000000000005,2.8132834836155705,-1.0044
COMBINED,15,0.25,-0.25,18,20,0.35,-0.1564,-3.128,0.7062138402584716,-7.8660000000000005
COMBINED,15,0.25,-0.25,19,2,0.5,-1.3094,-2.6188,0.39441309777078903,0.0
COMBINED,15,0.25,-0.25,20,71,0.38028169014084506,-0.1456676056338028,-10.342399999999998,0.7843248473524405,-17.1656
COMBINED,15,0.25,-0.25,21,1,0.0,-1.0444,-1.0444,0.0,0.0
COMBINED,15,0.25,-0.25,22,17,0.23529411764705882,-0.5567529411764705,-9.464799999999999,0.3935619457686196,-7.6827999999999985
COMBINED,15,0.25,-0.5,1,43,0.5813953488372093,0.281646511627907,12.110800000000001,2.149119477759223,-2.1175999999999995
COMBINED,15,0.25,-0.5,2,1,0.0,-1.0344,-1.0344,0.0,0.0
COMBINED,15,0.25,-0.5,3,38,0.3157894736842105,-0.3344,-12.707199999999998,0.48646158322691196,-11.269999999999996
COMBINED,15,0.25,-0.5,4,1,1.0,0.0456,0.0456,inf,0.0
COMBINED,15,0.25,-0.5,5,43,0.4186046511627907,-0.14067906976744185,-6.0492,0.7364183006535948,-9.95
COMBINED,15,0.25,-0.5,6,69,0.5507246376811594,0.09299130434782613,6.416400000000003,1.2342059540669579,-8.5724
COMBINED,15,0.25,-0.5,7,3,0.3333333333333333,-0.14106666666666665,-0.42319999999999997,0.3943903835145965,-0.6988
COMBINED,15,0.25,-0.5,8,6,0.6666666666666666,0.5189333333333334,3.1136,3.9406875708349074,-0.7944
COMBINED,15,0.25,-0.5,9,40,0.3,-0.34914999999999996,-13.966,0.4612547833600791,-16.336399999999998
COMBINED,15,0.25,-0.5,10,41,0.5365853658536586,0.22072195121951224,9.049600000000002,1.560568894174781,-4.3751999999999995
COMBINED,15,0.25,-0.5,11,35,0.2857142857142857,-0.44154285714285707,-15.453999999999997,0.3333045729076791,-16.250799999999995
COMBINED,15,0.25,-0.5,12,43,0.46511627906976744,-0.10881860465116279,-4.6792,0.8310221297740801,-7.7668
COMBINED,15,0.25,-0.5,13,1,0.0,-0.7243999999999999,-0.7243999999999999,0.0,0.0
COMBINED,15,0.25,-0.5,14,44,0.5681818181818182,0.33491818181818184,14.7364,1.8064311356273532,-3.2819999999999983
COMBINED,15,0.25,-0.5,15,5,0.4,0.16760000000000003,0.8380000000000002,1.3256645422042592,-0.9144
COMBINED,15,0.25,-0.5,16,8,0.625,0.2531,2.0248,1.6243216576221016,-3.2432
COMBINED,15,0.25,-0.5,17,5,0.6,0.6596000000000001,3.2980000000000005,2.8132834836155705,-1.0044
COMBINED,15,0.25,-0.5,18,20,0.35,-0.2859,-5.718,0.5680355362161182,-10.456
COMBINED,15,0.25,-0.5,19,2,0.5,-1.3094,-2.6188,0.39441309777078903,0.0
COMBINED,15,0.25,-0.5,20,71,0.39436619718309857,-0.16975211267605628,-12.052399999999995,0.7602905376378302,-17.1656
COMBINED,15,0.25,-0.5,21,1,0.0,-1.0444,-1.0444,0.0,0.0
COMBINED,15,0.25,-0.5,22,17,0.23529411764705882,-0.5702823529411765,-9.694799999999999,0.38784633647361905,-7.912799999999999
COMBINED,15,0.25,-0.75,1,43,0.5813953488372093,0.2628093023255814,11.3008,1.9957353822295845,-2.597599999999998
COMBINED,15,0.25,-0.75,2,1,0.0,-1.0344,-1.0344,0.0,0.0
COMBINED,15,0.25,-0.75,3,38,0.34210526315789475,-0.3070315789473684,-11.6672,0.5093692178301094,-10.549999999999997
COMBINED,15,0.25,-0.75,4,1,1.0,0.0456,0.0456,inf,0.0
COMBINED,15,0.25,-0.75,5,43,0.4186046511627907,-0.12765581395348835,-5.489199999999999,0.7548369807949977,-9.6124
COMBINED,15,0.25,-0.75,6,69,0.5507246376811594,0.10052753623188408,6.936400000000002,1.2580851602149101,-8.1324
COMBINED,15,0.25,-0.75,7,3,0.3333333333333333,-0.14106666666666665,-0.42319999999999997,0.3943903835145965,-0.6988
COMBINED,15,0.25,-0.75,8,6,0.6666666666666666,0.5189333333333334,3.1136,3.9406875708349074,-0.7944
COMBINED,15,0.25,-0.75,9,40,0.3,-0.36515,-14.606,0.45014154921093846,-16.976399999999998
COMBINED,15,0.25,-0.75,10,41,0.5365853658536586,0.21340487804878056,8.749600000000003,1.5320975942007833,-4.2552
COMBINED,15,0.25,-0.75,11,35,0.2857142857142857,-0.4886857142857143,-17.104,0.31115585984695937,-17.900799999999993
COMBINED,15,0.25,-0.75,12,43,0.46511627906976744,-0.11533023255813951,-4.959199999999999,0.8227033520192198,-7.7668
COMBINED,15,0.25,-0.75,13,1,0.0,-1.0444,-1.0444,0.0,0.0
COMBINED,15,0.25,-0.75,14,44,0.5681818181818182,0.3119636363636364,13.726400000000002,1.7118172955257316,-3.6019999999999985
COMBINED,15,0.25,-0.75,15,5,0.4,0.1156,0.578,1.204009600451786,-0.9144
COMBINED,15,0.25,-0.75,16,8,0.625,0.2531,2.0248,1.6243216576221016,-3.2432
COMBINED,15,0.25,-0.75,17,5,0.6,0.6596000000000001,3.2980000000000005,2.8132834836155705,-1.0044
COMBINED,15,0.25,-0.75,18,20,0.35,-0.32039999999999996,-6.4079999999999995,0.5398931587110115,-11.146
COMBINED,15,0.25,-0.75,19,2,0.5,-1.3094,-2.6188,0.39441309777078903,0.0
COMBINED,15,0.25,-0.75,20,71,0.39436619718309857,-0.21101971830985913,-14.982399999999998,0.7184246333340849,-18.5456
COMBINED,15,0.25,-0.75,21,1,0.0,-1.0444,-1.0444,0.0,0.0
COMBINED,15,0.25,-0.75,22,17,0.23529411764705882,-0.5938117647058823,-10.0948,0.37829182371344805,-8.3128
COMBINED,15,0.5,0.0,1,43,0.4883720930232558,0.2558325581395349,11.000800000000002,2.011400411885848,-2.1132
COMBINED,15,0.5,0.0,2,1,0.0,-1.0344,-1.0344,0.0,0.0
COMBINED,15,0.5,0.0,3,38,0.3157894736842105,-0.27992631578947363,-10.637199999999998,0.5308718202025192,-9.2
COMBINED,15,0.5,0.0,4,1,0.0,-0.23439999999999997,-0.23439999999999997,0.0,0.0
COMBINED,15,0.5,0.0,5,43,0.3953488372093023,-0.1341674418604651,-5.769199999999999,0.7442095555634377,-10.1492
COMBINED,15,0.5,0.0,6,69,0.4927536231884058,0.09617971014492756,6.636400000000002,1.2511504692703606,-9.132399999999999
COMBINED,15,0.5,0.0,7,3,0.3333333333333333,-0.14106666666666665,-0.4231999999999999,0.39439038351459654,-0.6987999999999999
COMBINED,15,0.5,0.0,8,6,0.6666666666666666,0.5822666666666666,3.4936,6.146729522687096,-0.4144000000000001
COMBINED,15,0.5,0.0,9,40,0.275,-0.36039999999999994,-14.415999999999999,0.4467640918580376,-15.896399999999998
COMBINED,15,0.5,0.0,10,41,0.5121951219512195,0.2316975609756098,9.499600000000003,1.6102004110996921,-4.7828
COMBINED,15,0.5,0.0,11,35,0.22857142857142856,-0.43011428571428567,-15.053999999999998,0.30590904061082225,-15.850800000000001
COMBINED,15,0.5,0.0,12,43,0.4418604651162791,-0.09230697674418602,-3.969199999999999,0.851260604970471,-8.0696
COMBINED,15,0.5,0.0,13,1,0.0,-0.7243999999999999,-0.7243999999999999,0.0,0.0
COMBINED,15,0.5,0.0,14,44,0.5227272727272727,0.32037272727272725,14.0964,1.8252002060600383,-3.2819999999999983
COMBINED,15,0.5,0.0,15,5,0.4,0.16760000000000003,0.8380000000000002,1.3256645422042592,-0.9144
COMBINED,15,0.5,0.0,16,8,0.625,0.2531,2.0248,1.6243216576221016,-3.2432
COMBINED,15,0.5,0.0,17,5,0.6,0.6596000000000001,3.2980000000000005,2.8132834836155705,-1.0044
COMBINED,15,0.5,0.0,18,20,0.35,-0.1564,-3.128,0.7062138402584716,-7.8660000000000005
COMBINED,15,0.5,0.0,19,2,0.5,-1.3094,-2.6188,0.39441309777078903,0.0
COMBINED,15,0.5,0.0,20,71,0.36619718309859156,-0.1434140845070422,-10.182399999999998,0.7845815350765845,-17.165599999999998
COMBINED,15,0.5,0.0,21,1,0.0,-1.0444,-1.0444,0.0,0.0
COMBINED,15,0.5,0.0,22,17,0.23529411764705882,-0.5567529411764705,-9.464799999999999,0.3935619457686196,-7.6827999999999985
COMBINED,15,0.5,-0.25,1,43,0.5348837209302325,0.26164651162790703,11.250800000000002,2.041933691424338,-2.1132
COMBINED,15,0.5,-0.25,2,1,0.0,-1.0344,-1.0344,0.0,0.0
COMBINED,15,0.5,-0.25,3,38,0.3157894736842105,-0.32018947368421047,-12.167199999999998,0.4973145378526219,-10.729999999999997
COMBINED,15,0.5,-0.25,4,1,1.0,0.0456,0.0456,inf,0.0
COMBINED,15,0.5,-0.25,5,43,0.3953488372093023,-0.1397488372093023,-6.009199999999999,0.7363738462078405,-10.1492
COMBINED,15,0.5,-0.25,6,69,0.5072463768115942,0.08052753623188409,5.556400000000003,1.2012488409828468,-8.792399999999999
COMBINED,15,0.5,-0.25,7,3,0.3333333333333333,-0.14106666666666665,-0.4231999999999999,0.39439038351459654,-0.6987999999999999
COMBINED,15,0.5,-0.25,8,6,0.6666666666666666,0.5822666666666666,3.4936,6.146729522687096,-0.4144000000000001
COMBINED,15,0.5,-0.25,9,40,0.275,-0.36039999999999994,-14.415999999999999,0.4467640918580376,-15.896399999999998
COMBINED,15,0.5,-0.25,10,41,0.5365853658536586,0.216819512195122,8.889600000000002,1.545253808974705,-4.7828
COMBINED,15,0.5,-0.25,11,35,0.2571428571428571,-0.43268571428571423,-15.143999999999998,0.3210308279980633,-15.940800000000001
COMBINED,15,0.5,-0.25,12,43,0.46511627906976744,-0.08184186046511627,-3.519199999999999,0.8673561693402485,-7.6196
COMBINED,15,0.5,-0.25,13,1,0.0,-0.7243999999999999,-0.7243999999999999,0.0,0.0
COMBINED,15,0.5,-0.25,14,44,0.5454545454545454,0.3469636363636363,15.266399999999997,1.8665228743330682,-3.2819999999999983
COMBINED,15,0.5,-0.25,15,5,0.4,0.16760000000000003,0.8380000000000002,1.3256645422042592,-0.9144
COMBINED,15,0.5,-0.25,16,8,0.625,0.2531,2.0248,1.6243216576221016,-3.2432
COMBINED,15,0.5,-0.25,17,5,0.6,0.6596000000000001,3.2980000000000005,2.8132834836155705,-1.0044
COMBINED,15,0.5,-0.25,18,20,0.35,-0.1564,-3.128,0.7062138402584716,-7.8660000000000005
COMBINED,15,0.5,-0.25,19,2,0.5,-1.3094,-2.6188,0.39441309777078903,0.0
COMBINED,15,0.5,-0.25,20,71,0.38028169014084506,-0.14693521126760561,-10.432399999999998,0.7828555728546569,-17.1656
COMBINED,15,0.5,-0.25,21,1,0.0,-1.0444,-1.0444,0.0,0.0
COMBINED,15,0.5,-0.25,22,17,0.23529411764705882,-0.5567529411764705,-9.464799999999999,0.3935619457686196,-7.6827999999999985
COMBINED,15,0.5,-0.5,1,43,0.5813953488372093,0.281646511627907,12.110800000000001,2.149119477759223,-2.1175999999999995
COMBINED,15,0.5,-0.5,2,1,0.0,-1.0344,-1.0344,0.0,0.0
COMBINED,15,0.5,-0.5,3,38,0.3157894736842105,-0.3344,-12.707199999999998,0.48646158322691196,-11.269999999999996
COMBINED,15,0.5,-0.5,4,1,1.0,0.0456,0.0456,inf,0.0
COMBINED,15,0.5,-0.5,5,43,0.4186046511627907,-0.14067906976744185,-6.0492,0.7364183006535948,-9.95
COMBINED,15,0.5,-0.5,6,69,0.5507246376811594,0.09299130434782613,6.416400000000003,1.2342059540669579,-8.5724
COMBINED,15,0.5,-0.5,7,3,0.3333333333333333,-0.14106666666666665,-0.42319999999999997,0.3943903835145965,-0.6988
COMBINED,15,0.5,-0.5,8,6,0.6666666666666666,0.5189333333333334,3.1136,3.9406875708349074,-0.7944
COMBINED,15,0.5,-0.5,9,40,0.3,-0.34914999999999996,-13.966,0.4612547833600791,-16.336399999999998
COMBINED,15,0.5,-0.5,10,41,0.5365853658536586,0.22072195121951224,9.049600000000002,1.560568894174781,-4.3751999999999995
COMBINED,15,0.5,-0.5,11,35,0.2857142857142857,-0.44154285714285707,-15.453999999999997,0.3333045729076791,-16.250799999999995
COMBINED,15,0.5,-0.5,12,43,0.46511627906976744,-0.10881860465116279,-4.6792,0.8310221297740801,-7.7668
COMBINED,15,0.5,-0.5,13,1,0.0,-0.7243999999999999,-0.7243999999999999,0.0,0.0
COMBINED,15,0.5,-0.5,14,44,0.5681818181818182,0.33491818181818184,14.7364,1.8064311356273532,-3.2819999999999983
COMBINED,15,0.5,-0.5,15,5,0.4,0.16760000000000003,0.8380000000000002,1.3256645422042592,-0.9144
COMBINED,15,0.5,-0.5,16,8,0.625,0.2531,2.0248,1.6243216576221016,-3.2432
COMBINED,15,0.5,-0.5,17,5,0.6,0.6596000000000001,3.2980000000000005,2.8132834836155705,-1.0044
COMBINED,15,0.5,-0.5,18,20,0.35,-0.2859,-5.718,0.5680355362161182,-10.456
COMBINED,15,0.5,-0.5,19,2,0.5,-1.3094,-2.6188,0.39441309777078903,0.0
COMBINED,15,0.5,-0.5,20,71,0.39436619718309857,-0.16975211267605628,-12.052399999999995,0.7602905376378302,-17.1656
COMBINED,15,0.5,-0.5,21,1,0.0,-1.0444,-1.0444,0.0,0.0
COMBINED,15,0.5,-0.5,22,17,0.23529411764705882,-0.5702823529411765,-9.694799999999999,0.38784633647361905,-7.912799999999999
COMBINED,15,0.5,-0.75,1,43,0.5813953488372093,0.2628093023255814,11.3008,1.9957353822295845,-2.597599999999998
COMBINED,15,0.5,-0.75,2,1,0.0,-1.0344,-1.0344,0.0,0.0
COMBINED,15,0.5,-0.75,3,38,0.34210526315789475,-0.3070315789473684,-11.6672,0.5093692178301094,-10.549999999999997
COMBINED,15,0.5,-0.75,4,1,1.0,0.0456,0.0456,inf,0.0
COMBINED,15,0.5,-0.75,5,43,0.4186046511627907,-0.12765581395348835,-5.489199999999999,0.7548369807949977,-9.6124
COMBINED,15,0.5,-0.75,6,69,0.5507246376811594,0.10052753623188408,6.936400000000002,1.2580851602149101,-8.1324
COMBINED,15,0.5,-0.75,7,3,0.3333333333333333,-0.14106666666666665,-0.42319999999999997,0.3943903835145965,-0.6988
COMBINED,15,0.5,-0.75,8,6,0.6666666666666666,0.5189333333333334,3.1136,3.9406875708349074,-0.7944
COMBINED,15,0.5,-0.75,9,40,0.3,-0.36515,-14.606,0.45014154921093846,-16.976399999999998
COMBINED,15,0.5,-0.75,10,41,0.5365853658536586,0.21340487804878056,8.749600000000003,1.5320975942007833,-4.2552
COMBINED,15,0.5,-0.75,11,35,0.2857142857142857,-0.4886857142857143,-17.104,0.31115585984695937,-17.900799999999993
COMBINED,15,0.5,-0.75,12,43,0.46511627906976744,-0.11533023255813951,-4.959199999999999,0.8227033520192198,-7.7668
COMBINED,15,0.5,-0.75,13,1,0.0,-1.0444,-1.0444,0.0,0.0
COMBINED,15,0.5,-0.75,14,44,0.5681818181818182,0.3119636363636364,13.726400000000002,1.7118172955257316,-3.6019999999999985
COMBINED,15,0.5,-0.75,15,5,0.4,0.1156,0.578,1.204009600451786,-0.9144
COMBINED,15,0.5,-0.75,16,8,0.625,0.2531,2.0248,1.6243216576221016,-3.2432
COMBINED,15,0.5,-0.75,17,5,0.6,0.6596000000000001,3.2980000000000005,2.8132834836155705,-1.0044
COMBINED,15,0.5,-0.75,18,20,0.35,-0.32039999999999996,-6.4079999999999995,0.5398931587110115,-11.146
COMBINED,15,0.5,-0.75,19,2,0.5,-1.3094,-2.6188,0.39441309777078903,0.0
COMBINED,15,0.5,-0.75,20,71,0.39436619718309857,-0.21101971830985913,-14.982399999999998,0.7184246333340849,-18.5456
COMBINED,15,0.5,-0.75,21,1,0.0,-1.0444,-1.0444,0.0,0.0
COMBINED,15,0.5,-0.75,22,17,0.23529411764705882,-0.5938117647058823,-10.0948,0.37829182371344805,-8.3128
COMBINED,15,0.75,0.0,1,43,0.5348837209302325,0.27350697674418606,11.7608,2.102437195350581,-2.243199999999999
COMBINED,15,0.75,0.0,2,1,0.0,-1.0344,-1.0344,0.0,0.0
COMBINED,15,0.75,0.0,3,38,0.3157894736842105,-0.26808421052631576,-10.187199999999999,0.5416209211497275,-9.07
COMBINED,15,0.75,0.0,4,1,0.0,-0.23439999999999997,-0.23439999999999997,0.0,0.0
COMBINED,15,0.75,0.0,5,43,0.4186046511627907,-0.11323720930232554,-4.869199999999998,0.7763344051446945,-9.4192
COMBINED,15,0.75,0.0,6,69,0.4927536231884058,0.0858898550724638,5.926400000000002,1.2184123240215232,-8.322399999999998
COMBINED,15,0.75,0.0,7,3,0.3333333333333333,-0.10439999999999998,-0.3131999999999999,0.4680706521739131,-0.5888
COMBINED,15,0.75,0.0,8,6,0.6666666666666666,0.5822666666666666,3.4936,6.146729522687096,-0.4144000000000001
COMBINED,15,0.75,0.0,9,40,0.275,-0.3599,-14.396,0.4471072602697638,-16.1164
COMBINED,15,0.75,0.0,10,41,0.5365853658536586,0.24828292682926836,10.179600000000002,1.6780252571002297,-4.3751999999999995
COMBINED,15,0.75,0.0,11,35,0.2857142857142857,-0.42325714285714283,-14.814,0.3427684117125112,-15.6108
COMBINED,15,0.75,0.0,12,43,0.46511627906976744,-0.08184186046511627,-3.519199999999999,0.8673561693402485,-7.6196
COMBINED,15,0.75,0.0,13,1,0.0,-0.7243999999999999,-0.7243999999999999,0.0,0.0
COMBINED,15,0.75,0.0,14,44,0.5454545454545454,0.35378181818181814,15.566399999999998,1.8988566809100356,-3.2819999999999983
COMBINED,15,0.75,0.0,15,5,0.4,0.16760000000000003,0.8380000000000002,1.3256645422042592,-0.9144
COMBINED,15,0.75,0.0,16,8,0.625,0.2531,2.0248,1.6243216576221016,-3.2432
COMBINED,15,0.75,0.0,17,5,0.6,0.6596000000000001,3.2980000000000005,2.8132834836155705,-1.0044
COMBINED,15,0.75,0.0,18,20,0.35,-0.1564,-3.128,0.7062138402584716,-7.8660000000000005
COMBINED,15,0.75,0.0,19,2,0.5,-1.3094,-2.6188,0.39441309777078903,0.0
COMBINED,15,0.75,0.0,20,71,0.38028169014084506,-0.14116056338028166,-10.022399999999998,0.7895939001041281,-17.165599999999998
COMBINED,15,0.75,0.0,21,1,0.0,-1.0444,-1.0444,0.0,0.0
COMBINED,15,0.75,0.0,22,17,0.23529411764705882,-0.5349882352941177,-9.0948,0.40311868322263933,-7.312799999999999
COMBINED,15,0.75,-0.25,1,43,0.5581395348837209,0.281646511627907,12.110800000000001,2.1552138578350952,-2.243199999999999
COMBINED,15,0.75,-0.25,2,1,0.0,-1.0344,-1.0344,0.0,0.0
COMBINED,15,0.75,-0.25,3,38,0.3157894736842105,-0.30834736842105265,-11.7172,0.5067355942478026,-10.599999999999998
COMBINED,15,0.75,-0.25,4,1,1.0,0.0456,0.0456,inf,0.0
COMBINED,15,0.75,-0.25,5,43,0.4186046511627907,-0.11323720930232554,-4.869199999999998,0.7763344051446945,-9.4192
COMBINED,15,0.75,-0.25,6,69,0.5072463768115942,0.09081739130434785,6.266400000000002,1.2329551368793592,-7.982399999999999
COMBINED,15,0.75,-0.25,7,3,0.3333333333333333,-0.10439999999999998,-0.3131999999999999,0.4680706521739131,-0.5888
COMBINED,15,0.75,-0.25,8,6,0.6666666666666666,0.5822666666666666,3.4936,6.146729522687096,-0.4144000000000001
COMBINED,15,0.75,-0.25,9,40,0.275,-0.3599,-14.396,0.4471072602697638,-16.1164
COMBINED,15,0.75,-0.25,10,41,0.5365853658536586,0.22828292682926835,9.359600000000002,1.5911226758286179,-4.3751999999999995
COMBINED,15,0.75,-0.25,11,35,0.2857142857142857,-0.42325714285714283,-14.814,0.3427684117125112,-15.6108
COMBINED,15,0.75,-0.25,12,43,0.46511627906976744,-0.08184186046511627,-3.519199999999999,0.8673561693402485,-7.6196
COMBINED,15,0.75,-0.25,13,1,0.0,-0.7243999999999999,-0.7243999999999999,0.0,0.0
COMBINED,15,0.75,-0.25,14,44,0.5454545454545454,0.33537272727272727,14.7564,1.8140114739629303,-3.2819999999999983
COMBINED,15,0.75,-0.25,15,5,0.4,0.16760000000000003,0.8380000000000002,1.3256645422042592,-0.9144
COMBINED,15,0.75,-0.25,16,8,0.625,0.2531,2.0248,1.6243216576221016,-3.2432
COMBINED,15,0.75,-0.25,17,5,0.6,0.6596000000000001,3.2980000000000005,2.8132834836155705,-1.0044
COMBINED,15,0.75,-0.25,18,20,0.35,-0.1564,-3.128,0.7062138402584716,-7.8660000000000005
COMBINED,15,0.75,-0.25,19,2,0.5,-1.3094,-2.6188,0.39441309777078903,0.0
COMBINED,15,0.75,-0.25,20,71,0.38028169014084506,-0.1531323943661971,-10.872399999999995,0.7757509755876212,-17.1656
COMBINED,15,0.75,-0.25,21,1,0.0,-1.0444,-1.0444,0.0,0.0
COMBINED,15,0.75,-0.25,22,17,0.23529411764705882,-0.5349882352941177,-9.0948,0.40311868322263933,-7.312799999999999
COMBINED,15,0.75,-0.5,1,43,0.5813953488372093,0.27862325581395353,11.980800000000002,2.1229333033404565,-2.243199999999999
COMBINED,15,0.75,-0.5,2,1,0.0,-1.0344,-1.0344,0.0,0.0
COMBINED,15,0.75,-0.5,3,38,0.3157894736842105,-0.32597894736842103,-12.3872,0.4928350338186404,-11.27
COMBINED,15,0.75,-0.5,4,1,1.0,0.0456,0.0456,inf,0.0
COMBINED,15,0.75,-0.5,5,43,0.4186046511627907,-0.1255627906976744,-5.3991999999999996,0.7578834080717489,-9.522399999999998
COMBINED,15,0.75,-0.5,6,69,0.5507246376811594,0.09994782608695657,6.896400000000003,1.256215541454281,-8.092399999999998
COMBINED,15,0.75,-0.5,7,3,0.3333333333333333,-0.14106666666666665,-0.42319999999999997,0.3943903835145965,-0.6988
COMBINED,15,0.75,-0.5,8,6,0.6666666666666666,0.5189333333333334,3.1136,3.9406875708349074,-0.7944
COMBINED,15,0.75,-0.5,9,40,0.3,-0.35465,-14.186,0.45737323663514795,-16.556399999999996
COMBINED,15,0.75,-0.5,10,41,0.5365853658536586,0.22072195121951224,9.049600000000002,1.560568894174781,-4.3751999999999995
COMBINED,15,0.75,-0.5,11,35,0.2857142857142857,-0.44154285714285707,-15.453999999999997,0.3333045729076791,-16.250799999999995
COMBINED,15,0.75,-0.5,12,43,0.46511627906976744,-0.10881860465116279,-4.6792,0.8310221297740801,-7.7668
COMBINED,15,0.75,-0.5,13,1,0.0,-0.7243999999999999,-0.7243999999999999,0.0,0.0
COMBINED,15,0.75,-0.5,14,44,0.5681818181818182,0.33491818181818184,14.7364,1.8064311356273532,-3.2819999999999983
COMBINED,15,0.75,-0.5,15,5,0.4,0.16760000000000003,0.8380000000000002,1.3256645422042592,-0.9144
COMBINED,15,0.75,-0.5,16,8,0.625,0.2531,2.0248,1.6243216576221016,-3.2432
COMBINED,15,0.75,-0.5,17,5,0.6,0.6596000000000001,3.2980000000000005,2.8132834836155705,-1.0044
COMBINED,15,0.75,-0.5,18,20,0.35,-0.2859,-5.718,0.5680355362161182,-10.456
COMBINED,15,0.75,-0.5,19,2,0.5,-1.3094,-2.6188,0.39441309777078903,0.0
COMBINED,15,0.75,-0.5,20,71,0.39436619718309857,-0.17594929577464782,-12.492399999999996,0.7536948532311233,-17.165599999999998
COMBINED,15,0.75,-0.5,21,1,0.0,-1.0444,-1.0444,0.0,0.0
COMBINED,15,0.75,-0.5,22,17,0.23529411764705882,-0.5702823529411765,-9.694799999999999,0.38784633647361905,-7.912799999999999
COMBINED,15,0.75,-0.75,1,43,0.5813953488372093,0.2628093023255814,11.3008,1.9957353822295845,-2.597599999999998
COMBINED,15,0.75,-0.75,2,1,0.0,-1.0344,-1.0344,0.0,0.0
COMBINED,15,0.75,-0.75,3,38,0.34210526315789475,-0.3070315789473684,-11.6672,0.5093692178301094,-10.549999999999997
COMBINED,15,0.75,-0.75,4,1,1.0,0.0456,0.0456,inf,0.0
COMBINED,15,0.75,-0.75,5,43,0.4186046511627907,-0.12765581395348835,-5.489199999999999,0.7548369807949977,-9.6124
COMBINED,15,0.75,-0.75,6,69,0.5507246376811594,0.10052753623188408,6.936400000000002,1.2580851602149101,-8.1324
COMBINED,15,0.75,-0.75,7,3,0.3333333333333333,-0.14106666666666665,-0.42319999999999997,0.3943903835145965,-0.6988
COMBINED,15,0.75,-0.75,8,6,0.6666666666666666,0.5189333333333334,3.1136,3.9406875708349074,-0.7944
COMBINED,15,0.75,-0.75,9,40,0.3,-0.36515,-14.606,0.45014154921093846,-16.976399999999998
COMBINED,15,0.75,-0.75,10,41,0.5365853658536586,0.21340487804878056,8.749600000000003,1.5320975942007833,-4.2552
COMBINED,15,0.75,-0.75,11,35,0.2857142857142857,-0.4886857142857143,-17.104,0.31115585984695937,-17.900799999999993
COMBINED,15,0.75,-0.75,12,43,0.46511627906976744,-0.11533023255813951,-4.959199999999999,0.8227033520192198,-7.7668
COMBINED,15,0.75,-0.75,13,1,0.0,-1.0444,-1.0444,0.0,0.0
COMBINED,15,0.75,-0.75,14,44,0.5681818181818182,0.3119636363636364,13.726400000000002,1.7118172955257316,-3.6019999999999985
COMBINED,15,0.75,-0.75,15,5,0.4,0.1156,0.578,1.204009600451786,-0.9144
COMBINED,15,0.75,-0.75,16,8,0.625,0.2531,2.0248,1.6243216576221016,-3.2432
COMBINED,15,0.75,-0.75,17,5,0.6,0.6596000000000001,3.2980000000000005,2.8132834836155705,-1.0044
COMBINED,15,0.75,-0.75,18,20,0.35,-0.32039999999999996,-6.4079999999999995,0.5398931587110115,-11.146
COMBINED,15,0.75,-0.75,19,2,0.5,-1.3094,-2.6188,0.39441309777078903,0.0
COMBINED,15,0.75,-0.75,20,71,0.39436619718309857,-0.21101971830985913,-14.982399999999998,0.7184246333340849,-18.5456
COMBINED,15,0.75,-0.75,21,1,0.0,-1.0444,-1.0444,0.0,0.0
COMBINED,15,0.75,-0.75,22,17,0.23529411764705882,-0.5938117647058823,-10.0948,0.37829182371344805,-8.3128
COMBINED,15,1.0,0.0,1,43,0.5813953488372093,0.2628093023255814,11.3008,1.9957353822295845,-2.597599999999998
COMBINED,15,1.0,0.0,2,1,0.0,-1.0344,-1.0344,0.0,0.0
COMBINED,15,1.0,0.0,3,38,0.34210526315789475,-0.2601894736842105,-9.8872,0.5505818181818183,-8.77
COMBINED,15,1.0,0.0,4,1,1.0,0.0456,0.0456,inf,0.0
COMBINED,15,1.0,0.0,5,43,0.4186046511627907,-0.1153302325581395,-4.959199999999998,0.7731381518755718,-9.511599999999998
COMBINED,15,1.0,0.0,6,69,0.5507246376811594,0.11907826086956522,8.2164,1.3209982653810695,-7.462400000000001
COMBINED,15,1.0,0.0,7,3,0.3333333333333333,-0.14106666666666665,-0.42319999999999997,0.3943903835145965,-0.6988
COMBINED,15,1.0,0.0,8,6,0.6666666666666666,0.5189333333333334,3.1136,3.9406875708349074,-0.7944
COMBINED,15,1.0,0.0,9,40,0.3,-0.3576499999999999,-14.305999999999997,0.4552834384233453,-16.676399999999997
COMBINED,15,1.0,0.0,10,41,0.5365853658536586,0.24364878048780494,9.989600000000003,1.6570549080480939,-4.2552
COMBINED,15,1.0,0.0,11,35,0.2857142857142857,-0.4535428571428571,-15.873999999999999,0.3273728813559323,-16.670799999999996
COMBINED,15,1.0,0.0,12,43,0.4883720930232558,-0.07160930232558137,-3.079199999999999,0.8852620282597032,-6.7652
COMBINED,15,1.0,0.0,13,1,0.0,-0.7243999999999999,-0.7243999999999999,0.0,0.0
COMBINED,15,1.0,0.0,14,44,0.5681818181818182,0.36832727272727267,16.2064,1.9644599966673808,-3.2819999999999983
COMBINED,15,1.0,0.0,15,5,0.4,0.16760000000000003,0.8380000000000002,1.3256645422042592,-0.9144
COMBINED,15,1.0,0.0,16,8,0.625,0.2531,2.0248,1.6243216576221016,-3.2432
COMBINED,15,1.0,0.0,17,5,0.6,0.6596000000000001,3.2980000000000005,2.8132834836155705,-1.0044
COMBINED,15,1.0,0.0,18,20,0.35,-0.20189999999999997,-4.037999999999999,0.6506074135603779,-8.776
COMBINED,15,1.0,0.0,19,2,0.5,-1.3094,-2.6188,0.39441309777078903,0.0
COMBINED,15,1.0,0.0,20,71,0.39436619718309857,-0.13975211267605633,-9.9224,0.7939238865858622,-17.485599999999998
COMBINED,15,1.0,0.0,21,1,0.0,-1.0444,-1.0444,0.0,0.0
COMBINED,15,1.0,0.0,22,17,0.23529411764705882,-0.5349882352941177,-9.0948,0.40311868322263933,-7.312799999999999
COMBINED,15,1.0,-0.25,1,43,0.5813953488372093,0.2628093023255814,11.3008,1.9957353822295845,-2.597599999999998
COMBINED,15,1.0,-0.25,2,1,0.0,-1.0344,-1.0344,0.0,0.0
COMBINED,15,1.0,-0.25,3,38,0.34210526315789475,-0.28045263157894734,-10.6572,0.5319631093544138,-9.54
COMBINED,15,1.0,-0.25,4,1,1.0,0.0456,0.0456,inf,0.0
COMBINED,15,1.0,-0.25,5,43,0.4186046511627907,-0.1153302325581395,-4.959199999999998,0.7731381518755718,-9.511599999999998
COMBINED,15,1.0,-0.25,6,69,0.5507246376811594,0.11907826086956522,8.2164,1.3209982653810695,-7.462400000000001
COMBINED,15,1.0,-0.25,7,3,0.3333333333333333,-0.14106666666666665,-0.42319999999999997,0.3943903835145965,-0.6988
COMBINED,15,1.0,-0.25,8,6,0.6666666666666666,0.5189333333333334,3.1136,3.9406875708349074,-0.7944
COMBINED,15,1.0,-0.25,9,40,0.3,-0.3576499999999999,-14.305999999999997,0.4552834384233453,-16.676399999999997
COMBINED,15,1.0,-0.25,10,41,0.5365853658536586,0.22364878048780495,9.169600000000003,1.5722559225142914,-4.2552
COMBINED,15,1.0,-0.25,11,35,0.2857142857142857,-0.4535428571428571,-15.873999999999999,0.3273728813559323,-16.670799999999996
COMBINED,15,1.0,-0.25,12,43,0.4883720930232558,-0.07160930232558137,-3.079199999999999,0.8852620282597032,-6.7652
COMBINED,15,1.0,-0.25,13,1,0.0,-0.7243999999999999,-0.7243999999999999,0.0,0.0
COMBINED,15,1.0,-0.25,14,44,0.5681818181818182,0.3499181818181818,15.3964,1.8741199981832217,-3.2819999999999983
COMBINED,15,1.0,-0.25,15,5,0.4,0.16760000000000003,0.8380000000000002,1.3256645422042592,-0.9144
COMBINED,15,1.0,-0.25,16,8,0.625,0.2531,2.0248,1.6243216576221016,-3.2432
COMBINED,15,1.0,-0.25,17,5,0.6,0.6596000000000001,3.2980000000000005,2.8132834836155705,-1.0044
COMBINED,15,1.0,-0.25,18,20,0.35,-0.20189999999999997,-4.037999999999999,0.6506074135603779,-8.776
COMBINED,15,1.0,-0.25,19,2,0.5,-1.3094,-2.6188,0.39441309777078903,0.0
COMBINED,15,1.0,-0.25,20,71,0.39436619718309857,-0.15172394366197178,-10.772399999999998,0.780151512677758,-17.485599999999998
COMBINED,15,1.0,-0.25,21,1,0.0,-1.0444,-1.0444,0.0,0.0
COMBINED,15,1.0,-0.25,22,17,0.23529411764705882,-0.5349882352941177,-9.0948,0.40311868322263933,-7.312799999999999
COMBINED,15,1.0,-0.5,1,43,0.5813953488372093,0.2628093023255814,11.3008,1.9957353822295845,-2.597599999999998
COMBINED,15,1.0,-0.5,2,1,0.0,-1.0344,-1.0344,0.0,0.0
COMBINED,15,1.0,-0.5,3,38,0.34210526315789475,-0.2980842105263158,-11.3272,0.5167576791808874,-10.209999999999997
COMBINED,15,1.0,-0.5,4,1,1.0,0.0456,0.0456,inf,0.0
COMBINED,15,1.0,-0.5,5,43,0.4186046511627907,-0.12765581395348835,-5.489199999999999,0.7548369807949977,-9.6124
COMBINED,15,1.0,-0.5,6,69,0.5507246376811594,0.10052753623188408,6.936400000000002,1.2580851602149101,-8.1324
COMBINED,15,1.0,-0.5,7,3,0.3333333333333333,-0.14106666666666665,-0.42319999999999997,0.3943903835145965,-0.6988
COMBINED,15,1.0,-0.5,8,6,0.6666666666666666,0.5189333333333334,3.1136,3.9406875708349074,-0.7944
COMBINED,15,1.0,-0.5,9,40,0.3,-0.37089999999999995,-14.835999999999999,0.4462774136721258,-17.2064
COMBINED,15,1.0,-0.5,10,41,0.5365853658536586,0.22364878048780495,9.169600000000003,1.5722559225142914,-4.2552
COMBINED,15,1.0,-0.5,11,35,0.2857142857142857,-0.4535428571428571,-15.873999999999999,0.3273728813559323,-16.670799999999996
COMBINED,15,1.0,-0.5,12,43,0.4883720930232558,-0.07160930232558137,-3.079199999999999,0.8852620282597032,-6.7652
COMBINED,15,1.0,-0.5,13,1,0.0,-0.7243999999999999,-0.7243999999999999,0.0,0.0
COMBINED,15,1.0,-0.5,14,44,0.5681818181818182,0.33491818181818184,14.7364,1.8064311356273532,-3.2819999999999983
COMBINED,15,1.0,-0.5,15,5,0.4,0.16760000000000003,0.8380000000000002,1.3256645422042592,-0.9144
COMBINED,15,1.0,-0.5,16,8,0.625,0.2531,2.0248,1.6243216576221016,-3.2432
COMBINED,15,1.0,-0.5,17,5,0.6,0.6596000000000001,3.2980000000000005,2.8132834836155705,-1.0044
COMBINED,15,1.0,-0.5,18,20,0.35,-0.2994,-5.9879999999999995,0.556680881307747,-10.726
COMBINED,15,1.0,-0.5,19,2,0.5,-1.3094,-2.6188,0.39441309777078903,0.0
COMBINED,15,1.0,-0.5,20,71,0.39436619718309857,-0.18045633802816896,-12.812399999999997,0.7489694195833789,-17.485599999999998
COMBINED,15,1.0,-0.5,21,1,0.0,-1.0444,-1.0444,0.0,0.0
COMBINED,15,1.0,-0.5,22,17,0.23529411764705882,-0.5702823529411765,-9.694799999999999,0.38784633647361905,-7.912799999999999
COMBINED,15,1.0,-0.75,1,43,0.5813953488372093,0.2628093023255814,11.3008,1.9957353822295845,-2.597599999999998
COMBINED,15,1.0,-0.75,2,1,0.0,-1.0344,-1.0344,0.0,0.0
COMBINED,15,1.0,-0.75,3,38,0.34210526315789475,-0.3070315789473684,-11.6672,0.5093692178301094,-10.549999999999997
COMBINED,15,1.0,-0.75,4,1,1.0,0.0456,0.0456,inf,0.0
COMBINED,15,1.0,-0.75,5,43,0.4186046511627907,-0.12765581395348835,-5.489199999999999,0.7548369807949977,-9.6124
COMBINED,15,1.0,-0.75,6,69,0.5507246376811594,0.10052753623188408,6.936400000000002,1.2580851602149101,-8.1324
COMBINED,15,1.0,-0.75,7,3,0.3333333333333333,-0.14106666666666665,-0.42319999999999997,0.3943903835145965,-0.6988
COMBINED,15,1.0,-0.75,8,6,0.6666666666666666,0.5189333333333334,3.1136,3.9406875708349074,-0.7944
COMBINED,15,1.0,-0.75,9,40,0.3,-0.37089999999999995,-14.835999999999999,0.4462774136721258,-17.2064
COMBINED,15,1.0,-0.75,10,41,0.5365853658536586,0.21340487804878056,8.749600000000003,1.5320975942007833,-4.2552
COMBINED,15,1.0,-0.75,11,35,0.2857142857142857,-0.4921142857142856,-17.223999999999997,0.3096593186372746,-18.020799999999994
COMBINED,15,1.0,-0.75,12,43,0.4883720930232558,-0.07812093023255814,-3.3592,0.8761210762331839,-6.7652
COMBINED,15,1.0,-0.75,13,1,0.0,-1.0444,-1.0444,0.0,0.0
COMBINED,15,1.0,-0.75,14,44,0.5681818181818182,0.3119636363636364,13.726400000000002,1.7118172955257316,-3.6019999999999985
COMBINED,15,1.0,-0.75,15,5,0.4,0.1156,0.578,1.204009600451786,-0.9144
COMBINED,15,1.0,-0.75,16,8,0.625,0.2531,2.0248,1.6243216576221016,-3.2432
COMBINED,15,1.0,-0.75,17,5,0.6,0.6596000000000001,3.2980000000000005,2.8132834836155705,-1.0044
COMBINED,15,1.0,-0.75,18,20,0.35,-0.32039999999999996,-6.4079999999999995,0.5398931587110115,-11.146
COMBINED,15,1.0,-0.75,19,2,0.5,-1.3094,-2.6188,0.39441309777078903,0.0
COMBINED,15,1.0,-0.75,20,71,0.39436619718309857,-0.21101971830985913,-14.982399999999998,0.7184246333340849,-18.5456
COMBINED,15,1.0,-0.75,21,1,0.0,-1.0444,-1.0444,0.0,0.0
COMBINED,15,1.0,-0.75,22,17,0.23529411764705882,-0.5938117647058823,-10.0948,0.37829182371344805,-8.3128
