entry_timestamp,exit_timestamp,session_id,quality,vol_percentile,stop_points,rr,horizon,raw_points,net_points,net_R,exit_reason,holding_bars,window,validation_start,validation_end,trade_index,entry_price,path_length,max_MAE_R,max_MFE_R,final_close_R,time_to_max_MFE,time_to_max_MAE,outcome,exit_reason_path,net_R_path,window_path,mae_1R,mfe_1R,close_1R,mae_2R,mfe_2R,close_2R,mae_3R,mfe_3R,close_3R,mae_4R,mfe_4R,close_4R,mae_5R,mfe_5R,close_5R,mae_6R,mfe_6R,close_6R,mae_7R,mfe_7R,close_7R,mae_8R,mfe_8R,close_8R,mae_9R,mfe_9R,close_9R,mae_10R,mfe_10R,close_10R,mae_11R,mfe_11R,close_11R,mae_12R,mfe_12R,close_12R,mae_13R,mfe_13R,close_13R,mae_14R,mfe_14R,close_14R,mae_15R,mfe_15R,close_15R,mae_16R,mfe_16R,close_16R,mae_17R,mfe_17R,close_17R,mae_18R,mfe_18R,close_18R,mae_19R,mfe_19R,close_19R,mae_20R,mfe_20R,close_20R,mae_1,mfe_1,close_1,mae_2,mfe_2,close_2,mae_3,mfe_3,close_3,mae_4,mfe_4,close_4,mae_5,mfe_5,close_5,mae_6,mfe_6,close_6,mae_7,mfe_7,close_7,mae_8,mfe_8,close_8,mae_change_1_8,mae_change_2_8,mae_change_3_8,mae_change_5_8,mfe_change_1_8,mfe_change_2_8,mfe_change_3_8,mfe_change_5_8,close_change_1_8,close_change_2_8,close_change_3_8,close_change_5_8,mfe_minus_mae_8,mfe_to_mae_8,mae_speed_1_8,mae_speed_3_8,mae_speed_5_8,mfe_speed_1_8,mfe_speed_3_8,mfe_speed_5_8,mae_path_std_8,mfe_path_std_8,close_path_std_8,final_profitable,early_adverse,recovery_group
2021-05-07 14:01:00-04:00,2021-05-07 14:08:00-04:00,2021-05-06,0.7770225312476939,0.5199507511802969,25.0,1.75,20,-25.0,-26.11,-1.0444,stop,7,1,2021-05-06 09:30:00-04:00,2021-08-06 09:30:00-04:00,4,13670.75,21,1.35,0.06,-1.04,1,11,LOSS,stop,-1.0444,1,0.42,0.06,-0.32,0.96,0.06,-0.76,0.96,0.06,-0.54,0.96,0.06,-0.72,0.96,0.06,-0.79,0.96,0.06,-0.79,1.09,0.06,-1.04,1.24,0.06,-1.19,1.3,0.06,-1.01,1.3,0.06,-1.24,1.35,0.06,-1.19,1.35,0.06,-1.05,1.35,0.06,-0.84,1.35,0.06,-0.92,1.35,0.06,-0.89,1.35,0.06,-0.86,1.35,0.06,-1.18,1.35,0.06,-1.1,1.35,0.06,-1.24,1.35,0.06,-1.04,0.42,0.06,-0.32,0.96,0.06,-0.76,0.96,0.06,-0.54,0.96,0.06,-0.72,0.96,0.06,-0.79,0.96,0.06,-0.79,1.09,0.06,-1.04,1.24,0.06,-1.19,0.8200000000000001,0.28,0.28,0.28,0.0,0.0,0.0,0.0,-0.8699999999999999,-0.42999999999999994,-0.6499999999999999,-0.3999999999999999,-1.18,0.04838709677419355,0.155,0.05600000000000001,0.09333333333333334,0.0075,0.0,0.0,0.23445605741192282,0.0,0.26941404672256525,False,True,FAILURE
2021-05-10 13:55:00-04:00,2021-05-10 14:15:00-04:00,2021-05-09,1.0,0.4279803910030373,25.0,1.75,20,43.75,42.64,1.7056,target,20,1,2021-05-06 09:30:00-04:00,2021-08-06 09:30:00-04:00,5,13463.5,21,0.84,2.2,2.03,20,3,WIN,target,1.7056,1,0.23,0.04,0.03,0.63,0.07,-0.43,0.84,0.07,-0.69,0.84,0.07,-0.36,0.84,0.1,0.03,0.84,0.42,0.39,0.84,0.43,0.36,0.84,0.94,0.31,0.84,0.94,0.44,0.84,0.94,0.17,0.84,0.94,0.21,0.84,0.94,0.73,0.84,0.94,0.43,0.84,0.94,0.65,0.84,1.14,0.75,0.84,1.14,0.88,0.84,1.22,1.2,0.84,1.22,1.09,0.84,1.63,1.27,0.84,2.2,2.03,0.23,0.04,0.03,0.63,0.07,-0.43,0.84,0.07,-0.69,0.84,0.07,-0.36,0.84,0.1,0.03,0.84,0.42,0.39,0.84,0.43,0.36,0.84,0.94,0.31,0.61,0.20999999999999996,0.0,0.0,0.8999999999999999,0.8699999999999999,0.8699999999999999,0.84,0.28,0.74,1.0,0.28,0.09999999999999998,1.119047619047619,0.105,0.0,0.0,0.1175,0.174,0.27999999999999997,0.21783020910791964,0.3159452936370924,0.4060260371665133,True,True,RECOVERY
2021-05-17 13:31:00-04:00,2021-05-17 13:51:00-04:00,2021-05-16,0.8767274041889735,0.4062756032754086,25.0,1.75,20,5.25,4.140000000000001,0.1656,timeout,20,1,2021-05-06 09:30:00-04:00,2021-08-06 09:30:00-04:00,6,13207.25,21,0.88,0.99,0.21,10,5,WIN,timeout,0.1656,1,0.15,0.1,0.08,0.15,0.37,0.23,0.26,0.37,-0.25,0.54,0.37,-0.47,0.88,0.37,-0.75,0.88,0.37,-0.41,0.88,0.37,-0.26,0.88,0.37,-0.16,0.88,0.6,0.59,0.88,0.99,0.66,0.88,0.99,0.66,0.88,0.99,0.68,0.88,0.99,0.48,0.88,0.99,0.16,0.88,0.99,-0.14,0.88,0.99,0.22,0.88,0.99,0.1,0.88,0.99,-0.08,0.88,0.99,0.04,0.88,0.99,0.21,0.15,0.1,0.08,0.15,0.37,0.23,0.26,0.37,-0.25,0.54,0.37,-0.47,0.88,0.37,-0.75,0.88,0.37,-0.41,0.88,0.37,-0.26,0.88,0.37,-0.16,0.73,0.73,0.62,0.0,0.27,0.0,0.0,0.0,-0.24,-0.39,0.09,0.59,-0.51,0.42045454545454547,0.11,0.124,0.0,0.04625,0.0,0.0,0.34511902708651526,0.09545941546018391,0.30972049611591046,True,True,RECOVERY
2021-07-08 14:32:00-04:00,2021-07-08 14:52:00-04:00,2021-07-07,0.8874261971043897,0.4113000692561527,25.0,1.75,20,2.5,1.39,0.0556,timeout,20,1,2021-05-06 09:30:00-04:00,2021-08-06 09:30:00-04:00,27,14697.75,21,0.84,0.46,0.1,18,11,WIN,timeout,0.0556,1,0.36,0.0,-0.32,0.68,0.0,-0.65,0.68,0.0,-0.56,0.75,0.0,-0.69,0.75,0.0,-0.52,0.75,0.0,-0.42,0.75,0.0,-0.43,0.75,0.0,-0.47,0.75,0.0,-0.59,0.75,0.0,-0.71,0.84,0.0,-0.66,0.84,0.0,-0.6,0.84,0.0,-0.57,0.84,0.0,-0.34,0.84,0.0,-0.32,0.84,0.17,0.15,0.84,0.33,0.33,0.84,0.46,0.4,0.84,0.46,0.17,0.84,0.46,0.1,0.36,0.0,-0.32,0.68,0.0,-0.65,0.68,0.0,-0.56,0.75,0.0,-0.69,0.75,0.0,-0.52,0.75,0.0,-0.42,0.75,0.0,-0.43,0.75,0.0,-0.47,0.39,0.06999999999999995,0.06999999999999995,0.0,0.0,0.0,0.0,0.0,-0.14999999999999997,0.18000000000000005,0.09000000000000008,0.050000000000000044,-0.75,0.0,0.09375,0.01399999999999999,0.0,0.0,0.0,0.0,0.1345826883369477,0.0,0.12349089035228468,True,True,RECOVERY
2021-07-16 10:11:00-04:00,2021-07-16 10:31:00-04:00,2021-07-15,1.0,0.5717480162412468,25.0,1.75,20,6.5,5.390000000000001,0.2156,timeout,20,1,2021-05-06 09:30:00-04:00,2021-08-06 09:30:00-04:00,33,14778.25,21,0.77,1.58,0.26,19,7,WIN,timeout,0.2156,1,0.11,0.24,0.12,0.5,0.24,-0.24,0.56,0.24,-0.32,0.56,0.24,-0.13,0.56,0.24,-0.11,0.56,0.24,-0.44,0.77,0.24,-0.63,0.77,0.24,-0.44,0.77,0.24,0.0,0.77,0.46,0.43,0.77,1.18,0.88,0.77,1.18,0.83,0.77,1.35,1.06,0.77,1.52,1.51,0.77,1.56,0.69,0.77,1.56,0.58,0.77,1.56,0.85,0.77,1.56,1.42,0.77,1.58,0.56,0.77,1.58,0.26,0.11,0.24,0.12,0.5,0.24,-0.24,0.56,0.24,-0.32,0.56,0.24,-0.13,0.56,0.24,-0.11,0.56,0.24,-0.44,0.77,0.24,-0.63,0.77,0.24,-0.44,0.66,0.27,0.20999999999999996,0.20999999999999996,0.0,0.0,0.0,0.0,-0.56,-0.2,-0.12,-0.33,-0.53,0.3116883116883117,0.09625,0.041999999999999996,0.06999999999999999,0.03,0.0,0.0,0.20469053296553383,0.0,0.23542893984021107,True,True,RECOVERY
2021-07-16 11:14:00-04:00,2021-07-16 11:34:00-04:00,2021-07-15,1.0,0.5880662143138435,25.0,1.75,20,-12.5,-13.61,-0.5444,timeout,20,1,2021-05-06 09:30:00-04:00,2021-08-06 09:30:00-04:00,34,14717.75,21,0.8,0.36,-0.5,16,8,LOSS,timeout,-0.5444,1,0.27,0.02,-0.06,0.27,0.14,0.06,0.27,0.19,0.13,0.69,0.19,-0.68,0.71,0.19,-0.46,0.71,0.19,-0.61,0.77,0.19,-0.74,0.8,0.19,-0.64,0.8,0.19,-0.31,0.8,0.19,-0.2,0.8,0.19,-0.28,0.8,0.19,-0.29,0.8,0.19,-0.37,0.8,0.19,-0.35,0.8,0.3,0.29,0.8,0.36,0.06,0.8,0.36,-0.07,0.8,0.36,0.24,0.8,0.36,-0.16,0.8,0.36,-0.5,0.27,0.02,-0.06,0.27,0.14,0.06,0.27,0.19,0.13,0.69,0.19,-0.68,0.71,0.19,-0.46,0.71,0.19,-0.61,0.77,0.19,-0.74,0.8,0.19,-0.64,0.53,0.53,0.53,0.09000000000000008,0.17,0.04999999999999999,0.0,0.0,-0.5800000000000001,-0.7,-0.77,-0.18,-0.6100000000000001,0.2375,0.1,0.10600000000000001,0.030000000000000027,0.02375,0.0,0.0,0.24374679485072206,0.06017830648521585,0.3590463559406859,False,True,FAILURE
2021-07-30 10:33:00-04:00,2021-07-30 10:41:00-04:00,2021-07-29,1.0,0.4926647323227065,25.0,1.75,20,-25.0,-26.11,-1.0444,stop,8,1,2021-05-06 09:30:00-04:00,2021-08-06 09:30:00-04:00,41,14923.0,21,1.36,0.11,-0.73,1,12,LOSS,stop,-1.0444,1,0.18,0.11,-0.18,0.45,0.11,-0.44,0.9,0.11,-0.72,0.9,0.11,-0.38,0.9,0.11,-0.19,0.9,0.11,-0.44,0.9,0.11,-0.75,1.07,0.11,-0.95,1.18,0.11,-1.04,1.28,0.11,-0.99,1.28,0.11,-1.13,1.36,0.11,-1.12,1.36,0.11,-1.11,1.36,0.11,-0.99,1.36,0.11,-0.82,1.36,0.11,-0.34,1.36,0.11,-0.6,1.36,0.11,-0.75,1.36,0.11,-0.64,1.36,0.11,-0.73,0.18,0.11,-0.18,0.45,0.11,-0.44,0.9,0.11,-0.72,0.9,0.11,-0.38,0.9,0.11,-0.19,0.9,0.11,-0.44,0.9,0.11,-0.75,1.07,0.11,-0.95,0.8900000000000001,0.6200000000000001,0.17000000000000004,0.17000000000000004,0.0,0.0,0.0,0.0,-0.77,-0.51,-0.22999999999999998,-0.76,-0.9600000000000001,0.102803738317757,0.13375,0.03400000000000001,0.05666666666666668,0.01375,0.0,0.0,0.29875933936388144,0.0,0.275988483196569,False,True,FAILURE
2021-08-02 12:07:00-04:00,2021-08-02 12:23:00-04:00,2021-08-01,1.0,0.4605760482348734,25.0,1.75,20,-25.0,-26.11,-1.0444,stop,16,1,2021-05-06 09:30:00-04:00,2021-08-06 09:30:00-04:00,42,14969.0,21,1.12,0.31,-0.71,3,17,LOSS,stop,-1.0444,1,0.04,0.19,0.08,0.04,0.25,0.22,0.16,0.31,-0.06,0.25,0.31,-0.13,0.42,0.31,-0.4,0.57,0.31,-0.42,0.61,0.31,-0.55,0.75,0.31,-0.59,0.75,0.31,-0.64,0.8,0.31,-0.72,0.87,0.31,-0.71,0.87,0.31,-0.84,0.87,0.31,-0.69,0.87,0.31,-0.72,0.87,0.31,-0.52,1.03,0.31,-1.03,1.12,0.31,-0.87,1.12,0.31,-0.81,1.12,0.31,-0.68,1.12,0.31,-0.71,0.04,0.19,0.08,0.04,0.25,0.22,0.16,0.31,-0.06,0.25,0.31,-0.13,0.42,0.31,-0.4,0.57,0.31,-0.42,0.61,0.31,-0.55,0.75,0.31,-0.59,0.71,0.71,0.59,0.33,0.12,0.06,0.0,0.0,-0.6699999999999999,-0.8099999999999999,-0.53,-0.18999999999999995,-0.44,0.41333333333333333,0.09375,0.118,0.11,0.03875,0.0,0.0,0.2722918602214491,0.04464142854857069,0.3010665564764234,False,True,FAILURE
2021-09-22 09:36:00-04:00,2021-09-22 09:51:00-04:00,2021-09-21,0.750463411585552,0.4675149525038114,25.0,1.75,20,-25.0,-26.11,-1.0444,stop,15,2,2021-08-06 09:30:00-04:00,2021-11-06 09:30:00-04:00,43,15023.75,21,1.95,0.36,-1.7,7,20,LOSS,stop,-1.0444,2,0.55,0.05,-0.32,0.81,0.05,-0.29,0.81,0.05,-0.19,0.81,0.05,-0.41,0.81,0.05,-0.37,0.81,0.05,-0.43,0.81,0.36,0.2,0.81,0.36,0.08,0.81,0.36,-0.2,0.81,0.36,-0.21,0.81,0.36,-0.37,0.81,0.36,-0.5,0.81,0.36,-0.32,0.81,0.36,-0.6,1.17,0.36,-0.99,1.17,0.36,-0.85,1.22,0.36,-1.03,1.22,0.36,-1.03,1.41,0.36,-1.36,1.95,0.36,-1.7,0.55,0.05,-0.32,0.81,0.05,-0.29,0.81,0.05,-0.19,0.81,0.05,-0.41,0.81,0.05,-0.37,0.81,0.05,-0.43,0.81,0.36,0.2,0.81,0.36,0.08,0.26,0.0,0.0,0.0,0.31,0.31,0.31,0.31,0.4,0.37,0.27,0.45,-0.45000000000000007,0.4444444444444444,0.10125,0.0,0.0,0.045,0.062,0.10333333333333333,0.09192388155425119,0.14350211546474545,0.23445605741192282,False,True,FAILURE
2021-11-08 10:42:00-05:00,2021-11-08 10:46:00-05:00,2021-11-07,0.7595911694432955,0.5843040225601049,25.0,1.75,20,-25.0,-26.11,-1.0444,stop,4,3,2021-11-06 09:30:00-04:00,2022-02-06 09:30:00-05:00,44,16304.75,21,1.74,-0.01,-1.35,1,17,LOSS,stop,-1.0444,3,0.44,-0.01,-0.34,0.53,-0.01,-0.45,0.78,-0.01,-0.77,1.24,-0.01,-1.14,1.54,-0.01,-1.21,1.54,-0.01,-1.18,1.57,-0.01,-1.48,1.57,-0.01,-1.27,1.57,-0.01,-1.41,1.57,-0.01,-1.36,1.57,-0.01,-1.51,1.57,-0.01,-1.44,1.57,-0.01,-1.39,1.68,-0.01,-1.35,1.68,-0.01,-1.46,1.68,-0.01,-1.64,1.74,-0.01,-1.29,1.74,-0.01,-1.27,1.74,-0.01,-1.09,1.74,-0.01,-1.35,0.44,-0.01,-0.34,0.53,-0.01,-0.45,0.78,-0.01,-0.77,1.24,-0.01,-1.14,1.54,-0.01,-1.21,1.54,-0.01,-1.18,1.57,-0.01,-1.48,1.57,-0.01,-1.27,1.1300000000000001,1.04,0.79,0.030000000000000027,0.0,0.0,0.0,0.0,-0.9299999999999999,-0.8200000000000001,-0.5,-0.06000000000000005,-1.58,-0.006369426751592356,0.19625,0.158,0.010000000000000009,-0.00125,0.0,0.0,0.49142467814072416,0.0,0.41182520563948,False,True,FAILURE
2021-11-10 11:42:00-05:00,2021-11-10 11:52:00-05:00,2021-11-09,1.0,0.4550055232740891,25.0,1.75,20,-25.0,-26.11,-1.0444,stop,10,3,2021-11-06 09:30:00-04:00,2022-02-06 09:30:00-05:00,47,16124.75,21,1.53,0.43,-1.25,1,14,LOSS,stop,-1.0444,3,0.02,0.43,0.22,0.02,0.43,0.31,0.23,0.43,-0.2,0.61,0.43,-0.59,0.61,0.43,-0.58,0.7,0.43,-0.66,0.87,0.43,-0.79,0.98,0.43,-0.68,0.98,0.43,-0.87,1.17,0.43,-1.04,1.25,0.43,-1.21,1.27,0.43,-1.06,1.38,0.43,-1.32,1.53,0.43,-1.3,1.53,0.43,-1.08,1.53,0.43,-1.05,1.53,0.43,-1.18,1.53,0.43,-1.16,1.53,0.43,-1.35,1.53,0.43,-1.25,0.02,0.43,0.22,0.02,0.43,0.31,0.23,0.43,-0.2,0.61,0.43,-0.59,0.61,0.43,-0.58,0.7,0.43,-0.66,0.87,0.43,-0.79,0.98,0.43,-0.68,0.96,0.96,0.75,0.37,0.0,0.0,0.0,0.0,-0.9,-0.99,-0.48000000000000004,-0.10000000000000009,-0.55,0.4387755102040816,0.1225,0.15,0.12333333333333334,0.05375,0.0,0.0,0.371291183381915,0.0,0.429033381984599,False,True,FAILURE
2021-11-15 10:32:00-05:00,2021-11-15 10:52:00-05:00,2021-11-14,0.910427316723056,0.4821503947120263,25.0,1.75,20,-19.75,-20.86,-0.8344,timeout,20,3,2021-11-06 09:30:00-04:00,2022-02-06 09:30:00-05:00,49,16162.25,21,0.84,0.65,-0.79,8,3,LOSS,timeout,-0.8344,3,0.32,0.02,-0.2,0.43,0.02,-0.33,0.84,0.02,-0.75,0.84,0.02,-0.36,0.84,0.02,-0.41,0.84,0.02,-0.23,0.84,0.17,0.09,0.84,0.65,0.52,0.84,0.65,0.02,0.84,0.65,0.13,0.84,0.65,-0.17,0.84,0.65,-0.07,0.84,0.65,-0.23,0.84,0.65,-0.11,0.84,0.65,0.11,0.84,0.65,-0.21,0.84,0.65,-0.42,0.84,0.65,-0.51,0.84,0.65,-0.55,0.84,0.65,-0.79,0.32,0.02,-0.2,0.43,0.02,-0.33,0.84,0.02,-0.75,0.84,0.02,-0.36,0.84,0.02,-0.41,0.84,0.02,-0.23,0.84,0.17,0.09,0.84,0.65,0.52,0.52,0.41,0.0,0.0,0.63,0.63,0.63,0.63,0.72,0.8500000000000001,1.27,0.9299999999999999,-0.18999999999999995,0.7738095238095238,0.105,0.0,0.0,0.08125,0.126,0.21,0.21725150007701738,0.22147234590350098,0.37642823258320346,False,True,FAILURE
2021-11-17 16:07:00-05:00,2021-11-17 16:20:00-05:00,2021-11-16,0.995829352596056,0.4244928017818172,25.0,1.75,20,-25.0,-26.11,-1.0444,stop,13,3,2021-11-06 09:30:00-04:00,2022-02-06 09:30:00-05:00,52,16285.25,21,1.18,0.05,-0.93,1,14,LOSS,stop,-1.0444,3,0.1,0.05,-0.02,0.22,0.05,-0.18,0.35,0.05,-0.28,0.35,0.05,-0.22,0.43,0.05,-0.41,0.74,0.05,-0.72,0.76,0.05,-0.66,0.76,0.05,-0.48,0.76,0.05,-0.46,0.76,0.05,-0.48,0.76,0.05,-0.64,0.76,0.05,-0.63,1.1,0.05,-1.07,1.18,0.05,-1.05,1.18,0.05,-0.91,1.18,0.05,-0.99,1.18,0.05,-0.87,1.18,0.05,-0.93,1.18,0.05,-1.03,1.18,0.05,-0.93,0.1,0.05,-0.02,0.22,0.05,-0.18,0.35,0.05,-0.28,0.35,0.05,-0.22,0.43,0.05,-0.41,0.74,0.05,-0.72,0.76,0.05,-0.66,0.76,0.05,-0.48,0.66,0.54,0.41000000000000003,0.33,0.0,0.0,0.0,0.0,-0.45999999999999996,-0.3,-0.19999999999999996,-0.07,-0.71,0.06578947368421052,0.095,0.082,0.11,0.00625,0.0,0.0,0.25928128685712304,0.0,0.2418640409108272,False,True,FAILURE
2021-11-18 12:57:00-05:00,2021-11-18 13:10:00-05:00,2021-11-17,1.0,0.5484700979819842,25.0,1.75,20,-25.0,-26.11,-1.0444,stop,13,3,2021-11-06 09:30:00-04:00,2022-02-06 09:30:00-05:00,53,16429.0,21,1.27,0.08,-0.74,1,15,LOSS,stop,-1.0444,3,0.15,0.08,-0.08,0.49,0.08,-0.37,0.49,0.08,-0.13,0.49,0.08,-0.2,0.49,0.08,-0.3,0.49,0.08,-0.38,0.72,0.08,-0.72,0.94,0.08,-0.9,0.99,0.08,-0.91,0.99,0.08,-0.86,0.99,0.08,-0.85,0.99,0.08,-0.67,1.12,0.08,-1.11,1.16,0.08,-1.14,1.27,0.08,-1.21,1.27,0.08,-1.19,1.27,0.08,-1.2,1.27,0.08,-0.94,1.27,0.08,-1.09,1.27,0.08,-0.74,0.15,0.08,-0.08,0.49,0.08,-0.37,0.49,0.08,-0.13,0.49,0.08,-0.2,0.49,0.08,-0.3,0.49,0.08,-0.38,0.72,0.08,-0.72,0.94,0.08,-0.9,0.7899999999999999,0.44999999999999996,0.44999999999999996,0.44999999999999996,0.0,0.0,0.0,0.0,-0.8200000000000001,-0.53,-0.77,-0.6000000000000001,-0.86,0.08510638297872342,0.1175,0.09,0.15,0.01,0.0,0.0,0.22568941996849182,0.0,0.2871535179257654,False,True,FAILURE
2021-12-09 14:56:00-05:00,2021-12-09 15:01:00-05:00,2021-12-08,1.0,0.5015761538254286,25.0,1.75,20,-25.0,-26.11,-1.0444,stop,5,3,2021-11-06 09:30:00-04:00,2022-02-06 09:30:00-05:00,62,16193.0,21,1.7,1.67,0.78,17,7,LOSS,stop,-1.0444,3,0.38,0.01,-0.34,0.51,0.01,-0.42,0.71,0.01,-0.46,0.89,0.01,-0.77,1.29,0.01,-1.28,1.58,0.01,-1.5,1.7,0.01,-1.37,1.7,0.01,-0.88,1.7,0.01,-0.64,1.7,0.01,-0.11,1.7,0.4,0.17,1.7,0.45,0.41,1.7,1.03,1.0,1.7,1.14,0.48,1.7,1.14,0.83,1.7,1.41,1.38,1.7,1.67,1.41,1.7,1.67,1.18,1.7,1.67,1.39,1.7,1.67,0.78,0.38,0.01,-0.34,0.51,0.01,-0.42,0.71,0.01,-0.46,0.89,0.01,-0.77,1.29,0.01,-1.28,1.58,0.01,-1.5,1.7,0.01,-1.37,1.7,0.01,-0.88,1.3199999999999998,1.19,0.99,0.4099999999999999,0.0,0.0,0.0,0.0,-0.54,-0.46,-0.42,0.4,-1.69,0.0058823529411764705,0.2125,0.198,0.13666666666666663,0.00125,0.0,0.0,0.5410307622624482,0.0,0.4592151689878846,False,True,FAILURE
2021-12-13 15:27:00-05:00,2021-12-13 15:36:00-05:00,2021-12-12,0.85354604543926,0.4233836564972563,25.0,1.75,20,-25.0,-26.11,-1.0444,stop,9,3,2021-11-06 09:30:00-04:00,2022-02-06 09:30:00-05:00,64,16157.25,21,1.37,0.49,0.24,20,9,LOSS,stop,-1.0444,3,0.18,0.21,0.03,0.18,0.28,0.23,0.23,0.32,-0.14,0.25,0.32,-0.23,0.4,0.32,-0.36,0.57,0.32,-0.52,0.57,0.32,-0.4,0.89,0.32,-0.81,1.37,0.32,-1.2,1.37,0.32,-0.86,1.37,0.32,-0.75,1.37,0.32,-0.45,1.37,0.32,-0.09,1.37,0.32,-0.14,1.37,0.32,-0.23,1.37,0.32,-0.36,1.37,0.32,0.17,1.37,0.32,0.06,1.37,0.32,0.16,1.37,0.49,0.24,0.18,0.21,0.03,0.18,0.28,0.23,0.23,0.32,-0.14,0.25,0.32,-0.23,0.4,0.32,-0.36,0.57,0.32,-0.52,0.57,0.32,-0.4,0.89,0.32,-0.81,0.71,0.71,0.66,0.49,0.11000000000000001,0.03999999999999998,0.0,0.0,-0.8400000000000001,-1.04,-0.67,-0.45000000000000007,-0.5700000000000001,0.3595505617977528,0.11125,0.132,0.16333333333333333,0.04,0.0,0.0,0.2522718205201909,0.039438016467073275,0.3245656438116289,False,True,FAILURE
2021-12-16 09:31:00-05:00,2021-12-16 09:35:00-05:00,2021-12-15,0.8033300298750413,0.544244568780479,25.0,1.75,20,-25.0,-26.11,-1.0444,stop,4,3,2021-11-06 09:30:00-04:00,2022-02-06 09:30:00-05:00,68,16294.5,21,1.9,3.28,2.11,12,4,LOSS,stop,-1.0444,3,0.83,0.45,-0.7,0.99,0.45,0.28,0.99,0.45,-0.64,1.9,0.45,-0.66,1.9,0.54,0.38,1.9,1.36,0.98,1.9,1.36,1.0,1.9,1.36,1.16,1.9,2.13,1.99,1.9,3.18,2.83,1.9,3.18,2.9,1.9,3.28,2.71,1.9,3.28,2.46,1.9,3.28,1.23,1.9,3.28,1.59,1.9,3.28,1.59,1.9,3.28,1.25,1.9,3.28,0.63,1.9,3.28,2.35,1.9,3.28,2.11,0.83,0.45,-0.7,0.99,0.45,0.28,0.99,0.45,-0.64,1.9,0.45,-0.66,1.9,0.54,0.38,1.9,1.36,0.98,1.9,1.36,1.0,1.9,1.36,1.16,1.0699999999999998,0.9099999999999999,0.9099999999999999,0.0,0.9100000000000001,0.9100000000000001,0.9100000000000001,0.8200000000000001,1.8599999999999999,0.8799999999999999,1.7999999999999998,0.7799999999999999,-0.5399999999999998,0.7157894736842106,0.2375,0.182,0.0,0.17,0.18200000000000002,0.2733333333333334,0.5010114769144515,0.46265537930515843,0.7981227975693965,False,True,FAILURE
2021-12-16 14:24:00-05:00,2021-12-16 14:26:00-05:00,2021-12-15,1.0,0.5484700979819842,25.0,1.75,20,-25.0,-26.11,-1.0444,stop,2,3,2021-11-06 09:30:00-04:00,2022-02-06 09:30:00-05:00,69,15831.25,21,2.6,0.06,-1.2,1,17,LOSS,stop,-1.0444,3,0.75,0.06,-0.55,1.25,0.06,-0.93,1.25,0.06,-0.78,1.25,0.06,-1.07,1.25,0.06,-0.83,1.26,0.06,-1.16,1.45,0.06,-1.02,1.45,0.06,-0.58,1.45,0.06,-0.38,1.45,0.06,-0.32,1.45,0.06,-0.27,1.45,0.06,-1.24,2.11,0.06,-1.72,2.11,0.06,-1.87,2.11,0.06,-1.96,2.34,0.06,-2.14,2.6,0.06,-1.98,2.6,0.06,-1.51,2.6,0.06,-1.52,2.6,0.06,-1.2,0.75,0.06,-0.55,1.25,0.06,-0.93,1.25,0.06,-0.78,1.25,0.06,-1.07,1.25,0.06,-0.83,1.26,0.06,-1.16,1.45,0.06,-1.02,1.45,0.06,-0.58,0.7,0.19999999999999996,0.19999999999999996,0.19999999999999996,0.0,0.0,0.0,0.0,-0.029999999999999916,0.3500000000000001,0.20000000000000007,0.25,-1.39,0.041379310344827586,0.18125,0.039999999999999994,0.06666666666666665,0.0075,0.0,0.0,0.21682366107046527,0.0,0.22238961949053032,False,True,FAILURE
2021-12-31 10:51:00-05:00,2021-12-31 10:53:00-05:00,2021-12-30,0.976894721631538,0.5351648450339929,25.0,1.75,20,-25.0,-26.11,-1.0444,stop,2,3,2021-11-06 09:30:00-04:00,2022-02-06 09:30:00-05:00,73,16359.75,21,1.36,0.15,-0.46,17,6,LOSS,stop,-1.0444,3,0.35,0.07,-0.3,1.0,0.07,-0.96,1.14,0.07,-1.05,1.26,0.07,-1.1,1.33,0.07,-1.27,1.36,0.07,-1.13,1.36,0.07,-1.01,1.36,0.07,-1.12,1.36,0.07,-0.92,1.36,0.07,-0.68,1.36,0.07,-0.59,1.36,0.07,-0.67,1.36,0.07,-0.74,1.36,0.07,-0.42,1.36,0.07,-0.33,1.36,0.1,0.01,1.36,0.15,-0.21,1.36,0.15,-0.31,1.36,0.15,-0.13,1.36,0.15,-0.46,0.35,0.07,-0.3,1.0,0.07,-0.96,1.14,0.07,-1.05,1.26,0.07,-1.1,1.33,0.07,-1.27,1.36,0.07,-1.13,1.36,0.07,-1.01,1.36,0.07,-1.12,1.0100000000000002,0.3600000000000001,0.2200000000000002,0.030000000000000027,0.0,0.0,0.0,0.0,-0.8200000000000001,-0.16000000000000014,-0.07000000000000006,0.1499999999999999,-1.29,0.05147058823529412,0.17,0.04400000000000004,0.010000000000000009,0.00875,0.0,0.0,0.3462451649997647,0.0,0.29470324056582753,False,True,FAILURE
2022-01-03 11:37:00-05:00,2022-01-03 11:44:00-05:00,2022-01-02,0.8914123526397322,0.4443182124350004,25.0,1.75,20,-25.0,-26.11,-1.0444,stop,7,3,2021-11-06 09:30:00-04:00,2022-02-06 09:30:00-05:00,74,16384.25,21,1.92,0.42,-0.34,1,11,LOSS,stop,-1.0444,3,-0.01,0.42,0.25,-0.01,0.42,0.38,0.06,0.42,0.0,0.68,0.42,-0.53,0.86,0.42,-0.7,0.96,0.42,-0.91,1.02,0.42,-0.83,1.02,0.42,-0.86,1.09,0.42,-0.91,1.67,0.42,-1.61,1.92,0.42,-1.6,1.92,0.42,-1.41,1.92,0.42,-0.74,1.92,0.42,-0.62,1.92,0.42,-0.66,1.92,0.42,-0.67,1.92,0.42,-0.65,1.92,0.42,-0.72,1.92,0.42,-0.58,1.92,0.42,-0.34,-0.01,0.42,0.25,-0.01,0.42,0.38,0.06,0.42,0.0,0.68,0.42,-0.53,0.86,0.42,-0.7,0.96,0.42,-0.91,1.02,0.42,-0.83,1.02,0.42,-0.86,1.03,1.03,0.96,0.16000000000000003,0.0,0.0,0.0,0.0,-1.1099999999999999,-1.24,-0.86,-0.16000000000000003,-0.6000000000000001,0.4117647058823529,0.1275,0.192,0.053333333333333344,0.0525,0.0,0.0,0.4760177067534958,0.0,0.5283937925449163,False,True,FAILURE
2022-01-05 12:09:00-05:00,2022-01-05 12:29:00-05:00,2022-01-04,0.7648963149635788,0.4350813223526453,25.0,1.75,20,-9.5,-10.61,-0.4244,timeout,20,3,2021-11-06 09:30:00-04:00,2022-02-06 09:30:00-05:00,76,16121.25,21,0.98,0.17,-0.38,4,13,LOSS,timeout,-0.4244,3,0.2,0.1,0.03,0.2,0.15,-0.13,0.42,0.15,-0.28,0.42,0.17,-0.04,0.42,0.17,-0.28,0.42,0.17,-0.33,0.5,0.17,-0.39,0.91,0.17,-0.47,0.91,0.17,-0.58,0.91,0.17,-0.48,0.91,0.17,-0.31,0.91,0.17,-0.52,0.98,0.17,-0.72,0.98,0.17,-0.69,0.98,0.17,-0.64,0.98,0.17,-0.6,0.98,0.17,-0.56,0.98,0.17,-0.58,0.98,0.17,-0.48,0.98,0.17,-0.38,0.2,0.1,0.03,0.2,0.15,-0.13,0.42,0.15,-0.28,0.42,0.17,-0.04,0.42,0.17,-0.28,0.42,0.17,-0.33,0.5,0.17,-0.39,0.91,0.17,-0.47,0.71,0.71,0.49000000000000005,0.49000000000000005,0.07,0.020000000000000018,0.020000000000000018,0.0,-0.5,-0.33999999999999997,-0.18999999999999995,-0.18999999999999995,-0.74,0.18681318681318682,0.11375,0.098,0.16333333333333336,0.02125,0.0040000000000000036,0.0,0.22077380149956974,0.024458419526091336,0.17385852212153913,False,True,FAILURE
2022-01-07 13:50:00-05:00,2022-01-07 14:10:00-05:00,2022-01-06,0.950854238239974,0.5051101511491104,25.0,1.75,20,-8.75,-9.86,-0.3944,timeout,20,3,2021-11-06 09:30:00-04:00,2022-02-06 09:30:00-05:00,79,15593.25,21,0.84,0.85,-0.35,15,7,LOSS,timeout,-0.3944,3,0.47,0.1,-0.35,0.58,0.1,-0.42,0.73,0.1,-0.65,0.73,0.1,-0.37,0.73,0.1,-0.38,0.75,0.1,-0.62,0.84,0.1,-0.62,0.84,0.1,-0.6,0.84,0.1,-0.46,0.84,0.1,-0.52,0.84,0.1,-0.31,0.84,0.1,-0.02,0.84,0.1,-0.1,0.84,0.11,-0.19,0.84,0.85,0.63,0.84,0.85,0.29,0.84,0.85,-0.05,0.84,0.85,0.02,0.84,0.85,-0.1,0.84,0.85,-0.35,0.47,0.1,-0.35,0.58,0.1,-0.42,0.73,0.1,-0.65,0.73,0.1,-0.37,0.73,0.1,-0.38,0.75,0.1,-0.62,0.84,0.1,-0.62,0.84,0.1,-0.6,0.37,0.26,0.10999999999999999,0.10999999999999999,0.0,0.0,0.0,0.0,-0.25,-0.18,0.050000000000000044,-0.21999999999999997,-0.74,0.11904761904761905,0.105,0.022,0.03666666666666666,0.0125,0.0,0.0,0.12597477071677032,0.0,0.13173973258989538,False,True,FAILURE
2022-01-12 14:03:00-05:00,2022-01-12 14:09:00-05:00,2022-01-11,1.0,0.5616585987947588,25.0,1.75,20,-25.0,-26.11,-1.0444,stop,6,3,2021-11-06 09:30:00-04:00,2022-02-06 09:30:00-05:00,80,15861.25,21,2.07,0.07,-1.93,1,20,LOSS,stop,-1.0444,3,0.53,0.07,-0.18,0.7,0.07,-0.27,0.71,0.07,-0.42,0.71,0.07,-0.52,0.74,0.07,-0.49,1.01,0.07,-0.47,1.01,0.07,-0.57,1.01,0.07,-0.64,1.33,0.07,-1.12,1.33,0.07,-0.88,1.33,0.07,-1.19,1.42,0.07,-1.25,1.42,0.07,-1.12,1.42,0.07,-1.08,1.42,0.07,-1.3,1.42,0.07,-1.19,1.59,0.07,-1.52,1.67,0.07,-1.62,2.05,0.07,-1.96,2.07,0.07,-1.93,0.53,0.07,-0.18,0.7,0.07,-0.27,0.71,0.07,-0.42,0.71,0.07,-0.52,0.74,0.07,-0.49,1.01,0.07,-0.47,1.01,0.07,-0.57,1.01,0.07,-0.64,0.48,0.31000000000000005,0.30000000000000004,0.27,0.0,0.0,0.0,0.0,-0.46,-0.37,-0.22000000000000003,-0.15000000000000002,-0.94,0.06930693069306931,0.12625,0.06000000000000001,0.09000000000000001,0.00875,0.0,0.0,0.18320558319627084,0.0,0.1527836939691443,False,True,FAILURE
2022-04-22 12:02:00-04:00,2022-04-22 12:22:00-04:00,2022-04-21,0.7824780337618399,0.5035072199585389,25.0,1.75,20,2.25,1.14,0.0456,timeout,20,4,2022-02-06 09:30:00-05:00,2022-05-06 09:30:00-04:00,82,13509.5,21,0.79,0.96,0.09,9,5,WIN,timeout,0.0456,4,0.19,0.09,-0.07,0.35,0.09,-0.32,0.76,0.09,-0.32,0.76,0.09,-0.51,0.79,0.09,-0.46,0.79,0.41,0.38,0.79,0.56,0.44,0.79,0.83,0.65,0.79,0.96,0.93,0.79,0.96,0.38,0.79,0.96,0.17,0.79,0.96,0.14,0.79,0.96,0.25,0.79,0.96,0.23,0.79,0.96,-0.19,0.79,0.96,0.38,0.79,0.96,0.21,0.79,0.96,-0.34,0.79,0.96,-0.22,0.79,0.96,0.09,0.19,0.09,-0.07,0.35,0.09,-0.32,0.76,0.09,-0.32,0.76,0.09,-0.51,0.79,0.09,-0.46,0.79,0.41,0.38,0.79,0.56,0.44,0.79,0.83,0.65,0.6000000000000001,0.44000000000000006,0.030000000000000027,0.0,0.74,0.74,0.74,0.74,0.72,0.97,0.97,1.11,0.039999999999999925,1.050632911392405,0.09875,0.006000000000000005,0.0,0.10375,0.148,0.24666666666666667,0.24028257174775347,0.2874239029725955,0.45298809508166354,True,True,RECOVERY
2022-05-26 09:30:00-04:00,2022-05-26 09:32:00-04:00,2022-05-25,1.0,0.5134271924556838,25.0,1.75,20,-25.0,-26.11,-1.0444,stop,2,5,2022-05-06 09:30:00-04:00,2022-08-06 09:30:00-04:00,83,11912.25,21,6.8,0.02,-6.46,1,19,LOSS,stop,-1.0444,5,0.74,0.02,-0.69,1.52,0.02,-0.99,1.8,0.02,-1.39,2.89,0.02,-2.75,3.86,0.02,-3.67,3.86,0.02,-3.55,4.15,0.02,-4.11,5.75,0.02,-5.17,5.75,0.02,-4.67,5.75,0.02,-4.99,5.75,0.02,-4.57,5.75,0.02,-4.74,5.88,0.02,-5.01,5.88,0.02,-5.18,5.88,0.02,-4.86,5.88,0.02,-4.75,6.22,0.02,-5.76,6.55,0.02,-6.52,6.8,0.02,-6.16,6.8,0.02,-6.46,0.74,0.02,-0.69,1.52,0.02,-0.99,1.8,0.02,-1.39,2.89,0.02,-2.75,3.86,0.02,-3.67,3.86,0.02,-3.55,4.15,0.02,-4.11,5.75,0.02,-5.17,5.01,4.23,3.95,1.8900000000000001,0.0,0.0,0.0,0.0,-4.48,-4.18,-3.7800000000000002,-1.5,-5.73,0.0034782608695652175,0.71875,0.79,0.63,0.0025,0.0,0.0,1.650700608832504,0.0,1.619982363219692,False,True,FAILURE
2022-06-09 13:45:00-04:00,2022-06-09 13:58:00-04:00,2022-06-08,0.938095238095238,0.5816329707969129,25.0,1.75,20,-25.0,-26.11,-1.0444,stop,13,5,2022-05-06 09:30:00-04:00,2022-08-06 09:30:00-04:00,87,12512.5,21,1.32,0.0,-0.08,1,14,LOSS,stop,-1.0444,5,0.37,0.0,-0.21,0.47,0.0,-0.37,0.55,0.0,-0.48,0.55,0.0,-0.44,0.71,0.0,-0.49,0.78,0.0,-0.76,0.78,0.0,-0.48,0.78,0.0,-0.56,0.78,0.0,-0.49,0.78,0.0,-0.52,0.78,0.0,-0.73,0.92,0.0,-0.83,1.04,0.0,-0.84,1.32,0.0,-1.19,1.32,0.0,-0.8,1.32,0.0,-0.94,1.32,0.0,-0.97,1.32,0.0,-0.52,1.32,0.0,-0.42,1.32,0.0,-0.08,0.37,0.0,-0.21,0.47,0.0,-0.37,0.55,0.0,-0.48,0.55,0.0,-0.44,0.71,0.0,-0.49,0.78,0.0,-0.76,0.78,0.0,-0.48,0.78,0.0,-0.56,0.41000000000000003,0.31000000000000005,0.22999999999999998,0.07000000000000006,0.0,0.0,0.0,0.0,-0.3500000000000001,-0.19000000000000006,-0.08000000000000007,-0.07000000000000006,-0.78,0.0,0.0975,0.046,0.023333333333333355,0.0,0.0,0.0,0.16017289765393253,0.0,0.1563820870267984,False,True,FAILURE
2022-06-29 15:01:00-04:00,2022-06-29 15:06:00-04:00,2022-06-28,0.7714911488528294,0.5811836925335291,25.0,1.75,20,-25.0,-26.11,-1.0444,stop,5,5,2022-05-06 09:30:00-04:00,2022-08-06 09:30:00-04:00,98,11655.25,21,1.77,0.43,-1.35,2,17,LOSS,stop,-1.0444,5,0.14,0.2,0.11,0.14,0.43,0.04,0.36,0.43,-0.27,0.46,0.43,-0.26,1.01,0.43,-0.75,1.16,0.43,-0.85,1.22,0.43,-1.19,1.28,0.43,-1.12,1.28,0.43,-0.85,1.28,0.43,-0.58,1.28,0.43,-0.76,1.28,0.43,-0.75,1.28,0.43,-0.74,1.28,0.43,-0.68,1.28,0.43,-1.0,1.65,0.43,-1.6,1.77,0.43,-1.58,1.77,0.43,-0.96,1.77,0.43,-0.97,1.77,0.43,-1.35,0.14,0.2,0.11,0.14,0.43,0.04,0.36,0.43,-0.27,0.46,0.43,-0.26,1.01,0.43,-0.75,1.16,0.43,-0.85,1.22,0.43,-1.19,1.28,0.43,-1.12,1.1400000000000001,1.1400000000000001,0.92,0.27,0.22999999999999998,0.0,0.0,0.0,-1.2300000000000002,-1.1600000000000001,-0.8500000000000001,-0.3700000000000001,-0.8500000000000001,0.3359375,0.16,0.184,0.09000000000000001,0.05375,0.0,0.0,0.49443871496591246,0.08131727983645295,0.5083850481110328,False,True,FAILURE
2022-07-22 14:25:00-04:00,2022-07-22 14:33:00-04:00,2022-07-21,0.9909730264796642,0.5603523053312871,25.0,1.75,20,-25.0,-26.11,-1.0444,stop,8,5,2022-05-06 09:30:00-04:00,2022-08-06 09:30:00-04:00,106,12353.25,21,1.27,0.35,-0.39,7,9,LOSS,stop,-1.0444,5,0.54,0.01,-0.39,0.67,0.01,-0.42,0.71,0.01,-0.65,0.71,0.01,-0.54,0.71,0.01,-0.23,0.71,0.13,-0.02,0.71,0.35,0.03,1.11,0.35,-0.83,1.27,0.35,-0.95,1.27,0.35,-0.83,1.27,0.35,-0.7,1.27,0.35,-0.22,1.27,0.35,-0.48,1.27,0.35,-0.5,1.27,0.35,-0.47,1.27,0.35,-0.1,1.27,0.35,-0.2,1.27,0.35,-0.28,1.27,0.35,-0.09,1.27,0.35,-0.39,0.54,0.01,-0.39,0.67,0.01,-0.42,0.71,0.01,-0.65,0.71,0.01,-0.54,0.71,0.01,-0.23,0.71,0.13,-0.02,0.71,0.35,0.03,1.11,0.35,-0.83,0.5700000000000001,0.44000000000000006,0.40000000000000013,0.40000000000000013,0.33999999999999997,0.33999999999999997,0.33999999999999997,0.33999999999999997,-0.43999999999999995,-0.41,-0.17999999999999994,-0.6,-0.7600000000000001,0.31531531531531526,0.13875,0.08000000000000003,0.1333333333333334,0.04375,0.06799999999999999,0.11333333333333333,0.16300197194249788,0.15380878667079736,0.29830174081193117,False,True,FAILURE
2022-07-28 12:20:00-04:00,2022-07-28 12:24:00-04:00,2022-07-27,0.93528836806556,0.511385422922088,25.0,1.75,20,-25.0,-26.11,-1.0444,stop,4,5,2022-05-06 09:30:00-04:00,2022-08-06 09:30:00-04:00,113,12638.0,21,1.65,0.06,-1.04,1,11,LOSS,stop,-1.0444,5,0.42,0.06,-0.34,0.81,0.06,-0.79,0.9,0.06,-0.88,1.14,0.06,-1.13,1.18,0.06,-0.83,1.18,0.06,-0.78,1.18,0.06,-0.94,1.23,0.06,-1.21,1.41,0.06,-1.25,1.44,0.06,-1.38,1.65,0.06,-1.51,1.65,0.06,-1.18,1.65,0.06,-0.83,1.65,0.06,-1.06,1.65,0.06,-1.07,1.65,0.06,-1.04,1.65,0.06,-1.07,1.65,0.06,-1.0,1.65,0.06,-1.17,1.65,0.06,-1.04,0.42,0.06,-0.34,0.81,0.06,-0.79,0.9,0.06,-0.88,1.14,0.06,-1.13,1.18,0.06,-0.83,1.18,0.06,-0.78,1.18,0.06,-0.94,1.23,0.06,-1.21,0.81,0.41999999999999993,0.32999999999999996,0.050000000000000044,0.0,0.0,0.0,0.0,-0.8699999999999999,-0.41999999999999993,-0.32999999999999996,-0.38,-1.17,0.04878048780487805,0.15375,0.06599999999999999,0.01666666666666668,0.0075,0.0,0.0,0.2808151400069855,0.0,0.2631539473388153,False,True,FAILURE
2022-07-29 09:30:00-04:00,2022-07-29 09:31:00-04:00,2022-07-28,0.7927603907093141,0.4680812259513801,25.0,1.75,20,-25.0,-26.11,-1.0444,stop,1,5,2022-05-06 09:30:00-04:00,2022-08-06 09:30:00-04:00,117,12794.75,21,3.34,2.02,-2.71,7,18,LOSS,stop,-1.0444,5,1.06,0.01,-0.18,1.06,0.63,0.25,1.06,0.63,0.45,1.06,0.89,0.83,1.06,1.65,1.64,1.06,1.78,1.76,1.06,2.02,1.46,1.06,2.02,0.75,1.06,2.02,-0.21,1.22,2.02,-1.14,2.38,2.02,-2.24,2.8,2.02,-2.65,2.8,2.02,-2.21,2.8,2.02,-1.93,3.2,2.02,-2.38,3.2,2.02,-2.41,3.2,2.02,-2.65,3.34,2.02,-2.92,3.34,2.02,-2.61,3.34,2.02,-2.71,1.06,0.01,-0.18,1.06,0.63,0.25,1.06,0.63,0.45,1.06,0.89,0.83,1.06,1.65,1.64,1.06,1.78,1.76,1.06,2.02,1.46,1.06,2.02,0.75,0.0,0.0,0.0,0.0,2.0100000000000002,1.3900000000000001,1.3900000000000001,0.3700000000000001,0.9299999999999999,0.5,0.3,-0.8899999999999999,0.96,1.9056603773584906,0.1325,0.0,0.0,0.2525,0.278,0.12333333333333336,0.0,0.7602243559822136,0.6982017719010131,False,True,FAILURE
2022-08-04 09:30:00-04:00,2022-08-04 09:33:00-04:00,2022-08-03,0.9997392971884982,0.531785325059496,25.0,1.75,20,-25.0,-26.11,-1.0444,stop,3,5,2022-05-06 09:30:00-04:00,2022-08-06 09:30:00-04:00,122,13266.25,21,2.91,0.85,-1.97,1,16,LOSS,stop,-1.0444,5,0.28,0.85,0.55,0.89,0.85,-0.83,1.01,0.85,-0.28,1.01,0.85,-0.68,1.95,0.85,-1.58,1.95,0.85,-1.5,1.95,0.85,-1.1,1.95,0.85,-0.07,1.95,0.85,0.38,1.95,0.85,-0.27,1.95,0.85,-1.24,1.95,0.85,-1.42,2.11,0.85,-1.86,2.49,0.85,-2.36,2.67,0.85,-2.12,2.91,0.85,-2.71,2.91,0.85,-2.47,2.91,0.85,-2.45,2.91,0.85,-1.76,2.91,0.85,-1.97,0.28,0.85,0.55,0.89,0.85,-0.83,1.01,0.85,-0.28,1.01,0.85,-0.68,1.95,0.85,-1.58,1.95,0.85,-1.5,1.95,0.85,-1.1,1.95,0.85,-0.07,1.67,1.06,0.94,0.0,0.0,0.0,0.0,0.0,-0.6200000000000001,0.76,0.21000000000000002,1.51,-1.1,0.4358974358974359,0.24375,0.188,0.0,0.10625,0.0,0.0,0.6571787645469295,0.0,0.7295779112414442,False,True,FAILURE
2022-08-10 12:26:00-04:00,2022-08-10 12:36:00-04:00,2022-08-09,0.8364825581395349,0.4807337578262181,25.0,1.75,20,-25.0,-26.11,-1.0444,stop,10,6,2022-08-06 09:30:00-04:00,2022-11-06 09:30:00-05:00,129,13323.75,21,1.12,0.03,-0.77,1,15,LOSS,stop,-1.0444,6,0.32,0.03,-0.29,0.47,0.03,-0.4,0.63,0.03,-0.6,0.63,0.03,-0.53,0.63,0.03,-0.53,0.68,0.03,-0.41,0.84,0.03,-0.76,0.84,0.03,-0.71,0.98,0.03,-0.83,1.04,0.03,-0.72,1.04,0.03,-0.81,1.09,0.03,-0.99,1.09,0.03,-0.95,1.1,0.03,-1.04,1.12,0.03,-1.04,1.12,0.03,-0.55,1.12,0.03,-0.81,1.12,0.03,-0.84,1.12,0.03,-0.69,1.12,0.03,-0.77,0.32,0.03,-0.29,0.47,0.03,-0.4,0.63,0.03,-0.6,0.63,0.03,-0.53,0.63,0.03,-0.53,0.68,0.03,-0.41,0.84,0.03,-0.76,0.84,0.03,-0.71,0.52,0.37,0.20999999999999996,0.20999999999999996,0.0,0.0,0.0,0.0,-0.42,-0.30999999999999994,-0.10999999999999999,-0.17999999999999994,-0.8099999999999999,0.03571428571428571,0.105,0.041999999999999996,0.06999999999999999,0.00375,0.0,0.0,0.1741920122820135,0.0,0.1599497689008289,False,True,FAILURE
2022-08-17 11:52:00-04:00,2022-08-17 12:03:00-04:00,2022-08-16,1.0,0.5472144871499264,25.0,1.75,20,-25.0,-26.11,-1.0444,stop,11,6,2022-08-06 09:30:00-04:00,2022-11-06 09:30:00-05:00,133,13409.75,21,1.82,0.14,-0.83,1,14,LOSS,stop,-1.0444,6,0.24,0.14,-0.17,0.51,0.14,-0.46,0.79,0.14,-0.64,0.79,0.14,-0.71,0.79,0.14,-0.72,0.79,0.14,-0.53,0.85,0.14,-0.58,0.97,0.14,-0.84,0.98,0.14,-0.78,0.98,0.14,-0.87,1.09,0.14,-1.08,1.1,0.14,-0.99,1.46,0.14,-1.37,1.82,0.14,-1.63,1.82,0.14,-1.36,1.82,0.14,-1.39,1.82,0.14,-1.22,1.82,0.14,-1.04,1.82,0.14,-1.07,1.82,0.14,-0.83,0.24,0.14,-0.17,0.51,0.14,-0.46,0.79,0.14,-0.64,0.79,0.14,-0.71,0.79,0.14,-0.72,0.79,0.14,-0.53,0.85,0.14,-0.58,0.97,0.14,-0.84,0.73,0.45999999999999996,0.17999999999999994,0.17999999999999994,0.0,0.0,0.0,0.0,-0.6699999999999999,-0.37999999999999995,-0.19999999999999996,-0.12,-0.83,0.1443298969072165,0.12125,0.03599999999999999,0.05999999999999998,0.0175,0.0,0.0,0.23095686053583997,0.0,0.20448105046678527,False,True,FAILURE
2022-08-18 15:55:00-04:00,2022-08-18 16:15:00-04:00,2022-08-17,1.0,0.4650148099537078,25.0,1.75,20,-15.5,-16.61,-0.6644,timeout,20,6,2022-08-06 09:30:00-04:00,2022-11-06 09:30:00-05:00,135,13516.5,21,0.83,0.2,-0.62,3,8,LOSS,timeout,-0.6644,6,0.03,0.18,0.12,0.24,0.18,0.08,0.24,0.2,-0.07,0.55,0.2,-0.48,0.61,0.2,-0.41,0.67,0.2,-0.61,0.77,0.2,-0.76,0.83,0.2,-0.7,0.83,0.2,-0.72,0.83,0.2,-0.6,0.83,0.2,-0.57,0.83,0.2,-0.62,0.83,0.2,-0.56,0.83,0.2,-0.46,0.83,0.2,-0.54,0.83,0.2,-0.58,0.83,0.2,-0.54,0.83,0.2,-0.43,0.83,0.2,-0.32,0.83,0.2,-0.62,0.03,0.18,0.12,0.24,0.18,0.08,0.24,0.2,-0.07,0.55,0.2,-0.48,0.61,0.2,-0.41,0.67,0.2,-0.61,0.77,0.2,-0.76,0.83,0.2,-0.7,0.7999999999999999,0.59,0.59,0.21999999999999997,0.020000000000000018,0.020000000000000018,0.0,0.0,-0.82,-0.7799999999999999,-0.6299999999999999,-0.29,-0.6299999999999999,0.24096385542168677,0.10375,0.118,0.07333333333333332,0.025,0.0,0.0,0.2880848089414941,0.009258200997725523,0.3510774232884495,False,True,FAILURE
2022-08-22 15:46:00-04:00,2022-08-22 15:50:00-04:00,2022-08-21,0.8671055423432213,0.4562219542044305,25.0,1.75,20,-25.0,-26.11,-1.0444,stop,4,6,2022-08-06 09:30:00-04:00,2022-11-06 09:30:00-05:00,139,12880.0,21,1.83,-0.02,-1.81,1,19,LOSS,stop,-1.0444,6,0.17,-0.02,-0.03,0.35,-0.02,-0.16,0.58,-0.02,-0.56,1.1,-0.02,-1.0,1.25,-0.02,-1.18,1.5,-0.02,-1.08,1.5,-0.02,-1.08,1.5,-0.02,-0.85,1.5,-0.02,-1.12,1.5,-0.02,-0.84,1.5,-0.02,-1.0,1.5,-0.02,-0.86,1.56,-0.02,-1.44,1.56,-0.02,-1.3,1.56,-0.02,-1.53,1.58,-0.02,-1.47,1.63,-0.02,-1.59,1.64,-0.02,-1.61,1.83,-0.02,-1.61,1.83,-0.02,-1.81,0.17,-0.02,-0.03,0.35,-0.02,-0.16,0.58,-0.02,-0.56,1.1,-0.02,-1.0,1.25,-0.02,-1.18,1.5,-0.02,-1.08,1.5,-0.02,-1.08,1.5,-0.02,-0.85,1.33,1.15,0.92,0.25,0.0,0.0,0.0,0.0,-0.82,-0.69,-0.2899999999999999,0.32999999999999996,-1.52,-0.013333333333333334,0.1875,0.184,0.08333333333333333,-0.0025,0.0,0.0,0.549023483754826,0.0,0.4435812053212869,False,True,FAILURE
2022-08-23 12:20:00-04:00,2022-08-23 12:35:00-04:00,2022-08-22,1.0,0.5883010233944059,25.0,1.75,20,-25.0,-26.11,-1.0444,stop,15,6,2022-08-06 09:30:00-04:00,2022-11-06 09:30:00-05:00,140,12884.25,21,1.92,0.09,-1.56,4,17,LOSS,stop,-1.0444,6,0.35,0.02,-0.33,0.45,0.02,-0.33,0.45,0.02,-0.37,0.5,0.09,-0.08,0.5,0.09,-0.29,0.81,0.09,-0.73,0.81,0.09,-0.49,0.81,0.09,-0.21,0.81,0.09,0.0,0.81,0.09,-0.23,0.81,0.09,-0.29,0.81,0.09,-0.51,0.81,0.09,-0.73,0.94,0.09,-0.89,1.13,0.09,-1.06,1.71,0.09,-1.57,1.92,0.09,-1.81,1.92,0.09,-1.79,1.92,0.09,-1.74,1.92,0.09,-1.56,0.35,0.02,-0.33,0.45,0.02,-0.33,0.45,0.02,-0.37,0.5,0.09,-0.08,0.5,0.09,-0.29,0.81,0.09,-0.73,0.81,0.09,-0.49,0.81,0.09,-0.21,0.4600000000000001,0.36000000000000004,0.36000000000000004,0.31000000000000005,0.06999999999999999,0.06999999999999999,0.06999999999999999,0.0,0.12000000000000002,0.12000000000000002,0.16,0.07999999999999999,-0.7200000000000001,0.1111111111111111,0.10125,0.07200000000000001,0.10333333333333335,0.01125,0.013999999999999999,0.0,0.19198214202665534,0.03622844186547359,0.19316443772081857,False,True,FAILURE
2022-08-26 15:12:00-04:00,2022-08-26 15:18:00-04:00,2022-08-25,0.8702492188315304,0.4961467515652436,25.0,1.75,20,-25.0,-26.11,-1.0444,stop,6,6,2022-08-06 09:30:00-04:00,2022-11-06 09:30:00-05:00,147,12682.5,21,1.02,0.39,0.35,20,6,LOSS,stop,-1.0444,6,0.05,0.18,0.16,0.17,0.18,-0.13,0.51,0.18,-0.4,0.51,0.18,-0.43,0.58,0.18,-0.55,1.02,0.18,-0.94,1.02,0.18,-0.67,1.02,0.18,-0.56,1.02,0.18,0.08,1.02,0.29,0.25,1.02,0.29,0.0,1.02,0.29,0.06,1.02,0.29,0.12,1.02,0.29,0.02,1.02,0.29,-0.39,1.02,0.29,-0.23,1.02,0.29,-0.04,1.02,0.29,-0.03,1.02,0.29,0.1,1.02,0.39,0.35,0.05,0.18,0.16,0.17,0.18,-0.13,0.51,0.18,-0.4,0.51,0.18,-0.43,0.58,0.18,-0.55,1.02,0.18,-0.94,1.02,0.18,-0.67,1.02,0.18,-0.56,0.97,0.85,0.51,0.44000000000000006,0.0,0.0,0.0,0.0,-0.7200000000000001,-0.43000000000000005,-0.16000000000000003,-0.010000000000000009,-0.8400000000000001,0.1764705882352941,0.1275,0.10200000000000001,0.1466666666666667,0.0225,0.0,0.0,0.38403868852722933,0.0,0.3353463028827705,False,True,FAILURE
2022-08-26 15:47:00-04:00,2022-08-26 16:07:00-04:00,2022-08-25,0.9782229965156796,0.5383728561040066,25.0,1.75,20,31.25,30.14,1.2056,timeout,20,6,2022-08-06 09:30:00-04:00,2022-11-06 09:30:00-05:00,149,12635.25,21,0.99,1.54,1.25,18,3,WIN,timeout,1.2056,6,0.25,0.13,-0.22,0.42,0.13,-0.33,0.99,0.13,-0.21,0.99,0.14,-0.46,0.99,0.14,-0.45,0.99,0.14,-0.16,0.99,0.4,0.35,0.99,0.45,0.19,0.99,0.45,-0.13,0.99,0.45,0.25,0.99,0.45,0.22,0.99,0.77,0.64,0.99,1.15,0.85,0.99,1.15,0.88,0.99,1.15,1.1,0.99,1.28,1.23,0.99,1.41,1.35,0.99,1.54,1.43,0.99,1.54,1.22,0.99,1.54,1.25,0.25,0.13,-0.22,0.42,0.13,-0.33,0.99,0.13,-0.21,0.99,0.14,-0.46,0.99,0.14,-0.45,0.99,0.14,-0.16,0.99,0.4,0.35,0.99,0.45,0.19,0.74,0.5700000000000001,0.0,0.0,0.32,0.32,0.32,0.31,0.41000000000000003,0.52,0.4,0.64,-0.54,0.4545454545454546,0.12375,0.0,0.0,0.05625,0.064,0.10333333333333333,0.3065912821423895,0.13498677183868266,0.2907349062535934,True,True,RECOVERY
2022-09-09 12:05:00-04:00,2022-09-09 12:25:00-04:00,2022-09-08,0.9121214993844368,0.5360449442187971,25.0,1.75,20,13.75,12.64,0.5056,timeout,20,6,2022-08-06 09:30:00-04:00,2022-11-06 09:30:00-05:00,155,12528.0,21,0.87,0.72,0.55,19,9,WIN,timeout,0.5056,6,0.26,0.08,-0.06,0.26,0.08,0.0,0.48,0.08,-0.38,0.62,0.08,-0.57,0.67,0.08,-0.46,0.67,0.08,-0.48,0.85,0.08,-0.77,0.85,0.08,-0.68,0.87,0.08,-0.59,0.87,0.08,-0.25,0.87,0.08,-0.15,0.87,0.23,-0.03,0.87,0.23,-0.3,0.87,0.23,-0.49,0.87,0.23,-0.42,0.87,0.23,-0.33,0.87,0.23,-0.07,0.87,0.46,0.23,0.87,0.72,0.53,0.87,0.72,0.55,0.26,0.08,-0.06,0.26,0.08,0.0,0.48,0.08,-0.38,0.62,0.08,-0.57,0.67,0.08,-0.46,0.67,0.08,-0.48,0.85,0.08,-0.77,0.85,0.08,-0.68,0.59,0.59,0.37,0.17999999999999994,0.0,0.0,0.0,0.0,-0.6200000000000001,-0.68,-0.30000000000000004,-0.22000000000000003,-0.77,0.09411764705882353,0.10625,0.074,0.05999999999999998,0.01,0.0,0.0,0.2324865587512534,0.0,0.2739134378386198,True,True,RECOVERY
2022-09-09 14:53:00-04:00,2022-09-09 15:02:00-04:00,2022-09-08,0.779318207811307,0.5227292882353984,25.0,1.75,20,-25.0,-26.11,-1.0444,stop,9,6,2022-08-06 09:30:00-04:00,2022-11-06 09:30:00-05:00,156,12562.25,21,1.62,0.07,-1.43,1,20,LOSS,stop,-1.0444,6,0.2,0.07,-0.13,0.47,0.07,-0.36,0.5,0.07,-0.3,0.58,0.07,-0.55,0.74,0.07,-0.59,0.74,0.07,-0.62,0.74,0.07,-0.57,0.91,0.07,-0.86,1.09,0.07,-1.05,1.21,0.07,-1.15,1.31,0.07,-1.24,1.36,0.07,-1.21,1.37,0.07,-1.31,1.39,0.07,-1.22,1.39,0.07,-1.12,1.39,0.07,-1.11,1.45,0.07,-1.29,1.46,0.07,-1.43,1.58,0.07,-1.52,1.62,0.07,-1.43,0.2,0.07,-0.13,0.47,0.07,-0.36,0.5,0.07,-0.3,0.58,0.07,-0.55,0.74,0.07,-0.59,0.74,0.07,-0.62,0.74,0.07,-0.57,0.91,0.07,-0.86,0.71,0.44000000000000006,0.41000000000000003,0.17000000000000004,0.0,0.0,0.0,0.0,-0.73,-0.5,-0.56,-0.27,-0.8400000000000001,0.07692307692307693,0.11375,0.082,0.05666666666666668,0.00875,0.0,0.0,0.22084254248542914,0.0,0.22549944567559363,False,True,FAILURE
2022-09-15 09:30:00-04:00,2022-09-15 09:40:00-04:00,2022-09-14,0.9777843601895736,0.4807692307692308,25.0,1.75,20,-25.0,-26.11,-1.0444,stop,10,6,2022-08-06 09:30:00-04:00,2022-11-06 09:30:00-05:00,164,12130.0,21,3.25,0.78,-2.92,1,20,LOSS,stop,-1.0444,6,0.02,0.78,0.54,0.08,0.78,0.35,0.21,0.78,-0.05,0.81,0.78,-0.55,0.81,0.78,-0.17,0.81,0.78,-0.43,0.81,0.78,0.01,0.81,0.78,0.53,0.81,0.78,0.05,1.27,0.78,-1.22,1.78,0.78,-1.39,1.9,0.78,-1.9,1.95,0.78,-1.67,1.95,0.78,-1.48,2.09,0.78,-1.24,2.09,0.78,-1.41,2.09,0.78,-0.97,2.09,0.78,-1.71,3.02,0.78,-2.9,3.25,0.78,-2.92,0.02,0.78,0.54,0.08,0.78,0.35,0.21,0.78,-0.05,0.81,0.78,-0.55,0.81,0.78,-0.17,0.81,0.78,-0.43,0.81,0.78,0.01,0.81,0.78,0.53,0.79,0.7300000000000001,0.6000000000000001,0.0,0.0,0.0,0.0,0.0,-0.010000000000000009,0.18000000000000005,0.5800000000000001,0.7000000000000001,-0.030000000000000027,0.9629629629629629,0.10125,0.12000000000000002,0.0,0.0975,0.0,0.0,0.3694010596318626,0.0,0.41529464583250153,False,True,FAILURE
2022-09-23 13:40:00-04:00,2022-09-23 14:00:00-04:00,2022-09-22,0.9673637198455084,0.5555284581685319,25.0,1.75,20,-11.75,-12.86,-0.5144,timeout,20,6,2022-08-06 09:30:00-04:00,2022-11-06 09:30:00-05:00,169,11312.25,21,0.97,0.19,-0.47,1,7,LOSS,timeout,-0.5144,6,0.07,0.19,0.07,0.42,0.19,-0.3,0.42,0.19,-0.29,0.42,0.19,-0.25,0.42,0.19,-0.32,0.47,0.19,-0.26,0.97,0.19,-0.94,0.97,0.19,-0.59,0.97,0.19,-0.61,0.97,0.19,-0.52,0.97,0.19,-0.5,0.97,0.19,-0.6,0.97,0.19,-0.35,0.97,0.19,-0.6,0.97,0.19,-0.54,0.97,0.19,-0.45,0.97,0.19,-0.43,0.97,0.19,-0.87,0.97,0.19,-0.69,0.97,0.19,-0.47,0.07,0.19,0.07,0.42,0.19,-0.3,0.42,0.19,-0.29,0.42,0.19,-0.25,0.42,0.19,-0.32,0.47,0.19,-0.26,0.97,0.19,-0.94,0.97,0.19,-0.59,0.8999999999999999,0.55,0.55,0.55,0.0,0.0,0.0,0.0,-0.6599999999999999,-0.29,-0.3,-0.26999999999999996,-0.78,0.1958762886597938,0.12125,0.11000000000000001,0.18333333333333335,0.02375,0.0,0.0,0.304724700110022,0.0,0.29432732022116365,False,True,FAILURE
2022-09-29 13:23:00-04:00,2022-09-29 13:35:00-04:00,2022-09-28,0.828067022888485,0.5615987655415832,25.0,1.75,20,-25.0,-26.11,-1.0444,stop,12,6,2022-08-06 09:30:00-04:00,2022-11-06 09:30:00-05:00,170,11169.25,21,1.23,0.43,0.1,7,14,LOSS,stop,-1.0444,6,0.09,0.16,-0.06,0.48,0.16,-0.36,0.48,0.18,-0.12,0.8,0.18,-0.31,0.8,0.18,-0.12,0.8,0.18,-0.08,0.8,0.43,0.07,0.8,0.43,-0.39,0.8,0.43,-0.59,0.8,0.43,-0.58,0.9,0.43,-0.8,1.1,0.43,-0.89,1.18,0.43,-0.97,1.23,0.43,-0.66,1.23,0.43,-0.75,1.23,0.43,-0.8,1.23,0.43,-0.37,1.23,0.43,-0.45,1.23,0.43,0.02,1.23,0.43,0.1,0.09,0.16,-0.06,0.48,0.16,-0.36,0.48,0.18,-0.12,0.8,0.18,-0.31,0.8,0.18,-0.12,0.8,0.18,-0.08,0.8,0.43,0.07,0.8,0.43,-0.39,0.7100000000000001,0.32000000000000006,0.32000000000000006,0.0,0.27,0.27,0.25,0.25,-0.33,-0.030000000000000027,-0.27,-0.27,-0.37000000000000005,0.5375,0.1,0.06400000000000002,0.0,0.05375,0.05,0.08333333333333333,0.2621579403990765,0.11913377834542621,0.16339588209534012,False,True,FAILURE
2022-10-06 14:16:00-04:00,2022-10-06 14:31:00-04:00,2022-10-05,1.0,0.5858622585622816,25.0,1.75,20,-25.0,-26.11,-1.0444,stop,15,6,2022-08-06 09:30:00-04:00,2022-11-06 09:30:00-05:00,173,11577.25,21,1.17,0.25,-0.61,18,16,LOSS,stop,-1.0444,6,0.28,0.01,-0.14,0.28,0.06,-0.15,0.28,0.06,-0.13,0.35,0.06,-0.29,0.62,0.06,-0.53,0.77,0.06,-0.62,0.81,0.06,-0.74,0.81,0.06,-0.6,0.89,0.06,-0.87,0.93,0.06,-0.74,0.93,0.06,-0.55,0.93,0.06,-0.48,0.93,0.06,-0.42,0.93,0.06,-0.73,1.08,0.06,-0.97,1.17,0.06,-0.98,1.17,0.06,-0.45,1.17,0.25,-0.01,1.17,0.25,-0.35,1.17,0.25,-0.61,0.28,0.01,-0.14,0.28,0.06,-0.15,0.28,0.06,-0.13,0.35,0.06,-0.29,0.62,0.06,-0.53,0.77,0.06,-0.62,0.81,0.06,-0.74,0.81,0.06,-0.6,0.53,0.53,0.53,0.19000000000000006,0.049999999999999996,0.0,0.0,0.0,-0.45999999999999996,-0.44999999999999996,-0.47,-0.06999999999999995,-0.75,0.07407407407407407,0.10125,0.10600000000000001,0.06333333333333335,0.0075,0.0,0.0,0.25133926985536614,0.017677669529663684,0.2495710605933995,False,True,FAILURE
2022-10-07 13:09:00-04:00,2022-10-07 13:14:00-04:00,2022-10-06,0.9617357434201153,0.4797981589542576,25.0,1.75,20,-25.0,-26.11,-1.0444,stop,5,6,2022-08-06 09:30:00-04:00,2022-11-06 09:30:00-05:00,175,11111.5,21,1.69,0.0,-0.8,1,9,LOSS,stop,-1.0444,6,0.28,0.0,-0.28,0.52,0.0,-0.47,0.72,0.0,-0.59,0.85,0.0,-0.81,1.05,0.0,-1.05,1.08,0.0,-0.9,1.28,0.0,-1.26,1.55,0.0,-1.5,1.69,0.0,-1.63,1.69,0.0,-1.49,1.69,0.0,-1.22,1.69,0.0,-1.28,1.69,0.0,-0.78,1.69,0.0,-0.82,1.69,0.0,-0.8,1.69,0.0,-0.8,1.69,0.0,-0.72,1.69,0.0,-0.99,1.69,0.0,-1.28,1.69,0.0,-0.8,0.28,0.0,-0.28,0.52,0.0,-0.47,0.72,0.0,-0.59,0.85,0.0,-0.81,1.05,0.0,-1.05,1.08,0.0,-0.9,1.28,0.0,-1.26,1.55,0.0,-1.5,1.27,1.03,0.8300000000000001,0.5,0.0,0.0,0.0,0.0,-1.22,-1.03,-0.91,-0.44999999999999996,-1.55,0.0,0.19375,0.166,0.16666666666666666,0.0,0.0,0.0,0.4111634190232117,0.0,0.40903195823449157,False,True,FAILURE
2022-10-07 14:32:00-04:00,2022-10-07 14:37:00-04:00,2022-10-06,0.8188671714072113,0.5171689044181551,25.0,1.75,20,-25.0,-26.11,-1.0444,stop,5,6,2022-08-06 09:30:00-04:00,2022-11-06 09:30:00-05:00,176,11088.75,21,1.16,0.05,-0.51,1,5,LOSS,stop,-1.0444,6,0.18,0.05,-0.11,0.59,0.05,-0.5,0.87,0.05,-0.64,0.9,0.05,-0.8,1.16,0.05,-0.94,1.16,0.05,-0.63,1.16,0.05,-0.58,1.16,0.05,-0.79,1.16,0.05,-0.89,1.16,0.05,-0.62,1.16,0.05,-0.51,1.16,0.05,-0.35,1.16,0.05,-0.33,1.16,0.05,-0.46,1.16,0.05,-0.33,1.16,0.05,-0.12,1.16,0.05,-0.54,1.16,0.05,-0.51,1.16,0.05,-0.4,1.16,0.05,-0.51,0.18,0.05,-0.11,0.59,0.05,-0.5,0.87,0.05,-0.64,0.9,0.05,-0.8,1.16,0.05,-0.94,1.16,0.05,-0.63,1.16,0.05,-0.58,1.16,0.05,-0.79,0.98,0.57,0.2899999999999999,0.0,0.0,0.0,0.0,0.0,-0.68,-0.29000000000000004,-0.15000000000000002,0.1499999999999999,-1.1099999999999999,0.04310344827586207,0.145,0.05799999999999998,0.0,0.00625,0.0,0.0,0.3557185886142504,0.0,0.2507666815416844,False,True,FAILURE
2022-10-17 15:11:00-04:00,2022-10-17 15:23:00-04:00,2022-10-16,0.8406449611370778,0.5986103474574768,25.0,1.75,20,-25.0,-26.11,-1.0444,stop,12,6,2022-08-06 09:30:00-04:00,2022-11-06 09:30:00-05:00,181,11089.75,21,1.32,0.03,-1.25,1,20,LOSS,stop,-1.0444,6,0.41,0.03,-0.31,0.71,0.03,-0.59,0.83,0.03,-0.66,0.89,0.03,-0.75,0.89,0.03,-0.65,0.89,0.03,-0.61,0.89,0.03,-0.42,0.89,0.03,-0.67,0.89,0.03,-0.29,0.89,0.03,-0.72,0.97,0.03,-0.88,1.13,0.03,-0.94,1.21,0.03,-1.18,1.24,0.03,-0.95,1.24,0.03,-1.2,1.3,0.03,-0.94,1.3,0.03,-1.1,1.31,0.03,-1.23,1.31,0.03,-1.01,1.32,0.03,-1.25,0.41,0.03,-0.31,0.71,0.03,-0.59,0.83,0.03,-0.66,0.89,0.03,-0.75,0.89,0.03,-0.65,0.89,0.03,-0.61,0.89,0.03,-0.42,0.89,0.03,-0.67,0.48000000000000004,0.18000000000000005,0.06000000000000005,0.0,0.0,0.0,0.0,0.0,-0.36000000000000004,-0.08000000000000007,-0.010000000000000009,-0.020000000000000018,-0.86,0.033707865168539325,0.11125,0.01200000000000001,0.0,0.00375,0.0,0.0,0.16970562748477142,0.0,0.14528297511113564,False,True,FAILURE
2022-10-24 09:30:00-04:00,2022-10-24 09:32:00-04:00,2022-10-23,0.9992927907378704,0.5518215356237031,25.0,1.75,20,43.75,42.64,1.7056,target,2,6,2022-08-06 09:30:00-04:00,2022-11-06 09:30:00-05:00,182,11351.5,21,3.04,2.05,-0.45,3,15,WIN,target,1.7056,6,0.11,1.16,1.09,0.11,1.98,1.42,0.11,2.05,1.7,0.11,2.05,1.23,0.6,2.05,-0.38,0.6,2.05,-0.2,1.4,2.05,-1.17,1.88,2.05,-1.23,1.88,2.05,-0.65,1.88,2.05,0.9,1.88,2.05,0.6,1.88,2.05,1.06,1.88,2.05,1.55,1.88,2.05,0.76,3.04,2.05,-2.38,3.04,2.05,-2.12,3.04,2.05,-1.29,3.04,2.05,-0.82,3.04,2.05,0.18,3.04,2.05,-0.45,0.11,1.16,1.09,0.11,1.98,1.42,0.11,2.05,1.7,0.11,2.05,1.23,0.6,2.05,-0.38,0.6,2.05,-0.2,1.4,2.05,-1.17,1.88,2.05,-1.23,1.7699999999999998,1.7699999999999998,1.7699999999999998,1.2799999999999998,0.8899999999999999,0.06999999999999984,0.0,0.0,-2.3200000000000003,-2.65,-2.9299999999999997,-0.85,0.16999999999999993,1.0904255319148937,0.235,0.354,0.4266666666666666,0.25625,0.0,0.0,0.680021008078847,0.31208973068654466,1.1902670768721255,True,True,RECOVERY
2023-03-28 10:41:00-04:00,2023-03-28 11:01:00-04:00,2023-03-27,0.7616336439749278,0.5070062851472048,25.0,1.75,20,-18.75,-19.86,-0.7944,timeout,20,8,2023-02-06 09:30:00-05:00,2023-05-06 09:30:00-04:00,201,12653.5,21,0.86,0.02,-0.75,1,20,LOSS,timeout,-0.7944,8,0.52,0.02,-0.24,0.52,0.02,-0.15,0.52,0.02,-0.15,0.52,0.02,-0.37,0.66,0.02,-0.42,0.67,0.02,-0.63,0.76,0.02,-0.38,0.76,0.02,-0.58,0.76,0.02,-0.51,0.76,0.02,-0.39,0.76,0.02,-0.49,0.76,0.02,-0.44,0.76,0.02,-0.38,0.76,0.02,-0.41,0.78,0.02,-0.37,0.78,0.02,-0.22,0.78,0.02,-0.33,0.78,0.02,-0.11,0.78,0.02,-0.28,0.86,0.02,-0.75,0.52,0.02,-0.24,0.52,0.02,-0.15,0.52,0.02,-0.15,0.52,0.02,-0.37,0.66,0.02,-0.42,0.67,0.02,-0.63,0.76,0.02,-0.38,0.76,0.02,-0.58,0.24,0.24,0.24,0.09999999999999998,0.0,0.0,0.0,0.0,-0.33999999999999997,-0.42999999999999994,-0.42999999999999994,-0.15999999999999998,-0.74,0.02631578947368421,0.095,0.048,0.033333333333333326,0.0025,0.0,0.0,0.10901343298616263,0.0,0.18039638894073556,False,True,FAILURE
2023-05-08 14:07:00-04:00,2023-05-08 14:16:00-04:00,2023-05-07,0.957532060372418,0.4491399717334897,25.0,1.75,20,-25.0,-26.11,-1.0444,stop,9,9,2023-05-06 09:30:00-04:00,2023-08-06 09:30:00-04:00,204,13296.0,21,1.86,0.28,-1.75,1,15,LOSS,stop,-1.0444,9,0.18,0.28,-0.12,0.3,0.28,-0.14,0.3,0.28,-0.1,0.39,0.28,-0.38,0.8,0.28,-0.65,0.84,0.28,-0.76,0.85,0.28,-0.71,0.92,0.28,-0.83,1.18,0.28,-1.12,1.27,0.28,-1.23,1.3,0.28,-1.23,1.3,0.28,-1.27,1.59,0.28,-1.57,1.84,0.28,-1.79,1.86,0.28,-1.76,1.86,0.28,-1.72,1.86,0.28,-1.7,1.86,0.28,-1.59,1.86,0.28,-1.65,1.86,0.28,-1.75,0.18,0.28,-0.12,0.3,0.28,-0.14,0.3,0.28,-0.1,0.39,0.28,-0.38,0.8,0.28,-0.65,0.84,0.28,-0.76,0.85,0.28,-0.71,0.92,0.28,-0.83,0.74,0.6200000000000001,0.6200000000000001,0.12,0.0,0.0,0.0,0.0,-0.71,-0.69,-0.73,-0.17999999999999994,-0.64,0.30434782608695654,0.115,0.12400000000000003,0.04,0.035,0.0,0.0,0.30634947364080783,0.0,0.3115600148561154,False,True,FAILURE
2023-05-23 14:23:00-04:00,2023-05-23 14:43:00-04:00,2023-05-22,0.8141335628474674,0.4132992618327725,25.0,1.75,20,-5.25,-6.359999999999999,-0.2543999999999999,timeout,20,9,2023-05-06 09:30:00-04:00,2023-08-06 09:30:00-04:00,209,13726.75,21,0.88,0.63,-0.21,2,9,LOSS,timeout,-0.2543999999999999,9,0.06,0.47,0.32,0.06,0.63,0.41,0.06,0.63,0.2,0.06,0.63,0.02,0.42,0.63,-0.38,0.56,0.63,-0.22,0.56,0.63,-0.25,0.75,0.63,-0.71,0.88,0.63,-0.58,0.88,0.63,-0.71,0.88,0.63,-0.37,0.88,0.63,-0.14,0.88,0.63,-0.01,0.88,0.63,0.15,0.88,0.63,0.21,0.88,0.63,-0.04,0.88,0.63,0.18,0.88,0.63,-0.05,0.88,0.63,0.21,0.88,0.63,-0.21,0.06,0.47,0.32,0.06,0.63,0.41,0.06,0.63,0.2,0.06,0.63,0.02,0.42,0.63,-0.38,0.56,0.63,-0.22,0.56,0.63,-0.25,0.75,0.63,-0.71,0.69,0.69,0.69,0.33,0.16000000000000003,0.0,0.0,0.0,-1.03,-1.1199999999999999,-0.9099999999999999,-0.32999999999999996,-0.12,0.84,0.09375,0.13799999999999998,0.11,0.07875,0.0,0.0,0.287945307306787,0.05656854249492382,0.38243346760300295,False,True,FAILURE
2023-05-30 13:30:00-04:00,2023-05-30 13:50:00-04:00,2023-05-29,1.0,0.4142575227860453,25.0,1.75,20,-17.0,-18.11,-0.7243999999999999,timeout,20,9,2023-05-06 09:30:00-04:00,2023-08-06 09:30:00-04:00,213,14373.5,21,0.92,0.2,-0.68,17,3,LOSS,timeout,-0.7243999999999999,9,0.34,0.14,-0.28,0.65,0.14,-0.44,0.92,0.14,-0.81,0.92,0.14,-0.76,0.92,0.14,-0.49,0.92,0.14,-0.69,0.92,0.14,-0.72,0.92,0.14,-0.5,0.92,0.14,-0.27,0.92,0.14,-0.34,0.92,0.14,-0.34,0.92,0.14,-0.27,0.92,0.14,-0.02,0.92,0.14,-0.12,0.92,0.14,-0.36,0.92,0.14,-0.24,0.92,0.2,0.08,0.92,0.2,-0.25,0.92,0.2,-0.37,0.92,0.2,-0.68,0.34,0.14,-0.28,0.65,0.14,-0.44,0.92,0.14,-0.81,0.92,0.14,-0.76,0.92,0.14,-0.49,0.92,0.14,-0.69,0.92,0.14,-0.72,0.92,0.14,-0.5,0.5800000000000001,0.27,0.0,0.0,0.0,0.0,0.0,0.0,-0.21999999999999997,-0.06,0.31000000000000005,-0.010000000000000009,-0.78,0.15217391304347827,0.115,0.0,0.0,0.0175,0.0,0.0,0.21347047303349206,0.0,0.18546755588434943,False,True,FAILURE
2023-06-01 15:38:00-04:00,2023-06-01 15:47:00-04:00,2023-05-31,1.0,0.4073177882112024,25.0,1.75,20,-25.0,-26.11,-1.0444,stop,9,9,2023-05-06 09:30:00-04:00,2023-08-06 09:30:00-04:00,215,14440.0,21,1.29,0.26,-0.94,2,18,LOSS,stop,-1.0444,9,0.22,0.1,0.01,0.22,0.26,-0.09,0.22,0.26,-0.01,0.22,0.26,-0.14,0.38,0.26,-0.38,0.5,0.26,-0.41,0.7,0.26,-0.62,0.8,0.26,-0.74,1.05,0.26,-0.96,1.08,0.26,-0.83,1.15,0.26,-1.09,1.15,0.26,-0.6,1.15,0.26,-0.75,1.15,0.26,-0.7,1.15,0.26,-0.84,1.28,0.26,-0.93,1.28,0.26,-1.16,1.29,0.26,-0.95,1.29,0.26,-0.87,1.29,0.26,-0.94,0.22,0.1,0.01,0.22,0.26,-0.09,0.22,0.26,-0.01,0.22,0.26,-0.14,0.38,0.26,-0.38,0.5,0.26,-0.41,0.7,0.26,-0.62,0.8,0.26,-0.74,0.5800000000000001,0.5800000000000001,0.5800000000000001,0.42000000000000004,0.16,0.0,0.0,0.0,-0.75,-0.65,-0.73,-0.36,-0.54,0.325,0.1,0.11600000000000002,0.14,0.0325,0.0,0.0,0.23590252224170902,0.05656854249492381,0.2839391282853221,False,True,FAILURE
2023-06-07 12:25:00-04:00,2023-06-07 12:34:00-04:00,2023-06-06,0.943352782323585,0.4602277948183899,25.0,1.75,20,-25.0,-26.11,-1.0444,stop,9,9,2023-05-06 09:30:00-04:00,2023-08-06 09:30:00-04:00,219,14388.5,21,1.55,0.58,-1.3,2,19,LOSS,stop,-1.0444,9,0.14,0.21,0.1,0.14,0.58,0.5,0.14,0.58,0.12,0.16,0.58,0.03,0.5,0.58,-0.49,0.69,0.58,-0.62,0.77,0.58,-0.4,0.96,0.58,-0.92,1.18,0.58,-1.03,1.27,0.58,-0.99,1.38,0.58,-1.17,1.38,0.58,-0.96,1.38,0.58,-0.84,1.38,0.58,-0.98,1.38,0.58,-1.16,1.47,0.58,-1.39,1.47,0.58,-0.99,1.47,0.58,-1.31,1.55,0.58,-1.49,1.55,0.58,-1.3,0.14,0.21,0.1,0.14,0.58,0.5,0.14,0.58,0.12,0.16,0.58,0.03,0.5,0.58,-0.49,0.69,0.58,-0.62,0.77,0.58,-0.4,0.96,0.58,-0.92,0.82,0.82,0.82,0.45999999999999996,0.37,0.0,0.0,0.0,-1.02,-1.42,-1.04,-0.43000000000000005,-0.38,0.6041666666666666,0.12,0.16399999999999998,0.15333333333333332,0.0725,0.0,0.0,0.3367385590378048,0.1308147545195113,0.4710777915740517,False,True,FAILURE
2023-06-21 15:58:00-04:00,2023-06-21 16:18:00-04:00,2023-06-20,0.9542535002974004,0.4021458044360043,25.0,1.75,20,-0.75,-1.86,-0.0744,timeout,20,9,2023-05-06 09:30:00-04:00,2023-08-06 09:30:00-04:00,222,15041.75,21,0.79,0.33,-0.03,1,3,LOSS,timeout,-0.0744,9,0.2,0.33,-0.15,0.73,0.33,-0.63,0.79,0.33,-0.6,0.79,0.33,-0.44,0.79,0.33,-0.34,0.79,0.33,-0.31,0.79,0.33,-0.34,0.79,0.33,-0.37,0.79,0.33,-0.41,0.79,0.33,-0.39,0.79,0.33,-0.55,0.79,0.33,-0.55,0.79,0.33,-0.4,0.79,0.33,-0.38,0.79,0.33,-0.44,0.79,0.33,-0.39,0.79,0.33,-0.26,0.79,0.33,-0.17,0.79,0.33,-0.03,0.79,0.33,-0.03,0.2,0.33,-0.15,0.73,0.33,-0.63,0.79,0.33,-0.6,0.79,0.33,-0.44,0.79,0.33,-0.34,0.79,0.33,-0.31,0.79,0.33,-0.34,0.79,0.33,-0.37,0.5900000000000001,0.06000000000000005,0.0,0.0,0.0,0.0,0.0,0.0,-0.22,0.26,0.22999999999999998,-0.02999999999999997,-0.46,0.4177215189873418,0.09875,0.0,0.0,0.04125,0.0,0.0,0.20663546231398497,0.0,0.15727591769153434,False,True,FAILURE
2023-06-22 13:04:00-04:00,2023-06-22 13:10:00-04:00,2023-06-21,0.7826421498393997,0.4206065485540761,25.0,1.75,20,-25.0,-26.11,-1.0444,stop,6,9,2023-05-06 09:30:00-04:00,2023-08-06 09:30:00-04:00,223,15087.5,21,1.33,0.22,-1.13,1,18,LOSS,stop,-1.0444,9,0.31,0.22,-0.19,0.64,0.22,-0.58,0.93,0.22,-0.7,0.93,0.22,-0.51,0.93,0.22,-0.59,1.03,0.22,-1.01,1.03,0.22,-0.8,1.13,0.22,-1.01,1.13,0.22,-1.04,1.13,0.22,-0.87,1.13,0.22,-0.54,1.13,0.22,-0.46,1.13,0.22,-0.51,1.13,0.22,-0.88,1.13,0.22,-1.07,1.13,0.22,-0.89,1.13,0.22,-0.83,1.33,0.22,-1.25,1.33,0.22,-1.19,1.33,0.22,-1.13,0.31,0.22,-0.19,0.64,0.22,-0.58,0.93,0.22,-0.7,0.93,0.22,-0.51,0.93,0.22,-0.59,1.03,0.22,-1.01,1.03,0.22,-0.8,1.13,0.22,-1.01,0.8199999999999998,0.4899999999999999,0.19999999999999984,0.19999999999999984,0.0,0.0,0.0,0.0,-0.8200000000000001,-0.43000000000000005,-0.31000000000000005,-0.42000000000000004,-0.9099999999999999,0.1946902654867257,0.14125,0.039999999999999966,0.06666666666666661,0.0275,0.0,0.0,0.2661866960290411,0.0,0.27239349163611504,False,True,FAILURE
2023-06-23 14:45:00-04:00,2023-06-23 15:05:00-04:00,2023-06-22,0.9629326624549386,0.4249471643789462,25.0,1.75,20,-4.25,-5.359999999999999,-0.2143999999999999,timeout,20,9,2023-05-06 09:30:00-04:00,2023-08-06 09:30:00-04:00,224,15049.75,21,0.76,0.76,-0.17,17,1,LOSS,timeout,-0.2143999999999999,9,0.76,0.03,-0.63,0.76,0.03,-0.45,0.76,0.03,-0.64,0.76,0.03,-0.42,0.76,0.03,-0.51,0.76,0.03,-0.18,0.76,0.03,-0.31,0.76,0.03,-0.37,0.76,0.03,-0.3,0.76,0.03,-0.54,0.76,0.03,-0.6,0.76,0.03,-0.29,0.76,0.03,-0.45,0.76,0.03,-0.21,0.76,0.35,0.3,0.76,0.7,0.61,0.76,0.76,0.49,0.76,0.76,0.09,0.76,0.76,0.27,0.76,0.76,-0.17,0.76,0.03,-0.63,0.76,0.03,-0.45,0.76,0.03,-0.64,0.76,0.03,-0.42,0.76,0.03,-0.51,0.76,0.03,-0.18,0.76,0.03,-0.31,0.76,0.03,-0.37,0.0,0.0,0.0,0.0,0.0,0.0,0.0,0.0,0.26,0.08000000000000002,0.27,0.14,-0.73,0.039473684210526314,0.095,0.0,0.0,0.00375,0.0,0.0,0.0,0.0,0.15624499991999746,False,True,FAILURE
2023-06-26 11:19:00-04:00,2023-06-26 11:28:00-04:00,2023-06-25,1.0,0.539549048521259,25.0,1.75,20,-25.0,-26.11,-1.0444,stop,9,9,2023-05-06 09:30:00-04:00,2023-08-06 09:30:00-04:00,225,14989.25,21,1.58,0.27,-0.97,3,18,LOSS,stop,-1.0444,9,0.23,0.07,-0.05,0.27,0.25,0.16,0.54,0.27,-0.51,0.56,0.27,-0.51,0.56,0.27,-0.04,0.56,0.27,-0.36,0.71,0.27,-0.62,0.9,0.27,-0.83,1.05,0.27,-0.68,1.05,0.27,-0.38,1.05,0.27,-0.66,1.05,0.27,-0.9,1.1,0.27,-1.02,1.36,0.27,-1.33,1.43,0.27,-1.14,1.43,0.27,-1.35,1.43,0.27,-1.38,1.58,0.27,-1.51,1.58,0.27,-1.22,1.58,0.27,-0.97,0.23,0.07,-0.05,0.27,0.25,0.16,0.54,0.27,-0.51,0.56,0.27,-0.51,0.56,0.27,-0.04,0.56,0.27,-0.36,0.71,0.27,-0.62,0.9,0.27,-0.83,0.67,0.63,0.36,0.33999999999999997,0.2,0.020000000000000018,0.0,0.0,-0.7799999999999999,-0.99,-0.31999999999999995,-0.7899999999999999,-0.63,0.3,0.1125,0.072,0.11333333333333333,0.03375,0.0,0.0,0.21669184835350208,0.0700510018282598,0.33818845126856206,False,True,FAILURE
2023-06-26 15:57:00-04:00,2023-06-26 16:01:00-04:00,2023-06-25,0.9813068161554588,0.4493237478067201,25.0,1.75,20,-25.0,-26.11,-1.0444,stop,4,9,2023-05-06 09:30:00-04:00,2023-08-06 09:30:00-04:00,226,14856.75,21,1.4,0.13,-1.02,2,16,LOSS,stop,-1.0444,9,0.53,0.0,-0.18,0.53,0.13,-0.04,0.79,0.13,-0.77,1.03,0.13,-0.84,1.03,0.13,-0.74,1.03,0.13,-0.58,1.03,0.13,-0.72,1.03,0.13,-0.72,1.03,0.13,-0.83,1.03,0.13,-0.73,1.03,0.13,-0.89,1.03,0.13,-0.93,1.03,0.13,-0.83,1.03,0.13,-0.89,1.03,0.13,-0.86,1.4,0.13,-1.2,1.4,0.13,-1.11,1.4,0.13,-1.06,1.4,0.13,-1.18,1.4,0.13,-1.02,0.53,0.0,-0.18,0.53,0.13,-0.04,0.79,0.13,-0.77,1.03,0.13,-0.84,1.03,0.13,-0.74,1.03,0.13,-0.58,1.03,0.13,-0.72,1.03,0.13,-0.72,0.5,0.5,0.24,0.0,0.13,0.0,0.0,0.0,-0.54,-0.6799999999999999,0.050000000000000044,0.020000000000000018,-0.9,0.1262135922330097,0.12875,0.048,0.0,0.01625,0.0,0.0,0.22847319317591724,0.04596194077712559,0.29755851765421104,False,True,FAILURE
2023-06-28 11:25:00-04:00,2023-06-28 11:30:00-04:00,2023-06-27,0.8411520839700375,0.5992281404924323,25.0,1.75,20,-25.0,-26.11,-1.0444,stop,5,9,2023-05-06 09:30:00-04:00,2023-08-06 09:30:00-04:00,227,15124.75,21,2.49,0.02,-2.17,1,14,LOSS,stop,-1.0444,9,0.44,0.02,-0.43,0.53,0.02,-0.29,0.7,0.02,-0.56,0.85,0.02,-0.8,1.0,0.02,-0.94,1.53,0.02,-1.46,1.68,0.02,-1.66,1.68,0.02,-1.53,1.76,0.02,-1.68,1.8,0.02,-1.77,1.8,0.02,-1.52,1.88,0.02,-1.86,2.28,0.02,-2.25,2.49,0.02,-2.25,2.49,0.02,-2.08,2.49,0.02,-2.28,2.49,0.02,-2.0,2.49,0.02,-2.11,2.49,0.02,-2.41,2.49,0.02,-2.17,0.44,0.02,-0.43,0.53,0.02,-0.29,0.7,0.02,-0.56,0.85,0.02,-0.8,1.0,0.02,-0.94,1.53,0.02,-1.46,1.68,0.02,-1.66,1.68,0.02,-1.53,1.24,1.15,0.98,0.6799999999999999,0.0,0.0,0.0,0.0,-1.1,-1.24,-0.97,-0.5900000000000001,-1.66,0.011904761904761906,0.21,0.196,0.22666666666666666,0.0025,0.0,0.0,0.5115365508515914,0.0,0.5319354821243428,False,True,FAILURE
2023-06-28 15:05:00-04:00,2023-06-28 15:11:00-04:00,2023-06-27,0.9606416078768316,0.4947951990688679,25.0,1.75,20,-25.0,-26.11,-1.0444,stop,6,9,2023-05-06 09:30:00-04:00,2023-08-06 09:30:00-04:00,228,15075.0,21,2.09,0.39,-1.74,2,15,LOSS,stop,-1.0444,9,0.31,0.1,0.09,0.31,0.39,-0.05,0.49,0.39,-0.38,0.69,0.39,-0.54,0.82,0.39,-0.73,1.12,0.39,-1.08,1.22,0.39,-1.19,1.4,0.39,-1.31,1.45,0.39,-1.41,1.54,0.39,-1.32,1.54,0.39,-1.43,1.7,0.39,-1.51,1.7,0.39,-1.63,1.87,0.39,-1.82,2.09,0.39,-2.03,2.09,0.39,-1.9,2.09,0.39,-1.7,2.09,0.39,-1.89,2.09,0.39,-1.92,2.09,0.39,-1.74,0.31,0.1,0.09,0.31,0.39,-0.05,0.49,0.39,-0.38,0.69,0.39,-0.54,0.82,0.39,-0.73,1.12,0.39,-1.08,1.22,0.39,-1.19,1.4,0.39,-1.31,1.0899999999999999,1.0899999999999999,0.9099999999999999,0.58,0.29000000000000004,0.0,0.0,0.0,-1.4000000000000001,-1.26,-0.93,-0.5800000000000001,-1.0099999999999998,0.2785714285714286,0.175,0.182,0.19333333333333333,0.04875,0.0,0.0,0.4187396054146982,0.1025304832720494,0.522505980827014,False,True,FAILURE
2023-07-18 09:37:00-04:00,2023-07-18 09:41:00-04:00,2023-07-17,0.8051197169748825,0.48568515658159,25.0,1.75,20,-25.0,-26.11,-1.0444,stop,4,9,2023-05-06 09:30:00-04:00,2023-08-06 09:30:00-04:00,232,15755.25,21,1.3,0.87,-0.2,14,5,LOSS,stop,-1.0444,9,0.67,0.06,-0.44,0.67,0.06,-0.13,0.67,0.11,-0.5,1.04,0.11,-0.98,1.3,0.11,-0.8,1.3,0.11,-0.3,1.3,0.11,-0.27,1.3,0.11,-0.54,1.3,0.11,-0.57,1.3,0.11,-0.97,1.3,0.11,-0.67,1.3,0.11,-0.55,1.3,0.21,-0.07,1.3,0.87,0.43,1.3,0.87,0.54,1.3,0.87,0.23,1.3,0.87,-0.01,1.3,0.87,0.14,1.3,0.87,-0.11,1.3,0.87,-0.2,0.67,0.06,-0.44,0.67,0.06,-0.13,0.67,0.11,-0.5,1.04,0.11,-0.98,1.3,0.11,-0.8,1.3,0.11,-0.3,1.3,0.11,-0.27,1.3,0.11,-0.54,0.63,0.63,0.63,0.0,0.05,0.05,0.0,0.0,-0.10000000000000003,-0.41000000000000003,-0.040000000000000036,0.26,-1.19,0.0846153846153846,0.1625,0.126,0.0,0.01375,0.0,0.0,0.31178919160227475,0.023145502494313786,0.281627920693751,False,True,FAILURE
2023-07-19 12:25:00-04:00,2023-07-19 12:45:00-04:00,2023-07-18,0.7636382429298687,0.583909092102442,25.0,1.75,20,-2.0,-3.11,-0.1244,timeout,20,9,2023-05-06 09:30:00-04:00,2023-08-06 09:30:00-04:00,233,15974.25,21,0.81,1.08,-0.08,15,3,LOSS,timeout,-0.1244,9,0.17,0.22,0.06,0.66,0.22,-0.63,0.81,0.22,-0.31,0.81,0.22,-0.16,0.81,0.35,0.2,0.81,0.93,0.77,0.81,0.93,0.31,0.81,0.93,-0.23,0.81,0.93,-0.52,0.81,0.93,-0.59,0.81,0.93,-0.21,0.81,0.93,0.08,0.81,0.93,0.09,0.81,0.93,0.57,0.81,1.08,0.7,0.81,1.08,0.27,0.81,1.08,0.3,0.81,1.08,0.25,0.81,1.08,0.25,0.81,1.08,-0.08,0.17,0.22,0.06,0.66,0.22,-0.63,0.81,0.22,-0.31,0.81,0.22,-0.16,0.81,0.35,0.2,0.81,0.93,0.77,0.81,0.93,0.31,0.81,0.93,-0.23,0.64,0.15000000000000002,0.0,0.0,0.7100000000000001,0.7100000000000001,0.7100000000000001,0.5800000000000001,-0.29000000000000004,0.4,0.07999999999999999,-0.43000000000000005,0.12,1.1481481481481481,0.10125,0.0,0.0,0.11625,0.14200000000000002,0.19333333333333336,0.22490871163969745,0.3567211796347394,0.4316227684978102,False,True,FAILURE
2023-07-20 10:05:00-04:00,2023-07-20 10:24:00-04:00,2023-07-19,0.7998127786237815,0.4600833993322802,25.0,1.75,20,43.75,42.64,1.7056,target,19,9,2023-05-06 09:30:00-04:00,2023-08-06 09:30:00-04:00,234,15811.0,21,0.84,2.18,2.1,20,8,WIN,target,1.7056,9,0.32,0.07,-0.2,0.32,0.19,0.14,0.32,0.44,-0.15,0.32,0.44,0.12,0.32,0.76,0.37,0.32,0.76,-0.07,0.52,0.76,-0.5,0.84,0.76,-0.29,0.84,0.76,0.02,0.84,0.76,0.22,0.84,0.76,0.13,0.84,0.76,0.46,0.84,0.85,0.71,0.84,1.07,1.0,0.84,1.56,1.34,0.84,1.56,0.9,0.84,1.56,1.22,0.84,1.63,1.56,0.84,2.01,1.83,0.84,2.18,2.1,0.32,0.07,-0.2,0.32,0.19,0.14,0.32,0.44,-0.15,0.32,0.44,0.12,0.32,0.76,0.37,0.32,0.76,-0.07,0.52,0.76,-0.5,0.84,0.76,-0.29,0.52,0.52,0.52,0.52,0.69,0.5700000000000001,0.32,0.0,-0.08999999999999997,-0.43,-0.13999999999999999,-0.6599999999999999,-0.07999999999999996,0.9047619047619048,0.105,0.10400000000000001,0.17333333333333334,0.095,0.064,0.0,0.18731181032095728,0.2814630145710597,0.27525313025338277,True,True,RECOVERY
2023-07-20 12:34:00-04:00,2023-07-20 12:50:00-04:00,2023-07-19,1.0,0.4188169196504754,25.0,1.75,20,-25.0,-26.11,-1.0444,stop,16,9,2023-05-06 09:30:00-04:00,2023-08-06 09:30:00-04:00,235,15688.5,21,1.05,0.16,-0.75,1,17,LOSS,stop,-1.0444,9,0.45,0.16,-0.43,0.51,0.16,-0.46,0.51,0.16,-0.07,0.51,0.16,-0.27,0.51,0.16,-0.33,0.78,0.16,-0.75,0.83,0.16,-0.64,0.97,0.16,-0.9,0.97,0.16,-0.8,0.97,0.16,-0.72,0.97,0.16,-0.54,0.97,0.16,-0.47,0.97,0.16,-0.39,0.97,0.16,-0.29,0.97,0.16,-0.58,1.01,0.16,-0.94,1.05,0.16,-0.92,1.05,0.16,-0.83,1.05,0.16,-0.71,1.05,0.16,-0.75,0.45,0.16,-0.43,0.51,0.16,-0.46,0.51,0.16,-0.07,0.51,0.16,-0.27,0.51,0.16,-0.33,0.78,0.16,-0.75,0.83,0.16,-0.64,0.97,0.16,-0.9,0.52,0.45999999999999996,0.45999999999999996,0.45999999999999996,0.0,0.0,0.0,0.0,-0.47000000000000003,-0.44,-0.8300000000000001,-0.5700000000000001,-0.8099999999999999,0.16494845360824742,0.12125,0.092,0.15333333333333332,0.02,0.0,0.0,0.1956627930175499,0.0,0.2705780848479788,False,True,FAILURE
2023-07-27 13:06:00-04:00,2023-07-27 13:20:00-04:00,2023-07-26,0.9251408967218676,0.4802375086965463,25.0,1.75,20,43.75,42.64,1.7056,target,14,9,2023-05-06 09:30:00-04:00,2023-08-06 09:30:00-04:00,239,15791.75,21,0.92,2.08,1.67,15,6,WIN,target,1.7056,9,0.23,0.57,0.49,0.26,0.92,-0.15,0.73,0.92,-0.39,0.73,0.92,-0.59,0.82,0.92,-0.7,0.92,0.92,-0.4,0.92,0.92,-0.52,0.92,0.92,-0.66,0.92,0.92,-0.5,0.92,0.92,0.39,0.92,1.3,0.71,0.92,1.3,0.29,0.92,1.3,1.03,0.92,2.04,1.89,0.92,2.08,1.54,0.92,2.08,1.28,0.92,2.08,1.11,0.92,2.08,1.41,0.92,2.08,1.28,0.92,2.08,1.67,0.23,0.57,0.49,0.26,0.92,-0.15,0.73,0.92,-0.39,0.73,0.92,-0.59,0.82,0.92,-0.7,0.92,0.92,-0.4,0.92,0.92,-0.52,0.92,0.92,-0.66,0.6900000000000001,0.66,0.19000000000000006,0.10000000000000009,0.3500000000000001,0.0,0.0,0.0,-1.15,-0.51,-0.27,0.039999999999999925,0.0,1.0,0.115,0.03800000000000001,0.03333333333333336,0.115,0.0,0.0,0.28667739459439173,0.12374368670764585,0.3878512233171006,True,True,RECOVERY
2023-07-28 13:47:00-04:00,2023-07-28 13:52:00-04:00,2023-07-27,0.9349914726636958,0.408468576479288,25.0,1.75,20,-25.0,-26.11,-1.0444,stop,5,9,2023-05-06 09:30:00-04:00,2023-08-06 09:30:00-04:00,240,15782.0,21,2.8,0.04,-2.62,1,18,LOSS,stop,-1.0444,9,0.48,0.04,-0.27,0.48,0.04,-0.1,0.6,0.04,-0.6,0.87,0.04,-0.84,1.35,0.04,-1.33,1.35,0.04,-1.12,1.45,0.04,-1.42,1.59,0.04,-1.46,2.1,0.04,-1.85,2.1,0.04,-1.93,2.16,0.04,-2.01,2.16,0.04,-2.11,2.18,0.04,-2.09,2.45,0.04,-2.38,2.5,0.04,-2.3,2.56,0.04,-2.44,2.7,0.04,-2.69,2.8,0.04,-2.68,2.8,0.04,-2.63,2.8,0.04,-2.62,0.48,0.04,-0.27,0.48,0.04,-0.1,0.6,0.04,-0.6,0.87,0.04,-0.84,1.35,0.04,-1.33,1.35,0.04,-1.12,1.45,0.04,-1.42,1.59,0.04,-1.46,1.11,1.11,0.9900000000000001,0.24,0.0,0.0,0.0,0.0,-1.19,-1.3599999999999999,-0.86,-0.1299999999999999,-1.55,0.025157232704402514,0.19875,0.198,0.08,0.005,0.0,0.0,0.46440245785002354,0.0,0.52743990856102,False,True,FAILURE
2023-08-02 09:36:00-04:00,2023-08-02 09:44:00-04:00,2023-08-01,0.909141297696147,0.576046101540656,25.0,1.75,20,-25.0,-26.11,-1.0444,stop,8,9,2023-05-06 09:30:00-04:00,2023-08-06 09:30:00-04:00,241,15604.0,21,1.11,0.9,0.0,18,8,LOSS,stop,-1.0444,9,0.25,0.64,0.41,0.25,0.71,0.18,0.4,0.71,-0.38,0.45,0.71,0.05,0.45,0.71,0.0,0.47,0.71,-0.23,0.82,0.71,-0.74,1.11,0.71,-0.14,1.11,0.71,-0.32,1.11,0.71,-0.1,1.11,0.71,-0.01,1.11,0.71,0.03,1.11,0.71,-0.53,1.11,0.71,0.08,1.11,0.71,0.4,1.11,0.71,0.46,1.11,0.71,-0.18,1.11,0.9,0.68,1.11,0.9,0.45,1.11,0.9,0.0,0.25,0.64,0.41,0.25,0.71,0.18,0.4,0.71,-0.38,0.45,0.71,0.05,0.45,0.71,0.0,0.47,0.71,-0.23,0.82,0.71,-0.74,1.11,0.71,-0.14,0.8600000000000001,0.8600000000000001,0.7100000000000001,0.6600000000000001,0.06999999999999995,0.0,0.0,0.0,-0.55,-0.32,0.24,-0.14,-0.40000000000000013,0.6396396396396395,0.13875,0.14200000000000002,0.22000000000000006,0.08875,0.0,0.0,0.295296461204668,0.02474873734152915,0.3539950564626574,False,True,FAILURE
2023-08-09 15:55:00-04:00,2023-08-09 16:01:00-04:00,2023-08-08,1.0,0.4786557037920093,25.0,1.75,20,-25.0,-26.11,-1.0444,stop,6,10,2023-08-06 09:30:00-04:00,2023-11-06 09:30:00-05:00,246,15175.0,21,1.48,0.31,-1.18,1,20,LOSS,stop,-1.0444,10,0.51,0.31,-0.35,0.57,0.31,-0.26,0.57,0.31,-0.05,0.57,0.31,-0.21,0.75,0.31,-0.74,1.15,0.31,-0.83,1.15,0.31,-0.75,1.15,0.31,-0.75,1.15,0.31,-0.87,1.15,0.31,-0.94,1.15,0.31,-0.94,1.15,0.31,-0.93,1.15,0.31,-0.97,1.15,0.31,-0.98,1.15,0.31,-0.87,1.15,0.31,-0.89,1.15,0.31,-1.01,1.24,0.31,-1.22,1.42,0.31,-1.37,1.48,0.31,-1.18,0.51,0.31,-0.35,0.57,0.31,-0.26,0.57,0.31,-0.05,0.57,0.31,-0.21,0.75,0.31,-0.74,1.15,0.31,-0.83,1.15,0.31,-0.75,1.15,0.31,-0.75,0.6399999999999999,0.58,0.58,0.3999999999999999,0.0,0.0,0.0,0.0,-0.4,-0.49,-0.7,-0.010000000000000009,-0.8399999999999999,0.26956521739130435,0.14375,0.11599999999999999,0.1333333333333333,0.03875,0.0,0.0,0.2958643511572732,0.0,0.3065359452238607,False,True,FAILURE
2023-08-15 10:24:00-04:00,2023-08-15 10:44:00-04:00,2023-08-14,1.0,0.5648568573482232,25.0,1.75,20,-16.5,-17.61,-0.7044,timeout,20,10,2023-08-06 09:30:00-04:00,2023-11-06 09:30:00-05:00,247,15120.75,21,0.93,0.51,-0.66,8,19,LOSS,timeout,-0.7044,10,0.35,0.31,-0.14,0.43,0.31,-0.33,0.54,0.31,-0.44,0.78,0.31,-0.71,0.8,0.31,-0.63,0.8,0.31,-0.13,0.8,0.31,0.11,0.8,0.51,0.26,0.8,0.51,0.17,0.8,0.51,0.19,0.8,0.51,0.2,0.8,0.51,0.31,0.8,0.51,0.3,0.8,0.51,-0.18,0.8,0.51,-0.44,0.8,0.51,-0.09,0.8,0.51,-0.37,0.8,0.51,-0.35,0.93,0.51,-0.87,0.93,0.51,-0.66,0.35,0.31,-0.14,0.43,0.31,-0.33,0.54,0.31,-0.44,0.78,0.31,-0.71,0.8,0.31,-0.63,0.8,0.31,-0.13,0.8,0.31,0.11,0.8,0.51,0.26,0.45000000000000007,0.37000000000000005,0.26,0.0,0.2,0.2,0.2,0.2,0.4,0.5900000000000001,0.7,0.89,-0.29000000000000004,0.6375,0.1,0.052000000000000005,0.0,0.06375,0.04,0.06666666666666667,0.19129259562998552,0.07071067811865475,0.3411508882758897,False,True,FAILURE
2023-08-17 14:56:00-04:00,2023-08-17 15:15:00-04:00,2023-08-16,0.9134657851635276,0.4130187058431654,25.0,1.75,20,43.75,42.64,1.7056,target,19,10,2023-08-06 09:30:00-04:00,2023-11-06 09:30:00-05:00,251,14803.5,21,0.77,1.98,1.42,19,5,WIN,target,1.7056,10,0.68,0.02,-0.36,0.68,0.02,-0.18,0.68,0.02,-0.36,0.68,0.02,-0.54,0.77,0.02,-0.69,0.77,0.02,-0.42,0.77,0.02,-0.1,0.77,0.17,0.1,0.77,0.17,-0.13,0.77,0.17,-0.39,0.77,0.42,0.26,0.77,0.49,0.45,0.77,0.73,0.69,0.77,0.93,0.69,0.77,1.21,1.1,0.77,1.21,0.98,0.77,1.39,1.09,0.77,1.39,1.18,0.77,1.98,1.82,0.77,1.98,1.42,0.68,0.02,-0.36,0.68,0.02,-0.18,0.68,0.02,-0.36,0.68,0.02,-0.54,0.77,0.02,-0.69,0.77,0.02,-0.42,0.77,0.02,-0.1,0.77,0.17,0.1,0.08999999999999997,0.08999999999999997,0.08999999999999997,0.0,0.15000000000000002,0.15000000000000002,0.15000000000000002,0.15000000000000002,0.45999999999999996,0.28,0.45999999999999996,0.7899999999999999,-0.6,0.2207792207792208,0.09625,0.017999999999999995,0.0,0.02125,0.030000000000000006,0.05000000000000001,0.04810702354423638,0.053033008588991064,0.2515345758680958,True,True,RECOVERY
2023-08-24 15:55:00-04:00,2023-08-24 15:57:00-04:00,2023-08-23,0.9402104855055582,0.5553110920215284,25.0,1.75,20,-25.0,-26.11,-1.0444,stop,2,10,2023-08-06 09:30:00-04:00,2023-11-06 09:30:00-05:00,255,14863.75,21,1.09,1.08,0.85,6,2,LOSS,stop,-1.0444,10,0.77,0.09,-0.71,1.09,0.09,-0.74,1.09,0.09,-0.84,1.09,0.34,0.19,1.09,0.54,0.27,1.09,1.08,0.85,1.09,1.08,0.85,1.09,1.08,0.82,1.09,1.08,0.46,1.09,1.08,0.47,1.09,1.08,0.4,1.09,1.08,0.42,1.09,1.08,0.38,1.09,1.08,0.32,1.09,1.08,0.58,1.09,1.08,0.49,1.09,1.08,0.41,1.09,1.08,0.42,1.09,1.08,0.58,1.09,1.08,0.85,0.77,0.09,-0.71,1.09,0.09,-0.74,1.09,0.09,-0.84,1.09,0.34,0.19,1.09,0.54,0.27,1.09,1.08,0.85,1.09,1.08,0.85,1.09,1.08,0.82,0.32000000000000006,0.0,0.0,0.0,0.9900000000000001,0.9900000000000001,0.9900000000000001,0.54,1.5299999999999998,1.56,1.66,0.5499999999999999,-0.010000000000000009,0.9908256880733944,0.13625,0.0,0.0,0.135,0.198,0.18000000000000002,0.11313708498984763,0.4662444944140666,0.7487310694005654,False,True,FAILURE
2023-09-20 09:31:00-04:00,2023-09-20 09:35:00-04:00,2023-09-19,0.884594566719967,0.4118221980680563,25.0,1.75,20,-25.0,-26.11,-1.0444,stop,4,10,2023-08-06 09:30:00-04:00,2023-11-06 09:30:00-05:00,260,15377.0,21,2.22,0.01,-1.69,1,15,LOSS,stop,-1.0444,10,0.64,0.01,-0.38,0.64,0.01,-0.56,0.85,0.01,-0.51,1.09,0.01,-0.8,1.22,0.01,-0.82,1.24,0.01,-1.01,1.42,0.01,-1.24,1.47,0.01,-1.46,1.86,0.01,-1.61,2.13,0.01,-1.97,2.13,0.01,-1.47,2.13,0.01,-1.57,2.13,0.01,-1.6,2.13,0.01,-1.86,2.22,0.01,-2.07,2.22,0.01,-1.93,2.22,0.01,-1.68,2.22,0.01,-1.59,2.22,0.01,-1.25,2.22,0.01,-1.69,0.64,0.01,-0.38,0.64,0.01,-0.56,0.85,0.01,-0.51,1.09,0.01,-0.8,1.22,0.01,-0.82,1.24,0.01,-1.01,1.42,0.01,-1.24,1.47,0.01,-1.46,0.83,0.83,0.62,0.25,0.0,0.0,0.0,0.0,-1.08,-0.8999999999999999,-0.95,-0.64,-1.46,0.006802721088435375,0.18375,0.124,0.08333333333333333,0.00125,0.0,0.0,0.3278692030150351,0.0,0.37297069973007646,False,True,FAILURE
2023-09-22 09:40:00-04:00,2023-09-22 09:45:00-04:00,2023-09-21,1.0,0.4050682842166161,25.0,1.75,20,-25.0,-26.11,-1.0444,stop,5,10,2023-08-06 09:30:00-04:00,2023-11-06 09:30:00-05:00,261,14890.75,21,2.42,0.11,-1.62,1,20,LOSS,stop,-1.0444,10,0.43,0.11,-0.16,0.81,0.11,-0.71,0.81,0.11,-0.56,0.81,0.11,-0.56,1.4,0.11,-1.39,2.0,0.11,-1.85,2.13,0.11,-2.08,2.34,0.11,-2.14,2.34,0.11,-1.83,2.34,0.11,-1.55,2.34,0.11,-1.55,2.34,0.11,-1.42,2.34,0.11,-1.3,2.34,0.11,-1.43,2.34,0.11,-1.33,2.34,0.11,-1.73,2.34,0.11,-1.89,2.34,0.11,-1.81,2.4,0.11,-2.36,2.42,0.11,-1.62,0.43,0.11,-0.16,0.81,0.11,-0.71,0.81,0.11,-0.56,0.81,0.11,-0.56,1.4,0.11,-1.39,2.0,0.11,-1.85,2.13,0.11,-2.08,2.34,0.11,-2.14,1.91,1.5299999999999998,1.5299999999999998,0.94,0.0,0.0,0.0,0.0,-1.9800000000000002,-1.4300000000000002,-1.58,-0.7500000000000002,-2.23,0.047008547008547015,0.2925,0.30599999999999994,0.3133333333333333,0.01375,0.0,0.0,0.7303705028467204,0.0,0.7796233064756339,False,True,FAILURE
2023-09-29 11:53:00-04:00,2023-09-29 11:56:00-04:00,2023-09-28,1.0,0.591868129941621,25.0,1.75,20,-25.0,-26.11,-1.0444,stop,3,10,2023-08-06 09:30:00-04:00,2023-11-06 09:30:00-05:00,266,14911.75,21,1.68,0.06,-0.19,1,18,LOSS,stop,-1.0444,10,0.64,0.06,-0.54,0.89,0.06,-0.84,1.29,0.06,-1.13,1.29,0.06,-1.21,1.44,0.06,-1.25,1.44,0.06,-1.14,1.44,0.06,-1.12,1.44,0.06,-0.79,1.44,0.06,-0.75,1.44,0.06,-0.73,1.44,0.06,-1.07,1.44,0.06,-1.26,1.65,0.06,-1.37,1.65,0.06,-1.55,1.65,0.06,-1.38,1.65,0.06,-1.19,1.65,0.06,-1.47,1.68,0.06,-1.49,1.68,0.06,-1.23,1.68,0.06,-0.19,0.64,0.06,-0.54,0.89,0.06,-0.84,1.29,0.06,-1.13,1.29,0.06,-1.21,1.44,0.06,-1.25,1.44,0.06,-1.14,1.44,0.06,-1.12,1.44,0.06,-0.79,0.7999999999999999,0.5499999999999999,0.1499999999999999,0.0,0.0,0.0,0.0,0.0,-0.25,0.04999999999999993,0.33999999999999986,0.45999999999999996,-1.38,0.041666666666666664,0.18,0.02999999999999998,0.0,0.0075,0.0,0.0,0.3040647252524652,0.0,0.250356888118884,False,True,FAILURE
2023-10-18 12:38:00-04:00,2023-10-18 12:58:00-04:00,2023-10-17,0.932941242107956,0.4513639312073771,25.0,1.75,20,8.5,7.390000000000001,0.2956,timeout,20,10,2023-08-06 09:30:00-04:00,2023-11-06 09:30:00-05:00,272,15100.25,21,0.76,0.8,0.34,17,5,WIN,timeout,0.2956,10,0.15,0.28,0.2,0.15,0.28,0.07,0.15,0.28,-0.07,0.47,0.28,-0.3,0.76,0.28,-0.42,0.76,0.28,-0.34,0.76,0.28,-0.31,0.76,0.28,-0.21,0.76,0.28,-0.1,0.76,0.28,0.08,0.76,0.38,0.16,0.76,0.58,0.51,0.76,0.67,0.24,0.76,0.67,0.47,0.76,0.72,0.62,0.76,0.72,0.65,0.76,0.8,0.68,0.76,0.8,0.53,0.76,0.8,0.44,0.76,0.8,0.34,0.15,0.28,0.2,0.15,0.28,0.07,0.15,0.28,-0.07,0.47,0.28,-0.3,0.76,0.28,-0.42,0.76,0.28,-0.34,0.76,0.28,-0.31,0.76,0.28,-0.21,0.61,0.61,0.61,0.0,0.0,0.0,0.0,0.0,-0.41000000000000003,-0.28,-0.13999999999999999,0.21,-0.48,0.368421052631579,0.095,0.122,0.0,0.035,0.0,0.0,0.3020406784335041,0.0,0.2184196485143744,True,True,RECOVERY
2023-10-18 15:47:00-04:00,2023-10-18 15:51:00-04:00,2023-10-17,0.8984125921780961,0.5170754369663926,25.0,1.75,20,-25.0,-26.11,-1.0444,stop,4,10,2023-08-06 09:30:00-04:00,2023-11-06 09:30:00-05:00,273,14983.0,21,3.42,0.16,-3.33,1,20,LOSS,stop,-1.0444,10,0.17,0.16,-0.12,0.46,0.16,-0.32,0.87,0.16,-0.86,1.15,0.16,-1.14,1.3,0.16,-0.79,1.3,0.16,-1.06,1.54,0.16,-1.5,2.13,0.16,-1.41,2.13,0.16,-1.47,2.13,0.16,-1.53,2.13,0.16,-1.8,2.13,0.16,-1.63,3.07,0.16,-3.04,3.35,0.16,-2.97,3.35,0.16,-2.44,3.35,0.16,-2.18,3.35,0.16,-2.41,3.35,0.16,-2.74,3.35,0.16,-2.72,3.42,0.16,-3.33,0.17,0.16,-0.12,0.46,0.16,-0.32,0.87,0.16,-0.86,1.15,0.16,-1.14,1.3,0.16,-0.79,1.3,0.16,-1.06,1.54,0.16,-1.5,2.13,0.16,-1.41,1.96,1.67,1.2599999999999998,0.8299999999999998,0.0,0.0,0.0,0.0,-1.29,-1.0899999999999999,-0.5499999999999999,-0.6199999999999999,-1.97,0.07511737089201878,0.26625,0.25199999999999995,0.2766666666666666,0.02,0.0,0.0,0.6167425950681763,0.0,0.4872371086031933,False,True,FAILURE
2023-10-26 11:43:00-04:00,2023-10-26 11:46:00-04:00,2023-10-25,0.8402085684237182,0.5398134675058291,25.0,1.75,20,-25.0,-26.11,-1.0444,stop,3,10,2023-08-06 09:30:00-04:00,2023-11-06 09:30:00-05:00,279,14231.5,21,2.14,0.08,-1.2,1,13,LOSS,stop,-1.0444,10,0.45,0.08,0.07,0.58,0.08,-0.55,1.14,0.08,-1.07,1.28,0.08,-1.17,1.4,0.08,-1.22,1.4,0.08,-1.12,1.44,0.08,-1.35,1.46,0.08,-1.3,1.56,0.08,-1.14,1.56,0.08,-1.29,1.56,0.08,-1.25,1.56,0.08,-1.54,2.14,0.08,-2.05,2.14,0.08,-2.01,2.14,0.08,-1.69,2.14,0.08,-1.41,2.14,0.08,-0.68,2.14,0.08,-1.09,2.14,0.08,-1.42,2.14,0.08,-1.2,0.45,0.08,0.07,0.58,0.08,-0.55,1.14,0.08,-1.07,1.28,0.08,-1.17,1.4,0.08,-1.22,1.4,0.08,-1.12,1.44,0.08,-1.35,1.46,0.08,-1.3,1.01,0.88,0.32000000000000006,0.06000000000000005,0.0,0.0,0.0,0.0,-1.37,-0.75,-0.22999999999999998,-0.08000000000000007,-1.38,0.05479452054794521,0.1825,0.06400000000000002,0.020000000000000018,0.01,0.0,0.0,0.40298661799830804,0.0,0.48491346798018664,False,True,FAILURE
2023-10-30 12:43:00-04:00,2023-10-30 13:03:00-04:00,2023-10-29,0.9841186262921656,0.5030504374046738,25.0,1.75,20,-9.0,-10.11,-0.4044,timeout,20,10,2023-08-06 09:30:00-04:00,2023-11-06 09:30:00-05:00,282,14322.25,21,0.84,0.47,-0.36,3,7,LOSS,timeout,-0.4044,10,0.19,0.06,-0.04,0.19,0.24,0.2,0.19,0.47,0.12,0.44,0.47,-0.36,0.44,0.47,-0.16,0.48,0.47,-0.44,0.84,0.47,-0.56,0.84,0.47,-0.54,0.84,0.47,-0.39,0.84,0.47,-0.26,0.84,0.47,0.06,0.84,0.47,0.17,0.84,0.47,0.22,0.84,0.47,0.02,0.84,0.47,-0.27,0.84,0.47,-0.33,0.84,0.47,-0.09,0.84,0.47,-0.18,0.84,0.47,-0.05,0.84,0.47,-0.36,0.19,0.06,-0.04,0.19,0.24,0.2,0.19,0.47,0.12,0.44,0.47,-0.36,0.44,0.47,-0.16,0.48,0.47,-0.44,0.84,0.47,-0.56,0.84,0.47,-0.54,0.6499999999999999,0.6499999999999999,0.6499999999999999,0.39999999999999997,0.41,0.22999999999999998,0.0,0.0,-0.5,-0.74,-0.66,-0.38,-0.37,0.5595238095238095,0.105,0.12999999999999998,0.13333333333333333,0.05875,0.0,0.0,0.26941404672256525,0.15574704766750108,0.2961539175110518,False,True,FAILURE
2023-10-31 11:30:00-04:00,2023-10-31 11:34:00-04:00,2023-10-30,0.7820343894009522,0.5522518889921285,25.0,1.75,20,-25.0,-26.11,-1.0444,stop,4,10,2023-08-06 09:30:00-04:00,2023-11-06 09:30:00-05:00,284,14376.5,21,1.42,0.41,0.11,17,5,LOSS,stop,-1.0444,10,0.09,0.15,-0.03,0.76,0.15,-0.53,0.83,0.15,-0.8,1.28,0.15,-1.22,1.42,0.15,-0.97,1.42,0.15,-0.69,1.42,0.15,-0.57,1.42,0.15,-0.9,1.42,0.15,-0.88,1.42,0.15,-1.1,1.42,0.15,-0.4,1.42,0.29,0.15,1.42,0.29,-0.17,1.42,0.29,-0.2,1.42,0.29,-0.18,1.42,0.29,0.16,1.42,0.41,0.21,1.42,0.41,-0.15,1.42,0.41,0.04,1.42,0.41,0.11,0.09,0.15,-0.03,0.76,0.15,-0.53,0.83,0.15,-0.8,1.28,0.15,-1.22,1.42,0.15,-0.97,1.42,0.15,-0.69,1.42,0.15,-0.57,1.42,0.15,-0.9,1.3299999999999998,0.6599999999999999,0.59,0.0,0.0,0.0,0.0,0.0,-0.87,-0.37,-0.09999999999999998,0.06999999999999995,-1.27,0.1056338028169014,0.1775,0.118,0.0,0.01875,0.0,0.0,0.4851214869935747,0.0,0.35588671953706996,False,True,FAILURE
2023-11-09 10:31:00-05:00,2023-11-09 10:38:00-05:00,2023-11-08,0.7642140316963715,0.4892629415587837,25.0,1.75,20,-25.0,-26.11,-1.0444,stop,7,11,2023-11-06 09:30:00-05:00,2024-02-06 09:30:00-05:00,286,15349.75,21,1.43,0.1,-1.34,5,20,LOSS,stop,-1.0444,11,0.72,0.02,-0.63,0.72,0.02,-0.04,0.72,0.02,-0.18,0.72,0.02,-0.27,0.72,0.1,-0.05,0.72,0.1,-0.45,1.0,0.1,-0.93,1.19,0.1,-0.67,1.19,0.1,-0.58,1.19,0.1,-0.29,1.19,0.1,-0.64,1.19,0.1,-0.62,1.19,0.1,-1.06,1.19,0.1,-0.98,1.19,0.1,-0.61,1.19,0.1,-0.75,1.19,0.1,-1.05,1.19,0.1,-0.73,1.19,0.1,-1.11,1.43,0.1,-1.34,0.72,0.02,-0.63,0.72,0.02,-0.04,0.72,0.02,-0.18,0.72,0.02,-0.27,0.72,0.1,-0.05,0.72,0.1,-0.45,1.0,0.1,-0.93,1.19,0.1,-0.67,0.47,0.47,0.47,0.47,0.08,0.08,0.08,0.0,-0.040000000000000036,-0.63,-0.49000000000000005,-0.62,-1.0899999999999999,0.08403361344537816,0.14875,0.094,0.15666666666666665,0.0125,0.016,0.0,0.18086597247685923,0.042761798705987904,0.3221689884871869,False,True,FAILURE
2023-11-09 14:05:00-05:00,2023-11-09 14:25:00-05:00,2023-11-08,0.9890332802688272,0.5889309490769203,25.0,1.75,20,-25.0,-26.11,-1.0444,stop,20,11,2023-11-06 09:30:00-05:00,2024-02-06 09:30:00-05:00,287,15301.0,21,1.2,1.08,-0.91,14,20,LOSS,stop,-1.0444,11,0.24,0.44,0.3,0.25,0.62,0.05,0.55,0.62,-0.52,0.76,0.62,-0.65,0.76,0.62,-0.4,0.76,0.62,-0.31,0.76,0.62,0.14,0.76,0.62,-0.19,0.76,0.62,0.05,0.76,0.62,0.17,0.76,0.62,0.4,0.76,0.62,0.35,0.76,0.88,0.64,0.76,1.08,0.78,0.76,1.08,0.21,0.76,1.08,-0.19,0.76,1.08,0.03,0.76,1.08,-0.14,0.76,1.08,-0.55,1.2,1.08,-0.91,0.24,0.44,0.3,0.25,0.62,0.05,0.55,0.62,-0.52,0.76,0.62,-0.65,0.76,0.62,-0.4,0.76,0.62,-0.31,0.76,0.62,0.14,0.76,0.62,-0.19,0.52,0.51,0.20999999999999996,0.0,0.18,0.0,0.0,0.0,-0.49,-0.24,0.33,0.21000000000000002,-0.14,0.8157894736842105,0.095,0.041999999999999996,0.0,0.0775,0.0,0.0,0.23372755812820067,0.06363961030678927,0.3349093694035533,False,True,FAILURE
2023-12-05 11:29:00-05:00,2023-12-05 11:47:00-05:00,2023-12-04,0.7557728923359494,0.529031776423264,25.0,1.75,20,-25.0,-26.11,-1.0444,stop,18,11,2023-11-06 09:30:00-05:00,2024-02-06 09:30:00-05:00,295,15877.0,21,1.09,0.07,-0.79,1,18,LOSS,stop,-1.0444,11,0.5,0.07,-0.38,0.54,0.07,-0.23,0.75,0.07,-0.67,0.83,0.07,-0.51,0.83,0.07,-0.32,0.83,0.07,-0.59,0.83,0.07,-0.5,0.83,0.07,-0.13,0.83,0.07,-0.25,0.83,0.07,-0.35,0.83,0.07,-0.68,0.83,0.07,-0.67,0.83,0.07,-0.4,0.83,0.07,-0.04,0.83,0.07,-0.4,0.83,0.07,-0.3,0.83,0.07,-0.56,1.09,0.07,-0.86,1.09,0.07,-0.84,1.09,0.07,-0.79,0.5,0.07,-0.38,0.54,0.07,-0.23,0.75,0.07,-0.67,0.83,0.07,-0.51,0.83,0.07,-0.32,0.83,0.07,-0.59,0.83,0.07,-0.5,0.83,0.07,-0.13,0.32999999999999996,0.2899999999999999,0.07999999999999996,0.0,0.0,0.0,0.0,0.0,0.25,0.1,0.54,0.19,-0.76,0.08433734939759037,0.10375,0.015999999999999993,0.0,0.00875,0.0,0.0,0.14048385774071795,0.0,0.1842310273232265,False,True,FAILURE
2023-12-05 12:46:00-05:00,2023-12-05 12:49:00-05:00,2023-12-04,0.9775352030888992,0.4080170036361081,25.0,1.75,20,-25.0,-26.11,-1.0444,stop,3,11,2023-11-06 09:30:00-05:00,2024-02-06 09:30:00-05:00,296,15831.0,21,1.88,-0.02,-1.57,1,19,LOSS,stop,-1.0444,11,0.6,-0.02,-0.43,0.84,-0.02,-0.75,1.06,-0.02,-1.0,1.15,-0.02,-1.11,1.15,-0.02,-0.97,1.15,-0.02,-1.07,1.15,-0.02,-0.86,1.15,-0.02,-0.88,1.15,-0.02,-1.01,1.28,-0.02,-1.19,1.36,-0.02,-1.31,1.62,-0.02,-1.56,1.73,-0.02,-1.67,1.85,-0.02,-1.42,1.85,-0.02,-1.04,1.85,-0.02,-1.21,1.85,-0.02,-1.42,1.85,-0.02,-1.44,1.88,-0.02,-1.11,1.88,-0.02,-1.57,0.6,-0.02,-0.43,0.84,-0.02,-0.75,1.06,-0.02,-1.0,1.15,-0.02,-1.11,1.15,-0.02,-0.97,1.15,-0.02,-1.07,1.15,-0.02,-0.86,1.15,-0.02,-0.88,0.5499999999999999,0.30999999999999994,0.08999999999999986,0.0,0.0,0.0,0.0,0.0,-0.45,-0.13,0.12,0.08999999999999997,-1.17,-0.017391304347826087,0.14375,0.01799999999999997,0.0,-0.0025,0.0,0.0,0.2048998012967035,0.0,0.2175143673415621,False,True,FAILURE
2023-12-06 09:47:00-05:00,2023-12-06 10:07:00-05:00,2023-12-05,0.772997359189198,0.592575840081505,25.0,1.75,20,14.5,13.39,0.5356000000000001,timeout,20,11,2023-11-06 09:30:00-05:00,2024-02-06 09:30:00-05:00,297,15949.75,21,0.86,1.39,0.58,18,5,WIN,timeout,0.5356000000000001,11,0.18,0.19,0.07,0.18,0.28,0.08,0.47,0.29,-0.47,0.69,0.29,-0.6,0.86,0.29,-0.74,0.86,0.29,-0.37,0.86,0.29,0.03,0.86,0.29,-0.01,0.86,0.29,0.07,0.86,0.29,-0.02,0.86,0.29,-0.11,0.86,0.44,0.04,0.86,0.92,0.67,0.86,1.27,1.21,0.86,1.27,1.02,0.86,1.27,0.98,0.86,1.38,1.17,0.86,1.39,0.82,0.86,1.39,0.89,0.86,1.39,0.58,0.18,0.19,0.07,0.18,0.28,0.08,0.47,0.29,-0.47,0.69,0.29,-0.6,0.86,0.29,-0.74,0.86,0.29,-0.37,0.86,0.29,0.03,0.86,0.29,-0.01,0.6799999999999999,0.6799999999999999,0.39,0.0,0.09999999999999998,0.009999999999999953,0.0,0.0,-0.08,-0.09,0.45999999999999996,0.73,-0.5700000000000001,0.3372093023255814,0.1075,0.078,0.0,0.03625,0.0,0.0,0.3035504194410826,0.03502550091412989,0.33224076897850535,True,True,RECOVERY
2023-12-13 15:26:00-05:00,2023-12-13 15:27:00-05:00,2023-12-12,1.0,0.5996065274289026,25.0,1.75,20,-25.0,-26.11,-1.0444,stop,1,11,2023-11-06 09:30:00-05:00,2024-02-06 09:30:00-05:00,298,16475.5,21,2.87,0.1,-2.52,1,14,LOSS,stop,-1.0444,11,1.03,0.1,-0.9,1.16,0.1,-1.11,1.48,0.1,-1.33,1.48,0.1,-1.27,1.52,0.1,-1.52,1.81,0.1,-1.78,1.81,0.1,-1.61,1.81,0.1,-1.7,2.36,0.1,-2.22,2.56,0.1,-2.28,2.56,0.1,-2.21,2.56,0.1,-2.3,2.85,0.1,-2.85,2.87,0.1,-2.75,2.87,0.1,-2.65,2.87,0.1,-2.69,2.87,0.1,-2.68,2.87,0.1,-2.65,2.87,0.1,-2.63,2.87,0.1,-2.52,1.03,0.1,-0.9,1.16,0.1,-1.11,1.48,0.1,-1.33,1.48,0.1,-1.27,1.52,0.1,-1.52,1.81,0.1,-1.78,1.81,0.1,-1.61,1.81,0.1,-1.7,0.78,0.6500000000000001,0.33000000000000007,0.29000000000000004,0.0,0.0,0.0,0.0,-0.7999999999999999,-0.5899999999999999,-0.3699999999999999,-0.17999999999999994,-1.71,0.05524861878453039,0.22625,0.06600000000000002,0.09666666666666668,0.0125,0.0,0.0,0.29874738492579317,0.0,0.3044315545875155,False,True,FAILURE
2023-12-15 14:00:00-05:00,2023-12-15 14:12:00-05:00,2023-12-14,0.8607985327787746,0.5477041578106062,25.0,1.75,20,-25.0,-26.11,-1.0444,stop,12,11,2023-11-06 09:30:00-05:00,2024-02-06 09:30:00-05:00,300,16773.0,21,1.57,0.11,-1.16,1,17,LOSS,stop,-1.0444,11,0.1,0.11,0.01,0.42,0.11,-0.4,0.79,0.11,-0.74,0.84,0.11,-0.54,0.84,0.11,-0.24,0.84,0.11,-0.43,0.94,0.11,-0.87,0.96,0.11,-0.8,0.96,0.11,-0.82,0.96,0.11,-0.72,0.99,0.11,-0.87,1.25,0.11,-1.18,1.25,0.11,-1.03,1.25,0.11,-0.93,1.25,0.11,-1.18,1.47,0.11,-1.39,1.57,0.11,-1.46,1.57,0.11,-1.29,1.57,0.11,-1.44,1.57,0.11,-1.16,0.1,0.11,0.01,0.42,0.11,-0.4,0.79,0.11,-0.74,0.84,0.11,-0.54,0.84,0.11,-0.24,0.84,0.11,-0.43,0.94,0.11,-0.87,0.96,0.11,-0.8,0.86,0.54,0.16999999999999993,0.12,0.0,0.0,0.0,0.0,-0.81,-0.4,-0.06000000000000005,-0.56,-0.85,0.11458333333333334,0.12,0.03399999999999999,0.04,0.01375,0.0,0.0,0.29961582544509036,0.0,0.29968733706982015,False,True,FAILURE
2023-12-21 10:08:00-05:00,2023-12-21 10:13:00-05:00,2023-12-20,1.0,0.5639305099334259,25.0,1.75,20,-25.0,-26.11,-1.0444,stop,5,11,2023-11-06 09:30:00-05:00,2024-02-06 09:30:00-05:00,301,16852.75,21,3.23,0.36,-1.14,1,15,LOSS,stop,-1.0444,11,0.27,0.36,0.14,0.66,0.36,-0.55,0.66,0.36,-0.12,0.66,0.36,-0.42,1.36,0.36,-1.18,1.67,0.36,-1.35,1.67,0.36,-1.45,1.69,0.36,-1.55,1.91,0.36,-1.71,1.93,0.36,-1.84,2.16,0.36,-1.86,2.36,0.36,-2.24,2.62,0.36,-2.61,3.07,0.36,-2.96,3.23,0.36,-2.94,3.23,0.36,-2.92,3.23,0.36,-2.45,3.23,0.36,-1.84,3.23,0.36,-1.24,3.23,0.36,-1.14,0.27,0.36,0.14,0.66,0.36,-0.55,0.66,0.36,-0.12,0.66,0.36,-0.42,1.36,0.36,-1.18,1.67,0.36,-1.35,1.67,0.36,-1.45,1.69,0.36,-1.55,1.42,1.0299999999999998,1.0299999999999998,0.32999999999999985,0.0,0.0,0.0,0.0,-1.69,-1.0,-1.4300000000000002,-0.3700000000000001,-1.33,0.21301775147928995,0.21125,0.20599999999999996,0.10999999999999995,0.045,0.0,0.0,0.5771852883978048,0.0,0.6529055937007389,False,True,FAILURE
2023-12-21 12:09:00-05:00,2023-12-21 12:29:00-05:00,2023-12-20,1.0,0.4122547383583059,25.0,1.75,20,-6.5,-7.609999999999999,-0.3044,timeout,20,11,2023-11-06 09:30:00-05:00,2024-02-06 09:30:00-05:00,303,16832.75,21,0.83,0.11,-0.26,14,6,LOSS,timeout,-0.3044,11,0.46,0.05,-0.26,0.75,0.05,-0.58,0.75,0.05,-0.32,0.75,0.05,-0.04,0.75,0.05,-0.2,0.83,0.05,-0.69,0.83,0.05,-0.38,0.83,0.05,-0.18,0.83,0.05,-0.51,0.83,0.05,-0.42,0.83,0.05,-0.34,0.83,0.05,-0.11,0.83,0.05,-0.22,0.83,0.11,-0.01,0.83,0.11,-0.42,0.83,0.11,-0.22,0.83,0.11,-0.24,0.83,0.11,-0.24,0.83,0.11,-0.09,0.83,0.11,-0.26,0.46,0.05,-0.26,0.75,0.05,-0.58,0.75,0.05,-0.32,0.75,0.05,-0.04,0.75,0.05,-0.2,0.83,0.05,-0.69,0.83,0.05,-0.38,0.83,0.05,-0.18,0.36999999999999994,0.07999999999999996,0.07999999999999996,0.07999999999999996,0.0,0.0,0.0,0.0,0.08000000000000002,0.39999999999999997,0.14,0.020000000000000018,-0.7799999999999999,0.06024096385542169,0.10375,0.015999999999999993,0.026666666666666655,0.00625,0.0,0.0,0.12129509470708201,0.0,0.21483797881859049,False,True,FAILURE
2024-01-11 11:39:00-05:00,2024-01-11 11:49:00-05:00,2024-01-10,0.777524676479805,0.5848337402729716,25.0,1.75,20,-25.0,-26.11,-1.0444,stop,10,11,2023-11-06 09:30:00-05:00,2024-02-06 09:30:00-05:00,308,16779.0,21,1.38,1.04,0.24,7,11,LOSS,stop,-1.0444,11,0.51,0.26,-0.27,0.59,0.26,-0.43,0.59,0.26,-0.12,0.59,0.26,0.06,0.59,0.41,0.37,0.59,0.91,0.82,0.59,1.04,0.19,0.75,1.04,-0.63,0.76,1.04,-0.49,1.17,1.04,-1.1,1.38,1.04,-0.94,1.38,1.04,-0.37,1.38,1.04,-0.18,1.38,1.04,0.28,1.38,1.04,0.11,1.38,1.04,-0.01,1.38,1.04,0.15,1.38,1.04,-0.01,1.38,1.04,0.02,1.38,1.04,0.24,0.51,0.26,-0.27,0.59,0.26,-0.43,0.59,0.26,-0.12,0.59,0.26,0.06,0.59,0.41,0.37,0.59,0.91,0.82,0.59,1.04,0.19,0.75,1.04,-0.63,0.24,0.16000000000000003,0.16000000000000003,0.16000000000000003,0.78,0.78,0.78,0.6300000000000001,-0.36,-0.2,-0.51,-1.0,0.29000000000000004,1.3866666666666667,0.09375,0.03200000000000001,0.053333333333333344,0.13,0.156,0.21000000000000005,0.0667618368317024,0.3714065927563176,0.46569264848947617,False,True,FAILURE
2024-01-24 11:14:00-05:00,2024-01-24 11:22:00-05:00,2024-01-23,1.0,0.4065151328848214,25.0,1.75,20,-25.0,-26.11,-1.0444,stop,8,11,2023-11-06 09:30:00-05:00,2024-02-06 09:30:00-05:00,313,17695.25,21,1.11,0.29,-0.46,1,8,LOSS,stop,-1.0444,11,0.12,0.29,0.01,0.31,0.29,-0.23,0.43,0.29,-0.4,0.63,0.29,-0.56,0.68,0.29,-0.64,0.81,0.29,-0.61,0.81,0.29,-0.7,1.11,0.29,-0.88,1.11,0.29,-0.77,1.11,0.29,-0.64,1.11,0.29,-0.77,1.11,0.29,-0.73,1.11,0.29,-0.82,1.11,0.29,-0.78,1.11,0.29,-0.52,1.11,0.29,-0.65,1.11,0.29,-0.59,1.11,0.29,-0.32,1.11,0.29,-0.54,1.11,0.29,-0.46,0.12,0.29,0.01,0.31,0.29,-0.23,0.43,0.29,-0.4,0.63,0.29,-0.56,0.68,0.29,-0.64,0.81,0.29,-0.61,0.81,0.29,-0.7,1.11,0.29,-0.88,0.9900000000000001,0.8,0.6800000000000002,0.43000000000000005,0.0,0.0,0.0,0.0,-0.89,-0.65,-0.48,-0.24,-0.8200000000000001,0.2612612612612612,0.13875,0.13600000000000004,0.14333333333333334,0.03625,0.0,0.0,0.31571913377014615,0.0,0.2835205963795727,False,True,FAILURE
2024-01-24 14:28:00-05:00,2024-01-24 14:40:00-05:00,2024-01-23,0.9283246531855504,0.4597173672469216,25.0,1.75,20,-25.0,-26.11,-1.0444,stop,12,11,2023-11-06 09:30:00-05:00,2024-02-06 09:30:00-05:00,314,17642.25,21,1.81,0.18,-1.76,6,20,LOSS,stop,-1.0444,11,0.25,0.09,-0.2,0.69,0.09,-0.63,0.77,0.09,-0.48,0.77,0.09,-0.34,0.77,0.09,-0.07,0.77,0.18,-0.12,0.77,0.18,-0.16,0.77,0.18,-0.72,0.77,0.18,-0.47,0.77,0.18,-0.35,0.85,0.18,-0.83,1.08,0.18,-1.02,1.13,0.18,-0.96,1.13,0.18,-0.81,1.43,0.18,-1.32,1.59,0.18,-1.44,1.8,0.18,-1.72,1.8,0.18,-1.56,1.8,0.18,-1.54,1.81,0.18,-1.76,0.25,0.09,-0.2,0.69,0.09,-0.63,0.77,0.09,-0.48,0.77,0.09,-0.34,0.77,0.09,-0.07,0.77,0.18,-0.12,0.77,0.18,-0.16,0.77,0.18,-0.72,0.52,0.08000000000000007,0.0,0.0,0.09,0.09,0.09,0.09,-0.52,-0.08999999999999997,-0.24,-0.6499999999999999,-0.5900000000000001,0.23376623376623376,0.09625,0.0,0.0,0.0225,0.018,0.03,0.18197331044492682,0.04657942525560891,0.24535688292770594,False,True,FAILURE
2024-01-24 16:08:00-05:00,2024-01-24 16:28:00-05:00,2024-01-23,0.8749403444305744,0.4450631488345131,25.0,1.75,20,-16.0,-17.11,-0.6844,timeout,20,11,2023-11-06 09:30:00-05:00,2024-02-06 09:30:00-05:00,315,17582.0,21,0.96,0.14,-0.64,1,4,LOSS,timeout,-0.6844,11,0.39,0.14,-0.22,0.85,0.14,-0.82,0.85,0.14,-0.71,0.96,0.14,-0.65,0.96,0.14,-0.61,0.96,0.14,-0.58,0.96,0.14,-0.49,0.96,0.14,-0.34,0.96,0.14,-0.48,0.96,0.14,-0.46,0.96,0.14,-0.53,0.96,0.14,-0.55,0.96,0.14,-0.41,0.96,0.14,-0.27,0.96,0.14,-0.28,0.96,0.14,-0.33,0.96,0.14,-0.47,0.96,0.14,-0.58,0.96,0.14,-0.51,0.96,0.14,-0.64,0.39,0.14,-0.22,0.85,0.14,-0.82,0.85,0.14,-0.71,0.96,0.14,-0.65,0.96,0.14,-0.61,0.96,0.14,-0.58,0.96,0.14,-0.49,0.96,0.14,-0.34,0.57,0.10999999999999999,0.10999999999999999,0.0,0.0,0.0,0.0,0.0,-0.12000000000000002,0.4799999999999999,0.36999999999999994,0.26999999999999996,-0.82,0.14583333333333334,0.12,0.022,0.0,0.0175,0.0,0.0,0.19679122367190494,0.0,0.1962323695447386,False,True,FAILURE
2024-01-31 10:37:00-05:00,2024-01-31 10:57:00-05:00,2024-01-30,1.0,0.4030898136275009,25.0,1.75,20,-6.75,-7.859999999999999,-0.3143999999999999,timeout,20,11,2023-11-06 09:30:00-05:00,2024-02-06 09:30:00-05:00,316,17284.0,21,0.93,0.02,-0.27,1,6,LOSS,timeout,-0.3143999999999999,11,0.49,0.02,-0.35,0.54,0.02,-0.3,0.67,0.02,-0.48,0.67,0.02,-0.44,0.79,0.02,-0.69,0.93,0.02,-0.86,0.93,0.02,-0.6,0.93,0.02,-0.45,0.93,0.02,-0.37,0.93,0.02,-0.73,0.93,0.02,-0.69,0.93,0.02,-0.52,0.93,0.02,-0.38,0.93,0.02,-0.28,0.93,0.02,-0.43,0.93,0.02,-0.18,0.93,0.02,-0.34,0.93,0.02,-0.29,0.93,0.02,-0.35,0.93,0.02,-0.27,0.49,0.02,-0.35,0.54,0.02,-0.3,0.67,0.02,-0.48,0.67,0.02,-0.44,0.79,0.02,-0.69,0.93,0.02,-0.86,0.93,0.02,-0.6,0.93,0.02,-0.45,0.44000000000000006,0.39,0.26,0.14,0.0,0.0,0.0,0.0,-0.10000000000000003,-0.15000000000000002,0.02999999999999997,0.23999999999999994,-0.91,0.02150537634408602,0.11625,0.052000000000000005,0.04666666666666667,0.0025,0.0,0.0,0.17848069123257326,0.0,0.18558305803216904,False,True,FAILURE
2024-02-01 11:17:00-05:00,2024-02-01 11:33:00-05:00,2024-01-31,0.7563038208308712,0.451290203586924,25.0,1.75,20,-25.0,-26.11,-1.0444,stop,16,11,2023-11-06 09:30:00-05:00,2024-02-06 09:30:00-05:00,317,17278.75,21,1.36,0.15,-0.88,3,18,LOSS,stop,-1.0444,11,0.18,0.1,-0.07,0.3,0.1,-0.05,0.3,0.15,-0.1,0.47,0.15,-0.43,0.73,0.15,-0.69,0.73,0.15,-0.65,0.82,0.15,-0.53,0.82,0.15,-0.18,0.82,0.15,-0.15,0.82,0.15,-0.21,0.82,0.15,0.02,0.82,0.15,-0.09,0.82,0.15,-0.47,0.82,0.15,-0.31,0.82,0.15,-0.7,1.24,0.15,-1.09,1.32,0.15,-1.28,1.36,0.15,-0.78,1.36,0.15,-1.0,1.36,0.15,-0.88,0.18,0.1,-0.07,0.3,0.1,-0.05,0.3,0.15,-0.1,0.47,0.15,-0.43,0.73,0.15,-0.69,0.73,0.15,-0.65,0.82,0.15,-0.53,0.82,0.15,-0.18,0.6399999999999999,0.52,0.52,0.08999999999999997,0.04999999999999999,0.04999999999999999,0.0,0.0,-0.10999999999999999,-0.13,-0.07999999999999999,0.51,-0.6699999999999999,0.18292682926829268,0.1025,0.10400000000000001,0.02999999999999999,0.01875,0.0,0.0,0.26147589345318784,0.023145502494313783,0.26804850307360417,False,True,FAILURE
2024-02-06 10:10:00-05:00,2024-02-06 10:15:00-05:00,2024-02-05,1.0,0.5685283423211368,25.0,1.75,20,-25.0,-26.11,-1.0444,stop,5,12,2024-02-06 09:30:00-05:00,2024-05-06 09:30:00-04:00,321,17611.75,21,1.89,0.55,-0.76,15,12,LOSS,stop,-1.0444,12,0.7,0.0,-0.48,0.7,0.0,-0.42,0.7,0.0,-0.55,0.78,0.0,-0.74,1.27,0.0,-1.11,1.5,0.0,-1.34,1.5,0.0,-1.46,1.8,0.0,-1.51,1.8,0.0,-1.63,1.85,0.0,-1.37,1.85,0.0,-1.46,1.89,0.0,-1.48,1.89,0.0,-0.97,1.89,0.0,-0.23,1.89,0.55,0.46,1.89,0.55,-0.15,1.89,0.55,-0.34,1.89,0.55,-0.4,1.89,0.55,-0.48,1.89,0.55,-0.76,0.7,0.0,-0.48,0.7,0.0,-0.42,0.7,0.0,-0.55,0.78,0.0,-0.74,1.27,0.0,-1.11,1.5,0.0,-1.34,1.5,0.0,-1.46,1.8,0.0,-1.51,1.1,1.1,1.1,0.53,0.0,0.0,0.0,0.0,-1.03,-1.09,-0.96,-0.3999999999999999,-1.8,0.0,0.225,0.22000000000000003,0.17666666666666667,0.0,0.0,0.0,0.45015671874200813,0.0,0.4562717705177788,False,True,FAILURE
2024-02-06 10:25:00-05:00,2024-02-06 10:27:00-05:00,2024-02-05,0.9895065336103332,0.5641281245059636,25.0,1.75,20,-25.0,-26.11,-1.0444,stop,2,12,2024-02-06 09:30:00-05:00,2024-05-06 09:30:00-04:00,322,17600.25,21,2.3,0.05,-1.45,1,12,LOSS,stop,-1.0444,12,0.67,0.05,-0.61,1.0,0.05,-0.8,1.08,0.05,-0.86,1.08,0.05,-0.94,1.43,0.05,-1.22,1.43,0.05,-1.21,1.43,0.05,-1.26,1.61,0.05,-1.5,1.82,0.05,-1.72,2.25,0.05,-2.2,2.25,0.05,-1.95,2.3,0.05,-1.96,2.3,0.05,-1.62,2.3,0.05,-1.39,2.3,0.05,-1.66,2.3,0.05,-1.14,2.3,0.05,-1.09,2.3,0.05,-0.97,2.3,0.05,-1.32,2.3,0.05,-1.45,0.67,0.05,-0.61,1.0,0.05,-0.8,1.08,0.05,-0.86,1.08,0.05,-0.94,1.43,0.05,-1.22,1.43,0.05,-1.21,1.43,0.05,-1.26,1.61,0.05,-1.5,0.9400000000000001,0.6100000000000001,0.53,0.18000000000000016,0.0,0.0,0.0,0.0,-0.89,-0.7,-0.64,-0.28,-1.56,0.031055900621118012,0.20125,0.10600000000000001,0.06000000000000005,0.00625,0.0,0.0,0.310388581343727,0.0,0.29408453595133877,False,True,FAILURE
2024-02-12 14:19:00-05:00,2024-02-12 14:22:00-05:00,2024-02-11,0.9175501255655608,0.4399427356883135,25.0,1.75,20,-25.0,-26.11,-1.0444,stop,3,12,2024-02-06 09:30:00-05:00,2024-05-06 09:30:00-04:00,323,17944.5,21,1.49,0.33,-1.36,1,6,LOSS,stop,-1.0444,12,0.37,0.33,-0.3,0.99,0.33,-0.88,1.18,0.33,-1.01,1.27,0.33,-1.19,1.27,0.33,-1.07,1.49,0.33,-1.26,1.49,0.33,-1.09,1.49,0.33,-0.91,1.49,0.33,-1.19,1.49,0.33,-1.34,1.49,0.33,-1.08,1.49,0.33,-1.28,1.49,0.33,-1.26,1.49,0.33,-1.08,1.49,0.33,-1.15,1.49,0.33,-1.03,1.49,0.33,-0.89,1.49,0.33,-1.17,1.49,0.33,-1.04,1.49,0.33,-1.36,0.37,0.33,-0.3,0.99,0.33,-0.88,1.18,0.33,-1.01,1.27,0.33,-1.19,1.27,0.33,-1.07,1.49,0.33,-1.26,1.49,0.33,-1.09,1.49,0.33,-0.91,1.12,0.5,0.31000000000000005,0.21999999999999997,0.0,0.0,0.0,0.0,-0.6100000000000001,-0.030000000000000027,0.09999999999999998,0.16000000000000003,-1.16,0.2214765100671141,0.18625,0.06200000000000001,0.07333333333333332,0.04125,0.0,0.0,0.3770538991406174,0.0,0.29731837192765986,False,True,FAILURE
2024-02-27 09:41:00-05:00,2024-02-27 09:48:00-05:00,2024-02-26,0.9604610093213696,0.4020885664599765,25.0,1.75,20,-25.0,-26.11,-1.0444,stop,7,12,2024-02-06 09:30:00-05:00,2024-05-06 09:30:00-04:00,326,17945.0,21,2.92,0.28,-2.61,2,19,LOSS,stop,-1.0444,12,0.54,0.02,-0.15,0.54,0.28,-0.05,0.55,0.28,-0.43,0.63,0.28,-0.55,0.7,0.28,-0.52,0.91,0.28,-0.71,1.14,0.28,-0.98,1.14,0.28,-1.08,1.19,0.28,-1.04,1.19,0.28,-0.76,1.19,0.28,-0.9,1.52,0.28,-1.32,1.52,0.28,-1.24,1.52,0.28,-1.08,1.52,0.28,-1.44,2.01,0.28,-1.71,2.01,0.28,-1.62,2.01,0.28,-1.8,2.92,0.28,-2.42,2.92,0.28,-2.61,0.54,0.02,-0.15,0.54,0.28,-0.05,0.55,0.28,-0.43,0.63,0.28,-0.55,0.7,0.28,-0.52,0.91,0.28,-0.71,1.14,0.28,-0.98,1.14,0.28,-1.08,0.5999999999999999,0.5999999999999999,0.5899999999999999,0.43999999999999995,0.26,0.0,0.0,0.0,-0.93,-1.03,-0.6500000000000001,-0.56,-0.8599999999999999,0.24561403508771934,0.1425,0.11799999999999997,0.14666666666666664,0.035,0.0,0.0,0.2596941882841651,0.0919238815542512,0.3617590950579444,False,True,FAILURE
2024-03-05 09:36:00-05:00,2024-03-05 09:56:00-05:00,2024-03-04,0.98238240707076,0.4694180470410511,25.0,1.75,20,26.0,24.89,0.9956,timeout,20,12,2024-02-06 09:30:00-05:00,2024-05-06 09:30:00-04:00,328,18062.25,21,0.93,1.57,1.04,12,4,WIN,timeout,0.9956,12,0.45,0.12,-0.09,0.64,0.12,-0.52,0.75,0.12,-0.73,0.93,0.12,-0.83,0.93,0.12,-0.48,0.93,0.12,-0.14,0.93,0.33,-0.04,0.93,0.33,-0.13,0.93,0.71,0.01,0.93,0.78,0.67,0.93,0.97,0.9,0.93,1.57,1.28,0.93,1.57,0.66,0.93,1.57,0.61,0.93,1.57,0.65,0.93,1.57,1.12,0.93,1.57,0.82,0.93,1.57,0.64,0.93,1.57,0.86,0.93,1.57,1.04,0.45,0.12,-0.09,0.64,0.12,-0.52,0.75,0.12,-0.73,0.93,0.12,-0.83,0.93,0.12,-0.48,0.93,0.12,-0.14,0.93,0.33,-0.04,0.93,0.33,-0.13,0.48000000000000004,0.29000000000000004,0.18000000000000005,0.0,0.21000000000000002,0.21000000000000002,0.21000000000000002,0.21000000000000002,-0.04000000000000001,0.39,0.6,0.35,-0.6000000000000001,0.3548387096774194,0.11625,0.03600000000000001,0.0,0.04125,0.042,0.07,0.18286900073159318,0.09721111047611791,0.3102073039574849,True,True,RECOVERY
2024-03-13 10:01:00-04:00,2024-03-13 10:05:00-04:00,2024-03-12,1.0,0.4541138962567408,25.0,1.75,20,-25.0,-26.11,-1.0444,stop,4,12,2024-02-06 09:30:00-05:00,2024-05-06 09:30:00-04:00,330,18309.5,21,1.97,0.26,-1.52,1,11,LOSS,stop,-1.0444,12,0.54,0.26,-0.43,0.54,0.26,-0.42,0.87,0.26,-0.73,1.07,0.26,-0.91,1.2,0.26,-1.04,1.2,0.26,-0.51,1.2,0.26,-0.66,1.2,0.26,-1.13,1.2,0.26,-0.45,1.61,0.26,-1.56,1.97,0.26,-1.84,1.97,0.26,-1.45,1.97,0.26,-0.73,1.97,0.26,-1.02,1.97,0.26,-0.72,1.97,0.26,-0.86,1.97,0.26,-1.27,1.97,0.26,-1.33,1.97,0.26,-1.55,1.97,0.26,-1.52,0.54,0.26,-0.43,0.54,0.26,-0.42,0.87,0.26,-0.73,1.07,0.26,-0.91,1.2,0.26,-1.04,1.2,0.26,-0.51,1.2,0.26,-0.66,1.2,0.26,-1.13,0.6599999999999999,0.6599999999999999,0.32999999999999996,0.0,0.0,0.0,0.0,0.0,-0.7,-0.71,-0.3999999999999999,-0.08999999999999986,-0.94,0.21666666666666667,0.15,0.06599999999999999,0.0,0.0325,0.0,0.0,0.2930017064796722,0.0,0.27461336456917024,False,True,FAILURE
2024-03-15 09:31:00-04:00,2024-03-15 09:43:00-04:00,2024-03-14,1.0,0.5440460925011857,25.0,1.75,20,43.75,42.64,1.7056,target,12,12,2024-02-06 09:30:00-05:00,2024-05-06 09:30:00-04:00,333,18139.75,21,0.97,2.8,1.58,14,3,WIN,target,1.7056,12,0.8,0.5,-0.24,0.8,0.5,-0.06,0.97,0.5,-0.41,0.97,0.5,-0.23,0.97,0.5,-0.2,0.97,0.9,0.9,0.97,1.39,1.36,0.97,1.5,1.05,0.97,1.5,0.34,0.97,1.5,0.68,0.97,1.67,1.62,0.97,1.99,1.78,0.97,2.34,2.28,0.97,2.8,1.56,0.97,2.8,2.43,0.97,2.8,1.78,0.97,2.8,1.88,0.97,2.8,1.88,0.97,2.8,1.79,0.97,2.8,1.58,0.8,0.5,-0.24,0.8,0.5,-0.06,0.97,0.5,-0.41,0.97,0.5,-0.23,0.97,0.5,-0.2,0.97,0.9,0.9,0.97,1.39,1.36,0.97,1.5,1.05,0.16999999999999993,0.16999999999999993,0.0,0.0,1.0,1.0,1.0,1.0,1.29,1.11,1.46,1.25,0.53,1.5463917525773196,0.12125,0.0,0.0,0.1875,0.2,0.3333333333333333,0.07869470848066684,0.43037981564460676,0.7066710186299058,True,True,RECOVERY
2024-03-26 15:56:00-04:00,2024-03-26 16:00:00-04:00,2024-03-25,1.0,0.4352570746016968,25.0,1.75,20,-25.0,-26.11,-1.0444,stop,4,12,2024-02-06 09:30:00-05:00,2024-05-06 09:30:00-04:00,335,18440.75,21,1.33,0.06,-1.31,1,18,LOSS,stop,-1.0444,12,0.36,0.06,-0.15,0.37,0.06,-0.3,0.56,0.06,-0.39,1.29,0.06,-1.11,1.29,0.06,-0.79,1.29,0.06,-0.92,1.29,0.06,-0.95,1.29,0.06,-0.85,1.29,0.06,-1.02,1.29,0.06,-1.01,1.29,0.06,-1.0,1.29,0.06,-1.04,1.29,0.06,-0.95,1.29,0.06,-1.09,1.29,0.06,-1.09,1.29,0.06,-1.22,1.29,0.06,-1.19,1.33,0.06,-1.28,1.33,0.06,-1.26,1.33,0.06,-1.31,0.36,0.06,-0.15,0.37,0.06,-0.3,0.56,0.06,-0.39,1.29,0.06,-1.11,1.29,0.06,-0.79,1.29,0.06,-0.92,1.29,0.06,-0.95,1.29,0.06,-0.85,0.93,0.92,0.73,0.0,0.0,0.0,0.0,0.0,-0.7,-0.55,-0.45999999999999996,-0.05999999999999994,-1.23,0.046511627906976744,0.16125,0.146,0.0,0.0075,0.0,0.0,0.4491499908557433,0.0,0.3516796431819326,False,True,FAILURE
2024-04-01 10:39:00-04:00,2024-04-01 10:59:00-04:00,2024-03-31,1.0,0.5447223734827592,25.0,1.75,20,6.25,5.140000000000001,0.2056,timeout,20,12,2024-02-06 09:30:00-05:00,2024-05-06 09:30:00-04:00,337,18488.25,21,0.87,0.88,0.25,13,5,WIN,timeout,0.2056,12,0.36,0.19,-0.29,0.58,0.19,-0.31,0.69,0.19,-0.62,0.69,0.19,-0.4,0.87,0.19,-0.64,0.87,0.19,-0.35,0.87,0.19,-0.29,0.87,0.19,-0.51,0.87,0.19,-0.12,0.87,0.19,-0.27,0.87,0.19,0.08,0.87,0.53,0.5,0.87,0.88,0.61,0.87,0.88,0.63,0.87,0.88,0.54,0.87,0.88,0.57,0.87,0.88,0.24,0.87,0.88,0.26,0.87,0.88,0.36,0.87,0.88,0.25,0.36,0.19,-0.29,0.58,0.19,-0.31,0.69,0.19,-0.62,0.69,0.19,-0.4,0.87,0.19,-0.64,0.87,0.19,-0.35,0.87,0.19,-0.29,0.87,0.19,-0.51,0.51,0.29000000000000004,0.18000000000000005,0.0,0.0,0.0,0.0,0.0,-0.22000000000000003,-0.2,0.10999999999999999,0.13,-0.6799999999999999,0.21839080459770116,0.10875,0.03600000000000001,0.0,0.02375,0.0,0.0,0.1854723699099141,0.0,0.14510464204448162,True,True,RECOVERY
2024-04-02 09:40:00-04:00,2024-04-02 09:59:00-04:00,2024-04-01,1.0,0.4463410564035904,25.0,1.75,20,-25.0,-26.11,-1.0444,stop,19,12,2024-02-06 09:30:00-05:00,2024-05-06 09:30:00-04:00,338,18229.0,21,1.14,0.64,-0.64,20,20,LOSS,stop,-1.0444,12,0.44,0.22,-0.02,0.44,0.22,-0.24,0.44,0.22,-0.36,0.61,0.22,-0.47,0.83,0.22,-0.39,0.88,0.22,-0.77,0.88,0.22,-0.55,0.88,0.22,-0.46,0.88,0.22,-0.32,0.88,0.22,-0.66,0.88,0.22,-0.46,0.88,0.22,-0.66,0.88,0.22,-0.69,0.88,0.22,-0.5,0.88,0.22,-0.42,0.88,0.22,-0.21,0.88,0.22,-0.27,0.88,0.22,-0.7,1.04,0.22,-1.0,1.14,0.64,-0.64,0.44,0.22,-0.02,0.44,0.22,-0.24,0.44,0.22,-0.36,0.61,0.22,-0.47,0.83,0.22,-0.39,0.88,0.22,-0.77,0.88,0.22,-0.55,0.88,0.22,-0.46,0.44,0.44,0.44,0.050000000000000044,0.0,0.0,0.0,0.0,-0.44,-0.22000000000000003,-0.10000000000000003,-0.07,-0.66,0.25,0.11,0.088,0.01666666666666668,0.0275,0.0,0.0,0.21380899352993948,0.0,0.22011360703055138,False,True,FAILURE
2024-04-08 09:38:00-04:00,2024-04-08 09:44:00-04:00,2024-04-07,1.0,0.4758207591912733,25.0,1.75,20,-25.0,-26.11,-1.0444,stop,6,12,2024-02-06 09:30:00-05:00,2024-05-06 09:30:00-04:00,342,18264.0,21,1.75,1.05,-1.46,2,18,LOSS,stop,-1.0444,12,0.13,0.89,0.77,0.13,1.05,0.56,0.32,1.05,-0.21,0.68,1.05,-0.68,0.91,1.05,-0.8,1.2,1.05,-0.64,1.2,1.05,-0.85,1.2,1.05,-0.94,1.24,1.05,-0.77,1.41,1.05,-1.38,1.44,1.05,-1.05,1.44,1.05,-0.29,1.44,1.05,-0.4,1.44,1.05,-0.8,1.56,1.05,-1.47,1.64,1.05,-1.32,1.64,1.05,-1.13,1.75,1.05,-1.56,1.75,1.05,-1.27,1.75,1.05,-1.46,0.13,0.89,0.77,0.13,1.05,0.56,0.32,1.05,-0.21,0.68,1.05,-0.68,0.91,1.05,-0.8,1.2,1.05,-0.64,1.2,1.05,-0.85,1.2,1.05,-0.94,1.0699999999999998,1.0699999999999998,0.8799999999999999,0.2899999999999999,0.16000000000000003,0.0,0.0,0.0,-1.71,-1.5,-0.73,-0.1399999999999999,-0.1499999999999999,0.8750000000000001,0.15,0.176,0.09666666666666664,0.13125,0.0,0.0,0.4758582472003311,0.05656854249492382,0.665012083671095,False,True,FAILURE
2024-04-15 15:04:00-04:00,2024-04-15 15:24:00-04:00,2024-04-14,0.7590253392175194,0.4126148360238191,25.0,1.75,20,-25.0,-26.11,-1.0444,stop,20,12,2024-02-06 09:30:00-05:00,2024-05-06 09:30:00-04:00,346,17863.0,21,1.11,0.86,-0.63,13,20,LOSS,stop,-1.0444,12,0.44,0.28,-0.31,0.44,0.28,0.04,0.44,0.28,0.05,0.44,0.28,0.05,0.59,0.28,-0.57,0.61,0.28,-0.29,0.61,0.28,-0.44,0.81,0.28,-0.39,0.81,0.28,-0.31,0.81,0.28,-0.12,0.81,0.28,-0.36,0.81,0.28,-0.13,0.81,0.86,0.71,0.81,0.86,0.72,0.81,0.86,0.75,0.81,0.86,-0.16,0.81,0.86,-0.47,0.81,0.86,-0.48,0.9,0.86,-0.88,1.11,0.86,-0.63,0.44,0.28,-0.31,0.44,0.28,0.04,0.44,0.28,0.05,0.44,0.28,0.05,0.59,0.28,-0.57,0.61,0.28,-0.29,0.61,0.28,-0.44,0.81,0.28,-0.39,0.37000000000000005,0.37000000000000005,0.37000000000000005,0.22000000000000008,0.0,0.0,0.0,0.0,-0.08000000000000002,-0.43,-0.44,0.17999999999999994,-0.53,0.34567901234567905,0.10125,0.07400000000000001,0.07333333333333336,0.035,0.0,0.0,0.13349692345304656,0.0,0.24638819545007193,False,True,FAILURE
2024-04-17 12:23:00-04:00,2024-04-17 12:43:00-04:00,2024-04-16,0.7964290011874449,0.5919742134940013,25.0,1.75,20,36.5,35.39,1.4156,timeout,20,12,2024-02-06 09:30:00-05:00,2024-05-06 09:30:00-04:00,347,17674.5,21,0.89,1.65,1.46,20,3,WIN,timeout,1.4156,12,0.29,0.09,-0.03,0.85,0.09,-0.81,0.89,0.09,-0.39,0.89,0.09,-0.47,0.89,0.09,-0.09,0.89,0.09,-0.28,0.89,0.09,-0.06,0.89,0.09,-0.31,0.89,0.09,-0.08,0.89,0.39,-0.06,0.89,0.39,-0.01,0.89,0.48,0.34,0.89,0.58,0.41,0.89,0.63,0.31,0.89,0.63,0.33,0.89,0.63,0.46,0.89,0.78,0.45,0.89,0.78,0.51,0.89,1.32,1.13,0.89,1.65,1.46,0.29,0.09,-0.03,0.85,0.09,-0.81,0.89,0.09,-0.39,0.89,0.09,-0.47,0.89,0.09,-0.09,0.89,0.09,-0.28,0.89,0.09,-0.06,0.89,0.09,-0.31,0.6000000000000001,0.040000000000000036,0.0,0.0,0.0,0.0,0.0,0.0,-0.28,0.5,0.08000000000000002,-0.22,-0.8,0.10112359550561797,0.11125,0.0,0.0,0.01125,0.0,0.0,0.21057743740215173,0.0,0.25967012040004034,True,True,RECOVERY
2024-04-17 12:46:00-04:00,2024-04-17 12:49:00-04:00,2024-04-16,1.0,0.5923255282896239,25.0,1.75,20,-25.0,-26.11,-1.0444,stop,3,12,2024-02-06 09:30:00-05:00,2024-05-06 09:30:00-04:00,348,17620.75,21,2.58,0.02,-2.49,1,20,LOSS,stop,-1.0444,12,0.81,0.02,-0.74,0.9,0.02,-0.9,1.36,0.02,-1.24,1.43,0.02,-0.91,1.43,0.02,-1.16,1.5,0.02,-1.45,1.52,0.02,-1.17,1.52,0.02,-1.3,1.52,0.02,-1.15,1.52,0.02,-1.05,1.52,0.02,-0.64,1.52,0.02,-1.14,1.52,0.02,-0.91,1.52,0.02,-1.26,1.56,0.02,-1.51,1.84,0.02,-1.29,1.93,0.02,-1.92,2.04,0.02,-1.8,2.23,0.02,-1.82,2.58,0.02,-2.49,0.81,0.02,-0.74,0.9,0.02,-0.9,1.36,0.02,-1.24,1.43,0.02,-0.91,1.43,0.02,-1.16,1.5,0.02,-1.45,1.52,0.02,-1.17,1.52,0.02,-1.3,0.71,0.62,0.15999999999999992,0.09000000000000008,0.0,0.0,0.0,0.0,-0.56,-0.4,-0.06000000000000005,-0.14000000000000012,-1.5,0.013157894736842105,0.19,0.03199999999999999,0.030000000000000027,0.0025,0.0,0.0,0.2862784608433843,0.0,0.23775362397718716,False,True,FAILURE
2024-04-19 12:07:00-04:00,2024-04-19 12:27:00-04:00,2024-04-18,0.9849371139952336,0.5179741432310422,25.0,1.75,20,34.25,33.14,1.3256,timeout,20,12,2024-02-06 09:30:00-05:00,2024-05-06 09:30:00-04:00,352,17260.5,21,0.77,1.66,1.37,17,2,WIN,timeout,1.3256,12,0.6,0.15,-0.53,0.77,0.15,-0.42,0.77,0.21,0.13,0.77,0.62,0.52,0.77,0.69,0.36,0.77,0.89,0.76,0.77,1.5,1.36,0.77,1.5,1.29,0.77,1.5,0.91,0.77,1.5,1.07,0.77,1.5,1.27,0.77,1.5,1.39,0.77,1.5,1.24,0.77,1.5,1.21,0.77,1.5,1.0,0.77,1.55,1.51,0.77,1.66,1.51,0.77,1.66,1.25,0.77,1.66,1.34,0.77,1.66,1.37,0.6,0.15,-0.53,0.77,0.15,-0.42,0.77,0.21,0.13,0.77,0.62,0.52,0.77,0.69,0.36,0.77,0.89,0.76,0.77,1.5,1.36,0.77,1.5,1.29,0.17000000000000004,0.0,0.0,0.0,1.35,1.35,1.29,0.81,1.82,1.71,1.1600000000000001,0.93,0.73,1.948051948051948,0.09625,0.0,0.0,0.1875,0.258,0.27,0.060104076400856556,0.5562871175417036,0.7030939278848677,True,True,RECOVERY
2024-04-25 09:31:00-04:00,2024-04-25 09:42:00-04:00,2024-04-24,0.7717479701747733,0.4902334486816912,25.0,1.75,20,-25.0,-26.11,-1.0444,stop,11,12,2024-02-06 09:30:00-05:00,2024-05-06 09:30:00-04:00,358,17324.5,21,2.29,0.66,-1.29,1,16,LOSS,stop,-1.0444,12,0.29,0.66,0.19,0.29,0.66,0.22,0.37,0.66,0.44,0.84,0.66,-0.82,0.86,0.66,0.23,0.86,0.66,-0.01,0.86,0.66,-0.41,0.86,0.66,-0.4,0.86,0.66,-0.79,0.86,0.66,-0.46,1.47,0.66,-1.28,1.96,0.66,-1.76,2.05,0.66,-1.89,2.1,0.66,-1.99,2.15,0.66,-2.13,2.29,0.66,-1.89,2.29,0.66,-1.24,2.29,0.66,-1.23,2.29,0.66,-1.68,2.29,0.66,-1.29,0.29,0.66,0.19,0.29,0.66,0.22,0.37,0.66,0.44,0.84,0.66,-0.82,0.86,0.66,0.23,0.86,0.66,-0.01,0.86,0.66,-0.41,0.86,0.66,-0.4,0.5700000000000001,0.5700000000000001,0.49,0.0,0.0,0.0,0.0,0.0,-0.5900000000000001,-0.62,-0.8400000000000001,-0.63,-0.19999999999999996,0.7674418604651163,0.1075,0.098,0.0,0.0825,0.0,0.0,0.2803027699776491,0.0,0.42968426946837535,False,True,FAILURE
2024-04-26 09:31:00-04:00,2024-04-26 09:33:00-04:00,2024-04-25,0.8395850269885285,0.4686758945352983,25.0,1.75,20,-25.0,-26.11,-1.0444,stop,2,12,2024-02-06 09:30:00-05:00,2024-05-06 09:30:00-04:00,359,17682.0,21,4.2,0.55,-4.12,1,20,LOSS,stop,-1.0444,12,0.23,0.55,0.53,1.46,0.55,-1.17,2.15,0.55,-2.06,2.17,0.55,-2.14,2.29,0.55,-1.42,2.29,0.55,-1.88,2.42,0.55,-2.34,3.3,0.55,-2.89,3.3,0.55,-1.73,3.3,0.55,-1.4,3.3,0.55,-1.55,3.3,0.55,-1.55,3.3,0.55,-2.09,3.3,0.55,-2.37,3.3,0.55,-2.23,3.3,0.55,-2.53,3.3,0.55,-2.08,3.3,0.55,-3.12,4.07,0.55,-4.02,4.2,0.55,-4.12,0.23,0.55,0.53,1.46,0.55,-1.17,2.15,0.55,-2.06,2.17,0.55,-2.14,2.29,0.55,-1.42,2.29,0.55,-1.88,2.42,0.55,-2.34,3.3,0.55,-2.89,3.07,1.8399999999999999,1.15,1.0099999999999998,0.0,0.0,0.0,0.0,-3.42,-1.7200000000000002,-0.8300000000000001,-1.4700000000000002,-2.75,0.16666666666666669,0.4125,0.22999999999999998,0.3366666666666666,0.06875,0.0,0.0,0.8862833713241574,0.0,1.0355735126006265,False,True,FAILURE
2024-04-29 09:43:00-04:00,2024-04-29 09:47:00-04:00,2024-04-28,0.9645947757035798,0.5998875792654008,25.0,1.75,20,-25.0,-26.11,-1.0444,stop,4,12,2024-02-06 09:30:00-05:00,2024-05-06 09:30:00-04:00,360,17835.0,21,2.11,0.25,-1.57,11,17,LOSS,stop,-1.0444,12,0.44,0.01,-0.43,0.67,0.01,-0.64,0.97,0.01,-0.84,1.17,0.01,-1.16,1.24,0.01,-0.99,1.38,0.01,-1.25,1.38,0.01,-0.99,1.38,0.01,-0.38,1.38,0.01,-0.31,1.38,0.06,-0.11,1.38,0.25,0.05,1.38,0.25,-0.05,1.38,0.25,-0.66,1.38,0.25,-0.75,1.38,0.25,-0.98,1.38,0.25,-1.28,2.11,0.25,-1.84,2.11,0.25,-1.39,2.11,0.25,-1.39,2.11,0.25,-1.57,0.44,0.01,-0.43,0.67,0.01,-0.64,0.97,0.01,-0.84,1.17,0.01,-1.16,1.24,0.01,-0.99,1.38,0.01,-1.25,1.38,0.01,-0.99,1.38,0.01,-0.38,0.94,0.7099999999999999,0.4099999999999999,0.1399999999999999,0.0,0.0,0.0,0.0,0.04999999999999999,0.26,0.45999999999999996,0.61,-1.3699999999999999,0.007246376811594204,0.1725,0.08199999999999999,0.046666666666666634,0.00125,0.0,0.0,0.3572689063276727,0.0,0.324037034920393,False,True,FAILURE
2024-05-01 11:18:00-04:00,2024-05-01 11:22:00-04:00,2024-04-30,1.0,0.4026462786980274,25.0,1.75,20,-25.0,-26.11,-1.0444,stop,4,12,2024-02-06 09:30:00-05:00,2024-05-06 09:30:00-04:00,362,17418.0,21,2.02,0.23,-1.76,1,20,LOSS,stop,-1.0444,12,0.17,0.23,-0.11,0.39,0.23,-0.08,0.62,0.23,-0.55,1.1,0.23,-0.98,1.17,0.23,-0.99,1.17,0.23,-0.87,1.17,0.23,-0.88,1.17,0.23,-1.05,1.43,0.23,-1.27,1.43,0.23,-1.27,1.43,0.23,-1.34,1.56,0.23,-1.38,1.56,0.23,-1.31,1.57,0.23,-1.49,1.57,0.23,-1.48,1.85,0.23,-1.75,1.89,0.23,-1.73,1.89,0.23,-1.64,1.89,0.23,-1.73,2.02,0.23,-1.76,0.17,0.23,-0.11,0.39,0.23,-0.08,0.62,0.23,-0.55,1.1,0.23,-0.98,1.17,0.23,-0.99,1.17,0.23,-0.87,1.17,0.23,-0.88,1.17,0.23,-1.05,0.9999999999999999,0.7799999999999999,0.5499999999999999,0.0,0.0,0.0,0.0,0.0,-0.9400000000000001,-0.9700000000000001,-0.5,-0.06000000000000005,-0.94,0.1965811965811966,0.14625,0.10999999999999999,0.0,0.02875,0.0,0.0,0.41331413165844133,0.0,0.3964642841056791,False,True,FAILURE
2024-07-11 11:03:00-04:00,2024-07-11 11:07:00-04:00,2024-07-10,0.7879223915264038,0.5444017987317535,25.0,1.75,20,-25.0,-26.11,-1.0444,stop,4,13,2024-05-06 09:30:00-04:00,2024-08-06 09:30:00-04:00,363,20594.0,21,2.17,1.47,1.46,20,7,LOSS,stop,-1.0444,13,0.36,0.21,-0.02,0.47,0.21,-0.42,0.47,0.21,-0.34,1.1,0.21,-0.94,1.42,0.21,-1.4,1.99,0.21,-1.96,2.17,0.21,-2.07,2.17,0.21,-1.72,2.17,0.21,-0.61,2.17,0.21,-0.19,2.17,0.21,-1.22,2.17,0.21,-0.8,2.17,0.21,-0.86,2.17,0.21,-0.61,2.17,0.21,-0.68,2.17,0.21,-0.55,2.17,0.21,-0.54,2.17,0.21,-0.13,2.17,0.55,0.54,2.17,1.47,1.46,0.36,0.21,-0.02,0.47,0.21,-0.42,0.47,0.21,-0.34,1.1,0.21,-0.94,1.42,0.21,-1.4,1.99,0.21,-1.96,2.17,0.21,-2.07,2.17,0.21,-1.72,1.81,1.7,1.7,0.75,0.0,0.0,0.0,0.0,-1.7,-1.3,-1.38,-0.32000000000000006,-1.96,0.0967741935483871,0.27125,0.33999999999999997,0.25,0.02625,0.0,0.0,0.7835712657897995,0.0,0.7915885926414049,False,True,FAILURE
2024-08-20 13:00:00-04:00,2024-08-20 13:06:00-04:00,2024-08-19,0.9957188243793724,0.5186007358532865,25.0,1.75,20,-25.0,-26.11,-1.0444,stop,6,14,2024-08-06 09:30:00-04:00,2024-11-06 09:30:00-05:00,365,19751.5,21,1.52,0.01,-0.77,1,10,LOSS,stop,-1.0444,14,0.71,0.01,-0.38,0.71,0.01,-0.44,0.71,0.01,-0.15,0.71,0.01,-0.5,0.71,0.01,-0.3,1.03,0.01,-0.93,1.32,0.01,-1.14,1.32,0.01,-0.98,1.4,0.01,-1.34,1.52,0.01,-1.2,1.52,0.01,-1.14,1.52,0.01,-1.25,1.52,0.01,-1.17,1.52,0.01,-0.99,1.52,0.01,-0.79,1.52,0.01,-0.64,1.52,0.01,-1.09,1.52,0.01,-1.03,1.52,0.01,-0.99,1.52,0.01,-0.77,0.71,0.01,-0.38,0.71,0.01,-0.44,0.71,0.01,-0.15,0.71,0.01,-0.5,0.71,0.01,-0.3,1.03,0.01,-0.93,1.32,0.01,-1.14,1.32,0.01,-0.98,0.6100000000000001,0.6100000000000001,0.6100000000000001,0.6100000000000001,0.0,0.0,0.0,0.0,-0.6,-0.54,-0.83,-0.6799999999999999,-1.31,0.007575757575757576,0.165,0.12200000000000003,0.20333333333333337,0.00125,0.0,0.0,0.28034417622425684,0.0,0.36279667662676923,False,True,FAILURE
2024-08-27 11:33:00-04:00,2024-08-27 11:53:00-04:00,2024-08-26,1.0,0.5623826876667648,25.0,1.75,20,4.25,3.14,0.1256,timeout,20,14,2024-08-06 09:30:00-04:00,2024-11-06 09:30:00-05:00,367,19586.75,21,0.98,0.29,0.17,1,13,WIN,timeout,0.1256,14,0.41,0.29,-0.4,0.71,0.29,-0.53,0.76,0.29,-0.73,0.81,0.29,-0.56,0.95,0.29,-0.75,0.95,0.29,-0.6,0.95,0.29,-0.15,0.95,0.29,-0.48,0.95,0.29,-0.46,0.95,0.29,-0.65,0.95,0.29,-0.67,0.95,0.29,-0.55,0.98,0.29,-0.82,0.98,0.29,-0.63,0.98,0.29,-0.47,0.98,0.29,-0.51,0.98,0.29,-0.61,0.98,0.29,-0.48,0.98,0.29,-0.06,0.98,0.29,0.17,0.41,0.29,-0.4,0.71,0.29,-0.53,0.76,0.29,-0.73,0.81,0.29,-0.56,0.95,0.29,-0.75,0.95,0.29,-0.6,0.95,0.29,-0.15,0.95,0.29,-0.48,0.54,0.24,0.18999999999999995,0.0,0.0,0.0,0.0,0.0,-0.07999999999999996,0.050000000000000044,0.25,0.27,-0.6599999999999999,0.30526315789473685,0.11875,0.03799999999999999,0.0,0.03625,0.0,0.0,0.18931738279558857,0.0,0.19190771591723826,True,True,RECOVERY
2024-09-18 11:47:00-04:00,2024-09-18 11:55:00-04:00,2024-09-17,1.0,0.4886039447714415,25.0,1.75,20,-25.0,-26.11,-1.0444,stop,8,14,2024-08-06 09:30:00-04:00,2024-11-06 09:30:00-05:00,374,19589.25,21,1.0,0.23,-0.69,13,8,LOSS,stop,-1.0444,14,0.61,0.06,-0.37,0.61,0.06,-0.41,0.86,0.06,-0.79,0.86,0.06,-0.19,0.86,0.06,-0.44,0.86,0.06,-0.63,0.86,0.06,-0.68,1.0,0.06,-0.92,1.0,0.06,-0.76,1.0,0.06,-0.72,1.0,0.06,-0.7,1.0,0.06,-0.32,1.0,0.23,-0.48,1.0,0.23,-0.53,1.0,0.23,-0.19,1.0,0.23,0.0,1.0,0.23,0.02,1.0,0.23,-0.11,1.0,0.23,-0.49,1.0,0.23,-0.69,0.61,0.06,-0.37,0.61,0.06,-0.41,0.86,0.06,-0.79,0.86,0.06,-0.19,0.86,0.06,-0.44,0.86,0.06,-0.63,0.86,0.06,-0.68,1.0,0.06,-0.92,0.39,0.39,0.14,0.14,0.0,0.0,0.0,0.0,-0.55,-0.51,-0.13,-0.48000000000000004,-0.94,0.06,0.125,0.028000000000000004,0.04666666666666667,0.0075,0.0,0.0,0.13543580450847237,0.0,0.24242450960483114,False,True,FAILURE
2024-09-19 14:16:00-04:00,2024-09-19 14:28:00-04:00,2024-09-18,0.9595531322317736,0.4378327054696669,25.0,1.75,20,-25.0,-26.11,-1.0444,stop,12,14,2024-08-06 09:30:00-04:00,2024-11-06 09:30:00-05:00,375,20129.0,21,1.08,0.51,-0.71,2,13,LOSS,stop,-1.0444,14,0.25,0.16,-0.23,0.27,0.51,0.32,0.38,0.51,-0.32,0.62,0.51,-0.21,0.62,0.51,-0.32,0.85,0.51,-0.75,0.91,0.51,-0.83,0.94,0.51,-0.87,0.94,0.51,-0.31,0.94,0.51,-0.54,0.94,0.51,-0.65,1.04,0.51,-0.92,1.08,0.51,-0.93,1.08,0.51,-0.88,1.08,0.51,-0.77,1.08,0.51,-0.71,1.08,0.51,-0.28,1.08,0.51,-0.36,1.08,0.51,-0.68,1.08,0.51,-0.71,0.25,0.16,-0.23,0.27,0.51,0.32,0.38,0.51,-0.32,0.62,0.51,-0.21,0.62,0.51,-0.32,0.85,0.51,-0.75,0.91,0.51,-0.83,0.94,0.51,-0.87,0.69,0.6699999999999999,0.5599999999999999,0.31999999999999995,0.35,0.0,0.0,0.0,-0.64,-1.19,-0.55,-0.55,-0.42999999999999994,0.5425531914893618,0.1175,0.11199999999999999,0.10666666666666665,0.06375,0.0,0.0,0.28147570308744485,0.12374368670764584,0.4008005382089343,False,True,FAILURE
2024-09-23 09:32:00-04:00,2024-09-23 09:45:00-04:00,2024-09-22,0.8116666243643076,0.4817025728490358,25.0,1.75,20,-25.0,-26.11,-1.0444,stop,13,14,2024-08-06 09:30:00-04:00,2024-11-06 09:30:00-05:00,378,20041.75,21,2.57,0.4,-1.83,3,18,LOSS,stop,-1.0444,14,0.83,0.26,-0.83,0.93,0.26,-0.44,0.93,0.4,0.25,0.93,0.4,-0.27,0.93,0.4,-0.53,0.99,0.4,-0.58,0.99,0.4,-0.35,0.99,0.4,-0.51,0.99,0.4,-0.17,0.99,0.4,-0.38,0.99,0.4,-0.61,0.99,0.4,-0.86,1.49,0.4,-0.89,1.49,0.4,-0.24,1.49,0.4,-0.96,1.85,0.4,-1.62,2.37,0.4,-2.34,2.57,0.4,-2.11,2.57,0.4,-1.08,2.57,0.4,-1.83,0.83,0.26,-0.83,0.93,0.26,-0.44,0.93,0.4,0.25,0.93,0.4,-0.27,0.93,0.4,-0.53,0.99,0.4,-0.58,0.99,0.4,-0.35,0.99,0.4,-0.51,0.16000000000000003,0.05999999999999994,0.05999999999999994,0.05999999999999994,0.14,0.14,0.0,0.0,0.31999999999999995,-0.07,-0.76,0.020000000000000018,-0.59,0.4040404040404041,0.12375,0.011999999999999988,0.01999999999999998,0.05,0.0,0.0,0.05345224838248488,0.06480740698407861,0.31381295611967874,False,True,FAILURE
2024-09-27 09:36:00-04:00,2024-09-27 09:38:00-04:00,2024-09-26,0.8906587824648646,0.5374718120716864,25.0,1.75,20,-25.0,-26.11,-1.0444,stop,2,14,2024-08-06 09:30:00-04:00,2024-11-06 09:30:00-05:00,381,20320.5,21,1.67,0.41,-0.21,1,13,LOSS,stop,-1.0444,14,0.53,0.41,-0.5,1.03,0.41,-0.99,1.11,0.41,-0.31,1.11,0.41,-0.22,1.11,0.41,-0.53,1.11,0.41,-0.51,1.11,0.41,-0.25,1.11,0.41,-0.23,1.11,0.41,-0.69,1.28,0.41,-0.86,1.28,0.41,-0.92,1.43,0.41,-0.99,1.67,0.41,-1.55,1.67,0.41,-1.44,1.67,0.41,-1.0,1.67,0.41,-1.14,1.67,0.41,-1.16,1.67,0.41,-0.84,1.67,0.41,-0.86,1.67,0.41,-0.21,0.53,0.41,-0.5,1.03,0.41,-0.99,1.11,0.41,-0.31,1.11,0.41,-0.22,1.11,0.41,-0.53,1.11,0.41,-0.51,1.11,0.41,-0.25,1.11,0.41,-0.23,0.5800000000000001,0.08000000000000007,0.0,0.0,0.0,0.0,0.0,0.0,0.27,0.76,0.07999999999999999,0.30000000000000004,-0.7000000000000002,0.3693693693693693,0.13875,0.0,0.0,0.05125,0.0,0.0,0.20296023537347693,0.0,0.2576126660595044,False,True,FAILURE
2024-10-02 12:59:00-04:00,2024-10-02 13:01:00-04:00,2024-10-01,1.0,0.4769375491777696,25.0,1.75,20,-25.0,-26.11,-1.0444,stop,2,14,2024-08-06 09:30:00-04:00,2024-11-06 09:30:00-05:00,384,19980.25,21,1.1,0.31,-0.66,12,2,LOSS,stop,-1.0444,14,0.98,0.23,-0.87,1.1,0.23,-0.92,1.1,0.23,-0.79,1.1,0.23,-0.87,1.1,0.23,-0.84,1.1,0.23,-0.55,1.1,0.23,-0.5,1.1,0.23,-0.5,1.1,0.23,-0.6,1.1,0.23,-0.32,1.1,0.23,-0.29,1.1,0.31,0.14,1.1,0.31,-0.31,1.1,0.31,-0.34,1.1,0.31,-0.58,1.1,0.31,-0.47,1.1,0.31,-0.66,1.1,0.31,-0.39,1.1,0.31,-0.48,1.1,0.31,-0.66,0.98,0.23,-0.87,1.1,0.23,-0.92,1.1,0.23,-0.79,1.1,0.23,-0.87,1.1,0.23,-0.84,1.1,0.23,-0.55,1.1,0.23,-0.5,1.1,0.23,-0.5,0.1200000000000001,0.0,0.0,0.0,0.0,0.0,0.0,0.0,0.37,0.42000000000000004,0.29000000000000004,0.33999999999999997,-0.8700000000000001,0.20909090909090908,0.1375,0.0,0.0,0.02875,0.0,0.0,0.04242640687119289,0.0,0.18094987466936013,False,True,FAILURE
2024-10-03 12:52:00-04:00,2024-10-03 13:01:00-04:00,2024-10-02,1.0,0.5721896690418522,25.0,1.75,20,43.75,42.64,1.7056,target,9,14,2024-08-06 09:30:00-04:00,2024-11-06 09:30:00-05:00,386,19926.75,21,0.9,1.91,0.36,9,5,WIN,target,1.7056,14,0.35,0.77,0.55,0.35,0.98,0.58,0.35,0.98,0.1,0.44,0.98,-0.37,0.9,0.98,0.0,0.9,0.98,0.37,0.9,0.98,0.27,0.9,1.67,1.48,0.9,1.91,1.39,0.9,1.91,0.99,0.9,1.91,1.5,0.9,1.91,1.22,0.9,1.91,1.23,0.9,1.91,1.07,0.9,1.91,0.35,0.9,1.91,0.56,0.9,1.91,0.4,0.9,1.91,0.61,0.9,1.91,0.01,0.9,1.91,0.36,0.35,0.77,0.55,0.35,0.98,0.58,0.35,0.98,0.1,0.44,0.98,-0.37,0.9,0.98,0.0,0.9,0.98,0.37,0.9,0.98,0.27,0.9,1.67,1.48,0.55,0.55,0.55,0.0,0.8999999999999999,0.69,0.69,0.69,0.9299999999999999,0.9,1.38,1.48,0.7699999999999999,1.8555555555555554,0.1125,0.11000000000000001,0.0,0.20875,0.13799999999999998,0.22999999999999998,0.28349540182715993,0.2649528259898354,0.544577162314291,True,True,RECOVERY
2024-10-08 13:08:00-04:00,2024-10-08 13:14:00-04:00,2024-10-07,0.7824535247307162,0.4870478392551793,25.0,1.75,20,-25.0,-26.11,-1.0444,stop,6,14,2024-08-06 09:30:00-04:00,2024-11-06 09:30:00-05:00,388,20180.5,21,1.13,0.66,-0.7,1,6,LOSS,stop,-1.0444,14,0.07,0.66,0.11,0.2,0.66,0.42,0.2,0.66,0.12,0.76,0.66,-0.65,0.88,0.66,-0.49,1.13,0.66,-1.08,1.13,0.66,-0.49,1.13,0.66,-0.48,1.13,0.66,-0.05,1.13,0.66,-0.29,1.13,0.66,-0.38,1.13,0.66,-0.42,1.13,0.66,-0.56,1.13,0.66,-0.52,1.13,0.66,-0.68,1.13,0.66,-0.72,1.13,0.66,-0.69,1.13,0.66,-0.64,1.13,0.66,-0.75,1.13,0.66,-0.7,0.07,0.66,0.11,0.2,0.66,0.42,0.2,0.66,0.12,0.76,0.66,-0.65,0.88,0.66,-0.49,1.13,0.66,-1.08,1.13,0.66,-0.49,1.13,0.66,-0.48,1.0599999999999998,0.9299999999999999,0.9299999999999999,0.2499999999999999,0.0,0.0,0.0,0.0,-0.59,-0.8999999999999999,-0.6,0.010000000000000009,-0.46999999999999986,0.5840707964601771,0.14125,0.186,0.0833333333333333,0.0825,0.0,0.0,0.46079899553461945,0.0,0.4922180120927834,False,True,FAILURE
2024-10-11 09:39:00-04:00,2024-10-11 09:43:00-04:00,2024-10-10,0.8001542702877217,0.4310983731224532,25.0,1.75,20,-25.0,-26.11,-1.0444,stop,4,14,2024-08-06 09:30:00-04:00,2024-11-06 09:30:00-05:00,390,20318.75,21,2.09,0.22,-1.59,1,17,LOSS,stop,-1.0444,14,0.51,0.22,-0.41,0.77,0.22,-0.53,0.85,0.22,-0.68,1.25,0.22,-1.14,1.34,0.22,-0.85,1.49,0.22,-1.21,1.69,0.22,-1.51,1.76,0.22,-1.43,1.76,0.22,-1.2,1.76,0.22,-1.58,1.76,0.22,-1.58,2.02,0.22,-1.83,2.02,0.22,-1.39,2.02,0.22,-1.34,2.02,0.22,-1.47,2.02,0.22,-1.81,2.09,0.22,-1.76,2.09,0.22,-1.69,2.09,0.22,-1.53,2.09,0.22,-1.59,0.51,0.22,-0.41,0.77,0.22,-0.53,0.85,0.22,-0.68,1.25,0.22,-1.14,1.34,0.22,-0.85,1.49,0.22,-1.21,1.69,0.22,-1.51,1.76,0.22,-1.43,1.25,0.99,0.91,0.41999999999999993,0.0,0.0,0.0,0.0,-1.02,-0.8999999999999999,-0.7499999999999999,-0.58,-1.54,0.125,0.22,0.182,0.13999999999999999,0.0275,0.0,0.0,0.45402171124926866,0.0,0.4132449982412716,False,True,FAILURE
2024-10-15 15:05:00-04:00,2024-10-15 15:23:00-04:00,2024-10-14,0.9983181934732543,0.4095458721443925,25.0,1.75,20,-25.0,-26.11,-1.0444,stop,18,14,2024-08-06 09:30:00-04:00,2024-11-06 09:30:00-05:00,392,20288.25,21,1.26,0.85,-0.86,3,18,LOSS,stop,-1.0444,14,0.05,0.58,0.49,0.05,0.84,0.51,0.76,0.85,-0.22,0.76,0.85,-0.25,0.81,0.85,-0.38,0.81,0.85,-0.25,0.81,0.85,0.15,0.81,0.85,0.12,0.81,0.85,0.29,0.81,0.85,0.65,0.81,0.85,0.18,0.81,0.85,0.13,0.81,0.85,0.28,0.81,0.85,0.05,0.81,0.85,0.1,0.81,0.85,-0.6,0.81,0.85,-0.31,1.26,0.85,-1.11,1.26,0.85,-0.69,1.26,0.85,-0.86,0.05,0.58,0.49,0.05,0.84,0.51,0.76,0.85,-0.22,0.76,0.85,-0.25,0.81,0.85,-0.38,0.81,0.85,-0.25,0.81,0.85,0.15,0.81,0.85,0.12,0.76,0.76,0.050000000000000044,0.0,0.27,0.010000000000000009,0.0,0.0,-0.37,-0.39,0.33999999999999997,0.5,0.039999999999999925,1.0493827160493827,0.10125,0.010000000000000009,0.0,0.10625,0.0,0.0,0.34478771937029806,0.09501879513323366,0.34872983812688013,False,True,FAILURE
2024-10-17 12:33:00-04:00,2024-10-17 12:38:00-04:00,2024-10-16,0.8917050685526369,0.4276916449441956,25.0,1.75,20,-25.0,-26.11,-1.0444,stop,5,14,2024-08-06 09:30:00-04:00,2024-11-06 09:30:00-05:00,394,20448.75,21,1.69,0.07,-0.92,1,10,LOSS,stop,-1.0444,14,0.45,0.07,-0.41,0.76,0.07,-0.73,0.84,0.07,-0.82,0.93,0.07,-0.88,1.12,0.07,-1.02,1.12,0.07,-0.93,1.27,0.07,-1.22,1.35,0.07,-1.17,1.55,0.07,-1.48,1.69,0.07,-1.46,1.69,0.07,-1.58,1.69,0.07,-1.33,1.69,0.07,-1.22,1.69,0.07,-1.19,1.69,0.07,-1.31,1.69,0.07,-1.3,1.69,0.07,-1.19,1.69,0.07,-1.18,1.69,0.07,-1.19,1.69,0.07,-0.92,0.45,0.07,-0.41,0.76,0.07,-0.73,0.84,0.07,-0.82,0.93,0.07,-0.88,1.12,0.07,-1.02,1.12,0.07,-0.93,1.27,0.07,-1.22,1.35,0.07,-1.17,0.9000000000000001,0.5900000000000001,0.5100000000000001,0.22999999999999998,0.0,0.0,0.0,0.0,-0.76,-0.43999999999999995,-0.35,-0.1499999999999999,-1.28,0.05185185185185185,0.16875,0.10200000000000002,0.07666666666666666,0.00875,0.0,0.0,0.29558658388267317,0.0,0.25811127168612485,False,True,FAILURE
2024-10-23 13:40:00-04:00,2024-10-23 14:00:00-04:00,2024-10-22,0.8387925957574164,0.5578726191365813,25.0,1.75,20,27.0,25.89,1.0356,timeout,20,14,2024-08-06 09:30:00-04:00,2024-11-06 09:30:00-05:00,398,20151.75,21,0.83,1.22,1.08,18,8,WIN,timeout,1.0356,14,0.48,0.12,-0.34,0.48,0.12,-0.37,0.48,0.12,0.1,0.48,0.18,-0.1,0.48,0.18,-0.24,0.54,0.18,-0.03,0.67,0.18,-0.58,0.83,0.18,-0.42,0.83,0.18,-0.32,0.83,0.31,0.23,0.83,0.69,0.6,0.83,0.7,0.63,0.83,0.98,0.87,0.83,0.98,0.69,0.83,0.98,0.84,0.83,1.03,0.76,0.83,1.03,0.72,0.83,1.22,1.14,0.83,1.22,1.03,0.83,1.22,1.08,0.48,0.12,-0.34,0.48,0.12,-0.37,0.48,0.12,0.1,0.48,0.18,-0.1,0.48,0.18,-0.24,0.54,0.18,-0.03,0.67,0.18,-0.58,0.83,0.18,-0.42,0.35,0.35,0.35,0.35,0.06,0.06,0.06,0.0,-0.07999999999999996,-0.04999999999999999,-0.52,-0.18,-0.6499999999999999,0.21686746987951808,0.10375,0.06999999999999999,0.11666666666666665,0.0225,0.012,0.0,0.1293941928482772,0.03105295017040594,0.22480149974080307,True,True,RECOVERY
2024-10-24 09:31:00-04:00,2024-10-24 09:33:00-04:00,2024-10-23,0.995418895765774,0.5711830358124058,25.0,1.75,20,-25.0,-26.11,-1.0444,stop,2,14,2024-08-06 09:30:00-04:00,2024-11-06 09:30:00-05:00,399,20315.25,21,1.79,0.77,-0.26,18,9,LOSS,stop,-1.0444,14,0.53,0.13,-0.25,1.01,0.13,-0.75,1.03,0.13,-0.46,1.67,0.13,-1.06,1.72,0.13,-0.94,1.72,0.13,-1.35,1.72,0.13,-1.37,1.72,0.13,-1.29,1.79,0.13,-0.81,1.79,0.13,-0.81,1.79,0.13,-1.08,1.79,0.13,-0.93,1.79,0.13,-1.01,1.79,0.13,-0.55,1.79,0.13,0.03,1.79,0.29,-0.8,1.79,0.64,0.41,1.79,0.77,0.51,1.79,0.77,0.27,1.79,0.77,-0.26,0.53,0.13,-0.25,1.01,0.13,-0.75,1.03,0.13,-0.46,1.67,0.13,-1.06,1.72,0.13,-0.94,1.72,0.13,-1.35,1.72,0.13,-1.37,1.72,0.13,-1.29,1.19,0.71,0.69,0.0,0.0,0.0,0.0,0.0,-1.04,-0.54,-0.8300000000000001,-0.3500000000000001,-1.5899999999999999,0.07558139534883722,0.215,0.13799999999999998,0.0,0.01625,0.0,0.0,0.46714941017684203,0.0,0.4195554620241354,False,True,FAILURE
2024-10-24 11:47:00-04:00,2024-10-24 11:56:00-04:00,2024-10-23,1.0,0.5400565297088676,25.0,1.75,20,-25.0,-26.11,-1.0444,stop,9,14,2024-08-06 09:30:00-04:00,2024-11-06 09:30:00-05:00,400,20291.0,21,1.95,1.08,0.34,3,13,LOSS,stop,-1.0444,14,0.28,0.84,0.53,0.28,0.86,0.8,0.28,1.08,1.05,0.28,1.08,0.4,0.28,1.08,0.26,0.28,1.08,0.0,0.75,1.08,-0.7,0.96,1.08,-0.86,1.16,1.08,-0.97,1.34,1.08,-1.26,1.56,1.08,-1.47,1.72,1.08,-1.47,1.95,1.08,-1.59,1.95,1.08,-1.62,1.95,1.08,-1.08,1.95,1.08,-1.04,1.95,1.08,-1.0,1.95,1.08,-0.67,1.95,1.08,-0.02,1.95,1.08,0.34,0.28,0.84,0.53,0.28,0.86,0.8,0.28,1.08,1.05,0.28,1.08,0.4,0.28,1.08,0.26,0.28,1.08,0.0,0.75,1.08,-0.7,0.96,1.08,-0.86,0.6799999999999999,0.6799999999999999,0.6799999999999999,0.6799999999999999,0.2400000000000001,0.22000000000000008,0.0,0.0,-1.3900000000000001,-1.6600000000000001,-1.9100000000000001,-1.12,0.1200000000000001,1.1250000000000002,0.12,0.13599999999999998,0.22666666666666666,0.135,0.0,0.0,0.2720261279467733,0.10660340385881552,0.6768414036643191,False,True,FAILURE
2024-10-25 13:21:00-04:00,2024-10-25 13:24:00-04:00,2024-10-24,1.0,0.4500573649067436,25.0,1.75,20,-25.0,-26.11,-1.0444,stop,3,14,2024-08-06 09:30:00-04:00,2024-11-06 09:30:00-05:00,401,20560.0,21,1.08,1.99,1.49,20,3,LOSS,stop,-1.0444,14,0.5,0.27,-0.45,0.9,0.27,-0.86,1.08,0.27,-1.01,1.08,0.27,-0.74,1.08,0.27,-0.59,1.08,0.27,-0.72,1.08,0.27,-0.61,1.08,0.27,-0.18,1.08,0.27,-0.02,1.08,0.27,-0.6,1.08,0.27,-0.32,1.08,0.27,0.01,1.08,0.8,0.71,1.08,1.24,0.81,1.08,1.24,0.16,1.08,1.24,0.87,1.08,1.24,0.41,1.08,1.24,0.58,1.08,1.65,1.38,1.08,1.99,1.49,0.5,0.27,-0.45,0.9,0.27,-0.86,1.08,0.27,-1.01,1.08,0.27,-0.74,1.08,0.27,-0.59,1.08,0.27,-0.72,1.08,0.27,-0.61,1.08,0.27,-0.18,0.5800000000000001,0.18000000000000005,0.0,0.0,0.0,0.0,0.0,0.0,0.27,0.6799999999999999,0.8300000000000001,0.41,-0.81,0.25,0.135,0.0,0.0,0.03375,0.0,0.0,0.20584321356660895,0.0,0.2542776884768753,False,True,FAILURE
2024-10-28 09:30:00-04:00,2024-10-28 09:50:00-04:00,2024-10-27,1.0,0.5930871990540285,25.0,1.75,20,43.75,42.64,1.7056,target,20,14,2024-08-06 09:30:00-04:00,2024-11-06 09:30:00-05:00,403,20584.5,21,0.78,1.93,1.72,20,3,WIN,target,1.7056,14,0.38,0.78,0.76,0.57,0.81,-0.21,0.78,0.81,-0.12,0.78,0.81,-0.09,0.78,0.81,-0.25,0.78,0.81,-0.25,0.78,0.81,0.23,0.78,0.81,0.54,0.78,0.81,-0.26,0.78,0.81,-0.02,0.78,0.81,0.74,0.78,1.12,0.81,0.78,1.12,0.5,0.78,1.12,0.63,0.78,1.12,0.54,0.78,1.12,0.23,0.78,1.12,0.32,0.78,1.18,0.82,0.78,1.45,0.68,0.78,1.93,1.72,0.38,0.78,0.76,0.57,0.81,-0.21,0.78,0.81,-0.12,0.78,0.81,-0.09,0.78,0.81,-0.25,0.78,0.81,-0.25,0.78,0.81,0.23,0.78,0.81,0.54,0.4,0.21000000000000008,0.0,0.0,0.030000000000000027,0.0,0.0,0.0,-0.21999999999999997,0.75,0.66,0.79,0.030000000000000027,1.0384615384615385,0.0975,0.0,0.0,0.10125,0.0,0.0,0.1500416608812366,0.010606601717798222,0.3904553202901161,True,True,RECOVERY
2024-10-30 13:39:00-04:00,2024-10-30 13:43:00-04:00,2024-10-29,0.9777659327239042,0.4097304948327626,25.0,1.75,20,-25.0,-26.11,-1.0444,stop,4,14,2024-08-06 09:30:00-04:00,2024-11-06 09:30:00-05:00,404,20569.25,21,1.92,0.44,-0.28,2,11,LOSS,stop,-1.0444,14,0.08,0.26,0.25,0.34,0.44,-0.32,0.88,0.44,-0.67,1.04,0.44,-0.89,1.04,0.44,-0.82,1.04,0.44,-0.71,1.04,0.44,-0.96,1.38,0.44,-1.23,1.38,0.44,-1.13,1.47,0.44,-1.44,1.92,0.44,-1.52,1.92,0.44,-0.99,1.92,0.44,-0.71,1.92,0.44,-0.93,1.92,0.44,-0.96,1.92,0.44,-0.8,1.92,0.44,-0.77,1.92,0.44,-0.32,1.92,0.44,-0.38,1.92,0.44,-0.28,0.08,0.26,0.25,0.34,0.44,-0.32,0.88,0.44,-0.67,1.04,0.44,-0.89,1.04,0.44,-0.82,1.04,0.44,-0.71,1.04,0.44,-0.96,1.38,0.44,-1.23,1.2999999999999998,1.0399999999999998,0.4999999999999999,0.33999999999999986,0.18,0.0,0.0,0.0,-1.48,-0.9099999999999999,-0.5599999999999999,-0.41000000000000003,-0.94,0.31884057971014496,0.1725,0.09999999999999998,0.11333333333333329,0.055,0.0,0.0,0.4274509161462702,0.06363961030678927,0.4534136395957102,False,True,FAILURE
2024-11-01 15:50:00-04:00,2024-11-01 15:54:00-04:00,2024-10-31,0.8222048032091418,0.5429797222747273,25.0,1.75,20,-25.0,-26.11,-1.0444,stop,4,14,2024-08-06 09:30:00-04:00,2024-11-06 09:30:00-05:00,405,20131.5,21,1.75,0.34,-1.67,1,20,LOSS,stop,-1.0444,14,0.39,0.34,0.27,0.39,0.34,-0.12,0.39,0.34,0.02,1.31,0.34,-1.14,1.57,0.34,-1.26,1.57,0.34,-0.63,1.57,0.34,-0.73,1.57,0.34,-0.5,1.57,0.34,-0.61,1.57,0.34,-1.31,1.57,0.34,-1.27,1.57,0.34,-0.9,1.57,0.34,-1.01,1.57,0.34,-0.84,1.57,0.34,-1.1,1.57,0.34,-1.05,1.57,0.34,-1.2,1.57,0.34,-1.13,1.57,0.34,-1.43,1.75,0.34,-1.67,0.39,0.34,0.27,0.39,0.34,-0.12,0.39,0.34,0.02,1.31,0.34,-1.14,1.57,0.34,-1.26,1.57,0.34,-0.63,1.57,0.34,-0.73,1.57,0.34,-0.5,1.1800000000000002,1.1800000000000002,1.1800000000000002,0.0,0.0,0.0,0.0,0.0,-0.77,-0.38,-0.52,0.76,-1.23,0.21656050955414013,0.19625,0.23600000000000004,0.0,0.0425,0.0,0.0,0.5903751833731303,0.0,0.5429663893833577,False,True,FAILURE
2024-11-05 13:37:00-05:00,2024-11-05 13:42:00-05:00,2024-11-04,0.9982342680425262,0.4154406108373518,25.0,1.75,20,-25.0,-26.11,-1.0444,stop,5,14,2024-08-06 09:30:00-04:00,2024-11-06 09:30:00-05:00,407,20292.0,21,1.34,0.16,-0.63,1,10,LOSS,stop,-1.0444,14,0.28,0.16,-0.21,0.54,0.16,-0.52,0.69,0.16,-0.25,0.7,0.16,-0.64,1.17,0.16,-1.13,1.3,0.16,-1.05,1.3,0.16,-0.92,1.3,0.16,-0.98,1.3,0.16,-1.16,1.34,0.16,-0.96,1.34,0.16,-0.44,1.34,0.16,-0.62,1.34,0.16,-0.48,1.34,0.16,-0.89,1.34,0.16,-0.73,1.34,0.16,-0.82,1.34,0.16,-0.84,1.34,0.16,-0.82,1.34,0.16,-0.87,1.34,0.16,-0.63,0.28,0.16,-0.21,0.54,0.16,-0.52,0.69,0.16,-0.25,0.7,0.16,-0.64,1.17,0.16,-1.13,1.3,0.16,-1.05,1.3,0.16,-0.92,1.3,0.16,-0.98,1.02,0.76,0.6100000000000001,0.13000000000000012,0.0,0.0,0.0,0.0,-0.77,-0.45999999999999996,-0.73,0.1499999999999999,-1.1400000000000001,0.12307692307692307,0.1625,0.12200000000000003,0.04333333333333337,0.02,0.0,0.0,0.4053569855254572,0.0,0.36086206308148905,False,True,FAILURE
2024-12-20 16:30:00-05:00,2024-12-20 16:40:00-05:00,2024-12-19,0.8401326411841669,0.5657735993085931,25.0,1.75,20,-25.0,-26.11,-1.0444,stop,10,15,2024-11-06 09:30:00-05:00,2025-02-06 09:30:00-05:00,408,21520.5,21,1.2,-0.03,-0.66,1,13,LOSS,stop,-1.0444,15,0.34,-0.03,-0.31,0.69,-0.03,-0.56,0.69,-0.03,-0.55,0.8,-0.03,-0.8,0.99,-0.03,-0.82,0.99,-0.03,-0.43,0.99,-0.03,-0.56,0.99,-0.03,-0.53,0.99,-0.03,-0.75,1.16,-0.03,-0.84,1.16,-0.03,-0.72,1.16,-0.03,-0.96,1.2,-0.03,-0.89,1.2,-0.03,-0.72,1.2,-0.03,-0.74,1.2,-0.03,-0.87,1.2,-0.03,-0.71,1.2,-0.03,-0.55,1.2,-0.03,-0.63,1.2,-0.03,-0.66,0.34,-0.03,-0.31,0.69,-0.03,-0.56,0.69,-0.03,-0.55,0.8,-0.03,-0.8,0.99,-0.03,-0.82,0.99,-0.03,-0.43,0.99,-0.03,-0.56,0.99,-0.03,-0.53,0.6499999999999999,0.30000000000000004,0.30000000000000004,0.0,0.0,0.0,0.0,0.0,-0.22000000000000003,0.030000000000000027,0.020000000000000018,0.2899999999999999,-1.02,-0.030303030303030304,0.12375,0.06000000000000001,0.0,-0.00375,0.0,0.0,0.2328089345364563,0.0,0.1710471948239516,False,True,FAILURE
2025-01-07 15:33:00-05:00,2025-01-07 15:40:00-05:00,2025-01-06,0.8584252972912452,0.5924603296467068,25.0,1.75,20,-25.0,-26.11,-1.0444,stop,7,15,2024-11-06 09:30:00-05:00,2025-02-06 09:30:00-05:00,409,21319.25,21,1.86,1.59,-1.7,4,20,LOSS,stop,-1.0444,15,0.01,0.75,0.68,0.01,1.42,1.35,0.01,1.52,1.39,0.01,1.59,1.36,0.01,1.59,0.92,0.29,1.59,-0.25,1.3,1.59,-1.16,1.41,1.59,-1.21,1.49,1.59,-0.96,1.51,1.59,-1.33,1.51,1.59,-0.04,1.51,1.59,0.26,1.51,1.59,-0.55,1.51,1.59,-0.9,1.51,1.59,-0.83,1.51,1.59,-1.0,1.74,1.59,-1.73,1.74,1.59,-1.03,1.74,1.59,-1.11,1.86,1.59,-1.7,0.01,0.75,0.68,0.01,1.42,1.35,0.01,1.52,1.39,0.01,1.59,1.36,0.01,1.59,0.92,0.29,1.59,-0.25,1.3,1.59,-1.16,1.41,1.59,-1.21,1.4,1.4,1.4,1.4,0.8400000000000001,0.17000000000000015,0.07000000000000006,0.0,-1.8900000000000001,-2.56,-2.5999999999999996,-2.13,0.18000000000000016,1.1276595744680853,0.17625,0.27999999999999997,0.4666666666666666,0.19875,0.014000000000000012,0.0,0.6094362148740424,0.29120439557122074,1.1083707476678164,False,True,FAILURE
2025-01-27 12:57:00-05:00,2025-01-27 13:02:00-05:00,2025-01-26,0.8842362222720928,0.4877270872725837,25.0,1.75,20,-25.0,-26.11,-1.0444,stop,5,15,2024-11-06 09:30:00-05:00,2025-02-06 09:30:00-05:00,412,21147.0,21,1.77,0.33,-1.17,3,20,LOSS,stop,-1.0444,15,0.4,0.07,-0.27,0.4,0.28,0.17,0.4,0.33,0.17,0.66,0.33,-0.63,1.03,0.33,-0.66,1.49,0.33,-1.15,1.49,0.33,-0.95,1.69,0.33,-1.5,1.69,0.33,-0.82,1.69,0.33,-0.78,1.69,0.33,-0.58,1.69,0.33,-0.82,1.69,0.33,-1.04,1.69,0.33,-1.25,1.69,0.33,-0.87,1.69,0.33,-0.77,1.69,0.33,-0.86,1.69,0.33,-1.31,1.69,0.33,-1.56,1.77,0.33,-1.17,0.4,0.07,-0.27,0.4,0.28,0.17,0.4,0.33,0.17,0.66,0.33,-0.63,1.03,0.33,-0.66,1.49,0.33,-1.15,1.49,0.33,-0.95,1.69,0.33,-1.5,1.29,1.29,1.29,0.6599999999999999,0.26,0.04999999999999999,0.0,0.0,-1.23,-1.67,-1.67,-0.84,-1.3599999999999999,0.19526627218934914,0.21125,0.258,0.21999999999999997,0.04125,0.0,0.0,0.5514396742035471,0.09109453488390117,0.6016821657415389,False,True,FAILURE
2025-02-21 14:07:00-05:00,2025-02-21 14:14:00-05:00,2025-02-20,0.8098510669337888,0.5592404574118639,25.0,1.75,20,-25.0,-26.11,-1.0444,stop,7,16,2025-02-06 09:30:00-05:00,2025-05-06 09:30:00-04:00,416,21757.5,21,1.06,2.5,1.92,19,7,LOSS,stop,-1.0444,16,0.37,0.1,-0.06,0.37,0.1,-0.27,0.38,0.1,-0.21,0.38,0.82,0.21,0.38,0.82,-0.11,0.63,0.82,-0.52,1.06,0.82,-0.69,1.06,0.82,-0.42,1.06,0.82,0.08,1.06,0.82,-0.09,1.06,0.82,-0.03,1.06,0.82,0.76,1.06,1.26,1.22,1.06,1.55,1.51,1.06,1.63,1.58,1.06,1.76,1.58,1.06,1.84,1.45,1.06,2.01,1.84,1.06,2.5,2.43,1.06,2.5,1.92,0.37,0.1,-0.06,0.37,0.1,-0.27,0.38,0.1,-0.21,0.38,0.82,0.21,0.38,0.82,-0.11,0.63,0.82,-0.52,1.06,0.82,-0.69,1.06,0.82,-0.42,0.6900000000000001,0.6900000000000001,0.68,0.68,0.72,0.72,0.72,0.0,-0.36,-0.14999999999999997,-0.21,-0.31,-0.2400000000000001,0.7735849056603773,0.1325,0.136,0.22666666666666668,0.1025,0.144,0.0,0.3097204961159105,0.3726354020448713,0.2838730853241085,False,True,FAILURE
2025-03-26 14:58:00-04:00,2025-03-26 15:18:00-04:00,2025-03-25,0.8149097764048943,0.5611024258286638,25.0,1.75,20,-19.25,-20.36,-0.8144,timeout,20,16,2025-02-06 09:30:00-05:00,2025-05-06 09:30:00-04:00,418,20059.75,21,0.94,0.74,-0.77,9,4,LOSS,timeout,-0.8144,16,0.11,0.25,0.08,0.63,0.25,-0.5,0.63,0.25,-0.42,0.94,0.25,-0.7,0.94,0.25,-0.27,0.94,0.25,-0.36,0.94,0.25,-0.21,0.94,0.25,0.0,0.94,0.74,0.48,0.94,0.74,-0.1,0.94,0.74,0.11,0.94,0.74,0.0,0.94,0.74,0.19,0.94,0.74,0.4,0.94,0.74,0.21,0.94,0.74,-0.05,0.94,0.74,-0.14,0.94,0.74,-0.5,0.94,0.74,-0.77,0.94,0.74,-0.77,0.11,0.25,0.08,0.63,0.25,-0.5,0.63,0.25,-0.42,0.94,0.25,-0.7,0.94,0.25,-0.27,0.94,0.25,-0.36,0.94,0.25,-0.21,0.94,0.25,0.0,0.83,0.30999999999999994,0.30999999999999994,0.0,0.0,0.0,0.0,0.0,-0.08,0.5,0.42,0.27,-0.69,0.26595744680851063,0.1175,0.061999999999999986,0.0,0.03125,0.0,0.0,0.29719822629734133,0.0,0.2567238649933871,False,True,FAILURE
2025-09-03 12:51:00-04:00,2025-09-03 13:01:00-04:00,2025-09-02,0.7574894341862695,0.5421512331419268,25.0,1.75,20,-25.0,-26.11,-1.0444,stop,10,18,2025-08-06 09:30:00-04:00,2025-11-06 09:30:00-05:00,431,23396.5,21,2.23,0.24,-2.22,3,20,LOSS,stop,-1.0444,18,0.24,0.12,-0.01,0.24,0.13,-0.03,0.24,0.24,-0.14,0.55,0.24,-0.47,0.65,0.24,-0.55,0.85,0.24,-0.79,0.91,0.24,-0.68,0.91,0.24,-0.58,0.94,0.24,-0.91,1.12,0.24,-1.0,1.28,0.24,-1.2,1.54,0.24,-1.35,1.54,0.24,-1.18,1.54,0.24,-1.43,1.61,0.24,-1.34,1.61,0.24,-1.34,1.61,0.24,-1.28,1.61,0.24,-1.28,1.77,0.24,-1.73,2.23,0.24,-2.22,0.24,0.12,-0.01,0.24,0.13,-0.03,0.24,0.24,-0.14,0.55,0.24,-0.47,0.65,0.24,-0.55,0.85,0.24,-0.79,0.91,0.24,-0.68,0.91,0.24,-0.58,0.67,0.67,0.67,0.26,0.12,0.10999999999999999,0.0,0.0,-0.57,-0.5499999999999999,-0.43999999999999995,-0.029999999999999916,-0.67,0.26373626373626374,0.11375,0.134,0.08666666666666667,0.03,0.0,0.0,0.3030764872814405,0.05330170192940773,0.30392374513542514,False,True,FAILURE
2025-09-05 09:37:00-04:00,2025-09-05 09:40:00-04:00,2025-09-04,0.8028085966685061,0.5916045145534948,25.0,1.75,20,-25.0,-26.11,-1.0444,stop,3,18,2025-08-06 09:30:00-04:00,2025-11-06 09:30:00-05:00,432,23827.75,21,2.64,0.25,0.02,2,15,LOSS,stop,-1.0444,18,0.26,0.24,0.04,0.75,0.25,-0.36,1.06,0.25,-0.33,1.74,0.25,-1.25,2.05,0.25,-1.71,2.16,0.25,-1.45,2.16,0.25,-1.86,2.16,0.25,-0.57,2.16,0.25,-0.68,2.16,0.25,-0.71,2.16,0.25,-1.26,2.39,0.25,-2.08,2.39,0.25,-2.07,2.61,0.25,-2.57,2.64,0.25,-0.76,2.64,0.25,-1.5,2.64,0.25,-1.42,2.64,0.25,-0.33,2.64,0.25,-0.57,2.64,0.25,0.02,0.26,0.24,0.04,0.75,0.25,-0.36,1.06,0.25,-0.33,1.74,0.25,-1.25,2.05,0.25,-1.71,2.16,0.25,-1.45,2.16,0.25,-1.86,2.16,0.25,-0.57,1.9000000000000001,1.4100000000000001,1.1,0.11000000000000032,0.010000000000000009,0.0,0.0,0.0,-0.61,-0.20999999999999996,-0.23999999999999994,1.1400000000000001,-1.9100000000000001,0.11574074074074073,0.27,0.22000000000000003,0.03666666666666677,0.03125,0.0,0.0,0.7508233575786747,0.0035355339059327407,0.7172554336795625,False,True,FAILURE
2025-09-09 10:39:00-04:00,2025-09-09 10:52:00-04:00,2025-09-08,0.8763939469106183,0.5792840956592524,25.0,1.75,20,-25.0,-26.11,-1.0444,stop,13,18,2025-08-06 09:30:00-04:00,2025-11-06 09:30:00-05:00,433,23743.0,21,2.38,0.66,-1.71,4,17,LOSS,stop,-1.0444,18,0.6,0.14,-0.45,0.6,0.14,-0.29,0.6,0.15,-0.02,0.6,0.66,0.49,0.6,0.66,-0.05,0.84,0.66,-0.78,0.84,0.66,-0.13,0.84,0.66,-0.29,0.84,0.66,-0.59,0.87,0.66,-0.71,0.87,0.66,-0.17,0.87,0.66,-0.52,1.41,0.66,-1.31,1.65,0.66,-1.53,1.84,0.66,-1.79,2.23,0.66,-2.04,2.38,0.66,-1.92,2.38,0.66,-1.84,2.38,0.66,-1.89,2.38,0.66,-1.71,0.6,0.14,-0.45,0.6,0.14,-0.29,0.6,0.15,-0.02,0.6,0.66,0.49,0.6,0.66,-0.05,0.84,0.66,-0.78,0.84,0.66,-0.13,0.84,0.66,-0.29,0.24,0.24,0.24,0.24,0.52,0.52,0.51,0.0,0.16000000000000003,0.0,-0.26999999999999996,-0.24,-0.17999999999999994,0.7857142857142858,0.105,0.048,0.08,0.0825,0.10200000000000001,0.0,0.12421180068162375,0.2674182117956816,0.3684329751024698,False,True,FAILURE
2025-09-23 09:59:00-04:00,2025-09-23 10:19:00-04:00,2025-09-22,0.7872518381262426,0.4337227465733835,25.0,1.75,20,-18.0,-19.11,-0.7644,timeout,20,18,2025-08-06 09:30:00-04:00,2025-11-06 09:30:00-05:00,435,24940.25,21,0.87,0.43,-0.72,1,12,LOSS,timeout,-0.7644,18,0.04,0.43,0.29,0.49,0.43,-0.11,0.49,0.43,0.04,0.49,0.43,0.16,0.49,0.43,-0.03,0.68,0.43,-0.6,0.81,0.43,-0.56,0.81,0.43,-0.16,0.81,0.43,-0.18,0.81,0.43,-0.5,0.81,0.43,-0.64,0.87,0.43,-0.19,0.87,0.43,-0.18,0.87,0.43,-0.66,0.87,0.43,-0.71,0.87,0.43,-0.25,0.87,0.43,-0.48,0.87,0.43,-0.56,0.87,0.43,-0.61,0.87,0.43,-0.72,0.04,0.43,0.29,0.49,0.43,-0.11,0.49,0.43,0.04,0.49,0.43,0.16,0.49,0.43,-0.03,0.68,0.43,-0.6,0.81,0.43,-0.56,0.81,0.43,-0.16,0.77,0.32000000000000006,0.32000000000000006,0.32000000000000006,0.0,0.0,0.0,0.0,-0.44999999999999996,-0.05,-0.2,-0.13,-0.38000000000000006,0.5308641975308641,0.10125,0.06400000000000002,0.10666666666666669,0.05375,0.0,0.0,0.24650412920331724,0.0,0.31755483216063873,False,True,FAILURE
2025-10-21 16:09:00-04:00,2025-10-21 16:29:00-04:00,2025-10-20,0.7625693157170519,0.5345125734274966,25.0,1.75,20,-19.75,-20.86,-0.8344,timeout,20,18,2025-08-06 09:30:00-04:00,2025-11-06 09:30:00-05:00,439,25238.0,21,0.94,0.37,-0.79,2,8,LOSS,timeout,-0.8344,18,0.09,0.33,0.26,0.09,0.37,0.2,0.09,0.37,-0.03,0.23,0.37,-0.06,0.35,0.37,-0.27,0.74,0.37,-0.67,0.77,0.37,-0.7,0.94,0.37,-0.91,0.94,0.37,-0.6,0.94,0.37,-0.57,0.94,0.37,-0.49,0.94,0.37,-0.65,0.94,0.37,-0.54,0.94,0.37,-0.51,0.94,0.37,-0.53,0.94,0.37,-0.47,0.94,0.37,-0.6,0.94,0.37,-0.67,0.94,0.37,-0.6,0.94,0.37,-0.79,0.09,0.33,0.26,0.09,0.37,0.2,0.09,0.37,-0.03,0.23,0.37,-0.06,0.35,0.37,-0.27,0.74,0.37,-0.67,0.77,0.37,-0.7,0.94,0.37,-0.91,0.85,0.85,0.85,0.59,0.03999999999999998,0.0,0.0,0.0,-1.17,-1.11,-0.88,-0.64,-0.57,0.39361702127659576,0.1175,0.16999999999999998,0.19666666666666666,0.04625,0.0,0.0,0.3510290993228746,0.014142135623730944,0.44044620232538856,False,True,FAILURE
2025-10-30 11:42:00-04:00,2025-10-30 11:45:00-04:00,2025-10-29,0.8443368898729058,0.4352980001320045,25.0,1.75,20,-25.0,-26.11,-1.0444,stop,3,18,2025-08-06 09:30:00-04:00,2025-11-06 09:30:00-05:00,440,25983.25,21,1.25,0.65,-0.57,6,14,LOSS,stop,-1.0444,18,0.43,0.38,-0.31,0.7,0.38,-0.63,1.09,0.38,-0.59,1.09,0.38,-0.06,1.09,0.64,0.41,1.09,0.65,-0.06,1.09,0.65,0.24,1.09,0.65,-0.11,1.09,0.65,0.12,1.09,0.65,0.09,1.09,0.65,-0.24,1.09,0.65,-0.34,1.09,0.65,-0.82,1.25,0.65,-0.89,1.25,0.65,-0.58,1.25,0.65,-0.23,1.25,0.65,-0.31,1.25,0.65,-0.33,1.25,0.65,-0.36,1.25,0.65,-0.57,0.43,0.38,-0.31,0.7,0.38,-0.63,1.09,0.38,-0.59,1.09,0.38,-0.06,1.09,0.64,0.41,1.09,0.65,-0.06,1.09,0.65,0.24,1.09,0.65,-0.11,0.6600000000000001,0.3900000000000001,0.0,0.0,0.27,0.27,0.27,0.010000000000000009,0.2,0.52,0.48,-0.52,-0.44000000000000006,0.5963302752293578,0.13625,0.0,0.0,0.08125,0.054000000000000006,0.003333333333333336,0.2535145811529248,0.14302222604496528,0.36490458635492257,False,True,FAILURE
2025-10-31 13:16:00-04:00,2025-10-31 13:17:00-04:00,2025-10-30,0.951650010539018,0.5823333993355774,25.0,1.75,20,-25.0,-26.11,-1.0444,stop,1,18,2025-08-06 09:30:00-04:00,2025-11-06 09:30:00-05:00,442,25901.5,21,2.07,0.55,0.36,20,16,LOSS,stop,-1.0444,18,1.07,0.03,-0.94,1.07,0.03,-0.49,1.07,0.13,0.03,1.07,0.25,0.22,1.07,0.34,0.07,1.07,0.34,0.2,1.07,0.34,0.15,1.07,0.35,-0.34,1.07,0.35,-0.46,1.07,0.35,-0.95,1.07,0.35,-0.44,1.07,0.35,-0.6,1.07,0.35,-0.34,1.28,0.35,-1.25,1.85,0.35,-1.73,2.07,0.35,-1.49,2.07,0.35,-1.11,2.07,0.35,-0.7,2.07,0.35,-1.1,2.07,0.55,0.36,1.07,0.03,-0.94,1.07,0.03,-0.49,1.07,0.13,0.03,1.07,0.25,0.22,1.07,0.34,0.07,1.07,0.34,0.2,1.07,0.34,0.15,1.07,0.35,-0.34,0.0,0.0,0.0,0.0,0.31999999999999995,0.31999999999999995,0.21999999999999997,0.009999999999999953,0.5999999999999999,0.14999999999999997,-0.37,-0.41000000000000003,-0.7200000000000001,0.32710280373831774,0.13375,0.0,0.0,0.04375,0.044,0.003333333333333318,0.0,0.1419192426296428,0.4148579791412272,False,True,FAILURE
2025-11-04 14:43:00-05:00,2025-11-04 15:01:00-05:00,2025-11-03,0.7649715180225451,0.5887400171605834,25.0,1.75,20,-25.0,-26.11,-1.0444,stop,18,18,2025-08-06 09:30:00-04:00,2025-11-06 09:30:00-05:00,444,25586.0,21,1.19,0.41,-0.21,7,18,LOSS,stop,-1.0444,18,0.43,-0.01,-0.27,0.79,0.0,-0.52,0.79,0.11,-0.05,0.79,0.17,-0.15,0.79,0.17,0.04,0.79,0.27,0.15,0.79,0.41,0.0,0.79,0.41,0.02,0.79,0.41,-0.41,0.79,0.41,-0.21,0.79,0.41,0.03,0.95,0.41,-0.81,0.95,0.41,-0.37,0.95,0.41,-0.41,0.95,0.41,-0.36,0.95,0.41,-0.8,0.99,0.41,-0.9,1.19,0.41,-0.44,1.19,0.41,-0.41,1.19,0.41,-0.21,0.43,-0.01,-0.27,0.79,0.0,-0.52,0.79,0.11,-0.05,0.79,0.17,-0.15,0.79,0.17,0.04,0.79,0.27,0.15,0.79,0.41,0.0,0.79,0.41,0.02,0.36000000000000004,0.0,0.0,0.0,0.42,0.41,0.3,0.23999999999999996,0.29000000000000004,0.54,0.07,-0.02,-0.38000000000000006,0.5189873417721519,0.09875,0.0,0.0,0.05125,0.06,0.07999999999999999,0.12727922061357858,0.1632209282799587,0.21272047386182646,False,True,FAILURE
2025-11-05 16:15:00-05:00,2025-11-05 16:24:00-05:00,2025-11-04,0.8308783415166394,0.5666116647966031,25.0,1.75,20,-25.0,-26.11,-1.0444,stop,9,18,2025-08-06 09:30:00-04:00,2025-11-06 09:30:00-05:00,445,25709.75,21,1.02,0.07,-0.85,1,9,LOSS,stop,-1.0444,18,0.26,0.07,-0.05,0.54,0.07,-0.46,0.68,0.07,-0.62,0.84,0.07,-0.7,0.84,0.07,-0.47,0.84,0.07,-0.67,0.84,0.07,-0.56,0.84,0.07,-0.62,1.02,0.07,-0.94,1.02,0.07,-0.87,1.02,0.07,-0.91,1.02,0.07,-0.79,1.02,0.07,-0.65,1.02,0.07,-0.4,1.02,0.07,-0.47,1.02,0.07,-0.65,1.02,0.07,-0.6,1.02,0.07,-0.85,1.02,0.07,-0.82,1.02,0.07,-0.85,0.26,0.07,-0.05,0.54,0.07,-0.46,0.68,0.07,-0.62,0.84,0.07,-0.7,0.84,0.07,-0.47,0.84,0.07,-0.67,0.84,0.07,-0.56,0.84,0.07,-0.62,0.58,0.29999999999999993,0.15999999999999992,0.0,0.0,0.0,0.0,0.0,-0.57,-0.15999999999999998,0.0,-0.15000000000000002,-0.77,0.08333333333333334,0.105,0.03199999999999999,0.0,0.00875,0.0,0.0,0.21273726250270036,0.0,0.20821949270627174,False,True,FAILURE
2025-12-04 14:22:00-05:00,2025-12-04 14:25:00-05:00,2025-12-03,0.7722607110561125,0.5586808071492875,25.0,1.75,20,-25.0,-26.11,-1.0444,stop,3,19,2025-11-06 09:30:00-05:00,2026-02-06 09:30:00-05:00,446,25500.0,21,4.45,0.52,-3.62,1,16,LOSS,stop,-1.0444,19,0.48,0.52,-0.06,0.66,0.52,-0.47,1.36,0.52,-0.96,1.4,0.52,-1.33,1.96,0.52,-1.9,2.05,0.52,-1.89,2.05,0.52,-1.28,2.05,0.52,-1.47,2.05,0.52,-1.55,2.35,0.52,-2.32,2.59,0.52,-2.5,2.91,0.52,-2.87,3.78,0.52,-3.52,4.02,0.52,-3.98,4.4,0.52,-4.28,4.45,0.52,-3.67,4.45,0.52,-3.57,4.45,0.52,-3.63,4.45,0.52,-3.06,4.45,0.52,-3.62,0.48,0.52,-0.06,0.66,0.52,-0.47,1.36,0.52,-0.96,1.4,0.52,-1.33,1.96,0.52,-1.9,2.05,0.52,-1.89,2.05,0.52,-1.28,2.05,0.52,-1.47,1.5699999999999998,1.3899999999999997,0.6899999999999997,0.08999999999999986,0.0,0.0,0.0,0.0,-1.41,-1.0,-0.51,0.42999999999999994,-1.5299999999999998,0.25365853658536586,0.25625,0.13799999999999996,0.029999999999999954,0.065,0.0,0.0,0.643060483713846,0.0,0.6486469433697019,False,True,FAILURE
2026-01-08 09:36:00-05:00,2026-01-08 09:42:00-05:00,2026-01-07,0.7546441314718091,0.5918143293151528,25.0,1.75,20,43.75,42.64,1.7056,target,6,19,2025-11-06 09:30:00-05:00,2026-02-06 09:30:00-05:00,447,25705.25,21,0.98,4.31,3.2,9,1,WIN,target,1.7056,19,0.98,0.09,-0.35,0.98,1.09,0.66,0.98,1.15,1.05,0.98,1.56,0.49,0.98,1.56,1.08,0.98,3.28,2.65,0.98,3.34,3.21,0.98,3.68,3.32,0.98,4.31,3.49,0.98,4.31,2.04,0.98,4.31,1.31,0.98,4.31,2.09,0.98,4.31,2.22,0.98,4.31,2.77,0.98,4.31,2.86,0.98,4.31,1.81,0.98,4.31,2.27,0.98,4.31,2.13,0.98,4.31,2.53,0.98,4.31,3.2,0.98,0.09,-0.35,0.98,1.09,0.66,0.98,1.15,1.05,0.98,1.56,0.49,0.98,1.56,1.08,0.98,3.28,2.65,0.98,3.34,3.21,0.98,3.68,3.32,0.0,0.0,0.0,0.0,3.5900000000000003,2.59,2.5300000000000002,2.12,3.67,2.6599999999999997,2.2699999999999996,2.2399999999999998,2.7,3.7551020408163267,0.1225,0.0,0.0,0.46,0.506,0.7066666666666667,0.0,1.3002465425558998,1.3671966887446318,True,True,RECOVERY
2026-02-11 13:12:00-05:00,2026-02-11 13:16:00-05:00,2026-02-10,1.0,0.5085718053540815,25.0,1.75,20,-25.0,-26.11,-1.0444,stop,4,20,2026-02-06 09:30:00-05:00,2026-05-06 09:30:00-04:00,449,25215.0,21,2.91,0.57,-2.01,3,18,LOSS,stop,-1.0444,20,0.3,0.31,0.04,0.3,0.4,0.17,0.3,0.57,0.42,1.06,0.57,-0.98,1.29,0.57,-1.25,1.66,0.57,-1.34,1.66,0.57,-0.95,1.66,0.57,-0.5,1.66,0.57,-0.67,1.66,0.57,-1.12,1.66,0.57,-1.14,1.78,0.57,-1.25,1.78,0.57,-1.17,1.78,0.57,-1.16,2.02,0.57,-1.88,2.6,0.57,-2.44,2.6,0.57,-2.46,2.91,0.57,-2.2,2.91,0.57,-2.13,2.91,0.57,-2.01,0.3,0.31,0.04,0.3,0.4,0.17,0.3,0.57,0.42,1.06,0.57,-0.98,1.29,0.57,-1.25,1.66,0.57,-1.34,1.66,0.57,-0.95,1.66,0.57,-0.5,1.3599999999999999,1.3599999999999999,1.3599999999999999,0.3699999999999999,0.25999999999999995,0.16999999999999993,0.0,0.0,-0.54,-0.67,-0.9199999999999999,0.75,-1.0899999999999999,0.3433734939759036,0.2075,0.27199999999999996,0.1233333333333333,0.07125,0.0,0.0,0.6389598131785307,0.10239105708717225,0.6833622235472404,False,True,FAILURE
2026-02-12 15:31:00-05:00,2026-02-12 15:38:00-05:00,2026-02-11,1.0,0.5876522044925052,25.0,1.75,20,-25.0,-26.11,-1.0444,stop,7,20,2026-02-06 09:30:00-05:00,2026-05-06 09:30:00-04:00,450,24796.25,21,1.54,2.93,2.81,20,10,LOSS,stop,-1.0444,20,0.29,0.51,-0.29,0.5,0.51,-0.44,0.84,0.51,-0.35,0.84,0.51,-0.76,0.87,0.51,-0.56,0.99,0.51,-0.76,1.05,0.51,-0.78,1.05,0.51,-0.65,1.45,0.51,-1.21,1.54,0.51,-0.81,1.54,0.51,-0.57,1.54,0.51,-0.1,1.54,0.51,-0.32,1.54,0.51,0.15,1.54,0.67,0.34,1.54,0.74,0.54,1.54,1.11,0.97,1.54,1.11,0.71,1.54,2.13,2.02,1.54,2.93,2.81,0.29,0.51,-0.29,0.5,0.51,-0.44,0.84,0.51,-0.35,0.84,0.51,-0.76,0.87,0.51,-0.56,0.99,0.51,-0.76,1.05,0.51,-0.78,1.05,0.51,-0.65,0.76,0.55,0.21000000000000008,0.18000000000000005,0.0,0.0,0.0,0.0,-0.36000000000000004,-0.21000000000000002,-0.30000000000000004,-0.08999999999999997,-0.54,0.4857142857142857,0.13125,0.042000000000000016,0.06000000000000002,0.06375,0.0,0.0,0.2723410414482967,0.0,0.1950778232984394,False,True,FAILURE
2026-02-16 11:38:00-05:00,2026-02-16 11:45:00-05:00,2026-02-15,0.8138084670836507,0.4817090861136753,25.0,1.75,20,-25.0,-26.11,-1.0444,stop,7,20,2026-02-06 09:30:00-05:00,2026-05-06 09:30:00-04:00,453,24683.0,21,2.01,0.5,-1.63,1,15,LOSS,stop,-1.0444,20,-0.05,0.5,0.39,-0.01,0.5,0.17,0.45,0.5,-0.33,0.6,0.5,-0.55,0.75,0.5,-0.41,0.85,0.5,-0.75,1.02,0.5,-0.72,1.33,0.5,-1.32,1.33,0.5,-1.31,1.5,0.5,-1.44,1.84,0.5,-1.62,1.93,0.5,-1.84,1.94,0.5,-1.89,1.94,0.5,-1.8,2.01,0.5,-1.82,2.01,0.5,-1.61,2.01,0.5,-1.73,2.01,0.5,-1.53,2.01,0.5,-1.63,2.01,0.5,-1.63,-0.05,0.5,0.39,-0.01,0.5,0.17,0.45,0.5,-0.33,0.6,0.5,-0.55,0.75,0.5,-0.41,0.85,0.5,-0.75,1.02,0.5,-0.72,1.33,0.5,-1.32,1.3800000000000001,1.34,0.8800000000000001,0.5800000000000001,0.0,0.0,0.0,0.0,-1.71,-1.49,-0.99,-0.9100000000000001,-0.8300000000000001,0.37593984962406013,0.16625,0.17600000000000002,0.19333333333333336,0.0625,0.0,0.0,0.4794267410147248,0.0,0.5391792704790177,False,True,FAILURE
2026-02-17 15:38:00-05:00,2026-02-17 15:41:00-05:00,2026-02-16,1.0,0.4284144357993757,25.0,1.75,20,-25.0,-26.11,-1.0444,stop,3,20,2026-02-06 09:30:00-05:00,2026-05-06 09:30:00-04:00,455,24738.25,21,2.31,0.1,-0.83,1,6,LOSS,stop,-1.0444,20,0.26,0.1,-0.17,0.83,0.1,-0.76,1.33,0.1,-1.24,1.72,0.1,-1.71,1.94,0.1,-1.79,2.31,0.1,-1.75,2.31,0.1,-1.49,2.31,0.1,-1.49,2.31,0.1,-0.9,2.31,0.1,-1.25,2.31,0.1,-1.07,2.31,0.1,-0.61,2.31,0.1,-0.32,2.31,0.1,-0.64,2.31,0.1,-0.64,2.31,0.1,-0.72,2.31,0.1,-0.56,2.31,0.1,-0.61,2.31,0.1,-0.9,2.31,0.1,-0.83,0.26,0.1,-0.17,0.83,0.1,-0.76,1.33,0.1,-1.24,1.72,0.1,-1.71,1.94,0.1,-1.79,2.31,0.1,-1.75,2.31,0.1,-1.49,2.31,0.1,-1.49,2.05,1.48,0.98,0.3700000000000001,0.0,0.0,0.0,0.0,-1.32,-0.73,-0.25,0.30000000000000004,-2.21,0.04329004329004329,0.28875,0.196,0.12333333333333336,0.0125,0.0,0.0,0.7651505454110695,0.0,0.567576300723398,False,True,FAILURE
2026-02-18 13:51:00-05:00,2026-02-18 14:11:00-05:00,2026-02-17,1.0,0.4833267396369071,25.0,1.75,20,-11.75,-12.86,-0.5144,timeout,20,20,2026-02-06 09:30:00-05:00,2026-05-06 09:30:00-04:00,456,25012.75,21,0.96,1.23,-0.47,2,8,LOSS,timeout,-0.5144,20,0.03,0.78,0.72,0.03,1.23,0.53,0.66,1.23,-0.36,0.83,1.23,-0.63,0.83,1.23,-0.65,0.83,1.23,-0.21,0.83,1.23,-0.46,0.96,1.23,-0.58,0.96,1.23,-0.51,0.96,1.23,-0.51,0.96,1.23,-0.06,0.96,1.23,-0.38,0.96,1.23,-0.73,0.96,1.23,-0.29,0.96,1.23,-0.38,0.96,1.23,-0.18,0.96,1.23,-0.22,0.96,1.23,-0.01,0.96,1.23,-0.36,0.96,1.23,-0.47,0.03,0.78,0.72,0.03,1.23,0.53,0.66,1.23,-0.36,0.83,1.23,-0.63,0.83,1.23,-0.65,0.83,1.23,-0.21,0.83,1.23,-0.46,0.96,1.23,-0.58,0.9299999999999999,0.9299999999999999,0.29999999999999993,0.13,0.44999999999999996,0.0,0.0,0.0,-1.2999999999999998,-1.1099999999999999,-0.21999999999999997,0.07000000000000006,0.27,1.28125,0.12,0.059999999999999984,0.043333333333333335,0.15375,0.0,0.0,0.37599392092350187,0.15909902576697318,0.5350834380863284,False,True,FAILURE
2026-02-18 14:37:00-05:00,2026-02-18 14:57:00-05:00,2026-02-17,1.0,0.4977493516198514,25.0,1.75,20,43.75,42.64,1.7056,target,20,20,2026-02-06 09:30:00-05:00,2026-05-06 09:30:00-04:00,458,24928.25,21,0.93,2.66,2.48,20,10,WIN,target,1.7056,20,0.11,0.47,0.17,0.25,0.6,-0.03,0.35,0.6,-0.11,0.79,0.6,-0.42,0.79,0.6,0.17,0.79,0.6,0.4,0.79,0.6,0.1,0.79,0.6,-0.01,0.79,0.6,-0.35,0.93,0.6,-0.77,0.93,0.6,-0.34,0.93,0.6,0.06,0.93,0.6,0.36,0.93,0.66,0.18,0.93,0.81,0.69,0.93,1.06,0.94,0.93,1.06,0.89,0.93,1.36,1.09,0.93,1.64,1.58,0.93,2.66,2.48,0.11,0.47,0.17,0.25,0.6,-0.03,0.35,0.6,-0.11,0.79,0.6,-0.42,0.79,0.6,0.17,0.79,0.6,0.4,0.79,0.6,0.1,0.79,0.6,-0.01,0.68,0.54,0.44000000000000006,0.0,0.13,0.0,0.0,0.0,-0.18000000000000002,0.019999999999999997,0.1,-0.18000000000000002,-0.19000000000000006,0.7594936708860759,0.09875,0.08800000000000001,0.0,0.075,0.0,0.0,0.2935375371469307,0.04596194077712559,0.241479812820865,True,True,RECOVERY
2026-02-23 12:36:00-05:00,2026-02-23 12:43:00-05:00,2026-02-22,1.0,0.4217284276231922,25.0,1.75,20,-25.0,-26.11,-1.0444,stop,7,20,2026-02-06 09:30:00-05:00,2026-05-06 09:30:00-04:00,460,24701.25,21,2.0,0.95,-1.99,4,20,LOSS,stop,-1.0444,20,0.0,0.73,0.51,0.0,0.73,0.58,0.0,0.83,0.76,0.0,0.95,0.57,0.4,0.95,-0.1,0.69,0.95,-0.49,1.06,0.95,-0.88,1.06,0.95,0.01,1.06,0.95,-0.66,1.06,0.95,-0.39,1.06,0.95,-0.04,1.06,0.95,0.08,1.06,0.95,-0.01,1.06,0.95,-0.73,1.06,0.95,-0.29,1.15,0.95,-1.09,1.9,0.95,-1.53,1.9,0.95,-1.56,1.9,0.95,-1.78,2.0,0.95,-1.99,0.0,0.73,0.51,0.0,0.73,0.58,0.0,0.83,0.76,0.0,0.95,0.57,0.4,0.95,-0.1,0.69,0.95,-0.49,1.06,0.95,-0.88,1.06,0.95,0.01,1.06,1.06,1.06,0.66,0.21999999999999997,0.21999999999999997,0.12,0.0,-0.5,-0.57,-0.75,0.11,-0.1100000000000001,0.8962264150943395,0.1325,0.21200000000000002,0.22,0.11875,0.024,0.0,0.47738686019382043,0.10141851056742197,0.5865638438031642,False,True,FAILURE
2026-02-27 13:05:00-05:00,2026-02-27 13:25:00-05:00,2026-02-26,0.9375766338559064,0.4316980966196316,25.0,1.75,20,40.0,38.89,1.5556,timeout,20,20,2026-02-06 09:30:00-05:00,2026-05-06 09:30:00-04:00,464,24919.5,21,0.96,1.69,1.6,20,2,WIN,timeout,1.5556,20,0.64,0.01,-0.54,0.96,0.01,-0.92,0.96,0.01,-0.35,0.96,0.01,-0.1,0.96,0.24,-0.1,0.96,0.24,-0.31,0.96,0.24,0.24,0.96,0.34,0.06,0.96,0.34,0.27,0.96,0.52,0.52,0.96,0.55,0.24,0.96,0.58,0.48,0.96,0.58,0.49,0.96,1.01,0.84,0.96,1.13,0.61,0.96,1.53,1.53,0.96,1.53,0.83,0.96,1.53,1.08,0.96,1.53,1.06,0.96,1.69,1.6,0.64,0.01,-0.54,0.96,0.01,-0.92,0.96,0.01,-0.35,0.96,0.01,-0.1,0.96,0.24,-0.1,0.96,0.24,-0.31,0.96,0.24,0.24,0.96,0.34,0.06,0.31999999999999995,0.0,0.0,0.0,0.33,0.33,0.33,0.10000000000000003,0.6000000000000001,0.98,0.41,0.16,-0.6199999999999999,0.3541666666666667,0.12,0.0,0.0,0.0425,0.066,0.03333333333333335,0.11313708498984759,0.14017845768876186,0.3640545485029878,True,True,RECOVERY
2026-02-27 13:26:00-05:00,2026-02-27 13:29:00-05:00,2026-02-26,0.8591063143433781,0.5788342344718449,25.0,1.75,20,-25.0,-26.11,-1.0444,stop,3,20,2026-02-06 09:30:00-05:00,2026-05-06 09:30:00-04:00,465,24882.75,21,1.94,0.32,-1.01,1,16,LOSS,stop,-1.0444,20,0.12,0.32,0.02,0.75,0.32,-0.7,1.41,0.32,-1.14,1.41,0.32,-0.94,1.41,0.32,-1.21,1.41,0.32,-0.62,1.41,0.32,-0.75,1.41,0.32,-0.77,1.41,0.32,-0.74,1.41,0.32,-0.95,1.41,0.32,-0.46,1.41,0.32,-0.93,1.41,0.32,-0.97,1.71,0.32,-1.57,1.85,0.32,-1.62,1.94,0.32,-1.53,1.94,0.32,-1.3,1.94,0.32,-1.17,1.94,0.32,-1.26,1.94,0.32,-1.01,0.12,0.32,0.02,0.75,0.32,-0.7,1.41,0.32,-1.14,1.41,0.32,-0.94,1.41,0.32,-1.21,1.41,0.32,-0.62,1.41,0.32,-0.75,1.41,0.32,-0.77,1.29,0.6599999999999999,0.0,0.0,0.0,0.0,0.0,0.0,-0.79,-0.07000000000000006,0.3699999999999999,0.43999999999999995,-1.0899999999999999,0.2269503546099291,0.17625,0.0,0.0,0.04,0.0,0.0,0.4817212442303714,0.0,0.38003524272662625,False,True,FAILURE
2026-03-02 13:47:00-05:00,2026-03-02 14:07:00-05:00,2026-03-01,1.0,0.4756780517824959,25.0,1.75,20,-13.25,-14.36,-0.5744,timeout,20,20,2026-02-06 09:30:00-05:00,2026-05-06 09:30:00-04:00,466,24986.75,21,0.88,0.79,-0.53,13,2,LOSS,timeout,-0.5744,20,0.84,0.12,-0.77,0.88,0.12,-0.5,0.88,0.12,-0.59,0.88,0.12,-0.05,0.88,0.16,-0.04,0.88,0.16,-0.27,0.88,0.16,-0.25,0.88,0.33,0.23,0.88,0.33,-0.08,0.88,0.33,0.19,0.88,0.74,0.44,0.88,0.74,0.6,0.88,0.79,0.6,0.88,0.79,0.42,0.88,0.79,0.12,0.88,0.79,-0.05,0.88,0.79,-0.42,0.88,0.79,-0.24,0.88,0.79,-0.55,0.88,0.79,-0.53,0.84,0.12,-0.77,0.88,0.12,-0.5,0.88,0.12,-0.59,0.88,0.12,-0.05,0.88,0.16,-0.04,0.88,0.16,-0.27,0.88,0.16,-0.25,0.88,0.33,0.23,0.040000000000000036,0.0,0.0,0.0,0.21000000000000002,0.21000000000000002,0.21000000000000002,0.17,1.0,0.73,0.82,0.27,-0.55,0.375,0.11,0.0,0.0,0.04125,0.042,0.05666666666666667,0.014142135623730963,0.0710005030163268,0.3286770016727234,False,True,FAILURE
2026-03-12 15:02:00-04:00,2026-03-12 15:05:00-04:00,2026-03-11,0.8446213623856165,0.573295529473823,25.0,1.75,20,-25.0,-26.11,-1.0444,stop,3,20,2026-02-06 09:30:00-05:00,2026-05-06 09:30:00-04:00,468,24584.25,21,1.67,0.59,-1.65,10,20,LOSS,stop,-1.0444,20,0.13,0.17,0.09,0.56,0.17,-0.46,1.22,0.17,-0.79,1.38,0.17,-1.22,1.38,0.17,-0.41,1.38,0.17,-0.86,1.38,0.17,-0.64,1.38,0.17,-0.76,1.38,0.32,0.28,1.38,0.59,-0.02,1.38,0.59,-0.04,1.38,0.59,-0.4,1.38,0.59,-0.24,1.38,0.59,-0.15,1.38,0.59,-0.3,1.38,0.59,-0.91,1.38,0.59,-0.78,1.38,0.59,-0.81,1.38,0.59,-1.15,1.67,0.59,-1.65,0.13,0.17,0.09,0.56,0.17,-0.46,1.22,0.17,-0.79,1.38,0.17,-1.22,1.38,0.17,-0.41,1.38,0.17,-0.86,1.38,0.17,-0.64,1.38,0.17,-0.76,1.25,0.8199999999999998,0.15999999999999992,0.0,0.0,0.0,0.0,0.0,-0.85,-0.3,0.030000000000000027,-0.35000000000000003,-1.21,0.12318840579710147,0.1725,0.03199999999999999,0.0,0.02125,0.0,0.0,0.4838664957550643,0.0,0.385317587007319,False,True,FAILURE
2026-03-16 12:01:00-04:00,2026-03-16 12:08:00-04:00,2026-03-15,0.8187978190213634,0.5903248494439316,25.0,1.75,20,-25.0,-26.11,-1.0444,stop,7,20,2026-02-06 09:30:00-05:00,2026-05-06 09:30:00-04:00,471,24675.0,21,1.16,1.45,1.38,20,7,LOSS,stop,-1.0444,20,0.25,0.24,0.03,0.38,0.24,-0.34,0.55,0.43,0.37,0.55,0.43,0.02,0.55,0.43,-0.24,0.95,0.43,-0.91,1.16,0.43,-0.68,1.16,0.43,-0.25,1.16,0.43,-0.83,1.16,0.43,-0.4,1.16,0.43,0.05,1.16,0.43,0.0,1.16,0.43,-0.26,1.16,0.43,-0.2,1.16,0.43,0.33,1.16,0.6,-0.56,1.16,0.6,-0.27,1.16,0.6,0.1,1.16,0.6,0.27,1.16,1.45,1.38,0.25,0.24,0.03,0.38,0.24,-0.34,0.55,0.43,0.37,0.55,0.43,0.02,0.55,0.43,-0.24,0.95,0.43,-0.91,1.16,0.43,-0.68,1.16,0.43,-0.25,0.9099999999999999,0.7799999999999999,0.6099999999999999,0.6099999999999999,0.19,0.19,0.0,0.0,-0.28,0.09000000000000002,-0.62,-0.010000000000000009,-0.73,0.3706896551724138,0.145,0.12199999999999997,0.20333333333333328,0.05375,0.0,0.0,0.35005866855224627,0.08795290947839239,0.4078515135963788,False,True,FAILURE
2026-03-16 13:50:00-04:00,2026-03-16 13:52:00-04:00,2026-03-15,1.0,0.4397336146643809,25.0,1.75,20,-25.0,-26.11,-1.0444,stop,2,20,2026-02-06 09:30:00-05:00,2026-05-06 09:30:00-04:00,472,24656.75,21,2.57,0.04,-2.13,1,17,LOSS,stop,-1.0444,20,0.95,0.04,-0.83,1.0,0.04,-0.84,1.21,0.04,-0.94,1.21,0.04,-0.71,1.21,0.04,-0.84,1.21,0.04,-1.01,1.27,0.04,-1.16,1.45,0.04,-1.31,1.45,0.04,-0.99,1.45,0.04,-0.95,1.45,0.04,-0.99,1.45,0.04,-1.34,1.45,0.04,-1.22,1.76,0.04,-1.67,1.87,0.04,-1.77,2.24,0.04,-2.0,2.57,0.04,-2.53,2.57,0.04,-2.12,2.57,0.04,-2.16,2.57,0.04,-2.13,0.95,0.04,-0.83,1.0,0.04,-0.84,1.21,0.04,-0.94,1.21,0.04,-0.71,1.21,0.04,-0.84,1.21,0.04,-1.01,1.27,0.04,-1.16,1.45,0.04,-1.31,0.5,0.44999999999999996,0.24,0.24,0.0,0.0,0.0,0.0,-0.4800000000000001,-0.4700000000000001,-0.3700000000000001,-0.4700000000000001,-1.41,0.027586206896551727,0.18125,0.048,0.08,0.005,0.0,0.0,0.15551182775412478,0.0,0.19762880067728705,False,True,FAILURE
2026-03-17 11:13:00-04:00,2026-03-17 11:16:00-04:00,2026-03-16,0.9043760691482644,0.4710536726889094,25.0,1.75,20,-25.0,-26.11,-1.0444,stop,3,20,2026-02-06 09:30:00-05:00,2026-05-06 09:30:00-04:00,473,24805.0,21,1.31,0.97,0.85,20,5,LOSS,stop,-1.0444,20,0.43,-0.01,-0.1,0.91,-0.01,-0.63,1.17,-0.01,-1.16,1.24,-0.01,-1.06,1.31,0.01,-0.41,1.31,0.01,-0.9,1.31,0.01,-0.5,1.31,0.51,0.43,1.31,0.51,-0.38,1.31,0.51,-0.29,1.31,0.51,-0.19,1.31,0.51,-0.56,1.31,0.51,-0.78,1.31,0.51,0.04,1.31,0.51,0.21,1.31,0.58,0.54,1.31,0.58,0.02,1.31,0.58,0.18,1.31,0.69,0.67,1.31,0.97,0.85,0.43,-0.01,-0.1,0.91,-0.01,-0.63,1.17,-0.01,-1.16,1.24,-0.01,-1.06,1.31,0.01,-0.41,1.31,0.01,-0.9,1.31,0.01,-0.5,1.31,0.51,0.43,0.8800000000000001,0.4,0.14000000000000012,0.0,0.52,0.52,0.52,0.5,0.53,1.06,1.5899999999999999,0.84,-0.8,0.3893129770992366,0.16375,0.028000000000000025,0.0,0.06375,0.10400000000000001,0.16666666666666666,0.31199530674125764,0.18108798177365923,0.5271876190828894,False,True,FAILURE
2026-03-20 13:36:00-04:00,2026-03-20 13:40:00-04:00,2026-03-19,1.0,0.5456547540551233,25.0,1.75,20,-25.0,-26.11,-1.0444,stop,4,20,2026-02-06 09:30:00-05:00,2026-05-06 09:30:00-04:00,477,24175.0,21,1.72,0.42,-1.62,12,19,LOSS,stop,-1.0444,20,0.28,0.28,-0.14,0.36,0.28,-0.36,0.99,0.28,-0.87,1.43,0.28,-1.08,1.43,0.28,-0.93,1.43,0.28,-0.62,1.43,0.28,-0.64,1.43,0.28,-0.45,1.43,0.28,-0.27,1.43,0.28,-0.47,1.43,0.28,0.1,1.43,0.42,-0.14,1.43,0.42,-0.08,1.43,0.42,-0.66,1.43,0.42,-0.56,1.43,0.42,-0.72,1.43,0.42,-1.09,1.43,0.42,-1.19,1.72,0.42,-1.68,1.72,0.42,-1.62,0.28,0.28,-0.14,0.36,0.28,-0.36,0.99,0.28,-0.87,1.43,0.28,-1.08,1.43,0.28,-0.93,1.43,0.28,-0.62,1.43,0.28,-0.64,1.43,0.28,-0.45,1.15,1.0699999999999998,0.43999999999999995,0.0,0.0,0.0,0.0,0.0,-0.31,-0.09000000000000002,0.42,0.48000000000000004,-1.15,0.19580419580419584,0.17875,0.088,0.0,0.035,0.0,0.0,0.5037785794799706,0.0,0.3151841865141261,False,True,FAILURE
2026-03-26 13:24:00-04:00,2026-03-26 13:33:00-04:00,2026-03-25,0.956211115148597,0.4424106554134248,25.0,1.75,20,-25.0,-26.11,-1.0444,stop,9,20,2026-02-06 09:30:00-05:00,2026-05-06 09:30:00-04:00,481,23941.75,21,1.26,1.01,0.82,19,11,LOSS,stop,-1.0444,20,0.12,0.28,0.12,0.22,0.28,-0.02,0.22,0.38,0.09,0.25,0.38,-0.15,0.57,0.38,-0.52,0.93,0.38,-0.52,0.93,0.38,0.03,0.93,0.38,-0.46,1.05,0.38,-0.99,1.18,0.38,-1.14,1.26,0.38,-0.77,1.26,0.38,-0.77,1.26,0.38,-0.39,1.26,0.38,-0.48,1.26,0.38,-0.15,1.26,0.38,-0.09,1.26,0.38,0.13,1.26,0.54,0.36,1.26,1.01,0.79,1.26,1.01,0.82,0.12,0.28,0.12,0.22,0.28,-0.02,0.22,0.38,0.09,0.25,0.38,-0.15,0.57,0.38,-0.52,0.93,0.38,-0.52,0.93,0.38,0.03,0.93,0.38,-0.46,0.81,0.7100000000000001,0.7100000000000001,0.3600000000000001,0.09999999999999998,0.09999999999999998,0.0,0.0,-0.5800000000000001,-0.44,-0.55,0.06,-0.55,0.4086021505376344,0.11625,0.14200000000000002,0.12000000000000004,0.0475,0.0,0.0,0.36246921051508446,0.046291004988627565,0.27853891751679616,False,True,FAILURE
2026-03-26 15:25:00-04:00,2026-03-26 15:45:00-04:00,2026-03-25,1.0,0.4252890236933491,25.0,1.75,20,16.5,15.39,0.6156,timeout,20,20,2026-02-06 09:30:00-05:00,2026-05-06 09:30:00-04:00,483,23822.25,21,0.95,0.76,0.66,20,5,WIN,timeout,0.6156,20,0.3,-0.01,-0.2,0.39,-0.01,-0.32,0.45,-0.01,-0.24,0.83,-0.01,-0.82,0.95,-0.01,-0.77,0.95,0.38,0.19,0.95,0.38,0.2,0.95,0.47,0.3,0.95,0.47,0.01,0.95,0.47,-0.44,0.95,0.47,-0.51,0.95,0.47,-0.4,0.95,0.47,-0.21,0.95,0.47,-0.11,0.95,0.47,-0.39,0.95,0.47,-0.19,0.95,0.47,-0.16,0.95,0.47,0.15,0.95,0.58,0.39,0.95,0.76,0.66,0.3,-0.01,-0.2,0.39,-0.01,-0.32,0.45,-0.01,-0.24,0.83,-0.01,-0.82,0.95,-0.01,-0.77,0.95,0.38,0.19,0.95,0.38,0.2,0.95,0.47,0.3,0.6499999999999999,0.5599999999999999,0.49999999999999994,0.0,0.48,0.48,0.48,0.48,0.5,0.62,0.54,1.07,-0.48,0.49473684210526314,0.11875,0.09999999999999999,0.0,0.05875,0.096,0.16,0.2883171616714581,0.2191379213450483,0.42877733149036695,True,True,RECOVERY
2026-03-26 15:54:00-04:00,2026-03-26 16:11:00-04:00,2026-03-25,0.9272071232917818,0.5358345421776781,25.0,1.75,20,-25.0,-26.11,-1.0444,stop,17,20,2026-02-06 09:30:00-05:00,2026-05-06 09:30:00-04:00,484,23781.25,21,9.73,0.77,-4.76,9,18,LOSS,stop,-1.0444,20,0.57,0.18,-0.51,0.74,0.18,-0.73,0.91,0.18,-0.61,0.91,0.18,-0.25,0.91,0.25,-0.23,0.91,0.25,-0.44,0.91,0.25,-0.07,0.91,0.4,0.06,0.91,0.77,0.53,0.91,0.77,0.17,0.91,0.77,-0.24,0.91,0.77,-0.18,0.91,0.77,0.03,0.91,0.77,-0.28,0.91,0.77,-0.46,0.91,0.77,-0.63,8.74,0.77,-8.74,9.73,0.77,-5.79,9.73,0.77,-5.36,9.73,0.77,-4.76,0.57,0.18,-0.51,0.74,0.18,-0.73,0.91,0.18,-0.61,0.91,0.18,-0.25,0.91,0.25,-0.23,0.91,0.25,-0.44,0.91,0.25,-0.07,0.91,0.4,0.06,0.3400000000000001,0.17000000000000004,0.0,0.0,0.22000000000000003,0.22000000000000003,0.22000000000000003,0.15000000000000002,0.5700000000000001,0.79,0.6699999999999999,0.29000000000000004,-0.51,0.43956043956043955,0.11375,0.0,0.0,0.05,0.044000000000000004,0.05000000000000001,0.12648404755428366,0.07558108228915487,0.2716484072157559,False,True,FAILURE
2026-03-27 12:37:00-04:00,2026-03-27 12:46:00-04:00,2026-03-26,1.0,0.4980702448459272,25.0,1.75,20,-25.0,-26.11,-1.0444,stop,9,20,2026-02-06 09:30:00-05:00,2026-05-06 09:30:00-04:00,485,23459.0,21,2.22,0.6,-0.64,3,13,LOSS,stop,-1.0444,20,0.34,0.32,0.22,0.34,0.32,0.19,0.34,0.6,0.29,0.5,0.6,-0.36,0.85,0.6,-0.25,0.93,0.6,-0.62,0.93,0.6,-0.63,0.93,0.6,-0.75,1.61,0.6,-1.41,1.75,0.6,-1.63,2.02,0.6,-1.86,2.15,0.6,-1.99,2.22,0.6,-1.62,2.22,0.6,-1.31,2.22,0.6,-0.78,2.22,0.6,-0.93,2.22,0.6,-0.89,2.22,0.6,-0.68,2.22,0.6,-0.72,2.22,0.6,-0.64,0.34,0.32,0.22,0.34,0.32,0.19,0.34,0.6,0.29,0.5,0.6,-0.36,0.85,0.6,-0.25,0.93,0.6,-0.62,0.93,0.6,-0.63,0.93,0.6,-0.75,0.5900000000000001,0.5900000000000001,0.5900000000000001,0.08000000000000007,0.27999999999999997,0.27999999999999997,0.0,0.0,-0.97,-0.94,-1.04,-0.5,-0.33000000000000007,0.6451612903225806,0.11625,0.11800000000000002,0.02666666666666669,0.075,0.0,0.0,0.28928483245015507,0.1296148139681572,0.42232139081848213,False,True,FAILURE
2026-03-27 15:46:00-04:00,2026-03-27 15:53:00-04:00,2026-03-26,0.8379642713187814,0.5809749879115566,25.0,1.75,20,-25.0,-26.11,-1.0444,stop,7,20,2026-02-06 09:30:00-05:00,2026-05-06 09:30:00-04:00,486,23283.0,21,2.73,0.56,-0.33,6,13,LOSS,stop,-1.0444,20,0.97,0.03,-0.63,0.97,0.03,-0.71,0.97,0.03,-0.73,0.97,0.2,-0.08,0.97,0.42,0.18,0.97,0.56,0.08,1.63,0.56,-1.61,1.63,0.56,-1.04,2.56,0.56,-2.05,2.56,0.56,-1.6,2.56,0.56,-1.52,2.56,0.56,-2.08,2.73,0.56,-1.03,2.73,0.56,-0.35,2.73,0.56,-0.69,2.73,0.56,-0.37,2.73,0.56,-0.6,2.73,0.56,-0.28,2.73,0.56,-0.27,2.73,0.56,-0.33,0.97,0.03,-0.63,0.97,0.03,-0.71,0.97,0.03,-0.73,0.97,0.2,-0.08,0.97,0.42,0.18,0.97,0.56,0.08,1.63,0.56,-1.61,1.63,0.56,-1.04,0.6599999999999999,0.6599999999999999,0.6599999999999999,0.6599999999999999,0.53,0.53,0.53,0.14000000000000007,-0.41000000000000003,-0.33000000000000007,-0.31000000000000005,-1.22,-1.0699999999999998,0.343558282208589,0.20375,0.13199999999999998,0.21999999999999997,0.07,0.10600000000000001,0.04666666666666669,0.30552063292494197,0.25238505162888375,0.6066712454039668,False,True,FAILURE
2026-04-01 14:25:00-04:00,2026-04-01 14:40:00-04:00,2026-03-31,0.9100415149552532,0.5724647237241197,25.0,1.75,20,-25.0,-26.11,-1.0444,stop,15,20,2026-02-06 09:30:00-05:00,2026-05-06 09:30:00-04:00,493,24157.75,21,1.89,1.32,-0.46,11,16,LOSS,stop,-1.0444,20,0.77,0.04,-0.4,0.94,0.04,-0.29,0.94,0.04,-0.11,0.94,0.27,0.17,0.94,0.44,0.1,0.94,0.44,0.17,0.94,0.59,0.39,0.94,1.03,0.52,0.94,1.03,0.58,0.94,1.24,1.08,0.94,1.32,0.65,0.94,1.32,1.18,0.94,1.32,0.79,0.94,1.32,-0.18,1.34,1.32,-1.05,1.89,1.32,-1.45,1.89,1.32,-1.39,1.89,1.32,-1.2,1.89,1.32,-0.92,1.89,1.32,-0.46,0.77,0.04,-0.4,0.94,0.04,-0.29,0.94,0.04,-0.11,0.94,0.27,0.17,0.94,0.44,0.1,0.94,0.44,0.17,0.94,0.59,0.39,0.94,1.03,0.52,0.16999999999999993,0.0,0.0,0.0,0.99,0.99,0.99,0.5900000000000001,0.92,0.81,0.63,0.42000000000000004,0.09000000000000008,1.095744680851064,0.1175,0.0,0.0,0.12875,0.198,0.19666666666666668,0.060104076400856514,0.34431868543960426,0.3181840213281796,False,True,FAILURE
2026-04-06 13:06:00-04:00,2026-04-06 13:09:00-04:00,2026-04-05,0.9195951958331344,0.410923557079432,25.0,1.75,20,-25.0,-26.11,-1.0444,stop,3,20,2026-02-06 09:30:00-05:00,2026-05-06 09:30:00-04:00,495,24265.5,21,1.33,2.52,-1.05,8,20,LOSS,stop,-1.0444,20,0.45,0.13,-0.33,0.93,0.13,-0.66,1.01,0.13,-0.52,1.01,0.5,0.04,1.01,0.5,0.14,1.01,1.74,1.64,1.01,2.43,2.26,1.01,2.52,1.52,1.01,2.52,1.74,1.01,2.52,1.34,1.01,2.52,1.01,1.01,2.52,1.07,1.01,2.52,0.64,1.01,2.52,1.32,1.01,2.52,0.65,1.01,2.52,-0.14,1.01,2.52,-0.5,1.08,2.52,-1.02,1.32,2.52,-1.28,1.33,2.52,-1.05,0.45,0.13,-0.33,0.93,0.13,-0.66,1.01,0.13,-0.52,1.01,0.5,0.04,1.01,0.5,0.14,1.01,1.74,1.64,1.01,2.43,2.26,1.01,2.52,1.52,0.56,0.07999999999999996,0.0,0.0,2.39,2.39,2.39,2.02,1.85,2.18,2.04,1.38,1.51,2.495049504950495,0.12625,0.0,0.0,0.315,0.47800000000000004,0.6733333333333333,0.19595917942265423,1.0469547677499185,1.1245753166672043,False,True,FAILURE
2026-04-07 13:20:00-04:00,2026-04-07 13:30:00-04:00,2026-04-06,0.8490741423499436,0.5208932260758715,25.0,1.75,20,-25.0,-26.11,-1.0444,stop,10,20,2026-02-06 09:30:00-05:00,2026-05-06 09:30:00-04:00,497,24175.5,21,4.95,0.22,-2.57,1,16,LOSS,stop,-1.0444,20,0.09,0.22,0.08,0.33,0.22,-0.2,0.67,0.22,-0.46,0.73,0.22,-0.45,0.73,0.22,-0.25,0.86,0.22,-0.62,0.86,0.22,-0.58,0.86,0.22,-0.28,0.86,0.22,-0.51,1.01,0.22,-0.42,1.01,0.22,-0.71,1.7,0.22,-1.51,1.7,0.22,-1.63,2.32,0.22,-2.18,3.86,0.22,-3.58,4.95,0.22,-4.15,4.95,0.22,-3.94,4.95,0.22,-3.51,4.95,0.22,-3.38,4.95,0.22,-2.57,0.09,0.22,0.08,0.33,0.22,-0.2,0.67,0.22,-0.46,0.73,0.22,-0.45,0.73,0.22,-0.25,0.86,0.22,-0.62,0.86,0.22,-0.58,0.86,0.22,-0.28,0.77,0.53,0.18999999999999995,0.13,0.0,0.0,0.0,0.0,-0.36000000000000004,-0.08000000000000002,0.18,-0.030000000000000027,-0.64,0.2558139534883721,0.1075,0.03799999999999999,0.043333333333333335,0.0275,0.0,0.0,0.2830667513401843,0.0,0.22990681342044403,False,True,FAILURE
2026-04-09 14:04:00-04:00,2026-04-09 14:06:00-04:00,2026-04-08,0.7745562110410582,0.4640907292628247,25.0,1.75,20,-25.0,-26.11,-1.0444,stop,2,20,2026-02-06 09:30:00-05:00,2026-05-06 09:30:00-04:00,499,25165.5,21,1.1,0.58,0.34,20,14,LOSS,stop,-1.0444,20,0.86,0.02,-0.73,1.08,0.02,-0.73,1.08,0.02,-0.51,1.08,0.02,-0.34,1.08,0.02,-0.74,1.08,0.02,-0.69,1.08,0.02,-0.53,1.08,0.02,-0.3,1.08,0.02,-0.1,1.08,0.08,-0.47,1.08,0.08,-0.23,1.08,0.08,-0.52,1.08,0.08,-0.78,1.1,0.08,-0.55,1.1,0.08,-0.51,1.1,0.08,-0.64,1.1,0.08,-0.23,1.1,0.08,0.0,1.1,0.54,0.46,1.1,0.58,0.34,0.86,0.02,-0.73,1.08,0.02,-0.73,1.08,0.02,-0.51,1.08,0.02,-0.34,1.08,0.02,-0.74,1.08,0.02,-0.69,1.08,0.02,-0.53,1.08,0.02,-0.3,0.22000000000000008,0.0,0.0,0.0,0.0,0.0,0.0,0.0,0.43,0.43,0.21000000000000002,0.44,-1.06,0.018518518518518517,0.135,0.0,0.0,0.0025,0.0,0.0,0.07778174593052026,0.0,0.17947841095797565,False,True,FAILURE
2026-04-15 12:48:00-04:00,2026-04-15 13:05:00-04:00,2026-04-14,0.8292577512470083,0.5309112488461031,25.0,1.75,20,-25.0,-26.11,-1.0444,stop,17,20,2026-02-06 09:30:00-05:00,2026-05-06 09:30:00-04:00,504,26142.0,21,1.57,1.56,-1.25,8,19,LOSS,stop,-1.0444,20,0.56,0.01,-0.5,0.98,0.01,-0.94,0.98,0.18,0.08,0.98,0.8,0.43,0.98,1.0,0.47,0.98,1.0,0.58,0.98,1.13,0.66,0.98,1.56,0.89,0.98,1.56,0.08,0.98,1.56,-0.07,0.98,1.56,-0.1,0.98,1.56,-0.5,0.98,1.56,-0.09,0.98,1.56,-0.14,0.98,1.56,-0.68,0.98,1.56,-0.79,1.15,1.56,-0.96,1.42,1.56,-1.32,1.57,1.56,-1.39,1.57,1.56,-1.25,0.56,0.01,-0.5,0.98,0.01,-0.94,0.98,0.18,0.08,0.98,0.8,0.43,0.98,1.0,0.47,0.98,1.0,0.58,0.98,1.13,0.66,0.98,1.56,0.89,0.41999999999999993,0.0,0.0,0.0,1.55,1.55,1.3800000000000001,0.56,1.3900000000000001,1.83,0.81,0.42000000000000004,0.5800000000000001,1.5918367346938775,0.1225,0.0,0.0,0.195,0.276,0.18666666666666668,0.14849242404917495,0.5776909084573564,0.6280681832867693,False,True,FAILURE
2026-04-16 14:25:00-04:00,2026-04-16 14:31:00-04:00,2026-04-15,1.0,0.5127873752692426,25.0,1.75,20,-25.0,-26.11,-1.0444,stop,6,20,2026-02-06 09:30:00-05:00,2026-05-06 09:30:00-04:00,507,26376.0,21,2.81,0.84,-2.55,3,20,LOSS,stop,-1.0444,20,0.07,0.26,0.16,0.07,0.74,0.49,0.07,0.84,0.47,0.07,0.84,0.1,0.42,0.84,-0.16,1.04,0.84,-0.8,1.26,0.84,-1.15,1.58,0.84,-1.57,1.81,0.84,-1.54,1.81,0.84,-1.6,1.86,0.84,-1.8,1.99,0.84,-1.84,2.01,0.84,-1.95,2.56,0.84,-2.09,2.56,0.84,-2.4,2.6,0.84,-2.54,2.71,0.84,-2.19,2.71,0.84,-2.25,2.71,0.84,-2.41,2.81,0.84,-2.55,0.07,0.26,0.16,0.07,0.74,0.49,0.07,0.84,0.47,0.07,0.84,0.1,0.42,0.84,-0.16,1.04,0.84,-0.8,1.26,0.84,-1.15,1.58,0.84,-1.57,1.51,1.51,1.51,1.1600000000000001,0.58,0.09999999999999998,0.0,0.0,-1.73,-2.06,-2.04,-1.4100000000000001,-0.7400000000000001,0.5316455696202531,0.1975,0.302,0.3866666666666667,0.105,0.0,0.0,0.625591149005711,0.20304819976688152,0.77396474633631,False,True,FAILURE
2026-04-21 11:02:00-04:00,2026-04-21 11:07:00-04:00,2026-04-20,1.0,0.5606004659545475,25.0,1.75,20,-25.0,-26.11,-1.0444,stop,5,20,2026-02-06 09:30:00-05:00,2026-05-06 09:30:00-04:00,510,26694.5,21,3.67,1.29,-3.23,3,18,LOSS,stop,-1.0444,20,0.09,0.94,0.8,0.34,0.94,0.11,0.34,1.29,0.74,0.34,1.29,0.39,1.04,1.29,-0.89,1.68,1.29,-1.4,2.17,1.29,-2.05,2.98,1.29,-2.85,2.98,1.29,-2.61,2.99,1.29,-2.79,2.99,1.29,-2.6,3.06,1.29,-2.68,3.1,1.29,-2.62,3.1,1.29,-2.28,3.1,1.29,-2.53,3.1,1.29,-2.64,3.61,1.29,-3.38,3.67,1.29,-3.29,3.67,1.29,-3.54,3.67,1.29,-3.23,0.09,0.94,0.8,0.34,0.94,0.11,0.34,1.29,0.74,0.34,1.29,0.39,1.04,1.29,-0.89,1.68,1.29,-1.4,2.17,1.29,-2.05,2.98,1.29,-2.85,2.89,2.64,2.64,1.94,0.3500000000000001,0.3500000000000001,0.0,0.0,-3.6500000000000004,-2.96,-3.59,-1.96,-1.69,0.4328859060402685,0.3725,0.528,0.6466666666666666,0.16125,0.0,0.0,1.0534399433692052,0.16201851746019655,1.3687109420389472,False,True,FAILURE
2026-04-21 12:44:00-04:00,2026-04-21 12:46:00-04:00,2026-04-20,0.7555709034446223,0.4918633786100488,25.0,1.75,20,-25.0,-26.11,-1.0444,stop,2,20,2026-02-06 09:30:00-05:00,2026-05-06 09:30:00-04:00,511,26681.25,21,1.39,0.58,-0.42,15,5,LOSS,stop,-1.0444,20,0.63,0.01,-0.5,1.09,0.01,-0.99,1.09,0.01,-0.97,1.32,0.01,-1.31,1.39,0.01,-1.25,1.39,0.01,-0.99,1.39,0.01,-0.65,1.39,0.01,-0.67,1.39,0.01,-0.68,1.39,0.01,-0.48,1.39,0.01,-0.19,1.39,0.13,-0.01,1.39,0.13,-0.03,1.39,0.23,0.15,1.39,0.58,0.42,1.39,0.58,-0.18,1.39,0.58,-0.72,1.39,0.58,-0.86,1.39,0.58,-0.66,1.39,0.58,-0.42,0.63,0.01,-0.5,1.09,0.01,-0.99,1.09,0.01,-0.97,1.32,0.01,-1.31,1.39,0.01,-1.25,1.39,0.01,-0.99,1.39,0.01,-0.65,1.39,0.01,-0.67,0.7599999999999999,0.2999999999999998,0.2999999999999998,0.0,0.0,0.0,0.0,0.0,-0.17000000000000004,0.31999999999999995,0.29999999999999993,0.58,-1.38,0.007194244604316547,0.17375,0.05999999999999996,0.0,0.00125,0.0,0.0,0.2690957078810437,0.0,0.2890841449425113,False,True,FAILURE
2026-04-21 13:05:00-04:00,2026-04-21 13:12:00-04:00,2026-04-20,0.99479917877588,0.5839992966723812,25.0,1.75,20,43.75,42.64,1.7056,target,7,20,2026-02-06 09:30:00-05:00,2026-05-06 09:30:00-04:00,512,26664.75,21,0.78,2.59,0.87,15,4,WIN,target,1.7056,20,0.24,1.18,0.66,0.24,1.18,0.3,0.24,1.18,0.11,0.78,1.18,-0.27,0.78,1.35,0.41,0.78,1.35,0.76,0.78,1.91,1.23,0.78,1.91,1.09,0.78,1.91,0.86,0.78,1.91,0.91,0.78,1.91,0.69,0.78,1.91,1.07,0.78,1.91,1.74,0.78,2.37,2.2,0.78,2.59,2.01,0.78,2.59,1.51,0.78,2.59,1.95,0.78,2.59,1.71,0.78,2.59,1.58,0.78,2.59,0.87,0.24,1.18,0.66,0.24,1.18,0.3,0.24,1.18,0.11,0.78,1.18,-0.27,0.78,1.35,0.41,0.78,1.35,0.76,0.78,1.91,1.23,0.78,1.91,1.09,0.54,0.54,0.54,0.0,0.73,0.73,0.73,0.5599999999999998,0.43000000000000005,0.79,0.9800000000000001,0.6800000000000002,1.13,2.4487179487179485,0.0975,0.10800000000000001,0.0,0.23875,0.146,0.18666666666666662,0.2794765515336535,0.32040153379336817,0.500968704468795,True,True,RECOVERY
2026-04-23 12:04:00-04:00,2026-04-23 12:12:00-04:00,2026-04-22,1.0,0.5629829882632204,25.0,1.75,20,-25.0,-26.11,-1.0444,stop,8,20,2026-02-06 09:30:00-05:00,2026-05-06 09:30:00-04:00,513,27046.5,21,1.83,0.32,-1.73,1,12,LOSS,stop,-1.0444,20,0.29,0.32,-0.02,0.64,0.32,-0.59,0.69,0.32,-0.44,0.78,0.32,-0.09,0.78,0.32,-0.14,0.78,0.32,-0.45,0.78,0.32,-0.34,1.2,0.32,-1.04,1.45,0.32,-1.38,1.45,0.32,-1.37,1.74,0.32,-1.44,1.83,0.32,-1.48,1.83,0.32,-1.32,1.83,0.32,-1.54,1.83,0.32,-1.49,1.83,0.32,-1.17,1.83,0.32,-1.08,1.83,0.32,-0.96,1.83,0.32,-1.24,1.83,0.32,-1.73,0.29,0.32,-0.02,0.64,0.32,-0.59,0.69,0.32,-0.44,0.78,0.32,-0.09,0.78,0.32,-0.14,0.78,0.32,-0.45,0.78,0.32,-0.34,1.2,0.32,-1.04,0.9099999999999999,0.5599999999999999,0.51,0.41999999999999993,0.0,0.0,0.0,0.0,-1.02,-0.45000000000000007,-0.6000000000000001,-0.9,-0.8799999999999999,0.26666666666666666,0.15,0.10200000000000001,0.13999999999999999,0.04,0.0,0.0,0.24869660230891777,0.0,0.3296074505052509,False,True,FAILURE
2026-04-23 14:59:00-04:00,2026-04-23 15:05:00-04:00,2026-04-22,1.0,0.5682755285946635,25.0,1.75,20,-25.0,-26.11,-1.0444,stop,6,20,2026-02-06 09:30:00-05:00,2026-05-06 09:30:00-04:00,514,26860.0,21,2.64,0.73,-2.14,3,17,LOSS,stop,-1.0444,20,0.66,0.27,-0.43,0.66,0.44,-0.27,0.66,0.73,-0.02,0.66,0.73,-0.01,0.66,0.73,-0.06,1.01,0.73,-0.96,1.55,0.73,-1.22,1.73,0.73,-1.5,1.73,0.73,-1.42,1.76,0.73,-1.22,1.76,0.73,-1.07,1.76,0.73,-1.35,1.76,0.73,-1.14,1.76,0.73,-1.32,1.78,0.73,-1.72,2.09,0.73,-2.04,2.64,0.73,-2.52,2.64,0.73,-2.08,2.64,0.73,-2.21,2.64,0.73,-2.14,0.66,0.27,-0.43,0.66,0.44,-0.27,0.66,0.73,-0.02,0.66,0.73,-0.01,0.66,0.73,-0.06,1.01,0.73,-0.96,1.55,0.73,-1.22,1.73,0.73,-1.5,1.0699999999999998,1.0699999999999998,1.0699999999999998,1.0699999999999998,0.45999999999999996,0.29,0.0,0.0,-1.07,-1.23,-1.48,-1.44,-1.0,0.42196531791907516,0.21625,0.21399999999999997,0.35666666666666663,0.09125,0.0,0.0,0.4460120914440389,0.17943860868195083,0.5884953574279798,False,True,FAILURE
2026-04-29 11:12:00-04:00,2026-04-29 11:17:00-04:00,2026-04-28,0.8136318662296649,0.4968701920963558,25.0,1.75,20,-25.0,-26.11,-1.0444,stop,5,20,2026-02-06 09:30:00-05:00,2026-05-06 09:30:00-04:00,515,27234.75,21,2.28,0.59,-1.83,3,19,LOSS,stop,-1.0444,20,0.22,0.41,0.16,0.22,0.41,0.19,0.38,0.59,-0.21,0.8,0.59,-0.73,1.06,0.59,-0.89,1.1,0.59,-0.57,1.1,0.59,-0.96,1.27,0.59,-1.13,1.36,0.59,-1.33,1.47,0.59,-1.14,1.47,0.59,-1.28,1.64,0.59,-1.27,1.68,0.59,-1.65,1.78,0.59,-1.71,1.91,0.59,-1.53,1.91,0.59,-1.35,2.09,0.59,-1.62,2.19,0.59,-2.02,2.28,0.59,-2.17,2.28,0.59,-1.83,0.22,0.41,0.16,0.22,0.41,0.19,0.38,0.59,-0.21,0.8,0.59,-0.73,1.06,0.59,-0.89,1.1,0.59,-0.57,1.1,0.59,-0.96,1.27,0.59,-1.13,1.05,1.05,0.89,0.20999999999999996,0.18,0.18,0.0,0.0,-1.2899999999999998,-1.3199999999999998,-0.9199999999999999,-0.23999999999999988,-0.68,0.4645669291338582,0.15875,0.178,0.06999999999999999,0.07375,0.0,0.0,0.43258153649258513,0.08332380897952962,0.5087449543449336,False,True,FAILURE
2026-05-05 12:40:00-04:00,2026-05-05 12:46:00-04:00,2026-05-04,0.8427740198896719,0.4335091652380324,25.0,1.75,20,-25.0,-26.11,-1.0444,stop,6,20,2026-02-06 09:30:00-05:00,2026-05-06 09:30:00-04:00,518,28095.0,21,1.64,0.09,-1.25,1,16,LOSS,stop,-1.0444,20,0.45,0.09,-0.38,0.5,0.09,-0.21,0.5,0.09,-0.27,0.61,0.09,-0.51,0.92,0.09,-0.82,1.02,0.09,-0.94,1.36,0.09,-1.28,1.36,0.09,-1.21,1.36,0.09,-1.08,1.36,0.09,-1.12,1.36,0.09,-1.11,1.36,0.09,-1.04,1.36,0.09,-0.99,1.36,0.09,-1.15,1.59,0.09,-1.52,1.64,0.09,-1.52,1.64,0.09,-1.42,1.64,0.09,-1.3,1.64,0.09,-1.21,1.64,0.09,-1.25,0.45,0.09,-0.38,0.5,0.09,-0.21,0.5,0.09,-0.27,0.61,0.09,-0.51,0.92,0.09,-0.82,1.02,0.09,-0.94,1.36,0.09,-1.28,1.36,0.09,-1.21,0.9100000000000001,0.8600000000000001,0.8600000000000001,0.44000000000000006,0.0,0.0,0.0,0.0,-0.83,-1.0,-0.94,-0.39,-1.27,0.06617647058823528,0.17,0.17200000000000001,0.1466666666666667,0.01125,0.0,0.0,0.38093869023018095,0.0,0.4195150261228519,False,True,FAILURE
2026-05-27 09:30:00-04:00,2026-05-27 09:31:00-04:00,2026-05-26,0.7565108901330925,0.5798361522198732,25.0,1.75,20,-25.0,-26.11,-1.0444,stop,1,21,2026-05-06 09:30:00-04:00,2026-08-06 09:30:00-04:00,519,30140.25,21,1.21,8.11,3.94,17,1,LOSS,stop,-1.0444,21,1.21,0.55,-0.21,1.21,0.55,-0.24,1.21,0.55,-0.03,1.21,0.55,-0.01,1.21,1.44,0.94,1.21,1.52,1.52,1.21,2.68,2.47,1.21,3.45,2.76,1.21,3.45,2.99,1.21,3.61,3.37,1.21,4.57,4.46,1.21,4.57,3.59,1.21,6.23,6.1,1.21,7.06,6.35,1.21,7.06,4.39,1.21,7.38,7.33,1.21,8.11,7.79,1.21,8.11,5.86,1.21,8.11,5.72,1.21,8.11,3.94,1.21,0.55,-0.21,1.21,0.55,-0.24,1.21,0.55,-0.03,1.21,0.55,-0.01,1.21,1.44,0.94,1.21,1.52,1.52,1.21,2.68,2.47,1.21,3.45,2.76,0.0,0.0,0.0,0.0,2.9000000000000004,2.9000000000000004,2.9000000000000004,2.0100000000000002,2.9699999999999998,3.0,2.7899999999999996,1.8199999999999998,2.24,2.8512396694214877,0.15125,0.0,0.0,0.43125,0.5800000000000001,0.67,0.0,1.117771219883568,1.2267960594282048,False,True,FAILURE
2026-08-06 15:50:00-04:00,2026-08-06 15:53:00-04:00,2026-08-05,0.8104829306454324,0.511869403559721,25.0,1.75,20,-25.0,-26.11,-1.0444,stop,3,22,2026-08-06 09:30:00-04:00,2026-08-26 16:59:00-04:00,520,29481.5,21,2.8,0.26,-2.77,1,16,LOSS,stop,-1.0444,22,0.27,0.26,-0.08,0.33,0.26,-0.02,1.78,0.26,-1.31,2.19,0.26,-1.99,2.19,0.26,-1.65,2.19,0.26,-1.65,2.19,0.26,-1.47,2.19,0.26,-1.3,2.19,0.26,-0.63,2.34,0.26,-2.13,2.36,0.26,-2.03,2.36,0.26,-1.72,2.36,0.26,-2.12,2.67,0.26,-2.31,2.67,0.26,-2.42,2.8,0.26,-2.62,2.8,0.26,-2.65,2.8,0.26,-2.68,2.8,0.26,-2.65,2.8,0.26,-2.77,0.27,0.26,-0.08,0.33,0.26,-0.02,1.78,0.26,-1.31,2.19,0.26,-1.99,2.19,0.26,-1.65,2.19,0.26,-1.65,2.19,0.26,-1.47,2.19,0.26,-1.3,1.92,1.8599999999999999,0.4099999999999999,0.0,0.0,0.0,0.0,0.0,-1.22,-1.28,0.010000000000000009,0.34999999999999987,-1.93,0.11872146118721462,0.27375,0.08199999999999999,0.0,0.0325,0.0,0.0,0.8552015217813534,0.0,0.7337562362840361,False,True,FAILURE
2026-08-10 12:44:00-04:00,2026-08-10 12:49:00-04:00,2026-08-09,0.7961505076035287,0.539110729764812,25.0,1.75,20,-25.0,-26.11,-1.0444,stop,5,22,2026-08-06 09:30:00-04:00,2026-08-26 16:59:00-04:00,523,29742.5,21,1.65,0.4,-1.24,1,17,LOSS,stop,-1.0444,22,0.12,0.4,0.05,0.6,0.4,-0.49,0.85,0.4,-0.72,0.91,0.4,-0.64,1.04,0.4,-0.96,1.04,0.4,-0.42,1.04,0.4,-0.42,1.04,0.4,-0.38,1.04,0.4,-0.08,1.04,0.4,-0.53,1.2,0.4,-0.81,1.21,0.4,-1.17,1.32,0.4,-1.15,1.43,0.4,-1.01,1.54,0.4,-1.49,1.61,0.4,-1.55,1.65,0.4,-1.07,1.65,0.4,-1.22,1.65,0.4,-0.75,1.65,0.4,-1.24,0.12,0.4,0.05,0.6,0.4,-0.49,0.85,0.4,-0.72,0.91,0.4,-0.64,1.04,0.4,-0.96,1.04,0.4,-0.42,1.04,0.4,-0.42,1.04,0.4,-0.38,0.92,0.44000000000000006,0.19000000000000006,0.0,0.0,0.0,0.0,0.0,-0.43,0.10999999999999999,0.33999999999999997,0.58,-0.64,0.38461538461538464,0.13,0.03800000000000001,0.0,0.05,0.0,0.0,0.32518126813034165,0.0,0.2950423698386386,False,True,FAILURE
2026-08-13 11:04:00-04:00,2026-08-13 11:06:00-04:00,2026-08-12,0.769792479931498,0.4913911072976481,25.0,1.75,20,-25.0,-26.11,-1.0444,stop,2,22,2026-08-06 09:30:00-04:00,2026-08-26 16:59:00-04:00,526,30198.5,21,1.67,0.02,-1.29,1,16,LOSS,stop,-1.0444,22,0.86,0.02,-0.84,1.02,0.02,-0.65,1.02,0.02,-0.26,1.02,0.02,-0.23,1.02,0.02,-0.63,1.02,0.02,-0.93,1.2,0.02,-1.03,1.2,0.02,-0.53,1.25,0.02,-1.1,1.25,0.02,-0.76,1.25,0.02,-0.84,1.25,0.02,-0.57,1.25,0.02,-0.67,1.25,0.02,-0.48,1.25,0.02,-1.11,1.67,0.02,-1.06,1.67,0.02,-1.48,1.67,0.02,-1.4,1.67,0.02,-1.4,1.67,0.02,-1.29,0.86,0.02,-0.84,1.02,0.02,-0.65,1.02,0.02,-0.26,1.02,0.02,-0.23,1.02,0.02,-0.63,1.02,0.02,-0.93,1.2,0.02,-1.03,1.2,0.02,-0.53,0.33999999999999997,0.17999999999999994,0.17999999999999994,0.17999999999999994,0.0,0.0,0.0,0.0,0.30999999999999994,0.12,-0.27,0.09999999999999998,-1.18,0.016666666666666666,0.15,0.03599999999999999,0.05999999999999998,0.0025,0.0,0.0,0.1104536101718726,0.0,0.2930017064796723,False,True,FAILURE
2026-08-13 11:36:00-04:00,2026-08-13 11:42:00-04:00,2026-08-12,0.8675489243615778,0.5229269795173036,25.0,1.75,20,-25.0,-26.11,-1.0444,stop,6,22,2026-08-06 09:30:00-04:00,2026-08-26 16:59:00-04:00,527,30141.25,21,1.43,1.49,0.39,16,7,LOSS,stop,-1.0444,22,0.14,0.51,-0.1,0.2,0.51,-0.16,0.48,0.51,-0.42,0.48,0.51,-0.01,0.72,0.51,-0.66,1.4,0.51,-1.37,1.43,0.51,-1.01,1.43,0.51,-0.62,1.43,0.51,0.0,1.43,0.51,-0.19,1.43,0.51,0.06,1.43,0.51,0.28,1.43,0.63,0.03,1.43,0.63,0.25,1.43,1.05,0.85,1.43,1.49,1.0,1.43,1.49,0.64,1.43,1.49,0.86,1.43,1.49,0.72,1.43,1.49,0.39,0.14,0.51,-0.1,0.2,0.51,-0.16,0.48,0.51,-0.42,0.48,0.51,-0.01,0.72,0.51,-0.66,1.4,0.51,-1.37,1.43,0.51,-1.01,1.43,0.51,-0.62,1.29,1.23,0.95,0.71,0.0,0.0,0.0,0.0,-0.52,-0.45999999999999996,-0.2,0.040000000000000036,-0.9199999999999999,0.35664335664335667,0.17875,0.19,0.23666666666666666,0.06375,0.0,0.0,0.5553377350765928,0.0,0.4726502028833948,False,True,FAILURE
2026-08-14 10:30:00-04:00,2026-08-14 10:36:00-04:00,2026-08-13,1.0,0.5831914285085693,25.0,1.75,20,-25.0,-26.11,-1.0444,stop,6,22,2026-08-06 09:30:00-04:00,2026-08-26 16:59:00-04:00,530,30132.25,21,1.76,0.13,-0.96,1,9,LOSS,stop,-1.0444,22,0.74,0.13,-0.58,0.96,0.13,-0.43,0.96,0.13,-0.14,0.96,0.13,-0.25,0.96,0.13,-0.71,1.42,0.13,-1.38,1.6,0.13,-1.07,1.6,0.13,-1.18,1.76,0.13,-1.46,1.76,0.13,-0.55,1.76,0.13,-0.94,1.76,0.13,-1.26,1.76,0.13,-1.0,1.76,0.13,-0.93,1.76,0.13,-0.6,1.76,0.13,-1.07,1.76,0.13,-0.94,1.76,0.13,-1.15,1.76,0.13,-0.7,1.76,0.13,-0.96,0.74,0.13,-0.58,0.96,0.13,-0.43,0.96,0.13,-0.14,0.96,0.13,-0.25,0.96,0.13,-0.71,1.42,0.13,-1.38,1.6,0.13,-1.07,1.6,0.13,-1.18,0.8600000000000001,0.6400000000000001,0.6400000000000001,0.6400000000000001,0.0,0.0,0.0,0.0,-0.6,-0.75,-1.04,-0.47,-1.4700000000000002,0.08125,0.2,0.12800000000000003,0.21333333333333337,0.01625,0.0,0.0,0.3360272097826093,0.0,0.45209828261436374,False,True,FAILURE
2026-08-14 11:48:00-04:00,2026-08-14 11:54:00-04:00,2026-08-13,0.8900849564655272,0.4614040877389831,25.0,1.75,20,-25.0,-26.11,-1.0444,stop,6,22,2026-08-06 09:30:00-04:00,2026-08-26 16:59:00-04:00,532,30035.25,21,1.97,0.41,-0.85,3,13,LOSS,stop,-1.0444,22,0.25,0.11,-0.1,0.37,0.11,-0.15,0.37,0.41,-0.31,0.95,0.41,-0.91,0.95,0.41,-0.81,1.14,0.41,-0.85,1.14,0.41,-0.84,1.14,0.41,-0.96,1.22,0.41,-1.19,1.51,0.41,-1.22,1.51,0.41,-1.23,1.94,0.41,-1.94,1.97,0.41,-1.65,1.97,0.41,-1.46,1.97,0.41,-1.58,1.97,0.41,-1.53,1.97,0.41,-1.47,1.97,0.41,-1.23,1.97,0.41,-1.22,1.97,0.41,-0.85,0.25,0.11,-0.1,0.37,0.11,-0.15,0.37,0.41,-0.31,0.95,0.41,-0.91,0.95,0.41,-0.81,1.14,0.41,-0.85,1.14,0.41,-0.84,1.14,0.41,-0.96,0.8899999999999999,0.7699999999999999,0.7699999999999999,0.18999999999999995,0.3,0.3,0.0,0.0,-0.86,-0.8099999999999999,-0.6499999999999999,-0.1499999999999999,-0.73,0.35964912280701755,0.1425,0.15399999999999997,0.06333333333333331,0.05125,0.0,0.0,0.38970455842489554,0.13887301496588272,0.3633942172666719,False,True,FAILURE
2026-08-18 11:08:00-04:00,2026-08-18 11:22:00-04:00,2026-08-17,0.8962986444060379,0.5190196466679867,25.0,1.75,20,-25.0,-26.11,-1.0444,stop,14,22,2026-08-06 09:30:00-04:00,2026-08-26 16:59:00-04:00,533,29542.25,21,2.07,1.13,-2.0,2,20,LOSS,stop,-1.0444,22,0.14,0.8,0.48,0.14,1.13,0.56,0.14,1.13,0.31,0.14,1.13,0.08,0.14,1.13,0.02,0.21,1.13,-0.18,0.76,1.13,-0.29,0.76,1.13,-0.5,0.76,1.13,-0.13,0.76,1.13,-0.39,0.76,1.13,0.27,0.76,1.13,-0.09,0.76,1.13,-0.42,1.21,1.13,-1.09,1.28,1.13,-1.15,1.4,1.13,-1.03,1.58,1.13,-1.3,1.73,1.13,-1.55,1.73,1.13,-1.36,2.07,1.13,-2.0,0.14,0.8,0.48,0.14,1.13,0.56,0.14,1.13,0.31,0.14,1.13,0.08,0.14,1.13,0.02,0.21,1.13,-0.18,0.76,1.13,-0.29,0.76,1.13,-0.5,0.62,0.62,0.62,0.62,0.32999999999999985,0.0,0.0,0.0,-0.98,-1.06,-0.81,-0.52,0.3699999999999999,1.4868421052631577,0.095,0.124,0.20666666666666667,0.14125,0.0,0.0,0.282637450758792,0.11667261889578029,0.37504285469415743,False,True,FAILURE
2026-08-19 15:50:00-04:00,2026-08-19 15:54:00-04:00,2026-08-18,1.0,0.4518557630959453,25.0,1.75,20,-25.0,-26.11,-1.0444,stop,4,22,2026-08-06 09:30:00-04:00,2026-08-26 16:59:00-04:00,534,29494.5,21,1.91,0.23,-1.49,5,10,LOSS,stop,-1.0444,22,0.29,0.11,0.02,0.34,0.2,-0.17,0.49,0.2,-0.28,1.04,0.2,-0.67,1.04,0.23,0.22,1.04,0.23,-0.1,1.04,0.23,-0.72,1.04,0.23,-0.86,1.25,0.23,-1.09,1.91,0.23,-1.82,1.91,0.23,-1.42,1.91,0.23,-1.52,1.91,0.23,-1.52,1.91,0.23,-1.57,1.91,0.23,-1.06,1.91,0.23,-1.33,1.91,0.23,-1.52,1.91,0.23,-1.54,1.91,0.23,-1.53,1.91,0.23,-1.49,0.29,0.11,0.02,0.34,0.2,-0.17,0.49,0.2,-0.28,1.04,0.2,-0.67,1.04,0.23,0.22,1.04,0.23,-0.1,1.04,0.23,-0.72,1.04,0.23,-0.86,0.75,0.7,0.55,0.0,0.12000000000000001,0.03,0.03,0.0,-0.88,-0.69,-0.58,-1.08,-0.81,0.22115384615384615,0.13,0.11000000000000001,0.0,0.02875,0.006,0.0,0.3494894235064305,0.040686080455816134,0.3879985272431548,False,True,FAILURE
2026-08-19 15:55:00-04:00,2026-08-19 15:58:00-04:00,2026-08-18,1.0,0.4625349261874903,25.0,1.75,20,-25.0,-26.11,-1.0444,stop,3,22,2026-08-06 09:30:00-04:00,2026-08-26 16:59:00-04:00,535,29489.0,21,2.13,0.01,-1.14,1,5,LOSS,stop,-1.0444,22,0.53,0.01,-0.32,0.99,0.01,-0.94,1.26,0.01,-1.08,1.47,0.01,-1.31,2.13,0.01,-2.04,2.13,0.01,-1.64,2.13,0.01,-1.74,2.13,0.01,-1.74,2.13,0.01,-1.79,2.13,0.01,-1.28,2.13,0.01,-1.55,2.13,0.01,-1.74,2.13,0.01,-1.76,2.13,0.01,-1.75,2.13,0.01,-1.71,2.13,0.01,-1.52,2.13,0.01,-1.22,2.13,0.01,-1.41,2.13,0.01,-1.21,2.13,0.01,-1.14,0.53,0.01,-0.32,0.99,0.01,-0.94,1.26,0.01,-1.08,1.47,0.01,-1.31,2.13,0.01,-2.04,2.13,0.01,-1.64,2.13,0.01,-1.74,2.13,0.01,-1.74,1.5999999999999999,1.14,0.8699999999999999,0.0,0.0,0.0,0.0,0.0,-1.42,-0.8,-0.6599999999999999,0.30000000000000004,-2.12,0.004694835680751174,0.26625,0.174,0.0,0.00125,0.0,0.0,0.6293973875291915,0.0,0.556505358721472,False,True,FAILURE
2026-08-24 16:00:00-04:00,2026-08-24 16:07:00-04:00,2026-08-23,1.0,0.4110839768552131,25.0,1.75,20,-25.0,-26.11,-1.0444,stop,7,22,2026-08-06 09:30:00-04:00,2026-08-26 16:59:00-04:00,536,29097.75,21,1.04,0.01,-0.05,1,7,LOSS,stop,-1.0444,22,0.31,0.01,-0.2,0.37,0.01,-0.26,0.43,0.01,-0.37,0.75,0.01,-0.43,0.75,0.01,-0.62,0.75,0.01,-0.66,1.04,0.01,-0.88,1.04,0.01,-0.72,1.04,0.01,-0.57,1.04,0.01,-0.47,1.04,0.01,-0.45,1.04,0.01,-0.44,1.04,0.01,-0.49,1.04,0.01,-0.45,1.04,0.01,-0.4,1.04,0.01,-0.56,1.04,0.01,-0.47,1.04,0.01,-0.54,1.04,0.01,-0.58,1.04,0.01,-0.05,0.31,0.01,-0.2,0.37,0.01,-0.26,0.43,0.01,-0.37,0.75,0.01,-0.43,0.75,0.01,-0.62,0.75,0.01,-0.66,1.04,0.01,-0.88,1.04,0.01,-0.72,0.73,0.67,0.6100000000000001,0.29000000000000004,0.0,0.0,0.0,0.0,-0.52,-0.45999999999999996,-0.35,-0.09999999999999998,-1.03,0.009615384615384616,0.13,0.12200000000000003,0.09666666666666668,0.00125,0.0,0.0,0.2852066919671717,0.0,0.23897100840299196,False,True,FAILURE
