entry_timestamp,exit_timestamp,window,hmm_state,setup_quality,setup_quality_bucket,volatility,volatility_percentile,volatility_bucket,pnl_R,pnl_points,exit_reason,holding_bars,past_return_30,past_return_30_quality,directional_pressure_30,directional_pressure_30_quality,close_location_30,close_location_30_quality,normalized_momentum_30,normalized_momentum_30_quality
2024-12-27 09:44:00-05:00,2024-12-27 09:46:00-05:00,1,2,1.0,80-100%,0.003196144956592746,0.9198666491204983,80-100%,1.3,26.0,target,2,-0.007993612474981284,1.0,-0.677641255780945,1.0,0.0,1.0,-2.5010168761253193,1.0
2024-12-27 09:57:00-05:00,2024-12-27 10:01:00-05:00,1,2,0.8607587433313575,80-100%,0.004038849426731579,0.9663639952625346,80-100%,1.3,26.0,target,4,-0.007060705990661856,1.0,-0.37707434802172946,1.0,0.07219917012448132,0.4430349733254298,-1.7481973811476557,1.0
2024-12-27 10:06:00-05:00,2024-12-27 10:07:00-05:00,1,2,1.0,80-100%,0.004325775025222909,0.9744790981269466,80-100%,-1.0,-20.0,stop,1,-0.007746829357858493,1.0,-0.40039177729292713,1.0,0.0,1.0,-1.7908535031729476,1.0
2024-12-27 10:08:00-05:00,2024-12-27 10:10:00-05:00,1,2,1.0,80-100%,0.004386945164558135,0.9757029433697416,80-100%,-1.0,-20.0,stop,2,-0.007936066444779977,1.0,-0.40369802421309525,1.0,0.0,1.0,-1.8090188381872148,1.0
2024-12-27 10:11:00-05:00,2024-12-27 10:13:00-05:00,1,2,0.8051043409916361,80-100%,0.00426203657515556,0.9728736237224196,80-100%,1.3,26.0,target,2,-0.006136483589618718,1.0,-0.3059049206196975,0.5707205050912697,0.022082018927444796,0.8296529968454258,-1.4398007810138849,0.8200438620298482
2024-12-27 10:14:00-05:00,2024-12-27 10:17:00-05:00,1,2,0.6755099439450203,60-80%,0.004308891966809876,0.9741851998069921,80-100%,1.3,26.0,target,3,-0.0056649210023340685,1.0,-0.27967054213548537,0.4031604273741419,0.04261363636363636,0.6712662337662338,-1.3147048118099234,0.6276131146397049
2024-12-27 10:18:00-05:00,2024-12-27 10:19:00-05:00,1,2,1.0,80-100%,0.004328693617754441,0.974531736632013,80-100%,-1.0,-20.0,stop,1,-0.009506502578171747,1.0,-0.47721057560602925,1.0,0.0,1.0,-2.1961597233817054,1.0
2024-12-27 10:20:00-05:00,2024-12-27 10:22:00-05:00,1,2,0.9059233449477352,80-100%,0.0043326928744797395,0.9746063078475238,80-100%,-1.0,-20.0,stop,2,-0.00903829380527513,1.0,-0.4526000484158177,1.0,0.04878048780487805,0.6236933797909407,-2.086068426061801,1.0
2024-12-27 10:33:00-05:00,2024-12-27 10:35:00-05:00,1,2,0.7872106814588793,60-80%,0.003881534247491373,0.9610036408299337,80-100%,-1.0,-20.0,stop,2,-0.005136312265921553,1.0,-0.296093771716569,0.508056284793775,0.0,1.0,-1.3232685681547547,0.6407864410417421
2024-12-27 12:03:00-05:00,2024-12-27 12:09:00-05:00,1,2,0.7695417789757413,60-80%,0.0025820958736452945,0.8313374566828968,80-100%,1.3,26.0,target,6,-0.0046094547501662475,1.0,-0.4030124205855158,1.0,0.11949685534591195,0.07816711590296489,-1.7851601860386435,1.0
2024-12-27 12:10:00-05:00,2024-12-27 12:18:00-05:00,1,2,0.7871957504662784,60-80%,0.0025905574921434027,0.8331710312760451,80-100%,1.3,26.0,target,8,-0.004234351197994554,0.8834768794161341,-0.37728077510004754,1.0,0.09523809523809523,0.2653061224489796,-1.6345328026250796,1.0
2024-12-27 12:20:00-05:00,2024-12-27 12:24:00-05:00,1,2,0.31475547188250974,20-40%,0.002582543652984773,0.8314515067772075,80-100%,-1.0,-20.0,stop,4,-0.0030499366904672945,0.38445041943767955,-0.2812024085145832,0.41294452230470646,0.12448132780082988,0.039715471250740896,-1.1809816600553227,0.4219114745369119
2024-12-27 15:20:00-05:00,2024-12-27 15:35:00-05:00,1,2,0.3528418931142805,20-40%,0.001967013079938889,0.6508137035574856,60-80%,-0.2,-4.0,timeout,15,-0.0021926190638743,0.023238886180614912,-0.263458382868445,0.2996126849192352,0.03,0.7685714285714286,-1.1146947044919602,0.31994457278584315
2024-12-30 09:49:00-05:00,2024-12-30 09:51:00-05:00,1,2,0.714848575663588,60-80%,0.003107237538080662,0.9114444883098654,80-100%,-1.0,-20.0,stop,2,-0.003771725543593708,0.6885599469202217,-0.3398904349850139,0.7877874133748417,0.011592434411226357,0.9105726488276824,-1.2138516921765496,0.4724742935316059
2024-12-30 15:37:00-05:00,2024-12-30 15:41:00-05:00,1,2,0.3962604985754962,20-40%,0.002145981958059868,0.7172917489143308,60-80%,-1.0,-20.0,stop,4,-0.0023215850773761304,0.07757582039270342,-0.2538240940286278,0.23807807727756686,0.0,1.0,-1.0818287957439405,0.26938809663171465
2024-12-30 15:47:00-05:00,2024-12-30 15:51:00-05:00,1,2,0.37412573272872984,20-40%,0.0021790098457851793,0.7284247927358863,60-80%,-1.0,-20.0,stop,4,-0.002810745135919725,0.28367242831714284,-0.31242370817540743,0.6123562751215582,0.1282051282051282,0.010989010989011021,-1.2899185110872722,0.5894852164872073
2024-12-30 16:07:00-05:00,2024-12-30 16:14:00-05:00,1,2,0.8135618567503826,80-100%,0.003089887578115247,0.909751283063561,80-100%,-1.0,-20.0,stop,7,-0.004244103548042171,0.8875858131465164,-0.31808806341401075,0.6485347500402217,0.0,1.0,-1.373546266893945,0.7181268638147925
2024-12-31 11:02:00-05:00,2024-12-31 11:04:00-05:00,1,2,0.35553630917276774,20-40%,0.0028468151121975355,0.8783304820809755,80-100%,1.3,26.0,target,2,-0.0027228280431988295,0.2466305352355552,-0.23204856893156708,0.09899688350007516,0.0,1.0,-0.9564470946962914,0.07651781795544071
2024-12-31 11:05:00-05:00,2024-12-31 11:11:00-05:00,1,2,0.3480812508613578,20-40%,0.002599325178785619,0.8349168750274159,80-100%,-1.0,-20.0,stop,6,-0.0026044604856659617,0.19675902248682808,-0.22422277530137968,0.04901321075320445,0.0,1.0,-1.0019756307991992,0.14655277020539872
2024-12-31 11:12:00-05:00,2024-12-31 11:18:00-05:00,1,2,0.37189650702834265,20-40%,0.0025637553208195133,0.8274071149712682,80-100%,-1.0,-20.0,stop,6,-0.0027505700913870047,0.25831902436829923,-0.24536557596672393,0.18405316699896868,0.02727272727272727,0.7896103896103897,-1.0728676286112107,0.25560344713571326
2024-12-31 11:19:00-05:00,2024-12-31 11:21:00-05:00,1,2,0.2622245624249659,20-40%,0.002711068101091943,0.8563495196736413,80-100%,1.3,26.0,target,2,-0.0028062474217674044,0.2817774174428557,-0.22602299302237389,0.06051127698027628,0.06363636363636363,0.5090909090909091,-1.0351076834392783,0.19751864618582238
2024-12-31 11:22:00-05:00,2024-12-31 11:37:00-05:00,1,2,0.9678497887484445,80-100%,0.002512169257671382,0.8167258849848664,80-100%,0.0,0.0,timeout,15,-0.004232893722015777,0.8828628046360883,-0.3713210935575299,0.9885363503576898,0.0,1.0,-1.6849556251394442,1.0
2024-12-31 12:40:00-05:00,2024-12-31 12:52:00-05:00,1,2,1.0,80-100%,0.002379586189859005,0.7850769838136596,60-80%,-1.0,-20.0,stop,12,-0.005385503738426323,1.0,-0.5446172938729956,1.0,0.0,1.0,-2.263210200738904,1.0
2024-12-31 13:36:00-05:00,2024-12-31 13:44:00-05:00,1,2,0.4994846037732982,40-60%,0.003069273615053547,0.907395709961837,80-100%,-1.0,-20.0,stop,8,-0.004046101713265416,0.8041621856496127,-0.29393525244268764,0.4942697314929931,0.12101910828025478,0.06642402183803452,-1.3182603510553512,0.6330824761125524
2025-01-02 09:41:00-05:00,2025-01-02 09:43:00-05:00,1,2,0.8280939116593713,80-100%,0.004049243148218761,0.9666578935824889,80-100%,-1.0,-20.0,stop,2,-0.008222341132289325,1.0,-0.6111978976924163,1.0,0.08913649025069638,0.312375646637485,-2.0305871569866794,1.0
2025-01-02 09:44:00-05:00,2025-01-02 09:45:00-05:00,1,2,0.8012335853561481,80-100%,0.004088511878354221,0.9678510330306619,80-100%,-1.0,-20.0,stop,1,-0.007963412830962156,1.0,-0.5697398742415527,1.0,0.10306406685236769,0.2049343414245921,-1.9477533801779554,1.0
2025-01-02 10:25:00-05:00,2025-01-02 10:26:00-05:00,1,2,0.8228860684268433,80-100%,0.003747391377534783,0.9555687151818222,80-100%,-1.0,-20.0,stop,1,-0.0048904800753638115,1.0,-0.33359524931365064,0.7475797979753698,0.008915304606240713,0.9312247930375717,-1.3050358456503168,0.6127396826944319
2025-01-02 10:29:00-05:00,2025-01-02 10:30:00-05:00,1,2,0.7513734694207177,60-80%,0.004078786998166809,0.9675878405053296,80-100%,-1.0,-20.0,stop,1,-0.0050810032984256095,1.0,-0.3066855978772888,0.5757067235386674,0.01188707280832095,0.9082997240500955,-1.2457143019994037,0.521487430094108
2025-01-02 10:31:00-05:00,2025-01-02 10:32:00-05:00,1,2,0.9012060622493914,80-100%,0.0043540943137643775,0.9750888274772996,80-100%,1.3,26.0,target,1,-0.006216401814634262,1.0,-0.3423306102820615,0.8033729155304492,0.0,1.0,-1.4277140931427843,0.8014513334671165
2025-01-02 10:36:00-05:00,2025-01-02 10:37:00-05:00,1,2,0.8532865907099035,80-100%,0.004483704866298624,0.9778084835723999,80-100%,-1.0,-20.0,stop,1,-0.007529817550504272,1.0,-0.3944440014586754,1.0,0.07607361963190185,0.4131463628396143,-1.6793740388894658,1.0
2025-01-02 10:38:00-05:00,2025-01-02 10:42:00-05:00,1,2,0.6494018988371567,60-80%,0.0046603037609586374,0.9811290959336755,80-100%,1.3,26.0,target,4,-0.006776334695864099,1.0,-0.3294504734270798,0.7211069402291175,0.12515337423312883,0.03453111305872037,-1.4540542941926575,0.841969542060789
2025-01-02 10:43:00-05:00,2025-01-02 10:46:00-05:00,1,2,0.9769033361847733,80-100%,0.0048486857845064,0.9839189367021977,80-100%,-1.0,-20.0,stop,3,-0.008655824181882908,1.0,-0.40528341791504885,1.0,0.011976047904191617,0.9076133447390933,-1.7851897537971884,1.0
2025-01-02 10:47:00-05:00,2025-01-02 10:49:00-05:00,1,2,1.0,80-100%,0.004888854729588563,0.9843751370794402,80-100%,-1.0,-20.0,stop,2,-0.008905439188677065,1.0,-0.41406661976462217,1.0,0.0,1.0,-1.8215798343892557,1.0
2025-01-02 12:26:00-05:00,2025-01-02 12:28:00-05:00,1,2,0.4328291139914881,40-60%,0.0033378150715142906,0.9314427336930298,80-100%,1.3,26.0,target,2,-0.003403011904245435,0.533210733430867,-0.22039192252301826,0.02454539308977436,0.0,1.0,-1.019532787567397,0.17356032944531088
2025-01-02 12:33:00-05:00,2025-01-02 12:37:00-05:00,1,2,1.0,80-100%,0.004022073996508072,0.9658156775014256,80-100%,1.3,26.0,target,4,-0.00824891396741138,1.0,-0.4433882704258871,1.0,0.0,1.0,-2.0509105438072526,1.0
2025-01-02 12:38:00-05:00,2025-01-02 12:41:00-05:00,1,2,1.0,80-100%,0.00402843114284511,0.9660613238584024,80-100%,1.3,26.0,target,3,-0.010386706188809519,1.0,-0.5829231060945264,1.0,0.0,1.0,-2.5783501865874836,1.0
2025-01-02 12:42:00-05:00,2025-01-02 12:43:00-05:00,1,2,0.9683294233856031,80-100%,0.0040046090693731185,0.9652936789928499,80-100%,1.3,26.0,target,1,-0.010967541531401084,1.0,-0.6217980038970681,1.0,0.016421780466724288,0.8733176935424126,-2.73872963413079,1.0
2025-01-02 12:44:00-05:00,2025-01-02 12:48:00-05:00,1,2,0.8706547107234983,80-100%,0.003933424413096484,0.9629688116857481,80-100%,1.3,26.0,target,4,-0.012799812924913669,1.0,-0.7336963721642924,1.0,0.06706792777300086,0.48261884289399337,-3.254114374817071,1.0
2025-01-02 12:49:00-05:00,2025-01-02 12:51:00-05:00,1,2,1.0,80-100%,0.0038093619170655947,0.9582401193139448,80-100%,1.3,26.0,target,2,-0.012313598987713227,1.0,-0.7260616544966573,1.0,0.0,1.0,-3.232457103261684,1.0
2025-01-02 13:05:00-05:00,2025-01-02 13:06:00-05:00,1,2,0.6294747773728446,60-80%,0.003630133691833438,0.9498749835504672,80-100%,-1.0,-20.0,stop,1,-0.004585676399789139,1.0,-0.2854854065569016,0.44030021076765435,0.06103286384976526,0.5291750503018109,-1.2632252112657298,0.5484238484219132
2025-01-06 13:59:00-05:00,2025-01-06 14:01:00-05:00,1,2,0.33958832192800564,20-40%,0.002208501148138682,0.737469842523139,60-80%,1.3,26.0,target,2,-0.002460025840862042,0.1359047277811491,-0.2735858516818081,0.364297253774798,0.05970149253731343,0.5394456289978677,-1.1138893194306665,0.31870567715820775
2025-01-07 10:10:00-05:00,2025-01-07 10:13:00-05:00,1,2,0.6836473800169759,60-80%,0.004996319247184286,0.9856647804535684,80-100%,-1.0,-20.0,stop,3,-0.005920982393240114,1.0,-0.2645196178107531,0.3063908370876312,0.0,1.0,-1.185068867762389,0.4281986829802726
2025-01-07 10:14:00-05:00,2025-01-07 10:18:00-05:00,1,2,0.7036713850796954,60-80%,0.005231062033905215,0.9881168574812476,80-100%,1.3,26.0,target,4,-0.00749664391767102,1.0,-0.3199471505574228,0.6604088177419017,0.08496732026143791,0.34453781512605036,-1.4331017046025067,0.8097389074508293
2025-01-07 10:19:00-05:00,2025-01-07 10:20:00-05:00,1,2,0.9565126050420167,80-100%,0.005298308223042234,0.9888888888888889,80-100%,-1.0,-20.0,stop,1,-0.010411914799652951,1.0,-0.443342395562229,1.0,0.022549019607843137,0.8260504201680672,-1.9651395051672809,1.0
2025-01-07 10:33:00-05:00,2025-01-07 10:39:00-05:00,1,2,0.6649450381927902,60-80%,0.004878027312781286,0.9842610869851296,80-100%,1.3,26.0,target,6,-0.005726469083731867,1.0,-0.25548932168714744,0.24871395630348606,0.0,1.0,-1.1739313284957456,0.41106619646767434
2025-01-07 10:40:00-05:00,2025-01-07 10:41:00-05:00,1,2,0.8067378492765618,80-100%,0.004537419818710852,0.9788787998420845,80-100%,-1.0,-20.0,stop,1,-0.0060905060658126954,1.0,-0.30374330403872807,0.556914169159971,0.0,1.0,-1.342284009228641,0.6700372279462756
2025-01-07 10:42:00-05:00,2025-01-07 10:48:00-05:00,1,2,0.5162392708673673,40-60%,0.004576143362891315,0.9795894196604816,80-100%,1.3,26.0,target,6,-0.005319191135569912,1.0,-0.26303232234468205,0.29689141845138733,0.08104738154613467,0.37477734235838966,-1.1623742338808902,0.3932883226596925
2025-01-07 10:49:00-05:00,2025-01-07 10:50:00-05:00,1,2,0.6642340382720774,60-80%,0.004203070895629607,0.9712462166074484,80-100%,-1.0,-20.0,stop,1,-0.005213316339329839,1.0,-0.27440274816966703,0.36951480596780556,0.02927400468384075,0.7741719638675142,-1.2403588872961187,0.51324938325299
2025-01-07 11:55:00-05:00,2025-01-07 12:10:00-05:00,1,2,0.5891667236590642,40-60%,0.00390272882461734,0.9617756722375751,80-100%,0.0625,1.25,timeout,15,-0.004250838995092191,0.8904236425351154,-0.24559546986709752,0.18552150900053255,0.0,1.0,-1.089196607327434,0.280721743100609
2025-01-07 12:11:00-05:00,2025-01-07 12:13:00-05:00,1,2,0.8747680890538033,80-100%,0.002773504705811169,0.8666403474141334,80-100%,-1.0,-20.0,stop,2,-0.005132679586130756,1.0,-0.4296662230226016,1.0,0.06493506493506493,0.4990723562152134,-1.8506114575455885,1.0
2025-01-07 12:46:00-05:00,2025-01-07 12:57:00-05:00,1,2,0.27089044151354735,20-40%,0.002351256167662355,0.7777909374040444,60-80%,-1.0,-20.0,stop,11,-0.00217026598216686,0.013820917080117217,-0.22353753236314294,0.04463653531356483,0.0,1.0,-0.9230240464715348,0.025104313660507423
2025-01-07 15:14:00-05:00,2025-01-07 15:23:00-05:00,1,2,0.6751769992122368,60-80%,0.0020154863087898916,0.67026801772163,60-80%,1.3,26.0,target,9,-0.002824227456644135,0.2893529014459657,-0.318410120005096,0.6505917390199314,0.0,1.0,-1.4012635284730939,0.7607633563830503
2025-01-07 15:32:00-05:00,2025-01-07 15:35:00-05:00,1,2,0.8252390071170133,80-100%,0.002052139627011741,0.6841601965170856,60-80%,1.3,26.0,target,3,-0.0032769988699842306,0.48011797072079415,-0.3587901042964823,0.9085003954095964,0.011363636363636364,0.9123376623376623,-1.5968693488737362,1.0
2025-01-08 10:15:00-05:00,2025-01-08 10:17:00-05:00,1,2,0.5553493865708257,40-60%,0.005137904853996093,0.9871912971004957,80-100%,-1.0,-20.0,stop,2,-0.00504227339848199,1.0,-0.23322572606768,0.10651543559121972,0.0,1.0,-0.9813870715336965,0.1148821106920827
2025-01-08 10:21:00-05:00,2025-01-08 10:22:00-05:00,1,2,0.4622179457774822,40-60%,0.005117054599449636,0.9868666929859192,80-100%,-1.0,-20.0,stop,1,-0.005129947125898894,1.0,-0.24295116725205237,0.1686322370876792,0.060556464811783964,0.5328501285948094,-1.00251952098589,0.1473894174274401
2025-01-08 11:08:00-05:00,2025-01-08 11:09:00-05:00,1,2,0.23050007810597462,20-40%,0.002932283235253308,0.890590867219371,80-100%,-1.0,-20.0,stop,1,-0.0028659916554236256,0.306949308901559,-0.2170290902423566,0.0030668420108366044,0.06439393939393939,0.5032467532467533,-0.9773925045736737,0.10873740826474958
2025-01-08 13:57:00-05:00,2025-01-08 13:58:00-05:00,1,2,0.6463930437767824,60-80%,0.002611267349981649,0.8373250866342062,80-100%,-1.0,-20.0,stop,1,-0.0037630557697274623,0.6849071323575914,-0.3270336162200938,0.705670371694533,0.0812807881773399,0.3729767769176636,-1.4410840658479138,0.8220178941373416
2025-01-08 14:03:00-05:00,2025-01-08 14:05:00-05:00,1,2,0.5724653934162708,40-60%,0.002648543026604667,0.8446593850067992,80-100%,-1.0,-20.0,stop,2,-0.0034273354859232436,0.5434589284517256,-0.2897587589186402,0.46759429186343926,0.0410958904109589,0.6829745596868885,-1.2940456135677583,0.5958337936630297
2025-01-10 09:39:00-05:00,2025-01-10 09:42:00-05:00,1,2,0.6942149565182557,60-80%,0.0039217260644342005,0.9625345440189499,80-100%,-1.0,-20.0,stop,3,-0.0037761783045961927,0.6904360177941248,-0.3783068806913018,1.0,0.0,1.0,-0.9628868112033708,0.08642380827889787
2025-01-10 09:43:00-05:00,2025-01-10 09:44:00-05:00,1,2,0.471159071635031,40-60%,0.0038953242538903826,0.9615256393385094,80-100%,-1.0,-20.0,stop,1,-0.0035372181317347047,0.5897555141519795,-0.33451498560438686,0.7534541923105651,0.0597165991902834,0.5393290919606708,-0.9080676989090123,0.0020974881169085868
2025-01-10 09:52:00-05:00,2025-01-10 09:53:00-05:00,1,2,0.7223170568844425,60-80%,0.005297591062473973,0.9888845023468,80-100%,-1.0,-20.0,stop,1,-0.005880299833274052,1.0,-0.36690777268101965,0.9603482844767425,0.04975124378109453,0.6162046908315565,-1.1099950456591026,0.3127152522294711
2025-01-10 09:54:00-05:00,2025-01-10 09:58:00-05:00,1,2,0.7241137323564503,60-80%,0.005322231233361869,0.9891520814142212,80-100%,-1.0,-20.0,stop,4,-0.005326924861382715,1.0,-0.3713391285441315,0.9886515405749235,0.030730897009966777,0.7629330802088277,-1.000881891036869,0.14487030864205022
2025-01-10 10:06:00-05:00,2025-01-10 10:07:00-05:00,1,2,0.8990147783251231,80-100%,0.005708619581769323,0.9926174496644296,80-100%,1.3,26.0,target,1,-0.009038812051107369,1.0,-0.4407061037085441,1.0,0.05236270753512133,0.5960591133004925,-1.583362128380937,1.0
2025-01-10 10:08:00-05:00,2025-01-10 10:12:00-05:00,1,2,0.9892520900960514,80-100%,0.0056634199939684,0.9922007281659867,80-100%,1.3,26.0,target,4,-0.008658457820528999,1.0,-0.4301380349070378,1.0,0.0,1.0,-1.528839081288399,0.9570083603842058
2025-01-10 10:13:00-05:00,2025-01-10 10:14:00-05:00,1,2,0.873499214622057,80-100%,0.005683318164879461,0.9923805763916305,80-100%,1.3,26.0,target,1,-0.008817966733899263,1.0,-0.43283577150927943,1.0,0.06454918032786885,0.5020491803278688,-1.5515525399212424,0.9919476781603597
2025-01-10 10:15:00-05:00,2025-01-10 10:17:00-05:00,1,2,0.8655844155844156,80-100%,0.005707144456990456,0.9926042900381629,80-100%,-1.0,-20.0,stop,2,-0.009829153581791273,1.0,-0.4713304266894051,1.0,0.0696969696969697,0.46233766233766227,-1.7222542123937183,1.0
2025-01-10 11:07:00-05:00,2025-01-10 11:20:00-05:00,1,2,0.45714409759518493,40-60%,0.00403476863906573,0.9662587182524016,80-100%,1.3,26.0,target,13,-0.0038683002062605168,0.7292495127166132,-0.2195674778092979,0.01927963006102202,0.0,1.0,-0.9587415171235791,0.08004724760310439
2025-01-10 14:20:00-05:00,2025-01-10 14:22:00-05:00,1,2,0.28706634558217836,20-40%,0.0027902453007196465,0.8693029784620784,80-100%,1.3,26.0,target,2,-0.0030653626936574573,0.3909498195334067,-0.2761867724524641,0.3809094440246826,0.11910112359550562,0.08121990369181374,-1.0985997155400113,0.29518621507881054
2025-01-10 14:23:00-05:00,2025-01-10 14:25:00-05:00,1,2,0.4657340313065089,40-60%,0.002701305418711147,0.8545071719963153,80-100%,-1.0,-20.0,stop,2,-0.003011519910441739,0.368264371716981,-0.2687738918479017,0.33356306412260994,0.020618556701030927,0.8409425625920471,-1.1148387329999145,0.3201661267943976
2025-01-10 15:25:00-05:00,2025-01-10 15:33:00-05:00,1,2,0.44599020566616476,40-60%,0.002310045746520084,0.7667105320875554,60-80%,1.3,26.0,target,8,-0.0029708908906361173,0.35114624643470743,-0.3090103845694932,0.5905552338266449,0.0960960960960961,0.25868725868725867,-1.2860744836380613,0.5835720837160481
2025-01-13 09:42:00-05:00,2025-01-13 09:44:00-05:00,1,2,0.8312843438490982,80-100%,0.0018330924907840086,0.5944027722946001,40-60%,-1.0,-20.0,stop,2,-0.0029091601275348673,0.3251373753963928,-0.47945243321358844,1.0,0.0,1.0,-1.587023100122257,1.0
2025-01-13 10:26:00-05:00,2025-01-13 10:32:00-05:00,1,2,0.6222423111541316,60-80%,0.0033770808571571445,0.9345089266131509,80-100%,-1.0,-20.0,stop,6,-0.003953280431430202,0.7650540225947768,-0.2663281170437583,0.31794179767989683,0.0,1.0,-1.1706206036055966,0.40597342434185324
2025-01-13 11:10:00-05:00,2025-01-13 11:25:00-05:00,1,2,0.4923719911958106,40-60%,0.0026395343331148836,0.8428565162082731,80-100%,0.325,6.5,timeout,15,-0.0029480202837952906,0.34151022973885986,-0.26425252420583906,0.3046848990100785,0.0,1.0,-1.1168713537119885,0.3232928360343041
2025-01-14 09:59:00-05:00,2025-01-14 10:03:00-05:00,1,2,0.5287967883635944,40-60%,0.004162840927099053,0.9701013291222529,80-100%,-1.0,-20.0,stop,4,-0.00428324723010626,0.9040781247205665,-0.22016600028452138,0.02310241825950171,0.0,1.0,-1.0289240701520426,0.18800661047430955
2025-01-14 10:39:00-05:00,2025-01-14 10:42:00-05:00,1,2,0.6194947819324436,60-80%,0.003442819282647754,0.938970039917533,80-100%,-1.0,-20.0,stop,3,-0.004012910523248453,0.7901778229527922,-0.2618858117478623,0.2895686070944406,0.0,1.0,-1.165588488328165,0.39823269768254177
2025-01-14 10:50:00-05:00,2025-01-14 10:52:00-05:00,1,2,0.5660036954487242,40-60%,0.003765635729042689,0.9563407465894636,80-100%,1.3,26.0,target,2,-0.004855872483122476,1.0,-0.279770360053416,0.4037979686101991,0.0944558521560575,0.2713405690818422,-1.289522628455873,0.5888762441028556
2025-01-14 10:53:00-05:00,2025-01-14 10:54:00-05:00,1,2,0.4019581806137691,40-60%,0.00350503616729967,0.9426591218142738,80-100%,-1.0,-20.0,stop,1,-0.003560225133282691,0.599448997695321,-0.2188434928811104,0.014655507903673074,0.022556390977443608,0.8259935553168636,-1.015745619545358,0.1677346615392188
2025-01-14 10:56:00-05:00,2025-01-14 11:01:00-05:00,1,2,0.6998680076951972,60-80%,0.0037019060231115604,0.9534456288108084,80-100%,1.3,26.0,target,5,-0.004539759137051685,1.0,-0.2680227086725288,0.32876522561764876,0.002717391304347826,0.9790372670807452,-1.2263301955017984,0.49166953808239494
2025-01-14 11:02:00-05:00,2025-01-14 11:03:00-05:00,1,2,0.6662557376670449,60-80%,0.0036600093441640294,0.9515462560863271,80-100%,1.3,26.0,target,1,-0.004340284591314139,0.928109536248532,-0.26469122047790083,0.30748687053325074,0.0,1.0,-1.185867079338151,0.4294265438863973
2025-01-14 11:04:00-05:00,2025-01-14 11:09:00-05:00,1,2,0.8651694362834829,80-100%,0.0037674379156761254,0.956424090889152,80-100%,-1.0,-20.0,stop,5,-0.0053619431413858215,1.0,-0.3208411830420322,0.6661190407873205,0.0,1.0,-1.42323331170901,0.794558704346611
2025-01-14 11:13:00-05:00,2025-01-14 11:17:00-05:00,1,2,0.809259266693291,80-100%,0.0033349680395685748,0.9312672720094749,80-100%,-1.0,-20.0,stop,4,-0.004770057259818865,1.0,-0.3241453380800886,0.6872228178521882,0.03313840155945419,0.7443609022556391,-1.4303157341309751,0.8054533466653366
2025-01-14 11:20:00-05:00,2025-01-14 11:22:00-05:00,1,2,0.16056906950201244,00-20%,0.0031225874273338563,0.9129841645830592,80-100%,-1.0,-20.0,stop,2,-0.0031013809399032003,0.4061252988984564,-0.22747519800018604,0.06978657119354842,0.12531328320802004,0.03329752953813104,-0.9932086809659761,0.1330668783779139
2025-01-14 11:51:00-05:00,2025-01-14 11:58:00-05:00,1,2,0.1068973762100434,00-20%,0.0027626346606110875,0.8649603017940957,80-100%,1.3,26.0,target,7,-0.0025122614951282483,0.15791304789835553,-0.22117522552838814,0.02954838229856481,0.09903381642512077,0.2360248447204969,-0.909371597680796,0.0041032299227563565
2025-01-14 11:59:00-05:00,2025-01-14 12:08:00-05:00,1,2,0.8434986783191352,80-100%,0.002605466640993064,0.8361977453173663,80-100%,-1.0,-20.0,stop,9,-0.0042109673428035585,0.8736246170515221,-0.39934120440266874,1.0,0.06476683937823834,0.5003700962250185,-1.6162046662008167,1.0
2025-01-14 15:10:00-05:00,2025-01-14 15:12:00-05:00,1,2,0.878749364514489,80-100%,0.002993447660328813,0.898635785410361,80-100%,1.3,26.0,target,2,-0.009019653261079025,1.0,-0.6879035551639336,1.0,0.06287069988137604,0.5149974580579562,-3.0131321087098173,1.0
2025-01-14 15:13:00-05:00,2025-01-14 15:16:00-05:00,1,2,0.8857315598548972,80-100%,0.00312190369790954,0.9128964337412817,80-100%,-1.0,-20.0,stop,3,-0.009148817037535329,1.0,-0.6586267971405922,1.0,0.0592503022974607,0.5429262394195888,-2.9305250650945682,1.0
2025-01-14 15:21:00-05:00,2025-01-14 15:25:00-05:00,1,2,0.7694099378881988,60-80%,0.0033518361151319677,0.9325788480940475,80-100%,-1.0,-20.0,stop,4,-0.007490242118076569,1.0,-0.49487376775774927,1.0,0.11956521739130435,0.07763975155279496,-2.234668361099649,1.0
2025-01-15 10:49:00-05:00,2025-01-15 10:54:00-05:00,1,2,0.2946641111527071,20-40%,0.002396864023569587,0.7897003991753301,60-80%,-1.0,-20.0,stop,5,-0.0022993285999120157,0.06819855332114841,-0.22117401896063624,0.029540675899634803,0.0,1.0,-0.9593070684450783,0.08091721539004504
2025-01-15 10:59:00-05:00,2025-01-15 11:01:00-05:00,1,2,0.3718595743859105,20-40%,0.0026452353369781382,0.8440364960301794,80-100%,-1.0,-20.0,stop,2,-0.0026604269004690964,0.22033921479230886,-0.23451516149979149,0.1147511138767123,0.0,1.0,-1.0057429912864815,0.1523479688746207
2025-01-15 11:44:00-05:00,2025-01-15 11:53:00-05:00,1,2,0.5108106410435616,40-60%,0.002822953690403935,0.8746019213054349,80-100%,1.3,26.0,target,9,-0.0033621792485613827,0.5160068107432999,-0.2776331449417301,0.39014748588853587,0.038922155688622756,0.699743370402053,-1.1910146666558636,0.43734489714035735
2025-01-15 16:08:00-05:00,2025-01-15 16:23:00-05:00,1,2,0.5664824431609561,40-60%,0.0019237902280802546,0.633241215949467,60-80%,-0.425,-8.5,timeout,15,-0.002442769835199602,0.1286342972313972,-0.3071706909531002,0.5788050333969289,0.0,1.0,-1.2697693332381856,0.5584904420154984
2025-01-16 09:59:00-05:00,2025-01-16 10:01:00-05:00,1,2,0.5893170050858634,40-60%,0.0035710879440675075,0.9466508751151468,80-100%,1.3,26.0,target,2,-0.004563460036859194,1.0,-0.272555029807795,0.35771335115152464,0.07407407407407407,0.42857142857142855,-1.277890689989943,0.5709832406205004
2025-01-16 11:41:00-05:00,2025-01-16 11:43:00-05:00,1,2,0.7538091121859358,60-80%,0.002953367668178632,0.893450892661315,80-100%,1.3,26.0,target,2,-0.004076153460123255,0.8168238144588926,-0.31160865012961164,0.6071504651352572,0.017766497461928935,0.8629441624365483,-1.3801713562595663,0.7283180067130451
2025-01-16 16:06:00-05:00,2025-01-16 16:12:00-05:00,1,2,0.7276147610424615,60-80%,0.0019858218350854444,0.6586700004386542,60-80%,1.3,26.0,target,6,-0.0036726642156330257,0.6468226805334824,-0.4150911522085182,1.0,0.09545454545454546,0.26363636363636356,-1.8494429614704087,1.0
2025-01-16 16:20:00-05:00,2025-01-16 16:25:00-05:00,1,2,0.8668773704171935,80-100%,0.0020649140963201616,0.6890336447778217,60-80%,1.3,26.0,target,5,-0.0054460408484604105,1.0,-0.5953771325503338,1.0,0.06902654867256637,0.4675094816687737,-2.637417633094607,1.0
2025-01-16 16:26:00-05:00,2025-01-16 16:31:00-05:00,1,2,0.8811981058048951,80-100%,0.0015722192184660334,0.4690485590209238,40-60%,-1.0,-20.0,stop,5,-0.004065046248169588,0.8121440400840914,-0.5730579436101105,1.0,0.03724928366762178,0.7126483831354891,-2.585546723017246,1.0
2025-01-17 09:59:00-05:00,2025-01-17 10:01:00-05:00,1,2,0.9089074617280228,80-100%,0.004145314516766838,0.9695486248190551,80-100%,-1.0,-20.0,stop,2,-0.0066349426820405955,1.0,-0.3637986105460604,0.9404899352773343,0.03951890034364261,0.695139911634757,-1.6005884849518142,1.0
2025-01-20 10:26:00-05:00,2025-01-20 10:41:00-05:00,1,2,0.8363600550205514,80-100%,0.0018834460668218135,0.6162916173180681,60-80%,0.05,1.0,timeout,15,-0.0030376526304362766,0.37927480654837137,-0.3868098596052566,1.0,0.0043859649122807015,0.9661654135338347,-1.6128163603655017,1.0
2025-01-27 11:01:00-05:00,2025-01-27 11:07:00-05:00,1,2,0.3990617459906368,20-40%,0.0030096129601326184,0.9006843005658639,80-100%,1.3,26.0,target,6,-0.0030446211847176413,0.38221085043511605,-0.2247889043852887,0.0526291010002255,0.0,1.0,-1.0116321351113136,0.1614070325272056
2025-01-27 11:08:00-05:00,2025-01-27 11:10:00-05:00,1,2,0.663103998256232,60-80%,0.003259462637870239,0.9252489362635434,80-100%,1.3,26.0,target,2,-0.004642152939720925,1.0,-0.3231066601258953,0.6805887381147003,0.10684474123539232,0.17576913904125918,-1.424208053740462,0.7960581158689686
2025-01-27 11:12:00-05:00,2025-01-27 11:21:00-05:00,1,2,0.776757005052825,60-80%,0.0034067095679088653,0.9366100802737203,80-100%,1.3,26.0,target,9,-0.005752695579749704,1.0,-0.37577036350101434,1.0,0.1157556270096463,0.10702802021129994,-1.6886369281197258,1.0
2025-01-27 11:22:00-05:00,2025-01-27 11:24:00-05:00,1,2,0.43431108414493386,40-60%,0.0032853600576905413,0.9273325437557574,80-100%,1.3,26.0,target,2,-0.0038262912570953974,0.7115499851812314,-0.27068822265141756,0.34578997540264844,0.09292929292929293,0.28311688311688304,-1.1646489851663644,0.3967874928789726
2025-01-27 11:25:00-05:00,2025-01-27 11:29:00-05:00,1,2,1.0,80-100%,0.0031955494735787147,0.9197789182787209,80-100%,1.3,26.0,target,4,-0.006742597740180057,1.0,-0.4824541764112576,1.0,0.0,1.0,-2.1099963545953124,1.0
2025-01-27 11:30:00-05:00,2025-01-27 11:38:00-05:00,1,2,0.7776399193865229,60-80%,0.0028967165459384317,0.8856077554064131,80-100%,-1.0,-20.0,stop,8,-0.0045663981751864115,1.0,-0.36919409169335826,0.9749511000770492,0.11205073995771671,0.13560857746904248,-1.576404906302996,1.0
2025-01-27 12:57:00-05:00,2025-01-27 13:03:00-05:00,1,2,0.3590652764484523,20-40%,0.0023165918912359416,0.768460762381015,60-80%,-1.0,-20.0,stop,6,-0.002297641684699234,0.06748780947128138,-0.2537872729014724,0.2378428991912437,0.0,1.0,-0.9918197906983964,0.13093039713128396
2025-01-27 14:49:00-05:00,2025-01-27 14:52:00-05:00,1,2,0.3397843004248199,20-40%,0.0027862106811333636,0.8686406106066588,80-100%,1.3,26.0,target,3,-0.0027074346335415294,0.24014486769310167,-0.21951912651245784,0.01897080829643861,0.0,1.0,-0.9717264569670697,0.10002152570973914
2025-01-27 14:54:00-05:00,2025-01-27 14:58:00-05:00,1,2,0.9032243655807478,80-100%,0.002756265362404942,0.8638812124402334,80-100%,-1.0,-20.0,stop,4,-0.004361254116191109,0.9369445747424722,-0.3451695665067819,0.8215054482274193,0.018867924528301886,0.8544474393530997,-1.5823055993366895,1.0
2025-01-28 09:42:00-05:00,2025-01-28 09:48:00-05:00,1,2,0.7408364659747331,60-80%,0.003679423024707852,0.9524498837566346,80-100%,1.3,26.0,target,6,-0.0038821414049702257,0.7350811910269242,-0.4685334843265599,1.0,0.0,1.0,-1.0550951545666511,0.22826467287200813
2025-01-28 11:31:00-05:00,2025-01-28 11:39:00-05:00,1,2,0.31744714546916786,20-40%,0.0023133725748320532,0.7675352020002632,60-80%,-1.0,-20.0,stop,8,-0.002472299769747269,0.14107607213964515,-0.25499038618515846,0.24552723428758544,0.04744525547445255,0.6339937434827946,-1.0686993511742282,0.24919153196664634
2025-01-29 09:48:00-05:00,2025-01-29 09:53:00-05:00,1,2,0.9200696271663837,80-100%,0.0030610423994366816,0.9064087379918411,80-100%,-1.0,-20.0,stop,5,-0.004439037377888535,0.9697168056496076,-0.4113624401717409,1.0,0.016260162601626018,0.8745644599303135,-1.4501718037964597,0.8359972430856135
2025-01-29 14:19:00-05:00,2025-01-29 14:21:00-05:00,1,2,0.3255295530346911,20-40%,0.004294748448027865,0.9737860244769049,80-100%,-1.0,-20.0,stop,2,-0.004037156216675215,0.8003932015078388,-0.23921351618718092,0.14475970268453858,0.09,0.3057142857142857,-0.9400215788026106,0.051251022232101144
2025-01-29 15:18:00-05:00,2025-01-29 15:20:00-05:00,1,2,0.6437289479344251,60-80%,0.0040720923047007345,0.9673641268587972,80-100%,-1.0,-20.0,stop,2,-0.004546830072596707,1.0,-0.2560141615794272,0.25206613074864653,0.0,1.0,-1.1165832531222206,0.32284966098905393
2025-01-29 15:53:00-05:00,2025-01-29 15:55:00-05:00,1,2,0.4657440722500704,40-60%,0.002892175541803369,0.8849629337193491,80-100%,-1.0,-20.0,stop,2,-0.0031655119670853053,0.433145467315915,-0.23861505621188675,0.1409373136757336,0.0,1.0,-1.0945089332687952,0.288893508008633
2025-01-30 10:18:00-05:00,2025-01-30 10:20:00-05:00,1,2,0.34285413677538273,20-40%,0.004755370471483101,0.9826292933280695,80-100%,1.3,26.0,target,2,-0.004533747546938082,1.0,-0.21799184856996906,0.009216019903297082,0.09198813056379822,0.2903772785078423,-0.953395234740586,0.0718232486903916
2025-01-30 10:21:00-05:00,2025-01-30 10:23:00-05:00,1,2,0.9914664981036663,80-100%,0.004584655808067114,0.9797912005965698,80-100%,1.3,26.0,target,2,-0.0073110267494717815,1.0,-0.3751634024814487,1.0,0.004424778761061947,0.965865992414665,-1.5946729821260242,1.0
2025-01-30 10:27:00-05:00,2025-01-30 10:30:00-05:00,1,2,0.8761741949265974,80-100%,0.004421728204890292,0.9765188401982717,80-100%,1.3,26.0,target,3,-0.0069597106954984575,1.0,-0.360387241800478,0.9187013797575013,0.05366726296958855,0.5859953999488884,-1.573979759271779,1.0
2025-01-30 10:31:00-05:00,2025-01-30 10:33:00-05:00,1,2,0.8482569164087659,80-100%,0.004196449679710981,0.9710707549238935,80-100%,-1.0,-20.0,stop,2,-0.005790738799234343,1.0,-0.32068255202036855,0.6651058577864615,0.0,1.0,-1.3799137940891895,0.7279218078486018
2025-01-30 10:55:00-05:00,2025-01-30 10:57:00-05:00,1,2,0.6800484831284601,60-80%,0.0032999537710727608,0.9284423389042418,80-100%,1.3,26.0,target,2,-0.00407255486662778,0.8153076278860873,-0.2793677627489859,0.4012265627101276,0.0,1.0,-1.2341248239074147,0.5036597419176252
2025-01-30 10:58:00-05:00,2025-01-30 11:01:00-05:00,1,2,0.451395890090176,40-60%,0.0031787516571513785,0.9182173092950827,80-100%,1.3,26.0,target,3,-0.003276097468870853,0.4797381856001538,-0.2377205330692262,0.13522395677672513,0.0,1.0,-1.030623912220532,0.1906214179838251
2025-01-30 11:10:00-05:00,2025-01-30 11:15:00-05:00,1,2,0.7834224598930482,60-80%,0.003167132401379376,0.9171557661095758,80-100%,1.3,26.0,target,5,-0.005305229611538884,1.0,-0.3900266164023512,1.0,0.11229946524064172,0.13368983957219244,-1.6750893045166997,1.0
2025-01-31 13:25:00-05:00,2025-01-31 13:27:00-05:00,1,2,0.6802206451193562,60-80%,0.002378632716173701,0.7848313374566829,60-80%,1.3,26.0,target,2,-0.0031139693152673203,0.41142912822080385,-0.4718254016985216,1.0,0.04013377926421405,0.6903965599617773,-1.3091425566013786,0.6190568922948438
2025-01-31 13:44:00-05:00,2025-01-31 13:48:00-05:00,1,2,0.7118781066785376,60-80%,0.004237197893606533,0.9722200289511778,80-100%,-1.0,-20.0,stop,4,-0.006384882646999554,1.0,-0.3588468666057074,0.9088629386637044,0.12762762762762764,0.01544401544401531,-1.5068643965469826,0.9232054726064306
2025-01-31 13:53:00-05:00,2025-01-31 13:54:00-05:00,1,2,0.6258871086692936,60-80%,0.00402444046937389,0.9659165679694697,80-100%,1.3,26.0,target,1,-0.005039956087298238,1.0,-0.2759938192573666,0.3796770438599231,0.05286343612334802,0.592196349905601,-1.2523370952191868,0.5316750409116505
2025-01-31 13:55:00-05:00,2025-01-31 13:57:00-05:00,1,2,0.4349762234525908,40-60%,0.004034799971007881,0.9662587182524016,80-100%,-1.0,-20.0,stop,2,-0.004446506258530591,0.972863650814978,-0.24142310567720157,0.15887244360171407,0.08974358974358974,0.30769230769230765,-1.1020388347578647,0.3004764917013635
2025-01-31 14:10:00-05:00,2025-01-31 14:11:00-05:00,1,2,0.44182129895696065,40-60%,0.003295049209778566,0.9280694828266878,80-100%,-1.0,-20.0,stop,1,-0.003697718804898579,0.6573788691886736,-0.2577075483233561,0.2628818630362872,0.06280193236714976,0.515527950310559,-1.122204425331503,0.3314965132923228
2025-01-31 14:43:00-05:00,2025-01-31 14:45:00-05:00,1,2,0.5862016275175327,40-60%,0.0027932380546377275,0.8698074308022985,80-100%,1.3,26.0,target,2,-0.003383461874383548,0.5249737672906781,-0.27825727354335955,0.39413382149231063,0.005555555555555556,0.9571428571428572,-1.2113045176245711,0.4685560641442848
2025-01-31 15:12:00-05:00,2025-01-31 15:13:00-05:00,1,2,0.32295335354912685,20-40%,0.004097458204467862,0.9681273851822608,80-100%,1.3,26.0,target,1,-0.004203247896902097,0.8703722018398545,-0.22546465445733815,0.05694514510464757,0.10613207547169812,0.1812668463611859,-1.0258183701102508,0.18322922089081956
2025-01-31 15:23:00-05:00,2025-01-31 15:25:00-05:00,1,2,0.5597791802685682,40-60%,0.00404590924746421,0.9665701627407115,80-100%,-1.0,-20.0,stop,2,-0.004198233581293676,0.8682595325409036,-0.24307597093060182,0.1694293634266818,0.0,1.0,-1.0376489744363238,0.20142782510668736
2025-01-31 15:26:00-05:00,2025-01-31 15:31:00-05:00,1,2,0.7730723513291001,60-80%,0.003948464181081622,0.9634688774838794,80-100%,-1.0,-20.0,stop,5,-0.005415375997094223,1.0,-0.3259448634521186,0.698716462017334,0.041666666666666664,0.6785714285714286,-1.3715145303941347,0.7150015147276377
2025-02-03 10:14:00-05:00,2025-02-03 10:15:00-05:00,1,2,0.6194574801405097,60-80%,0.00450789984480129,0.9782997762863535,80-100%,1.3,26.0,target,1,-0.005671370338870048,1.0,-0.2741312908738638,0.3677809968131863,0.05580357142857143,0.5695153061224489,-1.2580959058818761,0.5405336176264033
2025-02-03 10:16:00-05:00,2025-02-03 10:22:00-05:00,1,2,0.5966691660306493,40-60%,0.004411770154889325,0.9762995130938281,80-100%,-1.0,-20.0,stop,6,-0.004741141887417057,1.0,-0.2396819125485811,0.14775136992627882,0.0025188916876574307,0.9805685498380713,-1.0746575004961914,0.258356744358247
2025-02-04 12:22:00-05:00,2025-02-04 12:30:00-05:00,1,2,0.44649449388029533,40-60%,0.002155625212556119,0.720318462955652,60-80%,1.3,26.0,target,8,-0.002274606946828418,0.05778263985105838,-0.30852232612642044,0.5874379840430837,0.011363636363636364,0.9123376623376623,-1.0551959281136871,0.22841968928937703
2025-02-04 16:24:00-05:00,2025-02-04 16:39:00-05:00,1,2,0.3273365202116698,20-40%,0.0027743467575344293,0.8668026494714217,80-100%,1.125,22.5,timeout,15,-0.0025610763861452952,0.17848010622435323,-0.27082657193156046,0.346673618068199,0.03125,0.7589285714285714,-0.9231277161696009,0.025263785125555507
2025-02-06 10:48:00-05:00,2025-02-06 10:51:00-05:00,1,2,0.539372455102679,40-60%,0.004083018100199049,0.9677150502259069,80-100%,-1.0,-20.0,stop,3,-0.0038988551085014688,0.7421231347495982,-0.26997519229040534,0.34123582052614626,0.0,1.0,-0.9548953771014138,0.07413086513497145
2025-02-07 10:09:00-05:00,2025-02-07 10:11:00-05:00,1,2,0.7580476770488951,60-80%,0.004185685131302599,0.9707856296881169,80-100%,1.3,26.0,target,2,-0.007464195705210348,1.0,-0.47969713811902337,1.0,0.12545676004872108,0.03219070819558016,-1.7832673674829111,1.0
2025-02-07 10:12:00-05:00,2025-02-07 10:13:00-05:00,1,2,1.0,80-100%,0.004415251920034122,0.9763916304776944,80-100%,1.3,26.0,target,1,-0.009205922489508063,1.0,-0.5401795941917357,1.0,0.0,1.0,-2.0850276849971716,1.0
2025-02-07 10:17:00-05:00,2025-02-07 10:19:00-05:00,1,2,0.8386746333514394,80-100%,0.004792053595640564,0.9831556783787341,80-100%,-1.0,-20.0,stop,2,-0.010222003472273483,1.0,-0.5203516580892219,1.0,0.08365019011406843,0.35469853340575774,-2.1331154312574183,1.0
2025-02-07 10:21:00-05:00,2025-02-07 10:23:00-05:00,1,2,0.7690114068441064,60-80%,0.005038965975920477,0.9860113172785893,80-100%,-1.0,-20.0,stop,2,-0.009649168752306092,1.0,-0.4536562734081108,1.0,0.11977186311787072,0.07604562737642583,-1.914910479335686,1.0
2025-02-07 11:50:00-05:00,2025-02-07 11:53:00-05:00,1,2,0.21335832444254468,20-40%,0.003327964234756112,0.9307145677062771,80-100%,1.3,26.0,target,3,-0.0034198662065382628,0.5403119152849764,-0.22766422652334228,0.07099390431370889,0.1223529411764706,0.0561344537815125,-1.0276150719476964,0.18599302438998103
2025-02-07 13:54:00-05:00,2025-02-07 14:08:00-05:00,1,2,0.6767381633383382,60-80%,0.0020028264685664865,0.6651927885248059,60-80%,1.3,26.0,target,14,-0.0027121737802996517,0.24214160077513858,-0.3381208832936526,0.7764852123675863,0.0,1.0,-1.3541731262623453,0.6883258402106279
2025-02-07 14:09:00-05:00,2025-02-07 14:19:00-05:00,1,2,0.9052920298132827,80-100%,0.0020275309662579843,0.6750537351405886,60-80%,1.3,26.0,target,10,-0.004461401945589468,0.979139614115577,-0.5450571485490687,1.0,0.04640371229698376,0.6420285051375538,-2.200411248871548,1.0
2025-02-11 12:15:00-05:00,2025-02-11 12:19:00-05:00,1,2,0.8291139240506329,80-100%,0.0016718064117744174,0.518445409483704,40-60%,-1.0,-20.0,stop,4,-0.004593454979470248,1.0,-0.644200452179712,1.0,0.08860759493670886,0.3164556962025316,-2.7475998100730212,1.0
2025-02-12 11:29:00-05:00,2025-02-12 11:32:00-05:00,1,2,0.3384670968163945,20-40%,0.0025185755984266467,0.8181558977058385,80-100%,-1.0,-20.0,stop,3,-0.0030409108561931728,0.3806475868165471,-0.2785380887403172,0.3959273999548114,0.11475409836065574,0.11475409836065567,-1.2073931225621453,0.46253930213356376
2025-02-18 10:27:00-05:00,2025-02-18 10:32:00-05:00,1,2,0.46062939316147705,40-60%,0.0026004704620339217,0.8351054963372374,80-100%,1.3,26.0,target,5,-0.002857175722637058,0.30323491355944726,-0.2547386231279148,0.2439192130621755,0.0,1.0,-1.0987149303754666,0.29536344602428527
2025-02-19 10:08:00-05:00,2025-02-19 10:10:00-05:00,1,2,0.7263210052388285,60-80%,0.0018526113426816724,0.6032767469403869,60-80%,1.3,26.0,target,2,-0.0030528094378467234,0.3856607870463655,-0.3884039789933395,1.0,0.06227106227106227,0.5196232339089482,-1.6478412754548684,1.0
2025-02-19 15:48:00-05:00,2025-02-19 15:54:00-05:00,1,2,0.2229789134915201,20-40%,0.0018789167813782132,0.6142694214150984,60-80%,-1.0,-20.0,stop,6,-0.0022234943912997564,0.03624751217082509,-0.27828880437221976,0.39433521022113,0.125,0.035714285714285664,-1.1833916293348503,0.4256186458598397
2025-02-20 10:12:00-05:00,2025-02-20 10:13:00-05:00,1,2,0.757399577167019,60-80%,0.003775724355711152,0.9567092161249288,80-100%,-1.0,-20.0,stop,1,-0.008777131669397843,1.0,-0.5251717766721181,1.0,0.12579281183932348,0.029598308668075987,-2.324621938071717,1.0
2025-02-20 10:49:00-05:00,2025-02-20 10:52:00-05:00,1,2,0.29483952532896224,20-40%,0.0022126423698747765,0.7386673685134009,60-80%,1.3,26.0,target,3,-0.0021551497897863785,0.007452048813100105,-0.2272521732765067,0.06836210291216571,0.0,1.0,-0.974016325064022,0.10354394959058329
2025-02-20 10:53:00-05:00,2025-02-20 10:56:00-05:00,1,2,0.8656438787994417,80-100%,0.002122024318468849,0.7090055709084528,60-80%,-1.0,-20.0,stop,3,-0.0033541364604733,0.5126181625610583,-0.3652808956682547,0.9499573526367086,0.0,1.0,-1.5806305475770814,1.0
2025-02-21 09:55:00-05:00,2025-02-21 10:00:00-05:00,1,2,0.7004161604284636,60-80%,0.0031281408532138847,0.9135763477650568,80-100%,1.3,26.0,target,5,-0.004529258249380033,1.0,-0.2924838501713459,0.4849995641996764,0.0668693009118541,0.4841511072514112,-1.4479073871391135,0.8325139702627669
2025-02-21 10:01:00-05:00,2025-02-21 10:03:00-05:00,1,2,0.4060228647032953,40-60%,0.003031131705364072,0.9031100583410098,80-100%,-1.0,-20.0,stop,2,-0.0030820678576716607,0.3979881653223074,-0.22543254289479808,0.05674004720541314,0.0,1.0,-1.0168043349015317,0.16936324628546065
2025-02-21 10:04:00-05:00,2025-02-21 10:08:00-05:00,1,2,0.4654371244919356,40-60%,0.0027820909336886412,0.8679957889195947,80-100%,1.3,26.0,target,4,-0.003092802751820742,0.402511071949518,-0.250197717399372,0.21491625737032743,0.009202453987730062,0.9290096406660824,-1.1116828405461725,0.31531152798181444
2025-02-21 10:22:00-05:00,2025-02-21 10:25:00-05:00,1,2,0.4396869032501186,40-60%,0.002616562447694345,0.8383822432776242,80-100%,1.3,26.0,target,3,-0.002762312527291616,0.2632664360926252,-0.2582398431001094,0.26628165214182603,0.0,1.0,-1.0557028859470572,0.22919952476602323
2025-02-21 10:26:00-05:00,2025-02-21 10:29:00-05:00,1,2,0.702069820137585,60-80%,0.0026004395788032006,0.8351054963372374,80-100%,1.3,26.0,target,3,-0.0033954411866022613,0.5300209815315451,-0.32058284633027506,0.6644690333543157,0.0,1.0,-1.3057181617597684,0.6137892656644797
2025-02-21 10:30:00-05:00,2025-02-21 10:34:00-05:00,1,2,0.7519904249445293,60-80%,0.0027007965198128777,0.8544194411545378,80-100%,1.3,26.0,target,4,-0.0037672209614160726,0.6866620423576708,-0.35913912962907146,0.9107296348744873,0.04411764705882353,0.6596638655462184,-1.3948555301297119,0.7509061569997406
2025-02-21 10:35:00-05:00,2025-02-21 10:37:00-05:00,1,2,0.8658721983854103,80-100%,0.002818291724254002,0.8738518226082379,80-100%,-1.0,-20.0,stop,2,-0.00432403668965135,0.921263847684832,-0.37935765943172123,1.0,0.05485232067510549,0.5768535262206148,-1.5342757644423473,0.9653714196361944
2025-02-21 10:38:00-05:00,2025-02-21 10:44:00-05:00,1,2,0.14122169208230959,00-20%,0.0027770377434010707,0.8672149844277756,80-100%,1.3,26.0,target,6,-0.0026806746067620014,0.228870131232303,-0.24372080316395686,0.17354793399623059,0.12025316455696203,0.0723327305605786,-0.9653000263075099,0.09013597254012616
2025-02-21 11:52:00-05:00,2025-02-21 11:58:00-05:00,1,2,0.47107382350417104,40-60%,0.0019226642610781204,0.6327236039829802,60-80%,-1.0,-20.0,stop,6,-0.0022588768696406294,0.05115512500357641,-0.2824061703809213,0.4206329999256994,0.0,1.0,-1.174868080386526,0.4125071690874083
2025-02-21 12:35:00-05:00,2025-02-21 12:38:00-05:00,1,2,0.720329018951384,60-80%,0.0018739579164885815,0.6123349563539062,60-80%,1.3,26.0,target,3,-0.0038056123966336737,0.7028374116125858,-0.475090665346601,1.0,0.10649350649350649,0.17847866419294992,-2.030788612246225,1.0
2025-02-21 13:07:00-05:00,2025-02-21 13:11:00-05:00,1,2,0.8856265707768545,80-100%,0.0017008753866420176,0.5326139404307584,40-60%,1.3,26.0,target,4,-0.003425074429532817,0.542506283107418,-0.500202995207523,1.0,0.0,1.0,-2.0137127366484084,1.0
2025-02-21 14:06:00-05:00,2025-02-21 14:15:00-05:00,1,2,0.30632217655785066,20-40%,0.002195624060005843,0.7336930297846208,60-80%,-1.0,-20.0,stop,9,-0.0021925121851614254,0.023193855234612495,-0.22606214138269273,0.06076131920260191,0.0,1.0,-0.9985826923191901,0.14133353179418817
2025-02-21 14:39:00-05:00,2025-02-21 14:45:00-05:00,1,2,0.7646934589655408,60-80%,0.0026411722637940385,0.8431723472386717,80-100%,-1.0,-20.0,stop,6,-0.003656634340464173,0.6400688525378176,-0.32360448455139285,0.683768363638364,0.0,1.0,-1.3844740044374937,0.7349366196859816
2025-02-21 14:46:00-05:00,2025-02-21 14:51:00-05:00,1,2,0.5890715227658975,40-60%,0.002656813400278513,0.8463174979163925,80-100%,-1.0,-20.0,stop,5,-0.003699515552624196,0.658135888501837,-0.3310833112407934,0.7315359439552765,0.10119047619047619,0.21938775510204075,-1.3924634497237844,0.7472265035044355
2025-02-24 10:07:00-05:00,2025-02-24 10:08:00-05:00,1,2,1.0,80-100%,0.004201826724316987,0.971189191560293,80-100%,1.3,26.0,target,1,-0.011784638818617257,1.0,-0.6749815913877103,1.0,0.0,1.0,-2.8046465482302505,1.0
2025-02-24 10:44:00-05:00,2025-02-24 10:48:00-05:00,1,2,0.5070258701744044,40-60%,0.0030043261402865665,0.9000614115892442,80-100%,1.3,26.0,target,4,-0.0033768190831712274,0.5221749763589619,-0.24343025542718524,0.1716921933929879,0.0,1.0,-1.1239855213752294,0.33423631094566747
2025-02-24 10:49:00-05:00,2025-02-24 10:57:00-05:00,1,2,0.25189026689977195,20-40%,0.002902839512815774,0.8864719041979208,80-100%,1.3,26.0,target,8,-0.0032334703208990795,0.4617781938775411,-0.24495123844463806,0.18140677583541928,0.12371134020618557,0.04565537555228268,-1.1138991000444909,0.3187207223338448
2025-02-24 10:58:00-05:00,2025-02-24 10:59:00-05:00,1,2,0.20326872199893767,20-40%,0.002732218234855609,0.8600210554020266,80-100%,-1.0,-20.0,stop,1,-0.0027232159686395294,0.24679397891019594,-0.2251274846237,0.05479162720971135,0.0812720848056537,0.37304391721352853,-0.9967051437907721,0.1384453646623148
2025-02-24 15:59:00-05:00,2025-02-24 16:13:00-05:00,1,2,1.0,80-100%,0.002388716322723122,0.7874413299995614,60-80%,-1.0,-20.0,stop,14,-0.004780049084116233,1.0,-0.4668583433811282,1.0,0.0,1.0,-2.0010953325202743,1.0
2025-02-24 16:19:00-05:00,2025-02-24 16:34:00-05:00,1,2,0.7765576933925116,60-80%,0.0020122511997772334,0.6690046936000351,60-80%,-0.2625,-5.25,timeout,15,-0.003953722091018873,0.7652401059462126,-0.5141052804256354,1.0,0.08542713567839195,0.34099066762383345,-1.9648253117983332,1.0
2025-02-25 09:49:00-05:00,2025-02-25 09:52:00-05:00,1,2,0.530414137771686,40-60%,0.004425414485547896,0.9765890248716936,80-100%,1.3,26.0,target,3,-0.004896905423215803,1.0,-0.23251840903312673,0.1019977719708783,0.037300177619893425,0.7122557726465364,-1.1065416446770484,0.3074030064693296
2025-02-25 09:53:00-05:00,2025-02-25 09:55:00-05:00,1,2,0.9718339784512022,80-100%,0.004788131041492434,0.9831249725841119,80-100%,-1.0,-20.0,stop,2,-0.00795284255074547,1.0,-0.35547644493079805,0.887335913804809,0.0,1.0,-1.6609492267084263,1.0
2025-02-25 09:59:00-05:00,2025-02-25 10:01:00-05:00,1,2,0.45432484504347187,40-60%,0.005028651355346543,0.9859367460630785,80-100%,1.3,26.0,target,2,-0.006163832980958827,1.0,-0.2666018310891633,0.3196900207890485,0.12874251497005987,0.006843455945252391,-1.2257427579275983,0.49076590343958665
2025-02-25 10:06:00-05:00,2025-02-25 10:07:00-05:00,1,2,0.9184158146796124,80-100%,0.005156170474683467,0.9873579856998728,80-100%,-1.0,-20.0,stop,1,-0.007743108526529982,1.0,-0.33528556956096234,0.7583759444202658,0.0,1.0,-1.501716935960176,0.9152873142981842
2025-02-25 10:08:00-05:00,2025-02-25 10:11:00-05:00,1,2,0.8269992950416098,80-100%,0.005013623496128596,0.9857656709216125,80-100%,-1.0,-20.0,stop,3,-0.007314315747271897,1.0,-0.32736099775074845,0.7077613712870202,0.03229974160206718,0.7508305647840532,-1.4588881181285038,0.8494052440953659
2025-02-25 10:12:00-05:00,2025-02-25 10:15:00-05:00,1,2,0.8731774343930588,80-100%,0.004473143102521591,0.9776067026363118,80-100%,1.3,26.0,target,3,-0.007078478608567944,1.0,-0.35655770374646556,0.8942419592937315,0.052050473186119876,0.5984677782785037,-1.5824395612511657,1.0
2025-02-25 10:16:00-05:00,2025-02-25 10:18:00-05:00,1,2,0.8908355795148248,80-100%,0.0046321828549947194,0.9806816686406106,80-100%,1.3,26.0,target,2,-0.0082155450633998,1.0,-0.4060700044670625,1.0,0.05660377358490566,0.5633423180592991,-1.7735796104295123,1.0
2025-02-25 10:19:00-05:00,2025-02-25 10:20:00-05:00,1,2,1.0,80-100%,0.004710153178736967,0.9819230600517612,80-100%,1.3,26.0,target,1,-0.008695854465107102,1.0,-0.42965362407564106,1.0,0.0,1.0,-1.8461935599807615,1.0
2025-02-25 10:29:00-05:00,2025-02-25 10:36:00-05:00,1,2,0.764961915125136,60-80%,0.005042906295751886,0.9860595692415669,80-100%,-1.0,-20.0,stop,7,-0.008509339613313705,1.0,-0.38270289683862346,1.0,0.12187159956474429,0.05984766050054399,-1.6873880088713766,1.0
2025-02-25 11:24:00-05:00,2025-02-25 11:26:00-05:00,1,2,0.6585134234447609,60-80%,0.002860073716391321,0.880396543404834,80-100%,-1.0,-20.0,stop,2,-0.004064723166681096,0.8120079169528209,-0.34059473569258863,0.7922858115880285,0.09873417721518987,0.23833634719710667,-1.4211952452084813,0.7914236180410874
2025-02-25 11:27:00-05:00,2025-02-25 11:31:00-05:00,1,2,0.7602847330071273,60-80%,0.00298647103172191,0.8976970654033426,80-100%,1.3,26.0,target,4,-0.004010343640590658,0.7890963245772161,-0.3075385893169008,0.5811548157051905,0.0,1.0,-1.3428369463468106,0.6708877917461024
2025-02-25 11:32:00-05:00,2025-02-25 11:35:00-05:00,1,2,0.6036751506210867,60-80%,0.002829220746169763,0.8755757336491644,80-100%,-1.0,-20.0,stop,3,-0.0034954520751447524,0.57215832394966,-0.26927981584371663,0.3367944219422255,0.0,1.0,-1.235482271885975,0.505747856592461
2025-02-25 14:11:00-05:00,2025-02-25 14:13:00-05:00,1,2,0.2767963949232205,20-40%,0.002073872460048524,0.6922709128394087,60-80%,1.3,26.0,target,2,-0.002316031923210093,0.07523612356563764,-0.2665770476508499,0.3195317279271691,0.07916666666666666,0.3892857142857143,-1.1167668059760545,0.32313201391436086
2025-02-25 14:21:00-05:00,2025-02-25 14:35:00-05:00,1,2,0.5818201276359395,40-60%,0.0022821450562565166,0.7591086546475413,60-80%,-1.0,-20.0,stop,14,-0.0033493666389470445,0.510608505354186,-0.345024392626481,0.8205782165538978,0.11235955056179775,0.13322632423756017,-1.4676396795044786,0.8628674643981141
2025-02-26 12:41:00-05:00,2025-02-26 12:45:00-05:00,1,2,0.3850450360938521,20-40%,0.002786557211162718,0.868702022195903,80-100%,-1.0,-20.0,stop,4,-0.002740989595083707,0.2542824973545828,-0.2427799461788169,0.1675386408984113,0.0,1.0,-0.9836473423561982,0.11835900612241412
2025-02-26 12:46:00-05:00,2025-02-26 12:51:00-05:00,1,2,0.4271303183748303,40-60%,0.0027320558741354343,0.8600166688599377,80-100%,1.3,26.0,target,5,-0.003322784314923523,0.4994086399598044,-0.29717928003338867,0.5149894720251156,0.10136986301369863,0.2180039138943248,-1.2162212150858833,0.4761192476200763
2025-02-26 13:03:00-05:00,2025-02-26 13:11:00-05:00,1,2,0.974624060150376,80-100%,0.002915103440453853,0.8882177479492915,80-100%,-1.0,-20.0,stop,8,-0.0057418364951067604,1.0,-0.4586743846489283,1.0,0.013157894736842105,0.8984962406015038,-1.9696853344637446,1.0
2025-02-26 13:13:00-05:00,2025-02-26 13:17:00-05:00,1,2,0.7941191065533245,60-80%,0.002695550609249865,0.8534982673158749,80-100%,1.3,26.0,target,4,-0.004057212178708453,0.8088433308091116,-0.3577589212619739,0.9019141860390641,0.0589622641509434,0.5451482479784366,-1.505151550405325,0.9205706613866854
2025-02-26 13:40:00-05:00,2025-02-26 13:43:00-05:00,1,2,0.5297787587073902,40-60%,0.0031491965769690627,0.9154888801158048,80-100%,1.3,26.0,target,3,-0.0035160945433395704,0.5808555644537331,-0.25029377531116703,0.21552978328920533,0.0,1.0,-1.116505260120544,0.3227296870866227
2025-02-26 13:49:00-05:00,2025-02-26 13:56:00-05:00,1,2,0.2888998979162602,20-40%,0.0033571925280644318,0.9330701408080011,80-100%,1.3,26.0,target,7,-0.003361309660479195,0.5156404293290774,-0.2167003585818469,0.000967219082234352,0.06564551422319474,0.4935917474210691,-1.0012263617234776,0.14540019583265976
2025-02-26 14:01:00-05:00,2025-02-26 14:03:00-05:00,1,2,0.6122911577141612,60-80%,0.0030363147469010874,0.903649603017941,80-100%,-1.0,-20.0,stop,2,-0.004205377965070034,0.8712696582375962,-0.3263334808812175,0.7011985778662468,0.11136363636363636,0.1409090909090909,-1.3850270197982972,0.7357873038437113
2025-02-26 14:06:00-05:00,2025-02-26 14:08:00-05:00,1,2,0.7264267027223421,60-80%,0.0031589737798697363,0.916396894328201,80-100%,1.3,26.0,target,2,-0.00452286856127812,1.0,-0.3315429899512599,0.734471931194198,0.0825,0.3635714285714285,-1.4317524856013921,0.807663451123742
2025-02-26 15:04:00-05:00,2025-02-26 15:07:00-05:00,1,2,0.2511840003870448,20-40%,0.0023212907831686638,0.7696626749133658,60-80%,-1.0,-20.0,stop,3,-0.002213105889581376,0.031870550217001525,-0.21664012230705484,0.0005824874640782943,0.012903225806451613,0.9004608294930875,-0.9533945103423834,0.07182213437401187
2025-02-27 09:51:00-05:00,2025-02-27 09:54:00-05:00,1,2,0.840388613420223,80-100%,0.004559276002097682,0.9792867482563495,80-100%,1.3,26.0,target,3,-0.008705316471628371,1.0,-0.2731564197028403,0.36155445368089206,0.0,1.0,-1.909363782237165,1.0
2025-02-27 10:00:00-05:00,2025-02-27 10:01:00-05:00,1,2,1.0,80-100%,0.0055930759995151584,0.9915339737684783,80-100%,1.3,26.0,target,1,-0.015054218134967498,1.0,-0.5607003933354409,1.0,0.0,1.0,-2.691581186501397,1.0
2025-02-27 10:08:00-05:00,2025-02-27 10:09:00-05:00,1,2,0.7666207964221209,60-80%,0.006495128182067651,0.9960433390358381,80-100%,1.3,26.0,target,1,-0.01680711831638141,1.0,-0.5877820521241246,1.0,0.12101143889223359,0.06648318568848367,-2.58764998091709,1.0
2025-02-27 10:53:00-05:00,2025-02-27 10:57:00-05:00,1,2,0.45464416232843496,40-60%,0.003817157909533249,0.9585471772601658,80-100%,1.3,26.0,target,4,-0.004008795179670016,0.7884439153347319,-0.23703105830365284,0.13082025247807005,0.041666666666666664,0.6785714285714286,-1.0502041766881474,0.22074105292950932
2025-02-27 10:58:00-05:00,2025-02-27 11:01:00-05:00,1,2,0.49062249421843607,40-60%,0.0036364770815356575,0.9502609992542879,80-100%,-1.0,-20.0,both_hit_conservative_stop,3,-0.0043190228874729125,0.9191513947080769,-0.25536091732434935,0.24789383224289072,0.08254716981132075,0.3632075471698113,-1.1876942410562426,0.43223720275296523
2025-02-27 11:46:00-05:00,2025-02-27 11:52:00-05:00,1,2,0.22094397017014655,20-40%,0.0029029820887783104,0.8864938369083651,80-100%,1.3,26.0,target,6,-0.002794122805547797,0.27666898262361334,-0.21854807271516577,0.012768646890568464,0.06371191135734072,0.5085081123862287,-0.9625008767186967,0.0858301387801757
2025-02-27 11:57:00-05:00,2025-02-27 12:01:00-05:00,1,2,0.6813436607033896,60-80%,0.0024412974512035596,0.8002456463569768,80-100%,1.3,26.0,target,4,-0.003482499991567392,0.5667012543377308,-0.3079502961748821,0.5837844047065666,0.02912621359223301,0.7753120665742025,-1.426495566875933,0.7995769171950589
2025-02-27 12:02:00-05:00,2025-02-27 12:04:00-05:00,1,2,0.7450946344279279,60-80%,0.002218857369761362,0.740676404790104,60-80%,-1.0,-20.0,stop,2,-0.003370226808928555,0.5193974696181874,-0.33961607800120236,0.7860350837910718,0.0345821325648415,0.7332235487855084,-1.518901960467618,0.941722435516944
2025-02-27 12:06:00-05:00,2025-02-27 12:17:00-05:00,1,2,0.6977477288021161,60-80%,0.002310623886542329,0.7668903803131991,60-80%,1.3,26.0,target,11,-0.003619563230544995,0.6244497727031223,-0.3494111924937223,0.8485968916342622,0.08841463414634146,0.31794425087108014,-1.5664874113118397,1.0
2025-02-27 14:05:00-05:00,2025-02-27 14:10:00-05:00,1,2,0.315054408905484,20-40%,0.0022597058940113206,0.7525463876825899,60-80%,1.3,26.0,target,5,-0.0026947604952814353,0.23480490410010532,-0.29514516335384744,0.5019974833216381,0.11877394636015326,0.08374384236453195,-1.192527090548862,0.43967140583566056
2025-02-27 14:11:00-05:00,2025-02-27 14:14:00-05:00,1,2,0.8750377575230525,80-100%,0.0023658266731620093,0.7816116155634514,60-80%,1.3,26.0,target,3,-0.00360639529892008,0.6189017603626298,-0.36233088021404697,0.9311154799744211,0.0,1.0,-1.5243700393740205,0.9501337897551587
2025-02-27 14:41:00-05:00,2025-02-27 14:43:00-05:00,1,2,1.0,80-100%,0.0033074744915277256,0.9290432951704172,80-100%,1.3,26.0,target,2,-0.009113558149321863,1.0,-0.5980863658670194,1.0,0.0,1.0,-2.755443215863564,1.0
2025-02-27 14:44:00-05:00,2025-02-27 14:45:00-05:00,1,2,0.9149159663865546,80-100%,0.003348133252259057,0.9322498574373821,80-100%,-1.0,-20.0,stop,1,-0.00870846093847305,1.0,-0.5585041276577941,1.0,0.04411764705882353,0.6596638655462184,-2.6009899494284663,1.0
2025-02-27 15:09:00-05:00,2025-02-27 15:12:00-05:00,1,2,0.5901791605244128,40-60%,0.004059448164079668,0.9669342457340878,80-100%,-1.0,-20.0,stop,3,-0.004790042205362962,1.0,-0.25949640855213313,0.2743073884833393,0.04329004329004329,0.6660482374768089,-1.1799737333138063,0.4203610161375027
2025-02-27 15:15:00-05:00,2025-02-27 15:19:00-05:00,1,2,0.334339451524335,20-40%,0.004004598242703544,0.9652936789928499,80-100%,1.3,26.0,target,4,-0.004043900784343008,0.8032348736639577,-0.2287923915462527,0.07819954171923674,0.09108910891089109,0.2973125884016973,-1.0098143532153503,0.15861080231244815
2025-02-27 15:20:00-05:00,2025-02-27 15:22:00-05:00,1,2,0.8997761564712016,80-100%,0.0037545384270182575,0.9558538404175988,80-100%,-1.0,-20.0,stop,2,-0.005476559659309012,1.0,-0.3339843149087734,0.7500647762795085,0.0,1.0,-1.4586505813600987,0.849039849605298
2025-02-27 15:29:00-05:00,2025-02-27 15:30:00-05:00,1,2,0.9271638567532421,80-100%,0.003939973810010857,0.9632012984164583,80-100%,1.3,26.0,target,1,-0.006028315521344098,1.0,-0.3605678471164544,0.9198549134994707,0.022044088176352707,0.8299456054967077,-1.5300394906248085,0.95885490801679
2025-02-27 15:41:00-05:00,2025-02-27 15:46:00-05:00,1,2,0.4530444861281636,40-60%,0.0034221780667963897,0.9376365311225161,80-100%,1.3,26.0,target,5,-0.003431882871234937,0.5453748671537851,-0.23516897571702827,0.11892705275472645,0.0,1.0,-1.002835856068598,0.1478760246041428
2025-02-27 15:47:00-05:00,2025-02-27 15:49:00-05:00,1,2,0.3980331551667225,20-40%,0.0034598285164130363,0.9399043733824626,80-100%,-1.0,-20.0,stop,2,-0.0033100349651154193,0.4940369876697225,-0.219865202616773,0.021181210916420175,0.0,1.0,-0.9567049203198906,0.07691442208074739
2025-02-27 16:00:00-05:00,2025-02-27 16:02:00-05:00,1,2,0.5025376434238361,40-60%,0.0034978245273920195,0.9421546694740536,80-100%,1.3,26.0,target,2,-0.0037102352180813833,0.6626523788616365,-0.24166976171105203,0.16044784605412032,0.00646551724137931,0.9501231527093597,-1.0607265141592845,0.23692719607022786
2025-02-27 16:03:00-05:00,2025-02-27 16:18:00-05:00,1,2,0.6666271843653113,60-80%,0.0035359198185382044,0.9448611659428873,80-100%,-1.0,-20.0,stop,15,-0.00513377300152832,1.0,-0.33195447311400855,0.7371000914447237,0.11786372007366483,0.09076558800315698,-1.451891803262295,0.8386430580133646
2025-02-28 11:28:00-05:00,2025-02-28 11:31:00-05:00,1,2,0.5418586640665021,40-60%,0.003703400220653052,0.953493880773786,80-100%,1.3,26.0,target,3,-0.004245062965971242,0.8879900423498415,-0.2624965460588154,0.2934693928008526,0.049586776859504134,0.6174734356552538,-1.1462609259181482,0.3685017854600606
2025-02-28 11:32:00-05:00,2025-02-28 11:33:00-05:00,1,2,0.7296288618032621,60-80%,0.0035663629879683282,0.9464140018423477,80-100%,-1.0,-20.0,stop,1,-0.005433853476667295,1.0,-0.3558871527645242,0.8899591219962896,0.11931818181818182,0.07954545454545446,-1.523640048699258,0.9490108706713045
2025-02-28 12:48:00-05:00,2025-02-28 12:50:00-05:00,1,2,0.8759052306887605,80-100%,0.003664623697257286,0.9517831293591262,80-100%,1.3,26.0,target,2,-0.005699737395349527,1.0,-0.4616498356656143,1.0,0.06405693950177936,0.5058464667005592,-1.5553404295276978,0.9977744560544829
2025-02-28 12:51:00-05:00,2025-02-28 12:52:00-05:00,1,2,1.0,80-100%,0.003831213563176204,0.9591130411896303,80-100%,-1.0,-20.0,stop,1,-0.00797676140616254,1.0,-0.5773986556925088,1.0,0.0,1.0,-2.0820456167808974,1.0
2025-02-28 12:59:00-05:00,2025-02-28 13:01:00-05:00,1,2,1.0,80-100%,0.0034471068549567605,0.9392025266482432,80-100%,1.3,26.0,target,2,-0.006510447217873002,1.0,-0.4461104461443781,1.0,0.0,1.0,-1.888669975086881,1.0
2025-02-28 13:04:00-05:00,2025-02-28 13:17:00-05:00,1,2,0.8403940886699507,80-100%,0.003746463236848051,0.9555292363030223,80-100%,-1.0,-20.0,both_hit_conservative_stop,13,-0.006223460163062885,1.0,-0.3820089698762943,1.0,0.08275862068965517,0.3615763546798029,-1.6611560743083027,1.0
2025-02-28 13:22:00-05:00,2025-02-28 13:23:00-05:00,1,2,0.5994745664635598,40-60%,0.004181063565795708,0.9706584199675395,80-100%,-1.0,-20.0,stop,1,-0.004312612313741319,0.9164504433980607,-0.2618806572935746,0.289535685378321,0.0,1.0,-1.0314629868394685,0.1919121370778574
2025-02-28 13:24:00-05:00,2025-02-28 13:26:00-05:00,1,2,0.7266931938482235,60-80%,0.004179550865674375,0.9706145545466509,80-100%,-1.0,-20.0,stop,2,-0.0056238468293159545,1.0,-0.3396597844936681,0.7863142389949472,0.0718954248366013,0.44537815126050423,-1.3455624802902215,0.6750803851374421
2025-02-28 14:11:00-05:00,2025-02-28 14:12:00-05:00,1,2,0.22042105693985325,20-40%,0.0036502723527958966,0.951037417204018,80-100%,-1.0,-20.0,stop,1,-0.0036037750723949833,0.6177977867462557,-0.2214771230520384,0.03147661446750635,0.11556603773584906,0.10849056603773578,-0.9872619695444645,0.1239192605079151
2025-03-03 09:55:00-05:00,2025-03-03 09:56:00-05:00,1,2,0.8326960329813882,80-100%,0.005068409148442907,0.9863710137298768,80-100%,1.3,26.0,target,1,-0.007397040679802124,1.0,-0.3044976892847904,0.5617324594249729,0.010526315789473684,0.918796992481203,-1.4594403220337113,0.8502546800193771
2025-03-03 10:02:00-05:00,2025-03-03 10:03:00-05:00,1,2,0.9474980554835364,80-100%,0.0055433040206018325,0.9910733868491468,80-100%,1.3,26.0,target,1,-0.0108085667060483,1.0,-0.4145259769084863,1.0,0.02722323049001815,0.7899922219341456,-1.9498419473075954,1.0
2025-03-03 10:07:00-05:00,2025-03-03 10:08:00-05:00,1,2,0.7608659996719698,60-80%,0.00534959315127658,0.9894722989867087,80-100%,-1.0,-20.0,stop,1,-0.01040104470999066,1.0,-0.41227690849039816,1.0,0.12399540757749714,0.04346399868787919,-1.9442683613255047,1.0
2025-03-03 10:09:00-05:00,2025-03-03 10:10:00-05:00,1,2,0.7613500257859613,60-80%,0.005021827036287393,0.9858884941001009,80-100%,1.3,26.0,target,1,-0.007627679742882563,1.0,-0.31881586994762623,0.6531832809520187,0.07123287671232877,0.45048923679060665,-1.5189053083201491,0.9417275854012195
2025-03-03 10:15:00-05:00,2025-03-03 10:21:00-05:00,1,2,0.5027998701623122,40-60%,0.005311280826526667,0.9890336447778216,80-100%,-1.0,-20.0,stop,6,-0.006429637347408212,1.0,-0.25535663530790503,0.24786648282393547,0.09126984126984126,0.29591836734693877,-1.2105624909336414,0.46741463047837484
2025-03-03 12:54:00-05:00,2025-03-03 12:56:00-05:00,1,2,0.4342458960399828,40-60%,0.0024503228772633587,0.8024915559064789,80-100%,1.3,26.0,target,2,-0.0026797386687145335,0.22847579474991545,-0.2511457369309503,0.22097129795321038,0.0,1.0,-1.0936267597955898,0.28753649145680554
2025-03-03 13:02:00-05:00,2025-03-03 13:06:00-05:00,1,2,0.9961273666092944,80-100%,0.0029574938036228326,0.8940606220116682,80-100%,1.3,26.0,target,4,-0.005000239786459107,1.0,-0.39019894160250246,1.0,0.002008032128514056,0.9845094664371773,-1.690701694905997,1.0
2025-03-03 13:11:00-05:00,2025-03-03 13:14:00-05:00,1,2,1.0,80-100%,0.0034414902175864473,0.9388954687020222,80-100%,1.3,26.0,target,3,-0.009114743715411771,1.0,-0.5781260343916161,1.0,0.0,1.0,-2.6484874688395994,1.0
2025-03-03 13:15:00-05:00,2025-03-03 13:16:00-05:00,1,2,0.9297850208044383,80-100%,0.003436227290651243,0.9385884107558012,80-100%,-1.0,-20.0,stop,1,-0.009981683611406823,1.0,-0.6403394157428006,1.0,0.03640776699029126,0.7191400832177531,-2.9048380002578544,1.0
2025-03-03 13:22:00-05:00,2025-03-03 13:25:00-05:00,1,2,0.7865513392857143,60-80%,0.003202872722951654,0.9205553362284511,80-100%,-1.0,-20.0,stop,3,-0.008098234818059383,1.0,-0.5644815998733892,1.0,0.11067708333333333,0.14620535714285712,-2.5284285447959784,1.0
2025-03-03 13:38:00-05:00,2025-03-03 13:42:00-05:00,1,2,0.5423754907343996,40-60%,0.0034724810314637014,0.9406281528271264,80-100%,-1.0,-20.0,stop,4,-0.004172765219415958,0.8575290100857017,-0.276183777240185,0.3808903134780006,0.06775067750677506,0.47735191637630664,-1.2016668144784872,0.45373072299758915
2025-03-03 15:00:00-05:00,2025-03-03 15:01:00-05:00,1,2,0.5643844568908056,40-60%,0.005123035962125757,0.9869807430802299,80-100%,1.3,26.0,target,1,-0.005180548067358261,1.0,-0.2316976057881104,0.09675526715574903,0.0,1.0,-1.011226176364501,0.16078256040747368
2025-03-03 15:02:00-05:00,2025-03-03 15:04:00-05:00,1,2,1.0,80-100%,0.0052816379870845205,0.9887529060841339,80-100%,1.3,26.0,target,2,-0.009924143823671547,1.0,-0.43034492615117187,1.0,0.0,1.0,-1.8789897845970513,1.0
2025-03-03 15:05:00-05:00,2025-03-03 15:07:00-05:00,1,2,0.8991920675725302,80-100%,0.0053395662264356285,0.9893187700135982,80-100%,-1.0,-20.0,stop,2,-0.010655852788369127,1.0,-0.4475694326193538,1.0,0.05227077977720651,0.5967682702901211,-1.9956401581111824,1.0
2025-03-03 15:08:00-05:00,2025-03-03 15:10:00-05:00,1,2,0.9504223283143591,80-100%,0.005310298203293369,0.9890160986094662,80-100%,1.3,26.0,target,2,-0.009897911522061358,1.0,-0.4281053494163789,1.0,0.02570694087403599,0.8016893132574366,-1.8639087944106074,1.0
2025-03-03 15:11:00-05:00,2025-03-03 15:12:00-05:00,1,2,1.0,80-100%,0.005204878388730428,0.9878229591612931,80-100%,1.3,26.0,target,1,-0.01453242543214648,1.0,-0.6553779260661415,1.0,0.0,1.0,-2.7920778060083022,1.0
2025-03-03 15:13:00-05:00,2025-03-03 15:14:00-05:00,1,2,1.0,80-100%,0.0053861209797760245,0.9898144492696408,80-100%,-1.0,-20.0,stop,1,-0.01682175246986184,1.0,-0.715926497193058,1.0,0.0,1.0,-3.123166474170313,1.0
2025-03-03 15:15:00-05:00,2025-03-03 15:16:00-05:00,1,2,0.885605649103748,80-100%,0.005311138880754674,0.9890336447778216,80-100%,-1.0,-20.0,stop,1,-0.01570175173447289,1.0,-0.6914738338349715,1.0,0.05931558935361217,0.5424225964149918,-2.956381312371516,1.0
2025-03-03 15:19:00-05:00,2025-03-03 15:22:00-05:00,1,2,0.9351600985221675,80-100%,0.005457358010141548,0.9904329517041716,80-100%,1.3,26.0,target,3,-0.013540814186012452,1.0,-0.5746837264952329,1.0,0.03362068965517241,0.74064039408867,-2.481203205076378,1.0
2025-03-03 15:23:00-05:00,2025-03-03 15:27:00-05:00,1,2,1.0,80-100%,0.0044795751280911605,0.9777075931043558,80-100%,1.3,26.0,target,4,-0.010740815923969362,1.0,-0.5277078340430421,1.0,0.0,1.0,-2.3977309492175536,1.0
2025-03-03 15:28:00-05:00,2025-03-03 15:30:00-05:00,1,2,0.9788765451416054,80-100%,0.004431049151926949,0.9766986884239154,80-100%,1.3,26.0,target,2,-0.011272392602524963,1.0,-0.5565243312158944,1.0,0.01095290251916758,0.9155061805664215,-2.543955667389266,1.0
2025-03-03 15:34:00-05:00,2025-03-03 15:38:00-05:00,1,2,0.6238533240842383,60-80%,0.004391891092230578,0.975830153090319,80-100%,1.3,26.0,target,4,-0.006107925334270048,1.0,-0.3037019223818395,0.5566498627786142,0.10445468509984639,0.19420671494404212,-1.3907278677914394,0.744556718614297
2025-03-03 15:39:00-05:00,2025-03-03 15:43:00-05:00,1,2,0.8230448255864662,80-100%,0.004288644117698507,0.9736017897091722,80-100%,1.3,26.0,target,4,-0.006300598200843076,1.0,-0.3189938229354738,0.6543198741627814,0.029465930018416207,0.7726913970007891,-1.4691352390004981,0.8651680311822944
2025-03-03 15:44:00-05:00,2025-03-03 15:45:00-05:00,1,2,0.9292302729708356,80-100%,0.004038440438300259,0.9663596087204457,80-100%,-1.0,-20.0,stop,1,-0.006135528359788012,1.0,-0.33782801160468917,0.7746146285840448,0.0,1.0,-1.5192816270358063,0.9423064632992973
2025-03-04 10:07:00-05:00,2025-03-04 10:09:00-05:00,1,2,0.6488149927480238,60-80%,0.007752560337528126,0.9984032986796508,80-100%,1.3,26.0,target,2,-0.008642138262717085,1.0,-0.25964179360871104,0.2752359689486156,0.0,1.0,-1.1147463401068605,0.3200240020434798
2025-03-04 10:10:00-05:00,2025-03-04 10:11:00-05:00,1,2,0.6325203380875932,60-80%,0.00726325859744827,0.9977672500767645,80-100%,1.3,26.0,target,1,-0.007953219653386868,1.0,-0.26370457662059266,0.3011851347589813,0.007874015748031496,0.9392575928008999,-1.0949933210668,0.28963862479049146
2025-03-04 10:12:00-05:00,2025-03-04 10:13:00-05:00,1,2,0.49881772213319886,40-60%,0.007209322044820512,0.9977233846558757,80-100%,-1.0,-20.0,stop,1,-0.007651652673076882,1.0,-0.25616620293674885,0.2530372252864633,0.06425233644859812,0.5043391188251002,-1.0613553709359065,0.23789454442123198
2025-03-04 10:16:00-05:00,2025-03-04 10:17:00-05:00,1,2,0.4964473522261344,40-60%,0.006810827379380271,0.9968987147431679,80-100%,1.3,26.0,target,1,-0.0070407851400654635,1.0,-0.2443951591082327,0.17785507374798293,0.05023364485981308,0.6124833110814419,-1.0337635573295232,0.1954510240751126
2025-03-04 10:18:00-05:00,2025-03-04 10:19:00-05:00,1,2,1.0,80-100%,0.006690379604728213,0.9965653375444138,80-100%,1.3,26.0,target,1,-0.010746950239749907,1.0,-0.38094485664605054,1.0,0.0,1.0,-1.6063289192372348,1.0
2025-03-04 10:20:00-05:00,2025-03-04 10:21:00-05:00,1,2,0.9893331226295828,80-100%,0.0064894655573348005,0.9960389524937492,80-100%,-1.0,-20.0,stop,1,-0.010519624399997228,1.0,-0.3852731850598011,1.0,0.0055309734513274336,0.9573324905183312,-1.6210309319089133,1.0
2025-03-04 10:22:00-05:00,2025-03-04 10:23:00-05:00,1,2,1.0,80-100%,0.006443801015422669,0.9959161293152607,80-100%,-1.0,-20.0,stop,1,-0.010204532574556856,1.0,-0.3786470360231003,1.0,0.0,1.0,-1.5836200637066862,1.0
2025-03-04 10:24:00-05:00,2025-03-04 10:27:00-05:00,1,2,0.6409901873373478,60-80%,0.006416906471759609,0.9957889195946835,80-100%,-1.0,-20.0,stop,3,-0.008064225590419263,1.0,-0.3056980782131785,0.5693993939495526,0.07049891540130152,0.45615122404710257,-1.2567154634260915,0.538410131352736
2025-03-04 12:58:00-05:00,2025-03-04 13:01:00-05:00,1,2,0.18384715667717536,00-20%,0.003845509439265722,0.9596569724086502,80-100%,-1.0,-20.0,stop,3,-0.0035942530706828324,0.613785905115184,-0.22661772052302515,0.06430982651670267,0.12777777777777777,0.014285714285714308,-0.9346623971280993,0.04300718079110037
2025-03-04 15:39:00-05:00,2025-03-04 15:41:00-05:00,1,2,0.7059104385330132,60-80%,0.004542797104799416,0.9789753037680397,80-100%,1.3,26.0,target,2,-0.0054745616741459285,1.0,-0.2736359748997727,0.364617392874058,0.0,1.0,-1.2051081190401642,0.4590243612579948
2025-03-04 15:42:00-05:00,2025-03-04 15:43:00-05:00,1,2,0.9691921497033318,80-100%,0.004559906341124781,0.979304294424705,80-100%,-1.0,-20.0,stop,1,-0.007654315274843557,1.0,-0.3847460548569776,1.0,0.01597444089456869,0.8767685988133272,-1.6786123885508326,1.0
2025-03-04 15:46:00-05:00,2025-03-04 15:48:00-05:00,1,2,0.5741911193896587,40-60%,0.004684914776791579,0.981523884721674,80-100%,1.3,26.0,target,2,-0.006382963288846217,1.0,-0.30117030406036743,0.5404803101836765,0.12247071352502663,0.055225924235508816,-1.362450245726248,0.7010582431394494
2025-03-04 15:49:00-05:00,2025-03-04 15:50:00-05:00,1,2,1.0,80-100%,0.0045880143285319105,0.9798526121858139,80-100%,1.3,26.0,target,1,-0.008480492878399207,1.0,-0.40702792767564044,1.0,0.0,1.0,-1.8484015678985086,1.0
2025-03-05 10:31:00-05:00,2025-03-05 10:32:00-05:00,1,2,0.4731227527657169,40-60%,0.005859481745083615,0.993385094529982,80-100%,-1.0,-20.0,stop,1,-0.006114001994476105,1.0,-0.23515172025678324,0.11881684140508682,0.05660377358490566,0.5633423180592991,-1.043437331229173,0.21033185159848183
2025-03-05 11:09:00-05:00,2025-03-05 11:12:00-05:00,1,2,0.5113817291769248,40-60%,0.004277493784360321,0.9733122779313067,80-100%,1.3,26.0,target,3,-0.0041468731782883595,0.8466199798911146,-0.23257618168947145,0.10236676835449267,0.0,1.0,-0.9694632855927118,0.09654016846209183
2025-03-05 11:13:00-05:00,2025-03-05 11:14:00-05:00,1,2,0.6226243436235204,60-80%,0.004124240949867065,0.968938895468702,80-100%,-1.0,-20.0,stop,1,-0.004685282918411051,1.0,-0.27352007788169147,0.3638771537497135,0.029315960912052116,0.7738483015355979,-1.1360352063237407,0.35277191920877005
2025-03-05 11:17:00-05:00,2025-03-05 11:21:00-05:00,1,2,0.8366682177757097,80-100%,0.0040623261669247915,0.9670263631179541,80-100%,1.3,26.0,target,4,-0.006337358000114307,1.0,-0.37886146532577364,1.0,0.08469055374592833,0.3466728711028385,-1.5600317994435515,1.0
2025-03-05 11:22:00-05:00,2025-03-05 11:25:00-05:00,1,2,0.33176979353461084,20-40%,0.0038617560246539742,0.9603281133482475,80-100%,-1.0,-20.0,stop,3,-0.0036385299990180403,0.632440994752652,-0.23887570390896065,0.1426020814690616,0.06514657980456026,0.49744067007910653,-0.9421957202343109,0.05459542783762329
2025-03-05 11:26:00-05:00,2025-03-05 11:30:00-05:00,1,2,0.9591670544439275,80-100%,0.0038053496722669365,0.9580514980041234,80-100%,-1.0,-20.0,stop,4,-0.006668533941477005,1.0,-0.4360858985179766,1.0,0.021172638436482084,0.8366682177757097,-1.7524102949268265,1.0
2025-03-05 11:32:00-05:00,2025-03-05 11:34:00-05:00,1,2,0.25547486614907505,20-40%,0.0036058233846528757,0.9485370882133614,80-100%,1.3,26.0,target,2,-0.003639087061305159,0.6326757004400289,-0.24720556845516672,0.19580527633702474,0.125,0.035714285714285664,-1.0092249877777875,0.15770420210496086
2025-03-05 11:35:00-05:00,2025-03-05 11:37:00-05:00,1,2,0.8779495121502529,80-100%,0.003807350764056741,0.9581611615563451,80-100%,-1.0,-20.0,stop,2,-0.005363712987107973,1.0,-0.33232631214068403,0.7394750429323489,0.0,1.0,-1.4087782606593684,0.7723230056686626
2025-03-05 16:12:00-05:00,2025-03-05 16:18:00-05:00,1,2,0.33965921722232395,20-40%,0.00390899552299509,0.9621002763521516,80-100%,-1.0,-20.0,stop,6,-0.0038742204331997858,0.7317438674150712,-0.24176848699359396,0.16107840858203865,0.08607594936708861,0.3359855334538878,-0.9911038297202603,0.12982905943829823
2025-03-05 16:25:00-05:00,2025-03-05 16:40:00-05:00,1,2,0.6353501844334272,60-80%,0.0029260236215466248,0.8896477606702636,80-100%,-0.4375,-8.75,timeout,15,-0.004035677103522243,0.7997700103902493,-0.38548787278101526,1.0,0.12771739130434784,0.014751552795030909,-1.3792359958423996,0.7268791745484285
2025-03-06 11:40:00-05:00,2025-03-06 11:44:00-05:00,1,2,0.7808687435428,60-80%,0.00487945518435578,0.984283019695574,80-100%,1.3,26.0,target,4,-0.006257710699851961,1.0,-0.3019501897035888,0.5454614725568306,0.0,1.0,-1.2824609435731804,0.5780135016143696
2025-03-06 11:45:00-05:00,2025-03-06 11:51:00-05:00,1,2,0.5728903771437576,40-60%,0.004897567341178899,0.9844672544633066,80-100%,1.3,26.0,target,6,-0.005619013804682811,1.0,-0.27266134452689195,0.3583923877296193,0.056640625,0.5630580357142857,-1.147307104373628,0.3701110851311253
2025-03-06 11:52:00-05:00,2025-03-06 11:56:00-05:00,1,2,0.6429899984777361,60-80%,0.0047856207656073995,0.9830942667894899,80-100%,1.3,26.0,target,4,-0.005222435356410339,1.0,-0.26164630451101717,0.28803886430889164,0.0,1.0,-1.0912764742961194,0.283921129602053
2025-03-06 11:57:00-05:00,2025-03-06 11:59:00-05:00,1,2,0.37189978435499466,20-40%,0.004632916181402236,0.9806860551826995,80-100%,1.3,26.0,target,2,-0.004542787617049043,1.0,-0.23177115690306543,0.09722504121750017,0.09375,0.27678571428571425,-0.9805460403719384,0.11358838191676421
2025-03-06 12:00:00-05:00,2025-03-06 12:02:00-05:00,1,2,1.0,80-100%,0.004028325518658988,0.9660613238584024,80-100%,-1.0,-20.0,stop,2,-0.007343974255758329,1.0,-0.41368501027576804,1.0,0.0,1.0,-1.8230836166892257,1.0
2025-03-06 12:03:00-05:00,2025-03-06 12:04:00-05:00,1,2,1.0,80-100%,0.004282263159510902,0.9734482607360617,80-100%,1.3,26.0,target,1,-0.00912001708305815,1.0,-0.48051220185927934,1.0,0.0,1.0,-2.1297189694665546,1.0
2025-03-06 12:13:00-05:00,2025-03-06 12:18:00-05:00,1,2,0.8779720966791118,80-100%,0.004148359015001981,0.969618809492477,80-100%,1.3,26.0,target,5,-0.007909285603415497,1.0,-0.4098261642469851,1.0,0.06327372764786796,0.5118883867164472,-1.9066058590427277,1.0
2025-03-06 12:28:00-05:00,2025-03-06 12:29:00-05:00,1,2,0.804174526604192,80-100%,0.00484631935085064,0.9838970039917533,80-100%,-1.0,-20.0,stop,1,-0.006595369275071972,1.0,-0.2976538139044617,0.5180203397990275,0.0,1.0,-1.3609027382634893,0.6986777666177404
2025-03-06 12:53:00-05:00,2025-03-06 12:54:00-05:00,1,2,0.7625942014615654,60-80%,0.004462980475508199,0.9774444005790236,80-100%,-1.0,-20.0,stop,1,-0.00565921723935577,1.0,-0.2967626536940424,0.5123284620895505,0.002304147465437788,0.9822251481237657,-1.2680354015466213,0.5558231956329457
2025-03-06 13:42:00-05:00,2025-03-06 13:46:00-05:00,1,2,0.6950191026342472,60-80%,0.0032732434090598796,0.9263192525332281,80-100%,-1.0,-20.0,stop,4,-0.004270282867623664,0.8986158816676052,-0.27529962999638286,0.3752432278809842,0.0137221269296741,0.8941435922567997,-1.3046029072583234,0.612073708731599
2025-03-06 14:04:00-05:00,2025-03-06 14:08:00-05:00,1,2,0.44004637254100193,40-60%,0.003205843738103187,0.9208009825854279,80-100%,-1.0,-20.0,stop,4,-0.004008402781173987,0.7882785870386585,-0.27017488167660275,0.34251124502650787,0.1165644171779141,0.10078878177037687,-1.2503425333967315,0.5286068763284646
2025-03-06 14:21:00-05:00,2025-03-06 14:25:00-05:00,1,2,0.4426975510140621,40-60%,0.003272997233334288,0.9263192525332281,80-100%,-1.0,-20.0,stop,4,-0.0033718406077189065,0.5200774075050916,-0.22605943049370117,0.06074400464070435,0.0,1.0,-1.0301996510653706,0.18996879191045243
2025-03-06 14:27:00-05:00,2025-03-06 14:32:00-05:00,1,2,0.6235195506568212,60-80%,0.0031714863150868,0.9175330087292187,80-100%,1.3,26.0,target,5,-0.004109227710034694,0.8307589070678187,-0.28115774952734235,0.41265928347667963,0.04507042253521127,0.6523138832997988,-1.2956788400716241,0.5983461287829878
2025-03-06 15:24:00-05:00,2025-03-06 15:27:00-05:00,1,2,0.5300901848959966,40-60%,0.004973721875668994,0.9853928148440584,80-100%,-1.0,-20.0,stop,3,-0.0054341174288037985,1.0,-0.2423155342051235,0.16457242210837358,0.04279279279279279,0.6698841698841698,-1.0925656006997533,0.28590414759144306
2025-03-07 10:18:00-05:00,2025-03-07 10:19:00-05:00,1,2,0.5307268492109656,40-60%,0.005246626798997909,0.9883274115015134,80-100%,-1.0,-20.0,stop,1,-0.005039290902795135,1.0,-0.22284021452201952,0.04018273696181441,0.0,1.0,-0.9604820574921824,0.08272465988204804
2025-03-07 10:20:00-05:00,2025-03-07 10:25:00-05:00,1,2,0.434758374117207,40-60%,0.005353785672020484,0.9894898451550642,80-100%,-1.0,-20.0,stop,5,-0.005427663460947373,1.0,-0.22992115408948108,0.0854089955121426,0.0662557781201849,0.4888839973585736,-1.0137991681872853,0.16474050359811201
2025-03-07 10:32:00-05:00,2025-03-07 10:33:00-05:00,1,2,0.8582961677085335,80-100%,0.004819722530690194,0.9835680133350879,80-100%,1.3,26.0,target,1,-0.006795367167851206,1.0,-0.319745872720266,0.6591232477385177,0.0,1.0,-1.4099083763807656,0.7740614230956162
2025-03-07 10:34:00-05:00,2025-03-07 10:36:00-05:00,1,2,0.9442857142857143,80-100%,0.004977186160567576,0.9854454533491249,80-100%,1.3,26.0,target,2,-0.008977330986734405,1.0,-0.40911211365981437,1.0,0.028888888888888888,0.7771428571428572,-1.8036960437322018,1.0
2025-03-07 10:37:00-05:00,2025-03-07 10:38:00-05:00,1,2,0.9003124112468048,80-100%,0.005133228534247691,0.9871035662587182,80-100%,1.3,26.0,target,1,-0.010291849684937727,1.0,-0.4364747718174427,1.0,0.05168986083499006,0.6012496449872196,-2.0049467145818523,1.0
2025-03-07 10:39:00-05:00,2025-03-07 10:40:00-05:00,1,2,1.0,80-100%,0.005070895478585677,0.98639733298241,80-100%,-1.0,-20.0,stop,1,-0.011691853540468805,1.0,-0.5123217105488973,1.0,0.0,1.0,-2.3056782751376645,1.0
2025-03-07 10:41:00-05:00,2025-03-07 10:43:00-05:00,1,2,1.0,80-100%,0.005111769487896927,0.9868272141071194,80-100%,-1.0,-20.0,stop,2,-0.01235091863400911,1.0,-0.5318436680346005,1.0,0.0,1.0,-2.4161728464580077,1.0
2025-03-07 11:20:00-05:00,2025-03-07 11:26:00-05:00,1,2,0.9933682063770485,80-100%,0.0034632211147629234,0.9401193139448173,80-100%,1.3,26.0,target,6,-0.005647501758946885,1.0,-0.36896264268073364,0.973472825508194,0.0,1.0,-1.6307078213611224,1.0
2025-03-07 11:27:00-05:00,2025-03-07 11:28:00-05:00,1,2,1.0,80-100%,0.003303858633610974,0.9287581699346406,80-100%,-1.0,-20.0,stop,1,-0.0073825838661877455,1.0,-0.5095832527405294,1.0,0.0,1.0,-2.234533823899996,1.0
2025-03-07 11:29:00-05:00,2025-03-07 11:34:00-05:00,1,2,1.0,80-100%,0.003455845283351342,0.9396938193621968,80-100%,-1.0,-20.0,stop,5,-0.0075522721973401655,1.0,-0.5010147801807725,1.0,0.0,1.0,-2.185361779279734,1.0
2025-03-07 11:35:00-05:00,2025-03-07 11:38:00-05:00,1,2,0.9665342348408887,80-100%,0.0035159912299124263,0.9434179935956486,80-100%,1.3,26.0,target,3,-0.005939292867483545,1.0,-0.3719899395102742,0.9928082975620067,0.016420361247947456,0.8733286418015481,-1.6892228902492104,1.0
2025-03-07 11:39:00-05:00,2025-03-07 11:42:00-05:00,1,2,0.9187084717607974,80-100%,0.00350043542086498,0.9422994253629864,80-100%,1.3,26.0,target,3,-0.007657630198918193,1.0,-0.48316353741543205,1.0,0.04215116279069767,0.6748338870431894,-2.1876221893063645,1.0
2025-03-07 11:43:00-05:00,2025-03-07 11:45:00-05:00,1,2,1.0,80-100%,0.003427434511288588,0.937978681405448,80-100%,-1.0,-20.0,stop,2,-0.008737353752502517,1.0,-0.5674441906743458,1.0,0.0,1.0,-2.5492401747502966,1.0
2025-03-07 11:46:00-05:00,2025-03-07 11:47:00-05:00,1,2,0.7525,60-80%,0.003511886584476505,0.9431153221915164,80-100%,-1.0,-20.0,stop,1,-0.006886508439774876,1.0,-0.42752865162354364,1.0,0.12833333333333333,0.009999999999999993,-1.9609142476910042,1.0
2025-03-07 11:49:00-05:00,2025-03-07 11:51:00-05:00,1,2,1.0,80-100%,0.003652909408537752,0.9511821730929508,80-100%,-1.0,-20.0,stop,2,-0.006617918941067217,1.0,-0.39101683998128667,1.0,0.0,1.0,-1.8116843865877168,1.0
2025-03-07 11:52:00-05:00,2025-03-07 11:53:00-05:00,1,2,0.8914790593027448,80-100%,0.003766613885407386,0.9563758389261745,80-100%,1.3,26.0,target,1,-0.0061729705252048465,1.0,-0.34519038480690883,0.8216384155850913,0.03314917127071823,0.744277821625888,-1.6388646973134586,1.0
2025-03-07 15:01:00-05:00,2025-03-07 15:02:00-05:00,1,2,0.39522498131726647,20-40%,0.003221205693529917,0.9221783568013335,80-100%,-1.0,-20.0,stop,1,-0.0035021332528999702,0.5749732881893618,-0.2517169099142859,0.2246194037978078,0.064343163538874,0.5036384527001149,-1.0872119281095032,0.2776687805817814
2025-03-07 15:05:00-05:00,2025-03-07 15:06:00-05:00,1,2,0.14836158206175,00-20%,0.0032204722125329464,0.9221301048383559,80-100%,-1.0,-20.0,stop,1,-0.0030761246187000347,0.3954841150206876,-0.22177709886630878,0.0333925725978906,0.11796246648793565,0.09000382995021064,-0.9551781278313282,0.07456581067821126
2025-03-07 15:43:00-05:00,2025-03-07 15:44:00-05:00,1,2,0.4617876623871484,40-60%,0.004747607098854542,0.9825284028600254,80-100%,-1.0,-20.0,stop,1,-0.005508480975705546,1.0,-0.2665836752631651,0.31957405876551115,0.11180124223602485,0.13753327417923683,-1.1602647104126584,0.3900433166038456
2025-03-10 10:01:00-04:00,2025-03-10 10:02:00-04:00,1,2,0.5102081355629411,40-60%,0.005781706398574988,0.9930297846207834,80-100%,1.3,26.0,target,1,-0.005461760251181204,1.0,-0.21880130052260188,0.01438602353700466,0.004140786749482402,0.9680567879325643,-0.9446623323051061,0.058389730782195275
2025-03-10 10:03:00-04:00,2025-03-10 10:08:00-04:00,1,2,0.5571855229789575,40-60%,0.005352567857490781,0.9894854586129754,80-100%,-1.0,-20.0,stop,5,-0.005463239550806061,1.0,-0.2249131438952273,0.05342262397060484,0.0,1.0,-1.0206763737073221,0.17531946794522538
2025-03-10 10:09:00-04:00,2025-03-10 10:11:00-04:00,1,2,0.7240312349015416,60-80%,0.0047357191450981785,0.9823353950081151,80-100%,1.3,26.0,target,2,-0.006126648249166031,1.0,-0.3067811903637815,0.5763172767665828,0.03571428571428571,0.7244897959183674,-1.2937102183324296,0.5953178669212164
2025-03-10 10:12:00-04:00,2025-03-10 10:16:00-04:00,1,2,0.7033608256289908,60-80%,0.004623681737671338,0.9805149800412335,80-100%,-1.0,-20.0,stop,4,-0.00676208577998239,1.0,-0.34275821601521295,0.8061040513155894,0.10987482614742698,0.1523941982912775,-1.4624894539968991,0.8549450529090962
2025-03-10 10:18:00-04:00,2025-03-10 10:21:00-04:00,1,2,0.9874494341161749,80-100%,0.004767244905014101,0.9827784357590911,80-100%,1.3,26.0,target,3,-0.00740856033835572,1.0,-0.36591395894876666,0.9540007544099306,0.0,1.0,-1.55405490717784,0.9957969820547689
2025-03-10 10:22:00-04:00,2025-03-10 10:24:00-04:00,1,2,1.0,80-100%,0.003939556082712352,0.9631925253322806,80-100%,-1.0,-20.0,stop,2,-0.006210410561685458,1.0,-0.3737432452238988,1.0,0.0,1.0,-1.5764239501344124,1.0
2025-03-10 10:28:00-04:00,2025-03-10 10:31:00-04:00,1,2,0.8881987577639752,80-100%,0.003937628543023544,0.9631398868272141,80-100%,1.3,26.0,target,3,-0.006159748883849674,1.0,-0.378598845927392,1.0,0.057971014492753624,0.5527950310559006,-1.564329600049032,1.0
2025-03-10 10:35:00-04:00,2025-03-10 10:37:00-04:00,1,2,0.45941876927403297,40-60%,0.0034570641818472544,0.9397947098302408,80-100%,-1.0,-20.0,stop,2,-0.0034614508269688094,0.55783266143518,-0.23758789552321768,0.1343767951970914,0.0,1.0,-1.0012688931679627,0.1454656204638605
2025-03-10 10:42:00-04:00,2025-03-10 10:46:00-04:00,1,2,0.5974707841819428,40-60%,0.003847920723117271,0.9597622494187832,80-100%,1.3,26.0,target,4,-0.0042131397957351924,0.8745399313178143,-0.25501896470448593,0.24570976649136658,0.002577319587628866,0.980117820324006,-1.0949133568225,0.28951561859458413
2025-03-10 10:47:00-04:00,2025-03-10 10:49:00-04:00,1,2,0.9972766107659121,80-100%,0.0038816929551675075,0.9610124139141115,80-100%,-1.0,-20.0,stop,2,-0.006257272449681354,1.0,-0.3714103512615306,0.9891064430636486,0.0,1.0,-1.6119957250486168,1.0
2025-03-10 10:53:00-04:00,2025-03-10 10:56:00-04:00,1,2,0.748913641415087,60-80%,0.00417963986460624,0.9706189410887397,80-100%,1.3,26.0,target,3,-0.005380480180020624,1.0,-0.2807705700741588,0.41018635204036014,0.0,1.0,-1.2873071255691821,0.5854682136199882
2025-03-10 10:57:00-04:00,2025-03-10 11:00:00-04:00,1,2,1.0,80-100%,0.003926644181118909,0.9627363249550379,80-100%,-1.0,-20.0,stop,3,-0.007781003293398286,1.0,-0.42261699883340237,1.0,0.0,1.0,-1.9815911334194447,1.0
2025-03-10 12:04:00-04:00,2025-03-10 12:14:00-04:00,1,2,0.7583770652181473,60-80%,0.00364508133946116,0.950699653463175,80-100%,-1.0,-20.0,stop,10,-0.00467455536108064,1.0,-0.28787224024113184,0.4555450178008442,0.0,1.0,-1.2824282713459731,0.5779632430717451
2025-03-10 12:18:00-04:00,2025-03-10 12:19:00-04:00,1,2,0.3797118591643715,20-40%,0.003371828704191312,0.9341229109093302,80-100%,1.3,26.0,target,1,-0.0037401438537671833,0.6752537109917451,-0.24965246919628664,0.2114337341865176,0.08806818181818182,0.320616883116883,-1.1092330547865736,0.3115431083623403
2025-03-10 12:20:00-04:00,2025-03-10 12:29:00-04:00,1,2,0.8397577384969126,80-100%,0.003536755552784744,0.9449006448216871,80-100%,-1.0,-20.0,stop,9,-0.004972830373047403,1.0,-0.31279457766906077,0.6147250341610324,0.0030864197530864196,0.9761904761904763,-1.4060429958558864,0.7681154436361418
2025-03-10 13:03:00-04:00,2025-03-10 13:05:00-04:00,1,2,0.5244611645847577,40-60%,0.0036039620906281335,0.9484361977453174,80-100%,1.3,26.0,target,2,-0.0038219018028536784,0.7097005871895979,-0.24028573261018565,0.1516079940315729,0.0,1.0,-1.0604722543536966,0.2365360771178595
2025-03-10 13:06:00-04:00,2025-03-10 13:11:00-04:00,1,2,0.8442914078283363,80-100%,0.0031190017357163777,0.9126200815896829,80-100%,1.3,26.0,target,5,-0.004752576125916275,1.0,-0.33738720349693807,0.771799168677588,0.04456824512534819,0.6561878233187426,-1.5237491122539228,0.9491786393170148
2025-03-10 13:12:00-04:00,2025-03-10 13:15:00-04:00,1,2,0.6265782280977643,60-80%,0.0027383829887685494,0.8611527832609553,80-100%,-1.0,-20.0,stop,3,-0.003415918548083422,0.5386486580288355,-0.28599426167999553,0.44355028982036354,0.0,1.0,-1.2474217675517916,0.5241139645418584
2025-03-10 13:52:00-04:00,2025-03-10 13:54:00-04:00,1,2,0.7424334797357849,60-80%,0.003594699871832818,0.9479273588630083,80-100%,-1.0,-20.0,stop,2,-0.004426495036427905,0.9644323716789308,-0.2957469585068655,0.5058411742507058,0.0,1.0,-1.2313948853179173,0.49946037301350266
2025-03-10 14:09:00-04:00,2025-03-10 14:10:00-04:00,1,2,0.3891205730240028,20-40%,0.003335133735991936,0.9312804316357416,80-100%,-1.0,-20.0,stop,1,-0.003071180026326107,0.3934008220411469,-0.23867359618689787,0.14131121095591218,0.0,1.0,-0.9208566340781762,0.021770259098952076
2025-03-10 14:55:00-04:00,2025-03-10 14:56:00-04:00,1,2,0.4068514553163651,40-60%,0.003223043525468054,0.9223713646532439,80-100%,1.3,26.0,target,1,-0.003161231452688766,0.43134196868210356,-0.22939543902348342,0.08205123129567202,0.0,1.0,-0.9808218312005849,0.1140126212876848
2025-03-10 14:59:00-04:00,2025-03-10 15:05:00-04:00,1,2,0.4895856246812535,40-60%,0.003273551311027564,0.9263587314120278,80-100%,1.3,26.0,target,6,-0.0036444714614419635,0.6349442965457848,-0.2617705427044779,0.28883237887087165,0.0367170626349892,0.716754088244369,-1.1133081828181175,0.31781173506398847
2025-03-10 15:06:00-04:00,2025-03-10 15:08:00-04:00,1,2,1.0,80-100%,0.0034213067733632444,0.9375751195332719,80-100%,1.3,26.0,target,2,-0.005965016454479916,1.0,-0.39891037998249546,1.0,0.0,1.0,-1.7434906746512329,1.0
2025-03-10 15:09:00-04:00,2025-03-10 15:11:00-04:00,1,2,1.0,80-100%,0.0035929445170979355,0.9478264683949642,80-100%,-1.0,-20.0,stop,2,-0.007192544871107786,1.0,-0.4570033842177904,1.0,0.0,1.0,-2.00185247416993,1.0
2025-03-10 15:12:00-04:00,2025-03-10 15:13:00-04:00,1,2,0.8552553413302247,80-100%,0.0035278581287232435,0.9442426635083564,80-100%,-1.0,-20.0,stop,1,-0.005381665995574432,1.0,-0.3583739891046729,0.9058426501948271,0.05660377358490566,0.5633423180592991,-1.5254768755460397,0.9518363970667728
2025-03-11 10:28:00-04:00,2025-03-11 10:31:00-04:00,1,2,0.5759268546142893,40-60%,0.00873379966272166,0.9994341360705356,80-100%,-1.0,-20.0,stop,3,-0.009157179189678184,1.0,-0.22995493957307772,0.08562478481550159,0.0,1.0,-1.0484759833413204,0.21808263364165548
2025-03-11 10:38:00-04:00,2025-03-11 10:39:00-04:00,1,2,0.7232541998278895,60-80%,0.006593079518576672,0.9962670526823705,80-100%,1.3,26.0,target,1,-0.008278560104600076,1.0,-0.27232670180992774,0.3562550106350661,0.0,1.0,-1.2556439037743123,0.5367617886764919
2025-03-11 10:40:00-04:00,2025-03-11 10:41:00-04:00,1,2,0.9038848475468194,80-100%,0.006260461842498126,0.9951835767864192,80-100%,-1.0,-20.0,stop,1,-0.0114787527845174,1.0,-0.3970921664033163,1.0,0.04983748645720477,0.6155393901872775,-1.8335313070029045,1.0
2025-03-11 10:42:00-04:00,2025-03-11 10:44:00-04:00,1,2,0.9918377858260268,80-100%,0.00617132905341098,0.9948370399613984,80-100%,-1.0,-20.0,stop,2,-0.010350018464617389,1.0,-0.36800418927052936,0.9673511433041073,0.0,1.0,-1.6771133697524665,1.0
2025-03-11 12:10:00-04:00,2025-03-11 12:11:00-04:00,1,2,0.624829305835717,60-80%,0.004856339026301376,0.9840198271702417,80-100%,1.3,26.0,target,1,-0.005395353922494575,1.0,-0.2455245208662992,0.18506835475123812,0.0,1.0,-1.1109920236774977,0.31424886859163004
2025-03-11 12:12:00-04:00,2025-03-11 12:15:00-04:00,1,2,0.9684272071720912,80-100%,0.00447941116708006,0.977703206562267,80-100%,1.3,26.0,target,3,-0.008032664970132698,1.0,-0.3862975385356094,1.0,0.01637107776261937,0.8737088286883649,-1.7932412700057752,1.0
2025-03-11 12:16:00-04:00,2025-03-11 12:22:00-04:00,1,2,0.697052326702208,60-80%,0.004273898184714547,0.9732245470895293,80-100%,-1.0,-20.0,stop,6,-0.00639191880388714,1.0,-0.32715628241505246,0.7064538458360266,0.10682492581602374,0.17592200084781684,-1.4955711455054361,0.9058334601249887
2025-03-11 13:01:00-04:00,2025-03-11 13:04:00-04:00,1,2,0.330180289911854,20-40%,0.004224383203712995,0.9718340132473571,80-100%,1.3,26.0,target,3,-0.004316624447714227,0.9181408659661188,-0.23752553140947713,0.133978472982162,0.11776859504132231,0.09149940968122784,-1.0218354347967666,0.17710241101790739
2025-03-11 13:05:00-04:00,2025-03-11 13:18:00-04:00,1,2,0.8946531210584683,80-100%,0.004116965998124244,0.9687195683642584,80-100%,-1.0,-20.0,stop,13,-0.005871992989623948,1.0,-0.338569368677238,0.7793497073573874,0.0,1.0,-1.4262913495761982,0.7992627768764856
2025-03-11 13:20:00-04:00,2025-03-11 13:22:00-04:00,1,2,0.49504263059548326,40-60%,0.0040372520388929425,0.9663332894679124,80-100%,1.3,26.0,target,2,-0.0045191399188763345,1.0,-0.2589693030104967,0.27094074324053774,0.08009708737864078,0.3821081830790568,-1.119360365749058,0.32712159606233854
2025-03-11 13:27:00-04:00,2025-03-11 13:31:00-04:00,1,2,0.8070244951337022,80-100%,0.0042286892981655754,0.971974382594201,80-100%,-1.0,-20.0,stop,4,-0.005783906688641637,1.0,-0.29778289498534055,0.5188447860864395,0.0,1.0,-1.3677776447540664,0.7092531944483694
2025-03-11 13:36:00-04:00,2025-03-11 13:37:00-04:00,1,2,0.38254837470864594,20-40%,0.003987750924445365,0.9647848401105409,80-100%,-1.0,-20.0,stop,1,-0.004213559002529168,0.8747165546883211,-0.23323675683446962,0.10658588956220523,0.08837209302325581,0.31827242524916943,-1.0566254217884006,0.23061862933488794
2025-03-11 15:40:00-04:00,2025-03-11 15:42:00-04:00,1,2,0.49693987076756363,40-60%,0.005259652303588876,0.9884941001008904,80-100%,1.3,26.0,target,2,-0.0061968799255264755,1.0,-0.2565517043730458,0.2554994391584197,0.08884297520661157,0.31463990554899646,-1.1781919351015067,0.41762013836283834
2025-03-11 15:57:00-04:00,2025-03-11 15:58:00-04:00,1,2,0.6077698521421531,60-80%,0.005248516527909149,0.9883537307540465,80-100%,-1.0,-20.0,stop,1,-0.0058472888525867165,1.0,-0.23409602876454386,0.11207409548520936,0.0,1.0,-1.114084107669963,0.31900531308340313
2025-03-11 15:59:00-04:00,2025-03-11 16:00:00-04:00,1,2,0.7946488070849433,60-80%,0.005220296901130226,0.9879764881344036,80-100%,1.3,26.0,target,1,-0.007166645275082938,1.0,-0.2888125781572845,0.4615509955832309,0.0,1.0,-1.3728424667821701,0.7170442327565423
2025-03-11 16:02:00-04:00,2025-03-11 16:03:00-04:00,1,2,0.6930396258009177,60-80%,0.005466496602846566,0.9904899767513269,80-100%,-1.0,-20.0,stop,1,-0.007576908398172605,1.0,-0.2889961448395496,0.4627234436961194,0.05547445255474453,0.5720542231491136,-1.386062948292529,0.7373808363584381
2025-03-11 16:06:00-04:00,2025-03-11 16:09:00-04:00,1,2,0.5597599211224621,40-60%,0.0053035124190009214,0.9889678466464886,80-100%,-1.0,-20.0,stop,3,-0.007122091948077799,1.0,-0.2818545876864227,0.41711001807906517,0.11006289308176101,0.15094339622641503,-1.3429009655113548,0.6709862701843681
2025-03-12 10:35:00-04:00,2025-03-12 10:37:00-04:00,1,2,0.6892573267659093,60-80%,0.004396778738866592,0.9759222704741852,80-100%,-1.0,-20.0,stop,2,-0.005203109226345116,1.0,-0.26843700226183065,0.3314113361806606,0.0,1.0,-1.1833911905438257,0.4256179708829771
2025-03-12 10:38:00-04:00,2025-03-12 10:41:00-04:00,1,2,0.9912777181435792,80-100%,0.004286520181347957,0.9735272184936614,80-100%,1.3,26.0,target,3,-0.00687898785533332,1.0,-0.36765343680590207,0.9651108725743169,0.0,1.0,-1.60479539680369,1.0
2025-03-12 10:42:00-04:00,2025-03-12 10:43:00-04:00,1,2,1.0,80-100%,0.00395397707731567,0.9637101372987674,80-100%,-1.0,-20.0,stop,1,-0.006815063347723456,1.0,-0.3925282898115577,1.0,0.0,1.0,-1.7235970807271745,1.0
2025-03-12 10:44:00-04:00,2025-03-12 10:50:00-04:00,1,2,0.8477361054265893,80-100%,0.004083431491117647,0.9677325963942625,80-100%,1.3,26.0,target,6,-0.00649673488073707,1.0,-0.35231363249769515,0.8671348978968335,0.06172839506172839,0.5238095238095238,-1.590998868199181,1.0
2025-03-12 10:51:00-04:00,2025-03-12 10:54:00-04:00,1,2,0.8292076213959634,80-100%,0.0039296004038957945,0.9628196692547265,80-100%,-1.0,-20.0,stop,3,-0.005903968161257279,1.0,-0.33742377033690085,0.7720327226209269,0.04816955684007707,0.6284062758051198,-1.5024347400321167,0.916391487157807
2025-03-12 10:57:00-04:00,2025-03-12 10:59:00-04:00,1,2,0.7930049603902138,60-80%,0.0038527369980618153,0.959942097644427,80-100%,1.3,26.0,target,2,-0.005345387392238755,1.0,-0.30521532786097033,0.5663160471653833,0.017341040462427744,0.8662262592898432,-1.3874259766311179,0.7394775351056292
2025-03-12 11:00:00-04:00,2025-03-12 11:03:00-04:00,1,2,1.0,80-100%,0.003968320819216282,0.9641400184234767,80-100%,1.3,26.0,target,3,-0.007573850353195681,1.0,-0.4210027144599321,1.0,0.0,1.0,-1.9085781362534768,1.0
2025-03-12 11:05:00-04:00,2025-03-12 11:08:00-04:00,1,2,0.8152221157536652,80-100%,0.0038883091351621943,0.9612712198973549,80-100%,1.3,26.0,target,3,-0.005426839972524415,1.0,-0.29619646669187405,0.5087122019161734,0.0,1.0,-1.39568120328942,0.752176261098487
2025-03-12 11:09:00-04:00,2025-03-12 11:11:00-04:00,1,2,0.893324123987688,80-100%,0.003955743516952476,0.963758389261745,80-100%,-1.0,-20.0,stop,2,-0.006532566449376524,1.0,-0.3452696087467934,0.8221444222180331,0.03225806451612903,0.7511520737327189,-1.651413045709608,1.0
2025-03-12 11:13:00-04:00,2025-03-12 11:14:00-04:00,1,2,0.7917767555338104,60-80%,0.004214169622431114,0.9715752072641137,80-100%,-1.0,-20.0,stop,1,-0.006068314533963923,1.0,-0.3077554832143551,0.5825401261418635,0.030560271646859084,0.7642493330099442,-1.4399787093674628,0.8203175629834343
2025-03-12 13:04:00-04:00,2025-03-12 13:06:00-04:00,1,2,0.5023658317317946,40-60%,0.00414453585517445,0.9695223055665219,80-100%,-1.0,-20.0,stop,2,-0.004168318354935849,0.8556554235791115,-0.2167786366580174,0.00146718444389006,0.0,1.0,-1.0057382782035065,0.15234071890417672
2025-03-12 13:08:00-04:00,2025-03-12 13:09:00-04:00,1,2,0.6770391123750032,60-80%,0.0043591689507183635,0.9751590121507215,80-100%,-1.0,-20.0,stop,1,-0.005200940113678932,1.0,-0.2584459770870932,0.2675982385782052,0.0,1.0,-1.1931035875133607,0.44055821092180797
2025-03-12 13:53:00-04:00,2025-03-12 13:55:00-04:00,1,2,0.5370465946141345,40-60%,0.0029149549537646276,0.8881782690704917,80-100%,1.3,26.0,target,2,-0.0031954925828773595,0.44577712664767866,-0.28087473484000625,0.4108516567767117,0.0,1.0,-1.0962408111145667,0.29155759503214757
2025-03-12 13:56:00-04:00,2025-03-12 13:57:00-04:00,1,2,0.964177782706829,80-100%,0.0031349727459786788,0.9142123963679432,80-100%,1.3,26.0,target,1,-0.00469747249424844,1.0,-0.3647414280816025,0.946511750492952,0.0,1.0,-1.4984093562771879,0.9101993803343638
2025-03-12 14:07:00-04:00,2025-03-12 14:11:00-04:00,1,2,0.8116985376827897,80-100%,0.003674095590219808,0.9522042373996579,80-100%,-1.0,-20.0,stop,4,-0.006950262594297492,1.0,-0.4360239102756744,1.0,0.09763779527559055,0.24679415073115857,-1.8916934586020617,1.0
2025-03-12 15:41:00-04:00,2025-03-12 15:43:00-04:00,1,2,0.2280041090393601,20-40%,0.00358790549788884,0.9474843181120323,80-100%,1.3,26.0,target,2,-0.0032869937802503463,0.4843291017532188,-0.22879402659962544,0.07820998487383156,0.08620689655172414,0.334975369458128,-0.9161316490037006,0.014501980072262062
2025-03-13 09:52:00-04:00,2025-03-13 09:54:00-04:00,1,2,0.5859298600951861,40-60%,0.005414105140116244,0.9901083475895951,80-100%,1.3,26.0,target,2,-0.0050797257244667125,1.0,-0.26276909511549,0.2952101750780319,0.0,1.0,-0.9382392090667172,0.04850926530271257
2025-03-13 09:55:00-04:00,2025-03-13 09:57:00-04:00,1,2,0.9122939040464046,80-100%,0.0056484882111276285,0.9920691319033206,80-100%,1.3,26.0,target,2,-0.008564706919447142,1.0,-0.3279434882372368,0.7114817624998028,0.0,1.0,-1.5162830476612321,0.9376938536858159
2025-03-13 09:58:00-04:00,2025-03-13 10:00:00-04:00,1,2,1.0,80-100%,0.006005321778411443,0.9940650085537571,80-100%,-1.0,-20.0,stop,2,-0.01051278994690163,1.0,-0.3930306375220611,1.0,0.0,1.0,-1.7505789589317433,1.0
2025-03-13 10:01:00-04:00,2025-03-13 10:04:00-04:00,1,2,0.8874224912909232,80-100%,0.00589563978986654,0.9935254638768259,80-100%,-1.0,-20.0,stop,3,-0.008777316495365037,1.0,-0.33543381059801397,0.7593227661528328,0.013613861386138614,0.8949787835926449,-1.4887809988750569,0.8953884154182151
2025-03-13 10:49:00-04:00,2025-03-13 10:51:00-04:00,1,2,0.4833383161961244,40-60%,0.004466448450966001,0.9775014256261789,80-100%,-1.0,-20.0,stop,2,-0.004148212278720721,0.8471841797924752,-0.22473069731717185,0.052257330010368995,0.0,1.0,-0.9287496148810467,0.03391175498165332
2025-03-13 10:58:00-04:00,2025-03-13 11:01:00-04:00,1,2,0.4363142650202876,40-60%,0.004774512161921496,0.982883712769224,80-100%,-1.0,-20.0,stop,3,-0.005149657648618588,1.0,-0.2501525088141462,0.21462750823687718,0.09511568123393316,0.2662504590525156,-1.0785725271974416,0.2643790927917575
2025-03-13 11:16:00-04:00,2025-03-13 11:17:00-04:00,1,2,0.5009745184309231,40-60%,0.003990883354421376,0.9648945036627626,80-100%,-1.0,-20.0,stop,1,-0.003888374245035112,0.7377072582469937,-0.24194231968146682,0.16218868526373253,0.0,1.0,-0.9743141805252973,0.10400213021296595
2025-03-13 11:22:00-04:00,2025-03-13 11:25:00-04:00,1,2,0.7278587536887793,60-80%,0.003701734511142451,0.9534412422687195,80-100%,-1.0,-20.0,stop,3,-0.00469750003013017,1.0,-0.31950565516367235,0.6575889681108882,0.039337474120082816,0.6965394853593612,-1.2689997124295118,0.5573065612848679
2025-03-13 11:26:00-04:00,2025-03-13 11:36:00-04:00,1,2,0.8550126482137423,80-100%,0.0035538365380648807,0.9458130455761723,80-100%,1.3,26.0,target,10,-0.00477239808140994,1.0,-0.3338312305044615,0.7490870197567375,0.0,1.0,-1.3428862105201342,0.6709635730982318
2025-03-13 11:42:00-04:00,2025-03-13 11:43:00-04:00,1,2,0.9591393341970837,80-100%,0.0032759904215536964,0.9265736719743826,80-100%,-1.0,-20.0,stop,1,-0.005320376211076137,1.0,-0.3670518720475346,0.9612686531855633,0.016166281755196306,0.8752886836027715,-1.6240512109168057,1.0
2025-03-13 13:04:00-04:00,2025-03-13 13:05:00-04:00,1,2,0.25105327815907724,20-40%,0.0038669096475524548,0.9605474404526911,80-100%,-1.0,-20.0,stop,1,-0.003698233641314501,0.6575957839532875,-0.21880953797635586,0.014438636500259637,0.09647495361781076,0.2557646435197455,-0.9563796360370829,0.07641404866301635
2025-03-13 13:07:00-04:00,2025-03-13 13:12:00-04:00,1,2,0.5669992255579372,40-60%,0.004161397162484728,0.9700355309909199,80-100%,1.3,26.0,target,5,-0.004859150123593505,1.0,-0.2718442331259729,0.3531734628778663,0.06307977736549165,0.5133845746090644,-1.1676727632245887,0.4014388647448184
2025-03-13 13:13:00-04:00,2025-03-13 13:19:00-04:00,1,2,0.9988040222448346,80-100%,0.004084676077609615,0.9677413694784401,80-100%,1.3,26.0,target,6,-0.006495738761030883,1.0,-0.37236692018618406,0.9952160889793382,0.0,1.0,-1.5902702289265107,1.0
2025-03-13 13:20:00-04:00,2025-03-13 13:23:00-04:00,1,2,0.6533194240681565,60-80%,0.003189921937273538,0.919230600517612,80-100%,-1.0,-20.0,stop,3,-0.0038603137427084106,0.7258845956129929,-0.2824007944192051,0.42059866343232644,0.0,1.0,-1.2101593138068651,0.46679443722730635
2025-03-13 13:25:00-04:00,2025-03-13 13:29:00-04:00,1,2,0.29795217852578365,20-40%,0.003182838599727146,0.9185901653726367,80-100%,-1.0,-20.0,stop,4,-0.0035482587504806116,0.5944072309738582,-0.25962803743888824,0.2751481077139389,0.12935323383084577,0.0021321961620468987,-1.1148095133648284,0.32012117925329076
2025-03-13 13:32:00-04:00,2025-03-13 13:47:00-04:00,1,2,0.31714351154572595,20-40%,0.0031079309558066617,0.9114795806465763,80-100%,1.3,26.0,target,15,-0.003301234133930463,0.4903289550483848,-0.24953729111763506,0.21069808695851933,0.08706467661691543,0.3283582089552238,-1.0621967414567708,0.23918879522077593
2025-03-13 15:19:00-04:00,2025-03-13 15:26:00-04:00,1,2,0.24352854976647514,20-40%,0.0031681250975677897,0.9172391104092644,80-100%,1.3,26.0,target,7,-0.002962014359224891,0.34740631922267107,-0.21819644523739457,0.010522787415060856,0.055384615384615386,0.5727472527472527,-0.9349423611772362,0.04343783968091594
2025-03-13 15:27:00-04:00,2025-03-13 15:29:00-04:00,1,2,0.5618595259400317,40-60%,0.0030241905444800283,0.902316094222924,80-100%,1.3,26.0,target,2,-0.003437066796208048,0.5475589975504369,-0.27077660035572065,0.346354447513562,0.0,1.0,-1.1365245495134662,0.35352465869612815
2025-03-13 15:44:00-04:00,2025-03-13 15:47:00-04:00,1,2,0.6780511967041648,60-80%,0.003774604469325504,0.9566785103303066,80-100%,-1.0,-20.0,stop,3,-0.004919312296449556,1.0,-0.29783484167192614,0.5191765717564018,0.05405405405405406,0.583011583011583,-1.3032656365525377,0.6100166320486746
2025-03-13 15:51:00-04:00,2025-03-13 15:55:00-04:00,1,2,0.7039074036385471,60-80%,0.003998208535834185,0.9650962845988508,80-100%,-1.0,-20.0,stop,4,-0.005031613044522514,1.0,-0.28492824868571137,0.4367416200332284,0.02102803738317757,0.8377837116154873,-1.2584668857130334,0.5411042829054729
2025-03-14 10:16:00-04:00,2025-03-14 10:21:00-04:00,1,2,0.40716565337653043,40-60%,0.005096130252792404,0.9867043909286309,80-100%,1.3,26.0,target,5,-0.005109910632249344,1.0,-0.22355974943766058,0.04477843670204492,0.07308377896613191,0.43621084797555376,-1.002704086978426,0.1476733288285231
2025-03-14 12:12:00-04:00,2025-03-14 12:18:00-04:00,1,2,0.44471700270090736,40-60%,0.0022245568456121904,0.7422643330262754,60-80%,1.3,26.0,target,6,-0.002466092495193444,0.13846077637365822,-0.26819620485006035,0.32987335299365295,0.0,1.0,-1.1085769734577333,0.31053388143631827
2025-03-14 13:46:00-04:00,2025-03-14 13:52:00-04:00,1,2,0.28393303363470557,20-40%,0.002728055102622229,0.8592314778260297,80-100%,-1.0,-20.0,stop,6,-0.0028562939886473894,0.3028634147398106,-0.22924060205260022,0.08106228105656926,0.06015037593984962,0.5359828141783028,-1.047007439806438,0.2158236245641396
2025-03-14 16:23:00-04:00,2025-03-14 16:32:00-04:00,1,2,0.3751309433762557,20-40%,0.002704206633858047,0.8550730359257797,80-100%,-1.0,-20.0,stop,9,-0.002477864475176515,0.1434206358321122,-0.27014841875597767,0.3423422252405339,0.0,1.0,-0.9162999765448347,0.014760912432376554
2025-03-17 10:31:00-04:00,2025-03-17 10:32:00-04:00,1,2,0.5477286080189798,40-60%,0.0038904505252843106,0.9613633372812213,80-100%,-1.0,-20.0,stop,1,-0.004138537817147997,0.8431080626222176,-0.23317636274123724,0.10620014995103952,0.0,1.0,-1.0637682680325453,0.2416062195026623
2025-03-17 10:56:00-04:00,2025-03-17 11:03:00-04:00,1,2,0.3078673125733298,20-40%,0.003367732535555129,0.9338465587577313,80-100%,1.3,26.0,target,7,-0.003463102086758126,0.5585283826729143,-0.22232405462479482,0.03688600200979396,0.07142857142857142,0.4489795918367347,-1.0283186239394384,0.18707527377387603
2025-03-17 11:09:00-04:00,2025-03-17 11:11:00-04:00,1,2,0.20473169978054964,20-40%,0.0030182205038748306,0.9015484493573716,80-100%,-1.0,-20.0,stop,2,-0.0029356483750461702,0.3362976037645804,-0.22550350006578998,0.05719325363807725,0.08762886597938144,0.3240058910162003,-0.9726421152057468,0.10143005070334063
2025-03-17 11:43:00-04:00,2025-03-17 11:47:00-04:00,1,2,0.30605808952866664,20-40%,0.0026304511150153594,0.8410975128306356,80-100%,-1.0,-20.0,stop,4,-0.00257447286595814,0.18412441221240936,-0.2237843437788069,0.04621293019614288,0.015151515151515152,0.8831168831168831,-0.9787191448882361,0.1107781325892313
2025-03-17 15:19:00-04:00,2025-03-17 15:32:00-04:00,1,2,0.5649903734017129,40-60%,0.0016970350339643142,0.5308022985480546,40-60%,-1.0,-20.0,stop,13,-0.0022422475026277746,0.044148714579380875,-0.30705955534400126,0.5780952055918234,0.0,1.0,-1.3212735493090153,0.6377175734356474
2025-03-17 16:06:00-04:00,2025-03-17 16:21:00-04:00,1,2,0.8012218045112782,80-100%,0.0026553240788892286,0.8460323726806158,80-100%,-0.1125,-2.25,timeout,15,-0.004584100864404514,1.0,-0.44159368186838804,1.0,0.10307017543859649,0.20488721804511273,-1.7263809343837715,1.0
2025-03-17 16:22:00-04:00,2025-03-17 16:30:00-04:00,1,2,0.5791004536303898,40-60%,0.0024980149641968914,0.8135982804755012,80-100%,-1.0,-20.0,stop,8,-0.003395180183849002,0.5299110138815577,-0.3642133434885024,0.9431388520073133,0.11052631578947368,0.14736842105263157,-1.3591512591040653,0.6959835275800564
2025-03-18 09:50:00-04:00,2025-03-18 09:51:00-04:00,1,2,0.8706534610830015,80-100%,0.004946084434404262,0.9850462780190375,80-100%,-1.0,-20.0,stop,1,-0.009216879541915347,1.0,-0.47509977868424047,1.0,0.06706857573474001,0.4826138443320056,-1.863469915273593,1.0
2025-03-18 09:52:00-04:00,2025-03-18 09:53:00-04:00,1,2,0.8619334696953386,80-100%,0.004986396507681569,0.9855814361538799,80-100%,1.3,26.0,target,1,-0.008185584586439263,1.0,-0.4413198130346414,1.0,0.07159005275056518,0.4477338787813543,-1.6415831700967478,1.0
2025-03-18 09:54:00-04:00,2025-03-18 09:56:00-04:00,1,2,0.9264767490573942,80-100%,0.0052883208354824,0.9888187042154669,80-100%,1.3,26.0,target,2,-0.008885913625354909,1.0,-0.44914978966560876,1.0,0.03812316715542522,0.7059069962295769,-1.6802901907414882,1.0
2025-03-18 09:57:00-04:00,2025-03-18 09:58:00-04:00,1,2,0.9846161814979799,80-100%,0.005318235364463965,0.9891082159933324,80-100%,1.3,26.0,target,1,-0.010167099648869117,1.0,-0.46126678581492153,1.0,0.007976794778825236,0.9384647259919197,-1.9117430786920198,1.0
2025-03-18 09:59:00-04:00,2025-03-18 10:01:00-04:00,1,2,0.8890181479758027,80-100%,0.005505273728798481,0.9908014212396368,80-100%,1.3,26.0,target,2,-0.010477813934903423,1.0,-0.4553550741268337,1.0,0.05754614549402823,0.5560725919032108,-1.9032321463133117,1.0
2025-03-18 10:02:00-04:00,2025-03-18 10:05:00-04:00,1,2,0.8704373820012586,80-100%,0.005379770913447623,0.989770583848752,80-100%,-1.0,-20.0,stop,3,-0.009428041112430076,1.0,-0.4056892694998487,1.0,0.0671806167400881,0.4817495280050346,-1.7524986219883703,1.0
2025-03-18 11:07:00-04:00,2025-03-18 11:08:00-04:00,1,2,0.7558358668611609,60-80%,0.003162331237328602,0.9166776330218889,80-100%,-1.0,-20.0,stop,1,-0.00413708183502812,0.8424946172460791,-0.30472486401362336,0.5631834339636506,0.0,1.0,-1.3082379815856813,0.6176654162349136
2025-03-18 11:58:00-04:00,2025-03-18 11:59:00-04:00,1,2,0.4336475780836144,40-60%,0.0025889417239093973,0.8328464271614686,80-100%,-1.0,-20.0,stop,1,-0.002859897741040843,0.3043817748984501,-0.23622963966737934,0.1257015579735002,0.0,1.0,-1.1046589865770684,0.3045069794625075
2025-03-18 14:16:00-04:00,2025-03-18 14:19:00-04:00,1,2,0.37396828908518176,20-40%,0.0025830549695192973,0.8315611703294293,80-100%,-1.0,-20.0,stop,3,-0.0029042180561484245,0.3230551445783271,-0.23404958482191368,0.11177745607210927,0.035483870967741936,0.7262672811059907,-1.1243345923408263,0.3347732745842999
2025-03-19 10:42:00-04:00,2025-03-19 10:47:00-04:00,1,2,0.5890710720765447,40-60%,0.0021358792764752136,0.7139711365530552,60-80%,1.3,26.0,target,5,-0.002770724469386413,0.2668106190272585,-0.29306995387051016,0.48874303315364287,0.0,1.0,-1.2972289679025624,0.6007306361252776
2025-03-19 13:19:00-04:00,2025-03-19 13:33:00-04:00,1,2,0.3590438580115525,20-40%,0.0019021603949234919,0.6241435276571479,60-80%,1.3,26.0,target,14,-0.002384429353566941,0.10405384517043238,-0.27550317228300686,0.3765432610182649,0.0749185667752443,0.42205677059097246,-1.253537482922331,0.5335215552665402
2025-03-20 12:16:00-04:00,2025-03-20 12:23:00-04:00,1,2,0.16068615346831405,00-20%,0.0026022442844196607,0.8355178312935913,80-100%,1.3,26.0,target,7,-0.0027413986216177806,0.25445483150114967,-0.2282518210247447,0.07474689508421248,0.11825192802056556,0.08777084098420852,-1.053474740258351,0.2257720463036855
2025-03-20 12:24:00-04:00,2025-03-20 12:26:00-04:00,1,2,0.9596110695587136,80-100%,0.0024253993960990845,0.7965390182918806,60-80%,1.3,26.0,target,2,-0.0048531477675156,1.0,-0.4514017595726271,1.0,0.020942408376963352,0.8384442782348542,-2.0009684901056746,1.0
2025-03-20 12:35:00-04:00,2025-03-20 12:37:00-04:00,1,2,0.9357142857142857,80-100%,0.003152779527091528,0.9158705092775365,80-100%,-1.0,-20.0,stop,2,-0.005484574045078665,1.0,-0.4151577513638035,1.0,0.03333333333333333,0.7428571428571429,-1.7395996129606441,1.0
2025-03-20 12:46:00-04:00,2025-03-20 12:55:00-04:00,1,2,0.7885126889505135,60-80%,0.0032199412335783785,0.9220555336228451,80-100%,-1.0,-20.0,stop,9,-0.004290187640501051,0.9070023108125966,-0.31881024362574617,0.6531473453977592,0.007894736842105263,0.9390977443609023,-1.3323807266299976,0.6548033552307957
2025-03-20 14:35:00-04:00,2025-03-20 14:37:00-04:00,1,2,0.5873981350689326,40-60%,0.002285470352380013,0.7600298284862044,60-80%,-1.0,-20.0,stop,2,-0.003042660413441861,0.3813847234817888,-0.30371893451448334,0.5567585199846405,0.031331592689295036,0.7582991421111526,-1.33130600896806,0.6531501546981482
2025-03-21 11:27:00-04:00,2025-03-21 11:33:00-04:00,1,2,0.3989781559558461,20-40%,0.0024881491842290468,0.8114050094310655,80-100%,-1.0,-20.0,stop,6,-0.002798127448063794,0.27835624883450216,-0.2636735241817605,0.3009868015273724,0.04129793510324484,0.6814159292035398,-1.1245818642224197,0.3351536442579702
2025-03-21 11:37:00-04:00,2025-03-21 11:42:00-04:00,1,2,0.46901399708504815,40-60%,0.002370913601883572,0.782712637627758,60-80%,1.3,26.0,target,5,-0.003151725061903562,0.42733666436460055,-0.3238941142172293,0.6856182404839676,0.11498257839721254,0.11299153807864605,-1.329329360378073,0.6501095454129784
2025-03-21 15:13:00-04:00,2025-03-21 15:15:00-04:00,1,2,0.855344426838438,80-100%,0.0019130689035101872,0.6286572794665964,60-80%,-1.0,-20.0,stop,2,-0.003137581773522251,0.42137770735375224,-0.3784275186301797,1.0,0.0,1.0,-1.6400777660257144,1.0
2025-03-26 10:05:00-04:00,2025-03-26 10:10:00-04:00,1,2,0.7306328873292546,60-80%,0.0032058093987882186,0.9208009825854279,80-100%,1.3,26.0,target,5,-0.0047779192575537035,1.0,-0.33460943369818846,0.7540574362542763,0.09455128205128205,0.2706043956043956,-1.4903940512994114,0.8978697174583467
2025-03-26 10:11:00-04:00,2025-03-26 10:13:00-04:00,1,2,0.8384074941451991,80-100%,0.002998236754315383,0.8992674474711585,80-100%,1.3,26.0,target,2,-0.0064454435766761065,1.0,-0.491228298978854,1.0,0.08378870673952642,0.3536299765807962,-2.1497447015813993,1.0
2025-03-26 10:18:00-04:00,2025-03-26 10:20:00-04:00,1,2,0.8959871589085072,80-100%,0.0031014858678598592,0.9108873974645787,80-100%,1.3,26.0,target,2,-0.005398716237327352,1.0,-0.3983356557460544,1.0,0.05393258426966292,0.5839486356340289,-1.7406870343254754,1.0
2025-03-26 10:21:00-04:00,2025-03-26 10:24:00-04:00,1,2,1.0,80-100%,0.003308100204549695,0.9291003202175725,80-100%,1.3,26.0,target,3,-0.006500899384109998,1.0,-0.443584902400415,1.0,0.0,1.0,-1.9651458487167905,1.0
2025-03-26 12:02:00-04:00,2025-03-26 12:17:00-04:00,1,2,0.9688940092165899,80-100%,0.002073664349700376,0.6921744089134535,60-80%,0.475,9.5,timeout,15,-0.00479834769224324,1.0,-0.5462590216534519,1.0,0.016129032258064516,0.8755760368663594,-2.3139461759742135,1.0
2025-03-26 12:20:00-04:00,2025-03-26 12:23:00-04:00,1,2,0.7190045394072584,60-80%,0.00234785073499098,0.7768083519761372,60-80%,-1.0,-20.0,stop,3,-0.0034544826038549374,0.5548967570784228,-0.32414483826380097,0.6872196255045574,0.030418250950570342,0.7653449212384573,-1.4713382551843566,0.8685568538075963
2025-03-26 13:37:00-04:00,2025-03-26 13:41:00-04:00,1,2,0.7474310207887981,60-80%,0.0018681076708167781,0.6098697196999605,60-80%,-1.0,-20.0,stop,4,-0.0027971710405255363,0.2779532879917564,-0.342308846088785,0.8032339067134855,0.0,1.0,-1.4973285984648577,0.9085368884499502
2025-03-26 14:57:00-04:00,2025-03-26 15:03:00-04:00,1,2,0.7865641718488161,60-80%,0.0021096092416235043,0.7048208097556696,60-80%,-1.0,-20.0,stop,6,-0.003736525537964937,0.673729214867792,-0.40647777341162844,1.0,0.06837606837606838,0.47252747252747246,-1.7711931974138477,1.0
2025-03-27 09:33:00-04:00,2025-03-27 09:35:00-04:00,2,2,0.5356645391548978,40-60%,0.0026590813346635996,0.8373424870671279,80-100%,1.3,26.0,target,2,-0.002844609217717865,0.9275032472048411,-0.2446923791074328,0.0633578970025649,0.0,1.0,-1.0697714209173435,0.1517970124121848
2025-03-27 09:37:00-04:00,2025-03-27 09:41:00-04:00,2,2,0.9085546661783488,80-100%,0.0031832755423502382,0.9107159339137926,80-100%,1.3,26.0,target,4,-0.00519807479261695,1.0,-0.34694990010474075,0.6556043113308241,0.0,1.0,-1.6329327208599633,0.9786143533825713
2025-03-27 15:51:00-04:00,2025-03-27 15:53:00-04:00,2,2,0.6816947241581982,60-80%,0.0028581264823093495,0.8710272897886349,80-100%,1.3,26.0,target,2,-0.003417654774305093,1.0,-0.30109020520812524,0.3899980302493227,0.0,1.0,-1.1957675055526753,0.3367808663834702
2025-03-27 15:54:00-04:00,2025-03-27 15:55:00-04:00,2,2,1.0,80-100%,0.0030023204912782214,0.891346293309189,80-100%,-1.0,-20.0,stop,1,-0.006370407078382355,1.0,-0.5395702347422083,1.0,0.0,1.0,-2.121827798494021,1.0
2025-03-28 12:16:00-04:00,2025-03-28 12:17:00-04:00,2,2,0.6611308770412021,60-80%,0.002413872316833718,0.7853956338096264,60-80%,1.3,26.0,target,1,-0.0029713673497051736,1.0,-0.2779681855303721,0.25608188293202905,0.0,1.0,-1.2309546486711953,0.38844162523277936
2025-03-28 12:18:00-04:00,2025-03-28 12:33:00-04:00,2,2,0.9654477074453128,80-100%,0.002762361284859575,0.8557276031663011,80-100%,-0.4375,-8.75,timeout,15,-0.004540695074124471,1.0,-0.3834946340270346,0.8672609935677092,0.0,1.0,-1.6437730643749948,0.9945298362135421
2025-03-28 15:35:00-04:00,2025-03-28 15:39:00-04:00,2,2,0.6223959608764632,60-80%,0.002110622643466131,0.6999881329635507,60-80%,-1.0,-20.0,stop,4,-0.002628708983218548,0.790838878676322,-0.2836514998664846,0.2889980196057473,0.0,1.0,-1.245466114635063,0.40974694522378335
2025-03-31 09:32:00-04:00,2025-03-31 09:33:00-04:00,2,2,1.0,80-100%,0.0023615931049692203,0.7724869352719089,60-80%,1.3,26.0,target,1,-0.004275069065219146,1.0,-0.5100690550472607,1.0,0.0,1.0,-1.8102479450095046,1.0
2025-03-31 09:34:00-04:00,2025-03-31 09:35:00-04:00,2,2,1.0,80-100%,0.0037954319756543595,0.952246166287947,80-100%,1.3,26.0,target,1,-0.008329653544487276,1.0,-0.7053313932206406,1.0,0.0,1.0,-2.1946523078051436,1.0
2025-04-01 14:02:00-04:00,2025-04-01 14:05:00-04:00,2,2,0.7328900055207523,60-80%,0.002818384280089895,0.8646982036822974,80-100%,1.3,26.0,target,3,-0.0037964319608464157,1.0,-0.29810495769904904,0.3727083275859921,0.0,1.0,-1.347024246361935,0.558851694497017
2025-04-02 13:49:00-04:00,2025-04-02 13:56:00-04:00,2,2,1.0,80-100%,0.0032135242799306535,0.9136387410392887,80-100%,-1.0,-20.0,stop,7,-0.006094904040010987,1.0,-0.4259909386152396,1.0,0.0,1.0,-1.8966416647527282,1.0
2025-04-03 15:18:00-04:00,2025-04-03 15:19:00-04:00,2,2,0.7371942990692056,60-80%,0.003619849152329138,0.94284044110214,80-100%,-1.0,-20.0,stop,1,-0.004886222521931463,1.0,-0.3003635285138073,0.385789325966368,0.0,1.0,-1.3498414757939556,0.5629878703104546
2025-04-03 16:28:00-04:00,2025-04-03 16:33:00-04:00,2,2,0.8157508033302044,80-100%,0.002094977870607698,0.6947358705350275,60-80%,-1.0,-20.0,stop,5,-0.003032358206039781,1.0,-0.3298767630096131,0.5567215677701784,0.0,1.0,-1.4474416405936419,0.7062816455506394
2025-04-14 15:51:00-04:00,2025-04-14 15:52:00-04:00,2,2,0.5634146398033224,40-60%,0.0037796237129779082,0.9513978929417505,80-100%,-1.0,-20.0,stop,1,-0.0038168711259322545,1.0,-0.2665290080781585,0.1898294277300636,0.0,1.0,-1.009854793964397,0.06382913148322633
2025-04-15 16:37:00-04:00,2025-04-15 16:52:00-04:00,2,2,0.55872173408215,40-60%,0.0010175650302754237,0.16856465996545375,00-20%,0.0,0.0,timeout,15,-0.0015763850660206265,0.1247201782273588,-0.3734930606085553,0.8093347311572296,0.026845637583892617,0.4451901565995526,-1.5491737816441544,0.8556418703444586
2025-04-16 12:07:00-04:00,2025-04-16 12:09:00-04:00,2,2,1.0,80-100%,0.002490986526484352,0.803336834841619,80-100%,-1.0,-20.0,stop,2,-0.006752237585779961,1.0,-0.6126170022177487,1.0,0.0,1.0,-2.710668048176766,1.0
2025-04-21 13:03:00-04:00,2025-04-21 13:05:00-04:00,2,2,1.0,80-100%,0.0021893790454343893,0.7255330277205181,60-80%,1.3,26.0,target,2,-0.004130731180292134,1.0,-0.4464736969418518,1.0,0.0,1.0,-1.886713581600287,1.0
2025-04-21 13:06:00-04:00,2025-04-21 13:21:00-04:00,2,2,0.8896011396011396,80-100%,0.0023342118073240875,0.7654238509851838,60-80%,-0.5375,-10.75,timeout,15,-0.004606466643543326,1.0,-0.4607179062872227,1.0,0.021367521367521368,0.5584045584045584,-1.973457005525186,1.0
2025-04-21 13:26:00-04:00,2025-04-21 13:28:00-04:00,2,2,0.7706173756623327,60-80%,0.0025302678599066417,0.8117316643298861,80-100%,-1.0,-20.0,stop,2,-0.0035169865948732463,1.0,-0.32732398542217545,0.5419366076225791,0.003937007874015748,0.9186351706036745,-1.3899661180547942,0.621897724423077
2025-04-22 13:15:00-04:00,2025-04-22 13:16:00-04:00,2,2,0.5452069327510984,40-60%,0.004549702810783091,0.9774438403488029,80-100%,1.3,26.0,target,1,-0.0045593876137012945,1.0,-0.2832210788243155,0.28650514361589446,0.007653061224489796,0.8418367346938775,-1.0021286671505774,0.0524858526946214
2025-04-22 15:19:00-04:00,2025-04-22 15:23:00-04:00,2,2,0.8537235101942449,80-100%,0.0023014277635306497,0.7568092615626689,60-80%,1.3,26.0,target,4,-0.0034786753117268194,1.0,-0.3398564104834413,0.6145208413589681,0.0,1.0,-1.5115292197527588,0.8003731994180113
2025-04-22 15:24:00-04:00,2025-04-22 15:26:00-04:00,2,2,0.9484364604125083,80-100%,0.0023278797037333166,0.7637844418756949,60-80%,-1.0,-20.0,stop,2,-0.00600034624857915,1.0,-0.5842036275718067,1.0,0.00998003992015968,0.7937458416500333,-2.5776015139253747,1.0
2025-04-22 15:27:00-04:00,2025-04-22 15:38:00-04:00,2,2,0.8143058491895702,80-100%,0.0026132677380609646,0.8284158385379811,80-100%,1.3,26.0,target,11,-0.005855417220815144,1.0,-0.5091164683380461,1.0,0.035940803382663845,0.2572233967582805,-2.2406495651149174,1.0
2025-04-22 15:40:00-04:00,2025-04-22 15:42:00-04:00,2,2,1.0,80-100%,0.002783355211002868,0.8590679541668681,80-100%,-1.0,-20.0,stop,2,-0.00612796973198618,1.0,-0.4811391391618868,1.0,0.0,1.0,-2.2016484664845266,1.0
2025-04-24 15:05:00-04:00,2025-04-24 15:12:00-04:00,2,2,0.5378726197448619,40-60%,0.0018762453802673058,0.6142378066200482,60-80%,1.3,26.0,target,7,-0.0022513799205844585,0.5519904207673568,-0.2780567441334879,0.256594789118701,0.0,1.0,-1.1999389548203485,0.3429052690933898
2025-04-24 15:14:00-04:00,2025-04-24 15:15:00-04:00,2,2,1.0,80-100%,0.0021132024714846094,0.7008891486939667,60-80%,-1.0,-20.0,stop,1,-0.004092851993873708,1.0,-0.44402675182321705,1.0,0.0,1.0,-1.9368006847911339,1.0
2025-04-28 09:35:00-04:00,2025-04-28 09:36:00-04:00,2,2,0.6744638712218924,60-80%,0.002287552247146563,0.7531788274488949,60-80%,-1.0,-20.0,stop,1,-0.002619581623797755,0.7850612804515297,-0.34603995746409066,0.6503341829244882,0.0,1.0,-1.1451461390949025,0.262460021511552
2025-04-28 13:31:00-04:00,2025-04-28 13:39:00-04:00,2,2,0.5233822064248708,40-60%,0.0025363296905318413,0.8129799007564137,80-100%,-1.0,-20.0,stop,8,-0.0027116373276806827,0.8433323363852298,-0.2509081523238684,0.09935788374005432,0.0,1.0,-1.0691186314631207,0.150838605574199
2025-04-29 12:49:00-04:00,2025-04-29 12:57:00-04:00,2,2,0.6104103409044735,60-80%,0.002566826275080767,0.8190101133521741,80-100%,1.3,26.0,target,8,-0.0029384188262017467,0.986884520852313,-0.2670510590474886,0.19285299814001408,0.0,1.0,-1.1447673162490466,0.26190384462556693
2025-04-29 16:29:00-04:00,2025-04-29 16:31:00-04:00,2,2,0.28751058154300374,20-40%,0.0014205880716787207,0.3950140866117853,20-40%,1.3,26.0,target,2,-0.001401007971572546,0.013706867275215423,-0.25226404036990474,0.10721080082296205,0.0,1.0,-0.9862169051700986,0.029124658073837663
2025-04-29 16:32:00-04:00,2025-04-29 16:36:00-04:00,2,2,1.0,80-100%,0.0020812429754969272,0.6904241806250851,60-80%,-1.0,-20.0,stop,4,-0.00425600603066501,1.0,-0.6072239098190108,1.0,0.0,1.0,-2.0449347244758034,1.0
2025-04-30 13:11:00-04:00,2025-04-30 13:16:00-04:00,2,2,0.717718814538938,60-80%,0.0028232929099389456,0.8654717586508498,80-100%,-1.0,-20.0,stop,5,-0.0034826339009664245,1.0,-0.3163957751064348,0.4786435284299701,0.0,1.0,-1.2335361622261636,0.39223172972578224
2025-05-01 11:56:00-04:00,2025-05-01 11:57:00-04:00,2,2,1.0,80-100%,0.0025395899161848564,0.8136963181420616,80-100%,1.3,26.0,target,1,-0.005631100401161001,1.0,-0.5478712323841791,1.0,0.0,1.0,-2.2173266499736384,1.0
2025-05-01 11:58:00-04:00,2025-05-01 11:59:00-04:00,2,2,1.0,80-100%,0.0026332208446370035,0.8322484517912633,80-100%,-1.0,-20.0,stop,1,-0.0065747249570257725,1.0,-0.5935214059575431,1.0,0.0,1.0,-2.4968376543184,1.0
2025-05-01 15:52:00-04:00,2025-05-01 15:53:00-04:00,2,2,0.6435290201685687,60-80%,0.002860875047408119,0.8714756000545004,80-100%,-1.0,-20.0,stop,1,-0.0029854556860567554,1.0,-0.3133186993431235,0.46082198269265967,0.0,1.0,-1.0435463403973213,0.11329409798161526
2025-05-01 15:55:00-04:00,2025-05-01 15:56:00-04:00,2,2,0.49339857354633937,40-60%,0.0030254919206064708,0.8942295436465205,80-100%,1.3,26.0,target,1,-0.0030576813260026203,1.0,-0.2784540236561437,0.25889571887412816,0.01694915254237288,0.6497175141242938,-1.0106393955894937,0.06498106118693579
2025-05-02 13:12:00-04:00,2025-05-02 13:22:00-04:00,2,2,0.488779079472115,40-60%,0.0016312584222324279,0.5041512651579415,40-60%,-1.0,-20.0,stop,10,-0.0019702087032288686,0.3740096651771251,-0.27289211328605595,0.22668271936687096,0.0,1.0,-1.2077845400685054,0.35442393334446415
2025-05-02 13:24:00-04:00,2025-05-02 13:39:00-04:00,2,2,0.3454880781710973,20-40%,0.002053227349286402,0.6806404683523719,60-80%,-0.6375,-12.75,timeout,15,-0.0024594090715840157,0.6836724109366096,-0.28683853640522383,0.3074564268113274,0.04591836734693878,0.05102040816326523,-1.1978259847545778,0.3398030667731867
2025-05-02 14:51:00-04:00,2025-05-02 14:53:00-04:00,2,2,0.33213979226235196,20-40%,0.0018171059192440542,0.5893346108710844,40-60%,-1.0,-20.0,stop,2,-0.001779880656473705,0.2535324346480255,-0.24337760761660818,0.055743115287659045,0.0,1.0,-0.979513982990141,0.0192836191137233
2025-05-02 15:05:00-04:00,2025-05-02 15:09:00-04:00,2,2,0.7816536922467328,60-80%,0.0022079791466294457,0.730798475745096,60-80%,-1.0,-20.0,stop,4,-0.0030688973079098687,1.0,-0.32091128983951295,0.5047961026702782,0.0,1.0,-1.389912270047769,0.6218186663166525
2025-05-02 15:49:00-04:00,2025-05-02 15:51:00-04:00,2,2,0.4231186065337297,40-60%,0.0019806817275232905,0.6546956105150733,60-80%,-1.0,-20.0,stop,2,-0.0020455653668776637,0.42171026576174914,-0.26367655789531463,0.17330884932797486,0.0,1.0,-1.0327582359410696,0.09745531104519471
2025-05-05 15:01:00-04:00,2025-05-05 15:06:00-04:00,2,2,0.5154917728141168,40-60%,0.0014384277580054732,0.40437585981074275,40-60%,-1.0,-20.0,stop,5,-0.0017618826733482324,0.24213975133606072,-0.30977941323155495,0.44032344636579657,0.0,1.0,-1.2248669865709922,0.37950389355461017
2025-05-05 15:09:00-04:00,2025-05-05 15:24:00-04:00,2,2,0.4613587041617489,40-60%,0.0018347881831215949,0.5969339093973743,40-60%,0.7125,14.25,timeout,15,-0.002288481316030831,0.5754755216148106,-0.29987909369867155,0.3829836175994745,0.025423728813559324,0.47457627118644063,-1.2472727571949753,0.41239940624627
2025-05-05 15:46:00-04:00,2025-05-05 15:53:00-04:00,2,2,0.5956515650368324,40-60%,0.0015246635599957142,0.4507496011357193,40-60%,1.3,26.0,target,7,-0.002052316777036867,0.4259838933852868,-0.30267198511874127,0.39915924862409125,0.0,1.0,-1.3460784601178741,0.5574631181379517
2025-05-05 15:55:00-04:00,2025-05-05 16:05:00-04:00,2,2,0.7608818706620208,60-80%,0.0019424869193687795,0.6402398020402512,60-80%,1.3,26.0,target,10,-0.00272920355279307,0.8544517178346362,-0.3278699356918958,0.5450985959681791,0.0,1.0,-1.4050048551574998,0.6439771688452678
2025-05-05 16:10:00-04:00,2025-05-05 16:25:00-04:00,2,2,0.9877030092090209,80-100%,0.0026353462276680526,0.8326659956663341,80-100%,0.075,1.5,timeout,15,-0.004835692433251621,1.0,-0.3979205931458471,0.9508120368360835,0.0,1.0,-1.8349362912859446,1.0
2025-05-06 12:10:00-04:00,2025-05-06 12:12:00-04:00,2,2,0.8685167042896723,80-100%,0.001749471443885145,0.5594208886212702,40-60%,-1.0,-20.0,stop,2,-0.0027274893110964976,0.853366606651174,-0.36334820511157306,0.7505786197889105,0.0,1.0,-1.5590361995503144,0.870121590718605
2025-05-06 16:00:00-04:00,2025-05-06 16:15:00-04:00,2,2,0.7437694232952087,60-80%,0.0029198008053605193,0.8802132550401941,80-100%,0.0125,0.25,timeout,15,-0.003528024754810604,1.0,-0.34078210014727384,0.6198821720350755,0.0,1.0,-1.2083100834596094,0.35519552114575914
2025-05-06 16:30:00-04:00,2025-05-06 16:31:00-04:00,2,2,0.713365243046669,60-80%,0.002175058327406213,0.7211642002276712,60-80%,-1.0,-20.0,stop,1,-0.002760769660497651,0.8744329938455405,-0.3260072270601808,0.5343103185161905,0.0,1.0,-1.2692853454600947,0.4447176598249452
2025-05-07 10:52:00-04:00,2025-05-07 10:55:00-04:00,2,2,0.4761261152995555,40-60%,0.0024971053161399284,0.8046114424602564,80-100%,1.3,26.0,target,3,-0.0024718895874617287,0.691572549745135,-0.26455505918257993,0.17839687837748927,0.0,1.0,-0.9899020163405928,0.03453503307559777
2025-05-07 10:56:00-04:00,2025-05-07 10:59:00-04:00,2,2,1.0,80-100%,0.0023241436110797023,0.7627603605821001,60-80%,-1.0,-20.0,stop,3,-0.005871451851180787,1.0,-0.6165163363129672,1.0,0.0,1.0,-2.5262861654461832,1.0
2025-05-07 13:37:00-04:00,2025-05-07 13:52:00-04:00,2,2,0.35356610432267166,20-40%,0.0017084565882815124,0.540820407786534,40-60%,1.3,26.0,target,15,-0.0017723828615437772,0.24878634712370576,-0.24431670086395443,0.061182075698945994,0.0,1.0,-1.0374175578710878,0.10429599446803493
2025-05-07 13:53:00-04:00,2025-05-07 13:54:00-04:00,2,2,0.6591160422443749,60-80%,0.0020481311749324794,0.6789087600704989,60-80%,1.3,26.0,target,1,-0.0026251519068266065,0.7885872572269997,-0.3002078771922598,0.38488783787851955,0.0,1.0,-1.2817303593424134,0.4629890738719805
2025-05-07 13:55:00-04:00,2025-05-07 14:01:00-04:00,2,2,1.0,80-100%,0.001989582193461407,0.65807112310512,60-80%,-1.0,-20.0,both_hit_conservative_stop,6,-0.0038878880664407344,1.0,-0.4624767116401244,1.0,0.0,1.0,-1.9541228702277031,1.0
2025-05-07 14:06:00-04:00,2025-05-07 14:07:00-04:00,2,2,0.7562863085936367,60-80%,0.0028634765174066538,0.8718579823400917,80-100%,1.3,26.0,target,1,-0.003870171685992894,1.0,-0.31311262334290957,0.4596284492389294,0.0,1.0,-1.3515639686467438,0.5655167851356173
2025-05-07 14:08:00-04:00,2025-05-07 14:09:00-04:00,2,2,0.9854393923825686,80-100%,0.003942975115540858,0.9589927962693554,80-100%,1.3,26.0,target,1,-0.006339629152496996,1.0,-0.4274932578495391,1.0,0.0,1.0,-1.607828851749522,0.9417575695302745
2025-05-07 14:10:00-04:00,2025-05-07 14:11:00-04:00,2,2,0.9778571428571429,80-100%,0.004177276000168753,0.968038115162996,80-100%,-1.0,-20.0,stop,1,-0.0081116306280368,1.0,-0.5125919561609652,1.0,0.004285714285714286,0.9114285714285714,-1.9418469422918445,1.0
2025-05-08 10:56:00-04:00,2025-05-08 10:57:00-04:00,2,2,0.7045002031978223,60-80%,0.0036186155105602798,0.9427876987179206,80-100%,-1.0,-20.0,stop,1,-0.0044229462351970915,1.0,-0.31012089270429766,0.44230119813726676,0.0,1.0,-1.22227581855257,0.37569961465402213
2025-05-08 13:36:00-04:00,2025-05-08 13:51:00-04:00,2,2,0.3931935890182891,20-40%,0.0017823651764126674,0.5740393194474356,40-60%,-0.3375,-6.75,timeout,15,-0.0019284572371376573,0.3475810799478056,-0.24333452412591192,0.055493587989982066,0.0,1.0,-1.0819652799876995,0.16969968813536873
2025-05-08 13:58:00-04:00,2025-05-08 14:13:00-04:00,2,2,0.42260896769964595,40-60%,0.001764885142151437,0.5662730033711174,40-60%,-0.325,-6.5,timeout,15,-0.0019774152343196723,0.3785713833387094,-0.24855075235445628,0.08570449506599634,0.0,1.0,-1.1204214864142128,0.2261599923938781
2025-05-08 15:51:00-04:00,2025-05-08 15:56:00-04:00,2,2,0.9724269014803182,80-100%,0.003300882328156612,0.9212072731747839,80-100%,1.3,26.0,target,5,-0.005190230177479027,1.0,-0.4422567676801311,1.0,0.0,1.0,-1.5723766137333126,0.8897076059212726
2025-05-09 10:27:00-04:00,2025-05-09 10:28:00-04:00,2,2,0.837528694389512,80-100%,0.002701151092518071,0.8452054975145151,80-100%,1.3,26.0,target,1,-0.003899246621597085,1.0,-0.3459039986574186,0.6495467482696817,0.0,1.0,-1.4435499859291927,0.7005680292883666
2025-05-09 10:29:00-04:00,2025-05-09 10:31:00-04:00,2,2,1.0,80-100%,0.0027447203775028497,0.852910280809244,80-100%,-1.0,-20.0,stop,2,-0.006304187969083478,1.0,-0.546766042672517,1.0,0.0,1.0,-2.296841609351491,1.0
2025-05-12 15:01:00-04:00,2025-05-12 15:04:00-04:00,2,2,0.8070886543565208,80-100%,0.001346954685242159,0.35357175821132997,20-40%,-1.0,-20.0,stop,3,-0.0021744419213160678,0.5032888382505692,-0.36734893629068804,0.7737497144175833,0.0,1.0,-1.6143393279226324,0.9513160647579305
2025-05-12 15:41:00-04:00,2025-05-12 15:43:00-04:00,2,2,0.9401842311830049,80-100%,0.0013738069594628256,0.36888023523103364,20-40%,-1.0,-20.0,stop,2,-0.0025811543866149254,0.7607369247320196,-0.4232013612446392,1.0,0.0,1.0,-1.8788333898266076,1.0
2025-05-13 14:01:00-04:00,2025-05-13 14:07:00-04:00,2,2,0.39218564003918777,20-40%,0.0014050540652851568,0.38635115000373593,20-40%,-1.0,-20.0,stop,6,-0.0016012268134592503,0.14044494913702274,-0.26378757867041935,0.17395185001223207,0.0,1.0,-1.1396193591556067,0.25434576100749645
2025-05-13 15:56:00-04:00,2025-05-13 15:58:00-04:00,2,2,0.5236968272088379,40-60%,0.001776873075979059,0.5714901042101608,40-60%,-1.0,-20.0,stop,2,-0.0021695801684658046,0.5002113595032035,-0.27186508501105916,0.22073446434026417,0.0,1.0,-1.2210102104621985,0.3738414849918842
2025-05-13 16:00:00-04:00,2025-05-13 16:15:00-04:00,2,2,0.45242067292077,40-60%,0.002045079988224485,0.6779462115584935,60-80%,0.6125,12.25,timeout,15,-0.0022495663735307555,0.55084244951357,-0.2445749894349254,0.06267800947992967,0.0,1.0,-1.0999894314568124,0.19616223268958044
2025-05-14 13:13:00-04:00,2025-05-14 13:22:00-04:00,2,2,0.5058516172606383,40-60%,0.0010889843482903305,0.2057963880257207,20-40%,1.3,26.0,target,9,-0.0014728043719525919,0.05915382912458165,-0.3023725335798981,0.39742491066620517,0.0,1.0,-1.352456878067023,0.5668277292517664
2025-05-14 13:23:00-04:00,2025-05-14 13:28:00-04:00,2,2,1.0,80-100%,0.0017667446460199092,0.5670905103265194,40-60%,-1.0,-20.0,stop,5,-0.0035162976759824673,1.0,-0.47858992109364,1.0,0.0,1.0,-1.9902693260760234,1.0
2025-05-14 15:24:00-04:00,2025-05-14 15:30:00-04:00,2,2,0.4884289459386624,40-60%,0.001734010374284507,0.552247924367421,40-60%,-1.0,-20.0,stop,6,-0.0019937249600583476,0.3888954034775408,-0.28478478830434373,0.29556170320745934,0.0,1.0,-1.1497768350324922,0.26925867706964945
2025-05-15 13:54:00-04:00,2025-05-15 14:01:00-04:00,2,2,0.4076375567772149,40-60%,0.0015097884760611171,0.4425613459856453,40-60%,1.3,26.0,target,7,-0.0016995226294810992,0.20266598218395046,-0.2672524630174216,0.19401947252606383,0.0,1.0,-1.1256693612571338,0.23386477239884546
2025-05-15 14:03:00-04:00,2025-05-15 14:07:00-04:00,2,2,0.21686890109411577,20-40%,0.0014318846991068993,0.40097397602858637,40-60%,1.3,26.0,target,4,-0.0016786182945379086,0.18943358463169663,-0.2828092620554558,0.284120018274123,0.04395604395604396,0.09157509157509149,-1.172313871071395,0.3023469098955521
2025-05-15 14:10:00-04:00,2025-05-15 14:16:00-04:00,2,2,0.8156651573594131,80-100%,0.0015142101780366152,0.44500947165316607,40-60%,1.3,26.0,target,6,-0.0024012592777884183,0.6468637207211108,-0.35571295823836563,0.7063574462354543,0.0,1.0,-1.5858163632884743,0.9094394624810875
2025-05-15 14:17:00-04:00,2025-05-15 14:31:00-04:00,2,2,1.0,80-100%,0.0017328422088276564,0.5517336861212812,40-60%,-1.0,-20.0,stop,14,-0.00434393295013949,1.0,-0.5862016616989861,1.0,0.0,1.0,-2.506825450124712,1.0
2025-05-15 15:10:00-04:00,2025-05-15 15:17:00-04:00,2,2,0.5941634518419947,40-60%,0.0017424544041796032,0.5561948127865121,40-60%,-1.0,-20.0,stop,7,-0.0022497451676747743,0.5509556258093048,-0.29399426841977216,0.34890038698342807,0.0,1.0,-1.2911357463807025,0.47679779457524596
2025-05-15 15:26:00-04:00,2025-05-15 15:27:00-04:00,2,2,0.7480903309809701,60-80%,0.002128529236618163,0.7058820944000773,60-80%,1.3,26.0,target,1,-0.0028206207070229023,0.9123185732573142,-0.3292870416364638,0.5533060696699494,0.0,1.0,-1.325150088849305,0.5267366809966169
2025-05-15 15:29:00-04:00,2025-05-15 15:31:00-04:00,2,2,0.8484119283313416,80-100%,0.002197791261227903,0.7280251053748885,60-80%,-1.0,-20.0,stop,2,-0.003421440567906041,1.0,-0.3806219211341417,0.8506230593246608,0.015665796344647518,0.6762402088772846,-1.5567632050709341,0.866784445123421
2025-05-16 10:45:00-04:00,2025-05-16 10:46:00-04:00,2,2,1.0,80-100%,0.0021939883026608335,0.7269394912997043,60-80%,-1.0,-20.0,stop,1,-0.004347193061920617,1.0,-0.4471131159311266,1.0,0.0,1.0,-1.9814112302460372,1.0
2025-05-19 14:11:00-04:00,2025-05-19 14:19:00-04:00,2,2,0.5418432984409527,40-60%,0.0010646532862490978,0.19250530720241207,00-20%,1.3,26.0,target,8,-0.0014745363792326984,0.06025018588293113,-0.31879307576995,0.49252801055105533,0.0,1.0,-1.3849920892346732,0.6145949973298241
2025-05-19 14:20:00-04:00,2025-05-19 14:27:00-04:00,2,2,0.7202531527906153,60-80%,0.001086724181244833,0.20456573239393286,20-40%,-1.0,-20.0,stop,7,-0.00215164075146404,0.48885574841736334,-0.44333907149876545,1.0,0.029411764705882353,0.39215686274509803,-1.9799327084075322,1.0
2025-05-20 13:33:00-04:00,2025-05-20 13:48:00-04:00,2,2,0.49256458227827665,40-60%,0.001076685611720779,0.19921677559434076,00-20%,0.3375,6.75,timeout,15,-0.0014441250323832084,0.04099987092646234,-0.29916649584213906,0.37885645393196804,0.0,1.0,-1.3412689987332336,0.5504020042546762
2025-05-20 13:50:00-04:00,2025-05-20 14:05:00-04:00,2,2,0.4106548643202169,40-60%,0.0014831459756244024,0.4288527212872658,40-60%,-1.0,-20.0,stop,15,-0.0016932893361216624,0.19872032134297932,-0.26595706141418574,0.18651687567891626,0.0,1.0,-1.1416875775891109,0.25738226025897215
2025-05-20 14:22:00-04:00,2025-05-20 14:26:00-04:00,2,2,0.46729113588354976,40-60%,0.0017614128648520636,0.5648050070103419,40-60%,-1.0,-20.0,stop,4,-0.0018769156262477024,0.31495535482271036,-0.3042976808136666,0.4085748147039081,0.0,1.0,-1.065573928577693,0.14563437400758042
2025-05-20 14:27:00-04:00,2025-05-20 14:29:00-04:00,2,2,0.275838799884343,20-40%,0.002068186998579551,0.6858795451848401,60-80%,1.3,26.0,target,2,-0.0020577302137948627,0.4294105868199477,-0.2709337502310947,0.21534043876059406,0.028225806451612902,0.4166666666666667,-0.9949439848563644,0.041937507290163635
2025-05-20 14:30:00-04:00,2025-05-20 14:36:00-04:00,2,2,0.8981938041239048,80-100%,0.002306363712884114,0.758119030770786,60-80%,-1.0,-20.0,stop,6,-0.0036879121405194028,1.0,-0.41924785688483546,1.0,0.016260162601626018,0.6639566395663955,-1.599015853361506,0.9288185769292235
2025-05-21 13:03:00-04:00,2025-05-21 13:05:00-04:00,2,2,0.5728808995137674,40-60%,0.001551199802554677,0.46463842898018204,40-60%,-1.0,-20.0,stop,2,-0.0019350417234188498,0.35174904512760585,-0.32476527080850237,0.5271172619113029,0.0,1.0,-1.247448407504966,0.41265729101616094
2025-05-21 13:09:00-04:00,2025-05-21 13:11:00-04:00,2,2,0.4470263769922331,40-60%,0.0018203974135733085,0.5908289784239696,40-60%,1.3,26.0,target,2,-0.0019576963948284938,0.3660894017724241,-0.2789765935228469,0.2619222945897583,0.0,1.0,-1.075422531493097,0.16009381160674988
2025-05-21 13:12:00-04:00,2025-05-21 13:17:00-04:00,2,2,1.0,80-100%,0.0020847434030569646,0.6916240698660783,60-80%,1.3,26.0,target,5,-0.0034569576071011737,1.0,-0.411333494473151,1.0,0.0,1.0,-1.6582173144340269,1.0
2025-05-21 13:18:00-04:00,2025-05-21 13:19:00-04:00,2,2,1.0,80-100%,0.0028181702862047813,0.8646630420928179,80-100%,1.3,26.0,target,1,-0.0070345024370118405,1.0,-0.5969224677089798,1.0,0.0,1.0,-2.496123982090939,1.0
2025-05-21 13:21:00-04:00,2025-05-21 13:22:00-04:00,2,2,1.0,80-100%,0.004141366326718314,0.966715160358824,80-100%,-1.0,-20.0,stop,1,-0.010510429281572801,1.0,-0.6508017994223715,1.0,0.0,1.0,-2.5379134450782663,1.0
2025-05-21 13:23:00-04:00,2025-05-21 13:25:00-04:00,2,2,1.0,80-100%,0.004438660050922172,0.9750396666681317,80-100%,1.3,26.0,target,2,-0.011420175286999446,1.0,-0.6379645874170725,1.0,0.0,1.0,-2.5728880238590923,1.0
2025-05-21 15:07:00-04:00,2025-05-21 15:10:00-04:00,2,2,1.0,80-100%,0.003137799062098271,0.9064042440038502,80-100%,1.3,26.0,target,3,-0.005679112081996946,1.0,-0.43914274604482884,1.0,0.0,1.0,-1.80990304656388,1.0
2025-05-21 15:11:00-04:00,2025-05-21 15:14:00-04:00,2,2,1.0,80-100%,0.003176786371735875,0.910162138879488,80-100%,-1.0,-20.0,stop,3,-0.007057563040123483,1.0,-0.5404553421397735,1.0,0.0,1.0,-2.2216045444274095,1.0
2025-05-22 09:35:00-04:00,2025-05-22 09:36:00-04:00,2,2,0.6021489148834214,60-80%,0.0029603951708092775,0.8859050373372128,80-100%,-1.0,-20.0,stop,1,-0.003554837917913712,1.0,-0.2448772318486669,0.06442851138972104,0.0,1.0,-1.200798445074457,0.34416714814396454
2025-05-22 12:57:00-04:00,2025-05-22 13:01:00-04:00,2,2,0.6636161388398276,60-80%,0.00196405900600622,0.6482962012297766,60-80%,-1.0,-20.0,stop,4,-0.002551544840267591,0.741994147711149,-0.30695288023468353,0.42395297291747513,0.0,1.0,-1.2991182202086602,0.4885174347306866
2025-05-22 15:39:00-04:00,2025-05-22 15:45:00-04:00,2,2,0.3731878036210564,20-40%,0.0015858290422188844,0.48229394209765253,40-60%,1.3,26.0,target,6,-0.0017035972728601462,0.20524522238564713,-0.25604598546823343,0.1291147488340865,0.0,1.0,-1.0742628792297062,0.15839124326449208
2025-05-22 15:46:00-04:00,2025-05-22 15:50:00-04:00,2,2,1.0,80-100%,0.0017998232773908085,0.581585875589506,40-60%,-1.0,-20.0,stop,4,-0.003513223667341717,1.0,-0.47498945367536816,1.0,0.0,1.0,-1.9519825704414786,1.0
2025-05-22 15:53:00-04:00,2025-05-22 15:56:00-04:00,2,2,0.8910534927946718,80-100%,0.002014494799497589,0.6671779747803499,60-80%,1.3,26.0,target,3,-0.00309354810259743,1.0,-0.3696910588386684,0.7873146206213552,0.002849002849002849,0.9411206077872745,-1.5356446208592618,0.8357787427700576
2025-05-22 15:57:00-04:00,2025-05-22 16:05:00-04:00,2,2,1.0,80-100%,0.0026316623431979743,0.8320067158635907,80-100%,-1.0,-20.0,stop,8,-0.006012384456037918,1.0,-0.5780561026781973,1.0,0.0,1.0,-2.284633692304051,1.0
2025-05-26 10:22:00-04:00,2025-05-26 10:36:00-04:00,2,2,0.7007033342254304,60-80%,0.0008186521579104611,0.09111246873914935,00-20%,1.3,26.0,target,14,-0.0014100365079398158,0.019421910726794396,-0.3690136783957033,0.7833914261749271,0.0,1.0,-1.7223878228560616,1.0
2025-05-26 10:40:00-04:00,2025-05-26 10:55:00-04:00,2,2,0.3944617322267989,20-40%,0.001366216906107061,0.3645026173408169,20-40%,-0.3375,-6.75,timeout,15,-0.0015368068185253431,0.09966723553856588,-0.2761409108535385,0.24549882884668664,0.0,1.0,-1.1248629786791073,0.23268086452194303
2025-05-26 10:57:00-04:00,2025-05-26 11:12:00-04:00,2,2,0.6652777063025306,60-80%,0.0013817339092593128,0.37331938590283975,20-40%,0.3875,7.75,timeout,15,-0.0019353596131889965,0.35195026864549384,-0.3497015219535671,0.6715409207621986,0.0,1.0,-1.4006746163061585,0.63761963580243
2025-05-28 14:53:00-04:00,2025-05-28 14:55:00-04:00,2,2,0.40453243460525123,40-60%,0.0014427718118330756,0.40680200948483874,40-60%,1.3,26.0,target,2,-0.0014997155607084447,0.07618855178803502,-0.30879713191754066,0.43463435298261227,0.0,1.0,-1.0394682987346562,0.10730683365035744
2025-05-28 15:46:00-04:00,2025-05-28 15:48:00-04:00,2,2,0.9376649393118122,80-100%,0.0016413072358628493,0.5088980797376945,40-60%,-1.0,-20.0,stop,2,-0.0027767448676687006,0.8845452644746428,-0.38329667870591766,0.866114492772606,0.0,1.0,-1.6917885981346703,1.0
2025-05-28 15:51:00-04:00,2025-05-28 15:54:00-04:00,2,2,1.0,80-100%,0.001964762481947878,0.6485730987469288,60-80%,1.3,26.0,target,3,-0.0034436267722538906,1.0,-0.41158845185978193,1.0,0.0,1.0,-1.7526936736087597,1.0
2025-05-28 15:55:00-04:00,2025-05-28 16:01:00-04:00,2,2,0.9276377217553688,80-100%,0.0020705469261638595,0.6866574953520774,60-80%,1.3,26.0,target,6,-0.004056296484754557,1.0,-0.4483349060371041,1.0,0.014005602240896359,0.7105508870214753,-1.9590459088361412,1.0
2025-05-29 11:58:00-04:00,2025-05-29 11:59:00-04:00,2,2,0.9642404319641797,80-100%,0.0037517251989283946,0.9500002197599342,80-100%,1.3,26.0,target,1,-0.005815447041934851,1.0,-0.4333125559828314,1.0,0.0,1.0,-1.550072762151108,0.8569617278567188
2025-05-29 12:01:00-04:00,2025-05-29 12:02:00-04:00,2,2,1.0,80-100%,0.0041418434167727934,0.9667327411535639,80-100%,-1.0,-20.0,stop,1,-0.007678210339663415,1.0,-0.5044588128568501,1.0,0.0,1.0,-1.8538147310373356,1.0
2025-05-29 13:29:00-04:00,2025-05-29 13:32:00-04:00,2,2,0.51973310268349,40-60%,0.002110775829889075,0.700045270546455,60-80%,-1.0,-20.0,stop,3,-0.002415596438231463,0.6559391114124857,-0.2616569130563895,0.1616116420966214,0.0,1.0,-1.1444116442997203,0.261381657224853
2025-05-29 13:39:00-04:00,2025-05-29 13:41:00-04:00,2,2,0.5039799676975143,40-60%,0.002216315271192996,0.7332202302205071,60-80%,-1.0,-20.0,stop,2,-0.0024277749239483004,0.6636480658005386,-0.26186767098407393,0.16283229193973317,0.0,1.0,-1.0954104569434655,0.18943951304978562
2025-05-30 12:29:00-04:00,2025-05-30 12:30:00-04:00,2,2,1.0,80-100%,0.002843611104213488,0.8686231161079636,80-100%,1.3,26.0,target,1,-0.0062580563107399855,1.0,-0.5283237896687432,1.0,0.0,1.0,-2.200742675912041,1.0
2025-05-30 12:31:00-04:00,2025-05-30 12:32:00-04:00,2,2,1.0,80-100%,0.0030189275401891914,0.8934208270884886,80-100%,1.3,26.0,target,1,-0.007074816041215408,1.0,-0.5587494673324557,1.0,0.0,1.0,-2.3434865352124485,1.0
2025-05-30 12:33:00-04:00,2025-05-30 12:34:00-04:00,2,2,1.0,80-100%,0.0032954735766947247,0.920780938902343,80-100%,1.3,26.0,target,1,-0.008327107638336145,1.0,-0.598462541142586,1.0,0.0,1.0,-2.5268318633244875,1.0
2025-06-03 14:02:00-04:00,2025-06-03 14:04:00-04:00,2,2,0.6313906981006705,60-80%,0.0013555438968191691,0.3586350270963999,20-40%,1.3,26.0,target,2,-0.0018835860566326027,0.3191777224291185,-0.3347781616075118,0.5851090713639284,0.0,1.0,-1.3895426485652755,0.621275998609635
2025-06-03 14:11:00-04:00,2025-06-03 14:20:00-04:00,2,2,1.0,80-100%,0.0023875629809771664,0.7789786437295898,60-80%,-1.0,-20.0,stop,9,-0.0042745362265867405,1.0,-0.49061409168942843,1.0,0.0,1.0,-1.7903344375180779,1.0
2025-06-03 15:50:00-04:00,2025-06-03 15:54:00-04:00,2,2,0.372731459428885,20-40%,0.0011963746030695399,0.2653908869950466,20-40%,-1.0,-20.0,stop,4,-0.001406265926680489,0.017035141171002167,-0.26257947792088443,0.1669548748256521,0.0,1.0,-1.1754394677657236,0.3069358217188857
2025-06-04 10:07:00-04:00,2025-06-04 10:09:00-04:00,2,2,0.8187942745836807,80-100%,0.002990853781767731,0.8897772073786595,80-100%,1.3,26.0,target,2,-0.004301992681194537,1.0,-0.33427507932863154,0.5821953622022644,0.0,1.0,-1.4383828147733329,0.6929817361324587
2025-06-04 15:52:00-04:00,2025-06-04 16:00:00-04:00,2,2,0.5104081907562459,40-60%,0.0010501800014198937,0.18479173351031333,00-20%,-1.0,-20.0,stop,8,-0.0014567616879179765,0.048998845790831726,-0.2984772342606061,0.3748644473175315,0.0,1.0,-1.3871542839783322,0.6177694699166202
2025-06-04 16:01:00-04:00,2025-06-04 16:16:00-04:00,2,2,0.545902080319727,40-60%,0.0012509889778306784,0.2980691892176986,20-40%,-0.25,-5.0,timeout,15,-0.0017126529169862424,0.21097742498830732,-0.2996155959082449,0.38145751350422935,0.0,1.0,-1.3690391740750016,0.5911733827863714
2025-06-05 12:13:00-04:00,2025-06-05 12:17:00-04:00,2,2,0.4275466403349175,40-60%,0.001389873379386046,0.3779123685286193,20-40%,1.3,26.0,target,4,-0.0016476745534871621,0.1698462653292544,-0.2715061079654916,0.2186553716144673,0.0,1.0,-1.1854853671742354,0.3216849243959482
2025-06-05 12:18:00-04:00,2025-06-05 12:20:00-04:00,2,2,1.0,80-100%,0.001835957550737006,0.5973822196632399,40-60%,-1.0,-20.0,stop,2,-0.003610152202838097,1.0,-0.4729552925278766,1.0,0.0,1.0,-1.9663592992054084,1.0
2025-06-05 12:46:00-04:00,2025-06-05 12:48:00-04:00,2,2,0.9455804510378555,80-100%,0.002449824056014814,0.7939179240597571,60-80%,1.3,26.0,target,2,-0.003917765339618052,1.0,-0.3810718376533495,0.8532288475605684,0.0,1.0,-1.5992027386616376,0.9290929565908534
2025-06-05 12:49:00-04:00,2025-06-05 12:51:00-04:00,2,2,1.0,80-100%,0.0024912963637901443,0.8033632060337288,80-100%,-1.0,-20.0,stop,2,-0.005336013995011615,1.0,-0.5113656293009886,1.0,0.0,1.0,-2.1418623944417625,1.0
2025-06-05 12:52:00-04:00,2025-06-05 12:53:00-04:00,2,2,1.0,80-100%,0.0026485271415896236,0.8352899292812531,80-100%,1.3,26.0,target,1,-0.006222657143813983,1.0,-0.5513464814204224,1.0,0.0,1.0,-2.349478336883947,1.0
2025-06-05 13:56:00-04:00,2025-06-05 14:03:00-04:00,2,2,0.275096338048708,20-40%,0.001339858910058962,0.34949301383169024,20-40%,1.3,26.0,target,7,-0.0013797402936552958,0.000244474428031498,-0.23497534770775977,0.007079620859698485,0.0,1.0,-1.0297653605890331,0.0930612569071018
2025-06-05 14:04:00-04:00,2025-06-05 14:16:00-04:00,2,2,1.0,80-100%,0.0017059529239766096,0.539598542552116,40-60%,1.3,26.0,target,12,-0.003607619991123574,1.0,-0.4711339463051675,1.0,0.0,1.0,-2.1147242344262005,1.0
2025-06-05 14:17:00-04:00,2025-06-05 14:19:00-04:00,2,2,1.0,80-100%,0.002814341291136843,0.8641004566611433,80-100%,-1.0,-20.0,stop,2,-0.006293048227733841,1.0,-0.5665839715563851,1.0,0.0,1.0,-2.2360643492501886,1.0
2025-06-05 15:14:00-04:00,2025-06-05 15:16:00-04:00,2,2,1.0,80-100%,0.0018800658992551187,0.6156266894044945,60-80%,1.3,26.0,target,2,-0.0038984662180965943,1.0,-0.5413717895125872,1.0,0.0,1.0,-2.0735795589086345,1.0
2025-06-05 15:17:00-04:00,2025-06-05 15:18:00-04:00,2,2,1.0,80-100%,0.002561194325390106,0.8178146193098659,80-100%,1.3,26.0,target,1,-0.00672250760188302,1.0,-0.7202301086907841,1.0,0.0,1.0,-2.6247549962297714,1.0
2025-06-05 15:19:00-04:00,2025-06-05 15:20:00-04:00,2,2,1.0,80-100%,0.0027609203661825036,0.8553803824701895,80-100%,1.3,26.0,target,1,-0.007959784314128958,1.0,-0.7529752772345913,1.0,0.0,1.0,-2.8830184353107113,1.0
2025-06-06 10:30:00-04:00,2025-06-06 10:36:00-04:00,2,2,0.5594437445000796,40-60%,0.002089501931798487,0.6931052518229086,60-80%,-1.0,-20.0,stop,6,-0.0024643678383786914,0.686811299295143,-0.27488183323555476,0.23820661016840036,0.0,1.0,-1.179404431685568,0.31275706853677493
2025-06-06 11:19:00-04:00,2025-06-06 11:21:00-04:00,2,2,0.4535872865995525,40-60%,0.002210015022851504,0.7313830371701953,60-80%,1.3,26.0,target,2,-0.002309828900373782,0.5889884950518446,-0.252692280826083,0.10969104748030635,0.0,1.0,-1.0451643434502502,0.11566960386605896
2025-06-06 11:22:00-04:00,2025-06-06 11:23:00-04:00,2,2,0.5743792628203814,40-60%,0.0022915840931755417,0.7541501663582703,60-80%,-1.0,-20.0,stop,1,-0.003254491678997713,1.0,-0.33748536344172525,0.6007884127320614,0.04691358024691358,0.030452674897119253,-1.420192996054459,0.6662759636523451
2025-06-06 12:43:00-04:00,2025-06-06 12:45:00-04:00,2,2,0.8906530761850817,80-100%,0.00140681972272717,0.3873136985157414,20-40%,1.3,26.0,target,2,-0.0022990175444342125,0.5821449307739051,-0.4180873151629066,1.0,0.0,1.0,-1.6341948490581903,0.980467373966422
2025-06-06 12:46:00-04:00,2025-06-06 12:56:00-04:00,2,2,0.8599815641281088,80-100%,0.0013919397255545557,0.3791430241604072,20-40%,1.3,26.0,target,10,-0.002234215536253371,0.5411254036392893,-0.3996858508516989,0.9610359063026978,0.0,1.0,-1.6051093989455962,0.9377649465704484
2025-06-06 15:04:00-04:00,2025-06-06 15:19:00-04:00,2,2,0.42888762048181533,40-60%,0.0013081360855773702,0.3320704462445225,20-40%,0.6125,12.25,timeout,15,-0.0016069601441062583,0.14407413469235864,-0.26599455147410367,0.18673400741986598,0.0,1.0,-1.2284349937468444,0.38474233981503664
2025-06-06 15:43:00-04:00,2025-06-06 15:46:00-04:00,2,2,0.3770708903158811,20-40%,0.0012768910795851515,0.3138259765032678,20-40%,-1.0,-20.0,stop,3,-0.0014654131867375365,0.05447522531280088,-0.26615869933740854,0.1876847050557349,0.0,1.0,-1.1476414943815207,0.2661236308949886
2025-06-09 09:36:00-04:00,2025-06-09 09:43:00-04:00,2,2,0.45334618561643364,40-60%,0.0018499821189146947,0.6035486834182339,60-80%,-1.0,-20.0,stop,7,-0.0018226277550600731,0.28059125303365734,-0.3209709586332401,0.5051416873156671,0.0,1.0,-0.9852137144597543,0.027651802116410107
2025-06-09 16:00:00-04:00,2025-06-09 16:15:00-04:00,2,2,0.33073995355023134,20-40%,0.0016598032175786093,0.5179873506181847,40-60%,0.725,14.5,timeout,15,-0.0016854434931082398,0.19375392015545917,-0.2436231625801273,0.05716529964384486,0.0,1.0,-1.0154477803501525,0.0720405944016214
2025-06-10 11:33:00-04:00,2025-06-10 11:34:00-04:00,2,2,0.8548836074417927,80-100%,0.002100169197673614,0.6964807644129553,60-80%,1.3,26.0,target,1,-0.0028950001085598876,0.9594005690974504,-0.38139982859860033,0.8551284776255497,0.0,1.0,-1.3784604172686272,0.6050053830441706
2025-06-10 11:35:00-04:00,2025-06-10 11:38:00-04:00,2,2,0.7888621794871795,60-80%,0.0023241723189966756,0.762773546178155,60-80%,-1.0,-20.0,stop,3,-0.00401655981749338,1.0,-0.48435298592477555,1.0,0.040865384615384616,0.15544871794871792,-1.7281678232994757,1.0
2025-06-10 13:41:00-04:00,2025-06-10 13:54:00-04:00,2,2,0.853800919560755,80-100%,0.001141400758798588,0.23472558577010474,20-40%,-1.0,-20.0,stop,13,-0.002035286361558214,0.4152036782430202,-0.4145583337097663,1.0,0.0,1.0,-1.7831478960120097,1.0
2025-06-10 14:01:00-04:00,2025-06-10 14:16:00-04:00,2,2,0.44551623115990424,40-60%,0.0014950107213229592,0.4348609578896014,40-60%,-0.5625,-11.25,timeout,15,-0.001661001190235299,0.17828199676797515,-0.3013343088386246,0.39141180889834326,0.0,1.0,-1.111029617744448,0.21237111897329833
2025-06-10 15:54:00-04:00,2025-06-10 15:55:00-04:00,2,2,0.6806841763299433,60-80%,0.001465636503332485,0.419425020108034,40-60%,-1.0,-20.0,stop,1,-0.0020638475443717393,0.43328284347732376,-0.3444019928984698,0.6408475590426981,0.0,1.0,-1.4081578479241437,0.6486063027997511
2025-06-11 09:47:00-04:00,2025-06-11 09:50:00-04:00,2,2,0.9380432627017697,80-100%,0.0028922136396433763,0.8761213250644996,80-100%,-1.0,-20.0,stop,3,-0.00427671389473082,1.0,-0.49942229018921136,1.0,0.0,1.0,-1.4786991652726456,0.752173050807079
2025-06-11 11:49:00-04:00,2025-06-11 11:53:00-04:00,2,2,0.8092492248424341,80-100%,0.0016958496683309283,0.5352341102579542,40-60%,-1.0,-20.0,stop,4,-0.002354599155760377,0.6173279671948863,-0.40689562504478993,1.0,0.0,1.0,-1.3884480445001923,0.6196689321748503
2025-06-11 12:11:00-04:00,2025-06-11 12:14:00-04:00,2,2,0.7385900353153296,60-80%,0.0023860328056078094,0.7785830758479437,60-80%,-1.0,-20.0,stop,3,-0.0030744334039926025,1.0,-0.31687404516108536,0.4814135322613248,0.0,1.0,-1.2885126293179496,0.47294660899999363
2025-06-11 13:49:00-04:00,2025-06-11 13:56:00-04:00,2,2,0.42339549610868177,40-60%,0.002059130253743724,0.6827633493172058,60-80%,1.3,26.0,target,7,-0.002071260903993991,0.43797548363956984,-0.267870104269016,0.19759667460401764,0.0,1.0,-1.0058911524553689,0.05800982619113978
2025-06-11 14:02:00-04:00,2025-06-11 14:03:00-04:00,2,2,1.0,80-100%,0.0024807959796905505,0.8008755235780434,80-100%,1.3,26.0,target,1,-0.004799347234561592,1.0,-0.4862615205251222,1.0,0.0,1.0,-1.9345997308332679,1.0
2025-06-11 14:04:00-04:00,2025-06-11 14:05:00-04:00,2,2,1.0,80-100%,0.002766994283183096,0.8564352301545791,80-100%,1.3,26.0,target,1,-0.005974914374056489,1.0,-0.5409386716460751,1.0,0.0,1.0,-2.159351904111296,1.0
2025-06-12 11:33:00-04:00,2025-06-12 11:36:00-04:00,2,2,0.9259811760055596,80-100%,0.0020302524753616977,0.6729137090642182,60-80%,-1.0,-20.0,stop,3,-0.003400762927742424,1.0,-0.3791612514815651,0.8421632770434202,0.006688963210702341,0.8617614269788182,-1.6750443449830368,1.0
2025-06-13 13:17:00-04:00,2025-06-13 13:19:00-04:00,2,2,0.4459225717974787,40-60%,0.0018271621817531392,0.5937825519402604,40-60%,-1.0,-20.0,stop,2,-0.0020563674026047463,0.42854793036590183,-0.2547501272692168,0.12160950751432409,0.0,1.0,-1.125443282014346,0.23353284930968896
2025-06-13 14:27:00-04:00,2025-06-13 14:28:00-04:00,2,2,0.9709149375298134,80-100%,0.002379138615539883,0.7768909243542355,60-80%,1.3,26.0,target,1,-0.00395303645456246,1.0,-0.38632605039669093,0.8836597501192538,0.0,1.0,-1.6615410420991472,1.0
2025-06-13 14:29:00-04:00,2025-06-13 14:33:00-04:00,2,2,0.8943421949556919,80-100%,0.0025232963492695017,0.8101845543927814,80-100%,1.3,26.0,target,4,-0.004834209710723433,1.0,-0.44201249304955476,1.0,0.02044989775051125,0.5773687798227675,-1.9158311357771927,1.0
2025-06-13 14:34:00-04:00,2025-06-13 14:35:00-04:00,2,2,1.0,80-100%,0.002434810469807958,0.7905160402776007,60-80%,-1.0,-20.0,stop,1,-0.005979557972096981,1.0,-0.5494742995229952,1.0,0.0,1.0,-2.4558617790766317,1.0
2025-06-13 14:37:00-04:00,2025-06-13 14:42:00-04:00,2,2,1.0,80-100%,0.002629606464979547,0.8316199383793145,80-100%,-1.0,-20.0,stop,5,-0.005637276670787997,1.0,-0.4807098935987246,1.0,0.0,1.0,-2.143771984844068,1.0
2025-06-16 13:59:00-04:00,2025-06-16 14:06:00-04:00,2,2,0.5341274574163373,40-60%,0.0013149652361531285,0.33580636512673556,20-40%,-1.0,-20.0,stop,7,-0.0017529841042602688,0.23650697688338734,-0.29618525060804507,0.36158993130453354,0.0,1.0,-1.3331030023185593,0.5384129214774281
2025-06-17 12:45:00-04:00,2025-06-17 12:50:00-04:00,2,2,0.555952828100554,40-60%,0.00143768922356083,0.40397150153172673,40-60%,1.3,26.0,target,5,-0.0018805731332681476,0.3172705486366353,-0.3036642426113582,0.4049061211901513,0.0,1.0,-1.308052604449795,0.5016346425754294
2025-06-17 12:51:00-04:00,2025-06-17 12:57:00-04:00,2,2,0.8871365476278992,80-100%,0.0015963594242124433,0.487203379028749,40-60%,1.3,26.0,target,6,-0.002622625787409588,0.7869882292511614,-0.36641495915611166,0.7683403850731725,0.0,1.0,-1.642879258662847,0.9932175761872626
2025-06-17 13:06:00-04:00,2025-06-17 13:10:00-04:00,2,2,0.8981937602627258,80-100%,0.002053545783934657,0.680728372326071,60-80%,-1.0,-20.0,stop,4,-0.004508429079734756,1.0,-0.4919915662309221,1.0,0.019704433497536946,0.5927750410509031,-2.1954363593961204,1.0
2025-06-17 13:47:00-04:00,2025-06-17 13:49:00-04:00,2,2,0.675336349175869,60-80%,0.001710215012563896,0.5416554955366757,40-60%,1.3,26.0,target,2,-0.0023870466927101526,0.637867185958731,-0.3085281801572781,0.4330766610486668,0.0,1.0,-1.3957582381010523,0.6304015496960784
2025-06-17 13:50:00-04:00,2025-06-17 13:56:00-04:00,2,2,1.0,80-100%,0.0019076264913419996,0.6267333564813797,60-80%,-1.0,-20.0,stop,6,-0.0035005286532938415,1.0,-0.41204407473326427,1.0,0.0,1.0,-1.8350178450453623,1.0
2025-06-18 09:34:00-04:00,2025-06-18 09:38:00-04:00,2,2,0.9315359305322074,80-100%,0.001481148596163922,0.42778468800682135,40-60%,-1.0,-20.0,stop,4,-0.00252650458554002,0.7261437221288295,-0.5028040291777124,1.0,0.0,1.0,-1.705773878517997,1.0
2025-06-18 13:22:00-04:00,2025-06-18 13:30:00-04:00,2,2,0.6488336916493962,60-80%,0.0014265767460289545,0.3982006056583788,20-40%,1.3,26.0,target,8,-0.0019872224845460004,0.3847793509321236,-0.3346216021576482,0.5842023236557246,0.0,1.0,-1.393000755183813,0.6263530920097365
2025-06-18 13:32:00-04:00,2025-06-18 13:40:00-04:00,2,2,1.0,80-100%,0.0014070197806909982,0.38745434487366004,20-40%,-1.0,-20.0,stop,8,-0.00305720542948952,1.0,-0.5514561814358514,1.0,0.0,1.0,-2.1728233472226686,1.0
2025-06-19 09:41:00-04:00,2025-06-19 09:47:00-04:00,2,2,0.4138339553688013,40-60%,0.0013626502633647876,0.36242368836283245,20-40%,1.3,26.0,target,6,-0.0014275840849000134,0.030529487937316534,-0.4447519175741509,1.0,0.023928215353938187,0.5054835493519442,-1.0476525952997542,0.11932278418594446
2025-06-19 09:48:00-04:00,2025-06-19 09:49:00-04:00,2,2,1.0,80-100%,0.0018591409789020738,0.6074032726649408,60-80%,1.3,26.0,target,1,-0.003993817711953106,1.0,-0.6035419094306138,1.0,0.0,1.0,-2.1482059495626187,1.0
2025-06-19 09:52:00-04:00,2025-06-19 09:56:00-04:00,2,2,0.8128608923884515,80-100%,0.0025374206396870853,0.8132348222801412,80-100%,-1.0,-20.0,stop,4,-0.004490595880825546,1.0,-0.5204757381186687,1.0,0.03622047244094488,0.25144356955380576,-1.769748306839392,1.0
2025-06-19 11:59:00-04:00,2025-06-19 12:04:00-04:00,2,2,0.3215288636220483,20-40%,0.0016289613186657524,0.5030480702880173,40-60%,-1.0,-20.0,stop,5,-0.0016671739637066658,0.18218934865432343,-0.23722771870430434,0.020124711660164975,0.0,1.0,-1.0234582887899466,0.0838013941737049
2025-06-20 10:24:00-04:00,2025-06-20 10:25:00-04:00,2,2,1.0,80-100%,0.002246648596049735,0.7418655860338167,60-80%,1.3,26.0,target,1,-0.003979065169330819,1.0,-0.4114745515347941,1.0,0.0,1.0,-1.7711115019621575,1.0
2025-06-20 10:26:00-04:00,2025-06-20 10:29:00-04:00,2,2,1.0,80-100%,0.002807258066992414,0.8630456089767538,80-100%,-1.0,-20.0,stop,3,-0.0056414029433537885,1.0,-0.5077424995786396,1.0,0.0,1.0,-2.0095776051675096,1.0
2025-06-20 13:27:00-04:00,2025-06-20 13:29:00-04:00,2,2,0.6228069566632102,60-80%,0.0021026970389854075,0.6973466185538917,60-80%,1.3,26.0,target,2,-0.00263884848936353,0.7972571635276957,-0.28041474908351893,0.27025168166806096,0.0,1.0,-1.2549827390430082,0.4237189814570843
2025-06-20 13:30:00-04:00,2025-06-20 13:38:00-04:00,2,2,0.9736252489954806,80-100%,0.002314660404190055,0.7601759837553457,60-80%,1.3,26.0,target,8,-0.003985005553417345,1.0,-0.38819790457700915,0.8945009959819225,0.0,1.0,-1.721637241559751,1.0
2025-06-20 14:57:00-04:00,2025-06-20 15:12:00-04:00,2,2,0.9791730569175837,80-100%,0.0021308022692621614,0.7066204877791501,60-80%,-0.3,-6.0,timeout,15,-0.003389587266181193,1.0,-0.4913588485532747,1.0,0.0,1.0,-1.5907563620884044,0.916692227670335
2025-06-23 09:32:00-04:00,2025-06-23 09:33:00-04:00,2,2,0.9213970076916659,80-100%,0.0020276744669408217,0.6720434597245969,60-80%,1.3,26.0,target,1,-0.0029309787175544133,0.9821749486166487,-0.4516657855543161,1.0,0.0,1.0,-1.4454878065197607,0.7034130821500145
2025-06-23 09:34:00-04:00,2025-06-23 09:35:00-04:00,2,2,1.0,80-100%,0.002280728813986107,0.7513548199946378,60-80%,1.3,26.0,target,1,-0.004209495479521942,1.0,-0.6829709638915431,1.0,0.0,1.0,-1.8456799658548024,1.0
2025-06-23 11:42:00-04:00,2025-06-23 11:44:00-04:00,2,2,0.804626013283976,80-100%,0.002336760400864739,0.7660215980063378,60-80%,-1.0,-20.0,stop,2,-0.003228754280143943,1.0,-0.3388530154120346,0.6087094631111921,0.0,1.0,-1.381722438872686,0.6097945900247119
2025-06-23 12:34:00-04:00,2025-06-23 12:36:00-04:00,2,2,1.0,80-100%,0.0021772142187351925,0.7219069888054289,60-80%,1.3,26.0,target,2,-0.00576563678186332,1.0,-0.5789440159457863,1.0,0.0,1.0,-2.6481715635739085,1.0
2025-06-23 12:37:00-04:00,2025-06-23 12:38:00-04:00,2,2,1.0,80-100%,0.0029316027548929764,0.8818175025602032,80-100%,-1.0,-20.0,both_hit_conservative_stop,1,-0.00720715774667469,1.0,-0.5936457378062604,1.0,0.0,1.0,-2.4584359987537945,1.0
2025-06-25 10:13:00-04:00,2025-06-25 10:28:00-04:00,2,2,0.555745716701894,40-60%,0.0016006797781991603,0.48920758962908917,40-60%,-0.15,-3.0,timeout,15,-0.0021188635610548965,0.4681078597465022,-0.27350410263805813,0.23022718725339356,0.0,1.0,-1.3237273250485597,0.5246478198076803
2025-06-25 11:33:00-04:00,2025-06-25 11:37:00-04:00,2,2,0.5500512570650836,40-60%,0.001598401989803431,0.48808681396442527,40-60%,-1.0,-20.0,stop,4,-0.002004554494590746,0.3957504747643332,-0.2997149437227038,0.3820329077276644,0.0,1.0,-1.2540990985861216,0.4224216457683371
2025-06-27 14:13:00-04:00,2025-06-27 14:20:00-04:00,3,2,0.3556562792168402,20-40%,0.0020498890343566946,0.6367612957627714,60-80%,1.3,26.0,target,7,-0.0024310236250487086,0.41012423691127187,-0.27342591531045773,0.4774961977078065,0.1383399209486166,0.006467840459935224,-1.1859293768121568,0.528536841788347
2025-06-27 14:42:00-04:00,2025-06-27 14:46:00-04:00,3,2,0.9591942148760331,80-100%,0.0021399659917683204,0.6669155365048134,60-80%,-1.0,-20.0,stop,4,-0.004131635497823774,1.0,-0.43971461981775967,1.0,0.022727272727272728,0.8367768595041322,-1.9307014754985314,1.0
2025-06-27 14:51:00-04:00,2025-06-27 14:54:00-04:00,3,2,0.35720077125633765,20-40%,0.002423656580107473,0.7457355421263439,60-80%,1.3,26.0,target,3,-0.002742745326855727,0.575151833234397,-0.24999455862158282,0.32896888851443423,0.1282798833819242,0.07871720116618071,-1.1316559240971773,0.44596516211033876
2025-06-27 14:58:00-04:00,2025-06-27 15:03:00-04:00,3,2,0.6038188441674166,60-80%,0.002682891290676427,0.8033869721031551,80-100%,-1.0,-20.0,stop,5,-0.0033706076312412635,0.9075464221064593,-0.2845939700919679,0.5482885614470112,0.09415584415584416,0.3237898465171192,-1.2563340314811806,0.6356505465990769
2025-07-01 10:43:00-04:00,2025-07-01 10:47:00-04:00,3,2,0.9966502713704206,80-100%,0.0023833332526854525,0.7355772609092825,60-80%,1.3,26.0,target,4,-0.004300249590452528,1.0,-0.4152284892865954,1.0,0.0018656716417910447,0.9866010854816825,-1.8043005885170127,1.0
2025-07-01 10:56:00-04:00,2025-07-01 10:59:00-04:00,3,2,0.763755980861244,60-80%,0.0022217558306947406,0.6917161478462511,60-80%,1.3,26.0,target,3,-0.0036899021496376,1.0,-0.36824175274954785,1.0,0.13157894736842105,0.05502392344497608,-1.6608045306597763,1.0
2025-07-01 11:14:00-04:00,2025-07-01 11:19:00-04:00,3,2,0.9910567813168034,80-100%,0.0031747769721111223,0.8778019815894877,80-100%,-1.0,-20.0,stop,5,-0.004696238152609809,1.0,-0.3541916689004176,0.9894563123087371,0.0,1.0,-1.4792340356075357,0.9747708129584762
2025-07-01 16:16:00-04:00,2025-07-01 16:31:00-04:00,3,2,0.5265700548846077,40-60%,0.0012974583361469406,0.30844195769798327,20-40%,-0.4,-8.0,timeout,15,-0.0016925311687555798,0.01916129060904666,-0.3238509600017753,0.7971318169083335,0.058333333333333334,0.581060606060606,-1.304497509940771,0.7089265059604445
2025-07-07 10:56:00-04:00,2025-07-07 11:11:00-04:00,3,2,0.7735994890580414,60-80%,0.0013632808085312764,0.3414684491602839,20-40%,0.075,1.5,timeout,15,-0.0022623961157847007,0.32085168268589204,-0.3771449472464206,1.0,0.03153153153153153,0.7735462735462736,-1.659523189666318,1.0
2025-07-07 13:51:00-04:00,2025-07-07 14:06:00-04:00,3,2,0.24605528824026976,20-40%,0.0018484194673434897,0.5633037031831917,40-60%,-0.45,-9.0,timeout,15,-0.0019568954707928814,0.15911755629716845,-0.2509578474861465,0.3350750096805858,0.11764705882352941,0.15508021390374327,-1.0586858152956435,0.3349483730795816
2025-07-09 10:43:00-04:00,2025-07-09 10:49:00-04:00,3,2,0.8497680890538033,80-100%,0.0024250509903720346,0.7461176305249104,60-80%,1.3,26.0,target,6,-0.0050351182976240885,1.0,-0.4945095212178272,1.0,0.0836734693877551,0.3990723562152133,-2.076293784177971,1.0
2025-07-09 10:53:00-04:00,2025-07-09 11:08:00-04:00,3,2,1.0,80-100%,0.002788906759964124,0.8223772046939779,80-100%,0.55,11.0,timeout,15,-0.005350194381207496,1.0,-0.44934355123955555,1.0,0.0,1.0,-1.9183840987485432,1.0
2025-07-09 11:11:00-04:00,2025-07-09 11:22:00-04:00,3,2,0.30203353701453806,20-40%,0.002190385471175822,0.6829939919893191,60-80%,-1.0,-20.0,stop,11,-0.002269664733761428,0.3246997386484281,-0.24280097042285712,0.28336997963395877,0.0975609756097561,0.2993348115299334,-1.0361942058276383,0.300729618245832
2025-07-10 09:58:00-04:00,2025-07-10 10:00:00-04:00,3,2,1.0,80-100%,0.0022175341797366966,0.6905083971611271,60-80%,1.3,26.0,target,2,-0.004391358327796365,1.0,-0.5314732395726695,1.0,0.0,1.0,-1.980288902837918,1.0
2025-07-10 10:07:00-04:00,2025-07-10 10:11:00-04:00,3,2,1.0,80-100%,0.0027010718451326156,0.8068565104349659,80-100%,-1.0,-20.0,stop,4,-0.005198303087110151,1.0,-0.47660287873928686,1.0,0.0,1.0,-1.9245334390040736,1.0
2025-07-10 10:26:00-04:00,2025-07-10 10:29:00-04:00,3,2,0.5211000165155852,40-60%,0.002697754626554913,0.8062065209753355,80-100%,-1.0,-20.0,stop,3,-0.0027410865245852084,0.5742736519916664,-0.2359630574257115,0.2400256342147012,0.0,1.0,-1.0160622087730904,0.2701007798559734
2025-07-11 16:20:00-04:00,2025-07-11 16:35:00-04:00,3,2,0.7932128457378622,60-80%,0.0012129168185589653,0.2615065701637271,20-40%,-0.425,-8.5,timeout,15,-0.001982837385432493,0.17285138295144864,-0.43460990441376235,1.0,0.0,1.0,-1.6347678217441575,1.0
2025-07-15 09:59:00-04:00,2025-07-15 10:07:00-04:00,3,2,0.4694320264435742,40-60%,0.0026467931217054454,0.7961360761717378,60-80%,-1.0,-20.0,stop,8,-0.0026620765116216654,0.5324452119143547,-0.212426920383701,0.09083414052214679,0.0,1.0,-1.00577430468248,0.2544487533377953
2025-07-15 10:57:00-04:00,2025-07-15 11:04:00-04:00,3,2,0.8838525441898304,80-100%,0.0021423822800593073,0.6677236315086782,60-80%,-1.0,-20.0,stop,7,-0.003014806559210529,0.7191829063613351,-0.348127450800007,0.9510162847518447,0.0,1.0,-1.4072215716455003,0.8652109856461419
2025-07-15 13:16:00-04:00,2025-07-15 13:21:00-04:00,3,2,0.5101259342253965,40-60%,0.0016979414778635754,0.5007422176937671,40-60%,-1.0,-20.0,stop,5,-0.0019905561069422342,0.176937726796154,-0.31332590640053504,0.7304153262131763,0.05217391304347826,0.625296442687747,-1.1723349319711769,0.507854241204509
2025-07-15 15:14:00-04:00,2025-07-15 15:29:00-04:00,3,2,0.59067614527704,40-60%,0.001274735059445224,0.29617560255779635,20-40%,0.825,16.5,timeout,15,-0.002127333856907274,0.2493488010857134,-0.3963076456073089,1.0,0.12345679012345678,0.11335578002244669,-1.6688439226211509,1.0
2025-07-15 16:09:00-04:00,2025-07-15 16:24:00-04:00,3,2,0.6921603500631034,60-80%,0.0015229089367028324,0.42088574239336657,40-60%,1.125,22.5,timeout,15,-0.0025679676244002828,0.48262332476065395,-0.4218201315987355,1.0,0.09941520467836257,0.2860180754917597,-1.6862253300319128,1.0
2025-07-15 16:25:00-04:00,2025-07-15 16:40:00-04:00,3,2,0.7692995397036125,60-80%,0.0014020415315976506,0.36178501159440657,20-40%,-0.1,-2.0,timeout,15,-0.0030149923047071356,0.7192812412948836,-0.5888791955535994,1.0,0.08940397350993377,0.3579169175195665,-2.1504300955132902,1.0
2025-07-16 09:47:00-04:00,2025-07-16 09:51:00-04:00,3,2,0.29323967508889487,20-40%,0.0021180538934643476,0.6595284941325276,60-80%,1.3,26.0,target,4,-0.0020182070307052345,0.19157631454371768,-0.27648596827366123,0.4968933431078258,0.096,0.3105454545454545,-0.9528591491145673,0.17394358815858157
2025-07-16 10:03:00-04:00,2025-07-16 10:11:00-04:00,3,2,0.31739258466683185,20-40%,0.0027168803633010846,0.8097551120792635,80-100%,-1.0,-20.0,stop,8,-0.0028721590707954407,0.6436643524775039,-0.2351965633863399,0.23516696133919182,0.13114754098360656,0.05812220566318917,-1.057153310683761,0.33261681918744246
2025-07-18 10:16:00-04:00,2025-07-18 10:27:00-04:00,3,2,0.48309841406773046,40-60%,0.0018672194895807312,0.5706643946314384,40-60%,1.3,26.0,target,11,-0.0020745256830579963,0.22139179345345308,-0.24486067891590216,0.2964261148060193,0.0,1.0,-1.111024009032711,0.4145757480114494
2025-07-18 10:38:00-04:00,2025-07-18 10:43:00-04:00,3,2,0.3128895994973608,20-40%,0.001949001883144159,0.6007527580633828,60-80%,-1.0,-20.0,stop,5,-0.0020135897711233116,0.18913190580994144,-0.22391217880171915,0.1636372031390333,0.05531914893617021,0.6027079303675048,-1.0331389561691744,0.29608135867296353
2025-07-22 10:03:00-04:00,2025-07-22 10:06:00-04:00,3,2,0.9460382513661202,80-100%,0.003315038116976233,0.8927297800576207,80-100%,-1.0,-20.0,stop,3,-0.006928689917236944,1.0,-0.4649171020161227,1.0,0.030054644808743168,0.7841530054644809,-2.0900785067161927,1.0
2025-07-22 16:11:00-04:00,2025-07-22 16:26:00-04:00,3,2,0.3628759860163122,20-40%,0.0017869017610422715,0.5380639097744361,40-60%,0.375,7.5,timeout,15,-0.0019288848491842805,0.1442885420553377,-0.3014421702639043,0.6550863823976504,0.09947643979057591,0.28557829604950025,-1.0794576910927618,0.3665507235627605
2025-07-22 16:27:00-04:00,2025-07-22 16:42:00-04:00,3,2,0.24406095529902103,20-40%,0.0017800898948683514,0.5352180099782166,40-60%,-0.0625,-1.25,timeout,15,-0.001676658465258574,0.010758173052341637,-0.26991371685363,0.4552329803844402,0.09009009009009009,0.35298935298935297,-0.941895389717143,0.1572633147699493
2025-07-23 10:00:00-04:00,2025-07-23 10:15:00-04:00,3,2,0.8563205234634346,80-100%,0.0031348351532779163,0.873423336378329,80-100%,0.775,15.5,timeout,15,-0.004017700133455243,1.0,-0.3165962677409723,0.7511455799682141,0.0,1.0,-1.2816304325457644,0.6741365138855241
2025-07-23 12:25:00-04:00,2025-07-23 12:40:00-04:00,3,2,0.24067429274214547,20-40%,0.0019521409949808178,0.6017980113835992,60-80%,-0.225,-4.5,timeout,15,-0.0021069051048623827,0.23853368033439457,-0.25258423139263436,0.3453843753973706,0.1375,0.012499999999999867,-1.079279165941129,0.3662791152368169
2025-07-24 10:18:00-04:00,2025-07-24 10:19:00-04:00,3,2,1.0,80-100%,0.0022802066320808303,0.7079307497716253,60-80%,-1.0,-20.0,stop,1,-0.003973730412812055,1.0,-0.41321551465815437,1.0,0.0,1.0,-1.7427062779770004,1.0
2025-07-29 10:18:00-04:00,2025-07-29 10:33:00-04:00,3,2,0.16385552352588068,00-20%,0.002357133523687835,0.7286689269903731,60-80%,-0.1,-2.0,timeout,15,-0.0021698400859760385,0.2718518888441688,-0.21252703291873426,0.09146873653135168,0.11594202898550725,0.16732542819499335,-0.9205418633142309,0.124776040533009
2025-07-29 12:26:00-04:00,2025-07-29 12:41:00-04:00,3,2,0.7694128477408235,60-80%,0.000997239180181634,0.1537049399198932,00-20%,0.6,12.0,timeout,15,-0.0018030135003626508,0.07765139096329435,-0.43576320050352846,1.0,0.0,1.0,-1.8080050766098619,1.0
2025-07-30 11:21:00-04:00,2025-07-30 11:26:00-04:00,3,2,0.6071799597025381,60-80%,0.0012928261377796505,0.3061318600238915,20-40%,-1.0,-20.0,stop,5,-0.001781241193667333,0.06612498321077102,-0.33734691987052123,0.8826803675493768,0.04741379310344827,0.6594827586206896,-1.3777886613017474,0.820431729429315
2025-07-31 10:27:00-04:00,2025-07-31 10:29:00-04:00,3,2,0.6903960012004018,60-80%,0.0023246167259021364,0.7197667064858407,60-80%,-1.0,-20.0,stop,2,-0.002794801421679337,0.6027106850978049,-0.2936173184236758,0.6054860026971545,0.0,1.0,-1.2022633195993766,0.553387317006648
2025-07-31 10:34:00-04:00,2025-07-31 10:46:00-04:00,3,2,0.5180730288816804,40-60%,0.0023928565825281673,0.7382430960579017,60-80%,1.3,26.0,target,12,-0.0025465852271685796,0.4713033377391575,-0.25521269287539317,0.36204573720139904,0.014545454545454545,0.8955371900826447,-1.0642448217594347,0.34340585050352024
2025-07-31 10:56:00-04:00,2025-07-31 11:00:00-04:00,3,2,0.7230440432130258,60-80%,0.002650807822211755,0.7969134284308903,60-80%,1.3,26.0,target,4,-0.0032670785621472047,0.8527374263800712,-0.3020645183040172,0.6590313387656113,0.03048780487804878,0.7810421286031042,-1.2324841260734065,0.5993652791033168
2025-07-31 11:01:00-04:00,2025-07-31 11:04:00-04:00,3,2,0.7733892321270962,60-80%,0.0024984947075525963,0.7639440306373411,60-80%,-1.0,-20.0,stop,3,-0.00395284086559916,1.0,-0.39473879464184547,1.0,0.1262135922330097,0.09355692850838478,-1.5820889488579988,1.0
2025-07-31 11:08:00-04:00,2025-07-31 11:12:00-04:00,3,2,0.18373028961244664,00-20%,0.002544318428704882,0.7745898039491251,60-80%,1.3,26.0,target,4,-0.002346809521447146,0.3655407157341794,-0.22425271064600186,0.16579577548281826,0.1286549707602339,0.07602339181286549,-0.9223725674312421,0.1275612754199233
2025-07-31 11:13:00-04:00,2025-07-31 11:16:00-04:00,3,2,0.722217261664968,60-80%,0.0026057175300839086,0.7877389150446209,60-80%,1.3,26.0,target,3,-0.0033458400481055635,0.8944342945647324,-0.31271075171204377,0.7265159672544748,0.05707196029776675,0.5901195578614934,-1.2840378933927736,0.6777992269791713
2025-07-31 11:17:00-04:00,2025-07-31 11:19:00-04:00,3,2,1.0,80-100%,0.00242831246781304,0.7469389009907947,60-80%,-1.0,-20.0,stop,2,-0.004327840133511848,1.0,-0.4130203768895785,1.0,0.0,1.0,-1.782241861735998,1.0
2025-07-31 13:01:00-04:00,2025-07-31 13:15:00-04:00,3,2,0.3889430055277756,20-40%,0.0013580779546673396,0.3389211931698405,20-40%,1.3,26.0,target,14,-0.001702711251624702,0.024550695955298477,-0.278892122528744,0.5121455379233872,0.08530805687203792,0.38733304610081853,-1.253765474782175,0.6317427421315981
2025-07-31 13:56:00-04:00,2025-07-31 14:01:00-04:00,3,2,0.7994362202534535,60-80%,0.002754211430203555,0.8165316913779777,80-100%,-1.0,-20.0,stop,5,-0.003573410136393434,1.0,-0.27690718741258236,0.4995633782285155,0.0,1.0,-1.2974349380756633,0.6981815027852988
2025-07-31 14:07:00-04:00,2025-07-31 14:14:00-04:00,3,2,1.0,80-100%,0.0027313069032724167,0.8126317546201953,80-100%,-1.0,-20.0,stop,7,-0.004317809542513666,1.0,-0.3595498208138631,1.0,0.0,1.0,-1.580858429838272,1.0
2025-07-31 14:15:00-04:00,2025-07-31 14:17:00-04:00,3,2,1.0,80-100%,0.0031328773504420717,0.8731598271379383,80-100%,1.3,26.0,target,2,-0.005301003081801679,1.0,-0.372817823524654,1.0,0.0,1.0,-1.6920557330639416,1.0
2025-07-31 15:15:00-04:00,2025-07-31 15:27:00-04:00,3,2,0.4668338481844645,40-60%,0.001974442087070614,0.6101336870212916,60-80%,1.3,26.0,target,12,-0.002058807350933499,0.21307040115488216,-0.25230176178096825,0.34359384948345356,0.0,1.0,-1.0427286596124243,0.31067114209952224
2025-07-31 15:37:00-04:00,2025-07-31 15:42:00-04:00,3,2,0.5730386322489813,40-60%,0.002412354146954519,0.7427974140959877,60-80%,-1.0,-20.0,stop,5,-0.0026251812696957656,0.512912619042265,-0.2610984252100891,0.39935437442255795,0.0,1.0,-1.0882238302406513,0.37988753553110244
2025-07-31 16:11:00-04:00,2025-07-31 16:18:00-04:00,3,2,0.12224902033425818,00-20%,0.0026388494038038857,0.7944935352399691,60-80%,1.3,26.0,target,7,-0.0022948888563167394,0.3380535612746115,-0.20039308233574424,0.014553726704688734,0.12684365781710916,0.08903191204076147,-0.8696551053685257,0.04735688131697097
2025-07-31 16:19:00-04:00,2025-07-31 16:31:00-04:00,3,2,0.37058355798598086,20-40%,0.0025181366965768993,0.7685290914201391,60-80%,-1.0,-20.0,stop,12,-0.0024234551850672035,0.4061174531332311,-0.22860225086619407,0.1933667571255597,0.0425531914893617,0.6943907156673114,-0.9624001700787714,0.18845930601782124
2025-08-01 11:05:00-04:00,2025-08-01 11:08:00-04:00,3,2,0.3965013040849015,20-40%,0.0037017714673098757,0.9225107160424425,80-100%,-1.0,-20.0,stop,3,-0.0036018410440360176,1.0,-0.23571149787141454,0.2384310417974661,0.11933174224343675,0.14298112388804513,-0.9730047021658853,0.20459305065409444
2025-08-01 12:53:00-04:00,2025-08-01 12:56:00-04:00,3,2,0.9669063160010674,80-100%,0.0022170276512669153,0.6903854261822782,60-80%,1.3,26.0,target,3,-0.0034291833390959164,0.9385568016024733,-0.35795694377826914,1.0,0.009876543209876543,0.9290684624017957,-1.5467481143666917,1.0
2025-08-01 13:02:00-04:00,2025-08-01 13:17:00-04:00,3,2,1.0,80-100%,0.0023586128846531823,0.7290246644649006,60-80%,0.875,17.5,timeout,15,-0.00516355938486334,1.0,-0.5034388577493245,1.0,0.0,1.0,-2.189235638650641,1.0
2025-08-01 13:18:00-04:00,2025-08-01 13:31:00-04:00,3,2,0.9862592764378478,80-100%,0.002287222901518349,0.7098016653783993,60-80%,-1.0,-20.0,stop,13,-0.004070583674805887,1.0,-0.41706060116227733,1.0,0.007653061224489796,0.9450371057513914,-1.7797057174023891,1.0
2025-08-01 13:39:00-04:00,2025-08-01 13:41:00-04:00,3,2,0.6012961574271194,60-80%,0.002148820763274218,0.6696735998875694,60-80%,-1.0,-20.0,stop,2,-0.0024726654752488877,0.43216971659762876,-0.276670607803702,0.49806374108912177,0.0,1.0,-1.150708108144496,0.4749511720217272
2025-08-01 15:04:00-04:00,2025-08-01 15:07:00-04:00,3,2,0.3283872623442429,20-40%,0.002210919661300085,0.6886374815543532,60-80%,-1.0,-20.0,stop,3,-0.002021337016137586,0.19323335019260912,-0.21913512727909007,0.13335630144156235,0.017857142857142856,0.8717532467532468,-0.9142516806553618,0.11520615098955354
2025-08-04 11:20:00-04:00,2025-08-04 11:27:00-04:00,3,2,0.341761220697708,20-40%,0.0021696033653758433,0.6764413955449371,60-80%,-1.0,-20.0,stop,7,-0.0021292751646412615,0.250376542648801,-0.25302018097846163,0.3481477842680841,0.0625,0.5511363636363636,-0.981412178198942,0.21738419223758326
2025-08-05 10:16:00-04:00,2025-08-05 10:23:00-04:00,3,2,0.6308664353491391,60-80%,0.0025666478300214197,0.7792539175040405,60-80%,1.3,26.0,target,7,-0.002999477864974299,0.7110677910199488,-0.25361615234089946,0.3519255434475697,0.005813953488372093,0.958245243128964,-1.1686363161670168,0.502227163800074
2025-08-05 10:24:00-04:00,2025-08-05 10:32:00-04:00,3,2,0.891178642439572,80-100%,0.002778014865869122,0.8205018972665308,80-100%,1.3,26.0,target,8,-0.004060248248283288,1.0,-0.3169357694422145,0.753297622413798,0.019002375296912115,0.8635283955949038,-1.4615646223379763,0.9478885517495864
2025-08-05 10:33:00-04:00,2025-08-05 10:38:00-04:00,3,2,0.7980924200965372,60-80%,0.0026836027298627143,0.8035275103646968,80-100%,1.3,26.0,target,5,-0.0036655662009391406,1.0,-0.2925594432198658,0.5987803151191542,0.029069767441860465,0.7912262156448203,-1.3659123834348839,0.8023631496221745
2025-08-05 10:39:00-04:00,2025-08-05 10:44:00-04:00,3,2,1.0,80-100%,0.0023496051188569484,0.7265652448879207,60-80%,1.3,26.0,target,5,-0.004322023248304098,1.0,-0.40119857268909676,1.0,0.0,1.0,-1.8394679231915807,1.0
2025-08-05 10:55:00-04:00,2025-08-05 10:58:00-04:00,3,2,0.7988370325326847,60-80%,0.002719101089302905,0.8102250368912937,80-100%,-1.0,-20.0,stop,3,-0.005197719649747556,1.0,-0.43427019604492284,1.0,0.11204013377926421,0.19534813013073882,-1.911558077114409,1.0
2025-08-05 11:42:00-04:00,2025-08-05 11:43:00-04:00,3,2,0.41807826175456025,40-60%,0.0029597727549173277,0.8504101960508749,80-100%,-1.0,-20.0,stop,1,-0.0026438255670590844,0.5227830373069096,-0.2085519599159295,0.06627143768121167,0.0,1.0,-0.8932528899952428,0.08325857203011987
2025-08-05 14:27:00-04:00,2025-08-05 14:31:00-04:00,3,2,0.8824352082710786,80-100%,0.001480503083157004,0.40068336729674653,40-60%,1.3,26.0,target,4,-0.0026569681928312705,0.5297408330843142,-0.3988082929505081,1.0,0.0,1.0,-1.7946387434503606,1.0
2025-08-05 14:40:00-04:00,2025-08-05 14:49:00-04:00,3,2,0.7510669809651714,60-80%,0.0019024778678398092,0.5840594476846321,40-60%,1.3,26.0,target,9,-0.0029331413003954683,0.6759487610091491,-0.35622528089444777,1.0,0.09352517985611511,0.3283191628515369,-1.541747922526919,1.0
2025-08-05 14:56:00-04:00,2025-08-05 14:58:00-04:00,3,2,0.6916766728316208,60-80%,0.002215501448493272,0.6898979340875553,60-80%,-1.0,-20.0,stop,2,-0.0028011666933849483,0.6060805033794046,-0.295472347356254,0.6172447096081595,0.014545454545454545,0.8955371900826447,-1.2643488431433787,0.6478442882562745
2025-08-05 16:38:00-04:00,2025-08-05 16:53:00-04:00,3,2,0.2605460991162791,20-40%,0.001640937735330066,0.4749534467008643,40-60%,-0.3125,-6.25,timeout,15,-0.001747206238849044,0.048106645853862734,-0.24382337551346417,0.28985082831164427,0.0891089108910891,0.36003600360036003,-1.0647608384102414,0.34419091869924917
2025-08-06 10:33:00-04:00,2025-08-06 10:35:00-04:00,3,2,0.2149959527376781,20-40%,0.0027509704816986425,0.8159563628697913,80-100%,-1.0,-20.0,stop,2,-0.0025837491370466615,0.49097816525869287,-0.20753188179989293,0.059805339292043576,0.11751662971175167,0.15601693207014705,-0.9392136899452564,0.15318337432982887
2025-08-07 10:26:00-04:00,2025-08-07 10:29:00-04:00,3,2,0.7232697013241015,60-80%,0.0031934416123346183,0.8797387745063594,80-100%,-1.0,-20.0,stop,3,-0.0037262546553945798,1.0,-0.26018674478221154,0.39357539019237014,0.0,1.0,-1.1668460262439055,0.499503415104036
2025-08-07 10:31:00-04:00,2025-08-07 10:33:00-04:00,3,2,0.7452785326420122,60-80%,0.0033986704301290187,0.9004418171597217,80-100%,-1.0,-20.0,stop,2,-0.004347223952931488,1.0,-0.2747675531283527,0.48600060731796885,0.024390243902439025,0.8248337028824834,-1.2790954705091722,0.6702798203675966
2025-08-07 10:38:00-04:00,2025-08-07 10:40:00-04:00,3,2,0.43301222746092877,40-60%,0.003160564496935815,0.8761726161197386,80-100%,-1.0,-20.0,stop,2,-0.0031250187652273206,0.7775300003845804,-0.21762636203926766,0.12379250006843429,0.05539358600583091,0.6021733368672143,-0.988753359805517,0.22855307252348583
2025-08-07 11:14:00-04:00,2025-08-07 11:18:00-04:00,3,2,0.4039038199231704,40-60%,0.0026423460298811673,0.795231361113063,60-80%,-1.0,-20.0,stop,4,-0.0023917485716286623,0.3893317555928389,-0.21780233223128825,0.12490794461849182,0.0,1.0,-0.9051609988174883,0.10137557948135104
2025-08-07 11:50:00-04:00,2025-08-07 11:52:00-04:00,3,2,0.4465612346804399,40-60%,0.0026227020231293276,0.791265547045183,60-80%,-1.0,-20.0,stop,2,-0.0025621811292115965,0.4795599147170522,-0.21326219709506272,0.09612881483476772,0.0,1.0,-0.9769242203712035,0.21055620916993975
2025-08-07 12:07:00-04:00,2025-08-07 12:09:00-04:00,3,2,0.2399944870063592,20-40%,0.002338801088155508,0.7235700231888131,60-80%,-1.0,-20.0,stop,2,-0.0020631024697882468,0.21534426638919932,-0.20886822101460414,0.0682761619749179,0.05429864253393665,0.6100370218017277,-0.8821196809923283,0.06632049785959178
2025-08-07 13:31:00-04:00,2025-08-07 13:44:00-04:00,3,2,0.5378491168650601,40-60%,0.0030405050868011364,0.8617059588222894,80-100%,-1.0,-20.0,stop,13,-0.0030919352346092635,0.7600153534923969,-0.21702536667936254,0.11998289463970584,0.0,1.0,-1.01691500140269,0.27139821932813785
2025-08-07 14:14:00-04:00,2025-08-07 14:29:00-04:00,3,2,0.547969032788688,40-60%,0.002637366061629371,0.7941773241515002,60-80%,-1.0,-20.0,stop,15,-0.0027641102302029498,0.5864625588740602,-0.24331616896077596,0.2866357338774498,0.0,1.0,-1.0480571015216886,0.31877783840324225
2025-08-08 11:02:00-04:00,2025-08-08 11:07:00-04:00,3,2,0.5801175194012578,40-60%,0.0013905322362955323,0.355882404609655,20-40%,-1.0,-20.0,stop,5,-0.0017485144672158264,0.04879923087941704,-0.2981682748368508,0.6343337266800404,0.0,1.0,-1.2574425975725538,0.6373371200455735
2025-08-08 11:46:00-04:00,2025-08-08 11:48:00-04:00,3,2,0.7168424510819846,60-80%,0.0015544433388914255,0.43597164640573394,40-60%,-1.0,-20.0,stop,2,-0.002495432378089888,0.44422267033743096,-0.38805573887650724,1.0,0.08032128514056225,0.42314713399050746,-1.6053543513972937,1.0
2025-08-13 10:03:00-04:00,2025-08-13 10:18:00-04:00,3,2,0.6181874261567122,60-80%,0.0024059243878831954,0.7413173705291266,60-80%,0.0125,0.25,timeout,15,-0.0026099826204095313,0.5048663503849157,-0.2916762916959492,0.5931821706668682,0.0,1.0,-1.0848148984041317,0.37470118357506466
2025-08-13 10:24:00-04:00,2025-08-13 10:29:00-04:00,3,2,0.6024786850746611,60-80%,0.0025101324214797265,0.766680134916731,60-80%,1.3,26.0,target,5,-0.002967648711911351,0.6942172201661073,-0.28319802113388476,0.5394398829317879,0.04827586206896552,0.6532915360501568,-1.1822677905422687,0.5229661011505924
2025-08-13 11:09:00-04:00,2025-08-13 11:17:00-04:00,3,2,0.5266495929620543,40-60%,0.0014337144106735449,0.37756043145246293,20-40%,1.3,26.0,target,8,-0.0017186704997811948,0.03299963084537156,-0.2810069265964981,0.5255509143949874,0.0,1.0,-1.1987537315564682,0.5480478266078583
2025-08-14 11:38:00-04:00,2025-08-14 11:47:00-04:00,3,2,0.702859256317915,60-80%,0.002022039674337241,0.6273057058534186,60-80%,-1.0,-20.0,stop,9,-0.002949522329223255,0.6846209894651039,-0.3545700907119097,0.9918550625880025,0.11258278145695365,0.19145093317278739,-1.4586866749733842,0.9435100400457663
2025-08-14 14:31:00-04:00,2025-08-14 14:46:00-04:00,3,2,0.8153151273052625,80-100%,0.0013712507953053024,0.34577682524067177,20-40%,-0.775,-15.5,timeout,15,-0.00214983396000582,0.2612605092210498,-0.36452394867331334,1.0,0.0,1.0,-1.5677904927137487,1.0
2025-08-14 16:07:00-04:00,2025-08-14 16:22:00-04:00,3,2,0.3017297827220934,20-40%,0.0016694702625795813,0.4880147213828965,40-60%,0.2125,4.25,timeout,15,-0.0016597684233249132,0.0018164695843090448,-0.23918075420637183,0.2604220564525381,0.04067796610169491,0.7078582434514638,-0.9941886720164291,0.2368223614000627
2025-08-15 09:51:00-04:00,2025-08-15 09:54:00-04:00,3,2,0.7787446024641218,60-80%,0.0032617781085165173,0.8872575714988405,80-100%,1.3,26.0,target,3,-0.004610456119520478,1.0,-0.44172963790751346,1.0,0.10578842315369262,0.24024677916893478,-1.4134793864372799,0.8747316306875528
2025-08-15 10:48:00-04:00,2025-08-15 11:03:00-04:00,3,2,0.48360796142337215,40-60%,0.0021691675549719357,0.6763008572833954,60-80%,0.05,1.0,timeout,15,-0.0022915638383777643,0.33629327408568793,-0.24015996448224858,0.26662910068568424,0.0,1.0,-1.056425462904092,0.33150947092211647
2025-08-15 11:06:00-04:00,2025-08-15 11:17:00-04:00,3,2,0.3754472480864579,20-40%,0.0018402836626040904,0.5599922703956152,40-60%,-1.0,-20.0,stop,11,-0.0021796132620085337,0.27702587493412006,-0.253542882581154,0.3514610991388282,0.09090909090909091,0.3471074380165289,-1.1843898341869077,0.5261945802563546
2025-08-19 09:51:00-04:00,2025-08-19 09:53:00-04:00,3,2,0.9624884874200952,80-100%,0.0028924319501433004,0.8399488792073642,80-100%,-1.0,-20.0,stop,2,-0.004041286513912311,1.0,-0.4580911379149639,1.0,0.0,1.0,-1.3971932904807294,0.8499539496803808
2025-08-19 10:38:00-04:00,2025-08-19 10:44:00-04:00,3,2,1.0,80-100%,0.0024510537129425105,0.7525296887077507,60-80%,1.3,26.0,target,6,-0.004336381110172021,1.0,-0.4034047010166192,1.0,0.0,1.0,-1.769190567825688,1.0
2025-08-19 10:45:00-04:00,2025-08-19 11:00:00-04:00,3,2,1.0,80-100%,0.0025088649818456395,0.7663507483662427,60-80%,1.3,26.0,target,15,-0.005147203451626051,1.0,-0.46070058560330257,1.0,0.0,1.0,-2.0516063992568965,1.0
2025-08-19 12:13:00-04:00,2025-08-19 12:17:00-04:00,3,2,0.49994926507591564,40-60%,0.001577285387592231,0.44673599887569393,40-60%,-1.0,-20.0,stop,4,-0.0018715109591313306,0.11391441310551173,-0.25432487338311566,0.35641800330667267,0.0,1.0,-1.1865392108832271,0.5294646438914783
2025-08-19 12:32:00-04:00,2025-08-19 12:41:00-04:00,3,2,0.41611567758446627,40-60%,0.0014321118951469375,0.3767699037312908,20-40%,1.3,26.0,target,9,-0.0018819180317781957,0.11942398838922279,-0.28857873489144753,0.5735472949166008,0.10471204188481675,0.247977153736316,-1.3140858882295,0.7235142732957255
2025-08-19 13:00:00-04:00,2025-08-19 13:06:00-04:00,3,2,0.41371879645150345,40-60%,0.0018045662347583767,0.5454948703534537,40-60%,1.3,26.0,target,6,-0.0021248458628486625,0.24803164005143602,-0.28969320757424133,0.5806117441050456,0.096,0.3105454545454545,-1.1774828886417517,0.5156863471040778
2025-08-19 13:08:00-04:00,2025-08-19 13:23:00-04:00,3,2,0.6860550175246809,60-80%,0.0020754378617029727,0.645544937109128,60-80%,-0.7375,-14.75,timeout,15,-0.002574594256024985,0.48613150876710604,-0.30009043444719186,0.646517963323055,0.0,1.0,-1.2405065473328294,0.6115705980085627
2025-08-20 10:31:00-04:00,2025-08-20 10:42:00-04:00,3,2,0.39860048714987256,20-40%,0.003998477334273057,0.940012121425058,80-100%,1.3,26.0,target,11,-0.004093619362013383,1.0,-0.22473151948759598,0.168830861747957,0.11923076923076924,0.14370629370629362,-1.023794564727131,0.28186479314523954
2025-08-20 10:55:00-04:00,2025-08-20 11:01:00-04:00,3,2,0.7363558883170659,60-80%,0.003025076305400292,0.8596505867472419,80-100%,-1.0,-20.0,stop,6,-0.0040912424048632065,1.0,-0.30969315694947036,0.7073879570298751,0.0757238307349666,0.45616521563069445,-1.352442712786987,0.7818703806076938
2025-08-20 14:08:00-04:00,2025-08-20 14:11:00-04:00,3,2,0.6094113104033665,60-80%,0.0020794333877141593,0.6468844424144473,60-80%,-1.0,-20.0,stop,3,-0.0027054499177142886,0.5554073891074065,-0.3360959643557906,0.8747507773429434,0.09693877551020408,0.3038033395176252,-1.3010514949403045,0.703683735645491
2025-08-20 14:17:00-04:00,2025-08-20 14:23:00-04:00,3,2,0.8351113172541744,80-100%,0.0024263465587049354,0.7464206661513597,60-80%,1.3,26.0,target,6,-0.0037457562130419004,1.0,-0.3816916489246594,1.0,0.09183673469387756,0.3404452690166975,-1.543784501683552,1.0
2025-08-20 16:20:00-04:00,2025-08-20 16:35:00-04:00,3,2,0.612006602300875,60-80%,0.0013605836084616334,0.3402123884477549,20-40%,-0.25,-5.0,timeout,15,-0.001710505330820173,0.028676934673117892,-0.321527567334302,0.7824042334533271,0.0,1.0,-1.257185019856431,0.6369452410770549
2025-08-21 11:15:00-04:00,2025-08-21 11:18:00-04:00,3,2,0.565934636390087,40-60%,0.002625378899916851,0.7918189164500035,60-80%,-1.0,-20.0,stop,3,-0.002843364244256923,0.6284201747938636,-0.239639924191593,0.2633326554107128,0.0,1.0,-1.0830300511468938,0.37198571535577174
2025-08-21 11:56:00-04:00,2025-08-21 12:11:00-04:00,3,2,0.9490642625895938,80-100%,0.002071854145362554,0.6442757009345794,60-80%,0.9,18.0,timeout,15,-0.0031603924119247267,0.7962570503583752,-0.3716624524793152,1.0,0.0,1.0,-1.5253932903523424,1.0
2025-08-21 12:12:00-04:00,2025-08-21 12:14:00-04:00,3,2,1.0,80-100%,0.0021221941423843435,0.6608152975897689,60-80%,-1.0,-20.0,stop,2,-0.004657002864042036,1.0,-0.4986200980819075,1.0,0.0,1.0,-2.1944282905284838,1.0
2025-08-21 13:17:00-04:00,2025-08-21 13:32:00-04:00,3,2,0.34893238969843,20-40%,0.002249822090916698,0.6995291968238353,60-80%,-1.0,-20.0,stop,15,-0.0020605164919783904,0.21397523208830957,-0.20821019397617424,0.06410504262010558,0.0,1.0,-0.9158575250449361,0.11764928408530484
2025-08-22 12:07:00-04:00,2025-08-22 12:14:00-04:00,3,2,0.6235371522472479,60-80%,0.001815382700568393,0.5500623638535591,40-60%,1.3,26.0,target,7,-0.0025001698821797533,0.44673073733433655,-0.3388578989854869,0.8922582022933543,0.09251101321585903,0.3356027232679215,-1.3772136758805484,0.8195569460933791
2025-08-28 11:46:00-04:00,2025-08-28 11:52:00-04:00,3,2,0.2948585867909526,20-40%,0.002101042110937516,0.6540299346497084,60-80%,-1.0,-20.0,stop,6,-0.0021179772460401323,0.24439534743720512,-0.23431199051372742,0.22955980720385472,0.07692307692307693,0.4475524475524475,-1.0080603501540764,0.25792674497030316
2025-08-29 10:10:00-04:00,2025-08-29 10:14:00-04:00,3,2,0.9348095172603493,80-100%,0.00333371327156678,0.8945436019956433,80-100%,1.3,26.0,target,4,-0.005734551462227795,1.0,-0.3772897955835543,1.0,0.036308623298033284,0.7392380690413973,-1.7201693712346977,1.0
2025-08-29 10:16:00-04:00,2025-08-29 10:18:00-04:00,3,2,1.0,80-100%,0.0030969400426732155,0.8688119246714918,80-100%,-1.0,-20.0,stop,2,-0.005470159666947717,1.0,-0.38244139765515844,1.0,0.0,1.0,-1.7663111302038599,1.0
2025-08-29 10:52:00-04:00,2025-08-29 10:57:00-04:00,3,2,0.4036718143057912,40-60%,0.0028129390760109952,0.8264791652027265,80-100%,-1.0,-20.0,stop,5,-0.0027025774396800466,0.5538866796324678,-0.22437772277254925,0.16658820568731603,0.040625,0.7082386363636364,-0.9607664320666868,0.1859737355397446
2025-08-29 10:59:00-04:00,2025-08-29 11:01:00-04:00,3,2,0.3168127852777614,20-40%,0.0024293311338496504,0.7471672756658,60-80%,-1.0,-20.0,stop,2,-0.002088729976534808,0.22891164335917982,-0.1990407894697298,0.005981776591109493,0.0,1.0,-0.8597963231240908,0.0323577211607564
2025-08-29 11:51:00-04:00,2025-08-29 11:53:00-04:00,3,2,0.43060474650234587,40-60%,0.0016130751231302923,0.46233574590682314,40-60%,-1.0,-20.0,stop,2,-0.001753470859464081,0.051423178761205564,-0.24430682253220062,0.29291531517785185,0.0,1.0,-1.0870360805399693,0.37808049207032596
2025-09-02 10:48:00-04:00,2025-09-02 11:03:00-04:00,3,2,0.5273464575237496,40-60%,0.003007477990618268,0.8573273136111307,80-100%,0.2,4.0,timeout,15,-0.0029442668785775363,0.6818387180267338,-0.23183524783216092,0.21386016458639973,0.0,1.0,-0.978982020071995,0.21368694748186504
2025-09-02 11:05:00-04:00,2025-09-02 11:16:00-04:00,3,2,0.9691104594330401,80-100%,0.0023310139491828715,0.7214751247277071,60-80%,1.3,26.0,target,11,-0.0045481724816763556,1.0,-0.4202694152602688,1.0,0.017204301075268817,0.8764418377321602,-1.9511562696871467,1.0
2025-09-02 11:18:00-04:00,2025-09-02 11:33:00-04:00,3,2,0.4282637572778153,40-60%,0.0021299918317769953,0.6634635654556953,60-80%,0.6875,13.75,timeout,15,-0.0021794799037634233,0.27695527416903737,-0.2225634615931056,0.15508791849802583,0.0,1.0,-1.0232339257118848,0.2810118364441981
2025-09-02 11:34:00-04:00,2025-09-02 11:36:00-04:00,3,2,0.8450225157295861,80-100%,0.0016733657309576143,0.4897143559834165,40-60%,1.3,26.0,target,2,-0.0025718518269343582,0.4846796480904537,-0.35890086298298973,1.0,0.014563106796116505,0.8954104148278906,-1.5369334864187572,1.0
2025-09-02 11:41:00-04:00,2025-09-02 11:51:00-04:00,3,2,0.8614093560125334,80-100%,0.0018524748193667828,0.5649242850115944,40-60%,1.3,26.0,target,10,-0.0030944028760926463,0.7613217397344495,-0.39793021287884783,1.0,0.04395604395604396,0.6843156843156842,-1.6704156211690815,1.0
2025-09-02 14:18:00-04:00,2025-09-02 14:33:00-04:00,3,2,0.5682871161727537,40-60%,0.0013199433935105575,0.31968062680064646,20-40%,0.4375,8.75,timeout,15,-0.001740993438852076,0.04481754713538249,-0.31068480591512765,0.7136738479618072,0.030120481927710843,0.7836801752464403,-1.3189909865919949,0.7309768943473851
2025-09-03 11:21:00-04:00,2025-09-03 11:26:00-04:00,3,2,0.5216799285780986,40-60%,0.0016446589220816517,0.476595987632633,40-60%,1.3,26.0,target,5,-0.0018442019678350295,0.0994568467393825,-0.28596996276204656,0.5570107405111719,0.0,1.0,-1.1213279197736727,0.43025212706184024
2025-09-03 11:47:00-04:00,2025-09-03 11:52:00-04:00,3,2,0.6081563415979202,60-80%,0.0019252303370545525,0.5924082987843441,40-60%,-1.0,-20.0,stop,5,-0.002673044579572523,0.538251781940587,-0.31055527053992615,0.7128527456680094,0.09121621621621621,0.34490171990171986,-1.3884284535335476,0.8366191188813645
2025-09-03 12:51:00-04:00,2025-09-03 12:58:00-04:00,3,2,0.7405135662481079,60-80%,0.0019243251494421674,0.5920701285925093,40-60%,-1.0,-20.0,stop,7,-0.0024982112639072886,0.4456938314540411,-0.32698115369954084,0.8169735722687435,0.0,1.0,-1.2982272068893774,0.699386861269647
2025-09-03 14:09:00-04:00,2025-09-03 14:15:00-04:00,3,2,0.605708572546777,60-80%,0.0026016092026167974,0.7868737263720048,60-80%,-1.0,-20.0,stop,6,-0.0030479047009519577,0.736705288481947,-0.26376200878694994,0.4162383690941357,0.03296703296703297,0.7632367632367633,-1.1715459408301059,0.5066538693742619
2025-09-03 14:19:00-04:00,2025-09-03 14:34:00-04:00,3,2,0.19549778599195103,00-20%,0.002337499605216382,0.7231923266109198,60-80%,0.2,4.0,timeout,15,-0.0020746460636072005,0.221455523737755,-0.20197652690885096,0.024590907428929654,0.075,0.46136363636363636,-0.8875492680201548,0.07458107643748309
2025-09-04 10:04:00-04:00,2025-09-04 10:13:00-04:00,3,2,0.6049465568562303,60-80%,0.0034515266116244333,0.904710666854051,80-100%,-1.0,-20.0,stop,9,-0.003430749734824057,0.9393860621910283,-0.2365734329203268,0.24389469869169864,0.0,1.0,-0.9939803805277347,0.2365054665421945
2025-09-04 10:16:00-04:00,2025-09-04 10:20:00-04:00,3,2,0.6254327277321122,60-80%,0.0032682916606375303,0.8878899936757783,80-100%,-1.0,-20.0,stop,4,-0.0033189681140555305,0.8802081092875332,-0.2536703383225334,0.35226901899424645,0.0,1.0,-1.0155054868659166,0.2692537826466693
2025-09-05 10:13:00-04:00,2025-09-05 10:14:00-04:00,3,2,0.6841677368195893,60-80%,0.0037650583380802382,0.9265995010891716,80-100%,-1.0,-20.0,stop,1,-0.004133299461431239,1.0,-0.2520829399942208,0.3422067761009758,0.0,1.0,-1.097804891793194,0.3944641711773819
2025-09-05 10:15:00-04:00,2025-09-05 10:17:00-04:00,3,2,0.7953968438845253,60-80%,0.0038772593168385798,0.933336554001827,80-100%,1.3,26.0,target,2,-0.004864388046663893,1.0,-0.2846404862559799,0.5485834193490283,0.0,1.0,-1.254594456846955,0.6330039561890729
2025-09-05 10:18:00-04:00,2025-09-05 10:19:00-04:00,3,2,0.5814498040179493,40-60%,0.0037493384147426483,0.9256420841824187,80-100%,1.3,26.0,target,1,-0.004302720023914082,1.0,-0.25061361714288777,0.3328929931927736,0.06646058732612056,0.5226921455669523,-1.1475944681321644,0.4702140773120714
2025-09-05 10:34:00-04:00,2025-09-05 10:36:00-04:00,3,2,0.8211170748071117,80-100%,0.003996392860870858,0.9399242850115944,80-100%,1.3,26.0,target,2,-0.006727431297235567,1.0,-0.3669112474652127,1.0,0.0996309963099631,0.2844682992284468,-1.683375867048663,1.0
2025-09-05 10:37:00-04:00,2025-09-05 10:40:00-04:00,3,2,0.8928476908826254,80-100%,0.003907138357465416,0.9351459841191765,80-100%,1.3,26.0,target,3,-0.007010616869785358,1.0,-0.39333322573477564,1.0,0.05967976710334789,0.5713907635305016,-1.7943098575943923,1.0
2025-09-05 11:04:00-04:00,2025-09-05 11:07:00-04:00,3,2,0.5616034553172701,40-60%,0.004235248409428312,0.9514528142786873,80-100%,-1.0,-20.0,stop,3,-0.005106659081386275,1.0,-0.26065426563014704,0.3965389238220141,0.09869646182495345,0.2911799559844252,-1.2057519625101727,0.5586949414626411
2025-09-05 11:08:00-04:00,2025-09-05 11:09:00-04:00,3,2,0.6479244886443696,60-80%,0.0041384940107586305,0.9470302508607968,80-100%,-1.0,-20.0,stop,1,-0.00519034103043068,1.0,-0.27776382962941204,0.5049934847774704,0.07597535934291581,0.45435878290087733,-1.2541617837159162,0.6323456868991306
2025-09-08 10:22:00-04:00,2025-09-08 10:24:00-04:00,3,2,0.5312043291600814,40-60%,0.0017196061657130165,0.5101319302930223,40-60%,-1.0,-20.0,stop,2,-0.001993670245591393,0.17858637304987482,-0.2703648003066234,0.45809232021628926,0.0,1.0,-1.1593760742098402,0.4881386233741616
2025-09-09 10:40:00-04:00,2025-09-09 10:49:00-04:00,3,2,0.895097037793667,80-100%,0.0019963360362520006,0.6181180170051297,60-80%,-1.0,-20.0,stop,9,-0.0036756230475569144,1.0,-0.41971632387561614,1.0,0.058426966292134834,0.5803881511746679,-1.8411845404833111,1.0
2025-09-16 09:56:00-04:00,2025-09-16 10:11:00-04:00,3,2,0.5799850004076399,40-60%,0.001698162514648346,0.5008388377485771,40-60%,-0.225,-4.5,timeout,15,-0.002276092952856331,0.3281028817075116,-0.39460020393810435,1.0,0.10743801652892562,0.22839969947407956,-1.340326931741078,0.7634374204489685
2025-09-17 10:23:00-04:00,2025-09-17 10:31:00-04:00,3,2,0.6980989771030344,60-80%,0.0015223289023370019,0.4205651394842246,40-60%,1.3,26.0,target,8,-0.00218230400416354,0.2784503721943105,-0.3373329678226725,0.8825919279360749,0.038135593220338986,0.7261171032357472,-1.4335299033036673,0.905236505046005
2025-09-17 11:04:00-04:00,2025-09-17 11:17:00-04:00,3,2,0.43551416767511303,40-60%,0.0013022367443496989,0.31080914904082635,20-40%,-1.0,-20.0,stop,13,-0.0016705734963447401,0.007536748981672926,-0.29509725268132164,0.6148670494709249,0.07746478873239436,0.44366197183098594,-1.2828493003236354,0.6759909004168685
2025-09-17 15:58:00-04:00,2025-09-17 16:00:00-04:00,3,2,0.6003562045860495,60-80%,0.003293997301537213,0.8906348815965146,80-100%,-1.0,-20.0,stop,2,-0.003403029655023036,0.9247108627649717,-0.236123522815186,0.24104279650853588,0.008403361344537815,0.9396485867074102,-1.0331003165773514,0.29602257236327995
2025-09-18 11:50:00-04:00,2025-09-18 11:53:00-04:00,3,2,0.6824381433613803,60-80%,0.0011661602396320614,0.236943117138641,20-40%,1.3,26.0,target,3,-0.0017470217729727206,0.04800898836002512,-0.3507095999891973,0.9673840809532647,0.03977272727272727,0.7143595041322315,-1.4980975286243068,1.0
2025-09-23 10:00:00-04:00,2025-09-23 10:07:00-04:00,3,2,0.8171285922787566,80-100%,0.0016374071438981378,0.4733592157965006,40-60%,-1.0,-20.0,stop,7,-0.0023982490411029217,0.3927731484958361,-0.3437296470557498,0.9231393689945429,0.0,1.0,-1.464662622268439,0.9526018516246475
2025-09-23 14:20:00-04:00,2025-09-23 14:27:00-04:00,3,2,0.5835052560601227,40-60%,0.0013349347941814505,0.3271598974070691,20-40%,-1.0,-20.0,stop,7,-0.0017148558539429417,0.03098013130503912,-0.29659926610550025,0.6243880522548351,0.0,1.0,-1.284598964247126,0.6786528406806166
2025-09-24 09:47:00-04:00,2025-09-24 09:50:00-04:00,3,2,0.3184809125990189,20-40%,0.0017331822839542217,0.5156787998032464,40-60%,1.3,26.0,target,3,-0.001891545358754158,0.12452076099327913,-0.2665984935263785,0.4342183542699584,0.09322033898305085,0.33050847457627114,-1.0913712748313087,0.38467606055656695
2025-09-24 12:04:00-04:00,2025-09-24 12:10:00-04:00,3,2,1.0,80-100%,0.001927775466347716,0.5933613238704237,40-60%,1.3,26.0,target,6,-0.0038932947476959896,1.0,-0.4728494774156507,1.0,0.0,1.0,-2.0195789476831894,1.0
2025-09-24 12:11:00-04:00,2025-09-24 12:21:00-04:00,3,2,1.0,80-100%,0.0018873730436777942,0.5784027826575785,40-60%,-1.0,-20.0,stop,10,-0.005147217452626632,1.0,-0.6330824738096801,1.0,0.0,1.0,-2.727186058881398,1.0
2025-09-25 09:57:00-04:00,2025-09-25 09:59:00-04:00,3,2,0.6654785632435013,60-80%,0.0034603821867665316,0.9052816035415642,80-100%,1.3,26.0,target,2,-0.0044797427433261,1.0,-0.3304733543226944,0.8391100267902476,0.12128325508607199,0.12896571347275568,-1.2945803386856771,0.6938385127110018
2025-09-25 11:27:00-04:00,2025-09-25 11:31:00-04:00,3,2,0.24289453482400952,20-40%,0.002386883542480103,0.7365566369194013,60-80%,-1.0,-20.0,stop,4,-0.0021607505705896002,0.2670398373659736,-0.22468079967014523,0.1685093576153211,0.07874015748031496,0.4345025053686471,-0.905260157076814,0.10152643894609636
2025-09-25 13:03:00-04:00,2025-09-25 13:09:00-04:00,3,2,0.28957210830466085,20-40%,0.0017582396676137212,0.5260830229780058,40-60%,-1.0,-20.0,stop,6,-0.0018974671000993445,0.12765577127513753,-0.25634979181998113,0.3692536103420295,0.09813084112149532,0.29524214103653357,-1.0791856963815305,0.3661369105649428
2025-09-25 13:33:00-04:00,2025-09-25 13:43:00-04:00,3,2,0.209392101234906,20-40%,0.0020125597248907253,0.623743939287471,60-80%,1.3,26.0,target,10,-0.0018910062164044948,0.12423533535391827,-0.21180539649827873,0.0868944083279367,0.07342657342657342,0.4726636999364272,-0.9396025335383126,0.15377496132134186
2025-09-25 13:44:00-04:00,2025-09-25 13:57:00-04:00,3,2,0.8050024725711694,80-100%,0.00204168218920132,0.6340251914833813,60-80%,1.3,26.0,target,13,-0.003309046565048455,0.874955573532248,-0.3682974818083501,1.0,0.09119496855345911,0.34505431675243,-1.6207451789266536,1.0
2025-09-26 10:08:00-04:00,2025-09-26 10:14:00-04:00,3,2,0.4210870209189267,40-60%,0.003178982491988678,0.878276298222191,80-100%,1.3,26.0,target,6,-0.0027900459688636795,0.6001931159229714,-0.20198252225400537,0.024628910882818152,0.0,1.0,-0.8776537700018312,0.05952605686991719
2025-09-26 10:15:00-04:00,2025-09-26 10:23:00-04:00,3,2,0.28642893970331484,20-40%,0.0029552585426141616,0.8497953411566299,80-100%,1.3,26.0,target,8,-0.00265113631881413,0.526653399179235,-0.20456991594244608,0.041029951056069276,0.07116104868913857,0.4889342866870957,-0.8970911615973163,0.08909812189085935
2025-09-26 10:24:00-04:00,2025-09-26 10:26:00-04:00,3,2,0.7763163869361345,60-80%,0.003057853662425968,0.8638843018761858,80-100%,1.3,26.0,target,2,-0.004307603192611801,1.0,-0.3014838354937846,0.6553504910689159,0.05813953488372093,0.5824524312896406,-1.4087015495680508,0.8674626253859816
2025-09-26 10:27:00-04:00,2025-09-26 10:30:00-04:00,3,2,1.0,80-100%,0.003236037849807895,0.8846707891223385,80-100%,-1.0,-20.0,stop,3,-0.006704654526649753,1.0,-0.4387288731288613,1.0,0.0,1.0,-2.071871479206515,1.0
2025-09-26 10:31:00-04:00,2025-09-26 10:38:00-04:00,3,2,0.7716109457293336,60-80%,0.0034026656648577574,0.9007580282481906,80-100%,-1.0,-20.0,stop,7,-0.006657820892643795,1.0,-0.40705015031356007,1.0,0.12720403022670027,0.08644378291733441,-1.956648565683315,1.0
2025-09-26 11:13:00-04:00,2025-09-26 11:18:00-04:00,3,2,0.4809973704449305,40-60%,0.0024967177395012726,0.7634872812873305,60-80%,-1.0,-20.0,stop,5,-0.0030373455649181907,0.7311152098034333,-0.28687528866521556,0.5627494445105266,0.13157894736842105,0.05502392344497608,-1.2165354204295877,0.5751009040207863
2025-09-29 10:56:00-04:00,2025-09-29 11:11:00-04:00,4,2,0.6652491557889153,60-80%,0.0008931740079501346,0.1327697138716265,00-20%,1.3,26.0,target,15,-0.0011405506624273386,0.19315752974703768,-0.2784381420025594,0.6706852750115178,0.0,1.0,-1.27696356171956,0.7971538183971056
2025-09-29 11:12:00-04:00,2025-09-29 11:16:00-04:00,4,2,0.9616683964887345,80-100%,0.0009903685803946808,0.17869518434748238,00-20%,1.3,26.0,target,4,-0.001866135161336934,0.8466735859549378,-0.42739150740329857,1.0,0.0,1.0,-1.8842834862483657,1.0
2025-09-29 11:17:00-04:00,2025-09-29 11:32:00-04:00,4,2,1.0,80-100%,0.0010859848022155337,0.22724697512022662,20-40%,1.1375,22.75,timeout,15,-0.002879814504544868,1.0,-0.6171858227526011,1.0,0.0,1.0,-2.6518000055523023,1.0
2025-09-29 11:34:00-04:00,2025-09-29 11:49:00-04:00,4,2,0.807991202346041,80-100%,0.0014275463956515179,0.40270098157623135,40-60%,0.7375,14.75,timeout,15,-0.0029116441535762577,1.0,-0.48890091080814224,1.0,0.08709677419354839,0.23196480938416422,-2.0396143778202127,1.0
2025-09-29 11:50:00-04:00,2025-09-29 12:05:00-04:00,4,2,0.38109287207994397,20-40%,0.0012983430616224831,0.3397000373306397,20-40%,0.975,19.5,timeout,15,-0.0012737714307693656,0.31314618890762336,-0.23529385620091886,0.38214233236006817,0.056818181818181816,0.49896694214876036,-0.9810746238190611,0.33011602490332387
2025-09-29 12:08:00-04:00,2025-09-29 12:11:00-04:00,4,2,0.3545933346137104,20-40%,0.001193942029589478,0.2827773995915589,20-40%,-1.0,-20.0,stop,3,-0.001045842870296523,0.10785655804973593,-0.20003252400818572,0.1463194797237027,0.0,1.0,-0.8759578307634609,0.1641973006814029
2025-09-29 12:54:00-04:00,2025-09-29 13:04:00-04:00,4,2,0.5066863330830754,40-60%,0.0009033357008176661,0.13731526823162565,00-20%,1.3,26.0,target,10,-0.0009662269591897763,0.03614847123686894,-0.2560141889960902,0.5207170169642744,0.0,1.0,-1.0696211367658595,0.4698798441311584
2025-09-29 14:57:00-04:00,2025-09-29 15:09:00-04:00,4,2,0.7706381962142876,60-80%,0.0007246765920595713,0.07442411998506775,00-20%,1.3,26.0,target,12,-0.0011051650160330546,0.1612865510909169,-0.35688123850822,1.0,0.008928571428571428,0.9212662337662338,-1.525045831675222,1.0
2025-09-29 15:10:00-04:00,2025-09-29 15:16:00-04:00,4,2,0.726045830203959,60-80%,0.0008005154283565281,0.09672149146885088,00-20%,1.3,26.0,target,6,-0.001146063398100686,0.19812271475522988,-0.3277233322185675,1.0,0.03333333333333333,0.706060606060606,-1.4316568519529647,1.0
2025-09-30 09:54:00-04:00,2025-09-30 09:55:00-04:00,4,2,0.5689351413382228,40-60%,0.0020749806457847145,0.6578668833307715,60-80%,1.3,26.0,target,1,-0.0025851542781476174,1.0,-0.2265301253363206,0.32353172737978225,0.09025270758122744,0.20413521496553982,-1.2458691040802292,0.7480736230075691
2025-09-30 11:28:00-04:00,2025-09-30 11:32:00-04:00,4,2,1.0,80-100%,0.0015676048368740427,0.4668438042117745,40-60%,-1.0,-20.0,stop,4,-0.002583864762170212,1.0,-0.35857225408800203,1.0,0.0,1.0,-1.6482883322321784,1.0
2025-09-30 11:36:00-04:00,2025-09-30 11:50:00-04:00,4,2,0.8695535233996773,80-100%,0.0018442841960435914,0.5781989064318496,40-60%,-1.0,-20.0,stop,14,-0.003250543788016173,1.0,-0.3889463936049846,1.0,0.05917159763313609,0.47821409359870903,-1.762496146195542,1.0
2025-09-30 12:59:00-04:00,2025-09-30 13:14:00-04:00,4,2,0.7070926214250135,60-80%,0.0012356017201172217,0.30568962866993127,20-40%,0.775,15.5,timeout,15,-0.0014468822217728256,0.46906280729407374,-0.28722022053043994,0.729418586594912,0.0,1.0,-1.1709940170976452,0.6298890918110682
2025-09-30 13:15:00-04:00,2025-09-30 13:25:00-04:00,4,2,0.7355331489324036,60-80%,0.0011240538350935857,0.24619776455345968,20-40%,1.3,26.0,target,10,-0.001876416595915696,0.8559338204116682,-0.3948589737405373,1.0,0.10362694300518134,0.08619877531794636,-1.6693298286371405,1.0
2025-09-30 13:26:00-04:00,2025-09-30 13:41:00-04:00,4,2,0.8730166497531268,80-100%,0.001233781948221538,0.30460484419947736,20-40%,-0.5,-10.0,timeout,15,-0.001978042383628195,0.9474656600453708,-0.3764334945340387,1.0,0.051643192488262914,0.5446009389671361,-1.6032349853063481,1.0
2025-09-30 16:39:00-04:00,2025-09-30 16:54:00-04:00,4,2,0.8082487159868943,80-100%,0.0007470758211005913,0.080743977689453,00-20%,-0.275,-5.5,timeout,15,-0.0011847811781112516,0.23299486394757712,-0.4296351183744167,1.0,0.0,1.0,-1.58589147801067,1.0
2025-10-01 16:05:00-04:00,2025-10-01 16:20:00-04:00,4,2,0.5986380946334995,40-60%,0.0012050265258252222,0.288745910099036,20-40%,0.0125,0.25,timeout,15,-0.0013255647955878781,0.359795194729547,-0.27688006455317526,0.6602650711821831,0.016260162601626018,0.8566149297856614,-1.100029557175191,0.5178771828366063
2025-10-01 16:27:00-04:00,2025-10-01 16:42:00-04:00,4,2,0.49587378900625456,40-60%,0.0009611494349491643,0.16434265135378467,00-20%,-0.3125,-6.25,timeout,15,-0.001137819763500953,0.19069787646205716,-0.3745190212618607,1.0,0.09722222222222222,0.14267676767676765,-1.183811509561084,0.6501205118861934
2025-10-02 10:47:00-04:00,2025-10-02 10:49:00-04:00,4,2,0.5386638768503574,40-60%,0.0020595610854760894,0.6526976876962604,60-80%,-1.0,-20.0,stop,2,-0.0018177512315724412,0.8030953741669941,-0.20460387036050764,0.1768920040770386,0.0,1.0,-0.8825915601101235,0.1746681291573972
2025-10-02 15:56:00-04:00,2025-10-02 16:01:00-04:00,4,2,0.3286662408721802,20-40%,0.001077384327342735,0.22281560859922264,20-40%,-1.0,-20.0,stop,5,-0.000926500948422996,0.0003682334779397399,-0.2043748364740442,0.1753602575122467,0.0,1.0,-0.8599539875506836,0.1389364724985345
2025-10-03 10:02:00-04:00,2025-10-03 10:10:00-04:00,4,2,0.9956245651098155,80-100%,0.002211443946804345,0.6994488240848503,60-80%,1.3,26.0,target,8,-0.0030836095741295735,1.0,-0.3400301171553262,1.0,0.0,1.0,-1.394387399502282,0.9824982604392619
2025-10-03 10:12:00-04:00,2025-10-03 10:14:00-04:00,4,2,0.6922708930975021,60-80%,0.0019960281366994573,0.6316651661213465,60-80%,-1.0,-20.0,stop,2,-0.002297661440282145,1.0,-0.26644586624250843,0.5904826138108732,0.047619047619047616,0.5800865800865801,-1.1511167593466167,0.5985143784925551
2025-10-03 12:45:00-04:00,2025-10-03 13:00:00-04:00,4,2,0.5260170794731374,40-60%,0.0008324267567046869,0.10791189969037528,00-20%,0.0875,1.75,timeout,15,-0.0009551616377053276,0.02618220918461082,-0.25069927937269626,0.48517164556303366,0.0,1.0,-1.1474422584474688,0.5927144631449051
2025-10-03 13:42:00-04:00,2025-10-03 13:47:00-04:00,4,2,0.97701332460184,80-100%,0.0017409298225667719,0.5387733590987944,40-60%,1.3,26.0,target,5,-0.002450206726926294,1.0,-0.31393051532992094,0.9080532984073602,0.0,1.0,-1.4074126912903282,1.0
2025-10-03 13:48:00-04:00,2025-10-03 13:52:00-04:00,4,2,0.759504132231405,60-80%,0.0018304238835568907,0.5731702496761018,40-60%,1.3,26.0,target,4,-0.0029065477056719057,1.0,-0.37404797569842085,1.0,0.10909090909090909,0.03801652892561988,-1.587909626716564,1.0
2025-10-03 13:53:00-04:00,2025-10-03 13:55:00-04:00,4,2,1.0,80-100%,0.0019331889271511598,0.6097454928742396,60-80%,1.3,26.0,target,2,-0.0037318093069528525,1.0,-0.4697780755618673,1.0,0.0,1.0,-1.93039037961604,1.0
2025-10-03 16:04:00-04:00,2025-10-03 16:19:00-04:00,4,2,0.4491471193752276,40-60%,0.0014326074576965235,0.4049847383561343,40-60%,0.2375,4.75,timeout,15,-0.001296805190770369,0.33389212824083186,-0.2158841177357406,0.2523327191337296,0.0,1.0,-0.9052062264533303,0.21036363012634898
2025-10-06 10:43:00-04:00,2025-10-06 10:49:00-04:00,4,2,0.2575361007533312,20-40%,0.0012802294086255042,0.3299721118162454,20-40%,-1.0,-20.0,stop,6,-0.0011515805976392277,0.20309192025666808,-0.21008617874923993,0.21355691498274632,0.06666666666666667,0.4121212121212121,-0.8995111265844158,0.20137435565269837
2025-10-06 15:24:00-04:00,2025-10-06 15:39:00-04:00,4,2,0.6768878748910128,60-80%,0.0007355160454272821,0.07718658732075803,00-20%,-0.3625,-7.25,timeout,15,-0.0009612273061670673,0.03164540711309176,-0.30248987048619436,0.8315398675392224,0.0,1.0,-1.3068746931396489,0.8443662249117369
2025-10-06 15:45:00-04:00,2025-10-06 16:00:00-04:00,4,2,0.6869236120038731,60-80%,0.0007560032907097475,0.08365576758382924,00-20%,1.3,26.0,target,15,-0.0009713739817440075,0.040784267461718274,-0.31231663431165724,0.8972598881226216,0.0,1.0,-1.2848806264217008,0.8096502924311525
2025-10-06 16:05:00-04:00,2025-10-06 16:20:00-04:00,4,2,0.5854481038653757,40-60%,0.0011112190819390004,0.23979007004984737,20-40%,0.3625,7.25,timeout,15,-0.001463029320254465,0.4836061005077236,-0.32599651214674563,0.9887489957137514,0.11229946524064172,0.009722897423432138,-1.3165984494268943,0.8597144218165956
2025-10-06 16:22:00-04:00,2025-10-06 16:37:00-04:00,4,2,0.5287682877914034,40-60%,0.0008353727049001039,0.10906256176024946,00-20%,-0.275,-5.5,timeout,15,-0.0009529564473460789,0.02419604863552302,-0.3180199038757825,0.9354025564317717,0.04838709677419355,0.5733137829912024,-1.1407560263296321,0.5821607631071165
2025-10-07 10:28:00-04:00,2025-10-07 10:33:00-04:00,4,2,0.6435713003279415,60-80%,0.0013407148337473472,0.36003864819165987,20-40%,-1.0,-20.0,stop,5,-0.001520390689893993,0.535270070895518,-0.2480561259527186,0.4674946055678415,0.0,1.0,-1.1340149684511547,0.5715205248484064
2025-10-07 10:36:00-04:00,2025-10-07 10:51:00-04:00,4,2,0.2986348568932009,20-40%,0.0013792739586347426,0.3792924745822262,20-40%,0.6,12.0,timeout,15,-0.0010795427713124236,0.13820922743504488,-0.18403799136857904,0.03935028488327538,0.0,1.0,-0.7826891565334821,0.016979915254483353
2025-10-07 10:52:00-04:00,2025-10-07 11:04:00-04:00,4,2,0.5797765207308708,40-60%,0.0014690188950401454,0.4220382529260634,40-60%,1.3,26.0,target,12,-0.0015020545625250394,0.5187551733718082,-0.23869170608150345,0.404866676615976,0.0,1.0,-1.0224882522589958,0.3954842329356993
2025-10-07 11:05:00-04:00,2025-10-07 11:06:00-04:00,4,2,1.0,80-100%,0.0015835537381775223,0.4737433847910582,40-60%,1.3,26.0,target,1,-0.0030856639492654564,1.0,-0.44613517935470354,1.0,0.0,1.0,-1.948569142223541,1.0
2025-10-07 11:46:00-04:00,2025-10-07 11:48:00-04:00,4,2,0.7131431872085038,60-80%,0.0023578235751898417,0.7375656031094227,60-80%,1.3,26.0,target,2,-0.002696018342381667,1.0,-0.2654088319610194,0.5835470737352533,0.03598971722365039,0.682636129936901,-1.143435145339318,0.5863895451618605
2025-10-07 11:49:00-04:00,2025-10-07 11:54:00-04:00,4,2,1.0,80-100%,0.0023566463907947035,0.7373020927117416,60-80%,-1.0,-20.0,stop,5,-0.004217852583182279,1.0,-0.41996440223782916,1.0,0.0,1.0,-1.7897689698622725,1.0
2025-10-07 13:54:00-04:00,2025-10-07 14:04:00-04:00,4,2,0.28678654349142263,20-40%,0.001643197113331685,0.4981005292167153,40-60%,1.3,26.0,target,10,-0.0013537618360070093,0.3851915733444949,-0.24332242677003244,0.4358362882166458,0.08571428571428572,0.24415584415584415,-0.8238584555824665,0.08196246824870558
2025-10-08 10:47:00-04:00,2025-10-08 11:02:00-04:00,4,2,0.29137280151823225,20-40%,0.0012239422415364258,0.29928632600628036,20-40%,-0.825,-16.5,timeout,15,-0.0010114451269549042,0.0768753592991448,-0.17855315929796703,0.0026684959465060236,0.0,1.0,-0.8263830535705899,0.08594735082727806
2025-10-08 12:48:00-04:00,2025-10-08 13:03:00-04:00,4,2,0.7325368178613979,60-80%,0.0006664117487481121,0.059764158194075406,00-20%,-0.5,-10.0,timeout,15,-0.0010386455429300706,0.1013741028665979,-0.36798654330630987,1.0,0.019417475728155338,0.8287731685789937,-1.5585642733358442,1.0
2025-10-08 14:50:00-04:00,2025-10-08 15:05:00-04:00,4,2,0.5277447938876452,40-60%,0.000824868393118391,0.10498693427611498,00-20%,-0.65,-13.0,timeout,15,-0.0009593265872042309,0.029933476438691847,-0.24749855579093277,0.4637656543932643,0.0,1.0,-1.1630056324227973,0.6172800447186246
2025-10-09 09:55:00-04:00,2025-10-09 09:58:00-04:00,4,2,0.8434684289313975,80-100%,0.0019339071184660984,0.6099650848723073,60-80%,-1.0,-20.0,stop,3,-0.0026021301269006022,1.0,-0.3266048295796567,0.9928173375323025,0.05945945945945946,0.47567567567567565,-1.3455300422930927,0.9053807025176118
2025-10-09 10:28:00-04:00,2025-10-09 10:32:00-04:00,4,2,0.7678562789462084,60-80%,0.0011558173474823252,0.262829662487099,20-40%,1.3,26.0,target,4,-0.0014983476912656067,0.5154164858860979,-0.28704541771456243,0.7282495298371074,0.0,1.0,-1.296353350751659,0.8277591000616288
2025-10-09 10:35:00-04:00,2025-10-09 10:45:00-04:00,4,2,0.9982430343656061,80-100%,0.0013297110826597203,0.354671819758888,20-40%,1.3,26.0,target,10,-0.002028567224296057,0.9929721374624247,-0.34107348013032446,1.0,0.0,1.0,-1.5255699157131697,1.0
2025-10-09 10:46:00-04:00,2025-10-09 10:47:00-04:00,4,2,1.0,80-100%,0.0015055338683581726,0.43847251806144183,40-60%,-1.0,-20.0,stop,1,-0.0025110607707355737,1.0,-0.36375265706132953,1.0,0.0,1.0,-1.667887268105072,1.0
2025-10-09 11:35:00-04:00,2025-10-09 11:39:00-04:00,4,2,0.9610656137680738,80-100%,0.0012933277105162502,0.33714398647313293,20-40%,-1.0,-20.0,stop,4,-0.001863458135766301,0.8442624550722952,-0.33826696845327237,1.0,0.0,1.0,-1.4408244102513472,1.0
2025-10-09 12:42:00-04:00,2025-10-09 12:44:00-04:00,4,2,0.7165883805813896,60-80%,0.0014775387177954477,0.4258723292123235,40-60%,-1.0,-20.0,stop,2,-0.0016667650975203609,0.6671058884267717,-0.2734182473502332,0.6371129224306482,0.0,1.0,-1.1280686437829848,0.5621347114681386
2025-10-09 12:58:00-04:00,2025-10-09 13:10:00-04:00,4,2,0.8861093081380393,80-100%,0.001587090776892185,0.475113638859,40-60%,-1.0,-20.0,stop,12,-0.0019516219852896352,0.9236694591182496,-0.312463072253084,0.8982392445715698,0.0,1.0,-1.2296851659054244,0.7225285288623382
2025-10-09 13:14:00-04:00,2025-10-09 13:29:00-04:00,4,2,0.6265749352230621,60-80%,0.0016024570370782583,0.48128417400469925,40-60%,0.9625,19.25,timeout,15,-0.0016779597596057478,0.6771886443671431,-0.23717939217906178,0.39475253298107027,0.0,1.0,-1.0471168466801162,0.43435856354403507
2025-10-09 13:36:00-04:00,2025-10-09 13:38:00-04:00,4,2,0.5273350772647383,40-60%,0.0017518166756865469,0.5428182437031994,40-60%,-1.0,-20.0,stop,2,-0.0016215024558629085,0.6263389438269599,-0.21410419923873114,0.24042887343865676,0.0,1.0,-0.9256119537893042,0.24257249179333637
2025-10-10 15:33:00-04:00,2025-10-10 15:36:00-04:00,4,2,0.8296003513394817,80-100%,0.0021040278467800663,0.6670633962098421,60-80%,1.3,26.0,target,3,-0.003383893494274703,1.0,-0.3589928539477702,1.0,0.07729468599033816,0.3184014053579271,-1.608293112400247,1.0
2025-10-10 15:37:00-04:00,2025-10-10 15:39:00-04:00,4,2,0.9817428947863731,80-100%,0.0022577902051032356,0.7116230044577175,60-80%,1.3,26.0,target,2,-0.0051889023785087265,1.0,-0.5369627285139406,1.0,0.008281573498964804,0.9269715791454922,-2.298221671251988,1.0
2025-10-13 13:26:00-04:00,2025-10-13 13:41:00-04:00,4,2,0.45296923241237935,40-60%,0.0015511916871940204,0.45940402731724456,40-60%,0.3375,6.75,timeout,15,-0.0014596150995500197,0.48053099615647926,-0.21280069073229863,0.2317111910566498,0.018957345971563982,0.8328306764325721,-0.9409637194422726,0.2668040660038163
2025-10-13 14:47:00-04:00,2025-10-13 15:02:00-04:00,4,2,0.27731167652236055,20-40%,0.0012296336555987994,0.302378181339072,20-40%,1.3,26.0,target,15,-0.0009729655364817163,0.042217741546390034,-0.18361381228669887,0.03651343457453208,0.0,1.0,-0.7912645624585702,0.030515529968519924
2025-10-13 15:03:00-04:00,2025-10-13 15:07:00-04:00,4,2,0.7665775401069519,60-80%,0.0015039348685741887,0.43768637870835986,40-60%,-1.0,-20.0,stop,4,-0.0026208951852991374,1.0,-0.3986504620348487,1.0,0.10588235294117647,0.06631016042780749,-1.7426919476798137,1.0
2025-10-14 14:43:00-04:00,2025-10-14 14:47:00-04:00,4,2,0.35122049945583433,20-40%,0.0013077098336519697,0.3442719427304069,20-40%,-1.0,-20.0,stop,4,-0.00110322082063869,0.15953546226731044,-0.1979181949341673,0.13217914291164695,0.0,1.0,-0.8436281445997738,0.11316739264437985
2025-10-14 15:34:00-04:00,2025-10-14 15:38:00-04:00,4,2,0.35507883977276444,20-40%,0.0014091681936133124,0.39403588133248424,20-40%,1.3,26.0,target,4,-0.0011925941326645655,0.24003179934887955,-0.18755655520556558,0.06288194717799499,0.0,1.0,-0.8463107087356126,0.1174016125641832
2025-10-15 11:17:00-04:00,2025-10-15 11:28:00-04:00,4,2,0.4323285415205088,40-60%,0.0018789922857186446,0.5905795032829003,40-60%,-1.0,-20.0,stop,11,-0.0015294672049293676,0.5434450640478576,-0.19602156649185035,0.11949475744334567,0.0,1.0,-0.8139826951681195,0.06637434459083197
2025-10-15 11:30:00-04:00,2025-10-15 11:34:00-04:00,4,2,0.5529024609102107,40-60%,0.0021105461317048476,0.6690309405125278,60-80%,1.3,26.0,target,4,-0.0018552881017462875,0.8369039070053678,-0.20889919280779598,0.20561851920063057,0.0,1.0,-0.879055934327117,0.1690874174348442
2025-10-15 11:35:00-04:00,2025-10-15 11:36:00-04:00,4,2,1.0,80-100%,0.002169927290476259,0.6877270032280024,60-80%,1.3,26.0,target,1,-0.003052200890819083,1.0,-0.34012066796182133,1.0,0.0,1.0,-1.4065913195410256,1.0
2025-10-15 12:56:00-04:00,2025-10-15 13:01:00-04:00,4,2,0.8198900772430184,80-100%,0.0019439202247454824,0.6134873405213114,60-80%,1.3,26.0,target,5,-0.0030152471243433724,1.0,-0.3533322041757897,1.0,0.08169934640522876,0.2795603089720737,-1.5511167001403872,1.0
2025-10-15 15:40:00-04:00,2025-10-15 15:44:00-04:00,4,2,0.4037969718232645,40-60%,0.001578815630007742,0.4716001668899185,40-60%,-1.0,-20.0,stop,4,-0.0013016630332356868,0.3382674670943832,-0.20716429415131749,0.1940157598956355,0.0,1.0,-0.8244553755965184,0.0829046603030392
2025-10-15 15:51:00-04:00,2025-10-15 15:55:00-04:00,4,2,0.9229819141127704,80-100%,0.001852114729983045,0.5810667779266123,40-60%,1.3,26.0,target,4,-0.0023738470928669764,1.0,-0.3108281118632123,0.8873048584009171,0.0,1.0,-1.2816954881022449,0.8046227980501649
2025-10-15 15:56:00-04:00,2025-10-15 15:57:00-04:00,4,2,1.0,80-100%,0.0020510164993532585,0.6499000856408792,60-80%,-1.0,-20.0,stop,1,-0.00354837639170694,1.0,-0.4053752398919561,1.0,0.0,1.0,-1.730057458253427,1.0
2025-10-16 11:27:00-04:00,2025-10-16 11:29:00-04:00,4,2,0.9522124680222823,80-100%,0.00224930264873498,0.7094095171171962,60-80%,1.3,26.0,target,2,-0.002998502996256594,1.0,-0.31618317315382494,0.9231187585307342,0.0,1.0,-1.3330811653749521,0.885731113558395
2025-10-16 11:30:00-04:00,2025-10-16 11:31:00-04:00,4,2,0.7158110478541584,60-80%,0.002202236060468284,0.6970201365862227,60-80%,1.3,26.0,target,1,-0.0026846713586113013,1.0,-0.2830046572209801,0.7012254894177472,0.06166219839142091,0.45625152327565194,-1.2190661150287552,0.7057671787232344
2025-10-17 15:56:00-04:00,2025-10-17 16:06:00-04:00,4,2,0.2672751065351178,20-40%,0.001696589903068452,0.5205823579788752,40-60%,-1.0,-20.0,stop,10,-0.001583124229880065,0.5917726225697463,-0.20667621630205607,0.19075156357734752,0.10975609756097561,0.03215077605321507,-0.933121331806129,0.2544254639401625
2025-10-20 12:37:00-04:00,2025-10-20 12:52:00-04:00,4,2,0.3575669074174527,20-40%,0.0011637858042407429,0.2668086694920837,20-40%,-0.6375,-12.75,timeout,15,-0.0010462655633048901,0.10823726721349275,-0.19631134752428642,0.12143277241497141,0.0,1.0,-0.8990190114816504,0.2005975900413466
2025-10-20 14:43:00-04:00,2025-10-20 14:58:00-04:00,4,2,0.8076182650185535,80-100%,0.0005837216002605218,0.04241199850677441,00-20%,-0.4,-8.0,timeout,15,-0.0011819812747539873,0.23047306007421373,-0.43061970473609096,1.0,0.0,1.0,-2.0249058356354386,1.0
2025-10-20 16:08:00-04:00,2025-10-20 16:12:00-04:00,4,2,0.3711275288863805,20-40%,0.0008930199144032349,0.1326906607523222,00-20%,-1.0,-20.0,stop,4,-0.0009385816375070492,0.011249012075537575,-0.2580885017871237,0.534589730478554,0.056910569105691054,0.49815225424981524,-1.051019828750696,0.44051911874161526
2025-10-21 12:58:00-04:00,2025-10-21 13:02:00-04:00,4,2,0.86300141621001,80-100%,0.0012414520248841983,0.3088561452820659,20-40%,1.3,26.0,target,4,-0.0016134319233911257,0.6190700143495753,-0.35813098681790295,1.0,0.0,1.0,-1.2996329226186774,0.8329356504904646
2025-10-21 13:03:00-04:00,2025-10-21 13:07:00-04:00,4,2,1.0,80-100%,0.00137432531905557,0.3767891258042557,20-40%,-1.0,-20.0,stop,4,-0.003013229171966808,1.0,-0.5685545011799639,1.0,0.0,1.0,-2.1925152146927522,1.0
2025-10-22 10:15:00-04:00,2025-10-22 10:18:00-04:00,4,2,0.5953300781478919,40-60%,0.001980124653881562,0.6260919212103911,60-80%,-1.0,-20.0,stop,3,-0.0018927605130969498,0.8706543833720579,-0.2110972022189536,0.2203184983910818,0.0,1.0,-0.9558794742475654,0.2903474308284275
2025-10-22 12:20:00-04:00,2025-10-22 12:22:00-04:00,4,2,0.14114983120095623,00-20%,0.0018094732308326256,0.565620676782538,40-60%,1.3,26.0,target,2,-0.0014305095545868228,0.45431634991374015,-0.18427161339556555,0.0409127162894831,0.10887096774193548,0.03995601173020527,-0.7905668512866458,0.029414246870396413
2025-10-22 12:23:00-04:00,2025-10-22 12:25:00-04:00,4,2,1.0,80-100%,0.001987465739026835,0.6286831067875887,60-80%,1.3,26.0,target,2,-0.0032863439180634666,1.0,-0.4046749205484916,1.0,0.0,1.0,-1.6535348778754944,1.0
2025-10-23 11:45:00-04:00,2025-10-23 11:47:00-04:00,4,2,0.49497713529232557,40-60%,0.0021645119110254023,0.6859395243637322,60-80%,-1.0,-20.0,stop,2,-0.0017514690246229914,0.743396625713222,-0.20472858430496715,0.17772607347592634,0.0,1.0,-0.8091750457465774,0.058785841980153956
2025-10-24 10:54:00-04:00,2025-10-24 10:57:00-04:00,4,2,0.4698248409154314,40-60%,0.0019420968809157686,0.6128109971672632,60-80%,1.3,26.0,target,3,-0.0016505018358647797,0.6524579699083844,-0.1936814677740992,0.10384450486484255,0.0,1.0,-0.849855561832996,0.12299688888849876
2025-10-24 11:56:00-04:00,2025-10-24 12:00:00-04:00,4,2,0.42960689970665655,40-60%,0.001302114226554978,0.34136454467599203,20-40%,-1.0,-20.0,stop,4,-0.0011831566444122335,0.2315316865261264,-0.21869148591012164,0.2711080044140606,0.0,1.0,-0.9086427444560895,0.21578790788643898
2025-10-24 15:53:00-04:00,2025-10-24 15:59:00-04:00,4,2,0.7879584084379769,60-80%,0.0006143100843082807,0.048165308856145284,00-20%,1.3,26.0,target,6,-0.0010946696498894007,0.15183363375190798,-0.37048604273910907,1.0,0.0,1.0,-1.7819496665466752,1.0
2025-10-24 16:02:00-04:00,2025-10-24 16:17:00-04:00,4,2,0.7246415385005593,60-80%,0.0008648299102117483,0.12056039877906849,00-20%,0.2625,5.25,timeout,15,-0.001812516549575955,0.7983806252452804,-0.45279241431623357,1.0,0.10204081632653061,0.1001855287569573,-2.095806965247272,1.0
2025-10-24 16:18:00-04:00,2025-10-24 16:33:00-04:00,4,2,0.8341697272057601,80-100%,0.0008969524565603311,0.13451766617624453,00-20%,-0.6375,-12.75,timeout,15,-0.0014254202311680892,0.4497325218766534,-0.35245666111166934,1.0,0.01282051282051282,0.8869463869463869,-1.5891814786196665,1.0
2025-10-28 10:33:00-04:00,2025-10-28 10:38:00-04:00,4,2,0.3957577482445301,20-40%,0.0013897690957636454,0.3846593030149981,20-40%,-1.0,-20.0,stop,5,-0.0012453360926895252,0.28753518146906587,-0.19303881532162548,0.09954653524282862,0.0,1.0,-0.8960741007161642,0.1959492762662258
2025-10-28 10:40:00-04:00,2025-10-28 10:55:00-04:00,4,2,0.5216626270048091,40-60%,0.0013552637093470514,0.36718856364874064,20-40%,-0.625,-12.5,timeout,15,-0.0014921900415984387,0.509870442755291,-0.25121835738563764,0.48864316663556645,0.04891304347826087,0.5686758893280631,-1.1010329807453907,0.5194610093003158
2025-10-28 15:51:00-04:00,2025-10-28 16:06:00-04:00,4,2,0.5846274967060838,40-60%,0.001276725731110136,0.32828564527108633,20-40%,0.6875,13.75,timeout,15,-0.0013518306125968982,0.3834521680670547,-0.25324798001507637,0.5022169986063336,0.0,1.0,-1.0588261673252697,0.4528408201509471
2025-10-29 10:50:00-04:00,2025-10-29 10:53:00-04:00,4,2,0.34345277092721505,20-40%,0.0012572701078483659,0.31728408616790005,20-40%,-1.0,-20.0,stop,3,-0.0010741949283117778,0.13339255718884588,-0.19464216283736835,0.11026949893754223,0.0,1.0,-0.8543867555636915,0.13014902758247215
2025-10-29 11:05:00-04:00,2025-10-29 11:20:00-04:00,4,2,0.6372834365004153,60-80%,0.0016058447504415665,0.4825753749533367,40-60%,-0.5375,-10.75,timeout,15,-0.001827706267004656,0.8120616289655017,-0.26354402586533027,0.5710755116656352,0.04672897196261682,0.5879354290569244,-1.1381587581876038,0.5780611763135998
2025-10-29 11:38:00-04:00,2025-10-29 11:53:00-04:00,4,2,0.4496485981318007,40-60%,0.0013189007052899849,0.3495201914842223,20-40%,-0.65,-13.0,timeout,15,-0.0012168377872174949,0.2618674608539239,-0.22284477863216157,0.29888464462129477,0.0,1.0,-0.9226151615029659,0.2378422870519841
2025-10-29 11:57:00-04:00,2025-10-29 12:11:00-04:00,4,2,0.4020979462013907,40-60%,0.0012921696922300057,0.33652034519862095,20-40%,1.3,26.0,target,14,-0.0013582345042215454,0.38921999525356643,-0.240732133740625,0.41851277111240986,0.07258064516129033,0.3599706744868035,-1.0511270403483355,0.4406883439527832
2025-10-29 13:26:00-04:00,2025-10-29 13:41:00-04:00,4,2,0.8346034648632215,80-100%,0.0008421357358081897,0.11152638397856782,00-20%,-0.7875,-15.75,timeout,15,-0.0013018255694504884,0.3384138594528856,-0.3856160482752462,1.0,0.0,1.0,-1.5458619247420236,1.0
2025-10-30 11:39:00-04:00,2025-10-30 11:42:00-04:00,4,2,0.6747231245318236,60-80%,0.0017008047603070664,0.5223522694833,40-60%,1.3,26.0,target,3,-0.0018168073902904021,0.8022452796111549,-0.2423007326203695,0.4290033407948506,0.0,1.0,-1.0682045539209288,0.4676438777212887
2025-10-30 11:48:00-04:00,2025-10-30 11:50:00-04:00,4,2,1.0,80-100%,0.0017116367538292704,0.5268363380838402,40-60%,-1.0,-20.0,stop,2,-0.0030549485812576666,1.0,-0.39896118338397085,1.0,0.0,1.0,-1.7848112775231904,1.0
2025-10-30 11:52:00-04:00,2025-10-30 11:56:00-04:00,4,2,0.8070291777188329,80-100%,0.00180623901496356,0.5642460308746349,40-60%,-1.0,-20.0,stop,4,-0.00332943621582972,1.0,-0.39941342385309275,1.0,0.08753315649867374,0.22811671087533156,-1.8432976966212247,1.0
2025-10-30 14:15:00-04:00,2025-10-30 14:30:00-04:00,4,2,0.5629325125220296,40-60%,0.001576397925109382,0.470519774259426,40-60%,0.5,10.0,timeout,15,-0.001569403615968519,0.5794148041410176,-0.22590190408929664,0.3193302716392502,0.0,1.0,-0.9955631068593436,0.3529849743078504
2025-10-30 15:02:00-04:00,2025-10-30 15:17:00-04:00,4,2,0.7527325603592149,60-80%,0.0016158906126574682,0.48662025955774174,40-60%,1.3,26.0,target,15,-0.0017903573115852383,0.7784223463101212,-0.28313516763419433,0.7020983247880815,0.0,1.0,-1.1079693746353567,0.5304095703386568
2025-10-30 15:18:00-04:00,2025-10-30 15:22:00-04:00,4,2,1.0,80-100%,0.0016403482754542024,0.49693669162695714,40-60%,1.3,26.0,target,4,-0.003250857284720541,1.0,-0.44468553906774233,1.0,0.0,1.0,-1.9818091885519853,1.0
2025-10-30 15:23:00-04:00,2025-10-30 15:25:00-04:00,4,2,1.0,80-100%,0.0020993001428775723,0.6655306440633303,60-80%,-1.0,-20.0,stop,2,-0.0045509049153646675,1.0,-0.4985722763121591,1.0,0.0,1.0,-2.1678200379325503,1.0
2025-10-30 15:58:00-04:00,2025-10-30 16:01:00-04:00,4,2,0.5780618940883239,40-60%,0.001954552092441947,0.6170579064098904,60-80%,-1.0,-20.0,both_hit_conservative_stop,3,-0.0018156803275644528,0.8012301620213109,-0.217505568107236,0.2631767521930689,0.0,1.0,-0.9289495708942744,0.24784066213891587
2025-10-31 09:51:00-04:00,2025-10-31 09:54:00-04:00,4,2,0.7580376940133038,60-80%,0.0022945991175457553,0.7212630931728847,60-80%,-1.0,-20.0,stop,3,-0.0035402287952691256,1.0,-0.3387747395651142,1.0,0.10975609756097561,0.03215077605321507,-1.5428528531187025,1.0
2025-10-31 10:04:00-04:00,2025-10-31 10:05:00-04:00,4,2,0.8051567320626074,80-100%,0.0020429523575200993,0.6474055205428314,60-80%,1.3,26.0,target,1,-0.0023505114651957764,1.0,-0.2713099357343705,0.6230128295362117,0.0,1.0,-1.150546392598708,0.5976140987142179
2025-10-31 11:30:00-04:00,2025-10-31 11:38:00-04:00,4,2,0.4444683283545324,40-60%,0.0010471683044751255,0.20639891082368958,20-40%,1.3,26.0,target,8,-0.001069797266593284,0.1294316917801644,-0.2238507829759874,0.30561266081843874,0.005813953488372093,0.9487315010570825,-1.0216096705958848,0.3940974597624439
2025-10-31 11:43:00-04:00,2025-10-31 11:45:00-04:00,4,2,0.8201555023923445,80-100%,0.0016469173551721013,0.49972990184237687,40-60%,-1.0,-20.0,stop,2,-0.0027762135332086314,1.0,-0.3987720125194555,1.0,0.08157894736842106,0.28062200956937794,-1.685703004155008,1.0
2025-10-31 13:12:00-04:00,2025-10-31 13:27:00-04:00,4,2,0.6990551974459435,60-80%,0.0021146960803631607,0.6703001822613583,60-80%,-0.4125,-8.25,timeout,15,-0.0022802851171931484,1.0,-0.2249009171627949,0.3126358112266627,0.0,1.0,-1.0783039408677348,0.48358497855711086
2025-11-03 10:01:00-05:00,2025-11-03 10:08:00-05:00,4,2,1.0,80-100%,0.0023283360706254407,0.7298710994971344,60-80%,1.3,26.0,target,7,-0.005002256240541054,1.0,-0.4642846077152546,1.0,0.0,1.0,-2.1484253513271137,1.0
2025-11-03 10:17:00-05:00,2025-11-03 10:18:00-05:00,4,2,0.8063664628192536,80-100%,0.002572453683971353,0.7862974593205824,60-80%,-1.0,-20.0,stop,1,-0.003032372879308041,1.0,-0.2653685114954667,0.5832774161070533,0.0,1.0,-1.1787861908660937,0.6421884351699609
2025-11-03 10:27:00-05:00,2025-11-03 10:33:00-05:00,4,2,0.94986004070096,80-100%,0.0028178826756434334,0.8307999736489602,80-100%,1.3,26.0,target,6,-0.0038045045248999046,1.0,-0.3107527268776249,0.8868006941722373,0.0,1.0,-1.3501287891736609,0.912639468631603
2025-11-03 11:28:00-05:00,2025-11-03 11:33:00-05:00,4,2,0.3772220218267316,20-40%,0.0019577409562261715,0.6181734337600738,60-80%,-1.0,-20.0,stop,5,-0.0015663197069905657,0.5766372034122192,-0.1799551089611624,0.01204453900183503,0.014084507042253521,0.8758002560819462,-0.8000648410655276,0.04440608881092585
2025-11-03 14:02:00-05:00,2025-11-03 14:17:00-05:00,4,2,0.408336550637052,40-60%,0.0011278224124887045,0.24805990469707284,20-40%,0.4875,9.75,timeout,15,-0.0010135120002581004,0.07873694108846925,-0.2311758943203148,0.3546019798735562,0.0,1.0,-0.89864502516991,0.2000072815861827
2025-11-03 14:18:00-05:00,2025-11-03 14:33:00-05:00,4,2,0.7333606253317183,60-80%,0.00145172844918749,0.41425591251454796,40-60%,0.0,0.0,timeout,15,-0.0017059190034822485,0.7023708455031713,-0.26707786069863537,0.5947093042455851,0.0,1.0,-1.1750951112358685,0.636362351578117
2025-11-03 14:42:00-05:00,2025-11-03 14:52:00-05:00,4,2,0.3942163318252575,20-40%,0.0011681632959468888,0.26906168339225717,20-40%,-1.0,-20.0,stop,10,-0.0010717555526563516,0.1311954717214201,-0.21044366943826376,0.21594776265735324,0.0,1.0,-0.9174706621710871,0.22972209292225673
2025-11-03 15:31:00-05:00,2025-11-03 15:46:00-05:00,4,2,0.4112201172327171,40-60%,0.0011888565478366598,0.27997540569621643,20-40%,-0.575,-11.5,timeout,15,-0.0011473817725103314,0.1993101420584477,-0.22529401671401672,0.31526480598592227,0.019801980198019802,0.8253825382538253,-0.9651137259564249,0.3049229826326731
2025-11-03 15:52:00-05:00,2025-11-03 15:59:00-05:00,4,2,0.24262967360165993,20-40%,0.0010545070014401187,0.21025055446979513,20-40%,-1.0,-20.0,stop,7,-0.0009772250434939547,0.04605417441976486,-0.1925244509791775,0.0961065385385774,0.04716981132075472,0.5840480274442539,-0.9267127123474556,0.24430995400404362
2025-11-04 10:50:00-05:00,2025-11-04 10:52:00-05:00,4,2,0.34259194737665466,20-40%,0.0017961816511883847,0.5602758075495728,40-60%,1.3,26.0,target,2,-0.0014841841388897813,0.5026597237109778,-0.18887385720198613,0.07169187848976472,0.03286384976525822,0.7102005975245411,-0.8262995771657168,0.08581558978133498
2025-11-04 10:56:00-05:00,2025-11-04 10:58:00-05:00,4,2,1.0,80-100%,0.0019017364485281645,0.5988493379301258,40-60%,1.3,26.0,target,2,-0.003257831251339536,1.0,-0.3946982002502033,1.0,0.0,1.0,-1.7130824062718637,1.0
2025-11-04 11:06:00-05:00,2025-11-04 11:21:00-05:00,4,2,0.7282868122530678,60-80%,0.0023609336898905505,0.7383956608621182,60-80%,1.3,26.0,target,15,-0.0030102024417562896,1.0,-0.29185376164271837,0.7604070607947201,0.07272727272727272,0.35867768595041327,-1.2750050772903487,0.794062502267138
2025-11-04 13:20:00-05:00,2025-11-04 13:22:00-05:00,4,2,1.0,80-100%,0.0019559637852060844,0.6175278332857551,60-80%,-1.0,-20.0,stop,2,-0.0029708817776813745,1.0,-0.34542112297571387,1.0,0.0,1.0,-1.51888383627121,1.0
2025-11-04 13:27:00-05:00,2025-11-04 13:31:00-05:00,4,2,0.42263682975438244,40-60%,0.0020082742472654876,0.6358418059245922,60-80%,-1.0,-20.0,stop,4,-0.0017661625310144706,0.7566307043949683,-0.2110991092157802,0.2203312521188526,0.05172413793103448,0.5438871473354232,-0.8794429014958082,0.16969821516828573
2025-11-04 14:32:00-05:00,2025-11-04 14:39:00-05:00,4,2,0.5658057641050146,40-60%,0.0018321348513440138,0.5737938909506137,40-60%,1.3,26.0,target,7,-0.0017365972854727614,0.7300020171831106,-0.21636374368677275,0.2555403903400416,0.0,1.0,-0.9478545120184968,0.277680648896906
2025-11-04 14:40:00-05:00,2025-11-04 14:55:00-05:00,4,2,0.44753573689992837,40-60%,0.002038565315117948,0.6460747930345418,60-80%,0.6125,12.25,timeout,15,-0.0018741250715635623,0.8538699009652615,-0.20017761961619615,0.14728985883470747,0.050314465408805034,0.5563178959405374,-0.9193353078584724,0.23266529185920715
2025-11-04 15:58:00-05:00,2025-11-04 16:00:00-05:00,4,2,0.2494738585835655,20-40%,0.002037953607076778,0.6458815520762423,60-80%,-1.0,-20.0,stop,2,-0.0017609385899948252,0.7519256296060887,-0.17928252640929665,0.007546401065710333,0.10285714285714286,0.09298701298701299,-0.8640719709614486,0.14543639067544997
2025-11-04 16:36:00-05:00,2025-11-04 16:42:00-05:00,4,2,1.0,80-100%,0.001333536294745345,0.35649443334284897,20-40%,-1.0,-20.0,stop,6,-0.0020727403420644874,1.0,-0.3407680705595262,1.0,0.0,1.0,-1.5543186565164335,1.0
2025-11-05 14:09:00-05:00,2025-11-05 14:11:00-05:00,4,2,0.6950820327594577,60-80%,0.0009202616136464802,0.14501416368387535,00-20%,-1.0,-20.0,stop,2,-0.0011495024878446982,0.20122021803683168,-0.3016507898729593,0.8259282138806648,0.0,1.0,-1.2491040273752863,0.7531796991203338
2025-11-05 15:25:00-05:00,2025-11-05 15:35:00-05:00,4,2,0.5020942748243332,40-60%,0.0010386573866151998,0.2021783526208305,20-40%,1.3,26.0,target,10,-0.001110589971402173,0.16617267454484683,-0.23391218977113093,0.3729019407298381,0.0,1.0,-1.0692553537999558,0.46930248402264807
2025-11-05 15:36:00-05:00,2025-11-05 15:48:00-05:00,4,2,0.4428236742908858,40-60%,0.0011464758236775572,0.258161136608182,20-40%,1.3,26.0,target,12,-0.0013029192979513429,0.33939895372862433,-0.2528439205840432,0.49951470570542883,0.07291666666666667,0.3570075757575757,-1.1364559732031339,0.5753734619719144
2025-11-05 15:50:00-05:00,2025-11-05 15:57:00-05:00,4,2,1.0,80-100%,0.001474337639065013,0.424493291464459,40-60%,1.3,26.0,target,7,-0.002224012573594752,1.0,-0.33429773476688773,1.0,0.0,1.0,-1.508482531182724,1.0
2025-11-05 15:58:00-05:00,2025-11-05 16:01:00-05:00,4,2,1.0,80-100%,0.0017104738304400224,0.5262917499286326,40-60%,1.3,26.0,target,3,-0.003100241959864492,1.0,-0.40757118761938455,1.0,0.0,1.0,-1.81250476019674,1.0
2025-11-05 16:02:00-05:00,2025-11-05 16:05:00-05:00,4,2,0.9533155080213904,80-100%,0.0017119035288020194,0.5269285667230286,40-60%,-1.0,-20.0,stop,3,-0.0035249012403953377,1.0,-0.48260901859588157,1.0,0.021176470588235293,0.8132620320855615,-2.0590536680896054,1.0
2025-11-05 16:08:00-05:00,2025-11-05 16:12:00-05:00,4,2,0.8065294982154104,80-100%,0.0019578846681866176,0.6182393113594941,60-80%,1.3,26.0,target,4,-0.003226986530956758,1.0,-0.37418938996906087,1.0,0.08775981524249422,0.22611799286164183,-1.6482005214053674,1.0
2025-11-05 16:13:00-05:00,2025-11-05 16:18:00-05:00,4,2,1.0,80-100%,0.0020543076426518957,0.6509804782713718,60-80%,-1.0,-20.0,stop,5,-0.004689250242357989,1.0,-0.5247067994541712,1.0,0.0,1.0,-2.2826426504964266,1.0
2025-11-06 15:30:00-05:00,2025-11-06 15:33:00-05:00,4,2,0.7401642630970776,60-80%,0.0017906671533474325,0.5581633325281626,40-60%,1.3,26.0,target,3,-0.0019504019133548232,0.9225705704287496,-0.2584932345544116,0.5372965265580539,0.0,1.0,-1.089204048730545,0.5007899554015071
2025-11-06 15:34:00-05:00,2025-11-06 15:35:00-05:00,4,2,0.7723198753861512,60-80%,0.0017233726267555714,0.5316410110015591,40-60%,-1.0,-20.0,stop,1,-0.0020291502094430085,0.9934972178006016,-0.2922931863213087,0.7633458715196689,0.03488372093023256,0.6923890063424948,-1.177429754854059,0.6400474058818394
2025-11-06 15:39:00-05:00,2025-11-06 15:43:00-05:00,4,2,0.7592877892829173,60-80%,0.001889847212000846,0.5946814818068029,40-60%,1.3,26.0,target,4,-0.0021169603683788563,1.0,-0.2716458536205904,0.6252594013261533,0.015625,0.8622159090909091,-1.1201754062105147,0.5496758467146063
2025-11-06 15:44:00-05:00,2025-11-06 15:47:00-05:00,4,2,0.9210312075983718,80-100%,0.0018262859393684248,0.5718658732075803,40-60%,1.3,26.0,target,3,-0.0028993308900690084,1.0,-0.3775368799830229,1.0,0.03582089552238806,0.6841248303934871,-1.5875558298782442,1.0
2025-11-06 15:48:00-05:00,2025-11-06 15:55:00-05:00,4,2,1.0,80-100%,0.002001287332677012,0.6333735918663124,60-80%,1.3,26.0,target,7,-0.004182266666583306,1.0,-0.4946238079952712,1.0,0.0,1.0,-2.089788206968221,1.0
2025-11-06 15:56:00-05:00,2025-11-06 16:00:00-05:00,4,2,0.7956571058175336,60-80%,0.0023963610403091237,0.7472276510243967,60-80%,1.3,26.0,target,4,-0.005305829792405689,1.0,-0.5115211583787708,1.0,0.09269162210338681,0.18262842327013445,-2.2141195350602314,1.0
2025-11-10 10:51:00-05:00,2025-11-10 10:52:00-05:00,4,2,0.886153888250395,80-100%,0.0019736040468267893,0.623843299150179,60-80%,1.3,26.0,target,1,-0.002454961412355877,1.0,-0.29772210754298406,0.7996537365270334,0.0,1.0,-1.2438976380814715,0.7449618164745466
2025-11-10 10:56:00-05:00,2025-11-10 11:01:00-05:00,4,2,1.0,80-100%,0.00227150066428878,0.7153385010650212,60-80%,1.3,26.0,target,5,-0.004660300234516548,1.0,-0.4901075462690993,1.0,0.0,1.0,-2.051639388789576,1.0
2025-11-10 11:02:00-05:00,2025-11-10 11:06:00-05:00,4,2,0.8812130816885175,80-100%,0.0024128162682446504,0.7506928127539032,60-80%,1.3,26.0,target,4,-0.005370400300982118,1.0,-0.5213746985196888,1.0,0.05388272583201268,0.52485232675407,-2.225780873439295,1.0
2025-11-10 11:07:00-05:00,2025-11-10 11:08:00-05:00,4,2,0.9964727272727273,80-100%,0.00244399271809152,0.7580535365291289,60-80%,-1.0,-20.0,stop,1,-0.006542423119552502,1.0,-0.6362844481410108,1.0,0.0016,0.985890909090909,-2.6769405125975125,1.0
2025-11-10 11:22:00-05:00,2025-11-10 11:33:00-05:00,4,2,0.4468728897402638,40-60%,0.002400376793317999,0.7481235863765124,60-80%,-1.0,-20.0,stop,11,-0.0022110171924298694,1.0,-0.20535136679171634,0.18189115554924146,0.07142857142857142,0.37012987012987014,-0.921112551406406,0.23547053328194362
2025-11-11 09:54:00-05:00,2025-11-11 09:57:00-05:00,4,2,0.6291372644536448,60-80%,0.0018624382130123613,0.5848481521333363,40-60%,-1.0,-20.0,stop,3,-0.002040175717927812,1.0,-0.17904048474702589,0.005927660317585605,0.0,1.0,-1.0954326987460017,0.5106213974969941
2025-11-12 14:29:00-05:00,2025-11-12 14:42:00-05:00,4,2,0.5101343949503027,40-60%,0.0015484280909492808,0.4582401897274863,40-60%,-1.0,-20.0,stop,13,-0.0014796836370780525,0.4986062327676383,-0.21583723588273473,0.2520191798649269,0.0,1.0,-0.9556037156177632,0.28991216716864526
2025-11-13 09:31:00-05:00,2025-11-13 09:35:00-05:00,4,2,0.6274374926015862,60-80%,0.0020126244476190735,0.6371725334328817,60-80%,1.3,26.0,target,4,-0.0017581440086999718,0.7494086191830305,-0.267858803104205,0.5999321377114203,0.0,1.0,-0.8735579113032483,0.1604092135118941
2025-11-14 12:50:00-05:00,2025-11-14 12:52:00-05:00,4,2,0.6744865602460335,60-80%,0.0026423286732134054,0.8002942532774105,80-100%,1.3,26.0,target,2,-0.0026479689870458458,1.0,-0.2281834115068101,0.3345886738053468,0.0,1.0,-1.0021345996391815,0.3633575671787874
2025-11-14 15:19:00-05:00,2025-11-14 15:22:00-05:00,4,2,0.5585399860715542,40-60%,0.002186981062540602,0.6928303212630932,60-80%,1.3,26.0,target,3,-0.0019754014964103814,0.9450870780854902,-0.1903836492214638,0.08178915612450538,0.0,1.0,-0.9032549619408089,0.2072837100762214
2025-11-14 15:23:00-05:00,2025-11-14 15:27:00-05:00,4,2,1.0,80-100%,0.002287823020478438,0.7195898021476097,60-80%,-1.0,-20.0,stop,4,-0.004078248961460844,1.0,-0.3966832158519098,1.0,0.0,1.0,-1.782589354576905,1.0
2025-11-14 15:37:00-05:00,2025-11-14 15:41:00-05:00,4,2,0.7674421810277998,60-80%,0.0022054681132350163,0.697858978018841,60-80%,1.3,26.0,target,4,-0.0030863615291619683,1.0,-0.3255674427545449,0.9858794396942946,0.102803738317757,0.09345794392523367,-1.399413353854771,0.990431340491671
2025-11-14 15:42:00-05:00,2025-11-14 15:46:00-05:00,4,2,1.0,80-100%,0.002108363589686591,0.6683765563582863,60-80%,-1.0,-20.0,stop,4,-0.0031883514511981594,1.0,-0.3506631764075437,1.0,0.0,1.0,-1.5122398559691068,1.0
2025-11-14 15:48:00-05:00,2025-11-14 15:50:00-05:00,4,2,0.8962245016146562,80-100%,0.0022312457276514133,0.704675113638859,60-80%,1.3,26.0,target,2,-0.0028451201786571473,1.0,-0.29637494683183563,0.7906441143117919,0.0,1.0,-1.2751263311781853,0.7942538921468326
2025-11-17 09:31:00-05:00,2025-11-17 09:32:00-05:00,4,2,1.0,80-100%,0.0019605269252034345,0.6191176793517644,60-80%,-1.0,-20.0,stop,1,-0.003630665767818422,1.0,-0.3485128543736275,1.0,0.0,1.0,-1.8518826347879336,1.0
2025-11-17 12:38:00-05:00,2025-11-17 12:41:00-05:00,4,2,0.7409555403348196,60-80%,0.001891840011985133,0.5953666088407739,40-60%,1.3,26.0,target,3,-0.0020859374107825607,1.0,-0.2442279390363092,0.44189222746940654,0.0,1.0,-1.1025971528077358,0.5219299338698715
2025-11-17 12:42:00-05:00,2025-11-17 12:44:00-05:00,4,2,1.0,80-100%,0.0020192400795375964,0.6395968290915479,60-80%,-1.0,-20.0,stop,2,-0.003191397762039141,1.0,-0.345627755048527,1.0,0.0,1.0,-1.5804944614460936,1.0
2025-11-17 12:45:00-05:00,2025-11-17 12:46:00-05:00,4,2,1.0,80-100%,0.002143471534799867,0.6795537890599267,60-80%,1.3,26.0,target,1,-0.0034677787790638004,1.0,-0.3564404209635749,1.0,0.0,1.0,-1.6178329045958535,1.0
2025-11-17 12:47:00-05:00,2025-11-17 12:50:00-05:00,4,2,0.8308139534883721,80-100%,0.0023751543703818124,0.7419003491512769,60-80%,-1.0,-20.0,stop,3,-0.004109777086168828,1.0,-0.3895274402143953,1.0,0.07674418604651163,0.3232558139534883,-1.7303199898995074,1.0
2025-11-17 12:51:00-05:00,2025-11-17 12:53:00-05:00,4,2,0.9538583509513742,80-100%,0.002546450359996679,0.7810536024067283,60-80%,1.3,26.0,target,2,-0.003786053327032731,1.0,-0.3311608749839193,1.0,0.020930232558139535,0.8154334038054968,-1.4867964388819535,1.0
2025-11-17 12:54:00-05:00,2025-11-17 12:58:00-05:00,4,2,0.853030303030303,80-100%,0.0025615194695688616,0.7840971474999451,60-80%,1.3,26.0,target,4,-0.004703431717636064,1.0,-0.4122821007158427,1.0,0.06666666666666667,0.4121212121212121,-1.8361881584400823,1.0
2025-11-17 13:16:00-05:00,2025-11-17 13:17:00-05:00,4,2,0.7856113733959383,60-80%,0.0025190061799583692,0.7749752959002174,60-80%,-1.0,-20.0,stop,1,-0.00318613411829472,1.0,-0.2895608317374142,0.7450722666295837,0.04316546762589928,0.6193590582079791,-1.2648377537316626,0.7780141687461907
2025-11-17 15:00:00-05:00,2025-11-17 15:06:00-05:00,4,2,1.0,80-100%,0.002412716908184803,0.7506664617141351,60-80%,-1.0,-20.0,stop,6,-0.00443786972973329,1.0,-0.39757057328668,1.0,0.0,1.0,-1.8393661165462225,1.0
2025-11-24 14:33:00-05:00,2025-11-24 14:39:00-05:00,4,2,0.59113166538247,40-60%,0.0011782233568061594,0.2743538505456861,20-40%,-1.0,-20.0,stop,6,-0.0013103429612454508,0.3460852640975359,-0.25014389934015974,0.4814573416662276,0.0,1.0,-1.1121345996716883,0.5369840557661164
2025-11-24 14:45:00-05:00,2025-11-24 15:00:00-05:00,4,2,0.37625131775999093,20-40%,0.0012191817459200473,0.29662487098970114,20-40%,0.1,2.0,timeout,15,-0.0013795227451909,0.4083937886612306,-0.25597124037153485,0.520429782576643,0.11242603550295859,0.008606777837547019,-1.1315152558733994,0.5675749219645431
2025-11-25 09:31:00-05:00,2025-11-25 09:32:00-05:00,4,2,0.9282189538247371,80-100%,0.0016788553510382095,0.5131996750038429,40-60%,-1.0,-20.0,stop,1,-0.00220996765039938,1.0,-0.3057805581692074,0.8535475260219446,0.0,1.0,-1.3163538175178278,0.8593282892770039
2025-11-25 14:17:00-05:00,2025-11-25 14:20:00-05:00,4,2,0.5383963059837862,40-60%,0.0013296432285997278,0.3546410768791585,20-40%,1.3,26.0,target,3,-0.0013556908924567577,0.3869290268942007,-0.23433754946728957,0.37574668682157375,0.0,1.0,-1.0195899646587612,0.39090951021937004
2025-11-25 14:21:00-05:00,2025-11-25 14:36:00-05:00,4,2,0.9919834710743802,80-100%,0.0012866240914133009,0.33328795098706604,20-40%,-0.0375,-0.75,timeout,15,-0.0028103248388769196,1.0,-0.5299379249575474,1.0,0.0036363636363636364,0.9679338842975207,-2.184262565602902,1.0
2025-11-25 14:37:00-05:00,2025-11-25 14:52:00-05:00,4,2,1.0,80-100%,0.001291811389742577,0.33634027976020553,20-40%,-1.0,-20.0,stop,15,-0.0022377576322260106,1.0,-0.40349056522546894,1.0,0.0,1.0,-1.732263432568074,1.0
2025-11-26 12:09:00-05:00,2025-11-26 12:12:00-05:00,4,2,0.4042254042306359,40-60%,0.001283352363367283,0.33157513340213884,20-40%,-1.0,-20.0,stop,3,-0.0011526928373394112,0.20409368711292547,-0.2100807516178013,0.2135206190875573,0.0,1.0,-0.8981888920319241,0.19928731072206085
2025-11-26 12:14:00-05:00,2025-11-26 12:25:00-05:00,4,2,0.7339859265673286,60-80%,0.0014251911916345033,0.401660115505391,40-60%,-1.0,-20.0,stop,11,-0.0018649162043285208,0.8455757014521372,-0.3065358871765656,0.8585990606667676,0.06976744186046512,0.38477801268498946,-1.3085375599253541,0.8469909314654203
2025-11-26 13:45:00-05:00,2025-11-26 13:49:00-05:00,4,2,0.43406542328734604,40-60%,0.0018250656891148822,0.5714881749709041,40-60%,-1.0,-20.0,stop,4,-0.001515574032541965,0.5309318264573685,-0.1950516255803513,0.11300792843222963,0.0,1.0,-0.8304216344546952,0.09232193825978612
2025-11-26 15:48:00-05:00,2025-11-26 15:55:00-05:00,4,2,0.6172822920821364,60-80%,0.0009688310791602129,0.1680317969213202,00-20%,1.3,26.0,target,7,-0.0011328679369704939,0.18623788847985182,-0.27619054357963135,0.6556536514534855,0.0,1.0,-1.1693141986655393,0.627237628395208
2025-11-26 16:00:00-05:00,2025-11-26 16:01:00-05:00,4,2,0.9665770218857738,80-100%,0.0013786263649134968,0.37899822130481564,20-40%,-1.0,-20.0,stop,1,-0.0019157468472752624,0.8913576074368809,-0.3590095863521904,1.0,0.0,1.0,-1.3896055494306956,0.9749504801062141
2025-11-28 11:28:00-05:00,2025-11-28 11:30:00-05:00,4,2,0.30137475919697543,20-40%,0.001295719745131415,0.33830782406289117,20-40%,-1.0,-20.0,stop,2,-0.0010237361410054917,0.08794557240486418,-0.19144551419867983,0.0888907604165105,0.0,1.0,-0.7900907158759566,0.02866270396652705
2025-11-28 12:40:00-05:00,2025-11-28 12:51:00-05:00,4,2,0.5921263229379131,40-60%,0.0011425561616624717,0.2561584575858056,20-40%,-1.0,-20.0,stop,11,-0.0012755911075038621,0.3147851268464692,-0.25440370110348126,0.509946299428831,0.0,1.0,-1.116436242090558,0.5437738654763523
2025-12-01 14:16:00-05:00,2025-12-01 14:24:00-05:00,4,2,0.5233764331451973,40-60%,0.0011812987715795562,0.27602714157096114,20-40%,1.3,26.0,target,8,-0.001195922339533449,0.2430294331606071,-0.2485725500418485,0.47094837756950886,0.0,1.0,-1.0123792289518248,0.3795279218506731
2025-12-01 14:25:00-05:00,2025-12-01 14:33:00-05:00,4,2,0.9676752865902426,80-100%,0.0012515431626684784,0.3144074309932146,20-40%,1.3,26.0,target,8,-0.0029765400755285016,1.0,-0.5689302384507063,1.0,0.01466275659824047,0.8707011463609704,-2.378295982363141,1.0
2025-12-01 14:34:00-05:00,2025-12-01 14:37:00-05:00,4,2,0.8407120336311088,80-100%,0.0014978889384810255,0.43494587057247636,40-60%,-1.0,-20.0,stop,3,-0.0036212172582895745,1.0,-0.55511730088047,1.0,0.07225433526011561,0.36284813452443504,-2.417547232815383,1.0
2025-12-01 14:46:00-05:00,2025-12-01 15:01:00-05:00,4,2,0.6768913836625307,60-80%,0.0018580107618043845,0.5831880366279453,40-60%,-0.0875,-1.75,timeout,15,-0.0024058960901114012,1.0,-0.2861054256627541,0.721962994606353,0.09523809523809523,0.16017316017316022,-1.2948773707720318,0.8254293798706095
2025-12-02 12:56:00-05:00,2025-12-02 12:58:00-05:00,4,2,0.3881503834876005,20-40%,0.0015561554913344534,0.4616043391378818,40-60%,1.3,26.0,target,2,-0.0012875808331971473,0.32558397696229363,-0.19900491892898417,0.13944700083276423,0.0,1.0,-0.8274114253794814,0.08757055615534408
2025-12-02 12:59:00-05:00,2025-12-02 13:03:00-05:00,4,2,1.0,80-100%,0.0016396630599861094,0.49662926282966247,40-60%,-1.0,-20.0,stop,4,-0.0034953390769790413,1.0,-0.5183022865584103,1.0,0.0,1.0,-2.1317422843011737,1.0
2025-12-02 15:55:00-05:00,2025-12-02 15:58:00-05:00,4,2,0.7176794801271746,60-80%,0.0011614001949328927,0.26555260326313707,20-40%,-1.0,-20.0,stop,3,-0.0014303388861952866,0.45416263310429383,-0.281484795949083,0.6910608700326583,0.0,1.0,-1.2315641864326823,0.7254944173717462
2025-12-02 16:02:00-05:00,2025-12-02 16:17:00-05:00,4,2,0.9577365465612429,80-100%,0.001350377844979762,0.36472913327038364,20-40%,-0.2875,-5.75,timeout,15,-0.0019324237633715955,0.9063780943041776,-0.31639988424123144,0.9245680919407936,0.0,1.0,-1.4310244873726854,1.0
2025-12-03 11:11:00-05:00,2025-12-03 11:18:00-05:00,4,2,0.5180919087743475,40-60%,0.00212933544934951,0.6749555326203913,60-80%,-1.0,-20.0,stop,7,-0.0018688607812736779,0.8491284845841938,-0.18657750262843323,0.056334180622881175,0.0,1.0,-0.8776732580320286,0.16690496989031506
2025-12-03 16:02:00-05:00,2025-12-03 16:17:00-05:00,4,2,0.4543449424783855,40-60%,0.0011325088377849952,0.25074771075342017,20-40%,-0.1875,-3.75,timeout,15,-0.0010899078515419587,0.14754479946568194,-0.27362248767051806,0.6384788530962761,0.030534351145038167,0.7307425399028453,-0.962383528656291,0.3006135774487388
2025-12-04 11:05:00-05:00,2025-12-04 11:07:00-05:00,4,2,0.8924714045414188,80-100%,0.0019178549322840155,0.6042205582028591,60-80%,1.3,26.0,target,2,-0.0024204647489032695,1.0,-0.2972119883418767,0.7962421307336902,0.0,1.0,-1.2620687353139295,0.7736434874319855
2025-12-04 12:30:00-05:00,2025-12-04 12:37:00-05:00,4,2,0.702509008860238,60-80%,0.0013153957866671809,0.3478732514987154,20-40%,-1.0,-20.0,stop,7,-0.0015940261220990602,0.6015916879148137,-0.25502639080100264,0.5141107609407823,0.0,1.0,-1.2118224326518827,0.694333586585356
2025-12-04 13:08:00-05:00,2025-12-04 13:11:00-05:00,4,2,0.8156805622431029,80-100%,0.0014658469296528077,0.4206065130986627,40-60%,-1.0,-20.0,stop,3,-0.0017984746824617399,0.7857334619830171,-0.29161754283282804,0.7588272624680368,0.0,1.0,-1.2269184770115913,0.7181615245213577
2025-12-04 14:01:00-05:00,2025-12-04 14:16:00-05:00,4,2,0.24058611476860142,20-40%,0.00109087807574416,0.22969762181866094,20-40%,0.5,10.0,timeout,15,-0.0010051417709435126,0.07119808205903073,-0.21136291279750444,0.22209553353731584,0.06428571428571428,0.4331168831168832,-0.9214061527983675,0.2359339603611759
2025-12-04 14:17:00-05:00,2025-12-04 14:20:00-05:00,4,2,0.4223756058844363,40-60%,0.001053854555128203,0.20987724807308022,20-40%,1.3,26.0,target,3,-0.001015557459020822,0.08057923532953774,-0.2239527843648576,0.30629483182561357,0.0,1.0,-0.9636599795284634,0.3026283563825937
2025-12-04 15:07:00-05:00,2025-12-04 15:12:00-05:00,4,2,0.4323865580148906,40-60%,0.0016081287199465456,0.48351522870506597,40-60%,-1.0,-20.0,stop,5,-0.001364263291833724,0.3946499755107892,-0.21019259664310244,0.21426862295693858,0.0,1.0,-0.8483545346289644,0.1206276335918346
2025-12-05 10:43:00-05:00,2025-12-05 10:47:00-05:00,4,2,0.3371692920704284,20-40%,0.001550355606466077,0.4591053821998726,40-60%,1.3,26.0,target,4,-0.001264598131760491,0.30488402481825166,-0.18970831090811646,0.07727258804143607,0.011627906976744186,0.8974630021141649,-0.8156826256416426,0.069057553307861
2025-12-05 10:52:00-05:00,2025-12-05 10:53:00-05:00,4,2,0.8781583816470777,80-100%,0.0020421938380169114,0.6471683611849184,60-80%,1.3,26.0,target,1,-0.00256975882138022,1.0,-0.28953319574960323,0.7448874410125201,0.0,1.0,-1.2583324724334712,0.7677460855757906
2025-12-05 11:31:00-05:00,2025-12-05 11:32:00-05:00,4,2,0.8104082006412885,80-100%,0.0023827652837829184,0.7437668811348515,60-80%,1.3,26.0,target,1,-0.00275209226733697,1.0,-0.27339988424277323,0.6369901125390421,0.0,1.0,-1.1549993136410406,0.6046426900261119
2025-12-05 14:01:00-05:00,2025-12-05 14:16:00-05:00,4,2,0.449238724435037,40-60%,0.0010728797977916876,0.22022442302202508,20-40%,-0.4875,-9.75,timeout,15,-0.0010771303214907244,0.1360363934017302,-0.2222156110117912,0.2946768596683271,0.0,1.0,-1.003961789296234,0.36624164467009074
2025-12-05 14:24:00-05:00,2025-12-05 14:27:00-05:00,4,2,0.47812983277819165,40-60%,0.0009831835951029271,0.17535299413689365,00-20%,-1.0,-20.0,stop,3,-0.0010008276909847494,0.06731249667917033,-0.24647083220146154,0.4568923829222352,0.0,1.0,-1.0179458810843718,0.3883144515113611
2025-12-05 15:28:00-05:00,2025-12-05 15:43:00-05:00,4,2,0.26553907762334167,20-40%,0.0009283170576222349,0.14849689277322733,00-20%,0.0875,1.75,timeout,15,-0.0009620843335490203,0.032417310531036574,-0.22520494583978679,0.3146691124502127,0.07964601769911504,0.29766693483507645,-1.0363747231072926,0.417402952677041
2025-12-05 15:47:00-05:00,2025-12-05 15:52:00-05:00,4,2,0.3891904077446948,20-40%,0.0010439794809777654,0.20487933419706186,20-40%,1.3,26.0,target,5,-0.000991399928160398,0.05882114330944893,-0.21066810555740748,0.21744875999806104,0.0,1.0,-0.9496354537848553,0.2804917276712693
2025-12-08 10:26:00-05:00,2025-12-08 10:29:00-05:00,4,2,1.0,80-100%,0.001885304045159751,0.592946705022069,40-60%,-1.0,-20.0,stop,3,-0.002993135352017965,1.0,-0.35569178052037276,1.0,0.0,1.0,-1.5876141356098041,1.0
2025-12-08 11:00:00-05:00,2025-12-08 11:02:00-05:00,4,2,0.23674459651931284,20-40%,0.0018000940869260138,0.5618480862557368,40-60%,1.3,26.0,target,2,-0.001445741579781759,0.4680354591951725,-0.18253627443802728,0.029307012312648397,0.068,0.4003636363636363,-0.8031477855974875,0.04927227820579421
2025-12-08 11:03:00-05:00,2025-12-08 11:06:00-05:00,4,2,1.0,80-100%,0.0019187744452743246,0.60458068907969,60-80%,-1.0,-20.0,stop,3,-0.0029700509769418565,1.0,-0.3721632365198686,1.0,0.0,1.0,-1.5478895835082025,1.0
2025-12-08 12:01:00-05:00,2025-12-08 12:08:00-05:00,4,2,0.7000149217701865,60-80%,0.0015263345845349834,0.44822240277564285,40-60%,-1.0,-20.0,stop,7,-0.001698924101868073,0.6960707102007663,-0.26271354380252626,0.565521363908446,0.0,1.0,-1.1130744982664933,0.538467612971534
2025-12-08 13:28:00-05:00,2025-12-08 13:31:00-05:00,4,2,0.31207032775572,20-40%,0.001402354098139278,0.3907332176815477,20-40%,1.3,26.0,target,3,-0.0011283254245720385,0.18214655963755255,-0.1803342285973418,0.014580038046670091,0.0,1.0,-0.8045938084176913,0.05155471333865743
2025-12-08 13:32:00-05:00,2025-12-08 13:36:00-05:00,4,2,0.45799861802091635,40-60%,0.0014860805569980884,0.42989525461692174,40-60%,1.3,26.0,target,4,-0.001621262044129595,0.6261224109103151,-0.2354584453596317,0.38324308160880705,0.07722007722007722,0.31905931905931906,-1.090965113899731,0.5035696605052239
2025-12-08 13:43:00-05:00,2025-12-08 13:57:00-05:00,4,2,0.8150549115314216,80-100%,0.001515483687023212,0.44308395002086126,40-60%,1.3,26.0,target,14,-0.002682389512529832,1.0,-0.37361455502860086,1.0,0.08389261744966443,0.2602196461256864,-1.769989037492521,1.0
2025-12-08 13:58:00-05:00,2025-12-08 14:13:00-05:00,4,2,1.0,80-100%,0.0015741963129385108,0.4695228265881991,40-60%,0.725,14.5,timeout,15,-0.002395881777123369,1.0,-0.3315730670148114,1.0,0.0,1.0,-1.521971406889551,1.0
2025-12-08 15:06:00-05:00,2025-12-08 15:16:00-05:00,4,2,0.5393342242459518,40-60%,0.0010395517404456222,0.20254726717758406,20-40%,-1.0,-20.0,stop,10,-0.0011698565117955995,0.219552585225414,-0.23496535823247772,0.3799453839413409,0.0,1.0,-1.1253470763216844,0.5578389278170526
2025-12-09 11:47:00-05:00,2025-12-09 11:50:00-05:00,4,2,0.37160226957457865,20-40%,0.0011491850645512175,0.25955774171589185,20-40%,-1.0,-20.0,stop,3,-0.001127336089600655,0.18125549003816246,-0.22119881846285985,0.28787669346593375,0.03546099290780142,0.6872985170857511,-0.9809874182805405,0.3299783777084673
2025-12-09 12:37:00-05:00,2025-12-09 12:52:00-05:00,4,2,0.823264561932861,80-100%,0.0008476582325952061,0.11333143020268341,00-20%,-0.3,-6.0,timeout,15,-0.0012514682316452012,0.2930582477314441,-0.34943538170869276,1.0,0.0,1.0,-1.4763830321256752,1.0
2025-12-09 13:46:00-05:00,2025-12-09 13:50:00-05:00,4,2,0.6709902001420435,60-80%,0.0008896819422245038,0.13133797404422584,00-20%,-1.0,-20.0,stop,4,-0.0011169742716598077,0.17192285627045767,-0.2901183208877703,0.7488006760110617,0.0,1.0,-1.2554759388135905,0.7632372682866545
2025-12-09 16:18:00-05:00,2025-12-09 16:33:00-05:00,4,2,0.3691635573709019,20-40%,0.0010288467267911285,0.19730341026373,00-20%,-0.025,-0.5,timeout,15,-0.000934584009561422,0.007648447216256759,-0.2160784309708384,0.253632258843554,0.0,1.0,-0.9083802137139488,0.21537352342379681
2025-12-10 10:37:00-05:00,2025-12-10 10:45:00-05:00,4,2,0.9639705796850173,80-100%,0.0018003815317353077,0.5619754496146161,40-60%,-1.0,-20.0,stop,8,-0.0024543446468640044,1.0,-0.31609878308197487,0.9225543695459649,0.0,1.0,-1.3632358495137256,0.9333279491941043
2025-12-10 10:55:00-05:00,2025-12-10 11:01:00-05:00,4,2,0.969972813532951,80-100%,0.0020989060523300324,0.665438415424142,60-80%,1.3,26.0,target,6,-0.0029188071018370907,1.0,-0.31322272764703746,0.9033197134841886,0.0,1.0,-1.3906325624231117,0.9765715406476149
2025-12-10 11:02:00-05:00,2025-12-10 11:08:00-05:00,4,2,1.0,80-100%,0.002343830207756788,0.7338281473023123,60-80%,-1.0,-20.0,stop,6,-0.003568720935263372,1.0,-0.3320979056981862,1.0,0.0,1.0,-1.5226021592574708,1.0
2025-12-10 12:30:00-05:00,2025-12-10 12:38:00-05:00,4,2,0.07741135203018806,00-20%,0.001201514875220253,0.2868310678758866,20-40%,-1.0,-20.0,stop,8,-0.001033072904202097,0.09635496465506,-0.18414675885566673,0.040077706607982454,0.10948905109489052,0.034505640345056356,-0.8598086677975765,0.13870709651265342
2025-12-10 13:23:00-05:00,2025-12-10 13:27:00-05:00,4,2,0.2666173550631056,20-40%,0.0011660872286232723,0.26797250708184195,20-40%,1.3,26.0,target,4,-0.000936343214040917,0.009232919287022565,-0.17938490603409576,0.00823110166181951,0.0,1.0,-0.8029787061010865,0.04900539930358019
2025-12-10 13:28:00-05:00,2025-12-10 13:37:00-05:00,4,2,0.811284046692607,80-100%,0.0012043122192305134,0.288346252662553,20-40%,-1.0,-20.0,stop,9,-0.002037516094891389,1.0,-0.4066652887904785,1.0,0.08560311284046693,0.245136186770428,-1.691850387595706,1.0
2025-12-10 15:52:00-05:00,2025-12-10 16:00:00-05:00,4,2,0.43552019705409223,40-60%,0.0017279990748731485,0.533437273545752,40-60%,1.3,26.0,target,8,-0.0014656087532952593,0.48592933220658924,-0.1984657142113488,0.1358408751772518,0.0,1.0,-0.8481536677922404,0.12031058083252809
2025-12-10 16:02:00-05:00,2025-12-10 16:09:00-05:00,4,2,0.8708293390109574,80-100%,0.0016325816474170901,0.4937482158150157,40-60%,1.3,26.0,target,7,-0.0020518531399109727,1.0,-0.28550784335358487,0.7179664477923232,0.0,1.0,-1.2568150224873669,0.7653509082515063
2025-12-11 15:20:00-05:00,2025-12-11 15:32:00-05:00,4,2,0.35663565261828944,20-40%,0.0009515486573637907,0.15971365203451987,00-20%,1.3,26.0,target,12,-0.0009437778777923275,0.015929137496418132,-0.24869457780990165,0.47176448219669226,0.046296296296296294,0.5917508417508418,-0.9918335447049111,0.3470981490292056
2025-12-11 15:33:00-05:00,2025-12-11 15:48:00-05:00,4,2,0.7179303448241325,60-80%,0.0008887542940202481,0.13099980236720174,00-20%,-0.3,-6.0,timeout,15,-0.001243128023983032,0.2855464284636308,-0.30646132447844804,0.8581003957815545,0.02962962962962963,0.7387205387205387,-1.398730821721026,0.9893540163308059
