entry_timestamp,exit_timestamp,window,volatility,volatility_bucket,hmm_state,pnl_R,pnl_points,exit_reason,holding_bars,past_return_30,directional_pressure_30,close_location_30,normalized_momentum_30
2024-12-27 09:44:00-05:00,2024-12-27 09:46:00-05:00,1,0.003196144956592746,EXTREME,2,1.3,26.0,target,2,-0.007993612474981284,-0.677641255780945,0.0,-2.5010168761253193
2024-12-27 09:57:00-05:00,2024-12-27 10:01:00-05:00,1,0.004038849426731579,EXTREME,2,1.3,26.0,target,4,-0.007060705990661856,-0.37707434802172946,0.07219917012448132,-1.7481973811476557
2024-12-27 10:06:00-05:00,2024-12-27 10:07:00-05:00,1,0.004325775025222909,EXTREME,2,-1.0,-20.0,stop,1,-0.007746829357858493,-0.40039177729292713,0.0,-1.7908535031729476
2024-12-27 10:08:00-05:00,2024-12-27 10:10:00-05:00,1,0.004386945164558135,EXTREME,2,-1.0,-20.0,stop,2,-0.007936066444779977,-0.40369802421309525,0.0,-1.8090188381872148
2024-12-27 10:11:00-05:00,2024-12-27 10:13:00-05:00,1,0.00426203657515556,EXTREME,2,1.3,26.0,target,2,-0.006136483589618718,-0.3059049206196975,0.022082018927444796,-1.4398007810138849
2024-12-27 10:14:00-05:00,2024-12-27 10:17:00-05:00,1,0.004308891966809876,EXTREME,2,1.3,26.0,target,3,-0.0056649210023340685,-0.27967054213548537,0.04261363636363636,-1.3147048118099234
2024-12-27 10:18:00-05:00,2024-12-27 10:19:00-05:00,1,0.004328693617754441,EXTREME,2,-1.0,-20.0,stop,1,-0.009506502578171747,-0.47721057560602925,0.0,-2.1961597233817054
2024-12-27 10:20:00-05:00,2024-12-27 10:22:00-05:00,1,0.0043326928744797395,EXTREME,2,-1.0,-20.0,stop,2,-0.00903829380527513,-0.4526000484158177,0.04878048780487805,-2.086068426061801
2024-12-27 10:33:00-05:00,2024-12-27 10:35:00-05:00,1,0.003881534247491373,EXTREME,2,-1.0,-20.0,stop,2,-0.005136312265921553,-0.296093771716569,0.0,-1.3232685681547547
2024-12-27 12:03:00-05:00,2024-12-27 12:09:00-05:00,1,0.0025820958736452945,HIGH,2,1.3,26.0,target,6,-0.0046094547501662475,-0.4030124205855158,0.11949685534591195,-1.7851601860386435
2024-12-27 12:10:00-05:00,2024-12-27 12:18:00-05:00,1,0.0025905574921434027,HIGH,2,1.3,26.0,target,8,-0.004234351197994554,-0.37728077510004754,0.09523809523809523,-1.6345328026250796
2024-12-27 12:20:00-05:00,2024-12-27 12:24:00-05:00,1,0.002582543652984773,HIGH,2,-1.0,-20.0,stop,4,-0.0030499366904672945,-0.2812024085145832,0.12448132780082988,-1.1809816600553227
2024-12-27 15:20:00-05:00,2024-12-27 15:35:00-05:00,1,0.001967013079938889,NORMAL,2,-0.2,-4.0,timeout,15,-0.0021926190638743,-0.263458382868445,0.03,-1.1146947044919602
2024-12-30 09:49:00-05:00,2024-12-30 09:51:00-05:00,1,0.003107237538080662,EXTREME,2,-1.0,-20.0,stop,2,-0.003771725543593708,-0.3398904349850139,0.011592434411226357,-1.2138516921765496
2024-12-30 15:37:00-05:00,2024-12-30 15:41:00-05:00,1,0.002145981958059868,NORMAL,2,-1.0,-20.0,stop,4,-0.0023215850773761304,-0.2538240940286278,0.0,-1.0818287957439405
2024-12-30 15:47:00-05:00,2024-12-30 15:51:00-05:00,1,0.0021790098457851793,NORMAL,2,-1.0,-20.0,stop,4,-0.002810745135919725,-0.31242370817540743,0.1282051282051282,-1.2899185110872722
2024-12-30 16:07:00-05:00,2024-12-30 16:14:00-05:00,1,0.003089887578115247,EXTREME,2,-1.0,-20.0,stop,7,-0.004244103548042171,-0.31808806341401075,0.0,-1.373546266893945
2024-12-31 11:02:00-05:00,2024-12-31 11:04:00-05:00,1,0.0028468151121975355,HIGH,2,1.3,26.0,target,2,-0.0027228280431988295,-0.23204856893156708,0.0,-0.9564470946962914
2024-12-31 11:05:00-05:00,2024-12-31 11:11:00-05:00,1,0.002599325178785619,HIGH,2,-1.0,-20.0,stop,6,-0.0026044604856659617,-0.22422277530137968,0.0,-1.0019756307991992
2024-12-31 11:12:00-05:00,2024-12-31 11:18:00-05:00,1,0.0025637553208195133,HIGH,2,-1.0,-20.0,stop,6,-0.0027505700913870047,-0.24536557596672393,0.02727272727272727,-1.0728676286112107
2024-12-31 11:19:00-05:00,2024-12-31 11:21:00-05:00,1,0.002711068101091943,HIGH,2,1.3,26.0,target,2,-0.0028062474217674044,-0.22602299302237389,0.06363636363636363,-1.0351076834392783
2024-12-31 11:22:00-05:00,2024-12-31 11:37:00-05:00,1,0.002512169257671382,HIGH,2,0.0,0.0,timeout,15,-0.004232893722015777,-0.3713210935575299,0.0,-1.6849556251394442
2024-12-31 12:40:00-05:00,2024-12-31 12:52:00-05:00,1,0.002379586189859005,HIGH,2,-1.0,-20.0,stop,12,-0.005385503738426323,-0.5446172938729956,0.0,-2.263210200738904
2024-12-31 13:36:00-05:00,2024-12-31 13:44:00-05:00,1,0.003069273615053547,EXTREME,2,-1.0,-20.0,stop,8,-0.004046101713265416,-0.29393525244268764,0.12101910828025478,-1.3182603510553512
2025-01-02 09:41:00-05:00,2025-01-02 09:43:00-05:00,1,0.004049243148218761,EXTREME,2,-1.0,-20.0,stop,2,-0.008222341132289325,-0.6111978976924163,0.08913649025069638,-2.0305871569866794
2025-01-02 09:44:00-05:00,2025-01-02 09:45:00-05:00,1,0.004088511878354221,EXTREME,2,-1.0,-20.0,stop,1,-0.007963412830962156,-0.5697398742415527,0.10306406685236769,-1.9477533801779554
2025-01-02 10:25:00-05:00,2025-01-02 10:26:00-05:00,1,0.003747391377534783,EXTREME,2,-1.0,-20.0,stop,1,-0.0048904800753638115,-0.33359524931365064,0.008915304606240713,-1.3050358456503168
2025-01-02 10:29:00-05:00,2025-01-02 10:30:00-05:00,1,0.004078786998166809,EXTREME,2,-1.0,-20.0,stop,1,-0.0050810032984256095,-0.3066855978772888,0.01188707280832095,-1.2457143019994037
2025-01-02 10:31:00-05:00,2025-01-02 10:32:00-05:00,1,0.0043540943137643775,EXTREME,2,1.3,26.0,target,1,-0.006216401814634262,-0.3423306102820615,0.0,-1.4277140931427843
2025-01-02 10:36:00-05:00,2025-01-02 10:37:00-05:00,1,0.004483704866298624,EXTREME,2,-1.0,-20.0,stop,1,-0.007529817550504272,-0.3944440014586754,0.07607361963190185,-1.6793740388894658
2025-01-02 10:38:00-05:00,2025-01-02 10:42:00-05:00,1,0.0046603037609586374,EXTREME,2,1.3,26.0,target,4,-0.006776334695864099,-0.3294504734270798,0.12515337423312883,-1.4540542941926575
2025-01-02 10:43:00-05:00,2025-01-02 10:46:00-05:00,1,0.0048486857845064,EXTREME,2,-1.0,-20.0,stop,3,-0.008655824181882908,-0.40528341791504885,0.011976047904191617,-1.7851897537971884
2025-01-02 10:47:00-05:00,2025-01-02 10:49:00-05:00,1,0.004888854729588563,EXTREME,2,-1.0,-20.0,stop,2,-0.008905439188677065,-0.41406661976462217,0.0,-1.8215798343892557
2025-01-02 12:26:00-05:00,2025-01-02 12:28:00-05:00,1,0.0033378150715142906,EXTREME,2,1.3,26.0,target,2,-0.003403011904245435,-0.22039192252301826,0.0,-1.019532787567397
2025-01-02 12:33:00-05:00,2025-01-02 12:37:00-05:00,1,0.004022073996508072,EXTREME,2,1.3,26.0,target,4,-0.00824891396741138,-0.4433882704258871,0.0,-2.0509105438072526
2025-01-02 12:38:00-05:00,2025-01-02 12:41:00-05:00,1,0.00402843114284511,EXTREME,2,1.3,26.0,target,3,-0.010386706188809519,-0.5829231060945264,0.0,-2.5783501865874836
2025-01-02 12:42:00-05:00,2025-01-02 12:43:00-05:00,1,0.0040046090693731185,EXTREME,2,1.3,26.0,target,1,-0.010967541531401084,-0.6217980038970681,0.016421780466724288,-2.73872963413079
2025-01-02 12:44:00-05:00,2025-01-02 12:48:00-05:00,1,0.003933424413096484,EXTREME,2,1.3,26.0,target,4,-0.012799812924913669,-0.7336963721642924,0.06706792777300086,-3.254114374817071
2025-01-02 12:49:00-05:00,2025-01-02 12:51:00-05:00,1,0.0038093619170655947,EXTREME,2,1.3,26.0,target,2,-0.012313598987713227,-0.7260616544966573,0.0,-3.232457103261684
2025-01-02 13:05:00-05:00,2025-01-02 13:06:00-05:00,1,0.003630133691833438,EXTREME,2,-1.0,-20.0,stop,1,-0.004585676399789139,-0.2854854065569016,0.06103286384976526,-1.2632252112657298
2025-01-06 13:59:00-05:00,2025-01-06 14:01:00-05:00,1,0.002208501148138682,NORMAL,2,1.3,26.0,target,2,-0.002460025840862042,-0.2735858516818081,0.05970149253731343,-1.1138893194306665
2025-01-07 10:10:00-05:00,2025-01-07 10:13:00-05:00,1,0.004996319247184286,EXTREME,2,-1.0,-20.0,stop,3,-0.005920982393240114,-0.2645196178107531,0.0,-1.185068867762389
2025-01-07 10:14:00-05:00,2025-01-07 10:18:00-05:00,1,0.005231062033905215,EXTREME,2,1.3,26.0,target,4,-0.00749664391767102,-0.3199471505574228,0.08496732026143791,-1.4331017046025067
2025-01-07 10:19:00-05:00,2025-01-07 10:20:00-05:00,1,0.005298308223042234,EXTREME,2,-1.0,-20.0,stop,1,-0.010411914799652951,-0.443342395562229,0.022549019607843137,-1.9651395051672809
2025-01-07 10:33:00-05:00,2025-01-07 10:39:00-05:00,1,0.004878027312781286,EXTREME,2,1.3,26.0,target,6,-0.005726469083731867,-0.25548932168714744,0.0,-1.1739313284957456
2025-01-07 10:40:00-05:00,2025-01-07 10:41:00-05:00,1,0.004537419818710852,EXTREME,2,-1.0,-20.0,stop,1,-0.0060905060658126954,-0.30374330403872807,0.0,-1.342284009228641
2025-01-07 10:42:00-05:00,2025-01-07 10:48:00-05:00,1,0.004576143362891315,EXTREME,2,1.3,26.0,target,6,-0.005319191135569912,-0.26303232234468205,0.08104738154613467,-1.1623742338808902
2025-01-07 10:49:00-05:00,2025-01-07 10:50:00-05:00,1,0.004203070895629607,EXTREME,2,-1.0,-20.0,stop,1,-0.005213316339329839,-0.27440274816966703,0.02927400468384075,-1.2403588872961187
2025-01-07 11:55:00-05:00,2025-01-07 12:10:00-05:00,1,0.00390272882461734,EXTREME,2,0.0625,1.25,timeout,15,-0.004250838995092191,-0.24559546986709752,0.0,-1.089196607327434
2025-01-07 12:11:00-05:00,2025-01-07 12:13:00-05:00,1,0.002773504705811169,HIGH,2,-1.0,-20.0,stop,2,-0.005132679586130756,-0.4296662230226016,0.06493506493506493,-1.8506114575455885
2025-01-07 12:46:00-05:00,2025-01-07 12:57:00-05:00,1,0.002351256167662355,HIGH,2,-1.0,-20.0,stop,11,-0.00217026598216686,-0.22353753236314294,0.0,-0.9230240464715348
2025-01-07 15:14:00-05:00,2025-01-07 15:23:00-05:00,1,0.0020154863087898916,NORMAL,2,1.3,26.0,target,9,-0.002824227456644135,-0.318410120005096,0.0,-1.4012635284730939
2025-01-07 15:32:00-05:00,2025-01-07 15:35:00-05:00,1,0.002052139627011741,NORMAL,2,1.3,26.0,target,3,-0.0032769988699842306,-0.3587901042964823,0.011363636363636364,-1.5968693488737362
2025-01-08 10:15:00-05:00,2025-01-08 10:17:00-05:00,1,0.005137904853996093,EXTREME,2,-1.0,-20.0,stop,2,-0.00504227339848199,-0.23322572606768,0.0,-0.9813870715336965
2025-01-08 10:21:00-05:00,2025-01-08 10:22:00-05:00,1,0.005117054599449636,EXTREME,2,-1.0,-20.0,stop,1,-0.005129947125898894,-0.24295116725205237,0.060556464811783964,-1.00251952098589
2025-01-08 11:08:00-05:00,2025-01-08 11:09:00-05:00,1,0.002932283235253308,HIGH,2,-1.0,-20.0,stop,1,-0.0028659916554236256,-0.2170290902423566,0.06439393939393939,-0.9773925045736737
2025-01-08 13:57:00-05:00,2025-01-08 13:58:00-05:00,1,0.002611267349981649,HIGH,2,-1.0,-20.0,stop,1,-0.0037630557697274623,-0.3270336162200938,0.0812807881773399,-1.4410840658479138
2025-01-08 14:03:00-05:00,2025-01-08 14:05:00-05:00,1,0.002648543026604667,HIGH,2,-1.0,-20.0,stop,2,-0.0034273354859232436,-0.2897587589186402,0.0410958904109589,-1.2940456135677583
2025-01-10 09:39:00-05:00,2025-01-10 09:42:00-05:00,1,0.0039217260644342005,EXTREME,2,-1.0,-20.0,stop,3,-0.0037761783045961927,-0.3783068806913018,0.0,-0.9628868112033708
2025-01-10 09:43:00-05:00,2025-01-10 09:44:00-05:00,1,0.0038953242538903826,EXTREME,2,-1.0,-20.0,stop,1,-0.0035372181317347047,-0.33451498560438686,0.0597165991902834,-0.9080676989090123
2025-01-10 09:52:00-05:00,2025-01-10 09:53:00-05:00,1,0.005297591062473973,EXTREME,2,-1.0,-20.0,stop,1,-0.005880299833274052,-0.36690777268101965,0.04975124378109453,-1.1099950456591026
2025-01-10 09:54:00-05:00,2025-01-10 09:58:00-05:00,1,0.005322231233361869,EXTREME,2,-1.0,-20.0,stop,4,-0.005326924861382715,-0.3713391285441315,0.030730897009966777,-1.000881891036869
2025-01-10 10:06:00-05:00,2025-01-10 10:07:00-05:00,1,0.005708619581769323,EXTREME,2,1.3,26.0,target,1,-0.009038812051107369,-0.4407061037085441,0.05236270753512133,-1.583362128380937
2025-01-10 10:08:00-05:00,2025-01-10 10:12:00-05:00,1,0.0056634199939684,EXTREME,2,1.3,26.0,target,4,-0.008658457820528999,-0.4301380349070378,0.0,-1.528839081288399
2025-01-10 10:13:00-05:00,2025-01-10 10:14:00-05:00,1,0.005683318164879461,EXTREME,2,1.3,26.0,target,1,-0.008817966733899263,-0.43283577150927943,0.06454918032786885,-1.5515525399212424
2025-01-10 10:15:00-05:00,2025-01-10 10:17:00-05:00,1,0.005707144456990456,EXTREME,2,-1.0,-20.0,stop,2,-0.009829153581791273,-0.4713304266894051,0.0696969696969697,-1.7222542123937183
2025-01-10 11:07:00-05:00,2025-01-10 11:20:00-05:00,1,0.00403476863906573,EXTREME,2,1.3,26.0,target,13,-0.0038683002062605168,-0.2195674778092979,0.0,-0.9587415171235791
2025-01-10 14:20:00-05:00,2025-01-10 14:22:00-05:00,1,0.0027902453007196465,HIGH,2,1.3,26.0,target,2,-0.0030653626936574573,-0.2761867724524641,0.11910112359550562,-1.0985997155400113
2025-01-10 14:23:00-05:00,2025-01-10 14:25:00-05:00,1,0.002701305418711147,HIGH,2,-1.0,-20.0,stop,2,-0.003011519910441739,-0.2687738918479017,0.020618556701030927,-1.1148387329999145
2025-01-10 15:25:00-05:00,2025-01-10 15:33:00-05:00,1,0.002310045746520084,HIGH,2,1.3,26.0,target,8,-0.0029708908906361173,-0.3090103845694932,0.0960960960960961,-1.2860744836380613
2025-01-13 09:42:00-05:00,2025-01-13 09:44:00-05:00,1,0.0018330924907840086,NORMAL,2,-1.0,-20.0,stop,2,-0.0029091601275348673,-0.47945243321358844,0.0,-1.587023100122257
2025-01-13 10:26:00-05:00,2025-01-13 10:32:00-05:00,1,0.0033770808571571445,EXTREME,2,-1.0,-20.0,stop,6,-0.003953280431430202,-0.2663281170437583,0.0,-1.1706206036055966
2025-01-13 11:10:00-05:00,2025-01-13 11:25:00-05:00,1,0.0026395343331148836,HIGH,2,0.325,6.5,timeout,15,-0.0029480202837952906,-0.26425252420583906,0.0,-1.1168713537119885
2025-01-14 09:59:00-05:00,2025-01-14 10:03:00-05:00,1,0.004162840927099053,EXTREME,2,-1.0,-20.0,stop,4,-0.00428324723010626,-0.22016600028452138,0.0,-1.0289240701520426
2025-01-14 10:39:00-05:00,2025-01-14 10:42:00-05:00,1,0.003442819282647754,EXTREME,2,-1.0,-20.0,stop,3,-0.004012910523248453,-0.2618858117478623,0.0,-1.165588488328165
2025-01-14 10:50:00-05:00,2025-01-14 10:52:00-05:00,1,0.003765635729042689,EXTREME,2,1.3,26.0,target,2,-0.004855872483122476,-0.279770360053416,0.0944558521560575,-1.289522628455873
2025-01-14 10:53:00-05:00,2025-01-14 10:54:00-05:00,1,0.00350503616729967,EXTREME,2,-1.0,-20.0,stop,1,-0.003560225133282691,-0.2188434928811104,0.022556390977443608,-1.015745619545358
2025-01-14 10:56:00-05:00,2025-01-14 11:01:00-05:00,1,0.0037019060231115604,EXTREME,2,1.3,26.0,target,5,-0.004539759137051685,-0.2680227086725288,0.002717391304347826,-1.2263301955017984
2025-01-14 11:02:00-05:00,2025-01-14 11:03:00-05:00,1,0.0036600093441640294,EXTREME,2,1.3,26.0,target,1,-0.004340284591314139,-0.26469122047790083,0.0,-1.185867079338151
2025-01-14 11:04:00-05:00,2025-01-14 11:09:00-05:00,1,0.0037674379156761254,EXTREME,2,-1.0,-20.0,stop,5,-0.0053619431413858215,-0.3208411830420322,0.0,-1.42323331170901
2025-01-14 11:13:00-05:00,2025-01-14 11:17:00-05:00,1,0.0033349680395685748,EXTREME,2,-1.0,-20.0,stop,4,-0.004770057259818865,-0.3241453380800886,0.03313840155945419,-1.4303157341309751
2025-01-14 11:20:00-05:00,2025-01-14 11:22:00-05:00,1,0.0031225874273338563,EXTREME,2,-1.0,-20.0,stop,2,-0.0031013809399032003,-0.22747519800018604,0.12531328320802004,-0.9932086809659761
2025-01-14 11:51:00-05:00,2025-01-14 11:58:00-05:00,1,0.0027626346606110875,HIGH,2,1.3,26.0,target,7,-0.0025122614951282483,-0.22117522552838814,0.09903381642512077,-0.909371597680796
2025-01-14 11:59:00-05:00,2025-01-14 12:08:00-05:00,1,0.002605466640993064,HIGH,2,-1.0,-20.0,stop,9,-0.0042109673428035585,-0.39934120440266874,0.06476683937823834,-1.6162046662008167
2025-01-14 15:10:00-05:00,2025-01-14 15:12:00-05:00,1,0.002993447660328813,HIGH,2,1.3,26.0,target,2,-0.009019653261079025,-0.6879035551639336,0.06287069988137604,-3.0131321087098173
2025-01-14 15:13:00-05:00,2025-01-14 15:16:00-05:00,1,0.00312190369790954,EXTREME,2,-1.0,-20.0,stop,3,-0.009148817037535329,-0.6586267971405922,0.0592503022974607,-2.9305250650945682
2025-01-14 15:21:00-05:00,2025-01-14 15:25:00-05:00,1,0.0033518361151319677,EXTREME,2,-1.0,-20.0,stop,4,-0.007490242118076569,-0.49487376775774927,0.11956521739130435,-2.234668361099649
2025-01-15 10:49:00-05:00,2025-01-15 10:54:00-05:00,1,0.002396864023569587,HIGH,2,-1.0,-20.0,stop,5,-0.0022993285999120157,-0.22117401896063624,0.0,-0.9593070684450783
2025-01-15 10:59:00-05:00,2025-01-15 11:01:00-05:00,1,0.0026452353369781382,HIGH,2,-1.0,-20.0,stop,2,-0.0026604269004690964,-0.23451516149979149,0.0,-1.0057429912864815
2025-01-15 11:44:00-05:00,2025-01-15 11:53:00-05:00,1,0.002822953690403935,HIGH,2,1.3,26.0,target,9,-0.0033621792485613827,-0.2776331449417301,0.038922155688622756,-1.1910146666558636
2025-01-15 16:08:00-05:00,2025-01-15 16:23:00-05:00,1,0.0019237902280802546,NORMAL,2,-0.425,-8.5,timeout,15,-0.002442769835199602,-0.3071706909531002,0.0,-1.2697693332381856
2025-01-16 09:59:00-05:00,2025-01-16 10:01:00-05:00,1,0.0035710879440675075,EXTREME,2,1.3,26.0,target,2,-0.004563460036859194,-0.272555029807795,0.07407407407407407,-1.277890689989943
2025-01-16 11:41:00-05:00,2025-01-16 11:43:00-05:00,1,0.002953367668178632,HIGH,2,1.3,26.0,target,2,-0.004076153460123255,-0.31160865012961164,0.017766497461928935,-1.3801713562595663
2025-01-16 16:06:00-05:00,2025-01-16 16:12:00-05:00,1,0.0019858218350854444,NORMAL,2,1.3,26.0,target,6,-0.0036726642156330257,-0.4150911522085182,0.09545454545454546,-1.8494429614704087
2025-01-16 16:20:00-05:00,2025-01-16 16:25:00-05:00,1,0.0020649140963201616,NORMAL,2,1.3,26.0,target,5,-0.0054460408484604105,-0.5953771325503338,0.06902654867256637,-2.637417633094607
2025-01-16 16:26:00-05:00,2025-01-16 16:31:00-05:00,1,0.0015722192184660334,NORMAL,2,-1.0,-20.0,stop,5,-0.004065046248169588,-0.5730579436101105,0.03724928366762178,-2.585546723017246
2025-01-17 09:59:00-05:00,2025-01-17 10:01:00-05:00,1,0.004145314516766838,EXTREME,2,-1.0,-20.0,stop,2,-0.0066349426820405955,-0.3637986105460604,0.03951890034364261,-1.6005884849518142
2025-01-20 10:26:00-05:00,2025-01-20 10:41:00-05:00,1,0.0018834460668218135,NORMAL,2,0.05,1.0,timeout,15,-0.0030376526304362766,-0.3868098596052566,0.0043859649122807015,-1.6128163603655017
2025-01-27 11:01:00-05:00,2025-01-27 11:07:00-05:00,1,0.0030096129601326184,EXTREME,2,1.3,26.0,target,6,-0.0030446211847176413,-0.2247889043852887,0.0,-1.0116321351113136
2025-01-27 11:08:00-05:00,2025-01-27 11:10:00-05:00,1,0.003259462637870239,EXTREME,2,1.3,26.0,target,2,-0.004642152939720925,-0.3231066601258953,0.10684474123539232,-1.424208053740462
2025-01-27 11:12:00-05:00,2025-01-27 11:21:00-05:00,1,0.0034067095679088653,EXTREME,2,1.3,26.0,target,9,-0.005752695579749704,-0.37577036350101434,0.1157556270096463,-1.6886369281197258
2025-01-27 11:22:00-05:00,2025-01-27 11:24:00-05:00,1,0.0032853600576905413,EXTREME,2,1.3,26.0,target,2,-0.0038262912570953974,-0.27068822265141756,0.09292929292929293,-1.1646489851663644
2025-01-27 11:25:00-05:00,2025-01-27 11:29:00-05:00,1,0.0031955494735787147,EXTREME,2,1.3,26.0,target,4,-0.006742597740180057,-0.4824541764112576,0.0,-2.1099963545953124
2025-01-27 11:30:00-05:00,2025-01-27 11:38:00-05:00,1,0.0028967165459384317,HIGH,2,-1.0,-20.0,stop,8,-0.0045663981751864115,-0.36919409169335826,0.11205073995771671,-1.576404906302996
2025-01-27 12:57:00-05:00,2025-01-27 13:03:00-05:00,1,0.0023165918912359416,HIGH,2,-1.0,-20.0,stop,6,-0.002297641684699234,-0.2537872729014724,0.0,-0.9918197906983964
2025-01-27 14:49:00-05:00,2025-01-27 14:52:00-05:00,1,0.0027862106811333636,HIGH,2,1.3,26.0,target,3,-0.0027074346335415294,-0.21951912651245784,0.0,-0.9717264569670697
2025-01-27 14:54:00-05:00,2025-01-27 14:58:00-05:00,1,0.002756265362404942,HIGH,2,-1.0,-20.0,stop,4,-0.004361254116191109,-0.3451695665067819,0.018867924528301886,-1.5823055993366895
2025-01-28 09:42:00-05:00,2025-01-28 09:48:00-05:00,1,0.003679423024707852,EXTREME,2,1.3,26.0,target,6,-0.0038821414049702257,-0.4685334843265599,0.0,-1.0550951545666511
2025-01-28 11:31:00-05:00,2025-01-28 11:39:00-05:00,1,0.0023133725748320532,HIGH,2,-1.0,-20.0,stop,8,-0.002472299769747269,-0.25499038618515846,0.04744525547445255,-1.0686993511742282
2025-01-29 09:48:00-05:00,2025-01-29 09:53:00-05:00,1,0.0030610423994366816,EXTREME,2,-1.0,-20.0,stop,5,-0.004439037377888535,-0.4113624401717409,0.016260162601626018,-1.4501718037964597
2025-01-29 14:19:00-05:00,2025-01-29 14:21:00-05:00,1,0.004294748448027865,EXTREME,2,-1.0,-20.0,stop,2,-0.004037156216675215,-0.23921351618718092,0.09,-0.9400215788026106
2025-01-29 15:18:00-05:00,2025-01-29 15:20:00-05:00,1,0.0040720923047007345,EXTREME,2,-1.0,-20.0,stop,2,-0.004546830072596707,-0.2560141615794272,0.0,-1.1165832531222206
2025-01-29 15:53:00-05:00,2025-01-29 15:55:00-05:00,1,0.002892175541803369,HIGH,2,-1.0,-20.0,stop,2,-0.0031655119670853053,-0.23861505621188675,0.0,-1.0945089332687952
2025-01-30 10:18:00-05:00,2025-01-30 10:20:00-05:00,1,0.004755370471483101,EXTREME,2,1.3,26.0,target,2,-0.004533747546938082,-0.21799184856996906,0.09198813056379822,-0.953395234740586
2025-01-30 10:21:00-05:00,2025-01-30 10:23:00-05:00,1,0.004584655808067114,EXTREME,2,1.3,26.0,target,2,-0.0073110267494717815,-0.3751634024814487,0.004424778761061947,-1.5946729821260242
2025-01-30 10:27:00-05:00,2025-01-30 10:30:00-05:00,1,0.004421728204890292,EXTREME,2,1.3,26.0,target,3,-0.0069597106954984575,-0.360387241800478,0.05366726296958855,-1.573979759271779
2025-01-30 10:31:00-05:00,2025-01-30 10:33:00-05:00,1,0.004196449679710981,EXTREME,2,-1.0,-20.0,stop,2,-0.005790738799234343,-0.32068255202036855,0.0,-1.3799137940891895
2025-01-30 10:55:00-05:00,2025-01-30 10:57:00-05:00,1,0.0032999537710727608,EXTREME,2,1.3,26.0,target,2,-0.00407255486662778,-0.2793677627489859,0.0,-1.2341248239074147
2025-01-30 10:58:00-05:00,2025-01-30 11:01:00-05:00,1,0.0031787516571513785,EXTREME,2,1.3,26.0,target,3,-0.003276097468870853,-0.2377205330692262,0.0,-1.030623912220532
2025-01-30 11:10:00-05:00,2025-01-30 11:15:00-05:00,1,0.003167132401379376,EXTREME,2,1.3,26.0,target,5,-0.005305229611538884,-0.3900266164023512,0.11229946524064172,-1.6750893045166997
2025-01-31 13:25:00-05:00,2025-01-31 13:27:00-05:00,1,0.002378632716173701,HIGH,2,1.3,26.0,target,2,-0.0031139693152673203,-0.4718254016985216,0.04013377926421405,-1.3091425566013786
2025-01-31 13:44:00-05:00,2025-01-31 13:48:00-05:00,1,0.004237197893606533,EXTREME,2,-1.0,-20.0,stop,4,-0.006384882646999554,-0.3588468666057074,0.12762762762762764,-1.5068643965469826
2025-01-31 13:53:00-05:00,2025-01-31 13:54:00-05:00,1,0.00402444046937389,EXTREME,2,1.3,26.0,target,1,-0.005039956087298238,-0.2759938192573666,0.05286343612334802,-1.2523370952191868
2025-01-31 13:55:00-05:00,2025-01-31 13:57:00-05:00,1,0.004034799971007881,EXTREME,2,-1.0,-20.0,stop,2,-0.004446506258530591,-0.24142310567720157,0.08974358974358974,-1.1020388347578647
2025-01-31 14:10:00-05:00,2025-01-31 14:11:00-05:00,1,0.003295049209778566,EXTREME,2,-1.0,-20.0,stop,1,-0.003697718804898579,-0.2577075483233561,0.06280193236714976,-1.122204425331503
2025-01-31 14:43:00-05:00,2025-01-31 14:45:00-05:00,1,0.0027932380546377275,HIGH,2,1.3,26.0,target,2,-0.003383461874383548,-0.27825727354335955,0.005555555555555556,-1.2113045176245711
2025-01-31 15:12:00-05:00,2025-01-31 15:13:00-05:00,1,0.004097458204467862,EXTREME,2,1.3,26.0,target,1,-0.004203247896902097,-0.22546465445733815,0.10613207547169812,-1.0258183701102508
2025-01-31 15:23:00-05:00,2025-01-31 15:25:00-05:00,1,0.00404590924746421,EXTREME,2,-1.0,-20.0,stop,2,-0.004198233581293676,-0.24307597093060182,0.0,-1.0376489744363238
2025-01-31 15:26:00-05:00,2025-01-31 15:31:00-05:00,1,0.003948464181081622,EXTREME,2,-1.0,-20.0,stop,5,-0.005415375997094223,-0.3259448634521186,0.041666666666666664,-1.3715145303941347
2025-02-03 10:14:00-05:00,2025-02-03 10:15:00-05:00,1,0.00450789984480129,EXTREME,2,1.3,26.0,target,1,-0.005671370338870048,-0.2741312908738638,0.05580357142857143,-1.2580959058818761
2025-02-03 10:16:00-05:00,2025-02-03 10:22:00-05:00,1,0.004411770154889325,EXTREME,2,-1.0,-20.0,stop,6,-0.004741141887417057,-0.2396819125485811,0.0025188916876574307,-1.0746575004961914
2025-02-04 12:22:00-05:00,2025-02-04 12:30:00-05:00,1,0.002155625212556119,NORMAL,2,1.3,26.0,target,8,-0.002274606946828418,-0.30852232612642044,0.011363636363636364,-1.0551959281136871
2025-02-04 16:24:00-05:00,2025-02-04 16:39:00-05:00,1,0.0027743467575344293,HIGH,2,1.125,22.5,timeout,15,-0.0025610763861452952,-0.27082657193156046,0.03125,-0.9231277161696009
2025-02-06 10:48:00-05:00,2025-02-06 10:51:00-05:00,1,0.004083018100199049,EXTREME,2,-1.0,-20.0,stop,3,-0.0038988551085014688,-0.26997519229040534,0.0,-0.9548953771014138
2025-02-07 10:09:00-05:00,2025-02-07 10:11:00-05:00,1,0.004185685131302599,EXTREME,2,1.3,26.0,target,2,-0.007464195705210348,-0.47969713811902337,0.12545676004872108,-1.7832673674829111
2025-02-07 10:12:00-05:00,2025-02-07 10:13:00-05:00,1,0.004415251920034122,EXTREME,2,1.3,26.0,target,1,-0.009205922489508063,-0.5401795941917357,0.0,-2.0850276849971716
2025-02-07 10:17:00-05:00,2025-02-07 10:19:00-05:00,1,0.004792053595640564,EXTREME,2,-1.0,-20.0,stop,2,-0.010222003472273483,-0.5203516580892219,0.08365019011406843,-2.1331154312574183
2025-02-07 10:21:00-05:00,2025-02-07 10:23:00-05:00,1,0.005038965975920477,EXTREME,2,-1.0,-20.0,stop,2,-0.009649168752306092,-0.4536562734081108,0.11977186311787072,-1.914910479335686
2025-02-07 11:50:00-05:00,2025-02-07 11:53:00-05:00,1,0.003327964234756112,EXTREME,2,1.3,26.0,target,3,-0.0034198662065382628,-0.22766422652334228,0.1223529411764706,-1.0276150719476964
2025-02-07 13:54:00-05:00,2025-02-07 14:08:00-05:00,1,0.0020028264685664865,NORMAL,2,1.3,26.0,target,14,-0.0027121737802996517,-0.3381208832936526,0.0,-1.3541731262623453
2025-02-07 14:09:00-05:00,2025-02-07 14:19:00-05:00,1,0.0020275309662579843,NORMAL,2,1.3,26.0,target,10,-0.004461401945589468,-0.5450571485490687,0.04640371229698376,-2.200411248871548
2025-02-11 12:15:00-05:00,2025-02-11 12:19:00-05:00,1,0.0016718064117744174,NORMAL,2,-1.0,-20.0,stop,4,-0.004593454979470248,-0.644200452179712,0.08860759493670886,-2.7475998100730212
2025-02-12 11:29:00-05:00,2025-02-12 11:32:00-05:00,1,0.0025185755984266467,HIGH,2,-1.0,-20.0,stop,3,-0.0030409108561931728,-0.2785380887403172,0.11475409836065574,-1.2073931225621453
2025-02-18 10:27:00-05:00,2025-02-18 10:32:00-05:00,1,0.0026004704620339217,HIGH,2,1.3,26.0,target,5,-0.002857175722637058,-0.2547386231279148,0.0,-1.0987149303754666
2025-02-19 10:08:00-05:00,2025-02-19 10:10:00-05:00,1,0.0018526113426816724,NORMAL,2,1.3,26.0,target,2,-0.0030528094378467234,-0.3884039789933395,0.06227106227106227,-1.6478412754548684
2025-02-19 15:48:00-05:00,2025-02-19 15:54:00-05:00,1,0.0018789167813782132,NORMAL,2,-1.0,-20.0,stop,6,-0.0022234943912997564,-0.27828880437221976,0.125,-1.1833916293348503
2025-02-20 10:12:00-05:00,2025-02-20 10:13:00-05:00,1,0.003775724355711152,EXTREME,2,-1.0,-20.0,stop,1,-0.008777131669397843,-0.5251717766721181,0.12579281183932348,-2.324621938071717
2025-02-20 10:49:00-05:00,2025-02-20 10:52:00-05:00,1,0.0022126423698747765,NORMAL,2,1.3,26.0,target,3,-0.0021551497897863785,-0.2272521732765067,0.0,-0.974016325064022
2025-02-20 10:53:00-05:00,2025-02-20 10:56:00-05:00,1,0.002122024318468849,NORMAL,2,-1.0,-20.0,stop,3,-0.0033541364604733,-0.3652808956682547,0.0,-1.5806305475770814
2025-02-21 09:55:00-05:00,2025-02-21 10:00:00-05:00,1,0.0031281408532138847,EXTREME,2,1.3,26.0,target,5,-0.004529258249380033,-0.2924838501713459,0.0668693009118541,-1.4479073871391135
2025-02-21 10:01:00-05:00,2025-02-21 10:03:00-05:00,1,0.003031131705364072,EXTREME,2,-1.0,-20.0,stop,2,-0.0030820678576716607,-0.22543254289479808,0.0,-1.0168043349015317
2025-02-21 10:04:00-05:00,2025-02-21 10:08:00-05:00,1,0.0027820909336886412,HIGH,2,1.3,26.0,target,4,-0.003092802751820742,-0.250197717399372,0.009202453987730062,-1.1116828405461725
2025-02-21 10:22:00-05:00,2025-02-21 10:25:00-05:00,1,0.002616562447694345,HIGH,2,1.3,26.0,target,3,-0.002762312527291616,-0.2582398431001094,0.0,-1.0557028859470572
2025-02-21 10:26:00-05:00,2025-02-21 10:29:00-05:00,1,0.0026004395788032006,HIGH,2,1.3,26.0,target,3,-0.0033954411866022613,-0.32058284633027506,0.0,-1.3057181617597684
2025-02-21 10:30:00-05:00,2025-02-21 10:34:00-05:00,1,0.0027007965198128777,HIGH,2,1.3,26.0,target,4,-0.0037672209614160726,-0.35913912962907146,0.04411764705882353,-1.3948555301297119
2025-02-21 10:35:00-05:00,2025-02-21 10:37:00-05:00,1,0.002818291724254002,HIGH,2,-1.0,-20.0,stop,2,-0.00432403668965135,-0.37935765943172123,0.05485232067510549,-1.5342757644423473
2025-02-21 10:38:00-05:00,2025-02-21 10:44:00-05:00,1,0.0027770377434010707,HIGH,2,1.3,26.0,target,6,-0.0026806746067620014,-0.24372080316395686,0.12025316455696203,-0.9653000263075099
2025-02-21 11:52:00-05:00,2025-02-21 11:58:00-05:00,1,0.0019226642610781204,NORMAL,2,-1.0,-20.0,stop,6,-0.0022588768696406294,-0.2824061703809213,0.0,-1.174868080386526
2025-02-21 12:35:00-05:00,2025-02-21 12:38:00-05:00,1,0.0018739579164885815,NORMAL,2,1.3,26.0,target,3,-0.0038056123966336737,-0.475090665346601,0.10649350649350649,-2.030788612246225
2025-02-21 13:07:00-05:00,2025-02-21 13:11:00-05:00,1,0.0017008753866420176,NORMAL,2,1.3,26.0,target,4,-0.003425074429532817,-0.500202995207523,0.0,-2.0137127366484084
2025-02-21 14:06:00-05:00,2025-02-21 14:15:00-05:00,1,0.002195624060005843,NORMAL,2,-1.0,-20.0,stop,9,-0.0021925121851614254,-0.22606214138269273,0.0,-0.9985826923191901
2025-02-21 14:39:00-05:00,2025-02-21 14:45:00-05:00,1,0.0026411722637940385,HIGH,2,-1.0,-20.0,stop,6,-0.003656634340464173,-0.32360448455139285,0.0,-1.3844740044374937
2025-02-21 14:46:00-05:00,2025-02-21 14:51:00-05:00,1,0.002656813400278513,HIGH,2,-1.0,-20.0,stop,5,-0.003699515552624196,-0.3310833112407934,0.10119047619047619,-1.3924634497237844
2025-02-24 10:07:00-05:00,2025-02-24 10:08:00-05:00,1,0.004201826724316987,EXTREME,2,1.3,26.0,target,1,-0.011784638818617257,-0.6749815913877103,0.0,-2.8046465482302505
2025-02-24 10:44:00-05:00,2025-02-24 10:48:00-05:00,1,0.0030043261402865665,EXTREME,2,1.3,26.0,target,4,-0.0033768190831712274,-0.24343025542718524,0.0,-1.1239855213752294
2025-02-24 10:49:00-05:00,2025-02-24 10:57:00-05:00,1,0.002902839512815774,HIGH,2,1.3,26.0,target,8,-0.0032334703208990795,-0.24495123844463806,0.12371134020618557,-1.1138991000444909
2025-02-24 10:58:00-05:00,2025-02-24 10:59:00-05:00,1,0.002732218234855609,HIGH,2,-1.0,-20.0,stop,1,-0.0027232159686395294,-0.2251274846237,0.0812720848056537,-0.9967051437907721
2025-02-24 15:59:00-05:00,2025-02-24 16:13:00-05:00,1,0.002388716322723122,HIGH,2,-1.0,-20.0,stop,14,-0.004780049084116233,-0.4668583433811282,0.0,-2.0010953325202743
2025-02-24 16:19:00-05:00,2025-02-24 16:34:00-05:00,1,0.0020122511997772334,NORMAL,2,-0.2625,-5.25,timeout,15,-0.003953722091018873,-0.5141052804256354,0.08542713567839195,-1.9648253117983332
2025-02-25 09:49:00-05:00,2025-02-25 09:52:00-05:00,1,0.004425414485547896,EXTREME,2,1.3,26.0,target,3,-0.004896905423215803,-0.23251840903312673,0.037300177619893425,-1.1065416446770484
2025-02-25 09:53:00-05:00,2025-02-25 09:55:00-05:00,1,0.004788131041492434,EXTREME,2,-1.0,-20.0,stop,2,-0.00795284255074547,-0.35547644493079805,0.0,-1.6609492267084263
2025-02-25 09:59:00-05:00,2025-02-25 10:01:00-05:00,1,0.005028651355346543,EXTREME,2,1.3,26.0,target,2,-0.006163832980958827,-0.2666018310891633,0.12874251497005987,-1.2257427579275983
2025-02-25 10:06:00-05:00,2025-02-25 10:07:00-05:00,1,0.005156170474683467,EXTREME,2,-1.0,-20.0,stop,1,-0.007743108526529982,-0.33528556956096234,0.0,-1.501716935960176
2025-02-25 10:08:00-05:00,2025-02-25 10:11:00-05:00,1,0.005013623496128596,EXTREME,2,-1.0,-20.0,stop,3,-0.007314315747271897,-0.32736099775074845,0.03229974160206718,-1.4588881181285038
2025-02-25 10:12:00-05:00,2025-02-25 10:15:00-05:00,1,0.004473143102521591,EXTREME,2,1.3,26.0,target,3,-0.007078478608567944,-0.35655770374646556,0.052050473186119876,-1.5824395612511657
2025-02-25 10:16:00-05:00,2025-02-25 10:18:00-05:00,1,0.0046321828549947194,EXTREME,2,1.3,26.0,target,2,-0.0082155450633998,-0.4060700044670625,0.05660377358490566,-1.7735796104295123
2025-02-25 10:19:00-05:00,2025-02-25 10:20:00-05:00,1,0.004710153178736967,EXTREME,2,1.3,26.0,target,1,-0.008695854465107102,-0.42965362407564106,0.0,-1.8461935599807615
2025-02-25 10:29:00-05:00,2025-02-25 10:36:00-05:00,1,0.005042906295751886,EXTREME,2,-1.0,-20.0,stop,7,-0.008509339613313705,-0.38270289683862346,0.12187159956474429,-1.6873880088713766
2025-02-25 11:24:00-05:00,2025-02-25 11:26:00-05:00,1,0.002860073716391321,HIGH,2,-1.0,-20.0,stop,2,-0.004064723166681096,-0.34059473569258863,0.09873417721518987,-1.4211952452084813
2025-02-25 11:27:00-05:00,2025-02-25 11:31:00-05:00,1,0.00298647103172191,HIGH,2,1.3,26.0,target,4,-0.004010343640590658,-0.3075385893169008,0.0,-1.3428369463468106
2025-02-25 11:32:00-05:00,2025-02-25 11:35:00-05:00,1,0.002829220746169763,HIGH,2,-1.0,-20.0,stop,3,-0.0034954520751447524,-0.26927981584371663,0.0,-1.235482271885975
2025-02-25 14:11:00-05:00,2025-02-25 14:13:00-05:00,1,0.002073872460048524,NORMAL,2,1.3,26.0,target,2,-0.002316031923210093,-0.2665770476508499,0.07916666666666666,-1.1167668059760545
2025-02-25 14:21:00-05:00,2025-02-25 14:35:00-05:00,1,0.0022821450562565166,HIGH,2,-1.0,-20.0,stop,14,-0.0033493666389470445,-0.345024392626481,0.11235955056179775,-1.4676396795044786
2025-02-26 12:41:00-05:00,2025-02-26 12:45:00-05:00,1,0.002786557211162718,HIGH,2,-1.0,-20.0,stop,4,-0.002740989595083707,-0.2427799461788169,0.0,-0.9836473423561982
2025-02-26 12:46:00-05:00,2025-02-26 12:51:00-05:00,1,0.0027320558741354343,HIGH,2,1.3,26.0,target,5,-0.003322784314923523,-0.29717928003338867,0.10136986301369863,-1.2162212150858833
2025-02-26 13:03:00-05:00,2025-02-26 13:11:00-05:00,1,0.002915103440453853,HIGH,2,-1.0,-20.0,stop,8,-0.0057418364951067604,-0.4586743846489283,0.013157894736842105,-1.9696853344637446
2025-02-26 13:13:00-05:00,2025-02-26 13:17:00-05:00,1,0.002695550609249865,HIGH,2,1.3,26.0,target,4,-0.004057212178708453,-0.3577589212619739,0.0589622641509434,-1.505151550405325
2025-02-26 13:40:00-05:00,2025-02-26 13:43:00-05:00,1,0.0031491965769690627,EXTREME,2,1.3,26.0,target,3,-0.0035160945433395704,-0.25029377531116703,0.0,-1.116505260120544
2025-02-26 13:49:00-05:00,2025-02-26 13:56:00-05:00,1,0.0033571925280644318,EXTREME,2,1.3,26.0,target,7,-0.003361309660479195,-0.2167003585818469,0.06564551422319474,-1.0012263617234776
2025-02-26 14:01:00-05:00,2025-02-26 14:03:00-05:00,1,0.0030363147469010874,EXTREME,2,-1.0,-20.0,stop,2,-0.004205377965070034,-0.3263334808812175,0.11136363636363636,-1.3850270197982972
2025-02-26 14:06:00-05:00,2025-02-26 14:08:00-05:00,1,0.0031589737798697363,EXTREME,2,1.3,26.0,target,2,-0.00452286856127812,-0.3315429899512599,0.0825,-1.4317524856013921
2025-02-26 15:04:00-05:00,2025-02-26 15:07:00-05:00,1,0.0023212907831686638,HIGH,2,-1.0,-20.0,stop,3,-0.002213105889581376,-0.21664012230705484,0.012903225806451613,-0.9533945103423834
2025-02-27 09:51:00-05:00,2025-02-27 09:54:00-05:00,1,0.004559276002097682,EXTREME,2,1.3,26.0,target,3,-0.008705316471628371,-0.2731564197028403,0.0,-1.909363782237165
2025-02-27 10:00:00-05:00,2025-02-27 10:01:00-05:00,1,0.0055930759995151584,EXTREME,2,1.3,26.0,target,1,-0.015054218134967498,-0.5607003933354409,0.0,-2.691581186501397
2025-02-27 10:08:00-05:00,2025-02-27 10:09:00-05:00,1,0.006495128182067651,EXTREME,2,1.3,26.0,target,1,-0.01680711831638141,-0.5877820521241246,0.12101143889223359,-2.58764998091709
2025-02-27 10:53:00-05:00,2025-02-27 10:57:00-05:00,1,0.003817157909533249,EXTREME,2,1.3,26.0,target,4,-0.004008795179670016,-0.23703105830365284,0.041666666666666664,-1.0502041766881474
2025-02-27 10:58:00-05:00,2025-02-27 11:01:00-05:00,1,0.0036364770815356575,EXTREME,2,-1.0,-20.0,both_hit_conservative_stop,3,-0.0043190228874729125,-0.25536091732434935,0.08254716981132075,-1.1876942410562426
2025-02-27 11:46:00-05:00,2025-02-27 11:52:00-05:00,1,0.0029029820887783104,HIGH,2,1.3,26.0,target,6,-0.002794122805547797,-0.21854807271516577,0.06371191135734072,-0.9625008767186967
2025-02-27 11:57:00-05:00,2025-02-27 12:01:00-05:00,1,0.0024412974512035596,HIGH,2,1.3,26.0,target,4,-0.003482499991567392,-0.3079502961748821,0.02912621359223301,-1.426495566875933
2025-02-27 12:02:00-05:00,2025-02-27 12:04:00-05:00,1,0.002218857369761362,NORMAL,2,-1.0,-20.0,stop,2,-0.003370226808928555,-0.33961607800120236,0.0345821325648415,-1.518901960467618
2025-02-27 12:06:00-05:00,2025-02-27 12:17:00-05:00,1,0.002310623886542329,HIGH,2,1.3,26.0,target,11,-0.003619563230544995,-0.3494111924937223,0.08841463414634146,-1.5664874113118397
2025-02-27 14:05:00-05:00,2025-02-27 14:10:00-05:00,1,0.0022597058940113206,HIGH,2,1.3,26.0,target,5,-0.0026947604952814353,-0.29514516335384744,0.11877394636015326,-1.192527090548862
2025-02-27 14:11:00-05:00,2025-02-27 14:14:00-05:00,1,0.0023658266731620093,HIGH,2,1.3,26.0,target,3,-0.00360639529892008,-0.36233088021404697,0.0,-1.5243700393740205
2025-02-27 14:41:00-05:00,2025-02-27 14:43:00-05:00,1,0.0033074744915277256,EXTREME,2,1.3,26.0,target,2,-0.009113558149321863,-0.5980863658670194,0.0,-2.755443215863564
2025-02-27 14:44:00-05:00,2025-02-27 14:45:00-05:00,1,0.003348133252259057,EXTREME,2,-1.0,-20.0,stop,1,-0.00870846093847305,-0.5585041276577941,0.04411764705882353,-2.6009899494284663
2025-02-27 15:09:00-05:00,2025-02-27 15:12:00-05:00,1,0.004059448164079668,EXTREME,2,-1.0,-20.0,stop,3,-0.004790042205362962,-0.25949640855213313,0.04329004329004329,-1.1799737333138063
2025-02-27 15:15:00-05:00,2025-02-27 15:19:00-05:00,1,0.004004598242703544,EXTREME,2,1.3,26.0,target,4,-0.004043900784343008,-0.2287923915462527,0.09108910891089109,-1.0098143532153503
2025-02-27 15:20:00-05:00,2025-02-27 15:22:00-05:00,1,0.0037545384270182575,EXTREME,2,-1.0,-20.0,stop,2,-0.005476559659309012,-0.3339843149087734,0.0,-1.4586505813600987
2025-02-27 15:29:00-05:00,2025-02-27 15:30:00-05:00,1,0.003939973810010857,EXTREME,2,1.3,26.0,target,1,-0.006028315521344098,-0.3605678471164544,0.022044088176352707,-1.5300394906248085
2025-02-27 15:41:00-05:00,2025-02-27 15:46:00-05:00,1,0.0034221780667963897,EXTREME,2,1.3,26.0,target,5,-0.003431882871234937,-0.23516897571702827,0.0,-1.002835856068598
2025-02-27 15:47:00-05:00,2025-02-27 15:49:00-05:00,1,0.0034598285164130363,EXTREME,2,-1.0,-20.0,stop,2,-0.0033100349651154193,-0.219865202616773,0.0,-0.9567049203198906
2025-02-27 16:00:00-05:00,2025-02-27 16:02:00-05:00,1,0.0034978245273920195,EXTREME,2,1.3,26.0,target,2,-0.0037102352180813833,-0.24166976171105203,0.00646551724137931,-1.0607265141592845
2025-02-27 16:03:00-05:00,2025-02-27 16:18:00-05:00,1,0.0035359198185382044,EXTREME,2,-1.0,-20.0,stop,15,-0.00513377300152832,-0.33195447311400855,0.11786372007366483,-1.451891803262295
2025-02-28 11:28:00-05:00,2025-02-28 11:31:00-05:00,1,0.003703400220653052,EXTREME,2,1.3,26.0,target,3,-0.004245062965971242,-0.2624965460588154,0.049586776859504134,-1.1462609259181482
2025-02-28 11:32:00-05:00,2025-02-28 11:33:00-05:00,1,0.0035663629879683282,EXTREME,2,-1.0,-20.0,stop,1,-0.005433853476667295,-0.3558871527645242,0.11931818181818182,-1.523640048699258
2025-02-28 12:48:00-05:00,2025-02-28 12:50:00-05:00,1,0.003664623697257286,EXTREME,2,1.3,26.0,target,2,-0.005699737395349527,-0.4616498356656143,0.06405693950177936,-1.5553404295276978
2025-02-28 12:51:00-05:00,2025-02-28 12:52:00-05:00,1,0.003831213563176204,EXTREME,2,-1.0,-20.0,stop,1,-0.00797676140616254,-0.5773986556925088,0.0,-2.0820456167808974
2025-02-28 12:59:00-05:00,2025-02-28 13:01:00-05:00,1,0.0034471068549567605,EXTREME,2,1.3,26.0,target,2,-0.006510447217873002,-0.4461104461443781,0.0,-1.888669975086881
2025-02-28 13:04:00-05:00,2025-02-28 13:17:00-05:00,1,0.003746463236848051,EXTREME,2,-1.0,-20.0,both_hit_conservative_stop,13,-0.006223460163062885,-0.3820089698762943,0.08275862068965517,-1.6611560743083027
2025-02-28 13:22:00-05:00,2025-02-28 13:23:00-05:00,1,0.004181063565795708,EXTREME,2,-1.0,-20.0,stop,1,-0.004312612313741319,-0.2618806572935746,0.0,-1.0314629868394685
2025-02-28 13:24:00-05:00,2025-02-28 13:26:00-05:00,1,0.004179550865674375,EXTREME,2,-1.0,-20.0,stop,2,-0.0056238468293159545,-0.3396597844936681,0.0718954248366013,-1.3455624802902215
2025-02-28 14:11:00-05:00,2025-02-28 14:12:00-05:00,1,0.0036502723527958966,EXTREME,2,-1.0,-20.0,stop,1,-0.0036037750723949833,-0.2214771230520384,0.11556603773584906,-0.9872619695444645
2025-03-03 09:55:00-05:00,2025-03-03 09:56:00-05:00,1,0.005068409148442907,EXTREME,2,1.3,26.0,target,1,-0.007397040679802124,-0.3044976892847904,0.010526315789473684,-1.4594403220337113
2025-03-03 10:02:00-05:00,2025-03-03 10:03:00-05:00,1,0.0055433040206018325,EXTREME,2,1.3,26.0,target,1,-0.0108085667060483,-0.4145259769084863,0.02722323049001815,-1.9498419473075954
2025-03-03 10:07:00-05:00,2025-03-03 10:08:00-05:00,1,0.00534959315127658,EXTREME,2,-1.0,-20.0,stop,1,-0.01040104470999066,-0.41227690849039816,0.12399540757749714,-1.9442683613255047
2025-03-03 10:09:00-05:00,2025-03-03 10:10:00-05:00,1,0.005021827036287393,EXTREME,2,1.3,26.0,target,1,-0.007627679742882563,-0.31881586994762623,0.07123287671232877,-1.5189053083201491
2025-03-03 10:15:00-05:00,2025-03-03 10:21:00-05:00,1,0.005311280826526667,EXTREME,2,-1.0,-20.0,stop,6,-0.006429637347408212,-0.25535663530790503,0.09126984126984126,-1.2105624909336414
2025-03-03 12:54:00-05:00,2025-03-03 12:56:00-05:00,1,0.0024503228772633587,HIGH,2,1.3,26.0,target,2,-0.0026797386687145335,-0.2511457369309503,0.0,-1.0936267597955898
2025-03-03 13:02:00-05:00,2025-03-03 13:06:00-05:00,1,0.0029574938036228326,HIGH,2,1.3,26.0,target,4,-0.005000239786459107,-0.39019894160250246,0.002008032128514056,-1.690701694905997
2025-03-03 13:11:00-05:00,2025-03-03 13:14:00-05:00,1,0.0034414902175864473,EXTREME,2,1.3,26.0,target,3,-0.009114743715411771,-0.5781260343916161,0.0,-2.6484874688395994
2025-03-03 13:15:00-05:00,2025-03-03 13:16:00-05:00,1,0.003436227290651243,EXTREME,2,-1.0,-20.0,stop,1,-0.009981683611406823,-0.6403394157428006,0.03640776699029126,-2.9048380002578544
2025-03-03 13:22:00-05:00,2025-03-03 13:25:00-05:00,1,0.003202872722951654,EXTREME,2,-1.0,-20.0,stop,3,-0.008098234818059383,-0.5644815998733892,0.11067708333333333,-2.5284285447959784
2025-03-03 13:38:00-05:00,2025-03-03 13:42:00-05:00,1,0.0034724810314637014,EXTREME,2,-1.0,-20.0,stop,4,-0.004172765219415958,-0.276183777240185,0.06775067750677506,-1.2016668144784872
2025-03-03 15:00:00-05:00,2025-03-03 15:01:00-05:00,1,0.005123035962125757,EXTREME,2,1.3,26.0,target,1,-0.005180548067358261,-0.2316976057881104,0.0,-1.011226176364501
2025-03-03 15:02:00-05:00,2025-03-03 15:04:00-05:00,1,0.0052816379870845205,EXTREME,2,1.3,26.0,target,2,-0.009924143823671547,-0.43034492615117187,0.0,-1.8789897845970513
2025-03-03 15:05:00-05:00,2025-03-03 15:07:00-05:00,1,0.0053395662264356285,EXTREME,2,-1.0,-20.0,stop,2,-0.010655852788369127,-0.4475694326193538,0.05227077977720651,-1.9956401581111824
2025-03-03 15:08:00-05:00,2025-03-03 15:10:00-05:00,1,0.005310298203293369,EXTREME,2,1.3,26.0,target,2,-0.009897911522061358,-0.4281053494163789,0.02570694087403599,-1.8639087944106074
2025-03-03 15:11:00-05:00,2025-03-03 15:12:00-05:00,1,0.005204878388730428,EXTREME,2,1.3,26.0,target,1,-0.01453242543214648,-0.6553779260661415,0.0,-2.7920778060083022
2025-03-03 15:13:00-05:00,2025-03-03 15:14:00-05:00,1,0.0053861209797760245,EXTREME,2,-1.0,-20.0,stop,1,-0.01682175246986184,-0.715926497193058,0.0,-3.123166474170313
2025-03-03 15:15:00-05:00,2025-03-03 15:16:00-05:00,1,0.005311138880754674,EXTREME,2,-1.0,-20.0,stop,1,-0.01570175173447289,-0.6914738338349715,0.05931558935361217,-2.956381312371516
2025-03-03 15:19:00-05:00,2025-03-03 15:22:00-05:00,1,0.005457358010141548,EXTREME,2,1.3,26.0,target,3,-0.013540814186012452,-0.5746837264952329,0.03362068965517241,-2.481203205076378
2025-03-03 15:23:00-05:00,2025-03-03 15:27:00-05:00,1,0.0044795751280911605,EXTREME,2,1.3,26.0,target,4,-0.010740815923969362,-0.5277078340430421,0.0,-2.3977309492175536
2025-03-03 15:28:00-05:00,2025-03-03 15:30:00-05:00,1,0.004431049151926949,EXTREME,2,1.3,26.0,target,2,-0.011272392602524963,-0.5565243312158944,0.01095290251916758,-2.543955667389266
2025-03-03 15:34:00-05:00,2025-03-03 15:38:00-05:00,1,0.004391891092230578,EXTREME,2,1.3,26.0,target,4,-0.006107925334270048,-0.3037019223818395,0.10445468509984639,-1.3907278677914394
2025-03-03 15:39:00-05:00,2025-03-03 15:43:00-05:00,1,0.004288644117698507,EXTREME,2,1.3,26.0,target,4,-0.006300598200843076,-0.3189938229354738,0.029465930018416207,-1.4691352390004981
2025-03-03 15:44:00-05:00,2025-03-03 15:45:00-05:00,1,0.004038440438300259,EXTREME,2,-1.0,-20.0,stop,1,-0.006135528359788012,-0.33782801160468917,0.0,-1.5192816270358063
2025-03-04 10:07:00-05:00,2025-03-04 10:09:00-05:00,1,0.007752560337528126,EXTREME,2,1.3,26.0,target,2,-0.008642138262717085,-0.25964179360871104,0.0,-1.1147463401068605
2025-03-04 10:10:00-05:00,2025-03-04 10:11:00-05:00,1,0.00726325859744827,EXTREME,2,1.3,26.0,target,1,-0.007953219653386868,-0.26370457662059266,0.007874015748031496,-1.0949933210668
2025-03-04 10:12:00-05:00,2025-03-04 10:13:00-05:00,1,0.007209322044820512,EXTREME,2,-1.0,-20.0,stop,1,-0.007651652673076882,-0.25616620293674885,0.06425233644859812,-1.0613553709359065
2025-03-04 10:16:00-05:00,2025-03-04 10:17:00-05:00,1,0.006810827379380271,EXTREME,2,1.3,26.0,target,1,-0.0070407851400654635,-0.2443951591082327,0.05023364485981308,-1.0337635573295232
2025-03-04 10:18:00-05:00,2025-03-04 10:19:00-05:00,1,0.006690379604728213,EXTREME,2,1.3,26.0,target,1,-0.010746950239749907,-0.38094485664605054,0.0,-1.6063289192372348
2025-03-04 10:20:00-05:00,2025-03-04 10:21:00-05:00,1,0.0064894655573348005,EXTREME,2,-1.0,-20.0,stop,1,-0.010519624399997228,-0.3852731850598011,0.0055309734513274336,-1.6210309319089133
2025-03-04 10:22:00-05:00,2025-03-04 10:23:00-05:00,1,0.006443801015422669,EXTREME,2,-1.0,-20.0,stop,1,-0.010204532574556856,-0.3786470360231003,0.0,-1.5836200637066862
2025-03-04 10:24:00-05:00,2025-03-04 10:27:00-05:00,1,0.006416906471759609,EXTREME,2,-1.0,-20.0,stop,3,-0.008064225590419263,-0.3056980782131785,0.07049891540130152,-1.2567154634260915
2025-03-04 12:58:00-05:00,2025-03-04 13:01:00-05:00,1,0.003845509439265722,EXTREME,2,-1.0,-20.0,stop,3,-0.0035942530706828324,-0.22661772052302515,0.12777777777777777,-0.9346623971280993
2025-03-04 15:39:00-05:00,2025-03-04 15:41:00-05:00,1,0.004542797104799416,EXTREME,2,1.3,26.0,target,2,-0.0054745616741459285,-0.2736359748997727,0.0,-1.2051081190401642
2025-03-04 15:42:00-05:00,2025-03-04 15:43:00-05:00,1,0.004559906341124781,EXTREME,2,-1.0,-20.0,stop,1,-0.007654315274843557,-0.3847460548569776,0.01597444089456869,-1.6786123885508326
2025-03-04 15:46:00-05:00,2025-03-04 15:48:00-05:00,1,0.004684914776791579,EXTREME,2,1.3,26.0,target,2,-0.006382963288846217,-0.30117030406036743,0.12247071352502663,-1.362450245726248
2025-03-04 15:49:00-05:00,2025-03-04 15:50:00-05:00,1,0.0045880143285319105,EXTREME,2,1.3,26.0,target,1,-0.008480492878399207,-0.40702792767564044,0.0,-1.8484015678985086
2025-03-05 10:31:00-05:00,2025-03-05 10:32:00-05:00,1,0.005859481745083615,EXTREME,2,-1.0,-20.0,stop,1,-0.006114001994476105,-0.23515172025678324,0.05660377358490566,-1.043437331229173
2025-03-05 11:09:00-05:00,2025-03-05 11:12:00-05:00,1,0.004277493784360321,EXTREME,2,1.3,26.0,target,3,-0.0041468731782883595,-0.23257618168947145,0.0,-0.9694632855927118
2025-03-05 11:13:00-05:00,2025-03-05 11:14:00-05:00,1,0.004124240949867065,EXTREME,2,-1.0,-20.0,stop,1,-0.004685282918411051,-0.27352007788169147,0.029315960912052116,-1.1360352063237407
2025-03-05 11:17:00-05:00,2025-03-05 11:21:00-05:00,1,0.0040623261669247915,EXTREME,2,1.3,26.0,target,4,-0.006337358000114307,-0.37886146532577364,0.08469055374592833,-1.5600317994435515
2025-03-05 11:22:00-05:00,2025-03-05 11:25:00-05:00,1,0.0038617560246539742,EXTREME,2,-1.0,-20.0,stop,3,-0.0036385299990180403,-0.23887570390896065,0.06514657980456026,-0.9421957202343109
2025-03-05 11:26:00-05:00,2025-03-05 11:30:00-05:00,1,0.0038053496722669365,EXTREME,2,-1.0,-20.0,stop,4,-0.006668533941477005,-0.4360858985179766,0.021172638436482084,-1.7524102949268265
2025-03-05 11:32:00-05:00,2025-03-05 11:34:00-05:00,1,0.0036058233846528757,EXTREME,2,1.3,26.0,target,2,-0.003639087061305159,-0.24720556845516672,0.125,-1.0092249877777875
2025-03-05 11:35:00-05:00,2025-03-05 11:37:00-05:00,1,0.003807350764056741,EXTREME,2,-1.0,-20.0,stop,2,-0.005363712987107973,-0.33232631214068403,0.0,-1.4087782606593684
2025-03-05 16:12:00-05:00,2025-03-05 16:18:00-05:00,1,0.00390899552299509,EXTREME,2,-1.0,-20.0,stop,6,-0.0038742204331997858,-0.24176848699359396,0.08607594936708861,-0.9911038297202603
2025-03-05 16:25:00-05:00,2025-03-05 16:40:00-05:00,1,0.0029260236215466248,HIGH,2,-0.4375,-8.75,timeout,15,-0.004035677103522243,-0.38548787278101526,0.12771739130434784,-1.3792359958423996
2025-03-06 11:40:00-05:00,2025-03-06 11:44:00-05:00,1,0.00487945518435578,EXTREME,2,1.3,26.0,target,4,-0.006257710699851961,-0.3019501897035888,0.0,-1.2824609435731804
2025-03-06 11:45:00-05:00,2025-03-06 11:51:00-05:00,1,0.004897567341178899,EXTREME,2,1.3,26.0,target,6,-0.005619013804682811,-0.27266134452689195,0.056640625,-1.147307104373628
2025-03-06 11:52:00-05:00,2025-03-06 11:56:00-05:00,1,0.0047856207656073995,EXTREME,2,1.3,26.0,target,4,-0.005222435356410339,-0.26164630451101717,0.0,-1.0912764742961194
2025-03-06 11:57:00-05:00,2025-03-06 11:59:00-05:00,1,0.004632916181402236,EXTREME,2,1.3,26.0,target,2,-0.004542787617049043,-0.23177115690306543,0.09375,-0.9805460403719384
2025-03-06 12:00:00-05:00,2025-03-06 12:02:00-05:00,1,0.004028325518658988,EXTREME,2,-1.0,-20.0,stop,2,-0.007343974255758329,-0.41368501027576804,0.0,-1.8230836166892257
2025-03-06 12:03:00-05:00,2025-03-06 12:04:00-05:00,1,0.004282263159510902,EXTREME,2,1.3,26.0,target,1,-0.00912001708305815,-0.48051220185927934,0.0,-2.1297189694665546
2025-03-06 12:13:00-05:00,2025-03-06 12:18:00-05:00,1,0.004148359015001981,EXTREME,2,1.3,26.0,target,5,-0.007909285603415497,-0.4098261642469851,0.06327372764786796,-1.9066058590427277
2025-03-06 12:28:00-05:00,2025-03-06 12:29:00-05:00,1,0.00484631935085064,EXTREME,2,-1.0,-20.0,stop,1,-0.006595369275071972,-0.2976538139044617,0.0,-1.3609027382634893
2025-03-06 12:53:00-05:00,2025-03-06 12:54:00-05:00,1,0.004462980475508199,EXTREME,2,-1.0,-20.0,stop,1,-0.00565921723935577,-0.2967626536940424,0.002304147465437788,-1.2680354015466213
2025-03-06 13:42:00-05:00,2025-03-06 13:46:00-05:00,1,0.0032732434090598796,EXTREME,2,-1.0,-20.0,stop,4,-0.004270282867623664,-0.27529962999638286,0.0137221269296741,-1.3046029072583234
2025-03-06 14:04:00-05:00,2025-03-06 14:08:00-05:00,1,0.003205843738103187,EXTREME,2,-1.0,-20.0,stop,4,-0.004008402781173987,-0.27017488167660275,0.1165644171779141,-1.2503425333967315
2025-03-06 14:21:00-05:00,2025-03-06 14:25:00-05:00,1,0.003272997233334288,EXTREME,2,-1.0,-20.0,stop,4,-0.0033718406077189065,-0.22605943049370117,0.0,-1.0301996510653706
2025-03-06 14:27:00-05:00,2025-03-06 14:32:00-05:00,1,0.0031714863150868,EXTREME,2,1.3,26.0,target,5,-0.004109227710034694,-0.28115774952734235,0.04507042253521127,-1.2956788400716241
2025-03-06 15:24:00-05:00,2025-03-06 15:27:00-05:00,1,0.004973721875668994,EXTREME,2,-1.0,-20.0,stop,3,-0.0054341174288037985,-0.2423155342051235,0.04279279279279279,-1.0925656006997533
2025-03-07 10:18:00-05:00,2025-03-07 10:19:00-05:00,1,0.005246626798997909,EXTREME,2,-1.0,-20.0,stop,1,-0.005039290902795135,-0.22284021452201952,0.0,-0.9604820574921824
2025-03-07 10:20:00-05:00,2025-03-07 10:25:00-05:00,1,0.005353785672020484,EXTREME,2,-1.0,-20.0,stop,5,-0.005427663460947373,-0.22992115408948108,0.0662557781201849,-1.0137991681872853
2025-03-07 10:32:00-05:00,2025-03-07 10:33:00-05:00,1,0.004819722530690194,EXTREME,2,1.3,26.0,target,1,-0.006795367167851206,-0.319745872720266,0.0,-1.4099083763807656
2025-03-07 10:34:00-05:00,2025-03-07 10:36:00-05:00,1,0.004977186160567576,EXTREME,2,1.3,26.0,target,2,-0.008977330986734405,-0.40911211365981437,0.028888888888888888,-1.8036960437322018
2025-03-07 10:37:00-05:00,2025-03-07 10:38:00-05:00,1,0.005133228534247691,EXTREME,2,1.3,26.0,target,1,-0.010291849684937727,-0.4364747718174427,0.05168986083499006,-2.0049467145818523
2025-03-07 10:39:00-05:00,2025-03-07 10:40:00-05:00,1,0.005070895478585677,EXTREME,2,-1.0,-20.0,stop,1,-0.011691853540468805,-0.5123217105488973,0.0,-2.3056782751376645
2025-03-07 10:41:00-05:00,2025-03-07 10:43:00-05:00,1,0.005111769487896927,EXTREME,2,-1.0,-20.0,stop,2,-0.01235091863400911,-0.5318436680346005,0.0,-2.4161728464580077
2025-03-07 11:20:00-05:00,2025-03-07 11:26:00-05:00,1,0.0034632211147629234,EXTREME,2,1.3,26.0,target,6,-0.005647501758946885,-0.36896264268073364,0.0,-1.6307078213611224
2025-03-07 11:27:00-05:00,2025-03-07 11:28:00-05:00,1,0.003303858633610974,EXTREME,2,-1.0,-20.0,stop,1,-0.0073825838661877455,-0.5095832527405294,0.0,-2.234533823899996
2025-03-07 11:29:00-05:00,2025-03-07 11:34:00-05:00,1,0.003455845283351342,EXTREME,2,-1.0,-20.0,stop,5,-0.0075522721973401655,-0.5010147801807725,0.0,-2.185361779279734
2025-03-07 11:35:00-05:00,2025-03-07 11:38:00-05:00,1,0.0035159912299124263,EXTREME,2,1.3,26.0,target,3,-0.005939292867483545,-0.3719899395102742,0.016420361247947456,-1.6892228902492104
2025-03-07 11:39:00-05:00,2025-03-07 11:42:00-05:00,1,0.00350043542086498,EXTREME,2,1.3,26.0,target,3,-0.007657630198918193,-0.48316353741543205,0.04215116279069767,-2.1876221893063645
2025-03-07 11:43:00-05:00,2025-03-07 11:45:00-05:00,1,0.003427434511288588,EXTREME,2,-1.0,-20.0,stop,2,-0.008737353752502517,-0.5674441906743458,0.0,-2.5492401747502966
2025-03-07 11:46:00-05:00,2025-03-07 11:47:00-05:00,1,0.003511886584476505,EXTREME,2,-1.0,-20.0,stop,1,-0.006886508439774876,-0.42752865162354364,0.12833333333333333,-1.9609142476910042
2025-03-07 11:49:00-05:00,2025-03-07 11:51:00-05:00,1,0.003652909408537752,EXTREME,2,-1.0,-20.0,stop,2,-0.006617918941067217,-0.39101683998128667,0.0,-1.8116843865877168
2025-03-07 11:52:00-05:00,2025-03-07 11:53:00-05:00,1,0.003766613885407386,EXTREME,2,1.3,26.0,target,1,-0.0061729705252048465,-0.34519038480690883,0.03314917127071823,-1.6388646973134586
2025-03-07 15:01:00-05:00,2025-03-07 15:02:00-05:00,1,0.003221205693529917,EXTREME,2,-1.0,-20.0,stop,1,-0.0035021332528999702,-0.2517169099142859,0.064343163538874,-1.0872119281095032
2025-03-07 15:05:00-05:00,2025-03-07 15:06:00-05:00,1,0.0032204722125329464,EXTREME,2,-1.0,-20.0,stop,1,-0.0030761246187000347,-0.22177709886630878,0.11796246648793565,-0.9551781278313282
2025-03-07 15:43:00-05:00,2025-03-07 15:44:00-05:00,1,0.004747607098854542,EXTREME,2,-1.0,-20.0,stop,1,-0.005508480975705546,-0.2665836752631651,0.11180124223602485,-1.1602647104126584
2025-03-10 10:01:00-04:00,2025-03-10 10:02:00-04:00,1,0.005781706398574988,EXTREME,2,1.3,26.0,target,1,-0.005461760251181204,-0.21880130052260188,0.004140786749482402,-0.9446623323051061
2025-03-10 10:03:00-04:00,2025-03-10 10:08:00-04:00,1,0.005352567857490781,EXTREME,2,-1.0,-20.0,stop,5,-0.005463239550806061,-0.2249131438952273,0.0,-1.0206763737073221
2025-03-10 10:09:00-04:00,2025-03-10 10:11:00-04:00,1,0.0047357191450981785,EXTREME,2,1.3,26.0,target,2,-0.006126648249166031,-0.3067811903637815,0.03571428571428571,-1.2937102183324296
2025-03-10 10:12:00-04:00,2025-03-10 10:16:00-04:00,1,0.004623681737671338,EXTREME,2,-1.0,-20.0,stop,4,-0.00676208577998239,-0.34275821601521295,0.10987482614742698,-1.4624894539968991
2025-03-10 10:18:00-04:00,2025-03-10 10:21:00-04:00,1,0.004767244905014101,EXTREME,2,1.3,26.0,target,3,-0.00740856033835572,-0.36591395894876666,0.0,-1.55405490717784
2025-03-10 10:22:00-04:00,2025-03-10 10:24:00-04:00,1,0.003939556082712352,EXTREME,2,-1.0,-20.0,stop,2,-0.006210410561685458,-0.3737432452238988,0.0,-1.5764239501344124
2025-03-10 10:28:00-04:00,2025-03-10 10:31:00-04:00,1,0.003937628543023544,EXTREME,2,1.3,26.0,target,3,-0.006159748883849674,-0.378598845927392,0.057971014492753624,-1.564329600049032
2025-03-10 10:35:00-04:00,2025-03-10 10:37:00-04:00,1,0.0034570641818472544,EXTREME,2,-1.0,-20.0,stop,2,-0.0034614508269688094,-0.23758789552321768,0.0,-1.0012688931679627
2025-03-10 10:42:00-04:00,2025-03-10 10:46:00-04:00,1,0.003847920723117271,EXTREME,2,1.3,26.0,target,4,-0.0042131397957351924,-0.25501896470448593,0.002577319587628866,-1.0949133568225
2025-03-10 10:47:00-04:00,2025-03-10 10:49:00-04:00,1,0.0038816929551675075,EXTREME,2,-1.0,-20.0,stop,2,-0.006257272449681354,-0.3714103512615306,0.0,-1.6119957250486168
2025-03-10 10:53:00-04:00,2025-03-10 10:56:00-04:00,1,0.00417963986460624,EXTREME,2,1.3,26.0,target,3,-0.005380480180020624,-0.2807705700741588,0.0,-1.2873071255691821
2025-03-10 10:57:00-04:00,2025-03-10 11:00:00-04:00,1,0.003926644181118909,EXTREME,2,-1.0,-20.0,stop,3,-0.007781003293398286,-0.42261699883340237,0.0,-1.9815911334194447
2025-03-10 12:04:00-04:00,2025-03-10 12:14:00-04:00,1,0.00364508133946116,EXTREME,2,-1.0,-20.0,stop,10,-0.00467455536108064,-0.28787224024113184,0.0,-1.2824282713459731
2025-03-10 12:18:00-04:00,2025-03-10 12:19:00-04:00,1,0.003371828704191312,EXTREME,2,1.3,26.0,target,1,-0.0037401438537671833,-0.24965246919628664,0.08806818181818182,-1.1092330547865736
2025-03-10 12:20:00-04:00,2025-03-10 12:29:00-04:00,1,0.003536755552784744,EXTREME,2,-1.0,-20.0,stop,9,-0.004972830373047403,-0.31279457766906077,0.0030864197530864196,-1.4060429958558864
2025-03-10 13:03:00-04:00,2025-03-10 13:05:00-04:00,1,0.0036039620906281335,EXTREME,2,1.3,26.0,target,2,-0.0038219018028536784,-0.24028573261018565,0.0,-1.0604722543536966
2025-03-10 13:06:00-04:00,2025-03-10 13:11:00-04:00,1,0.0031190017357163777,EXTREME,2,1.3,26.0,target,5,-0.004752576125916275,-0.33738720349693807,0.04456824512534819,-1.5237491122539228
2025-03-10 13:12:00-04:00,2025-03-10 13:15:00-04:00,1,0.0027383829887685494,HIGH,2,-1.0,-20.0,stop,3,-0.003415918548083422,-0.28599426167999553,0.0,-1.2474217675517916
2025-03-10 13:52:00-04:00,2025-03-10 13:54:00-04:00,1,0.003594699871832818,EXTREME,2,-1.0,-20.0,stop,2,-0.004426495036427905,-0.2957469585068655,0.0,-1.2313948853179173
2025-03-10 14:09:00-04:00,2025-03-10 14:10:00-04:00,1,0.003335133735991936,EXTREME,2,-1.0,-20.0,stop,1,-0.003071180026326107,-0.23867359618689787,0.0,-0.9208566340781762
2025-03-10 14:55:00-04:00,2025-03-10 14:56:00-04:00,1,0.003223043525468054,EXTREME,2,1.3,26.0,target,1,-0.003161231452688766,-0.22939543902348342,0.0,-0.9808218312005849
2025-03-10 14:59:00-04:00,2025-03-10 15:05:00-04:00,1,0.003273551311027564,EXTREME,2,1.3,26.0,target,6,-0.0036444714614419635,-0.2617705427044779,0.0367170626349892,-1.1133081828181175
2025-03-10 15:06:00-04:00,2025-03-10 15:08:00-04:00,1,0.0034213067733632444,EXTREME,2,1.3,26.0,target,2,-0.005965016454479916,-0.39891037998249546,0.0,-1.7434906746512329
2025-03-10 15:09:00-04:00,2025-03-10 15:11:00-04:00,1,0.0035929445170979355,EXTREME,2,-1.0,-20.0,stop,2,-0.007192544871107786,-0.4570033842177904,0.0,-2.00185247416993
2025-03-10 15:12:00-04:00,2025-03-10 15:13:00-04:00,1,0.0035278581287232435,EXTREME,2,-1.0,-20.0,stop,1,-0.005381665995574432,-0.3583739891046729,0.05660377358490566,-1.5254768755460397
2025-03-11 10:28:00-04:00,2025-03-11 10:31:00-04:00,1,0.00873379966272166,EXTREME,2,-1.0,-20.0,stop,3,-0.009157179189678184,-0.22995493957307772,0.0,-1.0484759833413204
2025-03-11 10:38:00-04:00,2025-03-11 10:39:00-04:00,1,0.006593079518576672,EXTREME,2,1.3,26.0,target,1,-0.008278560104600076,-0.27232670180992774,0.0,-1.2556439037743123
2025-03-11 10:40:00-04:00,2025-03-11 10:41:00-04:00,1,0.006260461842498126,EXTREME,2,-1.0,-20.0,stop,1,-0.0114787527845174,-0.3970921664033163,0.04983748645720477,-1.8335313070029045
2025-03-11 10:42:00-04:00,2025-03-11 10:44:00-04:00,1,0.00617132905341098,EXTREME,2,-1.0,-20.0,stop,2,-0.010350018464617389,-0.36800418927052936,0.0,-1.6771133697524665
2025-03-11 12:10:00-04:00,2025-03-11 12:11:00-04:00,1,0.004856339026301376,EXTREME,2,1.3,26.0,target,1,-0.005395353922494575,-0.2455245208662992,0.0,-1.1109920236774977
2025-03-11 12:12:00-04:00,2025-03-11 12:15:00-04:00,1,0.00447941116708006,EXTREME,2,1.3,26.0,target,3,-0.008032664970132698,-0.3862975385356094,0.01637107776261937,-1.7932412700057752
2025-03-11 12:16:00-04:00,2025-03-11 12:22:00-04:00,1,0.004273898184714547,EXTREME,2,-1.0,-20.0,stop,6,-0.00639191880388714,-0.32715628241505246,0.10682492581602374,-1.4955711455054361
2025-03-11 13:01:00-04:00,2025-03-11 13:04:00-04:00,1,0.004224383203712995,EXTREME,2,1.3,26.0,target,3,-0.004316624447714227,-0.23752553140947713,0.11776859504132231,-1.0218354347967666
2025-03-11 13:05:00-04:00,2025-03-11 13:18:00-04:00,1,0.004116965998124244,EXTREME,2,-1.0,-20.0,stop,13,-0.005871992989623948,-0.338569368677238,0.0,-1.4262913495761982
2025-03-11 13:20:00-04:00,2025-03-11 13:22:00-04:00,1,0.0040372520388929425,EXTREME,2,1.3,26.0,target,2,-0.0045191399188763345,-0.2589693030104967,0.08009708737864078,-1.119360365749058
2025-03-11 13:27:00-04:00,2025-03-11 13:31:00-04:00,1,0.0042286892981655754,EXTREME,2,-1.0,-20.0,stop,4,-0.005783906688641637,-0.29778289498534055,0.0,-1.3677776447540664
2025-03-11 13:36:00-04:00,2025-03-11 13:37:00-04:00,1,0.003987750924445365,EXTREME,2,-1.0,-20.0,stop,1,-0.004213559002529168,-0.23323675683446962,0.08837209302325581,-1.0566254217884006
2025-03-11 15:40:00-04:00,2025-03-11 15:42:00-04:00,1,0.005259652303588876,EXTREME,2,1.3,26.0,target,2,-0.0061968799255264755,-0.2565517043730458,0.08884297520661157,-1.1781919351015067
2025-03-11 15:57:00-04:00,2025-03-11 15:58:00-04:00,1,0.005248516527909149,EXTREME,2,-1.0,-20.0,stop,1,-0.0058472888525867165,-0.23409602876454386,0.0,-1.114084107669963
2025-03-11 15:59:00-04:00,2025-03-11 16:00:00-04:00,1,0.005220296901130226,EXTREME,2,1.3,26.0,target,1,-0.007166645275082938,-0.2888125781572845,0.0,-1.3728424667821701
2025-03-11 16:02:00-04:00,2025-03-11 16:03:00-04:00,1,0.005466496602846566,EXTREME,2,-1.0,-20.0,stop,1,-0.007576908398172605,-0.2889961448395496,0.05547445255474453,-1.386062948292529
2025-03-11 16:06:00-04:00,2025-03-11 16:09:00-04:00,1,0.0053035124190009214,EXTREME,2,-1.0,-20.0,stop,3,-0.007122091948077799,-0.2818545876864227,0.11006289308176101,-1.3429009655113548
2025-03-12 10:35:00-04:00,2025-03-12 10:37:00-04:00,1,0.004396778738866592,EXTREME,2,-1.0,-20.0,stop,2,-0.005203109226345116,-0.26843700226183065,0.0,-1.1833911905438257
2025-03-12 10:38:00-04:00,2025-03-12 10:41:00-04:00,1,0.004286520181347957,EXTREME,2,1.3,26.0,target,3,-0.00687898785533332,-0.36765343680590207,0.0,-1.60479539680369
2025-03-12 10:42:00-04:00,2025-03-12 10:43:00-04:00,1,0.00395397707731567,EXTREME,2,-1.0,-20.0,stop,1,-0.006815063347723456,-0.3925282898115577,0.0,-1.7235970807271745
2025-03-12 10:44:00-04:00,2025-03-12 10:50:00-04:00,1,0.004083431491117647,EXTREME,2,1.3,26.0,target,6,-0.00649673488073707,-0.35231363249769515,0.06172839506172839,-1.590998868199181
2025-03-12 10:51:00-04:00,2025-03-12 10:54:00-04:00,1,0.0039296004038957945,EXTREME,2,-1.0,-20.0,stop,3,-0.005903968161257279,-0.33742377033690085,0.04816955684007707,-1.5024347400321167
2025-03-12 10:57:00-04:00,2025-03-12 10:59:00-04:00,1,0.0038527369980618153,EXTREME,2,1.3,26.0,target,2,-0.005345387392238755,-0.30521532786097033,0.017341040462427744,-1.3874259766311179
2025-03-12 11:00:00-04:00,2025-03-12 11:03:00-04:00,1,0.003968320819216282,EXTREME,2,1.3,26.0,target,3,-0.007573850353195681,-0.4210027144599321,0.0,-1.9085781362534768
2025-03-12 11:05:00-04:00,2025-03-12 11:08:00-04:00,1,0.0038883091351621943,EXTREME,2,1.3,26.0,target,3,-0.005426839972524415,-0.29619646669187405,0.0,-1.39568120328942
2025-03-12 11:09:00-04:00,2025-03-12 11:11:00-04:00,1,0.003955743516952476,EXTREME,2,-1.0,-20.0,stop,2,-0.006532566449376524,-0.3452696087467934,0.03225806451612903,-1.651413045709608
2025-03-12 11:13:00-04:00,2025-03-12 11:14:00-04:00,1,0.004214169622431114,EXTREME,2,-1.0,-20.0,stop,1,-0.006068314533963923,-0.3077554832143551,0.030560271646859084,-1.4399787093674628
2025-03-12 13:04:00-04:00,2025-03-12 13:06:00-04:00,1,0.00414453585517445,EXTREME,2,-1.0,-20.0,stop,2,-0.004168318354935849,-0.2167786366580174,0.0,-1.0057382782035065
2025-03-12 13:08:00-04:00,2025-03-12 13:09:00-04:00,1,0.0043591689507183635,EXTREME,2,-1.0,-20.0,stop,1,-0.005200940113678932,-0.2584459770870932,0.0,-1.1931035875133607
2025-03-12 13:53:00-04:00,2025-03-12 13:55:00-04:00,1,0.0029149549537646276,HIGH,2,1.3,26.0,target,2,-0.0031954925828773595,-0.28087473484000625,0.0,-1.0962408111145667
2025-03-12 13:56:00-04:00,2025-03-12 13:57:00-04:00,1,0.0031349727459786788,EXTREME,2,1.3,26.0,target,1,-0.00469747249424844,-0.3647414280816025,0.0,-1.4984093562771879
2025-03-12 14:07:00-04:00,2025-03-12 14:11:00-04:00,1,0.003674095590219808,EXTREME,2,-1.0,-20.0,stop,4,-0.006950262594297492,-0.4360239102756744,0.09763779527559055,-1.8916934586020617
2025-03-12 15:41:00-04:00,2025-03-12 15:43:00-04:00,1,0.00358790549788884,EXTREME,2,1.3,26.0,target,2,-0.0032869937802503463,-0.22879402659962544,0.08620689655172414,-0.9161316490037006
2025-03-13 09:52:00-04:00,2025-03-13 09:54:00-04:00,1,0.005414105140116244,EXTREME,2,1.3,26.0,target,2,-0.0050797257244667125,-0.26276909511549,0.0,-0.9382392090667172
2025-03-13 09:55:00-04:00,2025-03-13 09:57:00-04:00,1,0.0056484882111276285,EXTREME,2,1.3,26.0,target,2,-0.008564706919447142,-0.3279434882372368,0.0,-1.5162830476612321
2025-03-13 09:58:00-04:00,2025-03-13 10:00:00-04:00,1,0.006005321778411443,EXTREME,2,-1.0,-20.0,stop,2,-0.01051278994690163,-0.3930306375220611,0.0,-1.7505789589317433
2025-03-13 10:01:00-04:00,2025-03-13 10:04:00-04:00,1,0.00589563978986654,EXTREME,2,-1.0,-20.0,stop,3,-0.008777316495365037,-0.33543381059801397,0.013613861386138614,-1.4887809988750569
2025-03-13 10:49:00-04:00,2025-03-13 10:51:00-04:00,1,0.004466448450966001,EXTREME,2,-1.0,-20.0,stop,2,-0.004148212278720721,-0.22473069731717185,0.0,-0.9287496148810467
2025-03-13 10:58:00-04:00,2025-03-13 11:01:00-04:00,1,0.004774512161921496,EXTREME,2,-1.0,-20.0,stop,3,-0.005149657648618588,-0.2501525088141462,0.09511568123393316,-1.0785725271974416
2025-03-13 11:16:00-04:00,2025-03-13 11:17:00-04:00,1,0.003990883354421376,EXTREME,2,-1.0,-20.0,stop,1,-0.003888374245035112,-0.24194231968146682,0.0,-0.9743141805252973
2025-03-13 11:22:00-04:00,2025-03-13 11:25:00-04:00,1,0.003701734511142451,EXTREME,2,-1.0,-20.0,stop,3,-0.00469750003013017,-0.31950565516367235,0.039337474120082816,-1.2689997124295118
2025-03-13 11:26:00-04:00,2025-03-13 11:36:00-04:00,1,0.0035538365380648807,EXTREME,2,1.3,26.0,target,10,-0.00477239808140994,-0.3338312305044615,0.0,-1.3428862105201342
2025-03-13 11:42:00-04:00,2025-03-13 11:43:00-04:00,1,0.0032759904215536964,EXTREME,2,-1.0,-20.0,stop,1,-0.005320376211076137,-0.3670518720475346,0.016166281755196306,-1.6240512109168057
2025-03-13 13:04:00-04:00,2025-03-13 13:05:00-04:00,1,0.0038669096475524548,EXTREME,2,-1.0,-20.0,stop,1,-0.003698233641314501,-0.21880953797635586,0.09647495361781076,-0.9563796360370829
2025-03-13 13:07:00-04:00,2025-03-13 13:12:00-04:00,1,0.004161397162484728,EXTREME,2,1.3,26.0,target,5,-0.004859150123593505,-0.2718442331259729,0.06307977736549165,-1.1676727632245887
2025-03-13 13:13:00-04:00,2025-03-13 13:19:00-04:00,1,0.004084676077609615,EXTREME,2,1.3,26.0,target,6,-0.006495738761030883,-0.37236692018618406,0.0,-1.5902702289265107
2025-03-13 13:20:00-04:00,2025-03-13 13:23:00-04:00,1,0.003189921937273538,EXTREME,2,-1.0,-20.0,stop,3,-0.0038603137427084106,-0.2824007944192051,0.0,-1.2101593138068651
2025-03-13 13:25:00-04:00,2025-03-13 13:29:00-04:00,1,0.003182838599727146,EXTREME,2,-1.0,-20.0,stop,4,-0.0035482587504806116,-0.25962803743888824,0.12935323383084577,-1.1148095133648284
2025-03-13 13:32:00-04:00,2025-03-13 13:47:00-04:00,1,0.0031079309558066617,EXTREME,2,1.3,26.0,target,15,-0.003301234133930463,-0.24953729111763506,0.08706467661691543,-1.0621967414567708
2025-03-13 15:19:00-04:00,2025-03-13 15:26:00-04:00,1,0.0031681250975677897,EXTREME,2,1.3,26.0,target,7,-0.002962014359224891,-0.21819644523739457,0.055384615384615386,-0.9349423611772362
2025-03-13 15:27:00-04:00,2025-03-13 15:29:00-04:00,1,0.0030241905444800283,EXTREME,2,1.3,26.0,target,2,-0.003437066796208048,-0.27077660035572065,0.0,-1.1365245495134662
2025-03-13 15:44:00-04:00,2025-03-13 15:47:00-04:00,1,0.003774604469325504,EXTREME,2,-1.0,-20.0,stop,3,-0.004919312296449556,-0.29783484167192614,0.05405405405405406,-1.3032656365525377
2025-03-13 15:51:00-04:00,2025-03-13 15:55:00-04:00,1,0.003998208535834185,EXTREME,2,-1.0,-20.0,stop,4,-0.005031613044522514,-0.28492824868571137,0.02102803738317757,-1.2584668857130334
2025-03-14 10:16:00-04:00,2025-03-14 10:21:00-04:00,1,0.005096130252792404,EXTREME,2,1.3,26.0,target,5,-0.005109910632249344,-0.22355974943766058,0.07308377896613191,-1.002704086978426
2025-03-14 12:12:00-04:00,2025-03-14 12:18:00-04:00,1,0.0022245568456121904,NORMAL,2,1.3,26.0,target,6,-0.002466092495193444,-0.26819620485006035,0.0,-1.1085769734577333
2025-03-14 13:46:00-04:00,2025-03-14 13:52:00-04:00,1,0.002728055102622229,HIGH,2,-1.0,-20.0,stop,6,-0.0028562939886473894,-0.22924060205260022,0.06015037593984962,-1.047007439806438
2025-03-14 16:23:00-04:00,2025-03-14 16:32:00-04:00,1,0.002704206633858047,HIGH,2,-1.0,-20.0,stop,9,-0.002477864475176515,-0.27014841875597767,0.0,-0.9162999765448347
2025-03-17 10:31:00-04:00,2025-03-17 10:32:00-04:00,1,0.0038904505252843106,EXTREME,2,-1.0,-20.0,stop,1,-0.004138537817147997,-0.23317636274123724,0.0,-1.0637682680325453
2025-03-17 10:56:00-04:00,2025-03-17 11:03:00-04:00,1,0.003367732535555129,EXTREME,2,1.3,26.0,target,7,-0.003463102086758126,-0.22232405462479482,0.07142857142857142,-1.0283186239394384
2025-03-17 11:09:00-04:00,2025-03-17 11:11:00-04:00,1,0.0030182205038748306,EXTREME,2,-1.0,-20.0,stop,2,-0.0029356483750461702,-0.22550350006578998,0.08762886597938144,-0.9726421152057468
2025-03-17 11:43:00-04:00,2025-03-17 11:47:00-04:00,1,0.0026304511150153594,HIGH,2,-1.0,-20.0,stop,4,-0.00257447286595814,-0.2237843437788069,0.015151515151515152,-0.9787191448882361
2025-03-17 15:19:00-04:00,2025-03-17 15:32:00-04:00,1,0.0016970350339643142,NORMAL,2,-1.0,-20.0,stop,13,-0.0022422475026277746,-0.30705955534400126,0.0,-1.3212735493090153
2025-03-17 16:06:00-04:00,2025-03-17 16:21:00-04:00,1,0.0026553240788892286,HIGH,2,-0.1125,-2.25,timeout,15,-0.004584100864404514,-0.44159368186838804,0.10307017543859649,-1.7263809343837715
2025-03-17 16:22:00-04:00,2025-03-17 16:30:00-04:00,1,0.0024980149641968914,HIGH,2,-1.0,-20.0,stop,8,-0.003395180183849002,-0.3642133434885024,0.11052631578947368,-1.3591512591040653
2025-03-18 09:50:00-04:00,2025-03-18 09:51:00-04:00,1,0.004946084434404262,EXTREME,2,-1.0,-20.0,stop,1,-0.009216879541915347,-0.47509977868424047,0.06706857573474001,-1.863469915273593
2025-03-18 09:52:00-04:00,2025-03-18 09:53:00-04:00,1,0.004986396507681569,EXTREME,2,1.3,26.0,target,1,-0.008185584586439263,-0.4413198130346414,0.07159005275056518,-1.6415831700967478
2025-03-18 09:54:00-04:00,2025-03-18 09:56:00-04:00,1,0.0052883208354824,EXTREME,2,1.3,26.0,target,2,-0.008885913625354909,-0.44914978966560876,0.03812316715542522,-1.6802901907414882
2025-03-18 09:57:00-04:00,2025-03-18 09:58:00-04:00,1,0.005318235364463965,EXTREME,2,1.3,26.0,target,1,-0.010167099648869117,-0.46126678581492153,0.007976794778825236,-1.9117430786920198
2025-03-18 09:59:00-04:00,2025-03-18 10:01:00-04:00,1,0.005505273728798481,EXTREME,2,1.3,26.0,target,2,-0.010477813934903423,-0.4553550741268337,0.05754614549402823,-1.9032321463133117
2025-03-18 10:02:00-04:00,2025-03-18 10:05:00-04:00,1,0.005379770913447623,EXTREME,2,-1.0,-20.0,stop,3,-0.009428041112430076,-0.4056892694998487,0.0671806167400881,-1.7524986219883703
2025-03-18 11:07:00-04:00,2025-03-18 11:08:00-04:00,1,0.003162331237328602,EXTREME,2,-1.0,-20.0,stop,1,-0.00413708183502812,-0.30472486401362336,0.0,-1.3082379815856813
2025-03-18 11:58:00-04:00,2025-03-18 11:59:00-04:00,1,0.0025889417239093973,HIGH,2,-1.0,-20.0,stop,1,-0.002859897741040843,-0.23622963966737934,0.0,-1.1046589865770684
2025-03-18 14:16:00-04:00,2025-03-18 14:19:00-04:00,1,0.0025830549695192973,HIGH,2,-1.0,-20.0,stop,3,-0.0029042180561484245,-0.23404958482191368,0.035483870967741936,-1.1243345923408263
2025-03-19 10:42:00-04:00,2025-03-19 10:47:00-04:00,1,0.0021358792764752136,NORMAL,2,1.3,26.0,target,5,-0.002770724469386413,-0.29306995387051016,0.0,-1.2972289679025624
2025-03-19 13:19:00-04:00,2025-03-19 13:33:00-04:00,1,0.0019021603949234919,NORMAL,2,1.3,26.0,target,14,-0.002384429353566941,-0.27550317228300686,0.0749185667752443,-1.253537482922331
2025-03-20 12:16:00-04:00,2025-03-20 12:23:00-04:00,1,0.0026022442844196607,HIGH,2,1.3,26.0,target,7,-0.0027413986216177806,-0.2282518210247447,0.11825192802056556,-1.053474740258351
2025-03-20 12:24:00-04:00,2025-03-20 12:26:00-04:00,1,0.0024253993960990845,HIGH,2,1.3,26.0,target,2,-0.0048531477675156,-0.4514017595726271,0.020942408376963352,-2.0009684901056746
2025-03-20 12:35:00-04:00,2025-03-20 12:37:00-04:00,1,0.003152779527091528,EXTREME,2,-1.0,-20.0,stop,2,-0.005484574045078665,-0.4151577513638035,0.03333333333333333,-1.7395996129606441
2025-03-20 12:46:00-04:00,2025-03-20 12:55:00-04:00,1,0.0032199412335783785,EXTREME,2,-1.0,-20.0,stop,9,-0.004290187640501051,-0.31881024362574617,0.007894736842105263,-1.3323807266299976
2025-03-20 14:35:00-04:00,2025-03-20 14:37:00-04:00,1,0.002285470352380013,HIGH,2,-1.0,-20.0,stop,2,-0.003042660413441861,-0.30371893451448334,0.031331592689295036,-1.33130600896806
2025-03-21 11:27:00-04:00,2025-03-21 11:33:00-04:00,1,0.0024881491842290468,HIGH,2,-1.0,-20.0,stop,6,-0.002798127448063794,-0.2636735241817605,0.04129793510324484,-1.1245818642224197
2025-03-21 11:37:00-04:00,2025-03-21 11:42:00-04:00,1,0.002370913601883572,HIGH,2,1.3,26.0,target,5,-0.003151725061903562,-0.3238941142172293,0.11498257839721254,-1.329329360378073
2025-03-21 15:13:00-04:00,2025-03-21 15:15:00-04:00,1,0.0019130689035101872,NORMAL,2,-1.0,-20.0,stop,2,-0.003137581773522251,-0.3784275186301797,0.0,-1.6400777660257144
2025-03-26 10:05:00-04:00,2025-03-26 10:10:00-04:00,1,0.0032058093987882186,EXTREME,2,1.3,26.0,target,5,-0.0047779192575537035,-0.33460943369818846,0.09455128205128205,-1.4903940512994114
2025-03-26 10:11:00-04:00,2025-03-26 10:13:00-04:00,1,0.002998236754315383,HIGH,2,1.3,26.0,target,2,-0.0064454435766761065,-0.491228298978854,0.08378870673952642,-2.1497447015813993
2025-03-26 10:18:00-04:00,2025-03-26 10:20:00-04:00,1,0.0031014858678598592,EXTREME,2,1.3,26.0,target,2,-0.005398716237327352,-0.3983356557460544,0.05393258426966292,-1.7406870343254754
2025-03-26 10:21:00-04:00,2025-03-26 10:24:00-04:00,1,0.003308100204549695,EXTREME,2,1.3,26.0,target,3,-0.006500899384109998,-0.443584902400415,0.0,-1.9651458487167905
2025-03-26 12:02:00-04:00,2025-03-26 12:17:00-04:00,1,0.002073664349700376,NORMAL,2,0.475,9.5,timeout,15,-0.00479834769224324,-0.5462590216534519,0.016129032258064516,-2.3139461759742135
2025-03-26 12:20:00-04:00,2025-03-26 12:23:00-04:00,1,0.00234785073499098,HIGH,2,-1.0,-20.0,stop,3,-0.0034544826038549374,-0.32414483826380097,0.030418250950570342,-1.4713382551843566
2025-03-26 13:37:00-04:00,2025-03-26 13:41:00-04:00,1,0.0018681076708167781,NORMAL,2,-1.0,-20.0,stop,4,-0.0027971710405255363,-0.342308846088785,0.0,-1.4973285984648577
2025-03-26 14:57:00-04:00,2025-03-26 15:03:00-04:00,1,0.0021096092416235043,NORMAL,2,-1.0,-20.0,stop,6,-0.003736525537964937,-0.40647777341162844,0.06837606837606838,-1.7711931974138477
2025-03-27 09:33:00-04:00,2025-03-27 09:35:00-04:00,2,0.0026590813346635996,HIGH,2,1.3,26.0,target,2,-0.002844609217717865,-0.2446923791074328,0.0,-1.0697714209173435
2025-03-27 09:37:00-04:00,2025-03-27 09:41:00-04:00,2,0.0031832755423502382,EXTREME,2,1.3,26.0,target,4,-0.00519807479261695,-0.34694990010474075,0.0,-1.6329327208599633
2025-03-27 15:51:00-04:00,2025-03-27 15:53:00-04:00,2,0.0028581264823093495,HIGH,2,1.3,26.0,target,2,-0.003417654774305093,-0.30109020520812524,0.0,-1.1957675055526753
2025-03-27 15:54:00-04:00,2025-03-27 15:55:00-04:00,2,0.0030023204912782214,HIGH,2,-1.0,-20.0,stop,1,-0.006370407078382355,-0.5395702347422083,0.0,-2.121827798494021
2025-03-28 12:16:00-04:00,2025-03-28 12:17:00-04:00,2,0.002413872316833718,HIGH,2,1.3,26.0,target,1,-0.0029713673497051736,-0.2779681855303721,0.0,-1.2309546486711953
2025-03-28 12:18:00-04:00,2025-03-28 12:33:00-04:00,2,0.002762361284859575,HIGH,2,-0.4375,-8.75,timeout,15,-0.004540695074124471,-0.3834946340270346,0.0,-1.6437730643749948
2025-03-28 15:35:00-04:00,2025-03-28 15:39:00-04:00,2,0.002110622643466131,NORMAL,2,-1.0,-20.0,stop,4,-0.002628708983218548,-0.2836514998664846,0.0,-1.245466114635063
2025-03-31 09:32:00-04:00,2025-03-31 09:33:00-04:00,2,0.0023615931049692203,HIGH,2,1.3,26.0,target,1,-0.004275069065219146,-0.5100690550472607,0.0,-1.8102479450095046
2025-03-31 09:34:00-04:00,2025-03-31 09:35:00-04:00,2,0.0037954319756543595,EXTREME,2,1.3,26.0,target,1,-0.008329653544487276,-0.7053313932206406,0.0,-2.1946523078051436
2025-04-01 14:02:00-04:00,2025-04-01 14:05:00-04:00,2,0.002818384280089895,HIGH,2,1.3,26.0,target,3,-0.0037964319608464157,-0.29810495769904904,0.0,-1.347024246361935
2025-04-02 13:49:00-04:00,2025-04-02 13:56:00-04:00,2,0.0032135242799306535,EXTREME,2,-1.0,-20.0,stop,7,-0.006094904040010987,-0.4259909386152396,0.0,-1.8966416647527282
2025-04-03 15:18:00-04:00,2025-04-03 15:19:00-04:00,2,0.003619849152329138,EXTREME,2,-1.0,-20.0,stop,1,-0.004886222521931463,-0.3003635285138073,0.0,-1.3498414757939556
2025-04-03 16:28:00-04:00,2025-04-03 16:33:00-04:00,2,0.002094977870607698,NORMAL,2,-1.0,-20.0,stop,5,-0.003032358206039781,-0.3298767630096131,0.0,-1.4474416405936419
2025-04-14 15:51:00-04:00,2025-04-14 15:52:00-04:00,2,0.0037796237129779082,EXTREME,2,-1.0,-20.0,stop,1,-0.0038168711259322545,-0.2665290080781585,0.0,-1.009854793964397
2025-04-15 16:37:00-04:00,2025-04-15 16:52:00-04:00,2,0.0010175650302754237,LOW,2,0.0,0.0,timeout,15,-0.0015763850660206265,-0.3734930606085553,0.026845637583892617,-1.5491737816441544
2025-04-16 12:07:00-04:00,2025-04-16 12:09:00-04:00,2,0.002490986526484352,HIGH,2,-1.0,-20.0,stop,2,-0.006752237585779961,-0.6126170022177487,0.0,-2.710668048176766
2025-04-21 13:03:00-04:00,2025-04-21 13:05:00-04:00,2,0.0021893790454343893,NORMAL,2,1.3,26.0,target,2,-0.004130731180292134,-0.4464736969418518,0.0,-1.886713581600287
2025-04-21 13:06:00-04:00,2025-04-21 13:21:00-04:00,2,0.0023342118073240875,HIGH,2,-0.5375,-10.75,timeout,15,-0.004606466643543326,-0.4607179062872227,0.021367521367521368,-1.973457005525186
2025-04-21 13:26:00-04:00,2025-04-21 13:28:00-04:00,2,0.0025302678599066417,HIGH,2,-1.0,-20.0,stop,2,-0.0035169865948732463,-0.32732398542217545,0.003937007874015748,-1.3899661180547942
2025-04-22 13:15:00-04:00,2025-04-22 13:16:00-04:00,2,0.004549702810783091,EXTREME,2,1.3,26.0,target,1,-0.0045593876137012945,-0.2832210788243155,0.007653061224489796,-1.0021286671505774
2025-04-22 15:19:00-04:00,2025-04-22 15:23:00-04:00,2,0.0023014277635306497,HIGH,2,1.3,26.0,target,4,-0.0034786753117268194,-0.3398564104834413,0.0,-1.5115292197527588
2025-04-22 15:24:00-04:00,2025-04-22 15:26:00-04:00,2,0.0023278797037333166,HIGH,2,-1.0,-20.0,stop,2,-0.00600034624857915,-0.5842036275718067,0.00998003992015968,-2.5776015139253747
2025-04-22 15:27:00-04:00,2025-04-22 15:38:00-04:00,2,0.0026132677380609646,HIGH,2,1.3,26.0,target,11,-0.005855417220815144,-0.5091164683380461,0.035940803382663845,-2.2406495651149174
2025-04-22 15:40:00-04:00,2025-04-22 15:42:00-04:00,2,0.002783355211002868,HIGH,2,-1.0,-20.0,stop,2,-0.00612796973198618,-0.4811391391618868,0.0,-2.2016484664845266
2025-04-24 15:05:00-04:00,2025-04-24 15:12:00-04:00,2,0.0018762453802673058,NORMAL,2,1.3,26.0,target,7,-0.0022513799205844585,-0.2780567441334879,0.0,-1.1999389548203485
2025-04-24 15:14:00-04:00,2025-04-24 15:15:00-04:00,2,0.0021132024714846094,NORMAL,2,-1.0,-20.0,stop,1,-0.004092851993873708,-0.44402675182321705,0.0,-1.9368006847911339
2025-04-28 09:35:00-04:00,2025-04-28 09:36:00-04:00,2,0.002287552247146563,HIGH,2,-1.0,-20.0,stop,1,-0.002619581623797755,-0.34603995746409066,0.0,-1.1451461390949025
2025-04-28 13:31:00-04:00,2025-04-28 13:39:00-04:00,2,0.0025363296905318413,HIGH,2,-1.0,-20.0,stop,8,-0.0027116373276806827,-0.2509081523238684,0.0,-1.0691186314631207
2025-04-29 12:49:00-04:00,2025-04-29 12:57:00-04:00,2,0.002566826275080767,HIGH,2,1.3,26.0,target,8,-0.0029384188262017467,-0.2670510590474886,0.0,-1.1447673162490466
2025-04-29 16:29:00-04:00,2025-04-29 16:31:00-04:00,2,0.0014205880716787207,NORMAL,2,1.3,26.0,target,2,-0.001401007971572546,-0.25226404036990474,0.0,-0.9862169051700986
2025-04-29 16:32:00-04:00,2025-04-29 16:36:00-04:00,2,0.0020812429754969272,NORMAL,2,-1.0,-20.0,stop,4,-0.00425600603066501,-0.6072239098190108,0.0,-2.0449347244758034
2025-04-30 13:11:00-04:00,2025-04-30 13:16:00-04:00,2,0.0028232929099389456,HIGH,2,-1.0,-20.0,stop,5,-0.0034826339009664245,-0.3163957751064348,0.0,-1.2335361622261636
2025-05-01 11:56:00-04:00,2025-05-01 11:57:00-04:00,2,0.0025395899161848564,HIGH,2,1.3,26.0,target,1,-0.005631100401161001,-0.5478712323841791,0.0,-2.2173266499736384
2025-05-01 11:58:00-04:00,2025-05-01 11:59:00-04:00,2,0.0026332208446370035,HIGH,2,-1.0,-20.0,stop,1,-0.0065747249570257725,-0.5935214059575431,0.0,-2.4968376543184
2025-05-01 15:52:00-04:00,2025-05-01 15:53:00-04:00,2,0.002860875047408119,HIGH,2,-1.0,-20.0,stop,1,-0.0029854556860567554,-0.3133186993431235,0.0,-1.0435463403973213
2025-05-01 15:55:00-04:00,2025-05-01 15:56:00-04:00,2,0.0030254919206064708,HIGH,2,1.3,26.0,target,1,-0.0030576813260026203,-0.2784540236561437,0.01694915254237288,-1.0106393955894937
2025-05-02 13:12:00-04:00,2025-05-02 13:22:00-04:00,2,0.0016312584222324279,NORMAL,2,-1.0,-20.0,stop,10,-0.0019702087032288686,-0.27289211328605595,0.0,-1.2077845400685054
2025-05-02 13:24:00-04:00,2025-05-02 13:39:00-04:00,2,0.002053227349286402,NORMAL,2,-0.6375,-12.75,timeout,15,-0.0024594090715840157,-0.28683853640522383,0.04591836734693878,-1.1978259847545778
2025-05-02 14:51:00-04:00,2025-05-02 14:53:00-04:00,2,0.0018171059192440542,NORMAL,2,-1.0,-20.0,stop,2,-0.001779880656473705,-0.24337760761660818,0.0,-0.979513982990141
2025-05-02 15:05:00-04:00,2025-05-02 15:09:00-04:00,2,0.0022079791466294457,NORMAL,2,-1.0,-20.0,stop,4,-0.0030688973079098687,-0.32091128983951295,0.0,-1.389912270047769
2025-05-02 15:49:00-04:00,2025-05-02 15:51:00-04:00,2,0.0019806817275232905,NORMAL,2,-1.0,-20.0,stop,2,-0.0020455653668776637,-0.26367655789531463,0.0,-1.0327582359410696
2025-05-05 15:01:00-04:00,2025-05-05 15:06:00-04:00,2,0.0014384277580054732,NORMAL,2,-1.0,-20.0,stop,5,-0.0017618826733482324,-0.30977941323155495,0.0,-1.2248669865709922
2025-05-05 15:09:00-04:00,2025-05-05 15:24:00-04:00,2,0.0018347881831215949,NORMAL,2,0.7125,14.25,timeout,15,-0.002288481316030831,-0.29987909369867155,0.025423728813559324,-1.2472727571949753
2025-05-05 15:46:00-04:00,2025-05-05 15:53:00-04:00,2,0.0015246635599957142,NORMAL,2,1.3,26.0,target,7,-0.002052316777036867,-0.30267198511874127,0.0,-1.3460784601178741
2025-05-05 15:55:00-04:00,2025-05-05 16:05:00-04:00,2,0.0019424869193687795,NORMAL,2,1.3,26.0,target,10,-0.00272920355279307,-0.3278699356918958,0.0,-1.4050048551574998
2025-05-05 16:10:00-04:00,2025-05-05 16:25:00-04:00,2,0.0026353462276680526,HIGH,2,0.075,1.5,timeout,15,-0.004835692433251621,-0.3979205931458471,0.0,-1.8349362912859446
2025-05-06 12:10:00-04:00,2025-05-06 12:12:00-04:00,2,0.001749471443885145,NORMAL,2,-1.0,-20.0,stop,2,-0.0027274893110964976,-0.36334820511157306,0.0,-1.5590361995503144
2025-05-06 16:00:00-04:00,2025-05-06 16:15:00-04:00,2,0.0029198008053605193,HIGH,2,0.0125,0.25,timeout,15,-0.003528024754810604,-0.34078210014727384,0.0,-1.2083100834596094
2025-05-06 16:30:00-04:00,2025-05-06 16:31:00-04:00,2,0.002175058327406213,NORMAL,2,-1.0,-20.0,stop,1,-0.002760769660497651,-0.3260072270601808,0.0,-1.2692853454600947
2025-05-07 10:52:00-04:00,2025-05-07 10:55:00-04:00,2,0.0024971053161399284,HIGH,2,1.3,26.0,target,3,-0.0024718895874617287,-0.26455505918257993,0.0,-0.9899020163405928
2025-05-07 10:56:00-04:00,2025-05-07 10:59:00-04:00,2,0.0023241436110797023,HIGH,2,-1.0,-20.0,stop,3,-0.005871451851180787,-0.6165163363129672,0.0,-2.5262861654461832
2025-05-07 13:37:00-04:00,2025-05-07 13:52:00-04:00,2,0.0017084565882815124,NORMAL,2,1.3,26.0,target,15,-0.0017723828615437772,-0.24431670086395443,0.0,-1.0374175578710878
2025-05-07 13:53:00-04:00,2025-05-07 13:54:00-04:00,2,0.0020481311749324794,NORMAL,2,1.3,26.0,target,1,-0.0026251519068266065,-0.3002078771922598,0.0,-1.2817303593424134
2025-05-07 13:55:00-04:00,2025-05-07 14:01:00-04:00,2,0.001989582193461407,NORMAL,2,-1.0,-20.0,both_hit_conservative_stop,6,-0.0038878880664407344,-0.4624767116401244,0.0,-1.9541228702277031
2025-05-07 14:06:00-04:00,2025-05-07 14:07:00-04:00,2,0.0028634765174066538,HIGH,2,1.3,26.0,target,1,-0.003870171685992894,-0.31311262334290957,0.0,-1.3515639686467438
2025-05-07 14:08:00-04:00,2025-05-07 14:09:00-04:00,2,0.003942975115540858,EXTREME,2,1.3,26.0,target,1,-0.006339629152496996,-0.4274932578495391,0.0,-1.607828851749522
2025-05-07 14:10:00-04:00,2025-05-07 14:11:00-04:00,2,0.004177276000168753,EXTREME,2,-1.0,-20.0,stop,1,-0.0081116306280368,-0.5125919561609652,0.004285714285714286,-1.9418469422918445
2025-05-08 10:56:00-04:00,2025-05-08 10:57:00-04:00,2,0.0036186155105602798,EXTREME,2,-1.0,-20.0,stop,1,-0.0044229462351970915,-0.31012089270429766,0.0,-1.22227581855257
2025-05-08 13:36:00-04:00,2025-05-08 13:51:00-04:00,2,0.0017823651764126674,NORMAL,2,-0.3375,-6.75,timeout,15,-0.0019284572371376573,-0.24333452412591192,0.0,-1.0819652799876995
2025-05-08 13:58:00-04:00,2025-05-08 14:13:00-04:00,2,0.001764885142151437,NORMAL,2,-0.325,-6.5,timeout,15,-0.0019774152343196723,-0.24855075235445628,0.0,-1.1204214864142128
2025-05-08 15:51:00-04:00,2025-05-08 15:56:00-04:00,2,0.003300882328156612,EXTREME,2,1.3,26.0,target,5,-0.005190230177479027,-0.4422567676801311,0.0,-1.5723766137333126
2025-05-09 10:27:00-04:00,2025-05-09 10:28:00-04:00,2,0.002701151092518071,HIGH,2,1.3,26.0,target,1,-0.003899246621597085,-0.3459039986574186,0.0,-1.4435499859291927
2025-05-09 10:29:00-04:00,2025-05-09 10:31:00-04:00,2,0.0027447203775028497,HIGH,2,-1.0,-20.0,stop,2,-0.006304187969083478,-0.546766042672517,0.0,-2.296841609351491
2025-05-12 15:01:00-04:00,2025-05-12 15:04:00-04:00,2,0.001346954685242159,NORMAL,2,-1.0,-20.0,stop,3,-0.0021744419213160678,-0.36734893629068804,0.0,-1.6143393279226324
2025-05-12 15:41:00-04:00,2025-05-12 15:43:00-04:00,2,0.0013738069594628256,NORMAL,2,-1.0,-20.0,stop,2,-0.0025811543866149254,-0.4232013612446392,0.0,-1.8788333898266076
2025-05-13 14:01:00-04:00,2025-05-13 14:07:00-04:00,2,0.0014050540652851568,NORMAL,2,-1.0,-20.0,stop,6,-0.0016012268134592503,-0.26378757867041935,0.0,-1.1396193591556067
2025-05-13 15:56:00-04:00,2025-05-13 15:58:00-04:00,2,0.001776873075979059,NORMAL,2,-1.0,-20.0,stop,2,-0.0021695801684658046,-0.27186508501105916,0.0,-1.2210102104621985
2025-05-13 16:00:00-04:00,2025-05-13 16:15:00-04:00,2,0.002045079988224485,NORMAL,2,0.6125,12.25,timeout,15,-0.0022495663735307555,-0.2445749894349254,0.0,-1.0999894314568124
2025-05-14 13:13:00-04:00,2025-05-14 13:22:00-04:00,2,0.0010889843482903305,LOW,2,1.3,26.0,target,9,-0.0014728043719525919,-0.3023725335798981,0.0,-1.352456878067023
2025-05-14 13:23:00-04:00,2025-05-14 13:28:00-04:00,2,0.0017667446460199092,NORMAL,2,-1.0,-20.0,stop,5,-0.0035162976759824673,-0.47858992109364,0.0,-1.9902693260760234
2025-05-14 15:24:00-04:00,2025-05-14 15:30:00-04:00,2,0.001734010374284507,NORMAL,2,-1.0,-20.0,stop,6,-0.0019937249600583476,-0.28478478830434373,0.0,-1.1497768350324922
2025-05-15 13:54:00-04:00,2025-05-15 14:01:00-04:00,2,0.0015097884760611171,NORMAL,2,1.3,26.0,target,7,-0.0016995226294810992,-0.2672524630174216,0.0,-1.1256693612571338
2025-05-15 14:03:00-04:00,2025-05-15 14:07:00-04:00,2,0.0014318846991068993,NORMAL,2,1.3,26.0,target,4,-0.0016786182945379086,-0.2828092620554558,0.04395604395604396,-1.172313871071395
2025-05-15 14:10:00-04:00,2025-05-15 14:16:00-04:00,2,0.0015142101780366152,NORMAL,2,1.3,26.0,target,6,-0.0024012592777884183,-0.35571295823836563,0.0,-1.5858163632884743
2025-05-15 14:17:00-04:00,2025-05-15 14:31:00-04:00,2,0.0017328422088276564,NORMAL,2,-1.0,-20.0,stop,14,-0.00434393295013949,-0.5862016616989861,0.0,-2.506825450124712
2025-05-15 15:10:00-04:00,2025-05-15 15:17:00-04:00,2,0.0017424544041796032,NORMAL,2,-1.0,-20.0,stop,7,-0.0022497451676747743,-0.29399426841977216,0.0,-1.2911357463807025
2025-05-15 15:26:00-04:00,2025-05-15 15:27:00-04:00,2,0.002128529236618163,NORMAL,2,1.3,26.0,target,1,-0.0028206207070229023,-0.3292870416364638,0.0,-1.325150088849305
2025-05-15 15:29:00-04:00,2025-05-15 15:31:00-04:00,2,0.002197791261227903,NORMAL,2,-1.0,-20.0,stop,2,-0.003421440567906041,-0.3806219211341417,0.015665796344647518,-1.5567632050709341
2025-05-16 10:45:00-04:00,2025-05-16 10:46:00-04:00,2,0.0021939883026608335,NORMAL,2,-1.0,-20.0,stop,1,-0.004347193061920617,-0.4471131159311266,0.0,-1.9814112302460372
2025-05-19 14:11:00-04:00,2025-05-19 14:19:00-04:00,2,0.0010646532862490978,LOW,2,1.3,26.0,target,8,-0.0014745363792326984,-0.31879307576995,0.0,-1.3849920892346732
2025-05-19 14:20:00-04:00,2025-05-19 14:27:00-04:00,2,0.001086724181244833,LOW,2,-1.0,-20.0,stop,7,-0.00215164075146404,-0.44333907149876545,0.029411764705882353,-1.9799327084075322
2025-05-20 13:33:00-04:00,2025-05-20 13:48:00-04:00,2,0.001076685611720779,LOW,2,0.3375,6.75,timeout,15,-0.0014441250323832084,-0.29916649584213906,0.0,-1.3412689987332336
2025-05-20 13:50:00-04:00,2025-05-20 14:05:00-04:00,2,0.0014831459756244024,NORMAL,2,-1.0,-20.0,stop,15,-0.0016932893361216624,-0.26595706141418574,0.0,-1.1416875775891109
2025-05-20 14:22:00-04:00,2025-05-20 14:26:00-04:00,2,0.0017614128648520636,NORMAL,2,-1.0,-20.0,stop,4,-0.0018769156262477024,-0.3042976808136666,0.0,-1.065573928577693
2025-05-20 14:27:00-04:00,2025-05-20 14:29:00-04:00,2,0.002068186998579551,NORMAL,2,1.3,26.0,target,2,-0.0020577302137948627,-0.2709337502310947,0.028225806451612902,-0.9949439848563644
2025-05-20 14:30:00-04:00,2025-05-20 14:36:00-04:00,2,0.002306363712884114,HIGH,2,-1.0,-20.0,stop,6,-0.0036879121405194028,-0.41924785688483546,0.016260162601626018,-1.599015853361506
2025-05-21 13:03:00-04:00,2025-05-21 13:05:00-04:00,2,0.001551199802554677,NORMAL,2,-1.0,-20.0,stop,2,-0.0019350417234188498,-0.32476527080850237,0.0,-1.247448407504966
2025-05-21 13:09:00-04:00,2025-05-21 13:11:00-04:00,2,0.0018203974135733085,NORMAL,2,1.3,26.0,target,2,-0.0019576963948284938,-0.2789765935228469,0.0,-1.075422531493097
2025-05-21 13:12:00-04:00,2025-05-21 13:17:00-04:00,2,0.0020847434030569646,NORMAL,2,1.3,26.0,target,5,-0.0034569576071011737,-0.411333494473151,0.0,-1.6582173144340269
2025-05-21 13:18:00-04:00,2025-05-21 13:19:00-04:00,2,0.0028181702862047813,HIGH,2,1.3,26.0,target,1,-0.0070345024370118405,-0.5969224677089798,0.0,-2.496123982090939
2025-05-21 13:21:00-04:00,2025-05-21 13:22:00-04:00,2,0.004141366326718314,EXTREME,2,-1.0,-20.0,stop,1,-0.010510429281572801,-0.6508017994223715,0.0,-2.5379134450782663
2025-05-21 13:23:00-04:00,2025-05-21 13:25:00-04:00,2,0.004438660050922172,EXTREME,2,1.3,26.0,target,2,-0.011420175286999446,-0.6379645874170725,0.0,-2.5728880238590923
2025-05-21 15:07:00-04:00,2025-05-21 15:10:00-04:00,2,0.003137799062098271,EXTREME,2,1.3,26.0,target,3,-0.005679112081996946,-0.43914274604482884,0.0,-1.80990304656388
2025-05-21 15:11:00-04:00,2025-05-21 15:14:00-04:00,2,0.003176786371735875,EXTREME,2,-1.0,-20.0,stop,3,-0.007057563040123483,-0.5404553421397735,0.0,-2.2216045444274095
2025-05-22 09:35:00-04:00,2025-05-22 09:36:00-04:00,2,0.0029603951708092775,HIGH,2,-1.0,-20.0,stop,1,-0.003554837917913712,-0.2448772318486669,0.0,-1.200798445074457
2025-05-22 12:57:00-04:00,2025-05-22 13:01:00-04:00,2,0.00196405900600622,NORMAL,2,-1.0,-20.0,stop,4,-0.002551544840267591,-0.30695288023468353,0.0,-1.2991182202086602
2025-05-22 15:39:00-04:00,2025-05-22 15:45:00-04:00,2,0.0015858290422188844,NORMAL,2,1.3,26.0,target,6,-0.0017035972728601462,-0.25604598546823343,0.0,-1.0742628792297062
2025-05-22 15:46:00-04:00,2025-05-22 15:50:00-04:00,2,0.0017998232773908085,NORMAL,2,-1.0,-20.0,stop,4,-0.003513223667341717,-0.47498945367536816,0.0,-1.9519825704414786
2025-05-22 15:53:00-04:00,2025-05-22 15:56:00-04:00,2,0.002014494799497589,NORMAL,2,1.3,26.0,target,3,-0.00309354810259743,-0.3696910588386684,0.002849002849002849,-1.5356446208592618
2025-05-22 15:57:00-04:00,2025-05-22 16:05:00-04:00,2,0.0026316623431979743,HIGH,2,-1.0,-20.0,stop,8,-0.006012384456037918,-0.5780561026781973,0.0,-2.284633692304051
2025-05-26 10:22:00-04:00,2025-05-26 10:36:00-04:00,2,0.0008186521579104611,LOW,2,1.3,26.0,target,14,-0.0014100365079398158,-0.3690136783957033,0.0,-1.7223878228560616
2025-05-26 10:40:00-04:00,2025-05-26 10:55:00-04:00,2,0.001366216906107061,NORMAL,2,-0.3375,-6.75,timeout,15,-0.0015368068185253431,-0.2761409108535385,0.0,-1.1248629786791073
2025-05-26 10:57:00-04:00,2025-05-26 11:12:00-04:00,2,0.0013817339092593128,NORMAL,2,0.3875,7.75,timeout,15,-0.0019353596131889965,-0.3497015219535671,0.0,-1.4006746163061585
2025-05-28 14:53:00-04:00,2025-05-28 14:55:00-04:00,2,0.0014427718118330756,NORMAL,2,1.3,26.0,target,2,-0.0014997155607084447,-0.30879713191754066,0.0,-1.0394682987346562
2025-05-28 15:46:00-04:00,2025-05-28 15:48:00-04:00,2,0.0016413072358628493,NORMAL,2,-1.0,-20.0,stop,2,-0.0027767448676687006,-0.38329667870591766,0.0,-1.6917885981346703
2025-05-28 15:51:00-04:00,2025-05-28 15:54:00-04:00,2,0.001964762481947878,NORMAL,2,1.3,26.0,target,3,-0.0034436267722538906,-0.41158845185978193,0.0,-1.7526936736087597
2025-05-28 15:55:00-04:00,2025-05-28 16:01:00-04:00,2,0.0020705469261638595,NORMAL,2,1.3,26.0,target,6,-0.004056296484754557,-0.4483349060371041,0.014005602240896359,-1.9590459088361412
2025-05-29 11:58:00-04:00,2025-05-29 11:59:00-04:00,2,0.0037517251989283946,EXTREME,2,1.3,26.0,target,1,-0.005815447041934851,-0.4333125559828314,0.0,-1.550072762151108
2025-05-29 12:01:00-04:00,2025-05-29 12:02:00-04:00,2,0.0041418434167727934,EXTREME,2,-1.0,-20.0,stop,1,-0.007678210339663415,-0.5044588128568501,0.0,-1.8538147310373356
2025-05-29 13:29:00-04:00,2025-05-29 13:32:00-04:00,2,0.002110775829889075,NORMAL,2,-1.0,-20.0,stop,3,-0.002415596438231463,-0.2616569130563895,0.0,-1.1444116442997203
2025-05-29 13:39:00-04:00,2025-05-29 13:41:00-04:00,2,0.002216315271192996,NORMAL,2,-1.0,-20.0,stop,2,-0.0024277749239483004,-0.26186767098407393,0.0,-1.0954104569434655
2025-05-30 12:29:00-04:00,2025-05-30 12:30:00-04:00,2,0.002843611104213488,HIGH,2,1.3,26.0,target,1,-0.0062580563107399855,-0.5283237896687432,0.0,-2.200742675912041
2025-05-30 12:31:00-04:00,2025-05-30 12:32:00-04:00,2,0.0030189275401891914,HIGH,2,1.3,26.0,target,1,-0.007074816041215408,-0.5587494673324557,0.0,-2.3434865352124485
2025-05-30 12:33:00-04:00,2025-05-30 12:34:00-04:00,2,0.0032954735766947247,EXTREME,2,1.3,26.0,target,1,-0.008327107638336145,-0.598462541142586,0.0,-2.5268318633244875
2025-06-03 14:02:00-04:00,2025-06-03 14:04:00-04:00,2,0.0013555438968191691,NORMAL,2,1.3,26.0,target,2,-0.0018835860566326027,-0.3347781616075118,0.0,-1.3895426485652755
2025-06-03 14:11:00-04:00,2025-06-03 14:20:00-04:00,2,0.0023875629809771664,HIGH,2,-1.0,-20.0,stop,9,-0.0042745362265867405,-0.49061409168942843,0.0,-1.7903344375180779
2025-06-03 15:50:00-04:00,2025-06-03 15:54:00-04:00,2,0.0011963746030695399,NORMAL,2,-1.0,-20.0,stop,4,-0.001406265926680489,-0.26257947792088443,0.0,-1.1754394677657236
2025-06-04 10:07:00-04:00,2025-06-04 10:09:00-04:00,2,0.002990853781767731,HIGH,2,1.3,26.0,target,2,-0.004301992681194537,-0.33427507932863154,0.0,-1.4383828147733329
2025-06-04 15:52:00-04:00,2025-06-04 16:00:00-04:00,2,0.0010501800014198937,LOW,2,-1.0,-20.0,stop,8,-0.0014567616879179765,-0.2984772342606061,0.0,-1.3871542839783322
2025-06-04 16:01:00-04:00,2025-06-04 16:16:00-04:00,2,0.0012509889778306784,NORMAL,2,-0.25,-5.0,timeout,15,-0.0017126529169862424,-0.2996155959082449,0.0,-1.3690391740750016
2025-06-05 12:13:00-04:00,2025-06-05 12:17:00-04:00,2,0.001389873379386046,NORMAL,2,1.3,26.0,target,4,-0.0016476745534871621,-0.2715061079654916,0.0,-1.1854853671742354
2025-06-05 12:18:00-04:00,2025-06-05 12:20:00-04:00,2,0.001835957550737006,NORMAL,2,-1.0,-20.0,stop,2,-0.003610152202838097,-0.4729552925278766,0.0,-1.9663592992054084
2025-06-05 12:46:00-04:00,2025-06-05 12:48:00-04:00,2,0.002449824056014814,HIGH,2,1.3,26.0,target,2,-0.003917765339618052,-0.3810718376533495,0.0,-1.5992027386616376
2025-06-05 12:49:00-04:00,2025-06-05 12:51:00-04:00,2,0.0024912963637901443,HIGH,2,-1.0,-20.0,stop,2,-0.005336013995011615,-0.5113656293009886,0.0,-2.1418623944417625
2025-06-05 12:52:00-04:00,2025-06-05 12:53:00-04:00,2,0.0026485271415896236,HIGH,2,1.3,26.0,target,1,-0.006222657143813983,-0.5513464814204224,0.0,-2.349478336883947
2025-06-05 13:56:00-04:00,2025-06-05 14:03:00-04:00,2,0.001339858910058962,NORMAL,2,1.3,26.0,target,7,-0.0013797402936552958,-0.23497534770775977,0.0,-1.0297653605890331
2025-06-05 14:04:00-04:00,2025-06-05 14:16:00-04:00,2,0.0017059529239766096,NORMAL,2,1.3,26.0,target,12,-0.003607619991123574,-0.4711339463051675,0.0,-2.1147242344262005
2025-06-05 14:17:00-04:00,2025-06-05 14:19:00-04:00,2,0.002814341291136843,HIGH,2,-1.0,-20.0,stop,2,-0.006293048227733841,-0.5665839715563851,0.0,-2.2360643492501886
2025-06-05 15:14:00-04:00,2025-06-05 15:16:00-04:00,2,0.0018800658992551187,NORMAL,2,1.3,26.0,target,2,-0.0038984662180965943,-0.5413717895125872,0.0,-2.0735795589086345
2025-06-05 15:17:00-04:00,2025-06-05 15:18:00-04:00,2,0.002561194325390106,HIGH,2,1.3,26.0,target,1,-0.00672250760188302,-0.7202301086907841,0.0,-2.6247549962297714
2025-06-05 15:19:00-04:00,2025-06-05 15:20:00-04:00,2,0.0027609203661825036,HIGH,2,1.3,26.0,target,1,-0.007959784314128958,-0.7529752772345913,0.0,-2.8830184353107113
2025-06-06 10:30:00-04:00,2025-06-06 10:36:00-04:00,2,0.002089501931798487,NORMAL,2,-1.0,-20.0,stop,6,-0.0024643678383786914,-0.27488183323555476,0.0,-1.179404431685568
2025-06-06 11:19:00-04:00,2025-06-06 11:21:00-04:00,2,0.002210015022851504,NORMAL,2,1.3,26.0,target,2,-0.002309828900373782,-0.252692280826083,0.0,-1.0451643434502502
2025-06-06 11:22:00-04:00,2025-06-06 11:23:00-04:00,2,0.0022915840931755417,HIGH,2,-1.0,-20.0,stop,1,-0.003254491678997713,-0.33748536344172525,0.04691358024691358,-1.420192996054459
2025-06-06 12:43:00-04:00,2025-06-06 12:45:00-04:00,2,0.00140681972272717,NORMAL,2,1.3,26.0,target,2,-0.0022990175444342125,-0.4180873151629066,0.0,-1.6341948490581903
2025-06-06 12:46:00-04:00,2025-06-06 12:56:00-04:00,2,0.0013919397255545557,NORMAL,2,1.3,26.0,target,10,-0.002234215536253371,-0.3996858508516989,0.0,-1.6051093989455962
2025-06-06 15:04:00-04:00,2025-06-06 15:19:00-04:00,2,0.0013081360855773702,NORMAL,2,0.6125,12.25,timeout,15,-0.0016069601441062583,-0.26599455147410367,0.0,-1.2284349937468444
2025-06-06 15:43:00-04:00,2025-06-06 15:46:00-04:00,2,0.0012768910795851515,NORMAL,2,-1.0,-20.0,stop,3,-0.0014654131867375365,-0.26615869933740854,0.0,-1.1476414943815207
2025-06-09 09:36:00-04:00,2025-06-09 09:43:00-04:00,2,0.0018499821189146947,NORMAL,2,-1.0,-20.0,stop,7,-0.0018226277550600731,-0.3209709586332401,0.0,-0.9852137144597543
2025-06-09 16:00:00-04:00,2025-06-09 16:15:00-04:00,2,0.0016598032175786093,NORMAL,2,0.725,14.5,timeout,15,-0.0016854434931082398,-0.2436231625801273,0.0,-1.0154477803501525
2025-06-10 11:33:00-04:00,2025-06-10 11:34:00-04:00,2,0.002100169197673614,NORMAL,2,1.3,26.0,target,1,-0.0028950001085598876,-0.38139982859860033,0.0,-1.3784604172686272
2025-06-10 11:35:00-04:00,2025-06-10 11:38:00-04:00,2,0.0023241723189966756,HIGH,2,-1.0,-20.0,stop,3,-0.00401655981749338,-0.48435298592477555,0.040865384615384616,-1.7281678232994757
2025-06-10 13:41:00-04:00,2025-06-10 13:54:00-04:00,2,0.001141400758798588,LOW,2,-1.0,-20.0,stop,13,-0.002035286361558214,-0.4145583337097663,0.0,-1.7831478960120097
2025-06-10 14:01:00-04:00,2025-06-10 14:16:00-04:00,2,0.0014950107213229592,NORMAL,2,-0.5625,-11.25,timeout,15,-0.001661001190235299,-0.3013343088386246,0.0,-1.111029617744448
2025-06-10 15:54:00-04:00,2025-06-10 15:55:00-04:00,2,0.001465636503332485,NORMAL,2,-1.0,-20.0,stop,1,-0.0020638475443717393,-0.3444019928984698,0.0,-1.4081578479241437
2025-06-11 09:47:00-04:00,2025-06-11 09:50:00-04:00,2,0.0028922136396433763,HIGH,2,-1.0,-20.0,stop,3,-0.00427671389473082,-0.49942229018921136,0.0,-1.4786991652726456
2025-06-11 11:49:00-04:00,2025-06-11 11:53:00-04:00,2,0.0016958496683309283,NORMAL,2,-1.0,-20.0,stop,4,-0.002354599155760377,-0.40689562504478993,0.0,-1.3884480445001923
2025-06-11 12:11:00-04:00,2025-06-11 12:14:00-04:00,2,0.0023860328056078094,HIGH,2,-1.0,-20.0,stop,3,-0.0030744334039926025,-0.31687404516108536,0.0,-1.2885126293179496
2025-06-11 13:49:00-04:00,2025-06-11 13:56:00-04:00,2,0.002059130253743724,NORMAL,2,1.3,26.0,target,7,-0.002071260903993991,-0.267870104269016,0.0,-1.0058911524553689
2025-06-11 14:02:00-04:00,2025-06-11 14:03:00-04:00,2,0.0024807959796905505,HIGH,2,1.3,26.0,target,1,-0.004799347234561592,-0.4862615205251222,0.0,-1.9345997308332679
2025-06-11 14:04:00-04:00,2025-06-11 14:05:00-04:00,2,0.002766994283183096,HIGH,2,1.3,26.0,target,1,-0.005974914374056489,-0.5409386716460751,0.0,-2.159351904111296
2025-06-12 11:33:00-04:00,2025-06-12 11:36:00-04:00,2,0.0020302524753616977,NORMAL,2,-1.0,-20.0,stop,3,-0.003400762927742424,-0.3791612514815651,0.006688963210702341,-1.6750443449830368
2025-06-13 13:17:00-04:00,2025-06-13 13:19:00-04:00,2,0.0018271621817531392,NORMAL,2,-1.0,-20.0,stop,2,-0.0020563674026047463,-0.2547501272692168,0.0,-1.125443282014346
2025-06-13 14:27:00-04:00,2025-06-13 14:28:00-04:00,2,0.002379138615539883,HIGH,2,1.3,26.0,target,1,-0.00395303645456246,-0.38632605039669093,0.0,-1.6615410420991472
2025-06-13 14:29:00-04:00,2025-06-13 14:33:00-04:00,2,0.0025232963492695017,HIGH,2,1.3,26.0,target,4,-0.004834209710723433,-0.44201249304955476,0.02044989775051125,-1.9158311357771927
2025-06-13 14:34:00-04:00,2025-06-13 14:35:00-04:00,2,0.002434810469807958,HIGH,2,-1.0,-20.0,stop,1,-0.005979557972096981,-0.5494742995229952,0.0,-2.4558617790766317
2025-06-13 14:37:00-04:00,2025-06-13 14:42:00-04:00,2,0.002629606464979547,HIGH,2,-1.0,-20.0,stop,5,-0.005637276670787997,-0.4807098935987246,0.0,-2.143771984844068
2025-06-16 13:59:00-04:00,2025-06-16 14:06:00-04:00,2,0.0013149652361531285,NORMAL,2,-1.0,-20.0,stop,7,-0.0017529841042602688,-0.29618525060804507,0.0,-1.3331030023185593
2025-06-17 12:45:00-04:00,2025-06-17 12:50:00-04:00,2,0.00143768922356083,NORMAL,2,1.3,26.0,target,5,-0.0018805731332681476,-0.3036642426113582,0.0,-1.308052604449795
2025-06-17 12:51:00-04:00,2025-06-17 12:57:00-04:00,2,0.0015963594242124433,NORMAL,2,1.3,26.0,target,6,-0.002622625787409588,-0.36641495915611166,0.0,-1.642879258662847
2025-06-17 13:06:00-04:00,2025-06-17 13:10:00-04:00,2,0.002053545783934657,NORMAL,2,-1.0,-20.0,stop,4,-0.004508429079734756,-0.4919915662309221,0.019704433497536946,-2.1954363593961204
2025-06-17 13:47:00-04:00,2025-06-17 13:49:00-04:00,2,0.001710215012563896,NORMAL,2,1.3,26.0,target,2,-0.0023870466927101526,-0.3085281801572781,0.0,-1.3957582381010523
2025-06-17 13:50:00-04:00,2025-06-17 13:56:00-04:00,2,0.0019076264913419996,NORMAL,2,-1.0,-20.0,stop,6,-0.0035005286532938415,-0.41204407473326427,0.0,-1.8350178450453623
2025-06-18 09:34:00-04:00,2025-06-18 09:38:00-04:00,2,0.001481148596163922,NORMAL,2,-1.0,-20.0,stop,4,-0.00252650458554002,-0.5028040291777124,0.0,-1.705773878517997
2025-06-18 13:22:00-04:00,2025-06-18 13:30:00-04:00,2,0.0014265767460289545,NORMAL,2,1.3,26.0,target,8,-0.0019872224845460004,-0.3346216021576482,0.0,-1.393000755183813
2025-06-18 13:32:00-04:00,2025-06-18 13:40:00-04:00,2,0.0014070197806909982,NORMAL,2,-1.0,-20.0,stop,8,-0.00305720542948952,-0.5514561814358514,0.0,-2.1728233472226686
2025-06-19 09:41:00-04:00,2025-06-19 09:47:00-04:00,2,0.0013626502633647876,NORMAL,2,1.3,26.0,target,6,-0.0014275840849000134,-0.4447519175741509,0.023928215353938187,-1.0476525952997542
2025-06-19 09:48:00-04:00,2025-06-19 09:49:00-04:00,2,0.0018591409789020738,NORMAL,2,1.3,26.0,target,1,-0.003993817711953106,-0.6035419094306138,0.0,-2.1482059495626187
2025-06-19 09:52:00-04:00,2025-06-19 09:56:00-04:00,2,0.0025374206396870853,HIGH,2,-1.0,-20.0,stop,4,-0.004490595880825546,-0.5204757381186687,0.03622047244094488,-1.769748306839392
2025-06-19 11:59:00-04:00,2025-06-19 12:04:00-04:00,2,0.0016289613186657524,NORMAL,2,-1.0,-20.0,stop,5,-0.0016671739637066658,-0.23722771870430434,0.0,-1.0234582887899466
2025-06-20 10:24:00-04:00,2025-06-20 10:25:00-04:00,2,0.002246648596049735,NORMAL,2,1.3,26.0,target,1,-0.003979065169330819,-0.4114745515347941,0.0,-1.7711115019621575
2025-06-20 10:26:00-04:00,2025-06-20 10:29:00-04:00,2,0.002807258066992414,HIGH,2,-1.0,-20.0,stop,3,-0.0056414029433537885,-0.5077424995786396,0.0,-2.0095776051675096
2025-06-20 13:27:00-04:00,2025-06-20 13:29:00-04:00,2,0.0021026970389854075,NORMAL,2,1.3,26.0,target,2,-0.00263884848936353,-0.28041474908351893,0.0,-1.2549827390430082
2025-06-20 13:30:00-04:00,2025-06-20 13:38:00-04:00,2,0.002314660404190055,HIGH,2,1.3,26.0,target,8,-0.003985005553417345,-0.38819790457700915,0.0,-1.721637241559751
2025-06-20 14:57:00-04:00,2025-06-20 15:12:00-04:00,2,0.0021308022692621614,NORMAL,2,-0.3,-6.0,timeout,15,-0.003389587266181193,-0.4913588485532747,0.0,-1.5907563620884044
2025-06-23 09:32:00-04:00,2025-06-23 09:33:00-04:00,2,0.0020276744669408217,NORMAL,2,1.3,26.0,target,1,-0.0029309787175544133,-0.4516657855543161,0.0,-1.4454878065197607
2025-06-23 09:34:00-04:00,2025-06-23 09:35:00-04:00,2,0.002280728813986107,HIGH,2,1.3,26.0,target,1,-0.004209495479521942,-0.6829709638915431,0.0,-1.8456799658548024
2025-06-23 11:42:00-04:00,2025-06-23 11:44:00-04:00,2,0.002336760400864739,HIGH,2,-1.0,-20.0,stop,2,-0.003228754280143943,-0.3388530154120346,0.0,-1.381722438872686
2025-06-23 12:34:00-04:00,2025-06-23 12:36:00-04:00,2,0.0021772142187351925,NORMAL,2,1.3,26.0,target,2,-0.00576563678186332,-0.5789440159457863,0.0,-2.6481715635739085
2025-06-23 12:37:00-04:00,2025-06-23 12:38:00-04:00,2,0.0029316027548929764,HIGH,2,-1.0,-20.0,both_hit_conservative_stop,1,-0.00720715774667469,-0.5936457378062604,0.0,-2.4584359987537945
2025-06-25 10:13:00-04:00,2025-06-25 10:28:00-04:00,2,0.0016006797781991603,NORMAL,2,-0.15,-3.0,timeout,15,-0.0021188635610548965,-0.27350410263805813,0.0,-1.3237273250485597
2025-06-25 11:33:00-04:00,2025-06-25 11:37:00-04:00,2,0.001598401989803431,NORMAL,2,-1.0,-20.0,stop,4,-0.002004554494590746,-0.2997149437227038,0.0,-1.2540990985861216
2025-06-27 14:13:00-04:00,2025-06-27 14:20:00-04:00,3,0.0020498890343566946,NORMAL,2,1.3,26.0,target,7,-0.0024310236250487086,-0.27342591531045773,0.1383399209486166,-1.1859293768121568
2025-06-27 14:42:00-04:00,2025-06-27 14:46:00-04:00,3,0.0021399659917683204,NORMAL,2,-1.0,-20.0,stop,4,-0.004131635497823774,-0.43971461981775967,0.022727272727272728,-1.9307014754985314
2025-06-27 14:51:00-04:00,2025-06-27 14:54:00-04:00,3,0.002423656580107473,NORMAL,2,1.3,26.0,target,3,-0.002742745326855727,-0.24999455862158282,0.1282798833819242,-1.1316559240971773
2025-06-27 14:58:00-04:00,2025-06-27 15:03:00-04:00,3,0.002682891290676427,HIGH,2,-1.0,-20.0,stop,5,-0.0033706076312412635,-0.2845939700919679,0.09415584415584416,-1.2563340314811806
2025-07-01 10:43:00-04:00,2025-07-01 10:47:00-04:00,3,0.0023833332526854525,NORMAL,2,1.3,26.0,target,4,-0.004300249590452528,-0.4152284892865954,0.0018656716417910447,-1.8043005885170127
2025-07-01 10:56:00-04:00,2025-07-01 10:59:00-04:00,3,0.0022217558306947406,NORMAL,2,1.3,26.0,target,3,-0.0036899021496376,-0.36824175274954785,0.13157894736842105,-1.6608045306597763
2025-07-01 11:14:00-04:00,2025-07-01 11:19:00-04:00,3,0.0031747769721111223,HIGH,2,-1.0,-20.0,stop,5,-0.004696238152609809,-0.3541916689004176,0.0,-1.4792340356075357
2025-07-01 16:16:00-04:00,2025-07-01 16:31:00-04:00,3,0.0012974583361469406,NORMAL,2,-0.4,-8.0,timeout,15,-0.0016925311687555798,-0.3238509600017753,0.058333333333333334,-1.304497509940771
2025-07-07 10:56:00-04:00,2025-07-07 11:11:00-04:00,3,0.0013632808085312764,NORMAL,2,0.075,1.5,timeout,15,-0.0022623961157847007,-0.3771449472464206,0.03153153153153153,-1.659523189666318
2025-07-07 13:51:00-04:00,2025-07-07 14:06:00-04:00,3,0.0018484194673434897,NORMAL,2,-0.45,-9.0,timeout,15,-0.0019568954707928814,-0.2509578474861465,0.11764705882352941,-1.0586858152956435
2025-07-09 10:43:00-04:00,2025-07-09 10:49:00-04:00,3,0.0024250509903720346,NORMAL,2,1.3,26.0,target,6,-0.0050351182976240885,-0.4945095212178272,0.0836734693877551,-2.076293784177971
2025-07-09 10:53:00-04:00,2025-07-09 11:08:00-04:00,3,0.002788906759964124,HIGH,2,0.55,11.0,timeout,15,-0.005350194381207496,-0.44934355123955555,0.0,-1.9183840987485432
2025-07-09 11:11:00-04:00,2025-07-09 11:22:00-04:00,3,0.002190385471175822,NORMAL,2,-1.0,-20.0,stop,11,-0.002269664733761428,-0.24280097042285712,0.0975609756097561,-1.0361942058276383
2025-07-10 09:58:00-04:00,2025-07-10 10:00:00-04:00,3,0.0022175341797366966,NORMAL,2,1.3,26.0,target,2,-0.004391358327796365,-0.5314732395726695,0.0,-1.980288902837918
2025-07-10 10:07:00-04:00,2025-07-10 10:11:00-04:00,3,0.0027010718451326156,HIGH,2,-1.0,-20.0,stop,4,-0.005198303087110151,-0.47660287873928686,0.0,-1.9245334390040736
2025-07-10 10:26:00-04:00,2025-07-10 10:29:00-04:00,3,0.002697754626554913,HIGH,2,-1.0,-20.0,stop,3,-0.0027410865245852084,-0.2359630574257115,0.0,-1.0160622087730904
2025-07-11 16:20:00-04:00,2025-07-11 16:35:00-04:00,3,0.0012129168185589653,NORMAL,2,-0.425,-8.5,timeout,15,-0.001982837385432493,-0.43460990441376235,0.0,-1.6347678217441575
2025-07-15 09:59:00-04:00,2025-07-15 10:07:00-04:00,3,0.0026467931217054454,HIGH,2,-1.0,-20.0,stop,8,-0.0026620765116216654,-0.212426920383701,0.0,-1.00577430468248
2025-07-15 10:57:00-04:00,2025-07-15 11:04:00-04:00,3,0.0021423822800593073,NORMAL,2,-1.0,-20.0,stop,7,-0.003014806559210529,-0.348127450800007,0.0,-1.4072215716455003
2025-07-15 13:16:00-04:00,2025-07-15 13:21:00-04:00,3,0.0016979414778635754,NORMAL,2,-1.0,-20.0,stop,5,-0.0019905561069422342,-0.31332590640053504,0.05217391304347826,-1.1723349319711769
2025-07-15 15:14:00-04:00,2025-07-15 15:29:00-04:00,3,0.001274735059445224,NORMAL,2,0.825,16.5,timeout,15,-0.002127333856907274,-0.3963076456073089,0.12345679012345678,-1.6688439226211509
2025-07-15 16:09:00-04:00,2025-07-15 16:24:00-04:00,3,0.0015229089367028324,NORMAL,2,1.125,22.5,timeout,15,-0.0025679676244002828,-0.4218201315987355,0.09941520467836257,-1.6862253300319128
2025-07-15 16:25:00-04:00,2025-07-15 16:40:00-04:00,3,0.0014020415315976506,NORMAL,2,-0.1,-2.0,timeout,15,-0.0030149923047071356,-0.5888791955535994,0.08940397350993377,-2.1504300955132902
2025-07-16 09:47:00-04:00,2025-07-16 09:51:00-04:00,3,0.0021180538934643476,NORMAL,2,1.3,26.0,target,4,-0.0020182070307052345,-0.27648596827366123,0.096,-0.9528591491145673
2025-07-16 10:03:00-04:00,2025-07-16 10:11:00-04:00,3,0.0027168803633010846,HIGH,2,-1.0,-20.0,stop,8,-0.0028721590707954407,-0.2351965633863399,0.13114754098360656,-1.057153310683761
2025-07-18 10:16:00-04:00,2025-07-18 10:27:00-04:00,3,0.0018672194895807312,NORMAL,2,1.3,26.0,target,11,-0.0020745256830579963,-0.24486067891590216,0.0,-1.111024009032711
2025-07-18 10:38:00-04:00,2025-07-18 10:43:00-04:00,3,0.001949001883144159,NORMAL,2,-1.0,-20.0,stop,5,-0.0020135897711233116,-0.22391217880171915,0.05531914893617021,-1.0331389561691744
2025-07-22 10:03:00-04:00,2025-07-22 10:06:00-04:00,3,0.003315038116976233,HIGH,2,-1.0,-20.0,stop,3,-0.006928689917236944,-0.4649171020161227,0.030054644808743168,-2.0900785067161927
2025-07-22 16:11:00-04:00,2025-07-22 16:26:00-04:00,3,0.0017869017610422715,NORMAL,2,0.375,7.5,timeout,15,-0.0019288848491842805,-0.3014421702639043,0.09947643979057591,-1.0794576910927618
2025-07-22 16:27:00-04:00,2025-07-22 16:42:00-04:00,3,0.0017800898948683514,NORMAL,2,-0.0625,-1.25,timeout,15,-0.001676658465258574,-0.26991371685363,0.09009009009009009,-0.941895389717143
2025-07-23 10:00:00-04:00,2025-07-23 10:15:00-04:00,3,0.0031348351532779163,HIGH,2,0.775,15.5,timeout,15,-0.004017700133455243,-0.3165962677409723,0.0,-1.2816304325457644
2025-07-23 12:25:00-04:00,2025-07-23 12:40:00-04:00,3,0.0019521409949808178,NORMAL,2,-0.225,-4.5,timeout,15,-0.0021069051048623827,-0.25258423139263436,0.1375,-1.079279165941129
2025-07-24 10:18:00-04:00,2025-07-24 10:19:00-04:00,3,0.0022802066320808303,NORMAL,2,-1.0,-20.0,stop,1,-0.003973730412812055,-0.41321551465815437,0.0,-1.7427062779770004
2025-07-29 10:18:00-04:00,2025-07-29 10:33:00-04:00,3,0.002357133523687835,NORMAL,2,-0.1,-2.0,timeout,15,-0.0021698400859760385,-0.21252703291873426,0.11594202898550725,-0.9205418633142309
2025-07-29 12:26:00-04:00,2025-07-29 12:41:00-04:00,3,0.000997239180181634,LOW,2,0.6,12.0,timeout,15,-0.0018030135003626508,-0.43576320050352846,0.0,-1.8080050766098619
2025-07-30 11:21:00-04:00,2025-07-30 11:26:00-04:00,3,0.0012928261377796505,NORMAL,2,-1.0,-20.0,stop,5,-0.001781241193667333,-0.33734691987052123,0.04741379310344827,-1.3777886613017474
2025-07-31 10:27:00-04:00,2025-07-31 10:29:00-04:00,3,0.0023246167259021364,NORMAL,2,-1.0,-20.0,stop,2,-0.002794801421679337,-0.2936173184236758,0.0,-1.2022633195993766
2025-07-31 10:34:00-04:00,2025-07-31 10:46:00-04:00,3,0.0023928565825281673,NORMAL,2,1.3,26.0,target,12,-0.0025465852271685796,-0.25521269287539317,0.014545454545454545,-1.0642448217594347
2025-07-31 10:56:00-04:00,2025-07-31 11:00:00-04:00,3,0.002650807822211755,HIGH,2,1.3,26.0,target,4,-0.0032670785621472047,-0.3020645183040172,0.03048780487804878,-1.2324841260734065
2025-07-31 11:01:00-04:00,2025-07-31 11:04:00-04:00,3,0.0024984947075525963,HIGH,2,-1.0,-20.0,stop,3,-0.00395284086559916,-0.39473879464184547,0.1262135922330097,-1.5820889488579988
2025-07-31 11:08:00-04:00,2025-07-31 11:12:00-04:00,3,0.002544318428704882,HIGH,2,1.3,26.0,target,4,-0.002346809521447146,-0.22425271064600186,0.1286549707602339,-0.9223725674312421
2025-07-31 11:13:00-04:00,2025-07-31 11:16:00-04:00,3,0.0026057175300839086,HIGH,2,1.3,26.0,target,3,-0.0033458400481055635,-0.31271075171204377,0.05707196029776675,-1.2840378933927736
2025-07-31 11:17:00-04:00,2025-07-31 11:19:00-04:00,3,0.00242831246781304,NORMAL,2,-1.0,-20.0,stop,2,-0.004327840133511848,-0.4130203768895785,0.0,-1.782241861735998
2025-07-31 13:01:00-04:00,2025-07-31 13:15:00-04:00,3,0.0013580779546673396,NORMAL,2,1.3,26.0,target,14,-0.001702711251624702,-0.278892122528744,0.08530805687203792,-1.253765474782175
2025-07-31 13:56:00-04:00,2025-07-31 14:01:00-04:00,3,0.002754211430203555,HIGH,2,-1.0,-20.0,stop,5,-0.003573410136393434,-0.27690718741258236,0.0,-1.2974349380756633
2025-07-31 14:07:00-04:00,2025-07-31 14:14:00-04:00,3,0.0027313069032724167,HIGH,2,-1.0,-20.0,stop,7,-0.004317809542513666,-0.3595498208138631,0.0,-1.580858429838272
2025-07-31 14:15:00-04:00,2025-07-31 14:17:00-04:00,3,0.0031328773504420717,HIGH,2,1.3,26.0,target,2,-0.005301003081801679,-0.372817823524654,0.0,-1.6920557330639416
2025-07-31 15:15:00-04:00,2025-07-31 15:27:00-04:00,3,0.001974442087070614,NORMAL,2,1.3,26.0,target,12,-0.002058807350933499,-0.25230176178096825,0.0,-1.0427286596124243
2025-07-31 15:37:00-04:00,2025-07-31 15:42:00-04:00,3,0.002412354146954519,NORMAL,2,-1.0,-20.0,stop,5,-0.0026251812696957656,-0.2610984252100891,0.0,-1.0882238302406513
2025-07-31 16:11:00-04:00,2025-07-31 16:18:00-04:00,3,0.0026388494038038857,HIGH,2,1.3,26.0,target,7,-0.0022948888563167394,-0.20039308233574424,0.12684365781710916,-0.8696551053685257
2025-07-31 16:19:00-04:00,2025-07-31 16:31:00-04:00,3,0.0025181366965768993,HIGH,2,-1.0,-20.0,stop,12,-0.0024234551850672035,-0.22860225086619407,0.0425531914893617,-0.9624001700787714
2025-08-01 11:05:00-04:00,2025-08-01 11:08:00-04:00,3,0.0037017714673098757,EXTREME,2,-1.0,-20.0,stop,3,-0.0036018410440360176,-0.23571149787141454,0.11933174224343675,-0.9730047021658853
2025-08-01 12:53:00-04:00,2025-08-01 12:56:00-04:00,3,0.0022170276512669153,NORMAL,2,1.3,26.0,target,3,-0.0034291833390959164,-0.35795694377826914,0.009876543209876543,-1.5467481143666917
2025-08-01 13:02:00-04:00,2025-08-01 13:17:00-04:00,3,0.0023586128846531823,NORMAL,2,0.875,17.5,timeout,15,-0.00516355938486334,-0.5034388577493245,0.0,-2.189235638650641
2025-08-01 13:18:00-04:00,2025-08-01 13:31:00-04:00,3,0.002287222901518349,NORMAL,2,-1.0,-20.0,stop,13,-0.004070583674805887,-0.41706060116227733,0.007653061224489796,-1.7797057174023891
2025-08-01 13:39:00-04:00,2025-08-01 13:41:00-04:00,3,0.002148820763274218,NORMAL,2,-1.0,-20.0,stop,2,-0.0024726654752488877,-0.276670607803702,0.0,-1.150708108144496
2025-08-01 15:04:00-04:00,2025-08-01 15:07:00-04:00,3,0.002210919661300085,NORMAL,2,-1.0,-20.0,stop,3,-0.002021337016137586,-0.21913512727909007,0.017857142857142856,-0.9142516806553618
2025-08-04 11:20:00-04:00,2025-08-04 11:27:00-04:00,3,0.0021696033653758433,NORMAL,2,-1.0,-20.0,stop,7,-0.0021292751646412615,-0.25302018097846163,0.0625,-0.981412178198942
2025-08-05 10:16:00-04:00,2025-08-05 10:23:00-04:00,3,0.0025666478300214197,HIGH,2,1.3,26.0,target,7,-0.002999477864974299,-0.25361615234089946,0.005813953488372093,-1.1686363161670168
2025-08-05 10:24:00-04:00,2025-08-05 10:32:00-04:00,3,0.002778014865869122,HIGH,2,1.3,26.0,target,8,-0.004060248248283288,-0.3169357694422145,0.019002375296912115,-1.4615646223379763
2025-08-05 10:33:00-04:00,2025-08-05 10:38:00-04:00,3,0.0026836027298627143,HIGH,2,1.3,26.0,target,5,-0.0036655662009391406,-0.2925594432198658,0.029069767441860465,-1.3659123834348839
2025-08-05 10:39:00-04:00,2025-08-05 10:44:00-04:00,3,0.0023496051188569484,NORMAL,2,1.3,26.0,target,5,-0.004322023248304098,-0.40119857268909676,0.0,-1.8394679231915807
2025-08-05 10:55:00-04:00,2025-08-05 10:58:00-04:00,3,0.002719101089302905,HIGH,2,-1.0,-20.0,stop,3,-0.005197719649747556,-0.43427019604492284,0.11204013377926421,-1.911558077114409
2025-08-05 11:42:00-04:00,2025-08-05 11:43:00-04:00,3,0.0029597727549173277,HIGH,2,-1.0,-20.0,stop,1,-0.0026438255670590844,-0.2085519599159295,0.0,-0.8932528899952428
2025-08-05 14:27:00-04:00,2025-08-05 14:31:00-04:00,3,0.001480503083157004,NORMAL,2,1.3,26.0,target,4,-0.0026569681928312705,-0.3988082929505081,0.0,-1.7946387434503606
2025-08-05 14:40:00-04:00,2025-08-05 14:49:00-04:00,3,0.0019024778678398092,NORMAL,2,1.3,26.0,target,9,-0.0029331413003954683,-0.35622528089444777,0.09352517985611511,-1.541747922526919
2025-08-05 14:56:00-04:00,2025-08-05 14:58:00-04:00,3,0.002215501448493272,NORMAL,2,-1.0,-20.0,stop,2,-0.0028011666933849483,-0.295472347356254,0.014545454545454545,-1.2643488431433787
2025-08-05 16:38:00-04:00,2025-08-05 16:53:00-04:00,3,0.001640937735330066,NORMAL,2,-0.3125,-6.25,timeout,15,-0.001747206238849044,-0.24382337551346417,0.0891089108910891,-1.0647608384102414
2025-08-06 10:33:00-04:00,2025-08-06 10:35:00-04:00,3,0.0027509704816986425,HIGH,2,-1.0,-20.0,stop,2,-0.0025837491370466615,-0.20753188179989293,0.11751662971175167,-0.9392136899452564
2025-08-07 10:26:00-04:00,2025-08-07 10:29:00-04:00,3,0.0031934416123346183,HIGH,2,-1.0,-20.0,stop,3,-0.0037262546553945798,-0.26018674478221154,0.0,-1.1668460262439055
2025-08-07 10:31:00-04:00,2025-08-07 10:33:00-04:00,3,0.0033986704301290187,EXTREME,2,-1.0,-20.0,stop,2,-0.004347223952931488,-0.2747675531283527,0.024390243902439025,-1.2790954705091722
2025-08-07 10:38:00-04:00,2025-08-07 10:40:00-04:00,3,0.003160564496935815,HIGH,2,-1.0,-20.0,stop,2,-0.0031250187652273206,-0.21762636203926766,0.05539358600583091,-0.988753359805517
2025-08-07 11:14:00-04:00,2025-08-07 11:18:00-04:00,3,0.0026423460298811673,HIGH,2,-1.0,-20.0,stop,4,-0.0023917485716286623,-0.21780233223128825,0.0,-0.9051609988174883
2025-08-07 11:50:00-04:00,2025-08-07 11:52:00-04:00,3,0.0026227020231293276,HIGH,2,-1.0,-20.0,stop,2,-0.0025621811292115965,-0.21326219709506272,0.0,-0.9769242203712035
2025-08-07 12:07:00-04:00,2025-08-07 12:09:00-04:00,3,0.002338801088155508,NORMAL,2,-1.0,-20.0,stop,2,-0.0020631024697882468,-0.20886822101460414,0.05429864253393665,-0.8821196809923283
2025-08-07 13:31:00-04:00,2025-08-07 13:44:00-04:00,3,0.0030405050868011364,HIGH,2,-1.0,-20.0,stop,13,-0.0030919352346092635,-0.21702536667936254,0.0,-1.01691500140269
2025-08-07 14:14:00-04:00,2025-08-07 14:29:00-04:00,3,0.002637366061629371,HIGH,2,-1.0,-20.0,stop,15,-0.0027641102302029498,-0.24331616896077596,0.0,-1.0480571015216886
2025-08-08 11:02:00-04:00,2025-08-08 11:07:00-04:00,3,0.0013905322362955323,NORMAL,2,-1.0,-20.0,stop,5,-0.0017485144672158264,-0.2981682748368508,0.0,-1.2574425975725538
2025-08-08 11:46:00-04:00,2025-08-08 11:48:00-04:00,3,0.0015544433388914255,NORMAL,2,-1.0,-20.0,stop,2,-0.002495432378089888,-0.38805573887650724,0.08032128514056225,-1.6053543513972937
2025-08-13 10:03:00-04:00,2025-08-13 10:18:00-04:00,3,0.0024059243878831954,NORMAL,2,0.0125,0.25,timeout,15,-0.0026099826204095313,-0.2916762916959492,0.0,-1.0848148984041317
2025-08-13 10:24:00-04:00,2025-08-13 10:29:00-04:00,3,0.0025101324214797265,HIGH,2,1.3,26.0,target,5,-0.002967648711911351,-0.28319802113388476,0.04827586206896552,-1.1822677905422687
2025-08-13 11:09:00-04:00,2025-08-13 11:17:00-04:00,3,0.0014337144106735449,NORMAL,2,1.3,26.0,target,8,-0.0017186704997811948,-0.2810069265964981,0.0,-1.1987537315564682
2025-08-14 11:38:00-04:00,2025-08-14 11:47:00-04:00,3,0.002022039674337241,NORMAL,2,-1.0,-20.0,stop,9,-0.002949522329223255,-0.3545700907119097,0.11258278145695365,-1.4586866749733842
2025-08-14 14:31:00-04:00,2025-08-14 14:46:00-04:00,3,0.0013712507953053024,NORMAL,2,-0.775,-15.5,timeout,15,-0.00214983396000582,-0.36452394867331334,0.0,-1.5677904927137487
2025-08-14 16:07:00-04:00,2025-08-14 16:22:00-04:00,3,0.0016694702625795813,NORMAL,2,0.2125,4.25,timeout,15,-0.0016597684233249132,-0.23918075420637183,0.04067796610169491,-0.9941886720164291
2025-08-15 09:51:00-04:00,2025-08-15 09:54:00-04:00,3,0.0032617781085165173,HIGH,2,1.3,26.0,target,3,-0.004610456119520478,-0.44172963790751346,0.10578842315369262,-1.4134793864372799
2025-08-15 10:48:00-04:00,2025-08-15 11:03:00-04:00,3,0.0021691675549719357,NORMAL,2,0.05,1.0,timeout,15,-0.0022915638383777643,-0.24015996448224858,0.0,-1.056425462904092
2025-08-15 11:06:00-04:00,2025-08-15 11:17:00-04:00,3,0.0018402836626040904,NORMAL,2,-1.0,-20.0,stop,11,-0.0021796132620085337,-0.253542882581154,0.09090909090909091,-1.1843898341869077
2025-08-19 09:51:00-04:00,2025-08-19 09:53:00-04:00,3,0.0028924319501433004,HIGH,2,-1.0,-20.0,stop,2,-0.004041286513912311,-0.4580911379149639,0.0,-1.3971932904807294
2025-08-19 10:38:00-04:00,2025-08-19 10:44:00-04:00,3,0.0024510537129425105,HIGH,2,1.3,26.0,target,6,-0.004336381110172021,-0.4034047010166192,0.0,-1.769190567825688
2025-08-19 10:45:00-04:00,2025-08-19 11:00:00-04:00,3,0.0025088649818456395,HIGH,2,1.3,26.0,target,15,-0.005147203451626051,-0.46070058560330257,0.0,-2.0516063992568965
2025-08-19 12:13:00-04:00,2025-08-19 12:17:00-04:00,3,0.001577285387592231,NORMAL,2,-1.0,-20.0,stop,4,-0.0018715109591313306,-0.25432487338311566,0.0,-1.1865392108832271
2025-08-19 12:32:00-04:00,2025-08-19 12:41:00-04:00,3,0.0014321118951469375,NORMAL,2,1.3,26.0,target,9,-0.0018819180317781957,-0.28857873489144753,0.10471204188481675,-1.3140858882295
2025-08-19 13:00:00-04:00,2025-08-19 13:06:00-04:00,3,0.0018045662347583767,NORMAL,2,1.3,26.0,target,6,-0.0021248458628486625,-0.28969320757424133,0.096,-1.1774828886417517
2025-08-19 13:08:00-04:00,2025-08-19 13:23:00-04:00,3,0.0020754378617029727,NORMAL,2,-0.7375,-14.75,timeout,15,-0.002574594256024985,-0.30009043444719186,0.0,-1.2405065473328294
2025-08-20 10:31:00-04:00,2025-08-20 10:42:00-04:00,3,0.003998477334273057,EXTREME,2,1.3,26.0,target,11,-0.004093619362013383,-0.22473151948759598,0.11923076923076924,-1.023794564727131
2025-08-20 10:55:00-04:00,2025-08-20 11:01:00-04:00,3,0.003025076305400292,HIGH,2,-1.0,-20.0,stop,6,-0.0040912424048632065,-0.30969315694947036,0.0757238307349666,-1.352442712786987
2025-08-20 14:08:00-04:00,2025-08-20 14:11:00-04:00,3,0.0020794333877141593,NORMAL,2,-1.0,-20.0,stop,3,-0.0027054499177142886,-0.3360959643557906,0.09693877551020408,-1.3010514949403045
2025-08-20 14:17:00-04:00,2025-08-20 14:23:00-04:00,3,0.0024263465587049354,NORMAL,2,1.3,26.0,target,6,-0.0037457562130419004,-0.3816916489246594,0.09183673469387756,-1.543784501683552
2025-08-20 16:20:00-04:00,2025-08-20 16:35:00-04:00,3,0.0013605836084616334,NORMAL,2,-0.25,-5.0,timeout,15,-0.001710505330820173,-0.321527567334302,0.0,-1.257185019856431
2025-08-21 11:15:00-04:00,2025-08-21 11:18:00-04:00,3,0.002625378899916851,HIGH,2,-1.0,-20.0,stop,3,-0.002843364244256923,-0.239639924191593,0.0,-1.0830300511468938
2025-08-21 11:56:00-04:00,2025-08-21 12:11:00-04:00,3,0.002071854145362554,NORMAL,2,0.9,18.0,timeout,15,-0.0031603924119247267,-0.3716624524793152,0.0,-1.5253932903523424
2025-08-21 12:12:00-04:00,2025-08-21 12:14:00-04:00,3,0.0021221941423843435,NORMAL,2,-1.0,-20.0,stop,2,-0.004657002864042036,-0.4986200980819075,0.0,-2.1944282905284838
2025-08-21 13:17:00-04:00,2025-08-21 13:32:00-04:00,3,0.002249822090916698,NORMAL,2,-1.0,-20.0,stop,15,-0.0020605164919783904,-0.20821019397617424,0.0,-0.9158575250449361
2025-08-22 12:07:00-04:00,2025-08-22 12:14:00-04:00,3,0.001815382700568393,NORMAL,2,1.3,26.0,target,7,-0.0025001698821797533,-0.3388578989854869,0.09251101321585903,-1.3772136758805484
2025-08-28 11:46:00-04:00,2025-08-28 11:52:00-04:00,3,0.002101042110937516,NORMAL,2,-1.0,-20.0,stop,6,-0.0021179772460401323,-0.23431199051372742,0.07692307692307693,-1.0080603501540764
2025-08-29 10:10:00-04:00,2025-08-29 10:14:00-04:00,3,0.00333371327156678,HIGH,2,1.3,26.0,target,4,-0.005734551462227795,-0.3772897955835543,0.036308623298033284,-1.7201693712346977
2025-08-29 10:16:00-04:00,2025-08-29 10:18:00-04:00,3,0.0030969400426732155,HIGH,2,-1.0,-20.0,stop,2,-0.005470159666947717,-0.38244139765515844,0.0,-1.7663111302038599
2025-08-29 10:52:00-04:00,2025-08-29 10:57:00-04:00,3,0.0028129390760109952,HIGH,2,-1.0,-20.0,stop,5,-0.0027025774396800466,-0.22437772277254925,0.040625,-0.9607664320666868
2025-08-29 10:59:00-04:00,2025-08-29 11:01:00-04:00,3,0.0024293311338496504,NORMAL,2,-1.0,-20.0,stop,2,-0.002088729976534808,-0.1990407894697298,0.0,-0.8597963231240908
2025-08-29 11:51:00-04:00,2025-08-29 11:53:00-04:00,3,0.0016130751231302923,NORMAL,2,-1.0,-20.0,stop,2,-0.001753470859464081,-0.24430682253220062,0.0,-1.0870360805399693
2025-09-02 10:48:00-04:00,2025-09-02 11:03:00-04:00,3,0.003007477990618268,HIGH,2,0.2,4.0,timeout,15,-0.0029442668785775363,-0.23183524783216092,0.0,-0.978982020071995
2025-09-02 11:05:00-04:00,2025-09-02 11:16:00-04:00,3,0.0023310139491828715,NORMAL,2,1.3,26.0,target,11,-0.0045481724816763556,-0.4202694152602688,0.017204301075268817,-1.9511562696871467
2025-09-02 11:18:00-04:00,2025-09-02 11:33:00-04:00,3,0.0021299918317769953,NORMAL,2,0.6875,13.75,timeout,15,-0.0021794799037634233,-0.2225634615931056,0.0,-1.0232339257118848
2025-09-02 11:34:00-04:00,2025-09-02 11:36:00-04:00,3,0.0016733657309576143,NORMAL,2,1.3,26.0,target,2,-0.0025718518269343582,-0.35890086298298973,0.014563106796116505,-1.5369334864187572
2025-09-02 11:41:00-04:00,2025-09-02 11:51:00-04:00,3,0.0018524748193667828,NORMAL,2,1.3,26.0,target,10,-0.0030944028760926463,-0.39793021287884783,0.04395604395604396,-1.6704156211690815
2025-09-02 14:18:00-04:00,2025-09-02 14:33:00-04:00,3,0.0013199433935105575,NORMAL,2,0.4375,8.75,timeout,15,-0.001740993438852076,-0.31068480591512765,0.030120481927710843,-1.3189909865919949
2025-09-03 11:21:00-04:00,2025-09-03 11:26:00-04:00,3,0.0016446589220816517,NORMAL,2,1.3,26.0,target,5,-0.0018442019678350295,-0.28596996276204656,0.0,-1.1213279197736727
2025-09-03 11:47:00-04:00,2025-09-03 11:52:00-04:00,3,0.0019252303370545525,NORMAL,2,-1.0,-20.0,stop,5,-0.002673044579572523,-0.31055527053992615,0.09121621621621621,-1.3884284535335476
2025-09-03 12:51:00-04:00,2025-09-03 12:58:00-04:00,3,0.0019243251494421674,NORMAL,2,-1.0,-20.0,stop,7,-0.0024982112639072886,-0.32698115369954084,0.0,-1.2982272068893774
2025-09-03 14:09:00-04:00,2025-09-03 14:15:00-04:00,3,0.0026016092026167974,HIGH,2,-1.0,-20.0,stop,6,-0.0030479047009519577,-0.26376200878694994,0.03296703296703297,-1.1715459408301059
2025-09-03 14:19:00-04:00,2025-09-03 14:34:00-04:00,3,0.002337499605216382,NORMAL,2,0.2,4.0,timeout,15,-0.0020746460636072005,-0.20197652690885096,0.075,-0.8875492680201548
2025-09-04 10:04:00-04:00,2025-09-04 10:13:00-04:00,3,0.0034515266116244333,EXTREME,2,-1.0,-20.0,stop,9,-0.003430749734824057,-0.2365734329203268,0.0,-0.9939803805277347
2025-09-04 10:16:00-04:00,2025-09-04 10:20:00-04:00,3,0.0032682916606375303,HIGH,2,-1.0,-20.0,stop,4,-0.0033189681140555305,-0.2536703383225334,0.0,-1.0155054868659166
2025-09-05 10:13:00-04:00,2025-09-05 10:14:00-04:00,3,0.0037650583380802382,EXTREME,2,-1.0,-20.0,stop,1,-0.004133299461431239,-0.2520829399942208,0.0,-1.097804891793194
2025-09-05 10:15:00-04:00,2025-09-05 10:17:00-04:00,3,0.0038772593168385798,EXTREME,2,1.3,26.0,target,2,-0.004864388046663893,-0.2846404862559799,0.0,-1.254594456846955
2025-09-05 10:18:00-04:00,2025-09-05 10:19:00-04:00,3,0.0037493384147426483,EXTREME,2,1.3,26.0,target,1,-0.004302720023914082,-0.25061361714288777,0.06646058732612056,-1.1475944681321644
2025-09-05 10:34:00-04:00,2025-09-05 10:36:00-04:00,3,0.003996392860870858,EXTREME,2,1.3,26.0,target,2,-0.006727431297235567,-0.3669112474652127,0.0996309963099631,-1.683375867048663
2025-09-05 10:37:00-04:00,2025-09-05 10:40:00-04:00,3,0.003907138357465416,EXTREME,2,1.3,26.0,target,3,-0.007010616869785358,-0.39333322573477564,0.05967976710334789,-1.7943098575943923
2025-09-05 11:04:00-04:00,2025-09-05 11:07:00-04:00,3,0.004235248409428312,EXTREME,2,-1.0,-20.0,stop,3,-0.005106659081386275,-0.26065426563014704,0.09869646182495345,-1.2057519625101727
2025-09-05 11:08:00-04:00,2025-09-05 11:09:00-04:00,3,0.0041384940107586305,EXTREME,2,-1.0,-20.0,stop,1,-0.00519034103043068,-0.27776382962941204,0.07597535934291581,-1.2541617837159162
2025-09-08 10:22:00-04:00,2025-09-08 10:24:00-04:00,3,0.0017196061657130165,NORMAL,2,-1.0,-20.0,stop,2,-0.001993670245591393,-0.2703648003066234,0.0,-1.1593760742098402
2025-09-09 10:40:00-04:00,2025-09-09 10:49:00-04:00,3,0.0019963360362520006,NORMAL,2,-1.0,-20.0,stop,9,-0.0036756230475569144,-0.41971632387561614,0.058426966292134834,-1.8411845404833111
2025-09-16 09:56:00-04:00,2025-09-16 10:11:00-04:00,3,0.001698162514648346,NORMAL,2,-0.225,-4.5,timeout,15,-0.002276092952856331,-0.39460020393810435,0.10743801652892562,-1.340326931741078
2025-09-17 10:23:00-04:00,2025-09-17 10:31:00-04:00,3,0.0015223289023370019,NORMAL,2,1.3,26.0,target,8,-0.00218230400416354,-0.3373329678226725,0.038135593220338986,-1.4335299033036673
2025-09-17 11:04:00-04:00,2025-09-17 11:17:00-04:00,3,0.0013022367443496989,NORMAL,2,-1.0,-20.0,stop,13,-0.0016705734963447401,-0.29509725268132164,0.07746478873239436,-1.2828493003236354
2025-09-17 15:58:00-04:00,2025-09-17 16:00:00-04:00,3,0.003293997301537213,HIGH,2,-1.0,-20.0,stop,2,-0.003403029655023036,-0.236123522815186,0.008403361344537815,-1.0331003165773514
2025-09-18 11:50:00-04:00,2025-09-18 11:53:00-04:00,3,0.0011661602396320614,LOW,2,1.3,26.0,target,3,-0.0017470217729727206,-0.3507095999891973,0.03977272727272727,-1.4980975286243068
2025-09-23 10:00:00-04:00,2025-09-23 10:07:00-04:00,3,0.0016374071438981378,NORMAL,2,-1.0,-20.0,stop,7,-0.0023982490411029217,-0.3437296470557498,0.0,-1.464662622268439
2025-09-23 14:20:00-04:00,2025-09-23 14:27:00-04:00,3,0.0013349347941814505,NORMAL,2,-1.0,-20.0,stop,7,-0.0017148558539429417,-0.29659926610550025,0.0,-1.284598964247126
2025-09-24 09:47:00-04:00,2025-09-24 09:50:00-04:00,3,0.0017331822839542217,NORMAL,2,1.3,26.0,target,3,-0.001891545358754158,-0.2665984935263785,0.09322033898305085,-1.0913712748313087
2025-09-24 12:04:00-04:00,2025-09-24 12:10:00-04:00,3,0.001927775466347716,NORMAL,2,1.3,26.0,target,6,-0.0038932947476959896,-0.4728494774156507,0.0,-2.0195789476831894
2025-09-24 12:11:00-04:00,2025-09-24 12:21:00-04:00,3,0.0018873730436777942,NORMAL,2,-1.0,-20.0,stop,10,-0.005147217452626632,-0.6330824738096801,0.0,-2.727186058881398
2025-09-25 09:57:00-04:00,2025-09-25 09:59:00-04:00,3,0.0034603821867665316,EXTREME,2,1.3,26.0,target,2,-0.0044797427433261,-0.3304733543226944,0.12128325508607199,-1.2945803386856771
2025-09-25 11:27:00-04:00,2025-09-25 11:31:00-04:00,3,0.002386883542480103,NORMAL,2,-1.0,-20.0,stop,4,-0.0021607505705896002,-0.22468079967014523,0.07874015748031496,-0.905260157076814
2025-09-25 13:03:00-04:00,2025-09-25 13:09:00-04:00,3,0.0017582396676137212,NORMAL,2,-1.0,-20.0,stop,6,-0.0018974671000993445,-0.25634979181998113,0.09813084112149532,-1.0791856963815305
2025-09-25 13:33:00-04:00,2025-09-25 13:43:00-04:00,3,0.0020125597248907253,NORMAL,2,1.3,26.0,target,10,-0.0018910062164044948,-0.21180539649827873,0.07342657342657342,-0.9396025335383126
2025-09-25 13:44:00-04:00,2025-09-25 13:57:00-04:00,3,0.00204168218920132,NORMAL,2,1.3,26.0,target,13,-0.003309046565048455,-0.3682974818083501,0.09119496855345911,-1.6207451789266536
2025-09-26 10:08:00-04:00,2025-09-26 10:14:00-04:00,3,0.003178982491988678,HIGH,2,1.3,26.0,target,6,-0.0027900459688636795,-0.20198252225400537,0.0,-0.8776537700018312
2025-09-26 10:15:00-04:00,2025-09-26 10:23:00-04:00,3,0.0029552585426141616,HIGH,2,1.3,26.0,target,8,-0.00265113631881413,-0.20456991594244608,0.07116104868913857,-0.8970911615973163
2025-09-26 10:24:00-04:00,2025-09-26 10:26:00-04:00,3,0.003057853662425968,HIGH,2,1.3,26.0,target,2,-0.004307603192611801,-0.3014838354937846,0.05813953488372093,-1.4087015495680508
2025-09-26 10:27:00-04:00,2025-09-26 10:30:00-04:00,3,0.003236037849807895,HIGH,2,-1.0,-20.0,stop,3,-0.006704654526649753,-0.4387288731288613,0.0,-2.071871479206515
2025-09-26 10:31:00-04:00,2025-09-26 10:38:00-04:00,3,0.0034026656648577574,EXTREME,2,-1.0,-20.0,stop,7,-0.006657820892643795,-0.40705015031356007,0.12720403022670027,-1.956648565683315
2025-09-26 11:13:00-04:00,2025-09-26 11:18:00-04:00,3,0.0024967177395012726,HIGH,2,-1.0,-20.0,stop,5,-0.0030373455649181907,-0.28687528866521556,0.13157894736842105,-1.2165354204295877
2025-09-29 10:56:00-04:00,2025-09-29 11:11:00-04:00,4,0.0008931740079501346,LOW,2,1.3,26.0,target,15,-0.0011405506624273386,-0.2784381420025594,0.0,-1.27696356171956
2025-09-29 11:12:00-04:00,2025-09-29 11:16:00-04:00,4,0.0009903685803946808,LOW,2,1.3,26.0,target,4,-0.001866135161336934,-0.42739150740329857,0.0,-1.8842834862483657
2025-09-29 11:17:00-04:00,2025-09-29 11:32:00-04:00,4,0.0010859848022155337,LOW,2,1.1375,22.75,timeout,15,-0.002879814504544868,-0.6171858227526011,0.0,-2.6518000055523023
2025-09-29 11:34:00-04:00,2025-09-29 11:49:00-04:00,4,0.0014275463956515179,NORMAL,2,0.7375,14.75,timeout,15,-0.0029116441535762577,-0.48890091080814224,0.08709677419354839,-2.0396143778202127
2025-09-29 11:50:00-04:00,2025-09-29 12:05:00-04:00,4,0.0012983430616224831,NORMAL,2,0.975,19.5,timeout,15,-0.0012737714307693656,-0.23529385620091886,0.056818181818181816,-0.9810746238190611
2025-09-29 12:08:00-04:00,2025-09-29 12:11:00-04:00,4,0.001193942029589478,NORMAL,2,-1.0,-20.0,stop,3,-0.001045842870296523,-0.20003252400818572,0.0,-0.8759578307634609
2025-09-29 12:54:00-04:00,2025-09-29 13:04:00-04:00,4,0.0009033357008176661,LOW,2,1.3,26.0,target,10,-0.0009662269591897763,-0.2560141889960902,0.0,-1.0696211367658595
2025-09-29 14:57:00-04:00,2025-09-29 15:09:00-04:00,4,0.0007246765920595713,LOW,2,1.3,26.0,target,12,-0.0011051650160330546,-0.35688123850822,0.008928571428571428,-1.525045831675222
2025-09-29 15:10:00-04:00,2025-09-29 15:16:00-04:00,4,0.0008005154283565281,LOW,2,1.3,26.0,target,6,-0.001146063398100686,-0.3277233322185675,0.03333333333333333,-1.4316568519529647
2025-09-30 09:54:00-04:00,2025-09-30 09:55:00-04:00,4,0.0020749806457847145,NORMAL,2,1.3,26.0,target,1,-0.0025851542781476174,-0.2265301253363206,0.09025270758122744,-1.2458691040802292
2025-09-30 11:28:00-04:00,2025-09-30 11:32:00-04:00,4,0.0015676048368740427,NORMAL,2,-1.0,-20.0,stop,4,-0.002583864762170212,-0.35857225408800203,0.0,-1.6482883322321784
2025-09-30 11:36:00-04:00,2025-09-30 11:50:00-04:00,4,0.0018442841960435914,NORMAL,2,-1.0,-20.0,stop,14,-0.003250543788016173,-0.3889463936049846,0.05917159763313609,-1.762496146195542
2025-09-30 12:59:00-04:00,2025-09-30 13:14:00-04:00,4,0.0012356017201172217,NORMAL,2,0.775,15.5,timeout,15,-0.0014468822217728256,-0.28722022053043994,0.0,-1.1709940170976452
2025-09-30 13:15:00-04:00,2025-09-30 13:25:00-04:00,4,0.0011240538350935857,LOW,2,1.3,26.0,target,10,-0.001876416595915696,-0.3948589737405373,0.10362694300518134,-1.6693298286371405
2025-09-30 13:26:00-04:00,2025-09-30 13:41:00-04:00,4,0.001233781948221538,NORMAL,2,-0.5,-10.0,timeout,15,-0.001978042383628195,-0.3764334945340387,0.051643192488262914,-1.6032349853063481
2025-09-30 16:39:00-04:00,2025-09-30 16:54:00-04:00,4,0.0007470758211005913,LOW,2,-0.275,-5.5,timeout,15,-0.0011847811781112516,-0.4296351183744167,0.0,-1.58589147801067
2025-10-01 16:05:00-04:00,2025-10-01 16:20:00-04:00,4,0.0012050265258252222,NORMAL,2,0.0125,0.25,timeout,15,-0.0013255647955878781,-0.27688006455317526,0.016260162601626018,-1.100029557175191
2025-10-01 16:27:00-04:00,2025-10-01 16:42:00-04:00,4,0.0009611494349491643,LOW,2,-0.3125,-6.25,timeout,15,-0.001137819763500953,-0.3745190212618607,0.09722222222222222,-1.183811509561084
2025-10-02 10:47:00-04:00,2025-10-02 10:49:00-04:00,4,0.0020595610854760894,NORMAL,2,-1.0,-20.0,stop,2,-0.0018177512315724412,-0.20460387036050764,0.0,-0.8825915601101235
2025-10-02 15:56:00-04:00,2025-10-02 16:01:00-04:00,4,0.001077384327342735,LOW,2,-1.0,-20.0,stop,5,-0.000926500948422996,-0.2043748364740442,0.0,-0.8599539875506836
2025-10-03 10:02:00-04:00,2025-10-03 10:10:00-04:00,4,0.002211443946804345,NORMAL,2,1.3,26.0,target,8,-0.0030836095741295735,-0.3400301171553262,0.0,-1.394387399502282
2025-10-03 10:12:00-04:00,2025-10-03 10:14:00-04:00,4,0.0019960281366994573,NORMAL,2,-1.0,-20.0,stop,2,-0.002297661440282145,-0.26644586624250843,0.047619047619047616,-1.1511167593466167
2025-10-03 12:45:00-04:00,2025-10-03 13:00:00-04:00,4,0.0008324267567046869,LOW,2,0.0875,1.75,timeout,15,-0.0009551616377053276,-0.25069927937269626,0.0,-1.1474422584474688
2025-10-03 13:42:00-04:00,2025-10-03 13:47:00-04:00,4,0.0017409298225667719,NORMAL,2,1.3,26.0,target,5,-0.002450206726926294,-0.31393051532992094,0.0,-1.4074126912903282
2025-10-03 13:48:00-04:00,2025-10-03 13:52:00-04:00,4,0.0018304238835568907,NORMAL,2,1.3,26.0,target,4,-0.0029065477056719057,-0.37404797569842085,0.10909090909090909,-1.587909626716564
2025-10-03 13:53:00-04:00,2025-10-03 13:55:00-04:00,4,0.0019331889271511598,NORMAL,2,1.3,26.0,target,2,-0.0037318093069528525,-0.4697780755618673,0.0,-1.93039037961604
2025-10-03 16:04:00-04:00,2025-10-03 16:19:00-04:00,4,0.0014326074576965235,NORMAL,2,0.2375,4.75,timeout,15,-0.001296805190770369,-0.2158841177357406,0.0,-0.9052062264533303
2025-10-06 10:43:00-04:00,2025-10-06 10:49:00-04:00,4,0.0012802294086255042,NORMAL,2,-1.0,-20.0,stop,6,-0.0011515805976392277,-0.21008617874923993,0.06666666666666667,-0.8995111265844158
2025-10-06 15:24:00-04:00,2025-10-06 15:39:00-04:00,4,0.0007355160454272821,LOW,2,-0.3625,-7.25,timeout,15,-0.0009612273061670673,-0.30248987048619436,0.0,-1.3068746931396489
2025-10-06 15:45:00-04:00,2025-10-06 16:00:00-04:00,4,0.0007560032907097475,LOW,2,1.3,26.0,target,15,-0.0009713739817440075,-0.31231663431165724,0.0,-1.2848806264217008
2025-10-06 16:05:00-04:00,2025-10-06 16:20:00-04:00,4,0.0011112190819390004,LOW,2,0.3625,7.25,timeout,15,-0.001463029320254465,-0.32599651214674563,0.11229946524064172,-1.3165984494268943
2025-10-06 16:22:00-04:00,2025-10-06 16:37:00-04:00,4,0.0008353727049001039,LOW,2,-0.275,-5.5,timeout,15,-0.0009529564473460789,-0.3180199038757825,0.04838709677419355,-1.1407560263296321
2025-10-07 10:28:00-04:00,2025-10-07 10:33:00-04:00,4,0.0013407148337473472,NORMAL,2,-1.0,-20.0,stop,5,-0.001520390689893993,-0.2480561259527186,0.0,-1.1340149684511547
2025-10-07 10:36:00-04:00,2025-10-07 10:51:00-04:00,4,0.0013792739586347426,NORMAL,2,0.6,12.0,timeout,15,-0.0010795427713124236,-0.18403799136857904,0.0,-0.7826891565334821
2025-10-07 10:52:00-04:00,2025-10-07 11:04:00-04:00,4,0.0014690188950401454,NORMAL,2,1.3,26.0,target,12,-0.0015020545625250394,-0.23869170608150345,0.0,-1.0224882522589958
2025-10-07 11:05:00-04:00,2025-10-07 11:06:00-04:00,4,0.0015835537381775223,NORMAL,2,1.3,26.0,target,1,-0.0030856639492654564,-0.44613517935470354,0.0,-1.948569142223541
2025-10-07 11:46:00-04:00,2025-10-07 11:48:00-04:00,4,0.0023578235751898417,NORMAL,2,1.3,26.0,target,2,-0.002696018342381667,-0.2654088319610194,0.03598971722365039,-1.143435145339318
2025-10-07 11:49:00-04:00,2025-10-07 11:54:00-04:00,4,0.0023566463907947035,NORMAL,2,-1.0,-20.0,stop,5,-0.004217852583182279,-0.41996440223782916,0.0,-1.7897689698622725
2025-10-07 13:54:00-04:00,2025-10-07 14:04:00-04:00,4,0.001643197113331685,NORMAL,2,1.3,26.0,target,10,-0.0013537618360070093,-0.24332242677003244,0.08571428571428572,-0.8238584555824665
2025-10-08 10:47:00-04:00,2025-10-08 11:02:00-04:00,4,0.0012239422415364258,NORMAL,2,-0.825,-16.5,timeout,15,-0.0010114451269549042,-0.17855315929796703,0.0,-0.8263830535705899
2025-10-08 12:48:00-04:00,2025-10-08 13:03:00-04:00,4,0.0006664117487481121,LOW,2,-0.5,-10.0,timeout,15,-0.0010386455429300706,-0.36798654330630987,0.019417475728155338,-1.5585642733358442
2025-10-08 14:50:00-04:00,2025-10-08 15:05:00-04:00,4,0.000824868393118391,LOW,2,-0.65,-13.0,timeout,15,-0.0009593265872042309,-0.24749855579093277,0.0,-1.1630056324227973
2025-10-09 09:55:00-04:00,2025-10-09 09:58:00-04:00,4,0.0019339071184660984,NORMAL,2,-1.0,-20.0,stop,3,-0.0026021301269006022,-0.3266048295796567,0.05945945945945946,-1.3455300422930927
2025-10-09 10:28:00-04:00,2025-10-09 10:32:00-04:00,4,0.0011558173474823252,NORMAL,2,1.3,26.0,target,4,-0.0014983476912656067,-0.28704541771456243,0.0,-1.296353350751659
2025-10-09 10:35:00-04:00,2025-10-09 10:45:00-04:00,4,0.0013297110826597203,NORMAL,2,1.3,26.0,target,10,-0.002028567224296057,-0.34107348013032446,0.0,-1.5255699157131697
2025-10-09 10:46:00-04:00,2025-10-09 10:47:00-04:00,4,0.0015055338683581726,NORMAL,2,-1.0,-20.0,stop,1,-0.0025110607707355737,-0.36375265706132953,0.0,-1.667887268105072
2025-10-09 11:35:00-04:00,2025-10-09 11:39:00-04:00,4,0.0012933277105162502,NORMAL,2,-1.0,-20.0,stop,4,-0.001863458135766301,-0.33826696845327237,0.0,-1.4408244102513472
2025-10-09 12:42:00-04:00,2025-10-09 12:44:00-04:00,4,0.0014775387177954477,NORMAL,2,-1.0,-20.0,stop,2,-0.0016667650975203609,-0.2734182473502332,0.0,-1.1280686437829848
2025-10-09 12:58:00-04:00,2025-10-09 13:10:00-04:00,4,0.001587090776892185,NORMAL,2,-1.0,-20.0,stop,12,-0.0019516219852896352,-0.312463072253084,0.0,-1.2296851659054244
2025-10-09 13:14:00-04:00,2025-10-09 13:29:00-04:00,4,0.0016024570370782583,NORMAL,2,0.9625,19.25,timeout,15,-0.0016779597596057478,-0.23717939217906178,0.0,-1.0471168466801162
2025-10-09 13:36:00-04:00,2025-10-09 13:38:00-04:00,4,0.0017518166756865469,NORMAL,2,-1.0,-20.0,stop,2,-0.0016215024558629085,-0.21410419923873114,0.0,-0.9256119537893042
2025-10-10 15:33:00-04:00,2025-10-10 15:36:00-04:00,4,0.0021040278467800663,NORMAL,2,1.3,26.0,target,3,-0.003383893494274703,-0.3589928539477702,0.07729468599033816,-1.608293112400247
2025-10-10 15:37:00-04:00,2025-10-10 15:39:00-04:00,4,0.0022577902051032356,NORMAL,2,1.3,26.0,target,2,-0.0051889023785087265,-0.5369627285139406,0.008281573498964804,-2.298221671251988
2025-10-13 13:26:00-04:00,2025-10-13 13:41:00-04:00,4,0.0015511916871940204,NORMAL,2,0.3375,6.75,timeout,15,-0.0014596150995500197,-0.21280069073229863,0.018957345971563982,-0.9409637194422726
2025-10-13 14:47:00-04:00,2025-10-13 15:02:00-04:00,4,0.0012296336555987994,NORMAL,2,1.3,26.0,target,15,-0.0009729655364817163,-0.18361381228669887,0.0,-0.7912645624585702
2025-10-13 15:03:00-04:00,2025-10-13 15:07:00-04:00,4,0.0015039348685741887,NORMAL,2,-1.0,-20.0,stop,4,-0.0026208951852991374,-0.3986504620348487,0.10588235294117647,-1.7426919476798137
2025-10-14 14:43:00-04:00,2025-10-14 14:47:00-04:00,4,0.0013077098336519697,NORMAL,2,-1.0,-20.0,stop,4,-0.00110322082063869,-0.1979181949341673,0.0,-0.8436281445997738
2025-10-14 15:34:00-04:00,2025-10-14 15:38:00-04:00,4,0.0014091681936133124,NORMAL,2,1.3,26.0,target,4,-0.0011925941326645655,-0.18755655520556558,0.0,-0.8463107087356126
2025-10-15 11:17:00-04:00,2025-10-15 11:28:00-04:00,4,0.0018789922857186446,NORMAL,2,-1.0,-20.0,stop,11,-0.0015294672049293676,-0.19602156649185035,0.0,-0.8139826951681195
2025-10-15 11:30:00-04:00,2025-10-15 11:34:00-04:00,4,0.0021105461317048476,NORMAL,2,1.3,26.0,target,4,-0.0018552881017462875,-0.20889919280779598,0.0,-0.879055934327117
2025-10-15 11:35:00-04:00,2025-10-15 11:36:00-04:00,4,0.002169927290476259,NORMAL,2,1.3,26.0,target,1,-0.003052200890819083,-0.34012066796182133,0.0,-1.4065913195410256
2025-10-15 12:56:00-04:00,2025-10-15 13:01:00-04:00,4,0.0019439202247454824,NORMAL,2,1.3,26.0,target,5,-0.0030152471243433724,-0.3533322041757897,0.08169934640522876,-1.5511167001403872
2025-10-15 15:40:00-04:00,2025-10-15 15:44:00-04:00,4,0.001578815630007742,NORMAL,2,-1.0,-20.0,stop,4,-0.0013016630332356868,-0.20716429415131749,0.0,-0.8244553755965184
2025-10-15 15:51:00-04:00,2025-10-15 15:55:00-04:00,4,0.001852114729983045,NORMAL,2,1.3,26.0,target,4,-0.0023738470928669764,-0.3108281118632123,0.0,-1.2816954881022449
2025-10-15 15:56:00-04:00,2025-10-15 15:57:00-04:00,4,0.0020510164993532585,NORMAL,2,-1.0,-20.0,stop,1,-0.00354837639170694,-0.4053752398919561,0.0,-1.730057458253427
2025-10-16 11:27:00-04:00,2025-10-16 11:29:00-04:00,4,0.00224930264873498,NORMAL,2,1.3,26.0,target,2,-0.002998502996256594,-0.31618317315382494,0.0,-1.3330811653749521
2025-10-16 11:30:00-04:00,2025-10-16 11:31:00-04:00,4,0.002202236060468284,NORMAL,2,1.3,26.0,target,1,-0.0026846713586113013,-0.2830046572209801,0.06166219839142091,-1.2190661150287552
2025-10-17 15:56:00-04:00,2025-10-17 16:06:00-04:00,4,0.001696589903068452,NORMAL,2,-1.0,-20.0,stop,10,-0.001583124229880065,-0.20667621630205607,0.10975609756097561,-0.933121331806129
2025-10-20 12:37:00-04:00,2025-10-20 12:52:00-04:00,4,0.0011637858042407429,NORMAL,2,-0.6375,-12.75,timeout,15,-0.0010462655633048901,-0.19631134752428642,0.0,-0.8990190114816504
2025-10-20 14:43:00-04:00,2025-10-20 14:58:00-04:00,4,0.0005837216002605218,LOW,2,-0.4,-8.0,timeout,15,-0.0011819812747539873,-0.43061970473609096,0.0,-2.0249058356354386
2025-10-20 16:08:00-04:00,2025-10-20 16:12:00-04:00,4,0.0008930199144032349,LOW,2,-1.0,-20.0,stop,4,-0.0009385816375070492,-0.2580885017871237,0.056910569105691054,-1.051019828750696
2025-10-21 12:58:00-04:00,2025-10-21 13:02:00-04:00,4,0.0012414520248841983,NORMAL,2,1.3,26.0,target,4,-0.0016134319233911257,-0.35813098681790295,0.0,-1.2996329226186774
2025-10-21 13:03:00-04:00,2025-10-21 13:07:00-04:00,4,0.00137432531905557,NORMAL,2,-1.0,-20.0,stop,4,-0.003013229171966808,-0.5685545011799639,0.0,-2.1925152146927522
2025-10-22 10:15:00-04:00,2025-10-22 10:18:00-04:00,4,0.001980124653881562,NORMAL,2,-1.0,-20.0,stop,3,-0.0018927605130969498,-0.2110972022189536,0.0,-0.9558794742475654
2025-10-22 12:20:00-04:00,2025-10-22 12:22:00-04:00,4,0.0018094732308326256,NORMAL,2,1.3,26.0,target,2,-0.0014305095545868228,-0.18427161339556555,0.10887096774193548,-0.7905668512866458
2025-10-22 12:23:00-04:00,2025-10-22 12:25:00-04:00,4,0.001987465739026835,NORMAL,2,1.3,26.0,target,2,-0.0032863439180634666,-0.4046749205484916,0.0,-1.6535348778754944
2025-10-23 11:45:00-04:00,2025-10-23 11:47:00-04:00,4,0.0021645119110254023,NORMAL,2,-1.0,-20.0,stop,2,-0.0017514690246229914,-0.20472858430496715,0.0,-0.8091750457465774
2025-10-24 10:54:00-04:00,2025-10-24 10:57:00-04:00,4,0.0019420968809157686,NORMAL,2,1.3,26.0,target,3,-0.0016505018358647797,-0.1936814677740992,0.0,-0.849855561832996
2025-10-24 11:56:00-04:00,2025-10-24 12:00:00-04:00,4,0.001302114226554978,NORMAL,2,-1.0,-20.0,stop,4,-0.0011831566444122335,-0.21869148591012164,0.0,-0.9086427444560895
2025-10-24 15:53:00-04:00,2025-10-24 15:59:00-04:00,4,0.0006143100843082807,LOW,2,1.3,26.0,target,6,-0.0010946696498894007,-0.37048604273910907,0.0,-1.7819496665466752
2025-10-24 16:02:00-04:00,2025-10-24 16:17:00-04:00,4,0.0008648299102117483,LOW,2,0.2625,5.25,timeout,15,-0.001812516549575955,-0.45279241431623357,0.10204081632653061,-2.095806965247272
2025-10-24 16:18:00-04:00,2025-10-24 16:33:00-04:00,4,0.0008969524565603311,LOW,2,-0.6375,-12.75,timeout,15,-0.0014254202311680892,-0.35245666111166934,0.01282051282051282,-1.5891814786196665
2025-10-28 10:33:00-04:00,2025-10-28 10:38:00-04:00,4,0.0013897690957636454,NORMAL,2,-1.0,-20.0,stop,5,-0.0012453360926895252,-0.19303881532162548,0.0,-0.8960741007161642
2025-10-28 10:40:00-04:00,2025-10-28 10:55:00-04:00,4,0.0013552637093470514,NORMAL,2,-0.625,-12.5,timeout,15,-0.0014921900415984387,-0.25121835738563764,0.04891304347826087,-1.1010329807453907
2025-10-28 15:51:00-04:00,2025-10-28 16:06:00-04:00,4,0.001276725731110136,NORMAL,2,0.6875,13.75,timeout,15,-0.0013518306125968982,-0.25324798001507637,0.0,-1.0588261673252697
2025-10-29 10:50:00-04:00,2025-10-29 10:53:00-04:00,4,0.0012572701078483659,NORMAL,2,-1.0,-20.0,stop,3,-0.0010741949283117778,-0.19464216283736835,0.0,-0.8543867555636915
2025-10-29 11:05:00-04:00,2025-10-29 11:20:00-04:00,4,0.0016058447504415665,NORMAL,2,-0.5375,-10.75,timeout,15,-0.001827706267004656,-0.26354402586533027,0.04672897196261682,-1.1381587581876038
2025-10-29 11:38:00-04:00,2025-10-29 11:53:00-04:00,4,0.0013189007052899849,NORMAL,2,-0.65,-13.0,timeout,15,-0.0012168377872174949,-0.22284477863216157,0.0,-0.9226151615029659
2025-10-29 11:57:00-04:00,2025-10-29 12:11:00-04:00,4,0.0012921696922300057,NORMAL,2,1.3,26.0,target,14,-0.0013582345042215454,-0.240732133740625,0.07258064516129033,-1.0511270403483355
2025-10-29 13:26:00-04:00,2025-10-29 13:41:00-04:00,4,0.0008421357358081897,LOW,2,-0.7875,-15.75,timeout,15,-0.0013018255694504884,-0.3856160482752462,0.0,-1.5458619247420236
2025-10-30 11:39:00-04:00,2025-10-30 11:42:00-04:00,4,0.0017008047603070664,NORMAL,2,1.3,26.0,target,3,-0.0018168073902904021,-0.2423007326203695,0.0,-1.0682045539209288
2025-10-30 11:48:00-04:00,2025-10-30 11:50:00-04:00,4,0.0017116367538292704,NORMAL,2,-1.0,-20.0,stop,2,-0.0030549485812576666,-0.39896118338397085,0.0,-1.7848112775231904
2025-10-30 11:52:00-04:00,2025-10-30 11:56:00-04:00,4,0.00180623901496356,NORMAL,2,-1.0,-20.0,stop,4,-0.00332943621582972,-0.39941342385309275,0.08753315649867374,-1.8432976966212247
2025-10-30 14:15:00-04:00,2025-10-30 14:30:00-04:00,4,0.001576397925109382,NORMAL,2,0.5,10.0,timeout,15,-0.001569403615968519,-0.22590190408929664,0.0,-0.9955631068593436
2025-10-30 15:02:00-04:00,2025-10-30 15:17:00-04:00,4,0.0016158906126574682,NORMAL,2,1.3,26.0,target,15,-0.0017903573115852383,-0.28313516763419433,0.0,-1.1079693746353567
2025-10-30 15:18:00-04:00,2025-10-30 15:22:00-04:00,4,0.0016403482754542024,NORMAL,2,1.3,26.0,target,4,-0.003250857284720541,-0.44468553906774233,0.0,-1.9818091885519853
2025-10-30 15:23:00-04:00,2025-10-30 15:25:00-04:00,4,0.0020993001428775723,NORMAL,2,-1.0,-20.0,stop,2,-0.0045509049153646675,-0.4985722763121591,0.0,-2.1678200379325503
2025-10-30 15:58:00-04:00,2025-10-30 16:01:00-04:00,4,0.001954552092441947,NORMAL,2,-1.0,-20.0,both_hit_conservative_stop,3,-0.0018156803275644528,-0.217505568107236,0.0,-0.9289495708942744
2025-10-31 09:51:00-04:00,2025-10-31 09:54:00-04:00,4,0.0022945991175457553,NORMAL,2,-1.0,-20.0,stop,3,-0.0035402287952691256,-0.3387747395651142,0.10975609756097561,-1.5428528531187025
2025-10-31 10:04:00-04:00,2025-10-31 10:05:00-04:00,4,0.0020429523575200993,NORMAL,2,1.3,26.0,target,1,-0.0023505114651957764,-0.2713099357343705,0.0,-1.150546392598708
2025-10-31 11:30:00-04:00,2025-10-31 11:38:00-04:00,4,0.0010471683044751255,LOW,2,1.3,26.0,target,8,-0.001069797266593284,-0.2238507829759874,0.005813953488372093,-1.0216096705958848
2025-10-31 11:43:00-04:00,2025-10-31 11:45:00-04:00,4,0.0016469173551721013,NORMAL,2,-1.0,-20.0,stop,2,-0.0027762135332086314,-0.3987720125194555,0.08157894736842106,-1.685703004155008
2025-10-31 13:12:00-04:00,2025-10-31 13:27:00-04:00,4,0.0021146960803631607,NORMAL,2,-0.4125,-8.25,timeout,15,-0.0022802851171931484,-0.2249009171627949,0.0,-1.0783039408677348
2025-11-03 10:01:00-05:00,2025-11-03 10:08:00-05:00,4,0.0023283360706254407,NORMAL,2,1.3,26.0,target,7,-0.005002256240541054,-0.4642846077152546,0.0,-2.1484253513271137
2025-11-03 10:17:00-05:00,2025-11-03 10:18:00-05:00,4,0.002572453683971353,HIGH,2,-1.0,-20.0,stop,1,-0.003032372879308041,-0.2653685114954667,0.0,-1.1787861908660937
2025-11-03 10:27:00-05:00,2025-11-03 10:33:00-05:00,4,0.0028178826756434334,HIGH,2,1.3,26.0,target,6,-0.0038045045248999046,-0.3107527268776249,0.0,-1.3501287891736609
2025-11-03 11:28:00-05:00,2025-11-03 11:33:00-05:00,4,0.0019577409562261715,NORMAL,2,-1.0,-20.0,stop,5,-0.0015663197069905657,-0.1799551089611624,0.014084507042253521,-0.8000648410655276
2025-11-03 14:02:00-05:00,2025-11-03 14:17:00-05:00,4,0.0011278224124887045,LOW,2,0.4875,9.75,timeout,15,-0.0010135120002581004,-0.2311758943203148,0.0,-0.89864502516991
2025-11-03 14:18:00-05:00,2025-11-03 14:33:00-05:00,4,0.00145172844918749,NORMAL,2,0.0,0.0,timeout,15,-0.0017059190034822485,-0.26707786069863537,0.0,-1.1750951112358685
2025-11-03 14:42:00-05:00,2025-11-03 14:52:00-05:00,4,0.0011681632959468888,NORMAL,2,-1.0,-20.0,stop,10,-0.0010717555526563516,-0.21044366943826376,0.0,-0.9174706621710871
2025-11-03 15:31:00-05:00,2025-11-03 15:46:00-05:00,4,0.0011888565478366598,NORMAL,2,-0.575,-11.5,timeout,15,-0.0011473817725103314,-0.22529401671401672,0.019801980198019802,-0.9651137259564249
2025-11-03 15:52:00-05:00,2025-11-03 15:59:00-05:00,4,0.0010545070014401187,LOW,2,-1.0,-20.0,stop,7,-0.0009772250434939547,-0.1925244509791775,0.04716981132075472,-0.9267127123474556
2025-11-04 10:50:00-05:00,2025-11-04 10:52:00-05:00,4,0.0017961816511883847,NORMAL,2,1.3,26.0,target,2,-0.0014841841388897813,-0.18887385720198613,0.03286384976525822,-0.8262995771657168
2025-11-04 10:56:00-05:00,2025-11-04 10:58:00-05:00,4,0.0019017364485281645,NORMAL,2,1.3,26.0,target,2,-0.003257831251339536,-0.3946982002502033,0.0,-1.7130824062718637
2025-11-04 11:06:00-05:00,2025-11-04 11:21:00-05:00,4,0.0023609336898905505,NORMAL,2,1.3,26.0,target,15,-0.0030102024417562896,-0.29185376164271837,0.07272727272727272,-1.2750050772903487
2025-11-04 13:20:00-05:00,2025-11-04 13:22:00-05:00,4,0.0019559637852060844,NORMAL,2,-1.0,-20.0,stop,2,-0.0029708817776813745,-0.34542112297571387,0.0,-1.51888383627121
2025-11-04 13:27:00-05:00,2025-11-04 13:31:00-05:00,4,0.0020082742472654876,NORMAL,2,-1.0,-20.0,stop,4,-0.0017661625310144706,-0.2110991092157802,0.05172413793103448,-0.8794429014958082
2025-11-04 14:32:00-05:00,2025-11-04 14:39:00-05:00,4,0.0018321348513440138,NORMAL,2,1.3,26.0,target,7,-0.0017365972854727614,-0.21636374368677275,0.0,-0.9478545120184968
2025-11-04 14:40:00-05:00,2025-11-04 14:55:00-05:00,4,0.002038565315117948,NORMAL,2,0.6125,12.25,timeout,15,-0.0018741250715635623,-0.20017761961619615,0.050314465408805034,-0.9193353078584724
2025-11-04 15:58:00-05:00,2025-11-04 16:00:00-05:00,4,0.002037953607076778,NORMAL,2,-1.0,-20.0,stop,2,-0.0017609385899948252,-0.17928252640929665,0.10285714285714286,-0.8640719709614486
2025-11-04 16:36:00-05:00,2025-11-04 16:42:00-05:00,4,0.001333536294745345,NORMAL,2,-1.0,-20.0,stop,6,-0.0020727403420644874,-0.3407680705595262,0.0,-1.5543186565164335
2025-11-05 14:09:00-05:00,2025-11-05 14:11:00-05:00,4,0.0009202616136464802,LOW,2,-1.0,-20.0,stop,2,-0.0011495024878446982,-0.3016507898729593,0.0,-1.2491040273752863
2025-11-05 15:25:00-05:00,2025-11-05 15:35:00-05:00,4,0.0010386573866151998,LOW,2,1.3,26.0,target,10,-0.001110589971402173,-0.23391218977113093,0.0,-1.0692553537999558
2025-11-05 15:36:00-05:00,2025-11-05 15:48:00-05:00,4,0.0011464758236775572,NORMAL,2,1.3,26.0,target,12,-0.0013029192979513429,-0.2528439205840432,0.07291666666666667,-1.1364559732031339
2025-11-05 15:50:00-05:00,2025-11-05 15:57:00-05:00,4,0.001474337639065013,NORMAL,2,1.3,26.0,target,7,-0.002224012573594752,-0.33429773476688773,0.0,-1.508482531182724
2025-11-05 15:58:00-05:00,2025-11-05 16:01:00-05:00,4,0.0017104738304400224,NORMAL,2,1.3,26.0,target,3,-0.003100241959864492,-0.40757118761938455,0.0,-1.81250476019674
2025-11-05 16:02:00-05:00,2025-11-05 16:05:00-05:00,4,0.0017119035288020194,NORMAL,2,-1.0,-20.0,stop,3,-0.0035249012403953377,-0.48260901859588157,0.021176470588235293,-2.0590536680896054
2025-11-05 16:08:00-05:00,2025-11-05 16:12:00-05:00,4,0.0019578846681866176,NORMAL,2,1.3,26.0,target,4,-0.003226986530956758,-0.37418938996906087,0.08775981524249422,-1.6482005214053674
2025-11-05 16:13:00-05:00,2025-11-05 16:18:00-05:00,4,0.0020543076426518957,NORMAL,2,-1.0,-20.0,stop,5,-0.004689250242357989,-0.5247067994541712,0.0,-2.2826426504964266
2025-11-06 15:30:00-05:00,2025-11-06 15:33:00-05:00,4,0.0017906671533474325,NORMAL,2,1.3,26.0,target,3,-0.0019504019133548232,-0.2584932345544116,0.0,-1.089204048730545
2025-11-06 15:34:00-05:00,2025-11-06 15:35:00-05:00,4,0.0017233726267555714,NORMAL,2,-1.0,-20.0,stop,1,-0.0020291502094430085,-0.2922931863213087,0.03488372093023256,-1.177429754854059
2025-11-06 15:39:00-05:00,2025-11-06 15:43:00-05:00,4,0.001889847212000846,NORMAL,2,1.3,26.0,target,4,-0.0021169603683788563,-0.2716458536205904,0.015625,-1.1201754062105147
2025-11-06 15:44:00-05:00,2025-11-06 15:47:00-05:00,4,0.0018262859393684248,NORMAL,2,1.3,26.0,target,3,-0.0028993308900690084,-0.3775368799830229,0.03582089552238806,-1.5875558298782442
2025-11-06 15:48:00-05:00,2025-11-06 15:55:00-05:00,4,0.002001287332677012,NORMAL,2,1.3,26.0,target,7,-0.004182266666583306,-0.4946238079952712,0.0,-2.089788206968221
2025-11-06 15:56:00-05:00,2025-11-06 16:00:00-05:00,4,0.0023963610403091237,NORMAL,2,1.3,26.0,target,4,-0.005305829792405689,-0.5115211583787708,0.09269162210338681,-2.2141195350602314
2025-11-10 10:51:00-05:00,2025-11-10 10:52:00-05:00,4,0.0019736040468267893,NORMAL,2,1.3,26.0,target,1,-0.002454961412355877,-0.29772210754298406,0.0,-1.2438976380814715
2025-11-10 10:56:00-05:00,2025-11-10 11:01:00-05:00,4,0.00227150066428878,NORMAL,2,1.3,26.0,target,5,-0.004660300234516548,-0.4901075462690993,0.0,-2.051639388789576
2025-11-10 11:02:00-05:00,2025-11-10 11:06:00-05:00,4,0.0024128162682446504,HIGH,2,1.3,26.0,target,4,-0.005370400300982118,-0.5213746985196888,0.05388272583201268,-2.225780873439295
2025-11-10 11:07:00-05:00,2025-11-10 11:08:00-05:00,4,0.00244399271809152,HIGH,2,-1.0,-20.0,stop,1,-0.006542423119552502,-0.6362844481410108,0.0016,-2.6769405125975125
2025-11-10 11:22:00-05:00,2025-11-10 11:33:00-05:00,4,0.002400376793317999,NORMAL,2,-1.0,-20.0,stop,11,-0.0022110171924298694,-0.20535136679171634,0.07142857142857142,-0.921112551406406
2025-11-11 09:54:00-05:00,2025-11-11 09:57:00-05:00,4,0.0018624382130123613,NORMAL,2,-1.0,-20.0,stop,3,-0.002040175717927812,-0.17904048474702589,0.0,-1.0954326987460017
2025-11-12 14:29:00-05:00,2025-11-12 14:42:00-05:00,4,0.0015484280909492808,NORMAL,2,-1.0,-20.0,stop,13,-0.0014796836370780525,-0.21583723588273473,0.0,-0.9556037156177632
2025-11-13 09:31:00-05:00,2025-11-13 09:35:00-05:00,4,0.0020126244476190735,NORMAL,2,1.3,26.0,target,4,-0.0017581440086999718,-0.267858803104205,0.0,-0.8735579113032483
2025-11-14 12:50:00-05:00,2025-11-14 12:52:00-05:00,4,0.0026423286732134054,HIGH,2,1.3,26.0,target,2,-0.0026479689870458458,-0.2281834115068101,0.0,-1.0021345996391815
2025-11-14 15:19:00-05:00,2025-11-14 15:22:00-05:00,4,0.002186981062540602,NORMAL,2,1.3,26.0,target,3,-0.0019754014964103814,-0.1903836492214638,0.0,-0.9032549619408089
2025-11-14 15:23:00-05:00,2025-11-14 15:27:00-05:00,4,0.002287823020478438,NORMAL,2,-1.0,-20.0,stop,4,-0.004078248961460844,-0.3966832158519098,0.0,-1.782589354576905
2025-11-14 15:37:00-05:00,2025-11-14 15:41:00-05:00,4,0.0022054681132350163,NORMAL,2,1.3,26.0,target,4,-0.0030863615291619683,-0.3255674427545449,0.102803738317757,-1.399413353854771
2025-11-14 15:42:00-05:00,2025-11-14 15:46:00-05:00,4,0.002108363589686591,NORMAL,2,-1.0,-20.0,stop,4,-0.0031883514511981594,-0.3506631764075437,0.0,-1.5122398559691068
2025-11-14 15:48:00-05:00,2025-11-14 15:50:00-05:00,4,0.0022312457276514133,NORMAL,2,1.3,26.0,target,2,-0.0028451201786571473,-0.29637494683183563,0.0,-1.2751263311781853
2025-11-17 09:31:00-05:00,2025-11-17 09:32:00-05:00,4,0.0019605269252034345,NORMAL,2,-1.0,-20.0,stop,1,-0.003630665767818422,-0.3485128543736275,0.0,-1.8518826347879336
2025-11-17 12:38:00-05:00,2025-11-17 12:41:00-05:00,4,0.001891840011985133,NORMAL,2,1.3,26.0,target,3,-0.0020859374107825607,-0.2442279390363092,0.0,-1.1025971528077358
2025-11-17 12:42:00-05:00,2025-11-17 12:44:00-05:00,4,0.0020192400795375964,NORMAL,2,-1.0,-20.0,stop,2,-0.003191397762039141,-0.345627755048527,0.0,-1.5804944614460936
2025-11-17 12:45:00-05:00,2025-11-17 12:46:00-05:00,4,0.002143471534799867,NORMAL,2,1.3,26.0,target,1,-0.0034677787790638004,-0.3564404209635749,0.0,-1.6178329045958535
2025-11-17 12:47:00-05:00,2025-11-17 12:50:00-05:00,4,0.0023751543703818124,NORMAL,2,-1.0,-20.0,stop,3,-0.004109777086168828,-0.3895274402143953,0.07674418604651163,-1.7303199898995074
2025-11-17 12:51:00-05:00,2025-11-17 12:53:00-05:00,4,0.002546450359996679,HIGH,2,1.3,26.0,target,2,-0.003786053327032731,-0.3311608749839193,0.020930232558139535,-1.4867964388819535
2025-11-17 12:54:00-05:00,2025-11-17 12:58:00-05:00,4,0.0025615194695688616,HIGH,2,1.3,26.0,target,4,-0.004703431717636064,-0.4122821007158427,0.06666666666666667,-1.8361881584400823
2025-11-17 13:16:00-05:00,2025-11-17 13:17:00-05:00,4,0.0025190061799583692,HIGH,2,-1.0,-20.0,stop,1,-0.00318613411829472,-0.2895608317374142,0.04316546762589928,-1.2648377537316626
2025-11-17 15:00:00-05:00,2025-11-17 15:06:00-05:00,4,0.002412716908184803,HIGH,2,-1.0,-20.0,stop,6,-0.00443786972973329,-0.39757057328668,0.0,-1.8393661165462225
2025-11-24 14:33:00-05:00,2025-11-24 14:39:00-05:00,4,0.0011782233568061594,NORMAL,2,-1.0,-20.0,stop,6,-0.0013103429612454508,-0.25014389934015974,0.0,-1.1121345996716883
2025-11-24 14:45:00-05:00,2025-11-24 15:00:00-05:00,4,0.0012191817459200473,NORMAL,2,0.1,2.0,timeout,15,-0.0013795227451909,-0.25597124037153485,0.11242603550295859,-1.1315152558733994
2025-11-25 09:31:00-05:00,2025-11-25 09:32:00-05:00,4,0.0016788553510382095,NORMAL,2,-1.0,-20.0,stop,1,-0.00220996765039938,-0.3057805581692074,0.0,-1.3163538175178278
2025-11-25 14:17:00-05:00,2025-11-25 14:20:00-05:00,4,0.0013296432285997278,NORMAL,2,1.3,26.0,target,3,-0.0013556908924567577,-0.23433754946728957,0.0,-1.0195899646587612
2025-11-25 14:21:00-05:00,2025-11-25 14:36:00-05:00,4,0.0012866240914133009,NORMAL,2,-0.0375,-0.75,timeout,15,-0.0028103248388769196,-0.5299379249575474,0.0036363636363636364,-2.184262565602902
2025-11-25 14:37:00-05:00,2025-11-25 14:52:00-05:00,4,0.001291811389742577,NORMAL,2,-1.0,-20.0,stop,15,-0.0022377576322260106,-0.40349056522546894,0.0,-1.732263432568074
2025-11-26 12:09:00-05:00,2025-11-26 12:12:00-05:00,4,0.001283352363367283,NORMAL,2,-1.0,-20.0,stop,3,-0.0011526928373394112,-0.2100807516178013,0.0,-0.8981888920319241
2025-11-26 12:14:00-05:00,2025-11-26 12:25:00-05:00,4,0.0014251911916345033,NORMAL,2,-1.0,-20.0,stop,11,-0.0018649162043285208,-0.3065358871765656,0.06976744186046512,-1.3085375599253541
2025-11-26 13:45:00-05:00,2025-11-26 13:49:00-05:00,4,0.0018250656891148822,NORMAL,2,-1.0,-20.0,stop,4,-0.001515574032541965,-0.1950516255803513,0.0,-0.8304216344546952
2025-11-26 15:48:00-05:00,2025-11-26 15:55:00-05:00,4,0.0009688310791602129,LOW,2,1.3,26.0,target,7,-0.0011328679369704939,-0.27619054357963135,0.0,-1.1693141986655393
2025-11-26 16:00:00-05:00,2025-11-26 16:01:00-05:00,4,0.0013786263649134968,NORMAL,2,-1.0,-20.0,stop,1,-0.0019157468472752624,-0.3590095863521904,0.0,-1.3896055494306956
2025-11-28 11:28:00-05:00,2025-11-28 11:30:00-05:00,4,0.001295719745131415,NORMAL,2,-1.0,-20.0,stop,2,-0.0010237361410054917,-0.19144551419867983,0.0,-0.7900907158759566
2025-11-28 12:40:00-05:00,2025-11-28 12:51:00-05:00,4,0.0011425561616624717,NORMAL,2,-1.0,-20.0,stop,11,-0.0012755911075038621,-0.25440370110348126,0.0,-1.116436242090558
2025-12-01 14:16:00-05:00,2025-12-01 14:24:00-05:00,4,0.0011812987715795562,NORMAL,2,1.3,26.0,target,8,-0.001195922339533449,-0.2485725500418485,0.0,-1.0123792289518248
2025-12-01 14:25:00-05:00,2025-12-01 14:33:00-05:00,4,0.0012515431626684784,NORMAL,2,1.3,26.0,target,8,-0.0029765400755285016,-0.5689302384507063,0.01466275659824047,-2.378295982363141
2025-12-01 14:34:00-05:00,2025-12-01 14:37:00-05:00,4,0.0014978889384810255,NORMAL,2,-1.0,-20.0,stop,3,-0.0036212172582895745,-0.55511730088047,0.07225433526011561,-2.417547232815383
2025-12-01 14:46:00-05:00,2025-12-01 15:01:00-05:00,4,0.0018580107618043845,NORMAL,2,-0.0875,-1.75,timeout,15,-0.0024058960901114012,-0.2861054256627541,0.09523809523809523,-1.2948773707720318
2025-12-02 12:56:00-05:00,2025-12-02 12:58:00-05:00,4,0.0015561554913344534,NORMAL,2,1.3,26.0,target,2,-0.0012875808331971473,-0.19900491892898417,0.0,-0.8274114253794814
2025-12-02 12:59:00-05:00,2025-12-02 13:03:00-05:00,4,0.0016396630599861094,NORMAL,2,-1.0,-20.0,stop,4,-0.0034953390769790413,-0.5183022865584103,0.0,-2.1317422843011737
2025-12-02 15:55:00-05:00,2025-12-02 15:58:00-05:00,4,0.0011614001949328927,NORMAL,2,-1.0,-20.0,stop,3,-0.0014303388861952866,-0.281484795949083,0.0,-1.2315641864326823
2025-12-02 16:02:00-05:00,2025-12-02 16:17:00-05:00,4,0.001350377844979762,NORMAL,2,-0.2875,-5.75,timeout,15,-0.0019324237633715955,-0.31639988424123144,0.0,-1.4310244873726854
2025-12-03 11:11:00-05:00,2025-12-03 11:18:00-05:00,4,0.00212933544934951,NORMAL,2,-1.0,-20.0,stop,7,-0.0018688607812736779,-0.18657750262843323,0.0,-0.8776732580320286
2025-12-03 16:02:00-05:00,2025-12-03 16:17:00-05:00,4,0.0011325088377849952,NORMAL,2,-0.1875,-3.75,timeout,15,-0.0010899078515419587,-0.27362248767051806,0.030534351145038167,-0.962383528656291
2025-12-04 11:05:00-05:00,2025-12-04 11:07:00-05:00,4,0.0019178549322840155,NORMAL,2,1.3,26.0,target,2,-0.0024204647489032695,-0.2972119883418767,0.0,-1.2620687353139295
2025-12-04 12:30:00-05:00,2025-12-04 12:37:00-05:00,4,0.0013153957866671809,NORMAL,2,-1.0,-20.0,stop,7,-0.0015940261220990602,-0.25502639080100264,0.0,-1.2118224326518827
2025-12-04 13:08:00-05:00,2025-12-04 13:11:00-05:00,4,0.0014658469296528077,NORMAL,2,-1.0,-20.0,stop,3,-0.0017984746824617399,-0.29161754283282804,0.0,-1.2269184770115913
2025-12-04 14:01:00-05:00,2025-12-04 14:16:00-05:00,4,0.00109087807574416,LOW,2,0.5,10.0,timeout,15,-0.0010051417709435126,-0.21136291279750444,0.06428571428571428,-0.9214061527983675
2025-12-04 14:17:00-05:00,2025-12-04 14:20:00-05:00,4,0.001053854555128203,LOW,2,1.3,26.0,target,3,-0.001015557459020822,-0.2239527843648576,0.0,-0.9636599795284634
2025-12-04 15:07:00-05:00,2025-12-04 15:12:00-05:00,4,0.0016081287199465456,NORMAL,2,-1.0,-20.0,stop,5,-0.001364263291833724,-0.21019259664310244,0.0,-0.8483545346289644
2025-12-05 10:43:00-05:00,2025-12-05 10:47:00-05:00,4,0.001550355606466077,NORMAL,2,1.3,26.0,target,4,-0.001264598131760491,-0.18970831090811646,0.011627906976744186,-0.8156826256416426
2025-12-05 10:52:00-05:00,2025-12-05 10:53:00-05:00,4,0.0020421938380169114,NORMAL,2,1.3,26.0,target,1,-0.00256975882138022,-0.28953319574960323,0.0,-1.2583324724334712
2025-12-05 11:31:00-05:00,2025-12-05 11:32:00-05:00,4,0.0023827652837829184,NORMAL,2,1.3,26.0,target,1,-0.00275209226733697,-0.27339988424277323,0.0,-1.1549993136410406
2025-12-05 14:01:00-05:00,2025-12-05 14:16:00-05:00,4,0.0010728797977916876,LOW,2,-0.4875,-9.75,timeout,15,-0.0010771303214907244,-0.2222156110117912,0.0,-1.003961789296234
2025-12-05 14:24:00-05:00,2025-12-05 14:27:00-05:00,4,0.0009831835951029271,LOW,2,-1.0,-20.0,stop,3,-0.0010008276909847494,-0.24647083220146154,0.0,-1.0179458810843718
2025-12-05 15:28:00-05:00,2025-12-05 15:43:00-05:00,4,0.0009283170576222349,LOW,2,0.0875,1.75,timeout,15,-0.0009620843335490203,-0.22520494583978679,0.07964601769911504,-1.0363747231072926
2025-12-05 15:47:00-05:00,2025-12-05 15:52:00-05:00,4,0.0010439794809777654,LOW,2,1.3,26.0,target,5,-0.000991399928160398,-0.21066810555740748,0.0,-0.9496354537848553
2025-12-08 10:26:00-05:00,2025-12-08 10:29:00-05:00,4,0.001885304045159751,NORMAL,2,-1.0,-20.0,stop,3,-0.002993135352017965,-0.35569178052037276,0.0,-1.5876141356098041
2025-12-08 11:00:00-05:00,2025-12-08 11:02:00-05:00,4,0.0018000940869260138,NORMAL,2,1.3,26.0,target,2,-0.001445741579781759,-0.18253627443802728,0.068,-0.8031477855974875
2025-12-08 11:03:00-05:00,2025-12-08 11:06:00-05:00,4,0.0019187744452743246,NORMAL,2,-1.0,-20.0,stop,3,-0.0029700509769418565,-0.3721632365198686,0.0,-1.5478895835082025
2025-12-08 12:01:00-05:00,2025-12-08 12:08:00-05:00,4,0.0015263345845349834,NORMAL,2,-1.0,-20.0,stop,7,-0.001698924101868073,-0.26271354380252626,0.0,-1.1130744982664933
2025-12-08 13:28:00-05:00,2025-12-08 13:31:00-05:00,4,0.001402354098139278,NORMAL,2,1.3,26.0,target,3,-0.0011283254245720385,-0.1803342285973418,0.0,-0.8045938084176913
2025-12-08 13:32:00-05:00,2025-12-08 13:36:00-05:00,4,0.0014860805569980884,NORMAL,2,1.3,26.0,target,4,-0.001621262044129595,-0.2354584453596317,0.07722007722007722,-1.090965113899731
2025-12-08 13:43:00-05:00,2025-12-08 13:57:00-05:00,4,0.001515483687023212,NORMAL,2,1.3,26.0,target,14,-0.002682389512529832,-0.37361455502860086,0.08389261744966443,-1.769989037492521
2025-12-08 13:58:00-05:00,2025-12-08 14:13:00-05:00,4,0.0015741963129385108,NORMAL,2,0.725,14.5,timeout,15,-0.002395881777123369,-0.3315730670148114,0.0,-1.521971406889551
2025-12-08 15:06:00-05:00,2025-12-08 15:16:00-05:00,4,0.0010395517404456222,LOW,2,-1.0,-20.0,stop,10,-0.0011698565117955995,-0.23496535823247772,0.0,-1.1253470763216844
2025-12-09 11:47:00-05:00,2025-12-09 11:50:00-05:00,4,0.0011491850645512175,NORMAL,2,-1.0,-20.0,stop,3,-0.001127336089600655,-0.22119881846285985,0.03546099290780142,-0.9809874182805405
2025-12-09 12:37:00-05:00,2025-12-09 12:52:00-05:00,4,0.0008476582325952061,LOW,2,-0.3,-6.0,timeout,15,-0.0012514682316452012,-0.34943538170869276,0.0,-1.4763830321256752
2025-12-09 13:46:00-05:00,2025-12-09 13:50:00-05:00,4,0.0008896819422245038,LOW,2,-1.0,-20.0,stop,4,-0.0011169742716598077,-0.2901183208877703,0.0,-1.2554759388135905
2025-12-09 16:18:00-05:00,2025-12-09 16:33:00-05:00,4,0.0010288467267911285,LOW,2,-0.025,-0.5,timeout,15,-0.000934584009561422,-0.2160784309708384,0.0,-0.9083802137139488
2025-12-10 10:37:00-05:00,2025-12-10 10:45:00-05:00,4,0.0018003815317353077,NORMAL,2,-1.0,-20.0,stop,8,-0.0024543446468640044,-0.31609878308197487,0.0,-1.3632358495137256
2025-12-10 10:55:00-05:00,2025-12-10 11:01:00-05:00,4,0.0020989060523300324,NORMAL,2,1.3,26.0,target,6,-0.0029188071018370907,-0.31322272764703746,0.0,-1.3906325624231117
2025-12-10 11:02:00-05:00,2025-12-10 11:08:00-05:00,4,0.002343830207756788,NORMAL,2,-1.0,-20.0,stop,6,-0.003568720935263372,-0.3320979056981862,0.0,-1.5226021592574708
2025-12-10 12:30:00-05:00,2025-12-10 12:38:00-05:00,4,0.001201514875220253,NORMAL,2,-1.0,-20.0,stop,8,-0.001033072904202097,-0.18414675885566673,0.10948905109489052,-0.8598086677975765
2025-12-10 13:23:00-05:00,2025-12-10 13:27:00-05:00,4,0.0011660872286232723,NORMAL,2,1.3,26.0,target,4,-0.000936343214040917,-0.17938490603409576,0.0,-0.8029787061010865
2025-12-10 13:28:00-05:00,2025-12-10 13:37:00-05:00,4,0.0012043122192305134,NORMAL,2,-1.0,-20.0,stop,9,-0.002037516094891389,-0.4066652887904785,0.08560311284046693,-1.691850387595706
2025-12-10 15:52:00-05:00,2025-12-10 16:00:00-05:00,4,0.0017279990748731485,NORMAL,2,1.3,26.0,target,8,-0.0014656087532952593,-0.1984657142113488,0.0,-0.8481536677922404
2025-12-10 16:02:00-05:00,2025-12-10 16:09:00-05:00,4,0.0016325816474170901,NORMAL,2,1.3,26.0,target,7,-0.0020518531399109727,-0.28550784335358487,0.0,-1.2568150224873669
2025-12-11 15:20:00-05:00,2025-12-11 15:32:00-05:00,4,0.0009515486573637907,LOW,2,1.3,26.0,target,12,-0.0009437778777923275,-0.24869457780990165,0.046296296296296294,-0.9918335447049111
2025-12-11 15:33:00-05:00,2025-12-11 15:48:00-05:00,4,0.0008887542940202481,LOW,2,-0.3,-6.0,timeout,15,-0.001243128023983032,-0.30646132447844804,0.02962962962962963,-1.398730821721026
